Workbook

Sheet Overview
A2: Model: | B2: H998192
A3: Version: | B3: 2.0.0.0
A5: Coin | B5: Coin in | C5: Pay Back (%) | D5: Simulate Round
A6: 100 | B6: 1 | C6: =B13+B14 -> 0.92000243 | D6: 100000000
A7: {=A6*B7:B9} -> 125 | B7: 1.25 | C7: =B18+B19 -> 0.91995941
A8: 10000 | B8: 100 | C8: =B23+B24 -> 0.92499137
A9: 50000 | B9: 500 | C9: =B28+B29 -> 0.92498006
A11: The Normal Bet Total Pay Back Percentage includes the following adjustments.
A12: Coin | B12: Pay Back | C12: Hit% | D12: Pulls/Hit | E12: Description
A13: =A6 -> 100 | B13: =Multiplier_Weight_Oldhand!C7 -> 0.7550351 | C13: - | D13: - | E13: Base Game
B14: =Multiplier_Weight_Oldhand!D7 -> 0.16496733 | C14: =1/Multiplier_Weight_Oldhand!G7 -> 0.001999942 | D14: =1/C14 -> 500.0145 | E14: Free Game
A16: The Extra Bet Total Pay Back Percentage includes the following adjustments.
A17: Coin | B17: Pay Back | C17: Hit% | D17: Pulls/Hit | E17: Description
A18: =A7 -> 125 | B18: =Multiplier_Weight_Oldhand!C8 -> 0.61294967 | C18: - | D18: - | E18: Base Game
B19: =Multiplier_Weight_Oldhand!D8 -> 0.30700974 | C19: =1/Multiplier_Weight_Oldhand!G8 -> 0.004652449 | D19: =1/C19 -> 214.94056 | E19: Free Game
A21: The Buy Feature Total Pay Back Percentage includes the following adjustments.
A22: Coin | B22: Pay Back | C22: Hit% | D22: Pulls/Hit | E22: Description
A23: =A8 -> 10000 | B23: =Multiplier_Weight_Oldhand!C9 -> 0.033142974 | C23: - | D23: - | E23: Base Game
B24: =Multiplier_Weight_Oldhand!D9 -> 0.8918484 | C24: - | D24: - | E24: Free Game
A26: The Super Feature Total Pay Back Percentage includes the following adjustments.
A27: Coin | B27: Pay Back | C27: Hit% | D27: Pulls/Hit | E27: Description
A28: =A9 -> 50000 | B28: =Multiplier_Weight_Oldhand!C10 -> 0.0066285948 | C28: - | D28: - | E28: Base Game
B29: =Multiplier_Weight_Oldhand!D10 -> 0.91835147 | C29: - | D29: - | E29: Free Game
A32: Reel # | B32: 1 | C32: 2 | D32: 3 | E32: 4 | F32: 5 | G32: 6
A33: Visible Window Size | B33: 5 | C33: 5 | D33: 5 | E33: 5 | F33: 5 | G33: 5
A36: Feature Description
A37: 1. Base Game中，為5x6的盤面，任一Symbol在盤面上超過8顆即可消除。消除所有贏分的標誌後，剩餘標誌往下掉落。 2. 初始盤面為輪帶滾停，消除後依照輪帶Symbol順序掉落 3. 每一滾輪皆有機會出現C1，連線消除後也有機會出現C1。當無得分時，當盤面上出現四個以上的C1，則觸發免費遊戲。四個C1、五個C1與六個C1皆可獲得10場免費遊戲。
A43: Free Spins Setting
A44: C1 Num | B44: Add Free Spin
A45: 4 | B45: 10
A46: 5 | B46: 10
A47: 6 | B47: 10
A49: Retrigger Setting
A50: C1 Num | B50: Add Free Spin
A51: 3 | B51: 5
A52: 4 | B52: 5
A53: 5 | B53: 5
A54: 6 | B54: 5
A56: ="All wins show for "&A6&" credit bet." -> All wins show for 100 credit bet.
A57: Symbol | B57: Description | C57: 4 | D57: 5 | E57: 6 | F57: 8~9 | G57: 10~11 | H57: 12+ | I57: Id
A58: WW | B58: Wild | C58: 0 | D58: 0 | E58: 0 | F58: 0 | G58: 0 | H58: 0 | I58: 0
A59: C1 | B59: Scatter | C59: 300 | D59: 500 | E59: 10000 | F59: 0 | G59: 0 | H59: 0 | I59: 1
A60: C2 | B60: Multiplier | C60: 0 | D60: 0 | E60: 0 | F60: 0 | G60: 0 | H60: 0 | I60: 2
A61: M1 | B61: Heart | C61: 0 | D61: 0 | E61: 0 | F61: 1000 | G61: 2500 | H61: 5000 | I61: 3
A62: M2 | B62: Square | C62: 0 | D62: 0 | E62: 0 | F62: 250 | G62: 1000 | H62: 2500 | I62: 4
A63: M3 | B63: pentagon | C63: 0 | D63: 0 | E63: 0 | F63: 200 | G63: 500 | H63: 1500 | I63: 5
A64: M4 | B64: Rectangle | C64: 0 | D64: 0 | E64: 0 | F64: 150 | G64: 200 | H64: 1200 | I64: 6
A65: A | B65: Apples | C65: 0 | D65: 0 | E65: 0 | F65: 100 | G65: 150 | H65: 1000 | I65: 7
A66: K | B66: Peaches | C66: 0 | D66: 0 | E66: 0 | F66: 80 | G66: 120 | H66: 800 | I66: 8
A67: Q | B67: Watermelon | C67: 0 | D67: 0 | E67: 0 | F67: 50 | G67: 100 | H67: 500 | I67: 9
A68: J | B68: Grapes | C68: 0 | D68: 0 | E68: 0 | F68: 40 | G68: 90 | H68: 400 | I68: 10
A69: TE | B69: Bananas | C69: 0 | D69: 0 | E69: 0 | F69: 25 | G69: 75 | H69: 200 | I69: 11
A72: COPYRIGHT © 2025 JUMBO GAMES TECHNOLOGY CO., LTD. ALL RIGHTS RESERVED.

Sheet Description
B3: 1. 遊戲盤面為5X6
B5: 2. 消除條件為 Symbol 總數超過8顆即可消除
B7: 3. 消除掉落依照輪帶順序掉落
B9: 4. 單一輪帶只會出現一顆 C1，若掉落時遇到下一顆 C1 需跳過
B11: 5. Normal Bet BG 使用兩張表，選表權重如下
C13: Table | D13: Weight
C14: Symbol-1 | D14: {=Parameter!C6:C8} -> 1
C15: Symbol-2 | D15: 0
C16: Symbol-3 | D16: 0
B19: 6. Extra Bet BG 使用兩張表，選表權重如下
C21: Table | D21: Weight
C22: Symbol-1 | D22: {=Parameter!D6:D8} -> 1
C23: Symbol-2 | D23: 0
C24: Symbol-3 | D24: 0
B27: 7. FG 乘倍符號於輪帶中，乘倍數字依權重產生
B29: 8. 當盤面無法消除時，將盤面上的乘倍符號倍數加總乘上此次 Spin 分數即為總贏分
B31: 9. 在 Normal Bet 與 Extra Bet 中進入的 FG 使用高低表，場次由權重決定，Retrigger 增加1場高表4場低表，最大場次為50場
C33: 高表場次 | D33: 低表場次 | E33: Weight
C34: 0 | D34: 10 | E34: {=Parameter!D12:D22} -> 0
C35: 1 | D35: 9 | E35: 0
C36: 2 | D36: 8 | E36: 1
C37: 3 | D37: 7 | E37: 0
C38: 4 | D38: 6 | E38: 0
C39: 5 | D39: 5 | E39: 0
C40: 6 | D40: 4 | E40: 0
C41: 7 | D41: 3 | E41: 0
C42: 8 | D42: 2 | E42: 0
C43: 9 | D43: 1 | E43: 0
C44: 10 | D44: 0 | E44: 0
B47: 10. 在 Feature Buy 中進入的 FG 使用高低表，場次由權重決定，Retrigger 增加1場高表4場低表，最大場次為50場
C49: 高表場次 | D49: 低表場次 | E49: Weight
C50: 0 | D50: 10 | E50: {=Parameter!E12:E22} -> 0
C51: 1 | D51: 9 | E51: 0
C52: 2 | D52: 8 | E52: 1
C53: 3 | D53: 7 | E53: 0
C54: 4 | D54: 6 | E54: 0
C55: 5 | D55: 5 | E55: 0
C56: 6 | D56: 4 | E56: 0
C57: 7 | D57: 3 | E57: 0
C58: 8 | D58: 2 | E58: 0
C59: 9 | D59: 1 | E59: 0
C60: 10 | D60: 0 | E60: 0
B62: 10. 在 Super Feature Buy 中進入的 FG 使用高低表，場次由權重決定，Retrigger 增加1場高表4場低表，最大場次為50場
C64: 高表場次 | D64: 低表場次 | E64: Weight
C65: 0 | D65: 10 | E65: {=Parameter!F12:F22} -> 0
C66: 1 | D66: 9 | E66: 0
C67: 2 | D67: 8 | E67: 1
C68: 3 | D68: 7 | E68: 0
C69: 4 | D69: 6 | E69: 0
C70: 5 | D70: 5 | E70: 0
C71: 6 | D71: 4 | E71: 0
C72: 7 | D72: 3 | E72: 0
C73: 8 | D73: 2 | E73: 0
C74: 9 | D74: 1 | E74: 0
C75: 10 | D75: 0 | E75: 0
B78: 11. Feature Buy 收取75倍Bet可直接獲得免費遊戲
B80: 12. Extra Bet 額外收取25% 押注,且在Extra Bet模式無法購買免費遊戲
B82: 13. Free Game 中，單一輪只會出現一顆C2，若掉落時遇到下一顆C2需跳過
B84: 14. Free Game 中使用權重輪帶，其餘未使用的輪帶皆有新增全為1的權重輪帶
B86: 15. 任務系統-卡片系統使用 Feature Buy 的 Free Game
B88: 16. Table 使用說明
C90: Table Name | G90: Table Name
C91: Base Game Symbol (1)
C92: Base Game Symbol (2)
C93: Base Game Symbol (3)
C94: Base Game Symbol (4) | G94: Feature Buy / Super Feature Buy Use
C95: Extra Bet Symbol (1)
C96: Extra Bet Symbol (2)
C97: Extra Bet Symbol (3)
C98: Free Game Symbol (1) | G98: Low
C99: Free Game Symbol (2) | G99: High
C100: Feature Buy Symbol (1) | G100: Low
C101: Feature Buy Symbol (2) | G101: High
C102: Super Feature Buy Symbol (1) | G102: Low
C103: Super Feature Buy Symbol (2) | G103: High

Sheet Parameter
A3: 1
A4: {=_xlfn.LET(_xlpm.x, CHOOSE(A3, A44:H83,A84:H123), IF(_xlpm.x="", "", _xlpm.x))} -> [A] | B4: Normal Bet BG 和 Extra Bet 選表的權重如下
B5: Table | C5: Normal Bet | D5: Extra Bet
B6: Symbol-1 | C6: 1 | D6: 1
B7: Symbol-2 | C7: 0 | D7: 0
B8: Symbol-3 | C8: 0 | D8: 0
B10: Normal / Extra Bet 和 Feature Buy，幾張高表、幾張低表權重如下
B11: 高表場次 | C11: 低表場次 | D11: Normal / Extra Bet | E11: Feature Buy | F11: Super Feature Buy
B12: 0 | C12: 10 | D12: 0 | E12: 0 | F12: 0
B13: 1 | C13: 9 | D13: 0 | E13: 0 | F13: 0
B14: 2 | C14: 8 | D14: 1 | E14: 1 | F14: 1
B15: 3 | C15: 7 | D15: 0 | E15: 0 | F15: 0
B16: 4 | C16: 6 | D16: 0 | E16: 0 | F16: 0
B17: 5 | C17: 5 | D17: 0 | E17: 0 | F17: 0
B18: 6 | C18: 4 | D18: 0 | E18: 0 | F18: 0
B19: 7 | C19: 3 | D19: 0 | E19: 0 | F19: 0
B20: 8 | C20: 2 | D20: 0 | E20: 0 | F20: 0
B21: 9 | C21: 1 | D21: 0 | E21: 0 | F21: 0
B22: 10 | C22: 0 | D22: 0 | E22: 0 | F22: 0
B24: Free Game 和 Feature Buy C2 上的倍數權重如下
B25: C2 Multiplier | C25: Weight
C26: Free Game Symbol (1) | D26: Free Game Symbol (2) | E26: Buy Feature FG Symbol (1) | F26: Buy Feature FG Symbol (2) | G26: Super Feature FG Symbol (1) | H26: Super Feature FG Symbol (2)
A27: 2 | B27: 2x | C27: 9500 | D27: 9500 | E27: 1 | F27: 1 | G27: 0 | H27: 0
A28: 3 | B28: 3x | C28: 8600 | D28: 8600 | E28: 0 | F28: 0 | G28: 0 | H28: 0
A29: 4 | B29: 4x | C29: 6200 | D29: 6200 | E29: 0 | F29: 0 | G29: 0 | H29: 0
A30: 5 | B30: 5x | C30: 7900 | D30: 7900 | E30: 0 | F30: 0 | G30: 0 | H30: 0
A31: 6 | B31: 6x | C31: 7100 | D31: 7100 | E31: 0 | F31: 0 | G31: 0 | H31: 0
A32: 8 | B32: 8x | C32: 10400 | D32: 10400 | E32: 0 | F32: 0 | G32: 0 | H32: 0
A33: 10 | B33: 10x | C33: 9900 | D33: 9900 | E33: 0 | F33: 0 | G33: 0 | H33: 0
A34: 12 | B34: 12x | C34: 9700 | D34: 9700 | E34: 0 | F34: 0 | G34: 0 | H34: 0
A35: 15 | B35: 15x | C35: 5900 | D35: 5900 | E35: 0 | F35: 0 | G35: 0 | H35: 0
A36: 20 | B36: 20x | C36: 2400 | D36: 2400 | E36: 0 | F36: 0 | G36: 407 | H36: 407
A37: 25 | B37: 25x | C37: 700 | D37: 700 | E37: 0 | F37: 0 | G37: 1010 | H37: 1010
A38: 50 | B38: 50x | C38: 900 | D38: 900 | E38: 0 | F38: 0 | G38: 254 | H38: 254
... A41: 2500 | B41: 2500x | C41: 1 | D41: 1 | E41: 0 | F41: 0 | G41: 0 | H41: 0
A44: [A] | B44: Normal Bet BG 和 Extra Bet 選表的權重如下
B45: Table | C45: Normal Bet | D45: Extra Bet
B46: Symbol-1 | C46: 1 | D46: 1
B47: Symbol-2 | C47: 0 | D47: 0
B48: Symbol-3 | C48: 0 | D48: 0
B50: Normal / Extra Bet 和 Feature Buy，幾張高表、幾張低表權重如下
B51: 高表場次 | C51: 低表場次 | D51: Normal / Extra Bet | E51: Feature Buy | F51: Super Feature Buy
B52: 0 | C52: 10 | D52: 0 | E52: 0 | F52: 0
B53: 1 | C53: 9 | D53: 0 | E53: 0 | F53: 0
B54: 2 | C54: 8 | D54: 1 | E54: 1 | F54: 1
B55: 3 | C55: 7 | D55: 0 | E55: 0 | F55: 0
B56: 4 | C56: 6 | D56: 0 | E56: 0 | F56: 0
B57: 5 | C57: 5 | D57: 0 | E57: 0 | F57: 0
B58: 6 | C58: 4 | D58: 0 | E58: 0 | F58: 0
B59: 7 | C59: 3 | D59: 0 | E59: 0 | F59: 0
B60: 8 | C60: 2 | D60: 0 | E60: 0 | F60: 0
B61: 9 | C61: 1 | D61: 0 | E61: 0 | F61: 0
B62: 10 | C62: 0 | D62: 0 | E62: 0 | F62: 0
B64: Free Game 和 Feature Buy C2 上的倍數權重如下
B65: C2 Multiplier | C65: Weight
C66: Free Game Symbol (1) | D66: Free Game Symbol (2) | E66: Buy Feature FG Symbol (1) | F66: Buy Feature FG Symbol (2) | G66: Super Feature FG Symbol (1) | H66: Super Feature FG Symbol (2)
A67: 2 | B67: 2x | C67: 9500 | D67: 9500 | E67: 1 | F67: 1 | G67: 0 | H67: 0
A68: 3 | B68: 3x | C68: 8600 | D68: 8600 | E68: 0 | F68: 0 | G68: 0 | H68: 0
A69: 4 | B69: 4x | C69: 6200 | D69: 6200 | E69: 0 | F69: 0 | G69: 0 | H69: 0
A70: 5 | B70: 5x | C70: 7900 | D70: 7900 | E70: 0 | F70: 0 | G70: 0 | H70: 0
A71: 6 | B71: 6x | C71: 7100 | D71: 7100 | E71: 0 | F71: 0 | G71: 0 | H71: 0
A72: 8 | B72: 8x | C72: 10400 | D72: 10400 | E72: 0 | F72: 0 | G72: 0 | H72: 0
A73: 10 | B73: 10x | C73: 9900 | D73: 9900 | E73: 0 | F73: 0 | G73: 0 | H73: 0
A74: 12 | B74: 12x | C74: 9700 | D74: 9700 | E74: 0 | F74: 0 | G74: 0 | H74: 0
A75: 15 | B75: 15x | C75: 5900 | D75: 5900 | E75: 0 | F75: 0 | G75: 0 | H75: 0
A76: 20 | B76: 20x | C76: 2400 | D76: 2400 | E76: 0 | F76: 0 | G76: 407 | H76: 407
A77: 25 | B77: 25x | C77: 700 | D77: 700 | E77: 0 | F77: 0 | G77: 1010 | H77: 1010
A78: 50 | B78: 50x | C78: 900 | D78: 900 | E78: 0 | F78: 0 | G78: 254 | H78: 254
... A81: 2500 | B81: 2500x | C81: 1 | D81: 1 | E81: 0 | F81: 0 | G81: 0 | H81: 0
A84: [B] | B84: Normal Bet BG 和 Extra Bet 選表的權重如下
B85: Table | C85: Normal Bet | D85: Extra Bet
B86: Symbol-1 | C86: 0 | D86: 0
B87: Symbol-2 | C87: 1 | D87: 1
B88: Symbol-3 | C88: 0 | D88: 0
B90: Normal / Extra Bet 和 Feature Buy，幾張高表、幾張低表權重如下
B91: 高表場次 | C91: 低表場次 | D91: Normal / Extra Bet | E91: Feature Buy | F91: Super Feature Buy
B92: 0 | C92: 10
B93: 1 | C93: 9 | D93: 0 | E93: 0 | F93: 0
B94: 2 | C94: 8 | D94: 0 | E94: 0 | F94: 0
B95: 3 | C95: 7 | D95: 0 | E95: 0 | F95: 0
B96: 4 | C96: 6 | D96: 0 | E96: 0 | F96: 0
B97: 5 | C97: 5 | D97: 0 | E97: 0 | F97: 0
B98: 6 | C98: 4 | D98: 0 | E98: 0 | F98: 0
B99: 7 | C99: 3 | D99: 0 | E99: 0 | F99: 0
B100: 8 | C100: 2 | D100: 1 | E100: 1 | F100: 1
B101: 9 | C101: 1 | D101: 0 | E101: 0 | F101: 0
B102: 10 | C102: 0 | D102: 0 | E102: 0 | F102: 0
B104: Free Game 和 Feature Buy C2 上的倍數權重如下
B105: C2 Multiplier | C105: Weight
C106: Free Game Symbol (1) | D106: Free Game Symbol (2) | E106: Buy Feature FG Symbol (1) | F106: Buy Feature FG Symbol (2) | G106: Super Feature FG Symbol (1) | H106: Super Feature FG Symbol (2)
A107: 2 | B107: 2x | C107: 20000 | D107: 20000 | E107: 1 | F107: 1 | G107: 0 | H107: 0
A108: 3 | B108: 3x | C108: 16000 | D108: 16000 | E108: 0 | F108: 0 | G108: 0 | H108: 0
A109: 4 | B109: 4x | C109: 12000 | D109: 12000 | E109: 0 | F109: 0 | G109: 0 | H109: 0
A110: 5 | B110: 5x | C110: 16000 | D110: 16000 | E110: 0 | F110: 0 | G110: 0 | H110: 0
A111: 6 | B111: 6x | C111: 14000 | D111: 14000 | E111: 0 | F111: 0 | G111: 0 | H111: 0
A112: 8 | B112: 8x | C112: 20000 | D112: 20000 | E112: 0 | F112: 0 | G112: 0 | H112: 0
A113: 10 | B113: 10x | C113: 20000 | D113: 40000 | E113: 0 | F113: 0 | G113: 0 | H113: 0
A114: 12 | B114: 12x | C114: 20000 | D114: 40000 | E114: 0 | F114: 0 | G114: 0 | H114: 0
A115: 15 | B115: 15x | C115: 6000 | D115: 12000 | E115: 0 | F115: 0 | G115: 0 | H115: 0
A116: 20 | B116: 20x | C116: 5000 | D116: 10000 | E116: 0 | F116: 0 | G116: 10 | H116: 10
...

Sheet Multiplier_Weight_Newbie
A2: Threshold | B2: 1000000000
A3: Coin in | B3: 500 | C3: Simulate
B6: Bet | C6: Base Game RTP | D6: Free Game RTP | E6: Total RTP | F6: Hit Rate | G6: FG Period
A7: Normal Bet | B7: {=Overview!B6:B7} -> 1 | C7: =SUM(T18:T75)/B7 -> 0.76506702 | D7: =SUM(T148:T204)/G7 -> 0.16495823 | E7: =SUM(C7:D7) -> 0.93002525 | F7: =1-S18 -> 0.39510727 | G7: =1/S75 -> 500.0145 | H7: =D7*G7 -> 82.481506
A8: Extra Bet | B8: 1.25 | C8: =SUM(T83:T140) -> 0.62299759 | D8: =D7/B8*G7/G8 -> 0.3069928 | E8: =SUM(C8:D8) -> 0.92999038 | F8: =1-S83 -> 0.39681309 | G8: =1/S140 -> 214.94056 | H8: =D8*G8 -> 65.985205
A13: Base Game
A16: Lower | B16: Upper | C16: Simulator Cnt | E16: Simulator Pay | G16: Simulator Rate | I16: Avg. Multi. | L16: Range | M16: 使用的表 | N16: Fix Num | O16: Rate | P16: Fix Rate | Q16: Final Rate | R16: Weight | S16: Hit Rate | T16: Simulator RTP | V16: 目前 | W16: 競品 | X16: 差異
C17: A | D17: B | E17: A | F17: B | G17: A | H17: B | I17: A | J17: B
A18: -1 | B18: 0 | C18: {=工作表1!D2:D59} -> 55325589 | D18: {=工作表1!I2:I59} -> 56174458 | E18: {=工作表1!F2:F59} -> 0 | F18: {=工作表1!K2:K59} -> 0 | G18: {=_xlfn.LET(_xlpm.x, C18:C74, _xlpm.x/SUM(_xlpm.x))} -> 0.55508811 | H18: {=_xlfn.LET(_xlpm.x, D18:D74, _xlpm.x/SUM(_xlpm.x))} -> 0.56355133 | I18: {=_xlfn.LET(_xlpm.x, E18:E74/C18:C74/B3, IFERROR(_xlpm.x, 0))} -> 0 | J18: {=_xlfn.LET(_xlpm.x, F18:F74/D18:D74/B3, IFERROR(_xlpm.x, 0))} -> 0 | L18: ="("&$A18&", "&$B18&"]" -> (-1, 0] | M18: B | N18: 1 | O18: =_xlfn.SINGLE(_xlfn.XLOOKUP(M18, $G$17:$H$17, G18:H18)) -> 0.56355133 | P18: {=O18:O75*N18:N75} -> 0.56355133 | Q18: {=P18:P74/SUM(_xlfn.ANCHORARRAY(P18))} -> 0.60474653 | R18: =B2-SUM(_xlfn.ANCHORARRAY(R19)) -> 604892726 | S18: {=_xlfn.LET(_xlpm.x, R18:R75, _xlpm.x/SUM(_xlpm.x))} -> 0.60489273 | T18: =_xlfn.LET(_xlpm.x, _xlfn.XLOOKUP(M18, $I$17:$J$17, I18:J18), IF(ISERROR(_xlpm.x), 0, _xlpm.x) * S18)/Overview!$B$7 -> 0 | V18: {=_xlfn.LET(_xlpm.x, R18:R75, _xlpm.x/SUM(_xlpm.x))} -> 0.60489273 | W18: 0.56983153 | X18: {=_xlfn.LET(_xlpm.x, ROUND(W18:W75/_xlfn.ANCHORARRAY(V18), 2), IFERROR(_xlpm.x, 0))} -> 0.94
A19: 0 | B19: 1 | C19: 24069989 | D19: 14293217 | E19: 6484275025 | F19: 3231900200 | G19: 0.24149702 | H19: 0.14339189 | I19: 0.53878504 | J19: 0.45222852 | L19: ="("&$A19&", "&$B19&"]" -> (0, 1] | M19: B | N19: 1.4 | O19: =_xlfn.SINGLE(_xlfn.XLOOKUP(M19, $G$17:$H$17, G19:H19)) -> 0.14339189 | P19: 0.20074864 | Q19: 0.21542322 | R19: {=INT(Q19:Q75*$B$2)} -> 215423220 | S19: 0.21542322 | T19: =_xlfn.LET(_xlpm.x, _xlfn.XLOOKUP(M19, $I$17:$J$17, I19:J19),_xlfn.SINGLE( IF(ISERROR(_xlfn.SINGLE(_xlpm.x)), 0, _xlpm.x)) * S19) -> 0.097420524 | V19: 0.21542322 | W19: 0.22894175 | X19: 1.06
A20: 1 | B20: 2 | C20: 10599327 | D20: 7577504 | E20: 7916648100 | F20: 6307987850 | G20: 0.10634429 | H20: 0.076018757 | I20: 1.493802 | J20: 1.664925 | L20: ="("&$A20&", "&$B20&"]" -> (1, 2] | M20: B | N20: 0.73 | O20: =_xlfn.SINGLE(_xlfn.XLOOKUP(M20, $G$17:$H$17, G20:H20)) -> 0.076018757 | P20: 0.055493693 | Q20: 0.059550241 | R20: 59550241 | S20: 0.059550241 | T20: =_xlfn.LET(_xlpm.x, _xlfn.XLOOKUP(M20, $I$17:$J$17, I20:J20),_xlfn.SINGLE( IF(ISERROR(_xlfn.SINGLE(_xlpm.x)), 0, _xlpm.x)) * S20) -> 0.099146684 | V20: 0.059550241 | W20: 0.0854506 | X20: 1.43
A21: 2 | B21: 3 | C21: 4317872 | D21: 8212762 | E21: 5365074350 | F21: 10557718000 | G21: 0.043321715 | H21: 0.082391769 | I21: 2.4850548 | J21: 2.5710517 | L21: ="("&$A21&", "&$B21&"]" -> (2, 3] | M21: B | N21: 0.44 | O21: =_xlfn.SINGLE(_xlfn.XLOOKUP(M21, $G$17:$H$17, G21:H21)) -> 0.082391769 | P21: 0.036252378 | Q21: 0.038902401 | R21: 38902400 | S21: 0.0389024 | T21: =_xlfn.LET(_xlpm.x, _xlfn.XLOOKUP(M21, $I$17:$J$17, I21:J21),_xlfn.SINGLE( IF(ISERROR(_xlfn.SINGLE(_xlpm.x)), 0, _xlpm.x)) * S21) -> 0.10002008 | V21: 0.0389024 | W21: 0.038785624 | X21: 1
A22: 3 | B22: 4 | C22: 2319169 | D22: 3584475 | E22: 4053262600 | F22: 6293472375 | G22: 0.023268494 | H22: 0.035960038 | I22: 3.4954439 | J22: 3.511517 | L22: ="("&$A22&", "&$B22&"]" -> (3, 4] | M22: B | N22: 0.73 | O22: =_xlfn.SINGLE(_xlfn.XLOOKUP(M22, $G$17:$H$17, G22:H22)) -> 0.035960038 | P22: 0.026250828 | Q22: 0.028169744 | R22: 28169744 | S22: 0.028169744 | T22: =_xlfn.LET(_xlpm.x, _xlfn.XLOOKUP(M22, $I$17:$J$17, I22:J22),_xlfn.SINGLE( IF(ISERROR(_xlfn.SINGLE(_xlpm.x)), 0, _xlpm.x)) * S22) -> 0.098918534 | V22: 0.028169744 | W22: 0.031936909 | X22: 1.13
A23: 4 | B23: 5 | C23: 1225076 | D23: 2870564 | E23: 2763500775 | F23: 6548399325 | G23: 0.012291331 | H23: 0.028797967 | I23: 4.5115581 | J23: 4.5624479 | L23: ="("&$A23&", "&$B23&"]" -> (4, 5] | M23: B | N23: 0.52 | O23: =_xlfn.SINGLE(_xlfn.XLOOKUP(M23, $G$17:$H$17, G23:H23)) -> 0.028797967 | P23: 0.014974943 | Q23: 0.0160696 | R23: 16069600 | S23: 0.0160696 | T23: =_xlfn.LET(_xlpm.x, _xlfn.XLOOKUP(M23, $I$17:$J$17, I23:J23),_xlfn.SINGLE( IF(ISERROR(_xlfn.SINGLE(_xlpm.x)), 0, _xlpm.x)) * S23) -> 0.073316713 | V23: 0.0160696 | W23: 0.014822717 | X23: 0.92
A24: 5 | B24: 6 | C24: 635676 | D24: 1428287 | E24: 1744656300 | F24: 3879725800 | G24: 0.0063778118 | H24: 0.014328808 | I24: 5.4891369 | J24: 5.4326978 | L24: ="("&$A24&", "&$B24&"]" -> (5, 6] | M24: B | N24: 0.6 | O24: =_xlfn.SINGLE(_xlfn.XLOOKUP(M24, $G$17:$H$17, G24:H24)) -> 0.014328808 | P24: 0.008597285 | Q24: 0.0092257403 | R24: 9225740 | S24: 0.00922574 | T24: =_xlfn.LET(_xlpm.x, _xlfn.XLOOKUP(M24, $I$17:$J$17, I24:J24),_xlfn.SINGLE( IF(ISERROR(_xlfn.SINGLE(_xlpm.x)), 0, _xlpm.x)) * S24) -> 0.050120657 | V24: 0.00922574 | W24: 0.0085792977 | X24: 0.93
A25: 6 | B25: 7 | C25: 344873 | D25: 667809 | E25: 1117022675 | F25: 2174876225 | G25: 0.0034601512 | H25: 0.0066995689 | I25: 6.4778784 | J25: 6.5134678 | L25: ="("&$A25&", "&$B25&"]" -> (6, 7] | M25: B | N25: 0.78 | O25: =_xlfn.SINGLE(_xlfn.XLOOKUP(M25, $G$17:$H$17, G25:H25)) -> 0.0066995689 | P25: 0.0052256637 | Q25: 0.005607656 | R25: 5607655 | S25: 0.005607655 | T25: =_xlfn.LET(_xlpm.x, _xlfn.XLOOKUP(M25, $I$17:$J$17, I25:J25),_xlfn.SINGLE( IF(ISERROR(_xlfn.SINGLE(_xlpm.x)), 0, _xlpm.x)) * S25) -> 0.036525281 | V25: 0.005607655 | W25: 0.0052116137 | X25: 0.93
A26: 7 | B26: 8 | C26: 180642 | D26: 448887 | E26: 679329150 | F26: 1680408050 | G26: 0.0018124023 | H26: 0.0045033076 | I26: 7.5212758 | J26: 7.4869981 | L26: ="("&$A26&", "&$B26&"]" -> (7, 8] | M26: B | N26: 1.01156 | O26: =_xlfn.SINGLE(_xlfn.XLOOKUP(M26, $G$17:$H$17, G26:H26)) -> 0.0045033076 | P26: 0.0045553659 | Q26: 0.0048883598 | R26: 4888359 | S26: 0.004888359 | T26: =_xlfn.LET(_xlpm.x, _xlfn.XLOOKUP(M26, $I$17:$J$17, I26:J26),_xlfn.SINGLE( IF(ISERROR(_xlfn.SINGLE(_xlpm.x)), 0, _xlpm.x)) * S26) -> 0.036599134 | V26: 0.004888359 | W26: 0.003414425 | X26: 0.7
A27: 8 | B27: 9 | C27: 115360 | D27: 203025 | E27: 490405250 | F27: 858801925 | G27: 0.0011574204 | H27: 0.0020367799 | I27: 8.5021715 | J27: 8.4600608 | L27: ="("&$A27&", "&$B27&"]" -> (8, 9] | M27: B | N27: 1.26445 | O27: =_xlfn.SINGLE(_xlfn.XLOOKUP(M27, $G$17:$H$17, G27:H27)) -> 0.0020367799 | P27: 0.0025754064 | Q27: 0.0027636667 | R27: 2763666 | S27: 0.002763666 | T27: =_xlfn.LET(_xlpm.x, _xlfn.XLOOKUP(M27, $I$17:$J$17, I27:J27),_xlfn.SINGLE( IF(ISERROR(_xlfn.SINGLE(_xlpm.x)), 0, _xlpm.x)) * S27) -> 0.023380782 | V27: 0.002763666 | W27: 0.0021115215 | X27: 0.76
A28: 9 | B28: 10 | C28: 110733 | D28: 809720 | E28: 536395525 | F28: 4017884675 | G28: 0.0011109972 | H28: 0.0081232432 | I28: 9.688088 | J28: 9.9241335 | L28: ="("&$A28&", "&$B28&"]" -> (9, 10] | M28: B | N28: 0.465 | O28: =_xlfn.SINGLE(_xlfn.XLOOKUP(M28, $G$17:$H$17, G28:H28)) -> 0.0081232432 | P28: 0.0037773081 | Q28: 0.0040534266 | R28: 4053426 | S28: 0.004053426 | T28: =_xlfn.LET(_xlpm.x, _xlfn.XLOOKUP(M28, $I$17:$J$17, I28:J28),_xlfn.SINGLE( IF(ISERROR(_xlfn.SINGLE(_xlpm.x)), 0, _xlpm.x)) * S28) -> 0.040226741 | V28: 0.004053426 | W28: 0.0020624435 | X28: 0.51
A29: 10 | B29: 15 | C29: 368403 | D29: 2617397 | E29: 2180791300 | F29: 15386252675 | G29: 0.0036962304 | H29: 0.026258154 | I29: 11.839161 | J29: 11.756912 | L29: ="("&$A29&", "&$B29&"]" -> (10, 15] | M29: B | N29: 0.3 | O29: =_xlfn.SINGLE(_xlfn.XLOOKUP(M29, $G$17:$H$17, G29:H29)) -> 0.026258154 | P29: 0.0078774462 | Q29: 0.0084532818 | R29: 8453281 | S29: 0.008453281 | T29: =_xlfn.LET(_xlpm.x, _xlfn.XLOOKUP(M29, $I$17:$J$17, I29:J29),_xlfn.SINGLE( IF(ISERROR(_xlfn.SINGLE(_xlpm.x)), 0, _xlpm.x)) * S29) -> 0.099384478 | V29: 0.008453281 | W29: 0.0057070676 | X29: 0.68
A30: 15 | B30: 20 | C30: 40589 | D30: 376908 | E30: 337397050 | F30: 3135325925 | G30: 0.00040723419 | H30: 0.0037812026 | I30: 16.625049 | J30: 16.637089 | L30: ="("&$A30&", "&$B30&"]" -> (15, 20] | M30: B | N30: 0 | O30: =_xlfn.SINGLE(_xlfn.XLOOKUP(M30, $G$17:$H$17, G30:H30)) -> 0.0037812026 | P30: 0 | Q30: 0 | R30: 0 | S30: 0 | T30: =_xlfn.LET(_xlpm.x, _xlfn.XLOOKUP(M30, $I$17:$J$17, I30:J30),_xlfn.SINGLE( IF(ISERROR(_xlfn.SINGLE(_xlpm.x)), 0, _xlpm.x)) * S30) -> 0 | V30: 0 | W30: 0.0009897392 | X30: 0
A31: 20 | B31: 25 | C31: 5841 | D31: 138274 | E31: 65928150 | F31: 1616441950 | G31: 5.8603437e-05 | H31: 0.0013871873 | I31: 22.574268 | J31: 23.380273 | L31: ="("&$A31&", "&$B31&"]" -> (20, 25] | M31: B | N31: 0 | O31: =_xlfn.SINGLE(_xlfn.XLOOKUP(M31, $G$17:$H$17, G31:H31)) -> 0.0013871873 | P31: 0 | Q31: 0 | R31: 0 | S31: 0 | T31: =_xlfn.LET(_xlpm.x, _xlfn.XLOOKUP(M31, $I$17:$J$17, I31:J31),_xlfn.SINGLE( IF(ISERROR(_xlfn.SINGLE(_xlpm.x)), 0, _xlpm.x)) * S31) -> 0 | V31: 0 | W31: 0.00030965866 | X31: 0
... A54: 550 | B54: 600 | C54: 0 | D54: 0 | E54: 0 | F54: 0 | G54: 0 | H54: 0 | I54: 0 | J54: 0 | L54: ="("&$A54&", "&$B54&"]" -> (550, 600] | M54: B | N54: 0 | O54: =_xlfn.SINGLE(_xlfn.XLOOKUP(M54, $G$17:$H$17, G54:H54)) -> 0 | P54: 0 | Q54: 0 | R54: 0 | S54: 0 | T54: =_xlfn.LET(_xlpm.x, _xlfn.XLOOKUP(M54, $I$17:$J$17, I54:J54),_xlfn.SINGLE( IF(ISERROR(_xlfn.SINGLE(_xlpm.x)), 0, _xlpm.x)) * S54) -> 0 | V54: 0 | W54: 2.3370465e-06 | X54: 0
A55: 600 | B55: 650 | C55: 0 | D55: 0 | E55: 0 | F55: 0 | G55: 0 | H55: 0 | I55: 0 | J55: 0 | L55: ="("&$A55&", "&$B55&"]" -> (600, 650] | M55: B | N55: 0 | O55: =_xlfn.SINGLE(_xlfn.XLOOKUP(M55, $G$17:$H$17, G55:H55)) -> 0 | P55: 0 | Q55: 0 | R55: 0 | S55: 0 | T55: =_xlfn.LET(_xlpm.x, _xlfn.XLOOKUP(M55, $I$17:$J$17, I55:J55),_xlfn.SINGLE( IF(ISERROR(_xlfn.SINGLE(_xlpm.x)), 0, _xlpm.x)) * S55) -> 0 | V55: 0 | X55: 0
A56: 650 | B56: 700 | C56: 0 | D56: 0 | E56: 0 | F56: 0 | G56: 0 | H56: 0 | I56: 0 | J56: 0 | L56: ="("&$A56&", "&$B56&"]" -> (650, 700] | M56: B | N56: 0 | O56: =_xlfn.SINGLE(_xlfn.XLOOKUP(M56, $G$17:$H$17, G56:H56)) -> 0 | P56: 0 | Q56: 0 | R56: 0 | S56: 0 | T56: =_xlfn.LET(_xlpm.x, _xlfn.XLOOKUP(M56, $I$17:$J$17, I56:J56),_xlfn.SINGLE( IF(ISERROR(_xlfn.SINGLE(_xlpm.x)), 0, _xlpm.x)) * S56) -> 0 | V56: 0 | W56: 1.1685233e-06 | X56: 0
A57: 700 | B57: 750 | C57: 0 | D57: 0 | E57: 0 | F57: 0 | G57: 0 | H57: 0 | I57: 0 | J57: 0 | L57: ="("&$A57&", "&$B57&"]" -> (700, 750] | M57: B | N57: 0 | O57: =_xlfn.SINGLE(_xlfn.XLOOKUP(M57, $G$17:$H$17, G57:H57)) -> 0 | P57: 0 | Q57: 0 | R57: 0 | S57: 0 | T57: =_xlfn.LET(_xlpm.x, _xlfn.XLOOKUP(M57, $I$17:$J$17, I57:J57),_xlfn.SINGLE( IF(ISERROR(_xlfn.SINGLE(_xlpm.x)), 0, _xlpm.x)) * S57) -> 0 | V57: 0 | X57: 0
A58: 750 | B58: 800 | C58: 0 | D58: 0 | E58: 0 | F58: 0 | G58: 0 | H58: 0 | I58: 0 | J58: 0 | L58: ="("&$A58&", "&$B58&"]" -> (750, 800] | M58: B | N58: 0 | O58: =_xlfn.SINGLE(_xlfn.XLOOKUP(M58, $G$17:$H$17, G58:H58)) -> 0 | P58: 0 | Q58: 0 | R58: 0 | S58: 0 | T58: =_xlfn.LET(_xlpm.x, _xlfn.XLOOKUP(M58, $I$17:$J$17, I58:J58),_xlfn.SINGLE( IF(ISERROR(_xlfn.SINGLE(_xlpm.x)), 0, _xlpm.x)) * S58) -> 0 | V58: 0 | W58: 3.5055698e-06 | X58: 0
A59: 800 | B59: 850 | C59: 0 | D59: 0 | E59: 0 | F59: 0 | G59: 0 | H59: 0 | I59: 0 | J59: 0 | L59: ="("&$A59&", "&$B59&"]" -> (800, 850] | M59: B | N59: 0 | O59: =_xlfn.SINGLE(_xlfn.XLOOKUP(M59, $G$17:$H$17, G59:H59)) -> 0 | P59: 0 | Q59: 0 | R59: 0 | S59: 0 | T59: =_xlfn.LET(_xlpm.x, _xlfn.XLOOKUP(M59, $I$17:$J$17, I59:J59),_xlfn.SINGLE( IF(ISERROR(_xlfn.SINGLE(_xlpm.x)), 0, _xlpm.x)) * S59) -> 0 | V59: 0 | X59: 0
A60: 850 | B60: 900 | C60: 0 | D60: 0 | E60: 0 | F60: 0 | G60: 0 | H60: 0 | I60: 0 | J60: 0 | L60: ="("&$A60&", "&$B60&"]" -> (850, 900] | M60: B | N60: 0 | O60: =_xlfn.SINGLE(_xlfn.XLOOKUP(M60, $G$17:$H$17, G60:H60)) -> 0 | P60: 0 | Q60: 0 | R60: 0 | S60: 0 | T60: =_xlfn.LET(_xlpm.x, _xlfn.XLOOKUP(M60, $I$17:$J$17, I60:J60),_xlfn.SINGLE( IF(ISERROR(_xlfn.SINGLE(_xlpm.x)), 0, _xlpm.x)) * S60) -> 0 | V60: 0 | X60: 0
A61: 900 | B61: 950 | C61: 0 | D61: 0 | E61: 0 | F61: 0 | G61: 0 | H61: 0 | I61: 0 | J61: 0 | L61: ="("&$A61&", "&$B61&"]" -> (900, 950] | M61: B | N61: 0 | O61: =_xlfn.SINGLE(_xlfn.XLOOKUP(M61, $G$17:$H$17, G61:H61)) -> 0 | P61: 0 | Q61: 0 | R61: 0 | S61: 0 | T61: =_xlfn.LET(_xlpm.x, _xlfn.XLOOKUP(M61, $I$17:$J$17, I61:J61),_xlfn.SINGLE( IF(ISERROR(_xlfn.SINGLE(_xlpm.x)), 0, _xlpm.x)) * S61) -> 0 | V61: 0 | X61: 0
A62: 950 | B62: 1000 | C62: 0 | D62: 0 | E62: 0 | F62: 0 | G62: 0 | H62: 0 | I62: 0 | J62: 0 | L62: ="("&$A62&", "&$B62&"]" -> (950, 1000] | M62: B | N62: 0 | O62: =_xlfn.SINGLE(_xlfn.XLOOKUP(M62, $G$17:$H$17, G62:H62)) -> 0 | P62: 0 | Q62: 0 | R62: 0 | S62: 0 | T62: =_xlfn.LET(_xlpm.x, _xlfn.XLOOKUP(M62, $I$17:$J$17, I62:J62),_xlfn.SINGLE( IF(ISERROR(_xlfn.SINGLE(_xlpm.x)), 0, _xlpm.x)) * S62) -> 0 | V62: 0 | X62: 0
A63: 1000 | B63: 2000 | C63: 0 | D63: 0 | E63: 0 | F63: 0 | G63: 0 | H63: 0 | I63: 0 | J63: 0 | L63: ="("&$A63&", "&$B63&"]" -> (1000, 2000] | M63: B | N63: 0 | O63: =_xlfn.SINGLE(_xlfn.XLOOKUP(M63, $G$17:$H$17, G63:H63)) -> 0 | P63: 0 | Q63: 0 | R63: 0 | S63: 0 | T63: =_xlfn.LET(_xlpm.x, _xlfn.XLOOKUP(M63, $I$17:$J$17, I63:J63),_xlfn.SINGLE( IF(ISERROR(_xlfn.SINGLE(_xlpm.x)), 0, _xlpm.x)) * S63) -> 0 | V63: 0 | W63: 7.0111395e-06 | X63: 0
A64: 2000 | B64: 3000 | C64: 0 | D64: 0 | E64: 0 | F64: 0 | G64: 0 | H64: 0 | I64: 0 | J64: 0 | L64: ="("&$A64&", "&$B64&"]" -> (2000, 3000] | M64: B | N64: 0 | O64: =_xlfn.SINGLE(_xlfn.XLOOKUP(M64, $G$17:$H$17, G64:H64)) -> 0 | P64: 0 | Q64: 0 | R64: 0 | S64: 0 | T64: =_xlfn.LET(_xlpm.x, _xlfn.XLOOKUP(M64, $I$17:$J$17, I64:J64),_xlfn.SINGLE( IF(ISERROR(_xlfn.SINGLE(_xlpm.x)), 0, _xlpm.x)) * S64) -> 0 | V64: 0 | W64: 1.1685233e-06 | X64: 0
A65: 3000 | B65: 4000 | C65: 0 | D65: 0 | E65: 0 | F65: 0 | G65: 0 | H65: 0 | I65: 0 | J65: 0 | L65: ="("&$A65&", "&$B65&"]" -> (3000, 4000] | M65: B | N65: 0 | O65: =_xlfn.SINGLE(_xlfn.XLOOKUP(M65, $G$17:$H$17, G65:H65)) -> 0 | P65: 0 | Q65: 0 | R65: 0 | S65: 0 | T65: =_xlfn.LET(_xlpm.x, _xlfn.XLOOKUP(M65, $I$17:$J$17, I65:J65),_xlfn.SINGLE( IF(ISERROR(_xlfn.SINGLE(_xlpm.x)), 0, _xlpm.x)) * S65) -> 0 | V65: 0 | W65: 2.3370465e-06 | X65: 0
A66: 4000 | B66: 5000 | C66: 0 | D66: 0 | E66: 0 | F66: 0 | G66: 0 | H66: 0 | I66: 0 | J66: 0 | L66: ="("&$A66&", "&$B66&"]" -> (4000, 5000] | M66: B | N66: 0 | O66: =_xlfn.SINGLE(_xlfn.XLOOKUP(M66, $G$17:$H$17, G66:H66)) -> 0 | P66: 0 | Q66: 0 | R66: 0 | S66: 0 | T66: =_xlfn.LET(_xlpm.x, _xlfn.XLOOKUP(M66, $I$17:$J$17, I66:J66),_xlfn.SINGLE( IF(ISERROR(_xlfn.SINGLE(_xlpm.x)), 0, _xlpm.x)) * S66) -> 0 | V66: 0 | X66: 0
A67: 5000 | B67: 6000 | C67: 0 | D67: 0 | E67: 0 | F67: 0 | G67: 0 | H67: 0 | I67: 0 | J67: 0 | L67: ="("&$A67&", "&$B67&"]" -> (5000, 6000] | M67: B | N67: 0 | O67: =_xlfn.SINGLE(_xlfn.XLOOKUP(M67, $G$17:$H$17, G67:H67)) -> 0 | P67: 0 | Q67: 0 | R67: 0 | S67: 0 | T67: =_xlfn.LET(_xlpm.x, _xlfn.XLOOKUP(M67, $I$17:$J$17, I67:J67),_xlfn.SINGLE( IF(ISERROR(_xlfn.SINGLE(_xlpm.x)), 0, _xlpm.x)) * S67) -> 0 | V67: 0 | X67: 0
A68: 6000 | B68: 7000 | C68: 0 | D68: 0 | E68: 0 | F68: 0 | G68: 0 | H68: 0 | I68: 0 | J68: 0 | L68: ="("&$A68&", "&$B68&"]" -> (6000, 7000] | M68: B | N68: 0 | O68: =_xlfn.SINGLE(_xlfn.XLOOKUP(M68, $G$17:$H$17, G68:H68)) -> 0 | P68: 0 | Q68: 0 | R68: 0 | S68: 0 | T68: =_xlfn.LET(_xlpm.x, _xlfn.XLOOKUP(M68, $I$17:$J$17, I68:J68),_xlfn.SINGLE( IF(ISERROR(_xlfn.SINGLE(_xlpm.x)), 0, _xlpm.x)) * S68) -> 0 | V68: 0 | X68: 0
A69: 7000 | B69: 8000 | C69: 0 | D69: 0 | E69: 0 | F69: 0 | G69: 0 | H69: 0 | I69: 0 | J69: 0 | L69: ="("&$A69&", "&$B69&"]" -> (7000, 8000] | M69: B | N69: 0 | O69: =_xlfn.XLOOKUP(M69, $G$17:$H$17, G69:H69) -> 0 | P69: 0 | Q69: 0 | R69: 0 | S69: 0 | T69: =_xlfn.LET(_xlpm.x, _xlfn.XLOOKUP(M69, $I$17:$J$17, I69:J69),_xlfn.SINGLE( IF(ISERROR(_xlfn.SINGLE(_xlpm.x)), 0, _xlpm.x)) * S69) -> 0 | V69: 0 | X69: 0
A70: 8000 | B70: 9000 | C70: 0 | D70: 0 | E70: 0 | F70: 0 | G70: 0 | H70: 0 | I70: 0 | J70: 0 | L70: ="("&$A70&", "&$B70&"]" -> (8000, 9000] | M70: B | N70: 0 | O70: =_xlfn.XLOOKUP(M70, $G$17:$H$17, G70:H70) -> 0 | P70: 0 | Q70: 0 | R70: 0 | S70: 0 | T70: =_xlfn.LET(_xlpm.x, _xlfn.XLOOKUP(M70, $I$17:$J$17, I70:J70),_xlfn.SINGLE( IF(ISERROR(_xlfn.SINGLE(_xlpm.x)), 0, _xlpm.x)) * S70) -> 0 | V70: 0 | X70: 0
A71: 9000 | B71: 10000 | C71: 0 | D71: 0 | E71: 0 | F71: 0 | G71: 0 | H71: 0 | I71: 0 | J71: 0 | L71: ="("&$A71&", "&$B71&"]" -> (9000, 10000] | M71: B | N71: 0 | O71: =_xlfn.XLOOKUP(M71, $G$17:$H$17, G71:H71) -> 0 | P71: 0 | Q71: 0 | R71: 0 | S71: 0 | T71: =_xlfn.LET(_xlpm.x, _xlfn.XLOOKUP(M71, $I$17:$J$17, I71:J71),_xlfn.SINGLE( IF(ISERROR(_xlfn.SINGLE(_xlpm.x)), 0, _xlpm.x)) * S71) -> 0 | V71: 0 | X71: 0
A72: 10000 | B72: 20000 | C72: 0 | D72: 0 | E72: 0 | F72: 0 | G72: 0 | H72: 0 | I72: 0 | J72: 0 | L72: ="("&$A72&", "&$B72&"]" -> (10000, 20000] | M72: B | N72: 0 | O72: =_xlfn.XLOOKUP(M72, $G$17:$H$17, G72:H72) -> 0 | P72: 0 | Q72: 0 | R72: 0 | S72: 0 | T72: =_xlfn.LET(_xlpm.x, _xlfn.XLOOKUP(M72, $I$17:$J$17, I72:J72),_xlfn.SINGLE( IF(ISERROR(_xlfn.SINGLE(_xlpm.x)), 0, _xlpm.x)) * S72) -> 0 | V72: 0 | X72: 0
A73: 20000 | B73: 30000 | C73: 0 | D73: 0 | E73: 0 | F73: 0 | G73: 0 | H73: 0 | I73: 0 | J73: 0 | L73: ="("&$A73&", "&$B73&"]" -> (20000, 30000] | M73: B | N73: 0 | O73: =_xlfn.XLOOKUP(M73, $G$17:$H$17, G73:H73) -> 0 | P73: 0 | Q73: 0 | R73: 0 | S73: 0 | T73: =_xlfn.LET(_xlpm.x, _xlfn.XLOOKUP(M73, $I$17:$J$17, I73:J73),_xlfn.SINGLE( IF(ISERROR(_xlfn.SINGLE(_xlpm.x)), 0, _xlpm.x)) * S73) -> 0 | V73: 0 | X73: 0
A74: 30000 | B74: 40000 | C74: 0 | D74: 0 | E74: 0 | F74: 0 | G74: 0 | H74: 0 | I74: 0 | J74: 0 | L74: ="("&$A74&", "&$B74&"]" -> (30000, 40000] | M74: B | N74: 0 | O74: =_xlfn.SINGLE(_xlfn.XLOOKUP(M74, $G$17:$H$17, G74:H74)) -> 0 | P74: 0 | Q74: 0 | R74: 0 | S74: 0 | T74: =_xlfn.LET(_xlpm.x, _xlfn.XLOOKUP(M74, $I$17:$J$17, I74:J74),_xlfn.SINGLE( IF(ISERROR(_xlfn.SINGLE(_xlpm.x)), 0, _xlpm.x)) * S74) -> 0 | V74: 0 | X74: 0
A75: FG Trigger | B75: =C75/C76 -> 0.00330078 | C75: 330078 | D75: 0 | E75: 825830650 | F75: 0 | I75: =E75/C75/$B$3 -> 5.0038515 | L75: FG Trigger | M75: A | N75: 0.6059 | O75: =B75 -> 0.00330078 | P75: 0.0019999426 | Q75: =P75 -> 0.0019999426 | R75: 1999942 | S75: 0.001999942 | T75: =_xlfn.LET(_xlpm.x, _xlfn.XLOOKUP(M75, $I$17:$J$17, I75:J75),_xlfn.SINGLE( IF(ISERROR(_xlfn.SINGLE(_xlpm.x)), 0, _xlpm.x)) * S75) -> 0.010007413 | V75: 0.001999942 | X75: 0
A76: 0.001 | C76: 100000000
B77: BF/SF | C77: 10000000 | E77: 16571487025
A78: Extra Bet
A81: Lower | B81: Upper | C81: Simulator Cnt | E81: Simulator Pay | G81: Simulator Rate | I81: Avg. Multi. | L81: Range | M81: 使用的表 | N81: Fix Num | O81: Rate | P81: Fix Rate | Q81: Final Rate | R81: Weight | S81: Hit Rate | T81: Simulator RTP | V81: 目前 | W81: 競品 | X81: 差異
C82: A | D82: B | E82: A | F82: B | G82: A | H82: B | I82: A | J82: B
A83: -1 | B83: 0 | C83: {=C18:F75} -> 55325589 | D83: 56174458 | E83: 0 | F83: 0 | G83: {=_xlfn.LET(_xlpm.x, C83:C139, _xlpm.x/SUM(_xlpm.x))} -> 0.55508811 | H83: {=_xlfn.LET(_xlpm.x, D83:D139, _xlpm.x/SUM(_xlpm.x))} -> 0.56355133 | I83: {=_xlfn.LET(_xlpm.x, E83:E139/C83:C139/$B$3, IFERROR(_xlpm.x, 0))} -> 0 | J83: {=_xlfn.LET(_xlpm.x, F83:F139/D83:D139/$B$3, IFERROR(_xlpm.x, 0))} -> 0 | L83: ="("&$A83&", "&$B83&"]" -> (-1, 0] | M83: B | N83: 1 | O83: =_xlfn.SINGLE(_xlfn.XLOOKUP(M83, $G$17:$H$17, G83:H83)) -> 0.56355133 | P83: {=O83:O140*N83:N140} -> 0.56355133 | Q83: {=P83:P139/SUM(_xlfn.ANCHORARRAY(P83))} -> 0.60286237 | R83: =$B$2-SUM(_xlfn.ANCHORARRAY(R84)) -> 603186911 | S83: {=_xlfn.LET(_xlpm.x, R83:R140, _xlpm.x/SUM(_xlpm.x))} -> 0.60318691 | T83: =_xlfn.LET(_xlpm.x, _xlfn.XLOOKUP(M83, $I$17:$J$17, I83:J83), IF(ISERROR(_xlpm.x), 0, _xlpm.x) * S83)/Overview!$B$7 -> 0 | V83: {=_xlfn.LET(_xlpm.x, R83:R140, _xlpm.x/SUM(_xlpm.x))} -> 0.60318691 | W83: 0.56957507 | X83: {=_xlfn.LET(_xlpm.x, ROUND(W83:W140/_xlfn.ANCHORARRAY(V83), 2), IFERROR(_xlpm.x, 0))} -> 0.94
A84: 0 | B84: 1 | C84: 24069989 | D84: 14293217 | E84: 6484275025 | F84: 3231900200 | G84: 0.24149702 | H84: 0.14339189 | I84: 0.53878504 | J84: 0.45222852 | L84: ="("&$A84&", "&$B84&"]" -> (0, 1] | M84: B | N84: 1.4 | O84: =_xlfn.SINGLE(_xlfn.XLOOKUP(M84, $G$17:$H$17, G84:H84)) -> 0.14339189 | P84: 0.20074864 | Q84: 0.21475205 | R84: {=INT(Q84:Q140*$B$2)} -> 214752045 | S84: 0.21475205 | T84: =_xlfn.LET(_xlpm.x, _xlfn.XLOOKUP(M84, $I$17:$J$17, I84:J84), IF(ISERROR(_xlpm.x), 0, _xlpm.x) * S84)/Overview!$B$7 -> 0.0776936 | V84: 0.21475205 | W84: 0.22958295 | X84: 1.07
A85: 1 | B85: 2 | C85: 10599327 | D85: 7577504 | E85: 7916648100 | F85: 6307987850 | G85: 0.10634429 | H85: 0.076018757 | I85: 1.493802 | J85: 1.664925 | L85: ="("&$A85&", "&$B85&"]" -> (1, 2] | M85: B | N85: 0.73 | O85: =_xlfn.SINGLE(_xlfn.XLOOKUP(M85, $G$17:$H$17, G85:H85)) -> 0.076018757 | P85: 0.055493693 | Q85: 0.059364706 | R85: 59364705 | S85: 0.059364705 | T85: =_xlfn.LET(_xlpm.x, _xlfn.XLOOKUP(M85, $I$17:$J$17, I85:J85), IF(ISERROR(_xlpm.x), 0, _xlpm.x) * S85)/Overview!$B$7 -> 0.079070224 | V85: 0.059364705 | W85: 0.085959579 | X85: 1.45
A86: 2 | B86: 3 | C86: 4317872 | D86: 8212762 | E86: 5365074350 | F86: 10557718000 | G86: 0.043321715 | H86: 0.082391769 | I86: 2.4850548 | J86: 2.5710517 | L86: ="("&$A86&", "&$B86&"]" -> (2, 3] | M86: B | N86: 0.44 | O86: =_xlfn.SINGLE(_xlfn.XLOOKUP(M86, $G$17:$H$17, G86:H86)) -> 0.082391769 | P86: 0.036252378 | Q86: 0.038781196 | R86: 38781196 | S86: 0.038781196 | T86: =_xlfn.LET(_xlpm.x, _xlfn.XLOOKUP(M86, $I$17:$J$17, I86:J86), IF(ISERROR(_xlpm.x), 0, _xlpm.x) * S86)/Overview!$B$7 -> 0.079766769 | V86: 0.038781196 | W86: 0.03875045 | X86: 1
A87: 3 | B87: 4 | C87: 2319169 | D87: 3584475 | E87: 4053262600 | F87: 6293472375 | G87: 0.023268494 | H87: 0.035960038 | I87: 3.4954439 | J87: 3.511517 | L87: ="("&$A87&", "&$B87&"]" -> (3, 4] | M87: B | N87: 0.73 | O87: =_xlfn.SINGLE(_xlfn.XLOOKUP(M87, $G$17:$H$17, G87:H87)) -> 0.035960038 | P87: 0.026250828 | Q87: 0.028081978 | R87: 28081978 | S87: 0.028081978 | T87: =_xlfn.LET(_xlpm.x, _xlfn.XLOOKUP(M87, $I$17:$J$17, I87:J87), IF(ISERROR(_xlpm.x), 0, _xlpm.x) * S87)/Overview!$B$7 -> 0.078888274 | V87: 0.028081978 | W87: 0.032026186 | X87: 1.14
A88: 4 | B88: 5 | C88: 1225076 | D88: 2870564 | E88: 2763500775 | F88: 6548399325 | G88: 0.012291331 | H88: 0.028797967 | I88: 4.5115581 | J88: 4.5624479 | L88: ="("&$A88&", "&$B88&"]" -> (4, 5] | M88: B | N88: 0.52 | O88: =_xlfn.SINGLE(_xlfn.XLOOKUP(M88, $G$17:$H$17, G88:H88)) -> 0.028797967 | P88: 0.014974943 | Q88: 0.016019533 | R88: 16019533 | S88: 0.016019533 | T88: =_xlfn.LET(_xlpm.x, _xlfn.XLOOKUP(M88, $I$17:$J$17, I88:J88), IF(ISERROR(_xlpm.x), 0, _xlpm.x) * S88)/Overview!$B$7 -> 0.058470628 | V88: 0.016019533 | W88: 0.01498512 | X88: 0.94
A89: 5 | B89: 6 | C89: 635676 | D89: 1428287 | E89: 1744656300 | F89: 3879725800 | G89: 0.0063778118 | H89: 0.014328808 | I89: 5.4891369 | J89: 5.4326978 | L89: ="("&$A89&", "&$B89&"]" -> (5, 6] | M89: B | N89: 0.6 | O89: =_xlfn.SINGLE(_xlfn.XLOOKUP(M89, $G$17:$H$17, G89:H89)) -> 0.014328808 | P89: 0.008597285 | Q89: 0.0091969965 | R89: 9196996 | S89: 0.009196996 | T89: =_xlfn.LET(_xlpm.x, _xlfn.XLOOKUP(M89, $I$17:$J$17, I89:J89), IF(ISERROR(_xlpm.x), 0, _xlpm.x) * S89)/Overview!$B$7 -> 0.0399716 | V89: 0.009196996 | W89: 0.008603128 | X89: 0.94
A90: 6 | B90: 7 | C90: 344873 | D90: 667809 | E90: 1117022675 | F90: 2174876225 | G90: 0.0034601512 | H90: 0.0066995689 | I90: 6.4778784 | J90: 6.5134678 | L90: ="("&$A90&", "&$B90&"]" -> (6, 7] | M90: B | N90: 0.78 | O90: =_xlfn.SINGLE(_xlfn.XLOOKUP(M90, $G$17:$H$17, G90:H90)) -> 0.0066995689 | P90: 0.0052256637 | Q90: 0.0055901847 | R90: 5590184 | S90: 0.005590184 | T90: =_xlfn.LET(_xlpm.x, _xlfn.XLOOKUP(M90, $I$17:$J$17, I90:J90), IF(ISERROR(_xlpm.x), 0, _xlpm.x) * S90)/Overview!$B$7 -> 0.029129187 | V90: 0.005590184 | W90: 0.005229215 | X90: 0.94
A91: 7 | B91: 8 | C91: 180642 | D91: 448887 | E91: 679329150 | F91: 1680408050 | G91: 0.0018124023 | H91: 0.0045033076 | I91: 7.5212758 | J91: 7.4869981 | L91: ="("&$A91&", "&$B91&"]" -> (7, 8] | M91: B | N91: 1.01156 | O91: =_xlfn.SINGLE(_xlfn.XLOOKUP(M91, $G$17:$H$17, G91:H91)) -> 0.0045033076 | P91: 0.0045553659 | Q91: 0.0048731296 | R91: 4873129 | S91: 0.004873129 | T91: =_xlfn.LET(_xlpm.x, _xlfn.XLOOKUP(M91, $I$17:$J$17, I91:J91), IF(ISERROR(_xlpm.x), 0, _xlpm.x) * S91)/Overview!$B$7 -> 0.029188086 | V91: 0.004873129 | W91: 0.003424839 | X91: 0.7
A92: 8 | B92: 9 | C92: 115360 | D92: 203025 | E92: 490405250 | F92: 858801925 | G92: 0.0011574204 | H92: 0.0020367799 | I92: 8.5021715 | J92: 8.4600608 | L92: ="("&$A92&", "&$B92&"]" -> (8, 9] | M92: B | N92: 1.26445 | O92: =_xlfn.SINGLE(_xlfn.XLOOKUP(M92, $G$17:$H$17, G92:H92)) -> 0.0020367799 | P92: 0.0025754064 | Q92: 0.0027550562 | R92: 2755056 | S92: 0.002755056 | T92: =_xlfn.LET(_xlpm.x, _xlfn.XLOOKUP(M92, $I$17:$J$17, I92:J92), IF(ISERROR(_xlpm.x), 0, _xlpm.x) * S92)/Overview!$B$7 -> 0.018646353 | V92: 0.002755056 | W92: 0.001936256 | X92: 0.7
A93: 9 | B93: 10 | C93: 110733 | D93: 809720 | E93: 536395525 | F93: 4017884675 | G93: 0.0011109972 | H93: 0.0081232432 | I93: 9.688088 | J93: 9.9241335 | L93: ="("&$A93&", "&$B93&"]" -> (9, 10] | M93: B | N93: 0.497 | O93: =_xlfn.SINGLE(_xlfn.XLOOKUP(M93, $G$17:$H$17, G93:H93)) -> 0.0081232432 | P93: 0.0040372519 | Q93: 0.0043188741 | R93: 4318874 | S93: 0.004318874 | T93: =_xlfn.LET(_xlpm.x, _xlfn.XLOOKUP(M93, $I$17:$J$17, I93:J93), IF(ISERROR(_xlpm.x), 0, _xlpm.x) * S93)/Overview!$B$7 -> 0.034288866 | V93: 0.004318874 | W93: 0.001804585 | X93: 0.42
A94: 10 | B94: 15 | C94: 368403 | D94: 2617397 | E94: 2180791300 | F94: 15386252675 | G94: 0.0036962304 | H94: 0.026258154 | I94: 11.839161 | J94: 11.756912 | L94: ="("&$A94&", "&$B94&"]" -> (10, 15] | M94: B | N94: 0.3 | O94: =_xlfn.SINGLE(_xlfn.XLOOKUP(M94, $G$17:$H$17, G94:H94)) -> 0.026258154 | P94: 0.0078774462 | Q94: 0.0084269446 | R94: 8426944 | S94: 0.008426944 | T94: =_xlfn.LET(_xlpm.x, _xlfn.XLOOKUP(M94, $I$17:$J$17, I94:J94), IF(ISERROR(_xlpm.x), 0, _xlpm.x) * S94)/Overview!$B$7 -> 0.079259869 | V94: 0.008426944 | W94: 0.005063385 | X94: 0.6
A95: 15 | B95: 20 | C95: 40589 | D95: 376908 | E95: 337397050 | F95: 3135325925 | G95: 0.00040723419 | H95: 0.0037812026 | I95: 16.625049 | J95: 16.637089 | L95: ="("&$A95&", "&$B95&"]" -> (15, 20] | M95: B | N95: 0 | O95: =_xlfn.SINGLE(_xlfn.XLOOKUP(M95, $G$17:$H$17, G95:H95)) -> 0.0037812026 | P95: 0 | Q95: 0 | R95: 0 | S95: 0 | T95: =_xlfn.LET(_xlpm.x, _xlfn.XLOOKUP(M95, $I$17:$J$17, I95:J95), IF(ISERROR(_xlpm.x), 0, _xlpm.x) * S95)/Overview!$B$7 -> 0 | V95: 0 | W95: 0.00049189 | X95: 0
A96: 20 | B96: 25 | C96: 5841 | D96: 138274 | E96: 65928150 | F96: 1616441950 | G96: 5.8603437e-05 | H96: 0.0013871873 | I96: 22.574268 | J96: 23.380273 | L96: ="("&$A96&", "&$B96&"]" -> (20, 25] | M96: B | N96: 0 | O96: =_xlfn.SINGLE(_xlfn.XLOOKUP(M96, $G$17:$H$17, G96:H96)) -> 0.0013871873 | P96: 0 | Q96: 0 | R96: 0 | S96: 0 | T96: =_xlfn.LET(_xlpm.x, _xlfn.XLOOKUP(M96, $I$17:$J$17, I96:J96), IF(ISERROR(_xlpm.x), 0, _xlpm.x) * S96)/Overview!$B$7 -> 0 | V96: 0 | W96: 0.000291507 | X96: 0
... A139: 30000 | B139: 40000 | C139: 0 | D139: 0 | E139: 0 | F139: 0 | G139: 0 | H139: 0 | I139: 0 | J139: 0 | L139: ="("&$A139&", "&$B139&"]" -> (30000, 40000] | M139: B | N139: 0 | O139: =_xlfn.SINGLE(_xlfn.XLOOKUP(M139, $G$17:$H$17, G139:H139)) -> 0 | P139: 0 | Q139: 0 | R139: 0 | S139: 0 | T139: =_xlfn.LET(_xlpm.x, _xlfn.XLOOKUP(M139, $I$17:$J$17, I139:J139), IF(ISERROR(_xlpm.x), 0, _xlpm.x) * S139)/Overview!$B$7 -> 0 | V139: 0 | W139: 0 | X139: 0
A140: FG Trigger | B140: =B75 -> 0.00330078 | C140: 330078 | D140: 0 | E140: 825830650 | F140: 0 | I140: =E140/C140/$B$3 -> 5.0038515 | L140: FG Trigger | M140: A | N140: 1.4095 | O140: =B140 -> 0.00330078 | P140: 0.0046524494 | Q140: =P140 -> 0.0046524494 | R140: 4652449 | S140: 0.004652449 | T140: =_xlfn.LET(_xlpm.x, _xlfn.XLOOKUP(M140, $I$17:$J$17, I140:J140), IF(ISERROR(_xlpm.x), 0, _xlpm.x) * S140)/Overview!$B$7 -> 0.018624131 | V140: 0.004652449 | W140: 0.001999942 | X140: 0.43
A143: Free Game
A146: Lower | B146: Upper | C146: Simulator Cnt | E146: Simulator Pay | G146: Simulator Rate | I146: Avg. Multi. | L146: Range | M146: 使用的表 | N146: Fix Num | O146: Rate | P146: Fix Rate | Q146: Final Rate | R146: Weight | S146: Hit Rate | T146: Simulator RTP | V146: 目前 | W146: 競品 | X146: 差異
C147: A | D147: B | E147: A | F147: B | G147: A | H147: B | I147: A | J147: B
A148: -1 | B148: 0 | C148: {=工作表1!D122:D178} -> 1735 | D148: {=工作表1!I122:I178} -> 4205 | E148: {=工作表1!F122:F178} -> 0 | F148: {=工作表1!K122:K178} -> 0 | G148: {=_xlfn.LET(_xlpm.x, C148:C204, _xlpm.x/SUM(_xlpm.x))} -> 0.0052563334 | H148: {=_xlfn.LET(_xlpm.x, D148:D204, _xlpm.x/SUM(_xlpm.x))} -> 0.013115992 | I148: {=E148:E204/C148:C204/$B$3} -> 0 | J148: {=F148:F204/D148:D204/$B$3} -> 0 | L148: ="("&$A148&", "&$B148&"]" -> (-1, 0] | M148: A | N148: 0 | O148: =_xlfn.SINGLE(_xlfn.XLOOKUP(M148, $G$147:$H$147, G148:H148)) -> 0.0052563334 | P148: {=O148:O204*N148:N204} -> 0 | Q148: {=_xlfn.LET(_xlpm.x,_xlfn.ANCHORARRAY( P148), _xlpm.x/SUM(_xlpm.x))} -> 0 | R148: 0 | S148: {=_xlfn.LET(_xlpm.x, R148:R204, _xlpm.x/SUM(_xlpm.x))} -> 0 | T148: =_xlfn.LET(_xlpm.x, _xlfn.XLOOKUP(M148, $I$17:$J$17, I148:J148), IF(ISERROR(_xlpm.x), 0, _xlpm.x) * S148) -> 0 | V148: {=_xlfn.LET(_xlpm.x, R148:R204, _xlpm.x/SUM(_xlpm.x))} -> 0 | W148: 0.034962301 | X148: {=_xlfn.LET(_xlpm.x, ROUND(W148:W204/_xlfn.ANCHORARRAY(V148), 2), IFERROR(_xlpm.x, 0))} -> 0
A149: 0 | B149: 1 | C149: 2935 | D149: 2811 | E149: 888275 | F149: 815625 | G149: 0.0088918377 | H149: 0.0087679078 | I149: 0.60529813 | J149: 0.5803095 | L149: ="("&$A149&", "&$B149&"]" -> (0, 1] | M149: A | N149: 0 | O149: =_xlfn.SINGLE(_xlfn.XLOOKUP(M149, $G$147:$H$147, G149:H149)) -> 0.0088918377 | P149: 0 | Q149: 0 | R149: 0 | S149: 0 | T149: =_xlfn.LET(_xlpm.x, _xlfn.XLOOKUP(M149, $I$17:$J$17, I149:J149),_xlfn.SINGLE( IF(ISERROR(_xlfn.SINGLE(_xlpm.x)), 0, _xlpm.x)) * S149) -> 0 | V149: 0 | X149: 0
A150: 1 | B150: 2 | C150: 3383 | D150: 2647 | E150: 2648775 | F150: 2113325 | G150: 0.010249093 | H150: 0.0082563685 | I150: 1.5659326 | J150: 1.5967699 | L150: ="("&$A150&", "&$B150&"]" -> (1, 2] | M150: A | N150: 0 | O150: =_xlfn.SINGLE(_xlfn.XLOOKUP(M150, $G$147:$H$147, G150:H150)) -> 0.010249093 | P150: 0 | Q150: 0 | R150: 0 | S150: 0 | T150: =_xlfn.LET(_xlpm.x, _xlfn.XLOOKUP(M150, $I$17:$J$17, I150:J150),_xlfn.SINGLE( IF(ISERROR(_xlfn.SINGLE(_xlpm.x)), 0, _xlpm.x)) * S150) -> 0 | V150: 0 | X150: 0
A151: 2 | B151: 3 | C151: 3260 | D151: 2552 | E151: 4189375 | F151: 3346950 | G151: 0.0098764534 | H151: 0.00796005 | I151: 2.5701687 | J151: 2.6230016 | L151: ="("&$A151&", "&$B151&"]" -> (2, 3] | M151: A | N151: 0 | O151: =_xlfn.SINGLE(_xlfn.XLOOKUP(M151, $G$147:$H$147, G151:H151)) -> 0.0098764534 | P151: 0 | Q151: 0 | R151: 0 | S151: 0 | T151: =_xlfn.LET(_xlpm.x, _xlfn.XLOOKUP(M151, $I$17:$J$17, I151:J151),_xlfn.SINGLE( IF(ISERROR(_xlfn.SINGLE(_xlpm.x)), 0, _xlpm.x)) * S151) -> 0 | V151: 0 | X151: 0
A152: 3 | B152: 4 | C152: 3548 | D152: 2563 | E152: 6332850 | F152: 4638725 | G152: 0.010748974 | H152: 0.0079943606 | I152: 3.569814 | J152: 3.619762 | L152: ="("&$A152&", "&$B152&"]" -> (3, 4] | M152: A | N152: 0 | O152: =_xlfn.SINGLE(_xlfn.XLOOKUP(M152, $G$147:$H$147, G152:H152)) -> 0.010748974 | P152: 0 | Q152: 0 | R152: 0 | S152: 0 | T152: =_xlfn.LET(_xlpm.x, _xlfn.XLOOKUP(M152, $I$17:$J$17, I152:J152),_xlfn.SINGLE( IF(ISERROR(_xlfn.SINGLE(_xlpm.x)), 0, _xlpm.x)) * S152) -> 0 | V152: 0 | W152: 0.013075956 | X152: 0
A153: 4 | B153: 5 | C153: 3472 | D153: 2447 | E153: 7936625 | F153: 5660150 | G153: 0.010518726 | H153: 0.0076325401 | I153: 4.5717886 | J153: 4.6261953 | L153: ="("&$A153&", "&$B153&"]" -> (4, 5] | M153: A | N153: 0 | O153: =_xlfn.SINGLE(_xlfn.XLOOKUP(M153, $G$147:$H$147, G153:H153)) -> 0.010518726 | P153: 0 | Q153: 0 | R153: 0 | S153: 0 | T153: =_xlfn.LET(_xlpm.x, _xlfn.XLOOKUP(M153, $I$17:$J$17, I153:J153),_xlfn.SINGLE( IF(ISERROR(_xlfn.SINGLE(_xlpm.x)), 0, _xlpm.x)) * S153) -> 0 | V153: 0 | W153: 0.014576934 | X153: 0
A154: 5 | B154: 6 | C154: 3670 | D154: 2676 | E154: 10194000 | F154: 7530975 | G154: 0.011118584 | H154: 0.0083468236 | I154: 5.5553134 | J154: 5.6285314 | L154: ="("&$A154&", "&$B154&"]" -> (5, 6] | M154: A | N154: 0 | O154: =_xlfn.SINGLE(_xlfn.XLOOKUP(M154, $G$147:$H$147, G154:H154)) -> 0.011118584 | P154: 0 | Q154: 0 | R154: 0 | S154: 0 | T154: =_xlfn.LET(_xlpm.x, _xlfn.XLOOKUP(M154, $I$17:$J$17, I154:J154),_xlfn.SINGLE( IF(ISERROR(_xlfn.SINGLE(_xlpm.x)), 0, _xlpm.x)) * S154) -> 0 | V154: 0 | W154: 0.013536722 | X154: 0
A155: 6 | B155: 7 | C155: 3554 | D155: 2462 | E155: 11636025 | F155: 8094775 | G155: 0.010767152 | H155: 0.0076793273 | I155: 6.5481289 | J155: 6.5757717 | L155: ="("&$A155&", "&$B155&"]" -> (6, 7] | M155: A | N155: 0 | O155: =_xlfn.SINGLE(_xlfn.XLOOKUP(M155, $G$147:$H$147, G155:H155)) -> 0.010767152 | P155: 0 | Q155: 0 | R155: 0 | S155: 0 | T155: =_xlfn.LET(_xlpm.x, _xlfn.XLOOKUP(M155, $I$17:$J$17, I155:J155),_xlfn.SINGLE( IF(ISERROR(_xlfn.SINGLE(_xlpm.x)), 0, _xlpm.x)) * S155) -> 0 | V155: 0 | W155: 0.01352974 | X155: 0
A156: 7 | B156: 8 | C156: 3817 | D156: 2864 | E156: 14399725 | F156: 10886025 | G156: 0.011563933 | H156: 0.0089332223 | I156: 7.5450485 | J156: 7.6019728 | L156: ="("&$A156&", "&$B156&"]" -> (7, 8] | M156: A | N156: 0 | O156: =_xlfn.SINGLE(_xlfn.XLOOKUP(M156, $G$147:$H$147, G156:H156)) -> 0.011563933 | P156: 0 | Q156: 0 | R156: 0 | S156: 0 | T156: =_xlfn.LET(_xlpm.x, _xlfn.XLOOKUP(M156, $I$17:$J$17, I156:J156),_xlfn.SINGLE( IF(ISERROR(_xlfn.SINGLE(_xlpm.x)), 0, _xlpm.x)) * S156) -> 0 | V156: 0 | W156: 0.012524435 | X156: 0
A157: 8 | B157: 9 | C157: 3752 | D157: 2615 | E157: 16052900 | F157: 11266650 | G157: 0.01136701 | H157: 0.008156556 | I157: 8.5569829 | J157: 8.6169407 | L157: ="("&$A157&", "&$B157&"]" -> (8, 9] | M157: A | N157: 0 | O157: =_xlfn.SINGLE(_xlfn.XLOOKUP(M157, $G$147:$H$147, G157:H157)) -> 0.01136701 | P157: 0 | Q157: 0 | R157: 0 | S157: 0 | T157: =_xlfn.LET(_xlpm.x, _xlfn.XLOOKUP(M157, $I$17:$J$17, I157:J157),_xlfn.SINGLE( IF(ISERROR(_xlfn.SINGLE(_xlpm.x)), 0, _xlpm.x)) * S157) -> 0 | V157: 0 | W157: 0.01363446 | X157: 0
A158: 9 | B158: 10 | C158: 3817 | D158: 2880 | E158: 18217050 | F158: 13821675 | G158: 0.011563933 | H158: 0.0089831286 | I158: 9.5452188 | J158: 9.5983854 | L158: ="("&$A158&", "&$B158&"]" -> (9, 10] | M158: A | N158: 0 | O158: =_xlfn.SINGLE(_xlfn.XLOOKUP(M158, $G$147:$H$147, G158:H158)) -> 0.011563933 | P158: 0 | Q158: 0 | R158: 0 | S158: 0 | T158: =_xlfn.LET(_xlpm.x, _xlfn.XLOOKUP(M158, $I$17:$J$17, I158:J158),_xlfn.SINGLE( IF(ISERROR(_xlfn.SINGLE(_xlpm.x)), 0, _xlpm.x)) * S158) -> 0 | U158: 0.99 | V158: 0 | W158: 0.014925998 | X158: 0
A159: 10 | B159: 15 | C159: 19138 | D159: 13720 | E159: 120122950 | F159: 86354725 | G159: 0.057980235 | H159: 0.042794626 | I159: 12.553344 | J159: 12.588152 | L159: ="("&$A159&", "&$B159&"]" -> (10, 15] | M159: A | N159: 0 | O159: =_xlfn.SINGLE(_xlfn.XLOOKUP(M159, $G$147:$H$147, G159:H159)) -> 0.057980235 | P159: 0 | Q159: 0 | R159: 0 | S159: 0 | T159: =_xlfn.LET(_xlpm.x, _xlfn.XLOOKUP(M159, $I$17:$J$17, I159:J159),_xlfn.SINGLE( IF(ISERROR(_xlfn.SINGLE(_xlpm.x)), 0, _xlpm.x)) * S159) -> 0 | U159: {=N159:N172*U158} -> 0 | V159: 0 | W159: 0.064974867 | X159: 0
A160: 15 | B160: 20 | C160: 18904 | D160: 14035 | E160: 165756275 | F160: 123464775 | G160: 0.057271312 | H160: 0.043777156 | I160: 17.536635 | J160: 17.59384 | L160: ="("&$A160&", "&$B160&"]" -> (15, 20] | M160: A | N160: 0 | O160: =_xlfn.SINGLE(_xlfn.XLOOKUP(M160, $G$147:$H$147, G160:H160)) -> 0.057271312 | P160: 0 | Q160: 0 | R160: 0 | S160: 0 | T160: =_xlfn.LET(_xlpm.x, _xlfn.XLOOKUP(M160, $I$17:$J$17, I160:J160),_xlfn.SINGLE( IF(ISERROR(_xlfn.SINGLE(_xlpm.x)), 0, _xlpm.x)) * S160) -> 0 | U160: 0 | V160: 0 | W160: 0.059731918 | X160: 0
A161: 20 | B161: 25 | C161: 18072 | D161: 13635 | E161: 203554825 | F161: 153879800 | G161: 0.054750695 | H161: 0.042529499 | I161: 22.527094 | J161: 22.571294 | L161: ="("&$A161&", "&$B161&"]" -> (20, 25] | M161: A | N161: 0 | O161: =_xlfn.SINGLE(_xlfn.XLOOKUP(M161, $G$147:$H$147, G161:H161)) -> 0.054750695 | P161: 0 | Q161: 0 | R161: 0 | S161: 0 | T161: =_xlfn.LET(_xlpm.x, _xlfn.XLOOKUP(M161, $I$17:$J$17, I161:J161),_xlfn.SINGLE( IF(ISERROR(_xlfn.SINGLE(_xlpm.x)), 0, _xlpm.x)) * S161) -> 0 | U161: 0 | V161: 0 | W161: 0.056038816 | X161: 0
A162: 25 | B162: 30 | C162: 17428 | D162: 13292 | E162: 239673900 | F162: 183265975 | G162: 0.052799641 | H162: 0.041459634 | I162: 27.504464 | J162: 27.57538 | L162: ="("&$A162&", "&$B162&"]" -> (25, 30] | M162: A | N162: 0 | O162: =_xlfn.SINGLE(_xlfn.XLOOKUP(M162, $G$147:$H$147, G162:H162)) -> 0.052799641 | P162: 0 | Q162: 0 | R162: 0 | S162: 0 | T162: =_xlfn.LET(_xlpm.x, _xlfn.XLOOKUP(M162, $I$17:$J$17, I162:J162),_xlfn.SINGLE( IF(ISERROR(_xlfn.SINGLE(_xlpm.x)), 0, _xlpm.x)) * S162) -> 0 | U162: 0 | V162: 0 | W162: 0.04870148 | X162: 0
A163: 30 | B163: 35 | C163: 16180 | D163: 12753 | E163: 263051975 | F163: 207531875 | G163: 0.049018717 | H163: 0.039778416 | I163: 32.515695 | J163: 32.546362 | L163: ="("&$A163&", "&$B163&"]" -> (30, 35] | M163: A | N163: 0 | O163: =_xlfn.SINGLE(_xlfn.XLOOKUP(M163, $G$147:$H$147, G163:H163)) -> 0.049018717 | P163: 0 | Q163: 0 | R163: 0 | S163: 0 | T163: =_xlfn.LET(_xlpm.x, _xlfn.XLOOKUP(M163, $I$17:$J$17, I163:J163),_xlfn.SINGLE( IF(ISERROR(_xlfn.SINGLE(_xlpm.x)), 0, _xlpm.x)) * S163) -> 0 | U163: 0 | V163: 0 | W163: 0.043730801 | X163: 0
A164: 35 | B164: 40 | C164: 14977 | D164: 12369 | E164: 280752750 | F164: 232149425 | G164: 0.045374124 | H164: 0.038580666 | I164: 37.491186 | J164: 37.537299 | L164: ="("&$A164&", "&$B164&"]" -> (35, 40] | M164: A | N164: 0 | O164: =_xlfn.SINGLE(_xlfn.XLOOKUP(M164, $G$147:$H$147, G164:H164)) -> 0.045374124 | P164: 0 | Q164: 0 | R164: 0 | S164: 0 | T164: =_xlfn.LET(_xlpm.x, _xlfn.XLOOKUP(M164, $I$17:$J$17, I164:J164),_xlfn.SINGLE( IF(ISERROR(_xlfn.SINGLE(_xlpm.x)), 0, _xlpm.x)) * S164) -> 0 | U164: 0 | V164: 0 | W164: 0.042557945 | X164: 0
A165: 40 | B165: 45 | C165: 13914 | D165: 11757 | E165: 295798650 | F165: 250148500 | G165: 0.042153673 | H165: 0.036671751 | I165: 42.518133 | J165: 42.553117 | L165: ="("&$A165&", "&$B165&"]" -> (40, 45] | M165: A | N165: 0 | O165: =_xlfn.SINGLE(_xlfn.XLOOKUP(M165, $G$147:$H$147, G165:H165)) -> 0.042153673 | P165: 0 | Q165: 0 | R165: 0 | S165: 0 | T165: =_xlfn.LET(_xlpm.x, _xlfn.XLOOKUP(M165, $I$17:$J$17, I165:J165),_xlfn.SINGLE( IF(ISERROR(_xlfn.SINGLE(_xlpm.x)), 0, _xlpm.x)) * S165) -> 0 | U165: 0 | V165: 0 | W165: 0.035632505 | X165: 0
A166: 45 | B166: 50 | C166: 12976 | D166: 11370 | E166: 308238625 | F166: 270422050 | G166: 0.03931192 | H166: 0.035464643 | I166: 47.509036 | J166: 47.567643 | L166: ="("&$A166&", "&$B166&"]" -> (45, 50] | M166: A | N166: 0 | O166: =_xlfn.SINGLE(_xlfn.XLOOKUP(M166, $G$147:$H$147, G166:H166)) -> 0.03931192 | P166: 0 | Q166: 0 | R166: 0 | S166: 0 | T166: =_xlfn.LET(_xlpm.x, _xlfn.XLOOKUP(M166, $I$17:$J$17, I166:J166),_xlfn.SINGLE( IF(ISERROR(_xlfn.SINGLE(_xlpm.x)), 0, _xlpm.x)) * S166) -> 0 | U166: 0 | V166: 0 | W166: 0.034648143 | X166: 0
A167: 50 | B167: 60 | C167: 23224 | D167: 20723 | E167: 637697750 | F167: 569321250 | G167: 0.070359127 | H167: 0.064637977 | I167: 54.917133 | J167: 54.945833 | L167: ="("&$A167&", "&$B167&"]" -> (50, 60] | M167: A | N167: 0 | O167: =_xlfn.SINGLE(_xlfn.XLOOKUP(M167, $G$147:$H$147, G167:H167)) -> 0.070359127 | P167: 0 | Q167: 0 | R167: 0 | S167: 0 | T167: =_xlfn.LET(_xlpm.x, _xlfn.XLOOKUP(M167, $I$17:$J$17, I167:J167),_xlfn.SINGLE( IF(ISERROR(_xlfn.SINGLE(_xlpm.x)), 0, _xlpm.x)) * S167) -> 0 | U167: 0 | V167: 0 | W167: 0.059969282 | X167: 0
A168: 60 | B168: 70 | C168: 19493 | D168: 18124 | E168: 632539625 | F168: 588742000 | G168: 0.059055738 | H168: 0.056531327 | I168: 64.899156 | J168: 64.968219 | L168: ="("&$A168&", "&$B168&"]" -> (60, 70] | M168: A | N168: 2 | O168: =_xlfn.SINGLE(_xlfn.XLOOKUP(M168, $G$147:$H$147, G168:H168)) -> 0.059055738 | P168: 0.11811148 | Q168: 0.27394279 | R168: =B2-SUM(_xlfn.ANCHORARRAY(R169)) -> 2.7394279e+08 | S168: 0.27394279 | T168: =_xlfn.LET(_xlpm.x, _xlfn.XLOOKUP(M168, $I$17:$J$17, I168:J168),_xlfn.SINGLE( IF(ISERROR(_xlfn.SINGLE(_xlpm.x)), 0, _xlpm.x)) * S168) -> 17.778656 | U168: 1.98 | V168: 0.27394279 | W168: 0.05194778 | X168: 0.19
A169: 70 | B169: 80 | C169: 16601 | D169: 16148 | E169: 621444900 | F169: 605014725 | G169: 0.050294173 | H169: 0.050367903 | I169: 74.868369 | J169: 74.933704 | L169: ="("&$A169&", "&$B169&"]" -> (70, 80] | M169: A | N169: 2.05 | O169: =_xlfn.SINGLE(_xlfn.XLOOKUP(M169, $G$147:$H$147, G169:H169)) -> 0.050294173 | P169: 0.10310305 | Q169: 0.23913289 | R169: {=Q169:Q204*B2} -> 2.3913289e+08 | S169: 0.23913289 | T169: =_xlfn.LET(_xlpm.x, _xlfn.XLOOKUP(M169, $I$17:$J$17, I169:J169),_xlfn.SINGLE( IF(ISERROR(_xlfn.SINGLE(_xlpm.x)), 0, _xlpm.x)) * S169) -> 17.903489 | U169: 2.0295 | V169: 0.23913289 | W169: 0.04480592 | X169: 0.19
A170: 80 | B170: 90 | C170: 13909 | D170: 14191 | E170: 590238350 | F170: 602721550 | G170: 0.042138525 | H170: 0.044263742 | I170: 84.871429 | J170: 84.944197 | L170: ="("&$A170&", "&$B170&"]" -> (80, 90] | M170: A | N170: 1.7690805 | O170: =_xlfn.SINGLE(_xlfn.XLOOKUP(M170, $G$147:$H$147, G170:H170)) -> 0.042138525 | P170: 0.074546443 | Q170: 0.17289988 | R170: 1.7289988e+08 | S170: 0.17289988 | T170: =_xlfn.LET(_xlpm.x, _xlfn.XLOOKUP(M170, $I$17:$J$17, I170:J170),_xlfn.SINGLE( IF(ISERROR(_xlfn.SINGLE(_xlpm.x)), 0, _xlpm.x)) * S170) -> 14.67426 | U170: 1.7513897 | V170: 0.17289988 | W170: 0.037957275 | X170: 0.22
A171: 90 | B171: 100 | C171: 11792 | D171: 12767 | E171: 559578975 | F171: 605840725 | G171: 0.035724889 | H171: 0.039822084 | I171: 94.908239 | J171: 94.907296 | L171: ="("&$A171&", "&$B171&"]" -> (90, 100] | M171: A | N171: 1.86219 | O171: =_xlfn.SINGLE(_xlfn.XLOOKUP(M171, $G$147:$H$147, G171:H171)) -> 0.035724889 | P171: 0.066526532 | Q171: 0.15429884 | R171: 1.5429884e+08 | S171: 0.15429884 | T171: =_xlfn.LET(_xlpm.x, _xlfn.XLOOKUP(M171, $I$17:$J$17, I171:J171),_xlfn.SINGLE( IF(ISERROR(_xlfn.SINGLE(_xlpm.x)), 0, _xlpm.x)) * S171) -> 14.644231 | U171: 1.8435681 | V171: 0.15429884 | W171: 0.033133203 | X171: 0.21
A172: 100 | B172: 120 | C172: 18185 | D172: 20625 | E172: 995111650 | F172: 1129905925 | G172: 0.055093039 | H172: 0.064332301 | I172: 109.44313 | J172: 109.56664 | L172: ="("&$A172&", "&$B172&"]" -> (100, 120] | M172: A | N172: 1.25 | O172: =_xlfn.SINGLE(_xlfn.XLOOKUP(M172, $G$147:$H$147, G172:H172)) -> 0.055093039 | P172: 0.068866298 | Q172: 0.1597256 | R172: 1.597256e+08 | S172: 0.1597256 | T172: =_xlfn.LET(_xlpm.x, _xlfn.XLOOKUP(M172, $I$17:$J$17, I172:J172),_xlfn.SINGLE( IF(ISERROR(_xlfn.SINGLE(_xlpm.x)), 0, _xlpm.x)) * S172) -> 17.480869 | U172: 1.2375 | V172: 0.1597256 | W172: 0.051445127 | X172: 0.32
A173: 120 | B173: 140 | C173: 13464 | D173: 16163 | E173: 871974550 | F173: 1047769125 | G173: 0.040790359 | H173: 0.05041469 | I173: 129.52682 | J173: 129.65033 | L173: ="("&$A173&", "&$B173&"]" -> (120, 140] | M173: A | N173: 0 | O173: =_xlfn.SINGLE(_xlfn.XLOOKUP(M173, $G$147:$H$147, G173:H173)) -> 0.040790359 | P173: 0 | Q173: 0 | R173: 0 | S173: 0 | T173: =_xlfn.LET(_xlpm.x, _xlfn.XLOOKUP(M173, $I$17:$J$17, I173:J173),_xlfn.SINGLE( IF(ISERROR(_xlfn.SINGLE(_xlpm.x)), 0, _xlpm.x)) * S173) -> 0 | V173: 0 | W173: 0.04020525 | X173: 0
A174: 140 | B174: 160 | C174: 9885 | D174: 12898 | E174: 739105625 | F174: 965642600 | G174: 0.029947467 | H174: 0.040230692 | I174: 149.54084 | J174: 149.73525 | L174: ="("&$A174&", "&$B174&"]" -> (140, 160] | M174: A | N174: 0 | O174: =_xlfn.SINGLE(_xlfn.XLOOKUP(M174, $G$147:$H$147, G174:H174)) -> 0.029947467 | P174: 0 | Q174: 0 | R174: 0 | S174: 0 | T174: =_xlfn.LET(_xlpm.x, _xlfn.XLOOKUP(M174, $I$17:$J$17, I174:J174),_xlfn.SINGLE( IF(ISERROR(_xlfn.SINGLE(_xlpm.x)), 0, _xlpm.x)) * S174) -> 0 | V174: 0 | W174: 0.030152192 | X174: 0
A175: 160 | B175: 180 | C175: 7271 | D175: 9941 | E175: 616080475 | F175: 843227650 | G175: 0.022028127 | H175: 0.031007389 | I175: 169.46238 | J175: 169.64644 | L175: ="("&$A175&", "&$B175&"]" -> (160, 180] | M175: A | N175: 0 | O175: =_xlfn.SINGLE(_xlfn.XLOOKUP(M175, $G$147:$H$147, G175:H175)) -> 0.022028127 | P175: 0 | Q175: 0 | R175: 0 | S175: 0 | T175: =_xlfn.LET(_xlpm.x, _xlfn.XLOOKUP(M175, $I$17:$J$17, I175:J175),_xlfn.SINGLE( IF(ISERROR(_xlfn.SINGLE(_xlpm.x)), 0, _xlpm.x)) * S175) -> 0 | V175: 0 | W175: 0.022926557 | X175: 0
A176: 180 | B176: 200 | C176: 5695 | D176: 7995 | E176: 540050150 | F176: 758157750 | G176: 0.017253498 | H176: 0.024937539 | I176: 189.65765 | J176: 189.65797 | L176: ="("&$A176&", "&$B176&"]" -> (180, 200] | M176: A | N176: 0 | O176: =_xlfn.SINGLE(_xlfn.XLOOKUP(M176, $G$147:$H$147, G176:H176)) -> 0.017253498 | P176: 0 | Q176: 0 | R176: 0 | S176: 0 | T176: =_xlfn.LET(_xlpm.x, _xlfn.XLOOKUP(M176, $I$17:$J$17, I176:J176),_xlfn.SINGLE( IF(ISERROR(_xlfn.SINGLE(_xlpm.x)), 0, _xlpm.x)) * S176) -> 0 | V176: 0 | W176: 0.018283999 | X176: 0
A177: 200 | B177: 250 | C177: 9039 | D177: 13268 | E177: 1005218475 | F177: 1477886150 | G177: 0.027384436 | H177: 0.041384774 | I177: 222.41807 | J177: 222.77452 | L177: ="("&$A177&", "&$B177&"]" -> (200, 250] | M177: A | N177: 0 | O177: =_xlfn.SINGLE(_xlfn.XLOOKUP(M177, $G$147:$H$147, G177:H177)) -> 0.027384436 | P177: 0 | Q177: 0 | R177: 0 | S177: 0 | T177: =_xlfn.LET(_xlpm.x, _xlfn.XLOOKUP(M177, $I$17:$J$17, I177:J177),_xlfn.SINGLE( IF(ISERROR(_xlfn.SINGLE(_xlpm.x)), 0, _xlpm.x)) * S177) -> 0 | V177: 0 | W177: 0.030752583 | X177: 0
A178: 250 | B178: 300 | C178: 4887 | D178: 8124 | E178: 665726850 | F178: 1110002100 | G178: 0.014805591 | H178: 0.025339908 | I178: 272.44807 | J178: 273.26492 | L178: ="("&$A178&", "&$B178&"]" -> (250, 300] | M178: A | N178: 0 | O178: =_xlfn.SINGLE(_xlfn.XLOOKUP(M178, $G$147:$H$147, G178:H178)) -> 0.014805591 | P178: 0 | Q178: 0 | R178: 0 | S178: 0 | T178: =_xlfn.LET(_xlpm.x, _xlfn.XLOOKUP(M178, $I$17:$J$17, I178:J178),_xlfn.SINGLE( IF(ISERROR(_xlfn.SINGLE(_xlpm.x)), 0, _xlpm.x)) * S178) -> 0 | V178: 0 | W178: 0.01845155 | X178: 0
A179: 300 | B179: 350 | C179: 2829 | D179: 4956 | E179: 456719775 | F179: 801371450 | G179: 0.0085707015 | H179: 0.015458467 | I179: 322.88425 | J179: 323.39445 | L179: ="("&$A179&", "&$B179&"]" -> (300, 350] | M179: A | N179: 0 | O179: =_xlfn.SINGLE(_xlfn.XLOOKUP(M179, $G$147:$H$147, G179:H179)) -> 0.0085707015 | P179: 0 | Q179: 0 | R179: 0 | S179: 0 | T179: =_xlfn.LET(_xlpm.x, _xlfn.XLOOKUP(M179, $I$17:$J$17, I179:J179),_xlfn.SINGLE( IF(ISERROR(_xlfn.SINGLE(_xlpm.x)), 0, _xlpm.x)) * S179) -> 0 | V179: 0 | W179: 0.011323653 | X179: 0
...

Sheet Multiplier_Weight_Oldhand
A2: Threshold | B2: 1000000000
A3: Coin in | B3: 500 | C3: Simulate
B6: Bet | C6: Base Game RTP | D6: Free Game RTP | E6: Total RTP | F6: Hit Rate | G6: FG Period
A7: Normal Bet | B7: {=Overview!B6:B9} -> 1 | C7: =SUM(T18:T75)/B7 -> 0.7550351 | D7: =SUM(T148:T204)/G7 -> 0.16496733 | E7: =SUM(C7:D7) -> 0.92000243 | F7: =1-S18 -> 0.39333522 | G7: =1/S75 -> 500.0145 | H7: =D7*G7 -> 82.486058
A8: Extra Bet | B8: 1.25 | C8: =SUM(T83:T140) -> 0.61294967 | D8: =D7/B8*G7/G8 -> 0.30700974 | E8: =SUM(C8:D8) -> 0.91995941 | F8: =1-S83 -> 0.39487376 | G8: =1/S140 -> 214.94056 | H8: =D8*G8 -> 65.988846
A9: Buy Feature | B9: 100 | C9: =E77/C77/500/B9 -> 0.033142974 | D9: =SUM(T212:T268) -> 0.8918484 | E9: =SUM(C9:D9) -> 0.92499137 | F9: - | G9: - | H9: =SUM(S236:S268) -> 0.27165743 | I9: =1/S257 -> 369.64377
A10: Super Feature | B10: 500 | C10: =E77/C77/500/B10 -> 0.0066285948 | D10: =SUM(T276:T332) -> 0.91835147 | E10: =SUM(C10:D10) -> 0.92498006 | F10: - | G10: - | H10: =SUM(S311:S332) -> 0.23771734 | I10: =1/S327 -> 2339.0447
A13: Base Game
A16: Lower | B16: Upper | C16: Simulator Cnt | E16: Simulator Pay | G16: Simulator Rate | I16: Avg. Multi. | L16: Range | M16: 使用的表 | N16: Fix Num | O16: Rate | P16: Fix Rate | Q16: Final Rate | R16: Weight | S16: Hit Rate | T16: Simulator RTP | V16: 目前 | W16: 競品 | X16: 差異
C17: A | D17: B | E17: A | F17: B | G17: A | H17: B | I17: A | J17: B
A18: -1 | B18: 0 | C18: {=工作表1!D2:D59} -> 55325589 | D18: {=工作表1!I2:I59} -> 56174458 | E18: {=工作表1!F2:F59} -> 0 | F18: {=工作表1!K2:K59} -> 0 | G18: {=_xlfn.LET(_xlpm.x, C18:C74, _xlpm.x/SUM(_xlpm.x))} -> 0.55508811 | H18: {=_xlfn.LET(_xlpm.x, D18:D74, _xlpm.x/SUM(_xlpm.x))} -> 0.56355133 | I18: {=_xlfn.LET(_xlpm.x, E18:E74/C18:C74/B3, IFERROR(_xlpm.x, 0))} -> 0 | J18: {=_xlfn.LET(_xlpm.x, F18:F74/D18:D74/B3, IFERROR(_xlpm.x, 0))} -> 0 | L18: ="("&$A18&", "&$B18&"]" -> (-1, 0] | M18: B | N18: 1 | O18: =_xlfn.SINGLE(_xlfn.XLOOKUP(M18, $G$17:$H$17, G18:H18)) -> 0.56355133 | P18: {=O18:O75*N18:N75} -> 0.56355133 | Q18: {=P18:P74/SUM(_xlfn.ANCHORARRAY(P18))} -> 0.60651231 | R18: =B2-SUM(_xlfn.ANCHORARRAY(R19)) -> 606664780 | S18: {=_xlfn.LET(_xlpm.x, R18:R75, _xlpm.x/SUM(_xlpm.x))} -> 0.60666478 | T18: =_xlfn.LET(_xlpm.x, _xlfn.XLOOKUP(M18, $I$17:$J$17, I18:J18), IF(ISERROR(_xlpm.x), 0, _xlpm.x) * S18)/Overview!$B$7 -> 0 | V18: {=_xlfn.LET(_xlpm.x, R18:R75, _xlpm.x/SUM(_xlpm.x))} -> 0.60666478 | W18: 0.56983153 | X18: {=_xlfn.LET(_xlpm.x, ROUND(W18:W75/_xlfn.ANCHORARRAY(V18), 2), IFERROR(_xlpm.x, 0))} -> 0.94
A19: 0 | B19: 1 | C19: 24069989 | D19: 14293217 | E19: 6484275025 | F19: 3231900200 | G19: 0.24149702 | H19: 0.14339189 | I19: 0.53878504 | J19: 0.45222852 | L19: ="("&$A19&", "&$B19&"]" -> (0, 1] | M19: B | N19: 1.4 | O19: =_xlfn.SINGLE(_xlfn.XLOOKUP(M19, $G$17:$H$17, G19:H19)) -> 0.14339189 | P19: 0.20074864 | Q19: 0.21605223 | R19: {=INT(Q19:Q75*$B$2)} -> 216052229 | S19: 0.21605223 | T19: =_xlfn.LET(_xlpm.x, _xlfn.XLOOKUP(M19, $I$17:$J$17, I19:J19),_xlfn.SINGLE( IF(ISERROR(_xlfn.SINGLE(_xlpm.x)), 0, _xlpm.x)) * S19) -> 0.09770498 | V19: 0.21605223 | W19: 0.22894175 | X19: 1.06
A20: 1 | B20: 2 | C20: 10599327 | D20: 7577504 | E20: 7916648100 | F20: 6307987850 | G20: 0.10634429 | H20: 0.076018757 | I20: 1.493802 | J20: 1.664925 | L20: ="("&$A20&", "&$B20&"]" -> (1, 2] | M20: B | N20: 0.73 | O20: =_xlfn.SINGLE(_xlfn.XLOOKUP(M20, $G$17:$H$17, G20:H20)) -> 0.076018757 | P20: 0.055493693 | Q20: 0.059724121 | R20: 59724120 | S20: 0.05972412 | T20: =_xlfn.LET(_xlpm.x, _xlfn.XLOOKUP(M20, $I$17:$J$17, I20:J20),_xlfn.SINGLE( IF(ISERROR(_xlfn.SINGLE(_xlpm.x)), 0, _xlpm.x)) * S20) -> 0.099436179 | V20: 0.05972412 | W20: 0.0854506 | X20: 1.43
A21: 2 | B21: 3 | C21: 4317872 | D21: 8212762 | E21: 5365074350 | F21: 10557718000 | G21: 0.043321715 | H21: 0.082391769 | I21: 2.4850548 | J21: 2.5710517 | L21: ="("&$A21&", "&$B21&"]" -> (2, 3] | M21: B | N21: 0.44 | O21: =_xlfn.SINGLE(_xlfn.XLOOKUP(M21, $G$17:$H$17, G21:H21)) -> 0.082391769 | P21: 0.036252378 | Q21: 0.039015991 | R21: 39015991 | S21: 0.039015991 | T21: =_xlfn.LET(_xlpm.x, _xlfn.XLOOKUP(M21, $I$17:$J$17, I21:J21),_xlfn.SINGLE( IF(ISERROR(_xlfn.SINGLE(_xlpm.x)), 0, _xlpm.x)) * S21) -> 0.10031213 | V21: 0.039015991 | W21: 0.038785624 | X21: 0.99
A22: 3 | B22: 4 | C22: 2319169 | D22: 3584475 | E22: 4053262600 | F22: 6293472375 | G22: 0.023268494 | H22: 0.035960038 | I22: 3.4954439 | J22: 3.511517 | L22: ="("&$A22&", "&$B22&"]" -> (3, 4] | M22: B | N22: 0.73 | O22: =_xlfn.SINGLE(_xlfn.XLOOKUP(M22, $G$17:$H$17, G22:H22)) -> 0.035960038 | P22: 0.026250828 | Q22: 0.028251997 | R22: 28251996 | S22: 0.028251996 | T22: =_xlfn.LET(_xlpm.x, _xlfn.XLOOKUP(M22, $I$17:$J$17, I22:J22),_xlfn.SINGLE( IF(ISERROR(_xlfn.SINGLE(_xlpm.x)), 0, _xlpm.x)) * S22) -> 0.099207363 | V22: 0.028251996 | W22: 0.031936909 | X22: 1.13
A23: 4 | B23: 5 | C23: 1225076 | D23: 2870564 | E23: 2763500775 | F23: 6548399325 | G23: 0.012291331 | H23: 0.028797967 | I23: 4.5115581 | J23: 4.5624479 | L23: ="("&$A23&", "&$B23&"]" -> (4, 5] | M23: B | N23: 0.52 | O23: =_xlfn.SINGLE(_xlfn.XLOOKUP(M23, $G$17:$H$17, G23:H23)) -> 0.028797967 | P23: 0.014974943 | Q23: 0.016116521 | R23: 16116521 | S23: 0.016116521 | T23: =_xlfn.LET(_xlpm.x, _xlfn.XLOOKUP(M23, $I$17:$J$17, I23:J23),_xlfn.SINGLE( IF(ISERROR(_xlfn.SINGLE(_xlpm.x)), 0, _xlpm.x)) * S23) -> 0.073530787 | V23: 0.016116521 | W23: 0.014822717 | X23: 0.92
A24: 5 | B24: 6 | C24: 635676 | D24: 1428287 | E24: 1744656300 | F24: 3879725800 | G24: 0.0063778118 | H24: 0.014328808 | I24: 5.4891369 | J24: 5.4326978 | L24: ="("&$A24&", "&$B24&"]" -> (5, 6] | M24: B | N24: 0.6 | O24: =_xlfn.SINGLE(_xlfn.XLOOKUP(M24, $G$17:$H$17, G24:H24)) -> 0.014328808 | P24: 0.008597285 | Q24: 0.0092526783 | R24: 9252678 | S24: 0.009252678 | T24: =_xlfn.LET(_xlpm.x, _xlfn.XLOOKUP(M24, $I$17:$J$17, I24:J24),_xlfn.SINGLE( IF(ISERROR(_xlfn.SINGLE(_xlpm.x)), 0, _xlpm.x)) * S24) -> 0.050267003 | V24: 0.009252678 | W24: 0.0085792977 | X24: 0.93
A25: 6 | B25: 7 | C25: 344873 | D25: 667809 | E25: 1117022675 | F25: 2174876225 | G25: 0.0034601512 | H25: 0.0066995689 | I25: 6.4778784 | J25: 6.5134678 | L25: ="("&$A25&", "&$B25&"]" -> (6, 7] | M25: B | N25: 0.78 | O25: =_xlfn.SINGLE(_xlfn.XLOOKUP(M25, $G$17:$H$17, G25:H25)) -> 0.0066995689 | P25: 0.0052256637 | Q25: 0.0056240296 | R25: 5624029 | S25: 0.005624029 | T25: =_xlfn.LET(_xlpm.x, _xlfn.XLOOKUP(M25, $I$17:$J$17, I25:J25),_xlfn.SINGLE( IF(ISERROR(_xlfn.SINGLE(_xlpm.x)), 0, _xlpm.x)) * S25) -> 0.036631932 | V25: 0.005624029 | W25: 0.0052116137 | X25: 0.93
A26: 7 | B26: 8 | C26: 180642 | D26: 448887 | E26: 679329150 | F26: 1680408050 | G26: 0.0018124023 | H26: 0.0045033076 | I26: 7.5212758 | J26: 7.4869981 | L26: ="("&$A26&", "&$B26&"]" -> (7, 8] | M26: B | N26: 0.76 | O26: =_xlfn.SINGLE(_xlfn.XLOOKUP(M26, $G$17:$H$17, G26:H26)) -> 0.0045033076 | P26: 0.0034225138 | Q26: 0.0036834209 | R26: 3683420 | S26: 0.00368342 | T26: =_xlfn.LET(_xlpm.x, _xlfn.XLOOKUP(M26, $I$17:$J$17, I26:J26),_xlfn.SINGLE( IF(ISERROR(_xlfn.SINGLE(_xlpm.x)), 0, _xlpm.x)) * S26) -> 0.027577758 | V26: 0.00368342 | W26: 0.003414425 | X26: 0.93
A27: 8 | B27: 9 | C27: 115360 | D27: 203025 | E27: 490405250 | F27: 858801925 | G27: 0.0011574204 | H27: 0.0020367799 | I27: 8.5021715 | J27: 8.4600608 | L27: ="("&$A27&", "&$B27&"]" -> (8, 9] | M27: B | N27: 0.95 | O27: =_xlfn.SINGLE(_xlfn.XLOOKUP(M27, $G$17:$H$17, G27:H27)) -> 0.0020367799 | P27: 0.0019349409 | Q27: 0.0020824465 | R27: 2082446 | S27: 0.002082446 | T27: =_xlfn.LET(_xlpm.x, _xlfn.XLOOKUP(M27, $I$17:$J$17, I27:J27),_xlfn.SINGLE( IF(ISERROR(_xlfn.SINGLE(_xlpm.x)), 0, _xlpm.x)) * S27) -> 0.01761762 | V27: 0.002082446 | W27: 0.0021115215 | X27: 1.01
A28: 9 | B28: 10 | C28: 110733 | D28: 809720 | E28: 536395525 | F28: 4017884675 | G28: 0.0011109972 | H28: 0.0081232432 | I28: 9.688088 | J28: 9.9241335 | L28: ="("&$A28&", "&$B28&"]" -> (9, 10] | M28: B | N28: 0.219 | O28: =_xlfn.SINGLE(_xlfn.XLOOKUP(M28, $G$17:$H$17, G28:H28)) -> 0.0081232432 | P28: 0.0017789903 | Q28: 0.0019146073 | R28: 1914607 | S28: 0.001914607 | T28: =_xlfn.LET(_xlpm.x, _xlfn.XLOOKUP(M28, $I$17:$J$17, I28:J28),_xlfn.SINGLE( IF(ISERROR(_xlfn.SINGLE(_xlpm.x)), 0, _xlpm.x)) * S28) -> 0.019000815 | V28: 0.001914607 | W28: 0.0020624435 | X28: 1.08
A29: 10 | B29: 15 | C29: 368403 | D29: 2617397 | E29: 2180791300 | F29: 15386252675 | G29: 0.0036962304 | H29: 0.026258154 | I29: 11.839161 | J29: 11.756912 | L29: ="("&$A29&", "&$B29&"]" -> (10, 15] | M29: B | N29: 0.3 | O29: =_xlfn.SINGLE(_xlfn.XLOOKUP(M29, $G$17:$H$17, G29:H29)) -> 0.026258154 | P29: 0.0078774462 | Q29: 0.0084779643 | R29: 8477964 | S29: 0.008477964 | T29: =_xlfn.LET(_xlpm.x, _xlfn.XLOOKUP(M29, $I$17:$J$17, I29:J29),_xlfn.SINGLE( IF(ISERROR(_xlfn.SINGLE(_xlpm.x)), 0, _xlpm.x)) * S29) -> 0.099674674 | V29: 0.008477964 | W29: 0.0057070676 | X29: 0.67
A30: 15 | B30: 20 | C30: 40589 | D30: 376908 | E30: 337397050 | F30: 3135325925 | G30: 0.00040723419 | H30: 0.0037812026 | I30: 16.625049 | J30: 16.637089 | L30: ="("&$A30&", "&$B30&"]" -> (15, 20] | M30: B | N30: 0.13 | O30: =_xlfn.SINGLE(_xlfn.XLOOKUP(M30, $G$17:$H$17, G30:H30)) -> 0.0037812026 | P30: 0.00049155633 | Q30: 0.00052902895 | R30: 529028 | S30: 0.000529028 | T30: =_xlfn.LET(_xlpm.x, _xlfn.XLOOKUP(M30, $I$17:$J$17, I30:J30),_xlfn.SINGLE( IF(ISERROR(_xlfn.SINGLE(_xlpm.x)), 0, _xlpm.x)) * S30) -> 0.0088014858 | V30: 0.000529028 | W30: 0.0009897392 | X30: 1.87
A31: 20 | B31: 25 | C31: 5841 | D31: 138274 | E31: 65928150 | F31: 1616441950 | G31: 5.8603437e-05 | H31: 0.0013871873 | I31: 22.574268 | J31: 23.380273 | L31: ="("&$A31&", "&$B31&"]" -> (20, 25] | M31: B | N31: 0.21 | O31: =_xlfn.SINGLE(_xlfn.XLOOKUP(M31, $G$17:$H$17, G31:H31)) -> 0.0013871873 | P31: 0.00029130934 | Q31: 0.00031351661 | R31: 313516 | S31: 0.000313516 | T31: =_xlfn.LET(_xlpm.x, _xlfn.XLOOKUP(M31, $I$17:$J$17, I31:J31),_xlfn.SINGLE( IF(ISERROR(_xlfn.SINGLE(_xlpm.x)), 0, _xlpm.x)) * S31) -> 0.0073300897 | V31: 0.000313516 | W31: 0.00030965866 | X31: 0.99
... A54: 550 | B54: 600 | C54: 0 | D54: 0 | E54: 0 | F54: 0 | G54: 0 | H54: 0 | I54: 0 | J54: 0 | L54: ="("&$A54&", "&$B54&"]" -> (550, 600] | M54: B | N54: 0 | O54: =_xlfn.SINGLE(_xlfn.XLOOKUP(M54, $G$17:$H$17, G54:H54)) -> 0 | P54: 0 | Q54: 0 | R54: 0 | S54: 0 | T54: =_xlfn.LET(_xlpm.x, _xlfn.XLOOKUP(M54, $I$17:$J$17, I54:J54),_xlfn.SINGLE( IF(ISERROR(_xlfn.SINGLE(_xlpm.x)), 0, _xlpm.x)) * S54) -> 0 | V54: 0 | W54: 2.3370465e-06 | X54: 0
A55: 600 | B55: 650 | C55: 0 | D55: 0 | E55: 0 | F55: 0 | G55: 0 | H55: 0 | I55: 0 | J55: 0 | L55: ="("&$A55&", "&$B55&"]" -> (600, 650] | M55: B | N55: 0 | O55: =_xlfn.SINGLE(_xlfn.XLOOKUP(M55, $G$17:$H$17, G55:H55)) -> 0 | P55: 0 | Q55: 0 | R55: 0 | S55: 0 | T55: =_xlfn.LET(_xlpm.x, _xlfn.XLOOKUP(M55, $I$17:$J$17, I55:J55),_xlfn.SINGLE( IF(ISERROR(_xlfn.SINGLE(_xlpm.x)), 0, _xlpm.x)) * S55) -> 0 | V55: 0 | X55: 0
A56: 650 | B56: 700 | C56: 0 | D56: 0 | E56: 0 | F56: 0 | G56: 0 | H56: 0 | I56: 0 | J56: 0 | L56: ="("&$A56&", "&$B56&"]" -> (650, 700] | M56: B | N56: 0 | O56: =_xlfn.SINGLE(_xlfn.XLOOKUP(M56, $G$17:$H$17, G56:H56)) -> 0 | P56: 0 | Q56: 0 | R56: 0 | S56: 0 | T56: =_xlfn.LET(_xlpm.x, _xlfn.XLOOKUP(M56, $I$17:$J$17, I56:J56),_xlfn.SINGLE( IF(ISERROR(_xlfn.SINGLE(_xlpm.x)), 0, _xlpm.x)) * S56) -> 0 | V56: 0 | W56: 1.1685233e-06 | X56: 0
A57: 700 | B57: 750 | C57: 0 | D57: 0 | E57: 0 | F57: 0 | G57: 0 | H57: 0 | I57: 0 | J57: 0 | L57: ="("&$A57&", "&$B57&"]" -> (700, 750] | M57: B | N57: 0 | O57: =_xlfn.SINGLE(_xlfn.XLOOKUP(M57, $G$17:$H$17, G57:H57)) -> 0 | P57: 0 | Q57: 0 | R57: 0 | S57: 0 | T57: =_xlfn.LET(_xlpm.x, _xlfn.XLOOKUP(M57, $I$17:$J$17, I57:J57),_xlfn.SINGLE( IF(ISERROR(_xlfn.SINGLE(_xlpm.x)), 0, _xlpm.x)) * S57) -> 0 | V57: 0 | X57: 0
A58: 750 | B58: 800 | C58: 0 | D58: 0 | E58: 0 | F58: 0 | G58: 0 | H58: 0 | I58: 0 | J58: 0 | L58: ="("&$A58&", "&$B58&"]" -> (750, 800] | M58: B | N58: 0 | O58: =_xlfn.SINGLE(_xlfn.XLOOKUP(M58, $G$17:$H$17, G58:H58)) -> 0 | P58: 0 | Q58: 0 | R58: 0 | S58: 0 | T58: =_xlfn.LET(_xlpm.x, _xlfn.XLOOKUP(M58, $I$17:$J$17, I58:J58),_xlfn.SINGLE( IF(ISERROR(_xlfn.SINGLE(_xlpm.x)), 0, _xlpm.x)) * S58) -> 0 | V58: 0 | W58: 3.5055698e-06 | X58: 0
A59: 800 | B59: 850 | C59: 0 | D59: 0 | E59: 0 | F59: 0 | G59: 0 | H59: 0 | I59: 0 | J59: 0 | L59: ="("&$A59&", "&$B59&"]" -> (800, 850] | M59: B | N59: 0 | O59: =_xlfn.SINGLE(_xlfn.XLOOKUP(M59, $G$17:$H$17, G59:H59)) -> 0 | P59: 0 | Q59: 0 | R59: 0 | S59: 0 | T59: =_xlfn.LET(_xlpm.x, _xlfn.XLOOKUP(M59, $I$17:$J$17, I59:J59),_xlfn.SINGLE( IF(ISERROR(_xlfn.SINGLE(_xlpm.x)), 0, _xlpm.x)) * S59) -> 0 | V59: 0 | X59: 0
A60: 850 | B60: 900 | C60: 0 | D60: 0 | E60: 0 | F60: 0 | G60: 0 | H60: 0 | I60: 0 | J60: 0 | L60: ="("&$A60&", "&$B60&"]" -> (850, 900] | M60: B | N60: 0 | O60: =_xlfn.SINGLE(_xlfn.XLOOKUP(M60, $G$17:$H$17, G60:H60)) -> 0 | P60: 0 | Q60: 0 | R60: 0 | S60: 0 | T60: =_xlfn.LET(_xlpm.x, _xlfn.XLOOKUP(M60, $I$17:$J$17, I60:J60),_xlfn.SINGLE( IF(ISERROR(_xlfn.SINGLE(_xlpm.x)), 0, _xlpm.x)) * S60) -> 0 | V60: 0 | X60: 0
A61: 900 | B61: 950 | C61: 0 | D61: 0 | E61: 0 | F61: 0 | G61: 0 | H61: 0 | I61: 0 | J61: 0 | L61: ="("&$A61&", "&$B61&"]" -> (900, 950] | M61: B | N61: 0 | O61: =_xlfn.SINGLE(_xlfn.XLOOKUP(M61, $G$17:$H$17, G61:H61)) -> 0 | P61: 0 | Q61: 0 | R61: 0 | S61: 0 | T61: =_xlfn.LET(_xlpm.x, _xlfn.XLOOKUP(M61, $I$17:$J$17, I61:J61),_xlfn.SINGLE( IF(ISERROR(_xlfn.SINGLE(_xlpm.x)), 0, _xlpm.x)) * S61) -> 0 | V61: 0 | X61: 0
A62: 950 | B62: 1000 | C62: 0 | D62: 0 | E62: 0 | F62: 0 | G62: 0 | H62: 0 | I62: 0 | J62: 0 | L62: ="("&$A62&", "&$B62&"]" -> (950, 1000] | M62: B | N62: 0 | O62: =_xlfn.SINGLE(_xlfn.XLOOKUP(M62, $G$17:$H$17, G62:H62)) -> 0 | P62: 0 | Q62: 0 | R62: 0 | S62: 0 | T62: =_xlfn.LET(_xlpm.x, _xlfn.XLOOKUP(M62, $I$17:$J$17, I62:J62),_xlfn.SINGLE( IF(ISERROR(_xlfn.SINGLE(_xlpm.x)), 0, _xlpm.x)) * S62) -> 0 | V62: 0 | X62: 0
A63: 1000 | B63: 2000 | C63: 0 | D63: 0 | E63: 0 | F63: 0 | G63: 0 | H63: 0 | I63: 0 | J63: 0 | L63: ="("&$A63&", "&$B63&"]" -> (1000, 2000] | M63: B | N63: 0 | O63: =_xlfn.SINGLE(_xlfn.XLOOKUP(M63, $G$17:$H$17, G63:H63)) -> 0 | P63: 0 | Q63: 0 | R63: 0 | S63: 0 | T63: =_xlfn.LET(_xlpm.x, _xlfn.XLOOKUP(M63, $I$17:$J$17, I63:J63),_xlfn.SINGLE( IF(ISERROR(_xlfn.SINGLE(_xlpm.x)), 0, _xlpm.x)) * S63) -> 0 | V63: 0 | W63: 7.0111395e-06 | X63: 0
A64: 2000 | B64: 3000 | C64: 0 | D64: 0 | E64: 0 | F64: 0 | G64: 0 | H64: 0 | I64: 0 | J64: 0 | L64: ="("&$A64&", "&$B64&"]" -> (2000, 3000] | M64: B | N64: 0 | O64: =_xlfn.SINGLE(_xlfn.XLOOKUP(M64, $G$17:$H$17, G64:H64)) -> 0 | P64: 0 | Q64: 0 | R64: 0 | S64: 0 | T64: =_xlfn.LET(_xlpm.x, _xlfn.XLOOKUP(M64, $I$17:$J$17, I64:J64),_xlfn.SINGLE( IF(ISERROR(_xlfn.SINGLE(_xlpm.x)), 0, _xlpm.x)) * S64) -> 0 | V64: 0 | W64: 1.1685233e-06 | X64: 0
A65: 3000 | B65: 4000 | C65: 0 | D65: 0 | E65: 0 | F65: 0 | G65: 0 | H65: 0 | I65: 0 | J65: 0 | L65: ="("&$A65&", "&$B65&"]" -> (3000, 4000] | M65: B | N65: 0 | O65: =_xlfn.SINGLE(_xlfn.XLOOKUP(M65, $G$17:$H$17, G65:H65)) -> 0 | P65: 0 | Q65: 0 | R65: 0 | S65: 0 | T65: =_xlfn.LET(_xlpm.x, _xlfn.XLOOKUP(M65, $I$17:$J$17, I65:J65),_xlfn.SINGLE( IF(ISERROR(_xlfn.SINGLE(_xlpm.x)), 0, _xlpm.x)) * S65) -> 0 | V65: 0 | W65: 2.3370465e-06 | X65: 0
A66: 4000 | B66: 5000 | C66: 0 | D66: 0 | E66: 0 | F66: 0 | G66: 0 | H66: 0 | I66: 0 | J66: 0 | L66: ="("&$A66&", "&$B66&"]" -> (4000, 5000] | M66: B | N66: 0 | O66: =_xlfn.SINGLE(_xlfn.XLOOKUP(M66, $G$17:$H$17, G66:H66)) -> 0 | P66: 0 | Q66: 0 | R66: 0 | S66: 0 | T66: =_xlfn.LET(_xlpm.x, _xlfn.XLOOKUP(M66, $I$17:$J$17, I66:J66),_xlfn.SINGLE( IF(ISERROR(_xlfn.SINGLE(_xlpm.x)), 0, _xlpm.x)) * S66) -> 0 | V66: 0 | X66: 0
A67: 5000 | B67: 6000 | C67: 0 | D67: 0 | E67: 0 | F67: 0 | G67: 0 | H67: 0 | I67: 0 | J67: 0 | L67: ="("&$A67&", "&$B67&"]" -> (5000, 6000] | M67: B | N67: 0 | O67: =_xlfn.SINGLE(_xlfn.XLOOKUP(M67, $G$17:$H$17, G67:H67)) -> 0 | P67: 0 | Q67: 0 | R67: 0 | S67: 0 | T67: =_xlfn.LET(_xlpm.x, _xlfn.XLOOKUP(M67, $I$17:$J$17, I67:J67),_xlfn.SINGLE( IF(ISERROR(_xlfn.SINGLE(_xlpm.x)), 0, _xlpm.x)) * S67) -> 0 | V67: 0 | X67: 0
A68: 6000 | B68: 7000 | C68: 0 | D68: 0 | E68: 0 | F68: 0 | G68: 0 | H68: 0 | I68: 0 | J68: 0 | L68: ="("&$A68&", "&$B68&"]" -> (6000, 7000] | M68: B | N68: 0 | O68: =_xlfn.SINGLE(_xlfn.XLOOKUP(M68, $G$17:$H$17, G68:H68)) -> 0 | P68: 0 | Q68: 0 | R68: 0 | S68: 0 | T68: =_xlfn.LET(_xlpm.x, _xlfn.XLOOKUP(M68, $I$17:$J$17, I68:J68),_xlfn.SINGLE( IF(ISERROR(_xlfn.SINGLE(_xlpm.x)), 0, _xlpm.x)) * S68) -> 0 | V68: 0 | X68: 0
A69: 7000 | B69: 8000 | C69: 0 | D69: 0 | E69: 0 | F69: 0 | G69: 0 | H69: 0 | I69: 0 | J69: 0 | L69: ="("&$A69&", "&$B69&"]" -> (7000, 8000] | M69: B | N69: 0 | O69: =_xlfn.XLOOKUP(M69, $G$17:$H$17, G69:H69) -> 0 | P69: 0 | Q69: 0 | R69: 0 | S69: 0 | T69: =_xlfn.LET(_xlpm.x, _xlfn.XLOOKUP(M69, $I$17:$J$17, I69:J69),_xlfn.SINGLE( IF(ISERROR(_xlfn.SINGLE(_xlpm.x)), 0, _xlpm.x)) * S69) -> 0 | V69: 0 | X69: 0
A70: 8000 | B70: 9000 | C70: 0 | D70: 0 | E70: 0 | F70: 0 | G70: 0 | H70: 0 | I70: 0 | J70: 0 | L70: ="("&$A70&", "&$B70&"]" -> (8000, 9000] | M70: B | N70: 0 | O70: =_xlfn.XLOOKUP(M70, $G$17:$H$17, G70:H70) -> 0 | P70: 0 | Q70: 0 | R70: 0 | S70: 0 | T70: =_xlfn.LET(_xlpm.x, _xlfn.XLOOKUP(M70, $I$17:$J$17, I70:J70),_xlfn.SINGLE( IF(ISERROR(_xlfn.SINGLE(_xlpm.x)), 0, _xlpm.x)) * S70) -> 0 | V70: 0 | X70: 0
A71: 9000 | B71: 10000 | C71: 0 | D71: 0 | E71: 0 | F71: 0 | G71: 0 | H71: 0 | I71: 0 | J71: 0 | L71: ="("&$A71&", "&$B71&"]" -> (9000, 10000] | M71: B | N71: 0 | O71: =_xlfn.XLOOKUP(M71, $G$17:$H$17, G71:H71) -> 0 | P71: 0 | Q71: 0 | R71: 0 | S71: 0 | T71: =_xlfn.LET(_xlpm.x, _xlfn.XLOOKUP(M71, $I$17:$J$17, I71:J71),_xlfn.SINGLE( IF(ISERROR(_xlfn.SINGLE(_xlpm.x)), 0, _xlpm.x)) * S71) -> 0 | V71: 0 | X71: 0
A72: 10000 | B72: 20000 | C72: 0 | D72: 0 | E72: 0 | F72: 0 | G72: 0 | H72: 0 | I72: 0 | J72: 0 | L72: ="("&$A72&", "&$B72&"]" -> (10000, 20000] | M72: B | N72: 0 | O72: =_xlfn.XLOOKUP(M72, $G$17:$H$17, G72:H72) -> 0 | P72: 0 | Q72: 0 | R72: 0 | S72: 0 | T72: =_xlfn.LET(_xlpm.x, _xlfn.XLOOKUP(M72, $I$17:$J$17, I72:J72),_xlfn.SINGLE( IF(ISERROR(_xlfn.SINGLE(_xlpm.x)), 0, _xlpm.x)) * S72) -> 0 | V72: 0 | X72: 0
A73: 20000 | B73: 30000 | C73: 0 | D73: 0 | E73: 0 | F73: 0 | G73: 0 | H73: 0 | I73: 0 | J73: 0 | L73: ="("&$A73&", "&$B73&"]" -> (20000, 30000] | M73: B | N73: 0 | O73: =_xlfn.XLOOKUP(M73, $G$17:$H$17, G73:H73) -> 0 | P73: 0 | Q73: 0 | R73: 0 | S73: 0 | T73: =_xlfn.LET(_xlpm.x, _xlfn.XLOOKUP(M73, $I$17:$J$17, I73:J73),_xlfn.SINGLE( IF(ISERROR(_xlfn.SINGLE(_xlpm.x)), 0, _xlpm.x)) * S73) -> 0 | V73: 0 | X73: 0
A74: 30000 | B74: 40000 | C74: 0 | D74: 0 | E74: 0 | F74: 0 | G74: 0 | H74: 0 | I74: 0 | J74: 0 | L74: ="("&$A74&", "&$B74&"]" -> (30000, 40000] | M74: B | N74: 0 | O74: =_xlfn.SINGLE(_xlfn.XLOOKUP(M74, $G$17:$H$17, G74:H74)) -> 0 | P74: 0 | Q74: 0 | R74: 0 | S74: 0 | T74: =_xlfn.LET(_xlpm.x, _xlfn.XLOOKUP(M74, $I$17:$J$17, I74:J74),_xlfn.SINGLE( IF(ISERROR(_xlfn.SINGLE(_xlpm.x)), 0, _xlpm.x)) * S74) -> 0 | V74: 0 | X74: 0
A75: FG Trigger | B75: =C75/C76 -> 0.00330078 | C75: 330078 | D75: 0 | E75: 825830650 | F75: 0 | I75: =E75/C75/$B$3 -> 5.0038515 | L75: FG Trigger | M75: A | N75: 0.6059 | O75: =B75 -> 0.00330078 | P75: 0.0019999426 | Q75: =P75 -> 0.0019999426 | R75: 1999942 | S75: 0.001999942 | T75: =_xlfn.LET(_xlpm.x, _xlfn.XLOOKUP(M75, $I$17:$J$17, I75:J75),_xlfn.SINGLE( IF(ISERROR(_xlfn.SINGLE(_xlpm.x)), 0, _xlpm.x)) * S75) -> 0.010007413 | V75: 0.001999942 | X75: 0
A76: 0.001 | C76: 100000000
B77: BF/SF | C77: 10000000 | E77: 16571487025
A78: Extra Bet
A81: Lower | B81: Upper | C81: Simulator Cnt | E81: Simulator Pay | G81: Simulator Rate | I81: Avg. Multi. | L81: Range | M81: 使用的表 | N81: Fix Num | O81: Rate | P81: Fix Rate | Q81: Final Rate | R81: Weight | S81: Hit Rate | T81: Simulator RTP | V81: 目前 | W81: 競品 | X81: 差異
C82: A | D82: B | E82: A | F82: B | G82: A | H82: B | I82: A | J82: B
A83: -1 | B83: 0 | C83: {=C18:F75} -> 55325589 | D83: 56174458 | E83: 0 | F83: 0 | G83: {=_xlfn.LET(_xlpm.x, C83:C139, _xlpm.x/SUM(_xlpm.x))} -> 0.55508811 | H83: {=_xlfn.LET(_xlpm.x, D83:D139, _xlpm.x/SUM(_xlpm.x))} -> 0.56355133 | I83: {=_xlfn.LET(_xlpm.x, E83:E139/C83:C139/$B$3, IFERROR(_xlpm.x, 0))} -> 0 | J83: {=_xlfn.LET(_xlpm.x, F83:F139/D83:D139/$B$3, IFERROR(_xlpm.x, 0))} -> 0 | L83: ="("&$A83&", "&$B83&"]" -> (-1, 0] | M83: B | N83: 1 | O83: =_xlfn.SINGLE(_xlfn.XLOOKUP(M83, $G$17:$H$17, G83:H83)) -> 0.56355133 | P83: {=O83:O140*N83:N140} -> 0.56355133 | Q83: {=P83:P139/SUM(_xlfn.ANCHORARRAY(P83))} -> 0.60478582 | R83: =$B$2-SUM(_xlfn.ANCHORARRAY(R84)) -> 605126242 | S83: {=_xlfn.LET(_xlpm.x, R83:R140, _xlpm.x/SUM(_xlpm.x))} -> 0.60512624 | T83: =_xlfn.LET(_xlpm.x, _xlfn.XLOOKUP(M83, $I$17:$J$17, I83:J83), IF(ISERROR(_xlpm.x), 0, _xlpm.x) * S83)/Overview!$B$7 -> 0 | V83: {=_xlfn.LET(_xlpm.x, R83:R140, _xlpm.x/SUM(_xlpm.x))} -> 0.60512624 | W83: 0.56957507 | X83: {=_xlfn.LET(_xlpm.x, ROUND(W83:W140/_xlfn.ANCHORARRAY(V83), 2), IFERROR(_xlpm.x, 0))} -> 0.94
A84: 0 | B84: 1 | C84: 24069989 | D84: 14293217 | E84: 6484275025 | F84: 3231900200 | G84: 0.24149702 | H84: 0.14339189 | I84: 0.53878504 | J84: 0.45222852 | L84: ="("&$A84&", "&$B84&"]" -> (0, 1] | M84: B | N84: 1.4 | O84: =_xlfn.SINGLE(_xlfn.XLOOKUP(M84, $G$17:$H$17, G84:H84)) -> 0.14339189 | P84: 0.20074864 | Q84: 0.21543722 | R84: {=INT(Q84:Q140*$B$2)} -> 215437218 | S84: 0.21543722 | T84: =_xlfn.LET(_xlpm.x, _xlfn.XLOOKUP(M84, $I$17:$J$17, I84:J84), IF(ISERROR(_xlpm.x), 0, _xlpm.x) * S84)/Overview!$B$7 -> 0.077941484 | V84: 0.21543722 | W84: 0.22958295 | X84: 1.07
A85: 1 | B85: 2 | C85: 10599327 | D85: 7577504 | E85: 7916648100 | F85: 6307987850 | G85: 0.10634429 | H85: 0.076018757 | I85: 1.493802 | J85: 1.664925 | L85: ="("&$A85&", "&$B85&"]" -> (1, 2] | M85: B | N85: 0.73 | O85: =_xlfn.SINGLE(_xlfn.XLOOKUP(M85, $G$17:$H$17, G85:H85)) -> 0.076018757 | P85: 0.055493693 | Q85: 0.059554111 | R85: 59554110 | S85: 0.05955411 | T85: =_xlfn.LET(_xlpm.x, _xlfn.XLOOKUP(M85, $I$17:$J$17, I85:J85), IF(ISERROR(_xlpm.x), 0, _xlpm.x) * S85)/Overview!$B$7 -> 0.0793225 | V85: 0.05955411 | W85: 0.085959579 | X85: 1.44
A86: 2 | B86: 3 | C86: 4317872 | D86: 8212762 | E86: 5365074350 | F86: 10557718000 | G86: 0.043321715 | H86: 0.082391769 | I86: 2.4850548 | J86: 2.5710517 | L86: ="("&$A86&", "&$B86&"]" -> (2, 3] | M86: B | N86: 0.44 | O86: =_xlfn.SINGLE(_xlfn.XLOOKUP(M86, $G$17:$H$17, G86:H86)) -> 0.082391769 | P86: 0.036252378 | Q86: 0.038904929 | R86: 38904928 | S86: 0.038904928 | T86: =_xlfn.LET(_xlpm.x, _xlfn.XLOOKUP(M86, $I$17:$J$17, I86:J86), IF(ISERROR(_xlpm.x), 0, _xlpm.x) * S86)/Overview!$B$7 -> 0.080021266 | V86: 0.038904928 | W86: 0.03875045 | X86: 1
A87: 3 | B87: 4 | C87: 2319169 | D87: 3584475 | E87: 4053262600 | F87: 6293472375 | G87: 0.023268494 | H87: 0.035960038 | I87: 3.4954439 | J87: 3.511517 | L87: ="("&$A87&", "&$B87&"]" -> (3, 4] | M87: B | N87: 0.73 | O87: =_xlfn.SINGLE(_xlfn.XLOOKUP(M87, $G$17:$H$17, G87:H87)) -> 0.035960038 | P87: 0.026250828 | Q87: 0.028171575 | R87: 28171574 | S87: 0.028171574 | T87: =_xlfn.LET(_xlpm.x, _xlfn.XLOOKUP(M87, $I$17:$J$17, I87:J87), IF(ISERROR(_xlpm.x), 0, _xlpm.x) * S87)/Overview!$B$7 -> 0.079139968 | V87: 0.028171574 | W87: 0.032026186 | X87: 1.14
A88: 4 | B88: 5 | C88: 1225076 | D88: 2870564 | E88: 2763500775 | F88: 6548399325 | G88: 0.012291331 | H88: 0.028797967 | I88: 4.5115581 | J88: 4.5624479 | L88: ="("&$A88&", "&$B88&"]" -> (4, 5] | M88: B | N88: 0.52 | O88: =_xlfn.SINGLE(_xlfn.XLOOKUP(M88, $G$17:$H$17, G88:H88)) -> 0.028797967 | P88: 0.014974943 | Q88: 0.016070644 | R88: 16070644 | S88: 0.016070644 | T88: =_xlfn.LET(_xlpm.x, _xlfn.XLOOKUP(M88, $I$17:$J$17, I88:J88), IF(ISERROR(_xlpm.x), 0, _xlpm.x) * S88)/Overview!$B$7 -> 0.058657181 | V88: 0.016070644 | W88: 0.01498512 | X88: 0.93
A89: 5 | B89: 6 | C89: 635676 | D89: 1428287 | E89: 1744656300 | F89: 3879725800 | G89: 0.0063778118 | H89: 0.014328808 | I89: 5.4891369 | J89: 5.4326978 | L89: ="("&$A89&", "&$B89&"]" -> (5, 6] | M89: B | N89: 0.6 | O89: =_xlfn.SINGLE(_xlfn.XLOOKUP(M89, $G$17:$H$17, G89:H89)) -> 0.014328808 | P89: 0.008597285 | Q89: 0.0092263398 | R89: 9226339 | S89: 0.009226339 | T89: =_xlfn.LET(_xlpm.x, _xlfn.XLOOKUP(M89, $I$17:$J$17, I89:J89), IF(ISERROR(_xlpm.x), 0, _xlpm.x) * S89)/Overview!$B$7 -> 0.040099129 | V89: 0.009226339 | W89: 0.008603128 | X89: 0.93
A90: 6 | B90: 7 | C90: 344873 | D90: 667809 | E90: 1117022675 | F90: 2174876225 | G90: 0.0034601512 | H90: 0.0066995689 | I90: 6.4778784 | J90: 6.5134678 | L90: ="("&$A90&", "&$B90&"]" -> (6, 7] | M90: B | N90: 0.78 | O90: =_xlfn.SINGLE(_xlfn.XLOOKUP(M90, $G$17:$H$17, G90:H90)) -> 0.0066995689 | P90: 0.0052256637 | Q90: 0.0056080203 | R90: 5608020 | S90: 0.00560802 | T90: =_xlfn.LET(_xlpm.x, _xlfn.XLOOKUP(M90, $I$17:$J$17, I90:J90), IF(ISERROR(_xlpm.x), 0, _xlpm.x) * S90)/Overview!$B$7 -> 0.029222126 | V90: 0.00560802 | W90: 0.005229215 | X90: 0.93
A91: 7 | B91: 8 | C91: 180642 | D91: 448887 | E91: 679329150 | F91: 1680408050 | G91: 0.0018124023 | H91: 0.0045033076 | I91: 7.5212758 | J91: 7.4869981 | L91: ="("&$A91&", "&$B91&"]" -> (7, 8] | M91: B | N91: 0.76 | O91: =_xlfn.SINGLE(_xlfn.XLOOKUP(M91, $G$17:$H$17, G91:H91)) -> 0.0045033076 | P91: 0.0034225138 | Q91: 0.0036729357 | R91: 3672935 | S91: 0.003672935 | T91: =_xlfn.LET(_xlpm.x, _xlfn.XLOOKUP(M91, $I$17:$J$17, I91:J91), IF(ISERROR(_xlpm.x), 0, _xlpm.x) * S91)/Overview!$B$7 -> 0.021999406 | V91: 0.003672935 | W91: 0.003424839 | X91: 0.93
A92: 8 | B92: 9 | C92: 115360 | D92: 203025 | E92: 490405250 | F92: 858801925 | G92: 0.0011574204 | H92: 0.0020367799 | I92: 8.5021715 | J92: 8.4600608 | L92: ="("&$A92&", "&$B92&"]" -> (8, 9] | M92: B | N92: 0.95 | O92: =_xlfn.SINGLE(_xlfn.XLOOKUP(M92, $G$17:$H$17, G92:H92)) -> 0.0020367799 | P92: 0.0019349409 | Q92: 0.0020765186 | R92: 2076518 | S92: 0.002076518 | T92: =_xlfn.LET(_xlpm.x, _xlfn.XLOOKUP(M92, $I$17:$J$17, I92:J92), IF(ISERROR(_xlpm.x), 0, _xlpm.x) * S92)/Overview!$B$7 -> 0.014053975 | V92: 0.002076518 | W92: 0.001936256 | X92: 0.93
A93: 9 | B93: 10 | C93: 110733 | D93: 809720 | E93: 536395525 | F93: 4017884675 | G93: 0.0011109972 | H93: 0.0081232432 | I93: 9.688088 | J93: 9.9241335 | L93: ="("&$A93&", "&$B93&"]" -> (9, 10] | M93: B | N93: 0.219 | O93: =_xlfn.SINGLE(_xlfn.XLOOKUP(M93, $G$17:$H$17, G93:H93)) -> 0.0081232432 | P93: 0.0017789903 | Q93: 0.0019091572 | R93: 1909157 | S93: 0.001909157 | T93: =_xlfn.LET(_xlpm.x, _xlfn.XLOOKUP(M93, $I$17:$J$17, I93:J93), IF(ISERROR(_xlpm.x), 0, _xlpm.x) * S93)/Overview!$B$7 -> 0.015157383 | V93: 0.001909157 | W93: 0.001804585 | X93: 0.95
A94: 10 | B94: 15 | C94: 368403 | D94: 2617397 | E94: 2180791300 | F94: 15386252675 | G94: 0.0036962304 | H94: 0.026258154 | I94: 11.839161 | J94: 11.756912 | L94: ="("&$A94&", "&$B94&"]" -> (10, 15] | M94: B | N94: 0.3 | O94: =_xlfn.SINGLE(_xlfn.XLOOKUP(M94, $G$17:$H$17, G94:H94)) -> 0.026258154 | P94: 0.0078774462 | Q94: 0.0084538311 | R94: 8453831 | S94: 0.008453831 | T94: =_xlfn.LET(_xlpm.x, _xlfn.XLOOKUP(M94, $I$17:$J$17, I94:J94), IF(ISERROR(_xlpm.x), 0, _xlpm.x) * S94)/Overview!$B$7 -> 0.079512756 | V94: 0.008453831 | W94: 0.005063385 | X94: 0.6
A95: 15 | B95: 20 | C95: 40589 | D95: 376908 | E95: 337397050 | F95: 3135325925 | G95: 0.00040723419 | H95: 0.0037812026 | I95: 16.625049 | J95: 16.637089 | L95: ="("&$A95&", "&$B95&"]" -> (15, 20] | M95: B | N95: 0.13 | O95: =_xlfn.SINGLE(_xlfn.XLOOKUP(M95, $G$17:$H$17, G95:H95)) -> 0.0037812026 | P95: 0.00049155633 | Q95: 0.00052752302 | R95: 527523 | S95: 0.000527523 | T95: =_xlfn.LET(_xlpm.x, _xlfn.XLOOKUP(M95, $I$17:$J$17, I95:J95), IF(ISERROR(_xlpm.x), 0, _xlpm.x) * S95)/Overview!$B$7 -> 0.0070211576 | V95: 0.000527523 | W95: 0.00049189 | X95: 0.93
A96: 20 | B96: 25 | C96: 5841 | D96: 138274 | E96: 65928150 | F96: 1616441950 | G96: 5.8603437e-05 | H96: 0.0013871873 | I96: 22.574268 | J96: 23.380273 | L96: ="("&$A96&", "&$B96&"]" -> (20, 25] | M96: B | N96: 0.21 | O96: =_xlfn.SINGLE(_xlfn.XLOOKUP(M96, $G$17:$H$17, G96:H96)) -> 0.0013871873 | P96: 0.00029130934 | Q96: 0.00031262415 | R96: 312624 | S96: 0.000312624 | T96: =_xlfn.LET(_xlpm.x, _xlfn.XLOOKUP(M96, $I$17:$J$17, I96:J96), IF(ISERROR(_xlpm.x), 0, _xlpm.x) * S96)/Overview!$B$7 -> 0.0058473876 | V96: 0.000312624 | W96: 0.000291507 | X96: 0.93
... A139: 30000 | B139: 40000 | C139: 0 | D139: 0 | E139: 0 | F139: 0 | G139: 0 | H139: 0 | I139: 0 | J139: 0 | L139: ="("&$A139&", "&$B139&"]" -> (30000, 40000] | M139: B | N139: 0 | O139: =_xlfn.SINGLE(_xlfn.XLOOKUP(M139, $G$17:$H$17, G139:H139)) -> 0 | P139: 0 | Q139: 0 | R139: 0 | S139: 0 | T139: =_xlfn.LET(_xlpm.x, _xlfn.XLOOKUP(M139, $I$17:$J$17, I139:J139), IF(ISERROR(_xlpm.x), 0, _xlpm.x) * S139)/Overview!$B$7 -> 0 | V139: 0 | W139: 0 | X139: 0
A140: FG Trigger | B140: =B75 -> 0.00330078 | C140: 330078 | D140: 0 | E140: 825830650 | F140: 0 | I140: =E140/C140/$B$3 -> 5.0038515 | L140: FG Trigger | M140: A | N140: 1.4095 | O140: =B140 -> 0.00330078 | P140: 0.0046524494 | Q140: =P140 -> 0.0046524494 | R140: 4652449 | S140: 0.004652449 | T140: =_xlfn.LET(_xlpm.x, _xlfn.XLOOKUP(M140, $I$17:$J$17, I140:J140), IF(ISERROR(_xlpm.x), 0, _xlpm.x) * S140)/Overview!$B$7 -> 0.018624131 | V140: 0.004652449 | W140: 0.001999942 | X140: 0.43
A143: Free Game
A146: Lower | B146: Upper | C146: Simulator Cnt | E146: Simulator Pay | G146: Simulator Rate | I146: Avg. Multi. | L146: Range | M146: 使用的表 | N146: Fix Num | O146: Rate | P146: Fix Rate | Q146: Final Rate | R146: Weight | S146: Hit Rate | T146: Simulator RTP | V146: 目前 | W146: 競品 | X146: 差異
C147: A | D147: B | E147: A | F147: B | G147: A | H147: B | I147: A | J147: B
A148: -1 | B148: 0 | C148: {=工作表1!D122:D178} -> 1735 | D148: {=工作表1!I122:I178} -> 4205 | E148: {=工作表1!F122:F178} -> 0 | F148: {=工作表1!K122:K178} -> 0 | G148: {=_xlfn.LET(_xlpm.x, C148:C204, _xlpm.x/SUM(_xlpm.x))} -> 0.0052563334 | H148: {=_xlfn.LET(_xlpm.x, D148:D204, _xlpm.x/SUM(_xlpm.x))} -> 0.013115992 | I148: {=E148:E204/C148:C204/$B$3} -> 0 | J148: {=F148:F204/D148:D204/$B$3} -> 0 | L148: ="("&$A148&", "&$B148&"]" -> (-1, 0] | M148: A | N148: 0 | O148: =_xlfn.SINGLE(_xlfn.XLOOKUP(M148, $G$147:$H$147, G148:H148)) -> 0.0052563334 | P148: {=O148:O204*N148:N204} -> 0 | Q148: {=_xlfn.LET(_xlpm.x,_xlfn.ANCHORARRAY( P148), _xlpm.x/SUM(_xlpm.x))} -> 0 | R148: 0 | S148: {=_xlfn.LET(_xlpm.x, R148:R204, _xlpm.x/SUM(_xlpm.x))} -> 0 | T148: =_xlfn.LET(_xlpm.x, _xlfn.XLOOKUP(M148, $I$17:$J$17, I148:J148), IF(ISERROR(_xlpm.x), 0, _xlpm.x) * S148) -> 0 | V148: {=_xlfn.LET(_xlpm.x, R148:R204, _xlpm.x/SUM(_xlpm.x))} -> 0 | W148: 0.034962301 | X148: {=_xlfn.LET(_xlpm.x, ROUND(W148:W204/_xlfn.ANCHORARRAY(V148), 2), IFERROR(_xlpm.x, 0))} -> 0
A149: 0 | B149: 1 | C149: 2935 | D149: 2811 | E149: 888275 | F149: 815625 | G149: 0.0088918377 | H149: 0.0087679078 | I149: 0.60529813 | J149: 0.5803095 | L149: ="("&$A149&", "&$B149&"]" -> (0, 1] | M149: A | N149: 0 | O149: =_xlfn.SINGLE(_xlfn.XLOOKUP(M149, $G$147:$H$147, G149:H149)) -> 0.0088918377 | P149: 0 | Q149: 0 | R149: 0 | S149: 0 | T149: =_xlfn.LET(_xlpm.x, _xlfn.XLOOKUP(M149, $I$17:$J$17, I149:J149),_xlfn.SINGLE( IF(ISERROR(_xlfn.SINGLE(_xlpm.x)), 0, _xlpm.x)) * S149) -> 0 | V149: 0 | X149: 0
A150: 1 | B150: 2 | C150: 3383 | D150: 2647 | E150: 2648775 | F150: 2113325 | G150: 0.010249093 | H150: 0.0082563685 | I150: 1.5659326 | J150: 1.5967699 | L150: ="("&$A150&", "&$B150&"]" -> (1, 2] | M150: A | N150: 0 | O150: =_xlfn.SINGLE(_xlfn.XLOOKUP(M150, $G$147:$H$147, G150:H150)) -> 0.010249093 | P150: 0 | Q150: 0 | R150: 0 | S150: 0 | T150: =_xlfn.LET(_xlpm.x, _xlfn.XLOOKUP(M150, $I$17:$J$17, I150:J150),_xlfn.SINGLE( IF(ISERROR(_xlfn.SINGLE(_xlpm.x)), 0, _xlpm.x)) * S150) -> 0 | V150: 0 | X150: 0
A151: 2 | B151: 3 | C151: 3260 | D151: 2552 | E151: 4189375 | F151: 3346950 | G151: 0.0098764534 | H151: 0.00796005 | I151: 2.5701687 | J151: 2.6230016 | L151: ="("&$A151&", "&$B151&"]" -> (2, 3] | M151: A | N151: 0 | O151: =_xlfn.SINGLE(_xlfn.XLOOKUP(M151, $G$147:$H$147, G151:H151)) -> 0.0098764534 | P151: 0 | Q151: 0 | R151: 0 | S151: 0 | T151: =_xlfn.LET(_xlpm.x, _xlfn.XLOOKUP(M151, $I$17:$J$17, I151:J151),_xlfn.SINGLE( IF(ISERROR(_xlfn.SINGLE(_xlpm.x)), 0, _xlpm.x)) * S151) -> 0 | V151: 0 | X151: 0
A152: 3 | B152: 4 | C152: 3548 | D152: 2563 | E152: 6332850 | F152: 4638725 | G152: 0.010748974 | H152: 0.0079943606 | I152: 3.569814 | J152: 3.619762 | L152: ="("&$A152&", "&$B152&"]" -> (3, 4] | M152: A | N152: 0 | O152: =_xlfn.SINGLE(_xlfn.XLOOKUP(M152, $G$147:$H$147, G152:H152)) -> 0.010748974 | P152: 0 | Q152: 0 | R152: 0 | S152: 0 | T152: =_xlfn.LET(_xlpm.x, _xlfn.XLOOKUP(M152, $I$17:$J$17, I152:J152),_xlfn.SINGLE( IF(ISERROR(_xlfn.SINGLE(_xlpm.x)), 0, _xlpm.x)) * S152) -> 0 | V152: 0 | W152: 0.013075956 | X152: 0
A153: 4 | B153: 5 | C153: 3472 | D153: 2447 | E153: 7936625 | F153: 5660150 | G153: 0.010518726 | H153: 0.0076325401 | I153: 4.5717886 | J153: 4.6261953 | L153: ="("&$A153&", "&$B153&"]" -> (4, 5] | M153: A | N153: 0 | O153: =_xlfn.SINGLE(_xlfn.XLOOKUP(M153, $G$147:$H$147, G153:H153)) -> 0.010518726 | P153: 0 | Q153: 0 | R153: 0 | S153: 0 | T153: =_xlfn.LET(_xlpm.x, _xlfn.XLOOKUP(M153, $I$17:$J$17, I153:J153),_xlfn.SINGLE( IF(ISERROR(_xlfn.SINGLE(_xlpm.x)), 0, _xlpm.x)) * S153) -> 0 | V153: 0 | W153: 0.014576934 | X153: 0
A154: 5 | B154: 6 | C154: 3670 | D154: 2676 | E154: 10194000 | F154: 7530975 | G154: 0.011118584 | H154: 0.0083468236 | I154: 5.5553134 | J154: 5.6285314 | L154: ="("&$A154&", "&$B154&"]" -> (5, 6] | M154: A | N154: 0 | O154: =_xlfn.SINGLE(_xlfn.XLOOKUP(M154, $G$147:$H$147, G154:H154)) -> 0.011118584 | P154: 0 | Q154: 0 | R154: 0 | S154: 0 | T154: =_xlfn.LET(_xlpm.x, _xlfn.XLOOKUP(M154, $I$17:$J$17, I154:J154),_xlfn.SINGLE( IF(ISERROR(_xlfn.SINGLE(_xlpm.x)), 0, _xlpm.x)) * S154) -> 0 | V154: 0 | W154: 0.013536722 | X154: 0
A155: 6 | B155: 7 | C155: 3554 | D155: 2462 | E155: 11636025 | F155: 8094775 | G155: 0.010767152 | H155: 0.0076793273 | I155: 6.5481289 | J155: 6.5757717 | L155: ="("&$A155&", "&$B155&"]" -> (6, 7] | M155: A | N155: 0 | O155: =_xlfn.SINGLE(_xlfn.XLOOKUP(M155, $G$147:$H$147, G155:H155)) -> 0.010767152 | P155: 0 | Q155: 0 | R155: 0 | S155: 0 | T155: =_xlfn.LET(_xlpm.x, _xlfn.XLOOKUP(M155, $I$17:$J$17, I155:J155),_xlfn.SINGLE( IF(ISERROR(_xlfn.SINGLE(_xlpm.x)), 0, _xlpm.x)) * S155) -> 0 | V155: 0 | W155: 0.01352974 | X155: 0
A156: 7 | B156: 8 | C156: 3817 | D156: 2864 | E156: 14399725 | F156: 10886025 | G156: 0.011563933 | H156: 0.0089332223 | I156: 7.5450485 | J156: 7.6019728 | L156: ="("&$A156&", "&$B156&"]" -> (7, 8] | M156: A | N156: 0 | O156: =_xlfn.SINGLE(_xlfn.XLOOKUP(M156, $G$147:$H$147, G156:H156)) -> 0.011563933 | P156: 0 | Q156: 0 | R156: 0 | S156: 0 | T156: =_xlfn.LET(_xlpm.x, _xlfn.XLOOKUP(M156, $I$17:$J$17, I156:J156),_xlfn.SINGLE( IF(ISERROR(_xlfn.SINGLE(_xlpm.x)), 0, _xlpm.x)) * S156) -> 0 | V156: 0 | W156: 0.012524435 | X156: 0
A157: 8 | B157: 9 | C157: 3752 | D157: 2615 | E157: 16052900 | F157: 11266650 | G157: 0.01136701 | H157: 0.008156556 | I157: 8.5569829 | J157: 8.6169407 | L157: ="("&$A157&", "&$B157&"]" -> (8, 9] | M157: A | N157: 0 | O157: =_xlfn.SINGLE(_xlfn.XLOOKUP(M157, $G$147:$H$147, G157:H157)) -> 0.01136701 | P157: 0 | Q157: 0 | R157: 0 | S157: 0 | T157: =_xlfn.LET(_xlpm.x, _xlfn.XLOOKUP(M157, $I$17:$J$17, I157:J157),_xlfn.SINGLE( IF(ISERROR(_xlfn.SINGLE(_xlpm.x)), 0, _xlpm.x)) * S157) -> 0 | V157: 0 | W157: 0.01363446 | X157: 0
A158: 9 | B158: 10 | C158: 3817 | D158: 2880 | E158: 18217050 | F158: 13821675 | G158: 0.011563933 | H158: 0.0089831286 | I158: 9.5452188 | J158: 9.5983854 | L158: ="("&$A158&", "&$B158&"]" -> (9, 10] | M158: A | N158: 0 | O158: =_xlfn.SINGLE(_xlfn.XLOOKUP(M158, $G$147:$H$147, G158:H158)) -> 0.011563933 | P158: 0 | Q158: 0 | R158: 0 | S158: 0 | T158: =_xlfn.LET(_xlpm.x, _xlfn.XLOOKUP(M158, $I$17:$J$17, I158:J158),_xlfn.SINGLE( IF(ISERROR(_xlfn.SINGLE(_xlpm.x)), 0, _xlpm.x)) * S158) -> 0 | V158: 0 | W158: 0.014925998 | X158: 0
A159: 10 | B159: 15 | C159: 19138 | D159: 13720 | E159: 120122950 | F159: 86354725 | G159: 0.057980235 | H159: 0.042794626 | I159: 12.553344 | J159: 12.588152 | L159: ="("&$A159&", "&$B159&"]" -> (10, 15] | M159: A | N159: 1.37 | O159: =_xlfn.SINGLE(_xlfn.XLOOKUP(M159, $G$147:$H$147, G159:H159)) -> 0.057980235 | P159: 0.079432922 | Q159: 0.097024175 | R159: =B2-SUM(_xlfn.ANCHORARRAY(R160)) -> 97024192 | S159: 0.097024192 | T159: =_xlfn.LET(_xlpm.x, _xlfn.XLOOKUP(M159, $I$17:$J$17, I159:J159),_xlfn.SINGLE( IF(ISERROR(_xlfn.SINGLE(_xlpm.x)), 0, _xlpm.x)) * S159) -> 1.2179781 | V159: 0.097024192 | W159: 0.064974867 | X159: 0.67
A160: 15 | B160: 20 | C160: 18904 | D160: 14035 | E160: 165756275 | F160: 123464775 | G160: 0.057271312 | H160: 0.043777156 | I160: 17.536635 | J160: 17.59384 | L160: ="("&$A160&", "&$B160&"]" -> (15, 20] | M160: A | N160: 1.21 | O160: =_xlfn.SINGLE(_xlfn.XLOOKUP(M160, $G$147:$H$147, G160:H160)) -> 0.057271312 | P160: 0.069298287 | Q160: 0.084645119 | R160: {=INT(Q160:Q204*$B$2)} -> 84645118 | S160: 0.084645118 | T160: =_xlfn.LET(_xlpm.x, _xlfn.XLOOKUP(M160, $I$17:$J$17, I160:J160),_xlfn.SINGLE( IF(ISERROR(_xlfn.SINGLE(_xlpm.x)), 0, _xlpm.x)) * S160) -> 1.4843905 | V160: 0.084645118 | W160: 0.059731918 | X160: 0.71
A161: 20 | B161: 25 | C161: 18072 | D161: 13635 | E161: 203554825 | F161: 153879800 | G161: 0.054750695 | H161: 0.042529499 | I161: 22.527094 | J161: 22.571294 | L161: ="("&$A161&", "&$B161&"]" -> (20, 25] | M161: A | N161: 1.12 | O161: =_xlfn.SINGLE(_xlfn.XLOOKUP(M161, $G$147:$H$147, G161:H161)) -> 0.054750695 | P161: 0.061320779 | Q161: 0.074900908 | R161: 74900907 | S161: 0.074900907 | T161: =_xlfn.LET(_xlpm.x, _xlfn.XLOOKUP(M161, $I$17:$J$17, I161:J161),_xlfn.SINGLE( IF(ISERROR(_xlfn.SINGLE(_xlpm.x)), 0, _xlpm.x)) * S161) -> 1.6872998 | V161: 0.074900907 | W161: 0.056038816 | X161: 0.75
A162: 25 | B162: 30 | C162: 17428 | D162: 13292 | E162: 239673900 | F162: 183265975 | G162: 0.052799641 | H162: 0.041459634 | I162: 27.504464 | J162: 27.57538 | L162: ="("&$A162&", "&$B162&"]" -> (25, 30] | M162: A | N162: 0.97 | O162: =_xlfn.SINGLE(_xlfn.XLOOKUP(M162, $G$147:$H$147, G162:H162)) -> 0.052799641 | P162: 0.051215652 | Q162: 0.062557895 | R162: 62557894 | S162: 0.062557894 | T162: =_xlfn.LET(_xlpm.x, _xlfn.XLOOKUP(M162, $I$17:$J$17, I162:J162),_xlfn.SINGLE( IF(ISERROR(_xlfn.SINGLE(_xlpm.x)), 0, _xlpm.x)) * S162) -> 1.7206213 | V162: 0.062557894 | W162: 0.04870148 | X162: 0.78
A163: 30 | B163: 35 | C163: 16180 | D163: 12753 | E163: 263051975 | F163: 207531875 | G163: 0.049018717 | H163: 0.039778416 | I163: 32.515695 | J163: 32.546362 | L163: ="("&$A163&", "&$B163&"]" -> (30, 35] | M163: A | N163: 0.93 | O163: =_xlfn.SINGLE(_xlfn.XLOOKUP(M163, $G$147:$H$147, G163:H163)) -> 0.049018717 | P163: 0.045587407 | Q163: 0.055683215 | R163: 55683215 | S163: 0.055683215 | T163: =_xlfn.LET(_xlpm.x, _xlfn.XLOOKUP(M163, $I$17:$J$17, I163:J163),_xlfn.SINGLE( IF(ISERROR(_xlfn.SINGLE(_xlpm.x)), 0, _xlpm.x)) * S163) -> 1.8105785 | V163: 0.055683215 | W163: 0.043730801 | X163: 0.79
A164: 35 | B164: 40 | C164: 14977 | D164: 12369 | E164: 280752750 | F164: 232149425 | G164: 0.045374124 | H164: 0.038580666 | I164: 37.491186 | J164: 37.537299 | L164: ="("&$A164&", "&$B164&"]" -> (35, 40] | M164: A | N164: 0.91 | O164: =_xlfn.SINGLE(_xlfn.XLOOKUP(M164, $G$147:$H$147, G164:H164)) -> 0.045374124 | P164: 0.041290453 | Q164: 0.050434656 | R164: 50434655 | S164: 0.050434655 | T164: =_xlfn.LET(_xlpm.x, _xlfn.XLOOKUP(M164, $I$17:$J$17, I164:J164),_xlfn.SINGLE( IF(ISERROR(_xlfn.SINGLE(_xlpm.x)), 0, _xlpm.x)) * S164) -> 1.8908551 | V164: 0.050434655 | W164: 0.042557945 | X164: 0.84
A165: 40 | B165: 45 | C165: 13914 | D165: 11757 | E165: 295798650 | F165: 250148500 | G165: 0.042153673 | H165: 0.036671751 | I165: 42.518133 | J165: 42.553117 | L165: ="("&$A165&", "&$B165&"]" -> (40, 45] | M165: A | N165: 0.8 | O165: =_xlfn.SINGLE(_xlfn.XLOOKUP(M165, $G$147:$H$147, G165:H165)) -> 0.042153673 | P165: 0.033722938 | Q165: 0.041191236 | R165: 41191236 | S165: 0.041191236 | T165: =_xlfn.LET(_xlpm.x, _xlfn.XLOOKUP(M165, $I$17:$J$17, I165:J165),_xlfn.SINGLE( IF(ISERROR(_xlfn.SINGLE(_xlpm.x)), 0, _xlpm.x)) * S165) -> 1.7513744 | V165: 0.041191236 | W165: 0.035632505 | X165: 0.87
A166: 45 | B166: 50 | C166: 12976 | D166: 11370 | E166: 308238625 | F166: 270422050 | G166: 0.03931192 | H166: 0.035464643 | I166: 47.509036 | J166: 47.567643 | L166: ="("&$A166&", "&$B166&"]" -> (45, 50] | M166: A | N166: 0.85 | O166: =_xlfn.SINGLE(_xlfn.XLOOKUP(M166, $G$147:$H$147, G166:H166)) -> 0.03931192 | P166: 0.033415132 | Q166: 0.040815263 | R166: 40815263 | S166: 0.040815263 | T166: =_xlfn.LET(_xlpm.x, _xlfn.XLOOKUP(M166, $I$17:$J$17, I166:J166),_xlfn.SINGLE( IF(ISERROR(_xlfn.SINGLE(_xlpm.x)), 0, _xlpm.x)) * S166) -> 1.9390938 | V166: 0.040815263 | W166: 0.034648143 | X166: 0.85
A167: 50 | B167: 60 | C167: 23224 | D167: 20723 | E167: 637697750 | F167: 569321250 | G167: 0.070359127 | H167: 0.064637977 | I167: 54.917133 | J167: 54.945833 | L167: ="("&$A167&", "&$B167&"]" -> (50, 60] | M167: A | N167: 0.8 | O167: =_xlfn.SINGLE(_xlfn.XLOOKUP(M167, $G$147:$H$147, G167:H167)) -> 0.070359127 | P167: 0.056287302 | Q167: 0.068752714 | R167: 68752714 | S167: 0.068752714 | T167: =_xlfn.LET(_xlpm.x, _xlfn.XLOOKUP(M167, $I$17:$J$17, I167:J167),_xlfn.SINGLE( IF(ISERROR(_xlfn.SINGLE(_xlpm.x)), 0, _xlpm.x)) * S167) -> 3.7757019 | V167: 0.068752714 | W167: 0.059969282 | X167: 0.87
A168: 60 | B168: 70 | C168: 19493 | D168: 18124 | E168: 632539625 | F168: 588742000 | G168: 0.059055738 | H168: 0.056531327 | I168: 64.899156 | J168: 64.968219 | L168: ="("&$A168&", "&$B168&"]" -> (60, 70] | M168: A | N168: 0.8 | O168: =_xlfn.SINGLE(_xlfn.XLOOKUP(M168, $G$147:$H$147, G168:H168)) -> 0.059055738 | P168: 0.047244591 | Q168: 0.0577074 | R168: 57707400 | S168: 0.0577074 | T168: =_xlfn.LET(_xlpm.x, _xlfn.XLOOKUP(M168, $I$17:$J$17, I168:J168),_xlfn.SINGLE( IF(ISERROR(_xlfn.SINGLE(_xlpm.x)), 0, _xlpm.x)) * S168) -> 3.7451616 | V168: 0.0577074 | W168: 0.05194778 | X168: 0.9
A169: 70 | B169: 80 | C169: 16601 | D169: 16148 | E169: 621444900 | F169: 605014725 | G169: 0.050294173 | H169: 0.050367903 | I169: 74.868369 | J169: 74.933704 | L169: ="("&$A169&", "&$B169&"]" -> (70, 80] | M169: A | N169: 0.8 | O169: =_xlfn.SINGLE(_xlfn.XLOOKUP(M169, $G$147:$H$147, G169:H169)) -> 0.050294173 | P169: 0.040235338 | Q169: 0.049145876 | R169: 49145875 | S169: 0.049145875 | T169: =_xlfn.LET(_xlpm.x, _xlfn.XLOOKUP(M169, $I$17:$J$17, I169:J169),_xlfn.SINGLE( IF(ISERROR(_xlfn.SINGLE(_xlpm.x)), 0, _xlpm.x)) * S169) -> 3.6794715 | V169: 0.049145875 | W169: 0.04480592 | X169: 0.91
A170: 80 | B170: 90 | C170: 13909 | D170: 14191 | E170: 590238350 | F170: 602721550 | G170: 0.042138525 | H170: 0.044263742 | I170: 84.871429 | J170: 84.944197 | L170: ="("&$A170&", "&$B170&"]" -> (80, 90] | M170: A | N170: 0.8 | O170: =_xlfn.SINGLE(_xlfn.XLOOKUP(M170, $G$147:$H$147, G170:H170)) -> 0.042138525 | P170: 0.03371082 | Q170: 0.041176434 | R170: 41176434 | S170: 0.041176434 | T170: =_xlfn.LET(_xlpm.x, _xlfn.XLOOKUP(M170, $I$17:$J$17, I170:J170),_xlfn.SINGLE( IF(ISERROR(_xlfn.SINGLE(_xlpm.x)), 0, _xlpm.x)) * S170) -> 3.4947028 | V170: 0.041176434 | W170: 0.037957275 | X170: 0.92
A171: 90 | B171: 100 | C171: 11792 | D171: 12767 | E171: 559578975 | F171: 605840725 | G171: 0.035724889 | H171: 0.039822084 | I171: 94.908239 | J171: 94.907296 | L171: ="("&$A171&", "&$B171&"]" -> (90, 100] | M171: A | N171: 0.8 | O171: =_xlfn.SINGLE(_xlfn.XLOOKUP(M171, $G$147:$H$147, G171:H171)) -> 0.035724889 | P171: 0.028579911 | Q171: 0.034909232 | R171: 34909232 | S171: 0.034909232 | T171: =_xlfn.LET(_xlpm.x, _xlfn.XLOOKUP(M171, $I$17:$J$17, I171:J171),_xlfn.SINGLE( IF(ISERROR(_xlfn.SINGLE(_xlpm.x)), 0, _xlpm.x)) * S171) -> 3.3131737 | V171: 0.034909232 | W171: 0.033133203 | X171: 0.95
A172: 100 | B172: 120 | C172: 18185 | D172: 20625 | E172: 995111650 | F172: 1129905925 | G172: 0.055093039 | H172: 0.064332301 | I172: 109.44313 | J172: 109.56664 | L172: ="("&$A172&", "&$B172&"]" -> (100, 120] | M172: A | N172: 0.8 | O172: =_xlfn.SINGLE(_xlfn.XLOOKUP(M172, $G$147:$H$147, G172:H172)) -> 0.055093039 | P172: 0.044074431 | Q172: 0.053835175 | R172: 53835175 | S172: 0.053835175 | T172: =_xlfn.LET(_xlpm.x, _xlfn.XLOOKUP(M172, $I$17:$J$17, I172:J172),_xlfn.SINGLE( IF(ISERROR(_xlfn.SINGLE(_xlpm.x)), 0, _xlpm.x)) * S172) -> 5.89189 | V172: 0.053835175 | W172: 0.051445127 | X172: 0.96
... A195: 3000 | B195: 4000 | C195: 1 | D195: 4 | E195: 1762075 | F195: 6622425 | G195: 3.0295869e-06 | H195: 1.2476567e-05 | I195: 3524.15 | J195: 3311.2125 | L195: ="("&$A195&", "&$B195&"]" -> (3000, 4000] | M195: B | N195: 0 | O195: =_xlfn.SINGLE(_xlfn.XLOOKUP(M195, $G$147:$H$147, G195:H195)) -> 1.2476567e-05 | P195: 0 | Q195: 0 | R195: 0 | S195: 0 | T195: =_xlfn.LET(_xlpm.x, _xlfn.XLOOKUP(M195, $I$17:$J$17, I195:J195),_xlfn.SINGLE( IF(ISERROR(_xlfn.SINGLE(_xlpm.x)), 0, _xlpm.x)) * S195) -> 0 | V195: 0 | W195: 0.00069812901 | X195: 0
A196: 4000 | B196: 5000 | C196: 0 | D196: 0 | E196: 0 | F196: 0 | G196: 0 | H196: 0 | I196: #DIV/0! | J196: #DIV/0! | L196: ="("&$A196&", "&$B196&"]" -> (4000, 5000] | M196: B | N196: 0 | O196: =_xlfn.SINGLE(_xlfn.XLOOKUP(M196, $G$147:$H$147, G196:H196)) -> 0 | P196: 0 | Q196: 0 | R196: 0 | S196: 0 | T196: =_xlfn.LET(_xlpm.x, _xlfn.XLOOKUP(M196, $I$17:$J$17, I196:J196),_xlfn.SINGLE( IF(ISERROR(_xlfn.SINGLE(_xlpm.x)), 0, _xlpm.x)) * S196) -> 0 | V196: 0 | W196: 0.00045378386 | X196: 0
A197: 5000 | B197: 6000 | C197: 0 | D197: 0 | E197: 0 | F197: 0 | G197: 0 | H197: 0 | I197: #DIV/0! | J197: #DIV/0! | L197: ="("&$A197&", "&$B197&"]" -> (5000, 6000] | M197: B | N197: 0 | O197: =_xlfn.SINGLE(_xlfn.XLOOKUP(M197, $G$147:$H$147, G197:H197)) -> 0 | P197: 0 | Q197: 0 | R197: 0 | S197: 0 | T197: =_xlfn.LET(_xlpm.x, _xlfn.XLOOKUP(M197, $I$17:$J$17, I197:J197),_xlfn.SINGLE( IF(ISERROR(_xlfn.SINGLE(_xlpm.x)), 0, _xlpm.x)) * S197) -> 0 | V197: 0 | W197: 0.00016056967 | X197: 0
A198: 6000 | B198: 7000 | C198: 0 | D198: 0 | E198: 0 | F198: 0 | G198: 0 | H198: 0 | I198: #DIV/0! | J198: #DIV/0! | L198: ="("&$A198&", "&$B198&"]" -> (6000, 7000] | M198: B | N198: 0 | O198: =_xlfn.SINGLE(_xlfn.XLOOKUP(M198, $G$147:$H$147, G198:H198)) -> 0 | P198: 0 | Q198: 0 | R198: 0 | S198: 0 | T198: =_xlfn.LET(_xlpm.x, _xlfn.XLOOKUP(M198, $I$17:$J$17, I198:J198),_xlfn.SINGLE( IF(ISERROR(_xlfn.SINGLE(_xlpm.x)), 0, _xlpm.x)) * S198) -> 0 | V198: 0 | W198: 0.0001396258 | X198: 0
A199: 7000 | B199: 8000 | C199: 0 | D199: 0 | E199: 0 | F199: 0 | G199: 0 | H199: 0 | I199: #DIV/0! | J199: #DIV/0! | L199: ="("&$A199&", "&$B199&"]" -> (7000, 8000] | M199: B | N199: 0 | O199: =_xlfn.XLOOKUP(M199, $G$147:$H$147, G199:H199) -> 0 | P199: 0 | Q199: 0 | R199: 0 | S199: 0 | T199: =_xlfn.LET(_xlpm.x, _xlfn.XLOOKUP(M199, $I$17:$J$17, I199:J199),_xlfn.SINGLE( IF(ISERROR(_xlfn.SINGLE(_xlpm.x)), 0, _xlpm.x)) * S199) -> 0 | V199: 0 | W199: 0.00013264451 | X199: 0
...

Sheet OP Jackpot
B2: 新手
B3: Scatter Combo Rate
C4: Normal Bet | D4: Extra Bet
B5: Scatter Combo Rate | C5: 5517581100 | D5: 5664933900
B7: Threshold | C7: 10000000000
B10: 老手
C11: Normal Bet | D11: Extra Bet | E11: Buy Feature | F11: Super Feature
B12: Scatter Combo Rate | C12: 5511849100 | D12: 5653716200 | E12: 5.8987363e+10 | F12: 5.5972176e+10
B14: Threshold | C14: 10000000000

Sheet 工作表1
A1: 500 | C1: A | H1: B
A2: BG | B2: -1 | C2: BaseGame 00 | D2: 55325589 | H2: BaseGame 00 | I2: 56174458 | M2: -1
B3: 0 | C3: BaseGame 0x | D3: 24069989 | E3: Pay | F3: 6484275025 | H3: BaseGame 0x | I3: 14293217 | J3: Pay | K3: 3231900200 | M3: 0
B4: 1 | C4: BaseGame 1x | D4: 10599327 | E4: Pay | F4: 7916648100 | H4: BaseGame 1x | I4: 7577504 | J4: Pay | K4: 6307987850 | M4: 1
B5: 2 | C5: BaseGame 2x | D5: 4317872 | E5: Pay | F5: 5365074350 | H5: BaseGame 2x | I5: 8212762 | J5: Pay | K5: 10557718000 | M5: 2
B6: 3 | C6: BaseGame 3x | D6: 2319169 | E6: Pay | F6: 4053262600 | H6: BaseGame 3x | I6: 3584475 | J6: Pay | K6: 6293472375 | M6: 3
B7: 4 | C7: BaseGame 4x | D7: 1225076 | E7: Pay | F7: 2763500775 | H7: BaseGame 4x | I7: 2870564 | J7: Pay | K7: 6548399325 | M7: 4
B8: 5 | C8: BaseGame 5x | D8: 635676 | E8: Pay | F8: 1744656300 | H8: BaseGame 5x | I8: 1428287 | J8: Pay | K8: 3879725800 | M8: 5
B9: 6 | C9: BaseGame 6x | D9: 344873 | E9: Pay | F9: 1117022675 | H9: BaseGame 6x | I9: 667809 | J9: Pay | K9: 2174876225 | M9: 6
B10: 7 | C10: BaseGame 7x | D10: 180642 | E10: Pay | F10: 679329150 | H10: BaseGame 7x | I10: 448887 | J10: Pay | K10: 1680408050 | M10: 7
B11: 8 | C11: BaseGame 8x | D11: 115360 | E11: Pay | F11: 490405250 | H11: BaseGame 8x | I11: 203025 | J11: Pay | K11: 858801925 | M11: 8
B12: 9 | C12: BaseGame 9x | D12: 110733 | E12: Pay | F12: 536395525 | H12: BaseGame 9x | I12: 809720 | J12: Pay | K12: 4017884675 | M12: 9
B13: 10 | C13: BaseGame 10x | D13: 368403 | E13: Pay | F13: 2180791300 | H13: BaseGame 10x | I13: 2617397 | J13: Pay | K13: 15386252675 | M13: 10
B14: 15 | C14: BaseGame 15x | D14: 40589 | E14: Pay | F14: 337397050 | H14: BaseGame 15x | I14: 376908 | J14: Pay | K14: 3135325925 | M14: 15
... B22: 60 | C22: BaseGame 60x | D22: 3 | E22: Pay | F22: 96500 | H22: BaseGame 60x | I22: 133 | J22: Pay | K22: 4246600 | M22: 60
B23: 70 | H23: BaseGame 70x | I23: 15 | J23: Pay | K23: 556850 | M23: 70
B24: 80 | H24: BaseGame 80x | I24: 2 | J24: Pay | K24: 81725 | M24: 80
B25: 90 | M25: 90
B26: 100 | H26: BaseGame 100x | I26: 1 | J26: Pay | K26: 53350 | M26: 100
B27: 120 | M27: 120
B28: 140 | M28: 140
B29: 160 | M29: 160
B30: 180 | M30: 180
B31: 200 | M31: 200
B32: 250 | M32: 250
B33: 300 | M33: 300
B34: 350 | M34: 350
B35: 400 | M35: 400
B36: 450 | M36: 450
B37: 500 | M37: 500
B38: 550 | M38: 550
... B52: 6000 | M52: 6000
B53: 7000
B54: 8000
B55: 9000
B56: 10000
B57: 20000
B58: 30000 | M58: 7000
D59: 330078 | F59: 825830650
A61: 625
A62: EB | B62: -1 | C62: BaseGame 00 | D62: 55333008 | H62: BaseGame 00 | I62: 56179854 | M62: -1
B63: 0 | C63: BaseGame 0x | D63: 27744523 | E63: Pay | F63: 8636244550 | H63: BaseGame 0x | I63: 15073151 | J63: Pay | K63: 3700520975 | M63: 0
B64: 1 | C64: BaseGame 1x | D64: 9525840 | E64: Pay | F64: 8753235725 | H64: BaseGame 1x | I64: 11702427 | J64: Pay | K64: 11778973375 | M64: 1
B65: 2 | C65: BaseGame 2x | D65: 3541020 | E65: Pay | F65: 5464103775 | H65: BaseGame 2x | I65: 6147203 | J65: Pay | K65: 9442462900 | M65: 2
B66: 3 | C66: BaseGame 3x | D66: 1711584 | E66: Pay | F66: 3719451025 | H66: BaseGame 3x | I66: 3605965 | J66: Pay | K66: 8013634950 | M66: 3
B67: 4 | C67: BaseGame 4x | D67: 746426 | E67: Pay | F67: 2085377550 | H67: BaseGame 4x | I67: 1656745 | J67: Pay | K67: 4586164725 | M67: 4
B68: 5 | C68: BaseGame 5x | D68: 330117 | E68: Pay | F68: 1125528925 | H68: BaseGame 5x | I68: 694946 | J68: Pay | K68: 2395910500 | M68: 5
B69: 6 | C69: BaseGame 6x | D69: 179177 | E69: Pay | F69: 727516100 | H69: BaseGame 6x | I69: 363951 | J69: Pay | K69: 1463736000 | M69: 6
B70: 7 | C70: BaseGame 7x | D70: 131988 | E70: Pay | F70: 631107400 | H70: BaseGame 7x | I70: 842613 | J70: Pay | K70: 4163956250 | M70: 7
B71: 8 | C71: BaseGame 8x | D71: 157315 | E71: Pay | F71: 841829425 | H71: BaseGame 8x | I71: 1177668 | J71: Pay | K71: 6232828225 | M71: 8
B72: 9 | C72: BaseGame 9x | D72: 112950 | E72: Pay | F72: 672281775 | H72: BaseGame 9x | I72: 771181 | J72: Pay | K72: 4620173325 | M72: 9
B73: 10 | C73: BaseGame 10x | D73: 135034 | E73: Pay | F73: 967881625 | H73: BaseGame 10x | I73: 1017514 | J73: Pay | K73: 7390970600 | M73: 10
B74: 15 | C74: BaseGame 15x | D74: 9004 | E74: Pay | F74: 96167750 | H74: BaseGame 15x | I74: 169225 | J74: Pay | K74: 1916295950 | M74: 15
... B81: 50 | C81: BaseGame 50x | D81: 1 | E81: Pay | F81: 31325 | H81: BaseGame 50x | I81: 89 | J81: Pay | K81: 2944375 | M81: 50
B82: 60 | H82: BaseGame 60x | I82: 10 | J82: Pay | K82: 392575 | M82: 60
B83: 70 | H83: BaseGame 70x | I83: 2 | J83: Pay | K83: 89575 | M83: 70
B84: 80 | M84: 80
B85: 90 | M85: 90
B86: 100 | M86: 100
B87: 120 | M87: 120
B88: 140 | M88: 140
B89: 160 | M89: 160
B90: 180 | M90: 180
B91: 200 | M91: 200
B92: 250 | M92: 250
B93: 300 | M93: 300
B94: 350 | M94: 350
B95: 400 | M95: 400
... B112: 6000 | M112: 6000
B113: 7000
B114: 8000
B115: 9000
B116: 10000
B117: 20000
B118: 30000 | M118: 7000
D119: 331068 | F119: 829719675
A121: 500
A122: FG | B122: -1 | C122: FreeGame 00 | D122: 1735 | H122: FreeGame 00 | I122: 4205 | M122: -1
B123: 0 | C123: FreeGame 0x | D123: 2935 | E123: Pay | F123: 888275 | H123: FreeGame 0x | I123: 2811 | J123: Pay | K123: 815625 | M123: 0
B124: 1 | C124: FreeGame 1x | D124: 3383 | E124: Pay | F124: 2648775 | H124: FreeGame 1x | I124: 2647 | J124: Pay | K124: 2113325 | M124: 1
B125: 2 | C125: FreeGame 2x | D125: 3260 | E125: Pay | F125: 4189375 | H125: FreeGame 2x | I125: 2552 | J125: Pay | K125: 3346950 | M125: 2
B126: 3 | C126: FreeGame 3x | D126: 3548 | E126: Pay | F126: 6332850 | H126: FreeGame 3x | I126: 2563 | J126: Pay | K126: 4638725 | M126: 3
B127: 4 | C127: FreeGame 4x | D127: 3472 | E127: Pay | F127: 7936625 | H127: FreeGame 4x | I127: 2447 | J127: Pay | K127: 5660150 | M127: 4
B128: 5 | C128: FreeGame 5x | D128: 3670 | E128: Pay | F128: 10194000 | H128: FreeGame 5x | I128: 2676 | J128: Pay | K128: 7530975 | M128: 5
B129: 6 | C129: FreeGame 6x | D129: 3554 | E129: Pay | F129: 11636025 | H129: FreeGame 6x | I129: 2462 | J129: Pay | K129: 8094775 | M129: 6
B130: 7 | C130: FreeGame 7x | D130: 3817 | E130: Pay | F130: 14399725 | H130: FreeGame 7x | I130: 2864 | J130: Pay | K130: 10886025 | M130: 7
B131: 8 | C131: FreeGame 8x | D131: 3752 | E131: Pay | F131: 16052900 | H131: FreeGame 8x | I131: 2615 | J131: Pay | K131: 11266650 | M131: 8
B132: 9 | C132: FreeGame 9x | D132: 3817 | E132: Pay | F132: 18217050 | H132: FreeGame 9x | I132: 2880 | J132: Pay | K132: 13821675 | M132: 9
B133: 10 | C133: FreeGame 10x | D133: 19138 | E133: Pay | F133: 120122950 | H133: FreeGame 10x | I133: 13720 | J133: Pay | K133: 86354725 | M133: 10
B134: 15 | C134: FreeGame 15x | D134: 18904 | E134: Pay | F134: 165756275 | H134: FreeGame 15x | I134: 14035 | J134: Pay | K134: 123464775 | M134: 15
... B169: 3000 | C169: FreeGame 3000x | D169: 1 | E169: Pay | F169: 1762075 | H169: FreeGame 3000x | I169: 4 | J169: Pay | K169: 6622425 | M169: 3000
B170: 4000 | M170: 4000
B171: 5000 | M171: 5000
B172: 6000 | M172: 6000
B173: 7000
B174: 8000
B175: 9000
B176: 10000
B177: 20000
B178: 30000 | M178: 7000
...

Sheet Base Game Symbol (1)
C2: =SUM(C4:C15) -> 200 | D2: =SUM(D4:D15) -> 200 | E2: =SUM(E4:E15) -> 200 | F2: =SUM(F4:F15) -> 200 | G2: =SUM(G4:G15) -> 200 | H2: =SUM(H4:H15) -> 200 | K2: Symbol | S2: ID | Z2: Description | AG2: Reel Weight
A3: Symbol | B3: Description | C3: R1 | D3: R2 | E3: R3 | F3: R4 | G3: R5 | H3: R6 | I3: ID | K3: Line # | L3: R1 | M3: R2 | N3: R3 | O3: R4 | P3: R5 | Q3: R6 | S3: R1 | T3: R2 | U3: R3 | V3: R4 | W3: R5 | X3: R6 | Z3: R1 | AA3: R2 | AB3: R3 | AC3: R4 | AD3: R5 | AE3: R6 | AG3: R1 | AH3: R2 | AI3: R3 | AJ3: R4 | AK3: R5 | AL3: R6
A4: {=Overview!A58:A69} -> WW | B4: {=Overview!B58:B69} -> Wild | C4: =COUNTIF(L:L,$A4) -> 0 | D4: =COUNTIF(M:M,$A4) -> 0 | E4: =COUNTIF(N:N,$A4) -> 0 | F4: =COUNTIF(O:O,$A4) -> 0 | G4: =COUNTIF(P:P,$A4) -> 0 | H4: =COUNTIF(Q:Q,$A4) -> 0 | I4: {=Overview!I58:I69} -> 0 | K4: {=_xlfn.SEQUENCE(300)-1} -> 0 | L4: TE | M4: TE | N4: M4 | O4: M3 | P4: Q | Q4: J | S4: =VLOOKUP(L4,$A$4:$I$15,9,FALSE) -> 11 | T4: =VLOOKUP(M4,$A$4:$I$15,9,FALSE) -> 11 | U4: =VLOOKUP(N4,$A$4:$I$15,9,FALSE) -> 6 | V4: =VLOOKUP(O4,$A$4:$I$15,9,FALSE) -> 5 | W4: =VLOOKUP(P4,$A$4:$I$15,9,FALSE) -> 9 | X4: =VLOOKUP(Q4,$A$4:$I$15,9,FALSE) -> 10 | Z4: =VLOOKUP(L4,$A$4:$I$15,2,FALSE) -> Bananas | AA4: =VLOOKUP(M4,$A$4:$I$15,2,FALSE) -> Bananas | AB4: =VLOOKUP(N4,$A$4:$I$15,2,FALSE) -> Rectangle | AC4: =VLOOKUP(O4,$A$4:$I$15,2,FALSE) -> pentagon | AD4: =VLOOKUP(P4,$A$4:$I$15,2,FALSE) -> Watermelon | AE4: =VLOOKUP(Q4,$A$4:$I$15,2,FALSE) -> Grapes | AG4: 1 | AH4: 1 | AI4: 1 | AJ4: 1 | AK4: 1 | AL4: 1
A5: C1 | B5: Scatter | C5: =COUNTIF(L:L,$A5) -> 4 | D5: =COUNTIF(M:M,$A5) -> 6 | E5: =COUNTIF(N:N,$A5) -> 2 | F5: =COUNTIF(O:O,$A5) -> 4 | G5: =COUNTIF(P:P,$A5) -> 4 | H5: =COUNTIF(Q:Q,$A5) -> 4 | I5: 1 | K5: 1 | L5: TE | M5: TE | N5: M4 | O5: M3 | P5: Q | Q5: J | S5: =VLOOKUP(L5,$A$4:$I$15,9,FALSE) -> 11 | T5: =VLOOKUP(M5,$A$4:$I$15,9,FALSE) -> 11 | U5: =VLOOKUP(N5,$A$4:$I$15,9,FALSE) -> 6 | V5: =VLOOKUP(O5,$A$4:$I$15,9,FALSE) -> 5 | W5: =VLOOKUP(P5,$A$4:$I$15,9,FALSE) -> 9 | X5: =VLOOKUP(Q5,$A$4:$I$15,9,FALSE) -> 10 | Z5: =VLOOKUP(L5,$A$4:$I$15,2,FALSE) -> Bananas | AA5: =VLOOKUP(M5,$A$4:$I$15,2,FALSE) -> Bananas | AB5: =VLOOKUP(N5,$A$4:$I$15,2,FALSE) -> Rectangle | AC5: =VLOOKUP(O5,$A$4:$I$15,2,FALSE) -> pentagon | AD5: =VLOOKUP(P5,$A$4:$I$15,2,FALSE) -> Watermelon | AE5: =VLOOKUP(Q5,$A$4:$I$15,2,FALSE) -> Grapes | AG5: 1 | AH5: 1 | AI5: 1 | AJ5: 1 | AK5: 1 | AL5: 1
A6: C2 | B6: Multiplier | C6: =COUNTIF(L:L,$A6) -> 0 | D6: =COUNTIF(M:M,$A6) -> 0 | E6: =COUNTIF(N:N,$A6) -> 0 | F6: =COUNTIF(O:O,$A6) -> 0 | G6: =COUNTIF(P:P,$A6) -> 0 | H6: =COUNTIF(Q:Q,$A6) -> 0 | I6: 2 | K6: 2 | L6: K | M6: J | N6: M1 | O6: K | P6: M3 | Q6: C1 | S6: =VLOOKUP(L6,$A$4:$I$15,9,FALSE) -> 8 | T6: =VLOOKUP(M6,$A$4:$I$15,9,FALSE) -> 10 | U6: =VLOOKUP(N6,$A$4:$I$15,9,FALSE) -> 3 | V6: =VLOOKUP(O6,$A$4:$I$15,9,FALSE) -> 8 | W6: =VLOOKUP(P6,$A$4:$I$15,9,FALSE) -> 5 | X6: =VLOOKUP(Q6,$A$4:$I$15,9,FALSE) -> 1 | Z6: =VLOOKUP(L6,$A$4:$I$15,2,FALSE) -> Peaches | AA6: =VLOOKUP(M6,$A$4:$I$15,2,FALSE) -> Grapes | AB6: =VLOOKUP(N6,$A$4:$I$15,2,FALSE) -> Heart | AC6: =VLOOKUP(O6,$A$4:$I$15,2,FALSE) -> Peaches | AD6: =VLOOKUP(P6,$A$4:$I$15,2,FALSE) -> pentagon | AE6: =VLOOKUP(Q6,$A$4:$I$15,2,FALSE) -> Scatter | AG6: 1 | AH6: 1 | AI6: 1 | AJ6: 1 | AK6: 1 | AL6: 1
A7: M1 | B7: Heart | C7: =COUNTIF(L:L,$A7) -> 6 | D7: =COUNTIF(M:M,$A7) -> 6 | E7: =COUNTIF(N:N,$A7) -> 16 | F7: =COUNTIF(O:O,$A7) -> 12 | G7: =COUNTIF(P:P,$A7) -> 6 | H7: =COUNTIF(Q:Q,$A7) -> 6 | I7: 3 | K7: 3 | L7: K | M7: J | N7: M1 | O7: K | P7: M3 | Q7: Q | S7: =VLOOKUP(L7,$A$4:$I$15,9,FALSE) -> 8 | T7: =VLOOKUP(M7,$A$4:$I$15,9,FALSE) -> 10 | U7: =VLOOKUP(N7,$A$4:$I$15,9,FALSE) -> 3 | V7: =VLOOKUP(O7,$A$4:$I$15,9,FALSE) -> 8 | W7: =VLOOKUP(P7,$A$4:$I$15,9,FALSE) -> 5 | X7: =VLOOKUP(Q7,$A$4:$I$15,9,FALSE) -> 9 | Z7: =VLOOKUP(L7,$A$4:$I$15,2,FALSE) -> Peaches | AA7: =VLOOKUP(M7,$A$4:$I$15,2,FALSE) -> Grapes | AB7: =VLOOKUP(N7,$A$4:$I$15,2,FALSE) -> Heart | AC7: =VLOOKUP(O7,$A$4:$I$15,2,FALSE) -> Peaches | AD7: =VLOOKUP(P7,$A$4:$I$15,2,FALSE) -> pentagon | AE7: =VLOOKUP(Q7,$A$4:$I$15,2,FALSE) -> Watermelon | AG7: 1 | AH7: 1 | AI7: 1 | AJ7: 1 | AK7: 1 | AL7: 1
A8: M2 | B8: Square | C8: =COUNTIF(L:L,$A8) -> 12 | D8: =COUNTIF(M:M,$A8) -> 12 | E8: =COUNTIF(N:N,$A8) -> 18 | F8: =COUNTIF(O:O,$A8) -> 12 | G8: =COUNTIF(P:P,$A8) -> 12 | H8: =COUNTIF(Q:Q,$A8) -> 24 | I8: 4 | K8: 4 | L8: A | M8: M4 | N8: TE | O8: M2 | P8: M4 | Q8: Q | S8: =VLOOKUP(L8,$A$4:$I$15,9,FALSE) -> 7 | T8: =VLOOKUP(M8,$A$4:$I$15,9,FALSE) -> 6 | U8: =VLOOKUP(N8,$A$4:$I$15,9,FALSE) -> 11 | V8: =VLOOKUP(O8,$A$4:$I$15,9,FALSE) -> 4 | W8: =VLOOKUP(P8,$A$4:$I$15,9,FALSE) -> 6 | X8: =VLOOKUP(Q8,$A$4:$I$15,9,FALSE) -> 9 | Z8: =VLOOKUP(L8,$A$4:$I$15,2,FALSE) -> Apples | AA8: =VLOOKUP(M8,$A$4:$I$15,2,FALSE) -> Rectangle | AB8: =VLOOKUP(N8,$A$4:$I$15,2,FALSE) -> Bananas | AC8: =VLOOKUP(O8,$A$4:$I$15,2,FALSE) -> Square | AD8: =VLOOKUP(P8,$A$4:$I$15,2,FALSE) -> Rectangle | AE8: =VLOOKUP(Q8,$A$4:$I$15,2,FALSE) -> Watermelon | AG8: 1 | AH8: 1 | AI8: 1 | AJ8: 1 | AK8: 1 | AL8: 1
A9: M3 | B9: pentagon | C9: =COUNTIF(L:L,$A9) -> 12 | D9: =COUNTIF(M:M,$A9) -> 12 | E9: =COUNTIF(N:N,$A9) -> 12 | F9: =COUNTIF(O:O,$A9) -> 20 | G9: =COUNTIF(P:P,$A9) -> 18 | H9: =COUNTIF(Q:Q,$A9) -> 12 | I9: 5 | K9: 5 | L9: A | M9: M4 | N9: TE | O9: M2 | P9: M4 | Q9: J | S9: =VLOOKUP(L9,$A$4:$I$15,9,FALSE) -> 7 | T9: =VLOOKUP(M9,$A$4:$I$15,9,FALSE) -> 6 | U9: =VLOOKUP(N9,$A$4:$I$15,9,FALSE) -> 11 | V9: =VLOOKUP(O9,$A$4:$I$15,9,FALSE) -> 4 | W9: =VLOOKUP(P9,$A$4:$I$15,9,FALSE) -> 6 | X9: =VLOOKUP(Q9,$A$4:$I$15,9,FALSE) -> 10 | Z9: =VLOOKUP(L9,$A$4:$I$15,2,FALSE) -> Apples | AA9: =VLOOKUP(M9,$A$4:$I$15,2,FALSE) -> Rectangle | AB9: =VLOOKUP(N9,$A$4:$I$15,2,FALSE) -> Bananas | AC9: =VLOOKUP(O9,$A$4:$I$15,2,FALSE) -> Square | AD9: =VLOOKUP(P9,$A$4:$I$15,2,FALSE) -> Rectangle | AE9: =VLOOKUP(Q9,$A$4:$I$15,2,FALSE) -> Grapes | AG9: 1 | AH9: 1 | AI9: 1 | AJ9: 1 | AK9: 1 | AL9: 1
A10: M4 | B10: Rectangle | C10: =COUNTIF(L:L,$A10) -> 18 | D10: =COUNTIF(M:M,$A10) -> 20 | E10: =COUNTIF(N:N,$A10) -> 20 | F10: =COUNTIF(O:O,$A10) -> 24 | G10: =COUNTIF(P:P,$A10) -> 20 | H10: =COUNTIF(Q:Q,$A10) -> 24 | I10: 6 | K10: 6 | L10: M2 | M10: M3 | N10: Q | O10: TE | P10: M1 | Q10: J | S10: =VLOOKUP(L10,$A$4:$I$15,9,FALSE) -> 4 | T10: =VLOOKUP(M10,$A$4:$I$15,9,FALSE) -> 5 | U10: =VLOOKUP(N10,$A$4:$I$15,9,FALSE) -> 9 | V10: =VLOOKUP(O10,$A$4:$I$15,9,FALSE) -> 11 | W10: =VLOOKUP(P10,$A$4:$I$15,9,FALSE) -> 3 | X10: =VLOOKUP(Q10,$A$4:$I$15,9,FALSE) -> 10 | Z10: =VLOOKUP(L10,$A$4:$I$15,2,FALSE) -> Square | AA10: =VLOOKUP(M10,$A$4:$I$15,2,FALSE) -> pentagon | AB10: =VLOOKUP(N10,$A$4:$I$15,2,FALSE) -> Watermelon | AC10: =VLOOKUP(O10,$A$4:$I$15,2,FALSE) -> Bananas | AD10: =VLOOKUP(P10,$A$4:$I$15,2,FALSE) -> Heart | AE10: =VLOOKUP(Q10,$A$4:$I$15,2,FALSE) -> Grapes | AG10: 1 | AH10: 1 | AI10: 1 | AJ10: 1 | AK10: 1 | AL10: 1
A11: A | B11: Apples | C11: =COUNTIF(L:L,$A11) -> 22 | D11: =COUNTIF(M:M,$A11) -> 20 | E11: =COUNTIF(N:N,$A11) -> 22 | F11: =COUNTIF(O:O,$A11) -> 12 | G11: =COUNTIF(P:P,$A11) -> 16 | H11: =COUNTIF(Q:Q,$A11) -> 18 | I11: 7 | K11: 7 | L11: M2 | M11: M3 | N11: Q | O11: TE | P11: M1 | Q11: M2 | S11: =VLOOKUP(L11,$A$4:$I$15,9,FALSE) -> 4 | T11: =VLOOKUP(M11,$A$4:$I$15,9,FALSE) -> 5 | U11: =VLOOKUP(N11,$A$4:$I$15,9,FALSE) -> 9 | V11: =VLOOKUP(O11,$A$4:$I$15,9,FALSE) -> 11 | W11: =VLOOKUP(P11,$A$4:$I$15,9,FALSE) -> 3 | X11: =VLOOKUP(Q11,$A$4:$I$15,9,FALSE) -> 4 | Z11: =VLOOKUP(L11,$A$4:$I$15,2,FALSE) -> Square | AA11: =VLOOKUP(M11,$A$4:$I$15,2,FALSE) -> pentagon | AB11: =VLOOKUP(N11,$A$4:$I$15,2,FALSE) -> Watermelon | AC11: =VLOOKUP(O11,$A$4:$I$15,2,FALSE) -> Bananas | AD11: =VLOOKUP(P11,$A$4:$I$15,2,FALSE) -> Heart | AE11: =VLOOKUP(Q11,$A$4:$I$15,2,FALSE) -> Square | AG11: 1 | AH11: 1 | AI11: 1 | AJ11: 1 | AK11: 1 | AL11: 1
A12: K | B12: Peaches | C12: =COUNTIF(L:L,$A12) -> 24 | D12: =COUNTIF(M:M,$A12) -> 24 | E12: =COUNTIF(N:N,$A12) -> 30 | F12: =COUNTIF(O:O,$A12) -> 12 | G12: =COUNTIF(P:P,$A12) -> 24 | H12: =COUNTIF(Q:Q,$A12) -> 24 | I12: 8 | K12: 8 | L12: Q | M12: Q | N12: M4 | O12: Q | P12: M4 | Q12: M2 | S12: =VLOOKUP(L12,$A$4:$I$15,9,FALSE) -> 9 | T12: =VLOOKUP(M12,$A$4:$I$15,9,FALSE) -> 9 | U12: =VLOOKUP(N12,$A$4:$I$15,9,FALSE) -> 6 | V12: =VLOOKUP(O12,$A$4:$I$15,9,FALSE) -> 9 | W12: =VLOOKUP(P12,$A$4:$I$15,9,FALSE) -> 6 | X12: =VLOOKUP(Q12,$A$4:$I$15,9,FALSE) -> 4 | Z12: =VLOOKUP(L12,$A$4:$I$15,2,FALSE) -> Watermelon | AA12: =VLOOKUP(M12,$A$4:$I$15,2,FALSE) -> Watermelon | AB12: =VLOOKUP(N12,$A$4:$I$15,2,FALSE) -> Rectangle | AC12: =VLOOKUP(O12,$A$4:$I$15,2,FALSE) -> Watermelon | AD12: =VLOOKUP(P12,$A$4:$I$15,2,FALSE) -> Rectangle | AE12: =VLOOKUP(Q12,$A$4:$I$15,2,FALSE) -> Square | AG12: 1 | AH12: 1 | AI12: 1 | AJ12: 1 | AK12: 1 | AL12: 1
A13: Q | B13: Watermelon | C13: =COUNTIF(L:L,$A13) -> 24 | D13: =COUNTIF(M:M,$A13) -> 30 | E13: =COUNTIF(N:N,$A13) -> 20 | F13: =COUNTIF(O:O,$A13) -> 24 | G13: =COUNTIF(P:P,$A13) -> 46 | H13: =COUNTIF(Q:Q,$A13) -> 36 | I13: 9 | K13: 9 | L13: Q | M13: Q | N13: M4 | O13: Q | P13: M4 | Q13: A | S13: =VLOOKUP(L13,$A$4:$I$15,9,FALSE) -> 9 | T13: =VLOOKUP(M13,$A$4:$I$15,9,FALSE) -> 9 | U13: =VLOOKUP(N13,$A$4:$I$15,9,FALSE) -> 6 | V13: =VLOOKUP(O13,$A$4:$I$15,9,FALSE) -> 9 | W13: =VLOOKUP(P13,$A$4:$I$15,9,FALSE) -> 6 | X13: =VLOOKUP(Q13,$A$4:$I$15,9,FALSE) -> 7 | Z13: =VLOOKUP(L13,$A$4:$I$15,2,FALSE) -> Watermelon | AA13: =VLOOKUP(M13,$A$4:$I$15,2,FALSE) -> Watermelon | AB13: =VLOOKUP(N13,$A$4:$I$15,2,FALSE) -> Rectangle | AC13: =VLOOKUP(O13,$A$4:$I$15,2,FALSE) -> Watermelon | AD13: =VLOOKUP(P13,$A$4:$I$15,2,FALSE) -> Rectangle | AE13: =VLOOKUP(Q13,$A$4:$I$15,2,FALSE) -> Apples | AG13: 1 | AH13: 1 | AI13: 1 | AJ13: 1 | AK13: 1 | AL13: 1
A14: J | B14: Grapes | C14: =COUNTIF(L:L,$A14) -> 40 | D14: =COUNTIF(M:M,$A14) -> 30 | E14: =COUNTIF(N:N,$A14) -> 30 | F14: =COUNTIF(O:O,$A14) -> 34 | G14: =COUNTIF(P:P,$A14) -> 24 | H14: =COUNTIF(Q:Q,$A14) -> 24 | I14: 10 | K14: 10 | L14: J | M14: J | N14: C1 | O14: TE | P14: A | Q14: A | S14: =VLOOKUP(L14,$A$4:$I$15,9,FALSE) -> 10 | T14: =VLOOKUP(M14,$A$4:$I$15,9,FALSE) -> 10 | U14: =VLOOKUP(N14,$A$4:$I$15,9,FALSE) -> 1 | V14: =VLOOKUP(O14,$A$4:$I$15,9,FALSE) -> 11 | W14: =VLOOKUP(P14,$A$4:$I$15,9,FALSE) -> 7 | X14: =VLOOKUP(Q14,$A$4:$I$15,9,FALSE) -> 7 | Z14: =VLOOKUP(L14,$A$4:$I$15,2,FALSE) -> Grapes | AA14: =VLOOKUP(M14,$A$4:$I$15,2,FALSE) -> Grapes | AB14: =VLOOKUP(N14,$A$4:$I$15,2,FALSE) -> Scatter | AC14: =VLOOKUP(O14,$A$4:$I$15,2,FALSE) -> Bananas | AD14: =VLOOKUP(P14,$A$4:$I$15,2,FALSE) -> Apples | AE14: =VLOOKUP(Q14,$A$4:$I$15,2,FALSE) -> Apples | AG14: 1 | AH14: 1 | AI14: 1 | AJ14: 1 | AK14: 1 | AL14: 1
A15: TE | B15: Bananas | C15: =COUNTIF(L:L,$A15) -> 38 | D15: =COUNTIF(M:M,$A15) -> 40 | E15: =COUNTIF(N:N,$A15) -> 30 | F15: =COUNTIF(O:O,$A15) -> 46 | G15: =COUNTIF(P:P,$A15) -> 30 | H15: =COUNTIF(Q:Q,$A15) -> 28 | I15: 11 | K15: 11 | L15: J | M15: J | N15: K | O15: TE | P15: A | Q15: M4 | S15: =VLOOKUP(L15,$A$4:$I$15,9,FALSE) -> 10 | T15: =VLOOKUP(M15,$A$4:$I$15,9,FALSE) -> 10 | U15: =VLOOKUP(N15,$A$4:$I$15,9,FALSE) -> 8 | V15: =VLOOKUP(O15,$A$4:$I$15,9,FALSE) -> 11 | W15: =VLOOKUP(P15,$A$4:$I$15,9,FALSE) -> 7 | X15: =VLOOKUP(Q15,$A$4:$I$15,9,FALSE) -> 6 | Z15: =VLOOKUP(L15,$A$4:$I$15,2,FALSE) -> Grapes | AA15: =VLOOKUP(M15,$A$4:$I$15,2,FALSE) -> Grapes | AB15: =VLOOKUP(N15,$A$4:$I$15,2,FALSE) -> Peaches | AC15: =VLOOKUP(O15,$A$4:$I$15,2,FALSE) -> Bananas | AD15: =VLOOKUP(P15,$A$4:$I$15,2,FALSE) -> Apples | AE15: =VLOOKUP(Q15,$A$4:$I$15,2,FALSE) -> Rectangle | AG15: 1 | AH15: 1 | AI15: 1 | AJ15: 1 | AK15: 1 | AL15: 1
K16: 12 | L16: K | M16: TE | N16: K | O16: M4 | P16: TE | Q16: M4 | S16: =VLOOKUP(L16,$A$4:$I$15,9,FALSE) -> 8 | T16: =VLOOKUP(M16,$A$4:$I$15,9,FALSE) -> 11 | U16: =VLOOKUP(N16,$A$4:$I$15,9,FALSE) -> 8 | V16: =VLOOKUP(O16,$A$4:$I$15,9,FALSE) -> 6 | W16: =VLOOKUP(P16,$A$4:$I$15,9,FALSE) -> 11 | X16: =VLOOKUP(Q16,$A$4:$I$15,9,FALSE) -> 6 | Z16: =VLOOKUP(L16,$A$4:$I$15,2,FALSE) -> Peaches | AA16: =VLOOKUP(M16,$A$4:$I$15,2,FALSE) -> Bananas | AB16: =VLOOKUP(N16,$A$4:$I$15,2,FALSE) -> Peaches | AC16: =VLOOKUP(O16,$A$4:$I$15,2,FALSE) -> Rectangle | AD16: =VLOOKUP(P16,$A$4:$I$15,2,FALSE) -> Bananas | AE16: =VLOOKUP(Q16,$A$4:$I$15,2,FALSE) -> Rectangle | AG16: 1 | AH16: 1 | AI16: 1 | AJ16: 1 | AK16: 1 | AL16: 1
K17: 13 | L17: K | M17: TE | N17: J | O17: M4 | P17: TE | Q17: TE | S17: =VLOOKUP(L17,$A$4:$I$15,9,FALSE) -> 8 | T17: =VLOOKUP(M17,$A$4:$I$15,9,FALSE) -> 11 | U17: =VLOOKUP(N17,$A$4:$I$15,9,FALSE) -> 10 | V17: =VLOOKUP(O17,$A$4:$I$15,9,FALSE) -> 6 | W17: =VLOOKUP(P17,$A$4:$I$15,9,FALSE) -> 11 | X17: =VLOOKUP(Q17,$A$4:$I$15,9,FALSE) -> 11 | Z17: =VLOOKUP(L17,$A$4:$I$15,2,FALSE) -> Peaches | AA17: =VLOOKUP(M17,$A$4:$I$15,2,FALSE) -> Bananas | AB17: =VLOOKUP(N17,$A$4:$I$15,2,FALSE) -> Grapes | AC17: =VLOOKUP(O17,$A$4:$I$15,2,FALSE) -> Rectangle | AD17: =VLOOKUP(P17,$A$4:$I$15,2,FALSE) -> Bananas | AE17: =VLOOKUP(Q17,$A$4:$I$15,2,FALSE) -> Bananas | AG17: 1 | AH17: 1 | AI17: 1 | AJ17: 1 | AK17: 1 | AL17: 1
K18: 14 | L18: M2 | M18: Q | N18: J | O18: K | P18: M4 | Q18: TE | S18: =VLOOKUP(L18,$A$4:$I$15,9,FALSE) -> 4 | T18: =VLOOKUP(M18,$A$4:$I$15,9,FALSE) -> 9 | U18: =VLOOKUP(N18,$A$4:$I$15,9,FALSE) -> 10 | V18: =VLOOKUP(O18,$A$4:$I$15,9,FALSE) -> 8 | W18: =VLOOKUP(P18,$A$4:$I$15,9,FALSE) -> 6 | X18: =VLOOKUP(Q18,$A$4:$I$15,9,FALSE) -> 11 | Z18: =VLOOKUP(L18,$A$4:$I$15,2,FALSE) -> Square | AA18: =VLOOKUP(M18,$A$4:$I$15,2,FALSE) -> Watermelon | AB18: =VLOOKUP(N18,$A$4:$I$15,2,FALSE) -> Grapes | AC18: =VLOOKUP(O18,$A$4:$I$15,2,FALSE) -> Peaches | AD18: =VLOOKUP(P18,$A$4:$I$15,2,FALSE) -> Rectangle | AE18: =VLOOKUP(Q18,$A$4:$I$15,2,FALSE) -> Bananas | AG18: 1 | AH18: 1 | AI18: 1 | AJ18: 1 | AK18: 1 | AL18: 1
K19: 15 | L19: M2 | M19: Q | N19: M2 | O19: K | P19: M4 | Q19: M2 | S19: =VLOOKUP(L19,$A$4:$I$15,9,FALSE) -> 4 | T19: =VLOOKUP(M19,$A$4:$I$15,9,FALSE) -> 9 | U19: =VLOOKUP(N19,$A$4:$I$15,9,FALSE) -> 4 | V19: =VLOOKUP(O19,$A$4:$I$15,9,FALSE) -> 8 | W19: =VLOOKUP(P19,$A$4:$I$15,9,FALSE) -> 6 | X19: =VLOOKUP(Q19,$A$4:$I$15,9,FALSE) -> 4 | Z19: =VLOOKUP(L19,$A$4:$I$15,2,FALSE) -> Square | AA19: =VLOOKUP(M19,$A$4:$I$15,2,FALSE) -> Watermelon | AB19: =VLOOKUP(N19,$A$4:$I$15,2,FALSE) -> Square | AC19: =VLOOKUP(O19,$A$4:$I$15,2,FALSE) -> Peaches | AD19: =VLOOKUP(P19,$A$4:$I$15,2,FALSE) -> Rectangle | AE19: =VLOOKUP(Q19,$A$4:$I$15,2,FALSE) -> Square | AG19: 1 | AH19: 1 | AI19: 1 | AJ19: 1 | AK19: 1 | AL19: 1
K20: 16 | L20: C1 | M20: TE | N20: M2 | O20: A | P20: M2 | Q20: M2 | S20: =VLOOKUP(L20,$A$4:$I$15,9,FALSE) -> 1 | T20: =VLOOKUP(M20,$A$4:$I$15,9,FALSE) -> 11 | U20: =VLOOKUP(N20,$A$4:$I$15,9,FALSE) -> 4 | V20: =VLOOKUP(O20,$A$4:$I$15,9,FALSE) -> 7 | W20: =VLOOKUP(P20,$A$4:$I$15,9,FALSE) -> 4 | X20: =VLOOKUP(Q20,$A$4:$I$15,9,FALSE) -> 4 | Z20: =VLOOKUP(L20,$A$4:$I$15,2,FALSE) -> Scatter | AA20: =VLOOKUP(M20,$A$4:$I$15,2,FALSE) -> Bananas | AB20: =VLOOKUP(N20,$A$4:$I$15,2,FALSE) -> Square | AC20: =VLOOKUP(O20,$A$4:$I$15,2,FALSE) -> Apples | AD20: =VLOOKUP(P20,$A$4:$I$15,2,FALSE) -> Square | AE20: =VLOOKUP(Q20,$A$4:$I$15,2,FALSE) -> Square | AG20: 1 | AH20: 1 | AI20: 1 | AJ20: 1 | AK20: 1 | AL20: 1
K21: 17 | L21: TE | M21: TE | N21: TE | O21: A | P21: M2 | Q21: M3 | S21: =VLOOKUP(L21,$A$4:$I$15,9,FALSE) -> 11 | T21: =VLOOKUP(M21,$A$4:$I$15,9,FALSE) -> 11 | U21: =VLOOKUP(N21,$A$4:$I$15,9,FALSE) -> 11 | V21: =VLOOKUP(O21,$A$4:$I$15,9,FALSE) -> 7 | W21: =VLOOKUP(P21,$A$4:$I$15,9,FALSE) -> 4 | X21: =VLOOKUP(Q21,$A$4:$I$15,9,FALSE) -> 5 | Z21: =VLOOKUP(L21,$A$4:$I$15,2,FALSE) -> Bananas | AA21: =VLOOKUP(M21,$A$4:$I$15,2,FALSE) -> Bananas | AB21: =VLOOKUP(N21,$A$4:$I$15,2,FALSE) -> Bananas | AC21: =VLOOKUP(O21,$A$4:$I$15,2,FALSE) -> Apples | AD21: =VLOOKUP(P21,$A$4:$I$15,2,FALSE) -> Square | AE21: =VLOOKUP(Q21,$A$4:$I$15,2,FALSE) -> pentagon | AG21: 1 | AH21: 1 | AI21: 1 | AJ21: 1 | AK21: 1 | AL21: 1
K22: 18 | L22: TE | M22: M2 | N22: TE | O22: M1 | P22: M3 | Q22: M3 | S22: =VLOOKUP(L22,$A$4:$I$15,9,FALSE) -> 11 | T22: =VLOOKUP(M22,$A$4:$I$15,9,FALSE) -> 4 | U22: =VLOOKUP(N22,$A$4:$I$15,9,FALSE) -> 11 | V22: =VLOOKUP(O22,$A$4:$I$15,9,FALSE) -> 3 | W22: =VLOOKUP(P22,$A$4:$I$15,9,FALSE) -> 5 | X22: =VLOOKUP(Q22,$A$4:$I$15,9,FALSE) -> 5 | Z22: =VLOOKUP(L22,$A$4:$I$15,2,FALSE) -> Bananas | AA22: =VLOOKUP(M22,$A$4:$I$15,2,FALSE) -> Square | AB22: =VLOOKUP(N22,$A$4:$I$15,2,FALSE) -> Bananas | AC22: =VLOOKUP(O22,$A$4:$I$15,2,FALSE) -> Heart | AD22: =VLOOKUP(P22,$A$4:$I$15,2,FALSE) -> pentagon | AE22: =VLOOKUP(Q22,$A$4:$I$15,2,FALSE) -> pentagon | AG22: 1 | AH22: 1 | AI22: 1 | AJ22: 1 | AK22: 1 | AL22: 1
K23: 19 | L23: Q | M23: M2 | N23: J | O23: M1 | P23: M3 | Q23: Q | S23: =VLOOKUP(L23,$A$4:$I$15,9,FALSE) -> 9 | T23: =VLOOKUP(M23,$A$4:$I$15,9,FALSE) -> 4 | U23: =VLOOKUP(N23,$A$4:$I$15,9,FALSE) -> 10 | V23: =VLOOKUP(O23,$A$4:$I$15,9,FALSE) -> 3 | W23: =VLOOKUP(P23,$A$4:$I$15,9,FALSE) -> 5 | X23: =VLOOKUP(Q23,$A$4:$I$15,9,FALSE) -> 9 | Z23: =VLOOKUP(L23,$A$4:$I$15,2,FALSE) -> Watermelon | AA23: =VLOOKUP(M23,$A$4:$I$15,2,FALSE) -> Square | AB23: =VLOOKUP(N23,$A$4:$I$15,2,FALSE) -> Grapes | AC23: =VLOOKUP(O23,$A$4:$I$15,2,FALSE) -> Heart | AD23: =VLOOKUP(P23,$A$4:$I$15,2,FALSE) -> pentagon | AE23: =VLOOKUP(Q23,$A$4:$I$15,2,FALSE) -> Watermelon | AG23: 1 | AH23: 1 | AI23: 1 | AJ23: 1 | AK23: 1 | AL23: 1
K24: 20 | L24: Q | M24: C1 | N24: J | O24: M4 | P24: Q | Q24: Q | S24: =VLOOKUP(L24,$A$4:$I$15,9,FALSE) -> 9 | T24: =VLOOKUP(M24,$A$4:$I$15,9,FALSE) -> 1 | U24: =VLOOKUP(N24,$A$4:$I$15,9,FALSE) -> 10 | V24: =VLOOKUP(O24,$A$4:$I$15,9,FALSE) -> 6 | W24: =VLOOKUP(P24,$A$4:$I$15,9,FALSE) -> 9 | X24: =VLOOKUP(Q24,$A$4:$I$15,9,FALSE) -> 9 | Z24: =VLOOKUP(L24,$A$4:$I$15,2,FALSE) -> Watermelon | AA24: =VLOOKUP(M24,$A$4:$I$15,2,FALSE) -> Scatter | AB24: =VLOOKUP(N24,$A$4:$I$15,2,FALSE) -> Grapes | AC24: =VLOOKUP(O24,$A$4:$I$15,2,FALSE) -> Rectangle | AD24: =VLOOKUP(P24,$A$4:$I$15,2,FALSE) -> Watermelon | AE24: =VLOOKUP(Q24,$A$4:$I$15,2,FALSE) -> Watermelon | AG24: 1 | AH24: 1 | AI24: 1 | AJ24: 1 | AK24: 1 | AL24: 1
K25: 21 | L25: K | M25: J | N25: K | O25: M4 | P25: Q | Q25: M3 | S25: =VLOOKUP(L25,$A$4:$I$15,9,FALSE) -> 8 | T25: =VLOOKUP(M25,$A$4:$I$15,9,FALSE) -> 10 | U25: =VLOOKUP(N25,$A$4:$I$15,9,FALSE) -> 8 | V25: =VLOOKUP(O25,$A$4:$I$15,9,FALSE) -> 6 | W25: =VLOOKUP(P25,$A$4:$I$15,9,FALSE) -> 9 | X25: =VLOOKUP(Q25,$A$4:$I$15,9,FALSE) -> 5 | Z25: =VLOOKUP(L25,$A$4:$I$15,2,FALSE) -> Peaches | AA25: =VLOOKUP(M25,$A$4:$I$15,2,FALSE) -> Grapes | AB25: =VLOOKUP(N25,$A$4:$I$15,2,FALSE) -> Peaches | AC25: =VLOOKUP(O25,$A$4:$I$15,2,FALSE) -> Rectangle | AD25: =VLOOKUP(P25,$A$4:$I$15,2,FALSE) -> Watermelon | AE25: =VLOOKUP(Q25,$A$4:$I$15,2,FALSE) -> pentagon | AG25: 1 | AH25: 1 | AI25: 1 | AJ25: 1 | AK25: 1 | AL25: 1
K26: 22 | L26: K | M26: J | N26: K | O26: M2 | P26: M2 | Q26: M3 | S26: =VLOOKUP(L26,$A$4:$I$15,9,FALSE) -> 8 | T26: =VLOOKUP(M26,$A$4:$I$15,9,FALSE) -> 10 | U26: =VLOOKUP(N26,$A$4:$I$15,9,FALSE) -> 8 | V26: =VLOOKUP(O26,$A$4:$I$15,9,FALSE) -> 4 | W26: =VLOOKUP(P26,$A$4:$I$15,9,FALSE) -> 4 | X26: =VLOOKUP(Q26,$A$4:$I$15,9,FALSE) -> 5 | Z26: =VLOOKUP(L26,$A$4:$I$15,2,FALSE) -> Peaches | AA26: =VLOOKUP(M26,$A$4:$I$15,2,FALSE) -> Grapes | AB26: =VLOOKUP(N26,$A$4:$I$15,2,FALSE) -> Peaches | AC26: =VLOOKUP(O26,$A$4:$I$15,2,FALSE) -> Square | AD26: =VLOOKUP(P26,$A$4:$I$15,2,FALSE) -> Square | AE26: =VLOOKUP(Q26,$A$4:$I$15,2,FALSE) -> pentagon | AG26: 1 | AH26: 1 | AI26: 1 | AJ26: 1 | AK26: 1 | AL26: 1
K27: 23 | L27: TE | M27: K | N27: J | O27: M2 | P27: M2 | Q27: TE | S27: =VLOOKUP(L27,$A$4:$I$15,9,FALSE) -> 11 | T27: =VLOOKUP(M27,$A$4:$I$15,9,FALSE) -> 8 | U27: =VLOOKUP(N27,$A$4:$I$15,9,FALSE) -> 10 | V27: =VLOOKUP(O27,$A$4:$I$15,9,FALSE) -> 4 | W27: =VLOOKUP(P27,$A$4:$I$15,9,FALSE) -> 4 | X27: =VLOOKUP(Q27,$A$4:$I$15,9,FALSE) -> 11 | Z27: =VLOOKUP(L27,$A$4:$I$15,2,FALSE) -> Bananas | AA27: =VLOOKUP(M27,$A$4:$I$15,2,FALSE) -> Peaches | AB27: =VLOOKUP(N27,$A$4:$I$15,2,FALSE) -> Grapes | AC27: =VLOOKUP(O27,$A$4:$I$15,2,FALSE) -> Square | AD27: =VLOOKUP(P27,$A$4:$I$15,2,FALSE) -> Square | AE27: =VLOOKUP(Q27,$A$4:$I$15,2,FALSE) -> Bananas | AG27: 1 | AH27: 1 | AI27: 1 | AJ27: 1 | AK27: 1 | AL27: 1
... K203: 199 | L203: J | M203: TE | N203: A | O203: TE | P203: TE | Q203: M2 | S203: =VLOOKUP(L203,$A$4:$I$15,9,FALSE) -> 10 | T203: =VLOOKUP(M203,$A$4:$I$15,9,FALSE) -> 11 | U203: =VLOOKUP(N203,$A$4:$I$15,9,FALSE) -> 7 | V203: =VLOOKUP(O203,$A$4:$I$15,9,FALSE) -> 11 | W203: =VLOOKUP(P203,$A$4:$I$15,9,FALSE) -> 11 | X203: =VLOOKUP(Q203,$A$4:$I$15,9,FALSE) -> 4 | Z203: =VLOOKUP(L203,$A$4:$I$15,2,FALSE) -> Grapes | AA203: =VLOOKUP(M203,$A$4:$I$15,2,FALSE) -> Bananas | AB203: =VLOOKUP(N203,$A$4:$I$15,2,FALSE) -> Apples | AC203: =VLOOKUP(O203,$A$4:$I$15,2,FALSE) -> Bananas | AD203: =VLOOKUP(P203,$A$4:$I$15,2,FALSE) -> Bananas | AE203: =VLOOKUP(Q203,$A$4:$I$15,2,FALSE) -> Square | AG203: 1 | AH203: 1 | AI203: 1 | AJ203: 1 | AK203: 1 | AL203: 1
K204: 200
K205: 201
K206: 202
K207: 203
K208: 204
K209: 205
K210: 206
K211: 207
K212: 208
K213: 209
K214: 210
K215: 211
... K303: 299

Sheet Base Game Symbol (2)
C2: =SUM(C4:C15) -> 200 | D2: =SUM(D4:D15) -> 200 | E2: =SUM(E4:E15) -> 200 | F2: =SUM(F4:F15) -> 200 | G2: =SUM(G4:G15) -> 200 | H2: =SUM(H4:H15) -> 200 | K2: Symbol | S2: ID | Z2: Description | AG2: Reel Weight
A3: Symbol | B3: Description | C3: R1 | D3: R2 | E3: R3 | F3: R4 | G3: R5 | H3: R6 | I3: ID | K3: Line # | L3: R1 | M3: R2 | N3: R3 | O3: R4 | P3: R5 | Q3: R6 | S3: R1 | T3: R2 | U3: R3 | V3: R4 | W3: R5 | X3: R6 | Z3: R1 | AA3: R2 | AB3: R3 | AC3: R4 | AD3: R5 | AE3: R6 | AG3: R1 | AH3: R2 | AI3: R3 | AJ3: R4 | AK3: R5 | AL3: R6
A4: {=Overview!A58:A69} -> WW | B4: {=Overview!B58:B69} -> Wild | C4: =COUNTIF(L:L,$A4) -> 0 | D4: =COUNTIF(M:M,$A4) -> 0 | E4: =COUNTIF(N:N,$A4) -> 0 | F4: =COUNTIF(O:O,$A4) -> 0 | G4: =COUNTIF(P:P,$A4) -> 0 | H4: =COUNTIF(Q:Q,$A4) -> 0 | I4: {=Overview!I58:I69} -> 0 | K4: 0 | L4: TE | M4: TE | N4: M4 | O4: M3 | P4: Q | Q4: J | S4: =VLOOKUP(L4,$A$4:$I$15,9,FALSE) -> 11 | T4: =VLOOKUP(M4,$A$4:$I$15,9,FALSE) -> 11 | U4: =VLOOKUP(N4,$A$4:$I$15,9,FALSE) -> 6 | V4: =VLOOKUP(O4,$A$4:$I$15,9,FALSE) -> 5 | W4: =VLOOKUP(P4,$A$4:$I$15,9,FALSE) -> 9 | X4: =VLOOKUP(Q4,$A$4:$I$15,9,FALSE) -> 10 | Z4: =VLOOKUP(L4,$A$4:$I$15,2,FALSE) -> Bananas | AA4: =VLOOKUP(M4,$A$4:$I$15,2,FALSE) -> Bananas | AB4: =VLOOKUP(N4,$A$4:$I$15,2,FALSE) -> Rectangle | AC4: =VLOOKUP(O4,$A$4:$I$15,2,FALSE) -> pentagon | AD4: =VLOOKUP(P4,$A$4:$I$15,2,FALSE) -> Watermelon | AE4: =VLOOKUP(Q4,$A$4:$I$15,2,FALSE) -> Grapes | AG4: 1 | AH4: 1 | AI4: 1 | AJ4: 1 | AK4: 1 | AL4: 1
A5: C1 | B5: Scatter | C5: =COUNTIF(L:L,$A5) -> 4 | D5: =COUNTIF(M:M,$A5) -> 6 | E5: =COUNTIF(N:N,$A5) -> 2 | F5: =COUNTIF(O:O,$A5) -> 4 | G5: =COUNTIF(P:P,$A5) -> 4 | H5: =COUNTIF(Q:Q,$A5) -> 4 | I5: 1 | K5: 1 | L5: TE | M5: TE | N5: M4 | O5: M3 | P5: Q | Q5: J | S5: =VLOOKUP(L5,$A$4:$I$15,9,FALSE) -> 11 | T5: =VLOOKUP(M5,$A$4:$I$15,9,FALSE) -> 11 | U5: =VLOOKUP(N5,$A$4:$I$15,9,FALSE) -> 6 | V5: =VLOOKUP(O5,$A$4:$I$15,9,FALSE) -> 5 | W5: =VLOOKUP(P5,$A$4:$I$15,9,FALSE) -> 9 | X5: =VLOOKUP(Q5,$A$4:$I$15,9,FALSE) -> 10 | Z5: =VLOOKUP(L5,$A$4:$I$15,2,FALSE) -> Bananas | AA5: =VLOOKUP(M5,$A$4:$I$15,2,FALSE) -> Bananas | AB5: =VLOOKUP(N5,$A$4:$I$15,2,FALSE) -> Rectangle | AC5: =VLOOKUP(O5,$A$4:$I$15,2,FALSE) -> pentagon | AD5: =VLOOKUP(P5,$A$4:$I$15,2,FALSE) -> Watermelon | AE5: =VLOOKUP(Q5,$A$4:$I$15,2,FALSE) -> Grapes | AG5: 1 | AH5: 1 | AI5: 1 | AJ5: 1 | AK5: 1 | AL5: 1
A6: C2 | B6: Multiplier | C6: =COUNTIF(L:L,$A6) -> 0 | D6: =COUNTIF(M:M,$A6) -> 0 | E6: =COUNTIF(N:N,$A6) -> 0 | F6: =COUNTIF(O:O,$A6) -> 0 | G6: =COUNTIF(P:P,$A6) -> 0 | H6: =COUNTIF(Q:Q,$A6) -> 0 | I6: 2 | K6: 2 | L6: M2 | M6: J | N6: M1 | O6: K | P6: M3 | Q6: C1 | S6: =VLOOKUP(L6,$A$4:$I$15,9,FALSE) -> 4 | T6: =VLOOKUP(M6,$A$4:$I$15,9,FALSE) -> 10 | U6: =VLOOKUP(N6,$A$4:$I$15,9,FALSE) -> 3 | V6: =VLOOKUP(O6,$A$4:$I$15,9,FALSE) -> 8 | W6: =VLOOKUP(P6,$A$4:$I$15,9,FALSE) -> 5 | X6: =VLOOKUP(Q6,$A$4:$I$15,9,FALSE) -> 1 | Z6: =VLOOKUP(L6,$A$4:$I$15,2,FALSE) -> Square | AA6: =VLOOKUP(M6,$A$4:$I$15,2,FALSE) -> Grapes | AB6: =VLOOKUP(N6,$A$4:$I$15,2,FALSE) -> Heart | AC6: =VLOOKUP(O6,$A$4:$I$15,2,FALSE) -> Peaches | AD6: =VLOOKUP(P6,$A$4:$I$15,2,FALSE) -> pentagon | AE6: =VLOOKUP(Q6,$A$4:$I$15,2,FALSE) -> Scatter | AG6: 1 | AH6: 1 | AI6: 1 | AJ6: 1 | AK6: 1 | AL6: 1
A7: M1 | B7: Heart | C7: =COUNTIF(L:L,$A7) -> 8 | D7: =COUNTIF(M:M,$A7) -> 8 | E7: =COUNTIF(N:N,$A7) -> 22 | F7: =COUNTIF(O:O,$A7) -> 18 | G7: =COUNTIF(P:P,$A7) -> 8 | H7: =COUNTIF(Q:Q,$A7) -> 8 | I7: 3 | K7: 3 | L7: M2 | M7: J | N7: M1 | O7: K | P7: M3 | Q7: Q | S7: =VLOOKUP(L7,$A$4:$I$15,9,FALSE) -> 4 | T7: =VLOOKUP(M7,$A$4:$I$15,9,FALSE) -> 10 | U7: =VLOOKUP(N7,$A$4:$I$15,9,FALSE) -> 3 | V7: =VLOOKUP(O7,$A$4:$I$15,9,FALSE) -> 8 | W7: =VLOOKUP(P7,$A$4:$I$15,9,FALSE) -> 5 | X7: =VLOOKUP(Q7,$A$4:$I$15,9,FALSE) -> 9 | Z7: =VLOOKUP(L7,$A$4:$I$15,2,FALSE) -> Square | AA7: =VLOOKUP(M7,$A$4:$I$15,2,FALSE) -> Grapes | AB7: =VLOOKUP(N7,$A$4:$I$15,2,FALSE) -> Heart | AC7: =VLOOKUP(O7,$A$4:$I$15,2,FALSE) -> Peaches | AD7: =VLOOKUP(P7,$A$4:$I$15,2,FALSE) -> pentagon | AE7: =VLOOKUP(Q7,$A$4:$I$15,2,FALSE) -> Watermelon | AG7: 1 | AH7: 1 | AI7: 1 | AJ7: 1 | AK7: 1 | AL7: 1
A8: M2 | B8: Square | C8: =COUNTIF(L:L,$A8) -> 30 | D8: =COUNTIF(M:M,$A8) -> 30 | E8: =COUNTIF(N:N,$A8) -> 38 | F8: =COUNTIF(O:O,$A8) -> 20 | G8: =COUNTIF(P:P,$A8) -> 24 | H8: =COUNTIF(Q:Q,$A8) -> 34 | I8: 4 | K8: 4 | L8: A | M8: M4 | N8: TE | O8: M2 | P8: M4 | Q8: Q | S8: =VLOOKUP(L8,$A$4:$I$15,9,FALSE) -> 7 | T8: =VLOOKUP(M8,$A$4:$I$15,9,FALSE) -> 6 | U8: =VLOOKUP(N8,$A$4:$I$15,9,FALSE) -> 11 | V8: =VLOOKUP(O8,$A$4:$I$15,9,FALSE) -> 4 | W8: =VLOOKUP(P8,$A$4:$I$15,9,FALSE) -> 6 | X8: =VLOOKUP(Q8,$A$4:$I$15,9,FALSE) -> 9 | Z8: =VLOOKUP(L8,$A$4:$I$15,2,FALSE) -> Apples | AA8: =VLOOKUP(M8,$A$4:$I$15,2,FALSE) -> Rectangle | AB8: =VLOOKUP(N8,$A$4:$I$15,2,FALSE) -> Bananas | AC8: =VLOOKUP(O8,$A$4:$I$15,2,FALSE) -> Square | AD8: =VLOOKUP(P8,$A$4:$I$15,2,FALSE) -> Rectangle | AE8: =VLOOKUP(Q8,$A$4:$I$15,2,FALSE) -> Watermelon | AG8: 1 | AH8: 1 | AI8: 1 | AJ8: 1 | AK8: 1 | AL8: 1
A9: M3 | B9: pentagon | C9: =COUNTIF(L:L,$A9) -> 18 | D9: =COUNTIF(M:M,$A9) -> 18 | E9: =COUNTIF(N:N,$A9) -> 18 | F9: =COUNTIF(O:O,$A9) -> 26 | G9: =COUNTIF(P:P,$A9) -> 24 | H9: =COUNTIF(Q:Q,$A9) -> 18 | I9: 5 | K9: 5 | L9: A | M9: M4 | N9: TE | O9: M2 | P9: M4 | Q9: M4 | S9: =VLOOKUP(L9,$A$4:$I$15,9,FALSE) -> 7 | T9: =VLOOKUP(M9,$A$4:$I$15,9,FALSE) -> 6 | U9: =VLOOKUP(N9,$A$4:$I$15,9,FALSE) -> 11 | V9: =VLOOKUP(O9,$A$4:$I$15,9,FALSE) -> 4 | W9: =VLOOKUP(P9,$A$4:$I$15,9,FALSE) -> 6 | X9: =VLOOKUP(Q9,$A$4:$I$15,9,FALSE) -> 6 | Z9: =VLOOKUP(L9,$A$4:$I$15,2,FALSE) -> Apples | AA9: =VLOOKUP(M9,$A$4:$I$15,2,FALSE) -> Rectangle | AB9: =VLOOKUP(N9,$A$4:$I$15,2,FALSE) -> Bananas | AC9: =VLOOKUP(O9,$A$4:$I$15,2,FALSE) -> Square | AD9: =VLOOKUP(P9,$A$4:$I$15,2,FALSE) -> Rectangle | AE9: =VLOOKUP(Q9,$A$4:$I$15,2,FALSE) -> Rectangle | AG9: 1 | AH9: 1 | AI9: 1 | AJ9: 1 | AK9: 1 | AL9: 1
A10: M4 | B10: Rectangle | C10: =COUNTIF(L:L,$A10) -> 24 | D10: =COUNTIF(M:M,$A10) -> 26 | E10: =COUNTIF(N:N,$A10) -> 26 | F10: =COUNTIF(O:O,$A10) -> 30 | G10: =COUNTIF(P:P,$A10) -> 26 | H10: =COUNTIF(Q:Q,$A10) -> 32 | I10: 6 | K10: 6 | L10: M2 | M10: M3 | N10: M3 | O10: TE | P10: M1 | Q10: M4 | S10: =VLOOKUP(L10,$A$4:$I$15,9,FALSE) -> 4 | T10: =VLOOKUP(M10,$A$4:$I$15,9,FALSE) -> 5 | U10: =VLOOKUP(N10,$A$4:$I$15,9,FALSE) -> 5 | V10: =VLOOKUP(O10,$A$4:$I$15,9,FALSE) -> 11 | W10: =VLOOKUP(P10,$A$4:$I$15,9,FALSE) -> 3 | X10: =VLOOKUP(Q10,$A$4:$I$15,9,FALSE) -> 6 | Z10: =VLOOKUP(L10,$A$4:$I$15,2,FALSE) -> Square | AA10: =VLOOKUP(M10,$A$4:$I$15,2,FALSE) -> pentagon | AB10: =VLOOKUP(N10,$A$4:$I$15,2,FALSE) -> pentagon | AC10: =VLOOKUP(O10,$A$4:$I$15,2,FALSE) -> Bananas | AD10: =VLOOKUP(P10,$A$4:$I$15,2,FALSE) -> Heart | AE10: =VLOOKUP(Q10,$A$4:$I$15,2,FALSE) -> Rectangle | AG10: 1 | AH10: 1 | AI10: 1 | AJ10: 1 | AK10: 1 | AL10: 1
A11: A | B11: Apples | C11: =COUNTIF(L:L,$A11) -> 20 | D11: =COUNTIF(M:M,$A11) -> 18 | E11: =COUNTIF(N:N,$A11) -> 16 | F11: =COUNTIF(O:O,$A11) -> 6 | G11: =COUNTIF(P:P,$A11) -> 14 | H11: =COUNTIF(Q:Q,$A11) -> 16 | I11: 7 | K11: 7 | L11: M2 | M11: M3 | N11: M3 | O11: TE | P11: M1 | Q11: M2 | S11: =VLOOKUP(L11,$A$4:$I$15,9,FALSE) -> 4 | T11: =VLOOKUP(M11,$A$4:$I$15,9,FALSE) -> 5 | U11: =VLOOKUP(N11,$A$4:$I$15,9,FALSE) -> 5 | V11: =VLOOKUP(O11,$A$4:$I$15,9,FALSE) -> 11 | W11: =VLOOKUP(P11,$A$4:$I$15,9,FALSE) -> 3 | X11: =VLOOKUP(Q11,$A$4:$I$15,9,FALSE) -> 4 | Z11: =VLOOKUP(L11,$A$4:$I$15,2,FALSE) -> Square | AA11: =VLOOKUP(M11,$A$4:$I$15,2,FALSE) -> pentagon | AB11: =VLOOKUP(N11,$A$4:$I$15,2,FALSE) -> pentagon | AC11: =VLOOKUP(O11,$A$4:$I$15,2,FALSE) -> Bananas | AD11: =VLOOKUP(P11,$A$4:$I$15,2,FALSE) -> Heart | AE11: =VLOOKUP(Q11,$A$4:$I$15,2,FALSE) -> Square | AG11: 1 | AH11: 1 | AI11: 1 | AJ11: 1 | AK11: 1 | AL11: 1
A12: K | B12: Peaches | C12: =COUNTIF(L:L,$A12) -> 6 | D12: =COUNTIF(M:M,$A12) -> 6 | E12: =COUNTIF(N:N,$A12) -> 10 | F12: =COUNTIF(O:O,$A12) -> 4 | G12: =COUNTIF(P:P,$A12) -> 12 | H12: =COUNTIF(Q:Q,$A12) -> 14 | I12: 8 | K12: 8 | L12: Q | M12: Q | N12: M4 | O12: Q | P12: M4 | Q12: M2 | S12: =VLOOKUP(L12,$A$4:$I$15,9,FALSE) -> 9 | T12: =VLOOKUP(M12,$A$4:$I$15,9,FALSE) -> 9 | U12: =VLOOKUP(N12,$A$4:$I$15,9,FALSE) -> 6 | V12: =VLOOKUP(O12,$A$4:$I$15,9,FALSE) -> 9 | W12: =VLOOKUP(P12,$A$4:$I$15,9,FALSE) -> 6 | X12: =VLOOKUP(Q12,$A$4:$I$15,9,FALSE) -> 4 | Z12: =VLOOKUP(L12,$A$4:$I$15,2,FALSE) -> Watermelon | AA12: =VLOOKUP(M12,$A$4:$I$15,2,FALSE) -> Watermelon | AB12: =VLOOKUP(N12,$A$4:$I$15,2,FALSE) -> Rectangle | AC12: =VLOOKUP(O12,$A$4:$I$15,2,FALSE) -> Watermelon | AD12: =VLOOKUP(P12,$A$4:$I$15,2,FALSE) -> Rectangle | AE12: =VLOOKUP(Q12,$A$4:$I$15,2,FALSE) -> Square | AG12: 1 | AH12: 1 | AI12: 1 | AJ12: 1 | AK12: 1 | AL12: 1
A13: Q | B13: Watermelon | C13: =COUNTIF(L:L,$A13) -> 18 | D13: =COUNTIF(M:M,$A13) -> 24 | E13: =COUNTIF(N:N,$A13) -> 14 | F13: =COUNTIF(O:O,$A13) -> 18 | G13: =COUNTIF(P:P,$A13) -> 40 | H13: =COUNTIF(Q:Q,$A13) -> 30 | I13: 9 | K13: 9 | L13: Q | M13: Q | N13: M4 | O13: Q | P13: M4 | Q13: A | S13: =VLOOKUP(L13,$A$4:$I$15,9,FALSE) -> 9 | T13: =VLOOKUP(M13,$A$4:$I$15,9,FALSE) -> 9 | U13: =VLOOKUP(N13,$A$4:$I$15,9,FALSE) -> 6 | V13: =VLOOKUP(O13,$A$4:$I$15,9,FALSE) -> 9 | W13: =VLOOKUP(P13,$A$4:$I$15,9,FALSE) -> 6 | X13: =VLOOKUP(Q13,$A$4:$I$15,9,FALSE) -> 7 | Z13: =VLOOKUP(L13,$A$4:$I$15,2,FALSE) -> Watermelon | AA13: =VLOOKUP(M13,$A$4:$I$15,2,FALSE) -> Watermelon | AB13: =VLOOKUP(N13,$A$4:$I$15,2,FALSE) -> Rectangle | AC13: =VLOOKUP(O13,$A$4:$I$15,2,FALSE) -> Watermelon | AD13: =VLOOKUP(P13,$A$4:$I$15,2,FALSE) -> Rectangle | AE13: =VLOOKUP(Q13,$A$4:$I$15,2,FALSE) -> Apples | AG13: 1 | AH13: 1 | AI13: 1 | AJ13: 1 | AK13: 1 | AL13: 1
A14: J | B14: Grapes | C14: =COUNTIF(L:L,$A14) -> 34 | D14: =COUNTIF(M:M,$A14) -> 24 | E14: =COUNTIF(N:N,$A14) -> 24 | F14: =COUNTIF(O:O,$A14) -> 28 | G14: =COUNTIF(P:P,$A14) -> 18 | H14: =COUNTIF(Q:Q,$A14) -> 16 | I14: 10 | K14: 10 | L14: M4 | M14: J | N14: C1 | O14: TE | P14: A | Q14: A | S14: =VLOOKUP(L14,$A$4:$I$15,9,FALSE) -> 6 | T14: =VLOOKUP(M14,$A$4:$I$15,9,FALSE) -> 10 | U14: =VLOOKUP(N14,$A$4:$I$15,9,FALSE) -> 1 | V14: =VLOOKUP(O14,$A$4:$I$15,9,FALSE) -> 11 | W14: =VLOOKUP(P14,$A$4:$I$15,9,FALSE) -> 7 | X14: =VLOOKUP(Q14,$A$4:$I$15,9,FALSE) -> 7 | Z14: =VLOOKUP(L14,$A$4:$I$15,2,FALSE) -> Rectangle | AA14: =VLOOKUP(M14,$A$4:$I$15,2,FALSE) -> Grapes | AB14: =VLOOKUP(N14,$A$4:$I$15,2,FALSE) -> Scatter | AC14: =VLOOKUP(O14,$A$4:$I$15,2,FALSE) -> Bananas | AD14: =VLOOKUP(P14,$A$4:$I$15,2,FALSE) -> Apples | AE14: =VLOOKUP(Q14,$A$4:$I$15,2,FALSE) -> Apples | AG14: 1 | AH14: 1 | AI14: 1 | AJ14: 1 | AK14: 1 | AL14: 1
A15: TE | B15: Bananas | C15: =COUNTIF(L:L,$A15) -> 38 | D15: =COUNTIF(M:M,$A15) -> 40 | E15: =COUNTIF(N:N,$A15) -> 30 | F15: =COUNTIF(O:O,$A15) -> 46 | G15: =COUNTIF(P:P,$A15) -> 30 | H15: =COUNTIF(Q:Q,$A15) -> 28 | I15: 11 | K15: 11 | L15: M4 | M15: J | N15: M2 | O15: TE | P15: A | Q15: M4 | S15: =VLOOKUP(L15,$A$4:$I$15,9,FALSE) -> 6 | T15: =VLOOKUP(M15,$A$4:$I$15,9,FALSE) -> 10 | U15: =VLOOKUP(N15,$A$4:$I$15,9,FALSE) -> 4 | V15: =VLOOKUP(O15,$A$4:$I$15,9,FALSE) -> 11 | W15: =VLOOKUP(P15,$A$4:$I$15,9,FALSE) -> 7 | X15: =VLOOKUP(Q15,$A$4:$I$15,9,FALSE) -> 6 | Z15: =VLOOKUP(L15,$A$4:$I$15,2,FALSE) -> Rectangle | AA15: =VLOOKUP(M15,$A$4:$I$15,2,FALSE) -> Grapes | AB15: =VLOOKUP(N15,$A$4:$I$15,2,FALSE) -> Square | AC15: =VLOOKUP(O15,$A$4:$I$15,2,FALSE) -> Bananas | AD15: =VLOOKUP(P15,$A$4:$I$15,2,FALSE) -> Apples | AE15: =VLOOKUP(Q15,$A$4:$I$15,2,FALSE) -> Rectangle | AG15: 1 | AH15: 1 | AI15: 1 | AJ15: 1 | AK15: 1 | AL15: 1
K16: 12 | L16: K | M16: TE | N16: M2 | O16: M4 | P16: TE | Q16: M4 | S16: =VLOOKUP(L16,$A$4:$I$15,9,FALSE) -> 8 | T16: =VLOOKUP(M16,$A$4:$I$15,9,FALSE) -> 11 | U16: =VLOOKUP(N16,$A$4:$I$15,9,FALSE) -> 4 | V16: =VLOOKUP(O16,$A$4:$I$15,9,FALSE) -> 6 | W16: =VLOOKUP(P16,$A$4:$I$15,9,FALSE) -> 11 | X16: =VLOOKUP(Q16,$A$4:$I$15,9,FALSE) -> 6 | Z16: =VLOOKUP(L16,$A$4:$I$15,2,FALSE) -> Peaches | AA16: =VLOOKUP(M16,$A$4:$I$15,2,FALSE) -> Bananas | AB16: =VLOOKUP(N16,$A$4:$I$15,2,FALSE) -> Square | AC16: =VLOOKUP(O16,$A$4:$I$15,2,FALSE) -> Rectangle | AD16: =VLOOKUP(P16,$A$4:$I$15,2,FALSE) -> Bananas | AE16: =VLOOKUP(Q16,$A$4:$I$15,2,FALSE) -> Rectangle | AG16: 1 | AH16: 1 | AI16: 1 | AJ16: 1 | AK16: 1 | AL16: 1
K17: 13 | L17: K | M17: TE | N17: J | O17: M4 | P17: TE | Q17: TE | S17: =VLOOKUP(L17,$A$4:$I$15,9,FALSE) -> 8 | T17: =VLOOKUP(M17,$A$4:$I$15,9,FALSE) -> 11 | U17: =VLOOKUP(N17,$A$4:$I$15,9,FALSE) -> 10 | V17: =VLOOKUP(O17,$A$4:$I$15,9,FALSE) -> 6 | W17: =VLOOKUP(P17,$A$4:$I$15,9,FALSE) -> 11 | X17: =VLOOKUP(Q17,$A$4:$I$15,9,FALSE) -> 11 | Z17: =VLOOKUP(L17,$A$4:$I$15,2,FALSE) -> Peaches | AA17: =VLOOKUP(M17,$A$4:$I$15,2,FALSE) -> Bananas | AB17: =VLOOKUP(N17,$A$4:$I$15,2,FALSE) -> Grapes | AC17: =VLOOKUP(O17,$A$4:$I$15,2,FALSE) -> Rectangle | AD17: =VLOOKUP(P17,$A$4:$I$15,2,FALSE) -> Bananas | AE17: =VLOOKUP(Q17,$A$4:$I$15,2,FALSE) -> Bananas | AG17: 1 | AH17: 1 | AI17: 1 | AJ17: 1 | AK17: 1 | AL17: 1
K18: 14 | L18: M2 | M18: Q | N18: J | O18: M2 | P18: M4 | Q18: TE | S18: =VLOOKUP(L18,$A$4:$I$15,9,FALSE) -> 4 | T18: =VLOOKUP(M18,$A$4:$I$15,9,FALSE) -> 9 | U18: =VLOOKUP(N18,$A$4:$I$15,9,FALSE) -> 10 | V18: =VLOOKUP(O18,$A$4:$I$15,9,FALSE) -> 4 | W18: =VLOOKUP(P18,$A$4:$I$15,9,FALSE) -> 6 | X18: =VLOOKUP(Q18,$A$4:$I$15,9,FALSE) -> 11 | Z18: =VLOOKUP(L18,$A$4:$I$15,2,FALSE) -> Square | AA18: =VLOOKUP(M18,$A$4:$I$15,2,FALSE) -> Watermelon | AB18: =VLOOKUP(N18,$A$4:$I$15,2,FALSE) -> Grapes | AC18: =VLOOKUP(O18,$A$4:$I$15,2,FALSE) -> Square | AD18: =VLOOKUP(P18,$A$4:$I$15,2,FALSE) -> Rectangle | AE18: =VLOOKUP(Q18,$A$4:$I$15,2,FALSE) -> Bananas | AG18: 1 | AH18: 1 | AI18: 1 | AJ18: 1 | AK18: 1 | AL18: 1
K19: 15 | L19: M2 | M19: Q | N19: M2 | O19: M2 | P19: M4 | Q19: M2 | S19: =VLOOKUP(L19,$A$4:$I$15,9,FALSE) -> 4 | T19: =VLOOKUP(M19,$A$4:$I$15,9,FALSE) -> 9 | U19: =VLOOKUP(N19,$A$4:$I$15,9,FALSE) -> 4 | V19: =VLOOKUP(O19,$A$4:$I$15,9,FALSE) -> 4 | W19: =VLOOKUP(P19,$A$4:$I$15,9,FALSE) -> 6 | X19: =VLOOKUP(Q19,$A$4:$I$15,9,FALSE) -> 4 | Z19: =VLOOKUP(L19,$A$4:$I$15,2,FALSE) -> Square | AA19: =VLOOKUP(M19,$A$4:$I$15,2,FALSE) -> Watermelon | AB19: =VLOOKUP(N19,$A$4:$I$15,2,FALSE) -> Square | AC19: =VLOOKUP(O19,$A$4:$I$15,2,FALSE) -> Square | AD19: =VLOOKUP(P19,$A$4:$I$15,2,FALSE) -> Rectangle | AE19: =VLOOKUP(Q19,$A$4:$I$15,2,FALSE) -> Square | AG19: 1 | AH19: 1 | AI19: 1 | AJ19: 1 | AK19: 1 | AL19: 1
K20: 16 | L20: C1 | M20: TE | N20: M2 | O20: A | P20: M2 | Q20: M2 | S20: =VLOOKUP(L20,$A$4:$I$15,9,FALSE) -> 1 | T20: =VLOOKUP(M20,$A$4:$I$15,9,FALSE) -> 11 | U20: =VLOOKUP(N20,$A$4:$I$15,9,FALSE) -> 4 | V20: =VLOOKUP(O20,$A$4:$I$15,9,FALSE) -> 7 | W20: =VLOOKUP(P20,$A$4:$I$15,9,FALSE) -> 4 | X20: =VLOOKUP(Q20,$A$4:$I$15,9,FALSE) -> 4 | Z20: =VLOOKUP(L20,$A$4:$I$15,2,FALSE) -> Scatter | AA20: =VLOOKUP(M20,$A$4:$I$15,2,FALSE) -> Bananas | AB20: =VLOOKUP(N20,$A$4:$I$15,2,FALSE) -> Square | AC20: =VLOOKUP(O20,$A$4:$I$15,2,FALSE) -> Apples | AD20: =VLOOKUP(P20,$A$4:$I$15,2,FALSE) -> Square | AE20: =VLOOKUP(Q20,$A$4:$I$15,2,FALSE) -> Square | AG20: 1 | AH20: 1 | AI20: 1 | AJ20: 1 | AK20: 1 | AL20: 1
K21: 17 | L21: TE | M21: TE | N21: TE | O21: A | P21: M2 | Q21: M3 | S21: =VLOOKUP(L21,$A$4:$I$15,9,FALSE) -> 11 | T21: =VLOOKUP(M21,$A$4:$I$15,9,FALSE) -> 11 | U21: =VLOOKUP(N21,$A$4:$I$15,9,FALSE) -> 11 | V21: =VLOOKUP(O21,$A$4:$I$15,9,FALSE) -> 7 | W21: =VLOOKUP(P21,$A$4:$I$15,9,FALSE) -> 4 | X21: =VLOOKUP(Q21,$A$4:$I$15,9,FALSE) -> 5 | Z21: =VLOOKUP(L21,$A$4:$I$15,2,FALSE) -> Bananas | AA21: =VLOOKUP(M21,$A$4:$I$15,2,FALSE) -> Bananas | AB21: =VLOOKUP(N21,$A$4:$I$15,2,FALSE) -> Bananas | AC21: =VLOOKUP(O21,$A$4:$I$15,2,FALSE) -> Apples | AD21: =VLOOKUP(P21,$A$4:$I$15,2,FALSE) -> Square | AE21: =VLOOKUP(Q21,$A$4:$I$15,2,FALSE) -> pentagon | AG21: 1 | AH21: 1 | AI21: 1 | AJ21: 1 | AK21: 1 | AL21: 1
K22: 18 | L22: TE | M22: M2 | N22: TE | O22: M1 | P22: M3 | Q22: M3 | S22: =VLOOKUP(L22,$A$4:$I$15,9,FALSE) -> 11 | T22: =VLOOKUP(M22,$A$4:$I$15,9,FALSE) -> 4 | U22: =VLOOKUP(N22,$A$4:$I$15,9,FALSE) -> 11 | V22: =VLOOKUP(O22,$A$4:$I$15,9,FALSE) -> 3 | W22: =VLOOKUP(P22,$A$4:$I$15,9,FALSE) -> 5 | X22: =VLOOKUP(Q22,$A$4:$I$15,9,FALSE) -> 5 | Z22: =VLOOKUP(L22,$A$4:$I$15,2,FALSE) -> Bananas | AA22: =VLOOKUP(M22,$A$4:$I$15,2,FALSE) -> Square | AB22: =VLOOKUP(N22,$A$4:$I$15,2,FALSE) -> Bananas | AC22: =VLOOKUP(O22,$A$4:$I$15,2,FALSE) -> Heart | AD22: =VLOOKUP(P22,$A$4:$I$15,2,FALSE) -> pentagon | AE22: =VLOOKUP(Q22,$A$4:$I$15,2,FALSE) -> pentagon | AG22: 1 | AH22: 1 | AI22: 1 | AJ22: 1 | AK22: 1 | AL22: 1
K23: 19 | L23: M3 | M23: M2 | N23: J | O23: M1 | P23: M3 | Q23: Q | S23: =VLOOKUP(L23,$A$4:$I$15,9,FALSE) -> 5 | T23: =VLOOKUP(M23,$A$4:$I$15,9,FALSE) -> 4 | U23: =VLOOKUP(N23,$A$4:$I$15,9,FALSE) -> 10 | V23: =VLOOKUP(O23,$A$4:$I$15,9,FALSE) -> 3 | W23: =VLOOKUP(P23,$A$4:$I$15,9,FALSE) -> 5 | X23: =VLOOKUP(Q23,$A$4:$I$15,9,FALSE) -> 9 | Z23: =VLOOKUP(L23,$A$4:$I$15,2,FALSE) -> pentagon | AA23: =VLOOKUP(M23,$A$4:$I$15,2,FALSE) -> Square | AB23: =VLOOKUP(N23,$A$4:$I$15,2,FALSE) -> Grapes | AC23: =VLOOKUP(O23,$A$4:$I$15,2,FALSE) -> Heart | AD23: =VLOOKUP(P23,$A$4:$I$15,2,FALSE) -> pentagon | AE23: =VLOOKUP(Q23,$A$4:$I$15,2,FALSE) -> Watermelon | AG23: 1 | AH23: 1 | AI23: 1 | AJ23: 1 | AK23: 1 | AL23: 1
K24: 20 | L24: M3 | M24: C1 | N24: J | O24: M4 | P24: Q | Q24: Q | S24: =VLOOKUP(L24,$A$4:$I$15,9,FALSE) -> 5 | T24: =VLOOKUP(M24,$A$4:$I$15,9,FALSE) -> 1 | U24: =VLOOKUP(N24,$A$4:$I$15,9,FALSE) -> 10 | V24: =VLOOKUP(O24,$A$4:$I$15,9,FALSE) -> 6 | W24: =VLOOKUP(P24,$A$4:$I$15,9,FALSE) -> 9 | X24: =VLOOKUP(Q24,$A$4:$I$15,9,FALSE) -> 9 | Z24: =VLOOKUP(L24,$A$4:$I$15,2,FALSE) -> pentagon | AA24: =VLOOKUP(M24,$A$4:$I$15,2,FALSE) -> Scatter | AB24: =VLOOKUP(N24,$A$4:$I$15,2,FALSE) -> Grapes | AC24: =VLOOKUP(O24,$A$4:$I$15,2,FALSE) -> Rectangle | AD24: =VLOOKUP(P24,$A$4:$I$15,2,FALSE) -> Watermelon | AE24: =VLOOKUP(Q24,$A$4:$I$15,2,FALSE) -> Watermelon | AG24: 1 | AH24: 1 | AI24: 1 | AJ24: 1 | AK24: 1 | AL24: 1
K25: 21 | L25: M2 | M25: J | N25: M2 | O25: M4 | P25: Q | Q25: M3 | S25: =VLOOKUP(L25,$A$4:$I$15,9,FALSE) -> 4 | T25: =VLOOKUP(M25,$A$4:$I$15,9,FALSE) -> 10 | U25: =VLOOKUP(N25,$A$4:$I$15,9,FALSE) -> 4 | V25: =VLOOKUP(O25,$A$4:$I$15,9,FALSE) -> 6 | W25: =VLOOKUP(P25,$A$4:$I$15,9,FALSE) -> 9 | X25: =VLOOKUP(Q25,$A$4:$I$15,9,FALSE) -> 5 | Z25: =VLOOKUP(L25,$A$4:$I$15,2,FALSE) -> Square | AA25: =VLOOKUP(M25,$A$4:$I$15,2,FALSE) -> Grapes | AB25: =VLOOKUP(N25,$A$4:$I$15,2,FALSE) -> Square | AC25: =VLOOKUP(O25,$A$4:$I$15,2,FALSE) -> Rectangle | AD25: =VLOOKUP(P25,$A$4:$I$15,2,FALSE) -> Watermelon | AE25: =VLOOKUP(Q25,$A$4:$I$15,2,FALSE) -> pentagon | AG25: 1 | AH25: 1 | AI25: 1 | AJ25: 1 | AK25: 1 | AL25: 1
K26: 22 | L26: M2 | M26: J | N26: M2 | O26: M2 | P26: M2 | Q26: M3 | S26: =VLOOKUP(L26,$A$4:$I$15,9,FALSE) -> 4 | T26: =VLOOKUP(M26,$A$4:$I$15,9,FALSE) -> 10 | U26: =VLOOKUP(N26,$A$4:$I$15,9,FALSE) -> 4 | V26: =VLOOKUP(O26,$A$4:$I$15,9,FALSE) -> 4 | W26: =VLOOKUP(P26,$A$4:$I$15,9,FALSE) -> 4 | X26: =VLOOKUP(Q26,$A$4:$I$15,9,FALSE) -> 5 | Z26: =VLOOKUP(L26,$A$4:$I$15,2,FALSE) -> Square | AA26: =VLOOKUP(M26,$A$4:$I$15,2,FALSE) -> Grapes | AB26: =VLOOKUP(N26,$A$4:$I$15,2,FALSE) -> Square | AC26: =VLOOKUP(O26,$A$4:$I$15,2,FALSE) -> Square | AD26: =VLOOKUP(P26,$A$4:$I$15,2,FALSE) -> Square | AE26: =VLOOKUP(Q26,$A$4:$I$15,2,FALSE) -> pentagon | AG26: 1 | AH26: 1 | AI26: 1 | AJ26: 1 | AK26: 1 | AL26: 1
K27: 23 | L27: TE | M27: M2 | N27: J | O27: M2 | P27: M2 | Q27: TE | S27: =VLOOKUP(L27,$A$4:$I$15,9,FALSE) -> 11 | T27: =VLOOKUP(M27,$A$4:$I$15,9,FALSE) -> 4 | U27: =VLOOKUP(N27,$A$4:$I$15,9,FALSE) -> 10 | V27: =VLOOKUP(O27,$A$4:$I$15,9,FALSE) -> 4 | W27: =VLOOKUP(P27,$A$4:$I$15,9,FALSE) -> 4 | X27: =VLOOKUP(Q27,$A$4:$I$15,9,FALSE) -> 11 | Z27: =VLOOKUP(L27,$A$4:$I$15,2,FALSE) -> Bananas | AA27: =VLOOKUP(M27,$A$4:$I$15,2,FALSE) -> Square | AB27: =VLOOKUP(N27,$A$4:$I$15,2,FALSE) -> Grapes | AC27: =VLOOKUP(O27,$A$4:$I$15,2,FALSE) -> Square | AD27: =VLOOKUP(P27,$A$4:$I$15,2,FALSE) -> Square | AE27: =VLOOKUP(Q27,$A$4:$I$15,2,FALSE) -> Bananas | AG27: 1 | AH27: 1 | AI27: 1 | AJ27: 1 | AK27: 1 | AL27: 1
... K203: 199 | L203: J | M203: TE | N203: A | O203: TE | P203: TE | Q203: M2 | S203: =VLOOKUP(L203,$A$4:$I$15,9,FALSE) -> 10 | T203: =VLOOKUP(M203,$A$4:$I$15,9,FALSE) -> 11 | U203: =VLOOKUP(N203,$A$4:$I$15,9,FALSE) -> 7 | V203: =VLOOKUP(O203,$A$4:$I$15,9,FALSE) -> 11 | W203: =VLOOKUP(P203,$A$4:$I$15,9,FALSE) -> 11 | X203: =VLOOKUP(Q203,$A$4:$I$15,9,FALSE) -> 4 | Z203: =VLOOKUP(L203,$A$4:$I$15,2,FALSE) -> Grapes | AA203: =VLOOKUP(M203,$A$4:$I$15,2,FALSE) -> Bananas | AB203: =VLOOKUP(N203,$A$4:$I$15,2,FALSE) -> Apples | AC203: =VLOOKUP(O203,$A$4:$I$15,2,FALSE) -> Bananas | AD203: =VLOOKUP(P203,$A$4:$I$15,2,FALSE) -> Bananas | AE203: =VLOOKUP(Q203,$A$4:$I$15,2,FALSE) -> Square | AG203: 1 | AH203: 1 | AI203: 1 | AJ203: 1 | AK203: 1 | AL203: 1
K204: 200
K205: 201
K206: 202
K207: 203
K208: 204
K209: 205
K210: 206
K211: 207
K212: 208
K213: 209
K214: 210
K215: 211
... K304: 300

Sheet Base Game Symbol (3)
C2: =SUM(C4:C15) -> 200 | D2: =SUM(D4:D15) -> 200 | E2: =SUM(E4:E15) -> 200 | F2: =SUM(F4:F15) -> 200 | G2: =SUM(G4:G15) -> 200 | H2: =SUM(H4:H15) -> 200 | K2: Symbol | S2: ID | Z2: Description | AG2: Reel Weight
A3: Symbol | B3: Description | C3: R1 | D3: R2 | E3: R3 | F3: R4 | G3: R5 | H3: R6 | I3: ID | K3: Line # | L3: R1 | M3: R2 | N3: R3 | O3: R4 | P3: R5 | Q3: R6 | S3: R1 | T3: R2 | U3: R3 | V3: R4 | W3: R5 | X3: R6 | Z3: R1 | AA3: R2 | AB3: R3 | AC3: R4 | AD3: R5 | AE3: R6 | AG3: R1 | AH3: R2 | AI3: R3 | AJ3: R4 | AK3: R5 | AL3: R6
A4: {=Overview!A58:A69} -> WW | B4: {=Overview!B58:B69} -> Wild | C4: =COUNTIF(L:L,$A4) -> 0 | D4: =COUNTIF(M:M,$A4) -> 0 | E4: =COUNTIF(N:N,$A4) -> 0 | F4: =COUNTIF(O:O,$A4) -> 0 | G4: =COUNTIF(P:P,$A4) -> 0 | H4: =COUNTIF(Q:Q,$A4) -> 0 | I4: {=Overview!I58:I69} -> 0 | K4: 0 | L4: TE | M4: TE | N4: M4 | O4: M3 | P4: Q | Q4: J | S4: =VLOOKUP(L4,$A$4:$I$15,9,FALSE) -> 11 | T4: =VLOOKUP(M4,$A$4:$I$15,9,FALSE) -> 11 | U4: =VLOOKUP(N4,$A$4:$I$15,9,FALSE) -> 6 | V4: =VLOOKUP(O4,$A$4:$I$15,9,FALSE) -> 5 | W4: =VLOOKUP(P4,$A$4:$I$15,9,FALSE) -> 9 | X4: =VLOOKUP(Q4,$A$4:$I$15,9,FALSE) -> 10 | Z4: =VLOOKUP(L4,$A$4:$I$15,2,FALSE) -> Bananas | AA4: =VLOOKUP(M4,$A$4:$I$15,2,FALSE) -> Bananas | AB4: =VLOOKUP(N4,$A$4:$I$15,2,FALSE) -> Rectangle | AC4: =VLOOKUP(O4,$A$4:$I$15,2,FALSE) -> pentagon | AD4: =VLOOKUP(P4,$A$4:$I$15,2,FALSE) -> Watermelon | AE4: =VLOOKUP(Q4,$A$4:$I$15,2,FALSE) -> Grapes | AG4: 1 | AH4: 1 | AI4: 1 | AJ4: 1 | AK4: 1 | AL4: 1
A5: C1 | B5: Scatter | C5: =COUNTIF(L:L,$A5) -> 4 | D5: =COUNTIF(M:M,$A5) -> 6 | E5: =COUNTIF(N:N,$A5) -> 2 | F5: =COUNTIF(O:O,$A5) -> 4 | G5: =COUNTIF(P:P,$A5) -> 4 | H5: =COUNTIF(Q:Q,$A5) -> 4 | I5: 1 | K5: 1 | L5: TE | M5: TE | N5: M4 | O5: M3 | P5: Q | Q5: J | S5: =VLOOKUP(L5,$A$4:$I$15,9,FALSE) -> 11 | T5: =VLOOKUP(M5,$A$4:$I$15,9,FALSE) -> 11 | U5: =VLOOKUP(N5,$A$4:$I$15,9,FALSE) -> 6 | V5: =VLOOKUP(O5,$A$4:$I$15,9,FALSE) -> 5 | W5: =VLOOKUP(P5,$A$4:$I$15,9,FALSE) -> 9 | X5: =VLOOKUP(Q5,$A$4:$I$15,9,FALSE) -> 10 | Z5: =VLOOKUP(L5,$A$4:$I$15,2,FALSE) -> Bananas | AA5: =VLOOKUP(M5,$A$4:$I$15,2,FALSE) -> Bananas | AB5: =VLOOKUP(N5,$A$4:$I$15,2,FALSE) -> Rectangle | AC5: =VLOOKUP(O5,$A$4:$I$15,2,FALSE) -> pentagon | AD5: =VLOOKUP(P5,$A$4:$I$15,2,FALSE) -> Watermelon | AE5: =VLOOKUP(Q5,$A$4:$I$15,2,FALSE) -> Grapes | AG5: 1 | AH5: 1 | AI5: 1 | AJ5: 1 | AK5: 1 | AL5: 1
A6: C2 | B6: Multiplier | C6: =COUNTIF(L:L,$A6) -> 0 | D6: =COUNTIF(M:M,$A6) -> 0 | E6: =COUNTIF(N:N,$A6) -> 0 | F6: =COUNTIF(O:O,$A6) -> 0 | G6: =COUNTIF(P:P,$A6) -> 0 | H6: =COUNTIF(Q:Q,$A6) -> 0 | I6: 2 | K6: 2 | L6: K | M6: J | N6: M1 | O6: K | P6: M3 | Q6: C1 | S6: =VLOOKUP(L6,$A$4:$I$15,9,FALSE) -> 8 | T6: =VLOOKUP(M6,$A$4:$I$15,9,FALSE) -> 10 | U6: =VLOOKUP(N6,$A$4:$I$15,9,FALSE) -> 3 | V6: =VLOOKUP(O6,$A$4:$I$15,9,FALSE) -> 8 | W6: =VLOOKUP(P6,$A$4:$I$15,9,FALSE) -> 5 | X6: =VLOOKUP(Q6,$A$4:$I$15,9,FALSE) -> 1 | Z6: =VLOOKUP(L6,$A$4:$I$15,2,FALSE) -> Peaches | AA6: =VLOOKUP(M6,$A$4:$I$15,2,FALSE) -> Grapes | AB6: =VLOOKUP(N6,$A$4:$I$15,2,FALSE) -> Heart | AC6: =VLOOKUP(O6,$A$4:$I$15,2,FALSE) -> Peaches | AD6: =VLOOKUP(P6,$A$4:$I$15,2,FALSE) -> pentagon | AE6: =VLOOKUP(Q6,$A$4:$I$15,2,FALSE) -> Scatter | AG6: 1 | AH6: 1 | AI6: 1 | AJ6: 1 | AK6: 1 | AL6: 1
A7: M1 | B7: Heart | C7: =COUNTIF(L:L,$A7) -> 6 | D7: =COUNTIF(M:M,$A7) -> 6 | E7: =COUNTIF(N:N,$A7) -> 16 | F7: =COUNTIF(O:O,$A7) -> 12 | G7: =COUNTIF(P:P,$A7) -> 6 | H7: =COUNTIF(Q:Q,$A7) -> 6 | I7: 3 | K7: 3 | L7: K | M7: J | N7: M1 | O7: K | P7: M3 | Q7: Q | S7: =VLOOKUP(L7,$A$4:$I$15,9,FALSE) -> 8 | T7: =VLOOKUP(M7,$A$4:$I$15,9,FALSE) -> 10 | U7: =VLOOKUP(N7,$A$4:$I$15,9,FALSE) -> 3 | V7: =VLOOKUP(O7,$A$4:$I$15,9,FALSE) -> 8 | W7: =VLOOKUP(P7,$A$4:$I$15,9,FALSE) -> 5 | X7: =VLOOKUP(Q7,$A$4:$I$15,9,FALSE) -> 9 | Z7: =VLOOKUP(L7,$A$4:$I$15,2,FALSE) -> Peaches | AA7: =VLOOKUP(M7,$A$4:$I$15,2,FALSE) -> Grapes | AB7: =VLOOKUP(N7,$A$4:$I$15,2,FALSE) -> Heart | AC7: =VLOOKUP(O7,$A$4:$I$15,2,FALSE) -> Peaches | AD7: =VLOOKUP(P7,$A$4:$I$15,2,FALSE) -> pentagon | AE7: =VLOOKUP(Q7,$A$4:$I$15,2,FALSE) -> Watermelon | AG7: 1 | AH7: 1 | AI7: 1 | AJ7: 1 | AK7: 1 | AL7: 1
A8: M2 | B8: Square | C8: =COUNTIF(L:L,$A8) -> 12 | D8: =COUNTIF(M:M,$A8) -> 12 | E8: =COUNTIF(N:N,$A8) -> 18 | F8: =COUNTIF(O:O,$A8) -> 12 | G8: =COUNTIF(P:P,$A8) -> 12 | H8: =COUNTIF(Q:Q,$A8) -> 24 | I8: 4 | K8: 4 | L8: A | M8: M4 | N8: TE | O8: M2 | P8: M4 | Q8: Q | S8: =VLOOKUP(L8,$A$4:$I$15,9,FALSE) -> 7 | T8: =VLOOKUP(M8,$A$4:$I$15,9,FALSE) -> 6 | U8: =VLOOKUP(N8,$A$4:$I$15,9,FALSE) -> 11 | V8: =VLOOKUP(O8,$A$4:$I$15,9,FALSE) -> 4 | W8: =VLOOKUP(P8,$A$4:$I$15,9,FALSE) -> 6 | X8: =VLOOKUP(Q8,$A$4:$I$15,9,FALSE) -> 9 | Z8: =VLOOKUP(L8,$A$4:$I$15,2,FALSE) -> Apples | AA8: =VLOOKUP(M8,$A$4:$I$15,2,FALSE) -> Rectangle | AB8: =VLOOKUP(N8,$A$4:$I$15,2,FALSE) -> Bananas | AC8: =VLOOKUP(O8,$A$4:$I$15,2,FALSE) -> Square | AD8: =VLOOKUP(P8,$A$4:$I$15,2,FALSE) -> Rectangle | AE8: =VLOOKUP(Q8,$A$4:$I$15,2,FALSE) -> Watermelon | AG8: 1 | AH8: 1 | AI8: 1 | AJ8: 1 | AK8: 1 | AL8: 1
A9: M3 | B9: pentagon | C9: =COUNTIF(L:L,$A9) -> 12 | D9: =COUNTIF(M:M,$A9) -> 12 | E9: =COUNTIF(N:N,$A9) -> 12 | F9: =COUNTIF(O:O,$A9) -> 20 | G9: =COUNTIF(P:P,$A9) -> 18 | H9: =COUNTIF(Q:Q,$A9) -> 12 | I9: 5 | K9: 5 | L9: A | M9: M4 | N9: TE | O9: M2 | P9: M4 | Q9: J | S9: =VLOOKUP(L9,$A$4:$I$15,9,FALSE) -> 7 | T9: =VLOOKUP(M9,$A$4:$I$15,9,FALSE) -> 6 | U9: =VLOOKUP(N9,$A$4:$I$15,9,FALSE) -> 11 | V9: =VLOOKUP(O9,$A$4:$I$15,9,FALSE) -> 4 | W9: =VLOOKUP(P9,$A$4:$I$15,9,FALSE) -> 6 | X9: =VLOOKUP(Q9,$A$4:$I$15,9,FALSE) -> 10 | Z9: =VLOOKUP(L9,$A$4:$I$15,2,FALSE) -> Apples | AA9: =VLOOKUP(M9,$A$4:$I$15,2,FALSE) -> Rectangle | AB9: =VLOOKUP(N9,$A$4:$I$15,2,FALSE) -> Bananas | AC9: =VLOOKUP(O9,$A$4:$I$15,2,FALSE) -> Square | AD9: =VLOOKUP(P9,$A$4:$I$15,2,FALSE) -> Rectangle | AE9: =VLOOKUP(Q9,$A$4:$I$15,2,FALSE) -> Grapes | AG9: 1 | AH9: 1 | AI9: 1 | AJ9: 1 | AK9: 1 | AL9: 1
A10: M4 | B10: Rectangle | C10: =COUNTIF(L:L,$A10) -> 18 | D10: =COUNTIF(M:M,$A10) -> 20 | E10: =COUNTIF(N:N,$A10) -> 20 | F10: =COUNTIF(O:O,$A10) -> 24 | G10: =COUNTIF(P:P,$A10) -> 20 | H10: =COUNTIF(Q:Q,$A10) -> 24 | I10: 6 | K10: 6 | L10: M2 | M10: M3 | N10: Q | O10: TE | P10: M1 | Q10: J | S10: =VLOOKUP(L10,$A$4:$I$15,9,FALSE) -> 4 | T10: =VLOOKUP(M10,$A$4:$I$15,9,FALSE) -> 5 | U10: =VLOOKUP(N10,$A$4:$I$15,9,FALSE) -> 9 | V10: =VLOOKUP(O10,$A$4:$I$15,9,FALSE) -> 11 | W10: =VLOOKUP(P10,$A$4:$I$15,9,FALSE) -> 3 | X10: =VLOOKUP(Q10,$A$4:$I$15,9,FALSE) -> 10 | Z10: =VLOOKUP(L10,$A$4:$I$15,2,FALSE) -> Square | AA10: =VLOOKUP(M10,$A$4:$I$15,2,FALSE) -> pentagon | AB10: =VLOOKUP(N10,$A$4:$I$15,2,FALSE) -> Watermelon | AC10: =VLOOKUP(O10,$A$4:$I$15,2,FALSE) -> Bananas | AD10: =VLOOKUP(P10,$A$4:$I$15,2,FALSE) -> Heart | AE10: =VLOOKUP(Q10,$A$4:$I$15,2,FALSE) -> Grapes | AG10: 1 | AH10: 1 | AI10: 1 | AJ10: 1 | AK10: 1 | AL10: 1
A11: A | B11: Apples | C11: =COUNTIF(L:L,$A11) -> 22 | D11: =COUNTIF(M:M,$A11) -> 20 | E11: =COUNTIF(N:N,$A11) -> 22 | F11: =COUNTIF(O:O,$A11) -> 12 | G11: =COUNTIF(P:P,$A11) -> 16 | H11: =COUNTIF(Q:Q,$A11) -> 18 | I11: 7 | K11: 7 | L11: M2 | M11: M3 | N11: Q | O11: TE | P11: M1 | Q11: M2 | S11: =VLOOKUP(L11,$A$4:$I$15,9,FALSE) -> 4 | T11: =VLOOKUP(M11,$A$4:$I$15,9,FALSE) -> 5 | U11: =VLOOKUP(N11,$A$4:$I$15,9,FALSE) -> 9 | V11: =VLOOKUP(O11,$A$4:$I$15,9,FALSE) -> 11 | W11: =VLOOKUP(P11,$A$4:$I$15,9,FALSE) -> 3 | X11: =VLOOKUP(Q11,$A$4:$I$15,9,FALSE) -> 4 | Z11: =VLOOKUP(L11,$A$4:$I$15,2,FALSE) -> Square | AA11: =VLOOKUP(M11,$A$4:$I$15,2,FALSE) -> pentagon | AB11: =VLOOKUP(N11,$A$4:$I$15,2,FALSE) -> Watermelon | AC11: =VLOOKUP(O11,$A$4:$I$15,2,FALSE) -> Bananas | AD11: =VLOOKUP(P11,$A$4:$I$15,2,FALSE) -> Heart | AE11: =VLOOKUP(Q11,$A$4:$I$15,2,FALSE) -> Square | AG11: 1 | AH11: 1 | AI11: 1 | AJ11: 1 | AK11: 1 | AL11: 1
A12: K | B12: Peaches | C12: =COUNTIF(L:L,$A12) -> 24 | D12: =COUNTIF(M:M,$A12) -> 24 | E12: =COUNTIF(N:N,$A12) -> 30 | F12: =COUNTIF(O:O,$A12) -> 12 | G12: =COUNTIF(P:P,$A12) -> 24 | H12: =COUNTIF(Q:Q,$A12) -> 24 | I12: 8 | K12: 8 | L12: Q | M12: Q | N12: M4 | O12: Q | P12: M4 | Q12: M2 | S12: =VLOOKUP(L12,$A$4:$I$15,9,FALSE) -> 9 | T12: =VLOOKUP(M12,$A$4:$I$15,9,FALSE) -> 9 | U12: =VLOOKUP(N12,$A$4:$I$15,9,FALSE) -> 6 | V12: =VLOOKUP(O12,$A$4:$I$15,9,FALSE) -> 9 | W12: =VLOOKUP(P12,$A$4:$I$15,9,FALSE) -> 6 | X12: =VLOOKUP(Q12,$A$4:$I$15,9,FALSE) -> 4 | Z12: =VLOOKUP(L12,$A$4:$I$15,2,FALSE) -> Watermelon | AA12: =VLOOKUP(M12,$A$4:$I$15,2,FALSE) -> Watermelon | AB12: =VLOOKUP(N12,$A$4:$I$15,2,FALSE) -> Rectangle | AC12: =VLOOKUP(O12,$A$4:$I$15,2,FALSE) -> Watermelon | AD12: =VLOOKUP(P12,$A$4:$I$15,2,FALSE) -> Rectangle | AE12: =VLOOKUP(Q12,$A$4:$I$15,2,FALSE) -> Square | AG12: 1 | AH12: 1 | AI12: 1 | AJ12: 1 | AK12: 1 | AL12: 1
A13: Q | B13: Watermelon | C13: =COUNTIF(L:L,$A13) -> 24 | D13: =COUNTIF(M:M,$A13) -> 30 | E13: =COUNTIF(N:N,$A13) -> 20 | F13: =COUNTIF(O:O,$A13) -> 24 | G13: =COUNTIF(P:P,$A13) -> 46 | H13: =COUNTIF(Q:Q,$A13) -> 36 | I13: 9 | K13: 9 | L13: Q | M13: Q | N13: M4 | O13: Q | P13: M4 | Q13: A | S13: =VLOOKUP(L13,$A$4:$I$15,9,FALSE) -> 9 | T13: =VLOOKUP(M13,$A$4:$I$15,9,FALSE) -> 9 | U13: =VLOOKUP(N13,$A$4:$I$15,9,FALSE) -> 6 | V13: =VLOOKUP(O13,$A$4:$I$15,9,FALSE) -> 9 | W13: =VLOOKUP(P13,$A$4:$I$15,9,FALSE) -> 6 | X13: =VLOOKUP(Q13,$A$4:$I$15,9,FALSE) -> 7 | Z13: =VLOOKUP(L13,$A$4:$I$15,2,FALSE) -> Watermelon | AA13: =VLOOKUP(M13,$A$4:$I$15,2,FALSE) -> Watermelon | AB13: =VLOOKUP(N13,$A$4:$I$15,2,FALSE) -> Rectangle | AC13: =VLOOKUP(O13,$A$4:$I$15,2,FALSE) -> Watermelon | AD13: =VLOOKUP(P13,$A$4:$I$15,2,FALSE) -> Rectangle | AE13: =VLOOKUP(Q13,$A$4:$I$15,2,FALSE) -> Apples | AG13: 1 | AH13: 1 | AI13: 1 | AJ13: 1 | AK13: 1 | AL13: 1
A14: J | B14: Grapes | C14: =COUNTIF(L:L,$A14) -> 40 | D14: =COUNTIF(M:M,$A14) -> 30 | E14: =COUNTIF(N:N,$A14) -> 30 | F14: =COUNTIF(O:O,$A14) -> 34 | G14: =COUNTIF(P:P,$A14) -> 24 | H14: =COUNTIF(Q:Q,$A14) -> 24 | I14: 10 | K14: 10 | L14: J | M14: J | N14: C1 | O14: TE | P14: A | Q14: A | S14: =VLOOKUP(L14,$A$4:$I$15,9,FALSE) -> 10 | T14: =VLOOKUP(M14,$A$4:$I$15,9,FALSE) -> 10 | U14: =VLOOKUP(N14,$A$4:$I$15,9,FALSE) -> 1 | V14: =VLOOKUP(O14,$A$4:$I$15,9,FALSE) -> 11 | W14: =VLOOKUP(P14,$A$4:$I$15,9,FALSE) -> 7 | X14: =VLOOKUP(Q14,$A$4:$I$15,9,FALSE) -> 7 | Z14: =VLOOKUP(L14,$A$4:$I$15,2,FALSE) -> Grapes | AA14: =VLOOKUP(M14,$A$4:$I$15,2,FALSE) -> Grapes | AB14: =VLOOKUP(N14,$A$4:$I$15,2,FALSE) -> Scatter | AC14: =VLOOKUP(O14,$A$4:$I$15,2,FALSE) -> Bananas | AD14: =VLOOKUP(P14,$A$4:$I$15,2,FALSE) -> Apples | AE14: =VLOOKUP(Q14,$A$4:$I$15,2,FALSE) -> Apples | AG14: 1 | AH14: 1 | AI14: 1 | AJ14: 1 | AK14: 1 | AL14: 1
A15: TE | B15: Bananas | C15: =COUNTIF(L:L,$A15) -> 38 | D15: =COUNTIF(M:M,$A15) -> 40 | E15: =COUNTIF(N:N,$A15) -> 30 | F15: =COUNTIF(O:O,$A15) -> 46 | G15: =COUNTIF(P:P,$A15) -> 30 | H15: =COUNTIF(Q:Q,$A15) -> 28 | I15: 11 | K15: 11 | L15: J | M15: J | N15: K | O15: TE | P15: A | Q15: M4 | S15: =VLOOKUP(L15,$A$4:$I$15,9,FALSE) -> 10 | T15: =VLOOKUP(M15,$A$4:$I$15,9,FALSE) -> 10 | U15: =VLOOKUP(N15,$A$4:$I$15,9,FALSE) -> 8 | V15: =VLOOKUP(O15,$A$4:$I$15,9,FALSE) -> 11 | W15: =VLOOKUP(P15,$A$4:$I$15,9,FALSE) -> 7 | X15: =VLOOKUP(Q15,$A$4:$I$15,9,FALSE) -> 6 | Z15: =VLOOKUP(L15,$A$4:$I$15,2,FALSE) -> Grapes | AA15: =VLOOKUP(M15,$A$4:$I$15,2,FALSE) -> Grapes | AB15: =VLOOKUP(N15,$A$4:$I$15,2,FALSE) -> Peaches | AC15: =VLOOKUP(O15,$A$4:$I$15,2,FALSE) -> Bananas | AD15: =VLOOKUP(P15,$A$4:$I$15,2,FALSE) -> Apples | AE15: =VLOOKUP(Q15,$A$4:$I$15,2,FALSE) -> Rectangle | AG15: 1 | AH15: 1 | AI15: 1 | AJ15: 1 | AK15: 1 | AL15: 1
K16: 12 | L16: K | M16: TE | N16: K | O16: M4 | P16: TE | Q16: M4 | S16: =VLOOKUP(L16,$A$4:$I$15,9,FALSE) -> 8 | T16: =VLOOKUP(M16,$A$4:$I$15,9,FALSE) -> 11 | U16: =VLOOKUP(N16,$A$4:$I$15,9,FALSE) -> 8 | V16: =VLOOKUP(O16,$A$4:$I$15,9,FALSE) -> 6 | W16: =VLOOKUP(P16,$A$4:$I$15,9,FALSE) -> 11 | X16: =VLOOKUP(Q16,$A$4:$I$15,9,FALSE) -> 6 | Z16: =VLOOKUP(L16,$A$4:$I$15,2,FALSE) -> Peaches | AA16: =VLOOKUP(M16,$A$4:$I$15,2,FALSE) -> Bananas | AB16: =VLOOKUP(N16,$A$4:$I$15,2,FALSE) -> Peaches | AC16: =VLOOKUP(O16,$A$4:$I$15,2,FALSE) -> Rectangle | AD16: =VLOOKUP(P16,$A$4:$I$15,2,FALSE) -> Bananas | AE16: =VLOOKUP(Q16,$A$4:$I$15,2,FALSE) -> Rectangle | AG16: 1 | AH16: 1 | AI16: 1 | AJ16: 1 | AK16: 1 | AL16: 1
K17: 13 | L17: K | M17: TE | N17: J | O17: M4 | P17: TE | Q17: TE | S17: =VLOOKUP(L17,$A$4:$I$15,9,FALSE) -> 8 | T17: =VLOOKUP(M17,$A$4:$I$15,9,FALSE) -> 11 | U17: =VLOOKUP(N17,$A$4:$I$15,9,FALSE) -> 10 | V17: =VLOOKUP(O17,$A$4:$I$15,9,FALSE) -> 6 | W17: =VLOOKUP(P17,$A$4:$I$15,9,FALSE) -> 11 | X17: =VLOOKUP(Q17,$A$4:$I$15,9,FALSE) -> 11 | Z17: =VLOOKUP(L17,$A$4:$I$15,2,FALSE) -> Peaches | AA17: =VLOOKUP(M17,$A$4:$I$15,2,FALSE) -> Bananas | AB17: =VLOOKUP(N17,$A$4:$I$15,2,FALSE) -> Grapes | AC17: =VLOOKUP(O17,$A$4:$I$15,2,FALSE) -> Rectangle | AD17: =VLOOKUP(P17,$A$4:$I$15,2,FALSE) -> Bananas | AE17: =VLOOKUP(Q17,$A$4:$I$15,2,FALSE) -> Bananas | AG17: 1 | AH17: 1 | AI17: 1 | AJ17: 1 | AK17: 1 | AL17: 1
K18: 14 | L18: M2 | M18: Q | N18: J | O18: K | P18: M4 | Q18: TE | S18: =VLOOKUP(L18,$A$4:$I$15,9,FALSE) -> 4 | T18: =VLOOKUP(M18,$A$4:$I$15,9,FALSE) -> 9 | U18: =VLOOKUP(N18,$A$4:$I$15,9,FALSE) -> 10 | V18: =VLOOKUP(O18,$A$4:$I$15,9,FALSE) -> 8 | W18: =VLOOKUP(P18,$A$4:$I$15,9,FALSE) -> 6 | X18: =VLOOKUP(Q18,$A$4:$I$15,9,FALSE) -> 11 | Z18: =VLOOKUP(L18,$A$4:$I$15,2,FALSE) -> Square | AA18: =VLOOKUP(M18,$A$4:$I$15,2,FALSE) -> Watermelon | AB18: =VLOOKUP(N18,$A$4:$I$15,2,FALSE) -> Grapes | AC18: =VLOOKUP(O18,$A$4:$I$15,2,FALSE) -> Peaches | AD18: =VLOOKUP(P18,$A$4:$I$15,2,FALSE) -> Rectangle | AE18: =VLOOKUP(Q18,$A$4:$I$15,2,FALSE) -> Bananas | AG18: 1 | AH18: 1 | AI18: 1 | AJ18: 1 | AK18: 1 | AL18: 1
K19: 15 | L19: M2 | M19: Q | N19: M2 | O19: K | P19: M4 | Q19: M2 | S19: =VLOOKUP(L19,$A$4:$I$15,9,FALSE) -> 4 | T19: =VLOOKUP(M19,$A$4:$I$15,9,FALSE) -> 9 | U19: =VLOOKUP(N19,$A$4:$I$15,9,FALSE) -> 4 | V19: =VLOOKUP(O19,$A$4:$I$15,9,FALSE) -> 8 | W19: =VLOOKUP(P19,$A$4:$I$15,9,FALSE) -> 6 | X19: =VLOOKUP(Q19,$A$4:$I$15,9,FALSE) -> 4 | Z19: =VLOOKUP(L19,$A$4:$I$15,2,FALSE) -> Square | AA19: =VLOOKUP(M19,$A$4:$I$15,2,FALSE) -> Watermelon | AB19: =VLOOKUP(N19,$A$4:$I$15,2,FALSE) -> Square | AC19: =VLOOKUP(O19,$A$4:$I$15,2,FALSE) -> Peaches | AD19: =VLOOKUP(P19,$A$4:$I$15,2,FALSE) -> Rectangle | AE19: =VLOOKUP(Q19,$A$4:$I$15,2,FALSE) -> Square | AG19: 1 | AH19: 1 | AI19: 1 | AJ19: 1 | AK19: 1 | AL19: 1
K20: 16 | L20: C1 | M20: TE | N20: M2 | O20: A | P20: M2 | Q20: M2 | S20: =VLOOKUP(L20,$A$4:$I$15,9,FALSE) -> 1 | T20: =VLOOKUP(M20,$A$4:$I$15,9,FALSE) -> 11 | U20: =VLOOKUP(N20,$A$4:$I$15,9,FALSE) -> 4 | V20: =VLOOKUP(O20,$A$4:$I$15,9,FALSE) -> 7 | W20: =VLOOKUP(P20,$A$4:$I$15,9,FALSE) -> 4 | X20: =VLOOKUP(Q20,$A$4:$I$15,9,FALSE) -> 4 | Z20: =VLOOKUP(L20,$A$4:$I$15,2,FALSE) -> Scatter | AA20: =VLOOKUP(M20,$A$4:$I$15,2,FALSE) -> Bananas | AB20: =VLOOKUP(N20,$A$4:$I$15,2,FALSE) -> Square | AC20: =VLOOKUP(O20,$A$4:$I$15,2,FALSE) -> Apples | AD20: =VLOOKUP(P20,$A$4:$I$15,2,FALSE) -> Square | AE20: =VLOOKUP(Q20,$A$4:$I$15,2,FALSE) -> Square | AG20: 1 | AH20: 1 | AI20: 1 | AJ20: 1 | AK20: 1 | AL20: 1
K21: 17 | L21: TE | M21: TE | N21: TE | O21: A | P21: M2 | Q21: M3 | S21: =VLOOKUP(L21,$A$4:$I$15,9,FALSE) -> 11 | T21: =VLOOKUP(M21,$A$4:$I$15,9,FALSE) -> 11 | U21: =VLOOKUP(N21,$A$4:$I$15,9,FALSE) -> 11 | V21: =VLOOKUP(O21,$A$4:$I$15,9,FALSE) -> 7 | W21: =VLOOKUP(P21,$A$4:$I$15,9,FALSE) -> 4 | X21: =VLOOKUP(Q21,$A$4:$I$15,9,FALSE) -> 5 | Z21: =VLOOKUP(L21,$A$4:$I$15,2,FALSE) -> Bananas | AA21: =VLOOKUP(M21,$A$4:$I$15,2,FALSE) -> Bananas | AB21: =VLOOKUP(N21,$A$4:$I$15,2,FALSE) -> Bananas | AC21: =VLOOKUP(O21,$A$4:$I$15,2,FALSE) -> Apples | AD21: =VLOOKUP(P21,$A$4:$I$15,2,FALSE) -> Square | AE21: =VLOOKUP(Q21,$A$4:$I$15,2,FALSE) -> pentagon | AG21: 1 | AH21: 1 | AI21: 1 | AJ21: 1 | AK21: 1 | AL21: 1
K22: 18 | L22: TE | M22: M2 | N22: TE | O22: M1 | P22: M3 | Q22: M3 | S22: =VLOOKUP(L22,$A$4:$I$15,9,FALSE) -> 11 | T22: =VLOOKUP(M22,$A$4:$I$15,9,FALSE) -> 4 | U22: =VLOOKUP(N22,$A$4:$I$15,9,FALSE) -> 11 | V22: =VLOOKUP(O22,$A$4:$I$15,9,FALSE) -> 3 | W22: =VLOOKUP(P22,$A$4:$I$15,9,FALSE) -> 5 | X22: =VLOOKUP(Q22,$A$4:$I$15,9,FALSE) -> 5 | Z22: =VLOOKUP(L22,$A$4:$I$15,2,FALSE) -> Bananas | AA22: =VLOOKUP(M22,$A$4:$I$15,2,FALSE) -> Square | AB22: =VLOOKUP(N22,$A$4:$I$15,2,FALSE) -> Bananas | AC22: =VLOOKUP(O22,$A$4:$I$15,2,FALSE) -> Heart | AD22: =VLOOKUP(P22,$A$4:$I$15,2,FALSE) -> pentagon | AE22: =VLOOKUP(Q22,$A$4:$I$15,2,FALSE) -> pentagon | AG22: 1 | AH22: 1 | AI22: 1 | AJ22: 1 | AK22: 1 | AL22: 1
K23: 19 | L23: Q | M23: M2 | N23: J | O23: M1 | P23: M3 | Q23: Q | S23: =VLOOKUP(L23,$A$4:$I$15,9,FALSE) -> 9 | T23: =VLOOKUP(M23,$A$4:$I$15,9,FALSE) -> 4 | U23: =VLOOKUP(N23,$A$4:$I$15,9,FALSE) -> 10 | V23: =VLOOKUP(O23,$A$4:$I$15,9,FALSE) -> 3 | W23: =VLOOKUP(P23,$A$4:$I$15,9,FALSE) -> 5 | X23: =VLOOKUP(Q23,$A$4:$I$15,9,FALSE) -> 9 | Z23: =VLOOKUP(L23,$A$4:$I$15,2,FALSE) -> Watermelon | AA23: =VLOOKUP(M23,$A$4:$I$15,2,FALSE) -> Square | AB23: =VLOOKUP(N23,$A$4:$I$15,2,FALSE) -> Grapes | AC23: =VLOOKUP(O23,$A$4:$I$15,2,FALSE) -> Heart | AD23: =VLOOKUP(P23,$A$4:$I$15,2,FALSE) -> pentagon | AE23: =VLOOKUP(Q23,$A$4:$I$15,2,FALSE) -> Watermelon | AG23: 1 | AH23: 1 | AI23: 1 | AJ23: 1 | AK23: 1 | AL23: 1
K24: 20 | L24: Q | M24: C1 | N24: J | O24: M4 | P24: Q | Q24: Q | S24: =VLOOKUP(L24,$A$4:$I$15,9,FALSE) -> 9 | T24: =VLOOKUP(M24,$A$4:$I$15,9,FALSE) -> 1 | U24: =VLOOKUP(N24,$A$4:$I$15,9,FALSE) -> 10 | V24: =VLOOKUP(O24,$A$4:$I$15,9,FALSE) -> 6 | W24: =VLOOKUP(P24,$A$4:$I$15,9,FALSE) -> 9 | X24: =VLOOKUP(Q24,$A$4:$I$15,9,FALSE) -> 9 | Z24: =VLOOKUP(L24,$A$4:$I$15,2,FALSE) -> Watermelon | AA24: =VLOOKUP(M24,$A$4:$I$15,2,FALSE) -> Scatter | AB24: =VLOOKUP(N24,$A$4:$I$15,2,FALSE) -> Grapes | AC24: =VLOOKUP(O24,$A$4:$I$15,2,FALSE) -> Rectangle | AD24: =VLOOKUP(P24,$A$4:$I$15,2,FALSE) -> Watermelon | AE24: =VLOOKUP(Q24,$A$4:$I$15,2,FALSE) -> Watermelon | AG24: 1 | AH24: 1 | AI24: 1 | AJ24: 1 | AK24: 1 | AL24: 1
K25: 21 | L25: K | M25: J | N25: K | O25: M4 | P25: Q | Q25: M3 | S25: =VLOOKUP(L25,$A$4:$I$15,9,FALSE) -> 8 | T25: =VLOOKUP(M25,$A$4:$I$15,9,FALSE) -> 10 | U25: =VLOOKUP(N25,$A$4:$I$15,9,FALSE) -> 8 | V25: =VLOOKUP(O25,$A$4:$I$15,9,FALSE) -> 6 | W25: =VLOOKUP(P25,$A$4:$I$15,9,FALSE) -> 9 | X25: =VLOOKUP(Q25,$A$4:$I$15,9,FALSE) -> 5 | Z25: =VLOOKUP(L25,$A$4:$I$15,2,FALSE) -> Peaches | AA25: =VLOOKUP(M25,$A$4:$I$15,2,FALSE) -> Grapes | AB25: =VLOOKUP(N25,$A$4:$I$15,2,FALSE) -> Peaches | AC25: =VLOOKUP(O25,$A$4:$I$15,2,FALSE) -> Rectangle | AD25: =VLOOKUP(P25,$A$4:$I$15,2,FALSE) -> Watermelon | AE25: =VLOOKUP(Q25,$A$4:$I$15,2,FALSE) -> pentagon | AG25: 1 | AH25: 1 | AI25: 1 | AJ25: 1 | AK25: 1 | AL25: 1
K26: 22 | L26: K | M26: J | N26: K | O26: M2 | P26: M2 | Q26: M3 | S26: =VLOOKUP(L26,$A$4:$I$15,9,FALSE) -> 8 | T26: =VLOOKUP(M26,$A$4:$I$15,9,FALSE) -> 10 | U26: =VLOOKUP(N26,$A$4:$I$15,9,FALSE) -> 8 | V26: =VLOOKUP(O26,$A$4:$I$15,9,FALSE) -> 4 | W26: =VLOOKUP(P26,$A$4:$I$15,9,FALSE) -> 4 | X26: =VLOOKUP(Q26,$A$4:$I$15,9,FALSE) -> 5 | Z26: =VLOOKUP(L26,$A$4:$I$15,2,FALSE) -> Peaches | AA26: =VLOOKUP(M26,$A$4:$I$15,2,FALSE) -> Grapes | AB26: =VLOOKUP(N26,$A$4:$I$15,2,FALSE) -> Peaches | AC26: =VLOOKUP(O26,$A$4:$I$15,2,FALSE) -> Square | AD26: =VLOOKUP(P26,$A$4:$I$15,2,FALSE) -> Square | AE26: =VLOOKUP(Q26,$A$4:$I$15,2,FALSE) -> pentagon | AG26: 1 | AH26: 1 | AI26: 1 | AJ26: 1 | AK26: 1 | AL26: 1
K27: 23 | L27: TE | M27: K | N27: J | O27: M2 | P27: M2 | Q27: TE | S27: =VLOOKUP(L27,$A$4:$I$15,9,FALSE) -> 11 | T27: =VLOOKUP(M27,$A$4:$I$15,9,FALSE) -> 8 | U27: =VLOOKUP(N27,$A$4:$I$15,9,FALSE) -> 10 | V27: =VLOOKUP(O27,$A$4:$I$15,9,FALSE) -> 4 | W27: =VLOOKUP(P27,$A$4:$I$15,9,FALSE) -> 4 | X27: =VLOOKUP(Q27,$A$4:$I$15,9,FALSE) -> 11 | Z27: =VLOOKUP(L27,$A$4:$I$15,2,FALSE) -> Bananas | AA27: =VLOOKUP(M27,$A$4:$I$15,2,FALSE) -> Peaches | AB27: =VLOOKUP(N27,$A$4:$I$15,2,FALSE) -> Grapes | AC27: =VLOOKUP(O27,$A$4:$I$15,2,FALSE) -> Square | AD27: =VLOOKUP(P27,$A$4:$I$15,2,FALSE) -> Square | AE27: =VLOOKUP(Q27,$A$4:$I$15,2,FALSE) -> Bananas | AG27: 1 | AH27: 1 | AI27: 1 | AJ27: 1 | AK27: 1 | AL27: 1
... K203: 199 | L203: J | M203: TE | N203: A | O203: TE | P203: TE | Q203: M2 | S203: =VLOOKUP(L203,$A$4:$I$15,9,FALSE) -> 10 | T203: =VLOOKUP(M203,$A$4:$I$15,9,FALSE) -> 11 | U203: =VLOOKUP(N203,$A$4:$I$15,9,FALSE) -> 7 | V203: =VLOOKUP(O203,$A$4:$I$15,9,FALSE) -> 11 | W203: =VLOOKUP(P203,$A$4:$I$15,9,FALSE) -> 11 | X203: =VLOOKUP(Q203,$A$4:$I$15,9,FALSE) -> 4 | Z203: =VLOOKUP(L203,$A$4:$I$15,2,FALSE) -> Grapes | AA203: =VLOOKUP(M203,$A$4:$I$15,2,FALSE) -> Bananas | AB203: =VLOOKUP(N203,$A$4:$I$15,2,FALSE) -> Apples | AC203: =VLOOKUP(O203,$A$4:$I$15,2,FALSE) -> Bananas | AD203: =VLOOKUP(P203,$A$4:$I$15,2,FALSE) -> Bananas | AE203: =VLOOKUP(Q203,$A$4:$I$15,2,FALSE) -> Square | AG203: 1 | AH203: 1 | AI203: 1 | AJ203: 1 | AK203: 1 | AL203: 1
K204: 200
K205: 201
K206: 202
K207: 203
K208: 204
K209: 205
K210: 206
K211: 207
K212: 208
K213: 209
K214: 210
K215: 211
... K304: 300

Sheet Base Game Symbol (4)
C2: =SUM(C4:C15) -> 240 | D2: =SUM(D4:D15) -> 245 | E2: =SUM(E4:E15) -> 240 | F2: =SUM(F4:F15) -> 245 | G2: =SUM(G4:G15) -> 200 | H2: =SUM(H4:H15) -> 202 | K2: Symbol | S2: ID | Z2: Description | AG2: Reel Weight
A3: Symbol | B3: Description | C3: R1 | D3: R2 | E3: R3 | F3: R4 | G3: R5 | H3: R6 | I3: ID | K3: Line # | L3: R1 | M3: R2 | N3: R3 | O3: R4 | P3: R5 | Q3: R6 | S3: R1 | T3: R2 | U3: R3 | V3: R4 | W3: R5 | X3: R6 | Z3: R1 | AA3: R2 | AB3: R3 | AC3: R4 | AD3: R5 | AE3: R6 | AG3: R1 | AH3: R2 | AI3: R3 | AJ3: R4 | AK3: R5 | AL3: R6
A4: {=Overview!A58:A69} -> WW | B4: {=Overview!B58:B69} -> Wild | C4: =COUNTIF(L:L,$A4) -> 0 | D4: =COUNTIF(M:M,$A4) -> 0 | E4: =COUNTIF(N:N,$A4) -> 0 | F4: =COUNTIF(O:O,$A4) -> 0 | G4: =COUNTIF(P:P,$A4) -> 0 | H4: =COUNTIF(Q:Q,$A4) -> 0 | I4: {=Overview!I58:I69} -> 0 | K4: 0 | L4: TE | M4: J | N4: K | O4: K | P4: K | Q4: TE | S4: =VLOOKUP(L4,$A$4:$I$15,9,FALSE) -> 11 | T4: =VLOOKUP(M4,$A$4:$I$15,9,FALSE) -> 10 | U4: =VLOOKUP(N4,$A$4:$I$15,9,FALSE) -> 8 | V4: =VLOOKUP(O4,$A$4:$I$15,9,FALSE) -> 8 | W4: =VLOOKUP(P4,$A$4:$I$15,9,FALSE) -> 8 | X4: =VLOOKUP(Q4,$A$4:$I$15,9,FALSE) -> 11 | Z4: =VLOOKUP(L4,$A$4:$I$15,2,FALSE) -> Bananas | AA4: =VLOOKUP(M4,$A$4:$I$15,2,FALSE) -> Grapes | AB4: =VLOOKUP(N4,$A$4:$I$15,2,FALSE) -> Peaches | AC4: =VLOOKUP(O4,$A$4:$I$15,2,FALSE) -> Peaches | AD4: =VLOOKUP(P4,$A$4:$I$15,2,FALSE) -> Peaches | AE4: =VLOOKUP(Q4,$A$4:$I$15,2,FALSE) -> Bananas | AG4: 1 | AH4: 1 | AI4: 1 | AJ4: 1 | AK4: 1 | AL4: 1
A5: C1 | B5: Scatter | C5: =COUNTIF(L:L,$A5) -> 48 | D5: =COUNTIF(M:M,$A5) -> 49 | E5: =COUNTIF(N:N,$A5) -> 48 | F5: =COUNTIF(O:O,$A5) -> 49 | G5: =COUNTIF(P:P,$A5) -> 0 | H5: =COUNTIF(Q:Q,$A5) -> 0 | I5: 1 | K5: 1 | L5: TE | M5: J | N5: K | O5: K | P5: K | Q5: TE | S5: =VLOOKUP(L5,$A$4:$I$15,9,FALSE) -> 11 | T5: =VLOOKUP(M5,$A$4:$I$15,9,FALSE) -> 10 | U5: =VLOOKUP(N5,$A$4:$I$15,9,FALSE) -> 8 | V5: =VLOOKUP(O5,$A$4:$I$15,9,FALSE) -> 8 | W5: =VLOOKUP(P5,$A$4:$I$15,9,FALSE) -> 8 | X5: =VLOOKUP(Q5,$A$4:$I$15,9,FALSE) -> 11 | Z5: =VLOOKUP(L5,$A$4:$I$15,2,FALSE) -> Bananas | AA5: =VLOOKUP(M5,$A$4:$I$15,2,FALSE) -> Grapes | AB5: =VLOOKUP(N5,$A$4:$I$15,2,FALSE) -> Peaches | AC5: =VLOOKUP(O5,$A$4:$I$15,2,FALSE) -> Peaches | AD5: =VLOOKUP(P5,$A$4:$I$15,2,FALSE) -> Peaches | AE5: =VLOOKUP(Q5,$A$4:$I$15,2,FALSE) -> Bananas | AG5: 1 | AH5: 1 | AI5: 1 | AJ5: 1 | AK5: 1 | AL5: 1
A6: C2 | B6: Multiplier | C6: =COUNTIF(L:L,$A6) -> 0 | D6: =COUNTIF(M:M,$A6) -> 0 | E6: =COUNTIF(N:N,$A6) -> 0 | F6: =COUNTIF(O:O,$A6) -> 0 | G6: =COUNTIF(P:P,$A6) -> 0 | H6: =COUNTIF(Q:Q,$A6) -> 0 | I6: 2 | K6: 2 | L6: M4 | M6: M1 | N6: M4 | O6: J | P6: J | Q6: K | S6: =VLOOKUP(L6,$A$4:$I$15,9,FALSE) -> 6 | T6: =VLOOKUP(M6,$A$4:$I$15,9,FALSE) -> 3 | U6: =VLOOKUP(N6,$A$4:$I$15,9,FALSE) -> 6 | V6: =VLOOKUP(O6,$A$4:$I$15,9,FALSE) -> 10 | W6: =VLOOKUP(P6,$A$4:$I$15,9,FALSE) -> 10 | X6: =VLOOKUP(Q6,$A$4:$I$15,9,FALSE) -> 8 | Z6: =VLOOKUP(L6,$A$4:$I$15,2,FALSE) -> Rectangle | AA6: =VLOOKUP(M6,$A$4:$I$15,2,FALSE) -> Heart | AB6: =VLOOKUP(N6,$A$4:$I$15,2,FALSE) -> Rectangle | AC6: =VLOOKUP(O6,$A$4:$I$15,2,FALSE) -> Grapes | AD6: =VLOOKUP(P6,$A$4:$I$15,2,FALSE) -> Grapes | AE6: =VLOOKUP(Q6,$A$4:$I$15,2,FALSE) -> Peaches | AG6: 1 | AH6: 1 | AI6: 1 | AJ6: 1 | AK6: 1 | AL6: 1
A7: M1 | B7: Heart | C7: =COUNTIF(L:L,$A7) -> 8 | D7: =COUNTIF(M:M,$A7) -> 16 | E7: =COUNTIF(N:N,$A7) -> 8 | F7: =COUNTIF(O:O,$A7) -> 6 | G7: =COUNTIF(P:P,$A7) -> 8 | H7: =COUNTIF(Q:Q,$A7) -> 2 | I7: 3 | K7: 3 | L7: M4 | M7: M1 | N7: M4 | O7: J | P7: J | Q7: K | S7: =VLOOKUP(L7,$A$4:$I$15,9,FALSE) -> 6 | T7: =VLOOKUP(M7,$A$4:$I$15,9,FALSE) -> 3 | U7: =VLOOKUP(N7,$A$4:$I$15,9,FALSE) -> 6 | V7: =VLOOKUP(O7,$A$4:$I$15,9,FALSE) -> 10 | W7: =VLOOKUP(P7,$A$4:$I$15,9,FALSE) -> 10 | X7: =VLOOKUP(Q7,$A$4:$I$15,9,FALSE) -> 8 | Z7: =VLOOKUP(L7,$A$4:$I$15,2,FALSE) -> Rectangle | AA7: =VLOOKUP(M7,$A$4:$I$15,2,FALSE) -> Heart | AB7: =VLOOKUP(N7,$A$4:$I$15,2,FALSE) -> Rectangle | AC7: =VLOOKUP(O7,$A$4:$I$15,2,FALSE) -> Grapes | AD7: =VLOOKUP(P7,$A$4:$I$15,2,FALSE) -> Grapes | AE7: =VLOOKUP(Q7,$A$4:$I$15,2,FALSE) -> Peaches | AG7: 1 | AH7: 1 | AI7: 1 | AJ7: 1 | AK7: 1 | AL7: 1
A8: M2 | B8: Square | C8: =COUNTIF(L:L,$A8) -> 12 | D8: =COUNTIF(M:M,$A8) -> 6 | E8: =COUNTIF(N:N,$A8) -> 16 | F8: =COUNTIF(O:O,$A8) -> 16 | G8: =COUNTIF(P:P,$A8) -> 15 | H8: =COUNTIF(Q:Q,$A8) -> 8 | I8: 4 | K8: 4 | L8: C1 | M8: C1 | N8: C1 | O8: C1 | P8: M3 | Q8: M3 | S8: =VLOOKUP(L8,$A$4:$I$15,9,FALSE) -> 1 | T8: =VLOOKUP(M8,$A$4:$I$15,9,FALSE) -> 1 | U8: =VLOOKUP(N8,$A$4:$I$15,9,FALSE) -> 1 | V8: =VLOOKUP(O8,$A$4:$I$15,9,FALSE) -> 1 | W8: =VLOOKUP(P8,$A$4:$I$15,9,FALSE) -> 5 | X8: =VLOOKUP(Q8,$A$4:$I$15,9,FALSE) -> 5 | Z8: =VLOOKUP(L8,$A$4:$I$15,2,FALSE) -> Scatter | AA8: =VLOOKUP(M8,$A$4:$I$15,2,FALSE) -> Scatter | AB8: =VLOOKUP(N8,$A$4:$I$15,2,FALSE) -> Scatter | AC8: =VLOOKUP(O8,$A$4:$I$15,2,FALSE) -> Scatter | AD8: =VLOOKUP(P8,$A$4:$I$15,2,FALSE) -> pentagon | AE8: =VLOOKUP(Q8,$A$4:$I$15,2,FALSE) -> pentagon | AG8: 1 | AH8: 1 | AI8: 1 | AJ8: 1 | AK8: 1 | AL8: 1
A9: M3 | B9: pentagon | C9: =COUNTIF(L:L,$A9) -> 18 | D9: =COUNTIF(M:M,$A9) -> 6 | E9: =COUNTIF(N:N,$A9) -> 12 | F9: =COUNTIF(O:O,$A9) -> 12 | G9: =COUNTIF(P:P,$A9) -> 16 | H9: =COUNTIF(Q:Q,$A9) -> 14 | I9: 5 | K9: 5 | L9: K | M9: M4 | N9: A | O9: M4 | P9: M3 | Q9: M3 | S9: =VLOOKUP(L9,$A$4:$I$15,9,FALSE) -> 8 | T9: =VLOOKUP(M9,$A$4:$I$15,9,FALSE) -> 6 | U9: =VLOOKUP(N9,$A$4:$I$15,9,FALSE) -> 7 | V9: =VLOOKUP(O9,$A$4:$I$15,9,FALSE) -> 6 | W9: =VLOOKUP(P9,$A$4:$I$15,9,FALSE) -> 5 | X9: =VLOOKUP(Q9,$A$4:$I$15,9,FALSE) -> 5 | Z9: =VLOOKUP(L9,$A$4:$I$15,2,FALSE) -> Peaches | AA9: =VLOOKUP(M9,$A$4:$I$15,2,FALSE) -> Rectangle | AB9: =VLOOKUP(N9,$A$4:$I$15,2,FALSE) -> Apples | AC9: =VLOOKUP(O9,$A$4:$I$15,2,FALSE) -> Rectangle | AD9: =VLOOKUP(P9,$A$4:$I$15,2,FALSE) -> pentagon | AE9: =VLOOKUP(Q9,$A$4:$I$15,2,FALSE) -> pentagon | AG9: 1 | AH9: 1 | AI9: 1 | AJ9: 1 | AK9: 1 | AL9: 1
A10: M4 | B10: Rectangle | C10: =COUNTIF(L:L,$A10) -> 12 | D10: =COUNTIF(M:M,$A10) -> 24 | E10: =COUNTIF(N:N,$A10) -> 34 | F10: =COUNTIF(O:O,$A10) -> 14 | G10: =COUNTIF(P:P,$A10) -> 32 | H10: =COUNTIF(Q:Q,$A10) -> 22 | I10: 6 | K10: 6 | L10: K | M10: M4 | N10: A | O10: M4 | P10: TE | Q10: K | S10: =VLOOKUP(L10,$A$4:$I$15,9,FALSE) -> 8 | T10: =VLOOKUP(M10,$A$4:$I$15,9,FALSE) -> 6 | U10: =VLOOKUP(N10,$A$4:$I$15,9,FALSE) -> 7 | V10: =VLOOKUP(O10,$A$4:$I$15,9,FALSE) -> 6 | W10: =VLOOKUP(P10,$A$4:$I$15,9,FALSE) -> 11 | X10: =VLOOKUP(Q10,$A$4:$I$15,9,FALSE) -> 8 | Z10: =VLOOKUP(L10,$A$4:$I$15,2,FALSE) -> Peaches | AA10: =VLOOKUP(M10,$A$4:$I$15,2,FALSE) -> Rectangle | AB10: =VLOOKUP(N10,$A$4:$I$15,2,FALSE) -> Apples | AC10: =VLOOKUP(O10,$A$4:$I$15,2,FALSE) -> Rectangle | AD10: =VLOOKUP(P10,$A$4:$I$15,2,FALSE) -> Bananas | AE10: =VLOOKUP(Q10,$A$4:$I$15,2,FALSE) -> Peaches | AG10: 1 | AH10: 1 | AI10: 1 | AJ10: 1 | AK10: 1 | AL10: 1
A11: A | B11: Apples | C11: =COUNTIF(L:L,$A11) -> 22 | D11: =COUNTIF(M:M,$A11) -> 24 | E11: =COUNTIF(N:N,$A11) -> 24 | F11: =COUNTIF(O:O,$A11) -> 20 | G11: =COUNTIF(P:P,$A11) -> 13 | H11: =COUNTIF(Q:Q,$A11) -> 20 | I11: 7 | K11: 7 | L11: M4 | M11: J | N11: Q | O11: M3 | P11: TE | Q11: K | S11: =VLOOKUP(L11,$A$4:$I$15,9,FALSE) -> 6 | T11: =VLOOKUP(M11,$A$4:$I$15,9,FALSE) -> 10 | U11: =VLOOKUP(N11,$A$4:$I$15,9,FALSE) -> 9 | V11: =VLOOKUP(O11,$A$4:$I$15,9,FALSE) -> 5 | W11: =VLOOKUP(P11,$A$4:$I$15,9,FALSE) -> 11 | X11: =VLOOKUP(Q11,$A$4:$I$15,9,FALSE) -> 8 | Z11: =VLOOKUP(L11,$A$4:$I$15,2,FALSE) -> Rectangle | AA11: =VLOOKUP(M11,$A$4:$I$15,2,FALSE) -> Grapes | AB11: =VLOOKUP(N11,$A$4:$I$15,2,FALSE) -> Watermelon | AC11: =VLOOKUP(O11,$A$4:$I$15,2,FALSE) -> pentagon | AD11: =VLOOKUP(P11,$A$4:$I$15,2,FALSE) -> Bananas | AE11: =VLOOKUP(Q11,$A$4:$I$15,2,FALSE) -> Peaches | AG11: 1 | AH11: 1 | AI11: 1 | AJ11: 1 | AK11: 1 | AL11: 1
A12: K | B12: Peaches | C12: =COUNTIF(L:L,$A12) -> 24 | D12: =COUNTIF(M:M,$A12) -> 28 | E12: =COUNTIF(N:N,$A12) -> 28 | F12: =COUNTIF(O:O,$A12) -> 20 | G12: =COUNTIF(P:P,$A12) -> 24 | H12: =COUNTIF(Q:Q,$A12) -> 37 | I12: 8 | K12: 8 | L12: M4 | M12: J | N12: Q | O12: M3 | P12: K | Q12: TE | S12: =VLOOKUP(L12,$A$4:$I$15,9,FALSE) -> 6 | T12: =VLOOKUP(M12,$A$4:$I$15,9,FALSE) -> 10 | U12: =VLOOKUP(N12,$A$4:$I$15,9,FALSE) -> 9 | V12: =VLOOKUP(O12,$A$4:$I$15,9,FALSE) -> 5 | W12: =VLOOKUP(P12,$A$4:$I$15,9,FALSE) -> 8 | X12: =VLOOKUP(Q12,$A$4:$I$15,9,FALSE) -> 11 | Z12: =VLOOKUP(L12,$A$4:$I$15,2,FALSE) -> Rectangle | AA12: =VLOOKUP(M12,$A$4:$I$15,2,FALSE) -> Grapes | AB12: =VLOOKUP(N12,$A$4:$I$15,2,FALSE) -> Watermelon | AC12: =VLOOKUP(O12,$A$4:$I$15,2,FALSE) -> pentagon | AD12: =VLOOKUP(P12,$A$4:$I$15,2,FALSE) -> Peaches | AE12: =VLOOKUP(Q12,$A$4:$I$15,2,FALSE) -> Bananas | AG12: 1 | AH12: 1 | AI12: 1 | AJ12: 1 | AK12: 1 | AL12: 1
A13: Q | B13: Watermelon | C13: =COUNTIF(L:L,$A13) -> 34 | D13: =COUNTIF(M:M,$A13) -> 20 | E13: =COUNTIF(N:N,$A13) -> 34 | F13: =COUNTIF(O:O,$A13) -> 22 | G13: =COUNTIF(P:P,$A13) -> 38 | H13: =COUNTIF(Q:Q,$A13) -> 16 | I13: 9 | K13: 9 | L13: C1 | M13: C1 | N13: C1 | O13: C1 | P13: K | Q13: TE | S13: =VLOOKUP(L13,$A$4:$I$15,9,FALSE) -> 1 | T13: =VLOOKUP(M13,$A$4:$I$15,9,FALSE) -> 1 | U13: =VLOOKUP(N13,$A$4:$I$15,9,FALSE) -> 1 | V13: =VLOOKUP(O13,$A$4:$I$15,9,FALSE) -> 1 | W13: =VLOOKUP(P13,$A$4:$I$15,9,FALSE) -> 8 | X13: =VLOOKUP(Q13,$A$4:$I$15,9,FALSE) -> 11 | Z13: =VLOOKUP(L13,$A$4:$I$15,2,FALSE) -> Scatter | AA13: =VLOOKUP(M13,$A$4:$I$15,2,FALSE) -> Scatter | AB13: =VLOOKUP(N13,$A$4:$I$15,2,FALSE) -> Scatter | AC13: =VLOOKUP(O13,$A$4:$I$15,2,FALSE) -> Scatter | AD13: =VLOOKUP(P13,$A$4:$I$15,2,FALSE) -> Peaches | AE13: =VLOOKUP(Q13,$A$4:$I$15,2,FALSE) -> Bananas | AG13: 1 | AH13: 1 | AI13: 1 | AJ13: 1 | AK13: 1 | AL13: 1
A14: J | B14: Grapes | C14: =COUNTIF(L:L,$A14) -> 18 | D14: =COUNTIF(M:M,$A14) -> 44 | E14: =COUNTIF(N:N,$A14) -> 12 | F14: =COUNTIF(O:O,$A14) -> 46 | G14: =COUNTIF(P:P,$A14) -> 18 | H14: =COUNTIF(Q:Q,$A14) -> 43 | I14: 10 | K14: 10 | L14: TE | M14: TE | N14: M2 | O14: A | P14: TE | Q14: Q | S14: =VLOOKUP(L14,$A$4:$I$15,9,FALSE) -> 11 | T14: =VLOOKUP(M14,$A$4:$I$15,9,FALSE) -> 11 | U14: =VLOOKUP(N14,$A$4:$I$15,9,FALSE) -> 4 | V14: =VLOOKUP(O14,$A$4:$I$15,9,FALSE) -> 7 | W14: =VLOOKUP(P14,$A$4:$I$15,9,FALSE) -> 11 | X14: =VLOOKUP(Q14,$A$4:$I$15,9,FALSE) -> 9 | Z14: =VLOOKUP(L14,$A$4:$I$15,2,FALSE) -> Bananas | AA14: =VLOOKUP(M14,$A$4:$I$15,2,FALSE) -> Bananas | AB14: =VLOOKUP(N14,$A$4:$I$15,2,FALSE) -> Square | AC14: =VLOOKUP(O14,$A$4:$I$15,2,FALSE) -> Apples | AD14: =VLOOKUP(P14,$A$4:$I$15,2,FALSE) -> Bananas | AE14: =VLOOKUP(Q14,$A$4:$I$15,2,FALSE) -> Watermelon | AG14: 1 | AH14: 1 | AI14: 1 | AJ14: 1 | AK14: 1 | AL14: 1
A15: TE | B15: Bananas | C15: =COUNTIF(L:L,$A15) -> 44 | D15: =COUNTIF(M:M,$A15) -> 28 | E15: =COUNTIF(N:N,$A15) -> 24 | F15: =COUNTIF(O:O,$A15) -> 40 | G15: =COUNTIF(P:P,$A15) -> 36 | H15: =COUNTIF(Q:Q,$A15) -> 40 | I15: 11 | K15: 11 | L15: TE | M15: TE | N15: M2 | O15: A | P15: TE | Q15: Q | S15: =VLOOKUP(L15,$A$4:$I$15,9,FALSE) -> 11 | T15: =VLOOKUP(M15,$A$4:$I$15,9,FALSE) -> 11 | U15: =VLOOKUP(N15,$A$4:$I$15,9,FALSE) -> 4 | V15: =VLOOKUP(O15,$A$4:$I$15,9,FALSE) -> 7 | W15: =VLOOKUP(P15,$A$4:$I$15,9,FALSE) -> 11 | X15: =VLOOKUP(Q15,$A$4:$I$15,9,FALSE) -> 9 | Z15: =VLOOKUP(L15,$A$4:$I$15,2,FALSE) -> Bananas | AA15: =VLOOKUP(M15,$A$4:$I$15,2,FALSE) -> Bananas | AB15: =VLOOKUP(N15,$A$4:$I$15,2,FALSE) -> Square | AC15: =VLOOKUP(O15,$A$4:$I$15,2,FALSE) -> Apples | AD15: =VLOOKUP(P15,$A$4:$I$15,2,FALSE) -> Bananas | AE15: =VLOOKUP(Q15,$A$4:$I$15,2,FALSE) -> Watermelon | AG15: 1 | AH15: 1 | AI15: 1 | AJ15: 1 | AK15: 1 | AL15: 1
K16: 12 | L16: M2 | M16: A | N16: K | O16: J | P16: K | Q16: J | S16: =VLOOKUP(L16,$A$4:$I$15,9,FALSE) -> 4 | T16: =VLOOKUP(M16,$A$4:$I$15,9,FALSE) -> 7 | U16: =VLOOKUP(N16,$A$4:$I$15,9,FALSE) -> 8 | V16: =VLOOKUP(O16,$A$4:$I$15,9,FALSE) -> 10 | W16: =VLOOKUP(P16,$A$4:$I$15,9,FALSE) -> 8 | X16: =VLOOKUP(Q16,$A$4:$I$15,9,FALSE) -> 10 | Z16: =VLOOKUP(L16,$A$4:$I$15,2,FALSE) -> Square | AA16: =VLOOKUP(M16,$A$4:$I$15,2,FALSE) -> Apples | AB16: =VLOOKUP(N16,$A$4:$I$15,2,FALSE) -> Peaches | AC16: =VLOOKUP(O16,$A$4:$I$15,2,FALSE) -> Grapes | AD16: =VLOOKUP(P16,$A$4:$I$15,2,FALSE) -> Peaches | AE16: =VLOOKUP(Q16,$A$4:$I$15,2,FALSE) -> Grapes | AG16: 1 | AH16: 1 | AI16: 1 | AJ16: 1 | AK16: 1 | AL16: 1
K17: 13 | L17: M2 | M17: A | N17: K | O17: J | P17: K | Q17: J | S17: =VLOOKUP(L17,$A$4:$I$15,9,FALSE) -> 4 | T17: =VLOOKUP(M17,$A$4:$I$15,9,FALSE) -> 7 | U17: =VLOOKUP(N17,$A$4:$I$15,9,FALSE) -> 8 | V17: =VLOOKUP(O17,$A$4:$I$15,9,FALSE) -> 10 | W17: =VLOOKUP(P17,$A$4:$I$15,9,FALSE) -> 8 | X17: =VLOOKUP(Q17,$A$4:$I$15,9,FALSE) -> 10 | Z17: =VLOOKUP(L17,$A$4:$I$15,2,FALSE) -> Square | AA17: =VLOOKUP(M17,$A$4:$I$15,2,FALSE) -> Apples | AB17: =VLOOKUP(N17,$A$4:$I$15,2,FALSE) -> Peaches | AC17: =VLOOKUP(O17,$A$4:$I$15,2,FALSE) -> Grapes | AD17: =VLOOKUP(P17,$A$4:$I$15,2,FALSE) -> Peaches | AE17: =VLOOKUP(Q17,$A$4:$I$15,2,FALSE) -> Grapes | AG17: 1 | AH17: 1 | AI17: 1 | AJ17: 1 | AK17: 1 | AL17: 1
K18: 14 | L18: C1 | M18: C1 | N18: C1 | O18: C1 | P18: Q | Q18: TE | S18: =VLOOKUP(L18,$A$4:$I$15,9,FALSE) -> 1 | T18: =VLOOKUP(M18,$A$4:$I$15,9,FALSE) -> 1 | U18: =VLOOKUP(N18,$A$4:$I$15,9,FALSE) -> 1 | V18: =VLOOKUP(O18,$A$4:$I$15,9,FALSE) -> 1 | W18: =VLOOKUP(P18,$A$4:$I$15,9,FALSE) -> 9 | X18: =VLOOKUP(Q18,$A$4:$I$15,9,FALSE) -> 11 | Z18: =VLOOKUP(L18,$A$4:$I$15,2,FALSE) -> Scatter | AA18: =VLOOKUP(M18,$A$4:$I$15,2,FALSE) -> Scatter | AB18: =VLOOKUP(N18,$A$4:$I$15,2,FALSE) -> Scatter | AC18: =VLOOKUP(O18,$A$4:$I$15,2,FALSE) -> Scatter | AD18: =VLOOKUP(P18,$A$4:$I$15,2,FALSE) -> Watermelon | AE18: =VLOOKUP(Q18,$A$4:$I$15,2,FALSE) -> Bananas | AG18: 1 | AH18: 1 | AI18: 1 | AJ18: 1 | AK18: 1 | AL18: 1
K19: 15 | L19: M3 | M19: TE | N19: A | O19: TE | P19: Q | Q19: TE | S19: =VLOOKUP(L19,$A$4:$I$15,9,FALSE) -> 5 | T19: =VLOOKUP(M19,$A$4:$I$15,9,FALSE) -> 11 | U19: =VLOOKUP(N19,$A$4:$I$15,9,FALSE) -> 7 | V19: =VLOOKUP(O19,$A$4:$I$15,9,FALSE) -> 11 | W19: =VLOOKUP(P19,$A$4:$I$15,9,FALSE) -> 9 | X19: =VLOOKUP(Q19,$A$4:$I$15,9,FALSE) -> 11 | Z19: =VLOOKUP(L19,$A$4:$I$15,2,FALSE) -> pentagon | AA19: =VLOOKUP(M19,$A$4:$I$15,2,FALSE) -> Bananas | AB19: =VLOOKUP(N19,$A$4:$I$15,2,FALSE) -> Apples | AC19: =VLOOKUP(O19,$A$4:$I$15,2,FALSE) -> Bananas | AD19: =VLOOKUP(P19,$A$4:$I$15,2,FALSE) -> Watermelon | AE19: =VLOOKUP(Q19,$A$4:$I$15,2,FALSE) -> Bananas | AG19: 1 | AH19: 1 | AI19: 1 | AJ19: 1 | AK19: 1 | AL19: 1
K20: 16 | L20: M3 | M20: TE | N20: A | O20: TE | P20: M4 | Q20: J | S20: =VLOOKUP(L20,$A$4:$I$15,9,FALSE) -> 5 | T20: =VLOOKUP(M20,$A$4:$I$15,9,FALSE) -> 11 | U20: =VLOOKUP(N20,$A$4:$I$15,9,FALSE) -> 7 | V20: =VLOOKUP(O20,$A$4:$I$15,9,FALSE) -> 11 | W20: =VLOOKUP(P20,$A$4:$I$15,9,FALSE) -> 6 | X20: =VLOOKUP(Q20,$A$4:$I$15,9,FALSE) -> 10 | Z20: =VLOOKUP(L20,$A$4:$I$15,2,FALSE) -> pentagon | AA20: =VLOOKUP(M20,$A$4:$I$15,2,FALSE) -> Bananas | AB20: =VLOOKUP(N20,$A$4:$I$15,2,FALSE) -> Apples | AC20: =VLOOKUP(O20,$A$4:$I$15,2,FALSE) -> Bananas | AD20: =VLOOKUP(P20,$A$4:$I$15,2,FALSE) -> Rectangle | AE20: =VLOOKUP(Q20,$A$4:$I$15,2,FALSE) -> Grapes | AG20: 1 | AH20: 1 | AI20: 1 | AJ20: 1 | AK20: 1 | AL20: 1
K21: 17 | L21: TE | M21: M3 | N21: TE | O21: Q | P21: M4 | Q21: J | S21: =VLOOKUP(L21,$A$4:$I$15,9,FALSE) -> 11 | T21: =VLOOKUP(M21,$A$4:$I$15,9,FALSE) -> 5 | U21: =VLOOKUP(N21,$A$4:$I$15,9,FALSE) -> 11 | V21: =VLOOKUP(O21,$A$4:$I$15,9,FALSE) -> 9 | W21: =VLOOKUP(P21,$A$4:$I$15,9,FALSE) -> 6 | X21: =VLOOKUP(Q21,$A$4:$I$15,9,FALSE) -> 10 | Z21: =VLOOKUP(L21,$A$4:$I$15,2,FALSE) -> Bananas | AA21: =VLOOKUP(M21,$A$4:$I$15,2,FALSE) -> pentagon | AB21: =VLOOKUP(N21,$A$4:$I$15,2,FALSE) -> Bananas | AC21: =VLOOKUP(O21,$A$4:$I$15,2,FALSE) -> Watermelon | AD21: =VLOOKUP(P21,$A$4:$I$15,2,FALSE) -> Rectangle | AE21: =VLOOKUP(Q21,$A$4:$I$15,2,FALSE) -> Grapes | AG21: 1 | AH21: 1 | AI21: 1 | AJ21: 1 | AK21: 1 | AL21: 1
K22: 18 | L22: TE | M22: M3 | N22: TE | O22: Q | P22: TE | Q22: Q | S22: =VLOOKUP(L22,$A$4:$I$15,9,FALSE) -> 11 | T22: =VLOOKUP(M22,$A$4:$I$15,9,FALSE) -> 5 | U22: =VLOOKUP(N22,$A$4:$I$15,9,FALSE) -> 11 | V22: =VLOOKUP(O22,$A$4:$I$15,9,FALSE) -> 9 | W22: =VLOOKUP(P22,$A$4:$I$15,9,FALSE) -> 11 | X22: =VLOOKUP(Q22,$A$4:$I$15,9,FALSE) -> 9 | Z22: =VLOOKUP(L22,$A$4:$I$15,2,FALSE) -> Bananas | AA22: =VLOOKUP(M22,$A$4:$I$15,2,FALSE) -> pentagon | AB22: =VLOOKUP(N22,$A$4:$I$15,2,FALSE) -> Bananas | AC22: =VLOOKUP(O22,$A$4:$I$15,2,FALSE) -> Watermelon | AD22: =VLOOKUP(P22,$A$4:$I$15,2,FALSE) -> Bananas | AE22: =VLOOKUP(Q22,$A$4:$I$15,2,FALSE) -> Watermelon | AG22: 1 | AH22: 1 | AI22: 1 | AJ22: 1 | AK22: 1 | AL22: 1
K23: 19 | L23: C1 | M23: C1 | N23: C1 | O23: C1 | P23: TE | Q23: Q | S23: =VLOOKUP(L23,$A$4:$I$15,9,FALSE) -> 1 | T23: =VLOOKUP(M23,$A$4:$I$15,9,FALSE) -> 1 | U23: =VLOOKUP(N23,$A$4:$I$15,9,FALSE) -> 1 | V23: =VLOOKUP(O23,$A$4:$I$15,9,FALSE) -> 1 | W23: =VLOOKUP(P23,$A$4:$I$15,9,FALSE) -> 11 | X23: =VLOOKUP(Q23,$A$4:$I$15,9,FALSE) -> 9 | Z23: =VLOOKUP(L23,$A$4:$I$15,2,FALSE) -> Scatter | AA23: =VLOOKUP(M23,$A$4:$I$15,2,FALSE) -> Scatter | AB23: =VLOOKUP(N23,$A$4:$I$15,2,FALSE) -> Scatter | AC23: =VLOOKUP(O23,$A$4:$I$15,2,FALSE) -> Scatter | AD23: =VLOOKUP(P23,$A$4:$I$15,2,FALSE) -> Bananas | AE23: =VLOOKUP(Q23,$A$4:$I$15,2,FALSE) -> Watermelon | AG23: 1 | AH23: 1 | AI23: 1 | AJ23: 1 | AK23: 1 | AL23: 1
K24: 20 | L24: J | M24: M1 | N24: A | O24: M4 | P24: M1 | Q24: TE | S24: =VLOOKUP(L24,$A$4:$I$15,9,FALSE) -> 10 | T24: =VLOOKUP(M24,$A$4:$I$15,9,FALSE) -> 3 | U24: =VLOOKUP(N24,$A$4:$I$15,9,FALSE) -> 7 | V24: =VLOOKUP(O24,$A$4:$I$15,9,FALSE) -> 6 | W24: =VLOOKUP(P24,$A$4:$I$15,9,FALSE) -> 3 | X24: =VLOOKUP(Q24,$A$4:$I$15,9,FALSE) -> 11 | Z24: =VLOOKUP(L24,$A$4:$I$15,2,FALSE) -> Grapes | AA24: =VLOOKUP(M24,$A$4:$I$15,2,FALSE) -> Heart | AB24: =VLOOKUP(N24,$A$4:$I$15,2,FALSE) -> Apples | AC24: =VLOOKUP(O24,$A$4:$I$15,2,FALSE) -> Rectangle | AD24: =VLOOKUP(P24,$A$4:$I$15,2,FALSE) -> Heart | AE24: =VLOOKUP(Q24,$A$4:$I$15,2,FALSE) -> Bananas | AG24: 1 | AH24: 1 | AI24: 1 | AJ24: 1 | AK24: 1 | AL24: 1
K25: 21 | L25: J | M25: M1 | N25: A | O25: M4 | P25: M1 | Q25: TE | S25: =VLOOKUP(L25,$A$4:$I$15,9,FALSE) -> 10 | T25: =VLOOKUP(M25,$A$4:$I$15,9,FALSE) -> 3 | U25: =VLOOKUP(N25,$A$4:$I$15,9,FALSE) -> 7 | V25: =VLOOKUP(O25,$A$4:$I$15,9,FALSE) -> 6 | W25: =VLOOKUP(P25,$A$4:$I$15,9,FALSE) -> 3 | X25: =VLOOKUP(Q25,$A$4:$I$15,9,FALSE) -> 11 | Z25: =VLOOKUP(L25,$A$4:$I$15,2,FALSE) -> Grapes | AA25: =VLOOKUP(M25,$A$4:$I$15,2,FALSE) -> Heart | AB25: =VLOOKUP(N25,$A$4:$I$15,2,FALSE) -> Apples | AC25: =VLOOKUP(O25,$A$4:$I$15,2,FALSE) -> Rectangle | AD25: =VLOOKUP(P25,$A$4:$I$15,2,FALSE) -> Heart | AE25: =VLOOKUP(Q25,$A$4:$I$15,2,FALSE) -> Bananas | AG25: 1 | AH25: 1 | AI25: 1 | AJ25: 1 | AK25: 1 | AL25: 1
K26: 22 | L26: A | M26: M4 | N26: M3 | O26: M3 | P26: K | Q26: M4 | S26: =VLOOKUP(L26,$A$4:$I$15,9,FALSE) -> 7 | T26: =VLOOKUP(M26,$A$4:$I$15,9,FALSE) -> 6 | U26: =VLOOKUP(N26,$A$4:$I$15,9,FALSE) -> 5 | V26: =VLOOKUP(O26,$A$4:$I$15,9,FALSE) -> 5 | W26: =VLOOKUP(P26,$A$4:$I$15,9,FALSE) -> 8 | X26: =VLOOKUP(Q26,$A$4:$I$15,9,FALSE) -> 6 | Z26: =VLOOKUP(L26,$A$4:$I$15,2,FALSE) -> Apples | AA26: =VLOOKUP(M26,$A$4:$I$15,2,FALSE) -> Rectangle | AB26: =VLOOKUP(N26,$A$4:$I$15,2,FALSE) -> pentagon | AC26: =VLOOKUP(O26,$A$4:$I$15,2,FALSE) -> pentagon | AD26: =VLOOKUP(P26,$A$4:$I$15,2,FALSE) -> Peaches | AE26: =VLOOKUP(Q26,$A$4:$I$15,2,FALSE) -> Rectangle | AG26: 1 | AH26: 1 | AI26: 1 | AJ26: 1 | AK26: 1 | AL26: 1
K27: 23 | L27: A | M27: M4 | N27: M3 | O27: M3 | P27: K | Q27: M4 | S27: =VLOOKUP(L27,$A$4:$I$15,9,FALSE) -> 7 | T27: =VLOOKUP(M27,$A$4:$I$15,9,FALSE) -> 6 | U27: =VLOOKUP(N27,$A$4:$I$15,9,FALSE) -> 5 | V27: =VLOOKUP(O27,$A$4:$I$15,9,FALSE) -> 5 | W27: =VLOOKUP(P27,$A$4:$I$15,9,FALSE) -> 8 | X27: =VLOOKUP(Q27,$A$4:$I$15,9,FALSE) -> 6 | Z27: =VLOOKUP(L27,$A$4:$I$15,2,FALSE) -> Apples | AA27: =VLOOKUP(M27,$A$4:$I$15,2,FALSE) -> Rectangle | AB27: =VLOOKUP(N27,$A$4:$I$15,2,FALSE) -> pentagon | AC27: =VLOOKUP(O27,$A$4:$I$15,2,FALSE) -> pentagon | AD27: =VLOOKUP(P27,$A$4:$I$15,2,FALSE) -> Peaches | AE27: =VLOOKUP(Q27,$A$4:$I$15,2,FALSE) -> Rectangle | AG27: 1 | AH27: 1 | AI27: 1 | AJ27: 1 | AK27: 1 | AL27: 1
... K203: 199 | L203: C1 | M203: C1 | N203: C1 | O203: C1 | P203: TE | Q203: K | S203: =VLOOKUP(L203,$A$4:$I$15,9,FALSE) -> 1 | T203: =VLOOKUP(M203,$A$4:$I$15,9,FALSE) -> 1 | U203: =VLOOKUP(N203,$A$4:$I$15,9,FALSE) -> 1 | V203: =VLOOKUP(O203,$A$4:$I$15,9,FALSE) -> 1 | W203: =VLOOKUP(P203,$A$4:$I$15,9,FALSE) -> 11 | X203: =VLOOKUP(Q203,$A$4:$I$15,9,FALSE) -> 8 | Z203: =VLOOKUP(L203,$A$4:$I$15,2,FALSE) -> Scatter | AA203: =VLOOKUP(M203,$A$4:$I$15,2,FALSE) -> Scatter | AB203: =VLOOKUP(N203,$A$4:$I$15,2,FALSE) -> Scatter | AC203: =VLOOKUP(O203,$A$4:$I$15,2,FALSE) -> Scatter | AD203: =VLOOKUP(P203,$A$4:$I$15,2,FALSE) -> Bananas | AE203: =VLOOKUP(Q203,$A$4:$I$15,2,FALSE) -> Peaches | AG203: 1 | AH203: 1 | AI203: 1 | AJ203: 1 | AK203: 1 | AL203: 1
K204: 200 | L204: A | M204: TE | N204: M2 | O204: M1 | Q204: M4 | S204: =VLOOKUP(L204,$A$4:$I$15,9,FALSE) -> 7 | T204: =VLOOKUP(M204,$A$4:$I$15,9,FALSE) -> 11 | U204: =VLOOKUP(N204,$A$4:$I$15,9,FALSE) -> 4 | V204: =VLOOKUP(O204,$A$4:$I$15,9,FALSE) -> 3 | X204: =VLOOKUP(Q204,$A$4:$I$15,9,FALSE) -> 6 | Z204: =VLOOKUP(L204,$A$4:$I$15,2,FALSE) -> Apples | AA204: =VLOOKUP(M204,$A$4:$I$15,2,FALSE) -> Bananas | AB204: =VLOOKUP(N204,$A$4:$I$15,2,FALSE) -> Square | AC204: =VLOOKUP(O204,$A$4:$I$15,2,FALSE) -> Heart | AE204: =VLOOKUP(Q204,$A$4:$I$15,2,FALSE) -> Rectangle | AG204: 1 | AH204: 1 | AI204: 1 | AJ204: 1 | AL204: 1
K205: 201 | L205: A | M205: TE | N205: M2 | O205: M1 | Q205: M4 | S205: =VLOOKUP(L205,$A$4:$I$15,9,FALSE) -> 7 | T205: =VLOOKUP(M205,$A$4:$I$15,9,FALSE) -> 11 | U205: =VLOOKUP(N205,$A$4:$I$15,9,FALSE) -> 4 | V205: =VLOOKUP(O205,$A$4:$I$15,9,FALSE) -> 3 | X205: =VLOOKUP(Q205,$A$4:$I$15,9,FALSE) -> 6 | Z205: =VLOOKUP(L205,$A$4:$I$15,2,FALSE) -> Apples | AA205: =VLOOKUP(M205,$A$4:$I$15,2,FALSE) -> Bananas | AB205: =VLOOKUP(N205,$A$4:$I$15,2,FALSE) -> Square | AC205: =VLOOKUP(O205,$A$4:$I$15,2,FALSE) -> Heart | AE205: =VLOOKUP(Q205,$A$4:$I$15,2,FALSE) -> Rectangle | AG205: 1 | AH205: 1 | AI205: 1 | AJ205: 1 | AL205: 1
K206: 202 | L206: TE | M206: K | N206: Q | O206: K | S206: =VLOOKUP(L206,$A$4:$I$15,9,FALSE) -> 11 | T206: =VLOOKUP(M206,$A$4:$I$15,9,FALSE) -> 8 | U206: =VLOOKUP(N206,$A$4:$I$15,9,FALSE) -> 9 | V206: =VLOOKUP(O206,$A$4:$I$15,9,FALSE) -> 8 | Z206: =VLOOKUP(L206,$A$4:$I$15,2,FALSE) -> Bananas | AA206: =VLOOKUP(M206,$A$4:$I$15,2,FALSE) -> Peaches | AB206: =VLOOKUP(N206,$A$4:$I$15,2,FALSE) -> Watermelon | AC206: =VLOOKUP(O206,$A$4:$I$15,2,FALSE) -> Peaches | AG206: 1 | AH206: 1 | AI206: 1 | AJ206: 1
K207: 203 | L207: TE | M207: K | N207: Q | O207: K | S207: =VLOOKUP(L207,$A$4:$I$15,9,FALSE) -> 11 | T207: =VLOOKUP(M207,$A$4:$I$15,9,FALSE) -> 8 | U207: =VLOOKUP(N207,$A$4:$I$15,9,FALSE) -> 9 | V207: =VLOOKUP(O207,$A$4:$I$15,9,FALSE) -> 8 | Z207: =VLOOKUP(L207,$A$4:$I$15,2,FALSE) -> Bananas | AA207: =VLOOKUP(M207,$A$4:$I$15,2,FALSE) -> Peaches | AB207: =VLOOKUP(N207,$A$4:$I$15,2,FALSE) -> Watermelon | AC207: =VLOOKUP(O207,$A$4:$I$15,2,FALSE) -> Peaches | AG207: 1 | AH207: 1 | AI207: 1 | AJ207: 1
K208: 204 | L208: C1 | M208: C1 | N208: C1 | O208: C1 | S208: =VLOOKUP(L208,$A$4:$I$15,9,FALSE) -> 1 | T208: =VLOOKUP(M208,$A$4:$I$15,9,FALSE) -> 1 | U208: =VLOOKUP(N208,$A$4:$I$15,9,FALSE) -> 1 | V208: =VLOOKUP(O208,$A$4:$I$15,9,FALSE) -> 1 | Z208: =VLOOKUP(L208,$A$4:$I$15,2,FALSE) -> Scatter | AA208: =VLOOKUP(M208,$A$4:$I$15,2,FALSE) -> Scatter | AB208: =VLOOKUP(N208,$A$4:$I$15,2,FALSE) -> Scatter | AC208: =VLOOKUP(O208,$A$4:$I$15,2,FALSE) -> Scatter | AG208: 1 | AH208: 1 | AI208: 1 | AJ208: 1
