Workbook

Sheet Overview
A2: Model: | B2: H019194
A3: Version: | B3: 3.0.0.1
A6: Base Bet
A7: 100
A10: Coin in | B10: Price(x) | C10: Total RTP | D10: Bet Type
A11: {=B11:B14*A7} -> 100 | B11: 1 | C11: =SUM(B19:B20) -> 0.93002249 | D11: Normal Bet Newbie
A12: 100 | B12: 1 | C12: =SUM(B23:B24) -> 0.94004301 | D12: Normal Bet Oldhand
A13: 10000 | B13: 100 | C13: =SUM(B27:B28) -> 0.9250001 | D13: Buy Feature
A14: 50000 | B14: 500 | C14: =SUM(B31:B32) -> 0.92499974 | D14: Super Feature
A17: Total Pay Back Percentage includes the following adjustments.
A18: Bet Type | B18: Pay Back | C18: Hit% | D18: Pulls/Hit | E18: Description
A19: =D11 -> Normal Bet Newbie | B19: =Multiplier_Weight_Newbie!C7 -> 0.68549637 | C19: =1/D19 -> 0.003576446 | D19: =Multiplier_Weight_Newbie!G7 -> 279.60719 | E19: Base Game | F19: =SUM(B19:B20) -> 0.93002249
B20: =Multiplier_Weight_Newbie!D7 -> 0.24452612 | E20: Free Game | F20: 4, 5 ,6 SC Free Game
A22: Bet Type | B22: Pay Back | C22: Hit% | D22: Pulls/Hit | E22: Description
A23: =D12 -> Normal Bet Oldhand | B23: =Multiplier_Weight_Oldhand!C7 -> 0.71000054 | C23: =1/D23 -> 0.002222125 | D23: =Multiplier_Weight_Oldhand!G7 -> 450.01969 | E23: Base Game | F23: =SUM(B23:B24) -> 0.94004301
B24: =Multiplier_Weight_Oldhand!D7 -> 0.23004247 | E24: Free Game | F24: 4, 5 ,6 SC Free Game
A26: Bet Type | B26: Pay Back | C26: Hit% | D26: Pulls/Hit | E26: Description
A27: =D13 -> Buy Feature | B27: =Multiplier_Weight_Oldhand!C8 -> 0.032893867 | C27: =1/D27 -> 1 | D27: 1 | E27: Base Game | F27: =SUM(B27:B28) -> 0.9250001
B28: =Multiplier_Weight_Oldhand!D8 -> 0.89210623 | E28: Free Game | F28: 4 SC Free Game
A30: Bet Type | B30: Pay Back | C30: Hit% | D30: Pulls/Hit | E30: Description
A31: =D14 -> Super Feature | B31: =Multiplier_Weight_Oldhand!C9 -> 0.0065787734 | C31: =1/D31 -> 1 | D31: 1 | E31: Base Game | F31: =SUM(B31:B32) -> 0.92499974
B32: =Multiplier_Weight_Oldhand!D9 -> 0.91842097 | E32: Free Game | F32: 4 SC Free Game
A35: Reel # | B35: 1 | C35: 2 | D35: 3 | E35: 4 | F35: 5 | G35: 6
A36: Visible Window Size | B36: 5 | C36: 5 | D36: 5 | E36: 5 | F36: 5 | G36: 5
A39: Feature Description
A40: =" Base Game 1. 5x6的盤面，任一標誌在盤面上超過8顆即可消除。消除所有贏分的標誌後，剩餘標誌往下掉落。 2. 當盤面上沒有符號可消除時，盤面上的C2上的倍數加總會等於總倍數，而該次總贏分=贏分x總倍數。 3. 倍數標誌上會出現的倍數包含"&_xlfn.TEXTJOIN("x,", TRUE, Parameter!J28:J44)&"x。"&" 4. 每一滾輪皆有機會出現C1，連線消除後也有機會出現C1。當無得分時，當盤面上出現四個以上的C1，則觸發免費遊戲。四個C1、五個C1與六個C1皆可獲得15場免費遊戲。 "&" Free Game 1. 免費遊戲中的單次Spin的最終盤面中若再出現三個C1以上可以再觸發5場免費遊戲。 2. 免費遊戲中出現的倍數會累積直到免費遊戲結束。 "&" Buy Feature 1.前四滾輪會出現C1進入Free Game。 "&" Super Feature 1. 前四滾輪會出現C1進入Free Game。 2. 在Super Feature模式中，會出現的倍數符號只會包含"&_xlfn.TEXTJOIN("x,", TRUE, Parameter!AD28:AD44)&"x。 " -> Base Game 1. 5x6的盤面，任一標誌在盤面上超過8顆即可消除。消除所有贏分的標誌後，剩餘標誌往下掉落。 2. 當盤面上沒有符號可消除時，盤面上的C2上的倍數加總會等於總倍數，而該次總贏分=贏分x總倍數。 3. 倍數標誌上會出現的倍數包含2x,3x,4x,5x,8x,10x,12x,15x,20x,25x,50x,100x,150x,200x,250x,500x,1000x。 4. 每一滾輪皆有機會出現C1，連線消除後也有機會出現C1。當無得分時，當盤面上出現四個以上的C1，則觸發免費遊戲。四個C1、五個C1與六個C1皆可獲得15場免費遊戲。 Free Game 1. 免費遊戲中的單次Spin的最終盤面中若再出現三個C1以上可以再觸發5場免費遊戲。 2. 免費遊戲中出現的倍數會累積直到免費遊戲結束。 Buy Feature 1.前四滾輪會出現C1進入Free Game。 Super Feature 1. 前四滾輪會出現C1進入Free Game。 2. 在Super Feature模式中，會出現的倍數符號只會包含10x,12x,15x,20x,25x,50x,100x,150x,200x,250x,500x,1000x。
A61: Free Spins Setting
A62: C1 Num. | B62: Base Game | C62: Free Game
A63: 3 | B63: 0 | C63: 5
A64: 4 | B64: 15 | C64: 5
A65: 5 | B65: 15 | C65: 5
A66: 6 | B66: 15 | C66: 5
A69: Pay Table： | B69: ="All wins show for "&A12&" credit bet." -> All wins show for 100 credit bet.
A70: Symbol | B70: Description | C70: 4 | D70: 5 | E70: 6 | F70: 8~9 | G70: 10~11 | H70: 12+ | I70: Id
A71: WW | B71: Wild | C71: 0 | D71: 0 | E71: 0 | F71: 0 | G71: 0 | H71: 0 | I71: 0
A72: C1 | B72: Scatter | C72: 300 | D72: 500 | E72: 10000 | F72: 0 | G72: 0 | H72: 0 | I72: 1
A73: C2 | B73: Multiplier | C73: 0 | D73: 0 | E73: 0 | F73: 0 | G73: 0 | H73: 0 | I73: 2
A74: M1 | B74: M1 | C74: 0 | D74: 0 | E74: 0 | F74: 1000 | G74: 2500 | H74: 5000 | I74: 3
A75: M2 | B75: M2 | C75: 0 | D75: 0 | E75: 0 | F75: 250 | G75: 1000 | H75: 2500 | I75: 4
A76: M3 | B76: M3 | C76: 0 | D76: 0 | E76: 0 | F76: 200 | G76: 500 | H76: 1500 | I76: 5
A77: M4 | B77: M4 | C77: 0 | D77: 0 | E77: 0 | F77: 150 | G77: 200 | H77: 1200 | I77: 6
A78: A | B78: A | C78: 0 | D78: 0 | E78: 0 | F78: 100 | G78: 150 | H78: 1000 | I78: 7
A79: K | B79: K | C79: 0 | D79: 0 | E79: 0 | F79: 80 | G79: 120 | H79: 800 | I79: 8
A80: Q | B80: Q | C80: 0 | D80: 0 | E80: 0 | F80: 50 | G80: 100 | H80: 500 | I80: 9
A81: J | B81: J | C81: 0 | D81: 0 | E81: 0 | F81: 40 | G81: 90 | H81: 400 | I81: 10
A82: TE | B82: TE | C82: 0 | D82: 0 | E82: 0 | F82: 25 | G82: 75 | H82: 200 | I82: 11
E86: {=B74:B82} -> M1 | F86: {=F74:H82/100} -> 10 | G86: 25 | H86: 50
E87: M2 | F87: 2.5 | G87: 10 | H87: 25
E88: M3 | F88: 2 | G88: 5 | H88: 15
E89: M4 | F89: 1.5 | G89: 2 | H89: 12
E90: A | F90: 1 | G90: 1.5 | H90: 10
E91: K | F91: 0.8 | G91: 1.2 | H91: 8
E92: Q | F92: 0.5 | G92: 1 | H92: 5
E93: J | F93: 0.4 | G93: 0.9 | H93: 4
E94: TE | F94: 0.25 | G94: 0.75 | H94: 2

Sheet Parameter
B2: Normal Bet | L2: Buy Feature | V2: Super Feature
B4: Weight Base Reelset | L4: Weight Base Reelset | V4: Weight Base Reelset
B5: type | C5: weight | D5: prob. | L5: type | M5: weight | N5: prob. | V5: type | W5: weight | X5: prob.
B6: BG_Symbol | C6: 300 | D6: =C6/$C$10 -> 0.3 | L6: BF_Symbol | M6: 1 | N6: =M6/$M$7 -> 1 | V6: BF_Symbol | W6: 1 | X6: =W6/$M$7 -> 1
B7: BG_Symbol (2) | C7: 0 | D7: =C7/$C$10 -> 0 | M7: 1 | N7: =SUM(N6:N6) -> 1 | W7: 1 | X7: =SUM(X6:X6) -> 1
B8: BG_Symbol (3) | C8: 50 | D8: =C8/$C$10 -> 0.05
B9: BG_Symbol (4) | C9: 650 | D9: =C9/$C$10 -> 0.65
C10: =SUM(C6:C9) -> 1000 | D10: =SUM(D6:D9) -> 1
B12: Free Game Table Setting | L12: Free Game Table Setting | V12: Free Game Table Setting
C13: Free Game | D13: Retrigger | E13: prob. | M13: Free Game | N13: Retrigger | W13: Free Game | X13: Retrigger
B14: FG_Symbol | C14: 5 | D14: 2 | E14: =C14/$C$18 -> 0.33333333 | L14: FG_Symbol | M14: {=C14:D17} -> 5 | N14: 2 | V14: FG_Symbol | W14: {=M14:N17} -> 5 | X14: 2
B15: FG_Symbol (2) | C15: 0 | D15: 0 | E15: =C15/$C$18 -> 0 | L15: FG_Symbol (2) | M15: 0 | N15: 0 | V15: FG_Symbol (2) | W15: 0 | X15: 0
B16: FG_Symbol (3) | C16: 2 | D16: 1 | E16: =C16/$C$18 -> 0.13333333 | L16: FG_Symbol (3) | M16: 2 | N16: 1 | V16: FG_Symbol (3) | W16: 2 | X16: 1
B17: FG_Symbol (4) | C17: 8 | D17: 2 | E17: =C17/$C$18 -> 0.53333333 | L17: FG_Symbol (4) | M17: 8 | N17: 2 | V17: FG_Symbol (4) | W17: 8 | X17: 2
C18: =SUM(C14:C17) -> 15
B20: Weight Selection Probs | L20: Weight Selection Probs | V20: Weight Selection Probs
B21: scene | C21: normal | D21: super | E21: ultimate | L21: scene | M21: normal | N21: super | O21: ultimate | V21: scene | W21: normal | X21: super | Y21: ultimate
B22: weight_base | C22: 5000 | D22: 2500 | E22: 1500 | L22: weight_base | M22: {=C22:E23} -> 5000 | N22: 2500 | O22: 1500 | V22: weight_base | W22: {=M22:O23} -> 5000 | X22: 2500 | Y22: 1500
B23: weight_free | C23: 5000 | D23: 2500 | E23: 1500 | L23: weight_free | M23: 5000 | N23: 2500 | O23: 1500 | V23: weight_free | W23: 5000 | X23: 2500 | Y23: 1500
B26: Weight C2 | L26: Weight C2 | V26: Weight C2
B27: multiplier | C27: base_direct | D27: base_wild | E27: free_direct | F27: free_wild | G27: super | H27: ultimate | I27: bad | L27: multiplier | M27: base_direct | N27: base_wild | O27: free_direct | P27: free_wild | Q27: super | R27: ultimate | S27: bad | V27: multiplier | W27: base_direct | X27: base_wild | Y27: free_direct | Z27: free_wild | AA27: super | AB27: ultimate | AC27: bad
B28: 2 | C28: 5000 | D28: 5000 | E28: 5000 | F28: 5000 | G28: 40000 | H28: 40000 | I28: 10000 | J28: =IF(SUM(C28:H28)>0, B28, "") -> 2 | L28: 2 | M28: {=C28:I44} -> 5000 | N28: 5000 | O28: 5000 | P28: 5000 | Q28: 40000 | R28: 40000 | S28: 10000 | T28: =IF(SUM(M28:R28)>0, L28, "") -> 2 | V28: 2 | W28: 0 | X28: 0 | Y28: 0 | Z28: 0 | AA28: 0 | AB28: 0 | AC28: 10000 | AD28: =IF(SUM(W28:AB28)>0, V28, "")
B29: 3 | C29: 5000 | D29: 5000 | E29: 5000 | F29: 5000 | G29: 40000 | H29: 40000 | I29: 0 | J29: =IF(SUM(C29:H29)>0, B29, "") -> 3 | L29: 3 | M29: 5000 | N29: 5000 | O29: 5000 | P29: 5000 | Q29: 40000 | R29: 40000 | S29: 0 | T29: =IF(SUM(M29:R29)>0, L29, "") -> 3 | V29: 3 | W29: 0 | X29: 0 | Y29: 0 | Z29: 0 | AA29: 0 | AB29: 0 | AC29: 0 | AD29: =IF(SUM(W29:AB29)>0, V29, "")
B30: 4 | C30: 500 | D30: 350 | E30: 500 | F30: 350 | G30: 0 | H30: 0 | I30: 0 | J30: =IF(SUM(C30:H30)>0, B30, "") -> 4 | L30: 4 | M30: 500 | N30: 350 | O30: 500 | P30: 350 | Q30: 0 | R30: 0 | S30: 0 | T30: =IF(SUM(M30:R30)>0, L30, "") -> 4 | V30: 4 | W30: 0 | X30: 0 | Y30: 0 | Z30: 0 | AA30: 0 | AB30: 0 | AC30: 0 | AD30: =IF(SUM(W30:AB30)>0, V30, "")
B31: 5 | C31: 500 | D31: 350 | E31: 500 | F31: 350 | G31: 0 | H31: 0 | I31: 0 | J31: =IF(SUM(C31:H31)>0, B31, "") -> 5 | L31: 5 | M31: 500 | N31: 350 | O31: 500 | P31: 350 | Q31: 0 | R31: 0 | S31: 0 | T31: =IF(SUM(M31:R31)>0, L31, "") -> 5 | V31: 5 | W31: 0 | X31: 0 | Y31: 0 | Z31: 0 | AA31: 0 | AB31: 0 | AC31: 0 | AD31: =IF(SUM(W31:AB31)>0, V31, "")
B32: 8 | C32: 500 | D32: 350 | E32: 500 | F32: 350 | G32: 0 | H32: 0 | I32: 0 | J32: =IF(SUM(C32:H32)>0, B32, "") -> 8 | L32: 8 | M32: 500 | N32: 350 | O32: 500 | P32: 350 | Q32: 0 | R32: 0 | S32: 0 | T32: =IF(SUM(M32:R32)>0, L32, "") -> 8 | V32: 8 | W32: 0 | X32: 0 | Y32: 0 | Z32: 0 | AA32: 0 | AB32: 0 | AC32: 0 | AD32: =IF(SUM(W32:AB32)>0, V32, "")
B33: 10 | C33: 900 | D33: 600 | E33: 900 | F33: 600 | G33: 8000 | H33: 0 | I33: 0 | J33: =IF(SUM(C33:H33)>0, B33, "") -> 10 | L33: 10 | M33: 900 | N33: 600 | O33: 900 | P33: 600 | Q33: 8000 | R33: 0 | S33: 0 | T33: =IF(SUM(M33:R33)>0, L33, "") -> 10 | V33: 10 | W33: 5900 | X33: 5600 | Y33: 5900 | Z33: 5600 | AA33: 50000 | AB33: 40000 | AC33: 0 | AD33: =IF(SUM(W33:AB33)>0, V33, "") -> 10
B34: 12 | C34: 0 | D34: 350 | E34: 0 | F34: 350 | G34: 4700 | H34: 0 | I34: 0 | J34: =IF(SUM(C34:H34)>0, B34, "") -> 12 | L34: 12 | M34: 0 | N34: 350 | O34: 0 | P34: 350 | Q34: 4700 | R34: 0 | S34: 0 | T34: =IF(SUM(M34:R34)>0, L34, "") -> 12 | V34: 12 | W34: 5000 | X34: 5350 | Y34: 5000 | Z34: 5350 | AA34: 45000 | AB34: 40000 | AC34: 0 | AD34: =IF(SUM(W34:AB34)>0, V34, "") -> 12
B35: 15 | C35: 0 | D35: 350 | E35: 0 | F35: 350 | G35: 4700 | H35: 0 | I35: 0 | J35: =IF(SUM(C35:H35)>0, B35, "") -> 15 | L35: 15 | M35: 0 | N35: 350 | O35: 0 | P35: 350 | Q35: 4700 | R35: 0 | S35: 0 | T35: =IF(SUM(M35:R35)>0, L35, "") -> 15 | V35: 15 | W35: 500 | X35: 700 | Y35: 500 | Z35: 700 | AA35: 8000 | AB35: 0 | AC35: 0 | AD35: =IF(SUM(W35:AB35)>0, V35, "") -> 15
B36: 20 | C36: 500 | D36: 350 | E36: 500 | F36: 350 | G36: 4700 | H36: 0 | I36: 0 | J36: =IF(SUM(C36:H36)>0, B36, "") -> 20 | L36: 20 | M36: 500 | N36: 350 | O36: 500 | P36: 350 | Q36: 4700 | R36: 0 | S36: 0 | T36: =IF(SUM(M36:R36)>0, L36, "") -> 20 | V36: 20 | W36: 1000 | X36: 700 | Y36: 1000 | Z36: 700 | AA36: 8000 | AB36: 0 | AC36: 0 | AD36: =IF(SUM(W36:AB36)>0, V36, "") -> 20
B37: 25 | C37: 0 | D37: 0 | E37: 0 | F37: 0 | G37: 4700 | H37: 0 | I37: 0 | J37: =IF(SUM(C37:H37)>0, B37, "") -> 25 | L37: 25 | M37: 0 | N37: 0 | O37: 0 | P37: 0 | Q37: 4700 | R37: 0 | S37: 0 | T37: =IF(SUM(M37:R37)>0, L37, "") -> 25 | V37: 25 | W37: 500 | X37: 350 | Y37: 500 | Z37: 350 | AA37: 8000 | AB37: 0 | AC37: 0 | AD37: =IF(SUM(W37:AB37)>0, V37, "") -> 25
B38: 50 | C38: 0 | D38: 0 | E38: 0 | F38: 0 | G38: 4700 | H38: 0 | I38: 0 | J38: =IF(SUM(C38:H38)>0, B38, "") -> 50 | L38: 50 | M38: 0 | N38: 0 | O38: 0 | P38: 0 | Q38: 4700 | R38: 0 | S38: 0 | T38: =IF(SUM(M38:R38)>0, L38, "") -> 50 | V38: 50 | W38: 0 | X38: 0 | Y38: 0 | Z38: 0 | AA38: 8000 | AB38: 0 | AC38: 0 | AD38: =IF(SUM(W38:AB38)>0, V38, "") -> 50
B39: 100 | C39: 0 | D39: 350 | E39: 0 | F39: 0 | G39: 4700 | H39: 10000 | I39: 0 | J39: =IF(SUM(C39:H39)>0, B39, "") -> 100 | L39: 100 | M39: 0 | N39: 350 | O39: 0 | P39: 0 | Q39: 4700 | R39: 10000 | S39: 0 | T39: =IF(SUM(M39:R39)>0, L39, "") -> 100 | V39: 100 | W39: 0 | X39: 350 | Y39: 0 | Z39: 350 | AA39: 8000 | AB39: 8000 | AC39: 0 | AD39: =IF(SUM(W39:AB39)>0, V39, "") -> 100
B40: 150 | C40: 0 | D40: 0 | E40: 0 | F40: 0 | G40: 0 | H40: 6000 | I40: 0 | J40: =IF(SUM(C40:H40)>0, B40, "") -> 150 | L40: 150 | M40: 0 | N40: 0 | O40: 0 | P40: 0 | Q40: 0 | R40: 6000 | S40: 0 | T40: =IF(SUM(M40:R40)>0, L40, "") -> 150 | V40: 150 | W40: 0 | X40: 0 | Y40: 0 | Z40: 0 | AA40: 0 | AB40: 5000 | AC40: 0 | AD40: =IF(SUM(W40:AB40)>0, V40, "") -> 150
... B44: 1000 | C44: 0 | D44: 0 | E44: 0 | F44: 0 | G44: 0 | H44: 6000 | I44: 0 | J44: =IF(SUM(C44:H44)>0, B44, "") -> 1000 | L44: 1000 | M44: 0 | N44: 0 | O44: 0 | P44: 0 | Q44: 0 | R44: 6000 | S44: 0 | T44: =IF(SUM(M44:R44)>0, L44, "") -> 1000 | V44: 1000 | W44: 0 | X44: 0 | Y44: 0 | Z44: 0 | AA44: 0 | AB44: 5000 | AC44: 0 | AD44: =IF(SUM(W44:AB44)>0, V44, "") -> 1000
B47: Prob C2 | L47: Prob C2 | V47: Prob C2
B48: multiplier | C48: base_direct | D48: base_wild | E48: free_direct | F48: free_wild | G48: super | H48: ultimate | I48: bad | L48: multiplier | M48: base_direct | N48: base_wild | O48: free_direct | P48: free_wild | Q48: super | R48: ultimate | S48: bad | V48: multiplier | W48: base_direct | X48: base_wild | Y48: free_direct | Z48: free_wild | AA48: super | AB48: ultimate | AC48: bad
B49: 2 | C49: =C28/SUM(C$28:C$44) -> 0.3875969 | D49: =D28/SUM(D$28:D$44) -> 0.38314176 | E49: =E28/SUM(E$28:E$44) -> 0.3875969 | F49: =F28/SUM(F$28:F$44) -> 0.39370079 | G49: =G28/SUM(G$28:G$44) -> 0.34423408 | H49: =H28/SUM(H$28:H$44) -> 0.33333333 | I49: =I28/SUM(I$28:I$44) -> 1 | L49: 2 | M49: =M28/SUM(M$28:M$44) -> 0.3875969 | N49: =N28/SUM(N$28:N$44) -> 0.38314176 | O49: =O28/SUM(O$28:O$44) -> 0.3875969 | P49: =P28/SUM(P$28:P$44) -> 0.39370079 | Q49: =Q28/SUM(Q$28:Q$44) -> 0.34423408 | R49: =R28/SUM(R$28:R$44) -> 0.33333333 | S49: =S28/SUM(S$28:S$44) -> 1 | V49: 2 | W49: =W28/SUM(W$28:W$44) -> 0 | X49: =X28/SUM(X$28:X$44) -> 0 | Y49: =Y28/SUM(Y$28:Y$44) -> 0 | Z49: =Z28/SUM(Z$28:Z$44) -> 0 | AA49: =AA28/SUM(AA$28:AA$44) -> 0 | AB49: =AB28/SUM(AB$28:AB$44) -> 0 | AC49: =AC28/SUM(AC$28:AC$44) -> 1
B50: 3 | C50: =C29/SUM(C$28:C$44) -> 0.3875969 | D50: =D29/SUM(D$28:D$44) -> 0.38314176 | E50: =E29/SUM(E$28:E$44) -> 0.3875969 | F50: =F29/SUM(F$28:F$44) -> 0.39370079 | G50: =G29/SUM(G$28:G$44) -> 0.34423408 | H50: =H29/SUM(H$28:H$44) -> 0.33333333 | I50: =I29/SUM(I$28:I$44) -> 0 | L50: 3 | M50: =M29/SUM(M$28:M$44) -> 0.3875969 | N50: =N29/SUM(N$28:N$44) -> 0.38314176 | O50: =O29/SUM(O$28:O$44) -> 0.3875969 | P50: =P29/SUM(P$28:P$44) -> 0.39370079 | Q50: =Q29/SUM(Q$28:Q$44) -> 0.34423408 | R50: =R29/SUM(R$28:R$44) -> 0.33333333 | S50: =S29/SUM(S$28:S$44) -> 0 | V50: 3 | W50: =W29/SUM(W$28:W$44) -> 0 | X50: =X29/SUM(X$28:X$44) -> 0 | Y50: =Y29/SUM(Y$28:Y$44) -> 0 | Z50: =Z29/SUM(Z$28:Z$44) -> 0 | AA50: =AA29/SUM(AA$28:AA$44) -> 0 | AB50: =AB29/SUM(AB$28:AB$44) -> 0 | AC50: =AC29/SUM(AC$28:AC$44) -> 0
B51: 4 | C51: =C30/SUM(C$28:C$44) -> 0.03875969 | D51: =D30/SUM(D$28:D$44) -> 0.026819923 | E51: =E30/SUM(E$28:E$44) -> 0.03875969 | F51: =F30/SUM(F$28:F$44) -> 0.027559055 | G51: =G30/SUM(G$28:G$44) -> 0 | H51: =H30/SUM(H$28:H$44) -> 0 | I51: =I30/SUM(I$28:I$44) -> 0 | L51: 4 | M51: =M30/SUM(M$28:M$44) -> 0.03875969 | N51: =N30/SUM(N$28:N$44) -> 0.026819923 | O51: =O30/SUM(O$28:O$44) -> 0.03875969 | P51: =P30/SUM(P$28:P$44) -> 0.027559055 | Q51: =Q30/SUM(Q$28:Q$44) -> 0 | R51: =R30/SUM(R$28:R$44) -> 0 | S51: =S30/SUM(S$28:S$44) -> 0 | V51: 4 | W51: =W30/SUM(W$28:W$44) -> 0 | X51: =X30/SUM(X$28:X$44) -> 0 | Y51: =Y30/SUM(Y$28:Y$44) -> 0 | Z51: =Z30/SUM(Z$28:Z$44) -> 0 | AA51: =AA30/SUM(AA$28:AA$44) -> 0 | AB51: =AB30/SUM(AB$28:AB$44) -> 0 | AC51: =AC30/SUM(AC$28:AC$44) -> 0
B52: 5 | C52: =C31/SUM(C$28:C$44) -> 0.03875969 | D52: =D31/SUM(D$28:D$44) -> 0.026819923 | E52: =E31/SUM(E$28:E$44) -> 0.03875969 | F52: =F31/SUM(F$28:F$44) -> 0.027559055 | G52: =G31/SUM(G$28:G$44) -> 0 | H52: =H31/SUM(H$28:H$44) -> 0 | I52: =I31/SUM(I$28:I$44) -> 0 | L52: 5 | M52: =M31/SUM(M$28:M$44) -> 0.03875969 | N52: =N31/SUM(N$28:N$44) -> 0.026819923 | O52: =O31/SUM(O$28:O$44) -> 0.03875969 | P52: =P31/SUM(P$28:P$44) -> 0.027559055 | Q52: =Q31/SUM(Q$28:Q$44) -> 0 | R52: =R31/SUM(R$28:R$44) -> 0 | S52: =S31/SUM(S$28:S$44) -> 0 | V52: 5 | W52: =W31/SUM(W$28:W$44) -> 0 | X52: =X31/SUM(X$28:X$44) -> 0 | Y52: =Y31/SUM(Y$28:Y$44) -> 0 | Z52: =Z31/SUM(Z$28:Z$44) -> 0 | AA52: =AA31/SUM(AA$28:AA$44) -> 0 | AB52: =AB31/SUM(AB$28:AB$44) -> 0 | AC52: =AC31/SUM(AC$28:AC$44) -> 0
B53: 8 | C53: =C32/SUM(C$28:C$44) -> 0.03875969 | D53: =D32/SUM(D$28:D$44) -> 0.026819923 | E53: =E32/SUM(E$28:E$44) -> 0.03875969 | F53: =F32/SUM(F$28:F$44) -> 0.027559055 | G53: =G32/SUM(G$28:G$44) -> 0 | H53: =H32/SUM(H$28:H$44) -> 0 | I53: =I32/SUM(I$28:I$44) -> 0 | L53: 8 | M53: =M32/SUM(M$28:M$44) -> 0.03875969 | N53: =N32/SUM(N$28:N$44) -> 0.026819923 | O53: =O32/SUM(O$28:O$44) -> 0.03875969 | P53: =P32/SUM(P$28:P$44) -> 0.027559055 | Q53: =Q32/SUM(Q$28:Q$44) -> 0 | R53: =R32/SUM(R$28:R$44) -> 0 | S53: =S32/SUM(S$28:S$44) -> 0 | V53: 8 | W53: =W32/SUM(W$28:W$44) -> 0 | X53: =X32/SUM(X$28:X$44) -> 0 | Y53: =Y32/SUM(Y$28:Y$44) -> 0 | Z53: =Z32/SUM(Z$28:Z$44) -> 0 | AA53: =AA32/SUM(AA$28:AA$44) -> 0 | AB53: =AB32/SUM(AB$28:AB$44) -> 0 | AC53: =AC32/SUM(AC$28:AC$44) -> 0
B54: 10 | C54: =C33/SUM(C$28:C$44) -> 0.069767442 | D54: =D33/SUM(D$28:D$44) -> 0.045977011 | E54: =E33/SUM(E$28:E$44) -> 0.069767442 | F54: =F33/SUM(F$28:F$44) -> 0.047244094 | G54: =G33/SUM(G$28:G$44) -> 0.068846816 | H54: =H33/SUM(H$28:H$44) -> 0 | I54: =I33/SUM(I$28:I$44) -> 0 | L54: 10 | M54: =M33/SUM(M$28:M$44) -> 0.069767442 | N54: =N33/SUM(N$28:N$44) -> 0.045977011 | O54: =O33/SUM(O$28:O$44) -> 0.069767442 | P54: =P33/SUM(P$28:P$44) -> 0.047244094 | Q54: =Q33/SUM(Q$28:Q$44) -> 0.068846816 | R54: =R33/SUM(R$28:R$44) -> 0 | S54: =S33/SUM(S$28:S$44) -> 0 | V54: 10 | W54: =W33/SUM(W$28:W$44) -> 0.45736434 | X54: =X33/SUM(X$28:X$44) -> 0.42911877 | Y54: =Y33/SUM(Y$28:Y$44) -> 0.45736434 | Z54: =Z33/SUM(Z$28:Z$44) -> 0.42911877 | AA54: =AA33/SUM(AA$28:AA$44) -> 0.37037037 | AB54: =AB33/SUM(AB$28:AB$44) -> 0.3539823 | AC54: =AC33/SUM(AC$28:AC$44) -> 0
B55: 12 | C55: =C34/SUM(C$28:C$44) -> 0 | D55: =D34/SUM(D$28:D$44) -> 0.026819923 | E55: =E34/SUM(E$28:E$44) -> 0 | F55: =F34/SUM(F$28:F$44) -> 0.027559055 | G55: =G34/SUM(G$28:G$44) -> 0.040447504 | H55: =H34/SUM(H$28:H$44) -> 0 | I55: =I34/SUM(I$28:I$44) -> 0 | L55: 12 | M55: =M34/SUM(M$28:M$44) -> 0 | N55: =N34/SUM(N$28:N$44) -> 0.026819923 | O55: =O34/SUM(O$28:O$44) -> 0 | P55: =P34/SUM(P$28:P$44) -> 0.027559055 | Q55: =Q34/SUM(Q$28:Q$44) -> 0.040447504 | R55: =R34/SUM(R$28:R$44) -> 0 | S55: =S34/SUM(S$28:S$44) -> 0 | V55: 12 | W55: =W34/SUM(W$28:W$44) -> 0.3875969 | X55: =X34/SUM(X$28:X$44) -> 0.40996169 | Y55: =Y34/SUM(Y$28:Y$44) -> 0.3875969 | Z55: =Z34/SUM(Z$28:Z$44) -> 0.40996169 | AA55: =AA34/SUM(AA$28:AA$44) -> 0.33333333 | AB55: =AB34/SUM(AB$28:AB$44) -> 0.3539823 | AC55: =AC34/SUM(AC$28:AC$44) -> 0
B56: 15 | C56: =C35/SUM(C$28:C$44) -> 0 | D56: =D35/SUM(D$28:D$44) -> 0.026819923 | E56: =E35/SUM(E$28:E$44) -> 0 | F56: =F35/SUM(F$28:F$44) -> 0.027559055 | G56: =G35/SUM(G$28:G$44) -> 0.040447504 | H56: =H35/SUM(H$28:H$44) -> 0 | I56: =I35/SUM(I$28:I$44) -> 0 | L56: 15 | M56: =M35/SUM(M$28:M$44) -> 0 | N56: =N35/SUM(N$28:N$44) -> 0.026819923 | O56: =O35/SUM(O$28:O$44) -> 0 | P56: =P35/SUM(P$28:P$44) -> 0.027559055 | Q56: =Q35/SUM(Q$28:Q$44) -> 0.040447504 | R56: =R35/SUM(R$28:R$44) -> 0 | S56: =S35/SUM(S$28:S$44) -> 0 | V56: 15 | W56: =W35/SUM(W$28:W$44) -> 0.03875969 | X56: =X35/SUM(X$28:X$44) -> 0.053639847 | Y56: =Y35/SUM(Y$28:Y$44) -> 0.03875969 | Z56: =Z35/SUM(Z$28:Z$44) -> 0.053639847 | AA56: =AA35/SUM(AA$28:AA$44) -> 0.059259259 | AB56: =AB35/SUM(AB$28:AB$44) -> 0 | AC56: =AC35/SUM(AC$28:AC$44) -> 0
B57: 20 | C57: =C36/SUM(C$28:C$44) -> 0.03875969 | D57: =D36/SUM(D$28:D$44) -> 0.026819923 | E57: =E36/SUM(E$28:E$44) -> 0.03875969 | F57: =F36/SUM(F$28:F$44) -> 0.027559055 | G57: =G36/SUM(G$28:G$44) -> 0.040447504 | H57: =H36/SUM(H$28:H$44) -> 0 | I57: =I36/SUM(I$28:I$44) -> 0 | L57: 20 | M57: =M36/SUM(M$28:M$44) -> 0.03875969 | N57: =N36/SUM(N$28:N$44) -> 0.026819923 | O57: =O36/SUM(O$28:O$44) -> 0.03875969 | P57: =P36/SUM(P$28:P$44) -> 0.027559055 | Q57: =Q36/SUM(Q$28:Q$44) -> 0.040447504 | R57: =R36/SUM(R$28:R$44) -> 0 | S57: =S36/SUM(S$28:S$44) -> 0 | V57: 20 | W57: =W36/SUM(W$28:W$44) -> 0.07751938 | X57: =X36/SUM(X$28:X$44) -> 0.053639847 | Y57: =Y36/SUM(Y$28:Y$44) -> 0.07751938 | Z57: =Z36/SUM(Z$28:Z$44) -> 0.053639847 | AA57: =AA36/SUM(AA$28:AA$44) -> 0.059259259 | AB57: =AB36/SUM(AB$28:AB$44) -> 0 | AC57: =AC36/SUM(AC$28:AC$44) -> 0
B58: 25 | C58: =C37/SUM(C$28:C$44) -> 0 | D58: =D37/SUM(D$28:D$44) -> 0 | E58: =E37/SUM(E$28:E$44) -> 0 | F58: =F37/SUM(F$28:F$44) -> 0 | G58: =G37/SUM(G$28:G$44) -> 0.040447504 | H58: =H37/SUM(H$28:H$44) -> 0 | I58: =I37/SUM(I$28:I$44) -> 0 | L58: 25 | M58: =M37/SUM(M$28:M$44) -> 0 | N58: =N37/SUM(N$28:N$44) -> 0 | O58: =O37/SUM(O$28:O$44) -> 0 | P58: =P37/SUM(P$28:P$44) -> 0 | Q58: =Q37/SUM(Q$28:Q$44) -> 0.040447504 | R58: =R37/SUM(R$28:R$44) -> 0 | S58: =S37/SUM(S$28:S$44) -> 0 | V58: 25 | W58: =W37/SUM(W$28:W$44) -> 0.03875969 | X58: =X37/SUM(X$28:X$44) -> 0.026819923 | Y58: =Y37/SUM(Y$28:Y$44) -> 0.03875969 | Z58: =Z37/SUM(Z$28:Z$44) -> 0.026819923 | AA58: =AA37/SUM(AA$28:AA$44) -> 0.059259259 | AB58: =AB37/SUM(AB$28:AB$44) -> 0 | AC58: =AC37/SUM(AC$28:AC$44) -> 0
B59: 50 | C59: =C38/SUM(C$28:C$44) -> 0 | D59: =D38/SUM(D$28:D$44) -> 0 | E59: =E38/SUM(E$28:E$44) -> 0 | F59: =F38/SUM(F$28:F$44) -> 0 | G59: =G38/SUM(G$28:G$44) -> 0.040447504 | H59: =H38/SUM(H$28:H$44) -> 0 | I59: =I38/SUM(I$28:I$44) -> 0 | L59: 50 | M59: =M38/SUM(M$28:M$44) -> 0 | N59: =N38/SUM(N$28:N$44) -> 0 | O59: =O38/SUM(O$28:O$44) -> 0 | P59: =P38/SUM(P$28:P$44) -> 0 | Q59: =Q38/SUM(Q$28:Q$44) -> 0.040447504 | R59: =R38/SUM(R$28:R$44) -> 0 | S59: =S38/SUM(S$28:S$44) -> 0 | V59: 50 | W59: =W38/SUM(W$28:W$44) -> 0 | X59: =X38/SUM(X$28:X$44) -> 0 | Y59: =Y38/SUM(Y$28:Y$44) -> 0 | Z59: =Z38/SUM(Z$28:Z$44) -> 0 | AA59: =AA38/SUM(AA$28:AA$44) -> 0.059259259 | AB59: =AB38/SUM(AB$28:AB$44) -> 0 | AC59: =AC38/SUM(AC$28:AC$44) -> 0
B60: 100 | C60: =C39/SUM(C$28:C$44) -> 0 | D60: =D39/SUM(D$28:D$44) -> 0.026819923 | E60: =E39/SUM(E$28:E$44) -> 0 | F60: =F39/SUM(F$28:F$44) -> 0 | G60: =G39/SUM(G$28:G$44) -> 0.040447504 | H60: =H39/SUM(H$28:H$44) -> 0.083333333 | I60: =I39/SUM(I$28:I$44) -> 0 | L60: 100 | M60: =M39/SUM(M$28:M$44) -> 0 | N60: =N39/SUM(N$28:N$44) -> 0.026819923 | O60: =O39/SUM(O$28:O$44) -> 0 | P60: =P39/SUM(P$28:P$44) -> 0 | Q60: =Q39/SUM(Q$28:Q$44) -> 0.040447504 | R60: =R39/SUM(R$28:R$44) -> 0.083333333 | S60: =S39/SUM(S$28:S$44) -> 0 | V60: 100 | W60: =W39/SUM(W$28:W$44) -> 0 | X60: =X39/SUM(X$28:X$44) -> 0.026819923 | Y60: =Y39/SUM(Y$28:Y$44) -> 0 | Z60: =Z39/SUM(Z$28:Z$44) -> 0.026819923 | AA60: =AA39/SUM(AA$28:AA$44) -> 0.059259259 | AB60: =AB39/SUM(AB$28:AB$44) -> 0.07079646 | AC60: =AC39/SUM(AC$28:AC$44) -> 0
... B65: 1000 | C65: =C44/SUM(C$28:C$44) -> 0 | D65: =D44/SUM(D$28:D$44) -> 0 | E65: =E44/SUM(E$28:E$44) -> 0 | F65: =F44/SUM(F$28:F$44) -> 0 | G65: =G44/SUM(G$28:G$44) -> 0 | H65: =H44/SUM(H$28:H$44) -> 0.05 | I65: =I44/SUM(I$28:I$44) -> 0 | L65: 1000 | M65: =M44/SUM(M$28:M$44) -> 0 | N65: =N44/SUM(N$28:N$44) -> 0 | O65: =O44/SUM(O$28:O$44) -> 0 | P65: =P44/SUM(P$28:P$44) -> 0 | Q65: =Q44/SUM(Q$28:Q$44) -> 0 | R65: =R44/SUM(R$28:R$44) -> 0.05 | S65: =S44/SUM(S$28:S$44) -> 0 | V65: 1000 | W65: =W44/SUM(W$28:W$44) -> 0 | X65: =X44/SUM(X$28:X$44) -> 0 | Y65: =Y44/SUM(Y$28:Y$44) -> 0 | Z65: =Z44/SUM(Z$28:Z$44) -> 0 | AA65: =AA44/SUM(AA$28:AA$44) -> 0 | AB65: =AB44/SUM(AB$28:AB$44) -> 0.044247788 | AC65: =AC44/SUM(AC$28:AC$44) -> 0
C66: =SUMPRODUCT($B$49:$B$65,C49:C65) -> 4.0697674 | D66: =SUMPRODUCT($B$49:$B$65,D49:D65) -> 6.7739464 | E66: =SUMPRODUCT($B$49:$B$65,E49:E65) -> 4.0697674 | F66: =SUMPRODUCT($B$49:$B$65,F49:F65) -> 4.2047244 | G66: =SUMPRODUCT($B$49:$B$65,G49:G65) -> 11.388985 | H66: =SUMPRODUCT($B$49:$B$65,H49:H65) -> 115 | I66: =SUMPRODUCT($B$49:$B$65,I49:I65) -> 2 | M66: =SUMPRODUCT($B$49:$B$65,M49:M65) -> 4.0697674 | N66: =SUMPRODUCT($B$49:$B$65,N49:N65) -> 6.7739464 | O66: =SUMPRODUCT($B$49:$B$65,O49:O65) -> 4.0697674 | P66: =SUMPRODUCT($B$49:$B$65,P49:P65) -> 4.2047244 | Q66: =SUMPRODUCT($B$49:$B$65,Q49:Q65) -> 11.388985 | R66: =SUMPRODUCT($B$49:$B$65,R49:R65) -> 115 | S66: =SUMPRODUCT($B$49:$B$65,S49:S65) -> 2 | W66: =SUMPRODUCT($B$49:$B$65,W49:W65) -> 12.325581 | X66: =SUMPRODUCT($B$49:$B$65,X49:X65) -> 14.440613 | Y66: =SUMPRODUCT($B$49:$B$65,Y49:Y65) -> 12.325581 | Z66: =SUMPRODUCT($B$49:$B$65,Z49:Z65) -> 14.440613 | AA66: =SUMPRODUCT($B$49:$B$65,AA49:AA65) -> 20.148148 | AB66: =SUMPRODUCT($B$49:$B$65,AB49:AB65) -> 107.78761 | AC66: =SUMPRODUCT($B$49:$B$65,AC49:AC65) -> 2
B68: Scatter Combo Rate (新手) | L68: Scatter Combo Rate (老手)
C69: Prob. | D69: Weight | M69: Prob. | N69: Weight
B70: Normal Bet | C70: =C85/C84 -> #DIV/0! | D70: {=C70:C72*C74} -> #DIV/0! | L70: Normal Bet | M70: =M85/M84 -> 0.02935459 | N70: {=M70:M72*M74} -> 293545900
B71: Buy Feature | C71: =C96/C95 -> #DIV/0! | D71: #DIV/0! | L71: Buy Feature | M71: =M96/M95 -> 6.1027781 | N71: 6.1027781e+10
B72: Super Feature | D72: 0 | L72: Super Feature | N72: 0
B74: Threshold | C74: 10000000000 | L74: Threshold | M74: 10000000000
B77: BGC1hit[1] hit | D77: FGC1hit[1] | L77: BGC1hit[1] hit | M77: 565163 | N77: FGC1hit[1] | O77: 702150
B78: BGC1hit[2] hit | D78: FGC1hit[2] | L78: BGC1hit[2] hit | M78: 689631 | N78: FGC1hit[2] | O78: 345053
B79: BGC1hit[3] hit | D79: FGC1hit[3] | L79: BGC1hit[3] hit | M79: 495532 | N79: FGC1hit[3] | O79: 28992
B80: BGC1hit[4] hit | D80: FGC1hit[4] | L80: BGC1hit[4] hit | M80: 95450 | N80: FGC1hit[4] | O80: 72
B81: BGC1hit[5] hit | D81: FGC1hit[5] | L81: BGC1hit[5] hit | M81: 12656 | N81: FGC1hit[5] | O81: 0
B82: BGC1hit[6] hit | D82: FGC1hit[6] | L82: BGC1hit[6] hit | M82: 760 | N82: FGC1hit[6] | O82: 0
B84: Total Spin | L84: Total Spin | M84: 100000000
B85: C1 cnt | C85: =SUM(C77:C82,E77:E82) -> 0 | L85: C1 cnt | M85: =SUM(M77:M82,O77:O82) -> 2935459
B88: BGC1hit[1] hit | D88: FGC1hit[1] | L88: BGC1hit[1] hit | M88: 0 | N88: FGC1hit[1] | O88: 7010203
B89: BGC1hit[2] hit | D89: FGC1hit[2] | L89: BGC1hit[2] hit | M89: 0 | N89: FGC1hit[2] | O89: 3430735
B90: BGC1hit[3] hit | D90: FGC1hit[3] | L90: BGC1hit[3] hit | M90: 0 | N90: FGC1hit[3] | O90: 274318
B91: BGC1hit[4] hit | D91: FGC1hit[4] | L91: BGC1hit[4] hit | M91: 2100000 | N91: FGC1hit[4] | O91: 578
B95: Total Spin | L95: Total Spin | M95: 2100000
B96: C1 cnt | C96: =SUM(C88:C93,E88:E93) -> 0 | L96: C1 cnt | M96: =SUM(M88:M93,O88:O93) -> 12815834
B106: Total Spin | L106: Total Spin
B107: C1 cnt | C107: =SUM(C99:C104,E99:E104) -> 0 | L107: C1 cnt | M107: =SUM(M99:M104,O99:O104) -> 0

Sheet Tool_BG
B2: 新手A | C2: =" ["&_xlfn.TEXTJOIN(", ",,Multiplier_Weight_Newbie!L16:L80)&"]," -> [716089973, 150413198, 54248599, 17724287, 12618997, 14755671, 12270945, 1699777, 1372633, 1238230, 1113887, 6052235, 2902448, 2152521, 1770153, 0, 0, 0, 0, 0, 0, 0, 0, 0, 0, 0, 0, 0, 0, 0, 0, 0, 0, 0, 0, 0, 0, 0, 0, 0, 0, 0, 0, 0, 0, 0, 0, 0, 0, 0, 0, 0, 0, 0, 0, 0, 0, 0, 0, 0, 0, 0, 0, 0, 3576446],
B3: 新手B | C3: =C2 -> [716089973, 150413198, 54248599, 17724287, 12618997, 14755671, 12270945, 1699777, 1372633, 1238230, 1113887, 6052235, 2902448, 2152521, 1770153, 0, 0, 0, 0, 0, 0, 0, 0, 0, 0, 0, 0, 0, 0, 0, 0, 0, 0, 0, 0, 0, 0, 0, 0, 0, 0, 0, 0, 0, 0, 0, 0, 0, 0, 0, 0, 0, 0, 0, 0, 0, 0, 0, 0, 0, 0, 0, 0, 0, 3576446],
B4: 老手A | C4: =" ["&_xlfn.TEXTJOIN(", ",,Multiplier_Weight_Oldhand!L16:L80)&"]," -> [719471124, 151113333, 54501112, 17806789, 12677735, 14824355, 12328063, 1707689, 1379023, 1243993, 1119072, 5438967, 1070357, 790550, 650119, 560054, 58189, 43433, 38501, 61914, 50646, 45978, 307039, 23792, 235818, 40314, 27608, 21812, 22511, 117985, 0, 0, 0, 0, 0, 0, 0, 0, 0, 0, 0, 0, 0, 0, 0, 0, 0, 0, 0, 0, 0, 0, 0, 0, 0, 0, 0, 0, 0, 0, 0, 0, 0, 0, 2222125],
B5: 老手B | C5: =C4 -> [719471124, 151113333, 54501112, 17806789, 12677735, 14824355, 12328063, 1707689, 1379023, 1243993, 1119072, 5438967, 1070357, 790550, 650119, 560054, 58189, 43433, 38501, 61914, 50646, 45978, 307039, 23792, 235818, 40314, 27608, 21812, 22511, 117985, 0, 0, 0, 0, 0, 0, 0, 0, 0, 0, 0, 0, 0, 0, 0, 0, 0, 0, 0, 0, 0, 0, 0, 0, 0, 0, 0, 0, 0, 0, 0, 0, 0, 0, 2222125],
B8: 0 | C8: [ | H8: 0 | I8: [
B9: 0 | C9: { | H9: 0 | I9: {
B10: 0 | C10: "noWinIndex": [0], | H10: 0 | I10: "noWinIndex": [0],
B11: 0 | C11: =" ""wheelLength"": "&BG_Symbol!$C$16&"," -> "wheelLength": 100, | H11: 0 | I11: =" ""wheelLength"": "&BG_Symbol!$C$16&"," -> "wheelLength": 100,
B12: 0 | C12: =" ""wheelData"": ["&_xlfn.TEXTJOIN(",",,BG_Symbol!$S$4:$S$304)&"]}" -> "wheelData": [6,6,4,4,7,7,11,11,8,8,2,10,10,8,8,10,10,6,6,7,7,5,5,6,6,11,11,10,10,6,6,10,10,9,9,10,10,1,8,8,10,10,8,8,4,4,7,7,4,4,6,6,7,7,0,0,9,9,6,6,8,8,10,10,6,6,0,4,4,7,7,10,10,6,6,8,8,4,4,1,10,10,4,4,7,7,10,10,2,2,8,8,3,3,4,4,7,7,4,4]} | H12: 0 | I12: =" ""wheelData"": ["&_xlfn.TEXTJOIN(",",,BG_Symbol!$Z$4:$Z$304)&"]}" -> "wheelData": [1,1,1,1,1,1,1,1,1,1,1,1,1,1,1,1,1,1,1,1,1,1,1,1,1,1,1,1,1,1,1,1,1,1,1,1,1,1,1,1,1,1,1,1,1,1,1,1,1,1,0,1,1,1,1,0,2,2,2,2,1,1,0,0,0,0,0,1,1,1,1,1,1,1,1,1,1,1,1,1,1,1,1,1,0,0,0,0,0,0,1,1,1,1,1,1,1,1,1,1]}
B13: 0 | C13: ,{ | H13: 0 | I13: ,{
B14: 0 | C14: "noWinIndex": [0], | H14: 0 | I14: "noWinIndex": [0],
B15: 0 | C15: =" ""wheelLength"": "&BG_Symbol!$D$16&"," -> "wheelLength": 100, | H15: 0 | I15: =" ""wheelLength"": "&BG_Symbol!$D$16&"," -> "wheelLength": 100,
B16: 0 | C16: =" ""wheelData"": ["&_xlfn.TEXTJOIN(",",,BG_Symbol!$T$4:$T$304)&"]}" -> "wheelData": [3,3,7,7,8,8,5,9,9,11,11,8,8,5,5,9,9,5,5,11,8,8,5,5,3,3,4,4,11,11,5,5,11,11,5,5,2,2,9,9,11,11,6,6,8,8,11,11,8,8,3,3,8,8,5,5,11,11,3,3,8,8,11,11,2,8,8,11,11,9,9,11,11,9,9,5,5,9,9,0,9,9,11,11,9,9,3,3,9,9,10,10,0,0,3,3,8,8,9,9]} | H16: 0 | I16: =" ""wheelData"": ["&_xlfn.TEXTJOIN(",",,BG_Symbol!$AA$4:$AA$304)&"]}" -> "wheelData": [1,1,1,1,1,1,1,1,1,1,1,1,1,1,1,1,1,1,1,1,1,1,1,1,1,1,1,1,1,1,1,1,0,0,0,0,0,0,1,1,1,1,1,1,1,1,1,1,1,1,1,1,1,1,1,1,1,1,1,1,1,1,1,1,1,1,1,1,1,1,1,1,1,1,1,0,0,0,0,0,1,1,1,1,1,1,1,1,0,0,1,1,0,0,2,2,2,2,1,1]}
B17: 0 | C17: ,{ | H17: 0 | I17: ,{
B18: 0 | C18: "noWinIndex": [0], | H18: 0 | I18: "noWinIndex": [0],
B19: 0 | C19: =" ""wheelLength"": "&BG_Symbol!$E$16&"," -> "wheelLength": 100, | H19: 0 | I19: =" ""wheelLength"": "&BG_Symbol!$E$16&"," -> "wheelLength": 100,
B20: 0 | C20: =" ""wheelData"": ["&_xlfn.TEXTJOIN(",",,BG_Symbol!$U$4:$U$304)&"]}" -> "wheelData": [7,7,6,7,7,5,5,10,10,2,2,9,9,11,11,6,6,5,5,6,6,0,0,6,6,10,10,7,7,9,9,7,7,5,5,11,11,6,6,4,4,10,10,2,10,10,11,11,10,10,9,9,6,6,9,7,7,4,4,11,11,4,4,9,9,7,7,10,10,3,3,11,11,7,7,4,4,0,6,6,7,7,10,10,7,7,4,4,9,9,4,4,7,7,10,10,7,7,8,8]} | H20: 0 | I20: =" ""wheelData"": ["&_xlfn.TEXTJOIN(",",,BG_Symbol!$AB$4:$AB$304)&"]}" -> "wheelData": [1,1,1,1,1,0,0,0,0,0,0,1,1,1,1,1,1,0,1,1,1,1,0,2,2,2,2,1,1,1,1,1,1,1,1,1,1,1,1,1,1,1,1,1,1,1,1,1,1,1,1,1,1,1,1,1,1,1,1,1,1,1,1,1,1,1,1,1,1,1,1,1,1,0,0,0,0,0,1,1,1,1,1,1,1,1,1,1,1,1,1,1,1,1,1,1,1,1,1,1]}
B21: 0 | C21: ,{ | H21: 0 | I21: ,{
B22: 0 | C22: "noWinIndex": [0], | H22: 0 | I22: "noWinIndex": [0],
B23: 0 | C23: =" ""wheelLength"": "&BG_Symbol!$F$16&"," -> "wheelLength": 100, | H23: 0 | I23: =" ""wheelLength"": "&BG_Symbol!$F$16&"," -> "wheelLength": 100,
B24: 0 | C24: =" ""wheelData"": ["&_xlfn.TEXTJOIN(",",,BG_Symbol!$V$4:$V$304)&"]}" -> "wheelData": [9,9,3,3,9,9,11,11,3,3,11,11,7,7,11,11,4,4,11,11,4,4,11,11,2,7,7,11,11,7,7,3,3,4,4,2,2,10,10,11,11,5,5,4,4,0,0,11,11,9,9,11,11,4,4,3,3,6,6,3,3,7,7,11,11,7,7,1,7,7,9,9,7,7,9,9,8,8,9,9,7,7,9,9,0,7,7,9,9,11,11,11,11,1,3,3,9,9,11,11]} | H24: 0 | I24: =" ""wheelData"": ["&_xlfn.TEXTJOIN(",",,BG_Symbol!$AC$4:$AC$304)&"]}" -> "wheelData": [1,1,1,1,1,1,1,1,1,1,1,1,1,1,1,1,1,1,1,1,1,1,1,1,1,1,1,1,1,1,1,0,0,0,0,0,0,1,1,1,1,0,0,1,1,0,0,2,2,2,2,1,1,1,1,1,1,1,1,1,1,1,1,1,1,1,1,1,1,1,1,1,1,1,1,1,1,1,1,1,0,0,0,0,0,1,1,1,1,1,1,1,1,1,1,1,1,1,1,1]}
B25: 0 | C25: ,{ | H25: 0 | I25: ,{
B26: 0 | C26: "noWinIndex": [0], | H26: 0 | I26: "noWinIndex": [0],
B27: 0 | C27: =" ""wheelLength"": "&BG_Symbol!$G$16&"," -> "wheelLength": 100, | H27: 0 | I27: =" ""wheelLength"": "&BG_Symbol!$G$16&"," -> "wheelLength": 100,
B28: 0 | C28: =" ""wheelData"": ["&_xlfn.TEXTJOIN(",",,BG_Symbol!$W$4:$W$304)&"]}" -> "wheelData": [6,6,2,11,11,10,10,3,3,11,11,5,5,10,10,0,0,11,11,5,5,1,8,8,10,10,11,11,10,10,3,3,1,10,10,11,11,6,6,10,10,11,11,10,10,2,2,8,8,4,4,10,10,8,8,5,5,8,8,10,10,11,11,8,8,9,9,5,5,11,11,10,10,8,8,5,5,10,10,8,8,7,7,5,5,4,4,11,11,8,8,0,8,8,11,11,5,5,8,8]} | H28: 0 | I28: =" ""wheelData"": ["&_xlfn.TEXTJOIN(",",,BG_Symbol!$AD$4:$AD$304)&"]}" -> "wheelData": [1,1,1,1,1,1,1,1,1,1,1,0,1,1,1,1,0,2,2,2,2,1,1,1,1,1,1,1,1,1,1,1,1,1,1,1,1,1,1,1,1,0,0,0,0,0,0,1,1,1,1,1,1,1,1,1,1,1,1,1,1,1,1,1,1,1,1,1,1,1,1,1,1,1,1,1,1,1,1,1,1,1,1,1,1,1,1,0,0,0,0,0,1,1,1,1,1,1,1,1]}
B29: 0 | C29: ,{ | H29: 0 | I29: ,{
B30: 0 | C30: "noWinIndex": [0], | H30: 0 | I30: "noWinIndex": [0],
B31: 0 | C31: =" ""wheelLength"": "&BG_Symbol!$H$16&"," -> "wheelLength": 100, | H31: 0 | I31: =" ""wheelLength"": "&BG_Symbol!$H$16&"," -> "wheelLength": 100,
B32: 0 | C32: =" ""wheelData"": ["&_xlfn.TEXTJOIN(",",,BG_Symbol!$X$4:$X$304)&"]}" -> "wheelData": [11,11,9,9,11,11,3,3,11,11,9,9,11,11,3,3,11,2,9,9,6,6,11,11,3,9,9,11,11,6,6,9,9,6,6,9,9,3,3,6,6,3,3,6,6,3,3,0,7,7,9,9,3,3,9,9,0,0,11,11,9,9,11,11,3,3,2,2,9,9,7,7,8,8,9,9,6,6,8,8,11,6,6,11,5,5,9,9,11,11,6,6,11,11,4,4,11,11,10,10]} | H32: 0 | I32: =" ""wheelData"": ["&_xlfn.TEXTJOIN(",",,BG_Symbol!$AE$4:$AE$304)&"]}" -> "wheelData": [1,1,1,1,1,1,1,1,1,1,1,1,1,1,1,1,1,1,1,1,1,1,1,1,1,1,1,1,1,1,1,1,1,1,1,1,1,1,1,1,1,1,1,0,0,0,0,0,1,1,1,1,0,0,1,1,0,0,2,2,2,2,0,0,0,0,0,0,1,1,1,1,1,1,1,1,1,1,1,1,1,1,1,1,1,1,1,1,1,1,1,1,1,1,1,1,1,1,1,1]}
B33: 0 | C33: ], | H33: 0 | I33: ],
B34: {=B8:B33+1} -> 1 | C34: [ | H34: {=H8:H33+1} -> 1 | I34: [
B35: 1 | C35: { | H35: 1 | I35: {
B36: 1 | C36: "noWinIndex": [0], | H36: 1 | I36: "noWinIndex": [0],
B37: 1 | C37: =" ""wheelLength"": "&'BG_Symbol (2)'!$C$16&"," -> "wheelLength": 104, | H37: 1 | I37: =" ""wheelLength"": "&'BG_Symbol (2)'!$C$16&"," -> "wheelLength": 104,
B38: 1 | C38: =" ""wheelData"": ["&_xlfn.TEXTJOIN(",",,'BG_Symbol (2)'!$S$4:$S$304)&"]}" -> "wheelData": [3,3,6,6,9,9,6,6,8,8,11,11,6,6,7,7,3,3,8,8,3,3,11,11,7,7,11,11,6,6,11,11,10,10,9,9,10,10,11,11,8,8,10,10,9,9,10,10,11,11,7,7,10,10,4,4,9,9,3,3,9,9,3,3,6,6,8,8,10,10,9,9,10,10,6,6,9,9,10,10,6,6,9,9,6,6,9,9,3,3,6,6,9,9,6,6,9,9,3,3,6,6,9,9]} | H38: 1 | I38: =" ""wheelData"": ["&_xlfn.TEXTJOIN(",",,'BG_Symbol (2)'!$Z$4:$Z$304)&"]}" -> "wheelData": [2,2,2,2,2,2,2,2,2,2,2,2,2,2,2,2,2,2,2,2,2,2,2,2,2,2,2,2,2,2,2,2,2,2,2,2,2,2,2,2,2,2,2,2,2,2,2,2,2,1,1,1,1,1,2,2,2,2,2,2,2,2,2,2,2,2,2,2,2,2,2,2,2,2,2,2,2,2,2,2,2,2,2,2,2,2,2,2,2,2,2,2,2,2,2,2,2,2,2,2,2,2,2,2,2,2,2,2]}
B39: 1 | C39: ,{ | H39: 1 | I39: ,{
B40: 1 | C40: "noWinIndex": [0], | H40: 1 | I40: "noWinIndex": [0],
B41: 1 | C41: =" ""wheelLength"": "&'BG_Symbol (2)'!$D$16&"," -> "wheelLength": 104, | H41: 1 | I41: =" ""wheelLength"": "&'BG_Symbol (2)'!$D$16&"," -> "wheelLength": 104,
B42: 1 | C42: =" ""wheelData"": ["&_xlfn.TEXTJOIN(",",,'BG_Symbol (2)'!$T$4:$T$304)&"]}" -> "wheelData": [4,4,9,9,10,10,7,7,9,9,10,10,7,7,9,9,10,10,9,9,7,7,10,10,9,9,7,7,9,9,10,10,4,4,7,7,10,10,4,4,7,7,11,11,4,4,7,7,10,10,7,7,4,4,7,7,10,10,4,4,7,7,10,10,4,4,7,7,10,10,4,4,7,7,10,10,3,3,4,4,7,7,10,10,4,4,7,7,8,8,10,10,7,7,10,10,4,4,7,7,9,9,7,7]} | H42: 1 | I42: =" ""wheelData"": ["&_xlfn.TEXTJOIN(",",,'BG_Symbol (2)'!$AA$4:$AA$304)&"]}" -> "wheelData": [2,2,2,2,2,2,2,2,2,2,2,2,2,2,2,2,2,2,2,2,2,2,2,2,2,2,2,2,2,2,2,2,2,2,2,2,2,2,2,2,2,2,2,2,2,2,2,2,2,1,1,1,1,1,2,2,2,2,2,2,2,2,2,2,2,2,2,2,2,2,2,2,2,2,2,2,2,2,2,2,2,2,2,2,2,2,2,2,2,2,2,2,2,2,2,2,2,2,2,2,2,2,2,2,2,2,2,2]}
B43: 1 | C43: ,{ | H43: 1 | I43: ,{
B44: 1 | C44: "noWinIndex": [0], | H44: 1 | I44: "noWinIndex": [0],
B45: 1 | C45: =" ""wheelLength"": "&'BG_Symbol (2)'!$E$16&"," -> "wheelLength": 104, | H45: 1 | I45: =" ""wheelLength"": "&'BG_Symbol (2)'!$E$16&"," -> "wheelLength": 104,
B46: 1 | C46: =" ""wheelData"": ["&_xlfn.TEXTJOIN(",",,'BG_Symbol (2)'!$U$4:$U$304)&"]}" -> "wheelData": [5,5,8,8,11,11,5,5,8,8,11,11,5,5,8,8,9,9,5,5,11,11,10,10,3,3,6,6,10,10,11,11,5,5,8,8,11,11,5,5,8,8,9,9,7,7,11,11,9,9,8,8,5,5,8,8,11,11,5,5,8,8,11,11,5,5,8,8,11,11,5,5,11,11,8,8,11,11,5,5,8,8,11,11,10,10,8,8,11,11,5,5,8,8,7,7,8,8,11,11,8,8,11,11]} | H46: 1 | I46: =" ""wheelData"": ["&_xlfn.TEXTJOIN(",",,'BG_Symbol (2)'!$AB$4:$AB$304)&"]}" -> "wheelData": [2,2,2,2,2,2,2,2,2,2,2,2,2,2,2,2,2,2,2,2,2,2,2,2,2,2,2,2,2,2,2,2,2,2,2,2,2,2,2,2,2,2,2,2,2,2,2,2,2,1,1,1,1,1,2,2,2,2,2,2,2,2,2,2,2,2,2,2,2,2,2,2,2,2,2,2,2,2,2,2,2,2,2,2,2,2,2,2,2,2,2,2,2,2,2,2,2,2,2,2,2,2,2,2,2,2,2,2]}
B47: 1 | C47: ,{ | H47: 1 | I47: ,{
B48: 1 | C48: "noWinIndex": [0], | H48: 1 | I48: "noWinIndex": [0],
B49: 1 | C49: =" ""wheelLength"": "&'BG_Symbol (2)'!$F$16&"," -> "wheelLength": 104, | H49: 1 | I49: =" ""wheelLength"": "&'BG_Symbol (2)'!$F$16&"," -> "wheelLength": 104,
B50: 1 | C50: =" ""wheelData"": ["&_xlfn.TEXTJOIN(",",,'BG_Symbol (2)'!$V$4:$V$304)&"]}" -> "wheelData": [3,3,10,10,9,9,11,11,9,9,11,11,10,10,11,11,10,10,11,11,3,3,10,10,11,11,3,3,10,10,9,9,11,11,9,9,11,11,10,10,11,11,10,10,9,9,11,11,4,4,9,9,3,3,6,6,9,9,11,11,9,9,3,3,10,10,9,9,6,6,9,9,10,10,6,6,9,9,3,3,10,10,9,9,4,4,9,9,3,3,10,10,9,9,11,11,9,9,3,3,6,6,9,9]} | H50: 1 | I50: =" ""wheelData"": ["&_xlfn.TEXTJOIN(",",,'BG_Symbol (2)'!$AC$4:$AC$304)&"]}" -> "wheelData": [2,2,2,2,2,2,2,2,2,2,2,2,2,2,2,2,2,2,2,2,2,2,2,2,2,2,2,2,2,2,2,2,2,2,2,2,2,2,2,2,2,2,2,2,2,2,2,2,2,1,1,1,1,1,2,2,2,2,2,2,2,2,2,2,2,2,2,2,2,2,2,2,2,2,2,2,2,2,2,2,2,2,2,2,2,2,2,2,2,2,2,2,2,2,2,2,2,2,2,2,2,2,2,2,2,2,2,2]}
B51: 1 | C51: ,{ | H51: 1 | I51: ,{
B52: 1 | C52: "noWinIndex": [0], | H52: 1 | I52: "noWinIndex": [0],
B53: 1 | C53: =" ""wheelLength"": "&'BG_Symbol (2)'!$G$16&"," -> "wheelLength": 104, | H53: 1 | I53: =" ""wheelLength"": "&'BG_Symbol (2)'!$G$16&"," -> "wheelLength": 104,
B54: 1 | C54: =" ""wheelData"": ["&_xlfn.TEXTJOIN(",",,'BG_Symbol (2)'!$W$4:$W$304)&"]}" -> "wheelData": [9,9,7,7,10,10,11,11,10,10,3,3,7,7,9,9,10,10,9,9,7,7,10,10,9,9,7,7,9,9,10,10,3,3,7,7,10,10,11,11,7,7,10,10,8,8,7,7,10,10,7,7,10,10,7,7,10,10,8,8,7,7,10,10,8,8,7,7,3,3,4,4,7,7,10,10,3,3,4,4,7,7,10,10,4,4,7,7,10,10,3,3,7,7,10,10,4,4,7,7,10,10,7,7]} | H54: 1 | I54: =" ""wheelData"": ["&_xlfn.TEXTJOIN(",",,'BG_Symbol (2)'!$AD$4:$AD$304)&"]}" -> "wheelData": [2,2,2,2,2,2,2,2,2,2,2,2,2,2,2,2,2,2,2,2,2,2,2,2,2,2,2,2,2,2,2,2,2,2,2,2,2,2,2,2,2,2,2,2,2,2,2,2,2,1,1,1,1,1,2,2,2,2,2,2,2,2,2,2,2,2,2,2,2,2,2,2,2,2,2,2,2,2,2,2,2,2,2,2,2,2,2,2,2,2,2,2,2,2,2,2,2,2,2,2,2,2,2,2,2,2,2,2]}
B55: 1 | C55: ,{ | H55: 1 | I55: ,{
B56: 1 | C56: "noWinIndex": [0], | H56: 1 | I56: "noWinIndex": [0],
B57: 1 | C57: =" ""wheelLength"": "&'BG_Symbol (2)'!$H$16&"," -> "wheelLength": 104, | H57: 1 | I57: =" ""wheelLength"": "&'BG_Symbol (2)'!$H$16&"," -> "wheelLength": 104,
B58: 1 | C58: =" ""wheelData"": ["&_xlfn.TEXTJOIN(",",,'BG_Symbol (2)'!$X$4:$X$304)&"]}" -> "wheelData": [5,5,8,8,11,11,5,5,8,8,11,11,5,5,8,8,11,11,5,5,11,11,8,8,11,11,5,5,8,8,11,11,5,5,8,8,11,11,5,5,8,8,11,11,5,5,11,11,8,8,11,11,5,5,8,8,11,11,5,5,8,8,11,11,9,9,8,8,11,11,5,5,11,11,8,8,11,11,5,5,8,8,11,11,5,5,8,8,11,11,5,5,10,10,11,11,5,5,11,11,8,8,11,11]} | H58: 1 | I58: =" ""wheelData"": ["&_xlfn.TEXTJOIN(",",,'BG_Symbol (2)'!$AE$4:$AE$304)&"]}" -> "wheelData": [2,2,2,2,2,2,2,2,2,2,2,2,2,2,2,2,2,2,2,2,2,2,2,2,2,2,2,2,2,2,2,2,2,2,2,2,2,2,2,2,2,2,2,2,2,2,2,2,2,1,1,1,1,1,2,2,2,2,2,2,2,2,2,2,2,2,2,2,2,2,2,2,2,2,2,2,2,2,2,2,2,2,2,2,2,2,2,2,2,2,2,2,2,2,2,2,2,2,2,2,2,2,2,2,2,2,2,2]}
B59: 1 | C59: ], | H59: 1 | I59: ],
B60: {=B34:B59+1} -> 2 | C60: [ | H60: {=H34:H59+1} -> 2 | I60: [
B61: 2 | C61: { | H61: 2 | I61: {
B62: 2 | C62: "noWinIndex": [0], | H62: 2 | I62: "noWinIndex": [0],
B63: 2 | C63: =" ""wheelLength"": "&'BG_Symbol (3)'!$C$16&"," -> "wheelLength": 100, | H63: 2 | I63: =" ""wheelLength"": "&'BG_Symbol (3)'!$C$16&"," -> "wheelLength": 100,
B64: 2 | C64: =" ""wheelData"": ["&_xlfn.TEXTJOIN(",",,'BG_Symbol (3)'!$S$4:$S$304)&"]}" -> "wheelData": [8,8,11,11,8,8,10,10,1,9,9,11,11,4,4,1,6,6,10,10,11,11,5,5,7,7,8,8,7,7,5,5,10,10,7,7,8,8,7,7,10,10,6,6,10,10,11,11,5,5,10,10,9,9,11,11,4,4,10,10,6,6,10,10,11,11,5,5,1,7,7,9,9,11,11,4,4,8,8,1,9,9,11,11,4,4,1,7,7,8,8,3,3,4,9,9,11,11,4,4]} | H64: 2 | I64: =" ""wheelData"": ["&_xlfn.TEXTJOIN(",",,'BG_Symbol (3)'!$Z$4:$Z$304)&"]}" -> "wheelData": [1,1,1,1,1,1,1,1,1,1,1,1,1,1,1,1,1,1,1,1,1,1,1,1,1,1,1,1,1,1,1,1,1,1,1,1,1,1,1,1,1,1,1,1,1,1,1,1,1,1,1,1,1,1,1,1,1,1,1,1,1,1,1,1,1,1,1,1,1,1,1,1,1,1,1,1,1,1,1,1,1,1,1,1,1,1,1,1,1,1,1,1,1,1,1,1,1,1,1,1]}
B65: 2 | C65: ,{ | H65: 2 | I65: ,{
B66: 2 | C66: "noWinIndex": [0], | H66: 2 | I66: "noWinIndex": [0],
B67: 2 | C67: =" ""wheelLength"": "&'BG_Symbol (3)'!$D$16&"," -> "wheelLength": 100, | H67: 2 | I67: =" ""wheelLength"": "&'BG_Symbol (3)'!$D$16&"," -> "wheelLength": 100,
B68: 2 | C68: =" ""wheelData"": ["&_xlfn.TEXTJOIN(",",,'BG_Symbol (3)'!$T$4:$T$304)&"]}" -> "wheelData": [7,7,8,8,3,3,9,9,11,11,6,6,10,10,11,11,1,5,5,7,7,9,9,6,6,10,10,11,11,5,5,1,9,9,10,10,11,11,10,10,1,10,10,6,6,9,9,1,9,9,7,7,8,8,3,3,9,9,10,10,6,6,11,11,5,11,11,7,7,8,8,3,3,9,9,7,7,8,8,3,3,1,6,6,8,8,7,7,8,8,3,3,9,9,11,11,4,4,6,6]} | H68: 2 | I68: =" ""wheelData"": ["&_xlfn.TEXTJOIN(",",,'BG_Symbol (3)'!$AA$4:$AA$304)&"]}" -> "wheelData": [1,1,1,1,1,1,1,1,1,1,1,1,1,1,1,1,1,1,1,1,1,1,1,1,1,1,1,1,1,1,1,1,1,1,1,1,1,1,1,1,1,1,1,1,1,1,1,1,1,1,1,1,1,1,1,1,1,1,1,1,1,1,1,1,1,1,1,1,1,1,1,1,1,1,1,1,1,1,1,1,1,1,1,1,1,1,1,1,1,1,1,1,1,1,1,1,1,1,1,1]}
B69: 2 | C69: ,{ | H69: 2 | I69: ,{
B70: 2 | C70: "noWinIndex": [0], | H70: 2 | I70: "noWinIndex": [0],
B71: 2 | C71: =" ""wheelLength"": "&'BG_Symbol (3)'!$E$16&"," -> "wheelLength": 100, | H71: 2 | I71: =" ""wheelLength"": "&'BG_Symbol (3)'!$E$16&"," -> "wheelLength": 100,
B72: 2 | C72: =" ""wheelData"": ["&_xlfn.TEXTJOIN(",",,'BG_Symbol (3)'!$U$4:$U$304)&"]}" -> "wheelData": [8,8,6,6,10,10,1,9,9,11,11,4,4,1,8,8,5,5,10,10,5,5,6,6,10,10,11,11,5,5,7,7,8,8,9,9,11,11,4,4,7,7,10,10,1,6,6,7,7,6,6,10,10,11,11,5,5,9,9,11,11,4,4,10,10,8,8,9,9,11,11,4,4,10,10,1,7,7,8,8,3,3,1,7,7,8,8,3,3,6,6,8,8,6,6,7,7,6,6,3]} | H72: 2 | I72: =" ""wheelData"": ["&_xlfn.TEXTJOIN(",",,'BG_Symbol (3)'!$AB$4:$AB$304)&"]}" -> "wheelData": [1,1,1,1,1,1,1,1,1,1,1,1,1,1,1,1,1,1,1,1,1,1,1,1,1,1,1,1,1,1,1,1,1,1,1,1,1,1,1,1,1,1,1,1,1,1,1,1,1,1,1,1,1,1,1,1,1,1,1,1,1,1,1,1,1,1,1,1,1,1,1,1,1,1,1,1,1,1,1,1,1,1,1,1,1,1,1,1,1,1,1,1,1,1,1,1,1,1,1,1]}
B73: 2 | C73: ,{ | H73: 2 | I73: ,{
B74: 2 | C74: "noWinIndex": [0], | H74: 2 | I74: "noWinIndex": [0],
B75: 2 | C75: =" ""wheelLength"": "&'BG_Symbol (3)'!$F$16&"," -> "wheelLength": 100, | H75: 2 | I75: =" ""wheelLength"": "&'BG_Symbol (3)'!$F$16&"," -> "wheelLength": 100,
B76: 2 | C76: =" ""wheelData"": ["&_xlfn.TEXTJOIN(",",,'BG_Symbol (3)'!$V$4:$V$304)&"]}" -> "wheelData": [7,7,8,8,3,3,9,9,1,11,11,9,9,4,4,11,11,1,9,9,8,8,9,9,7,7,9,9,6,6,10,10,5,5,11,11,5,5,9,9,11,11,4,4,7,7,8,8,3,3,11,11,6,6,10,10,11,11,5,5,10,10,11,11,1,9,9,11,11,4,4,1,10,10,6,6,10,10,11,11,5,5,3,9,9,7,7,8,8,1,9,9,10,10,9,9,8,8,9,9]} | H76: 2 | I76: =" ""wheelData"": ["&_xlfn.TEXTJOIN(",",,'BG_Symbol (3)'!$AC$4:$AC$304)&"]}" -> "wheelData": [1,1,1,1,1,1,1,1,1,1,1,1,1,1,1,1,1,1,1,1,1,1,1,1,1,1,1,1,1,1,1,1,1,1,1,1,1,1,1,1,1,1,1,1,1,1,1,1,1,1,1,1,1,1,1,1,1,1,1,1,1,1,1,1,1,1,1,1,1,1,1,1,1,1,1,1,1,1,1,1,1,1,1,1,1,1,1,1,1,1,1,1,1,1,1,1,1,1,1,1]}
B77: 2 | C77: ,{ | H77: 2 | I77: ,{
B78: 2 | C78: "noWinIndex": [0], | H78: 2 | I78: "noWinIndex": [0],
B79: 2 | C79: =" ""wheelLength"": "&'BG_Symbol (3)'!$G$16&"," -> "wheelLength": 100, | H79: 2 | I79: =" ""wheelLength"": "&'BG_Symbol (3)'!$G$16&"," -> "wheelLength": 100,
B80: 2 | C80: =" ""wheelData"": ["&_xlfn.TEXTJOIN(",",,'BG_Symbol (3)'!$W$4:$W$304)&"]}" -> "wheelData": [6,6,10,10,11,11,5,5,1,11,11,9,9,11,11,4,4,10,10,1,6,6,10,10,11,11,5,5,8,8,6,6,10,10,9,9,6,6,9,9,11,11,10,10,1,3,6,6,11,11,10,10,1,10,10,7,7,8,8,3,3,6,6,10,10,11,11,5,5,9,9,11,11,4,4,7,7,8,8,3,3,6,6,9,9,11,11,7,7,8,8,9,9,11,11,4,4,8,8,1]} | H80: 2 | I80: =" ""wheelData"": ["&_xlfn.TEXTJOIN(",",,'BG_Symbol (3)'!$AD$4:$AD$304)&"]}" -> "wheelData": [1,1,1,1,1,1,1,1,1,1,1,1,1,1,1,1,1,1,1,1,1,1,1,1,1,1,1,1,1,1,1,1,1,1,1,1,1,1,1,1,1,1,1,1,1,1,1,1,1,1,1,1,1,1,1,1,1,1,1,1,1,1,1,1,1,1,1,1,1,1,1,1,1,1,1,1,1,1,1,1,1,1,1,1,1,1,1,1,1,1,1,1,1,1,1,1,1,1,1,1]}
B81: 2 | C81: ,{ | H81: 2 | I81: ,{
B82: 2 | C82: "noWinIndex": [0], | H82: 2 | I82: "noWinIndex": [0],
B83: 2 | C83: =" ""wheelLength"": "&'BG_Symbol (3)'!$H$16&"," -> "wheelLength": 100, | H83: 2 | I83: =" ""wheelLength"": "&'BG_Symbol (3)'!$H$16&"," -> "wheelLength": 100,
B84: 2 | C84: =" ""wheelData"": ["&_xlfn.TEXTJOIN(",",,'BG_Symbol (3)'!$X$4:$X$304)&"]}" -> "wheelData": [1,7,7,6,6,10,10,11,11,5,5,8,8,6,6,10,10,11,11,5,5,9,9,8,8,9,9,11,11,4,4,9,9,3,7,7,8,8,3,3,7,7,8,8,3,3,1,6,6,10,10,11,11,5,5,10,10,6,6,10,10,11,11,5,5,1,11,11,8,8,9,9,11,11,4,4,11,11,9,9,1,8,8,9,9,8,8,1,11,11,8,8,9,9,11,11,4,4,7,7]} | H84: 2 | I84: =" ""wheelData"": ["&_xlfn.TEXTJOIN(",",,'BG_Symbol (3)'!$AE$4:$AE$304)&"]}" -> "wheelData": [1,1,1,1,1,1,1,1,1,1,1,1,1,1,1,1,1,1,1,1,1,1,1,1,1,1,1,1,1,1,1,1,1,1,1,1,1,1,1,1,1,1,1,1,1,1,1,1,1,1,1,1,1,1,1,1,1,1,1,1,1,1,1,1,1,1,1,1,1,1,1,1,1,1,1,1,1,1,1,1,1,1,1,1,1,1,1,1,1,1,1,1,1,1,1,1,1,1,1,1]}
B85: 2 | C85: ], | H85: 2 | I85: ],
B86: {=B60:B85+1} -> 3 | C86: [ | H86: {=H60:H85+1} -> 3 | I86: [
B87: 3 | C87: { | H87: 3 | I87: {
B88: 3 | C88: "noWinIndex": [0], | H88: 3 | I88: "noWinIndex": [0],
B89: 3 | C89: =" ""wheelLength"": "&'BG_Symbol (4)'!$C$16&"," -> "wheelLength": 100, | H89: 3 | I89: =" ""wheelLength"": "&'BG_Symbol (4)'!$C$16&"," -> "wheelLength": 100,
B90: 3 | C90: =" ""wheelData"": ["&_xlfn.TEXTJOIN(",",,'BG_Symbol (4)'!$S$4:$S$304)&"]}" -> "wheelData": [5,5,6,6,11,11,8,11,11,7,7,5,5,7,7,11,11,7,7,3,3,4,4,7,7,5,5,11,11,10,10,11,11,10,10,11,11,2,2,7,7,8,8,9,9,11,11,2,10,10,11,11,4,4,11,11,5,5,8,7,7,10,10,4,4,10,10,9,9,10,10,2,2,9,9,11,11,6,6,8,8,10,10,2,7,7,8,8,9,9,10,10,4,4,8,8,6,6,8,8]} | H90: 3 | I90: =" ""wheelData"": ["&_xlfn.TEXTJOIN(",",,'BG_Symbol (4)'!$Z$4:$Z$304)&"]}" -> "wheelData": [1,1,1,1,1,1,1,1,1,1,1,1,1,1,1,1,1,1,1,1,1,1,1,1,1,1,1,1,1,1,1,1,1,0,0,0,0,0,0,1,1,1,1,1,1,1,1,1,1,1,1,1,1,1,1,1,1,1,1,1,1,1,1,1,1,1,1,0,0,0,0,0,0,1,1,1,1,1,1,1,1,1,1,1,1,1,1,1,1,1,1,1,1,1,1,1,1,1,1,1]}
B91: 3 | C91: ,{ | H91: 3 | I91: ,{
B92: 3 | C92: "noWinIndex": [0], | H92: 3 | I92: "noWinIndex": [0],
B93: 3 | C93: =" ""wheelLength"": "&'BG_Symbol (4)'!$D$16&"," -> "wheelLength": 100, | H93: 3 | I93: =" ""wheelLength"": "&'BG_Symbol (4)'!$D$16&"," -> "wheelLength": 100,
B94: 3 | C94: =" ""wheelData"": ["&_xlfn.TEXTJOIN(",",,'BG_Symbol (4)'!$T$4:$T$304)&"]}" -> "wheelData": [10,10,1,11,11,9,9,10,10,9,9,10,10,2,2,7,7,8,8,9,9,7,7,9,9,8,8,6,6,2,2,8,8,3,3,3,3,6,6,1,11,11,8,8,11,11,7,7,11,11,10,10,11,11,2,8,8,4,4,6,6,11,11,5,5,9,9,5,5,8,8,9,9,6,6,2,10,10,9,9,10,10,9,9,3,3,9,9,11,11,7,7,11,11,7,7,3,3,6,6]} | H94: 3 | I94: =" ""wheelData"": ["&_xlfn.TEXTJOIN(",",,'BG_Symbol (4)'!$AA$4:$AA$304)&"]}" -> "wheelData": [1,1,1,1,1,1,1,1,1,0,0,0,0,0,0,1,1,1,1,1,1,1,1,1,1,0,0,0,0,0,0,1,1,1,1,1,1,1,1,1,1,1,1,1,1,1,1,1,1,1,1,1,1,1,1,1,1,1,1,1,1,1,1,1,1,1,1,1,1,1,1,0,0,0,0,0,1,1,1,1,1,1,1,1,1,1,1,1,1,1,1,1,1,1,1,1,1,1,1,1]}
B95: 3 | C95: ,{ | H95: 3 | I95: ,{
B96: 3 | C96: "noWinIndex": [0], | H96: 3 | I96: "noWinIndex": [0],
B97: 3 | C97: =" ""wheelLength"": "&'BG_Symbol (4)'!$E$16&"," -> "wheelLength": 100, | H97: 3 | I97: =" ""wheelLength"": "&'BG_Symbol (4)'!$E$16&"," -> "wheelLength": 100,
B98: 3 | C98: =" ""wheelData"": ["&_xlfn.TEXTJOIN(",",,'BG_Symbol (4)'!$U$4:$U$304)&"]}" -> "wheelData": [11,11,7,7,2,2,8,8,3,3,10,10,6,6,9,9,6,6,11,11,8,8,7,7,9,9,11,11,3,3,7,7,6,6,8,8,2,10,10,11,11,5,5,10,10,6,6,1,10,10,8,8,9,9,8,8,10,10,2,2,9,9,11,11,6,6,10,10,4,4,10,10,1,11,11,5,5,6,6,10,10,2,7,7,11,11,4,4,8,8,5,5,8,8,4,4,6,6,7,7]} | H98: 3 | I98: =" ""wheelData"": ["&_xlfn.TEXTJOIN(",",,'BG_Symbol (4)'!$AB$4:$AB$304)&"]}" -> "wheelData": [0,0,0,0,0,0,1,1,1,1,1,1,1,1,1,1,1,1,1,1,1,1,1,1,1,1,1,1,1,1,1,1,1,1,1,1,1,1,1,1,1,1,1,1,1,1,1,1,1,1,1,1,1,1,0,0,0,0,0,0,1,1,1,1,1,1,1,1,1,1,1,1,1,1,1,1,1,1,1,1,1,1,1,1,1,1,1,1,1,1,1,1,1,1,1,1,1,1,1,1]}
B99: 3 | C99: ,{ | H99: 3 | I99: ,{
B100: 3 | C100: "noWinIndex": [0], | H100: 3 | I100: "noWinIndex": [0],
B101: 3 | C101: =" ""wheelLength"": "&'BG_Symbol (4)'!$F$16&"," -> "wheelLength": 100, | H101: 3 | I101: =" ""wheelLength"": "&'BG_Symbol (4)'!$F$16&"," -> "wheelLength": 100,
B102: 3 | C102: =" ""wheelData"": ["&_xlfn.TEXTJOIN(",",,'BG_Symbol (4)'!$V$4:$V$304)&"]}" -> "wheelData": [10,10,11,11,2,2,9,9,11,11,6,6,10,10,11,11,5,5,6,6,10,10,9,9,8,8,2,10,10,11,11,5,5,11,11,5,5,9,9,7,7,11,11,2,8,8,9,9,10,10,9,9,10,10,9,9,4,4,2,2,9,9,4,4,9,9,7,7,8,8,3,3,8,8,5,11,11,9,9,11,11,4,4,9,9,6,6,10,10,5,5,7,7,8,11,11,3,3,8,8]} | H102: 3 | I102: =" ""wheelData"": ["&_xlfn.TEXTJOIN(",",,'BG_Symbol (4)'!$AC$4:$AC$304)&"]}" -> "wheelData": [0,0,0,0,0,0,1,1,1,1,1,1,1,1,1,1,1,1,1,1,1,1,0,0,0,0,0,1,1,1,1,1,1,1,1,1,1,1,1,1,1,1,1,1,1,1,1,1,1,1,1,1,1,1,0,0,0,0,0,0,1,1,1,1,1,1,1,1,1,1,1,1,1,1,1,1,1,1,1,1,1,1,1,1,1,1,1,1,1,1,1,1,1,1,1,1,1,1,1,1]}
B103: 3 | C103: ,{ | H103: 3 | I103: ,{
...

Sheet Tool_FG
B3: 新手A | C3: =" ["&_xlfn.TEXTJOIN(", ",,Multiplier_Weight_Newbie!L89:L152)&"]," -> [0, 0, 0, 0, 0, 0, 0, 0, 0, 0, 0, 0, 0, 0, 0, 0, 0, 0, 0, 557069786, 95271780, 91553387, 87242488, 85769090, 83093469, 0, 0, 0, 0, 0, 0, 0, 0, 0, 0, 0, 0, 0, 0, 0, 0, 0, 0, 0, 0, 0, 0, 0, 0, 0, 0, 0, 0, 0, 0, 0, 0, 0, 0, 0, 0, 0, 0, 0],
B4: 新手B | C4: =C3 -> [0, 0, 0, 0, 0, 0, 0, 0, 0, 0, 0, 0, 0, 0, 0, 0, 0, 0, 0, 557069786, 95271780, 91553387, 87242488, 85769090, 83093469, 0, 0, 0, 0, 0, 0, 0, 0, 0, 0, 0, 0, 0, 0, 0, 0, 0, 0, 0, 0, 0, 0, 0, 0, 0, 0, 0, 0, 0, 0, 0, 0, 0, 0, 0, 0, 0, 0, 0],
B5: 老手A | C5: =" ["&_xlfn.TEXTJOIN(", ",,Multiplier_Weight_Oldhand!L89:L152)&"]," -> [0, 0, 0, 0, 0, 0, 0, 0, 0, 0, 0, 38890097, 86411234, 76453090, 63797415, 56784736, 51452062, 42043400, 41610170, 70104419, 58903513, 50101820, 41981152, 35655571, 54971101, 40670181, 29834910, 21973233, 25896315, 35566662, 13317928, 10535561, 9226289, 6765914, 3998141, 2330336, 15972289, 3607343, 2417921, 805618, 722742, 691282, 645271, 594408, 553940, 4713936, 0, 0, 0, 0, 0, 0, 0, 0, 0, 0, 0, 0, 0, 0, 0, 0, 0, 0],
B6: 老手B | C6: =C5 -> [0, 0, 0, 0, 0, 0, 0, 0, 0, 0, 0, 38890097, 86411234, 76453090, 63797415, 56784736, 51452062, 42043400, 41610170, 70104419, 58903513, 50101820, 41981152, 35655571, 54971101, 40670181, 29834910, 21973233, 25896315, 35566662, 13317928, 10535561, 9226289, 6765914, 3998141, 2330336, 15972289, 3607343, 2417921, 805618, 722742, 691282, 645271, 594408, 553940, 4713936, 0, 0, 0, 0, 0, 0, 0, 0, 0, 0, 0, 0, 0, 0, 0, 0, 0, 0],
B7: BF | C7: =" ["&_xlfn.TEXTJOIN(", ",,Multiplier_Weight_Oldhand!L159:L222)&"]," -> [0, 0, 0, 0, 0, 0, 0, 0, 0, 0, 0, 19716216, 81349051, 72030796, 60043863, 53482829, 48518042, 39569296, 39202108, 90567505, 76098324, 64726121, 54235663, 46063394, 74434756, 36024077, 26506030, 19481865, 23258767, 32062086, 8545765, 6582127, 5764155, 4426637, 2716414, 1407356, 5706293, 1146136, 1056316, 391106, 350871, 335599, 313261, 288569, 268923, 3329683, 0, 0, 0, 0, 0, 0, 0, 0, 0, 0, 0, 0, 0, 0, 0, 0, 0, 0],
B8: SF | C8: =" ["&_xlfn.TEXTJOIN(", ",,_xlfn.ANCHORARRAY(Multiplier_Weight_Oldhand!L229))&"]," -> [0, 0, 0, 0, 0, 0, 0, 0, 0, 0, 0, 0, 0, 0, 0, 0, 0, 0, 0, 0, 0, 0, 0, 0, 65146622, 58023904, 51045020, 45892892, 40935150, 78188198, 63159643, 54478019, 47523624, 77482320, 69453892, 63242035, 69852776, 64342863, 24269628, 21442607, 20830560, 16248096, 15029607, 14518441, 13473626, 13912388, 3997878, 2829193, 2149765, 386642, 281027, 212016, 164192, 1487360, 0, 0, 0, 0, 0, 0, 0, 0, 0, 0],
B12: 0 | C12: [ | I12: 0 | J12: [
B13: 0 | C13: { | I13: 0 | J13: {
B14: 0 | C14: "noWinIndex": [0], | I14: 0 | J14: "noWinIndex": [0],
B15: 0 | C15: =" ""wheelLength"": "&FG_Symbol!$C$16&"," -> "wheelLength": 100, | I15: 0 | J15: =C15 -> "wheelLength": 100,
B16: 0 | C16: =" ""wheelData"": ["&_xlfn.TEXTJOIN(",",,FG_Symbol!$S$4:$S$304)&"]}" -> "wheelData": [5,5,1,10,10,11,11,10,10,11,11,10,10,0,0,7,7,5,5,11,11,7,7,4,4,10,10,11,11,1,5,5,10,10,11,11,3,3,10,10,3,3,11,11,2,2,9,9,11,11,6,6,3,3,10,10,11,11,10,10,11,11,10,10,2,11,11,10,10,11,11,0,10,10,5,5,10,10,8,8,11,11,9,9,10,10,5,5,10,10,11,11,8,8,3,3,10,10,11,11]} | I16: 0 | J16: =" ""wheelData"": ["&_xlfn.TEXTJOIN(",",,FG_Symbol!$Z$4:$Z$304)&"]}" -> "wheelData": [1,1,1,1,1,1,1,1,1,0,1,1,1,1,0,1,1,1,1,1,1,1,1,1,1,1,1,1,1,1,1,1,1,1,1,1,1,1,1,1,0,0,0,0,0,0,1,1,1,1,1,1,1,1,1,1,1,1,1,1,0,1,1,1,0,1,1,0,0,0,0,0,2,2,2,2,1,1,1,1,1,1,1,1,1,1,1,1,1,1,1,1,1,1,1,1,1,1,1,1]}
B17: 0 | C17: ,{ | I17: 0 | J17: ,{
B18: 0 | C18: "noWinIndex": [0], | I18: 0 | J18: "noWinIndex": [0],
B19: 0 | C19: =" ""wheelLength"": "&FG_Symbol!$D$16&"," -> "wheelLength": 100, | I19: 0 | J19: =C19 -> "wheelLength": 100,
B20: 0 | C20: =" ""wheelData"": ["&_xlfn.TEXTJOIN(",",,FG_Symbol!$T$4:$T$304)&"]}" -> "wheelData": [9,9,5,5,9,9,2,2,10,10,11,11,5,5,9,9,8,8,9,9,4,4,9,9,11,11,1,7,7,8,8,9,9,7,7,8,8,9,9,6,6,1,9,9,6,6,8,8,11,11,8,8,9,9,8,8,11,11,0,0,8,8,9,9,8,8,11,11,6,6,8,8,9,9,11,11,8,8,3,3,2,11,11,5,5,9,9,11,11,6,6,0,8,8,5,5,10,10,6,6]} | I20: 0 | J20: =" ""wheelData"": ["&_xlfn.TEXTJOIN(",",,FG_Symbol!$AA$4:$AA$304)&"]}" -> "wheelData": [1,1,0,0,0,0,0,0,1,1,1,1,1,1,1,1,1,1,1,1,1,1,1,1,1,1,1,1,1,1,1,1,1,1,1,1,1,1,1,1,1,1,1,1,1,1,1,1,1,1,1,1,1,1,0,1,1,1,1,0,2,2,2,2,1,1,1,1,1,1,1,1,1,1,1,1,0,1,1,1,0,1,1,1,1,1,1,0,0,0,0,0,2,2,2,2,1,1,1,1]}
B21: 0 | C21: ,{ | I21: 0 | J21: ,{
B22: 0 | C22: "noWinIndex": [0], | I22: 0 | J22: "noWinIndex": [0],
B23: 0 | C23: =" ""wheelLength"": "&FG_Symbol!$E$16&"," -> "wheelLength": 100, | I23: 0 | J23: =C23 -> "wheelLength": 100,
B24: 0 | C24: =" ""wheelData"": ["&_xlfn.TEXTJOIN(",",,FG_Symbol!$U$4:$U$304)&"]}" -> "wheelData": [10,10,8,8,4,4,8,8,7,7,8,8,4,4,10,10,4,4,11,11,2,9,9,7,7,8,8,9,9,0,8,8,7,7,8,8,3,3,2,2,10,10,3,3,7,7,0,0,10,10,7,7,10,10,4,4,8,8,7,7,5,5,1,10,10,8,8,4,4,3,3,1,7,7,10,10,8,8,7,7,8,8,10,10,7,7,10,10,3,3,10,10,6,6,10,10,7,7,11,11]} | I24: 0 | J24: =" ""wheelData"": ["&_xlfn.TEXTJOIN(",",,FG_Symbol!$AB$4:$AB$304)&"]}" -> "wheelData": [1,1,1,1,1,1,1,1,1,1,1,1,1,1,1,1,0,1,1,1,0,1,1,1,1,0,0,0,0,0,1,1,1,1,0,0,0,0,0,0,1,1,0,1,1,1,1,0,1,1,1,1,1,1,1,1,1,1,1,1,1,1,1,1,1,1,1,1,1,1,1,1,1,1,1,1,1,1,1,1,1,1,1,1,1,1,1,1,1,1,1,1,1,1,1,1,1,1,1,1]}
B25: 0 | C25: ,{ | I25: 0 | J25: ,{
B26: 0 | C26: "noWinIndex": [0], | I26: 0 | J26: "noWinIndex": [0],
B27: 0 | C27: =" ""wheelLength"": "&FG_Symbol!$F$16&"," -> "wheelLength": 100, | I27: 0 | J27: =C27 -> "wheelLength": 100,
B28: 0 | C28: =" ""wheelData"": ["&_xlfn.TEXTJOIN(",",,FG_Symbol!$V$4:$V$304)&"]}" -> "wheelData": [11,11,7,7,10,10,8,8,11,11,9,9,10,10,11,11,10,10,6,6,7,7,6,6,10,10,0,0,11,11,5,5,11,11,10,10,6,6,5,5,11,11,4,4,11,11,5,5,7,7,2,5,5,10,10,9,9,10,10,0,10,10,6,6,10,10,11,11,10,10,2,2,10,10,11,11,5,5,10,10,11,11,8,8,10,10,11,11,7,7,11,11,10,10,11,11,7,7,3,3]} | I28: 0 | J28: =" ""wheelData"": ["&_xlfn.TEXTJOIN(",",,FG_Symbol!$AC$4:$AC$304)&"]}" -> "wheelData": [1,1,1,1,1,1,1,1,1,1,1,1,1,1,1,1,1,1,1,1,1,1,0,1,1,1,1,0,2,2,2,2,1,1,1,1,1,1,1,1,1,1,1,1,1,1,0,1,1,1,0,1,1,1,1,0,0,0,0,0,2,2,2,2,1,1,0,0,0,0,0,0,1,1,1,1,1,1,1,1,1,1,1,1,1,1,1,1,1,1,1,1,1,1,1,1,1,1,1,1]}
B29: 0 | C29: ,{ | I29: 0 | J29: ,{
B30: 0 | C30: "noWinIndex": [0], | I30: 0 | J30: "noWinIndex": [0],
B31: 0 | C31: =" ""wheelLength"": "&FG_Symbol!$G$16&"," -> "wheelLength": 100, | I31: 0 | J31: =C31 -> "wheelLength": 100,
B32: 0 | C32: =" ""wheelData"": ["&_xlfn.TEXTJOIN(",",,FG_Symbol!$W$4:$W$304)&"]}" -> "wheelData": [3,3,10,10,7,7,4,4,6,6,9,9,2,9,9,10,10,9,9,8,8,0,0,7,7,3,3,10,10,9,9,10,10,7,7,9,9,7,7,0,9,9,7,7,9,9,4,4,10,10,11,11,9,9,4,4,9,9,7,7,9,9,4,4,7,7,8,8,3,3,9,9,7,7,9,9,7,7,3,3,9,9,10,10,9,9,7,7,3,3,2,2,10,10,11,11,5,5,7,7]} | I32: 0 | J32: =" ""wheelData"": ["&_xlfn.TEXTJOIN(",",,FG_Symbol!$AD$4:$AD$304)&"]}" -> "wheelData": [1,1,1,1,1,1,1,1,0,1,1,1,0,1,1,1,1,0,1,1,1,1,0,2,2,2,2,1,1,1,1,1,1,1,1,0,0,0,0,0,2,2,2,2,1,1,1,1,1,1,1,1,1,1,1,1,1,1,1,1,1,1,1,1,1,1,1,1,1,1,1,1,1,1,1,1,1,1,1,1,1,1,1,1,1,1,0,0,0,0,0,0,1,1,1,1,1,1,1,1]}
B33: 0 | C33: ,{ | I33: 0 | J33: ,{
B34: 0 | C34: "noWinIndex": [0], | I34: 0 | J34: "noWinIndex": [0],
B35: 0 | C35: =" ""wheelLength"": "&FG_Symbol!$H$16&"," -> "wheelLength": 100, | I35: 0 | J35: =C35 -> "wheelLength": 100,
B36: 0 | C36: =" ""wheelData"": ["&_xlfn.TEXTJOIN(",",,FG_Symbol!$X$4:$X$304)&"]}" -> "wheelData": [11,11,8,8,11,11,7,7,8,8,10,10,11,11,9,9,6,6,9,9,8,8,11,11,4,4,11,11,8,8,6,6,8,8,6,6,4,4,8,8,11,11,0,9,9,11,11,9,9,3,3,8,8,11,11,6,6,9,9,8,8,9,9,8,8,2,7,7,11,11,9,9,2,2,8,8,4,4,8,8,9,9,5,5,4,4,11,11,8,8,6,6,10,10,9,9,11,11,0,0]} | I36: 0 | J36: =" ""wheelData"": ["&_xlfn.TEXTJOIN(",",,FG_Symbol!$AE$4:$AE$304)&"]}" -> "wheelData": [1,1,1,1,1,1,1,1,1,1,1,1,1,1,1,1,1,1,1,1,1,1,1,1,1,1,1,1,1,1,1,1,1,1,1,1,1,1,0,0,0,0,0,2,2,2,2,1,1,1,1,1,1,1,1,1,1,1,1,1,1,0,1,1,1,0,1,1,0,0,0,0,0,0,1,1,1,1,1,1,1,1,1,1,1,1,1,1,1,1,1,1,1,1,0,1,1,1,1,0]}
B37: 0 | C37: ], | I37: 0 | J37: ],
B38: {=B12:B37+1} -> 1 | C38: [ | I38: {=I12:I37+1} -> 1 | J38: [
B39: 1 | C39: { | I39: 1 | J39: {
B40: 1 | C40: "noWinIndex": [0], | I40: 1 | J40: "noWinIndex": [0],
B41: 1 | C41: =" ""wheelLength"": "&'FG_Symbol (2)'!$C$16&"," -> "wheelLength": 100, | I41: 1 | J41: =C41 -> "wheelLength": 100,
B42: 1 | C42: =" ""wheelData"": ["&_xlfn.TEXTJOIN(",",,'FG_Symbol (2)'!$S$4:$S$304)&"]}" -> "wheelData": [9,9,11,11,4,4,6,6,10,10,11,11,5,5,8,8,2,2,10,10,11,11,7,7,9,9,11,11,4,4,7,7,9,9,11,11,4,4,2,2,10,10,11,11,9,9,11,11,4,4,7,7,10,10,3,2,2,10,10,11,11,7,7,10,10,6,6,10,10,11,11,5,5,2,8,8,7,7,8,8,3,3,5,5,7,7,6,6,10,10,11,11,5,5,8,8,10,10,8,8]} | I42: 1 | J42: =" ""wheelData"": ["&_xlfn.TEXTJOIN(",",,'FG_Symbol (2)'!$Z$4:$Z$304)&"]}" -> "wheelData": [1,1,1,1,1,1,1,1,1,1,1,1,1,1,1,1,1,1,1,1,1,1,1,1,1,1,1,1,1,1,1,1,1,1,1,1,1,1,1,1,1,1,1,1,1,1,1,1,1,1,1,1,1,1,1,1,1,1,1,1,1,1,1,1,1,1,1,1,1,1,1,1,1,1,1,1,1,1,1,1,1,1,1,1,1,1,1,1,1,1,1,1,1,1,1,1,1,1,1,1]}
B43: 1 | C43: ,{ | I43: 1 | J43: ,{
B44: 1 | C44: "noWinIndex": [0], | I44: 1 | J44: "noWinIndex": [0],
B45: 1 | C45: =" ""wheelLength"": "&'FG_Symbol (2)'!$D$16&"," -> "wheelLength": 100, | I45: 1 | J45: =C45 -> "wheelLength": 100,
B46: 1 | C46: =" ""wheelData"": ["&_xlfn.TEXTJOIN(",",,'FG_Symbol (2)'!$T$4:$T$304)&"]}" -> "wheelData": [9,9,2,7,7,1,7,7,8,8,3,3,7,7,11,11,6,6,9,9,6,6,11,11,6,6,10,10,11,11,5,5,9,9,11,11,6,6,10,10,9,9,11,11,4,4,10,10,6,6,10,10,11,11,5,5,9,9,2,2,8,8,3,3,9,9,11,11,9,9,7,7,8,8,10,10,9,9,10,10,7,7,2,2,8,8,3,3,9,9,4,1,8,8,2,2,8,8,3,3]} | I46: 1 | J46: =" ""wheelData"": ["&_xlfn.TEXTJOIN(",",,'FG_Symbol (2)'!$AA$4:$AA$304)&"]}" -> "wheelData": [1,1,1,1,1,1,1,1,1,1,1,1,1,1,1,1,1,1,1,1,1,1,1,1,1,1,1,1,1,1,1,1,1,1,1,1,1,1,1,1,1,1,1,1,1,1,1,1,1,1,1,1,1,1,1,1,1,1,1,1,1,1,1,1,1,1,1,1,1,1,1,1,1,1,1,1,1,1,1,1,1,1,1,1,1,1,1,1,1,1,1,1,1,1,1,1,1,1,1,1]}
B47: 1 | C47: ,{ | I47: 1 | J47: ,{
B48: 1 | C48: "noWinIndex": [0], | I48: 1 | J48: "noWinIndex": [0],
B49: 1 | C49: =" ""wheelLength"": "&'FG_Symbol (2)'!$E$16&"," -> "wheelLength": 100, | I49: 1 | J49: =C49 -> "wheelLength": 100,
B50: 1 | C50: =" ""wheelData"": ["&_xlfn.TEXTJOIN(",",,'FG_Symbol (2)'!$U$4:$U$304)&"]}" -> "wheelData": [9,9,11,11,4,4,6,6,2,6,6,3,8,8,6,6,8,8,2,10,10,2,8,8,9,9,11,11,4,4,10,10,7,7,8,8,3,3,6,6,10,10,11,11,5,5,7,7,9,9,8,8,7,7,8,8,3,3,2,5,6,6,2,2,10,10,11,11,7,7,6,6,6,6,10,10,11,11,5,5,2,4,9,9,10,10,7,7,4,4,6,6,10,10,11,11,5,5,6,6]} | I50: 1 | J50: =" ""wheelData"": ["&_xlfn.TEXTJOIN(",",,'FG_Symbol (2)'!$AB$4:$AB$304)&"]}" -> "wheelData": [1,1,1,1,1,1,1,1,1,1,1,1,1,1,1,1,1,1,1,1,1,1,1,1,1,1,1,1,1,1,1,1,1,1,1,1,1,1,1,1,1,1,1,1,1,1,1,1,1,1,1,1,1,1,1,1,1,1,1,1,1,1,1,1,1,1,1,1,1,1,1,1,1,1,1,1,1,1,1,1,1,1,1,1,1,1,1,1,1,1,1,1,1,1,1,1,1,1,1,1]}
B51: 1 | C51: ,{ | I51: 1 | J51: ,{
B52: 1 | C52: "noWinIndex": [0], | I52: 1 | J52: "noWinIndex": [0],
B53: 1 | C53: =" ""wheelLength"": "&'FG_Symbol (2)'!$F$16&"," -> "wheelLength": 100, | I53: 1 | J53: =C53 -> "wheelLength": 100,
B54: 1 | C54: =" ""wheelData"": ["&_xlfn.TEXTJOIN(",",,'FG_Symbol (2)'!$V$4:$V$304)&"]}" -> "wheelData": [9,9,11,11,4,4,9,9,6,6,10,10,11,11,5,5,9,9,9,9,11,11,4,4,2,2,10,10,11,11,8,8,3,11,11,8,8,7,7,8,8,6,6,10,10,11,11,5,5,9,9,9,9,11,11,4,4,9,9,10,10,6,6,10,10,11,11,5,5,2,2,8,8,3,3,7,7,2,9,9,2,2,10,10,11,11,7,7,8,8,3,3,9,9,10,10,9,9,5,5]} | I54: 1 | J54: =" ""wheelData"": ["&_xlfn.TEXTJOIN(",",,'FG_Symbol (2)'!$AC$4:$AC$304)&"]}" -> "wheelData": [1,1,1,1,1,1,1,1,1,1,1,1,1,1,1,1,1,1,1,1,1,1,1,1,1,1,1,1,1,1,1,1,1,1,1,1,1,1,1,1,1,1,1,1,1,1,1,1,1,1,1,1,1,1,1,1,1,1,1,1,1,1,1,1,1,1,1,1,1,1,1,1,1,1,1,1,1,1,1,1,1,1,1,1,1,1,1,1,1,1,1,1,1,1,1,1,1,1,1,1]}
B55: 1 | C55: ,{ | I55: 1 | J55: ,{
B56: 1 | C56: "noWinIndex": [0], | I56: 1 | J56: "noWinIndex": [0],
B57: 1 | C57: =" ""wheelLength"": "&'FG_Symbol (2)'!$G$16&"," -> "wheelLength": 100, | I57: 1 | J57: =C57 -> "wheelLength": 100,
B58: 1 | C58: =" ""wheelData"": ["&_xlfn.TEXTJOIN(",",,'FG_Symbol (2)'!$W$4:$W$304)&"]}" -> "wheelData": [11,11,9,9,11,11,4,4,9,9,11,11,9,9,10,10,3,6,6,10,10,11,11,5,5,10,10,6,6,10,10,11,11,5,5,8,8,1,8,8,7,7,6,6,11,11,6,6,6,6,10,10,11,11,5,5,7,7,2,2,2,8,8,3,3,6,6,7,7,9,9,11,11,4,4,10,10,9,9,11,11,4,4,8,8,2,2,10,10,11,11,1,2,2,8,8,3,3,6,6]} | I58: 1 | J58: =" ""wheelData"": ["&_xlfn.TEXTJOIN(",",,'FG_Symbol (2)'!$AD$4:$AD$304)&"]}" -> "wheelData": [1,1,1,1,1,1,1,1,1,1,1,1,1,1,1,1,1,1,1,1,1,1,1,1,1,1,1,1,1,1,1,1,1,1,1,1,1,1,1,1,1,1,1,1,1,1,1,1,1,1,1,1,1,1,1,1,1,1,1,1,1,1,1,1,1,1,1,1,1,1,1,1,1,1,1,1,1,1,1,1,1,1,1,1,1,1,1,1,1,1,1,1,1,1,1,1,1,1,1,1]}
B59: 1 | C59: ,{ | I59: 1 | J59: ,{
B60: 1 | C60: "noWinIndex": [0], | I60: 1 | J60: "noWinIndex": [0],
B61: 1 | C61: =" ""wheelLength"": "&'FG_Symbol (2)'!$H$16&"," -> "wheelLength": 100, | I61: 1 | J61: =C61 -> "wheelLength": 100,
B62: 1 | C62: =" ""wheelData"": ["&_xlfn.TEXTJOIN(",",,'FG_Symbol (2)'!$X$4:$X$304)&"]}" -> "wheelData": [11,11,6,6,1,8,8,1,9,9,11,11,4,4,2,2,10,10,11,11,6,6,10,10,11,11,5,5,9,9,8,8,11,11,1,2,2,8,8,3,3,2,2,10,10,11,11,6,6,10,10,11,11,5,5,7,7,9,9,5,5,9,9,11,11,4,4,2,7,7,8,8,3,3,9,9,11,11,4,4,9,9,6,6,10,10,11,11,5,5,7,7,8,8,3,3,8,8,7,7]} | I62: 1 | J62: =" ""wheelData"": ["&_xlfn.TEXTJOIN(",",,'FG_Symbol (2)'!$AE$4:$AE$304)&"]}" -> "wheelData": [1,1,1,1,1,1,1,1,1,1,1,1,1,1,1,1,1,1,1,1,1,1,1,1,1,1,1,1,1,1,1,1,1,1,1,1,1,1,1,1,1,1,1,1,1,1,1,1,1,1,1,1,1,1,1,1,1,1,1,1,1,1,1,1,1,1,1,1,1,1,1,1,1,1,1,1,1,1,1,1,1,1,1,1,1,1,1,1,1,1,1,1,1,1,1,1,1,1,1,1]}
B63: 1 | C63: ], | I63: 1 | J63: ],
B64: {=B38:B63+1} -> 2 | C64: [ | I64: {=I38:I63+1} -> 2 | J64: [
B65: 2 | C65: { | I65: 2 | J65: {
B66: 2 | C66: "noWinIndex": [0], | I66: 2 | J66: "noWinIndex": [0],
B67: 2 | C67: =" ""wheelLength"": "&'FG_Symbol (3)'!$C$16&"," -> "wheelLength": 100, | I67: 2 | J67: =C67 -> "wheelLength": 100,
B68: 2 | C68: =" ""wheelData"": ["&_xlfn.TEXTJOIN(",",,'FG_Symbol (3)'!$S$4:$S$304)&"]}" -> "wheelData": [7,7,5,5,8,8,3,3,2,7,7,8,8,9,9,8,8,11,11,4,4,7,7,11,11,8,8,1,7,7,9,9,11,11,5,5,7,7,11,11,7,7,11,11,7,7,10,10,7,7,9,9,8,8,11,11,6,6,1,9,9,11,11,8,8,10,10,5,5,8,8,11,11,11,5,5,2,2,8,8,4,4,8,8,9,9,4,4,7,7,5,5,4,4,7,7,11,11,8,8]} | I68: 2 | J68: =" ""wheelData"": ["&_xlfn.TEXTJOIN(",",,'FG_Symbol (3)'!$Z$4:$Z$304)&"]}" -> "wheelData": [1,1,1,1,1,1,1,1,1,1,1,1,1,1,1,1,1,1,1,1,1,1,1,1,1,1,1,1,1,1,1,1,1,1,1,1,1,1,1,1,1,1,1,1,1,1,1,1,1,1,1,1,1,1,1,1,1,1,1,1,1,1,1,1,1,1,1,1,1,1,1,1,0,0,0,0,0,0,1,1,1,1,1,1,1,1,1,1,1,1,1,1,1,1,1,1,1,1,1,1]}
B69: 2 | C69: ,{ | I69: 2 | J69: ,{
B70: 2 | C70: "noWinIndex": [0], | I70: 2 | J70: "noWinIndex": [0],
B71: 2 | C71: =" ""wheelLength"": "&'FG_Symbol (3)'!$D$16&"," -> "wheelLength": 100, | I71: 2 | J71: =C71 -> "wheelLength": 100,
B72: 2 | C72: =" ""wheelData"": ["&_xlfn.TEXTJOIN(",",,'FG_Symbol (3)'!$T$4:$T$304)&"]}" -> "wheelData": [8,8,3,3,9,9,11,11,4,4,3,3,2,2,10,10,11,11,3,3,5,5,10,10,8,8,9,9,11,11,7,7,11,11,2,11,11,7,7,11,11,10,10,7,7,10,10,8,8,1,11,11,9,9,11,11,9,9,11,10,10,6,6,7,7,11,11,9,9,6,6,11,11,9,9,11,11,10,10,6,6,8,8,1,6,6,9,9,11,11,8,8,3,3,7,7,6,6,10,10]} | I72: 2 | J72: =" ""wheelData"": ["&_xlfn.TEXTJOIN(",",,'FG_Symbol (3)'!$AA$4:$AA$304)&"]}" -> "wheelData": [1,1,1,1,1,1,1,1,0,0,0,0,0,0,1,1,1,1,1,1,1,1,1,1,1,1,1,1,1,1,1,1,1,1,1,1,1,1,1,1,1,1,1,1,1,1,1,1,1,1,1,1,1,1,1,1,1,1,1,1,1,1,1,1,1,1,1,1,1,1,1,1,1,1,1,1,1,1,1,1,1,1,1,1,1,1,1,1,1,1,1,1,1,1,1,1,1,1,1,1]}
B73: 2 | C73: ,{ | I73: 2 | J73: ,{
B74: 2 | C74: "noWinIndex": [0], | I74: 2 | J74: "noWinIndex": [0],
B75: 2 | C75: =" ""wheelLength"": "&'FG_Symbol (3)'!$E$16&"," -> "wheelLength": 100, | I75: 2 | J75: =C75 -> "wheelLength": 100,
B76: 2 | C76: =" ""wheelData"": ["&_xlfn.TEXTJOIN(",",,'FG_Symbol (3)'!$U$4:$U$304)&"]}" -> "wheelData": [6,6,8,8,10,10,2,2,8,8,4,4,10,10,11,11,9,9,11,11,5,5,3,3,6,6,8,8,5,5,8,8,11,11,7,7,6,6,2,7,7,5,5,10,10,3,3,9,9,7,7,9,9,1,8,8,7,7,3,3,7,7,10,10,7,7,9,9,6,6,7,9,9,8,8,11,11,1,7,7,8,8,9,9,8,8,10,10,8,8,7,7,11,11,7,7,9,9,10,10]} | I76: 2 | J76: =" ""wheelData"": ["&_xlfn.TEXTJOIN(",",,'FG_Symbol (3)'!$AB$4:$AB$304)&"]}" -> "wheelData": [1,1,0,0,0,0,0,0,1,1,1,1,1,1,1,1,1,1,1,1,1,1,1,1,1,1,1,1,1,1,1,1,1,1,1,1,1,1,1,1,1,1,1,1,1,1,1,1,1,1,1,1,1,1,1,1,1,1,1,1,1,1,1,1,1,1,1,1,1,1,1,1,1,1,1,1,1,1,1,1,1,1,1,1,1,1,1,1,1,1,1,1,1,1,1,1,1,1,1,1]}
B77: 2 | C77: ,{ | I77: 2 | J77: ,{
B78: 2 | C78: "noWinIndex": [0], | I78: 2 | J78: "noWinIndex": [0],
B79: 2 | C79: =" ""wheelLength"": "&'FG_Symbol (3)'!$F$16&"," -> "wheelLength": 100, | I79: 2 | J79: =C79 -> "wheelLength": 100,
B80: 2 | C80: =" ""wheelData"": ["&_xlfn.TEXTJOIN(",",,'FG_Symbol (3)'!$V$4:$V$304)&"]}" -> "wheelData": [5,5,10,10,8,8,7,7,5,5,10,10,9,9,7,7,10,10,6,6,10,10,5,5,11,11,2,2,8,8,4,4,11,11,9,9,10,10,11,11,7,7,10,10,1,11,11,4,4,10,10,7,11,11,3,3,7,7,9,9,11,11,1,10,10,9,9,6,6,10,10,4,4,10,10,9,9,10,10,11,11,2,10,10,5,5,7,7,9,9,10,10,6,6,11,11,9,9,10,10]} | I80: 2 | J80: =" ""wheelData"": ["&_xlfn.TEXTJOIN(",",,'FG_Symbol (3)'!$AC$4:$AC$304)&"]}" -> "wheelData": [1,1,1,1,1,1,1,1,1,1,1,1,1,1,1,1,1,1,1,1,1,1,0,0,0,0,0,0,1,1,1,1,1,1,1,1,1,1,1,1,1,1,1,1,1,1,1,1,1,1,1,1,1,1,1,1,1,1,1,1,1,1,1,1,1,1,1,1,1,1,1,1,1,1,1,1,1,1,1,1,1,1,1,1,1,1,1,1,1,1,1,1,1,1,1,1,1,1,1,1]}
B81: 2 | C81: ,{ | I81: 2 | J81: ,{
B82: 2 | C82: "noWinIndex": [0], | I82: 2 | J82: "noWinIndex": [0],
B83: 2 | C83: =" ""wheelLength"": "&'FG_Symbol (3)'!$G$16&"," -> "wheelLength": 100, | I83: 2 | J83: =C83 -> "wheelLength": 100,
B84: 2 | C84: =" ""wheelData"": ["&_xlfn.TEXTJOIN(",",,'FG_Symbol (3)'!$W$4:$W$304)&"]}" -> "wheelData": [9,9,11,11,10,10,7,7,10,10,11,11,6,6,5,5,8,8,5,5,2,11,11,8,8,7,7,8,8,6,6,8,8,10,10,8,8,5,5,11,11,10,2,2,8,8,4,4,11,11,10,10,7,7,9,9,7,7,8,8,7,7,1,7,7,8,8,9,9,3,3,6,6,7,7,6,6,10,10,11,11,1,9,9,11,11,6,6,11,11,7,7,11,11,7,7,11,11,5,5]} | I84: 2 | J84: =" ""wheelData"": ["&_xlfn.TEXTJOIN(",",,'FG_Symbol (3)'!$AD$4:$AD$304)&"]}" -> "wheelData": [1,1,1,1,1,1,1,1,1,1,1,1,1,1,1,1,1,1,1,1,1,1,1,1,1,1,1,1,1,1,1,1,1,1,1,1,1,1,0,0,0,0,0,0,1,1,1,1,1,1,1,1,1,1,1,1,1,1,1,1,1,1,1,1,1,1,1,1,1,1,1,1,1,1,1,1,1,1,1,1,1,1,1,1,1,1,1,1,1,1,1,1,1,1,1,1,1,1,1,1]}
B85: 2 | C85: ,{ | I85: 2 | J85: ,{
B86: 2 | C86: "noWinIndex": [0], | I86: 2 | J86: "noWinIndex": [0],
B87: 2 | C87: =" ""wheelLength"": "&'FG_Symbol (3)'!$H$16&"," -> "wheelLength": 100, | I87: 2 | J87: =C87 -> "wheelLength": 100,
B88: 2 | C88: =" ""wheelData"": ["&_xlfn.TEXTJOIN(",",,'FG_Symbol (3)'!$X$4:$X$304)&"]}" -> "wheelData": [11,11,4,4,8,8,7,7,11,11,9,9,2,8,8,10,10,9,9,8,8,11,11,1,7,7,6,6,8,8,7,7,10,10,8,8,11,11,10,10,8,8,11,11,1,7,7,6,6,3,3,4,4,7,7,6,6,8,8,3,3,8,8,2,2,10,10,11,11,5,5,9,9,11,11,7,7,9,9,4,4,8,8,10,10,7,7,8,11,11,7,7,4,4,8,8,3,3,7,7]} | I88: 2 | J88: =" ""wheelData"": ["&_xlfn.TEXTJOIN(",",,'FG_Symbol (3)'!$AE$4:$AE$304)&"]}" -> "wheelData": [1,1,1,1,1,1,1,1,1,1,1,1,1,1,1,1,1,1,1,1,1,1,1,1,1,1,1,1,1,1,1,1,1,1,1,1,1,1,1,1,1,1,1,1,1,1,1,1,1,1,1,1,1,1,1,1,1,1,1,0,0,0,0,0,0,1,1,1,1,1,1,1,1,1,1,1,1,1,1,1,1,1,1,1,1,1,1,1,1,1,1,1,1,1,1,1,1,1,1,1]}
B89: 2 | C89: ], | I89: 2 | J89: ],
B90: {=B64:B89+1} -> 3 | C90: [ | I90: {=I64:I89+1} -> 3 | J90: [
B91: 3 | C91: { | I91: 3 | J91: {
B92: 3 | C92: "noWinIndex": [0], | I92: 3 | J92: "noWinIndex": [0],
B93: 3 | C93: =" ""wheelLength"": "&'FG_Symbol (4)'!$C$16&"," -> "wheelLength": 100, | I93: 3 | J93: =C93 -> "wheelLength": 100,
B94: 3 | C94: =" ""wheelData"": ["&_xlfn.TEXTJOIN(",",,'FG_Symbol (4)'!$S$4:$S$304)&"]}" -> "wheelData": [11,11,5,5,11,11,10,10,11,11,5,5,10,10,2,8,8,3,3,10,10,5,5,10,10,11,11,10,10,7,7,10,10,2,11,11,10,10,11,11,3,3,11,11,7,7,6,6,5,5,2,10,10,5,5,11,11,9,9,10,10,5,5,11,11,9,9,11,11,2,7,7,8,8,9,9,11,11,10,10,3,3,11,11,4,4,2,2,8,8,3,3,11,11,3,3,11,11,10,10]} | I94: 3 | J94: =" ""wheelData"": ["&_xlfn.TEXTJOIN(",",,'FG_Symbol (4)'!$Z$4:$Z$304)&"]}" -> "wheelData": [1,1,1,1,1,1,1,1,1,1,1,1,1,1,1,1,1,1,1,1,1,1,1,1,1,1,1,1,1,0,0,0,0,0,1,1,1,1,1,1,1,1,1,1,1,1,0,0,0,0,0,1,1,1,1,1,1,1,1,1,1,1,1,1,1,1,1,1,1,1,1,1,1,1,1,1,1,1,1,1,1,1,0,0,0,0,0,0,1,1,1,1,1,1,1,1,1,1,1,1]}
B95: 3 | C95: ,{ | I95: 3 | J95: ,{
B96: 3 | C96: "noWinIndex": [0], | I96: 3 | J96: "noWinIndex": [0],
B97: 3 | C97: =" ""wheelLength"": "&'FG_Symbol (4)'!$D$16&"," -> "wheelLength": 100, | I97: 3 | J97: =C97 -> "wheelLength": 100,
B98: 3 | C98: =" ""wheelData"": ["&_xlfn.TEXTJOIN(",",,'FG_Symbol (4)'!$T$4:$T$304)&"]}" -> "wheelData": [11,11,4,4,9,9,8,8,2,2,10,10,11,11,5,5,9,9,7,7,4,4,1,11,11,2,2,9,9,4,4,6,6,11,11,8,8,4,4,2,9,9,10,10,7,7,9,9,6,6,2,9,9,8,8,3,3,4,4,9,9,1,8,8,9,9,6,6,11,11,8,8,1,9,9,6,6,11,11,9,9,6,6,8,8,6,6,1,9,9,11,11,7,7,9,9,6,6,10,10]} | I98: 3 | J98: =" ""wheelData"": ["&_xlfn.TEXTJOIN(",",,'FG_Symbol (4)'!$AA$4:$AA$304)&"]}" -> "wheelData": [1,1,1,1,0,0,0,0,0,0,1,1,1,1,1,1,1,1,1,1,1,0,0,0,0,0,0,1,1,1,1,1,1,1,1,1,1,1,1,1,1,1,1,1,1,1,1,1,1,1,1,1,1,1,1,1,1,1,1,1,1,1,1,1,1,1,1,1,1,1,1,1,1,1,1,1,1,1,1,1,1,1,1,1,1,1,1,1,1,1,1,1,1,1,1,1,1,1,1,1]}
B99: 3 | C99: ,{ | I99: 3 | J99: ,{
B100: 3 | C100: "noWinIndex": [0], | I100: 3 | J100: "noWinIndex": [0],
B101: 3 | C101: =" ""wheelLength"": "&'FG_Symbol (4)'!$E$16&"," -> "wheelLength": 100, | I101: 3 | J101: =C101 -> "wheelLength": 100,
B102: 3 | C102: =" ""wheelData"": ["&_xlfn.TEXTJOIN(",",,'FG_Symbol (4)'!$U$4:$U$304)&"]}" -> "wheelData": [10,10,7,7,11,11,2,2,8,8,4,4,11,11,5,5,11,11,10,10,11,11,3,3,11,11,8,8,10,10,6,6,11,11,2,10,10,8,8,11,11,5,5,3,3,11,11,2,8,8,4,4,11,11,8,8,6,6,10,10,2,7,7,8,8,11,11,7,7,9,9,10,10,7,7,3,3,11,11,7,7,2,11,11,10,10,11,11,8,8,6,6,7,7,5,5,11,11,4,4]} | I102: 3 | J102: =" ""wheelData"": ["&_xlfn.TEXTJOIN(",",,'FG_Symbol (4)'!$AB$4:$AB$304)&"]}" -> "wheelData": [1,1,0,0,0,0,0,0,1,1,1,1,1,1,1,1,1,1,1,1,1,1,1,1,1,1,1,1,1,1,1,1,1,1,1,1,1,1,1,1,1,1,1,1,1,1,1,1,1,1,1,1,1,1,1,1,0,0,0,0,0,1,1,1,1,1,1,1,1,1,1,1,1,1,1,1,1,1,1,1,1,1,1,1,1,1,1,1,1,1,1,1,1,1,1,1,1,1,1,1]}
B103: 3 | C103: ,{ | I103: 3 | J103: ,{
B104: 3 | C104: "noWinIndex": [0], | I104: 3 | J104: "noWinIndex": [0],
B105: 3 | C105: =" ""wheelLength"": "&'FG_Symbol (4)'!$F$16&"," -> "wheelLength": 100, | I105: 3 | J105: =C105 -> "wheelLength": 100,
...

Sheet NB_Flow
B2: # Storm of Seth 遊戲邏輯
B4: ## BaseGame (主遊戲)
B6: ### 如何決定盤面
B7: 1. **輪盤選擇**:
B8: - 從 base1、base2、base3 三組輪盤集合中選擇一組
B9: - 使用 `weight.cumulativeWeight(weight.weightBaseReelSet)` 根據權重來決定使用哪一組輪盤
B10: - 每組輪盤集合的選擇權重分配為：
B11: - base1
B12: - base2
B13: - base3
B14: - base4
B16: 2. **符號決定**:
... B120: 1. 若該次 FreeGame > 9000 * 押注或 FreeGame < 10 * 押注，則重抽 FreeGame 完整結果
B123: C1 Num. | C123: Base Game | D123: Free Game | F123: Description | G123: 4 | H123: 5 | I123: 6
B124: 3 | C124: 0 | D124: 5 | F124: Wild | G124: 0 | H124: 0 | I124: 0
B125: 4 | C125: 15 | D125: 5 | F125: Scatter | G125: 300 | H125: 500 | I125: 10000
B126: 5 | C126: 15 | D126: 5
B127: 6 | C127: 15 | D127: 5
C129: 在BG 4C1 pay 300 + 15次Free Spin
C130: 在BG 5C1 pay 500 + 15次Free Spin
C131: 在BG 6C1 pay 10000 + 15次Free Spin
C133: 在FG 3C1 5次Free Spin
C134: 在FG 4C1 pay 300 + 5次Free Spin
C135: 在FG 5C1 pay 500 + 5次Free Spin
C136: 在FG 6C1 pay 10000 + 5次Free Spin

Sheet Multiplier_Weight
B2: A | C2: Newbie | D2: Newbie | E2: Oldhand | F2: Oldhand | G2: Oldhand | H2: Oldhand
B3: Range | C3: Weight_NB_BG | D3: Weight_NB_FG | E3: Weight_NB_BG | F3: Weight_NB_FG | G3: Weight_BF_FG | H3: Weight_SF_FG
B4: (-1, 0] | C4: {=Multiplier_Weight_Newbie!L16:L80} -> 716089973 | D4: {=Multiplier_Weight_Newbie!L89:L152} -> 0 | E4: {=Multiplier_Weight_Oldhand!L16:L80} -> 719471124 | F4: {=Multiplier_Weight_Oldhand!L89:L152} -> 0 | G4: {=Multiplier_Weight_Oldhand!L159:L222} -> 0 | H4: {=_xlfn.ANCHORARRAY(Multiplier_Weight_Oldhand!L229)} -> 0
B5: (0, 1] | C5: 150413198 | D5: 0 | E5: 151113333 | F5: 0 | G5: 0 | H5: 0
B6: (1, 2] | C6: 54248599 | D6: 0 | E6: 54501112 | F6: 0 | G6: 0 | H6: 0
B7: (2, 3] | C7: 17724287 | D7: 0 | E7: 17806789 | F7: 0 | G7: 0 | H7: 0
B8: (3, 4] | C8: 12618997 | D8: 0 | E8: 12677735 | F8: 0 | G8: 0 | H8: 0
B9: (4, 5] | C9: 14755671 | D9: 0 | E9: 14824355 | F9: 0 | G9: 0 | H9: 0
B10: (5, 6] | C10: 12270945 | D10: 0 | E10: 12328063 | F10: 0 | G10: 0 | H10: 0
B11: (6, 7] | C11: 1699777 | D11: 0 | E11: 1707689 | F11: 0 | G11: 0 | H11: 0
B12: (7, 8] | C12: 1372633 | D12: 0 | E12: 1379023 | F12: 0 | G12: 0 | H12: 0
B13: (8, 9] | C13: 1238230 | D13: 0 | E13: 1243993 | F13: 0 | G13: 0 | H13: 0
B14: (9, 10] | C14: 1113887 | D14: 0 | E14: 1119072 | F14: 0 | G14: 0 | H14: 0
B15: (10, 15] | C15: 6052235 | D15: 0 | E15: 5438967 | F15: 38890097 | G15: 19716216 | H15: 0
B16: (15, 20] | C16: 2902448 | D16: 0 | E16: 1070357 | F16: 86411234 | G16: 81349051 | H16: 0
... B67: (100000, 9999999] | C67: 0 | D67: 0 | E67: 0 | F67: 0 | G67: 0 | H67: 0
B68: Free Game | C68: 3576446 | E68: 2222125

Sheet Multiplier_Weight_Newbie
A2: Threshold | B2: 1000000000
A3: Coin in | B3: =Overview!A12 -> 100
E4: 0.00017112
C5: RTP | E5: 0.647223 | F5: 0.017112
B6: Bet | C6: Base Game | D6: Free Game | E6: Total | F6: Hit Rate | G6: FG Period | H6: Avg Multi
A7: Normal Bet | B7: {=Overview!B12:B14} -> 1 | C7: =SUM(N16:N80) -> 0.68549637 | D7: =SUM(_xlfn.ANCHORARRAY(N89))*M80 -> 0.24452612 | E7: =SUM(C7:D7) -> 0.93002249 | F7: =M80 -> 0.003576446 | G7: =1/F7 -> 279.60719 | H7: =D7*G7 -> 68.371261
A8: Buy Feature | B8: 100
A9: Super Feature | B9: 500
A12: Base Game
A14: Simulator | B14: =10^8 -> 100000000 | H14: Calculate | P14: Compare
A15: Lower | B15: Upper | C15: Cnt | D15: Pay | E15: Hit Rate | F15: Avg. Multi. | H15: Range | I15: Fix Num | J15: Fix Rate | K15: Final Rate | L15: Weight | M15: Hit Rate | N15: Simulator RTP | O15: 1.05 | P15: 目前 | Q15: 競品 | R15: 差異
A16: -1 | B16: 0 | C16: {=Multiplier_Weight_Oldhand!C16:D79} -> 53951733 | D16: 0 | E16: {=_xlfn.LET(_xlpm.x, C16:C79, _xlpm.x/SUM(_xlpm.x))} -> 0.54156878 | F16: {=_xlfn.LET(_xlpm.x, D16:D82/C16:C82/B3, IF(ISERR(_xlpm.x), 0, _xlpm.x))} -> 0 | H16: ="("&$A16&", "&$B16&"]" -> (-1, 0] | I16: 1.36 | J16: {=E16:E80*I16:I80} -> 0.73653354 | K16: {=J16:J79/SUM(_xlfn.ANCHORARRAY(J16))} -> 0.71618876 | L16: =INT($B$2-SUM(_xlfn.ANCHORARRAY(L17))) -> 716089973 | M16: {=_xlfn.LET(_xlpm.x, L16:L80, _xlpm.x/SUM(_xlpm.x))} -> 0.71608997 | N16: {=M16:M80*F16:F80} -> 0 | O16: {=ROUND(O15*I16:I80, 2)} -> 1.43 | P16: {=M16:M79} -> 0.71608997 | Q16: 0.73158454 | R16: {=_xlfn.LET(_xlpm.x, Q16:Q79/M16:M79, IF(ISERR(_xlpm.x), 0, ROUND(_xlpm.x,2)))} -> 1.02
A17: 0 | B17: 1 | C17: 11945134 | D17: 660879425 | E17: 0.11990554 | F17: 0.55326246 | H17: ="("&$A17&", "&$B17&"]" -> (0, 1] | I17: 1.2900654 | J17: 0.15468599 | K17: 0.1504132 | L17: {=INT(K17:K80*$B$2)} -> 150413198 | M17: 0.1504132 | N17: 0.083217976 | O17: 1.35 | P17: 0.1504132 | Q17: 0.13579919 | R17: 0.9
A18: 1 | B18: 2 | C18: 6059424 | D18: 936595100 | E18: 0.060824643 | F18: 1.5456834 | H18: ="("&$A18&", "&$B18&"]" -> (1, 2] | I18: 0.91722102 | J18: 0.05578964 | K18: 0.0542486 | L18: 54248599 | M18: 0.054248599 | N18: 0.083851158 | O18: 0.96 | P18: 0.054248599 | Q18: 0.046629 | R18: 0.86
A19: 2 | B19: 3 | C19: 3590142 | D19: 911783495 | E19: 0.036037931 | F19: 2.5396864 | H19: ="("&$A19&", "&$B19&"]" -> (2, 3] | I19: 0.50579434 | J19: 0.018227782 | K19: 0.017724287 | L19: 17724287 | M19: 0.017724287 | N19: 0.045014131 | O19: 0.53 | P19: 0.017724287 | Q19: 0.022302529 | R19: 1.26
A20: 3 | B20: 4 | C20: 2476164 | D20: 896079365 | E20: 0.024855793 | F20: 3.6188207 | H20: ="("&$A20&", "&$B20&"]" -> (3, 4] | I20: 0.52211029 | J20: 0.012977465 | K20: 0.012618997 | L20: 12618997 | M20: 0.012618997 | N20: 0.045665888 | O20: 0.55 | P20: 0.012618997 | Q20: 0.015819895 | R20: 1.25
A21: 4 | B21: 5 | C21: 1559894 | D21: 724044715 | E21: 0.015658253 | F21: 4.6416277 | H21: ="("&$A21&", "&$B21&"]" -> (4, 5] | I21: 0.969127 | J21: 0.015174836 | K21: 0.014755671 | L21: 14755671 | M21: 0.014755671 | N21: 0.068490331 | O21: 1.02 | P21: 0.014755671 | Q21: 0.016012707 | R21: 1.09
A22: 5 | B22: 6 | C22: 1553649 | D22: 874821260 | E22: 0.015595566 | F22: 5.6307522 | H22: ="("&$A22&", "&$B22&"]" -> (5, 6] | I22: 0.809174 | J22: 0.012619526 | K22: 0.012270945 | L22: 12270945 | M22: 0.012270945 | N22: 0.069094651 | O22: 0.85 | P22: 0.012270945 | Q22: 0.013282794 | R22: 1.08
A23: 6 | B23: 7 | C23: 1002882 | D23: 660232270 | E23: 0.010066953 | F23: 6.5833495 | H23: ="("&$A23&", "&$B23&"]" -> (6, 7] | I23: 0.17364375 | J23: 0.0017480635 | K23: 0.0016997779 | L23: 1699777 | M23: 0.001699777 | N23: 0.011190226 | O23: 0.18 | P23: 0.001699777 | Q23: 0.001541177 | R23: 0.91
A24: 7 | B24: 8 | C24: 934459 | D24: 709283665 | E24: 0.0093801217 | F24: 7.5903134 | H24: ="("&$A24&", "&$B24&"]" -> (7, 8] | I24: 0.15049125 | J24: 0.0014116262 | K24: 0.0013726338 | L24: 1372633 | M24: 0.001372633 | N24: 0.010418715 | O24: 0.16 | P24: 0.001372633 | Q24: 0.001177802 | R24: 0.86
A25: 8 | B25: 9 | C25: 842960 | D25: 727119225 | E25: 0.0084616526 | F25: 8.6257856 | H25: ="("&$A25&", "&$B25&"]" -> (8, 9] | I25: 0.15049125 | J25: 0.0012734047 | K25: 0.0012382302 | L25: 1238230 | M25: 0.00123823 | N25: 0.010680707 | O25: 0.16 | P25: 0.00123823 | Q25: 0.001098453 | R25: 0.89
A26: 9 | B26: 10 | C26: 758310 | D26: 737465410 | E26: 0.0076119339 | F26: 9.7251178 | H26: ="("&$A26&", "&$B26&"]" -> (9, 10] | I26: 0.15049125 | J26: 0.0011455294 | K26: 0.0011138872 | L26: 1113887 | M26: 0.001113887 | N26: 0.010832682 | O26: 0.16 | P26: 0.001113887 | Q26: 0.00099536 | R26: 0.89
A27: 10 | B27: 15 | C27: 2590052 | D27: 3231669960 | E27: 0.025999004 | F27: 12.47724 | H27: ="("&$A27&", "&$B27&"]" -> (10, 15] | I27: 0.2394 | J27: 0.0062241615 | K27: 0.0060522355 | L27: 6052235 | M27: 0.006052235 | N27: 0.075515187 | O27: 0.25 | P27: 0.006052235 | Q27: 0.004708171 | R27: 0.78
A28: 15 | B28: 20 | C28: 1571483 | D28: 2763510455 | E28: 0.015774584 | F28: 17.585367 | H28: ="("&$A28&", "&$B28&"]" -> (15, 20] | I28: 0.189222 | J28: 0.0029848983 | K28: 0.0029024484 | L28: 2902448 | M28: 0.002902448 | N28: 0.051040612 | O28: 0.2 | P28: 0.002902448 | Q28: 0.002323036 | R28: 0.8
A29: 20 | B29: 25 | C29: 1160675 | D29: 2636526365 | E29: 0.011650883 | F29: 22.715458 | H29: ="("&$A29&", "&$B29&"]" -> (20, 25] | I29: 0.19 | J29: 0.0022136678 | K29: 0.0021525211 | L29: 2152521 | M29: 0.002152521 | N29: 0.048895499 | O29: 0.2 | P29: 0.002152521 | Q29: 0.00175918 | R29: 0.82
... A79: 100000 | B79: 9999999 | C79: 41 | D79: 506435290 | E79: 4.1155898e-07 | F79: 123520.8 | H79: ="("&$A79&", "&$B79&"]" -> (100000, 9999999] | I79: 0 | J79: 0 | K79: 0 | L79: 0 | M79: 0 | N79: 0 | O79: 0 | P79: 0 | Q79: 0 | R79: 0
A80: Free Game | C80: =E80*B14 -> 362500 | D80: =Multiplier_Weight_Oldhand!D80 -> 233603075 | E80: =Multiplier_Weight_Oldhand!E80 -> 0.003625 | F80: 6.4442228 | H80: Free Game | I80: 0.986606 | J80: 0.0035764468 | K80: =J80 -> 0.0035764468 | L80: 3576446 | M80: 0.003576446 | N80: 0.023047415 | O80: 1.04 | Q80: 0.003502411
A81: Buy Feature | C81: 10000000 | D81: =Multiplier_Weight_Oldhand!D81 -> 32893867050 | E81: =Multiplier_Weight_Oldhand!E81 -> 1 | F81: 32.893867 | H81: Buy Feature | M81: =E81 -> 1 | N81: =F81/#REF! -> #REF!
A82: Super Feature | C82: 10000000 | D82: =D81 -> 32893867050 | E82: =Multiplier_Weight_Oldhand!E82 -> 1 | F82: 32.893867 | H82: Buy Feature | M82: =E82 -> 1 | N82: =F82/#REF! -> #REF!
A85: Free Game
A87: Simulator | B87: 10000000 | H87: Calculate | P87: Compare
A88: Lower | B88: Upper | C88: Cnt | D88: Pay | E88: Hit Rate | F88: Avg. Multi. | H88: Range | I88: Fix Num | J88: Fix Rate | K88: Final Rate | L88: Weight | M88: Hit Rate | N88: Simulator RTP | O88: 0.95 | P88: 目前 | Q88: 競品 | R88: 差異
A89: -1 | B89: 0 | C89: {=Multiplier_Weight_Oldhand!C89:D152} -> 20 | D89: 0 | E89: {=_xlfn.LET(_xlpm.x, C89:C152, _xlpm.x/SUM(_xlpm.x))} -> 5.2798589e-05 | F89: {=_xlfn.LET(_xlpm.x, D89:D152/C89:C152/B3, IF(ISERR(_xlpm.x), 0, _xlpm.x))} -> 0 | H89: ="("&$A89&", "&$B89&"]" -> (-1, 0] | I89: 0 | J89: {=_xlfn.ANCHORARRAY(E89)*I89:I152} -> 0 | K89: {=J89:J152/SUM(_xlfn.ANCHORARRAY(J89))} -> 0 | L89: 0 | M89: {=_xlfn.LET(_xlpm.x, L89:L152, _xlpm.x/SUM(_xlpm.x))} -> 0 | N89: {=M89:M152*_xlfn.ANCHORARRAY(F89)} -> 0 | O89: {=ROUND(O88*I89:I152, 2)} -> 0 | P89: {=_xlfn.ANCHORARRAY(M89)} -> 0 | Q89: 0 | R89: {=_xlfn.LET(_xlpm.x, Q89:Q152/M89:M152, IF(ISERR(_xlpm.x), 0, ROUND(_xlpm.x,2)))} -> 0
A90: 0 | B90: 1 | C90: 156 | D90: 10705 | E90: 0.000411829 | F90: 0.68621795 | H90: ="("&$A90&", "&$B90&"]" -> (0, 1] | I90: 0 | J90: 0 | K90: 0 | L90: 0 | M90: 0 | N90: 0 | O90: 0 | P90: 0 | Q90: 0 | R90: 0
A91: 1 | B91: 2 | C91: 301 | D91: 48160 | E91: 0.00079461877 | F91: 1.6 | H91: ="("&$A91&", "&$B91&"]" -> (1, 2] | I91: 0 | J91: 0 | K91: 0 | L91: 0 | M91: 0 | N91: 0 | O91: 0 | P91: 0 | Q91: 0 | R91: 0
A92: 2 | B92: 3 | C92: 471 | D92: 120465 | E92: 0.0012434068 | F92: 2.5576433 | H92: ="("&$A92&", "&$B92&"]" -> (2, 3] | I92: 0 | J92: 0 | K92: 0 | L92: 0 | M92: 0 | N92: 0 | O92: 0 | P92: 0 | Q92: 0 | R92: 0
A93: 3 | B93: 4 | C93: 536 | D93: 190190 | E93: 0.0014150022 | F93: 3.5483209 | H93: ="("&$A93&", "&$B93&"]" -> (3, 4] | I93: 0 | J93: 0 | K93: 0 | L93: 0 | M93: 0 | N93: 0 | O93: 0 | P93: 0 | Q93: 0 | R93: 0
A94: 4 | B94: 5 | C94: 505 | D94: 229835 | E94: 0.0013331644 | F94: 4.5511881 | H94: ="("&$A94&", "&$B94&"]" -> (4, 5] | I94: 0 | J94: 0 | K94: 0 | L94: 0 | M94: 0 | N94: 0 | O94: 0 | P94: 0 | Q94: 0 | R94: 0
A95: 5 | B95: 6 | C95: 548 | D95: 301735 | E95: 0.0014466813 | F95: 5.5061131 | H95: ="("&$A95&", "&$B95&"]" -> (5, 6] | I95: 0 | J95: 0 | K95: 0 | L95: 0 | M95: 0 | N95: 0 | O95: 0 | P95: 0 | Q95: 0 | R95: 0
A96: 6 | B96: 7 | C96: 573 | D96: 374860 | E96: 0.0015126796 | F96: 6.5420593 | H96: ="("&$A96&", "&$B96&"]" -> (6, 7] | I96: 0 | J96: 0 | K96: 0 | L96: 0 | M96: 0 | N96: 0 | O96: 0 | P96: 0 | Q96: 0 | R96: 0
A97: 7 | B97: 8 | C97: 580 | D97: 436280 | E97: 0.0015311591 | F97: 7.522069 | H97: ="("&$A97&", "&$B97&"]" -> (7, 8] | I97: 0 | J97: 0 | K97: 0 | L97: 0 | M97: 0 | N97: 0 | O97: 0 | P97: 0 | Q97: 0 | R97: 0
A98: 8 | B98: 9 | C98: 609 | D98: 520405 | E98: 0.001607717 | F98: 8.5452381 | H98: ="("&$A98&", "&$B98&"]" -> (8, 9] | I98: 0 | J98: 0 | K98: 0 | L98: 0 | M98: 0 | N98: 0 | O98: 0 | P98: 0 | Q98: 0 | R98: 0
A99: 9 | B99: 10 | C99: 581 | D99: 554625 | E99: 0.001533799 | F99: 9.5460413 | H99: ="("&$A99&", "&$B99&"]" -> (9, 10] | I99: 0 | J99: 0 | K99: 0 | L99: 0 | M99: 0 | N99: 0 | O99: 0 | P99: 0 | Q99: 0 | R99: 0
A100: 10 | B100: 15 | C100: 3152 | D100: 3964935 | E100: 0.0083210577 | F100: 12.579109 | H100: ="("&$A100&", "&$B100&"]" -> (10, 15] | I100: 0 | J100: 0 | K100: 0 | L100: 0 | M100: 0 | N100: 0 | O100: 0 | P100: 0 | Q100: 0 | R100: 0
A101: 15 | B101: 20 | C101: 3259 | D101: 5704375 | E101: 0.0086035301 | F101: 17.503452 | H101: ="("&$A101&", "&$B101&"]" -> (15, 20] | I101: 0 | J101: 0 | K101: 0 | L101: 0 | M101: 0 | N101: 0 | O101: 0 | P101: 0 | Q101: 0 | R101: 0
... A107: 45 | B107: 50 | C107: 3320 | D107: 15777005 | E107: 0.0087645658 | F107: 47.521099 | H107: ="("&$A107&", "&$B107&"]" -> (45, 50] | I107: 0 | J107: 0 | K107: 0 | L107: 0 | M107: 0 | N107: 0 | O107: 0 | P107: 0 | Q107: 0 | R107: 0
A108: 50 | B108: 60 | C108: 6277 | D108: 34508720 | E108: 0.016570837 | F108: 54.976454 | H108: ="("&$A108&", "&$B108&"]" -> (50, 60] | I108: 0.53 | J108: 0.0087825437 | K108: 0.019442762 | L108: =INT($B$2-SUM(_xlfn.ANCHORARRAY(L109))) -> 557069786 | M108: 0.55706979 | N108: 30.625721 | O108: 0.5 | P108: 0.55706979 | Q108: 0.21618924 | R108: 0.39
A109: 60 | B109: 70 | C109: 6148 | D109: 39960920 | E109: 0.016230286 | F109: 64.998243 | H109: ="("&$A109&", "&$B109&"]" -> (60, 70] | I109: 5.87 | J109: 0.095271781 | K109: 0.21091231 | L109: {=INT(J109:J152*$B$2)} -> 95271780 | M109: 0.09527178 | N109: 6.1924983 | O109: 5.58 | P109: 0.09527178 | Q109: 0.208938 | R109: 2.19
A110: 70 | B110: 80 | C110: 5898 | D110: 44213710 | E110: 0.015570304 | F110: 74.963903 | H110: ="("&$A110&", "&$B110&"]" -> (70, 80] | I110: 5.88 | J110: 0.091553387 | K110: 0.20268054 | L110: 91553387 | M110: 0.091553387 | N110: 6.8631992 | O110: 5.59 | P110: 0.091553387 | Q110: 0.1738556 | R110: 1.9
A111: 80 | B111: 90 | C111: 5688 | D111: 48339005 | E111: 0.015015919 | F111: 84.984186 | H111: ="("&$A111&", "&$B111&"]" -> (80, 90] | I111: 5.81 | J111: 0.087242488 | K111: 0.19313709 | L111: 87242488 | M111: 0.087242488 | N111: 7.4142318 | O111: 5.52 | P111: 0.087242488 | Q111: 0.14727315 | R111: 1.69
A112: 90 | B112: 100 | C112: 5379 | D112: 51105150 | E112: 0.014200181 | F112: 95.008645 | H112: ="("&$A112&", "&$B112&"]" -> (90, 100] | I112: 6.04 | J112: 0.085769091 | K112: 0.18987529 | L112: 85769090 | M112: 0.08576909 | N112: 8.148805 | O112: 5.74 | P112: 0.08576909 | Q112: 0.133155 | R112: 1.55
A113: 100 | B113: 120 | C113: 10388 | D113: 114099530 | E113: 0.027423587 | F113: 109.83782 | H113: ="("&$A113&", "&$B113&"]" -> (100, 120] | I113: 3.03 | J113: 0.083093469 | K113: 0.18395201 | L113: 83093469 | M113: 0.083093469 | N113: 9.1268057 | O113: 2.88 | P113: 0.083093469 | Q113: 0.120589 | R113: 1.45
A114: 120 | B114: 140 | C114: 9735 | D114: 126569110 | E114: 0.025699713 | F114: 130.01449 | H114: ="("&$A114&", "&$B114&"]" -> (120, 140] | I114: 0 | J114: 0 | K114: 0 | L114: 0 | M114: 0 | N114: 0 | O114: 0 | P114: 0 | Q114: 0 | R114: 0
A115: 140 | B115: 160 | C115: 8853 | D115: 132716855 | E115: 0.023371296 | F115: 149.91173 | H115: ="("&$A115&", "&$B115&"]" -> (140, 160] | I115: 0 | J115: 0 | K115: 0 | L115: 0 | M115: 0 | N115: 0 | O115: 0 | P115: 0 | Q115: 0 | R115: 0
A116: 160 | B116: 180 | C116: 8393 | D116: 142623530 | E116: 0.022156928 | F116: 169.93153 | H116: ="("&$A116&", "&$B116&"]" -> (160, 180] | I116: 0 | J116: 0 | K116: 0 | L116: 0 | M116: 0 | N116: 0 | O116: 0 | P116: 0 | Q116: 0 | R116: 0
A117: 180 | B117: 200 | C117: 7947 | D117: 150994175 | E117: 0.020979519 | F117: 190.00148 | H117: ="("&$A117&", "&$B117&"]" -> (180, 200] | I117: 0 | J117: 0 | K117: 0 | L117: 0 | M117: 0 | N117: 0 | O117: 0 | P117: 0 | Q117: 0 | R117: 0
A118: 200 | B118: 250 | C118: 17306 | D118: 388278880 | E118: 0.045686619 | F118: 224.36085 | H118: ="("&$A118&", "&$B118&"]" -> (200, 250] | I118: 0 | J118: 0 | K118: 0 | L118: 0 | M118: 0 | N118: 0 | O118: 0 | P118: 0 | Q118: 0 | R118: 0
A119: 250 | B119: 300 | C119: 14943 | D119: 410224220 | E119: 0.039448466 | F119: 274.52601 | H119: ="("&$A119&", "&$B119&"]" -> (250, 300] | I119: 0 | J119: 0 | K119: 0 | L119: 0 | M119: 0 | N119: 0 | O119: 0 | P119: 0 | Q119: 0 | R119: 0
A120: 300 | B120: 350 | C120: 13044 | D120: 423471680 | E120: 0.03443524 | F120: 324.64864 | H120: ="("&$A120&", "&$B120&"]" -> (300, 350] | I120: 0 | J120: 0 | K120: 0 | L120: 0 | M120: 0 | N120: 0 | O120: 0 | P120: 0 | Q120: 0 | R120: 0
A121: 350 | B121: 400 | C121: 11423 | D121: 427800650 | E121: 0.030155914 | F121: 374.50814 | H121: ="("&$A121&", "&$B121&"]" -> (350, 400] | I121: 0 | J121: 0 | K121: 0 | L121: 0 | M121: 0 | N121: 0 | O121: 0 | P121: 0 | Q121: 0 | R121: 0
... A152: 100000 | B152: 9999999 | C152: 15 | D152: 175673705 | E152: 3.9598942e-05 | F152: 117115.8 | H152: ="("&$A152&", "&$B152&"]" -> (100000, 9999999] | I152: 0 | J152: 0 | K152: 0 | L152: 0 | M152: 0 | N152: 0 | O152: 0 | P152: 0 | Q152: 0 | R152: 0

Sheet Multiplier_Weight_Oldhand
A2: Threshold | B2: 1000000000
A3: Coin in | B3: =Overview!A12 -> 100
C5: RTP
B6: Bet | C6: Base Game | D6: Free Game | E6: Total | F6: Hit Rate | G6: FG Period | H6: Avg Multi
A7: Normal Bet | B7: {=Overview!B12:B14} -> 1 | C7: =SUM(N16:N80) -> 0.71000054 | D7: =SUM(_xlfn.ANCHORARRAY(N89))*M80 -> 0.23004247 | E7: =SUM(C7:D7) -> 0.94004301 | F7: =M80 -> 0.002222125 | G7: =1/F7 -> 450.01969 | H7: =D7*G7 -> 103.52364
A8: Buy Feature | B8: 100 | C8: =N81 -> 0.032893867 | D8: =SUM(_xlfn.ANCHORARRAY(N159))/B8 -> 0.89210623 | E8: =SUM(C8:D8) -> 0.9250001 | F8: =E81 -> 1 | G8: =1/F8 -> 1 | H8: =D8*G8*B8 -> 89.210623 | I8: =SUM(M183:M222) -> 0.25439679
A9: Super Feature | B9: 500 | C9: =N82 -> 0.0065787734 | D9: =SUM(_xlfn.ANCHORARRAY(N229))/B9 -> 0.91842097 | E9: =SUM(C9:D9) -> 0.92499974 | F9: =F8 -> 1 | G9: =1/F9 -> 1 | H9: =D9*G9*B9 -> 459.21049 | I9: =SUM(M264:M292) -> 0.34867071
A12: Base Game
A14: Simulator | B14: =10^8 -> 100000000 | H14: Calculate | I14: 1 | P14: Compare | Q14: 1 | U14: 1 | V14: 2 | W14: 3 | X14: 4 | Z14: AB Test
A15: Lower | B15: Upper | C15: Cnt | D15: Pay | E15: Hit Rate | F15: Avg. Multi. | H15: Range | I15: Fix Num | J15: Fix Rate | K15: Final Rate | L15: Weight | M15: Hit Rate | N15: Simulator RTP | O15: 1.05 | P15: 目前 | Q15: 競品 | R15: 差異 | T15: Range | U15: 1.0.0.3 | V15: =Overview!B3 -> 3.0.0.1 | W15: 奧林帕斯 | X15: 糖果 | Z15: A版 | AA15: B版 | AB15: Weight A版 | AC15: Weight B版
A16: -1 | B16: 0 | C16: 53951733 | D16: 0 | E16: {=_xlfn.LET(_xlpm.x, C16:C79, _xlpm.x/SUM(_xlpm.x))} -> 0.54156878 | F16: {=_xlfn.LET(_xlpm.x, D16:D82/C16:C82/B3, IF(ISERR(_xlpm.x), 0, _xlpm.x))} -> 0 | H16: ="("&$A16&", "&$B16&"]" -> (-1, 0] | I16: 1.36 | J16: {=E16:E80*I16:I80} -> 0.73653354 | K16: {=J16:J79/SUM(_xlfn.ANCHORARRAY(J16))} -> 0.71952243 | L16: =INT($B$2-SUM(_xlfn.ANCHORARRAY(L17))) -> 719471124 | M16: {=_xlfn.LET(_xlpm.x, L16:L80, _xlpm.x/SUM(_xlpm.x))} -> 0.71947112 | N16: {=M16:M80*F16:F80} -> 0 | O16: =$O$15*I16 -> 1.428 | P16: {=M16:M79} -> 0.71947112 | Q16: {=CHOOSE(Q14, U16:U79,W16:W79,X16:X79)} -> 0.73388045 | R16: {=_xlfn.LET(_xlpm.x, Q16:Q79/M16:M79, IF(ISERR(_xlpm.x), 0, ROUND(_xlpm.x,2)))} -> 1.02 | T16: ="("&$A16&", "&$B16&"]" -> (-1, 0] | U16: 0.73388045 | V16: {=_xlfn.ANCHORARRAY(M16)} -> 0.71947112 | W16: 0.71481219 | X16: 0.56957507 | Z16: 1.36 | AA16: 1.36 | AB16: 719471124 | AC16: 719471124
A17: 0 | B17: 1 | C17: 11945134 | D17: 660879425 | E17: 0.11990554 | F17: 0.55326246 | H17: ="("&$A17&", "&$B17&"]" -> (0, 1] | I17: 1.2900654 | J17: 0.15468599 | K17: 0.15111333 | L17: {=INT(K17:K80*$B$2)} -> 151113333 | M17: 0.15111333 | N17: 0.083605335 | O17: =$O$15*I17 -> 1.3545687 | P17: 0.15111333 | Q17: 0.13623061 | R17: 0.9 | T17: ="("&$A17&", "&$B17&"]" -> (0, 1] | U17: 0.13623061 | V17: 0.15111333 | W17: 0.17448618 | X17: 0.22958295 | Z17: 1.2900654 | AA17: 1.2900654 | AB17: 151113333 | AC17: 151113333
A18: 1 | B18: 2 | C18: 6059424 | D18: 936595100 | E18: 0.060824643 | F18: 1.5456834 | H18: ="("&$A18&", "&$B18&"]" -> (1, 2] | I18: 0.91722102 | J18: 0.05578964 | K18: 0.054501113 | L18: 54501112 | M18: 0.054501112 | N18: 0.084241463 | O18: =$O$15*I18 -> 0.96308207 | P18: 0.054501112 | Q18: 0.046777134 | R18: 0.86 | T18: ="("&$A18&", "&$B18&"]" -> (1, 2] | U18: 0.046777134 | V18: 0.054501112 | W18: 0.056413891 | X18: 0.085959579 | Z18: 0.91722102 | AA18: 0.91722102 | AB18: 54501112 | AC18: 54501112
A19: 2 | B19: 3 | C19: 3590142 | D19: 911783495 | E19: 0.036037931 | F19: 2.5396864 | H19: ="("&$A19&", "&$B19&"]" -> (2, 3] | I19: 0.50579434 | J19: 0.018227782 | K19: 0.017806789 | L19: 17806789 | M19: 0.017806789 | N19: 0.045223661 | O19: =$O$15*I19 -> 0.53108406 | P19: 0.017806789 | Q19: 0.022373381 | R19: 1.26 | T19: ="("&$A19&", "&$B19&"]" -> (2, 3] | U19: 0.022373381 | V19: 0.017806789 | W19: 0.021261517 | X19: 0.03875045 | Z19: 0.50579434 | AA19: 0.50579434 | AB19: 17806789 | AC19: 17806789
A20: 3 | B20: 4 | C20: 2476164 | D20: 896079365 | E20: 0.024855793 | F20: 3.6188207 | H20: ="("&$A20&", "&$B20&"]" -> (3, 4] | I20: 0.52211029 | J20: 0.012977465 | K20: 0.012677735 | L20: 12677735 | M20: 0.012677735 | N20: 0.04587845 | O20: =$O$15*I20 -> 0.5482158 | P20: 0.012677735 | Q20: 0.015870153 | R20: 1.25 | T20: ="("&$A20&", "&$B20&"]" -> (3, 4] | U20: 0.015870153 | V20: 0.012677735 | W20: 0.013465627 | X20: 0.032026186 | Z20: 0.52211029 | AA20: 0.52211029 | AB20: 12677735 | AC20: 12677735
A21: 4 | B21: 5 | C21: 1559894 | D21: 724044715 | E21: 0.015658253 | F21: 4.6416277 | H21: ="("&$A21&", "&$B21&"]" -> (4, 5] | I21: 0.969127 | J21: 0.015174836 | K21: 0.014824355 | L21: 14824355 | M21: 0.014824355 | N21: 0.068809136 | O21: =$O$15*I21 -> 1.0175833 | P21: 0.014824355 | Q21: 0.016063577 | R21: 1.08 | T21: ="("&$A21&", "&$B21&"]" -> (4, 5] | U21: 0.016063577 | V21: 0.014824355 | W21: 0.0066619419 | X21: 0.01498512 | Z21: 0.969127 | AA21: 0.969127 | AB21: 14824355 | AC21: 14824355
A22: 5 | B22: 6 | C22: 1553649 | D22: 874821260 | E22: 0.015595566 | F22: 5.6307522 | H22: ="("&$A22&", "&$B22&"]" -> (5, 6] | I22: 0.809174 | J22: 0.012619526 | K22: 0.012328063 | L22: 12328063 | M22: 0.012328063 | N22: 0.069416268 | O22: =$O$15*I22 -> 0.8496327 | P22: 0.012328063 | Q22: 0.013324992 | R22: 1.08 | T22: ="("&$A22&", "&$B22&"]" -> (5, 6] | U22: 0.013324992 | V22: 0.012328063 | W22: 0.0036853296 | X22: 0.008603128 | Z22: 0.809174 | AA22: 0.809174 | AB22: 12328063 | AC22: 12328063
A23: 6 | B23: 7 | C23: 1002882 | D23: 660232270 | E23: 0.010066953 | F23: 6.5833495 | H23: ="("&$A23&", "&$B23&"]" -> (6, 7] | I23: 0.17364375 | J23: 0.0017480635 | K23: 0.00170769 | L23: 1707689 | M23: 0.001707689 | N23: 0.011242314 | O23: =$O$15*I23 -> 0.18232594 | P23: 0.001707689 | Q23: 0.001546074 | R23: 0.91 | T23: ="("&$A23&", "&$B23&"]" -> (6, 7] | U23: 0.001546074 | V23: 0.001707689 | W23: 0.0015591779 | X23: 0.005229215 | Z23: 0.17364375 | AA23: 0.17364375 | AB23: 1707689 | AC23: 1707689
A24: 7 | B24: 8 | C24: 934459 | D24: 709283665 | E24: 0.0093801217 | F24: 7.5903134 | H24: ="("&$A24&", "&$B24&"]" -> (7, 8] | I24: 0.15049125 | J24: 0.0014116262 | K24: 0.0013790231 | L24: 1379023 | M24: 0.001379023 | N24: 0.010467217 | O24: =$O$15*I24 -> 0.15801581 | P24: 0.001379023 | Q24: 0.001181544 | R24: 0.86 | T24: ="("&$A24&", "&$B24&"]" -> (7, 8] | U24: 0.001181544 | V24: 0.001379023 | W24: 0.0011339476 | X24: 0.003424839 | Z24: 0.15049125 | AA24: 0.15049125 | AB24: 1379023 | AC24: 1379023
A25: 8 | B25: 9 | C25: 842960 | D25: 727119225 | E25: 0.0084616526 | F25: 8.6257856 | H25: ="("&$A25&", "&$B25&"]" -> (8, 9] | I25: 0.15049125 | J25: 0.0012734047 | K25: 0.0012439939 | L25: 1243993 | M25: 0.001243993 | N25: 0.010730417 | O25: =$O$15*I25 -> 0.15801581 | P25: 0.001243993 | Q25: 0.001101943 | R25: 0.89 | T25: ="("&$A25&", "&$B25&"]" -> (8, 9] | U25: 0.001101943 | V25: 0.001243993 | W25: 0.00056697378 | X25: 0.001936256 | Z25: 0.15049125 | AA25: 0.15049125 | AB25: 1243993 | AC25: 1243993
A26: 9 | B26: 10 | C26: 758310 | D26: 737465410 | E26: 0.0076119339 | F26: 9.7251178 | H26: ="("&$A26&", "&$B26&"]" -> (9, 10] | I26: 0.15049125 | J26: 0.0011455294 | K26: 0.0011190721 | L26: 1119072 | M26: 0.001119072 | N26: 0.010883107 | O26: =$O$15*I26 -> 0.15801581 | P26: 0.001119072 | Q26: 0.000998522 | R26: 0.89 | T26: ="("&$A26&", "&$B26&"]" -> (9, 10] | U26: 0.000998522 | V26: 0.001119072 | W26: 0.0019844082 | X26: 0.001804585 | Z26: 0.15049125 | AA26: 0.15049125 | AB26: 1119072 | AC26: 1119072
A27: 10 | B27: 15 | C27: 2590052 | D27: 3231669960 | E27: 0.025999004 | F27: 12.47724 | G27: =SUM($L$16:L27) -> 993611255 | H27: ="("&$A27&", "&$B27&"]" -> (10, 15] | I27: 0.214145 | J27: 0.0055675566 | K27: 0.0054389674 | L27: 5438967 | M27: 0.005438967 | N27: 0.067863295 | O27: =$O$15*I27 -> 0.22485225 | P27: 0.005438967 | Q27: 0.004723128 | R27: 0.87 | T27: ="("&$A27&", "&$B27&"]" -> (10, 15] | U27: 0.004723128 | V27: 0.005438967 | W27: 0.0034018427 | X27: 0.005063385 | Z27: 0.214145 | AA27: 0.214145 | AB27: 5438967 | AC27: 5438967
A28: 15 | B28: 20 | C28: 1571483 | D28: 2763510455 | E28: 0.015774584 | F28: 17.585367 | G28: =SUM($L$16:L28) -> 994681612 | H28: ="("&$A28&", "&$B28&"]" -> (15, 20] | I28: 0.0694575 | J28: 0.0010956632 | K28: 0.0010703575 | L28: 1070357 | M28: 0.001070357 | N28: 0.01882262 | O28: =$O$15*I28 -> 0.072930375 | P28: 0.001070357 | Q28: 0.000942471 | R28: 0.88 | T28: ="("&$A28&", "&$B28&"]" -> (15, 20] | U28: 0.000942471 | V28: 0.001070357 | W28: 0.00028348689 | X28: 0.00049189 | Z28: 0.0694575 | AA28: 0.0694575 | AB28: 1070357 | AC28: 1070357
A29: 20 | B29: 25 | C29: 1160675 | D29: 2636526365 | E29: 0.011650883 | F29: 22.715458 | G29: =SUM($L$16:L29) -> 995472162 | H29: ="("&$A29&", "&$B29&"]" -> (20, 25] | I29: 0.0694575 | J29: 0.00080924123 | K29: 0.00079055085 | L29: 790550 | M29: 0.00079055 | N29: 0.017957705 | O29: =$O$15*I29 -> 0.072930375 | P29: 0.00079055 | Q29: 0.000713326 | R29: 0.9 | T29: ="("&$A29&", "&$B29&"]" -> (20, 25] | U29: 0.000713326 | V29: 0.00079055 | W29: 0.00014174344 | X29: 0.000291507 | Z29: 0.0694575 | AA29: 0.0694575 | AB29: 790550 | AC29: 790550
A30: 25 | B30: 30 | C30: 954496 | D30: 2617421805 | E30: 0.0095812536 | F30: 27.42203 | G30: =SUM($L$16:L30) -> 996122281 | H30: ="("&$A30&", "&$B30&"]" -> (25, 30] | I30: 0.0694575 | J30: 0.00066548992 | K30: 0.00065011965 | L30: 650119 | M30: 0.000650119 | N30: 0.017827583 | O30: =$O$15*I30 -> 0.072930375 | P30: 0.000650119 | Q30: 0.000603455 | R30: 0.93 | T30: ="("&$A30&", "&$B30&"]" -> (25, 30] | U30: 0.000603455 | V30: 0.000650119 | W30: 0.00014174344 | X30: 0.000275902 | Z30: 0.0694575 | AA30: 0.0694575 | AB30: 650119 | AC30: 650119
A31: 30 | B31: 35 | C31: 602324 | D31: 1967658950 | E31: 0.0060461427 | F31: 32.667783 | H31: ="("&$A31&", "&$B31&"]" -> (30, 35] | I31: 0.09482 | J31: 0.00057329525 | K31: 0.00056005432 | L31: 560054 | M31: 0.000560054 | N31: 0.018295722 | O31: =$O$15*I31 -> 0.099561 | P31: 0.000560054 | Q31: 0.000494072 | R31: 0.88 | T31: ="("&$A31&", "&$B31&"]" -> (30, 35] | U31: 0.000494072 | V31: 0.000560054 | W31: 0 | X31: 0 | Z31: 0.09482 | AA31: 0.09482 | AB31: 560054 | AC31: 560054
A32: 35 | B32: 40 | C32: 593397 | D32: 2245299070 | E32: 0.0059565332 | F32: 37.838059 | H32: ="("&$A32&", "&$B32&"]" -> (35, 40] | I32: 0.01 | J32: 5.9565332e-05 | K32: 5.8189601e-05 | L32: 58189 | M32: 5.8189e-05 | N32: 0.0022017588 | O32: =$O$15*I32 -> 0.0105 | P32: 5.8189e-05 | Q32: 6.7206e-05 | R32: 1.15 | T32: ="("&$A32&", "&$B32&"]" -> (35, 40] | U32: 6.7206e-05 | V32: 5.8189e-05 | W32: 0 | X32: 0 | Z32: 0.01 | AA32: 0.01 | AB32: 58189 | AC32: 58189
A33: 40 | B33: 45 | C33: 442915 | D33: 1884995925 | E33: 0.0044459913 | F33: 42.558864 | H33: ="("&$A33&", "&$B33&"]" -> (40, 45] | I33: 0.01 | J33: 4.4459913e-05 | K33: 4.3433059e-05 | L33: 43433 | M33: 4.3433e-05 | N33: 0.0018484591 | O33: =$O$15*I33 -> 0.0105 | P33: 4.3433e-05 | Q33: 5.1912e-05 | R33: 1.2 | T33: ="("&$A33&", "&$B33&"]" -> (40, 45] | U33: 5.1912e-05 | V33: 4.3433e-05 | W33: 0 | X33: 0 | Z33: 0.01 | AA33: 0.01 | AB33: 43433 | AC33: 43433
A34: 45 | B34: 50 | C34: 392626 | D34: 1889578815 | E34: 0.0039411891 | F34: 48.126686 | H34: ="("&$A34&", "&$B34&"]" -> (45, 50] | I34: 0.01 | J34: 3.9411891e-05 | K34: 3.8501627e-05 | L34: 38501 | M34: 3.8501e-05 | N34: 0.0018529255 | O34: =$O$15*I34 -> 0.0105 | P34: 3.8501e-05 | Q34: 3.9448e-05 | R34: 1.02 | T34: ="("&$A34&", "&$B34&"]" -> (45, 50] | U34: 3.9448e-05 | V34: 3.8501e-05 | W34: 0 | X34: 0 | Z34: 0.01 | AA34: 0.01 | AB34: 38501 | AC34: 38501
A35: 50 | B35: 60 | C35: 631386 | D35: 3453044240 | E35: 0.0063378677 | F35: 54.689908 | H35: ="("&$A35&", "&$B35&"]" -> (50, 60] | I35: 0.01 | J35: 6.3378677e-05 | K35: 6.1914872e-05 | L35: 61914 | M35: 6.1914e-05 | N35: 0.003386071 | O35: =$O$15*I35 -> 0.0105 | P35: 6.1914e-05 | Q35: 4.8644e-05 | R35: 0.79 | T35: ="("&$A35&", "&$B35&"]" -> (50, 60] | U35: 4.8644e-05 | V35: 6.1914e-05 | W35: 0 | X35: 0 | Z35: 0.01 | AA35: 0.01 | AB35: 61914 | AC35: 61914
A36: 60 | B36: 70 | C36: 516477 | D36: 3344835120 | E36: 0.0051844084 | F36: 64.762518 | H36: ="("&$A36&", "&$B36&"]" -> (60, 70] | I36: 0.01 | J36: 5.1844084e-05 | K36: 5.0646684e-05 | L36: 50646 | M36: 5.0646e-05 | N36: 0.0032799625 | O36: =$O$15*I36 -> 0.0105 | P36: 5.0646e-05 | Q36: 3.595e-05 | R36: 0.71 | T36: ="("&$A36&", "&$B36&"]" -> (60, 70] | U36: 3.595e-05 | V36: 5.0646e-05 | W36: 0 | X36: 0 | Z36: 0.01 | AA36: 0.01 | AB36: 50646 | AC36: 50646
A37: 70 | B37: 80 | C37: 468872 | D37: 3552163945 | E37: 0.0047065483 | F37: 75.75978 | H37: ="("&$A37&", "&$B37&"]" -> (70, 80] | I37: 0.01 | J37: 4.7065483e-05 | K37: 4.597845e-05 | L37: 45978 | M37: 4.5978e-05 | N37: 0.0034832832 | O37: =$O$15*I37 -> 0.0105 | P37: 4.5978e-05 | Q37: 3.3654e-05 | R37: 0.73 | T37: ="("&$A37&", "&$B37&"]" -> (70, 80] | U37: 3.3654e-05 | V37: 4.5978e-05 | W37: 0 | X37: 0 | Z37: 0.01 | AA37: 0.01 | AB37: 45978 | AC37: 45978
A38: 80 | B38: 90 | C38: 313108 | D38: 2661579535 | E38: 0.0031429856 | F38: 85.005159 | H38: ="("&$A38&", "&$B38&"]" -> (80, 90] | I38: 0.1 | J38: 0.00031429856 | K38: 0.00030703946 | L38: 307039 | M38: 0.000307039 | N38: 0.026099899 | O38: =$O$15*I38 -> 0.105 | P38: 0.000307039 | Q38: 0.000320946 | R38: 1.05 | T38: ="("&$A38&", "&$B38&"]" -> (80, 90] | U38: 0.000320946 | V38: 0.000307039 | W38: 0 | X38: 0 | Z38: 0.1 | AA38: 0.1 | AB38: 307039 | AC38: 307039
A39: 90 | B39: 100 | C39: 242632 | D39: 2320117030 | E39: 0.0024355458 | F39: 95.622879 | H39: ="("&$A39&", "&$B39&"]" -> (90, 100] | I39: 0.01 | J39: 2.4355458e-05 | K39: 2.379294e-05 | L39: 23792 | M39: 2.3792e-05 | N39: 0.0022750595 | O39: 0.01 | P39: 2.3792e-05 | Q39: 1.8359e-05 | R39: 0.77 | T39: ="("&$A39&", "&$B39&"]" -> (90, 100] | U39: 1.8359e-05 | V39: 2.3792e-05 | W39: 0 | X39: 0 | Z39: 0.01 | AA39: 0.01 | AB39: 23792 | AC39: 23792
A40: 100 | B40: 120 | C40: 437236 | D40: 4812572280 | E40: 0.0043889854 | F40: 110.06807 | H40: ="("&$A40&", "&$B40&"]" -> (100, 120] | I40: 0.055 | J40: 0.0002413942 | K40: 0.00023581891 | L40: 235818 | M40: 0.000235818 | N40: 0.025956032 | O40: =$O$15*I40 -> 0.05775 | P40: 0.000235818 | Q40: 0.000252204 | R40: 1.07 | T40: ="("&$A40&", "&$B40&"]" -> (100, 120] | U40: 0.000252204 | V40: 0.000235818 | W40: 0 | X40: 0 | Z40: 0.055 | AA40: 0.055 | AB40: 235818 | AC40: 235818
A41: 120 | B41: 140 | C41: 411109 | D41: 5297759450 | E41: 0.0041267219 | F41: 128.86508 | H41: ="("&$A41&", "&$B41&"]" -> (120, 140] | I41: 0.01 | J41: 4.1267219e-05 | K41: 4.0314104e-05 | L41: 40314 | M41: 4.0314e-05 | N41: 0.0051950669 | O41: 0.01 | P41: 4.0314e-05 | Q41: 3.3536e-05 | R41: 0.83 | T41: ="("&$A41&", "&$B41&"]" -> (120, 140] | U41: 3.3536e-05 | V41: 4.0314e-05 | W41: 0 | X41: 0 | Z41: 0.01 | AA41: 0.01 | AB41: 40314 | AC41: 40314
A42: 140 | B42: 160 | C42: 281540 | D42: 4244782625 | E42: 0.0028261052 | F42: 150.77014 | H42: ="("&$A42&", "&$B42&"]" -> (140, 160] | I42: 0.01 | J42: 2.8261052e-05 | K42: 2.760833e-05 | L42: 27608 | M42: 2.7608e-05 | N42: 0.0041624621 | O42: 0.01 | P42: 2.7608e-05 | Q42: 1.872e-05 | R42: 0.68 | T42: ="("&$A42&", "&$B42&"]" -> (140, 160] | U42: 1.872e-05 | V42: 2.7608e-05 | W42: 0 | X42: 0 | Z42: 0.01 | AA42: 0.01 | AB42: 27608 | AC42: 27608
A43: 160 | B43: 180 | C43: 222436 | D43: 3786636560 | E43: 0.0022328179 | F43: 170.23488 | H43: ="("&$A43&", "&$B43&"]" -> (160, 180] | I43: 0.01 | J43: 2.2328179e-05 | K43: 2.1812483e-05 | L43: 21812 | M43: 2.1812e-05 | N43: 0.0037131632 | O43: 0.01 | P43: 2.1812e-05 | Q43: 1.4365e-05 | R43: 0.66 | T43: ="("&$A43&", "&$B43&"]" -> (160, 180] | U43: 1.4365e-05 | V43: 2.1812e-05 | W43: 0 | X43: 0 | Z43: 0.01 | AA43: 0.01 | AB43: 21812 | AC43: 21812
A44: 180 | B44: 200 | C44: 229569 | D44: 4373097120 | E44: 0.0023044191 | F44: 190.49162 | H44: ="("&$A44&", "&$B44&"]" -> (180, 200] | I44: 0.01 | J44: 2.3044191e-05 | K44: 2.2511958e-05 | L44: 22511 | M44: 2.2511e-05 | N44: 0.0042881569 | O44: 0.01 | P44: 2.2511e-05 | Q44: 1.715e-05 | R44: 0.76 | T44: ="("&$A44&", "&$B44&"]" -> (180, 200] | U44: 1.715e-05 | V44: 2.2511e-05 | W44: 0 | X44: 0 | Z44: 0.01 | AA44: 0.01 | AB44: 22511 | AC44: 22511
A45: 200 | B45: 250 | C45: 401058 | D45: 9067128405 | E45: 0.0040258298 | F45: 226.08023 | H45: ="("&$A45&", "&$B45&"]" -> (200, 250] | I45: 0.03 | J45: 0.00012077489 | K45: 0.00011798545 | L45: 117985 | M45: 0.000117985 | N45: 0.026674076 | O45: =$O$15*I45 -> 0.0315 | P45: 0.000117985 | Q45: 0.000123202 | R45: 1.04 | T45: ="("&$A45&", "&$B45&"]" -> (200, 250] | U45: 0.000123202 | V45: 0.000117985 | W45: 0 | X45: 0 | Z45: 0.03 | AA45: 0.03 | AB45: 117985 | AC45: 117985
A46: 250 | B46: 300 | C46: 337500 | D46: 9165008550 | E46: 0.003387833 | F46: 271.55581 | H46: ="("&$A46&", "&$B46&"]" -> (250, 300] | I46: 0 | J46: 0 | K46: 0 | L46: 0 | M46: 0 | N46: 0 | O46: =$O$15*I46 -> 0 | P46: 0 | Q46: 9.876e-06 | R46: 0 | T46: ="("&$A46&", "&$B46&"]" -> (250, 300] | U46: 9.876e-06 | V46: 0 | W46: 0 | X46: 0 | Z46: 0 | AA46: 0 | AB46: 0 | AC46: 0
A47: 300 | B47: 350 | C47: 225404 | D47: 7300816510 | E47: 0.0022626107 | F47: 323.89915 | H47: ="("&$A47&", "&$B47&"]" -> (300, 350] | I47: 0 | J47: 0 | K47: 0 | L47: 0 | M47: 0 | N47: 0 | O47: =$O$15*I47 -> 0 | P47: 0 | Q47: 0 | R47: 0 | T47: ="("&$A47&", "&$B47&"]" -> (300, 350] | U47: 0 | V47: 0 | W47: 0 | X47: 0 | Z47: 0 | AA47: 0 | AB47: 0 | AC47: 0
A48: 350 | B48: 400 | C48: 204005 | D48: 7676790945 | E48: 0.0020478071 | F48: 376.30406 | H48: ="("&$A48&", "&$B48&"]" -> (350, 400] | I48: 0 | J48: 0 | K48: 0 | L48: 0 | M48: 0 | N48: 0 | O48: =$O$15*I48 -> 0 | P48: 0 | Q48: 0 | R48: 0 | T48: ="("&$A48&", "&$B48&"]" -> (350, 400] | U48: 0 | V48: 0 | W48: 0 | X48: 0 | Z48: 0 | AA48: 0 | AB48: 0 | AC48: 0
A49: 400 | B49: 450 | C49: 144425 | D49: 6120788430 | E49: 0.0014497416 | F49: 423.80394 | H49: ="("&$A49&", "&$B49&"]" -> (400, 450] | I49: 0 | J49: 0 | K49: 0 | L49: 0 | M49: 0 | N49: 0 | P49: 0 | Q49: 0 | R49: 0 | T49: ="("&$A49&", "&$B49&"]" -> (400, 450] | U49: 0 | V49: 0 | W49: 0 | X49: 0 | Z49: 0 | AA49: 0 | AB49: 0 | AC49: 0
A50: 450 | B50: 500 | C50: 110224 | D50: 5247927145 | E50: 0.0011064311 | F50: 476.11474 | H50: ="("&$A50&", "&$B50&"]" -> (450, 500] | I50: 0 | J50: 0 | K50: 0 | L50: 0 | M50: 0 | N50: 0 | P50: 0 | Q50: 0 | R50: 0 | T50: ="("&$A50&", "&$B50&"]" -> (450, 500] | U50: 0 | V50: 0 | W50: 0 | X50: 0 | Z50: 0 | AA50: 0 | AB50: 0 | AC50: 0
A51: 500 | B51: 550 | C51: 106036 | D51: 5527349220 | E51: 0.0010643919 | F51: 521.271 | H51: ="("&$A51&", "&$B51&"]" -> (500, 550] | I51: 0 | J51: 0 | K51: 0 | L51: 0 | M51: 0 | N51: 0 | P51: 0 | Q51: 0 | R51: 0 | T51: ="("&$A51&", "&$B51&"]" -> (500, 550] | U51: 0 | V51: 0 | W51: 0 | X51: 0 | Z51: 0 | AA51: 0 | AB51: 0 | AC51: 0
A52: 550 | B52: 600 | C52: 87197 | D52: 5011263175 | E52: 0.00087528556 | F52: 574.70592 | H52: ="("&$A52&", "&$B52&"]" -> (550, 600] | I52: 0 | J52: 0 | K52: 0 | L52: 0 | M52: 0 | N52: 0 | P52: 0 | Q52: 0 | R52: 0 | T52: ="("&$A52&", "&$B52&"]" -> (550, 600] | U52: 0 | V52: 0 | W52: 0 | X52: 0 | Z52: 0 | AA52: 0 | AB52: 0 | AC52: 0
A53: 600 | B53: 650 | C53: 76164 | D53: 4772012460 | E53: 0.00076453605 | F53: 626.54436 | H53: ="("&$A53&", "&$B53&"]" -> (600, 650] | I53: 0 | J53: 0 | K53: 0 | L53: 0 | M53: 0 | N53: 0 | P53: 0 | Q53: 0 | R53: 0 | T53: ="("&$A53&", "&$B53&"]" -> (600, 650] | U53: 0 | V53: 0 | W53: 0 | X53: 0 | Z53: 0 | AA53: 0 | AB53: 0 | AC53: 0
A54: 650 | B54: 700 | C54: 60824 | D54: 4096174145 | E54: 0.00061055276 | F54: 673.44702 | H54: ="("&$A54&", "&$B54&"]" -> (650, 700] | I54: 0 | J54: 0 | K54: 0 | L54: 0 | M54: 0 | N54: 0 | P54: 0 | Q54: 0 | R54: 0 | T54: ="("&$A54&", "&$B54&"]" -> (650, 700] | U54: 0 | V54: 0 | W54: 0 | X54: 0 | Z54: 0 | AA54: 0 | AB54: 0 | AC54: 0
A55: 700 | B55: 750 | C55: 59760 | D55: 4370172340 | E55: 0.0005998723 | F55: 731.28721 | H55: ="("&$A55&", "&$B55&"]" -> (700, 750] | I55: 0 | J55: 0 | K55: 0 | L55: 0 | M55: 0 | N55: 0 | P55: 0 | Q55: 0 | R55: 0 | T55: ="("&$A55&", "&$B55&"]" -> (700, 750] | U55: 0 | V55: 0 | W55: 0 | X55: 0 | Z55: 0 | AA55: 0 | AB55: 0 | AC55: 0
A56: 750 | B56: 800 | C56: 75227 | D56: 5777995540 | E56: 0.00075513042 | F56: 768.0747 | H56: ="("&$A56&", "&$B56&"]" -> (750, 800] | I56: 0 | J56: 0 | K56: 0 | L56: 0 | M56: 0 | N56: 0 | P56: 0 | Q56: 0 | R56: 0 | T56: ="("&$A56&", "&$B56&"]" -> (750, 800] | U56: 0 | V56: 0 | W56: 0 | X56: 0 | Z56: 0 | AA56: 0 | AB56: 0 | AC56: 0
A57: 800 | B57: 850 | C57: 49339 | D57: 4050443250 | E57: 0.00049526606 | F57: 820.9415 | H57: ="("&$A57&", "&$B57&"]" -> (800, 850] | I57: 0 | J57: 0 | K57: 0 | L57: 0 | M57: 0 | N57: 0 | P57: 0 | Q57: 0 | R57: 0 | T57: ="("&$A57&", "&$B57&"]" -> (800, 850] | U57: 0 | V57: 0 | W57: 0 | X57: 0 | Z57: 0 | AA57: 0 | AB57: 0 | AC57: 0
A58: 850 | B58: 900 | C58: 45801 | D58: 4023525970 | E58: 0.00045975153 | F58: 878.47994 | H58: ="("&$A58&", "&$B58&"]" -> (850, 900] | I58: 0 | J58: 0 | K58: 0 | L58: 0 | M58: 0 | N58: 0 | P58: 0 | Q58: 0 | R58: 0 | T58: ="("&$A58&", "&$B58&"]" -> (850, 900] | U58: 0 | V58: 0 | W58: 0 | X58: 0 | Z58: 0 | AA58: 0 | AB58: 0 | AC58: 0
A59: 900 | B59: 950 | C59: 34573 | D59: 3190463095 | E59: 0.0003470446 | F59: 922.81928 | H59: ="("&$A59&", "&$B59&"]" -> (900, 950] | I59: 0 | J59: 0 | K59: 0 | L59: 0 | M59: 0 | N59: 0 | P59: 0 | Q59: 0 | R59: 0 | T59: ="("&$A59&", "&$B59&"]" -> (900, 950] | U59: 0 | V59: 0 | W59: 0 | X59: 0 | Z59: 0 | AA59: 0 | AB59: 0 | AC59: 0
A60: 950 | B60: 1000 | C60: 32407 | D60: 3181835615 | E60: 0.00032530224 | F60: 981.8359 | H60: ="("&$A60&", "&$B60&"]" -> (950, 1000] | I60: 0 | J60: 0 | K60: 0 | L60: 0 | M60: 0 | N60: 0 | P60: 0 | Q60: 0 | R60: 0 | T60: ="("&$A60&", "&$B60&"]" -> (950, 1000] | U60: 0 | V60: 0 | W60: 0 | X60: 0 | Z60: 0 | AA60: 0 | AB60: 0 | AC60: 0
... A79: 100000 | B79: 9999999 | C79: 41 | D79: 506435290 | E79: 4.1155898e-07 | F79: 123520.8 | H79: ="("&$A79&", "&$B79&"]" -> (100000, 9999999] | I79: 0 | J79: 0 | K79: 0 | L79: 0 | M79: 0 | N79: 0 | P79: 0 | Q79: 0 | R79: 0 | T79: ="("&$A79&", "&$B79&"]" -> (100000, 9999999] | U79: 0 | V79: 0 | W79: 0 | X79: 0 | Z79: 0 | AA79: 0 | AB79: 0 | AC79: 0
A80: Free Game | C80: =E80*B14 -> 362500 | D80: 233603075 | E80: 0.003625 | F80: 6.4442228 | H80: Free Game | I80: 0.613 | J80: 0.002222125 | K80: =J80 -> 0.002222125 | L80: 2222125 | M80: 0.002222125 | N80: 0.014319868 | U80: 0.00209 | V80: 0.002222125 | Z80: 0.613 | AA80: 0.613 | AB80: 2222125 | AC80: 2222125
A81: Buy Feature | C81: 100000000 | D81: 32893867050 | E81: 1 | F81: 3.2893867 | H81: Buy Feature | M81: =E81 -> 1 | N81: =F81/B8 -> 0.032893867
A82: Super Feature | C82: 100000000 | D82: =D81 -> 32893867050 | E82: 1 | F82: 3.2893867 | H82: Buy Feature | M82: =E82 -> 1 | N82: =F82/B9 -> 0.0065787734
A85: Free Game
A87: Simulator | B87: 10000000 | H87: Calculate | P87: Compare
A88: Lower | B88: Upper | C88: Cnt | D88: Pay | E88: Hit Rate | F88: Avg. Multi. | H88: Range | I88: Fix Num | J88: Fix Rate | K88: Final Rate | L88: Weight | M88: Hit Rate | N88: Simulator RTP | O88: 1.2 | P88: 目前 | Q88: 競品 | R88: 差異 | T88: Range | U88: v1 | V88: v2 | W88: 奧林帕斯 | X88: 糖果
A89: -1 | B89: 0 | C89: 20 | D89: 0 | E89: {=_xlfn.LET(_xlpm.x, C89:C152, _xlpm.x/SUM(_xlpm.x))} -> 5.2798589e-05 | F89: {=_xlfn.LET(_xlpm.x, D89:D152/C89:C152/B3, IF(ISERR(_xlpm.x), 0, _xlpm.x))} -> 0 | H89: ="("&$A89&", "&$B89&"]" -> (-1, 0] | I89: 0 | J89: {=_xlfn.ANCHORARRAY(E89)*I89:I152} -> 0 | K89: {=J89:J152/SUM(_xlfn.ANCHORARRAY(J89))} -> 0 | L89: 0 | M89: {=_xlfn.LET(_xlpm.x, L89:L152, _xlpm.x/SUM(_xlpm.x))} -> 0 | N89: {=M89:M152*_xlfn.ANCHORARRAY(F89)} -> 0 | O89: {=ROUND(O88*I89:I152, 5)} -> 0 | P89: {=_xlfn.ANCHORARRAY(M89)} -> 0 | Q89: 0 | R89: {=_xlfn.LET(_xlpm.x, Q89:Q152/M89:M152, IF(ISERR(_xlpm.x), 0, ROUND(_xlpm.x,2)))} -> 0 | T89: ="("&$A89&", "&$B89&"]" -> (-1, 0] | U89: 0 | V89: {=_xlfn.ANCHORARRAY(M89)} -> 0 | W89: 0 | X89: 0
A90: 0 | B90: 1 | C90: 156 | D90: 10705 | E90: 0.000411829 | F90: 0.68621795 | H90: ="("&$A90&", "&$B90&"]" -> (0, 1] | I90: 0 | J90: 0 | K90: 0 | L90: 0 | M90: 0 | N90: 0 | O90: 0 | P90: 0 | Q90: 0 | R90: 0 | T90: ="("&$A90&", "&$B90&"]" -> (0, 1] | U90: 0 | V90: 0 | W90: 0.0079365079 | X90: 0
A91: 1 | B91: 2 | C91: 301 | D91: 48160 | E91: 0.00079461877 | F91: 1.6 | H91: ="("&$A91&", "&$B91&"]" -> (1, 2] | I91: 0 | J91: 0 | K91: 0 | L91: 0 | M91: 0 | N91: 0 | O91: 0 | P91: 0 | Q91: 0 | R91: 0 | T91: ="("&$A91&", "&$B91&"]" -> (1, 2] | U91: 0 | V91: 0 | W91: 0.011904762 | X91: 0
A92: 2 | B92: 3 | C92: 471 | D92: 120465 | E92: 0.0012434068 | F92: 2.5576433 | H92: ="("&$A92&", "&$B92&"]" -> (2, 3] | I92: 0 | J92: 0 | K92: 0 | L92: 0 | M92: 0 | N92: 0 | O92: 0 | P92: 0 | Q92: 0 | R92: 0 | T92: ="("&$A92&", "&$B92&"]" -> (2, 3] | U92: 0 | V92: 0 | W92: 0.01984127 | X92: 0
A93: 3 | B93: 4 | C93: 536 | D93: 190190 | E93: 0.0014150022 | F93: 3.5483209 | H93: ="("&$A93&", "&$B93&"]" -> (3, 4] | I93: 0 | J93: 0 | K93: 0 | L93: 0 | M93: 0 | N93: 0 | O93: 0 | P93: 0 | Q93: 0 | R93: 0 | T93: ="("&$A93&", "&$B93&"]" -> (3, 4] | U93: 0 | V93: 0 | W93: 0.003968254 | X93: 0
A94: 4 | B94: 5 | C94: 505 | D94: 229835 | E94: 0.0013331644 | F94: 4.5511881 | H94: ="("&$A94&", "&$B94&"]" -> (4, 5] | I94: 0 | J94: 0 | K94: 0 | L94: 0 | M94: 0 | N94: 0 | O94: 0 | P94: 0 | Q94: 0 | R94: 0 | T94: ="("&$A94&", "&$B94&"]" -> (4, 5] | U94: 0 | V94: 0 | W94: 0.015873016 | X94: 0
A95: 5 | B95: 6 | C95: 548 | D95: 301735 | E95: 0.0014466813 | F95: 5.5061131 | H95: ="("&$A95&", "&$B95&"]" -> (5, 6] | I95: 0 | J95: 0 | K95: 0 | L95: 0 | M95: 0 | N95: 0 | O95: 0 | P95: 0 | Q95: 0 | R95: 0 | T95: ="("&$A95&", "&$B95&"]" -> (5, 6] | U95: 0 | V95: 0 | W95: 0.023809524 | X95: 0
A96: 6 | B96: 7 | C96: 573 | D96: 374860 | E96: 0.0015126796 | F96: 6.5420593 | H96: ="("&$A96&", "&$B96&"]" -> (6, 7] | I96: 0 | J96: 0 | K96: 0 | L96: 0 | M96: 0 | N96: 0 | O96: 0 | P96: 0 | Q96: 0 | R96: 0 | T96: ="("&$A96&", "&$B96&"]" -> (6, 7] | U96: 0 | V96: 0 | W96: 0 | X96: 0
A97: 7 | B97: 8 | C97: 580 | D97: 436280 | E97: 0.0015311591 | F97: 7.522069 | H97: ="("&$A97&", "&$B97&"]" -> (7, 8] | I97: 0 | J97: 0 | K97: 0 | L97: 0 | M97: 0 | N97: 0 | O97: 0 | P97: 0 | Q97: 0 | R97: 0 | T97: ="("&$A97&", "&$B97&"]" -> (7, 8] | U97: 0 | V97: 0 | W97: 0 | X97: 0
A98: 8 | B98: 9 | C98: 609 | D98: 520405 | E98: 0.001607717 | F98: 8.5452381 | H98: ="("&$A98&", "&$B98&"]" -> (8, 9] | I98: 0 | J98: 0 | K98: 0 | L98: 0 | M98: 0 | N98: 0 | O98: 0 | P98: 0 | Q98: 0 | R98: 0 | T98: ="("&$A98&", "&$B98&"]" -> (8, 9] | U98: 0 | V98: 0 | W98: 0.003968254 | X98: 0
A99: 9 | B99: 10 | C99: 581 | D99: 554625 | E99: 0.001533799 | F99: 9.5460413 | H99: ="("&$A99&", "&$B99&"]" -> (9, 10] | I99: 0 | J99: 0 | K99: 0 | L99: 0 | M99: 0 | N99: 0 | O99: 0 | P99: 0 | Q99: 0 | R99: 0 | T99: ="("&$A99&", "&$B99&"]" -> (9, 10] | U99: 0 | V99: 0 | W99: 0.015873016 | X99: 0
A100: 10 | B100: 15 | C100: 3152 | D100: 3964935 | E100: 0.0083210577 | F100: 12.579109 | H100: ="("&$A100&", "&$B100&"]" -> (10, 15] | I100: 4.43 | J100: 0.036862285 | K100: 0.03889008 | L100: =$B$2-SUM(_xlfn.ANCHORARRAY(L101)) -> 38890097 | M100: 0.038890097 | N100: 0.48920275 | O100: 5.316 | P100: 0.038890097 | Q100: 0.093836279 | R100: 2.41 | T100: ="("&$A100&", "&$B100&"]" -> (10, 15] | U100: 0.10050102 | V100: 0.038890097 | W100: 0.063492063 | X100: 0.093836279
A101: 15 | B101: 20 | C101: 3259 | D101: 5704375 | E101: 0.0086035301 | F101: 17.503452 | H101: ="("&$A101&", "&$B101&"]" -> (15, 20] | I101: 9.52 | J101: 0.081905607 | K101: 0.086411234 | L101: {=INT(K101:K152*$B$2)} -> 86411234 | M101: 0.086411234 | N101: 1.5124949 | O101: 11.424 | P101: 0.086411234 | Q101: 0.081863958 | R101: 0.95 | T101: ="("&$A101&", "&$B101&"]" -> (15, 20] | U101: 0.075843266 | V101: 0.086411234 | W101: 0.043650794 | X101: 0.081863958
A102: 20 | B102: 25 | C102: 3264 | D102: 7354580 | E102: 0.0086167298 | F102: 22.532414 | H102: ="("&$A102&", "&$B102&"]" -> (20, 25] | I102: 8.41 | J102: 0.072466697 | K102: 0.07645309 | L102: 76453090 | M102: 0.07645309 | N102: 1.7226727 | O102: 10.092 | P102: 0.07645309 | Q102: 0.07243991 | R102: 0.95 | T102: ="("&$A102&", "&$B102&"]" -> (20, 25] | U102: 0.057960724 | V102: 0.07645309 | W102: 0.051587302 | X102: 0.07243991
A103: 25 | B103: 30 | C103: 3263 | D103: 8983480 | E103: 0.0086140898 | F103: 27.531352 | H103: ="("&$A103&", "&$B103&"]" -> (25, 30] | I103: 7.02 | J103: 0.060470911 | K103: 0.063797415 | L103: 63797415 | M103: 0.063797415 | N103: 1.7564291 | O103: 8.424 | P103: 0.063797415 | Q103: 0.060502448 | R103: 0.95 | T103: ="("&$A103&", "&$B103&"]" -> (25, 30] | U103: 0.048505212 | V103: 0.063797415 | W103: 0.055555556 | X103: 0.060502448
A104: 30 | B104: 35 | C104: 3326 | D104: 10800495 | E104: 0.0087804054 | F104: 32.472925 | H104: ="("&$A104&", "&$B104&"]" -> (30, 35] | I104: 6.13 | J104: 0.053823885 | K104: 0.056784737 | L104: 56784736 | M104: 0.056784736 | N104: 1.8439665 | O104: 7.356 | P104: 0.056784736 | Q104: 0.053853648 | R104: 0.95 | T104: ="("&$A104&", "&$B104&"]" -> (30, 35] | U104: 0.040404684 | V104: 0.056784736 | W104: 0.03968254 | X104: 0.053853648
A105: 35 | B105: 40 | C105: 3241 | D105: 12173430 | E105: 0.0085560114 | F105: 37.560722 | H105: ="("&$A105&", "&$B105&"]" -> (35, 40] | I105: 5.7 | J105: 0.048769265 | K105: 0.051452062 | L105: 51452062 | M105: 0.051452062 | N105: 1.9325766 | O105: 6.84 | P105: 0.051452062 | Q105: 0.048777538 | R105: 0.95 | T105: ="("&$A105&", "&$B105&"]" -> (35, 40] | U105: 0.03723761 | V105: 0.051452062 | W105: 0.055555556 | X105: 0.048777538
A106: 40 | B106: 45 | C106: 3205 | D106: 13634985 | E106: 0.0084609739 | F106: 42.542855 | H106: ="("&$A106&", "&$B106&"]" -> (40, 45] | I106: 4.71 | J106: 0.039851187 | K106: 0.042043401 | L106: 42043400 | M106: 0.0420434 | N106: 1.7886463 | O106: 5.652 | P106: 0.0420434 | Q106: 0.039837827 | R106: 0.95 | T106: ="("&$A106&", "&$B106&"]" -> (40, 45] | U106: 0.034168487 | V106: 0.0420434 | W106: 0.031746032 | X106: 0.039837827
A107: 45 | B107: 50 | C107: 3320 | D107: 15777005 | E107: 0.0087645658 | F107: 47.521099 | H107: ="("&$A107&", "&$B107&"]" -> (45, 50] | I107: 4.5 | J107: 0.039440546 | K107: 0.041610171 | L107: 41610170 | M107: 0.04161017 | N107: 1.977361 | O107: 5.4 | P107: 0.04161017 | Q107: 0.039474207 | R107: 0.95 | T107: ="("&$A107&", "&$B107&"]" -> (45, 50] | U107: 0.029137083 | V107: 0.04161017 | W107: 0.075396825 | X107: 0.039474207
A108: 50 | B108: 60 | C108: 6277 | D108: 34508720 | E108: 0.016570837 | F108: 54.976454 | H108: ="("&$A108&", "&$B108&"]" -> (50, 60] | I108: 4.01 | J108: 0.066449057 | K108: 0.07010442 | L108: 70104419 | M108: 0.070104419 | N108: 3.8540923 | O108: 4.812 | P108: 0.070104419 | Q108: 0.066493726 | R108: 0.95 | T108: ="("&$A108&", "&$B108&"]" -> (50, 60] | U108: 0.07982721 | V108: 0.070104419 | W108: 0.071428571 | X108: 0.066493726
A109: 60 | B109: 70 | C109: 6148 | D109: 39960920 | E109: 0.016230286 | F109: 64.998243 | H109: ="("&$A109&", "&$B109&"]" -> (60, 70] | I109: 3.44 | J109: 0.055832185 | K109: 0.058903513 | L109: 58903513 | M109: 0.058903513 | N109: 3.8286249 | O109: 4.128 | P109: 0.058903513 | Q109: 0.055811325 | R109: 0.95 | T109: ="("&$A109&", "&$B109&"]" -> (60, 70] | U109: 0.066979007 | V109: 0.058903513 | W109: 0.03968254 | X109: 0.055811325
A110: 70 | B110: 80 | C110: 5898 | D110: 44213710 | E110: 0.015570304 | F110: 74.963903 | H110: ="("&$A110&", "&$B110&"]" -> (70, 80] | I110: 3.05 | J110: 0.047489427 | K110: 0.05010182 | L110: 50101820 | M110: 0.05010182 | N110: 3.755828 | O110: 3.66 | P110: 0.05010182 | Q110: 0.047531103 | R110: 0.95 | T110: ="("&$A110&", "&$B110&"]" -> (70, 80] | U110: 0.057009105 | V110: 0.05010182 | W110: 0.03968254 | X110: 0.047531103
A111: 80 | B111: 90 | C111: 5688 | D111: 48339005 | E111: 0.015015919 | F111: 84.984186 | H111: ="("&$A111&", "&$B111&"]" -> (80, 90] | I111: 2.65 | J111: 0.039792185 | K111: 0.041981153 | L111: 41981152 | M111: 0.041981152 | N111: 3.567734 | O111: 3.18 | P111: 0.041981152 | Q111: 0.039823511 | R111: 0.95 | T111: ="("&$A111&", "&$B111&"]" -> (80, 90] | U111: 0.049850977 | V111: 0.041981152 | W111: 0.023809524 | X111: 0.039823511
A112: 90 | B112: 100 | C112: 5379 | D112: 51105150 | E112: 0.014200181 | F112: 95.008645 | H112: ="("&$A112&", "&$B112&"]" -> (90, 100] | I112: 2.38 | J112: 0.03379643 | K112: 0.035655571 | L112: 35655571 | M112: 0.035655571 | N112: 3.3875875 | O112: 2.856 | P112: 0.035655571 | Q112: 0.033762229 | R112: 0.95 | T112: ="("&$A112&", "&$B112&"]" -> (90, 100] | U112: 0.044131253 | V112: 0.035655571 | W112: 0.035714286 | X112: 0.033762229
A113: 100 | B113: 120 | C113: 10388 | D113: 114099530 | E113: 0.027423587 | F113: 109.83782 | H113: ="("&$A113&", "&$B113&"]" -> (100, 120] | I113: 1.9 | J113: 0.052104816 | K113: 0.054971102 | L113: 54971101 | M113: 0.054971101 | N113: 6.037906 | O113: 2.28 | P113: 0.054971101 | Q113: 0.052066328 | R113: 0.95 | T113: ="("&$A113&", "&$B113&"]" -> (100, 120] | U113: 0.038315795 | V113: 0.054971101 | W113: 0.05952381 | X113: 0.052066328
... A152: 100000 | B152: 9999999 | C152: 15 | D152: 175673705 | E152: 3.9598942e-05 | F152: 117115.8 | H152: ="("&$A152&", "&$B152&"]" -> (100000, 9999999] | I152: 0 | J152: 0 | K152: 0 | L152: 0 | M152: 0 | N152: 0 | O152: 0 | P152: 0 | Q152: 0 | R152: 0 | T152: ="("&$A152&", "&$B152&"]" -> (100000, 9999999] | U152: 0 | V152: 0 | W152: 0 | X152: 0
A155: Buy Feature
A157: Simulator | B157: 10000000 | H157: Calculate | P157: Compare
A158: Lower | B158: Upper | C158: Cnt | D158: Pay | E158: Hit Rate | F158: Avg. Multi. | H158: Range | I158: Fix Num | J158: Fix Rate | K158: Final Rate | L158: Weight | M158: Hit Rate | N158: Simulator RTP | O158: 1.05 | P158: 目前 | Q158: 競品 | R158: 差異 | T158: Range | U158: v1 | V158: v2 | W158: 奧林帕斯 | X158: 糖果
A159: -1 | B159: 0 | C159: {=C89:D152} -> 20 | D159: 0 | E159: {=_xlfn.LET(_xlpm.x, C159:C222, _xlpm.x/SUM(_xlpm.x))} -> 5.2798589e-05 | F159: {=_xlfn.LET(_xlpm.x, D159:D222/C159:C222/B3, IF(ISERR(_xlpm.x), 0, _xlpm.x))} -> 0 | H159: ="("&$A159&", "&$B159&"]" -> (-1, 0] | I159: 0 | J159: {=_xlfn.ANCHORARRAY(E159)*I159:I222} -> 0 | K159: {=J159:J222/SUM(_xlfn.ANCHORARRAY(J159))} -> 0 | L159: 0 | M159: {=_xlfn.LET(_xlpm.x, L159:L222, _xlpm.x/SUM(_xlpm.x))} -> 0 | N159: {=M159:M222*_xlfn.ANCHORARRAY(F159)} -> 0 | O159: {=ROUND(O158*I159:I222, 2)} -> 0 | P159: {=_xlfn.ANCHORARRAY(M159)} -> 0 | Q159: 0 | R159: {=_xlfn.LET(_xlpm.x, Q159:Q222/M159:M222, IF(ISERR(_xlpm.x), 0, ROUND(_xlpm.x,4)))} -> 0 | T159: ="("&$A159&", "&$B159&"]" -> (-1, 0] | U159: 0 | V159: {=_xlfn.ANCHORARRAY(M159)} -> 0 | W159: 0 | X159: 0
A160: 0 | B160: 1 | C160: 156 | D160: 10705 | E160: 0.000411829 | F160: 0.68621795 | H160: ="("&$A160&", "&$B160&"]" -> (0, 1] | I160: 0 | J160: 0 | K160: 0 | L160: 0 | M160: 0 | N160: 0 | O160: 0 | P160: 0 | Q160: 0 | R160: 0 | T160: ="("&$A160&", "&$B160&"]" -> (0, 1] | U160: 0 | V160: 0 | W160: 0.0079365079 | X160: 0
A161: 1 | B161: 2 | C161: 301 | D161: 48160 | E161: 0.00079461877 | F161: 1.6 | H161: ="("&$A161&", "&$B161&"]" -> (1, 2] | I161: 0 | J161: 0 | K161: 0 | L161: 0 | M161: 0 | N161: 0 | O161: 0 | P161: 0 | Q161: 0 | R161: 0 | T161: ="("&$A161&", "&$B161&"]" -> (1, 2] | U161: 0 | V161: 0 | W161: 0.011904762 | X161: 0
A162: 2 | B162: 3 | C162: 471 | D162: 120465 | E162: 0.0012434068 | F162: 2.5576433 | H162: ="("&$A162&", "&$B162&"]" -> (2, 3] | I162: 0 | J162: 0 | K162: 0 | L162: 0 | M162: 0 | N162: 0 | O162: 0 | P162: 0 | Q162: 0 | R162: 0 | T162: ="("&$A162&", "&$B162&"]" -> (2, 3] | U162: 0 | V162: 0 | W162: 0.01984127 | X162: 0
A163: 3 | B163: 4 | C163: 536 | D163: 190190 | E163: 0.0014150022 | F163: 3.5483209 | H163: ="("&$A163&", "&$B163&"]" -> (3, 4] | I163: 0 | J163: 0 | K163: 0 | L163: 0 | M163: 0 | N163: 0 | O163: 0 | P163: 0 | Q163: 0 | R163: 0 | T163: ="("&$A163&", "&$B163&"]" -> (3, 4] | U163: 0 | V163: 0 | W163: 0.003968254 | X163: 0
A164: 4 | B164: 5 | C164: 505 | D164: 229835 | E164: 0.0013331644 | F164: 4.5511881 | H164: ="("&$A164&", "&$B164&"]" -> (4, 5] | I164: 0 | J164: 0 | K164: 0 | L164: 0 | M164: 0 | N164: 0 | O164: 0 | P164: 0 | Q164: 0 | R164: 0 | T164: ="("&$A164&", "&$B164&"]" -> (4, 5] | U164: 0 | V164: 0 | W164: 0.015873016 | X164: 0
A165: 5 | B165: 6 | C165: 548 | D165: 301735 | E165: 0.0014466813 | F165: 5.5061131 | H165: ="("&$A165&", "&$B165&"]" -> (5, 6] | I165: 0 | J165: 0 | K165: 0 | L165: 0 | M165: 0 | N165: 0 | O165: 0 | P165: 0 | Q165: 0 | R165: 0 | T165: ="("&$A165&", "&$B165&"]" -> (5, 6] | U165: 0 | V165: 0 | W165: 0.023809524 | X165: 0
A166: 6 | B166: 7 | C166: 573 | D166: 374860 | E166: 0.0015126796 | F166: 6.5420593 | H166: ="("&$A166&", "&$B166&"]" -> (6, 7] | I166: 0 | J166: 0 | K166: 0 | L166: 0 | M166: 0 | N166: 0 | O166: 0 | P166: 0 | Q166: 0 | R166: 0 | T166: ="("&$A166&", "&$B166&"]" -> (6, 7] | U166: 0 | V166: 0 | W166: 0 | X166: 0
A167: 7 | B167: 8 | C167: 580 | D167: 436280 | E167: 0.0015311591 | F167: 7.522069 | H167: ="("&$A167&", "&$B167&"]" -> (7, 8] | I167: 0 | J167: 0 | K167: 0 | L167: 0 | M167: 0 | N167: 0 | O167: 0 | P167: 0 | Q167: 0 | R167: 0 | T167: ="("&$A167&", "&$B167&"]" -> (7, 8] | U167: 0 | V167: 0 | W167: 0 | X167: 0
...

Sheet OP Jackpot
B3: 新手A | L3: bgC1Count | M3: 4 | N3: 200000 | P3: bgC1Count | Q3: 4 | R3: 200000 | T3: bgC1Count | U3: 4 | V3: 200000 | X3: bgC1Count | Y3: 4 | Z3: 200000 | AB3: bgC1Count | AC3: 4 | AD3: 200000 | AF3: bgC1Count | AG3: 4 | AH3: 200000 | AJ3: bgC1Count | AK3: 4 | AL3: 200000 | AN3: bgC1Count | AO3: 4 | AP3: 200000 | AR3: bgC1Count | AS3: 4 | AT3: 200000 | AV3: bgC1Count | AW3: 4 | AX3: 200000 | AZ3: bgC1Count | BA3: 4 | BB3: 200000
B4: BGC1Screen | C4: 10000000 | D4: 3971276 | E4: =SUM(D4:D5)/C4 -> 0.4262329 | G4: bgC1Count | H4: 0 | I4: 0 | L4: fgC1Count | M4: 0 | N4: 1494601 | P4: fgC1Count | Q4: 0 | R4: 1494547 | T4: fgC1Count | U4: 0 | V4: 1494209 | X4: fgC1Count | Y4: 0 | Z4: 1494150 | AB4: fgC1Count | AC4: 0 | AD4: 1494299 | AF4: fgC1Count | AG4: 0 | AH4: 1494639 | AJ4: fgC1Count | AK4: 0 | AL4: 1495452 | AN4: fgC1Count | AO4: 0 | AP4: 1493959 | AR4: fgC1Count | AS4: 0 | AT4: 1494996 | AV4: fgC1Count | AW4: 0 | AX4: 1495084 | AZ4: fgC1Count | BA4: 0 | BB4: 1495015
B5: FGC1Screen | D5: 291053 | G5: bgC1Count | H5: 1 | I5: 0 | L5: fgC1Count | M5: 1 | N5: 1228365 | P5: fgC1Count | Q5: 1 | R5: 1227406 | T5: fgC1Count | U5: 1 | V5: 1227634 | X5: fgC1Count | Y5: 1 | Z5: 1228610 | AB5: fgC1Count | AC5: 1 | AD5: 1227727 | AF5: fgC1Count | AG5: 1 | AH5: 1228389 | AJ5: fgC1Count | AK5: 1 | AL5: 1227970 | AN5: fgC1Count | AO5: 1 | AP5: 1229322 | AR5: fgC1Count | AS5: 1 | AT5: 1227329 | AV5: fgC1Count | AW5: 1 | AX5: 1228742 | AZ5: fgC1Count | BA5: 1 | BB5: 1228135
G6: bgC1Count | H6: 2 | I6: 0 | L6: fgC1Count | M6: 2 | N6: 412842 | P6: fgC1Count | Q6: 2 | R6: 412871 | T6: fgC1Count | U6: 2 | V6: 414357 | X6: fgC1Count | Y6: 2 | Z6: 413188 | AB6: fgC1Count | AC6: 2 | AD6: 414002 | AF6: fgC1Count | AG6: 2 | AH6: 414084 | AJ6: fgC1Count | AK6: 2 | AL6: 413258 | AN6: fgC1Count | AO6: 2 | AP6: 412227 | AR6: fgC1Count | AS6: 2 | AT6: 413583 | AV6: fgC1Count | AW6: 2 | AX6: 413158 | AZ6: fgC1Count | BA6: 2 | BB6: 413742
B7: 新手B | G7: bgC1Count | H7: 3 | I7: 0 | L7: fgC1Count | M7: 3 | N7: 32574 | P7: fgC1Count | Q7: 3 | R7: 32372 | T7: fgC1Count | U7: 3 | V7: 32625 | X7: fgC1Count | Y7: 3 | Z7: 32620 | AB7: fgC1Count | AC7: 3 | AD7: 32687 | AF7: fgC1Count | AG7: 3 | AH7: 32931 | AJ7: fgC1Count | AK7: 3 | AL7: 32793 | AN7: fgC1Count | AO7: 3 | AP7: 32538 | AR7: fgC1Count | AS7: 3 | AT7: 32685 | AV7: fgC1Count | AW7: 3 | AX7: 32865 | AZ7: fgC1Count | BA7: 3 | BB7: 32901
B8: BGC1Screen | C8: {=_xlfn.LET(_xlpm.x, C4:D5, IF(_xlpm.x="", "", _xlpm.x))} -> 10000000 | D8: 3971276 | E8: =SUM(D8:D9)/C8 -> 0.4262329 | G8: bgC1Count | H8: 4 | I8: =M37 -> 2500000 | L8: fgC1Count | M8: 4 | N8: 1262 | P8: fgC1Count | Q8: 4 | R8: 1220 | T8: fgC1Count | U8: 4 | V8: 1286 | X8: fgC1Count | Y8: 4 | Z8: 1238 | AB8: fgC1Count | AC8: 4 | AD8: 1192 | AF8: fgC1Count | AG8: 4 | AH8: 1212 | AJ8: fgC1Count | AK8: 4 | AL8: 1260 | AN8: fgC1Count | AO8: 4 | AP8: 1204 | AR8: fgC1Count | AS8: 4 | AT8: 1152 | AV8: fgC1Count | AW8: 4 | AX8: 1235 | AZ8: fgC1Count | BA8: 4 | BB8: 1190
B9: FGC1Screen | D9: 291053 | G9: bgC1Count | H9: 5 | I9: 0 | L9: fgC1Count | M9: 5 | N9: 111 | P9: fgC1Count | Q9: 5 | R9: 109 | T9: fgC1Count | U9: 5 | V9: 133 | X9: fgC1Count | Y9: 5 | Z9: 124 | AB9: fgC1Count | AC9: 5 | AD9: 125 | AF9: fgC1Count | AG9: 5 | AH9: 129 | AJ9: fgC1Count | AK9: 5 | AL9: 110 | AN9: fgC1Count | AO9: 5 | AP9: 127 | AR9: fgC1Count | AS9: 5 | AT9: 132 | AV9: fgC1Count | AW9: 5 | AX9: 139 | AZ9: fgC1Count | BA9: 5 | BB9: 126
G10: bgC1Count | H10: 6 | I10: 0 | J10: =SUM(I5:I10) -> 2500000 | L10: fgC1Count | M10: 6 | N10: 5 | P10: fgC1Count | Q10: 6 | R10: 5 | T10: fgC1Count | U10: 6 | V10: 6 | X10: fgC1Count | Y10: 6 | Z10: 5 | AB10: fgC1Count | AC10: 6 | AD10: 3 | AF10: fgC1Count | AG10: 6 | AH10: 6 | AJ10: fgC1Count | AK10: 6 | AL10: 7 | AN10: fgC1Count | AO10: 6 | AP10: 8 | AR10: fgC1Count | AS10: 6 | AT10: 8 | AV10: fgC1Count | AW10: 6 | AX10: 7 | AZ10: fgC1Count | BA10: 6 | BB10: 6
B11: 老手A | G11: fgC1Count | H11: 0 | I11: {=M38:M44} -> 18578799
B12: BGC1Screen | C12: 10000000 | D12: 3963977 | E12: =SUM(D12:D13)/C12 -> 0.4145401 | G12: fgC1Count | H12: 1 | I12: 15160252
B13: FGC1Screen | D13: 181424 | G13: fgC1Count | H13: 2 | I13: 5062145
G14: fgC1Count | H14: 3 | I14: 312478
B15: 老手B | G15: fgC1Count | H15: 4 | I15: 11639 | M15: {=N3:N10+R3:R10+V3:V10+Z3:Z10+AD3:AD10+AH3:AH10+AL3:AL10+AP3:AP10+AT3:AT10+AX3:AX10+BB3:BB10} -> 2200000
B16: BGC1Screen | C16: {=_xlfn.LET(_xlpm.x, C12:D13, IF(_xlpm.x="", "", _xlpm.x))} -> 10000000 | D16: 3963977 | E16: =SUM(D16:D17)/C16 -> 0.4145401 | G16: fgC1Count | H16: 5 | I16: 1158 | M16: 16440951
B17: FGC1Screen | D17: 181424 | G17: fgC1Count | H17: 6 | I17: 24 | J17: =SUM(I12:I17) -> 20547696 | M17: 13509629
M18: 4547312
B19: BF | M19: 359591
B20: BGC1Screen | C20: 2500000 | D20: 2500000 | E20: =SUM(D20:D21)/C20 -> 9.2190784 | M20: 13451
B21: FGC1Screen | D21: 20547696 | M21: 1365
M22: 66
B23: SF
B24: BGC1Screen | C24: 2200000 | D24: 2200000 | E24: =SUM(D24:D25)/C24 -> 9.3779155
B25: FGC1Screen | D25: 18431414
L26: bgC1Count | M26: 4 | N26: 500000 | P26: bgC1Count | Q26: 4 | R26: 500000 | T26: bgC1Count | U26: 4 | V26: 500000 | X26: bgC1Count | Y26: 4 | Z26: 500000 | AB26: bgC1Count | AC26: 4 | AD26: 500000
L27: fgC1Count | M27: 0 | N27: 3715301 | P27: fgC1Count | Q27: 0 | R27: 3717127 | T27: fgC1Count | U27: 0 | V27: 3715243 | X27: fgC1Count | Y27: 0 | Z27: 3716010 | AB27: fgC1Count | AC27: 0 | AD27: 3715118
B28: Threshold | C28: 10000000000 | L28: fgC1Count | M28: 1 | N28: 3032846 | P28: fgC1Count | Q28: 1 | R28: 3030568 | T28: fgC1Count | U28: 1 | V28: 3031479 | X28: fgC1Count | Y28: 1 | Z28: 3031832 | AB28: fgC1Count | AC28: 1 | AD28: 3033527
L29: fgC1Count | M29: 2 | N29: 1010773 | P29: fgC1Count | Q29: 2 | R29: 1011705 | T29: fgC1Count | U29: 2 | V29: 1011898 | X29: fgC1Count | Y29: 2 | Z29: 1013570 | AB29: fgC1Count | AC29: 2 | AD29: 1014199
B30: 新手A | C30: =ROUND(E4*$C$28, 0) -> 4262329000 | D30: 3437610667 | E30: {=D30:D35/C30:C35} -> 0.80650993 | L30: fgC1Count | M30: 3 | N30: 62145 | P30: fgC1Count | Q30: 3 | R30: 62371 | T30: fgC1Count | U30: 3 | V30: 62109 | X30: fgC1Count | Y30: 3 | Z30: 62740 | AB30: fgC1Count | AC30: 3 | AD30: 63113
B31: 新手B | C31: =ROUND(E8*$C$28, 0) -> 4262329000 | D31: 3437610667 | E31: 0.80650993 | L31: fgC1Count | M31: 4 | N31: 2335 | P31: fgC1Count | Q31: 4 | R31: 2244 | T31: fgC1Count | U31: 4 | V31: 2309 | X31: fgC1Count | Y31: 4 | Z31: 2378 | AB31: fgC1Count | AC31: 4 | AD31: 2373
B32: 老手A | C32: =ROUND(E12*$C$28, 0) -> 4145401000 | D32: 3296872000 | E32: 0.79530834 | L32: fgC1Count | M32: 5 | N32: 247 | P32: fgC1Count | Q32: 5 | R32: 226 | T32: fgC1Count | U32: 5 | V32: 233 | X32: fgC1Count | Y32: 5 | Z32: 228 | AB32: fgC1Count | AC32: 5 | AD32: 224
B33: 老手B | C33: =ROUND(E16*$C$28, 0) -> 4145401000 | D33: 3296872000 | E33: 0.79530834 | L33: fgC1Count | M33: 6 | N33: 3 | P33: fgC1Count | Q33: 6 | R33: 9 | T33: fgC1Count | U33: 6 | V33: 4 | X33: fgC1Count | Y33: 6 | Z33: 7 | AB33: fgC1Count | AC33: 6 | AD33: 1
B34: BF | C34: =ROUND(E20*$C$28, 0) -> 92190784000 | D34: 108524504310 | E34: 1.177173
B35: SF | C35: =ROUND(E24*$C$28, 0) -> 93779154545 | D35: 109931789773 | E35: 1.1722412
M37: {=N26:N33+R26:R33+V26:V33+Z26:Z33+AD26:AD33} -> 2500000
M38: 18578799
M39: 15160252
M40: 5062145
M41: 312478
M42: 11639
M43: 1158
M44: 24
L48: bgC1Count | M48: 4 | N48: 500000 | P48: bgC1Count | Q48: 4 | R48: 500000 | T48: bgC1Count | U48: 4 | V48: 500000 | X48: bgC1Count | Y48: 4 | Z48: 500000 | AB48: bgC1Count | AC48: 4 | AD48: 500000
L49: fgC1Count | M49: 0 | N49: 3716625 | P49: fgC1Count | Q49: 0 | R49: 3715718 | T49: fgC1Count | U49: 0 | V49: 3719062 | X49: fgC1Count | Y49: 0 | Z49: 3717912 | AB49: fgC1Count | AC49: 0 | AD49: 3716070
L50: fgC1Count | M50: 1 | N50: 3031427 | P50: fgC1Count | Q50: 1 | R50: 3031554 | T50: fgC1Count | U50: 1 | V50: 3028810 | X50: fgC1Count | Y50: 1 | Z50: 3030302 | AB50: fgC1Count | AC50: 1 | AD50: 3030540
L51: fgC1Count | M51: 2 | N51: 1013792 | P51: fgC1Count | Q51: 2 | R51: 1012628 | T51: fgC1Count | U51: 2 | V51: 1012424 | X51: fgC1Count | Y51: 2 | Z51: 1011754 | AB51: fgC1Count | AC51: 2 | AD51: 1013230
L52: fgC1Count | M52: 3 | N52: 62893 | P52: fgC1Count | Q52: 3 | R52: 62374 | T52: fgC1Count | U52: 3 | V52: 62516 | X52: fgC1Count | Y52: 3 | Z52: 62428 | AB52: fgC1Count | AC52: 3 | AD52: 62402
L53: fgC1Count | M53: 4 | N53: 2321 | P53: fgC1Count | Q53: 4 | R53: 2330 | T53: fgC1Count | U53: 4 | V53: 2340 | X53: fgC1Count | Y53: 4 | Z53: 2295 | AB53: fgC1Count | AC53: 4 | AD53: 2327
L54: fgC1Count | M54: 5 | N54: 242 | P54: fgC1Count | Q54: 5 | R54: 269 | T54: fgC1Count | U54: 5 | V54: 215 | X54: fgC1Count | Y54: 5 | Z54: 264 | AB54: fgC1Count | AC54: 5 | AD54: 227
L55: fgC1Count | M55: 6 | N55: 5 | P55: fgC1Count | Q55: 6 | R55: 2 | T55: fgC1Count | U55: 6 | V55: 3 | X55: fgC1Count | Y55: 6 | Z55: 5 | AB55: fgC1Count | AC55: 6 | AD55: 4
M59: {=N48:N55+R48:R55+V48:V55+Z48:Z55+AD48:AD55} -> 2500000
M60: 18585387 | O60: =SUM(M59,M61:M66) -> 23041923
M61: 15152633 | O61: =O60/M59 -> 9.2167692
M62: 5063828
M63: 312613
M64: 11613
M65: 1217
M66: 19

Sheet BG_Symbol
AH1: =SUM(AH7:AH10) -> 34 | AI1: =SUM(AI7:AI10) -> 30 | AJ1: =SUM(AJ7:AJ10) -> 32 | AK1: =SUM(AK7:AK10) -> 28 | AL1: =SUM(AL7:AL10) -> 28 | AM1: =SUM(AM7:AM10) -> 34
K2: Symbol | S2: ID | Z2: Weight
A3: Symbol | B3: Description | C3: R1 | D3: R2 | E3: R3 | F3: R4 | G3: R5 | H3: R6 | I3: ID | K3: Line # | L3: R1 | M3: R2 | N3: R3 | O3: R4 | P3: R5 | Q3: R6 | S3: R1 | T3: R2 | U3: R3 | V3: R4 | W3: R5 | X3: R6 | Z3: R1 | AA3: R2 | AB3: R3 | AC3: R4 | AD3: R5 | AE3: R6 | AG3: Symbol | AH3: R1 | AI3: R2 | AJ3: R3 | AK3: R4 | AL3: R5 | AM3: R6 | AO3: {=TRANSPOSE(AG3:AM15)} -> Symbol | AP3: WW | AQ3: C1 | AR3: C2 | AS3: M1 | AT3: M2 | AU3: M3 | AV3: M4 | AW3: A | AX3: K | AY3: Q | AZ3: J | BA3: TE
A4: WW | B4: WILD | C4: =COUNTIF(L$4:L$304,$A4) -> 3 | D4: =COUNTIF(M$4:M$304,$A4) -> 3 | E4: =COUNTIF(N$4:N$304,$A4) -> 3 | F4: =COUNTIF(O$4:O$304,$A4) -> 3 | G4: =COUNTIF(P$4:P$304,$A4) -> 3 | H4: =COUNTIF(Q$4:Q$304,$A4) -> 3 | I4: 0 | K4: 0 | L4: M4 | M4: M1 | N4: A | O4: Q | P4: M4 | Q4: TE | S4: {=_xlfn.LET(_xlpm.x, L4:Q304, IF(_xlpm.x="", "", _xlfn.XLOOKUP(_xlpm.x, $A$4:$A$15, $I$4:$I$15)))} -> 6 | T4: 3 | U4: 7 | V4: 9 | W4: 6 | X4: 11 | Z4: {=_xlfn.LET(_xlpm.seq, OFFSET(L4,,,5), _xlpm.cnt, SUM((_xlpm.seq="C2")+(_xlpm.seq="WW")), IF(_xlpm.cnt>0,0,1) )} -> 1 | AA4: {=_xlfn.LET(_xlpm.seq, OFFSET(M4,,,5), _xlpm.cnt, SUM((_xlpm.seq="C2")+(_xlpm.seq="WW")), IF(_xlpm.cnt>0,0,1) )} -> 1 | AB4: {=_xlfn.LET(_xlpm.seq, OFFSET(N4,,,5), _xlpm.cnt, SUM((_xlpm.seq="C2")+(_xlpm.seq="WW")), IF(_xlpm.cnt>0,0,1) )} -> 1 | AC4: {=_xlfn.LET(_xlpm.seq, OFFSET(O4,,,5), _xlpm.cnt, SUM((_xlpm.seq="C2")+(_xlpm.seq="WW")), IF(_xlpm.cnt>0,0,1) )} -> 1 | AD4: 1 | AE4: {=_xlfn.LET(_xlpm.seq, OFFSET(Q4,,,5), _xlpm.cnt, SUM((_xlpm.seq="C2")+(_xlpm.seq="WW")), IF(_xlpm.cnt>0,0,1) )} -> 1 | AG4: WW | AH4: 3 | AI4: 3 | AJ4: 3 | AK4: 3 | AL4: 3 | AM4: 3 | AO4: R1 | AP4: 3 | AQ4: 2 | AR4: 3 | AS4: 2 | AT4: 14 | AU4: 2 | AV4: 16 | AW4: 14 | AX4: 14 | AY4: 4 | AZ4: 20 | BA4: 4
A5: C1 | B5: Scatter | C5: =COUNTIF(L$4:L$304,$A5) -> 2 | D5: =COUNTIF(M$4:M$304,$A5) -> 0 | E5: =COUNTIF(N$4:N$304,$A5) -> 0 | F5: =COUNTIF(O$4:O$304,$A5) -> 2 | G5: =COUNTIF(P$4:P$304,$A5) -> 2 | H5: =COUNTIF(Q$4:Q$304,$A5) -> 0 | I5: 1 | K5: 1 | L5: M4 | M5: M1 | N5: A | O5: Q | P5: M4 | Q5: TE | S5: 6 | T5: 3 | U5: 7 | V5: 9 | W5: 6 | X5: 11 | Z5: {=_xlfn.LET(_xlpm.seq, OFFSET(L5,,,5), _xlpm.cnt, SUM((_xlpm.seq="C2")+(_xlpm.seq="WW")), IF(_xlpm.cnt>0,0,1) )} -> 1 | AA5: {=_xlfn.LET(_xlpm.seq, OFFSET(M5,,,5), _xlpm.cnt, SUM((_xlpm.seq="C2")+(_xlpm.seq="WW")), IF(_xlpm.cnt>0,0,1) )} -> 1 | AB5: {=_xlfn.LET(_xlpm.seq, OFFSET(N5,,,5), _xlpm.cnt, SUM((_xlpm.seq="C2")+(_xlpm.seq="WW")), IF(_xlpm.cnt>0,0,1) )} -> 1 | AC5: {=_xlfn.LET(_xlpm.seq, OFFSET(O5,,,5), _xlpm.cnt, SUM((_xlpm.seq="C2")+(_xlpm.seq="WW")), IF(_xlpm.cnt>0,0,1) )} -> 1 | AD5: 1 | AE5: {=_xlfn.LET(_xlpm.seq, OFFSET(Q5,,,5), _xlpm.cnt, SUM((_xlpm.seq="C2")+(_xlpm.seq="WW")), IF(_xlpm.cnt>0,0,1) )} -> 1 | AG5: C1 | AH5: 2 | AI5: 2 | AJ5: 2 | AK5: 2 | AL5: 2 | AM5: 2 | AO5: R2 | AP5: 3 | AQ5: 2 | AR5: 3 | AS5: 12 | AT5: 2 | AU5: 14 | AV5: 2 | AW5: 2 | AX5: 18 | AY5: 18 | AZ5: 2 | BA5: 20
A6: C2 | B6: Multiplier | C6: =COUNTIF(L$4:L$304,$A6) -> 3 | D6: =COUNTIF(M$4:M$304,$A6) -> 3 | E6: =COUNTIF(N$4:N$304,$A6) -> 3 | F6: =COUNTIF(O$4:O$304,$A6) -> 3 | G6: =COUNTIF(P$4:P$304,$A6) -> 3 | H6: =COUNTIF(Q$4:Q$304,$A6) -> 3 | I6: 2 | K6: 2 | L6: M2 | M6: A | N6: M4 | O6: M1 | P6: C2 | Q6: Q | S6: 4 | T6: 7 | U6: 6 | V6: 3 | W6: 2 | X6: 9 | Z6: {=_xlfn.LET(_xlpm.seq, OFFSET(L6,,,5), _xlpm.cnt, SUM((_xlpm.seq="C2")+(_xlpm.seq="WW")), IF(_xlpm.cnt>0,0,1) )} -> 1 | AA6: {=_xlfn.LET(_xlpm.seq, OFFSET(M6,,,5), _xlpm.cnt, SUM((_xlpm.seq="C2")+(_xlpm.seq="WW")), IF(_xlpm.cnt>0,0,1) )} -> 1 | AB6: {=_xlfn.LET(_xlpm.seq, OFFSET(N6,,,5), _xlpm.cnt, SUM((_xlpm.seq="C2")+(_xlpm.seq="WW")), IF(_xlpm.cnt>0,0,1) )} -> 1 | AC6: {=_xlfn.LET(_xlpm.seq, OFFSET(O6,,,5), _xlpm.cnt, SUM((_xlpm.seq="C2")+(_xlpm.seq="WW")), IF(_xlpm.cnt>0,0,1) )} -> 1 | AD6: 1 | AE6: {=_xlfn.LET(_xlpm.seq, OFFSET(Q6,,,5), _xlpm.cnt, SUM((_xlpm.seq="C2")+(_xlpm.seq="WW")), IF(_xlpm.cnt>0,0,1) )} -> 1 | AG6: C2 | AH6: 3 | AI6: 3 | AJ6: 3 | AK6: 3 | AL6: 3 | AM6: 3 | AO6: R3 | AP6: 3 | AQ6: 2 | AR6: 3 | AS6: 2 | AT6: 12 | AU6: 6 | AV6: 12 | AW6: 20 | AX6: 2 | AY6: 10 | AZ6: 16 | BA6: 10
A7: M1 | B7: M1 | C7: =COUNTIF(L$4:L$304,$A7) -> 2 | D7: =COUNTIF(M$4:M$304,$A7) -> 12 | E7: =COUNTIF(N$4:N$304,$A7) -> 2 | F7: =COUNTIF(O$4:O$304,$A7) -> 12 | G7: =COUNTIF(P$4:P$304,$A7) -> 4 | H7: =COUNTIF(Q$4:Q$304,$A7) -> 15 | I7: 3 | K7: 3 | L7: M2 | M7: A | N7: A | O7: M1 | P7: TE | Q7: Q | S7: 4 | T7: 7 | U7: 7 | V7: 3 | W7: 11 | X7: 9 | Z7: {=_xlfn.LET(_xlpm.seq, OFFSET(L7,,,5), _xlpm.cnt, SUM((_xlpm.seq="C2")+(_xlpm.seq="WW")), IF(_xlpm.cnt>0,0,1) )} -> 1 | AA7: {=_xlfn.LET(_xlpm.seq, OFFSET(M7,,,5), _xlpm.cnt, SUM((_xlpm.seq="C2")+(_xlpm.seq="WW")), IF(_xlpm.cnt>0,0,1) )} -> 1 | AB7: {=_xlfn.LET(_xlpm.seq, OFFSET(N7,,,5), _xlpm.cnt, SUM((_xlpm.seq="C2")+(_xlpm.seq="WW")), IF(_xlpm.cnt>0,0,1) )} -> 1 | AC7: {=_xlfn.LET(_xlpm.seq, OFFSET(O7,,,5), _xlpm.cnt, SUM((_xlpm.seq="C2")+(_xlpm.seq="WW")), IF(_xlpm.cnt>0,0,1) )} -> 1 | AD7: {=_xlfn.LET(_xlpm.seq, OFFSET(P7,,,5), _xlpm.cnt, SUM((_xlpm.seq="C2")+(_xlpm.seq="WW")), IF(_xlpm.cnt>0,0,1) )} -> 1 | AE7: {=_xlfn.LET(_xlpm.seq, OFFSET(Q7,,,5), _xlpm.cnt, SUM((_xlpm.seq="C2")+(_xlpm.seq="WW")), IF(_xlpm.cnt>0,0,1) )} -> 1 | AG7: M1 | AH7: 2 | AI7: 12 | AJ7: 2 | AK7: 12 | AL7: 4 | AM7: 14 | AO7: R4 | AP7: 3 | AQ7: 2 | AR7: 3 | AS7: 12 | AT7: 12 | AU7: 2 | AV7: 2 | AW7: 18 | AX7: 2 | AY7: 20 | AZ7: 2 | BA7: 24
A8: M2 | B8: M2 | C8: =COUNTIF(L$4:L$304,$A8) -> 16 | D8: =COUNTIF(M$4:M$304,$A8) -> 2 | E8: =COUNTIF(N$4:N$304,$A8) -> 12 | F8: =COUNTIF(O$4:O$304,$A8) -> 10 | G8: =COUNTIF(P$4:P$304,$A8) -> 4 | H8: =COUNTIF(Q$4:Q$304,$A8) -> 2 | I8: 4 | K8: 4 | L8: A | M8: K | N8: A | O8: Q | P8: TE | Q8: TE | S8: 7 | T8: 8 | U8: 7 | V8: 9 | W8: 11 | X8: 11 | Z8: {=_xlfn.LET(_xlpm.seq, OFFSET(L8,,,5), _xlpm.cnt, SUM((_xlpm.seq="C2")+(_xlpm.seq="WW")), IF(_xlpm.cnt>0,0,1) )} -> 1 | AA8: {=_xlfn.LET(_xlpm.seq, OFFSET(M8,,,5), _xlpm.cnt, SUM((_xlpm.seq="C2")+(_xlpm.seq="WW")), IF(_xlpm.cnt>0,0,1) )} -> 1 | AB8: {=_xlfn.LET(_xlpm.seq, OFFSET(N8,,,5), _xlpm.cnt, SUM((_xlpm.seq="C2")+(_xlpm.seq="WW")), IF(_xlpm.cnt>0,0,1) )} -> 1 | AC8: {=_xlfn.LET(_xlpm.seq, OFFSET(O8,,,5), _xlpm.cnt, SUM((_xlpm.seq="C2")+(_xlpm.seq="WW")), IF(_xlpm.cnt>0,0,1) )} -> 1 | AD8: {=_xlfn.LET(_xlpm.seq, OFFSET(P8,,,5), _xlpm.cnt, SUM((_xlpm.seq="C2")+(_xlpm.seq="WW")), IF(_xlpm.cnt>0,0,1) )} -> 1 | AE8: {=_xlfn.LET(_xlpm.seq, OFFSET(Q8,,,5), _xlpm.cnt, SUM((_xlpm.seq="C2")+(_xlpm.seq="WW")), IF(_xlpm.cnt>0,0,1) )} -> 1 | AG8: M2 | AH8: 14 | AI8: 2 | AJ8: 12 | AK8: 12 | AL8: 4 | AM8: 2 | AO8: R5 | AP8: 3 | AQ8: 2 | AR8: 3 | AS8: 4 | AT8: 4 | AU8: 16 | AV8: 4 | AW8: 2 | AX8: 20 | AY8: 2 | AZ8: 22 | BA8: 20
A9: M3 | B9: M3 | C9: =COUNTIF(L$4:L$304,$A9) -> 2 | D9: =COUNTIF(M$4:M$304,$A9) -> 15 | E9: =COUNTIF(N$4:N$304,$A9) -> 6 | F9: =COUNTIF(O$4:O$304,$A9) -> 2 | G9: =COUNTIF(P$4:P$304,$A9) -> 14 | H9: =COUNTIF(Q$4:Q$304,$A9) -> 2 | I9: 5 | K9: 5 | L9: A | M9: K | N9: M3 | O9: Q | P9: J | Q9: TE | S9: 7 | T9: 8 | U9: 5 | V9: 9 | W9: 10 | X9: 11 | Z9: {=_xlfn.LET(_xlpm.seq, OFFSET(L9,,,5), _xlpm.cnt, SUM((_xlpm.seq="C2")+(_xlpm.seq="WW")), IF(_xlpm.cnt>0,0,1) )} -> 1 | AA9: {=_xlfn.LET(_xlpm.seq, OFFSET(M9,,,5), _xlpm.cnt, SUM((_xlpm.seq="C2")+(_xlpm.seq="WW")), IF(_xlpm.cnt>0,0,1) )} -> 1 | AB9: {=_xlfn.LET(_xlpm.seq, OFFSET(N9,,,5), _xlpm.cnt, SUM((_xlpm.seq="C2")+(_xlpm.seq="WW")), IF(_xlpm.cnt>0,0,1) )} -> 0 | AC9: {=_xlfn.LET(_xlpm.seq, OFFSET(O9,,,5), _xlpm.cnt, SUM((_xlpm.seq="C2")+(_xlpm.seq="WW")), IF(_xlpm.cnt>0,0,1) )} -> 1 | AD9: {=_xlfn.LET(_xlpm.seq, OFFSET(P9,,,5), _xlpm.cnt, SUM((_xlpm.seq="C2")+(_xlpm.seq="WW")), IF(_xlpm.cnt>0,0,1) )} -> 1 | AE9: {=_xlfn.LET(_xlpm.seq, OFFSET(Q9,,,5), _xlpm.cnt, SUM((_xlpm.seq="C2")+(_xlpm.seq="WW")), IF(_xlpm.cnt>0,0,1) )} -> 1 | AG9: M3 | AH9: 2 | AI9: 14 | AJ9: 6 | AK9: 2 | AL9: 16 | AM9: 2 | AO9: R6 | AP9: 3 | AQ9: 2 | AR9: 3 | AS9: 14 | AT9: 2 | AU9: 2 | AV9: 16 | AW9: 4 | AX9: 4 | AY9: 24 | AZ9: 2 | BA9: 26
A10: M4 | B10: M4 | C10: =COUNTIF(L$4:L$304,$A10) -> 16 | D10: =COUNTIF(M$4:M$304,$A10) -> 2 | E10: =COUNTIF(N$4:N$304,$A10) -> 13 | F10: =COUNTIF(O$4:O$304,$A10) -> 2 | G10: =COUNTIF(P$4:P$304,$A10) -> 4 | H10: =COUNTIF(Q$4:Q$304,$A10) -> 16 | I10: 6 | K10: 6 | L10: TE | M10: M3 | N10: M3 | O10: TE | P10: J | Q10: M1 | S10: 11 | T10: 5 | U10: 5 | V10: 11 | W10: 10 | X10: 3 | Z10: 1 | AA10: {=_xlfn.LET(_xlpm.seq, OFFSET(M10,,,5), _xlpm.cnt, SUM((_xlpm.seq="C2")+(_xlpm.seq="WW")), IF(_xlpm.cnt>0,0,1) )} -> 1 | AB10: {=_xlfn.LET(_xlpm.seq, OFFSET(N10,,,5), _xlpm.cnt, SUM((_xlpm.seq="C2")+(_xlpm.seq="WW")), IF(_xlpm.cnt>0,0,1) )} -> 0 | AC10: {=_xlfn.LET(_xlpm.seq, OFFSET(O10,,,5), _xlpm.cnt, SUM((_xlpm.seq="C2")+(_xlpm.seq="WW")), IF(_xlpm.cnt>0,0,1) )} -> 1 | AD10: {=_xlfn.LET(_xlpm.seq, OFFSET(P10,,,5), _xlpm.cnt, SUM((_xlpm.seq="C2")+(_xlpm.seq="WW")), IF(_xlpm.cnt>0,0,1) )} -> 1 | AE10: {=_xlfn.LET(_xlpm.seq, OFFSET(Q10,,,5), _xlpm.cnt, SUM((_xlpm.seq="C2")+(_xlpm.seq="WW")), IF(_xlpm.cnt>0,0,1) )} -> 1 | AG10: M4 | AH10: 16 | AI10: 2 | AJ10: 12 | AK10: 2 | AL10: 4 | AM10: 16
A11: A | B11: A | C11: =COUNTIF(L$4:L$304,$A11) -> 14 | D11: =COUNTIF(M$4:M$304,$A11) -> 2 | E11: =COUNTIF(N$4:N$304,$A11) -> 22 | F11: =COUNTIF(O$4:O$304,$A11) -> 18 | G11: =COUNTIF(P$4:P$304,$A11) -> 2 | H11: =COUNTIF(Q$4:Q$304,$A11) -> 4 | I11: 7 | K11: 7 | L11: TE | M11: Q | N11: J | O11: TE | P11: M1 | Q11: M1 | S11: 11 | T11: 9 | U11: 10 | V11: 11 | W11: 3 | X11: 3 | Z11: 1 | AA11: {=_xlfn.LET(_xlpm.seq, OFFSET(M11,,,5), _xlpm.cnt, SUM((_xlpm.seq="C2")+(_xlpm.seq="WW")), IF(_xlpm.cnt>0,0,1) )} -> 1 | AB11: {=_xlfn.LET(_xlpm.seq, OFFSET(N11,,,5), _xlpm.cnt, SUM((_xlpm.seq="C2")+(_xlpm.seq="WW")), IF(_xlpm.cnt>0,0,1) )} -> 0 | AC11: {=_xlfn.LET(_xlpm.seq, OFFSET(O11,,,5), _xlpm.cnt, SUM((_xlpm.seq="C2")+(_xlpm.seq="WW")), IF(_xlpm.cnt>0,0,1) )} -> 1 | AD11: {=_xlfn.LET(_xlpm.seq, OFFSET(P11,,,5), _xlpm.cnt, SUM((_xlpm.seq="C2")+(_xlpm.seq="WW")), IF(_xlpm.cnt>0,0,1) )} -> 1 | AE11: {=_xlfn.LET(_xlpm.seq, OFFSET(Q11,,,5), _xlpm.cnt, SUM((_xlpm.seq="C2")+(_xlpm.seq="WW")), IF(_xlpm.cnt>0,0,1) )} -> 1 | AG11: A | AH11: 14 | AI11: 2 | AJ11: 20 | AK11: 18 | AL11: 2 | AM11: 4
A12: K | B12: K | C12: =COUNTIF(L$4:L$304,$A12) -> 14 | D12: =COUNTIF(M$4:M$304,$A12) -> 18 | E12: =COUNTIF(N$4:N$304,$A12) -> 2 | F12: =COUNTIF(O$4:O$304,$A12) -> 2 | G12: =COUNTIF(P$4:P$304,$A12) -> 20 | H12: =COUNTIF(Q$4:Q$304,$A12) -> 4 | I12: 8 | K12: 8 | L12: K | M12: Q | N12: J | O12: M1 | P12: M1 | Q12: TE | S12: 8 | T12: 9 | U12: 10 | V12: 3 | W12: 3 | X12: 11 | Z12: 1 | AA12: {=_xlfn.LET(_xlpm.seq, OFFSET(M12,,,5), _xlpm.cnt, SUM((_xlpm.seq="C2")+(_xlpm.seq="WW")), IF(_xlpm.cnt>0,0,1) )} -> 1 | AB12: {=_xlfn.LET(_xlpm.seq, OFFSET(N12,,,5), _xlpm.cnt, SUM((_xlpm.seq="C2")+(_xlpm.seq="WW")), IF(_xlpm.cnt>0,0,1) )} -> 0 | AC12: {=_xlfn.LET(_xlpm.seq, OFFSET(O12,,,5), _xlpm.cnt, SUM((_xlpm.seq="C2")+(_xlpm.seq="WW")), IF(_xlpm.cnt>0,0,1) )} -> 1 | AD12: {=_xlfn.LET(_xlpm.seq, OFFSET(P12,,,5), _xlpm.cnt, SUM((_xlpm.seq="C2")+(_xlpm.seq="WW")), IF(_xlpm.cnt>0,0,1) )} -> 1 | AE12: {=_xlfn.LET(_xlpm.seq, OFFSET(Q12,,,5), _xlpm.cnt, SUM((_xlpm.seq="C2")+(_xlpm.seq="WW")), IF(_xlpm.cnt>0,0,1) )} -> 1 | AG12: K | AH12: 14 | AI12: 18 | AJ12: 2 | AK12: 2 | AL12: 20 | AM12: 4 | AP12: ="'"&AP$3&"':"&" "&AP4&", " -> 'WW': 3, | AQ12: ="'"&AQ$3&"':"&" "&AQ4&", " -> 'C1': 2, | AR12: ="'"&AR$3&"':"&" "&AR4&", " -> 'C2': 3, | AS12: ="'"&AS$3&"':"&" "&AS4&", " -> 'M1': 2, | AT12: ="'"&AT$3&"':"&" "&AT4&", " -> 'M2': 14, | AU12: ="'"&AU$3&"':"&" "&AU4&", " -> 'M3': 2, | AV12: ="'"&AV$3&"':"&" "&AV4&", " -> 'M4': 16, | AW12: ="'"&AW$3&"':"&" "&AW4&", " -> 'A': 14, | ... AZ12: ="'"&AZ$3&"':"&" "&AZ4&", " -> 'J': 20, | BA12: ="'"&BA$3&"':"&" "&BA4 -> 'TE': 4
A13: Q | B13: Q | C13: =COUNTIF(L$4:L$304,$A13) -> 4 | D13: =COUNTIF(M$4:M$304,$A13) -> 20 | E13: =COUNTIF(N$4:N$304,$A13) -> 11 | F13: =COUNTIF(O$4:O$304,$A13) -> 18 | G13: =COUNTIF(P$4:P$304,$A13) -> 2 | H13: =COUNTIF(Q$4:Q$304,$A13) -> 24 | I13: 9 | K13: 9 | L13: K | M13: TE | N13: C2 | O13: M1 | P13: TE | Q13: TE | S13: 8 | T13: 11 | U13: 2 | V13: 3 | W13: 11 | X13: 11 | Z13: 1 | AA13: {=_xlfn.LET(_xlpm.seq, OFFSET(M13,,,5), _xlpm.cnt, SUM((_xlpm.seq="C2")+(_xlpm.seq="WW")), IF(_xlpm.cnt>0,0,1) )} -> 1 | AB13: {=_xlfn.LET(_xlpm.seq, OFFSET(N13,,,5), _xlpm.cnt, SUM((_xlpm.seq="C2")+(_xlpm.seq="WW")), IF(_xlpm.cnt>0,0,1) )} -> 0 | AC13: {=_xlfn.LET(_xlpm.seq, OFFSET(O13,,,5), _xlpm.cnt, SUM((_xlpm.seq="C2")+(_xlpm.seq="WW")), IF(_xlpm.cnt>0,0,1) )} -> 1 | AD13: {=_xlfn.LET(_xlpm.seq, OFFSET(P13,,,5), _xlpm.cnt, SUM((_xlpm.seq="C2")+(_xlpm.seq="WW")), IF(_xlpm.cnt>0,0,1) )} -> 1 | AE13: {=_xlfn.LET(_xlpm.seq, OFFSET(Q13,,,5), _xlpm.cnt, SUM((_xlpm.seq="C2")+(_xlpm.seq="WW")), IF(_xlpm.cnt>0,0,1) )} -> 1 | AG13: Q | AH13: 4 | AI13: 18 | AJ13: 10 | AK13: 20 | AL13: 2 | AM13: 24 | AP13: ="'"&AP$3&"':"&" "&AP5&", " -> 'WW': 3, | AQ13: ="'"&AQ$3&"':"&" "&AQ5&", " -> 'C1': 2, | AR13: ="'"&AR$3&"':"&" "&AR5&", " -> 'C2': 3, | AS13: ="'"&AS$3&"':"&" "&AS5&", " -> 'M1': 12, | AT13: ="'"&AT$3&"':"&" "&AT5&", " -> 'M2': 2, | AU13: ="'"&AU$3&"':"&" "&AU5&", " -> 'M3': 14, | AV13: ="'"&AV$3&"':"&" "&AV5&", " -> 'M4': 2, | AW13: ="'"&AW$3&"':"&" "&AW5&", " -> 'A': 2, | ... AZ13: ="'"&AZ$3&"':"&" "&AZ5&", " -> 'J': 2, | BA13: ="'"&BA$3&"':"&" "&BA5 -> 'TE': 20
A14: J | B14: J | C14: =COUNTIF(L$4:L$304,$A14) -> 20 | D14: =COUNTIF(M$4:M$304,$A14) -> 2 | E14: =COUNTIF(N$4:N$304,$A14) -> 16 | F14: =COUNTIF(O$4:O$304,$A14) -> 2 | G14: =COUNTIF(P$4:P$304,$A14) -> 22 | H14: =COUNTIF(Q$4:Q$304,$A14) -> 2 | I14: 10 | K14: 10 | L14: C2 | M14: TE | N14: C2 | O14: TE | P14: TE | Q14: Q | S14: 2 | T14: 11 | U14: 2 | V14: 11 | W14: 11 | X14: 9 | Z14: 1 | AA14: {=_xlfn.LET(_xlpm.seq, OFFSET(M14,,,5), _xlpm.cnt, SUM((_xlpm.seq="C2")+(_xlpm.seq="WW")), IF(_xlpm.cnt>0,0,1) )} -> 1 | AB14: {=_xlfn.LET(_xlpm.seq, OFFSET(N14,,,5), _xlpm.cnt, SUM((_xlpm.seq="C2")+(_xlpm.seq="WW")), IF(_xlpm.cnt>0,0,1) )} -> 0 | AC14: {=_xlfn.LET(_xlpm.seq, OFFSET(O14,,,5), _xlpm.cnt, SUM((_xlpm.seq="C2")+(_xlpm.seq="WW")), IF(_xlpm.cnt>0,0,1) )} -> 1 | AD14: {=_xlfn.LET(_xlpm.seq, OFFSET(P14,,,5), _xlpm.cnt, SUM((_xlpm.seq="C2")+(_xlpm.seq="WW")), IF(_xlpm.cnt>0,0,1) )} -> 1 | AE14: {=_xlfn.LET(_xlpm.seq, OFFSET(Q14,,,5), _xlpm.cnt, SUM((_xlpm.seq="C2")+(_xlpm.seq="WW")), IF(_xlpm.cnt>0,0,1) )} -> 1 | AG14: J | AH14: 20 | AI14: 2 | AJ14: 16 | AK14: 2 | AL14: 22 | AM14: 2 | AP14: ="'"&AP$3&"':"&" "&AP6&", " -> 'WW': 3, | AQ14: ="'"&AQ$3&"':"&" "&AQ6&", " -> 'C1': 2, | AR14: ="'"&AR$3&"':"&" "&AR6&", " -> 'C2': 3, | AS14: ="'"&AS$3&"':"&" "&AS6&", " -> 'M1': 2, | AT14: ="'"&AT$3&"':"&" "&AT6&", " -> 'M2': 12, | AU14: ="'"&AU$3&"':"&" "&AU6&", " -> 'M3': 6, | AV14: ="'"&AV$3&"':"&" "&AV6&", " -> 'M4': 12, | AW14: ="'"&AW$3&"':"&" "&AW6&", " -> 'A': 20, | ... AZ14: ="'"&AZ$3&"':"&" "&AZ6&", " -> 'J': 16, | BA14: ="'"&BA$3&"':"&" "&BA6 -> 'TE': 10
A15: TE | B15: TE | C15: =COUNTIF(L$4:L$304,$A15) -> 4 | D15: =COUNTIF(M$4:M$304,$A15) -> 21 | E15: =COUNTIF(N$4:N$304,$A15) -> 10 | F15: =COUNTIF(O$4:O$304,$A15) -> 26 | G15: =COUNTIF(P$4:P$304,$A15) -> 20 | H15: =COUNTIF(Q$4:Q$304,$A15) -> 25 | I15: 11 | K15: 11 | L15: J | M15: K | N15: Q | O15: TE | P15: M3 | Q15: Q | S15: 10 | T15: 8 | U15: 9 | V15: 11 | W15: 5 | X15: 9 | Z15: {=_xlfn.LET(_xlpm.seq, OFFSET(L15,,,5), _xlpm.cnt, SUM((_xlpm.seq="C2")+(_xlpm.seq="WW")), IF(_xlpm.cnt>0,0,1) )} -> 1 | AA15: {=_xlfn.LET(_xlpm.seq, OFFSET(M15,,,5), _xlpm.cnt, SUM((_xlpm.seq="C2")+(_xlpm.seq="WW")), IF(_xlpm.cnt>0,0,1) )} -> 1 | AB15: {=_xlfn.LET(_xlpm.seq, OFFSET(N15,,,5), _xlpm.cnt, SUM((_xlpm.seq="C2")+(_xlpm.seq="WW")), IF(_xlpm.cnt>0,0,1) )} -> 1 | AC15: {=_xlfn.LET(_xlpm.seq, OFFSET(O15,,,5), _xlpm.cnt, SUM((_xlpm.seq="C2")+(_xlpm.seq="WW")), IF(_xlpm.cnt>0,0,1) )} -> 1 | AD15: {=_xlfn.LET(_xlpm.seq, OFFSET(P15,,,5), _xlpm.cnt, SUM((_xlpm.seq="C2")+(_xlpm.seq="WW")), IF(_xlpm.cnt>0,0,1) )} -> 0 | AE15: {=_xlfn.LET(_xlpm.seq, OFFSET(Q15,,,5), _xlpm.cnt, SUM((_xlpm.seq="C2")+(_xlpm.seq="WW")), IF(_xlpm.cnt>0,0,1) )} -> 1 | AG15: TE | AH15: 4 | AI15: 20 | AJ15: 10 | AK15: 24 | AL15: 20 | AM15: 26 | AP15: ="'"&AP$3&"':"&" "&AP7&", " -> 'WW': 3, | AQ15: ="'"&AQ$3&"':"&" "&AQ7&", " -> 'C1': 2, | AR15: ="'"&AR$3&"':"&" "&AR7&", " -> 'C2': 3, | AS15: ="'"&AS$3&"':"&" "&AS7&", " -> 'M1': 12, | AT15: ="'"&AT$3&"':"&" "&AT7&", " -> 'M2': 12, | AU15: ="'"&AU$3&"':"&" "&AU7&", " -> 'M3': 2, | AV15: ="'"&AV$3&"':"&" "&AV7&", " -> 'M4': 2, | AW15: ="'"&AW$3&"':"&" "&AW7&", " -> 'A': 18, | ... AZ15: ="'"&AZ$3&"':"&" "&AZ7&", " -> 'J': 2, | BA15: ="'"&BA$3&"':"&" "&BA7 -> 'TE': 24
C16: =SUM(C4:C15) -> 100 | D16: =SUM(D4:D15) -> 100 | E16: =SUM(E4:E15) -> 100 | F16: =SUM(F4:F15) -> 100 | G16: =SUM(G4:G15) -> 100 | H16: =SUM(H4:H15) -> 100 | K16: 12 | L16: J | M16: K | N16: Q | O16: A | P16: M3 | Q16: TE | S16: 10 | T16: 8 | U16: 9 | V16: 7 | W16: 5 | X16: 11 | Z16: {=_xlfn.LET(_xlpm.seq, OFFSET(L16,,,5), _xlpm.cnt, SUM((_xlpm.seq="C2")+(_xlpm.seq="WW")), IF(_xlpm.cnt>0,0,1) )} -> 1 | AA16: {=_xlfn.LET(_xlpm.seq, OFFSET(M16,,,5), _xlpm.cnt, SUM((_xlpm.seq="C2")+(_xlpm.seq="WW")), IF(_xlpm.cnt>0,0,1) )} -> 1 | AB16: {=_xlfn.LET(_xlpm.seq, OFFSET(N16,,,5), _xlpm.cnt, SUM((_xlpm.seq="C2")+(_xlpm.seq="WW")), IF(_xlpm.cnt>0,0,1) )} -> 1 | AC16: {=_xlfn.LET(_xlpm.seq, OFFSET(O16,,,5), _xlpm.cnt, SUM((_xlpm.seq="C2")+(_xlpm.seq="WW")), IF(_xlpm.cnt>0,0,1) )} -> 1 | AD16: 1 | AE16: {=_xlfn.LET(_xlpm.seq, OFFSET(Q16,,,5), _xlpm.cnt, SUM((_xlpm.seq="C2")+(_xlpm.seq="WW")), IF(_xlpm.cnt>0,0,1) )} -> 1 | AH16: =SUM(AH4:AH15) -> 98 | AI16: =SUM(AI4:AI15) -> 98 | AJ16: =SUM(AJ4:AJ15) -> 98 | AK16: =SUM(AK4:AK15) -> 102 | AL16: =SUM(AL4:AL15) -> 102 | AM16: =SUM(AM4:AM15) -> 102 | AP16: ="'"&AP$3&"':"&" "&AP8&", " -> 'WW': 3, | AQ16: ="'"&AQ$3&"':"&" "&AQ8&", " -> 'C1': 2, | AR16: ="'"&AR$3&"':"&" "&AR8&", " -> 'C2': 3, | AS16: ="'"&AS$3&"':"&" "&AS8&", " -> 'M1': 4, | AT16: ="'"&AT$3&"':"&" "&AT8&", " -> 'M2': 4, | AU16: ="'"&AU$3&"':"&" "&AU8&", " -> 'M3': 16, | AV16: ="'"&AV$3&"':"&" "&AV8&", " -> 'M4': 4, | AW16: ="'"&AW$3&"':"&" "&AW8&", " -> 'A': 2, | ... AZ16: ="'"&AZ$3&"':"&" "&AZ8&", " -> 'J': 22, | BA16: ="'"&BA$3&"':"&" "&BA8 -> 'TE': 20
K17: 13 | L17: K | M17: M3 | N17: TE | O17: A | P17: J | Q17: TE | S17: 8 | T17: 5 | U17: 11 | V17: 7 | W17: 10 | X17: 11 | Z17: {=_xlfn.LET(_xlpm.seq, OFFSET(L17,,,5), _xlpm.cnt, SUM((_xlpm.seq="C2")+(_xlpm.seq="WW")), IF(_xlpm.cnt>0,0,1) )} -> 1 | AA17: {=_xlfn.LET(_xlpm.seq, OFFSET(M17,,,5), _xlpm.cnt, SUM((_xlpm.seq="C2")+(_xlpm.seq="WW")), IF(_xlpm.cnt>0,0,1) )} -> 1 | AB17: {=_xlfn.LET(_xlpm.seq, OFFSET(N17,,,5), _xlpm.cnt, SUM((_xlpm.seq="C2")+(_xlpm.seq="WW")), IF(_xlpm.cnt>0,0,1) )} -> 1 | AC17: {=_xlfn.LET(_xlpm.seq, OFFSET(O17,,,5), _xlpm.cnt, SUM((_xlpm.seq="C2")+(_xlpm.seq="WW")), IF(_xlpm.cnt>0,0,1) )} -> 1 | AD17: 1 | AE17: 1 | AP17: ="'"&AP$3&"':"&" "&AP9&", " -> 'WW': 3, | AQ17: ="'"&AQ$3&"':"&" "&AQ9&", " -> 'C1': 2, | AR17: ="'"&AR$3&"':"&" "&AR9&", " -> 'C2': 3, | AS17: ="'"&AS$3&"':"&" "&AS9&", " -> 'M1': 14, | AT17: ="'"&AT$3&"':"&" "&AT9&", " -> 'M2': 2, | AU17: ="'"&AU$3&"':"&" "&AU9&", " -> 'M3': 2, | AV17: ="'"&AV$3&"':"&" "&AV9&", " -> 'M4': 16, | AW17: ="'"&AW$3&"':"&" "&AW9&", " -> 'A': 4, | ... AZ17: ="'"&AZ$3&"':"&" "&AZ9&", " -> 'J': 2, | BA17: ="'"&BA$3&"':"&" "&BA9 -> 'TE': 26
A18: Symbol | B18: Description | C18: R1 | D18: R2 | E18: R3 | F18: R4 | G18: R5 | H18: R6 | K18: 14 | L18: K | M18: M3 | N18: TE | O18: TE | P18: J | Q18: M1 | S18: 8 | T18: 5 | U18: 11 | V18: 11 | W18: 10 | X18: 3 | Z18: {=_xlfn.LET(_xlpm.seq, OFFSET(L18,,,5), _xlpm.cnt, SUM((_xlpm.seq="C2")+(_xlpm.seq="WW")), IF(_xlpm.cnt>0,0,1) )} -> 1 | AA18: {=_xlfn.LET(_xlpm.seq, OFFSET(M18,,,5), _xlpm.cnt, SUM((_xlpm.seq="C2")+(_xlpm.seq="WW")), IF(_xlpm.cnt>0,0,1) )} -> 1 | AB18: {=_xlfn.LET(_xlpm.seq, OFFSET(N18,,,5), _xlpm.cnt, SUM((_xlpm.seq="C2")+(_xlpm.seq="WW")), IF(_xlpm.cnt>0,0,1) )} -> 1 | AC18: {=_xlfn.LET(_xlpm.seq, OFFSET(O18,,,5), _xlpm.cnt, SUM((_xlpm.seq="C2")+(_xlpm.seq="WW")), IF(_xlpm.cnt>0,0,1) )} -> 1 | AD18: 1 | AE18: 1 | AH18: {=C4:H15} -> 3 | AI18: 3 | AJ18: 3 | AK18: 3 | AL18: 3 | AM18: 3
A19: WW | B19: WILD | C19: =C4/C$16 -> 0.03 | D19: =D4/D$16 -> 0.03 | E19: =E4/E$16 -> 0.03 | F19: =F4/F$16 -> 0.03 | G19: =G4/G$16 -> 0.03 | H19: =H4/H$16 -> 0.03 | K19: 15 | L19: J | M19: Q | N19: M4 | O19: TE | P19: WW | Q19: M1 | S19: 10 | T19: 9 | U19: 6 | V19: 11 | W19: 0 | X19: 3 | Z19: {=_xlfn.LET(_xlpm.seq, OFFSET(L19,,,5), _xlpm.cnt, SUM((_xlpm.seq="C2")+(_xlpm.seq="WW")), IF(_xlpm.cnt>0,0,1) )} -> 1 | AA19: {=_xlfn.LET(_xlpm.seq, OFFSET(M19,,,5), _xlpm.cnt, SUM((_xlpm.seq="C2")+(_xlpm.seq="WW")), IF(_xlpm.cnt>0,0,1) )} -> 1 | AB19: {=_xlfn.LET(_xlpm.seq, OFFSET(N19,,,5), _xlpm.cnt, SUM((_xlpm.seq="C2")+(_xlpm.seq="WW")), IF(_xlpm.cnt>0,0,1) )} -> 1 | AC19: {=_xlfn.LET(_xlpm.seq, OFFSET(O19,,,5), _xlpm.cnt, SUM((_xlpm.seq="C2")+(_xlpm.seq="WW")), IF(_xlpm.cnt>0,0,1) )} -> 1 | AD19: 1 | AE19: 1 | AH19: 2 | AI19: 0 | AJ19: 0 | AK19: 2 | AL19: 2 | AM19: 0
A20: C1 | B20: Scatter | C20: =C5/C$16 -> 0.02 | D20: =D5/D$16 -> 0 | E20: =E5/E$16 -> 0 | F20: =F5/F$16 -> 0.02 | G20: =G5/G$16 -> 0.02 | H20: =H5/H$16 -> 0 | K20: 16 | L20: J | M20: Q | N20: M4 | O20: M2 | P20: WW | Q20: TE | S20: 10 | T20: 9 | U20: 6 | V20: 4 | W20: 0 | X20: 11 | Z20: {=_xlfn.LET(_xlpm.seq, OFFSET(L20,,,5), _xlpm.cnt, SUM((_xlpm.seq="C2")+(_xlpm.seq="WW")), IF(_xlpm.cnt>0,0,1) )} -> 1 | AA20: {=_xlfn.LET(_xlpm.seq, OFFSET(M20,,,5), _xlpm.cnt, SUM((_xlpm.seq="C2")+(_xlpm.seq="WW")), IF(_xlpm.cnt>0,0,1) )} -> 1 | AB20: {=_xlfn.LET(_xlpm.seq, OFFSET(N20,,,5), _xlpm.cnt, SUM((_xlpm.seq="C2")+(_xlpm.seq="WW")), IF(_xlpm.cnt>0,0,1) )} -> 1 | AC20: {=_xlfn.LET(_xlpm.seq, OFFSET(O20,,,5), _xlpm.cnt, SUM((_xlpm.seq="C2")+(_xlpm.seq="WW")), IF(_xlpm.cnt>0,0,1) )} -> 1 | AD20: {=_xlfn.LET(_xlpm.seq, OFFSET(P20,,,5), _xlpm.cnt, SUM((_xlpm.seq="C2")+(_xlpm.seq="WW")), IF(_xlpm.cnt>0,0,1) )} -> 0 | AE20: 1 | AH20: 3 | AI20: 3 | AJ20: 3 | AK20: 3 | AL20: 3 | AM20: 3
A21: C2 | B21: Multiplier | C21: =C6/C$16 -> 0.03 | D21: =D6/D$16 -> 0.03 | E21: =E6/E$16 -> 0.03 | F21: =F6/F$16 -> 0.03 | G21: =G6/G$16 -> 0.03 | H21: =H6/H$16 -> 0.03 | K21: 17 | L21: M4 | M21: M3 | N21: M3 | O21: M2 | P21: TE | Q21: C2 | S21: 6 | T21: 5 | U21: 5 | V21: 4 | W21: 11 | X21: 2 | Z21: {=_xlfn.LET(_xlpm.seq, OFFSET(L21,,,5), _xlpm.cnt, SUM((_xlpm.seq="C2")+(_xlpm.seq="WW")), IF(_xlpm.cnt>0,0,1) )} -> 1 | AA21: {=_xlfn.LET(_xlpm.seq, OFFSET(M21,,,5), _xlpm.cnt, SUM((_xlpm.seq="C2")+(_xlpm.seq="WW")), IF(_xlpm.cnt>0,0,1) )} -> 1 | AB21: {=_xlfn.LET(_xlpm.seq, OFFSET(N21,,,5), _xlpm.cnt, SUM((_xlpm.seq="C2")+(_xlpm.seq="WW")), IF(_xlpm.cnt>0,0,1) )} -> 0 | AC21: {=_xlfn.LET(_xlpm.seq, OFFSET(O21,,,5), _xlpm.cnt, SUM((_xlpm.seq="C2")+(_xlpm.seq="WW")), IF(_xlpm.cnt>0,0,1) )} -> 1 | AD21: 2 | AE21: 1 | AH21: 2 | AI21: 12 | AJ21: 2 | AK21: 12 | AL21: 4 | AM21: 15 | AP21: ="{"&_xlfn.CONCAT(AP12:BA12)&"}," -> {'WW': 3, 'C1': 2, 'C2': 3, 'M1': 2, 'M2': 14, 'M3': 2, 'M4': 16, 'A': 14, 'K': 14, 'Q': 4, 'J': 20, 'TE': 4},
A22: M1 | B22: M1 | C22: =C7/C$16 -> 0.02 | D22: =D7/D$16 -> 0.12 | E22: =E7/E$16 -> 0.02 | F22: =F7/F$16 -> 0.12 | G22: =G7/G$16 -> 0.04 | H22: =H7/H$16 -> 0.15 | K22: 18 | L22: M4 | M22: M3 | N22: M3 | O22: TE | P22: TE | Q22: Q | S22: 6 | T22: 5 | U22: 5 | V22: 11 | W22: 11 | X22: 9 | Z22: {=_xlfn.LET(_xlpm.seq, OFFSET(L22,,,5), _xlpm.cnt, SUM((_xlpm.seq="C2")+(_xlpm.seq="WW")), IF(_xlpm.cnt>0,0,1) )} -> 1 | AA22: {=_xlfn.LET(_xlpm.seq, OFFSET(M22,,,5), _xlpm.cnt, SUM((_xlpm.seq="C2")+(_xlpm.seq="WW")), IF(_xlpm.cnt>0,0,1) )} -> 1 | AB22: 1 | AC22: {=_xlfn.LET(_xlpm.seq, OFFSET(O22,,,5), _xlpm.cnt, SUM((_xlpm.seq="C2")+(_xlpm.seq="WW")), IF(_xlpm.cnt>0,0,1) )} -> 1 | AD22: 2 | AE22: {=_xlfn.LET(_xlpm.seq, OFFSET(Q22,,,5), _xlpm.cnt, SUM((_xlpm.seq="C2")+(_xlpm.seq="WW")), IF(_xlpm.cnt>0,0,1) )} -> 1 | AH22: 16 | AI22: 2 | AJ22: 12 | AK22: 10 | AL22: 4 | AM22: 2 | AP22: ="{"&_xlfn.CONCAT(AP13:BA13)&"}," -> {'WW': 3, 'C1': 2, 'C2': 3, 'M1': 12, 'M2': 2, 'M3': 14, 'M4': 2, 'A': 2, 'K': 18, 'Q': 18, 'J': 2, 'TE': 20},
A23: M2 | B23: M2 | C23: =C8/C$16 -> 0.16 | D23: =D8/D$16 -> 0.02 | E23: =E8/E$16 -> 0.12 | F23: =F8/F$16 -> 0.1 | G23: =G8/G$16 -> 0.04 | H23: =H8/H$16 -> 0.02 | K23: 19 | L23: A | M23: TE | N23: M4 | O23: TE | P23: M3 | Q23: Q | S23: 7 | T23: 11 | U23: 6 | V23: 11 | W23: 5 | X23: 9 | Z23: {=_xlfn.LET(_xlpm.seq, OFFSET(L23,,,5), _xlpm.cnt, SUM((_xlpm.seq="C2")+(_xlpm.seq="WW")), IF(_xlpm.cnt>0,0,1) )} -> 1 | AA23: {=_xlfn.LET(_xlpm.seq, OFFSET(M23,,,5), _xlpm.cnt, SUM((_xlpm.seq="C2")+(_xlpm.seq="WW")), IF(_xlpm.cnt>0,0,1) )} -> 1 | AB23: 1 | AC23: {=_xlfn.LET(_xlpm.seq, OFFSET(O23,,,5), _xlpm.cnt, SUM((_xlpm.seq="C2")+(_xlpm.seq="WW")), IF(_xlpm.cnt>0,0,1) )} -> 1 | AD23: 2 | AE23: {=_xlfn.LET(_xlpm.seq, OFFSET(Q23,,,5), _xlpm.cnt, SUM((_xlpm.seq="C2")+(_xlpm.seq="WW")), IF(_xlpm.cnt>0,0,1) )} -> 1 | AH23: 2 | AI23: 15 | AJ23: 6 | AK23: 2 | AL23: 14 | AM23: 2 | AP23: ="{"&_xlfn.CONCAT(AP14:BA14)&"}," -> {'WW': 3, 'C1': 2, 'C2': 3, 'M1': 2, 'M2': 12, 'M3': 6, 'M4': 12, 'A': 20, 'K': 2, 'Q': 10, 'J': 16, 'TE': 10},
A24: M3 | B24: M3 | C24: =C9/C$16 -> 0.02 | D24: =D9/D$16 -> 0.15 | E24: =E9/E$16 -> 0.06 | F24: =F9/F$16 -> 0.02 | G24: =G9/G$16 -> 0.14 | H24: =H9/H$16 -> 0.02 | K24: 20 | L24: A | M24: K | N24: M4 | O24: M2 | P24: M3 | Q24: M4 | S24: 7 | T24: 8 | U24: 6 | V24: 4 | W24: 5 | X24: 6 | Z24: {=_xlfn.LET(_xlpm.seq, OFFSET(L24,,,5), _xlpm.cnt, SUM((_xlpm.seq="C2")+(_xlpm.seq="WW")), IF(_xlpm.cnt>0,0,1) )} -> 1 | AA24: {=_xlfn.LET(_xlpm.seq, OFFSET(M24,,,5), _xlpm.cnt, SUM((_xlpm.seq="C2")+(_xlpm.seq="WW")), IF(_xlpm.cnt>0,0,1) )} -> 1 | AB24: 1 | AC24: 1 | AD24: 2 | AE24: {=_xlfn.LET(_xlpm.seq, OFFSET(Q24,,,5), _xlpm.cnt, SUM((_xlpm.seq="C2")+(_xlpm.seq="WW")), IF(_xlpm.cnt>0,0,1) )} -> 1 | AH24: 16 | AI24: 2 | AJ24: 13 | AK24: 2 | AL24: 4 | AM24: 16 | AP24: ="{"&_xlfn.CONCAT(AP15:BA15)&"}," -> {'WW': 3, 'C1': 2, 'C2': 3, 'M1': 12, 'M2': 12, 'M3': 2, 'M4': 2, 'A': 18, 'K': 2, 'Q': 20, 'J': 2, 'TE': 24},
A25: M4 | B25: M4 | C25: =C10/C$16 -> 0.16 | D25: =D10/D$16 -> 0.02 | E25: =E10/E$16 -> 0.13 | F25: =F10/F$16 -> 0.02 | G25: =G10/G$16 -> 0.04 | H25: =H10/H$16 -> 0.16 | K25: 21 | L25: M3 | M25: K | N25: WW | O25: M2 | P25: C1 | Q25: M4 | S25: 5 | T25: 8 | U25: 0 | V25: 4 | W25: 1 | X25: 6 | Z25: {=_xlfn.LET(_xlpm.seq, OFFSET(L25,,,5), _xlpm.cnt, SUM((_xlpm.seq="C2")+(_xlpm.seq="WW")), IF(_xlpm.cnt>0,0,1) )} -> 1 | AA25: {=_xlfn.LET(_xlpm.seq, OFFSET(M25,,,5), _xlpm.cnt, SUM((_xlpm.seq="C2")+(_xlpm.seq="WW")), IF(_xlpm.cnt>0,0,1) )} -> 1 | AB25: 1 | AC25: 1 | AD25: {=_xlfn.LET(_xlpm.seq, OFFSET(P25,,,5), _xlpm.cnt, SUM((_xlpm.seq="C2")+(_xlpm.seq="WW")), IF(_xlpm.cnt>0,0,1) )} -> 1 | AE25: {=_xlfn.LET(_xlpm.seq, OFFSET(Q25,,,5), _xlpm.cnt, SUM((_xlpm.seq="C2")+(_xlpm.seq="WW")), IF(_xlpm.cnt>0,0,1) )} -> 1 | AH25: 14 | AI25: 2 | AJ25: 22 | AK25: 18 | AL25: 2 | AM25: 4 | AP25: ="{"&_xlfn.CONCAT(AP16:BA16)&"}," -> {'WW': 3, 'C1': 2, 'C2': 3, 'M1': 4, 'M2': 4, 'M3': 16, 'M4': 4, 'A': 2, 'K': 20, 'Q': 2, 'J': 22, 'TE': 20},
A26: A | B26: A | C26: =C11/C$16 -> 0.14 | D26: =D11/D$16 -> 0.02 | E26: =E11/E$16 -> 0.22 | F26: =F11/F$16 -> 0.18 | G26: =G11/G$16 -> 0.02 | H26: =H11/H$16 -> 0.04 | K26: 22 | L26: M3 | M26: M3 | N26: WW | O26: TE | P26: K | Q26: TE | S26: 5 | T26: 5 | U26: 0 | V26: 11 | W26: 8 | X26: 11 | Z26: {=_xlfn.LET(_xlpm.seq, OFFSET(L26,,,5), _xlpm.cnt, SUM((_xlpm.seq="C2")+(_xlpm.seq="WW")), IF(_xlpm.cnt>0,0,1) )} -> 1 | AA26: {=_xlfn.LET(_xlpm.seq, OFFSET(M26,,,5), _xlpm.cnt, SUM((_xlpm.seq="C2")+(_xlpm.seq="WW")), IF(_xlpm.cnt>0,0,1) )} -> 1 | AB26: {=_xlfn.LET(_xlpm.seq, OFFSET(N26,,,5), _xlpm.cnt, SUM((_xlpm.seq="C2")+(_xlpm.seq="WW")), IF(_xlpm.cnt>0,0,1) )} -> 0 | AC26: 1 | AD26: {=_xlfn.LET(_xlpm.seq, OFFSET(P26,,,5), _xlpm.cnt, SUM((_xlpm.seq="C2")+(_xlpm.seq="WW")), IF(_xlpm.cnt>0,0,1) )} -> 1 | AE26: {=_xlfn.LET(_xlpm.seq, OFFSET(Q26,,,5), _xlpm.cnt, SUM((_xlpm.seq="C2")+(_xlpm.seq="WW")), IF(_xlpm.cnt>0,0,1) )} -> 1 | AH26: 14 | AI26: 18 | AJ26: 2 | AK26: 2 | AL26: 20 | AM26: 4 | AP26: ="{"&_xlfn.CONCAT(AP17:BA17)&"}," -> {'WW': 3, 'C1': 2, 'C2': 3, 'M1': 14, 'M2': 2, 'M3': 2, 'M4': 16, 'A': 4, 'K': 4, 'Q': 24, 'J': 2, 'TE': 26},
A27: K | B27: K | C27: =C12/C$16 -> 0.14 | D27: =D12/D$16 -> 0.18 | E27: =E12/E$16 -> 0.02 | F27: =F12/F$16 -> 0.02 | G27: =G12/G$16 -> 0.2 | H27: =H12/H$16 -> 0.04 | K27: 23 | L27: M4 | M27: M3 | N27: M4 | O27: TE | P27: K | Q27: TE | S27: 6 | T27: 5 | U27: 6 | V27: 11 | W27: 8 | X27: 11 | Z27: {=_xlfn.LET(_xlpm.seq, OFFSET(L27,,,5), _xlpm.cnt, SUM((_xlpm.seq="C2")+(_xlpm.seq="WW")), IF(_xlpm.cnt>0,0,1) )} -> 1 | AA27: {=_xlfn.LET(_xlpm.seq, OFFSET(M27,,,5), _xlpm.cnt, SUM((_xlpm.seq="C2")+(_xlpm.seq="WW")), IF(_xlpm.cnt>0,0,1) )} -> 1 | AB27: 2 | AC27: 1 | AD27: {=_xlfn.LET(_xlpm.seq, OFFSET(P27,,,5), _xlpm.cnt, SUM((_xlpm.seq="C2")+(_xlpm.seq="WW")), IF(_xlpm.cnt>0,0,1) )} -> 1 | AE27: {=_xlfn.LET(_xlpm.seq, OFFSET(Q27,,,5), _xlpm.cnt, SUM((_xlpm.seq="C2")+(_xlpm.seq="WW")), IF(_xlpm.cnt>0,0,1) )} -> 1 | AH27: 4 | AI27: 20 | AJ27: 11 | AK27: 18 | AL27: 2 | AM27: 24
A28: Q | B28: Q | C28: =C13/C$16 -> 0.04 | D28: =D13/D$16 -> 0.2 | E28: =E13/E$16 -> 0.11 | F28: =F13/F$16 -> 0.18 | G28: =G13/G$16 -> 0.02 | H28: =H13/H$16 -> 0.24 | K28: 24 | L28: M4 | M28: M1 | N28: M4 | O28: C2 | P28: J | Q28: M1 | S28: 6 | T28: 3 | U28: 6 | V28: 2 | W28: 10 | X28: 3 | Z28: {=_xlfn.LET(_xlpm.seq, OFFSET(L28,,,5), _xlpm.cnt, SUM((_xlpm.seq="C2")+(_xlpm.seq="WW")), IF(_xlpm.cnt>0,0,1) )} -> 1 | AA28: {=_xlfn.LET(_xlpm.seq, OFFSET(M28,,,5), _xlpm.cnt, SUM((_xlpm.seq="C2")+(_xlpm.seq="WW")), IF(_xlpm.cnt>0,0,1) )} -> 1 | AB28: 2 | AC28: 1 | AD28: {=_xlfn.LET(_xlpm.seq, OFFSET(P28,,,5), _xlpm.cnt, SUM((_xlpm.seq="C2")+(_xlpm.seq="WW")), IF(_xlpm.cnt>0,0,1) )} -> 1 | AE28: {=_xlfn.LET(_xlpm.seq, OFFSET(Q28,,,5), _xlpm.cnt, SUM((_xlpm.seq="C2")+(_xlpm.seq="WW")), IF(_xlpm.cnt>0,0,1) )} -> 1 | AH28: 20 | AI28: 2 | AJ28: 16 | AK28: 2 | AL28: 22 | AM28: 2
A29: J | B29: J | C29: =C14/C$16 -> 0.2 | D29: =D14/D$16 -> 0.02 | E29: =E14/E$16 -> 0.16 | F29: =F14/F$16 -> 0.02 | G29: =G14/G$16 -> 0.22 | H29: =H14/H$16 -> 0.02 | K29: 25 | L29: TE | M29: M1 | N29: J | O29: A | P29: J | Q29: Q | S29: 11 | T29: 3 | U29: 10 | V29: 7 | W29: 10 | X29: 9 | Z29: {=_xlfn.LET(_xlpm.seq, OFFSET(L29,,,5), _xlpm.cnt, SUM((_xlpm.seq="C2")+(_xlpm.seq="WW")), IF(_xlpm.cnt>0,0,1) )} -> 1 | AA29: {=_xlfn.LET(_xlpm.seq, OFFSET(M29,,,5), _xlpm.cnt, SUM((_xlpm.seq="C2")+(_xlpm.seq="WW")), IF(_xlpm.cnt>0,0,1) )} -> 1 | AB29: 2 | AC29: {=_xlfn.LET(_xlpm.seq, OFFSET(O29,,,5), _xlpm.cnt, SUM((_xlpm.seq="C2")+(_xlpm.seq="WW")), IF(_xlpm.cnt>0,0,1) )} -> 1 | AD29: {=_xlfn.LET(_xlpm.seq, OFFSET(P29,,,5), _xlpm.cnt, SUM((_xlpm.seq="C2")+(_xlpm.seq="WW")), IF(_xlpm.cnt>0,0,1) )} -> 1 | AE29: {=_xlfn.LET(_xlpm.seq, OFFSET(Q29,,,5), _xlpm.cnt, SUM((_xlpm.seq="C2")+(_xlpm.seq="WW")), IF(_xlpm.cnt>0,0,1) )} -> 1 | AH29: 4 | AI29: 21 | AJ29: 10 | AK29: 26 | AL29: 20 | AM29: 25
A30: TE | B30: TE | C30: =C15/C$16 -> 0.04 | D30: =D15/D$16 -> 0.21 | E30: =E15/E$16 -> 0.1 | F30: =F15/F$16 -> 0.26 | G30: =G15/G$16 -> 0.2 | H30: =H15/H$16 -> 0.25 | K30: 26 | L30: TE | M30: M2 | N30: J | O30: A | P30: TE | Q30: Q | S30: 11 | T30: 4 | U30: 10 | V30: 7 | W30: 11 | X30: 9 | Z30: {=_xlfn.LET(_xlpm.seq, OFFSET(L30,,,5), _xlpm.cnt, SUM((_xlpm.seq="C2")+(_xlpm.seq="WW")), IF(_xlpm.cnt>0,0,1) )} -> 1 | AA30: {=_xlfn.LET(_xlpm.seq, OFFSET(M30,,,5), _xlpm.cnt, SUM((_xlpm.seq="C2")+(_xlpm.seq="WW")), IF(_xlpm.cnt>0,0,1) )} -> 1 | AB30: 2 | AC30: {=_xlfn.LET(_xlpm.seq, OFFSET(O30,,,5), _xlpm.cnt, SUM((_xlpm.seq="C2")+(_xlpm.seq="WW")), IF(_xlpm.cnt>0,0,1) )} -> 1 | AD30: {=_xlfn.LET(_xlpm.seq, OFFSET(P30,,,5), _xlpm.cnt, SUM((_xlpm.seq="C2")+(_xlpm.seq="WW")), IF(_xlpm.cnt>0,0,1) )} -> 1 | AE30: {=_xlfn.LET(_xlpm.seq, OFFSET(Q30,,,5), _xlpm.cnt, SUM((_xlpm.seq="C2")+(_xlpm.seq="WW")), IF(_xlpm.cnt>0,0,1) )} -> 1
K31: 27 | L31: J | M31: M2 | N31: A | O31: TE | P31: TE | Q31: TE | S31: 10 | T31: 4 | U31: 7 | V31: 11 | W31: 11 | X31: 11 | Z31: {=_xlfn.LET(_xlpm.seq, OFFSET(L31,,,5), _xlpm.cnt, SUM((_xlpm.seq="C2")+(_xlpm.seq="WW")), IF(_xlpm.cnt>0,0,1) )} -> 1 | AA31: {=_xlfn.LET(_xlpm.seq, OFFSET(M31,,,5), _xlpm.cnt, SUM((_xlpm.seq="C2")+(_xlpm.seq="WW")), IF(_xlpm.cnt>0,0,1) )} -> 1 | AB31: {=_xlfn.LET(_xlpm.seq, OFFSET(N31,,,5), _xlpm.cnt, SUM((_xlpm.seq="C2")+(_xlpm.seq="WW")), IF(_xlpm.cnt>0,0,1) )} -> 1 | AC31: {=_xlfn.LET(_xlpm.seq, OFFSET(O31,,,5), _xlpm.cnt, SUM((_xlpm.seq="C2")+(_xlpm.seq="WW")), IF(_xlpm.cnt>0,0,1) )} -> 1 | AD31: {=_xlfn.LET(_xlpm.seq, OFFSET(P31,,,5), _xlpm.cnt, SUM((_xlpm.seq="C2")+(_xlpm.seq="WW")), IF(_xlpm.cnt>0,0,1) )} -> 1 | AE31: {=_xlfn.LET(_xlpm.seq, OFFSET(Q31,,,5), _xlpm.cnt, SUM((_xlpm.seq="C2")+(_xlpm.seq="WW")), IF(_xlpm.cnt>0,0,1) )} -> 1
K32: 28 | L32: J | M32: TE | N32: A | O32: TE | P32: J | Q32: TE | S32: 10 | T32: 11 | U32: 7 | V32: 11 | W32: 10 | X32: 11 | Z32: {=_xlfn.LET(_xlpm.seq, OFFSET(L32,,,5), _xlpm.cnt, SUM((_xlpm.seq="C2")+(_xlpm.seq="WW")), IF(_xlpm.cnt>0,0,1) )} -> 1 | AA32: {=_xlfn.LET(_xlpm.seq, OFFSET(M32,,,5), _xlpm.cnt, SUM((_xlpm.seq="C2")+(_xlpm.seq="WW")), IF(_xlpm.cnt>0,0,1) )} -> 1 | AB32: {=_xlfn.LET(_xlpm.seq, OFFSET(N32,,,5), _xlpm.cnt, SUM((_xlpm.seq="C2")+(_xlpm.seq="WW")), IF(_xlpm.cnt>0,0,1) )} -> 1 | AC32: {=_xlfn.LET(_xlpm.seq, OFFSET(O32,,,5), _xlpm.cnt, SUM((_xlpm.seq="C2")+(_xlpm.seq="WW")), IF(_xlpm.cnt>0,0,1) )} -> 1 | AD32: {=_xlfn.LET(_xlpm.seq, OFFSET(P32,,,5), _xlpm.cnt, SUM((_xlpm.seq="C2")+(_xlpm.seq="WW")), IF(_xlpm.cnt>0,0,1) )} -> 1 | AE32: {=_xlfn.LET(_xlpm.seq, OFFSET(Q32,,,5), _xlpm.cnt, SUM((_xlpm.seq="C2")+(_xlpm.seq="WW")), IF(_xlpm.cnt>0,0,1) )} -> 1
K33: 29 | L33: M4 | M33: TE | N33: Q | O33: A | P33: J | Q33: M4 | S33: 6 | T33: 11 | U33: 9 | V33: 7 | W33: 10 | X33: 6 | Z33: {=_xlfn.LET(_xlpm.seq, OFFSET(L33,,,5), _xlpm.cnt, SUM((_xlpm.seq="C2")+(_xlpm.seq="WW")), IF(_xlpm.cnt>0,0,1) )} -> 1 | AA33: {=_xlfn.LET(_xlpm.seq, OFFSET(M33,,,5), _xlpm.cnt, SUM((_xlpm.seq="C2")+(_xlpm.seq="WW")), IF(_xlpm.cnt>0,0,1) )} -> 1 | AB33: {=_xlfn.LET(_xlpm.seq, OFFSET(N33,,,5), _xlpm.cnt, SUM((_xlpm.seq="C2")+(_xlpm.seq="WW")), IF(_xlpm.cnt>0,0,1) )} -> 1 | AC33: {=_xlfn.LET(_xlpm.seq, OFFSET(O33,,,5), _xlpm.cnt, SUM((_xlpm.seq="C2")+(_xlpm.seq="WW")), IF(_xlpm.cnt>0,0,1) )} -> 1 | AD33: {=_xlfn.LET(_xlpm.seq, OFFSET(P33,,,5), _xlpm.cnt, SUM((_xlpm.seq="C2")+(_xlpm.seq="WW")), IF(_xlpm.cnt>0,0,1) )} -> 1 | AE33: {=_xlfn.LET(_xlpm.seq, OFFSET(Q33,,,5), _xlpm.cnt, SUM((_xlpm.seq="C2")+(_xlpm.seq="WW")), IF(_xlpm.cnt>0,0,1) )} -> 1
K34: 30 | L34: M4 | M34: M3 | N34: Q | O34: A | P34: M1 | Q34: M4 | S34: 6 | T34: 5 | U34: 9 | V34: 7 | W34: 3 | X34: 6 | Z34: {=_xlfn.LET(_xlpm.seq, OFFSET(L34,,,5), _xlpm.cnt, SUM((_xlpm.seq="C2")+(_xlpm.seq="WW")), IF(_xlpm.cnt>0,0,1) )} -> 1 | AA34: {=_xlfn.LET(_xlpm.seq, OFFSET(M34,,,5), _xlpm.cnt, SUM((_xlpm.seq="C2")+(_xlpm.seq="WW")), IF(_xlpm.cnt>0,0,1) )} -> 1 | AB34: {=_xlfn.LET(_xlpm.seq, OFFSET(N34,,,5), _xlpm.cnt, SUM((_xlpm.seq="C2")+(_xlpm.seq="WW")), IF(_xlpm.cnt>0,0,1) )} -> 1 | AC34: {=_xlfn.LET(_xlpm.seq, OFFSET(O34,,,5), _xlpm.cnt, SUM((_xlpm.seq="C2")+(_xlpm.seq="WW")), IF(_xlpm.cnt>0,0,1) )} -> 1 | AD34: {=_xlfn.LET(_xlpm.seq, OFFSET(P34,,,5), _xlpm.cnt, SUM((_xlpm.seq="C2")+(_xlpm.seq="WW")), IF(_xlpm.cnt>0,0,1) )} -> 1 | AE34: {=_xlfn.LET(_xlpm.seq, OFFSET(Q34,,,5), _xlpm.cnt, SUM((_xlpm.seq="C2")+(_xlpm.seq="WW")), IF(_xlpm.cnt>0,0,1) )} -> 1
K35: 31 | L35: J | M35: M3 | N35: A | O35: M1 | P35: M1 | Q35: Q | S35: 10 | T35: 5 | U35: 7 | V35: 3 | W35: 3 | X35: 9 | Z35: {=_xlfn.LET(_xlpm.seq, OFFSET(L35,,,5), _xlpm.cnt, SUM((_xlpm.seq="C2")+(_xlpm.seq="WW")), IF(_xlpm.cnt>0,0,1) )} -> 1 | AA35: {=_xlfn.LET(_xlpm.seq, OFFSET(M35,,,5), _xlpm.cnt, SUM((_xlpm.seq="C2")+(_xlpm.seq="WW")), IF(_xlpm.cnt>0,0,1) )} -> 1 | AB35: {=_xlfn.LET(_xlpm.seq, OFFSET(N35,,,5), _xlpm.cnt, SUM((_xlpm.seq="C2")+(_xlpm.seq="WW")), IF(_xlpm.cnt>0,0,1) )} -> 1 | AC35: {=_xlfn.LET(_xlpm.seq, OFFSET(O35,,,5), _xlpm.cnt, SUM((_xlpm.seq="C2")+(_xlpm.seq="WW")), IF(_xlpm.cnt>0,0,1) )} -> 0 | AD35: {=_xlfn.LET(_xlpm.seq, OFFSET(P35,,,5), _xlpm.cnt, SUM((_xlpm.seq="C2")+(_xlpm.seq="WW")), IF(_xlpm.cnt>0,0,1) )} -> 1 | AE35: {=_xlfn.LET(_xlpm.seq, OFFSET(Q35,,,5), _xlpm.cnt, SUM((_xlpm.seq="C2")+(_xlpm.seq="WW")), IF(_xlpm.cnt>0,0,1) )} -> 1
K36: 32 | L36: J | M36: TE | N36: A | O36: M1 | P36: C1 | Q36: Q | S36: 10 | T36: 11 | U36: 7 | V36: 3 | W36: 1 | X36: 9 | Z36: {=_xlfn.LET(_xlpm.seq, OFFSET(L36,,,5), _xlpm.cnt, SUM((_xlpm.seq="C2")+(_xlpm.seq="WW")), IF(_xlpm.cnt>0,0,1) )} -> 1 | AA36: {=_xlfn.LET(_xlpm.seq, OFFSET(M36,,,5), _xlpm.cnt, SUM((_xlpm.seq="C2")+(_xlpm.seq="WW")), IF(_xlpm.cnt>0,0,1) )} -> 0 | AB36: {=_xlfn.LET(_xlpm.seq, OFFSET(N36,,,5), _xlpm.cnt, SUM((_xlpm.seq="C2")+(_xlpm.seq="WW")), IF(_xlpm.cnt>0,0,1) )} -> 1 | AC36: {=_xlfn.LET(_xlpm.seq, OFFSET(O36,,,5), _xlpm.cnt, SUM((_xlpm.seq="C2")+(_xlpm.seq="WW")), IF(_xlpm.cnt>0,0,1) )} -> 0 | AD36: {=_xlfn.LET(_xlpm.seq, OFFSET(P36,,,5), _xlpm.cnt, SUM((_xlpm.seq="C2")+(_xlpm.seq="WW")), IF(_xlpm.cnt>0,0,1) )} -> 1 | AE36: {=_xlfn.LET(_xlpm.seq, OFFSET(Q36,,,5), _xlpm.cnt, SUM((_xlpm.seq="C2")+(_xlpm.seq="WW")), IF(_xlpm.cnt>0,0,1) )} -> 1
B37: WW | C37: =SUM(C4:H4) -> 18 | D37: =C37/SUM($C$37:$C$48) -> 0.03 | K37: 33 | L37: Q | M37: TE | N37: M3 | O37: M2 | P37: J | Q37: M4 | S37: 9 | T37: 11 | U37: 5 | V37: 4 | W37: 10 | X37: 6 | Z37: {=_xlfn.LET(_xlpm.seq, OFFSET(L37,,,5), _xlpm.cnt, SUM((_xlpm.seq="C2")+(_xlpm.seq="WW")), IF(_xlpm.cnt>0,0,1) )} -> 1 | AA37: {=_xlfn.LET(_xlpm.seq, OFFSET(M37,,,5), _xlpm.cnt, SUM((_xlpm.seq="C2")+(_xlpm.seq="WW")), IF(_xlpm.cnt>0,0,1) )} -> 0 | AB37: {=_xlfn.LET(_xlpm.seq, OFFSET(N37,,,5), _xlpm.cnt, SUM((_xlpm.seq="C2")+(_xlpm.seq="WW")), IF(_xlpm.cnt>0,0,1) )} -> 1 | AC37: {=_xlfn.LET(_xlpm.seq, OFFSET(O37,,,5), _xlpm.cnt, SUM((_xlpm.seq="C2")+(_xlpm.seq="WW")), IF(_xlpm.cnt>0,0,1) )} -> 0 | AD37: {=_xlfn.LET(_xlpm.seq, OFFSET(P37,,,5), _xlpm.cnt, SUM((_xlpm.seq="C2")+(_xlpm.seq="WW")), IF(_xlpm.cnt>0,0,1) )} -> 1 | AE37: {=_xlfn.LET(_xlpm.seq, OFFSET(Q37,,,5), _xlpm.cnt, SUM((_xlpm.seq="C2")+(_xlpm.seq="WW")), IF(_xlpm.cnt>0,0,1) )} -> 1
B38: C1 | C38: =SUM(C5:H5) -> 6 | D38: =C38/SUM($C$37:$C$48) -> 0.01 | K38: 34 | L38: Q | M38: M3 | N38: M3 | O38: M2 | P38: J | Q38: M4 | S38: 9 | T38: 5 | U38: 5 | V38: 4 | W38: 10 | X38: 6 | Z38: {=_xlfn.LET(_xlpm.seq, OFFSET(L38,,,5), _xlpm.cnt, SUM((_xlpm.seq="C2")+(_xlpm.seq="WW")), IF(_xlpm.cnt>0,0,1) )} -> 1 | AA38: {=_xlfn.LET(_xlpm.seq, OFFSET(M38,,,5), _xlpm.cnt, SUM((_xlpm.seq="C2")+(_xlpm.seq="WW")), IF(_xlpm.cnt>0,0,1) )} -> 0 | AB38: {=_xlfn.LET(_xlpm.seq, OFFSET(N38,,,5), _xlpm.cnt, SUM((_xlpm.seq="C2")+(_xlpm.seq="WW")), IF(_xlpm.cnt>0,0,1) )} -> 1 | AC38: {=_xlfn.LET(_xlpm.seq, OFFSET(O38,,,5), _xlpm.cnt, SUM((_xlpm.seq="C2")+(_xlpm.seq="WW")), IF(_xlpm.cnt>0,0,1) )} -> 0 | AD38: {=_xlfn.LET(_xlpm.seq, OFFSET(P38,,,5), _xlpm.cnt, SUM((_xlpm.seq="C2")+(_xlpm.seq="WW")), IF(_xlpm.cnt>0,0,1) )} -> 1 | AE38: {=_xlfn.LET(_xlpm.seq, OFFSET(Q38,,,5), _xlpm.cnt, SUM((_xlpm.seq="C2")+(_xlpm.seq="WW")), IF(_xlpm.cnt>0,0,1) )} -> 1
B39: C2 | C39: =SUM(C6:H6) -> 18 | D39: =C39/SUM($C$37:$C$48) -> 0.03 | K39: 35 | L39: J | M39: M3 | N39: TE | O39: C2 | P39: TE | Q39: Q | S39: 10 | T39: 5 | U39: 11 | V39: 2 | W39: 11 | X39: 9 | Z39: {=_xlfn.LET(_xlpm.seq, OFFSET(L39,,,5), _xlpm.cnt, SUM((_xlpm.seq="C2")+(_xlpm.seq="WW")), IF(_xlpm.cnt>0,0,1) )} -> 1 | AA39: {=_xlfn.LET(_xlpm.seq, OFFSET(M39,,,5), _xlpm.cnt, SUM((_xlpm.seq="C2")+(_xlpm.seq="WW")), IF(_xlpm.cnt>0,0,1) )} -> 0 | AB39: {=_xlfn.LET(_xlpm.seq, OFFSET(N39,,,5), _xlpm.cnt, SUM((_xlpm.seq="C2")+(_xlpm.seq="WW")), IF(_xlpm.cnt>0,0,1) )} -> 1 | AC39: {=_xlfn.LET(_xlpm.seq, OFFSET(O39,,,5), _xlpm.cnt, SUM((_xlpm.seq="C2")+(_xlpm.seq="WW")), IF(_xlpm.cnt>0,0,1) )} -> 0 | AD39: {=_xlfn.LET(_xlpm.seq, OFFSET(P39,,,5), _xlpm.cnt, SUM((_xlpm.seq="C2")+(_xlpm.seq="WW")), IF(_xlpm.cnt>0,0,1) )} -> 1 | AE39: {=_xlfn.LET(_xlpm.seq, OFFSET(Q39,,,5), _xlpm.cnt, SUM((_xlpm.seq="C2")+(_xlpm.seq="WW")), IF(_xlpm.cnt>0,0,1) )} -> 1
B40: M1 | C40: =SUM(C7:H7) -> 47 | D40: =C40/SUM($C$37:$C$48) -> 0.078333333 | E40: 0.0045933531 | K40: 36 | L40: J | M40: C2 | N40: TE | O40: C2 | P40: TE | Q40: Q | S40: 10 | T40: 2 | U40: 11 | V40: 2 | W40: 11 | X40: 9 | Z40: {=_xlfn.LET(_xlpm.seq, OFFSET(L40,,,5), _xlpm.cnt, SUM((_xlpm.seq="C2")+(_xlpm.seq="WW")), IF(_xlpm.cnt>0,0,1) )} -> 1 | AA40: {=_xlfn.LET(_xlpm.seq, OFFSET(M40,,,5), _xlpm.cnt, SUM((_xlpm.seq="C2")+(_xlpm.seq="WW")), IF(_xlpm.cnt>0,0,1) )} -> 0 | AB40: {=_xlfn.LET(_xlpm.seq, OFFSET(N40,,,5), _xlpm.cnt, SUM((_xlpm.seq="C2")+(_xlpm.seq="WW")), IF(_xlpm.cnt>0,0,1) )} -> 1 | AC40: {=_xlfn.LET(_xlpm.seq, OFFSET(O40,,,5), _xlpm.cnt, SUM((_xlpm.seq="C2")+(_xlpm.seq="WW")), IF(_xlpm.cnt>0,0,1) )} -> 0 | AD40: {=_xlfn.LET(_xlpm.seq, OFFSET(P40,,,5), _xlpm.cnt, SUM((_xlpm.seq="C2")+(_xlpm.seq="WW")), IF(_xlpm.cnt>0,0,1) )} -> 1 | AE40: {=_xlfn.LET(_xlpm.seq, OFFSET(Q40,,,5), _xlpm.cnt, SUM((_xlpm.seq="C2")+(_xlpm.seq="WW")), IF(_xlpm.cnt>0,0,1) )} -> 1
B41: M2 | C41: =SUM(C8:H8) -> 46 | D41: =C41/SUM($C$37:$C$48) -> 0.076666667 | E41: 0.028100513 | K41: 37 | L41: C1 | M41: C2 | N41: M4 | O41: J | P41: M4 | Q41: M1 | S41: 1 | T41: 2 | U41: 6 | V41: 10 | W41: 6 | X41: 3 | Z41: {=_xlfn.LET(_xlpm.seq, OFFSET(L41,,,5), _xlpm.cnt, SUM((_xlpm.seq="C2")+(_xlpm.seq="WW")), IF(_xlpm.cnt>0,0,1) )} -> 1 | AA41: {=_xlfn.LET(_xlpm.seq, OFFSET(M41,,,5), _xlpm.cnt, SUM((_xlpm.seq="C2")+(_xlpm.seq="WW")), IF(_xlpm.cnt>0,0,1) )} -> 0 | AB41: {=_xlfn.LET(_xlpm.seq, OFFSET(N41,,,5), _xlpm.cnt, SUM((_xlpm.seq="C2")+(_xlpm.seq="WW")), IF(_xlpm.cnt>0,0,1) )} -> 1 | AC41: {=_xlfn.LET(_xlpm.seq, OFFSET(O41,,,5), _xlpm.cnt, SUM((_xlpm.seq="C2")+(_xlpm.seq="WW")), IF(_xlpm.cnt>0,0,1) )} -> 1 | AD41: {=_xlfn.LET(_xlpm.seq, OFFSET(P41,,,5), _xlpm.cnt, SUM((_xlpm.seq="C2")+(_xlpm.seq="WW")), IF(_xlpm.cnt>0,0,1) )} -> 1 | AE41: {=_xlfn.LET(_xlpm.seq, OFFSET(Q41,,,5), _xlpm.cnt, SUM((_xlpm.seq="C2")+(_xlpm.seq="WW")), IF(_xlpm.cnt>0,0,1) )} -> 1
B42: M3 | C42: =SUM(C9:H9) -> 41 | D42: =C42/SUM($C$37:$C$48) -> 0.068333333 | E42: 0.032693867 | K42: 38 | L42: K | M42: Q | N42: M4 | O42: J | P42: M4 | Q42: M1 | S42: 8 | T42: 9 | U42: 6 | V42: 10 | W42: 6 | X42: 3 | Z42: {=_xlfn.LET(_xlpm.seq, OFFSET(L42,,,5), _xlpm.cnt, SUM((_xlpm.seq="C2")+(_xlpm.seq="WW")), IF(_xlpm.cnt>0,0,1) )} -> 1 | AA42: {=_xlfn.LET(_xlpm.seq, OFFSET(M42,,,5), _xlpm.cnt, SUM((_xlpm.seq="C2")+(_xlpm.seq="WW")), IF(_xlpm.cnt>0,0,1) )} -> 1 | AB42: {=_xlfn.LET(_xlpm.seq, OFFSET(N42,,,5), _xlpm.cnt, SUM((_xlpm.seq="C2")+(_xlpm.seq="WW")), IF(_xlpm.cnt>0,0,1) )} -> 1 | AC42: {=_xlfn.LET(_xlpm.seq, OFFSET(O42,,,5), _xlpm.cnt, SUM((_xlpm.seq="C2")+(_xlpm.seq="WW")), IF(_xlpm.cnt>0,0,1) )} -> 1 | AD42: {=_xlfn.LET(_xlpm.seq, OFFSET(P42,,,5), _xlpm.cnt, SUM((_xlpm.seq="C2")+(_xlpm.seq="WW")), IF(_xlpm.cnt>0,0,1) )} -> 1 | AE42: {=_xlfn.LET(_xlpm.seq, OFFSET(Q42,,,5), _xlpm.cnt, SUM((_xlpm.seq="C2")+(_xlpm.seq="WW")), IF(_xlpm.cnt>0,0,1) )} -> 1
B43: M4 | C43: =SUM(C10:H10) -> 53 | D43: =C43/SUM($C$37:$C$48) -> 0.088333333 | E43: 0.041069981 | K43: 39 | L43: K | M43: Q | N43: M2 | O43: TE | P43: J | Q43: M4 | S43: 8 | T43: 9 | U43: 4 | V43: 11 | W43: 10 | X43: 6 | Z43: {=_xlfn.LET(_xlpm.seq, OFFSET(L43,,,5), _xlpm.cnt, SUM((_xlpm.seq="C2")+(_xlpm.seq="WW")), IF(_xlpm.cnt>0,0,1) )} -> 1 | AA43: {=_xlfn.LET(_xlpm.seq, OFFSET(M43,,,5), _xlpm.cnt, SUM((_xlpm.seq="C2")+(_xlpm.seq="WW")), IF(_xlpm.cnt>0,0,1) )} -> 1 | AB43: 1 | AC43: {=_xlfn.LET(_xlpm.seq, OFFSET(O43,,,5), _xlpm.cnt, SUM((_xlpm.seq="C2")+(_xlpm.seq="WW")), IF(_xlpm.cnt>0,0,1) )} -> 1 | AD43: {=_xlfn.LET(_xlpm.seq, OFFSET(P43,,,5), _xlpm.cnt, SUM((_xlpm.seq="C2")+(_xlpm.seq="WW")), IF(_xlpm.cnt>0,0,1) )} -> 1 | AE43: {=_xlfn.LET(_xlpm.seq, OFFSET(Q43,,,5), _xlpm.cnt, SUM((_xlpm.seq="C2")+(_xlpm.seq="WW")), IF(_xlpm.cnt>0,0,1) )} -> 1
B44: A | C44: =SUM(C11:H11) -> 62 | D44: =C44/SUM($C$37:$C$48) -> 0.10333333 | E44: 0.058362605 | K44: 40 | L44: J | M44: TE | N44: M2 | O44: TE | P44: J | Q44: M4 | S44: 10 | T44: 11 | U44: 4 | V44: 11 | W44: 10 | X44: 6 | Z44: {=_xlfn.LET(_xlpm.seq, OFFSET(L44,,,5), _xlpm.cnt, SUM((_xlpm.seq="C2")+(_xlpm.seq="WW")), IF(_xlpm.cnt>0,0,1) )} -> 1 | AA44: {=_xlfn.LET(_xlpm.seq, OFFSET(M44,,,5), _xlpm.cnt, SUM((_xlpm.seq="C2")+(_xlpm.seq="WW")), IF(_xlpm.cnt>0,0,1) )} -> 1 | AB44: 1 | AC44: {=_xlfn.LET(_xlpm.seq, OFFSET(O44,,,5), _xlpm.cnt, SUM((_xlpm.seq="C2")+(_xlpm.seq="WW")), IF(_xlpm.cnt>0,0,1) )} -> 1 | AD44: {=_xlfn.LET(_xlpm.seq, OFFSET(P44,,,5), _xlpm.cnt, SUM((_xlpm.seq="C2")+(_xlpm.seq="WW")), IF(_xlpm.cnt>0,0,1) )} -> 1 | AE44: {=_xlfn.LET(_xlpm.seq, OFFSET(Q44,,,5), _xlpm.cnt, SUM((_xlpm.seq="C2")+(_xlpm.seq="WW")), IF(_xlpm.cnt>0,0,1) )} -> 1
B45: K | C45: =SUM(C12:H12) -> 60 | D45: =C45/SUM($C$37:$C$48) -> 0.1 | E45: 0.11537422 | K45: 41 | L45: J | M45: TE | N45: J | O45: M3 | P45: TE | Q45: M1 | S45: 10 | T45: 11 | U45: 10 | V45: 5 | W45: 11 | X45: 3 | Z45: {=_xlfn.LET(_xlpm.seq, OFFSET(L45,,,5), _xlpm.cnt, SUM((_xlpm.seq="C2")+(_xlpm.seq="WW")), IF(_xlpm.cnt>0,0,1) )} -> 1 | AA45: {=_xlfn.LET(_xlpm.seq, OFFSET(M45,,,5), _xlpm.cnt, SUM((_xlpm.seq="C2")+(_xlpm.seq="WW")), IF(_xlpm.cnt>0,0,1) )} -> 1 | AB45: 1 | AC45: {=_xlfn.LET(_xlpm.seq, OFFSET(O45,,,5), _xlpm.cnt, SUM((_xlpm.seq="C2")+(_xlpm.seq="WW")), IF(_xlpm.cnt>0,0,1) )} -> 0 | AD45: {=_xlfn.LET(_xlpm.seq, OFFSET(P45,,,5), _xlpm.cnt, SUM((_xlpm.seq="C2")+(_xlpm.seq="WW")), IF(_xlpm.cnt>0,0,1) )} -> 0 | AE45: {=_xlfn.LET(_xlpm.seq, OFFSET(Q45,,,5), _xlpm.cnt, SUM((_xlpm.seq="C2")+(_xlpm.seq="WW")), IF(_xlpm.cnt>0,0,1) )} -> 1
B46: Q | C46: =SUM(C13:H13) -> 79 | D46: =C46/SUM($C$37:$C$48) -> 0.13166667 | E46: 0.1867063 | K46: 42 | L46: K | M46: M4 | N46: J | O46: M3 | P46: TE | Q46: M1 | S46: 8 | T46: 6 | U46: 10 | V46: 5 | W46: 11 | X46: 3 | Z46: {=_xlfn.LET(_xlpm.seq, OFFSET(L46,,,5), _xlpm.cnt, SUM((_xlpm.seq="C2")+(_xlpm.seq="WW")), IF(_xlpm.cnt>0,0,1) )} -> 1 | AA46: {=_xlfn.LET(_xlpm.seq, OFFSET(M46,,,5), _xlpm.cnt, SUM((_xlpm.seq="C2")+(_xlpm.seq="WW")), IF(_xlpm.cnt>0,0,1) )} -> 1 | AB46: 1 | AC46: {=_xlfn.LET(_xlpm.seq, OFFSET(O46,,,5), _xlpm.cnt, SUM((_xlpm.seq="C2")+(_xlpm.seq="WW")), IF(_xlpm.cnt>0,0,1) )} -> 0 | AD46: {=_xlfn.LET(_xlpm.seq, OFFSET(P46,,,5), _xlpm.cnt, SUM((_xlpm.seq="C2")+(_xlpm.seq="WW")), IF(_xlpm.cnt>0,0,1) )} -> 0 | AE46: {=_xlfn.LET(_xlpm.seq, OFFSET(Q46,,,5), _xlpm.cnt, SUM((_xlpm.seq="C2")+(_xlpm.seq="WW")), IF(_xlpm.cnt>0,0,1) )} -> 1
B47: J | C47: =SUM(C14:H14) -> 64 | D47: =C47/SUM($C$37:$C$48) -> 0.10666667 | E47: 0.20237774 | K47: 43 | L47: K | M47: M4 | N47: C2 | O47: M2 | P47: J | Q47: M4 | S47: 8 | T47: 6 | U47: 2 | V47: 4 | W47: 10 | X47: 6 | Z47: {=_xlfn.LET(_xlpm.seq, OFFSET(L47,,,5), _xlpm.cnt, SUM((_xlpm.seq="C2")+(_xlpm.seq="WW")), IF(_xlpm.cnt>0,0,1) )} -> 1 | AA47: {=_xlfn.LET(_xlpm.seq, OFFSET(M47,,,5), _xlpm.cnt, SUM((_xlpm.seq="C2")+(_xlpm.seq="WW")), IF(_xlpm.cnt>0,0,1) )} -> 1 | AB47: 1 | AC47: 1 | AD47: {=_xlfn.LET(_xlpm.seq, OFFSET(P47,,,5), _xlpm.cnt, SUM((_xlpm.seq="C2")+(_xlpm.seq="WW")), IF(_xlpm.cnt>0,0,1) )} -> 0 | AE47: {=_xlfn.LET(_xlpm.seq, OFFSET(Q47,,,5), _xlpm.cnt, SUM((_xlpm.seq="C2")+(_xlpm.seq="WW")), IF(_xlpm.cnt>0,0,1) )} -> 0
B48: TE | C48: =SUM(C15:H15) -> 106 | D48: =C48/SUM($C$37:$C$48) -> 0.17666667 | E48: 0.33072143 | K48: 44 | L48: M2 | M48: K | N48: J | O48: M2 | P48: J | Q48: M4 | S48: 4 | T48: 8 | U48: 10 | V48: 4 | W48: 10 | X48: 6 | Z48: {=_xlfn.LET(_xlpm.seq, OFFSET(L48,,,5), _xlpm.cnt, SUM((_xlpm.seq="C2")+(_xlpm.seq="WW")), IF(_xlpm.cnt>0,0,1) )} -> 1 | AA48: {=_xlfn.LET(_xlpm.seq, OFFSET(M48,,,5), _xlpm.cnt, SUM((_xlpm.seq="C2")+(_xlpm.seq="WW")), IF(_xlpm.cnt>0,0,1) )} -> 1 | AB48: {=_xlfn.LET(_xlpm.seq, OFFSET(N48,,,5), _xlpm.cnt, SUM((_xlpm.seq="C2")+(_xlpm.seq="WW")), IF(_xlpm.cnt>0,0,1) )} -> 1 | AC48: 1 | AD48: {=_xlfn.LET(_xlpm.seq, OFFSET(P48,,,5), _xlpm.cnt, SUM((_xlpm.seq="C2")+(_xlpm.seq="WW")), IF(_xlpm.cnt>0,0,1) )} -> 0 | AE48: {=_xlfn.LET(_xlpm.seq, OFFSET(Q48,,,5), _xlpm.cnt, SUM((_xlpm.seq="C2")+(_xlpm.seq="WW")), IF(_xlpm.cnt>0,0,1) )} -> 0
K49: 45 | L49: M2 | M49: K | N49: J | O49: WW | P49: C2 | Q49: M1 | S49: 4 | T49: 8 | U49: 10 | V49: 0 | W49: 2 | X49: 3 | Z49: {=_xlfn.LET(_xlpm.seq, OFFSET(L49,,,5), _xlpm.cnt, SUM((_xlpm.seq="C2")+(_xlpm.seq="WW")), IF(_xlpm.cnt>0,0,1) )} -> 1 | AA49: {=_xlfn.LET(_xlpm.seq, OFFSET(M49,,,5), _xlpm.cnt, SUM((_xlpm.seq="C2")+(_xlpm.seq="WW")), IF(_xlpm.cnt>0,0,1) )} -> 1 | AB49: {=_xlfn.LET(_xlpm.seq, OFFSET(N49,,,5), _xlpm.cnt, SUM((_xlpm.seq="C2")+(_xlpm.seq="WW")), IF(_xlpm.cnt>0,0,1) )} -> 1 | AC49: {=_xlfn.LET(_xlpm.seq, OFFSET(O49,,,5), _xlpm.cnt, SUM((_xlpm.seq="C2")+(_xlpm.seq="WW")), IF(_xlpm.cnt>0,0,1) )} -> 0 | AD49: {=_xlfn.LET(_xlpm.seq, OFFSET(P49,,,5), _xlpm.cnt, SUM((_xlpm.seq="C2")+(_xlpm.seq="WW")), IF(_xlpm.cnt>0,0,1) )} -> 0 | AE49: {=_xlfn.LET(_xlpm.seq, OFFSET(Q49,,,5), _xlpm.cnt, SUM((_xlpm.seq="C2")+(_xlpm.seq="WW")), IF(_xlpm.cnt>0,0,1) )} -> 0
K50: 46 | L50: A | M50: TE | N50: TE | O50: WW | P50: C2 | Q50: M1 | S50: 7 | T50: 11 | U50: 11 | V50: 0 | W50: 2 | X50: 3 | Z50: {=_xlfn.LET(_xlpm.seq, OFFSET(L50,,,5), _xlpm.cnt, SUM((_xlpm.seq="C2")+(_xlpm.seq="WW")), IF(_xlpm.cnt>0,0,1) )} -> 1 | AA50: {=_xlfn.LET(_xlpm.seq, OFFSET(M50,,,5), _xlpm.cnt, SUM((_xlpm.seq="C2")+(_xlpm.seq="WW")), IF(_xlpm.cnt>0,0,1) )} -> 1 | AB50: {=_xlfn.LET(_xlpm.seq, OFFSET(N50,,,5), _xlpm.cnt, SUM((_xlpm.seq="C2")+(_xlpm.seq="WW")), IF(_xlpm.cnt>0,0,1) )} -> 1 | AC50: {=_xlfn.LET(_xlpm.seq, OFFSET(O50,,,5), _xlpm.cnt, SUM((_xlpm.seq="C2")+(_xlpm.seq="WW")), IF(_xlpm.cnt>0,0,1) )} -> 0 | AD50: {=_xlfn.LET(_xlpm.seq, OFFSET(P50,,,5), _xlpm.cnt, SUM((_xlpm.seq="C2")+(_xlpm.seq="WW")), IF(_xlpm.cnt>0,0,1) )} -> 0 | AE50: {=_xlfn.LET(_xlpm.seq, OFFSET(Q50,,,5), _xlpm.cnt, SUM((_xlpm.seq="C2")+(_xlpm.seq="WW")), IF(_xlpm.cnt>0,0,1) )} -> 0
K51: 47 | L51: A | M51: TE | N51: TE | O51: TE | P51: K | Q51: WW | S51: 7 | T51: 11 | U51: 11 | V51: 11 | W51: 8 | X51: 0 | Z51: {=_xlfn.LET(_xlpm.seq, OFFSET(L51,,,5), _xlpm.cnt, SUM((_xlpm.seq="C2")+(_xlpm.seq="WW")), IF(_xlpm.cnt>0,0,1) )} -> 1 | AA51: {=_xlfn.LET(_xlpm.seq, OFFSET(M51,,,5), _xlpm.cnt, SUM((_xlpm.seq="C2")+(_xlpm.seq="WW")), IF(_xlpm.cnt>0,0,1) )} -> 1 | AB51: {=_xlfn.LET(_xlpm.seq, OFFSET(N51,,,5), _xlpm.cnt, SUM((_xlpm.seq="C2")+(_xlpm.seq="WW")), IF(_xlpm.cnt>0,0,1) )} -> 1 | AC51: 2 | AD51: {=_xlfn.LET(_xlpm.seq, OFFSET(P51,,,5), _xlpm.cnt, SUM((_xlpm.seq="C2")+(_xlpm.seq="WW")), IF(_xlpm.cnt>0,0,1) )} -> 1 | AE51: {=_xlfn.LET(_xlpm.seq, OFFSET(Q51,,,5), _xlpm.cnt, SUM((_xlpm.seq="C2")+(_xlpm.seq="WW")), IF(_xlpm.cnt>0,0,1) )} -> 0
K52: 48 | L52: M2 | M52: K | N52: J | O52: TE | P52: K | Q52: A | S52: 4 | T52: 8 | U52: 10 | V52: 11 | W52: 8 | X52: 7 | Z52: {=_xlfn.LET(_xlpm.seq, OFFSET(L52,,,5), _xlpm.cnt, SUM((_xlpm.seq="C2")+(_xlpm.seq="WW")), IF(_xlpm.cnt>0,0,1) )} -> 1 | AA52: {=_xlfn.LET(_xlpm.seq, OFFSET(M52,,,5), _xlpm.cnt, SUM((_xlpm.seq="C2")+(_xlpm.seq="WW")), IF(_xlpm.cnt>0,0,1) )} -> 1 | AB52: {=_xlfn.LET(_xlpm.seq, OFFSET(N52,,,5), _xlpm.cnt, SUM((_xlpm.seq="C2")+(_xlpm.seq="WW")), IF(_xlpm.cnt>0,0,1) )} -> 1 | AC52: 2 | AD52: {=_xlfn.LET(_xlpm.seq, OFFSET(P52,,,5), _xlpm.cnt, SUM((_xlpm.seq="C2")+(_xlpm.seq="WW")), IF(_xlpm.cnt>0,0,1) )} -> 1 | AE52: {=_xlfn.LET(_xlpm.seq, OFFSET(Q52,,,5), _xlpm.cnt, SUM((_xlpm.seq="C2")+(_xlpm.seq="WW")), IF(_xlpm.cnt>0,0,1) )} -> 1
K53: 49 | L53: M2 | M53: K | N53: J | O53: Q | P53: M2 | Q53: A | S53: 4 | T53: 8 | U53: 10 | V53: 9 | W53: 4 | X53: 7 | Z53: {=_xlfn.LET(_xlpm.seq, OFFSET(L53,,,5), _xlpm.cnt, SUM((_xlpm.seq="C2")+(_xlpm.seq="WW")), IF(_xlpm.cnt>0,0,1) )} -> 1 | AA53: {=_xlfn.LET(_xlpm.seq, OFFSET(M53,,,5), _xlpm.cnt, SUM((_xlpm.seq="C2")+(_xlpm.seq="WW")), IF(_xlpm.cnt>0,0,1) )} -> 1 | AB53: {=_xlfn.LET(_xlpm.seq, OFFSET(N53,,,5), _xlpm.cnt, SUM((_xlpm.seq="C2")+(_xlpm.seq="WW")), IF(_xlpm.cnt>0,0,1) )} -> 1 | AC53: 2 | AD53: {=_xlfn.LET(_xlpm.seq, OFFSET(P53,,,5), _xlpm.cnt, SUM((_xlpm.seq="C2")+(_xlpm.seq="WW")), IF(_xlpm.cnt>0,0,1) )} -> 1 | AE53: {=_xlfn.LET(_xlpm.seq, OFFSET(Q53,,,5), _xlpm.cnt, SUM((_xlpm.seq="C2")+(_xlpm.seq="WW")), IF(_xlpm.cnt>0,0,1) )} -> 1
K54: 50 | L54: M4 | M54: M1 | N54: Q | O54: Q | P54: M2 | Q54: Q | S54: 6 | T54: 3 | U54: 9 | V54: 9 | W54: 4 | X54: 9 | Z54: {=_xlfn.LET(_xlpm.seq, OFFSET(L54,,,5), _xlpm.cnt, SUM((_xlpm.seq="C2")+(_xlpm.seq="WW")), IF(_xlpm.cnt>0,0,1) )} -> 0 | AA54: {=_xlfn.LET(_xlpm.seq, OFFSET(M54,,,5), _xlpm.cnt, SUM((_xlpm.seq="C2")+(_xlpm.seq="WW")), IF(_xlpm.cnt>0,0,1) )} -> 1 | AB54: {=_xlfn.LET(_xlpm.seq, OFFSET(N54,,,5), _xlpm.cnt, SUM((_xlpm.seq="C2")+(_xlpm.seq="WW")), IF(_xlpm.cnt>0,0,1) )} -> 1 | AC54: 2 | AD54: {=_xlfn.LET(_xlpm.seq, OFFSET(P54,,,5), _xlpm.cnt, SUM((_xlpm.seq="C2")+(_xlpm.seq="WW")), IF(_xlpm.cnt>0,0,1) )} -> 1 | AE54: {=_xlfn.LET(_xlpm.seq, OFFSET(Q54,,,5), _xlpm.cnt, SUM((_xlpm.seq="C2")+(_xlpm.seq="WW")), IF(_xlpm.cnt>0,0,1) )} -> 1
K55: 51 | L55: M4 | M55: M1 | N55: Q | O55: TE | P55: J | Q55: Q | S55: 6 | T55: 3 | U55: 9 | V55: 11 | W55: 10 | X55: 9 | Z55: 1 | AA55: {=_xlfn.LET(_xlpm.seq, OFFSET(M55,,,5), _xlpm.cnt, SUM((_xlpm.seq="C2")+(_xlpm.seq="WW")), IF(_xlpm.cnt>0,0,1) )} -> 1 | AB55: {=_xlfn.LET(_xlpm.seq, OFFSET(N55,,,5), _xlpm.cnt, SUM((_xlpm.seq="C2")+(_xlpm.seq="WW")), IF(_xlpm.cnt>0,0,1) )} -> 1 | AC55: {=_xlfn.LET(_xlpm.seq, OFFSET(O55,,,5), _xlpm.cnt, SUM((_xlpm.seq="C2")+(_xlpm.seq="WW")), IF(_xlpm.cnt>0,0,1) )} -> 1 | AD55: {=_xlfn.LET(_xlpm.seq, OFFSET(P55,,,5), _xlpm.cnt, SUM((_xlpm.seq="C2")+(_xlpm.seq="WW")), IF(_xlpm.cnt>0,0,1) )} -> 1 | AE55: {=_xlfn.LET(_xlpm.seq, OFFSET(Q55,,,5), _xlpm.cnt, SUM((_xlpm.seq="C2")+(_xlpm.seq="WW")), IF(_xlpm.cnt>0,0,1) )} -> 1
K56: 52 | L56: A | M56: K | N56: M4 | O56: TE | P56: J | Q56: M1 | S56: 7 | T56: 8 | U56: 6 | V56: 11 | W56: 10 | X56: 3 | Z56: 1 | AA56: {=_xlfn.LET(_xlpm.seq, OFFSET(M56,,,5), _xlpm.cnt, SUM((_xlpm.seq="C2")+(_xlpm.seq="WW")), IF(_xlpm.cnt>0,0,1) )} -> 1 | AB56: {=_xlfn.LET(_xlpm.seq, OFFSET(N56,,,5), _xlpm.cnt, SUM((_xlpm.seq="C2")+(_xlpm.seq="WW")), IF(_xlpm.cnt>0,0,1) )} -> 1 | AC56: {=_xlfn.LET(_xlpm.seq, OFFSET(O56,,,5), _xlpm.cnt, SUM((_xlpm.seq="C2")+(_xlpm.seq="WW")), IF(_xlpm.cnt>0,0,1) )} -> 1 | AD56: {=_xlfn.LET(_xlpm.seq, OFFSET(P56,,,5), _xlpm.cnt, SUM((_xlpm.seq="C2")+(_xlpm.seq="WW")), IF(_xlpm.cnt>0,0,1) )} -> 1 | AE56: {=_xlfn.LET(_xlpm.seq, OFFSET(Q56,,,5), _xlpm.cnt, SUM((_xlpm.seq="C2")+(_xlpm.seq="WW")), IF(_xlpm.cnt>0,0,1) )} -> 0
K57: 53 | L57: A | M57: K | N57: M4 | O57: M2 | P57: K | Q57: M1 | S57: 7 | T57: 8 | U57: 6 | V57: 4 | W57: 8 | X57: 3 | Z57: 1 | AA57: {=_xlfn.LET(_xlpm.seq, OFFSET(M57,,,5), _xlpm.cnt, SUM((_xlpm.seq="C2")+(_xlpm.seq="WW")), IF(_xlpm.cnt>0,0,1) )} -> 1 | AB57: {=_xlfn.LET(_xlpm.seq, OFFSET(N57,,,5), _xlpm.cnt, SUM((_xlpm.seq="C2")+(_xlpm.seq="WW")), IF(_xlpm.cnt>0,0,1) )} -> 1 | AC57: {=_xlfn.LET(_xlpm.seq, OFFSET(O57,,,5), _xlpm.cnt, SUM((_xlpm.seq="C2")+(_xlpm.seq="WW")), IF(_xlpm.cnt>0,0,1) )} -> 1 | AD57: {=_xlfn.LET(_xlpm.seq, OFFSET(P57,,,5), _xlpm.cnt, SUM((_xlpm.seq="C2")+(_xlpm.seq="WW")), IF(_xlpm.cnt>0,0,1) )} -> 1 | AE57: {=_xlfn.LET(_xlpm.seq, OFFSET(Q57,,,5), _xlpm.cnt, SUM((_xlpm.seq="C2")+(_xlpm.seq="WW")), IF(_xlpm.cnt>0,0,1) )} -> 0
K58: 54 | L58: WW | M58: M3 | N58: Q | O58: M2 | P58: K | Q58: Q | S58: 0 | T58: 5 | U58: 9 | V58: 4 | W58: 8 | X58: 9 | Z58: 1 | AA58: {=_xlfn.LET(_xlpm.seq, OFFSET(M58,,,5), _xlpm.cnt, SUM((_xlpm.seq="C2")+(_xlpm.seq="WW")), IF(_xlpm.cnt>0,0,1) )} -> 1 | AB58: {=_xlfn.LET(_xlpm.seq, OFFSET(N58,,,5), _xlpm.cnt, SUM((_xlpm.seq="C2")+(_xlpm.seq="WW")), IF(_xlpm.cnt>0,0,1) )} -> 1 | AC58: {=_xlfn.LET(_xlpm.seq, OFFSET(O58,,,5), _xlpm.cnt, SUM((_xlpm.seq="C2")+(_xlpm.seq="WW")), IF(_xlpm.cnt>0,0,1) )} -> 1 | AD58: {=_xlfn.LET(_xlpm.seq, OFFSET(P58,,,5), _xlpm.cnt, SUM((_xlpm.seq="C2")+(_xlpm.seq="WW")), IF(_xlpm.cnt>0,0,1) )} -> 1 | AE58: 1
K59: 55 | L59: WW | M59: M3 | N59: A | O59: M1 | P59: M3 | Q59: Q | S59: 0 | T59: 5 | U59: 7 | V59: 3 | W59: 5 | X59: 9 | Z59: {=_xlfn.LET(_xlpm.seq, OFFSET(L59,,,5), _xlpm.cnt, SUM((_xlpm.seq="C2")+(_xlpm.seq="WW")), IF(_xlpm.cnt>0,0,1) )} -> 0 | AA59: {=_xlfn.LET(_xlpm.seq, OFFSET(M59,,,5), _xlpm.cnt, SUM((_xlpm.seq="C2")+(_xlpm.seq="WW")), IF(_xlpm.cnt>0,0,1) )} -> 1 | AB59: {=_xlfn.LET(_xlpm.seq, OFFSET(N59,,,5), _xlpm.cnt, SUM((_xlpm.seq="C2")+(_xlpm.seq="WW")), IF(_xlpm.cnt>0,0,1) )} -> 1 | AC59: {=_xlfn.LET(_xlpm.seq, OFFSET(O59,,,5), _xlpm.cnt, SUM((_xlpm.seq="C2")+(_xlpm.seq="WW")), IF(_xlpm.cnt>0,0,1) )} -> 1 | AD59: {=_xlfn.LET(_xlpm.seq, OFFSET(P59,,,5), _xlpm.cnt, SUM((_xlpm.seq="C2")+(_xlpm.seq="WW")), IF(_xlpm.cnt>0,0,1) )} -> 1 | AE59: 1
K60: 56 | L60: Q | M60: TE | N60: A | O60: M1 | P60: M3 | Q60: WW | S60: 9 | T60: 11 | U60: 7 | V60: 3 | W60: 5 | X60: 0 | Z60: 2 | AA60: {=_xlfn.LET(_xlpm.seq, OFFSET(M60,,,5), _xlpm.cnt, SUM((_xlpm.seq="C2")+(_xlpm.seq="WW")), IF(_xlpm.cnt>0,0,1) )} -> 1 | AB60: {=_xlfn.LET(_xlpm.seq, OFFSET(N60,,,5), _xlpm.cnt, SUM((_xlpm.seq="C2")+(_xlpm.seq="WW")), IF(_xlpm.cnt>0,0,1) )} -> 1 | AC60: {=_xlfn.LET(_xlpm.seq, OFFSET(O60,,,5), _xlpm.cnt, SUM((_xlpm.seq="C2")+(_xlpm.seq="WW")), IF(_xlpm.cnt>0,0,1) )} -> 1 | AD60: {=_xlfn.LET(_xlpm.seq, OFFSET(P60,,,5), _xlpm.cnt, SUM((_xlpm.seq="C2")+(_xlpm.seq="WW")), IF(_xlpm.cnt>0,0,1) )} -> 1 | AE60: {=_xlfn.LET(_xlpm.seq, OFFSET(Q60,,,5), _xlpm.cnt, SUM((_xlpm.seq="C2")+(_xlpm.seq="WW")), IF(_xlpm.cnt>0,0,1) )} -> 0
K61: 57 | L61: Q | M61: TE | N61: M2 | O61: M4 | P61: K | Q61: WW | S61: 9 | T61: 11 | U61: 4 | V61: 6 | W61: 8 | X61: 0 | Z61: 2 | AA61: {=_xlfn.LET(_xlpm.seq, OFFSET(M61,,,5), _xlpm.cnt, SUM((_xlpm.seq="C2")+(_xlpm.seq="WW")), IF(_xlpm.cnt>0,0,1) )} -> 1 | AB61: {=_xlfn.LET(_xlpm.seq, OFFSET(N61,,,5), _xlpm.cnt, SUM((_xlpm.seq="C2")+(_xlpm.seq="WW")), IF(_xlpm.cnt>0,0,1) )} -> 1 | AC61: {=_xlfn.LET(_xlpm.seq, OFFSET(O61,,,5), _xlpm.cnt, SUM((_xlpm.seq="C2")+(_xlpm.seq="WW")), IF(_xlpm.cnt>0,0,1) )} -> 1 | AD61: {=_xlfn.LET(_xlpm.seq, OFFSET(P61,,,5), _xlpm.cnt, SUM((_xlpm.seq="C2")+(_xlpm.seq="WW")), IF(_xlpm.cnt>0,0,1) )} -> 1 | AE61: {=_xlfn.LET(_xlpm.seq, OFFSET(Q61,,,5), _xlpm.cnt, SUM((_xlpm.seq="C2")+(_xlpm.seq="WW")), IF(_xlpm.cnt>0,0,1) )} -> 0
K62: 58 | L62: M4 | M62: M1 | N62: M2 | O62: M4 | P62: K | Q62: TE | S62: 6 | T62: 3 | U62: 4 | V62: 6 | W62: 8 | X62: 11 | Z62: 2 | AA62: {=_xlfn.LET(_xlpm.seq, OFFSET(M62,,,5), _xlpm.cnt, SUM((_xlpm.seq="C2")+(_xlpm.seq="WW")), IF(_xlpm.cnt>0,0,1) )} -> 1 | AB62: {=_xlfn.LET(_xlpm.seq, OFFSET(N62,,,5), _xlpm.cnt, SUM((_xlpm.seq="C2")+(_xlpm.seq="WW")), IF(_xlpm.cnt>0,0,1) )} -> 1 | AC62: {=_xlfn.LET(_xlpm.seq, OFFSET(O62,,,5), _xlpm.cnt, SUM((_xlpm.seq="C2")+(_xlpm.seq="WW")), IF(_xlpm.cnt>0,0,1) )} -> 1 | AD62: {=_xlfn.LET(_xlpm.seq, OFFSET(P62,,,5), _xlpm.cnt, SUM((_xlpm.seq="C2")+(_xlpm.seq="WW")), IF(_xlpm.cnt>0,0,1) )} -> 1 | AE62: 2
K63: 59 | L63: M4 | M63: M1 | N63: TE | O63: M1 | P63: J | Q63: TE | S63: 6 | T63: 3 | U63: 11 | V63: 3 | W63: 10 | X63: 11 | Z63: 2 | AA63: {=_xlfn.LET(_xlpm.seq, OFFSET(M63,,,5), _xlpm.cnt, SUM((_xlpm.seq="C2")+(_xlpm.seq="WW")), IF(_xlpm.cnt>0,0,1) )} -> 1 | AB63: {=_xlfn.LET(_xlpm.seq, OFFSET(N63,,,5), _xlpm.cnt, SUM((_xlpm.seq="C2")+(_xlpm.seq="WW")), IF(_xlpm.cnt>0,0,1) )} -> 1 | AC63: {=_xlfn.LET(_xlpm.seq, OFFSET(O63,,,5), _xlpm.cnt, SUM((_xlpm.seq="C2")+(_xlpm.seq="WW")), IF(_xlpm.cnt>0,0,1) )} -> 1 | AD63: {=_xlfn.LET(_xlpm.seq, OFFSET(P63,,,5), _xlpm.cnt, SUM((_xlpm.seq="C2")+(_xlpm.seq="WW")), IF(_xlpm.cnt>0,0,1) )} -> 1 | AE63: 2
K64: 60 | L64: K | M64: K | N64: TE | O64: M1 | P64: J | Q64: Q | S64: 8 | T64: 8 | U64: 11 | V64: 3 | W64: 10 | X64: 9 | Z64: {=_xlfn.LET(_xlpm.seq, OFFSET(L64,,,5), _xlpm.cnt, SUM((_xlpm.seq="C2")+(_xlpm.seq="WW")), IF(_xlpm.cnt>0,0,1) )} -> 1 | AA64: 1 | AB64: {=_xlfn.LET(_xlpm.seq, OFFSET(N64,,,5), _xlpm.cnt, SUM((_xlpm.seq="C2")+(_xlpm.seq="WW")), IF(_xlpm.cnt>0,0,1) )} -> 1 | AC64: {=_xlfn.LET(_xlpm.seq, OFFSET(O64,,,5), _xlpm.cnt, SUM((_xlpm.seq="C2")+(_xlpm.seq="WW")), IF(_xlpm.cnt>0,0,1) )} -> 1 | AD64: {=_xlfn.LET(_xlpm.seq, OFFSET(P64,,,5), _xlpm.cnt, SUM((_xlpm.seq="C2")+(_xlpm.seq="WW")), IF(_xlpm.cnt>0,0,1) )} -> 1 | AE64: 2
K65: 61 | L65: K | M65: K | N65: M2 | O65: A | P65: TE | Q65: Q | S65: 8 | T65: 8 | U65: 4 | V65: 7 | W65: 11 | X65: 9 | Z65: {=_xlfn.LET(_xlpm.seq, OFFSET(L65,,,5), _xlpm.cnt, SUM((_xlpm.seq="C2")+(_xlpm.seq="WW")), IF(_xlpm.cnt>0,0,1) )} -> 1 | AA65: 1 | AB65: {=_xlfn.LET(_xlpm.seq, OFFSET(N65,,,5), _xlpm.cnt, SUM((_xlpm.seq="C2")+(_xlpm.seq="WW")), IF(_xlpm.cnt>0,0,1) )} -> 1 | AC65: {=_xlfn.LET(_xlpm.seq, OFFSET(O65,,,5), _xlpm.cnt, SUM((_xlpm.seq="C2")+(_xlpm.seq="WW")), IF(_xlpm.cnt>0,0,1) )} -> 1 | AD65: {=_xlfn.LET(_xlpm.seq, OFFSET(P65,,,5), _xlpm.cnt, SUM((_xlpm.seq="C2")+(_xlpm.seq="WW")), IF(_xlpm.cnt>0,0,1) )} -> 1 | AE65: 2
K66: 62 | L66: J | M66: TE | N66: M2 | O66: A | P66: TE | Q66: TE | S66: 10 | T66: 11 | U66: 4 | V66: 7 | W66: 11 | X66: 11 | Z66: {=_xlfn.LET(_xlpm.seq, OFFSET(L66,,,5), _xlpm.cnt, SUM((_xlpm.seq="C2")+(_xlpm.seq="WW")), IF(_xlpm.cnt>0,0,1) )} -> 0 | AA66: 1 | AB66: {=_xlfn.LET(_xlpm.seq, OFFSET(N66,,,5), _xlpm.cnt, SUM((_xlpm.seq="C2")+(_xlpm.seq="WW")), IF(_xlpm.cnt>0,0,1) )} -> 1 | AC66: {=_xlfn.LET(_xlpm.seq, OFFSET(O66,,,5), _xlpm.cnt, SUM((_xlpm.seq="C2")+(_xlpm.seq="WW")), IF(_xlpm.cnt>0,0,1) )} -> 1 | AD66: {=_xlfn.LET(_xlpm.seq, OFFSET(P66,,,5), _xlpm.cnt, SUM((_xlpm.seq="C2")+(_xlpm.seq="WW")), IF(_xlpm.cnt>0,0,1) )} -> 1 | AE66: {=_xlfn.LET(_xlpm.seq, OFFSET(Q66,,,5), _xlpm.cnt, SUM((_xlpm.seq="C2")+(_xlpm.seq="WW")), IF(_xlpm.cnt>0,0,1) )} -> 0
K67: 63 | L67: J | M67: TE | N67: Q | O67: TE | P67: K | Q67: TE | S67: 10 | T67: 11 | U67: 9 | V67: 11 | W67: 8 | X67: 11 | Z67: {=_xlfn.LET(_xlpm.seq, OFFSET(L67,,,5), _xlpm.cnt, SUM((_xlpm.seq="C2")+(_xlpm.seq="WW")), IF(_xlpm.cnt>0,0,1) )} -> 0 | AA67: 1 | AB67: {=_xlfn.LET(_xlpm.seq, OFFSET(N67,,,5), _xlpm.cnt, SUM((_xlpm.seq="C2")+(_xlpm.seq="WW")), IF(_xlpm.cnt>0,0,1) )} -> 1 | AC67: {=_xlfn.LET(_xlpm.seq, OFFSET(O67,,,5), _xlpm.cnt, SUM((_xlpm.seq="C2")+(_xlpm.seq="WW")), IF(_xlpm.cnt>0,0,1) )} -> 1 | AD67: {=_xlfn.LET(_xlpm.seq, OFFSET(P67,,,5), _xlpm.cnt, SUM((_xlpm.seq="C2")+(_xlpm.seq="WW")), IF(_xlpm.cnt>0,0,1) )} -> 1 | AE67: {=_xlfn.LET(_xlpm.seq, OFFSET(Q67,,,5), _xlpm.cnt, SUM((_xlpm.seq="C2")+(_xlpm.seq="WW")), IF(_xlpm.cnt>0,0,1) )} -> 0
K68: 64 | L68: M4 | M68: C2 | N68: Q | O68: TE | P68: K | Q68: M1 | S68: 6 | T68: 2 | U68: 9 | V68: 11 | W68: 8 | X68: 3 | Z68: {=_xlfn.LET(_xlpm.seq, OFFSET(L68,,,5), _xlpm.cnt, SUM((_xlpm.seq="C2")+(_xlpm.seq="WW")), IF(_xlpm.cnt>0,0,1) )} -> 0 | AA68: 1 | AB68: {=_xlfn.LET(_xlpm.seq, OFFSET(N68,,,5), _xlpm.cnt, SUM((_xlpm.seq="C2")+(_xlpm.seq="WW")), IF(_xlpm.cnt>0,0,1) )} -> 1 | AC68: {=_xlfn.LET(_xlpm.seq, OFFSET(O68,,,5), _xlpm.cnt, SUM((_xlpm.seq="C2")+(_xlpm.seq="WW")), IF(_xlpm.cnt>0,0,1) )} -> 1 | AD68: {=_xlfn.LET(_xlpm.seq, OFFSET(P68,,,5), _xlpm.cnt, SUM((_xlpm.seq="C2")+(_xlpm.seq="WW")), IF(_xlpm.cnt>0,0,1) )} -> 1 | AE68: {=_xlfn.LET(_xlpm.seq, OFFSET(Q68,,,5), _xlpm.cnt, SUM((_xlpm.seq="C2")+(_xlpm.seq="WW")), IF(_xlpm.cnt>0,0,1) )} -> 0
K69: 65 | L69: M4 | M69: K | N69: A | O69: A | P69: Q | Q69: M1 | S69: 6 | T69: 8 | U69: 7 | V69: 7 | W69: 9 | X69: 3 | Z69: {=_xlfn.LET(_xlpm.seq, OFFSET(L69,,,5), _xlpm.cnt, SUM((_xlpm.seq="C2")+(_xlpm.seq="WW")), IF(_xlpm.cnt>0,0,1) )} -> 0 | AA69: {=_xlfn.LET(_xlpm.seq, OFFSET(M69,,,5), _xlpm.cnt, SUM((_xlpm.seq="C2")+(_xlpm.seq="WW")), IF(_xlpm.cnt>0,0,1) )} -> 1 | AB69: {=_xlfn.LET(_xlpm.seq, OFFSET(N69,,,5), _xlpm.cnt, SUM((_xlpm.seq="C2")+(_xlpm.seq="WW")), IF(_xlpm.cnt>0,0,1) )} -> 1 | AC69: {=_xlfn.LET(_xlpm.seq, OFFSET(O69,,,5), _xlpm.cnt, SUM((_xlpm.seq="C2")+(_xlpm.seq="WW")), IF(_xlpm.cnt>0,0,1) )} -> 1 | AD69: {=_xlfn.LET(_xlpm.seq, OFFSET(P69,,,5), _xlpm.cnt, SUM((_xlpm.seq="C2")+(_xlpm.seq="WW")), IF(_xlpm.cnt>0,0,1) )} -> 1 | AE69: {=_xlfn.LET(_xlpm.seq, OFFSET(Q69,,,5), _xlpm.cnt, SUM((_xlpm.seq="C2")+(_xlpm.seq="WW")), IF(_xlpm.cnt>0,0,1) )} -> 0
K70: 66 | L70: WW | M70: K | N70: A | O70: A | P70: Q | Q70: C2 | S70: 0 | T70: 8 | U70: 7 | V70: 7 | W70: 9 | X70: 2 | Z70: {=_xlfn.LET(_xlpm.seq, OFFSET(L70,,,5), _xlpm.cnt, SUM((_xlpm.seq="C2")+(_xlpm.seq="WW")), IF(_xlpm.cnt>0,0,1) )} -> 0 | AA70: {=_xlfn.LET(_xlpm.seq, OFFSET(M70,,,5), _xlpm.cnt, SUM((_xlpm.seq="C2")+(_xlpm.seq="WW")), IF(_xlpm.cnt>0,0,1) )} -> 1 | AB70: {=_xlfn.LET(_xlpm.seq, OFFSET(N70,,,5), _xlpm.cnt, SUM((_xlpm.seq="C2")+(_xlpm.seq="WW")), IF(_xlpm.cnt>0,0,1) )} -> 1 | AC70: {=_xlfn.LET(_xlpm.seq, OFFSET(O70,,,5), _xlpm.cnt, SUM((_xlpm.seq="C2")+(_xlpm.seq="WW")), IF(_xlpm.cnt>0,0,1) )} -> 1 | AD70: {=_xlfn.LET(_xlpm.seq, OFFSET(P70,,,5), _xlpm.cnt, SUM((_xlpm.seq="C2")+(_xlpm.seq="WW")), IF(_xlpm.cnt>0,0,1) )} -> 1 | AE70: {=_xlfn.LET(_xlpm.seq, OFFSET(Q70,,,5), _xlpm.cnt, SUM((_xlpm.seq="C2")+(_xlpm.seq="WW")), IF(_xlpm.cnt>0,0,1) )} -> 0
K71: 67 | L71: M2 | M71: TE | N71: J | O71: C1 | P71: M3 | Q71: C2 | S71: 4 | T71: 11 | U71: 10 | V71: 1 | W71: 5 | X71: 2 | Z71: {=_xlfn.LET(_xlpm.seq, OFFSET(L71,,,5), _xlpm.cnt, SUM((_xlpm.seq="C2")+(_xlpm.seq="WW")), IF(_xlpm.cnt>0,0,1) )} -> 1 | AA71: {=_xlfn.LET(_xlpm.seq, OFFSET(M71,,,5), _xlpm.cnt, SUM((_xlpm.seq="C2")+(_xlpm.seq="WW")), IF(_xlpm.cnt>0,0,1) )} -> 1 | AB71: {=_xlfn.LET(_xlpm.seq, OFFSET(N71,,,5), _xlpm.cnt, SUM((_xlpm.seq="C2")+(_xlpm.seq="WW")), IF(_xlpm.cnt>0,0,1) )} -> 1 | AC71: {=_xlfn.LET(_xlpm.seq, OFFSET(O71,,,5), _xlpm.cnt, SUM((_xlpm.seq="C2")+(_xlpm.seq="WW")), IF(_xlpm.cnt>0,0,1) )} -> 1 | AD71: {=_xlfn.LET(_xlpm.seq, OFFSET(P71,,,5), _xlpm.cnt, SUM((_xlpm.seq="C2")+(_xlpm.seq="WW")), IF(_xlpm.cnt>0,0,1) )} -> 1 | AE71: {=_xlfn.LET(_xlpm.seq, OFFSET(Q71,,,5), _xlpm.cnt, SUM((_xlpm.seq="C2")+(_xlpm.seq="WW")), IF(_xlpm.cnt>0,0,1) )} -> 0
