Workbook

Sheet Revision History
B2: 版號 | C2: 日期 | D2: 修改人 | E2: 修改內容 | F2: 備註
B3: 2.01 | C3: 45293 | D3: Karry | E3: 定版，自Bet/Currency 改版，使設定更加簡便 - 所有 SLOT 使用相同設定 - 所有 賓果 使用相同設定 - 新增幣別 MYRC
B4: 2.02 | C4: 45294 | D4: Karry | E4: 改變名稱 將 賓果 - 10分4卡、賓果 - 10分20卡 改為 賓果 - 1分4卡、賓果 - 1分20卡
B5: 2.03 | C5: 45310 | D5: Karry | E5: 新增幣別 XSD
B6: 2.04 | C6: 45323 | D6: Karry | E6: 新增幣別 DZD、MAD、FRF、GHS
B7: 2.05 | C7: 45338 | D7: Karry | E7: 刪除100 - 彩金、150 - 彩金頁籤 編輯總表中被影響到的遊戲，改為使用對應分數的幣別設定
B8: 2.06 | C8: 45349 | D8: Karry | E8: 編輯100、150頁面中的XSD倍數設定 改為使用30組中的第1~第20組
B9: 2.07 | C9: 45370 | D9: Karry | E9: -在總表新增1040、1041、1042 -因應1041幣別將特規處理，新增1041所使用的幣別頁籤
B10: 2.08 | C10: 45385 | D10: Karry | E10: 編輯100、150頁面中的XSD倍數設定 改回2.03~2.05時期的設定
B11: 2.09 | C11: 45418 | D11: Karry | E11: 編輯100、150 NGN 倍數組數
B12: 2.10 | C12: 45440 | D12: Karry | E12: 修改150頁籤中的人民幣所選擇的其中幾組倍數設定，刪除5、8，新增25、26
B13: 2.11 | C13: 45449 | D13: Karry | E13: 在總表新增1043、1044、1045
B14: 2.12 | C14: 45450 | D14: Karry | E14: - 新增88頁籤供1045專案使用 - 新增幣別 RC
B15: 2.13 | C15: 45454 | D15: Karry | E15: 新增幣別 KBB
B16: 2.14 | C16: 45456 | D16: Karry | E16: 修正幣別 RC幣 為 RCC幣
B17: 2.15 | C17: 45474 | D17: Karry | E17: - 因應需求調整幣別 KBB 選用的 Denom 以及 20組押注組合 (除了魚機以外都有改動) - 調整IDRO 選用的第一組押注設定 - 新增 1043 的頁籤
B18: 2.16 | C18: 45485 | D18: Karry | E18: 新增幣別 XSMY

Sheet 總表
A1: 專案代號 | B1: 類別 | D1: 快速查找(請在下方欄位輸入專案代號)
A2: 1001 | B2: 150 | D2: 1043
A3: 1002 | B3: 150 | D3: =IF(ISNA(VLOOKUP(D2,$A:$B,2,FALSE)),"專案代號輸入錯誤",VLOOKUP(D2,$A:$B,2,FALSE)) -> 1043
A4: 1003 | B4: 100
A5: 1004 | B5: 100
A6: 1005 | B6: 100
A7: 1006
A8: 1007
A9: 1008 | B9: 150
A10: 1009 | B10: 150
A11: 1010 | B11: 100
A12: 1011 | B12: 100 | D12: 專案類別整理
A13: 1012 | B13: 150 | D13: 100 | E13: 100與150是相同設定
A14: 1013 | B14: 150 | D14: 150
A15: 1014 | B15: 150 | D15: 魚機
A16: 1015 | B16: 100 | D16: 賓果 - 1分4卡 | E16: 賓果 - 1分4卡與賓果 - 1分20卡是相同設定
A17: 1016 | B17: 150 | D17: 賓果 - 1分20卡
A18: 1017 | B18: 100 | D18: JHA4001
A19: 1018 | B19: 100 | D19: JHA4002
A20: 1019 | B20: 100 | D20: JHA4003
A21: 1020 | B21: 100 | D21: JHB3011
A22: 1021 | B22: 100 | D22: 88
A23: 1022 | B23: 100
A24: 1023 | B24: 100
A25: 1024 | B25: 100
A26: 1025 | B26: 150
A27: 1026 | B27: 100
A28: 1027 | B28: 150
A29: 1028 | B29: 150
A30: 1029 | B30: 100
A31: 1030 | B31: 100
A32: 1031 | B32: 100
A33: 1032 | B33: 100
A34: 1033 | B34: 150
... A39: 1038 | B39: 100
A40: 1039 | B40: 100
A41: 1040 | B41: 100
A42: 1041 | B42: 1041
A43: 1042 | B43: 100
A44: 1043 | B44: 1043
A45: 1044 | B45: 100
A46: 1045 | B46: 88
A47: 2001 | B47: 魚機
A48: 3001 | B48: 賓果 - 1分4卡
A49: 3002 | B49: 賓果 - 1分4卡
A50: 3003 | B50: 賓果 - 1分20卡
A51: 3004 | B51: 賓果 - 1分4卡
A52: 3005 | B52: 賓果 - 1分4卡
A53: 3006 | B53: 賓果 - 1分4卡
A54: 3007 | B54: 賓果 - 1分20卡
A55: 3008 | B55: 賓果 - 1分20卡
A56: 3009 | B56: 賓果 - 1分20卡
A57: 3010 | B57: 賓果 - 1分20卡
A58: 3011 | B58: 3011
... A61: 4003 | B61: JHA4003

Sheet 100
C1: 最小押分 | D1: 100 | E1: 倍數 設定 | F1: 1 | G1: 2 | H1: 3 | I1: 4 | J1: 5 | K1: 6 | L1: 7 | M1: 8 | N1: 9 | O1: 10 | P1: 11 | Q1: 12 | R1: 13 | S1: 14 | T1: 15 | U1: 16 | V1: 17 | W1: 18 | X1: 19 | Y1: 20 | Z1: 21 | AA1: 22 | AB1: 23 | AC1: 24 | AD1: 25 | AE1: 26 | AF1: 27 | AG1: 28 | AH1: 29 | AI1: 30
F2: 1 | G2: 2 | H2: 5 | I2: 10 | J2: 12 | K2: 15 | L2: 20 | M2: 25 | N2: 30 | O2: 35 | P2: 40 | Q2: 45 | R2: 50 | S2: 60 | T2: 70 | U2: 80 | V2: 90 | W2: 100 | X2: 150 | Y2: 200 | Z2: 300 | AA2: 500 | AB2: 1000 | AC2: 1500 | AD2: 3000 | AE2: 5000 | AF2: 7500 | AG2: 10000 | AH2: 15000 | AI2: 25000
A5: 貨幣簡稱 | B5: 貨幣符號 | C5: 中文名稱 | D5: 貨幣轉換 | E5: Denom | F5: 第 1 組 | G5: 第 2 組 | H5: 第 3 組 | I5: 第 4 組 | J5: 第 5 組 | K5: 第 6 組 | L5: 第 7 組 | M5: 第 8 組 | N5: 第 9 組 | O5: 第 10 組 | P5: 第 11 組 | Q5: 第 12 組 | R5: 第 13 組 | S5: 第 14 組 | T5: 第 15 組 | U5: 第 16 組 | V5: 第 17 組 | W5: 第 18 組 | X5: 第 19 組 | Y5: 第 20 組 | AA5: 顯示倍數組別
A6: ='試算-SLOT'!A6 -> THB | B6: ='試算-SLOT'!B6 -> ฿ | C6: ='試算-SLOT'!C6 -> 泰銖 | D6: =IF('試算-SLOT'!D6=1,"",'試算-SLOT'!D6) | E6: ='試算-SLOT'!G6 -> 0.002 | F6: 3 | G6: 4 | H6: 6 | I6: 7 | J6: 8 | K6: 9 | L6: 11 | M6: 13 | N6: 14 | O6: 16 | P6: 18 | Q6: 19 | R6: 20 | S6: 21 | T6: 22 | U6: 23 | V6: 24 | W6: 25 | X6: 26 | Y6: 27
A7: ='試算-SLOT'!A7 -> HKD | B7: ='試算-SLOT'!B7 -> HK$ | C7: ='試算-SLOT'!C7 -> 港幣 | D7: =IF('試算-SLOT'!D7=1,"",'試算-SLOT'!D7) | E7: ='試算-SLOT'!G7 -> 0.002 | F7: 1 | G7: 2 | H7: 3 | I7: 4 | J7: 5 | K7: 6 | L7: 7 | M7: 8 | N7: 9 | O7: 11 | P7: 13 | Q7: 14 | R7: 16 | S7: 18 | T7: 19 | U7: 20 | V7: 21 | W7: 22 | X7: 23 | Y7: 24
A8: ='試算-SLOT'!A8 -> INR | B8: ='試算-SLOT'!B8 -> ₹ | C8: ='試算-SLOT'!C8 -> 印度盧比 | D8: =IF('試算-SLOT'!D8=1,"",'試算-SLOT'!D8) | E8: ='試算-SLOT'!G8 -> 0.002 | F8: 4 | G8: 6 | H8: 7 | I8: 9 | J8: 11 | K8: 13 | L8: 14 | M8: 16 | N8: 18 | O8: 19 | P8: 20 | Q8: 21 | R8: 22 | S8: 23 | T8: 24 | U8: 25 | V8: 26 | W8: 27 | X8: 28 | Y8: 29
A9: ='試算-SLOT'!A9 -> IDR | B9: ='試算-SLOT'!B9 -> Rp | C9: ='試算-SLOT'!C9 -> 印尼盧比(K) | D9: =IF('試算-SLOT'!D9=1,"",'試算-SLOT'!D9) -> 1000 | E9: ='試算-SLOT'!G9 -> 0.002 | F9: 2 | G9: 3 | H9: 4 | I9: 5 | J9: 6 | K9: 7 | L9: 8 | M9: 9 | N9: 11 | O9: 13 | P9: 14 | Q9: 16 | R9: 18 | S9: 19 | T9: 20 | U9: 21 | V9: 22 | W9: 23 | X9: 24 | Y9: 25
A10: ='試算-SLOT'!A10 -> VND | B10: ='試算-SLOT'!B10 -> ₫ | C10: ='試算-SLOT'!C10 -> 越南盾(K) | D10: =IF('試算-SLOT'!D10=1,"",'試算-SLOT'!D10) -> 1000 | E10: ='試算-SLOT'!G10 -> 0.002 | F10: 3 | G10: 4 | H10: 5 | I10: 6 | J10: 7 | K10: 8 | L10: 9 | M10: 11 | N10: 13 | O10: 14 | P10: 16 | Q10: 18 | R10: 19 | S10: 20 | T10: 21 | U10: 22 | V10: 23 | W10: 24 | X10: 25 | Y10: 26
A11: ='試算-SLOT'!A11 -> MYR | B11: ='試算-SLOT'!B11 -> RM | C11: ='試算-SLOT'!C11 -> 馬來西亞令吉 | D11: =IF('試算-SLOT'!D11=1,"",'試算-SLOT'!D11) | E11: ='試算-SLOT'!G11 -> 0.002 | F11: 1 | G11: 2 | H11: 3 | I11: 4 | J11: 5 | K11: 6 | L11: 7 | M11: 8 | N11: 9 | O11: 10 | P11: 11 | Q11: 13 | R11: 14 | S11: 16 | T11: 18 | U11: 19 | V11: 20 | W11: 21 | X11: 22 | Y11: 23
A12: ='試算-SLOT'!A12 -> SGD | B12: ='試算-SLOT'!B12 -> S$ | C12: ='試算-SLOT'!C12 -> 新加坡幣 | D12: =IF('試算-SLOT'!D12=1,"",'試算-SLOT'!D12) | E12: ='試算-SLOT'!G12 -> 0.002 | F12: 1 | G12: 2 | H12: 3 | I12: 4 | J12: 5 | K12: 6 | L12: 7 | M12: 8 | N12: 9 | O12: 10 | P12: 11 | Q12: 12 | R12: 13 | S12: 14 | T12: 15 | U12: 16 | V12: 17 | W12: 18 | X12: 19 | Y12: 20
A13: ='試算-SLOT'!A13 -> USD | B13: ='試算-SLOT'!B13 -> $ | C13: ='試算-SLOT'!C13 -> 美元 | D13: =IF('試算-SLOT'!D13=1,"",'試算-SLOT'!D13) | E13: ='試算-SLOT'!G13 -> 0.002 | F13: 1 | G13: 2 | H13: 3 | I13: 4 | J13: 5 | K13: 6 | L13: 7 | M13: 8 | N13: 9 | O13: 10 | P13: 11 | Q13: 12 | R13: 13 | S13: 14 | T13: 15 | U13: 16 | V13: 17 | W13: 18 | X13: 19 | Y13: 20
A14: ='試算-SLOT'!A14 -> BDT | B14: ='試算-SLOT'!B14 -> ৳ | C14: ='試算-SLOT'!C14 -> 孟加拉塔卡 | D14: =IF('試算-SLOT'!D14=1,"",'試算-SLOT'!D14) | E14: ='試算-SLOT'!G14 -> 0.002 | F14: 4 | G14: 6 | H14: 7 | I14: 9 | J14: 11 | K14: 13 | L14: 14 | M14: 16 | N14: 18 | O14: 19 | P14: 20 | Q14: 21 | R14: 22 | S14: 23 | T14: 24 | U14: 25 | V14: 26 | W14: 27 | X14: 28 | Y14: 29
A15: ='試算-SLOT'!A15 -> PKR | B15: ='試算-SLOT'!B15 -> ₨ | C15: ='試算-SLOT'!C15 -> 巴基斯坦盧比 | D15: =IF('試算-SLOT'!D15=1,"",'試算-SLOT'!D15) | E15: ='試算-SLOT'!G15 -> 0.01 | F15: 3 | G15: 4 | H15: 6 | I15: 7 | J15: 9 | K15: 11 | L15: 13 | M15: 14 | N15: 16 | O15: 18 | P15: 19 | Q15: 20 | R15: 21 | S15: 22 | T15: 23 | U15: 24 | V15: 25 | W15: 26 | X15: 27 | Y15: 28
A16: ='試算-SLOT'!A16 -> MMK | B16: ='試算-SLOT'!B16 -> K | C16: ='試算-SLOT'!C16 -> 緬甸元(K) | D16: =IF('試算-SLOT'!D16=1,"",'試算-SLOT'!D16) -> 1000 | E16: ='試算-SLOT'!G16 -> 0.002 | F16: 1 | G16: 2 | H16: 3 | I16: 4 | J16: 5 | K16: 6 | L16: 7 | M16: 8 | N16: 9 | O16: 10 | P16: 11 | Q16: 12 | R16: 13 | S16: 14 | T16: 15 | U16: 16 | V16: 18 | W16: 19 | X16: 20 | Y16: 21
A17: ='試算-SLOT'!A17 -> MMH | B17: ='試算-SLOT'!B17 -> K | C17: ='試算-SLOT'!C17 -> 緬甸元(H) | D17: =IF('試算-SLOT'!D17=1,"",'試算-SLOT'!D17) -> 100 | E17: ='試算-SLOT'!G17 -> 0.004 | F17: 1 | G17: 2 | H17: 3 | I17: 4 | J17: 5 | K17: 6 | L17: 7 | M17: 8 | N17: 9 | O17: 11 | P17: 13 | Q17: 14 | R17: 16 | S17: 18 | T17: 19 | U17: 20 | V17: 21 | W17: 22 | X17: 23 | Y17: 24
... A55: ='試算-SLOT'!A55 -> XSMY | B55: ='試算-SLOT'!B55 | C55: ='試算-SLOT'!C55 -> 星城馬來西亞 | D55: =IF('試算-SLOT'!D55=1,"",'試算-SLOT'!D55) | E55: ='試算-SLOT'!G55 -> 1 | F55: 1 | G55: 2 | H55: 3 | I55: 4 | J55: 5 | K55: 6 | L55: 7 | M55: 8 | N55: 9 | O55: 10 | P55: 11 | Q55: 13 | R55: 14 | S55: 16 | T55: 17 | U55: 18 | V55: 19 | W55: 20 | X55: 21 | Y55: 22
A58: =A5 -> 貨幣簡稱 | B58: =B5 -> 貨幣符號 | C58: =C5 -> 中文名稱 | D58: =D5 -> 貨幣轉換 | E58: =E5 -> Denom | F58: =F5 -> 第 1 組 | G58: =G5 -> 第 2 組 | H58: =H5 -> 第 3 組 | ... Y58: =Y5 -> 第 20 組 | AA58: 顯示金額
A59: =A6 -> THB | B59: =B6 -> ฿ | C59: =C6 -> 泰銖 | D59: =D6 | E59: =E6 -> 0.002 | F59: =HLOOKUP(F6,$F$1:$AI$2,2) * $D$1 * $E59 -> 1 | G59: =HLOOKUP(G6,$F$1:$AI$2,2) * $D$1 * $E59 -> 2 | H59: =HLOOKUP(H6,$F$1:$AI$2,2) * $D$1 * $E59 -> 3 | I59: =HLOOKUP(I6,$F$1:$AI$2,2) * $D$1 * $E59 -> 4 | J59: =HLOOKUP(J6,$F$1:$AI$2,2) * $D$1 * $E59 -> 5 | K59: =HLOOKUP(K6,$F$1:$AI$2,2) * $D$1 * $E59 -> 6 | L59: =HLOOKUP(L6,$F$1:$AI$2,2) * $D$1 * $E59 -> 8 | M59: =HLOOKUP(M6,$F$1:$AI$2,2) * $D$1 * $E59 -> 10 | ... Y59: =HLOOKUP(Y6,$F$1:$AI$2,2) * $D$1 * $E59 -> 1500
A60: =A7 -> HKD | B60: =B7 -> HK$ | C60: =C7 -> 港幣 | D60: =D7 | E60: =E7 -> 0.002 | F60: =HLOOKUP(F7,$F$1:$AI$2,2) * $D$1 * $E60 -> 0.2 | G60: =HLOOKUP(G7,$F$1:$AI$2,2) * $D$1 * $E60 -> 0.4 | H60: =HLOOKUP(H7,$F$1:$AI$2,2) * $D$1 * $E60 -> 1 | I60: =HLOOKUP(I7,$F$1:$AI$2,2) * $D$1 * $E60 -> 2 | J60: =HLOOKUP(J7,$F$1:$AI$2,2) * $D$1 * $E60 -> 2.4 | K60: =HLOOKUP(K7,$F$1:$AI$2,2) * $D$1 * $E60 -> 3 | L60: =HLOOKUP(L7,$F$1:$AI$2,2) * $D$1 * $E60 -> 4 | M60: =HLOOKUP(M7,$F$1:$AI$2,2) * $D$1 * $E60 -> 5 | ... Y60: =HLOOKUP(Y7,$F$1:$AI$2,2) * $D$1 * $E60 -> 300
A61: =A8 -> INR | B61: =B8 -> ₹ | C61: =C8 -> 印度盧比 | D61: =D8 | E61: =E8 -> 0.002 | F61: =HLOOKUP(F8,$F$1:$AI$2,2) * $D$1 * $E61 -> 2 | G61: =HLOOKUP(G8,$F$1:$AI$2,2) * $D$1 * $E61 -> 3 | H61: =HLOOKUP(H8,$F$1:$AI$2,2) * $D$1 * $E61 -> 4 | I61: =HLOOKUP(I8,$F$1:$AI$2,2) * $D$1 * $E61 -> 6 | J61: =HLOOKUP(J8,$F$1:$AI$2,2) * $D$1 * $E61 -> 8 | K61: =HLOOKUP(K8,$F$1:$AI$2,2) * $D$1 * $E61 -> 10 | L61: =HLOOKUP(L8,$F$1:$AI$2,2) * $D$1 * $E61 -> 12 | M61: =HLOOKUP(M8,$F$1:$AI$2,2) * $D$1 * $E61 -> 16 | ... Y61: =HLOOKUP(Y8,$F$1:$AI$2,2) * $D$1 * $E61 -> 3000
A62: =A9 -> IDR | B62: =B9 -> Rp | C62: =C9 -> 印尼盧比(K) | D62: =D9 -> 1000 | E62: =E9 -> 0.002 | F62: =HLOOKUP(F9,$F$1:$AI$2,2) * $D$1 * $E62 -> 0.4 | G62: =HLOOKUP(G9,$F$1:$AI$2,2) * $D$1 * $E62 -> 1 | H62: =HLOOKUP(H9,$F$1:$AI$2,2) * $D$1 * $E62 -> 2 | I62: =HLOOKUP(I9,$F$1:$AI$2,2) * $D$1 * $E62 -> 2.4 | J62: =HLOOKUP(J9,$F$1:$AI$2,2) * $D$1 * $E62 -> 3 | K62: =HLOOKUP(K9,$F$1:$AI$2,2) * $D$1 * $E62 -> 4 | L62: =HLOOKUP(L9,$F$1:$AI$2,2) * $D$1 * $E62 -> 5 | M62: =HLOOKUP(M9,$F$1:$AI$2,2) * $D$1 * $E62 -> 6 | ... Y62: =HLOOKUP(Y9,$F$1:$AI$2,2) * $D$1 * $E62 -> 600
A63: =A10 -> VND | B63: =B10 -> ₫ | C63: =C10 -> 越南盾(K) | D63: =D10 -> 1000 | E63: =E10 -> 0.002 | F63: =HLOOKUP(F10,$F$1:$AI$2,2) * $D$1 * $E63 -> 1 | G63: =HLOOKUP(G10,$F$1:$AI$2,2) * $D$1 * $E63 -> 2 | H63: =HLOOKUP(H10,$F$1:$AI$2,2) * $D$1 * $E63 -> 2.4 | I63: =HLOOKUP(I10,$F$1:$AI$2,2) * $D$1 * $E63 -> 3 | J63: =HLOOKUP(J10,$F$1:$AI$2,2) * $D$1 * $E63 -> 4 | K63: =HLOOKUP(K10,$F$1:$AI$2,2) * $D$1 * $E63 -> 5 | L63: =HLOOKUP(L10,$F$1:$AI$2,2) * $D$1 * $E63 -> 6 | M63: =HLOOKUP(M10,$F$1:$AI$2,2) * $D$1 * $E63 -> 8 | ... Y63: =HLOOKUP(Y10,$F$1:$AI$2,2) * $D$1 * $E63 -> 1000
A64: =A11 -> MYR | B64: =B11 -> RM | C64: =C11 -> 馬來西亞令吉 | D64: =D11 | E64: =E11 -> 0.002 | F64: =HLOOKUP(F11,$F$1:$AI$2,2) * $D$1 * $E64 -> 0.2 | G64: =HLOOKUP(G11,$F$1:$AI$2,2) * $D$1 * $E64 -> 0.4 | H64: =HLOOKUP(H11,$F$1:$AI$2,2) * $D$1 * $E64 -> 1 | I64: =HLOOKUP(I11,$F$1:$AI$2,2) * $D$1 * $E64 -> 2 | J64: =HLOOKUP(J11,$F$1:$AI$2,2) * $D$1 * $E64 -> 2.4 | K64: =HLOOKUP(K11,$F$1:$AI$2,2) * $D$1 * $E64 -> 3 | L64: =HLOOKUP(L11,$F$1:$AI$2,2) * $D$1 * $E64 -> 4 | M64: =HLOOKUP(M11,$F$1:$AI$2,2) * $D$1 * $E64 -> 5 | ... Y64: =HLOOKUP(Y11,$F$1:$AI$2,2) * $D$1 * $E64 -> 200
A65: =A12 -> SGD | B65: =B12 -> S$ | C65: =C12 -> 新加坡幣 | D65: =D12 | E65: =E12 -> 0.002 | F65: =HLOOKUP(F12,$F$1:$AI$2,2) * $D$1 * $E65 -> 0.2 | G65: =HLOOKUP(G12,$F$1:$AI$2,2) * $D$1 * $E65 -> 0.4 | H65: =HLOOKUP(H12,$F$1:$AI$2,2) * $D$1 * $E65 -> 1 | I65: =HLOOKUP(I12,$F$1:$AI$2,2) * $D$1 * $E65 -> 2 | J65: =HLOOKUP(J12,$F$1:$AI$2,2) * $D$1 * $E65 -> 2.4 | K65: =HLOOKUP(K12,$F$1:$AI$2,2) * $D$1 * $E65 -> 3 | L65: =HLOOKUP(L12,$F$1:$AI$2,2) * $D$1 * $E65 -> 4 | M65: =HLOOKUP(M12,$F$1:$AI$2,2) * $D$1 * $E65 -> 5 | ... Y65: =HLOOKUP(Y12,$F$1:$AI$2,2) * $D$1 * $E65 -> 40
A66: =A13 -> USD | B66: =B13 -> $ | C66: =C13 -> 美元 | D66: =D13 | E66: =E13 -> 0.002 | F66: =HLOOKUP(F13,$F$1:$AI$2,2) * $D$1 * $E66 -> 0.2 | G66: =HLOOKUP(G13,$F$1:$AI$2,2) * $D$1 * $E66 -> 0.4 | H66: =HLOOKUP(H13,$F$1:$AI$2,2) * $D$1 * $E66 -> 1 | I66: =HLOOKUP(I13,$F$1:$AI$2,2) * $D$1 * $E66 -> 2 | J66: =HLOOKUP(J13,$F$1:$AI$2,2) * $D$1 * $E66 -> 2.4 | K66: =HLOOKUP(K13,$F$1:$AI$2,2) * $D$1 * $E66 -> 3 | L66: =HLOOKUP(L13,$F$1:$AI$2,2) * $D$1 * $E66 -> 4 | M66: =HLOOKUP(M13,$F$1:$AI$2,2) * $D$1 * $E66 -> 5 | ... Y66: =HLOOKUP(Y13,$F$1:$AI$2,2) * $D$1 * $E66 -> 40
A67: =A14 -> BDT | B67: =B14 -> ৳ | C67: =C14 -> 孟加拉塔卡 | D67: =D14 | E67: =E14 -> 0.002 | F67: =HLOOKUP(F14,$F$1:$AI$2,2) * $D$1 * $E67 -> 2 | G67: =HLOOKUP(G14,$F$1:$AI$2,2) * $D$1 * $E67 -> 3 | H67: =HLOOKUP(H14,$F$1:$AI$2,2) * $D$1 * $E67 -> 4 | I67: =HLOOKUP(I14,$F$1:$AI$2,2) * $D$1 * $E67 -> 6 | J67: =HLOOKUP(J14,$F$1:$AI$2,2) * $D$1 * $E67 -> 8 | K67: =HLOOKUP(K14,$F$1:$AI$2,2) * $D$1 * $E67 -> 10 | L67: =HLOOKUP(L14,$F$1:$AI$2,2) * $D$1 * $E67 -> 12 | M67: =HLOOKUP(M14,$F$1:$AI$2,2) * $D$1 * $E67 -> 16 | ... Y67: =HLOOKUP(Y14,$F$1:$AI$2,2) * $D$1 * $E67 -> 3000
A68: =A15 -> PKR | B68: =B15 -> ₨ | C68: =C15 -> 巴基斯坦盧比 | D68: =D15 | E68: =E15 -> 0.01 | F68: =HLOOKUP(F15,$F$1:$AI$2,2) * $D$1 * $E68 -> 5 | G68: =HLOOKUP(G15,$F$1:$AI$2,2) * $D$1 * $E68 -> 10 | H68: =HLOOKUP(H15,$F$1:$AI$2,2) * $D$1 * $E68 -> 15 | I68: =HLOOKUP(I15,$F$1:$AI$2,2) * $D$1 * $E68 -> 20 | J68: =HLOOKUP(J15,$F$1:$AI$2,2) * $D$1 * $E68 -> 30 | K68: =HLOOKUP(K15,$F$1:$AI$2,2) * $D$1 * $E68 -> 40 | L68: =HLOOKUP(L15,$F$1:$AI$2,2) * $D$1 * $E68 -> 50 | M68: =HLOOKUP(M15,$F$1:$AI$2,2) * $D$1 * $E68 -> 60 | ... Y68: =HLOOKUP(Y15,$F$1:$AI$2,2) * $D$1 * $E68 -> 10000
A69: =A16 -> MMK | B69: =B16 -> K | C69: =C16 -> 緬甸元(K) | D69: =D16 -> 1000 | E69: =E16 -> 0.002 | F69: =HLOOKUP(F16,$F$1:$AI$2,2) * $D$1 * $E69 -> 0.2 | G69: =HLOOKUP(G16,$F$1:$AI$2,2) * $D$1 * $E69 -> 0.4 | H69: =HLOOKUP(H16,$F$1:$AI$2,2) * $D$1 * $E69 -> 1 | I69: =HLOOKUP(I16,$F$1:$AI$2,2) * $D$1 * $E69 -> 2 | J69: =HLOOKUP(J16,$F$1:$AI$2,2) * $D$1 * $E69 -> 2.4 | K69: =HLOOKUP(K16,$F$1:$AI$2,2) * $D$1 * $E69 -> 3 | L69: =HLOOKUP(L16,$F$1:$AI$2,2) * $D$1 * $E69 -> 4 | M69: =HLOOKUP(M16,$F$1:$AI$2,2) * $D$1 * $E69 -> 5 | ... Y69: =HLOOKUP(Y16,$F$1:$AI$2,2) * $D$1 * $E69 -> 60
A70: =A17 -> MMH | B70: =B17 -> K | C70: =C17 -> 緬甸元(H) | D70: =D17 -> 100 | E70: =E17 -> 0.004 | F70: =HLOOKUP(F17,$F$1:$AI$2,2) * $D$1 * $E70 -> 0.4 | G70: =HLOOKUP(G17,$F$1:$AI$2,2) * $D$1 * $E70 -> 0.8 | H70: =HLOOKUP(H17,$F$1:$AI$2,2) * $D$1 * $E70 -> 2 | I70: =HLOOKUP(I17,$F$1:$AI$2,2) * $D$1 * $E70 -> 4 | J70: =HLOOKUP(J17,$F$1:$AI$2,2) * $D$1 * $E70 -> 4.8 | K70: =HLOOKUP(K17,$F$1:$AI$2,2) * $D$1 * $E70 -> 6 | L70: =HLOOKUP(L17,$F$1:$AI$2,2) * $D$1 * $E70 -> 8 | M70: =HLOOKUP(M17,$F$1:$AI$2,2) * $D$1 * $E70 -> 10 | ... Y70: =HLOOKUP(Y17,$F$1:$AI$2,2) * $D$1 * $E70 -> 600
... A108: =A55 -> XSMY | B108: =B55 | C108: =C55 -> 星城馬來西亞 | D108: =D55 | E108: =E55 -> 1 | F108: =HLOOKUP(F55,$F$1:$AI$2,2) * $D$1 * $E108 -> 100 | G108: =HLOOKUP(G55,$F$1:$AI$2,2) * $D$1 * $E108 -> 200 | H108: =HLOOKUP(H55,$F$1:$AI$2,2) * $D$1 * $E108 -> 500 | I108: =HLOOKUP(I55,$F$1:$AI$2,2) * $D$1 * $E108 -> 1000 | J108: =HLOOKUP(J55,$F$1:$AI$2,2) * $D$1 * $E108 -> 1200 | K108: =HLOOKUP(K55,$F$1:$AI$2,2) * $D$1 * $E108 -> 1500 | L108: =HLOOKUP(L55,$F$1:$AI$2,2) * $D$1 * $E108 -> 2000 | M108: =HLOOKUP(M55,$F$1:$AI$2,2) * $D$1 * $E108 -> 2500 | ... Y108: =HLOOKUP(Y55,$F$1:$AI$2,2) * $D$1 * $E108 -> 50000

Sheet 150
C1: 最小押分 | D1: 150 | E1: 倍數 設定 | F1: 1 | G1: 2 | H1: 3 | I1: 4 | J1: 5 | K1: 6 | L1: 7 | M1: 8 | N1: 9 | O1: 10 | P1: 11 | Q1: 12 | R1: 13 | S1: 14 | T1: 15 | U1: 16 | V1: 17 | W1: 18 | X1: 19 | Y1: 20 | Z1: 21 | AA1: 22 | AB1: 23 | AC1: 24 | AD1: 25 | AE1: 26 | AF1: 27 | AG1: 28 | AH1: 29 | AI1: 30
F2: ='100'!F2 -> 1 | G2: ='100'!G2 -> 2 | H2: ='100'!H2 -> 5 | I2: ='100'!I2 -> 10 | J2: ='100'!J2 -> 12 | K2: ='100'!K2 -> 15 | L2: ='100'!L2 -> 20 | M2: ='100'!M2 -> 25 | ... AI2: ='100'!AI2 -> 25000
A5: 貨幣簡稱 | B5: 貨幣符號 | C5: 中文名稱 | D5: 貨幣轉換 | E5: Denom | F5: 第 1 組 | G5: 第 2 組 | H5: 第 3 組 | I5: 第 4 組 | J5: 第 5 組 | K5: 第 6 組 | L5: 第 7 組 | M5: 第 8 組 | N5: 第 9 組 | O5: 第 10 組 | P5: 第 11 組 | Q5: 第 12 組 | R5: 第 13 組 | S5: 第 14 組 | T5: 第 15 組 | U5: 第 16 組 | V5: 第 17 組 | W5: 第 18 組 | X5: 第 19 組 | Y5: 第 20 組 | AA5: 顯示倍數組別
A6: ='試算-SLOT'!A6 -> THB | B6: ='試算-SLOT'!B6 -> ฿ | C6: ='試算-SLOT'!C6 -> 泰銖 | D6: =IF('試算-SLOT'!D6=1,"",'試算-SLOT'!D6) | E6: ='100'!E6 -> 0.002 | F6: 3 | G6: 4 | H6: 6 | I6: 7 | J6: 8 | K6: 9 | L6: 11 | M6: 13 | N6: 14 | O6: 16 | P6: 18 | Q6: 19 | R6: 20 | S6: 21 | T6: 22 | U6: 23 | V6: 24 | W6: 25 | X6: 26 | Y6: 27
A7: ='試算-SLOT'!A7 -> HKD | B7: ='試算-SLOT'!B7 -> HK$ | C7: ='試算-SLOT'!C7 -> 港幣 | D7: =IF('試算-SLOT'!D7=1,"",'試算-SLOT'!D7) | E7: ='100'!E7 -> 0.002 | F7: 1 | G7: 2 | H7: 3 | I7: 4 | J7: 5 | K7: 6 | L7: 7 | M7: 8 | N7: 9 | O7: 11 | P7: 13 | Q7: 14 | R7: 16 | S7: 18 | T7: 19 | U7: 20 | V7: 21 | W7: 22 | X7: 23 | Y7: 24
A8: ='試算-SLOT'!A8 -> INR | B8: ='試算-SLOT'!B8 -> ₹ | C8: ='試算-SLOT'!C8 -> 印度盧比 | D8: =IF('試算-SLOT'!D8=1,"",'試算-SLOT'!D8) | E8: ='100'!E8 -> 0.002 | F8: 4 | G8: 6 | H8: 7 | I8: 9 | J8: 11 | K8: 13 | L8: 14 | M8: 16 | N8: 18 | O8: 19 | P8: 20 | Q8: 21 | R8: 22 | S8: 23 | T8: 24 | U8: 25 | V8: 26 | W8: 27 | X8: 28 | Y8: 29
A9: ='試算-SLOT'!A9 -> IDR | B9: ='試算-SLOT'!B9 -> Rp | C9: ='試算-SLOT'!C9 -> 印尼盧比(K) | D9: =IF('試算-SLOT'!D9=1,"",'試算-SLOT'!D9) -> 1000 | E9: ='100'!E9 -> 0.002 | F9: 2 | G9: 3 | H9: 4 | I9: 5 | J9: 6 | K9: 7 | L9: 8 | M9: 9 | N9: 11 | O9: 13 | P9: 14 | Q9: 16 | R9: 18 | S9: 19 | T9: 20 | U9: 21 | V9: 22 | W9: 23 | X9: 24 | Y9: 25
A10: ='試算-SLOT'!A10 -> VND | B10: ='試算-SLOT'!B10 -> ₫ | C10: ='試算-SLOT'!C10 -> 越南盾(K) | D10: =IF('試算-SLOT'!D10=1,"",'試算-SLOT'!D10) -> 1000 | E10: ='100'!E10 -> 0.002 | F10: 3 | G10: 4 | H10: 5 | I10: 6 | J10: 7 | K10: 8 | L10: 9 | M10: 11 | N10: 13 | O10: 14 | P10: 16 | Q10: 18 | R10: 19 | S10: 20 | T10: 21 | U10: 22 | V10: 23 | W10: 24 | X10: 25 | Y10: 26
A11: ='試算-SLOT'!A11 -> MYR | B11: ='試算-SLOT'!B11 -> RM | C11: ='試算-SLOT'!C11 -> 馬來西亞令吉 | D11: =IF('試算-SLOT'!D11=1,"",'試算-SLOT'!D11) | E11: ='100'!E11 -> 0.002 | F11: 1 | G11: 2 | H11: 3 | I11: 4 | J11: 5 | K11: 6 | L11: 7 | M11: 8 | N11: 9 | O11: 10 | P11: 11 | Q11: 13 | R11: 14 | S11: 16 | T11: 18 | U11: 19 | V11: 20 | W11: 21 | X11: 22 | Y11: 23
A12: ='試算-SLOT'!A12 -> SGD | B12: ='試算-SLOT'!B12 -> S$ | C12: ='試算-SLOT'!C12 -> 新加坡幣 | D12: =IF('試算-SLOT'!D12=1,"",'試算-SLOT'!D12) | E12: ='100'!E12 -> 0.002 | F12: 1 | G12: 2 | H12: 3 | I12: 4 | J12: 5 | K12: 6 | L12: 7 | M12: 8 | N12: 9 | O12: 10 | P12: 11 | Q12: 12 | R12: 13 | S12: 14 | T12: 15 | U12: 16 | V12: 17 | W12: 18 | X12: 19 | Y12: 20
A13: ='試算-SLOT'!A13 -> USD | B13: ='試算-SLOT'!B13 -> $ | C13: ='試算-SLOT'!C13 -> 美元 | D13: =IF('試算-SLOT'!D13=1,"",'試算-SLOT'!D13) | E13: ='100'!E13 -> 0.002 | F13: 1 | G13: 2 | H13: 3 | I13: 4 | J13: 5 | K13: 6 | L13: 7 | M13: 8 | N13: 9 | O13: 10 | P13: 11 | Q13: 12 | R13: 13 | S13: 14 | T13: 15 | U13: 16 | V13: 17 | W13: 18 | X13: 19 | Y13: 20
A14: ='試算-SLOT'!A14 -> BDT | B14: ='試算-SLOT'!B14 -> ৳ | C14: ='試算-SLOT'!C14 -> 孟加拉塔卡 | D14: =IF('試算-SLOT'!D14=1,"",'試算-SLOT'!D14) | E14: ='100'!E14 -> 0.002 | F14: 4 | G14: 6 | H14: 7 | I14: 9 | J14: 11 | K14: 13 | L14: 14 | M14: 16 | N14: 18 | O14: 19 | P14: 20 | Q14: 21 | R14: 22 | S14: 23 | T14: 24 | U14: 25 | V14: 26 | W14: 27 | X14: 28 | Y14: 29
A15: ='試算-SLOT'!A15 -> PKR | B15: ='試算-SLOT'!B15 -> ₨ | C15: ='試算-SLOT'!C15 -> 巴基斯坦盧比 | D15: =IF('試算-SLOT'!D15=1,"",'試算-SLOT'!D15) | E15: ='100'!E15 -> 0.01 | F15: 3 | G15: 4 | H15: 6 | I15: 7 | J15: 9 | K15: 11 | L15: 13 | M15: 14 | N15: 16 | O15: 18 | P15: 19 | Q15: 20 | R15: 21 | S15: 22 | T15: 23 | U15: 24 | V15: 25 | W15: 26 | X15: 27 | Y15: 28
A16: ='試算-SLOT'!A16 -> MMK | B16: ='試算-SLOT'!B16 -> K | C16: ='試算-SLOT'!C16 -> 緬甸元(K) | D16: =IF('試算-SLOT'!D16=1,"",'試算-SLOT'!D16) -> 1000 | E16: ='100'!E16 -> 0.002 | F16: 1 | G16: 2 | H16: 3 | I16: 4 | J16: 5 | K16: 6 | L16: 7 | M16: 8 | N16: 9 | O16: 10 | P16: 11 | Q16: 12 | R16: 13 | S16: 14 | T16: 15 | U16: 16 | V16: 18 | W16: 19 | X16: 20 | Y16: 21
A17: ='試算-SLOT'!A17 -> MMH | B17: ='試算-SLOT'!B17 -> K | C17: ='試算-SLOT'!C17 -> 緬甸元(H) | D17: =IF('試算-SLOT'!D17=1,"",'試算-SLOT'!D17) -> 100 | E17: ='100'!E17 -> 0.004 | F17: 1 | G17: 2 | H17: 3 | I17: 4 | J17: 5 | K17: 6 | L17: 7 | M17: 8 | N17: 9 | O17: 11 | P17: 13 | Q17: 14 | R17: 16 | S17: 18 | T17: 19 | U17: 20 | V17: 21 | W17: 22 | X17: 23 | Y17: 24
... A48: ='試算-SLOT'!A48 -> XSD | B48: ='試算-SLOT'!B48 | C48: ='試算-SLOT'!C48 -> 星幣 | D48: =IF('試算-SLOT'!D48=1,"",'試算-SLOT'!D48) | E48: ='100'!E48 -> 1 | F48: 1 | G48: 2 | H48: 3 | I48: 4 | J48: 5 | K48: 6 | L48: 7 | M48: 8 | N48: 9 | O48: 10 | P48: 11 | Q48: 13 | R48: 14 | S48: 16 | T48: 17 | U48: 18 | V48: 19 | W48: 20 | X48: 21 | Y48: 22
A49: ='試算-SLOT'!A49 -> DZD | B49: ='試算-SLOT'!B49 -> دج | C49: ='試算-SLOT'!C49 -> 阿爾及利亞第納爾 | D49: =IF('試算-SLOT'!D49=1,"",'試算-SLOT'!D49) | E49: ='試算-SLOT'!G49 -> 0.002 | F49: 7 | G49: 9 | H49: 11 | I49: 14 | J49: 15 | K49: 16 | L49: 17 | M49: 18 | N49: 19 | O49: 20 | P49: 21 | Q49: 22 | R49: 23 | S49: 24 | T49: 25 | U49: 26 | V49: 27 | W49: 28 | X49: 29 | Y49: 30
A50: ='試算-SLOT'!A50 -> MAD | B50: ='試算-SLOT'!B50 -> DH | C50: ='試算-SLOT'!C50 -> 摩洛哥迪拉姆 | D50: =IF('試算-SLOT'!D50=1,"",'試算-SLOT'!D50) | E50: ='試算-SLOT'!G50 -> 0.002 | F50: 1 | G50: 2 | H50: 3 | I50: 4 | J50: 5 | K50: 6 | L50: 7 | M50: 8 | N50: 9 | O50: 11 | P50: 13 | Q50: 14 | R50: 16 | S50: 18 | T50: 19 | U50: 20 | V50: 21 | W50: 22 | X50: 23 | Y50: 24
A51: ='試算-SLOT'!A51 -> FRF | B51: ='試算-SLOT'!B51 -> ₣ | C51: ='試算-SLOT'!C51 -> 法國法郎 | D51: =IF('試算-SLOT'!D51=1,"",'試算-SLOT'!D51) | E51: ='試算-SLOT'!G51 -> 0.002 | F51: 1 | G51: 2 | H51: 3 | I51: 4 | J51: 5 | K51: 6 | L51: 7 | M51: 8 | N51: 9 | O51: 11 | P51: 13 | Q51: 14 | R51: 16 | S51: 18 | T51: 19 | U51: 20 | V51: 21 | W51: 22 | X51: 23 | Y51: 24
A52: ='試算-SLOT'!A52 -> GHS | B52: ='試算-SLOT'!B52 -> Gp | C52: ='試算-SLOT'!C52 -> 迦納塞地 | D52: =IF('試算-SLOT'!D52=1,"",'試算-SLOT'!D52) | E52: ='試算-SLOT'!G52 -> 0.002 | F52: 2 | G52: 3 | H52: 4 | I52: 5 | J52: 6 | K52: 7 | L52: 8 | M52: 9 | N52: 11 | O52: 13 | P52: 14 | Q52: 16 | R52: 18 | S52: 19 | T52: 20 | U52: 21 | V52: 22 | W52: 23 | X52: 24 | Y52: 25
A53: ='試算-SLOT'!A53 -> RCC | B53: ='試算-SLOT'!B53 | C53: ='試算-SLOT'!C53 -> RCC幣 | D53: =IF('試算-SLOT'!D53=1,"",'試算-SLOT'!D53) | E53: ='100'!E53 -> 0.002 | F53: 1 | G53: 2 | H53: 3 | I53: 4 | J53: 5 | K53: 6 | L53: 7 | M53: 8 | N53: 9 | O53: 10 | P53: 11 | Q53: 12 | R53: 13 | S53: 14 | T53: 15 | U53: 16 | V53: 17 | W53: 18 | X53: 19 | Y53: 20
A54: ='試算-SLOT'!A54 -> KBB | B54: ='試算-SLOT'!B54 | C54: ='試算-SLOT'!C54 -> 爸幣 | D54: =IF('試算-SLOT'!D54=1,"",'試算-SLOT'!D54) | E54: ='100'!E54 -> 0.01 | F54: 3 | G54: 4 | H54: 6 | I54: 7 | J54: 8 | K54: 9 | L54: 11 | M54: 13 | N54: 14 | O54: 16 | P54: 18 | Q54: 19 | R54: 20 | S54: 21 | T54: 22 | U54: 23 | V54: 24 | W54: 25 | X54: 26 | Y54: 27
A55: ='試算-SLOT'!A55 -> XSMY | B55: ='試算-SLOT'!B55 | C55: ='試算-SLOT'!C55 -> 星城馬來西亞 | D55: =IF('試算-SLOT'!D55=1,"",'試算-SLOT'!D55) | E55: ='100'!E55 -> 1 | F55: 1 | G55: 2 | H55: 3 | I55: 4 | J55: 5 | K55: 6 | L55: 7 | M55: 8 | N55: 9 | O55: 10 | P55: 11 | Q55: 13 | R55: 14 | S55: 16 | T55: 17 | U55: 18 | V55: 19 | W55: 20 | X55: 21 | Y55: 22
A58: =A5 -> 貨幣簡稱 | B58: =B5 -> 貨幣符號 | C58: =C5 -> 中文名稱 | D58: =D5 -> 貨幣轉換 | E58: =E5 -> Denom | F58: =F5 -> 第 1 組 | G58: =G5 -> 第 2 組 | H58: =H5 -> 第 3 組 | ... Y58: =Y5 -> 第 20 組 | AA58: 顯示金額
A59: =A6 -> THB | B59: =B6 -> ฿ | C59: =C6 -> 泰銖 | D59: =D6 | E59: =E6 -> 0.002 | F59: =HLOOKUP(F6,$F$1:$AI$2,2) * $D$1 * $E59 -> 1.5 | G59: =HLOOKUP(G6,$F$1:$AI$2,2) * $D$1 * $E59 -> 3 | H59: =HLOOKUP(H6,$F$1:$AI$2,2) * $D$1 * $E59 -> 4.5 | I59: =HLOOKUP(I6,$F$1:$AI$2,2) * $D$1 * $E59 -> 6 | J59: =HLOOKUP(J6,$F$1:$AI$2,2) * $D$1 * $E59 -> 7.5 | K59: =HLOOKUP(K6,$F$1:$AI$2,2) * $D$1 * $E59 -> 9 | L59: =HLOOKUP(L6,$F$1:$AI$2,2) * $D$1 * $E59 -> 12 | M59: =HLOOKUP(M6,$F$1:$AI$2,2) * $D$1 * $E59 -> 15 | ... Y59: =HLOOKUP(Y6,$F$1:$AI$2,2) * $D$1 * $E59 -> 2250
A60: =A7 -> HKD | B60: =B7 -> HK$ | C60: =C7 -> 港幣 | D60: =D7 | E60: =E7 -> 0.002 | F60: =HLOOKUP(F7,$F$1:$AI$2,2) * $D$1 * $E60 -> 0.3 | G60: =HLOOKUP(G7,$F$1:$AI$2,2) * $D$1 * $E60 -> 0.6 | H60: =HLOOKUP(H7,$F$1:$AI$2,2) * $D$1 * $E60 -> 1.5 | I60: =HLOOKUP(I7,$F$1:$AI$2,2) * $D$1 * $E60 -> 3 | J60: =HLOOKUP(J7,$F$1:$AI$2,2) * $D$1 * $E60 -> 3.6 | K60: =HLOOKUP(K7,$F$1:$AI$2,2) * $D$1 * $E60 -> 4.5 | L60: =HLOOKUP(L7,$F$1:$AI$2,2) * $D$1 * $E60 -> 6 | M60: =HLOOKUP(M7,$F$1:$AI$2,2) * $D$1 * $E60 -> 7.5 | ... Y60: =HLOOKUP(Y7,$F$1:$AI$2,2) * $D$1 * $E60 -> 450
A61: =A8 -> INR | B61: =B8 -> ₹ | C61: =C8 -> 印度盧比 | D61: =D8 | E61: =E8 -> 0.002 | F61: =HLOOKUP(F8,$F$1:$AI$2,2) * $D$1 * $E61 -> 3 | G61: =HLOOKUP(G8,$F$1:$AI$2,2) * $D$1 * $E61 -> 4.5 | H61: =HLOOKUP(H8,$F$1:$AI$2,2) * $D$1 * $E61 -> 6 | I61: =HLOOKUP(I8,$F$1:$AI$2,2) * $D$1 * $E61 -> 9 | J61: =HLOOKUP(J8,$F$1:$AI$2,2) * $D$1 * $E61 -> 12 | K61: =HLOOKUP(K8,$F$1:$AI$2,2) * $D$1 * $E61 -> 15 | L61: =HLOOKUP(L8,$F$1:$AI$2,2) * $D$1 * $E61 -> 18 | M61: =HLOOKUP(M8,$F$1:$AI$2,2) * $D$1 * $E61 -> 24 | ... Y61: =HLOOKUP(Y8,$F$1:$AI$2,2) * $D$1 * $E61 -> 4500
A62: =A9 -> IDR | B62: =B9 -> Rp | C62: =C9 -> 印尼盧比(K) | D62: =D9 -> 1000 | E62: =E9 -> 0.002 | F62: =HLOOKUP(F9,$F$1:$AI$2,2) * $D$1 * $E62 -> 0.6 | G62: =HLOOKUP(G9,$F$1:$AI$2,2) * $D$1 * $E62 -> 1.5 | H62: =HLOOKUP(H9,$F$1:$AI$2,2) * $D$1 * $E62 -> 3 | I62: =HLOOKUP(I9,$F$1:$AI$2,2) * $D$1 * $E62 -> 3.6 | J62: =HLOOKUP(J9,$F$1:$AI$2,2) * $D$1 * $E62 -> 4.5 | K62: =HLOOKUP(K9,$F$1:$AI$2,2) * $D$1 * $E62 -> 6 | L62: =HLOOKUP(L9,$F$1:$AI$2,2) * $D$1 * $E62 -> 7.5 | M62: =HLOOKUP(M9,$F$1:$AI$2,2) * $D$1 * $E62 -> 9 | ... Y62: =HLOOKUP(Y9,$F$1:$AI$2,2) * $D$1 * $E62 -> 900
A63: =A10 -> VND | B63: =B10 -> ₫ | C63: =C10 -> 越南盾(K) | D63: =D10 -> 1000 | E63: =E10 -> 0.002 | F63: =HLOOKUP(F10,$F$1:$AI$2,2) * $D$1 * $E63 -> 1.5 | G63: =HLOOKUP(G10,$F$1:$AI$2,2) * $D$1 * $E63 -> 3 | H63: =HLOOKUP(H10,$F$1:$AI$2,2) * $D$1 * $E63 -> 3.6 | I63: =HLOOKUP(I10,$F$1:$AI$2,2) * $D$1 * $E63 -> 4.5 | J63: =HLOOKUP(J10,$F$1:$AI$2,2) * $D$1 * $E63 -> 6 | K63: =HLOOKUP(K10,$F$1:$AI$2,2) * $D$1 * $E63 -> 7.5 | L63: =HLOOKUP(L10,$F$1:$AI$2,2) * $D$1 * $E63 -> 9 | M63: =HLOOKUP(M10,$F$1:$AI$2,2) * $D$1 * $E63 -> 12 | ... Y63: =HLOOKUP(Y10,$F$1:$AI$2,2) * $D$1 * $E63 -> 1500
A64: =A11 -> MYR | B64: =B11 -> RM | C64: =C11 -> 馬來西亞令吉 | D64: =D11 | E64: =E11 -> 0.002 | F64: =HLOOKUP(F11,$F$1:$AI$2,2) * $D$1 * $E64 -> 0.3 | G64: =HLOOKUP(G11,$F$1:$AI$2,2) * $D$1 * $E64 -> 0.6 | H64: =HLOOKUP(H11,$F$1:$AI$2,2) * $D$1 * $E64 -> 1.5 | I64: =HLOOKUP(I11,$F$1:$AI$2,2) * $D$1 * $E64 -> 3 | J64: =HLOOKUP(J11,$F$1:$AI$2,2) * $D$1 * $E64 -> 3.6 | K64: =HLOOKUP(K11,$F$1:$AI$2,2) * $D$1 * $E64 -> 4.5 | L64: =HLOOKUP(L11,$F$1:$AI$2,2) * $D$1 * $E64 -> 6 | M64: =HLOOKUP(M11,$F$1:$AI$2,2) * $D$1 * $E64 -> 7.5 | ... Y64: =HLOOKUP(Y11,$F$1:$AI$2,2) * $D$1 * $E64 -> 300
A65: =A12 -> SGD | B65: =B12 -> S$ | C65: =C12 -> 新加坡幣 | D65: =D12 | E65: =E12 -> 0.002 | F65: =HLOOKUP(F12,$F$1:$AI$2,2) * $D$1 * $E65 -> 0.3 | G65: =HLOOKUP(G12,$F$1:$AI$2,2) * $D$1 * $E65 -> 0.6 | H65: =HLOOKUP(H12,$F$1:$AI$2,2) * $D$1 * $E65 -> 1.5 | I65: =HLOOKUP(I12,$F$1:$AI$2,2) * $D$1 * $E65 -> 3 | J65: =HLOOKUP(J12,$F$1:$AI$2,2) * $D$1 * $E65 -> 3.6 | K65: =HLOOKUP(K12,$F$1:$AI$2,2) * $D$1 * $E65 -> 4.5 | L65: =HLOOKUP(L12,$F$1:$AI$2,2) * $D$1 * $E65 -> 6 | M65: =HLOOKUP(M12,$F$1:$AI$2,2) * $D$1 * $E65 -> 7.5 | ... Y65: =HLOOKUP(Y12,$F$1:$AI$2,2) * $D$1 * $E65 -> 60
A66: =A13 -> USD | B66: =B13 -> $ | C66: =C13 -> 美元 | D66: =D13 | E66: =E13 -> 0.002 | F66: =HLOOKUP(F13,$F$1:$AI$2,2) * $D$1 * $E66 -> 0.3 | G66: =HLOOKUP(G13,$F$1:$AI$2,2) * $D$1 * $E66 -> 0.6 | H66: =HLOOKUP(H13,$F$1:$AI$2,2) * $D$1 * $E66 -> 1.5 | I66: =HLOOKUP(I13,$F$1:$AI$2,2) * $D$1 * $E66 -> 3 | J66: =HLOOKUP(J13,$F$1:$AI$2,2) * $D$1 * $E66 -> 3.6 | K66: =HLOOKUP(K13,$F$1:$AI$2,2) * $D$1 * $E66 -> 4.5 | L66: =HLOOKUP(L13,$F$1:$AI$2,2) * $D$1 * $E66 -> 6 | M66: =HLOOKUP(M13,$F$1:$AI$2,2) * $D$1 * $E66 -> 7.5 | ... Y66: =HLOOKUP(Y13,$F$1:$AI$2,2) * $D$1 * $E66 -> 60
A67: =A14 -> BDT | B67: =B14 -> ৳ | C67: =C14 -> 孟加拉塔卡 | D67: =D14 | E67: =E14 -> 0.002 | F67: =HLOOKUP(F14,$F$1:$AI$2,2) * $D$1 * $E67 -> 3 | G67: =HLOOKUP(G14,$F$1:$AI$2,2) * $D$1 * $E67 -> 4.5 | H67: =HLOOKUP(H14,$F$1:$AI$2,2) * $D$1 * $E67 -> 6 | I67: =HLOOKUP(I14,$F$1:$AI$2,2) * $D$1 * $E67 -> 9 | J67: =HLOOKUP(J14,$F$1:$AI$2,2) * $D$1 * $E67 -> 12 | K67: =HLOOKUP(K14,$F$1:$AI$2,2) * $D$1 * $E67 -> 15 | L67: =HLOOKUP(L14,$F$1:$AI$2,2) * $D$1 * $E67 -> 18 | M67: =HLOOKUP(M14,$F$1:$AI$2,2) * $D$1 * $E67 -> 24 | ... Y67: =HLOOKUP(Y14,$F$1:$AI$2,2) * $D$1 * $E67 -> 4500
A68: =A15 -> PKR | B68: =B15 -> ₨ | C68: =C15 -> 巴基斯坦盧比 | D68: =D15 | E68: =E15 -> 0.01 | F68: =HLOOKUP(F15,$F$1:$AI$2,2) * $D$1 * $E68 -> 7.5 | G68: =HLOOKUP(G15,$F$1:$AI$2,2) * $D$1 * $E68 -> 15 | H68: =HLOOKUP(H15,$F$1:$AI$2,2) * $D$1 * $E68 -> 22.5 | I68: =HLOOKUP(I15,$F$1:$AI$2,2) * $D$1 * $E68 -> 30 | J68: =HLOOKUP(J15,$F$1:$AI$2,2) * $D$1 * $E68 -> 45 | K68: =HLOOKUP(K15,$F$1:$AI$2,2) * $D$1 * $E68 -> 60 | L68: =HLOOKUP(L15,$F$1:$AI$2,2) * $D$1 * $E68 -> 75 | M68: =HLOOKUP(M15,$F$1:$AI$2,2) * $D$1 * $E68 -> 90 | ... Y68: =HLOOKUP(Y15,$F$1:$AI$2,2) * $D$1 * $E68 -> 15000
A69: =A16 -> MMK | B69: =B16 -> K | C69: =C16 -> 緬甸元(K) | D69: =D16 -> 1000 | E69: =E16 -> 0.002 | F69: =HLOOKUP(F16,$F$1:$AI$2,2) * $D$1 * $E69 -> 0.3 | G69: =HLOOKUP(G16,$F$1:$AI$2,2) * $D$1 * $E69 -> 0.6 | H69: =HLOOKUP(H16,$F$1:$AI$2,2) * $D$1 * $E69 -> 1.5 | I69: =HLOOKUP(I16,$F$1:$AI$2,2) * $D$1 * $E69 -> 3 | J69: =HLOOKUP(J16,$F$1:$AI$2,2) * $D$1 * $E69 -> 3.6 | K69: =HLOOKUP(K16,$F$1:$AI$2,2) * $D$1 * $E69 -> 4.5 | L69: =HLOOKUP(L16,$F$1:$AI$2,2) * $D$1 * $E69 -> 6 | M69: =HLOOKUP(M16,$F$1:$AI$2,2) * $D$1 * $E69 -> 7.5 | ... Y69: =HLOOKUP(Y16,$F$1:$AI$2,2) * $D$1 * $E69 -> 90
A70: =A17 -> MMH | B70: =B17 -> K | C70: =C17 -> 緬甸元(H) | D70: =D17 -> 100 | E70: =E17 -> 0.004 | F70: =HLOOKUP(F17,$F$1:$AI$2,2) * $D$1 * $E70 -> 0.6 | G70: =HLOOKUP(G17,$F$1:$AI$2,2) * $D$1 * $E70 -> 1.2 | H70: =HLOOKUP(H17,$F$1:$AI$2,2) * $D$1 * $E70 -> 3 | I70: =HLOOKUP(I17,$F$1:$AI$2,2) * $D$1 * $E70 -> 6 | J70: =HLOOKUP(J17,$F$1:$AI$2,2) * $D$1 * $E70 -> 7.2 | K70: =HLOOKUP(K17,$F$1:$AI$2,2) * $D$1 * $E70 -> 9 | L70: =HLOOKUP(L17,$F$1:$AI$2,2) * $D$1 * $E70 -> 12 | M70: =HLOOKUP(M17,$F$1:$AI$2,2) * $D$1 * $E70 -> 15 | ... Y70: =HLOOKUP(Y17,$F$1:$AI$2,2) * $D$1 * $E70 -> 900
... A108: =A55 -> XSMY | B108: =B55 | C108: =C55 -> 星城馬來西亞 | D108: =D55 | E108: =E55 -> 1 | F108: =HLOOKUP(F55,$F$1:$AI$2,2) * $D$1 * $E108 -> 150 | G108: =HLOOKUP(G55,$F$1:$AI$2,2) * $D$1 * $E108 -> 300 | H108: =HLOOKUP(H55,$F$1:$AI$2,2) * $D$1 * $E108 -> 750 | I108: =HLOOKUP(I55,$F$1:$AI$2,2) * $D$1 * $E108 -> 1500 | J108: =HLOOKUP(J55,$F$1:$AI$2,2) * $D$1 * $E108 -> 1800 | K108: =HLOOKUP(K55,$F$1:$AI$2,2) * $D$1 * $E108 -> 2250 | L108: =HLOOKUP(L55,$F$1:$AI$2,2) * $D$1 * $E108 -> 3000 | M108: =HLOOKUP(M55,$F$1:$AI$2,2) * $D$1 * $E108 -> 3750 | ... Y108: =HLOOKUP(Y55,$F$1:$AI$2,2) * $D$1 * $E108 -> 75000

Sheet 88
C1: 最小押分 | D1: 88 | E1: 倍數 設定 | F1: 1 | G1: 2 | H1: 3 | I1: 4 | J1: 5 | K1: 6 | L1: 7 | M1: 8 | N1: 9 | O1: 10 | P1: 11 | Q1: 12 | R1: 13 | S1: 14 | T1: 15 | U1: 16 | V1: 17 | W1: 18 | X1: 19 | Y1: 20 | Z1: 21 | AA1: 22 | AB1: 23 | AC1: 24 | AD1: 25 | AE1: 26 | AF1: 27 | AG1: 28 | AH1: 29 | AI1: 30
F2: 1 | G2: 2 | H2: 5 | I2: 10 | J2: 15 | K2: 20 | L2: 30 | M2: 40 | N2: 50 | O2: 60 | P2: 100 | Q2: 120 | R2: 150 | S2: 200 | T2: 250 | U2: 300 | V2: 350 | W2: 400 | X2: 450 | Y2: 500 | Z2: 600 | AA2: 750 | AB2: 1000 | AC2: 1500 | AD2: 1750 | AE2: 2000 | AF2: 3000 | AG2: 4000 | AH2: 5000 | AI2: 6000
AB4: 除了PHP以外的都尚未評估
A5: 貨幣簡稱 | B5: 貨幣符號 | C5: 中文名稱 | D5: 貨幣轉換 | E5: Denom | F5: 第 1 組 | G5: 第 2 組 | H5: 第 3 組 | I5: 第 4 組 | J5: 第 5 組 | K5: 第 6 組 | L5: 第 7 組 | M5: 第 8 組 | N5: 第 9 組 | O5: 第 10 組 | P5: 第 11 組 | Q5: 第 12 組 | R5: 第 13 組 | S5: 第 14 組 | T5: 第 15 組 | U5: 第 16 組 | V5: 第 17 組 | W5: 第 18 組 | X5: 第 19 組 | Y5: 第 20 組 | AA5: 顯示倍數組別
A6: ='試算-SLOT'!A6 -> THB | B6: ='試算-SLOT'!B6 -> ฿ | C6: ='試算-SLOT'!C6 -> 泰銖 | D6: =IF('試算-SLOT'!D6=1,"",'試算-SLOT'!D6) | E6: ='試算-SLOT'!Q6 -> 0.002 | F6: 3 | G6: 4 | H6: 6 | I6: 7 | J6: 8 | K6: 9 | L6: 11 | M6: 13 | N6: 14 | O6: 16 | P6: 18 | Q6: 19 | R6: 20 | S6: 21 | T6: 22 | U6: 23 | V6: 24 | W6: 25 | X6: 26 | Y6: 27
A7: ='試算-SLOT'!A7 -> HKD | B7: ='試算-SLOT'!B7 -> HK$ | C7: ='試算-SLOT'!C7 -> 港幣 | D7: =IF('試算-SLOT'!D7=1,"",'試算-SLOT'!D7) | E7: ='試算-SLOT'!Q7 -> 0.002 | F7: 1 | G7: 2 | H7: 3 | I7: 4 | J7: 5 | K7: 6 | L7: 7 | M7: 8 | N7: 9 | O7: 11 | P7: 13 | Q7: 14 | R7: 16 | S7: 18 | T7: 19 | U7: 20 | V7: 21 | W7: 22 | X7: 23 | Y7: 24
A8: ='試算-SLOT'!A8 -> INR | B8: ='試算-SLOT'!B8 -> ₹ | C8: ='試算-SLOT'!C8 -> 印度盧比 | D8: =IF('試算-SLOT'!D8=1,"",'試算-SLOT'!D8) | E8: ='試算-SLOT'!Q8 -> 0.002 | F8: 4 | G8: 6 | H8: 7 | I8: 9 | J8: 11 | K8: 13 | L8: 14 | M8: 16 | N8: 18 | O8: 19 | P8: 20 | Q8: 21 | R8: 22 | S8: 23 | T8: 24 | U8: 25 | V8: 26 | W8: 27 | X8: 28 | Y8: 29
A9: ='試算-SLOT'!A9 -> IDR | B9: ='試算-SLOT'!B9 -> Rp | C9: ='試算-SLOT'!C9 -> 印尼盧比(K) | D9: =IF('試算-SLOT'!D9=1,"",'試算-SLOT'!D9) -> 1000 | E9: ='試算-SLOT'!Q9 -> 0.002 | F9: 2 | G9: 3 | H9: 4 | I9: 5 | J9: 6 | K9: 7 | L9: 8 | M9: 9 | N9: 11 | O9: 13 | P9: 14 | Q9: 16 | R9: 18 | S9: 19 | T9: 20 | U9: 21 | V9: 22 | W9: 23 | X9: 24 | Y9: 25
A10: ='試算-SLOT'!A10 -> VND | B10: ='試算-SLOT'!B10 -> ₫ | C10: ='試算-SLOT'!C10 -> 越南盾(K) | D10: =IF('試算-SLOT'!D10=1,"",'試算-SLOT'!D10) -> 1000 | E10: ='試算-SLOT'!Q10 -> 0.002 | F10: 3 | G10: 4 | H10: 5 | I10: 6 | J10: 7 | K10: 8 | L10: 9 | M10: 11 | N10: 13 | O10: 14 | P10: 16 | Q10: 18 | R10: 19 | S10: 20 | T10: 21 | U10: 22 | V10: 23 | W10: 24 | X10: 25 | Y10: 26
A11: ='試算-SLOT'!A11 -> MYR | B11: ='試算-SLOT'!B11 -> RM | C11: ='試算-SLOT'!C11 -> 馬來西亞令吉 | D11: =IF('試算-SLOT'!D11=1,"",'試算-SLOT'!D11) | E11: ='試算-SLOT'!Q11 -> 0.002 | F11: 1 | G11: 2 | H11: 3 | I11: 4 | J11: 5 | K11: 6 | L11: 7 | M11: 8 | N11: 9 | O11: 10 | P11: 11 | Q11: 13 | R11: 14 | S11: 16 | T11: 18 | U11: 19 | V11: 20 | W11: 21 | X11: 22 | Y11: 23
A12: ='試算-SLOT'!A12 -> SGD | B12: ='試算-SLOT'!B12 -> S$ | C12: ='試算-SLOT'!C12 -> 新加坡幣 | D12: =IF('試算-SLOT'!D12=1,"",'試算-SLOT'!D12) | E12: ='試算-SLOT'!Q12 -> 0.002 | F12: 1 | G12: 2 | H12: 3 | I12: 4 | J12: 5 | K12: 6 | L12: 7 | M12: 8 | N12: 9 | O12: 10 | P12: 11 | Q12: 12 | R12: 13 | S12: 14 | T12: 15 | U12: 16 | V12: 17 | W12: 18 | X12: 19 | Y12: 20
A13: ='試算-SLOT'!A13 -> USD | B13: ='試算-SLOT'!B13 -> $ | C13: ='試算-SLOT'!C13 -> 美元 | D13: =IF('試算-SLOT'!D13=1,"",'試算-SLOT'!D13) | E13: ='試算-SLOT'!Q13 -> 0.002 | F13: 1 | G13: 2 | H13: 3 | I13: 4 | J13: 5 | K13: 6 | L13: 7 | M13: 8 | N13: 9 | O13: 10 | P13: 11 | Q13: 12 | R13: 13 | S13: 14 | T13: 15 | U13: 16 | V13: 17 | W13: 18 | X13: 19 | Y13: 20
A14: ='試算-SLOT'!A14 -> BDT | B14: ='試算-SLOT'!B14 -> ৳ | C14: ='試算-SLOT'!C14 -> 孟加拉塔卡 | D14: =IF('試算-SLOT'!D14=1,"",'試算-SLOT'!D14) | E14: ='試算-SLOT'!Q14 -> 0.002 | F14: 4 | G14: 6 | H14: 7 | I14: 9 | J14: 11 | K14: 13 | L14: 14 | M14: 16 | N14: 18 | O14: 19 | P14: 20 | Q14: 21 | R14: 22 | S14: 23 | T14: 24 | U14: 25 | V14: 26 | W14: 27 | X14: 28 | Y14: 29
A15: ='試算-SLOT'!A15 -> PKR | B15: ='試算-SLOT'!B15 -> ₨ | C15: ='試算-SLOT'!C15 -> 巴基斯坦盧比 | D15: =IF('試算-SLOT'!D15=1,"",'試算-SLOT'!D15) | E15: ='試算-SLOT'!Q15 -> 0.01 | F15: 3 | G15: 4 | H15: 6 | I15: 7 | J15: 9 | K15: 11 | L15: 13 | M15: 14 | N15: 16 | O15: 18 | P15: 19 | Q15: 20 | R15: 21 | S15: 22 | T15: 23 | U15: 24 | V15: 25 | W15: 26 | X15: 27 | Y15: 28
A16: ='試算-SLOT'!A16 -> MMK | B16: ='試算-SLOT'!B16 -> K | C16: ='試算-SLOT'!C16 -> 緬甸元(K) | D16: =IF('試算-SLOT'!D16=1,"",'試算-SLOT'!D16) -> 1000 | E16: ='試算-SLOT'!Q16 -> 0.002 | F16: 1 | G16: 2 | H16: 3 | I16: 4 | J16: 5 | K16: 6 | L16: 7 | M16: 8 | N16: 9 | O16: 10 | P16: 11 | Q16: 12 | R16: 13 | S16: 14 | T16: 15 | U16: 16 | V16: 18 | W16: 19 | X16: 20 | Y16: 21
A17: ='試算-SLOT'!A17 -> MMH | B17: ='試算-SLOT'!B17 -> K | C17: ='試算-SLOT'!C17 -> 緬甸元(H) | D17: =IF('試算-SLOT'!D17=1,"",'試算-SLOT'!D17) -> 100 | E17: ='試算-SLOT'!Q17 -> 0.004 | F17: 1 | G17: 2 | H17: 3 | I17: 4 | J17: 5 | K17: 6 | L17: 7 | M17: 8 | N17: 9 | O17: 11 | P17: 13 | Q17: 14 | R17: 16 | S17: 18 | T17: 19 | U17: 20 | V17: 21 | W17: 22 | X17: 23 | Y17: 24
... A55: ='試算-SLOT'!A55 -> XSMY | B55: ='試算-SLOT'!B55 | C55: ='試算-SLOT'!C55 -> 星城馬來西亞 | D55: =IF('試算-SLOT'!D55=1,"",'試算-SLOT'!D55) | E55: ='試算-SLOT'!Q55 -> 1 | F55: 1 | G55: 2 | H55: 3 | I55: 4 | J55: 5 | K55: 6 | L55: 7 | M55: 8 | N55: 9 | O55: 10 | P55: 11 | Q55: 13 | R55: 14 | S55: 16 | T55: 17 | U55: 18 | V55: 19 | W55: 20 | X55: 21 | Y55: 22
A58: =A5 -> 貨幣簡稱 | B58: =B5 -> 貨幣符號 | C58: =C5 -> 中文名稱 | D58: =D5 -> 貨幣轉換 | E58: =E5 -> Denom | F58: =F5 -> 第 1 組 | G58: =G5 -> 第 2 組 | H58: =H5 -> 第 3 組 | ... Y58: =Y5 -> 第 20 組 | AA58: 顯示金額
A59: =A6 -> THB | B59: =B6 -> ฿ | C59: =C6 -> 泰銖 | D59: =D6 | E59: =E6 -> 0.002 | F59: =HLOOKUP(F6,$F$1:$AI$2,2) * $D$1 * $E59 -> 0.88 | G59: =HLOOKUP(G6,$F$1:$AI$2,2) * $D$1 * $E59 -> 1.76 | H59: =HLOOKUP(H6,$F$1:$AI$2,2) * $D$1 * $E59 -> 3.52 | I59: =HLOOKUP(I6,$F$1:$AI$2,2) * $D$1 * $E59 -> 5.28 | J59: =HLOOKUP(J6,$F$1:$AI$2,2) * $D$1 * $E59 -> 7.04 | K59: =HLOOKUP(K6,$F$1:$AI$2,2) * $D$1 * $E59 -> 8.8 | L59: =HLOOKUP(L6,$F$1:$AI$2,2) * $D$1 * $E59 -> 17.6 | M59: =HLOOKUP(M6,$F$1:$AI$2,2) * $D$1 * $E59 -> 26.4 | ... Y59: =HLOOKUP(Y6,$F$1:$AI$2,2) * $D$1 * $E59 -> 528
A60: =A7 -> HKD | B60: =B7 -> HK$ | C60: =C7 -> 港幣 | D60: =D7 | E60: =E7 -> 0.002 | F60: =HLOOKUP(F7,$F$1:$AI$2,2) * $D$1 * $E60 -> 0.176 | G60: =HLOOKUP(G7,$F$1:$AI$2,2) * $D$1 * $E60 -> 0.352 | H60: =HLOOKUP(H7,$F$1:$AI$2,2) * $D$1 * $E60 -> 0.88 | I60: =HLOOKUP(I7,$F$1:$AI$2,2) * $D$1 * $E60 -> 1.76 | J60: =HLOOKUP(J7,$F$1:$AI$2,2) * $D$1 * $E60 -> 2.64 | K60: =HLOOKUP(K7,$F$1:$AI$2,2) * $D$1 * $E60 -> 3.52 | L60: =HLOOKUP(L7,$F$1:$AI$2,2) * $D$1 * $E60 -> 5.28 | M60: =HLOOKUP(M7,$F$1:$AI$2,2) * $D$1 * $E60 -> 7.04 | ... Y60: =HLOOKUP(Y7,$F$1:$AI$2,2) * $D$1 * $E60 -> 264
A61: =A8 -> INR | B61: =B8 -> ₹ | C61: =C8 -> 印度盧比 | D61: =D8 | E61: =E8 -> 0.002 | F61: =HLOOKUP(F8,$F$1:$AI$2,2) * $D$1 * $E61 -> 1.76 | G61: =HLOOKUP(G8,$F$1:$AI$2,2) * $D$1 * $E61 -> 3.52 | H61: =HLOOKUP(H8,$F$1:$AI$2,2) * $D$1 * $E61 -> 5.28 | I61: =HLOOKUP(I8,$F$1:$AI$2,2) * $D$1 * $E61 -> 8.8 | J61: =HLOOKUP(J8,$F$1:$AI$2,2) * $D$1 * $E61 -> 17.6 | K61: =HLOOKUP(K8,$F$1:$AI$2,2) * $D$1 * $E61 -> 26.4 | L61: =HLOOKUP(L8,$F$1:$AI$2,2) * $D$1 * $E61 -> 35.2 | M61: =HLOOKUP(M8,$F$1:$AI$2,2) * $D$1 * $E61 -> 52.8 | ... Y61: =HLOOKUP(Y8,$F$1:$AI$2,2) * $D$1 * $E61 -> 880
A62: =A9 -> IDR | B62: =B9 -> Rp | C62: =C9 -> 印尼盧比(K) | D62: =D9 -> 1000 | E62: =E9 -> 0.002 | F62: =HLOOKUP(F9,$F$1:$AI$2,2) * $D$1 * $E62 -> 0.352 | G62: =HLOOKUP(G9,$F$1:$AI$2,2) * $D$1 * $E62 -> 0.88 | H62: =HLOOKUP(H9,$F$1:$AI$2,2) * $D$1 * $E62 -> 1.76 | I62: =HLOOKUP(I9,$F$1:$AI$2,2) * $D$1 * $E62 -> 2.64 | J62: =HLOOKUP(J9,$F$1:$AI$2,2) * $D$1 * $E62 -> 3.52 | K62: =HLOOKUP(K9,$F$1:$AI$2,2) * $D$1 * $E62 -> 5.28 | L62: =HLOOKUP(L9,$F$1:$AI$2,2) * $D$1 * $E62 -> 7.04 | M62: =HLOOKUP(M9,$F$1:$AI$2,2) * $D$1 * $E62 -> 8.8 | ... Y62: =HLOOKUP(Y9,$F$1:$AI$2,2) * $D$1 * $E62 -> 308
A63: =A10 -> VND | B63: =B10 -> ₫ | C63: =C10 -> 越南盾(K) | D63: =D10 -> 1000 | E63: =E10 -> 0.002 | F63: =HLOOKUP(F10,$F$1:$AI$2,2) * $D$1 * $E63 -> 0.88 | G63: =HLOOKUP(G10,$F$1:$AI$2,2) * $D$1 * $E63 -> 1.76 | H63: =HLOOKUP(H10,$F$1:$AI$2,2) * $D$1 * $E63 -> 2.64 | I63: =HLOOKUP(I10,$F$1:$AI$2,2) * $D$1 * $E63 -> 3.52 | J63: =HLOOKUP(J10,$F$1:$AI$2,2) * $D$1 * $E63 -> 5.28 | K63: =HLOOKUP(K10,$F$1:$AI$2,2) * $D$1 * $E63 -> 7.04 | L63: =HLOOKUP(L10,$F$1:$AI$2,2) * $D$1 * $E63 -> 8.8 | M63: =HLOOKUP(M10,$F$1:$AI$2,2) * $D$1 * $E63 -> 17.6 | ... Y63: =HLOOKUP(Y10,$F$1:$AI$2,2) * $D$1 * $E63 -> 352
A64: =A11 -> MYR | B64: =B11 -> RM | C64: =C11 -> 馬來西亞令吉 | D64: =D11 | E64: =E11 -> 0.002 | F64: =HLOOKUP(F11,$F$1:$AI$2,2) * $D$1 * $E64 -> 0.176 | G64: =HLOOKUP(G11,$F$1:$AI$2,2) * $D$1 * $E64 -> 0.352 | H64: =HLOOKUP(H11,$F$1:$AI$2,2) * $D$1 * $E64 -> 0.88 | I64: =HLOOKUP(I11,$F$1:$AI$2,2) * $D$1 * $E64 -> 1.76 | J64: =HLOOKUP(J11,$F$1:$AI$2,2) * $D$1 * $E64 -> 2.64 | K64: =HLOOKUP(K11,$F$1:$AI$2,2) * $D$1 * $E64 -> 3.52 | L64: =HLOOKUP(L11,$F$1:$AI$2,2) * $D$1 * $E64 -> 5.28 | M64: =HLOOKUP(M11,$F$1:$AI$2,2) * $D$1 * $E64 -> 7.04 | ... Y64: =HLOOKUP(Y11,$F$1:$AI$2,2) * $D$1 * $E64 -> 176
A65: =A12 -> SGD | B65: =B12 -> S$ | C65: =C12 -> 新加坡幣 | D65: =D12 | E65: =E12 -> 0.002 | F65: =HLOOKUP(F12,$F$1:$AI$2,2) * $D$1 * $E65 -> 0.176 | G65: =HLOOKUP(G12,$F$1:$AI$2,2) * $D$1 * $E65 -> 0.352 | H65: =HLOOKUP(H12,$F$1:$AI$2,2) * $D$1 * $E65 -> 0.88 | I65: =HLOOKUP(I12,$F$1:$AI$2,2) * $D$1 * $E65 -> 1.76 | J65: =HLOOKUP(J12,$F$1:$AI$2,2) * $D$1 * $E65 -> 2.64 | K65: =HLOOKUP(K12,$F$1:$AI$2,2) * $D$1 * $E65 -> 3.52 | L65: =HLOOKUP(L12,$F$1:$AI$2,2) * $D$1 * $E65 -> 5.28 | M65: =HLOOKUP(M12,$F$1:$AI$2,2) * $D$1 * $E65 -> 7.04 | ... Y65: =HLOOKUP(Y12,$F$1:$AI$2,2) * $D$1 * $E65 -> 88
A66: =A13 -> USD | B66: =B13 -> $ | C66: =C13 -> 美元 | D66: =D13 | E66: =E13 -> 0.002 | F66: =HLOOKUP(F13,$F$1:$AI$2,2) * $D$1 * $E66 -> 0.176 | G66: =HLOOKUP(G13,$F$1:$AI$2,2) * $D$1 * $E66 -> 0.352 | H66: =HLOOKUP(H13,$F$1:$AI$2,2) * $D$1 * $E66 -> 0.88 | I66: =HLOOKUP(I13,$F$1:$AI$2,2) * $D$1 * $E66 -> 1.76 | J66: =HLOOKUP(J13,$F$1:$AI$2,2) * $D$1 * $E66 -> 2.64 | K66: =HLOOKUP(K13,$F$1:$AI$2,2) * $D$1 * $E66 -> 3.52 | L66: =HLOOKUP(L13,$F$1:$AI$2,2) * $D$1 * $E66 -> 5.28 | M66: =HLOOKUP(M13,$F$1:$AI$2,2) * $D$1 * $E66 -> 7.04 | ... Y66: =HLOOKUP(Y13,$F$1:$AI$2,2) * $D$1 * $E66 -> 88
A67: =A14 -> BDT | B67: =B14 -> ৳ | C67: =C14 -> 孟加拉塔卡 | D67: =D14 | E67: =E14 -> 0.002 | F67: =HLOOKUP(F14,$F$1:$AI$2,2) * $D$1 * $E67 -> 1.76 | G67: =HLOOKUP(G14,$F$1:$AI$2,2) * $D$1 * $E67 -> 3.52 | H67: =HLOOKUP(H14,$F$1:$AI$2,2) * $D$1 * $E67 -> 5.28 | I67: =HLOOKUP(I14,$F$1:$AI$2,2) * $D$1 * $E67 -> 8.8 | J67: =HLOOKUP(J14,$F$1:$AI$2,2) * $D$1 * $E67 -> 17.6 | K67: =HLOOKUP(K14,$F$1:$AI$2,2) * $D$1 * $E67 -> 26.4 | L67: =HLOOKUP(L14,$F$1:$AI$2,2) * $D$1 * $E67 -> 35.2 | M67: =HLOOKUP(M14,$F$1:$AI$2,2) * $D$1 * $E67 -> 52.8 | ... Y67: =HLOOKUP(Y14,$F$1:$AI$2,2) * $D$1 * $E67 -> 880
A68: =A15 -> PKR | B68: =B15 -> ₨ | C68: =C15 -> 巴基斯坦盧比 | D68: =D15 | E68: =E15 -> 0.01 | F68: =HLOOKUP(F15,$F$1:$AI$2,2) * $D$1 * $E68 -> 4.4 | G68: =HLOOKUP(G15,$F$1:$AI$2,2) * $D$1 * $E68 -> 8.8 | H68: =HLOOKUP(H15,$F$1:$AI$2,2) * $D$1 * $E68 -> 17.6 | I68: =HLOOKUP(I15,$F$1:$AI$2,2) * $D$1 * $E68 -> 26.4 | J68: =HLOOKUP(J15,$F$1:$AI$2,2) * $D$1 * $E68 -> 44 | K68: =HLOOKUP(K15,$F$1:$AI$2,2) * $D$1 * $E68 -> 88 | L68: =HLOOKUP(L15,$F$1:$AI$2,2) * $D$1 * $E68 -> 132 | M68: =HLOOKUP(M15,$F$1:$AI$2,2) * $D$1 * $E68 -> 176 | ... Y68: =HLOOKUP(Y15,$F$1:$AI$2,2) * $D$1 * $E68 -> 3520
A69: =A16 -> MMK | B69: =B16 -> K | C69: =C16 -> 緬甸元(K) | D69: =D16 -> 1000 | E69: =E16 -> 0.002 | F69: =HLOOKUP(F16,$F$1:$AI$2,2) * $D$1 * $E69 -> 0.176 | G69: =HLOOKUP(G16,$F$1:$AI$2,2) * $D$1 * $E69 -> 0.352 | H69: =HLOOKUP(H16,$F$1:$AI$2,2) * $D$1 * $E69 -> 0.88 | I69: =HLOOKUP(I16,$F$1:$AI$2,2) * $D$1 * $E69 -> 1.76 | J69: =HLOOKUP(J16,$F$1:$AI$2,2) * $D$1 * $E69 -> 2.64 | K69: =HLOOKUP(K16,$F$1:$AI$2,2) * $D$1 * $E69 -> 3.52 | L69: =HLOOKUP(L16,$F$1:$AI$2,2) * $D$1 * $E69 -> 5.28 | M69: =HLOOKUP(M16,$F$1:$AI$2,2) * $D$1 * $E69 -> 7.04 | ... Y69: =HLOOKUP(Y16,$F$1:$AI$2,2) * $D$1 * $E69 -> 105.6
A70: =A17 -> MMH | B70: =B17 -> K | C70: =C17 -> 緬甸元(H) | D70: =D17 -> 100 | E70: =E17 -> 0.004 | F70: =HLOOKUP(F17,$F$1:$AI$2,2) * $D$1 * $E70 -> 0.352 | G70: =HLOOKUP(G17,$F$1:$AI$2,2) * $D$1 * $E70 -> 0.704 | H70: =HLOOKUP(H17,$F$1:$AI$2,2) * $D$1 * $E70 -> 1.76 | I70: =HLOOKUP(I17,$F$1:$AI$2,2) * $D$1 * $E70 -> 3.52 | J70: =HLOOKUP(J17,$F$1:$AI$2,2) * $D$1 * $E70 -> 5.28 | K70: =HLOOKUP(K17,$F$1:$AI$2,2) * $D$1 * $E70 -> 7.04 | L70: =HLOOKUP(L17,$F$1:$AI$2,2) * $D$1 * $E70 -> 10.56 | M70: =HLOOKUP(M17,$F$1:$AI$2,2) * $D$1 * $E70 -> 14.08 | ... Y70: =HLOOKUP(Y17,$F$1:$AI$2,2) * $D$1 * $E70 -> 528
... A108: =A55 -> XSMY | B108: =B55 | C108: =C55 -> 星城馬來西亞 | D108: =D55 | E108: =E55 -> 1 | F108: =HLOOKUP(F55,$F$1:$AI$2,2) * $D$1 * $E108 -> 88 | G108: =HLOOKUP(G55,$F$1:$AI$2,2) * $D$1 * $E108 -> 176 | H108: =HLOOKUP(H55,$F$1:$AI$2,2) * $D$1 * $E108 -> 440 | I108: =HLOOKUP(I55,$F$1:$AI$2,2) * $D$1 * $E108 -> 880 | J108: =HLOOKUP(J55,$F$1:$AI$2,2) * $D$1 * $E108 -> 1320 | K108: =HLOOKUP(K55,$F$1:$AI$2,2) * $D$1 * $E108 -> 1760 | L108: =HLOOKUP(L55,$F$1:$AI$2,2) * $D$1 * $E108 -> 2640 | M108: =HLOOKUP(M55,$F$1:$AI$2,2) * $D$1 * $E108 -> 3520 | ... Y108: =HLOOKUP(Y55,$F$1:$AI$2,2) * $D$1 * $E108 -> 66000

Sheet 1041
C1: 最小押分 | D1: 1 | E1: 倍數 設定 | F1: 1 | G1: 2 | H1: 3 | I1: 4 | J1: 5 | K1: 6 | L1: 7 | M1: 8 | N1: 9 | O1: 10 | P1: 11 | Q1: 12 | R1: 13 | S1: 14 | T1: 15 | U1: 16 | V1: 17 | W1: 18 | X1: 19 | Y1: 20 | Z1: 21 | AA1: 22 | AB1: 23 | AC1: 24 | AD1: 25 | AE1: 26 | AF1: 27 | AG1: 28 | AH1: 29 | AI1: 30
F2: 1 | G2: 5 | H2: 10 | I2: 50 | J2: 100
A5: 貨幣簡稱 | B5: 貨幣符號 | C5: 中文名稱 | D5: 貨幣轉換 | E5: Denom | F5: 第 1 組 | G5: 第 2 組 | H5: 第 3 組 | I5: 第 4 組 | J5: 第 5 組 | K5: 第 6 組 | L5: 第 7 組 | M5: 第 8 組 | N5: 第 9 組 | O5: 第 10 組 | P5: 第 11 組 | Q5: 第 12 組 | R5: 第 13 組 | S5: 第 14 組 | T5: 第 15 組 | U5: 第 16 組 | V5: 第 17 組 | W5: 第 18 組 | X5: 第 19 組 | Y5: 第 20 組 | AA5: 顯示倍數組別
A6: ='試算-SLOT'!A6 -> THB | B6: ='試算-SLOT'!B6 -> ฿ | C6: ='試算-SLOT'!C6 -> 泰銖 | D6: =IF('試算-SLOT'!D6=1,"",'試算-SLOT'!D6) | E6: 1 | F6: 1 | G6: 2 | H6: 3 | I6: 4 | J6: 5
A7: ='試算-SLOT'!A7 -> HKD | B7: ='試算-SLOT'!B7 -> HK$ | C7: ='試算-SLOT'!C7 -> 港幣 | D7: =IF('試算-SLOT'!D7=1,"",'試算-SLOT'!D7) | E7: 1 | F7: 1 | G7: 2 | H7: 3 | I7: 4 | J7: 5
A8: ='試算-SLOT'!A8 -> INR | B8: ='試算-SLOT'!B8 -> ₹ | C8: ='試算-SLOT'!C8 -> 印度盧比 | D8: =IF('試算-SLOT'!D8=1,"",'試算-SLOT'!D8) | E8: 1 | F8: 1 | G8: 2 | H8: 3 | I8: 4 | J8: 5
A9: ='試算-SLOT'!A9 -> IDR | B9: ='試算-SLOT'!B9 -> Rp | C9: ='試算-SLOT'!C9 -> 印尼盧比(K) | D9: =IF('試算-SLOT'!D9=1,"",'試算-SLOT'!D9) -> 1000 | E9: 1 | F9: 1 | G9: 2 | H9: 3 | I9: 4 | J9: 5
A10: ='試算-SLOT'!A10 -> VND | B10: ='試算-SLOT'!B10 -> ₫ | C10: ='試算-SLOT'!C10 -> 越南盾(K) | D10: =IF('試算-SLOT'!D10=1,"",'試算-SLOT'!D10) -> 1000 | E10: 1 | F10: 1 | G10: 2 | H10: 3 | I10: 4 | J10: 5
A11: ='試算-SLOT'!A11 -> MYR | B11: ='試算-SLOT'!B11 -> RM | C11: ='試算-SLOT'!C11 -> 馬來西亞令吉 | D11: =IF('試算-SLOT'!D11=1,"",'試算-SLOT'!D11) | E11: 1 | F11: 1 | G11: 2 | H11: 3 | I11: 4 | J11: 5
A12: ='試算-SLOT'!A12 -> SGD | B12: ='試算-SLOT'!B12 -> S$ | C12: ='試算-SLOT'!C12 -> 新加坡幣 | D12: =IF('試算-SLOT'!D12=1,"",'試算-SLOT'!D12) | E12: 1 | F12: 1 | G12: 2 | H12: 3 | I12: 4 | J12: 5
A13: ='試算-SLOT'!A13 -> USD | B13: ='試算-SLOT'!B13 -> $ | C13: ='試算-SLOT'!C13 -> 美元 | D13: =IF('試算-SLOT'!D13=1,"",'試算-SLOT'!D13) | E13: 1 | F13: 1 | G13: 2 | H13: 3 | I13: 4 | J13: 5
A14: ='試算-SLOT'!A14 -> BDT | B14: ='試算-SLOT'!B14 -> ৳ | C14: ='試算-SLOT'!C14 -> 孟加拉塔卡 | D14: =IF('試算-SLOT'!D14=1,"",'試算-SLOT'!D14) | E14: 1 | F14: 1 | G14: 2 | H14: 3 | I14: 4 | J14: 5
A15: ='試算-SLOT'!A15 -> PKR | B15: ='試算-SLOT'!B15 -> ₨ | C15: ='試算-SLOT'!C15 -> 巴基斯坦盧比 | D15: =IF('試算-SLOT'!D15=1,"",'試算-SLOT'!D15) | E15: 1 | F15: 1 | G15: 2 | H15: 3 | I15: 4 | J15: 5
A16: ='試算-SLOT'!A16 -> MMK | B16: ='試算-SLOT'!B16 -> K | C16: ='試算-SLOT'!C16 -> 緬甸元(K) | D16: =IF('試算-SLOT'!D16=1,"",'試算-SLOT'!D16) -> 1000 | E16: 1 | F16: 1 | G16: 2 | H16: 3 | I16: 4 | J16: 5
A17: ='試算-SLOT'!A17 -> MMH | B17: ='試算-SLOT'!B17 -> K | C17: ='試算-SLOT'!C17 -> 緬甸元(H) | D17: =IF('試算-SLOT'!D17=1,"",'試算-SLOT'!D17) -> 100 | E17: 1 | F17: 1 | G17: 2 | H17: 3 | I17: 4 | J17: 5
... A55: ='試算-SLOT'!A55 -> XSMY | B55: ='試算-SLOT'!B55 | C55: ='試算-SLOT'!C55 -> 星城馬來西亞 | D55: =IF('試算-SLOT'!D55=1,"",'試算-SLOT'!D55) | E55: 1 | F55: 1 | G55: 2 | H55: 3 | I55: 4 | J55: 5
A58: =A5 -> 貨幣簡稱 | B58: =B5 -> 貨幣符號 | C58: =C5 -> 中文名稱 | D58: =D5 -> 貨幣轉換 | E58: =E5 -> Denom | F58: =F5 -> 第 1 組 | G58: =G5 -> 第 2 組 | H58: =H5 -> 第 3 組 | ... Y58: =Y5 -> 第 20 組 | AA58: 顯示金額
A59: =A6 -> THB | B59: =B6 -> ฿ | C59: =C6 -> 泰銖 | D59: =D6 | E59: =E6 -> 1 | F59: =HLOOKUP(F6,$F$1:$AI$2,2) * $D$1 * $E59 -> 1 | G59: =HLOOKUP(G6,$F$1:$AI$2,2) * $D$1 * $E59 -> 5 | H59: =HLOOKUP(H6,$F$1:$AI$2,2) * $D$1 * $E59 -> 10 | I59: =HLOOKUP(I6,$F$1:$AI$2,2) * $D$1 * $E59 -> 50 | J59: =HLOOKUP(J6,$F$1:$AI$2,2) * $D$1 * $E59 -> 100
A60: =A7 -> HKD | B60: =B7 -> HK$ | C60: =C7 -> 港幣 | D60: =D7 | E60: =E7 -> 1 | F60: =HLOOKUP(F7,$F$1:$AI$2,2) * $D$1 * $E60 -> 1 | G60: =HLOOKUP(G7,$F$1:$AI$2,2) * $D$1 * $E60 -> 5 | H60: =HLOOKUP(H7,$F$1:$AI$2,2) * $D$1 * $E60 -> 10 | I60: =HLOOKUP(I7,$F$1:$AI$2,2) * $D$1 * $E60 -> 50 | J60: =HLOOKUP(J7,$F$1:$AI$2,2) * $D$1 * $E60 -> 100
A61: =A8 -> INR | B61: =B8 -> ₹ | C61: =C8 -> 印度盧比 | D61: =D8 | E61: =E8 -> 1 | F61: =HLOOKUP(F8,$F$1:$AI$2,2) * $D$1 * $E61 -> 1 | G61: =HLOOKUP(G8,$F$1:$AI$2,2) * $D$1 * $E61 -> 5 | H61: =HLOOKUP(H8,$F$1:$AI$2,2) * $D$1 * $E61 -> 10 | I61: =HLOOKUP(I8,$F$1:$AI$2,2) * $D$1 * $E61 -> 50 | J61: =HLOOKUP(J8,$F$1:$AI$2,2) * $D$1 * $E61 -> 100
A62: =A9 -> IDR | B62: =B9 -> Rp | C62: =C9 -> 印尼盧比(K) | D62: =D9 -> 1000 | E62: =E9 -> 1 | F62: =HLOOKUP(F9,$F$1:$AI$2,2) * $D$1 * $E62 -> 1 | G62: =HLOOKUP(G9,$F$1:$AI$2,2) * $D$1 * $E62 -> 5 | H62: =HLOOKUP(H9,$F$1:$AI$2,2) * $D$1 * $E62 -> 10 | I62: =HLOOKUP(I9,$F$1:$AI$2,2) * $D$1 * $E62 -> 50 | J62: =HLOOKUP(J9,$F$1:$AI$2,2) * $D$1 * $E62 -> 100
A63: =A10 -> VND | B63: =B10 -> ₫ | C63: =C10 -> 越南盾(K) | D63: =D10 -> 1000 | E63: =E10 -> 1 | F63: =HLOOKUP(F10,$F$1:$AI$2,2) * $D$1 * $E63 -> 1 | G63: =HLOOKUP(G10,$F$1:$AI$2,2) * $D$1 * $E63 -> 5 | H63: =HLOOKUP(H10,$F$1:$AI$2,2) * $D$1 * $E63 -> 10 | I63: =HLOOKUP(I10,$F$1:$AI$2,2) * $D$1 * $E63 -> 50 | J63: =HLOOKUP(J10,$F$1:$AI$2,2) * $D$1 * $E63 -> 100
A64: =A11 -> MYR | B64: =B11 -> RM | C64: =C11 -> 馬來西亞令吉 | D64: =D11 | E64: =E11 -> 1 | F64: =HLOOKUP(F11,$F$1:$AI$2,2) * $D$1 * $E64 -> 1 | G64: =HLOOKUP(G11,$F$1:$AI$2,2) * $D$1 * $E64 -> 5 | H64: =HLOOKUP(H11,$F$1:$AI$2,2) * $D$1 * $E64 -> 10 | I64: =HLOOKUP(I11,$F$1:$AI$2,2) * $D$1 * $E64 -> 50 | J64: =HLOOKUP(J11,$F$1:$AI$2,2) * $D$1 * $E64 -> 100
A65: =A12 -> SGD | B65: =B12 -> S$ | C65: =C12 -> 新加坡幣 | D65: =D12 | E65: =E12 -> 1 | F65: =HLOOKUP(F12,$F$1:$AI$2,2) * $D$1 * $E65 -> 1 | G65: =HLOOKUP(G12,$F$1:$AI$2,2) * $D$1 * $E65 -> 5 | H65: =HLOOKUP(H12,$F$1:$AI$2,2) * $D$1 * $E65 -> 10 | I65: =HLOOKUP(I12,$F$1:$AI$2,2) * $D$1 * $E65 -> 50 | J65: =HLOOKUP(J12,$F$1:$AI$2,2) * $D$1 * $E65 -> 100
A66: =A13 -> USD | B66: =B13 -> $ | C66: =C13 -> 美元 | D66: =D13 | E66: =E13 -> 1 | F66: =HLOOKUP(F13,$F$1:$AI$2,2) * $D$1 * $E66 -> 1 | G66: =HLOOKUP(G13,$F$1:$AI$2,2) * $D$1 * $E66 -> 5 | H66: =HLOOKUP(H13,$F$1:$AI$2,2) * $D$1 * $E66 -> 10 | I66: =HLOOKUP(I13,$F$1:$AI$2,2) * $D$1 * $E66 -> 50 | J66: =HLOOKUP(J13,$F$1:$AI$2,2) * $D$1 * $E66 -> 100
A67: =A14 -> BDT | B67: =B14 -> ৳ | C67: =C14 -> 孟加拉塔卡 | D67: =D14 | E67: =E14 -> 1 | F67: =HLOOKUP(F14,$F$1:$AI$2,2) * $D$1 * $E67 -> 1 | G67: =HLOOKUP(G14,$F$1:$AI$2,2) * $D$1 * $E67 -> 5 | H67: =HLOOKUP(H14,$F$1:$AI$2,2) * $D$1 * $E67 -> 10 | I67: =HLOOKUP(I14,$F$1:$AI$2,2) * $D$1 * $E67 -> 50 | J67: =HLOOKUP(J14,$F$1:$AI$2,2) * $D$1 * $E67 -> 100
A68: =A15 -> PKR | B68: =B15 -> ₨ | C68: =C15 -> 巴基斯坦盧比 | D68: =D15 | E68: =E15 -> 1 | F68: =HLOOKUP(F15,$F$1:$AI$2,2) * $D$1 * $E68 -> 1 | G68: =HLOOKUP(G15,$F$1:$AI$2,2) * $D$1 * $E68 -> 5 | H68: =HLOOKUP(H15,$F$1:$AI$2,2) * $D$1 * $E68 -> 10 | I68: =HLOOKUP(I15,$F$1:$AI$2,2) * $D$1 * $E68 -> 50 | J68: =HLOOKUP(J15,$F$1:$AI$2,2) * $D$1 * $E68 -> 100
A69: =A16 -> MMK | B69: =B16 -> K | C69: =C16 -> 緬甸元(K) | D69: =D16 -> 1000 | E69: =E16 -> 1 | F69: =HLOOKUP(F16,$F$1:$AI$2,2) * $D$1 * $E69 -> 1 | G69: =HLOOKUP(G16,$F$1:$AI$2,2) * $D$1 * $E69 -> 5 | H69: =HLOOKUP(H16,$F$1:$AI$2,2) * $D$1 * $E69 -> 10 | I69: =HLOOKUP(I16,$F$1:$AI$2,2) * $D$1 * $E69 -> 50 | J69: =HLOOKUP(J16,$F$1:$AI$2,2) * $D$1 * $E69 -> 100
A70: =A17 -> MMH | B70: =B17 -> K | C70: =C17 -> 緬甸元(H) | D70: =D17 -> 100 | E70: =E17 -> 1 | F70: =HLOOKUP(F17,$F$1:$AI$2,2) * $D$1 * $E70 -> 1 | G70: =HLOOKUP(G17,$F$1:$AI$2,2) * $D$1 * $E70 -> 5 | H70: =HLOOKUP(H17,$F$1:$AI$2,2) * $D$1 * $E70 -> 10 | I70: =HLOOKUP(I17,$F$1:$AI$2,2) * $D$1 * $E70 -> 50 | J70: =HLOOKUP(J17,$F$1:$AI$2,2) * $D$1 * $E70 -> 100
... A108: =A55 -> XSMY | B108: =B55 | C108: =C55 -> 星城馬來西亞 | D108: =D55 | E108: =E55 -> 1 | F108: =HLOOKUP(F55,$F$1:$AI$2,2) * $D$1 * $E108 -> 1 | G108: =HLOOKUP(G55,$F$1:$AI$2,2) * $D$1 * $E108 -> 5 | H108: =HLOOKUP(H55,$F$1:$AI$2,2) * $D$1 * $E108 -> 10 | I108: =HLOOKUP(I55,$F$1:$AI$2,2) * $D$1 * $E108 -> 50 | J108: =HLOOKUP(J55,$F$1:$AI$2,2) * $D$1 * $E108 -> 100

Sheet 1043
C1: 最小押分 | D1: 100 | E1: 倍數 設定 | F1: 1 | G1: 2 | H1: 3 | I1: 4 | J1: 5 | K1: 6 | L1: 7 | M1: 8 | N1: 9 | O1: 10 | P1: 11 | Q1: 12 | R1: 13 | S1: 14 | T1: 15 | U1: 16 | V1: 17 | W1: 18 | X1: 19 | Y1: 20 | Z1: 21 | AA1: 22 | AB1: 23 | AC1: 24 | AD1: 25 | AE1: 26 | AF1: 27 | AG1: 28 | AH1: 29 | AI1: 30
F2: 1 | G2: 2 | H2: 5 | I2: 10 | J2: 12 | K2: 15 | L2: 20 | M2: 25 | N2: 30 | O2: 35 | P2: 40 | Q2: 45 | R2: 50 | S2: 60 | T2: 70 | U2: 80 | V2: 90 | W2: 100 | X2: 150 | Y2: 200 | Z2: 300 | AA2: 500 | AB2: 1000 | AC2: 1500 | AD2: 3000 | AE2: 5000 | AF2: 7500 | AG2: 10000 | AH2: 15000 | AI2: 25000
A5: 貨幣簡稱 | B5: 貨幣符號 | C5: 中文名稱 | D5: 貨幣轉換 | E5: Denom | F5: 第 1 組 | G5: 第 2 組 | H5: 第 3 組 | I5: 第 4 組 | J5: 第 5 組 | K5: 第 6 組 | L5: 第 7 組 | M5: 第 8 組 | N5: 第 9 組 | O5: 第 10 組 | P5: 第 11 組 | Q5: 第 12 組 | R5: 第 13 組 | S5: 第 14 組 | T5: 第 15 組 | U5: 第 16 組 | V5: 第 17 組 | W5: 第 18 組 | X5: 第 19 組 | Y5: 第 20 組 | AA5: 顯示倍數組別
A6: ='試算-SLOT'!A6 -> THB | B6: ='試算-SLOT'!B6 -> ฿ | C6: ='試算-SLOT'!C6 -> 泰銖 | D6: =IF('試算-SLOT'!D6=1,"",'試算-SLOT'!D6) | E6: ='試算-SLOT'!G6 -> 0.002 | F6: 3 | G6: 4 | H6: 6 | I6: 7 | J6: 8 | K6: 9 | L6: 11 | M6: 13 | N6: 14 | O6: 16 | P6: 18 | Q6: 19 | R6: 20 | S6: 21 | T6: 22 | U6: 23 | V6: 24 | W6: 25 | X6: 26 | Y6: 27
A7: ='試算-SLOT'!A7 -> HKD | B7: ='試算-SLOT'!B7 -> HK$ | C7: ='試算-SLOT'!C7 -> 港幣 | D7: =IF('試算-SLOT'!D7=1,"",'試算-SLOT'!D7) | E7: ='試算-SLOT'!G7 -> 0.002 | F7: 1 | G7: 2 | H7: 3 | I7: 4 | J7: 5 | K7: 6 | L7: 7 | M7: 8 | N7: 9 | O7: 11 | P7: 13 | Q7: 14 | R7: 16 | S7: 18 | T7: 19 | U7: 20 | V7: 21 | W7: 22 | X7: 23 | Y7: 24
A8: ='試算-SLOT'!A8 -> INR | B8: ='試算-SLOT'!B8 -> ₹ | C8: ='試算-SLOT'!C8 -> 印度盧比 | D8: =IF('試算-SLOT'!D8=1,"",'試算-SLOT'!D8) | E8: ='試算-SLOT'!G8 -> 0.002 | F8: 4 | G8: 6 | H8: 7 | I8: 9 | J8: 11 | K8: 13 | L8: 14 | M8: 16 | N8: 18 | O8: 19 | P8: 20 | Q8: 21 | R8: 22 | S8: 23 | T8: 24 | U8: 25 | V8: 26 | W8: 27 | X8: 28 | Y8: 29
A9: ='試算-SLOT'!A9 -> IDR | B9: ='試算-SLOT'!B9 -> Rp | C9: ='試算-SLOT'!C9 -> 印尼盧比(K) | D9: =IF('試算-SLOT'!D9=1,"",'試算-SLOT'!D9) -> 1000 | E9: ='試算-SLOT'!G9 -> 0.002 | F9: 2 | G9: 3 | H9: 4 | I9: 5 | J9: 6 | K9: 7 | L9: 8 | M9: 9 | N9: 11 | O9: 13 | P9: 14 | Q9: 16 | R9: 18 | S9: 19 | T9: 20 | U9: 21 | V9: 22 | W9: 23 | X9: 24 | Y9: 25
A10: ='試算-SLOT'!A10 -> VND | B10: ='試算-SLOT'!B10 -> ₫ | C10: ='試算-SLOT'!C10 -> 越南盾(K) | D10: =IF('試算-SLOT'!D10=1,"",'試算-SLOT'!D10) -> 1000 | E10: ='試算-SLOT'!G10 -> 0.002 | F10: 3 | G10: 4 | H10: 5 | I10: 6 | J10: 7 | K10: 8 | L10: 9 | M10: 11 | N10: 13 | O10: 14 | P10: 16 | Q10: 18 | R10: 19 | S10: 20 | T10: 21 | U10: 22 | V10: 23 | W10: 24 | X10: 25 | Y10: 26
A11: ='試算-SLOT'!A11 -> MYR | B11: ='試算-SLOT'!B11 -> RM | C11: ='試算-SLOT'!C11 -> 馬來西亞令吉 | D11: =IF('試算-SLOT'!D11=1,"",'試算-SLOT'!D11) | E11: ='試算-SLOT'!G11 -> 0.002 | F11: 1 | G11: 2 | H11: 3 | I11: 4 | J11: 5 | K11: 6 | L11: 7 | M11: 8 | N11: 9 | O11: 10 | P11: 11 | Q11: 13 | R11: 14 | S11: 16 | T11: 18 | U11: 19 | V11: 20 | W11: 21 | X11: 22 | Y11: 23
A12: ='試算-SLOT'!A12 -> SGD | B12: ='試算-SLOT'!B12 -> S$ | C12: ='試算-SLOT'!C12 -> 新加坡幣 | D12: =IF('試算-SLOT'!D12=1,"",'試算-SLOT'!D12) | E12: ='試算-SLOT'!G12 -> 0.002 | F12: 1 | G12: 2 | H12: 3 | I12: 4 | J12: 5 | K12: 6 | L12: 7 | M12: 8 | N12: 9 | O12: 10 | P12: 11 | Q12: 12 | R12: 13 | S12: 14 | T12: 15 | U12: 16 | V12: 17 | W12: 18 | X12: 19 | Y12: 20
A13: ='試算-SLOT'!A13 -> USD | B13: ='試算-SLOT'!B13 -> $ | C13: ='試算-SLOT'!C13 -> 美元 | D13: =IF('試算-SLOT'!D13=1,"",'試算-SLOT'!D13) | E13: ='試算-SLOT'!G13 -> 0.002 | F13: 1 | G13: 2 | H13: 3 | I13: 4 | J13: 5 | K13: 6 | L13: 7 | M13: 8 | N13: 9 | O13: 10 | P13: 11 | Q13: 12 | R13: 13 | S13: 14 | T13: 15 | U13: 16 | V13: 17 | W13: 18 | X13: 19 | Y13: 20
A14: ='試算-SLOT'!A14 -> BDT | B14: ='試算-SLOT'!B14 -> ৳ | C14: ='試算-SLOT'!C14 -> 孟加拉塔卡 | D14: =IF('試算-SLOT'!D14=1,"",'試算-SLOT'!D14) | E14: ='試算-SLOT'!G14 -> 0.002 | F14: 4 | G14: 6 | H14: 7 | I14: 9 | J14: 11 | K14: 13 | L14: 14 | M14: 16 | N14: 18 | O14: 19 | P14: 20 | Q14: 21 | R14: 22 | S14: 23 | T14: 24 | U14: 25 | V14: 26 | W14: 27 | X14: 28 | Y14: 29
A15: ='試算-SLOT'!A15 -> PKR | B15: ='試算-SLOT'!B15 -> ₨ | C15: ='試算-SLOT'!C15 -> 巴基斯坦盧比 | D15: =IF('試算-SLOT'!D15=1,"",'試算-SLOT'!D15) | E15: ='試算-SLOT'!G15 -> 0.01 | F15: 3 | G15: 4 | H15: 6 | I15: 7 | J15: 9 | K15: 11 | L15: 13 | M15: 14 | N15: 16 | O15: 18 | P15: 19 | Q15: 20 | R15: 21 | S15: 22 | T15: 23 | U15: 24 | V15: 25 | W15: 26 | X15: 27 | Y15: 28
A16: ='試算-SLOT'!A16 -> MMK | B16: ='試算-SLOT'!B16 -> K | C16: ='試算-SLOT'!C16 -> 緬甸元(K) | D16: =IF('試算-SLOT'!D16=1,"",'試算-SLOT'!D16) -> 1000 | E16: ='試算-SLOT'!G16 -> 0.002 | F16: 1 | G16: 2 | H16: 3 | I16: 4 | J16: 5 | K16: 6 | L16: 7 | M16: 8 | N16: 9 | O16: 10 | P16: 11 | Q16: 12 | R16: 13 | S16: 14 | T16: 15 | U16: 16 | V16: 18 | W16: 19 | X16: 20 | Y16: 21
A17: ='試算-SLOT'!A17 -> MMH | B17: ='試算-SLOT'!B17 -> K | C17: ='試算-SLOT'!C17 -> 緬甸元(H) | D17: =IF('試算-SLOT'!D17=1,"",'試算-SLOT'!D17) -> 100 | E17: ='試算-SLOT'!G17 -> 0.004 | F17: 1 | G17: 2 | H17: 3 | I17: 4 | J17: 5 | K17: 6 | L17: 7 | M17: 8 | N17: 9 | O17: 11 | P17: 13 | Q17: 14 | R17: 16 | S17: 18 | T17: 19 | U17: 20 | V17: 21 | W17: 22 | X17: 23 | Y17: 24
... A55: ='試算-SLOT'!A55 -> XSMY | B55: ='試算-SLOT'!B55 | C55: ='試算-SLOT'!C55 -> 星城馬來西亞 | D55: =IF('試算-SLOT'!D55=1,"",'試算-SLOT'!D55) | E55: ='試算-SLOT'!G55 -> 1 | F55: 1 | G55: 2 | H55: 3 | I55: 4 | J55: 5 | K55: 6 | L55: 7 | M55: 8 | N55: 9 | O55: 10 | P55: 11 | Q55: 13 | R55: 14 | S55: 16 | T55: 17 | U55: 18 | V55: 19 | W55: 20 | X55: 21 | Y55: 22
A57: Normal Bet (100)
A58: =A5 -> 貨幣簡稱 | B58: =B5 -> 貨幣符號 | C58: =C5 -> 中文名稱 | D58: =D5 -> 貨幣轉換 | E58: =E5 -> Denom | F58: =F5 -> 第 1 組 | G58: =G5 -> 第 2 組 | H58: =H5 -> 第 3 組 | ... Y58: =Y5 -> 第 20 組 | AA58: 顯示金額
A59: =A6 -> THB | B59: =B6 -> ฿ | C59: =C6 -> 泰銖 | D59: =D6 | E59: =E6 -> 0.002 | F59: =HLOOKUP(F6,$F$1:$AI$2,2) * $D$1 * $E59 -> 1 | G59: =HLOOKUP(G6,$F$1:$AI$2,2) * $D$1 * $E59 -> 2 | H59: =HLOOKUP(H6,$F$1:$AI$2,2) * $D$1 * $E59 -> 3 | I59: =HLOOKUP(I6,$F$1:$AI$2,2) * $D$1 * $E59 -> 4 | J59: =HLOOKUP(J6,$F$1:$AI$2,2) * $D$1 * $E59 -> 5 | K59: =HLOOKUP(K6,$F$1:$AI$2,2) * $D$1 * $E59 -> 6 | L59: =HLOOKUP(L6,$F$1:$AI$2,2) * $D$1 * $E59 -> 8 | M59: =HLOOKUP(M6,$F$1:$AI$2,2) * $D$1 * $E59 -> 10 | ... Y59: =HLOOKUP(Y6,$F$1:$AI$2,2) * $D$1 * $E59 -> 1500
A60: =A7 -> HKD | B60: =B7 -> HK$ | C60: =C7 -> 港幣 | D60: =D7 | E60: =E7 -> 0.002 | F60: =HLOOKUP(F7,$F$1:$AI$2,2) * $D$1 * $E60 -> 0.2 | G60: =HLOOKUP(G7,$F$1:$AI$2,2) * $D$1 * $E60 -> 0.4 | H60: =HLOOKUP(H7,$F$1:$AI$2,2) * $D$1 * $E60 -> 1 | I60: =HLOOKUP(I7,$F$1:$AI$2,2) * $D$1 * $E60 -> 2 | J60: =HLOOKUP(J7,$F$1:$AI$2,2) * $D$1 * $E60 -> 2.4 | K60: =HLOOKUP(K7,$F$1:$AI$2,2) * $D$1 * $E60 -> 3 | L60: =HLOOKUP(L7,$F$1:$AI$2,2) * $D$1 * $E60 -> 4 | M60: =HLOOKUP(M7,$F$1:$AI$2,2) * $D$1 * $E60 -> 5 | ... Y60: =HLOOKUP(Y7,$F$1:$AI$2,2) * $D$1 * $E60 -> 300
A61: =A8 -> INR | B61: =B8 -> ₹ | C61: =C8 -> 印度盧比 | D61: =D8 | E61: =E8 -> 0.002 | F61: =HLOOKUP(F8,$F$1:$AI$2,2) * $D$1 * $E61 -> 2 | G61: =HLOOKUP(G8,$F$1:$AI$2,2) * $D$1 * $E61 -> 3 | H61: =HLOOKUP(H8,$F$1:$AI$2,2) * $D$1 * $E61 -> 4 | I61: =HLOOKUP(I8,$F$1:$AI$2,2) * $D$1 * $E61 -> 6 | J61: =HLOOKUP(J8,$F$1:$AI$2,2) * $D$1 * $E61 -> 8 | K61: =HLOOKUP(K8,$F$1:$AI$2,2) * $D$1 * $E61 -> 10 | L61: =HLOOKUP(L8,$F$1:$AI$2,2) * $D$1 * $E61 -> 12 | M61: =HLOOKUP(M8,$F$1:$AI$2,2) * $D$1 * $E61 -> 16 | ... Y61: =HLOOKUP(Y8,$F$1:$AI$2,2) * $D$1 * $E61 -> 3000
A62: =A9 -> IDR | B62: =B9 -> Rp | C62: =C9 -> 印尼盧比(K) | D62: =D9 -> 1000 | E62: =E9 -> 0.002 | F62: =HLOOKUP(F9,$F$1:$AI$2,2) * $D$1 * $E62 -> 0.4 | G62: =HLOOKUP(G9,$F$1:$AI$2,2) * $D$1 * $E62 -> 1 | H62: =HLOOKUP(H9,$F$1:$AI$2,2) * $D$1 * $E62 -> 2 | I62: =HLOOKUP(I9,$F$1:$AI$2,2) * $D$1 * $E62 -> 2.4 | J62: =HLOOKUP(J9,$F$1:$AI$2,2) * $D$1 * $E62 -> 3 | K62: =HLOOKUP(K9,$F$1:$AI$2,2) * $D$1 * $E62 -> 4 | L62: =HLOOKUP(L9,$F$1:$AI$2,2) * $D$1 * $E62 -> 5 | M62: =HLOOKUP(M9,$F$1:$AI$2,2) * $D$1 * $E62 -> 6 | ... Y62: =HLOOKUP(Y9,$F$1:$AI$2,2) * $D$1 * $E62 -> 600
A63: =A10 -> VND | B63: =B10 -> ₫ | C63: =C10 -> 越南盾(K) | D63: =D10 -> 1000 | E63: =E10 -> 0.002 | F63: =HLOOKUP(F10,$F$1:$AI$2,2) * $D$1 * $E63 -> 1 | G63: =HLOOKUP(G10,$F$1:$AI$2,2) * $D$1 * $E63 -> 2 | H63: =HLOOKUP(H10,$F$1:$AI$2,2) * $D$1 * $E63 -> 2.4 | I63: =HLOOKUP(I10,$F$1:$AI$2,2) * $D$1 * $E63 -> 3 | J63: =HLOOKUP(J10,$F$1:$AI$2,2) * $D$1 * $E63 -> 4 | K63: =HLOOKUP(K10,$F$1:$AI$2,2) * $D$1 * $E63 -> 5 | L63: =HLOOKUP(L10,$F$1:$AI$2,2) * $D$1 * $E63 -> 6 | M63: =HLOOKUP(M10,$F$1:$AI$2,2) * $D$1 * $E63 -> 8 | ... Y63: =HLOOKUP(Y10,$F$1:$AI$2,2) * $D$1 * $E63 -> 1000
A64: =A11 -> MYR | B64: =B11 -> RM | C64: =C11 -> 馬來西亞令吉 | D64: =D11 | E64: =E11 -> 0.002 | F64: =HLOOKUP(F11,$F$1:$AI$2,2) * $D$1 * $E64 -> 0.2 | G64: =HLOOKUP(G11,$F$1:$AI$2,2) * $D$1 * $E64 -> 0.4 | H64: =HLOOKUP(H11,$F$1:$AI$2,2) * $D$1 * $E64 -> 1 | I64: =HLOOKUP(I11,$F$1:$AI$2,2) * $D$1 * $E64 -> 2 | J64: =HLOOKUP(J11,$F$1:$AI$2,2) * $D$1 * $E64 -> 2.4 | K64: =HLOOKUP(K11,$F$1:$AI$2,2) * $D$1 * $E64 -> 3 | L64: =HLOOKUP(L11,$F$1:$AI$2,2) * $D$1 * $E64 -> 4 | M64: =HLOOKUP(M11,$F$1:$AI$2,2) * $D$1 * $E64 -> 5 | ... Y64: =HLOOKUP(Y11,$F$1:$AI$2,2) * $D$1 * $E64 -> 200
A65: =A12 -> SGD | B65: =B12 -> S$ | C65: =C12 -> 新加坡幣 | D65: =D12 | E65: =E12 -> 0.002 | F65: =HLOOKUP(F12,$F$1:$AI$2,2) * $D$1 * $E65 -> 0.2 | G65: =HLOOKUP(G12,$F$1:$AI$2,2) * $D$1 * $E65 -> 0.4 | H65: =HLOOKUP(H12,$F$1:$AI$2,2) * $D$1 * $E65 -> 1 | I65: =HLOOKUP(I12,$F$1:$AI$2,2) * $D$1 * $E65 -> 2 | J65: =HLOOKUP(J12,$F$1:$AI$2,2) * $D$1 * $E65 -> 2.4 | K65: =HLOOKUP(K12,$F$1:$AI$2,2) * $D$1 * $E65 -> 3 | L65: =HLOOKUP(L12,$F$1:$AI$2,2) * $D$1 * $E65 -> 4 | M65: =HLOOKUP(M12,$F$1:$AI$2,2) * $D$1 * $E65 -> 5 | ... Y65: =HLOOKUP(Y12,$F$1:$AI$2,2) * $D$1 * $E65 -> 40
A66: =A13 -> USD | B66: =B13 -> $ | C66: =C13 -> 美元 | D66: =D13 | E66: =E13 -> 0.002 | F66: =HLOOKUP(F13,$F$1:$AI$2,2) * $D$1 * $E66 -> 0.2 | G66: =HLOOKUP(G13,$F$1:$AI$2,2) * $D$1 * $E66 -> 0.4 | H66: =HLOOKUP(H13,$F$1:$AI$2,2) * $D$1 * $E66 -> 1 | I66: =HLOOKUP(I13,$F$1:$AI$2,2) * $D$1 * $E66 -> 2 | J66: =HLOOKUP(J13,$F$1:$AI$2,2) * $D$1 * $E66 -> 2.4 | K66: =HLOOKUP(K13,$F$1:$AI$2,2) * $D$1 * $E66 -> 3 | L66: =HLOOKUP(L13,$F$1:$AI$2,2) * $D$1 * $E66 -> 4 | M66: =HLOOKUP(M13,$F$1:$AI$2,2) * $D$1 * $E66 -> 5 | ... Y66: =HLOOKUP(Y13,$F$1:$AI$2,2) * $D$1 * $E66 -> 40
A67: =A14 -> BDT | B67: =B14 -> ৳ | C67: =C14 -> 孟加拉塔卡 | D67: =D14 | E67: =E14 -> 0.002 | F67: =HLOOKUP(F14,$F$1:$AI$2,2) * $D$1 * $E67 -> 2 | G67: =HLOOKUP(G14,$F$1:$AI$2,2) * $D$1 * $E67 -> 3 | H67: =HLOOKUP(H14,$F$1:$AI$2,2) * $D$1 * $E67 -> 4 | I67: =HLOOKUP(I14,$F$1:$AI$2,2) * $D$1 * $E67 -> 6 | J67: =HLOOKUP(J14,$F$1:$AI$2,2) * $D$1 * $E67 -> 8 | K67: =HLOOKUP(K14,$F$1:$AI$2,2) * $D$1 * $E67 -> 10 | L67: =HLOOKUP(L14,$F$1:$AI$2,2) * $D$1 * $E67 -> 12 | M67: =HLOOKUP(M14,$F$1:$AI$2,2) * $D$1 * $E67 -> 16 | ... Y67: =HLOOKUP(Y14,$F$1:$AI$2,2) * $D$1 * $E67 -> 3000
A68: =A15 -> PKR | B68: =B15 -> ₨ | C68: =C15 -> 巴基斯坦盧比 | D68: =D15 | E68: =E15 -> 0.01 | F68: =HLOOKUP(F15,$F$1:$AI$2,2) * $D$1 * $E68 -> 5 | G68: =HLOOKUP(G15,$F$1:$AI$2,2) * $D$1 * $E68 -> 10 | H68: =HLOOKUP(H15,$F$1:$AI$2,2) * $D$1 * $E68 -> 15 | I68: =HLOOKUP(I15,$F$1:$AI$2,2) * $D$1 * $E68 -> 20 | J68: =HLOOKUP(J15,$F$1:$AI$2,2) * $D$1 * $E68 -> 30 | K68: =HLOOKUP(K15,$F$1:$AI$2,2) * $D$1 * $E68 -> 40 | L68: =HLOOKUP(L15,$F$1:$AI$2,2) * $D$1 * $E68 -> 50 | M68: =HLOOKUP(M15,$F$1:$AI$2,2) * $D$1 * $E68 -> 60 | ... Y68: =HLOOKUP(Y15,$F$1:$AI$2,2) * $D$1 * $E68 -> 10000
A69: =A16 -> MMK | B69: =B16 -> K | C69: =C16 -> 緬甸元(K) | D69: =D16 -> 1000 | E69: =E16 -> 0.002 | F69: =HLOOKUP(F16,$F$1:$AI$2,2) * $D$1 * $E69 -> 0.2 | G69: =HLOOKUP(G16,$F$1:$AI$2,2) * $D$1 * $E69 -> 0.4 | H69: =HLOOKUP(H16,$F$1:$AI$2,2) * $D$1 * $E69 -> 1 | I69: =HLOOKUP(I16,$F$1:$AI$2,2) * $D$1 * $E69 -> 2 | J69: =HLOOKUP(J16,$F$1:$AI$2,2) * $D$1 * $E69 -> 2.4 | K69: =HLOOKUP(K16,$F$1:$AI$2,2) * $D$1 * $E69 -> 3 | L69: =HLOOKUP(L16,$F$1:$AI$2,2) * $D$1 * $E69 -> 4 | M69: =HLOOKUP(M16,$F$1:$AI$2,2) * $D$1 * $E69 -> 5 | ... Y69: =HLOOKUP(Y16,$F$1:$AI$2,2) * $D$1 * $E69 -> 60
A70: =A17 -> MMH | B70: =B17 -> K | C70: =C17 -> 緬甸元(H) | D70: =D17 -> 100 | E70: =E17 -> 0.004 | F70: =HLOOKUP(F17,$F$1:$AI$2,2) * $D$1 * $E70 -> 0.4 | G70: =HLOOKUP(G17,$F$1:$AI$2,2) * $D$1 * $E70 -> 0.8 | H70: =HLOOKUP(H17,$F$1:$AI$2,2) * $D$1 * $E70 -> 2 | I70: =HLOOKUP(I17,$F$1:$AI$2,2) * $D$1 * $E70 -> 4 | J70: =HLOOKUP(J17,$F$1:$AI$2,2) * $D$1 * $E70 -> 4.8 | K70: =HLOOKUP(K17,$F$1:$AI$2,2) * $D$1 * $E70 -> 6 | L70: =HLOOKUP(L17,$F$1:$AI$2,2) * $D$1 * $E70 -> 8 | M70: =HLOOKUP(M17,$F$1:$AI$2,2) * $D$1 * $E70 -> 10 | ... Y70: =HLOOKUP(Y17,$F$1:$AI$2,2) * $D$1 * $E70 -> 600
... A108: =A55 -> XSMY | B108: =B55 | C108: =C55 -> 星城馬來西亞 | D108: =D55 | E108: =E55 -> 1 | F108: =HLOOKUP(F55,$F$1:$AI$2,2) * $D$1 * $E108 -> 100 | G108: =HLOOKUP(G55,$F$1:$AI$2,2) * $D$1 * $E108 -> 200 | H108: =HLOOKUP(H55,$F$1:$AI$2,2) * $D$1 * $E108 -> 500 | I108: =HLOOKUP(I55,$F$1:$AI$2,2) * $D$1 * $E108 -> 1000 | J108: =HLOOKUP(J55,$F$1:$AI$2,2) * $D$1 * $E108 -> 1200 | K108: =HLOOKUP(K55,$F$1:$AI$2,2) * $D$1 * $E108 -> 1500 | L108: =HLOOKUP(L55,$F$1:$AI$2,2) * $D$1 * $E108 -> 2000 | M108: =HLOOKUP(M55,$F$1:$AI$2,2) * $D$1 * $E108 -> 2500 | ... Y108: =HLOOKUP(Y55,$F$1:$AI$2,2) * $D$1 * $E108 -> 50000
A110: Extra Bet (150)
A111: =A58 -> 貨幣簡稱 | B111: =B58 -> 貨幣符號 | C111: =C58 -> 中文名稱 | D111: =D58 -> 貨幣轉換 | E111: =E58 -> Denom | F111: =F58 -> 第 1 組 | G111: =G58 -> 第 2 組 | H111: =H58 -> 第 3 組 | ... Y111: =Y58 -> 第 20 組
A112: =A59 -> THB | B112: =B59 -> ฿ | C112: =C59 -> 泰銖 | D112: =D59 | E112: =E59 -> 0.002 | F112: =F59*1.5 -> 1.5 | G112: =G59*1.5 -> 3 | H112: =H59*1.5 -> 4.5 | I112: =I59*1.5 -> 6 | J112: =J59*1.5 -> 7.5 | K112: =K59*1.5 -> 9 | L112: =L59*1.5 -> 12 | M112: =M59*1.5 -> 15 | ... Y112: =Y59*1.5 -> 2250
A113: =A60 -> HKD | B113: =B60 -> HK$ | C113: =C60 -> 港幣 | D113: =D60 | E113: =E60 -> 0.002 | F113: =F60*1.5 -> 0.3 | G113: =G60*1.5 -> 0.6 | H113: =H60*1.5 -> 1.5 | I113: =I60*1.5 -> 3 | J113: =J60*1.5 -> 3.6 | K113: =K60*1.5 -> 4.5 | L113: =L60*1.5 -> 6 | M113: =M60*1.5 -> 7.5 | ... Y113: =Y60*1.5 -> 450
A114: =A61 -> INR | B114: =B61 -> ₹ | C114: =C61 -> 印度盧比 | D114: =D61 | E114: =E61 -> 0.002 | F114: =F61*1.5 -> 3 | G114: =G61*1.5 -> 4.5 | H114: =H61*1.5 -> 6 | I114: =I61*1.5 -> 9 | J114: =J61*1.5 -> 12 | K114: =K61*1.5 -> 15 | L114: =L61*1.5 -> 18 | M114: =M61*1.5 -> 24 | ... Y114: =Y61*1.5 -> 4500
A115: =A62 -> IDR | B115: =B62 -> Rp | C115: =C62 -> 印尼盧比(K) | D115: =D62 -> 1000 | E115: =E62 -> 0.002 | F115: =F62*1.5 -> 0.6 | G115: =G62*1.5 -> 1.5 | H115: =H62*1.5 -> 3 | I115: =I62*1.5 -> 3.6 | J115: =J62*1.5 -> 4.5 | K115: =K62*1.5 -> 6 | L115: =L62*1.5 -> 7.5 | M115: =M62*1.5 -> 9 | ... Y115: =Y62*1.5 -> 900
A116: =A63 -> VND | B116: =B63 -> ₫ | C116: =C63 -> 越南盾(K) | D116: =D63 -> 1000 | E116: =E63 -> 0.002 | F116: =F63*1.5 -> 1.5 | G116: =G63*1.5 -> 3 | H116: =H63*1.5 -> 3.6 | I116: =I63*1.5 -> 4.5 | J116: =J63*1.5 -> 6 | K116: =K63*1.5 -> 7.5 | L116: =L63*1.5 -> 9 | M116: =M63*1.5 -> 12 | ... Y116: =Y63*1.5 -> 1500
A117: =A64 -> MYR | B117: =B64 -> RM | C117: =C64 -> 馬來西亞令吉 | D117: =D64 | E117: =E64 -> 0.002 | F117: =F64*1.5 -> 0.3 | G117: =G64*1.5 -> 0.6 | H117: =H64*1.5 -> 1.5 | I117: =I64*1.5 -> 3 | J117: =J64*1.5 -> 3.6 | K117: =K64*1.5 -> 4.5 | L117: =L64*1.5 -> 6 | M117: =M64*1.5 -> 7.5 | ... Y117: =Y64*1.5 -> 300
A118: =A65 -> SGD | B118: =B65 -> S$ | C118: =C65 -> 新加坡幣 | D118: =D65 | E118: =E65 -> 0.002 | F118: =F65*1.5 -> 0.3 | G118: =G65*1.5 -> 0.6 | H118: =H65*1.5 -> 1.5 | I118: =I65*1.5 -> 3 | J118: =J65*1.5 -> 3.6 | K118: =K65*1.5 -> 4.5 | L118: =L65*1.5 -> 6 | M118: =M65*1.5 -> 7.5 | ... Y118: =Y65*1.5 -> 60
A119: =A66 -> USD | B119: =B66 -> $ | C119: =C66 -> 美元 | D119: =D66 | E119: =E66 -> 0.002 | F119: =F66*1.5 -> 0.3 | G119: =G66*1.5 -> 0.6 | H119: =H66*1.5 -> 1.5 | I119: =I66*1.5 -> 3 | J119: =J66*1.5 -> 3.6 | K119: =K66*1.5 -> 4.5 | L119: =L66*1.5 -> 6 | M119: =M66*1.5 -> 7.5 | ... Y119: =Y66*1.5 -> 60
A120: =A67 -> BDT | B120: =B67 -> ৳ | C120: =C67 -> 孟加拉塔卡 | D120: =D67 | E120: =E67 -> 0.002 | F120: =F67*1.5 -> 3 | G120: =G67*1.5 -> 4.5 | H120: =H67*1.5 -> 6 | I120: =I67*1.5 -> 9 | J120: =J67*1.5 -> 12 | K120: =K67*1.5 -> 15 | L120: =L67*1.5 -> 18 | M120: =M67*1.5 -> 24 | ... Y120: =Y67*1.5 -> 4500
A121: =A68 -> PKR | B121: =B68 -> ₨ | C121: =C68 -> 巴基斯坦盧比 | D121: =D68 | E121: =E68 -> 0.01 | F121: =F68*1.5 -> 7.5 | G121: =G68*1.5 -> 15 | H121: =H68*1.5 -> 22.5 | I121: =I68*1.5 -> 30 | J121: =J68*1.5 -> 45 | K121: =K68*1.5 -> 60 | L121: =L68*1.5 -> 75 | M121: =M68*1.5 -> 90 | ... Y121: =Y68*1.5 -> 15000
A122: =A69 -> MMK | B122: =B69 -> K | C122: =C69 -> 緬甸元(K) | D122: =D69 -> 1000 | E122: =E69 -> 0.002 | F122: =F69*1.5 -> 0.3 | G122: =G69*1.5 -> 0.6 | H122: =H69*1.5 -> 1.5 | I122: =I69*1.5 -> 3 | J122: =J69*1.5 -> 3.6 | K122: =K69*1.5 -> 4.5 | L122: =L69*1.5 -> 6 | M122: =M69*1.5 -> 7.5 | ... Y122: =Y69*1.5 -> 90
A123: =A70 -> MMH | B123: =B70 -> K | C123: =C70 -> 緬甸元(H) | D123: =D70 -> 100 | E123: =E70 -> 0.004 | F123: =F70*1.5 -> 0.6 | G123: =G70*1.5 -> 1.2 | H123: =H70*1.5 -> 3 | I123: =I70*1.5 -> 6 | J123: =J70*1.5 -> 7.2 | K123: =K70*1.5 -> 9 | L123: =L70*1.5 -> 12 | M123: =M70*1.5 -> 15 | ... Y123: =Y70*1.5 -> 900
... A161: =A108 -> XSMY | B161: =B108 | C161: =C108 -> 星城馬來西亞 | D161: =D108 | E161: =E108 -> 1 | F161: =F108*1.5 -> 150 | G161: =G108*1.5 -> 300 | H161: =H108*1.5 -> 750 | I161: =I108*1.5 -> 1500 | J161: =J108*1.5 -> 1800 | K161: =K108*1.5 -> 2250 | L161: =L108*1.5 -> 3000 | M161: =M108*1.5 -> 3750 | ... Y161: =Y108*1.5 -> 75000
A163: Extra Bet (300)
A164: =A111 -> 貨幣簡稱 | B164: =B111 -> 貨幣符號 | C164: =C111 -> 中文名稱 | D164: =D111 -> 貨幣轉換 | E164: =E111 -> Denom | F164: =F111 -> 第 1 組 | G164: =G111 -> 第 2 組 | H164: =H111 -> 第 3 組 | ... Y164: =Y111 -> 第 20 組
A165: =A112 -> THB | B165: =B112 -> ฿ | C165: =C112 -> 泰銖 | D165: =D112 | E165: =E112 -> 0.002 | F165: =F112*2 -> 3 | G165: =G112*2 -> 6 | H165: =H112*2 -> 9 | I165: =I112*2 -> 12 | J165: =J112*2 -> 15 | K165: =K112*2 -> 18 | L165: =L112*2 -> 24 | M165: =M112*2 -> 30 | ... Y165: =Y112*2 -> 4500
A166: =A113 -> HKD | B166: =B113 -> HK$ | C166: =C113 -> 港幣 | D166: =D113 | E166: =E113 -> 0.002 | F166: =F113*2 -> 0.6 | G166: =G113*2 -> 1.2 | H166: =H113*2 -> 3 | I166: =I113*2 -> 6 | J166: =J113*2 -> 7.2 | K166: =K113*2 -> 9 | L166: =L113*2 -> 12 | M166: =M113*2 -> 15 | ... Y166: =Y113*2 -> 900
A167: =A114 -> INR | B167: =B114 -> ₹ | C167: =C114 -> 印度盧比 | D167: =D114 | E167: =E114 -> 0.002 | F167: =F114*2 -> 6 | G167: =G114*2 -> 9 | H167: =H114*2 -> 12 | I167: =I114*2 -> 18 | J167: =J114*2 -> 24 | K167: =K114*2 -> 30 | L167: =L114*2 -> 36 | M167: =M114*2 -> 48 | ... Y167: =Y114*2 -> 9000
A168: =A115 -> IDR | B168: =B115 -> Rp | C168: =C115 -> 印尼盧比(K) | D168: =D115 -> 1000 | E168: =E115 -> 0.002 | F168: =F115*2 -> 1.2 | G168: =G115*2 -> 3 | H168: =H115*2 -> 6 | I168: =I115*2 -> 7.2 | J168: =J115*2 -> 9 | K168: =K115*2 -> 12 | L168: =L115*2 -> 15 | M168: =M115*2 -> 18 | ... Y168: =Y115*2 -> 1800
A169: =A116 -> VND | B169: =B116 -> ₫ | C169: =C116 -> 越南盾(K) | D169: =D116 -> 1000 | E169: =E116 -> 0.002 | F169: =F116*2 -> 3 | G169: =G116*2 -> 6 | H169: =H116*2 -> 7.2 | I169: =I116*2 -> 9 | J169: =J116*2 -> 12 | K169: =K116*2 -> 15 | L169: =L116*2 -> 18 | M169: =M116*2 -> 24 | ... Y169: =Y116*2 -> 3000
A170: =A117 -> MYR | B170: =B117 -> RM | C170: =C117 -> 馬來西亞令吉 | D170: =D117 | E170: =E117 -> 0.002 | F170: =F117*2 -> 0.6 | G170: =G117*2 -> 1.2 | H170: =H117*2 -> 3 | I170: =I117*2 -> 6 | J170: =J117*2 -> 7.2 | K170: =K117*2 -> 9 | L170: =L117*2 -> 12 | M170: =M117*2 -> 15 | ... Y170: =Y117*2 -> 600
A171: =A118 -> SGD | B171: =B118 -> S$ | C171: =C118 -> 新加坡幣 | D171: =D118 | E171: =E118 -> 0.002 | F171: =F118*2 -> 0.6 | G171: =G118*2 -> 1.2 | H171: =H118*2 -> 3 | I171: =I118*2 -> 6 | J171: =J118*2 -> 7.2 | K171: =K118*2 -> 9 | L171: =L118*2 -> 12 | M171: =M118*2 -> 15 | ... Y171: =Y118*2 -> 120
A172: =A119 -> USD | B172: =B119 -> $ | C172: =C119 -> 美元 | D172: =D119 | E172: =E119 -> 0.002 | F172: =F119*2 -> 0.6 | G172: =G119*2 -> 1.2 | H172: =H119*2 -> 3 | I172: =I119*2 -> 6 | J172: =J119*2 -> 7.2 | K172: =K119*2 -> 9 | L172: =L119*2 -> 12 | M172: =M119*2 -> 15 | ... Y172: =Y119*2 -> 120
A173: =A120 -> BDT | B173: =B120 -> ৳ | C173: =C120 -> 孟加拉塔卡 | D173: =D120 | E173: =E120 -> 0.002 | F173: =F120*2 -> 6 | G173: =G120*2 -> 9 | H173: =H120*2 -> 12 | I173: =I120*2 -> 18 | J173: =J120*2 -> 24 | K173: =K120*2 -> 30 | L173: =L120*2 -> 36 | M173: =M120*2 -> 48 | ... Y173: =Y120*2 -> 9000
A174: =A121 -> PKR | B174: =B121 -> ₨ | C174: =C121 -> 巴基斯坦盧比 | D174: =D121 | E174: =E121 -> 0.01 | F174: =F121*2 -> 15 | G174: =G121*2 -> 30 | H174: =H121*2 -> 45 | I174: =I121*2 -> 60 | J174: =J121*2 -> 90 | K174: =K121*2 -> 120 | L174: =L121*2 -> 150 | M174: =M121*2 -> 180 | ... Y174: =Y121*2 -> 30000
A175: =A122 -> MMK | B175: =B122 -> K | C175: =C122 -> 緬甸元(K) | D175: =D122 -> 1000 | E175: =E122 -> 0.002 | F175: =F122*2 -> 0.6 | G175: =G122*2 -> 1.2 | H175: =H122*2 -> 3 | I175: =I122*2 -> 6 | J175: =J122*2 -> 7.2 | K175: =K122*2 -> 9 | L175: =L122*2 -> 12 | M175: =M122*2 -> 15 | ... Y175: =Y122*2 -> 180
A176: =A123 -> MMH | B176: =B123 -> K | C176: =C123 -> 緬甸元(H) | D176: =D123 -> 100 | E176: =E123 -> 0.004 | F176: =F123*2 -> 1.2 | G176: =G123*2 -> 2.4 | H176: =H123*2 -> 6 | I176: =I123*2 -> 12 | J176: =J123*2 -> 14.4 | K176: =K123*2 -> 18 | L176: =L123*2 -> 24 | M176: =M123*2 -> 30 | ... Y176: =Y123*2 -> 1800
... A214: =A161 -> XSMY | B214: =B161 | C214: =C161 -> 星城馬來西亞 | D214: =D161 | E214: =E161 -> 1 | F214: =F161*2 -> 300 | G214: =G161*2 -> 600 | H214: =H161*2 -> 1500 | I214: =I161*2 -> 3000 | J214: =J161*2 -> 3600 | K214: =K161*2 -> 4500 | L214: =L161*2 -> 6000 | M214: =M161*2 -> 7500 | ... Y214: =Y161*2 -> 150000

Sheet 試算-SLOT
F1: Denom 小數以下第三位不可以是奇數 | K1: 最小Denom | M1: 0.002
F2: Slot 卡片系統評估
A4: 幣別 | B4: 貨幣符號 | C4: 貨幣簡稱 | E4: 匯率(外幣對台幣) | F4: 換算 | G4: 使用 | H4: 最小押注 | I4: 台幣價值 | J4: 最大押注 | K4: 換算 | L4: 使用 | M4: 最小押注 | N4: 台幣價值 | O4: 最大押注 | P4: 換算 | Q4: 使用 | R4: 最小押注 | S4: 台幣價值 | T4: 最大押注
F5: 100 | K5: 150 | P5: 88
A6: THB | B6: ฿ | C6: 泰銖 | D6: 1 | E6: =IFERROR(__xludf.DUMMYFUNCTION("GOOGLEFINANCE(""Currency:""&A6&""TWD"")*D6"),0.928234) -> 0.928234 | F6: =1/$E6/$F$5/H6 -> 0.010773146 | G6: 0.002 | H6: ='100'!F59 -> 1 | I6: =H6*$E6 -> 0.928234 | J6: =$E6*'100'!Y59 -> 1392.351 | K6: =1/$E6/$K$5 -> 0.007182097 | L6: =G6 -> 0.002 | M6: ='150'!F59 -> 1.5 | N6: =M6*$E6 -> 1.392351 | O6: =$E6*'150'!Y59 -> 2088.5265 | P6: =1/$E6/$K$5 -> 0.007182097 | Q6: =L6 -> 0.002 | R6: ='150'!K59 -> 9 | S6: =R6*$E6 -> 8.354106 | T6: =$E6*'88'!Y59 -> 490.10755
A7: HKD | B7: HK$ | C7: 港幣 | D7: 1 | E7: =IFERROR(__xludf.DUMMYFUNCTION("GOOGLEFINANCE(""Currency:""&A7&""TWD"")*D7"),4.197888558) -> 4.1978886 | F7: =1/$E7/$F$5 -> 0.0023821499 | G7: 0.002 | H7: ='100'!F60 -> 0.2 | I7: =H7*$E7 -> 0.83957771 | J7: =$E7*'100'!Y60 -> 1259.3666 | K7: =1/$E7/$K$5 -> 0.0015881 | L7: =G7 -> 0.002 | M7: ='150'!F60 -> 0.3 | N7: =M7*$E7 -> 1.2593666 | O7: =$E7*'150'!Y60 -> 1889.0499 | P7: =1/$E7/$K$5 -> 0.0015881 | Q7: =L7 -> 0.002 | R7: ='150'!K60 -> 4.5 | S7: =R7*$E7 -> 18.890499 | T7: =$E7*'88'!Y60 -> 1108.2426
A8: INR | B8: ₹ | C8: 印度盧比 | D8: 1 | E8: =IFERROR(__xludf.DUMMYFUNCTION("GOOGLEFINANCE(""Currency:""&A8&""TWD"")*D8"),0.3890549) -> 0.3890549 | F8: =1/$E8/$F$5 -> 0.025703313 | G8: 0.002 | H8: ='100'!F61 -> 2 | I8: =H8*$E8 -> 0.7781098 | J8: =$E8*'100'!Y61 -> 1167.1647 | K8: =1/$E8/$K$5 -> 0.017135542 | L8: =G8 -> 0.002 | M8: ='150'!F61 -> 3 | N8: =M8*$E8 -> 1.1671647 | O8: =$E8*'150'!Y61 -> 1750.747 | P8: =1/$E8/$K$5 -> 0.017135542 | Q8: =L8 -> 0.002 | R8: ='150'!K61 -> 15 | S8: =R8*$E8 -> 5.8358235 | T8: =$E8*'88'!Y61 -> 342.36831
A9: IDR | B9: Rp | C9: 印尼盧比(K) | D9: 1000 | E9: =IFERROR(__xludf.DUMMYFUNCTION("GOOGLEFINANCE(""Currency:""&A9&""TWD"")*D9"),2.0212253) -> 2.0212253 | F9: =1/$E9/$F$5 -> 0.004947494 | G9: 0.002 | H9: ='100'!F62 -> 0.4 | I9: =H9*$E9 -> 0.80849012 | J9: =$E9*'100'!Y62 -> 1212.7352 | K9: =1/$E9/$K$5 -> 0.0032983293 | L9: =G9 -> 0.002 | M9: ='150'!F62 -> 0.6 | N9: =M9*$E9 -> 1.2127352 | O9: =$E9*'150'!Y62 -> 1819.1028 | P9: =1/$E9/$K$5 -> 0.0032983293 | Q9: =L9 -> 0.002 | R9: ='150'!K62 -> 6 | S9: =R9*$E9 -> 12.127352 | T9: =$E9*'88'!Y62 -> 622.53739
A10: VND | B10: ₫ | C10: 越南盾(K) | D10: 1000 | E10: =IFERROR(__xludf.DUMMYFUNCTION("GOOGLEFINANCE(""Currency:""&A10&""TWD"")*D10"),1.300968628) -> 1.3009686 | F10: =1/$E10/$F$5 -> 0.0076865804 | G10: 0.002 | H10: ='100'!F63 -> 1 | I10: =H10*$E10 -> 1.3009686 | J10: =$E10*'100'!Y63 -> 1300.9686 | K10: =1/$E10/$K$5 -> 0.005124387 | L10: =G10 -> 0.002 | M10: ='150'!F63 -> 1.5 | N10: =M10*$E10 -> 1.9514529 | O10: =$E10*'150'!Y63 -> 1951.4529 | P10: =1/$E10/$K$5 -> 0.005124387 | Q10: =L10 -> 0.002 | R10: ='150'!K63 -> 7.5 | S10: =R10*$E10 -> 9.7572647 | T10: =$E10*'88'!Y63 -> 457.94096
A11: MYR | B11: RM | C11: 馬來西亞令吉 | D11: 1 | E11: =IFERROR(__xludf.DUMMYFUNCTION("GOOGLEFINANCE(""Currency:""&A11&""TWD"")*D11"),7.41468329) -> 7.4146833 | F11: =1/$E11/$F$5 -> 0.0013486753 | G11: 0.002 | H11: ='100'!F64 -> 0.2 | I11: =H11*$E11 -> 1.4829367 | J11: =$E11*'100'!Y64 -> 1482.9367 | K11: =1/$E11/$K$5 -> 0.00089911685 | L11: =G11 -> 0.002 | M11: ='150'!F64 -> 0.3 | N11: =M11*$E11 -> 2.224405 | O11: =$E11*'150'!Y64 -> 2224.405 | P11: =1/$E11/$K$5 -> 0.00089911685 | Q11: =L11 -> 0.002 | R11: ='150'!K64 -> 4.5 | S11: =R11*$E11 -> 33.366075 | T11: =$E11*'88'!Y64 -> 1304.9843
A12: SGD | B12: S$ | C12: 新加坡幣 | D12: 1 | E12: =IFERROR(__xludf.DUMMYFUNCTION("GOOGLEFINANCE(""Currency:""&A12&""TWD"")*D12"),24.676630000000003) -> 24.67663 | F12: =1/$E12/$F$5 -> 0.00040524172 | G12: 0.002 | H12: ='100'!F65 -> 0.2 | I12: =H12*$E12 -> 4.935326 | J12: =$E12*'100'!Y65 -> 987.0652 | K12: =1/$E12/$K$5 -> 0.00027016115 | L12: =G12 -> 0.002 | M12: ='150'!F65 -> 0.3 | N12: =M12*$E12 -> 7.402989 | O12: =$E12*'150'!Y65 -> 1480.5978 | P12: =1/$E12/$K$5 -> 0.00027016115 | Q12: =L12 -> 0.002 | R12: ='150'!K65 -> 4.5 | S12: =R12*$E12 -> 111.04484 | T12: =$E12*'88'!Y65 -> 2171.5434
A13: USD | B13: $ | C13: 美元 | D13: 1 | E13: =IFERROR(__xludf.DUMMYFUNCTION("GOOGLEFINANCE(""Currency:""&A13&""TWD"")*D13"),32.6128) -> 32.6128 | F13: =1/$E13/$F$5 -> 0.00030662807 | G13: 0.002 | H13: ='100'!F66 -> 0.2 | I13: =H13*$E13 -> 6.52256 | J13: =$E13*'100'!Y66 -> 1304.512 | K13: =1/$E13/$K$5 -> 0.00020441871 | L13: =G13 -> 0.002 | M13: ='150'!F66 -> 0.3 | N13: =M13*$E13 -> 9.78384 | O13: =$E13*'150'!Y66 -> 1956.768 | P13: =1/$E13/$K$5 -> 0.00020441871 | Q13: =L13 -> 0.002 | R13: ='150'!K66 -> 4.5 | S13: =R13*$E13 -> 146.7576 | T13: =$E13*'88'!Y66 -> 2869.9264
A14: BDT | B14: ৳ | C14: 孟加拉塔卡 | D14: 1 | E14: =IFERROR(__xludf.DUMMYFUNCTION("GOOGLEFINANCE(""Currency:""&A14&""TWD"")*D14"),0.2800025102) -> 0.28000251 | F14: =1/$E14/$F$5 -> 0.035713966 | G14: 0.002 | H14: ='100'!F67 -> 2 | I14: =H14*$E14 -> 0.56000502 | J14: =$E14*'100'!Y67 -> 840.00753 | K14: =1/$E14/$K$5 -> 0.02380931 | L14: =G14 -> 0.002 | M14: ='150'!F67 -> 3 | N14: =M14*$E14 -> 0.84000753 | O14: =$E14*'150'!Y67 -> 1260.0113 | P14: =1/$E14/$K$5 -> 0.02380931 | Q14: =L14 -> 0.002 | R14: ='150'!K67 -> 15 | S14: =R14*$E14 -> 4.2000377 | T14: =$E14*'88'!Y67 -> 246.40221
A15: PKR | B15: ₨ | C15: 巴基斯坦盧比 | D15: 1 | E15: =IFERROR(__xludf.DUMMYFUNCTION("GOOGLEFINANCE(""Currency:""&A15&""TWD"")*D15"),0.1181703056) -> 0.11817031 | F15: =1/$E15/$F$5 -> 0.084623628 | G15: 0.01 | H15: ='100'!F68 -> 5 | I15: =H15*$E15 -> 0.59085153 | J15: =$E15*'100'!Y68 -> 1181.7031 | K15: =1/$E15/$K$5 -> 0.056415752 | L15: =G15 -> 0.01 | M15: ='150'!F68 -> 7.5 | N15: =M15*$E15 -> 0.88627729 | O15: =$E15*'150'!Y68 -> 1772.5546 | P15: =1/$E15/$K$5 -> 0.056415752 | Q15: =L15 -> 0.01 | R15: ='150'!K68 -> 60 | S15: =R15*$E15 -> 7.0902183 | T15: =$E15*'88'!Y68 -> 415.95948
A16: MMK | B16: K | C16: 緬甸元(K) | D16: 1000 | E16: =IFERROR(__xludf.DUMMYFUNCTION("GOOGLEFINANCE(""Currency:""&A16&""TWD"")*D16"),10.04617852) -> 10.046179 | F16: =1/$E16/$F$5 -> 0.00099540337 | G16: 0.002 | H16: ='100'!F69 -> 0.2 | I16: =H16*$E16 -> 2.0092357 | J16: =$E16*'100'!Y69 -> 602.77071 | K16: =1/$E16/$K$5 -> 0.00066360225 | L16: =G16 -> 0.002 | M16: ='150'!F69 -> 0.3 | N16: =M16*$E16 -> 3.0138536 | O16: =$E16*'150'!Y69 -> 904.15607 | P16: =1/$E16/$K$5 -> 0.00066360225 | Q16: =L16 -> 0.002 | R16: ='150'!K69 -> 4.5 | S16: =R16*$E16 -> 45.207803 | T16: =$E16*'88'!Y69 -> 1060.8765
A17: MMH | B17: K | C17: 緬甸元(H) | D17: 100 | E17: =IFERROR(__xludf.DUMMYFUNCTION("GOOGLEFINANCE(""Currency:""&A16&""TWD"")*D17"),1.004617852) -> 1.0046179 | F17: =1/$E17/$F$5 -> 0.0099540337 | G17: 0.004 | H17: ='100'!F70 -> 0.4 | I17: =H17*$E17 -> 0.40184714 | J17: =$E17*'100'!Y70 -> 602.77071 | K17: =1/$E17/$K$5 -> 0.0066360225 | L17: =G17 -> 0.004 | M17: ='150'!F70 -> 0.6 | N17: =M17*$E17 -> 0.60277071 | O17: =$E17*'150'!Y70 -> 904.15607 | P17: =1/$E17/$K$5 -> 0.0066360225 | Q17: =L17 -> 0.004 | R17: ='150'!K70 -> 9 | S17: =R17*$E17 -> 9.0415607 | T17: =$E17*'88'!Y70 -> 530.43823
A18: PHP | B18: ₱ | C18: 菲律賓披索 | D18: 1 | E18: =IFERROR(__xludf.DUMMYFUNCTION("GOOGLEFINANCE(""Currency:""&A18&""TWD"")*D18"),0.5653213571) -> 0.56532136 | F18: =1/$E18/$F$5 -> 0.017689054 | G18: 0.002 | H18: ='100'!F71 -> 1 | I18: =H18*$E18 -> 0.56532136 | J18: =$E18*'100'!Y71 -> 847.98204 | K18: =1/$E18/$K$5 -> 0.011792703 | L18: =G18 -> 0.002 | M18: ='150'!F71 -> 1.5 | N18: =M18*$E18 -> 0.84798204 | O18: =$E18*'150'!Y71 -> 1271.9731 | P18: =1/$E18/$K$5 -> 0.011792703 | Q18: 0.01 | R18: ='150'!K71 -> 9 | S18: =R18*$E18 -> 5.0878922 | T18: =$E18*'88'!Y71 -> 2984.8968
A19: CNY | B19: ￥ | C19: 人民幣 | D19: 1 | E19: =IFERROR(__xludf.DUMMYFUNCTION("GOOGLEFINANCE(""Currency:""&A19&""TWD"")*D19"),4.578511) -> 4.578511 | F19: =1/$E19/$F$5 -> 0.0021841162 | G19: 0.002 | H19: ='100'!F72 -> 0.2 | I19: =H19*$E19 -> 0.9157022 | J19: =$E19*'100'!Y72 -> 1373.5533 | K19: =1/$E19/$K$5 -> 0.0014560775 | L19: =G19 -> 0.002 | M19: ='150'!F72 -> 0.3 | N19: =M19*$E19 -> 1.3735533 | O19: =$E19*'150'!Y72 -> 6867.7665 | P19: =1/$E19/$K$5 -> 0.0014560775 | Q19: =L19 -> 0.002 | R19: ='150'!K72 -> 6 | S19: =R19*$E19 -> 27.471066 | T19: =$E19*'88'!Y72 -> 1208.7269
A20: MXN | B20: Mex$ | C20: 墨⻄哥披索 | D20: 1 | E20: =IFERROR(__xludf.DUMMYFUNCTION("GOOGLEFINANCE(""Currency:""&A20&""TWD"")*D20"),1.6445982780000001) -> 1.6445983 | F20: =1/$E20/$F$5 -> 0.0060805123 | G20: 0.002 | H20: ='100'!F73 -> 0.4 | I20: =H20*$E20 -> 0.65783931 | J20: =$E20*'100'!Y73 -> 986.75897 | K20: =1/$E20/$K$5 -> 0.0040536748 | L20: =G20 -> 0.002 | M20: ='150'!F73 -> 0.6 | N20: =M20*$E20 -> 0.98675897 | O20: =$E20*'150'!Y73 -> 1480.1384 | P20: =1/$E20/$K$5 -> 0.0040536748 | Q20: =L20 -> 0.002 | R20: ='150'!K73 -> 6 | S20: =R20*$E20 -> 9.8675897 | T20: =$E20*'88'!Y73 -> 506.53627
A21: BRL | B21: R$ | C21: 巴西雷亞爾 | D21: 1 | E21: =IFERROR(__xludf.DUMMYFUNCTION("GOOGLEFINANCE(""Currency:""&A21&""TWD"")*D21"),5.696181725000001) -> 5.6961817 | F21: =1/$E21/$F$5 -> 0.001755562 | G21: 0.002 | H21: ='100'!F74 -> 0.2 | I21: =H21*$E21 -> 1.1392363 | J21: =$E21*'100'!Y74 -> 1139.2363 | K21: =1/$E21/$K$5 -> 0.0011703746 | L21: =G21 -> 0.002 | M21: ='150'!F74 -> 0.3 | N21: =M21*$E21 -> 1.7088545 | O21: =$E21*'150'!Y74 -> 1708.8545 | P21: =1/$E21/$K$5 -> 0.0011703746 | Q21: =L21 -> 0.002 | R21: ='150'!K74 -> 4.5 | S21: =R21*$E21 -> 25.632818 | T21: =$E21*'88'!Y74 -> 1002.528
A22: AUD | B22: A$ | C22: 澳洲元 | D22: 1 | E22: =IFERROR(__xludf.DUMMYFUNCTION("GOOGLEFINANCE(""Currency:""&A22&""TWD"")*D22"),21.10692098) -> 21.106921 | F22: =1/$E22/$F$5 -> 0.00047377825 | G22: 0.002 | H22: ='100'!F75 -> 0.2 | I22: =H22*$E22 -> 4.2213842 | J22: =$E22*'100'!Y75 -> 1266.4153 | K22: =1/$E22/$K$5 -> 0.00031585216 | L22: =G22 -> 0.002 | M22: ='150'!F75 -> 0.3 | N22: =M22*$E22 -> 6.3320763 | O22: =$E22*'150'!Y75 -> 1899.6229 | P22: =1/$E22/$K$5 -> 0.00031585216 | Q22: =L22 -> 0.002 | R22: ='150'!K75 -> 4.5 | S22: =R22*$E22 -> 94.981144 | T22: =$E22*'88'!Y75 -> 2228.8909
A23: JPY | B23: ￥ | C23: 日圓 | D23: 1 | E23: =IFERROR(__xludf.DUMMYFUNCTION("GOOGLEFINANCE(""Currency:""&A23&""TWD"")*D23"),0.22813899999999998) -> 0.228139 | F23: =1/$E23/$F$5 -> 0.043832926 | G23: 0.004 | H23: ='100'!F76 -> 4 | I23: =H23*$E23 -> 0.912556 | J23: =$E23*'100'!Y76 -> 1368.834 | K23: =1/$E23/$K$5 -> 0.029221951 | L23: =G23 -> 0.004 | M23: ='150'!F76 -> 6 | N23: =M23*$E23 -> 1.368834 | O23: =$E23*'150'!Y76 -> 2053.251 | P23: =1/$E23/$K$5 -> 0.029221951 | Q23: =L23 -> 0.004 | R23: ='150'!K76 -> 30 | S23: =R23*$E23 -> 6.84417 | T23: =$E23*'88'!Y76 -> 401.52464
A24: KRW | B24: ₩ | C24: 韓圓 | D24: 1 | E24: =IFERROR(__xludf.DUMMYFUNCTION("GOOGLEFINANCE(""Currency:""&A24&""TWD"")*D24"),0.023994810000000002) -> 0.02399481 | F24: =1/$E24/$F$5 -> 0.41675679 | G24: 0.02 | H24: ='100'!F77 -> 40 | I24: =H24*$E24 -> 0.9597924 | J24: =$E24*'100'!Y77 -> 1199.7405 | K24: =1/$E24/$K$5 -> 0.27783786 | L24: =G24 -> 0.02 | M24: ='150'!F77 -> 60 | N24: =M24*$E24 -> 1.4396886 | O24: =$E24*'150'!Y77 -> 1799.6108 | P24: =1/$E24/$K$5 -> 0.27783786 | Q24: =L24 -> 0.02 | R24: ='150'!K77 -> 240 | S24: =R24*$E24 -> 5.7587544 | T24: =$E24*'88'!Y77 -> 253.38519
A25: CLP | B25: $ | C25: 智利披索 | D25: 1 | E25: =IFERROR(__xludf.DUMMYFUNCTION("GOOGLEFINANCE(""Currency:""&A25&""TWD"")*D25"),0.034259714999999996) -> 0.034259715 | F25: =1/$E25/$F$5 -> 0.29188801 | G25: 0.03 | H25: ='100'!F78 -> 15 | I25: =H25*$E25 -> 0.51389573 | J25: =$E25*'100'!Y78 -> 1027.7914 | K25: =1/$E25/$K$5 -> 0.19459201 | L25: =G25 -> 0.03 | M25: ='150'!F78 -> 22.5 | N25: =M25*$E25 -> 0.77084359 | O25: =$E25*'150'!Y78 -> 1541.6872 | P25: =1/$E25/$K$5 -> 0.19459201 | Q25: =L25 -> 0.03 | R25: ='150'!K78 -> 180 | S25: =R25*$E25 -> 6.1667487 | T25: =$E25*'88'!Y78 -> 361.78259
A26: MMKO | B26: K | C26: 緬甸元 | D26: 1 | E26: =IFERROR(__xludf.DUMMYFUNCTION("GOOGLEFINANCE(""Currency:""&A26&""TWD"")*D26"),0.010046178519999999) -> 0.010046179 | F26: =1/$E26/$F$5 -> 0.99540337 | G26: 0.05 | H26: ='100'!F79 -> 50 | I26: =H26*$E26 -> 0.50230893 | J26: =$E26*'100'!Y79 -> 753.46339 | K26: =1/$E26/$K$5 -> 0.66360225 | L26: =G26 -> 0.05 | M26: ='150'!F79 -> 75 | N26: =M26*$E26 -> 0.75346339 | O26: =$E26*'150'!Y79 -> 1130.1951 | P26: =1/$E26/$K$5 -> 0.66360225 | Q26: =L26 -> 0.05 | R26: ='150'!K79 -> 375 | S26: =R26*$E26 -> 3.7673169 | T26: =$E26*'88'!Y79 -> 221.01593
A27: IDRO | B27: Rp | C27: 印尼盧比 | D27: 1 | E27: =IFERROR(__xludf.DUMMYFUNCTION("GOOGLEFINANCE(""Currency:""&A27&""TWD"")*D27"),0.0020212253) -> 0.0020212253 | F27: =1/$E27/$F$5 -> 4.947494 | G27: 0.5 | H27: ='100'!F80 -> 100 | I27: =H27*$E27 -> 0.20212253 | J27: =$E27*'100'!Y80 -> 1010.6127 | K27: =1/$E27/$K$5 -> 3.2983293 | L27: =G27 -> 0.5 | M27: ='150'!F80 -> 150 | N27: =M27*$E27 -> 0.30318379 | O27: =$E27*'150'!Y80 -> 1515.919 | P27: =1/$E27/$K$5 -> 3.2983293 | Q27: =L27 -> 0.5 | R27: ='150'!K80 -> 3000 | S27: =R27*$E27 -> 6.0636759 | T27: =$E27*'88'!Y80 -> 355.73565
A28: RUB | B28: ₽ | C28: 盧布 | D28: 1 | E28: =IFERROR(__xludf.DUMMYFUNCTION("GOOGLEFINANCE(""Currency:""&A28&""TWD"")*D28"),0.38030340490000003) -> 0.3803034 | F28: =1/$E28/$F$5 -> 0.026294795 | G28: 0.002 | H28: ='100'!F81 -> 2 | I28: =H28*$E28 -> 0.76060681 | J28: =$E28*'100'!Y81 -> 1140.9102 | K28: =1/$E28/$K$5 -> 0.017529863 | L28: =G28 -> 0.002 | M28: ='150'!F81 -> 3 | N28: =M28*$E28 -> 1.1409102 | O28: =$E28*'150'!Y81 -> 1711.3653 | P28: =1/$E28/$K$5 -> 0.017529863 | Q28: =L28 -> 0.002 | R28: ='150'!K81 -> 15 | S28: =R28*$E28 -> 5.7045511 | T28: =$E28*'88'!Y81 -> 334.667
A29: LKR | B29: ₨ | C29: 斯里蘭卡盧比 | D29: 1 | E29: =IFERROR(__xludf.DUMMYFUNCTION("GOOGLEFINANCE(""Currency:""&A29&""TWD"")*D29"),0.1089863355) -> 0.10898634 | F29: =1/$E29/$F$5 -> 0.091754622 | G29: 0.01 | H29: ='100'!F82 -> 5 | I29: =H29*$E29 -> 0.54493168 | J29: =$E29*'100'!Y82 -> 1089.8634 | K29: =1/$E29/$K$5 -> 0.061169748 | L29: =G29 -> 0.01 | M29: ='150'!F82 -> 7.5 | N29: =M29*$E29 -> 0.81739752 | O29: =$E29*'150'!Y82 -> 1634.795 | P29: =1/$E29/$K$5 -> 0.061169748 | Q29: =L29 -> 0.01 | R29: ='150'!K82 -> 60 | S29: =R29*$E29 -> 6.5391801 | T29: =$E29*'88'!Y82 -> 383.6319
A30: ETB | B30: Br‎ | C30: 衣索比亞比爾 | D30: 1 | E30: =IFERROR(__xludf.DUMMYFUNCTION("GOOGLEFINANCE(""Currency:""&A30&""TWD"")*D30"),0.40621297) -> 0.40621297 | F30: =1/$E30/$F$5 -> 0.024617629 | G30: 0.002 | H30: ='100'!F83 -> 1 | I30: =H30*$E30 -> 0.40621297 | J30: =$E30*'100'!Y83 -> 812.42594 | K30: =1/$E30/$K$5 -> 0.016411752 | L30: =G30 -> 0.002 | M30: ='150'!F83 -> 1.5 | N30: =M30*$E30 -> 0.60931945 | O30: =$E30*'150'!Y83 -> 1218.6389 | P30: =1/$E30/$K$5 -> 0.016411752 | Q30: =L30 -> 0.002 | R30: ='150'!K83 -> 12 | S30: =R30*$E30 -> 4.8745556 | T30: =$E30*'88'!Y83 -> 285.97393
A31: UGX | B31: USh | C31: 烏干達先令 | D31: 1 | E31: =IFERROR(__xludf.DUMMYFUNCTION("GOOGLEFINANCE(""Currency:""&A31&""TWD"")*D31"),0.008830577639) -> 0.0088305776 | F31: =1/$E31/$F$5 -> 1.1324288 | G31: 0.1 | H31: ='100'!F84 -> 100 | I31: =H31*$E31 -> 0.88305776 | J31: =$E31*'100'!Y84 -> 1324.5866 | K31: =1/$E31/$K$5 -> 0.7549525 | L31: =G31 -> 0.1 | M31: ='150'!F84 -> 150 | N31: =M31*$E31 -> 1.3245866 | O31: =$E31*'150'!Y84 -> 1986.88 | P31: =1/$E31/$K$5 -> 0.7549525 | Q31: =L31 -> 0.1 | R31: ='150'!K84 -> 750 | S31: =R31*$E31 -> 6.6229332 | T31: =$E31*'88'!Y84 -> 388.54542
A32: EUR | B32: € | C32: 歐元 | D32: 1 | E32: =IFERROR(__xludf.DUMMYFUNCTION("GOOGLEFINANCE(""Currency:""&A32&""TWD"")*D32"),35.66713672) -> 35.667137 | F32: =1/$E32/$F$5 -> 0.00028037014 | G32: 0.002 | H32: ='100'!F85 -> 0.2 | I32: =H32*$E32 -> 7.1334273 | J32: =$E32*'100'!Y85 -> 1426.6855 | K32: =1/$E32/$K$5 -> 0.00018691342 | L32: =G32 -> 0.002 | M32: ='150'!F85 -> 0.3 | N32: =M32*$E32 -> 10.700141 | O32: =$E32*'150'!Y85 -> 2140.0282 | P32: =1/$E32/$K$5 -> 0.00018691342 | Q32: =L32 -> 0.002 | R32: ='150'!K85 -> 4.5 | S32: =R32*$E32 -> 160.50212 | T32: =$E32*'88'!Y85 -> 3138.708
A33: ARS | B33: $ | C33: 阿根廷披索 | D33: 1 | E33: =IFERROR(__xludf.DUMMYFUNCTION("GOOGLEFINANCE(""Currency:""&A33&""TWD"")*D33"),0.03496154973) -> 0.03496155 | F33: =1/$E33/$F$5 -> 0.28602851 | G33: 0.02 | H33: ='100'!F86 -> 20 | I33: =H33*$E33 -> 0.69923099 | J33: =$E33*'100'!Y86 -> 1048.8465 | K33: =1/$E33/$K$5 -> 0.19068567 | L33: =G33 -> 0.02 | M33: ='150'!F86 -> 30 | N33: =M33*$E33 -> 1.0488465 | O33: =$E33*'150'!Y86 -> 1573.2697 | P33: =1/$E33/$K$5 -> 0.19068567 | Q33: =L33 -> 0.02 | R33: ='150'!K86 -> 150 | S33: =R33*$E33 -> 5.2442325 | T33: =$E33*'88'!Y86 -> 307.66164
A34: NGN | B34: ₦ | C34: 奈及利亞奈拉 | D34: 1 | E34: =IFERROR(__xludf.DUMMYFUNCTION("GOOGLEFINANCE(""Currency:""&A34&""TWD"")*D34"),0.020250863039999997) -> 0.020250863 | F34: =1/$E34/$F$5 -> 0.49380611 | G34: 0.02 | H34: ='100'!F87 -> 10 | I34: =H34*$E34 -> 0.20250863 | J34: =$E34*'100'!Y87 -> 607.52589 | K34: =1/$E34/$K$5 -> 0.32920408 | L34: =G34 -> 0.02 | M34: ='150'!F87 -> 15 | N34: =M34*$E34 -> 0.30376295 | O34: =$E34*'150'!Y87 -> 911.28884 | P34: =1/$E34/$K$5 -> 0.32920408 | Q34: =L34 -> 0.02 | R34: ='150'!K87 -> 120 | S34: =R34*$E34 -> 2.4301036 | T34: =$E34*'88'!Y87 -> 178.20759
A35: KES | B35: KSh | C35: 肯亞先令 | D35: 1 | E35: =IFERROR(__xludf.DUMMYFUNCTION("GOOGLEFINANCE(""Currency:""&A35&""TWD"")*D35"),0.25317521530000003) -> 0.25317522 | F35: =1/$E35/$F$5 -> 0.039498337 | G35: 0.002 | H35: ='100'!F88 -> 4 | I35: =H35*$E35 -> 1.0127009 | J35: =$E35*'100'!Y88 -> 1265.8761 | K35: =1/$E35/$K$5 -> 0.026332225 | L35: =G35 -> 0.002 | M35: ='150'!F88 -> 6 | N35: =M35*$E35 -> 1.5190513 | O35: =$E35*'150'!Y88 -> 1898.8141 | P35: =1/$E35/$K$5 -> 0.026332225 | Q35: =L35 -> 0.002 | R35: ='150'!K88 -> 24 | S35: =R35*$E35 -> 6.0762052 | T35: =$E35*'88'!Y88 -> 267.35303
A36: ZAR | B36: R | C36: 南非鍰 | D36: 1 | E36: =IFERROR(__xludf.DUMMYFUNCTION("GOOGLEFINANCE(""Currency:""&A36&""TWD"")*D36"),1.7720687490000002) -> 1.7720687 | F36: =1/$E36/$F$5 -> 0.0056431219 | G36: 0.002 | H36: ='100'!F89 -> 0.4 | I36: =H36*$E36 -> 0.7088275 | J36: =$E36*'100'!Y89 -> 1063.2412 | K36: =1/$E36/$K$5 -> 0.0037620813 | L36: =G36 -> 0.002 | M36: ='150'!F89 -> 0.6 | N36: =M36*$E36 -> 1.0632412 | O36: =$E36*'150'!Y89 -> 1594.8619 | P36: =1/$E36/$K$5 -> 0.0037620813 | Q36: =L36 -> 0.002 | R36: ='150'!K89 -> 6 | S36: =R36*$E36 -> 10.632412 | T36: =$E36*'88'!Y89 -> 545.79717
A37: TRY | B37: ₺ | C37: 土耳其里拉 | D37: 1 | E37: =IFERROR(__xludf.DUMMYFUNCTION("GOOGLEFINANCE(""Currency:""&A37&""TWD"")*D37"),0.9807094656) -> 0.98070947 | F37: =1/$E37/$F$5 -> 0.0101967 | G37: 0.002 | H37: ='100'!F90 -> 1 | I37: =H37*$E37 -> 0.98070947 | J37: =$E37*'100'!Y90 -> 980.70947 | K37: =1/$E37/$K$5 -> 0.0067977999 | L37: =G37 -> 0.002 | M37: ='150'!F90 -> 1.5 | N37: =M37*$E37 -> 1.4710642 | O37: =$E37*'150'!Y90 -> 1471.0642 | P37: =1/$E37/$K$5 -> 0.0067977999 | Q37: =L37 -> 0.002 | R37: ='150'!K90 -> 7.5 | S37: =R37*$E37 -> 7.355321 | T37: =$E37*'88'!Y90 -> 345.20973
A38: GBP | B38: £ | C38: 英鎊 | D38: 1 | E38: =IFERROR(__xludf.DUMMYFUNCTION("GOOGLEFINANCE(""Currency:""&A38&""TWD"")*D38"),41.71484) -> 41.71484 | F38: =1/$E38/$F$5 -> 0.00023972284 | G38: 0.002 | H38: ='100'!F91 -> 0.2 | I38: =H38*$E38 -> 8.342968 | J38: =$E38*'100'!Y91 -> 1668.5936 | K38: =1/$E38/$K$5 -> 0.00015981523 | L38: =G38 -> 0.002 | M38: ='150'!F91 -> 0.3 | N38: =M38*$E38 -> 12.514452 | O38: =$E38*'150'!Y91 -> 2502.8904 | P38: =1/$E38/$K$5 -> 0.00015981523 | Q38: =L38 -> 0.002 | R38: ='150'!K91 -> 4.5 | S38: =R38*$E38 -> 187.71678 | T38: =$E38*'88'!Y91 -> 3670.9059
A39: NPR | B39: रू | C39: 尼泊爾盧比 | D39: 1 | E39: =IFERROR(__xludf.DUMMYFUNCTION("GOOGLEFINANCE(""Currency:""&A39&""TWD"")*D39"),0.2456753721) -> 0.24567537 | F39: =1/$E39/$F$5 -> 0.040704121 | G39: 0.002 | H39: ='100'!F92 -> 4 | I39: =H39*$E39 -> 0.98270149 | J39: =$E39*'100'!Y92 -> 1228.3769 | K39: =1/$E39/$K$5 -> 0.02713608 | L39: =G39 -> 0.002 | M39: ='150'!F92 -> 6 | N39: =M39*$E39 -> 1.4740522 | O39: =$E39*'150'!Y92 -> 1842.5653 | P39: =1/$E39/$K$5 -> 0.02713608 | Q39: =L39 -> 0.002 | R39: ='150'!K92 -> 24 | S39: =R39*$E39 -> 5.8962089 | T39: =$E39*'88'!Y92 -> 259.43319
A40: CHF | B40: CHF | C40: 瑞士法郎 | D40: 1 | E40: =IFERROR(__xludf.DUMMYFUNCTION("GOOGLEFINANCE(""Currency:""&A40&""TWD"")*D40"),38.475880000000004) -> 38.47588 | F40: =1/$E40/$F$5 -> 0.00025990309 | G40: 0.002 | H40: ='100'!F93 -> 0.2 | I40: =H40*$E40 -> 7.695176 | J40: =$E40*'100'!Y93 -> 1539.0352 | K40: =1/$E40/$K$5 -> 0.00017326872 | L40: =G40 -> 0.002 | M40: ='150'!F93 -> 0.3 | N40: =M40*$E40 -> 11.542764 | O40: =$E40*'150'!Y93 -> 2308.5528 | P40: =1/$E40/$K$5 -> 0.00017326872 | Q40: =L40 -> 0.002 | R40: ='150'!K93 -> 4.5 | S40: =R40*$E40 -> 173.14146 | T40: =$E40*'88'!Y93 -> 3385.8774
A41: CAD | B41: $ | C41: 加幣 | D41: 1 | E41: =IFERROR(__xludf.DUMMYFUNCTION("GOOGLEFINANCE(""Currency:""&A41&""TWD"")*D41"),23.491886570000002) -> 23.491887 | F41: =1/$E41/$F$5 -> 0.00042567888 | G41: 0.002 | H41: ='100'!F94 -> 0.2 | I41: =H41*$E41 -> 4.6983773 | J41: =$E41*'100'!Y94 -> 939.67546 | K41: =1/$E41/$K$5 -> 0.00028378592 | L41: =G41 -> 0.002 | M41: ='150'!F94 -> 0.3 | N41: =M41*$E41 -> 7.047566 | O41: =$E41*'150'!Y94 -> 1409.5132 | P41: =1/$E41/$K$5 -> 0.00028378592 | Q41: =L41 -> 0.002 | R41: ='150'!K94 -> 4.5 | S41: =R41*$E41 -> 105.71349 | T41: =$E41*'88'!Y94 -> 2067.286
A42: PEN | B42: PEN | C42: 秘魯新索爾 | D42: 1 | E42: =IFERROR(__xludf.DUMMYFUNCTION("GOOGLEFINANCE(""Currency:""&A42&""TWD"")*D42"),8.792228248) -> 8.7922282 | F42: =1/$E42/$F$5 -> 0.0011373681 | G42: 0.002 | H42: ='100'!F95 -> 0.2 | I42: =H42*$E42 -> 1.7584457 | J42: =$E42*'100'!Y95 -> 879.22282 | K42: =1/$E42/$K$5 -> 0.0007582454 | L42: =G42 -> 0.002 | M42: ='150'!F95 -> 0.3 | N42: =M42*$E42 -> 2.6376685 | O42: =$E42*'150'!Y95 -> 1318.8342 | P42: =1/$E42/$K$5 -> 0.0007582454 | Q42: =L42 -> 0.002 | R42: ='150'!K95 -> 4.5 | S42: =R42*$E42 -> 39.565027 | T42: =$E42*'88'!Y95 -> 1160.5741
A43: AED | B43: AED | C43: 阿聯迪拉姆 | D43: 1 | E43: =IFERROR(__xludf.DUMMYFUNCTION("GOOGLEFINANCE(""Currency:""&A43&""TWD"")*D43"),8.883345066) -> 8.8833451 | F43: =1/$E43/$F$5 -> 0.0011257021 | G43: 0.002 | H43: ='100'!F96 -> 0.2 | I43: =H43*$E43 -> 1.776669 | J43: =$E43*'100'!Y96 -> 888.33451 | K43: =1/$E43/$K$5 -> 0.00075046805 | L43: =G43 -> 0.002 | M43: ='150'!F96 -> 0.3 | N43: =M43*$E43 -> 2.6650035 | O43: =$E43*'150'!Y96 -> 1332.5018 | P43: =1/$E43/$K$5 -> 0.00075046805 | Q43: =L43 -> 0.002 | R43: ='150'!K96 -> 4.5 | S43: =R43*$E43 -> 39.975053 | T43: =$E43*'88'!Y96 -> 1172.6015
A44: BND | B44: B$ | C44: 汶萊幣 | D44: 1 | E44: =IFERROR(__xludf.DUMMYFUNCTION("GOOGLEFINANCE(""Currency:""&A44&""TWD"")*D44"),24.725020960000002) -> 24.725021 | F44: =1/$E44/$F$5 -> 0.0004044486 | G44: 0.002 | H44: ='100'!F97 -> 0.2 | I44: =H44*$E44 -> 4.9450042 | J44: =$E44*'100'!Y97 -> 1483.5013 | K44: =1/$E44/$K$5 -> 0.0002696324 | L44: =G44 -> 0.002 | M44: ='150'!F97 -> 0.3 | N44: =M44*$E44 -> 7.4175063 | O44: =$E44*'150'!Y97 -> 2225.2519 | P44: =1/$E44/$K$5 -> 0.0002696324 | Q44: =L44 -> 0.002 | R44: ='150'!K97 -> 4.5 | S44: =R44*$E44 -> 111.26259 | T44: =$E44*'88'!Y97 -> 2610.9622
A45: COP | B45: $ | C45: 哥倫比亞披索 | D45: 1 | E45: =IFERROR(__xludf.DUMMYFUNCTION("GOOGLEFINANCE(""Currency:""&A45&""TWD"")*D45"),0.008063120253) -> 0.0080631203 | F45: =1/$E45/$F$5 -> 1.2402147 | G45: 0.1 | H45: ='100'!F98 -> 100 | I45: =H45*$E45 -> 0.80631203 | J45: =$E45*'100'!Y98 -> 1209.468 | K45: =1/$E45/$K$5 -> 0.82680978 | L45: =G45 -> 0.1 | M45: ='150'!F98 -> 150 | N45: =M45*$E45 -> 1.209468 | O45: =$E45*'150'!Y98 -> 1814.2021 | P45: =1/$E45/$K$5 -> 0.82680978 | Q45: =L45 -> 0.1 | R45: ='150'!K98 -> 750 | S45: =R45*$E45 -> 6.0473402 | T45: =$E45*'88'!Y98 -> 354.77729
A46: VNDO | B46: ₫ | C46: 越南盾 | D46: 1 | E46: =IFERROR(__xludf.DUMMYFUNCTION("GOOGLEFINANCE(""Currency:""&A46&""TWD"")*D46"),0.0013009686279999999) -> 0.0013009686 | F46: =1/$E46/$F$5 -> 7.6865804 | G46: 0.5 | H46: ='100'!F99 -> 500 | I46: =H46*$E46 -> 0.65048431 | J46: =$E46*'100'!Y99 -> 975.72647 | K46: =1/$E46/$K$5 -> 5.124387 | L46: =G46 -> 0.5 | M46: ='150'!F99 -> 750 | N46: =M46*$E46 -> 0.97572647 | O46: =$E46*'150'!Y99 -> 1463.5897 | P46: =1/$E46/$K$5 -> 5.124387 | Q46: =L46 -> 0.5 | R46: ='150'!K99 -> 3750 | S46: =R46*$E46 -> 4.8786324 | T46: =$E46*'88'!Y99 -> 286.2131
A47: MYRC | B47: RM | C47: 馬來西亞令吉 | D47: 0.01 | E47: =IFERROR(__xludf.DUMMYFUNCTION("GOOGLEFINANCE(""Currency:""&A47&""TWD"")*D47"),0.0741468329) -> 0.074146833 | F47: =1/$E47/$F$5 -> 0.13486753 | G47: 0.01 | H47: ='100'!F100 -> 10 | I47: =H47*$E47 -> 0.74146833 | J47: =$E47*'100'!Y100 -> 1112.2025 | K47: =1/$E47/$K$5 -> 0.089911685 | L47: =G47 -> 0.01 | M47: ='150'!F100 -> 15 | N47: =M47*$E47 -> 1.1122025 | O47: =$E47*'150'!Y100 -> 1668.3037 | P47: =1/$E47/$K$5 -> 0.089911685 | Q47: =L47 -> 0.01 | R47: ='150'!K100 -> 75 | S47: =R47*$E47 -> 5.5610125 | T47: =$E47*'88'!Y100 -> 326.24606
A48: XSD | C48: 星幣 | D48: 1 | E48: 0.01 | F48: =1/$E48/$F$5 -> 1 | G48: 1 | H48: ='100'!F101 -> 100 | I48: =H48*$E48 -> 1 | J48: =$E48*'100'!Y101 -> 500 | K48: =1/$E48/$K$5 -> 0.66666667 | L48: =G48 -> 1 | M48: ='150'!F101 -> 150 | N48: =M48*$E48 -> 1.5 | O48: =$E48*'150'!Y101 -> 750 | P48: =1/$E48/$K$5 -> 0.66666667 | Q48: =L48 -> 1 | R48: ='150'!K101 -> 2250 | S48: =R48*$E48 -> 22.5 | T48: =$E48*'88'!Y101 -> 660
A49: DZD | B49: دج | C49: 阿爾及利亞第納爾 | D49: 1 | E49: =IFERROR(__xludf.DUMMYFUNCTION("GOOGLEFINANCE(""Currency:""&A49&""TWD"")*D49"),0.2429701866) -> 0.24297019 | F49: =1/$E49/$F$5 -> 0.041157313 | G49: 0.002 | H49: ='100'!F102 -> 4 | I49: =H49*$E49 -> 0.97188075 | J49: =$E49*'100'!Y102 -> 1214.8509 | K49: =1/$E49/$K$5 -> 0.027438209 | L49: =G49 -> 0.002 | M49: ='150'!F102 -> 6 | N49: =M49*$E49 -> 1.4578211 | O49: =$E49*'150'!Y102 -> 1822.2764 | P49: =1/$E49/$K$5 -> 0.027438209 | Q49: =L49 -> 0.002 | R49: ='150'!K102 -> 24 | S49: =R49*$E49 -> 5.8312845 | T49: =$E49*'88'!Y102 -> 256.57652
A50: MAD | B50: DH | C50: 摩洛哥迪拉姆 | D50: 1 | E50: =IFERROR(__xludf.DUMMYFUNCTION("GOOGLEFINANCE(""Currency:""&A50&""TWD"")*D50"),3.33424356) -> 3.3342436 | F50: =1/$E50/$F$5 -> 0.002999181 | G50: 0.002 | H50: ='100'!F103 -> 0.2 | I50: =H50*$E50 -> 0.66684871 | J50: =$E50*'100'!Y103 -> 1000.2731 | K50: =1/$E50/$K$5 -> 0.001999454 | L50: =G50 -> 0.002 | M50: ='150'!F103 -> 0.3 | N50: =M50*$E50 -> 1.0002731 | O50: =$E50*'150'!Y103 -> 1500.4096 | P50: =1/$E50/$K$5 -> 0.001999454 | Q50: =L50 -> 0.002 | R50: ='150'!K103 -> 4.5 | S50: =R50*$E50 -> 15.004096 | T50: =$E50*'88'!Y103 -> 880.2403
A51: FRF | B51: ₣ | C51: 法國法郎 | D51: 1 | E51: 5.1 | F51: =1/$E51/$F$5 -> 0.0019607843 | G51: 0.002 | H51: ='100'!F104 -> 0.2 | I51: =H51*$E51 -> 1.02 | J51: =$E51*'100'!Y104 -> 1530 | K51: =1/$E51/$K$5 -> 0.0013071895 | L51: =G51 -> 0.002 | M51: ='150'!F104 -> 0.3 | N51: =M51*$E51 -> 1.53 | O51: =$E51*'150'!Y104 -> 2295 | P51: =1/$E51/$K$5 -> 0.0013071895 | Q51: =L51 -> 0.002 | R51: ='150'!K104 -> 4.5 | S51: =R51*$E51 -> 22.95 | T51: =$E51*'88'!Y104 -> 1346.4
A52: GHS | B52: Gp | C52: 迦納塞地 | D52: 1 | E52: =IFERROR(__xludf.DUMMYFUNCTION("GOOGLEFINANCE(""Currency:""&A52&""TWD"")*D52"),2.115176522) -> 2.1151765 | F52: =1/$E52/$F$5 -> 0.0047277378 | G52: 0.002 | H52: ='100'!F105 -> 0.4 | I52: =H52*$E52 -> 0.84607061 | J52: =$E52*'100'!Y105 -> 1269.1059 | K52: =1/$E52/$K$5 -> 0.0031518252 | L52: =G52 -> 0.002 | M52: ='150'!F105 -> 0.6 | N52: =M52*$E52 -> 1.2691059 | O52: =$E52*'150'!Y105 -> 1903.6589 | P52: =1/$E52/$K$5 -> 0.0031518252 | Q52: =L52 -> 0.002 | R52: ='150'!K105 -> 6 | S52: =R52*$E52 -> 12.691059 | T52: =$E52*'88'!Y105 -> 651.47437
A53: RCC | C53: RCC幣 | D53: 1 | E53: =IFERROR(__xludf.DUMMYFUNCTION("GOOGLEFINANCE(""Currency:""&A13&""TWD"")*D53"),32.6128) -> 32.6128 | F53: =1/$E53/$F$5 -> 0.00030662807 | G53: =G13 -> 0.002 | H53: ='100'!F106 -> 0.2 | I53: =H53*$E53 -> 6.52256 | J53: =$E53*'100'!Y106 -> 1304.512 | K53: =1/$E53/$K$5 -> 0.00020441871 | L53: =L13 -> 0.002 | M53: ='150'!F106 -> 0.3 | N53: =M53*$E53 -> 9.78384 | O53: =$E53*'150'!Y106 -> 1956.768 | P53: =1/$E53/$K$5 -> 0.00020441871 | Q53: =Q13 -> 0.002 | R53: ='150'!K106 -> 4.5 | S53: =R53*$E53 -> 146.7576 | T53: =$E53*'88'!Y106 -> 2869.9264
A54: KBB | C54: 爸幣 | D54: 1 | E54: =1/130 -> 0.0076923077 | F54: =1/$E54/$F$5 -> 1.3 | G54: 0.01 | H54: ='100'!F107 -> 5 | I54: =H54*$E54 -> 0.038461538 | J54: =$E54*'100'!Y107 -> 76.923077 | K54: =1/$E54/$K$5 -> 0.86666667 | L54: 0.01 | M54: ='150'!F107 -> 7.5 | N54: =M54*$E54 -> 0.057692308 | O54: =$E54*'150'!Y107 -> 86.538462 | P54: =1/$E54/$K$5 -> 0.86666667 | Q54: 0.01 | R54: ='150'!K107 -> 45 | S54: =R54*$E54 -> 0.34615385 | T54: =$E54*'88'!Y107 -> 40.615385
A55: XSMY | C55: 星城馬來西亞 | D55: =D48 -> 1 | E55: =E48 -> 0.01 | F55: =F48 -> 1 | G55: =G48 -> 1 | H55: =H48 -> 100 | I55: =I48 -> 1 | J55: =J48 -> 500 | K55: =K48 -> 0.66666667 | ... T55: =T48 -> 660

Sheet 各國貨幣使用硬幣紙鈔
A1: 幣別
A2: 泰銖 | B2: 0.25 | C2: 0.5 | D2: 1 | E2: 2 | F2: 5 | G2: 10 | H2: 20 | I2: 50 | J2: 100 | K2: 500 | L2: 1000
A3: 港幣 | B3: 0.1 | C3: 0.2 | D3: 0.5 | E3: 1 | F3: 2 | G3: 5 | H3: 10 | I3: 10 | J3: 20 | K3: 50 | L3: 100 | M3: 500 | N3: 1000
A4: 印度盧比 | B4: 1 | C4: 2 | D4: 5 | E4: 10 | F4: 10 | G4: 20 | H4: 50 | I4: 100 | J4: 200 | K4: 500 | L4: 2000
A5: 印尼盧比(K)
A6: 越南盾(K) | B6: 200 | C6: 500 | D6: 1000 | E6: 2000 | F6: 5000 | G6: 10000 | H6: 20000 | I6: 50000 | J6: 100000 | K6: 200000 | L6: 500000
A7: 馬來西亞令吉 | B7: 0.05 | C7: 0.1 | D7: 0.2 | E7: 0.5 | F7: 1 | G7: 5 | H7: 10 | I7: 20 | J7: 50 | K7: 100
A8: 新加坡幣 | B8: 0.05 | C8: 0.1 | D8: 0.2 | E8: 0.5 | F8: 1 | G8: 2 | H8: 5 | I8: 10 | J8: 50 | K8: 100
A9: 美元 | B9: 0.01 | C9: 0.05 | D9: 0.1 | E9: 0.25 | F9: 0.5 | G9: 1 | H9: 1 | I9: 2 | J9: 5 | K9: 10 | L9: 20 | M9: 50 | N9: 100
A10: 孟加拉塔卡 | B10: 5 | C10: 10 | D10: 20 | E10: 50 | F10: 100 | G10: 200 | H10: 500 | I10: 1000
A11: 巴基斯坦盧比 | B11: 1 | C11: 2 | D11: 5 | E11: 10 | F11: 20 | G11: 50 | H11: 100 | I11: 500 | J11: 1000
A12: 緬甸元(K) | B12: 0.01 | C12: 0.05 | D12: 0.1 | E12: 0.2 | F12: 0.5 | G12: 1 | H12: 0.5 | I12: 1 | J12: 5 | K12: 10 | L12: 20 | M12: 50 | N12: 100 | O12: 200 | P12: 500 | Q12: 1000 | R12: 5000 | S12: 10000
A13: 緬甸元(H)
A14: 菲律賓披索 | B14: 0.01 | C14: 0.05 | D14: 0.1 | E14: 0.25 | F14: 1 | G14: 2 | H14: 5 | I14: 10 | J14: 20 | K14: 50 | L14: 100 | M14: 200 | N14: 500 | O14: 1000
A15: 人民幣 | B15: 0.1 | C15: 0.5 | D15: 1 | E15: 1 | F15: 5 | G15: 10 | H15: 20 | I15: 50 | J15: 100
A16: 墨西哥披索 | B16: 0.5 | C16: 1 | D16: 2 | E16: 5 | F16: 10 | G16: 20 | H16: 20 | I16: 50 | J16: 100 | K16: 200 | L16: 500
A17: 巴西雷亞爾 | B17: 0.01 | C17: 0.05 | D17: 0.1 | E17: 0.25 | F17: 0.5 | G17: 1 | H17: 1 | I17: 2 | J17: 5 | K17: 10 | L17: 20 | M17: 50 | N17: 100 | O17: 200
A18: 澳洲元 | B18: 0.05 | C18: 0.1 | D18: 0.2 | E18: 0.5 | F18: 1 | G18: 2 | H18: 5 | I18: 10 | J18: 20 | K18: 50 | L18: 100
A19: 日圓 | B19: 1 | C19: 5 | D19: 10 | E19: 50 | F19: 100 | G19: 500 | H19: 1000 | I19: 5000 | J19: 10000
A20: 韓圓 | B20: 10 | C20: 50 | D20: 100 | E20: 500 | F20: 1000 | G20: 5000 | H20: 10000 | I20: 50000
A21: 智利披索 | B21: 10 | C21: 50 | D21: 100 | E21: 500 | F21: 1000 | G21: 2000 | H21: 5000 | I21: 10000 | J21: 20000
A22: 緬甸元
A23: 印尼盧比
A24: 俄羅斯盧布 | B24: 0.1 | C24: 0.5 | D24: 1 | E24: 2 | F24: 5 | G24: 10 | H24: 5 | I24: 10 | J24: 50 | K24: 100 | L24: 500 | M24: 1000 | N24: 5000
A25: 斯里蘭卡盧比 | B25: 1 | C25: 2 | D25: 5 | E25: 10 | F25: 20 | G25: 20 | H25: 50 | I25: 100 | J25: 500 | K25: 1000 | L25: 5000
A26: 衣索比亞比爾 | B26: 0.01 | C26: 0.05 | D26: 0.1 | E26: 0.25 | F26: 0.5 | G26: 1 | H26: 1 | I26: 5 | J26: 10 | K26: 50 | L26: 100
A27: 烏干達先令 | B27: 50 | C27: 100 | D27: 200 | E27: 500 | F27: 1000 | G27: 1000 | H27: 2000 | I27: 5000 | J27: 10000 | K27: 20000 | L27: 50000
A28: 歐元 | B28: 0.01 | C28: 0.02 | D28: 0.05 | E28: 0.1 | F28: 0.2 | G28: 0.5 | H28: 1 | I28: 2 | J28: 5 | K28: 10 | L28: 20 | M28: 50 | N28: 100
A29: 阿根廷披索
A30: 奈及利亞奈拉
A31: 肯亞先令
A32: 南非鍰
A33: 土耳其里拉 | B33: 0.01 | C33: 0.05 | D33: 0.1 | E33: 0.25 | F33: 0.5 | G33: 1 | H33: 5 | I33: 10 | J33: 20 | K33: 50 | L33: 100 | M33: 200
A34: 英鎊 | B34: 0.01 | C34: 0.02 | D34: 0.05 | E34: 0.1 | F34: 0.2 | G34: 0.5 | H34: 1 | I34: 2 | J34: 5 | K34: 10 | L34: 20 | M34: 50 | N34: 100
A35: 尼泊爾盧比 | B35: 1 | C35: 2 | D35: 5 | E35: 10 | F35: 20 | G35: 50 | H35: 100 | I35: 500 | J35: 1000
A36: 瑞士法郎 | B36: 0.05 | C36: 0.1 | D36: 0.2 | E36: 0.5 | F36: 1 | G36: 2 | H36: 5 | I36: 10 | J36: 20 | K36: 50 | L36: 100 | M36: 200 | N36: 1000
A37: 加幣 | B37: 0.05 | C37: 0.1 | D37: 0.25 | E37: 1 | F37: 2 | G37: 5 | H37: 10 | I37: 20 | J37: 50 | K37: 100
A38: 秘魯新索爾 | B38: 0.01 | C38: 0.05 | D38: 0.1 | E38: 0.2 | F38: 0.5 | G38: 1 | H38: 2 | I38: 5 | J38: 10 | K38: 20 | L38: 50 | M38: 100
A39: 阿聯迪拉姆 | B39: 0.01 | C39: 0.05 | D39: 0.1 | E39: 0.25 | F39: 0.5 | G39: 1 | H39: 5 | I39: 10 | J39: 20 | K39: 50 | L39: 100 | M39: 200 | N39: 500 | O39: 1000
A40: 汶萊幣 | B40: 0.01 | C40: 0.05 | D40: 0.1 | E40: 0.2 | F40: 0.5 | G40: 1 | H40: 5 | I40: 10 | J40: 20 | K40: 25 | L40: 50 | M40: 100 | N40: 500 | O40: 1000 | P40: 10000
A41: 哥倫比亞披索 | B41: 50 | C41: 100 | D41: 200 | E41: 500 | F41: 1000 | G41: 1000 | H41: 2000 | I41: 5000 | J41: 10000 | K41: 20000 | L41: 50000 | M41: 100000
A42: 越南盾 | B42: 200 | C42: 500 | D42: 1000 | E42: 2000 | F42: 5000 | G42: 10000 | H42: 20000 | I42: 50000 | J42: 100000 | K42: 200000 | L42: 500000

Sheet 100 - 彩金
C1: 最小押分 | D1: 100 | E1: 倍數 設定 | F1: 1 | G1: 2 | H1: 3 | I1: 4 | J1: 5 | K1: 6 | L1: 7 | M1: 8 | N1: 9 | O1: 10 | P1: 11 | Q1: 12 | R1: 13 | S1: 14 | T1: 15 | U1: 16 | V1: 17 | W1: 18 | X1: 19 | Y1: 20 | Z1: 21 | AA1: 22 | AB1: 23 | AC1: 24 | AD1: 25 | AE1: 26 | AF1: 27 | AG1: 28 | AH1: 29 | AI1: 30
F2: 1 | G2: 2 | H2: 4 | I2: 8 | J2: 12 | K2: 16 | L2: 20 | M2: 30 | N2: 40 | O2: 50 | P2: 80 | Q2: 100 | R2: 120 | S2: 140 | T2: 160 | U2: 180 | V2: 200 | W2: 250 | X2: 300 | Y2: 400 | Z2: 500 | AA2: 600 | AB2: 700 | AC2: 800 | AD2: 1000 | AE2: 1200 | AF2: 1400 | AG2: 1600 | AH2: 2000 | AI2: 2400
A5: 貨幣簡稱 | B5: 貨幣符號 | C5: 中文名稱 | D5: 貨幣轉換 | E5: Denom | F5: 第 1 組 | G5: 第 2 組 | H5: 第 3 組 | I5: 第 4 組 | J5: 第 5 組 | K5: 第 6 組 | L5: 第 7 組 | M5: 第 8 組 | N5: 第 9 組 | O5: 第 10 組 | P5: 第 11 組 | Q5: 第 12 組 | R5: 第 13 組 | S5: 第 14 組 | T5: 第 15 組 | U5: 第 16 組 | V5: 第 17 組 | W5: 第 18 組 | X5: 第 19 組 | Y5: 第 20 組 | AA5: 顯示倍數組別
A6: ='試算-SLOT'!A6 -> THB | B6: ='試算-SLOT'!B6 -> ฿ | C6: ='試算-SLOT'!C6 -> 泰銖 | D6: =IF('試算-SLOT'!D6=1,"",'試算-SLOT'!D6) | E6: 0.01 | F6: 2 | G6: 3 | H6: 4 | I6: 5 | J6: 6 | K6: 7 | L6: 9 | M6: 11 | N6: 13 | O6: 15 | P6: 17 | Q6: 19 | R6: 20 | S6: 21 | T6: 22 | U6: 24 | V6: 26 | W6: 28 | X6: 29 | Y6: 30
A7: ='試算-SLOT'!A7 -> HKD | B7: ='試算-SLOT'!B7 -> HK$ | C7: ='試算-SLOT'!C7 -> 港幣 | D7: =IF('試算-SLOT'!D7=1,"",'試算-SLOT'!D7) | E7: 0.01 | F7: 1 | G7: 2 | H7: 3 | I7: 4 | J7: 5 | K7: 6 | L7: 7 | M7: 8 | N7: 9 | O7: 10 | P7: 11 | Q7: 12 | R7: 14 | S7: 15 | T7: 16 | U7: 17 | V7: 18 | W7: 19 | X7: 20 | Y7: 21
A8: ='試算-SLOT'!A8 -> INR | B8: ='試算-SLOT'!B8 -> ₹ | C8: ='試算-SLOT'!C8 -> 印度盧比 | D8: =IF('試算-SLOT'!D8=1,"",'試算-SLOT'!D8) | E8: 0.01 | F8: 2 | G8: 3 | H8: 4 | I8: 5 | J8: 6 | K8: 7 | L8: 9 | M8: 11 | N8: 13 | O8: 15 | P8: 17 | Q8: 19 | R8: 20 | S8: 21 | T8: 22 | U8: 24 | V8: 26 | W8: 28 | X8: 29 | Y8: 30
A9: ='試算-SLOT'!A9 -> IDR | B9: ='試算-SLOT'!B9 -> Rp | C9: ='試算-SLOT'!C9 -> 印尼盧比(K) | D9: =IF('試算-SLOT'!D9=1,"",'試算-SLOT'!D9) -> 1000 | E9: 0.01 | F9: 1 | G9: 2 | H9: 3 | I9: 4 | J9: 5 | K9: 6 | L9: 7 | M9: 8 | N9: 10 | O9: 11 | P9: 12 | Q9: 13 | R9: 15 | S9: 17 | T9: 18 | U9: 19 | V9: 20 | W9: 21 | X9: 24 | Y9: 25
A10: ='試算-SLOT'!A10 -> VND | B10: ='試算-SLOT'!B10 -> ₫ | C10: ='試算-SLOT'!C10 -> 越南盾(K) | D10: =IF('試算-SLOT'!D10=1,"",'試算-SLOT'!D10) -> 1000 | E10: 0.01 | F10: 1 | G10: 2 | H10: 3 | I10: 4 | J10: 5 | K10: 6 | L10: 7 | M10: 8 | N10: 10 | O10: 11 | P10: 12 | Q10: 13 | R10: 15 | S10: 17 | T10: 18 | U10: 19 | V10: 20 | W10: 21 | X10: 24 | Y10: 25
A11: ='試算-SLOT'!A11 -> MYR | B11: ='試算-SLOT'!B11 -> RM | C11: ='試算-SLOT'!C11 -> 馬來西亞令吉 | D11: =IF('試算-SLOT'!D11=1,"",'試算-SLOT'!D11) | E11: 0.01 | F11: 1 | G11: 2 | H11: 3 | I11: 4 | J11: 5 | K11: 6 | L11: 7 | M11: 8 | N11: 9 | O11: 10 | P11: 11 | Q11: 12 | R11: 14 | S11: 15 | T11: 16 | U11: 17 | V11: 18 | W11: 19 | X11: 20 | Y11: 21
A12: ='試算-SLOT'!A12 -> SGD | B12: ='試算-SLOT'!B12 -> S$ | C12: ='試算-SLOT'!C12 -> 新加坡幣 | D12: =IF('試算-SLOT'!D12=1,"",'試算-SLOT'!D12) | E12: 0.001 | F12: 1 | G12: 2 | H12: 3 | I12: 4 | J12: 6 | K12: 7 | L12: 9 | M12: 10 | N12: 11 | O12: 12 | P12: 15 | Q12: 16 | R12: 17 | S12: 19 | T12: 20 | U12: 21 | V12: 22 | W12: 23 | X12: 24 | Y12: 25
A13: ='試算-SLOT'!A13 -> USD | B13: ='試算-SLOT'!B13 -> $ | C13: ='試算-SLOT'!C13 -> 美元 | D13: =IF('試算-SLOT'!D13=1,"",'試算-SLOT'!D13) | E13: 0.001 | F13: 1 | G13: 2 | H13: 3 | I13: 4 | J13: 6 | K13: 7 | L13: 9 | M13: 10 | N13: 11 | O13: 12 | P13: 15 | Q13: 16 | R13: 17 | S13: 19 | T13: 20 | U13: 21 | V13: 22 | W13: 23 | X13: 24 | Y13: 25
A14: ='試算-SLOT'!A14 -> BDT | B14: ='試算-SLOT'!B14 -> ৳ | C14: ='試算-SLOT'!C14 -> 孟加拉塔卡 | D14: =IF('試算-SLOT'!D14=1,"",'試算-SLOT'!D14) | E14: 0.01 | F14: 2 | G14: 3 | H14: 4 | I14: 5 | J14: 6 | K14: 7 | L14: 9 | M14: 11 | N14: 13 | O14: 15 | P14: 17 | Q14: 19 | R14: 20 | S14: 21 | T14: 22 | U14: 24 | V14: 26 | W14: 28 | X14: 29 | Y14: 30
A15: ='試算-SLOT'!A15 -> PKR | B15: ='試算-SLOT'!B15 -> ₨ | C15: ='試算-SLOT'!C15 -> 巴基斯坦盧比 | D15: =IF('試算-SLOT'!D15=1,"",'試算-SLOT'!D15) | E15: 0.01 | F15: 2 | G15: 3 | H15: 4 | I15: 5 | J15: 6 | K15: 7 | L15: 9 | M15: 11 | N15: 13 | O15: 15 | P15: 17 | Q15: 19 | R15: 20 | S15: 21 | T15: 22 | U15: 24 | V15: 26 | W15: 28 | X15: 29 | Y15: 30
A16: ='試算-SLOT'!A16 -> MMK | B16: ='試算-SLOT'!B16 -> K | C16: ='試算-SLOT'!C16 -> 緬甸元(K) | D16: =IF('試算-SLOT'!D16=1,"",'試算-SLOT'!D16) -> 1000 | E16: 0.001 | F16: 1 | G16: 2 | H16: 3 | I16: 4 | J16: 6 | K16: 7 | L16: 9 | M16: 10 | N16: 11 | O16: 12 | P16: 15 | Q16: 16 | R16: 17 | S16: 19 | T16: 20 | U16: 21 | V16: 22 | W16: 23 | X16: 24 | Y16: 25
A17: ='試算-SLOT'!A17 -> MMH | B17: ='試算-SLOT'!B17 -> K | C17: ='試算-SLOT'!C17 -> 緬甸元(H) | D17: =IF('試算-SLOT'!D17=1,"",'試算-SLOT'!D17) -> 100 | E17: 0.01 | F17: 1 | G17: 2 | H17: 3 | I17: 4 | J17: 5 | K17: 6 | L17: 7 | M17: 8 | N17: 10 | O17: 11 | P17: 12 | Q17: 13 | R17: 15 | S17: 17 | T17: 18 | U17: 19 | V17: 20 | W17: 21 | X17: 24 | Y17: 25
... A52: ='試算-SLOT'!A52 -> GHS | B52: ='試算-SLOT'!B52 -> Gp | C52: ='試算-SLOT'!C52 -> 迦納塞地 | D52: =IF('試算-SLOT'!D52=1,"",'試算-SLOT'!D52) | E52: 0.01 | F52: 1 | G52: 2 | H52: 3 | I52: 4 | J52: 5 | K52: 6 | L52: 7 | M52: 8 | N52: 9 | O52: 10 | P52: 11 | Q52: 12 | R52: 14 | S52: 15 | T52: 16 | U52: 17 | V52: 18 | W52: 19 | X52: 20 | Y52: 21
A55: =A5 -> 貨幣簡稱 | B55: =B5 -> 貨幣符號 | C55: =C5 -> 中文名稱 | D55: =D5 -> 貨幣轉換 | E55: =E5 -> Denom | F55: =F5 -> 第 1 組 | G55: =G5 -> 第 2 組 | H55: =H5 -> 第 3 組 | ... Y55: =Y5 -> 第 20 組 | AA55: 顯示金額
A56: =A6 -> THB | B56: =B6 -> ฿ | C56: =C6 -> 泰銖 | D56: =D6 | E56: =E6 -> 0.01 | F56: =HLOOKUP(F6,$F$1:$AI$2,2) * $D$1 * $E56 -> 2 | G56: =HLOOKUP(G6,$F$1:$AI$2,2) * $D$1 * $E56 -> 4 | H56: =HLOOKUP(H6,$F$1:$AI$2,2) * $D$1 * $E56 -> 8 | I56: =HLOOKUP(I6,$F$1:$AI$2,2) * $D$1 * $E56 -> 12 | J56: =HLOOKUP(J6,$F$1:$AI$2,2) * $D$1 * $E56 -> 16 | K56: =HLOOKUP(K6,$F$1:$AI$2,2) * $D$1 * $E56 -> 20 | L56: =HLOOKUP(L6,$F$1:$AI$2,2) * $D$1 * $E56 -> 40 | M56: =HLOOKUP(M6,$F$1:$AI$2,2) * $D$1 * $E56 -> 80 | ... Y56: =HLOOKUP(Y6,$F$1:$AI$2,2) * $D$1 * $E56 -> 2400
A57: =A7 -> HKD | B57: =B7 -> HK$ | C57: =C7 -> 港幣 | D57: =D7 | E57: =E7 -> 0.01 | F57: =HLOOKUP(F7,$F$1:$AI$2,2) * $D$1 * $E57 -> 1 | G57: =HLOOKUP(G7,$F$1:$AI$2,2) * $D$1 * $E57 -> 2 | H57: =HLOOKUP(H7,$F$1:$AI$2,2) * $D$1 * $E57 -> 4 | I57: =HLOOKUP(I7,$F$1:$AI$2,2) * $D$1 * $E57 -> 8 | J57: =HLOOKUP(J7,$F$1:$AI$2,2) * $D$1 * $E57 -> 12 | K57: =HLOOKUP(K7,$F$1:$AI$2,2) * $D$1 * $E57 -> 16 | L57: =HLOOKUP(L7,$F$1:$AI$2,2) * $D$1 * $E57 -> 20 | M57: =HLOOKUP(M7,$F$1:$AI$2,2) * $D$1 * $E57 -> 30 | ... Y57: =HLOOKUP(Y7,$F$1:$AI$2,2) * $D$1 * $E57 -> 500
A58: =A8 -> INR | B58: =B8 -> ₹ | C58: =C8 -> 印度盧比 | D58: =D8 | E58: =E8 -> 0.01 | F58: =HLOOKUP(F8,$F$1:$AI$2,2) * $D$1 * $E58 -> 2 | G58: =HLOOKUP(G8,$F$1:$AI$2,2) * $D$1 * $E58 -> 4 | H58: =HLOOKUP(H8,$F$1:$AI$2,2) * $D$1 * $E58 -> 8 | I58: =HLOOKUP(I8,$F$1:$AI$2,2) * $D$1 * $E58 -> 12 | J58: =HLOOKUP(J8,$F$1:$AI$2,2) * $D$1 * $E58 -> 16 | K58: =HLOOKUP(K8,$F$1:$AI$2,2) * $D$1 * $E58 -> 20 | L58: =HLOOKUP(L8,$F$1:$AI$2,2) * $D$1 * $E58 -> 40 | M58: =HLOOKUP(M8,$F$1:$AI$2,2) * $D$1 * $E58 -> 80 | ... Y58: =HLOOKUP(Y8,$F$1:$AI$2,2) * $D$1 * $E58 -> 2400
A59: =A9 -> IDR | B59: =B9 -> Rp | C59: =C9 -> 印尼盧比(K) | D59: =D9 -> 1000 | E59: =E9 -> 0.01 | F59: =HLOOKUP(F9,$F$1:$AI$2,2) * $D$1 * $E59 -> 1 | G59: =HLOOKUP(G9,$F$1:$AI$2,2) * $D$1 * $E59 -> 2 | H59: =HLOOKUP(H9,$F$1:$AI$2,2) * $D$1 * $E59 -> 4 | I59: =HLOOKUP(I9,$F$1:$AI$2,2) * $D$1 * $E59 -> 8 | J59: =HLOOKUP(J9,$F$1:$AI$2,2) * $D$1 * $E59 -> 12 | K59: =HLOOKUP(K9,$F$1:$AI$2,2) * $D$1 * $E59 -> 16 | L59: =HLOOKUP(L9,$F$1:$AI$2,2) * $D$1 * $E59 -> 20 | M59: =HLOOKUP(M9,$F$1:$AI$2,2) * $D$1 * $E59 -> 30 | ... Y59: =HLOOKUP(Y9,$F$1:$AI$2,2) * $D$1 * $E59 -> 1000
A60: =A10 -> VND | B60: =B10 -> ₫ | C60: =C10 -> 越南盾(K) | D60: =D10 -> 1000 | E60: =E10 -> 0.01 | F60: =HLOOKUP(F10,$F$1:$AI$2,2) * $D$1 * $E60 -> 1 | G60: =HLOOKUP(G10,$F$1:$AI$2,2) * $D$1 * $E60 -> 2 | H60: =HLOOKUP(H10,$F$1:$AI$2,2) * $D$1 * $E60 -> 4 | I60: =HLOOKUP(I10,$F$1:$AI$2,2) * $D$1 * $E60 -> 8 | J60: =HLOOKUP(J10,$F$1:$AI$2,2) * $D$1 * $E60 -> 12 | K60: =HLOOKUP(K10,$F$1:$AI$2,2) * $D$1 * $E60 -> 16 | L60: =HLOOKUP(L10,$F$1:$AI$2,2) * $D$1 * $E60 -> 20 | M60: =HLOOKUP(M10,$F$1:$AI$2,2) * $D$1 * $E60 -> 30 | ... Y60: =HLOOKUP(Y10,$F$1:$AI$2,2) * $D$1 * $E60 -> 1000
A61: =A11 -> MYR | B61: =B11 -> RM | C61: =C11 -> 馬來西亞令吉 | D61: =D11 | E61: =E11 -> 0.01 | F61: =HLOOKUP(F11,$F$1:$AI$2,2) * $D$1 * $E61 -> 1 | G61: =HLOOKUP(G11,$F$1:$AI$2,2) * $D$1 * $E61 -> 2 | H61: =HLOOKUP(H11,$F$1:$AI$2,2) * $D$1 * $E61 -> 4 | I61: =HLOOKUP(I11,$F$1:$AI$2,2) * $D$1 * $E61 -> 8 | J61: =HLOOKUP(J11,$F$1:$AI$2,2) * $D$1 * $E61 -> 12 | K61: =HLOOKUP(K11,$F$1:$AI$2,2) * $D$1 * $E61 -> 16 | L61: =HLOOKUP(L11,$F$1:$AI$2,2) * $D$1 * $E61 -> 20 | M61: =HLOOKUP(M11,$F$1:$AI$2,2) * $D$1 * $E61 -> 30 | ... Y61: =HLOOKUP(Y11,$F$1:$AI$2,2) * $D$1 * $E61 -> 500
A62: =A12 -> SGD | B62: =B12 -> S$ | C62: =C12 -> 新加坡幣 | D62: =D12 | E62: =E12 -> 0.001 | F62: =HLOOKUP(F12,$F$1:$AI$2,2) * $D$1 * $E62 -> 0.1 | G62: =HLOOKUP(G12,$F$1:$AI$2,2) * $D$1 * $E62 -> 0.2 | H62: =HLOOKUP(H12,$F$1:$AI$2,2) * $D$1 * $E62 -> 0.4 | I62: =HLOOKUP(I12,$F$1:$AI$2,2) * $D$1 * $E62 -> 0.8 | J62: =HLOOKUP(J12,$F$1:$AI$2,2) * $D$1 * $E62 -> 1.6 | K62: =HLOOKUP(K12,$F$1:$AI$2,2) * $D$1 * $E62 -> 2 | L62: =HLOOKUP(L12,$F$1:$AI$2,2) * $D$1 * $E62 -> 4 | M62: =HLOOKUP(M12,$F$1:$AI$2,2) * $D$1 * $E62 -> 5 | ... Y62: =HLOOKUP(Y12,$F$1:$AI$2,2) * $D$1 * $E62 -> 100
A63: =A13 -> USD | B63: =B13 -> $ | C63: =C13 -> 美元 | D63: =D13 | E63: =E13 -> 0.001 | F63: =HLOOKUP(F13,$F$1:$AI$2,2) * $D$1 * $E63 -> 0.1 | G63: =HLOOKUP(G13,$F$1:$AI$2,2) * $D$1 * $E63 -> 0.2 | H63: =HLOOKUP(H13,$F$1:$AI$2,2) * $D$1 * $E63 -> 0.4 | I63: =HLOOKUP(I13,$F$1:$AI$2,2) * $D$1 * $E63 -> 0.8 | J63: =HLOOKUP(J13,$F$1:$AI$2,2) * $D$1 * $E63 -> 1.6 | K63: =HLOOKUP(K13,$F$1:$AI$2,2) * $D$1 * $E63 -> 2 | L63: =HLOOKUP(L13,$F$1:$AI$2,2) * $D$1 * $E63 -> 4 | M63: =HLOOKUP(M13,$F$1:$AI$2,2) * $D$1 * $E63 -> 5 | ... Y63: =HLOOKUP(Y13,$F$1:$AI$2,2) * $D$1 * $E63 -> 100
A64: =A14 -> BDT | B64: =B14 -> ৳ | C64: =C14 -> 孟加拉塔卡 | D64: =D14 | E64: =E14 -> 0.01 | F64: =HLOOKUP(F14,$F$1:$AI$2,2) * $D$1 * $E64 -> 2 | G64: =HLOOKUP(G14,$F$1:$AI$2,2) * $D$1 * $E64 -> 4 | H64: =HLOOKUP(H14,$F$1:$AI$2,2) * $D$1 * $E64 -> 8 | I64: =HLOOKUP(I14,$F$1:$AI$2,2) * $D$1 * $E64 -> 12 | J64: =HLOOKUP(J14,$F$1:$AI$2,2) * $D$1 * $E64 -> 16 | K64: =HLOOKUP(K14,$F$1:$AI$2,2) * $D$1 * $E64 -> 20 | L64: =HLOOKUP(L14,$F$1:$AI$2,2) * $D$1 * $E64 -> 40 | M64: =HLOOKUP(M14,$F$1:$AI$2,2) * $D$1 * $E64 -> 80 | ... Y64: =HLOOKUP(Y14,$F$1:$AI$2,2) * $D$1 * $E64 -> 2400
A65: =A15 -> PKR | B65: =B15 -> ₨ | C65: =C15 -> 巴基斯坦盧比 | D65: =D15 | E65: =E15 -> 0.01 | F65: =HLOOKUP(F15,$F$1:$AI$2,2) * $D$1 * $E65 -> 2 | G65: =HLOOKUP(G15,$F$1:$AI$2,2) * $D$1 * $E65 -> 4 | H65: =HLOOKUP(H15,$F$1:$AI$2,2) * $D$1 * $E65 -> 8 | I65: =HLOOKUP(I15,$F$1:$AI$2,2) * $D$1 * $E65 -> 12 | J65: =HLOOKUP(J15,$F$1:$AI$2,2) * $D$1 * $E65 -> 16 | K65: =HLOOKUP(K15,$F$1:$AI$2,2) * $D$1 * $E65 -> 20 | L65: =HLOOKUP(L15,$F$1:$AI$2,2) * $D$1 * $E65 -> 40 | M65: =HLOOKUP(M15,$F$1:$AI$2,2) * $D$1 * $E65 -> 80 | ... Y65: =HLOOKUP(Y15,$F$1:$AI$2,2) * $D$1 * $E65 -> 2400
A66: =A16 -> MMK | B66: =B16 -> K | C66: =C16 -> 緬甸元(K) | D66: =D16 -> 1000 | E66: =E16 -> 0.001 | F66: =HLOOKUP(F16,$F$1:$AI$2,2) * $D$1 * $E66 -> 0.1 | G66: =HLOOKUP(G16,$F$1:$AI$2,2) * $D$1 * $E66 -> 0.2 | H66: =HLOOKUP(H16,$F$1:$AI$2,2) * $D$1 * $E66 -> 0.4 | I66: =HLOOKUP(I16,$F$1:$AI$2,2) * $D$1 * $E66 -> 0.8 | J66: =HLOOKUP(J16,$F$1:$AI$2,2) * $D$1 * $E66 -> 1.6 | K66: =HLOOKUP(K16,$F$1:$AI$2,2) * $D$1 * $E66 -> 2 | L66: =HLOOKUP(L16,$F$1:$AI$2,2) * $D$1 * $E66 -> 4 | M66: =HLOOKUP(M16,$F$1:$AI$2,2) * $D$1 * $E66 -> 5 | ... Y66: =HLOOKUP(Y16,$F$1:$AI$2,2) * $D$1 * $E66 -> 100
A67: =A17 -> MMH | B67: =B17 -> K | C67: =C17 -> 緬甸元(H) | D67: =D17 -> 100 | E67: =E17 -> 0.01 | F67: =HLOOKUP(F17,$F$1:$AI$2,2) * $D$1 * $E67 -> 1 | G67: =HLOOKUP(G17,$F$1:$AI$2,2) * $D$1 * $E67 -> 2 | H67: =HLOOKUP(H17,$F$1:$AI$2,2) * $D$1 * $E67 -> 4 | I67: =HLOOKUP(I17,$F$1:$AI$2,2) * $D$1 * $E67 -> 8 | J67: =HLOOKUP(J17,$F$1:$AI$2,2) * $D$1 * $E67 -> 12 | K67: =HLOOKUP(K17,$F$1:$AI$2,2) * $D$1 * $E67 -> 16 | L67: =HLOOKUP(L17,$F$1:$AI$2,2) * $D$1 * $E67 -> 20 | M67: =HLOOKUP(M17,$F$1:$AI$2,2) * $D$1 * $E67 -> 30 | ... Y67: =HLOOKUP(Y17,$F$1:$AI$2,2) * $D$1 * $E67 -> 1000
... A102: =A52 -> GHS | B102: =B52 -> Gp | C102: =C52 -> 迦納塞地 | D102: =D52 | E102: =E52 -> 0.01 | F102: =HLOOKUP(F52,$F$1:$AI$2,2) * $D$1 * $E102 -> 1 | G102: =HLOOKUP(G52,$F$1:$AI$2,2) * $D$1 * $E102 -> 2 | H102: =HLOOKUP(H52,$F$1:$AI$2,2) * $D$1 * $E102 -> 4 | I102: =HLOOKUP(I52,$F$1:$AI$2,2) * $D$1 * $E102 -> 8 | J102: =HLOOKUP(J52,$F$1:$AI$2,2) * $D$1 * $E102 -> 12 | K102: =HLOOKUP(K52,$F$1:$AI$2,2) * $D$1 * $E102 -> 16 | L102: =HLOOKUP(L52,$F$1:$AI$2,2) * $D$1 * $E102 -> 20 | M102: =HLOOKUP(M52,$F$1:$AI$2,2) * $D$1 * $E102 -> 30 | ... Y102: =HLOOKUP(Y52,$F$1:$AI$2,2) * $D$1 * $E102 -> 500

Sheet 150 - 彩金
C1: 最小押分 | D1: 150 | E1: 倍數 設定 | F1: 1 | G1: 2 | H1: 3 | I1: 4 | J1: 5 | K1: 6 | L1: 7 | M1: 8 | N1: 9 | O1: 10 | P1: 11 | Q1: 12 | R1: 13 | S1: 14 | T1: 15 | U1: 16 | V1: 17 | W1: 18 | X1: 19 | Y1: 20 | Z1: 21 | AA1: 22 | AB1: 23 | AC1: 24 | AD1: 25 | AE1: 26 | AF1: 27 | AG1: 28 | AH1: 29 | AI1: 30
F2: 1 | G2: 2 | H2: 4 | I2: 6 | J2: 8 | K2: 12 | L2: 20 | M2: 30 | N2: 40 | O2: 50 | P2: 60 | Q2: 70 | R2: 80 | S2: 90 | T2: 100 | U2: 120 | V2: 140 | W2: 160 | X2: 180 | Y2: 200 | Z2: 240 | AA2: 280 | AB2: 320 | AC2: 360 | AD2: 400 | AE2: 440 | AF2: 480 | AG2: 520 | AH2: 560 | AI2: 600
A5: 貨幣簡稱 | B5: 貨幣符號 | C5: 中文名稱 | D5: 貨幣轉換 | E5: Denom | F5: 第 1 組 | G5: 第 2 組 | H5: 第 3 組 | I5: 第 4 組 | J5: 第 5 組 | K5: 第 6 組 | L5: 第 7 組 | M5: 第 8 組 | N5: 第 9 組 | O5: 第 10 組 | P5: 第 11 組 | Q5: 第 12 組 | R5: 第 13 組 | S5: 第 14 組 | T5: 第 15 組 | U5: 第 16 組 | V5: 第 17 組 | W5: 第 18 組 | X5: 第 19 組 | Y5: 第 20 組 | AA5: 顯示倍數組別
A6: ='試算-SLOT'!A6 -> THB | B6: ='試算-SLOT'!B6 -> ฿ | C6: ='試算-SLOT'!C6 -> 泰銖 | D6: =IF('試算-SLOT'!D6=1,"",'試算-SLOT'!D6) | E6: 0.01 | F6: 1 | G6: 2 | H6: 3 | I6: 4 | J6: 5 | K6: 6 | L6: 7 | M6: 8 | N6: 9 | O6: 10 | P6: 11 | Q6: 13 | R6: 15 | S6: 16 | T6: 17 | U6: 18 | V6: 20 | W6: 21 | X6: 23 | Y6: 25
A7: ='試算-SLOT'!A7 -> HKD | B7: ='試算-SLOT'!B7 -> HK$ | C7: ='試算-SLOT'!C7 -> 港幣 | D7: =IF('試算-SLOT'!D7=1,"",'試算-SLOT'!D7) | E7: 0.01 | F7: 1 | G7: 2 | H7: 3 | I7: 4 | J7: 5 | K7: 6 | L7: 7 | M7: 8 | N7: 9 | O7: 10 | P7: 11 | Q7: 13 | R7: 15 | S7: 16 | T7: 17 | U7: 18 | V7: 20 | W7: 21 | X7: 23 | Y7: 25
A8: ='試算-SLOT'!A8 -> INR | B8: ='試算-SLOT'!B8 -> ₹ | C8: ='試算-SLOT'!C8 -> 印度盧比 | D8: =IF('試算-SLOT'!D8=1,"",'試算-SLOT'!D8) | E8: 0.01 | F8: 1 | G8: 2 | H8: 3 | I8: 4 | J8: 5 | K8: 6 | L8: 7 | M8: 8 | N8: 9 | O8: 10 | P8: 11 | Q8: 13 | R8: 15 | S8: 16 | T8: 17 | U8: 18 | V8: 20 | W8: 21 | X8: 23 | Y8: 25
A9: ='試算-SLOT'!A9 -> IDR | B9: ='試算-SLOT'!B9 -> Rp | C9: ='試算-SLOT'!C9 -> 印尼盧比(K) | D9: =IF('試算-SLOT'!D9=1,"",'試算-SLOT'!D9) -> 1000 | E9: 0.01 | F9: 1 | G9: 2 | H9: 3 | I9: 4 | J9: 5 | K9: 6 | L9: 7 | M9: 8 | N9: 9 | O9: 10 | P9: 11 | Q9: 13 | R9: 15 | S9: 16 | T9: 17 | U9: 18 | V9: 20 | W9: 21 | X9: 23 | Y9: 25
A10: ='試算-SLOT'!A10 -> VND | B10: ='試算-SLOT'!B10 -> ₫ | C10: ='試算-SLOT'!C10 -> 越南盾(K) | D10: =IF('試算-SLOT'!D10=1,"",'試算-SLOT'!D10) -> 1000 | E10: 0.01 | F10: 1 | G10: 2 | H10: 3 | I10: 4 | J10: 5 | K10: 6 | L10: 7 | M10: 8 | N10: 9 | O10: 10 | P10: 11 | Q10: 13 | R10: 15 | S10: 16 | T10: 17 | U10: 18 | V10: 20 | W10: 21 | X10: 23 | Y10: 25
A11: ='試算-SLOT'!A11 -> MYR | B11: ='試算-SLOT'!B11 -> RM | C11: ='試算-SLOT'!C11 -> 馬來西亞令吉 | D11: =IF('試算-SLOT'!D11=1,"",'試算-SLOT'!D11) | E11: 0.01 | F11: 1 | G11: 2 | H11: 3 | I11: 4 | J11: 5 | K11: 6 | L11: 7 | M11: 8 | N11: 9 | O11: 10 | P11: 11 | Q11: 13 | R11: 15 | S11: 16 | T11: 17 | U11: 18 | V11: 20 | W11: 21 | X11: 23 | Y11: 25
A12: ='試算-SLOT'!A12 -> SGD | B12: ='試算-SLOT'!B12 -> S$ | C12: ='試算-SLOT'!C12 -> 新加坡幣 | D12: =IF('試算-SLOT'!D12=1,"",'試算-SLOT'!D12) | E12: 0.001 | F12: 1 | G12: 2 | H12: 3 | I12: 4 | J12: 5 | K12: 6 | L12: 7 | M12: 8 | N12: 9 | O12: 10 | P12: 11 | Q12: 12 | R12: 13 | S12: 14 | T12: 15 | U12: 16 | V12: 17 | W12: 18 | X12: 19 | Y12: 20
A13: ='試算-SLOT'!A13 -> USD | B13: ='試算-SLOT'!B13 -> $ | C13: ='試算-SLOT'!C13 -> 美元 | D13: =IF('試算-SLOT'!D13=1,"",'試算-SLOT'!D13) | E13: 0.001 | F13: 1 | G13: 2 | H13: 3 | I13: 4 | J13: 5 | K13: 6 | L13: 7 | M13: 8 | N13: 9 | O13: 10 | P13: 11 | Q13: 12 | R13: 13 | S13: 14 | T13: 15 | U13: 16 | V13: 17 | W13: 18 | X13: 19 | Y13: 20
A14: ='試算-SLOT'!A14 -> BDT | B14: ='試算-SLOT'!B14 -> ৳ | C14: ='試算-SLOT'!C14 -> 孟加拉塔卡 | D14: =IF('試算-SLOT'!D14=1,"",'試算-SLOT'!D14) | E14: 0.01 | F14: 1 | G14: 2 | H14: 3 | I14: 4 | J14: 5 | K14: 6 | L14: 7 | M14: 8 | N14: 9 | O14: 10 | P14: 11 | Q14: 13 | R14: 15 | S14: 16 | T14: 17 | U14: 18 | V14: 20 | W14: 21 | X14: 23 | Y14: 25
A15: ='試算-SLOT'!A15 -> PKR | B15: ='試算-SLOT'!B15 -> ₨ | C15: ='試算-SLOT'!C15 -> 巴基斯坦盧比 | D15: =IF('試算-SLOT'!D15=1,"",'試算-SLOT'!D15) | E15: 0.01 | F15: 1 | G15: 2 | H15: 3 | I15: 4 | J15: 5 | K15: 6 | L15: 7 | M15: 8 | N15: 9 | O15: 10 | P15: 11 | Q15: 13 | R15: 15 | S15: 16 | T15: 17 | U15: 18 | V15: 20 | W15: 21 | X15: 23 | Y15: 25
A16: ='試算-SLOT'!A16 -> MMK | B16: ='試算-SLOT'!B16 -> K | C16: ='試算-SLOT'!C16 -> 緬甸元(K) | D16: =IF('試算-SLOT'!D16=1,"",'試算-SLOT'!D16) -> 1000 | E16: 0.001 | F16: 1 | G16: 2 | H16: 3 | I16: 4 | J16: 5 | K16: 6 | L16: 7 | M16: 8 | N16: 9 | O16: 10 | P16: 11 | Q16: 12 | R16: 13 | S16: 14 | T16: 15 | U16: 16 | V16: 17 | W16: 18 | X16: 19 | Y16: 20
A17: ='試算-SLOT'!A17 -> MMH | B17: ='試算-SLOT'!B17 -> K | C17: ='試算-SLOT'!C17 -> 緬甸元(H) | D17: =IF('試算-SLOT'!D17=1,"",'試算-SLOT'!D17) -> 100 | E17: 0.01 | F17: 1 | G17: 2 | H17: 3 | I17: 4 | J17: 5 | K17: 6 | L17: 7 | M17: 8 | N17: 9 | O17: 10 | P17: 11 | Q17: 13 | R17: 15 | S17: 16 | T17: 17 | U17: 18 | V17: 20 | W17: 21 | X17: 23 | Y17: 25
... A52: ='試算-SLOT'!A52 -> GHS | B52: ='試算-SLOT'!B52 -> Gp | C52: ='試算-SLOT'!C52 -> 迦納塞地 | D52: =IF('試算-SLOT'!D52=1,"",'試算-SLOT'!D52) | E52: 0.01 | F52: 1 | G52: 2 | H52: 3 | I52: 4 | J52: 5 | K52: 6 | L52: 7 | M52: 8 | N52: 9 | O52: 10 | P52: 11 | Q52: 13 | R52: 15 | S52: 16 | T52: 17 | U52: 18 | V52: 20 | W52: 21 | X52: 23 | Y52: 25
A55: =A5 -> 貨幣簡稱 | B55: =B5 -> 貨幣符號 | C55: =C5 -> 中文名稱 | D55: =D5 -> 貨幣轉換 | E55: =E5 -> Denom | F55: =F5 -> 第 1 組 | G55: =G5 -> 第 2 組 | H55: =H5 -> 第 3 組 | ... Y55: =Y5 -> 第 20 組 | AA55: 顯示金額
A56: =A6 -> THB | B56: =B6 -> ฿ | C56: =C6 -> 泰銖 | D56: =D6 | E56: =E6 -> 0.01 | F56: =HLOOKUP(F6,$F$1:$AI$2,2) * $D$1 * $E56 -> 1.5 | G56: =HLOOKUP(G6,$F$1:$AI$2,2) * $D$1 * $E56 -> 3 | H56: =HLOOKUP(H6,$F$1:$AI$2,2) * $D$1 * $E56 -> 6 | I56: =HLOOKUP(I6,$F$1:$AI$2,2) * $D$1 * $E56 -> 9 | J56: =HLOOKUP(J6,$F$1:$AI$2,2) * $D$1 * $E56 -> 12 | K56: =HLOOKUP(K6,$F$1:$AI$2,2) * $D$1 * $E56 -> 18 | L56: =HLOOKUP(L6,$F$1:$AI$2,2) * $D$1 * $E56 -> 30 | M56: =HLOOKUP(M6,$F$1:$AI$2,2) * $D$1 * $E56 -> 45 | ... Y56: =HLOOKUP(Y6,$F$1:$AI$2,2) * $D$1 * $E56 -> 600
A57: =A7 -> HKD | B57: =B7 -> HK$ | C57: =C7 -> 港幣 | D57: =D7 | E57: =E7 -> 0.01 | F57: =HLOOKUP(F7,$F$1:$AI$2,2) * $D$1 * $E57 -> 1.5 | G57: =HLOOKUP(G7,$F$1:$AI$2,2) * $D$1 * $E57 -> 3 | H57: =HLOOKUP(H7,$F$1:$AI$2,2) * $D$1 * $E57 -> 6 | I57: =HLOOKUP(I7,$F$1:$AI$2,2) * $D$1 * $E57 -> 9 | J57: =HLOOKUP(J7,$F$1:$AI$2,2) * $D$1 * $E57 -> 12 | K57: =HLOOKUP(K7,$F$1:$AI$2,2) * $D$1 * $E57 -> 18 | L57: =HLOOKUP(L7,$F$1:$AI$2,2) * $D$1 * $E57 -> 30 | M57: =HLOOKUP(M7,$F$1:$AI$2,2) * $D$1 * $E57 -> 45 | ... Y57: =HLOOKUP(Y7,$F$1:$AI$2,2) * $D$1 * $E57 -> 600
A58: =A8 -> INR | B58: =B8 -> ₹ | C58: =C8 -> 印度盧比 | D58: =D8 | E58: =E8 -> 0.01 | F58: =HLOOKUP(F8,$F$1:$AI$2,2) * $D$1 * $E58 -> 1.5 | G58: =HLOOKUP(G8,$F$1:$AI$2,2) * $D$1 * $E58 -> 3 | H58: =HLOOKUP(H8,$F$1:$AI$2,2) * $D$1 * $E58 -> 6 | I58: =HLOOKUP(I8,$F$1:$AI$2,2) * $D$1 * $E58 -> 9 | J58: =HLOOKUP(J8,$F$1:$AI$2,2) * $D$1 * $E58 -> 12 | K58: =HLOOKUP(K8,$F$1:$AI$2,2) * $D$1 * $E58 -> 18 | L58: =HLOOKUP(L8,$F$1:$AI$2,2) * $D$1 * $E58 -> 30 | M58: =HLOOKUP(M8,$F$1:$AI$2,2) * $D$1 * $E58 -> 45 | ... Y58: =HLOOKUP(Y8,$F$1:$AI$2,2) * $D$1 * $E58 -> 600
A59: =A9 -> IDR | B59: =B9 -> Rp | C59: =C9 -> 印尼盧比(K) | D59: =D9 -> 1000 | E59: =E9 -> 0.01 | F59: =HLOOKUP(F9,$F$1:$AI$2,2) * $D$1 * $E59 -> 1.5 | G59: =HLOOKUP(G9,$F$1:$AI$2,2) * $D$1 * $E59 -> 3 | H59: =HLOOKUP(H9,$F$1:$AI$2,2) * $D$1 * $E59 -> 6 | I59: =HLOOKUP(I9,$F$1:$AI$2,2) * $D$1 * $E59 -> 9 | J59: =HLOOKUP(J9,$F$1:$AI$2,2) * $D$1 * $E59 -> 12 | K59: =HLOOKUP(K9,$F$1:$AI$2,2) * $D$1 * $E59 -> 18 | L59: =HLOOKUP(L9,$F$1:$AI$2,2) * $D$1 * $E59 -> 30 | M59: =HLOOKUP(M9,$F$1:$AI$2,2) * $D$1 * $E59 -> 45 | ... Y59: =HLOOKUP(Y9,$F$1:$AI$2,2) * $D$1 * $E59 -> 600
A60: =A10 -> VND | B60: =B10 -> ₫ | C60: =C10 -> 越南盾(K) | D60: =D10 -> 1000 | E60: =E10 -> 0.01 | F60: =HLOOKUP(F10,$F$1:$AI$2,2) * $D$1 * $E60 -> 1.5 | G60: =HLOOKUP(G10,$F$1:$AI$2,2) * $D$1 * $E60 -> 3 | H60: =HLOOKUP(H10,$F$1:$AI$2,2) * $D$1 * $E60 -> 6 | I60: =HLOOKUP(I10,$F$1:$AI$2,2) * $D$1 * $E60 -> 9 | J60: =HLOOKUP(J10,$F$1:$AI$2,2) * $D$1 * $E60 -> 12 | K60: =HLOOKUP(K10,$F$1:$AI$2,2) * $D$1 * $E60 -> 18 | L60: =HLOOKUP(L10,$F$1:$AI$2,2) * $D$1 * $E60 -> 30 | M60: =HLOOKUP(M10,$F$1:$AI$2,2) * $D$1 * $E60 -> 45 | ... Y60: =HLOOKUP(Y10,$F$1:$AI$2,2) * $D$1 * $E60 -> 600
A61: =A11 -> MYR | B61: =B11 -> RM | C61: =C11 -> 馬來西亞令吉 | D61: =D11 | E61: =E11 -> 0.01 | F61: =HLOOKUP(F11,$F$1:$AI$2,2) * $D$1 * $E61 -> 1.5 | G61: =HLOOKUP(G11,$F$1:$AI$2,2) * $D$1 * $E61 -> 3 | H61: =HLOOKUP(H11,$F$1:$AI$2,2) * $D$1 * $E61 -> 6 | I61: =HLOOKUP(I11,$F$1:$AI$2,2) * $D$1 * $E61 -> 9 | J61: =HLOOKUP(J11,$F$1:$AI$2,2) * $D$1 * $E61 -> 12 | K61: =HLOOKUP(K11,$F$1:$AI$2,2) * $D$1 * $E61 -> 18 | L61: =HLOOKUP(L11,$F$1:$AI$2,2) * $D$1 * $E61 -> 30 | M61: =HLOOKUP(M11,$F$1:$AI$2,2) * $D$1 * $E61 -> 45 | ... Y61: =HLOOKUP(Y11,$F$1:$AI$2,2) * $D$1 * $E61 -> 600
A62: =A12 -> SGD | B62: =B12 -> S$ | C62: =C12 -> 新加坡幣 | D62: =D12 | E62: =E12 -> 0.001 | F62: =HLOOKUP(F12,$F$1:$AI$2,2) * $D$1 * $E62 -> 0.15 | G62: =HLOOKUP(G12,$F$1:$AI$2,2) * $D$1 * $E62 -> 0.3 | H62: =HLOOKUP(H12,$F$1:$AI$2,2) * $D$1 * $E62 -> 0.6 | I62: =HLOOKUP(I12,$F$1:$AI$2,2) * $D$1 * $E62 -> 0.9 | J62: =HLOOKUP(J12,$F$1:$AI$2,2) * $D$1 * $E62 -> 1.2 | K62: =HLOOKUP(K12,$F$1:$AI$2,2) * $D$1 * $E62 -> 1.8 | L62: =HLOOKUP(L12,$F$1:$AI$2,2) * $D$1 * $E62 -> 3 | M62: =HLOOKUP(M12,$F$1:$AI$2,2) * $D$1 * $E62 -> 4.5 | ... Y62: =HLOOKUP(Y12,$F$1:$AI$2,2) * $D$1 * $E62 -> 30
A63: =A13 -> USD | B63: =B13 -> $ | C63: =C13 -> 美元 | D63: =D13 | E63: =E13 -> 0.001 | F63: =HLOOKUP(F13,$F$1:$AI$2,2) * $D$1 * $E63 -> 0.15 | G63: =HLOOKUP(G13,$F$1:$AI$2,2) * $D$1 * $E63 -> 0.3 | H63: =HLOOKUP(H13,$F$1:$AI$2,2) * $D$1 * $E63 -> 0.6 | I63: =HLOOKUP(I13,$F$1:$AI$2,2) * $D$1 * $E63 -> 0.9 | J63: =HLOOKUP(J13,$F$1:$AI$2,2) * $D$1 * $E63 -> 1.2 | K63: =HLOOKUP(K13,$F$1:$AI$2,2) * $D$1 * $E63 -> 1.8 | L63: =HLOOKUP(L13,$F$1:$AI$2,2) * $D$1 * $E63 -> 3 | M63: =HLOOKUP(M13,$F$1:$AI$2,2) * $D$1 * $E63 -> 4.5 | ... Y63: =HLOOKUP(Y13,$F$1:$AI$2,2) * $D$1 * $E63 -> 30
A64: =A14 -> BDT | B64: =B14 -> ৳ | C64: =C14 -> 孟加拉塔卡 | D64: =D14 | E64: =E14 -> 0.01 | F64: =HLOOKUP(F14,$F$1:$AI$2,2) * $D$1 * $E64 -> 1.5 | G64: =HLOOKUP(G14,$F$1:$AI$2,2) * $D$1 * $E64 -> 3 | H64: =HLOOKUP(H14,$F$1:$AI$2,2) * $D$1 * $E64 -> 6 | I64: =HLOOKUP(I14,$F$1:$AI$2,2) * $D$1 * $E64 -> 9 | J64: =HLOOKUP(J14,$F$1:$AI$2,2) * $D$1 * $E64 -> 12 | K64: =HLOOKUP(K14,$F$1:$AI$2,2) * $D$1 * $E64 -> 18 | L64: =HLOOKUP(L14,$F$1:$AI$2,2) * $D$1 * $E64 -> 30 | M64: =HLOOKUP(M14,$F$1:$AI$2,2) * $D$1 * $E64 -> 45 | ... Y64: =HLOOKUP(Y14,$F$1:$AI$2,2) * $D$1 * $E64 -> 600
A65: =A15 -> PKR | B65: =B15 -> ₨ | C65: =C15 -> 巴基斯坦盧比 | D65: =D15 | E65: =E15 -> 0.01 | F65: =HLOOKUP(F15,$F$1:$AI$2,2) * $D$1 * $E65 -> 1.5 | G65: =HLOOKUP(G15,$F$1:$AI$2,2) * $D$1 * $E65 -> 3 | H65: =HLOOKUP(H15,$F$1:$AI$2,2) * $D$1 * $E65 -> 6 | I65: =HLOOKUP(I15,$F$1:$AI$2,2) * $D$1 * $E65 -> 9 | J65: =HLOOKUP(J15,$F$1:$AI$2,2) * $D$1 * $E65 -> 12 | K65: =HLOOKUP(K15,$F$1:$AI$2,2) * $D$1 * $E65 -> 18 | L65: =HLOOKUP(L15,$F$1:$AI$2,2) * $D$1 * $E65 -> 30 | M65: =HLOOKUP(M15,$F$1:$AI$2,2) * $D$1 * $E65 -> 45 | ... Y65: =HLOOKUP(Y15,$F$1:$AI$2,2) * $D$1 * $E65 -> 600
A66: =A16 -> MMK | B66: =B16 -> K | C66: =C16 -> 緬甸元(K) | D66: =D16 -> 1000 | E66: =E16 -> 0.001 | F66: =HLOOKUP(F16,$F$1:$AI$2,2) * $D$1 * $E66 -> 0.15 | G66: =HLOOKUP(G16,$F$1:$AI$2,2) * $D$1 * $E66 -> 0.3 | H66: =HLOOKUP(H16,$F$1:$AI$2,2) * $D$1 * $E66 -> 0.6 | I66: =HLOOKUP(I16,$F$1:$AI$2,2) * $D$1 * $E66 -> 0.9 | J66: =HLOOKUP(J16,$F$1:$AI$2,2) * $D$1 * $E66 -> 1.2 | K66: =HLOOKUP(K16,$F$1:$AI$2,2) * $D$1 * $E66 -> 1.8 | L66: =HLOOKUP(L16,$F$1:$AI$2,2) * $D$1 * $E66 -> 3 | M66: =HLOOKUP(M16,$F$1:$AI$2,2) * $D$1 * $E66 -> 4.5 | ... Y66: =HLOOKUP(Y16,$F$1:$AI$2,2) * $D$1 * $E66 -> 30
A67: =A17 -> MMH | B67: =B17 -> K | C67: =C17 -> 緬甸元(H) | D67: =D17 -> 100 | E67: =E17 -> 0.01 | F67: =HLOOKUP(F17,$F$1:$AI$2,2) * $D$1 * $E67 -> 1.5 | G67: =HLOOKUP(G17,$F$1:$AI$2,2) * $D$1 * $E67 -> 3 | H67: =HLOOKUP(H17,$F$1:$AI$2,2) * $D$1 * $E67 -> 6 | I67: =HLOOKUP(I17,$F$1:$AI$2,2) * $D$1 * $E67 -> 9 | J67: =HLOOKUP(J17,$F$1:$AI$2,2) * $D$1 * $E67 -> 12 | K67: =HLOOKUP(K17,$F$1:$AI$2,2) * $D$1 * $E67 -> 18 | L67: =HLOOKUP(L17,$F$1:$AI$2,2) * $D$1 * $E67 -> 30 | M67: =HLOOKUP(M17,$F$1:$AI$2,2) * $D$1 * $E67 -> 45 | ... Y67: =HLOOKUP(Y17,$F$1:$AI$2,2) * $D$1 * $E67 -> 600
... A102: =A52 -> GHS | B102: =B52 -> Gp | C102: =C52 -> 迦納塞地 | D102: =D52 | E102: =E52 -> 0.01 | F102: =HLOOKUP(F52,$F$1:$AI$2,2) * $D$1 * $E102 -> 1.5 | G102: =HLOOKUP(G52,$F$1:$AI$2,2) * $D$1 * $E102 -> 3 | H102: =HLOOKUP(H52,$F$1:$AI$2,2) * $D$1 * $E102 -> 6 | I102: =HLOOKUP(I52,$F$1:$AI$2,2) * $D$1 * $E102 -> 9 | J102: =HLOOKUP(J52,$F$1:$AI$2,2) * $D$1 * $E102 -> 12 | K102: =HLOOKUP(K52,$F$1:$AI$2,2) * $D$1 * $E102 -> 18 | L102: =HLOOKUP(L52,$F$1:$AI$2,2) * $D$1 * $E102 -> 30 | M102: =HLOOKUP(M52,$F$1:$AI$2,2) * $D$1 * $E102 -> 45 | ... Y102: =HLOOKUP(Y52,$F$1:$AI$2,2) * $D$1 * $E102 -> 600

Sheet 魚機
A2: 分數組別 | B2: 第1組 | C2: 分數組合
B3: 太平洋廳 | C3: 1 | D3: 2 | E3: 3 | F3: 4 | G3: 5 | H3: 6 | I3: 7 | J3: 8 | K3: 9 | L3: 10 | M3: 20 | N3: 30 | O3: 40 | P3: 50 | Q3: 60 | R3: 70 | S3: 80 | T3: 90 | U3: 100
B4: 大西洋廳 | C4: 10 | D4: 20 | E4: 30 | F4: 40 | G4: 50 | H4: 60 | I4: 70 | J4: 80 | K4: 90 | L4: 100 | M4: 200 | N4: 300 | O4: 400 | P4: 500
B5: 北冰洋廳 | C5: 100 | D5: 200 | E5: 300 | F5: 400 | G5: 500 | H5: 600 | I5: 700 | J5: 800 | K5: 900 | L5: 1000
B7: 第2組 | C7: 分數組合
B8: 太平洋廳 | C8: 1 | D8: 2 | E8: 3 | F8: 4 | G8: 5 | H8: 6 | I8: 7 | J8: 8 | K8: 9 | L8: 10 | M8: 20 | N8: 30 | O8: 40 | P8: 50 | Q8: 60 | R8: 70 | S8: 80 | T8: 90 | U8: 100
B9: 大西洋廳 | C9: 10 | D9: 20 | E9: 30 | F9: 40 | G9: 50 | H9: 60 | I9: 70 | J9: 80 | K9: 90 | L9: 100 | M9: 200 | N9: 300 | O9: 400 | P9: 500
B10: 北冰洋廳 | C10: 100 | D10: 200 | E10: 300 | F10: 400 | G10: 500 | H10: 600 | I10: 700 | J10: 800 | K10: 900 | L10: 1000 | M10: 2000
B12: 第3組 | C12: 分數組合
B13: 太平洋廳 | C13: 1 | D13: 2 | E13: 3 | F13: 4 | G13: 5 | H13: 6 | I13: 7 | J13: 8 | K13: 9 | L13: 10 | M13: 20 | N13: 30 | O13: 40 | P13: 50
B14: 大西洋廳 | C14: 10 | D14: 20 | E14: 30 | F14: 40 | G14: 50 | H14: 60 | I14: 70 | J14: 80 | K14: 90 | L14: 100 | M14: 200 | N14: 300 | O14: 400 | P14: 500
B15: 北冰洋廳 | C15: 100 | D15: 200 | E15: 300 | F15: 400 | G15: 500 | H15: 600 | I15: 700 | J15: 800 | K15: 900 | L15: 1000 | M15: 2000 | N15: 3000 | O15: 4000 | P15: 5000
A17: 東南亞 Bet Option
A18: 顯示金額區間 | B18: 貨幣簡稱 | C18: 貨幣符號 | D18: 中文名稱 | E18: 參數類型 | F18: Denom | G18: 幣別轉換 | H18: 太平洋廳 | I18: 大西洋廳 | J18: 北冰洋廳
B19: ='試算-SLOT'!A6 -> THB | C19: ='試算-SLOT'!B6 -> ฿ | D19: ='試算-SLOT'!C6 -> 泰銖 | E19: 第2組 | F19: 0.1 | H19: 0.1-10 | I19: 1-50 | J19: 10-200
B20: ='試算-SLOT'!A7 -> HKD | C20: ='試算-SLOT'!B7 -> HK$ | D20: ='試算-SLOT'!C7 -> 港幣 | E20: 第2組 | F20: 0.1 | H20: 0.1-10 | I20: 1-50 | J20: 10-200
B21: ='試算-SLOT'!A8 -> INR | C21: ='試算-SLOT'!B8 -> ₹ | D21: ='試算-SLOT'!C8 -> 印度盧比 | E21: 第2組 | F21: 0.1 | H21: 0.1-10 | I21: 1-50 | J21: 10-200
B22: ='試算-SLOT'!A9 -> IDR | C22: ='試算-SLOT'!B9 -> Rp | D22: ='試算-SLOT'!C9 -> 印尼盧比(K) | E22: 第2組 | F22: 0.1 | G22: 1000 | H22: 0.1-10 | I22: 1-50 | J22: 10-200
B23: ='試算-SLOT'!A10 -> VND | C23: ='試算-SLOT'!B10 -> ₫ | D23: ='試算-SLOT'!C10 -> 越南盾(K) | E23: 第2組 | F23: 0.1 | G23: 1000 | H23: 0.1-10 | I23: 1-50 | J23: 10-200
B24: ='試算-SLOT'!A11 -> MYR | C24: ='試算-SLOT'!B11 -> RM | D24: ='試算-SLOT'!C11 -> 馬來西亞令吉 | E24: 第2組 | F24: 0.1 | H24: 0.1-10 | I24: 1-50 | J24: 10-200
B25: ='試算-SLOT'!A12 -> SGD | C25: ='試算-SLOT'!B12 -> S$ | D25: ='試算-SLOT'!C12 -> 新加坡幣 | E25: 第1組 | F25: 0.01 | H25: 0.01-1 | I25: 0.1-5 | J25: 1-10
B26: ='試算-SLOT'!A13 -> USD | C26: ='試算-SLOT'!B13 -> $ | D26: ='試算-SLOT'!C13 -> 美元 | E26: 第2組 | F26: 0.01 | H26: 0.01-1 | I26: 0.1-5 | J26: 1-20
B27: ='試算-SLOT'!A14 -> BDT | C27: ='試算-SLOT'!B14 -> ৳ | D27: ='試算-SLOT'!C14 -> 孟加拉塔卡 | E27: 第2組 | F27: 0.1 | H27: 0.1-10 | I27: 1-50 | J27: 10-200
B28: ='試算-SLOT'!A15 -> PKR | C28: ='試算-SLOT'!B15 -> ₨ | D28: ='試算-SLOT'!C15 -> 巴基斯坦盧比 | E28: 第2組 | F28: 0.1 | H28: 0.1-10 | I28: 1-50 | J28: 10-200
B29: ='試算-SLOT'!A16 -> MMK | C29: ='試算-SLOT'!B16 -> K | D29: ='試算-SLOT'!C16 -> 緬甸元(K) | E29: 第1組 | F29: 0.01 | G29: 1000 | H29: 0.01-1 | I29: 0.1-5 | J29: 1-10
B30: ='試算-SLOT'!A17 -> MMH | C30: ='試算-SLOT'!B17 -> K | D30: ='試算-SLOT'!C17 -> 緬甸元(H) | E30: 第2組 | F30: 0.1 | G30: 100 | H30: 0.1-10 | I30: 1-50 | J30: 10-200
B31: ='試算-SLOT'!A18 -> PHP | C31: ='試算-SLOT'!B18 -> ₱ | D31: ='試算-SLOT'!C18 -> 菲律賓披索 | E31: 第2組 | F31: 0.1 | H31: 0.1-10 | I31: 1-50 | J31: 10-200
B32: ='試算-SLOT'!A19 -> CNY | C32: ='試算-SLOT'!B19 -> ￥ | D32: ='試算-SLOT'!C19 -> 人民幣 | E32: 第2組 | F32: 0.1 | H32: 0.1-10 | I32: 1-50 | J32: 10-200
B33: ='試算-SLOT'!A20 -> MXN | C33: ='試算-SLOT'!B20 -> Mex$ | D33: ='試算-SLOT'!C20 -> 墨⻄哥披索 | E33: 第2組 | F33: 0.1 | H33: 0.1-10 | I33: 1-50 | J33: 10-200
B34: ='試算-SLOT'!A21 -> BRL | C34: ='試算-SLOT'!B21 -> R$ | D34: ='試算-SLOT'!C21 -> 巴西雷亞爾 | E34: 第2組 | F34: 0.1 | H34: 0.1-10 | I34: 1-50 | J34: 10-200
B35: ='試算-SLOT'!A22 -> AUD | C35: ='試算-SLOT'!B22 -> A$ | D35: ='試算-SLOT'!C22 -> 澳洲元 | E35: 第1組 | F35: 0.1 | H35: 0.1-10 | I35: 1-50 | J35: 10-100
B36: ='試算-SLOT'!A23 -> JPY | C36: ='試算-SLOT'!B23 -> ￥ | D36: ='試算-SLOT'!C23 -> 日圓 | E36: 第3組 | F36: 1 | H36: 1-50 | I36: 10-500 | J36: 100-5000
B37: ='試算-SLOT'!A24 -> KRW | C37: ='試算-SLOT'!B24 -> ₩ | D37: ='試算-SLOT'!C24 -> 韓圓 | E37: 第3組 | F37: 10 | H37: 10-500 | I37: 100-5000 | J37: 1000-50000
B38: ='試算-SLOT'!A25 -> CLP | C38: ='試算-SLOT'!B25 -> $ | D38: ='試算-SLOT'!C25 -> 智利披索 | E38: 第3組 | F38: 10 | H38: 10-500 | I38: 100-5000 | J38: 1000-50000
B39: ='試算-SLOT'!A26 -> MMKO | C39: ='試算-SLOT'!B26 -> K | D39: ='試算-SLOT'!C26 -> 緬甸元 | E39: 第3組 | F39: 10 | H39: 10-500 | I39: 100-5000 | J39: 1000-50000
B40: ='試算-SLOT'!A27 -> IDRO | C40: ='試算-SLOT'!B27 -> Rp | D40: ='試算-SLOT'!C27 -> 印尼盧比 | E40: 第3組 | F40: 10 | H40: 10-500 | I40: 100-5000 | J40: 1000-50000
B41: ='試算-SLOT'!A28 -> RUB | C41: ='試算-SLOT'!B28 -> ₽ | D41: ='試算-SLOT'!C28 -> 盧布 | E41: 第2組 | F41: 0.1 | H41: 0.1-10 | I41: 1-50 | J41: 10-200
B42: ='試算-SLOT'!A29 -> LKR | C42: ='試算-SLOT'!B29 -> ₨ | D42: ='試算-SLOT'!C29 -> 斯里蘭卡盧比 | E42: 第2組 | F42: 0.1 | H42: 0.1-10 | I42: 1-50 | J42: 10-200
... B68: ='試算-SLOT'!A55 -> XSMY | C68: ='試算-SLOT'!B55 | D68: ='試算-SLOT'!C55 -> 星城馬來西亞 | E68: 第3組 | F68: 10 | H68: 10-500 | I68: 100-5000 | J68: 1000-50000

Sheet 試算-賓果
B1: 倍數設定號碼 | C1: 1 | D1: 2 | E1: 3 | F1: 4 | G1: 5 | H1: 6 | I1: 7 | J1: 8 | K1: 9 | L1: 10 | M1: 11 | N1: 12 | O1: 13 | P1: 14 | Q1: 15 | R1: 16 | S1: 17 | T1: 18 | U1: 19 | V1: 20 | W1: 21 | X1: 22 | Y1: 23 | Z1: 24 | AA1: 25 | AB1: 26 | AC1: 27 | AD1: 28 | AE1: 29 | AF1: 30
B2: 4卡 | C2: 1 | D2: 2 | E2: 4 | F2: 6 | G2: 8 | H2: 10 | I2: 12 | J2: 16 | K2: 20 | L2: 25 | M2: 30 | N2: 35 | O2: 40 | P2: 45 | Q2: 50 | R2: 60 | S2: 70 | T2: 80 | U2: 90 | V2: 100 | W2: 125 | X2: 140 | Y2: 160 | Z2: 200 | AA2: 250 | AB2: 300 | AC2: 400 | AD2: 500 | AE2: 625 | AF2: 1000
B3: 使用的 | C3: 1 | D3: 2 | E3: 4 | F3: 6 | G3: 10 | H3: 16 | I3: 20 | J3: 25 | K3: 35 | L3: 45 | M3: 60 | N3: 80 | O3: 100 | P3: 140 | Q3: 160 | R3: 200 | S3: 250 | T3: 300 | U3: 400 | V3: 625
B5: 倍數設定號碼 | C5: 1 | D5: 2 | E5: 3 | F5: 4 | G5: 5 | H5: 6 | I5: 7 | J5: 8 | K5: 9 | L5: 10 | M5: 11 | N5: 12 | O5: 13 | P5: 14 | Q5: 15 | R5: 16 | S5: 17 | T5: 18 | U5: 19 | V5: 20 | W5: 21 | X5: 22 | Y5: 23 | Z5: 24 | AA5: 25 | AB5: 26 | AC5: 27 | AD5: 28 | AE5: 29 | AF5: 30
B6: 20卡 | C6: 1 | D6: 2 | E6: 3 | F6: 4 | G6: 5 | H6: 6 | I6: 7 | J6: 8 | K6: 9 | L6: 10 | M6: 12 | N6: 14 | O6: 15 | P6: 16 | Q6: 20 | R6: 25 | S6: 30 | T6: 35 | U6: 40 | V6: 45 | W6: 50 | X6: 55 | Y6: 65 | Z6: 75 | AA6: 100 | AB6: 125 | AC6: 200 | AD6: 300 | AE6: 400 | AF6: 500
B7: 20卡(10) | C7: 10 | D7: 20 | E7: 30 | F7: 40 | G7: 50 | H7: 60 | I7: 70 | J7: 80 | K7: 90 | L7: 100 | M7: 120 | N7: 140 | O7: 150 | P7: 160 | Q7: 200 | R7: 250 | S7: 300 | T7: 350 | U7: 400 | V7: 450 | W7: 500 | X7: 550 | Y7: 650 | Z7: 750 | AA7: 1000 | AB7: 1250 | AC7: 2000 | AD7: 3000 | AE7: 4000 | AF7: 5000
B9: 倍數設定號碼 | C9: 1 | D9: 2 | E9: 3 | F9: 4 | G9: 5 | H9: 7 | I9: 10 | J9: 13 | K9: 15 | L9: 16 | M9: 17 | N9: 18 | O9: 19 | P9: 20 | Q9: 21 | R9: 22 | S9: 23 | T9: 24 | U9: 25 | V9: 26
B10: 一般 | C10: 1 | D10: 2 | E10: 3 | F10: 4 | G10: 5 | H10: 7 | I10: 10 | J10: 15 | K10: 20 | L10: 25 | M10: 30 | N10: 35 | O10: 40 | P10: 45 | Q10: 50 | R10: 55 | S10: 65 | T10: 75 | U10: 100 | V10: 125
D11: =D10/C10 -> 2 | E11: =E10/D10 -> 1.5 | F11: =F10/E10 -> 1.3333333 | G11: =G10/F10 -> 1.25 | H11: =H10/G10 -> 1.4 | I11: =I10/H10 -> 1.4285714 | J11: =J10/I10 -> 1.5 | K11: =K10/J10 -> 1.3333333 | ... V11: =V10/U10 -> 1.25
B12: 倍數設定號碼 | C12: 1 | D12: 2 | E12: 3 | F12: 4 | G12: 5 | H12: 6 | I12: 7 | J12: 8 | K12: 9 | L12: 10 | M12: 11 | N12: 12 | O12: 14 | P12: 15 | Q12: 16 | R12: 17 | S12: 18 | T12: 19 | U12: 20 | V12: 21
B13: 高匯率 | C13: 1 | D13: 2 | E13: 3 | F13: 4 | G13: 5 | H13: 6 | I13: 7 | J13: 8 | K13: 9 | L13: 10 | M13: 12 | N13: 14 | O13: 16 | P13: 20 | Q13: 25 | R13: 30 | S13: 35 | T13: 40 | U13: 45 | V13: 50
D14: =D13/C13 -> 2 | E14: =E13/D13 -> 1.5 | F14: =F13/E13 -> 1.3333333 | G14: =G13/F13 -> 1.25 | H14: =H13/G13 -> 1.2 | I14: =I13/H13 -> 1.1666667 | J14: =J13/I13 -> 1.1428571 | K14: =K13/J13 -> 1.125 | ... V14: =V13/U13 -> 1.1111111
F16: 賓果
G17: 0.01 | H17: 最小Denom
A18: 幣別 | B18: 貨幣符號 | C18: 貨幣簡稱 | E18: 匯率(外幣對台幣) | F18: 換算 | G18: 使用 | H18: 最小押注 | I18: 台幣價值 | J18: 最大押注台幣價值 | K18: 0.01 | L18: 最小押注 | M18: 台幣價值 | N18: 最大押注台幣價值
F19: 10 | K19: 10
A20: ='試算-SLOT'!A6 -> THB | B20: ='試算-SLOT'!B6 -> ฿ | C20: ='試算-SLOT'!C6 -> 泰銖 | D20: 1 | E20: =IFERROR(__xludf.DUMMYFUNCTION("GOOGLEFINANCE(""Currency:""&A20&""TWD"")*D20"),0.928234) -> 0.928234 | F20: =1/$E20/$F$19 -> 0.10773146 | G20: =K20 -> 0.05 | H20: ='賓果 - 1分4卡'!F59 -> 0.5 | I20: =H20*$E20 -> 0.464117 | J20: =E20*'賓果 - 1分4卡'!Y59 -> 58.014625 | K20: 0.05 | L20: ='賓果 - 1分20卡'!F59 -> 0.5 | M20: =L20*$E20 -> 0.464117 | N20: =E20*'賓果 - 1分20卡'!Y59 -> 58.014625
A21: ='試算-SLOT'!A7 -> HKD | B21: ='試算-SLOT'!B7 -> HK$ | C21: ='試算-SLOT'!C7 -> 港幣 | D21: 1 | E21: =IFERROR(__xludf.DUMMYFUNCTION("GOOGLEFINANCE(""Currency:""&A21&""TWD"")*D21"),4.197888558) -> 4.1978886 | F21: =1/$E21/$F$19 -> 0.023821499 | G21: =K21 -> 0.01 | H21: ='賓果 - 1分4卡'!F60 -> 0.1 | I21: =H21*$E21 -> 0.41978886 | J21: =E21*'賓果 - 1分4卡'!Y60 -> 52.473607 | K21: 0.01 | L21: ='賓果 - 1分20卡'!F60 -> 0.1 | M21: =L21*$E21 -> 0.41978886 | N21: =E21*'賓果 - 1分20卡'!Y60 -> 52.473607
A22: ='試算-SLOT'!A8 -> INR | B22: ='試算-SLOT'!B8 -> ₹ | C22: ='試算-SLOT'!C8 -> 印度盧比 | D22: 1 | E22: =IFERROR(__xludf.DUMMYFUNCTION("GOOGLEFINANCE(""Currency:""&A22&""TWD"")*D22"),0.3890549) -> 0.3890549 | F22: =1/$E22/$F$19 -> 0.25703313 | G22: =K22 -> 0.1 | H22: ='賓果 - 1分4卡'!F61 -> 1 | I22: =H22*$E22 -> 0.3890549 | J22: =E22*'賓果 - 1分4卡'!Y61 -> 48.631862 | K22: 0.1 | L22: ='賓果 - 1分20卡'!F61 -> 1 | M22: =L22*$E22 -> 0.3890549 | N22: =E22*'賓果 - 1分20卡'!Y61 -> 48.631862
A23: ='試算-SLOT'!A9 -> IDR | B23: ='試算-SLOT'!B9 -> Rp | C23: ='試算-SLOT'!C9 -> 印尼盧比(K) | D23: 1000 | E23: =IFERROR(__xludf.DUMMYFUNCTION("GOOGLEFINANCE(""Currency:""&A23&""TWD"")*D23"),2.0212253) -> 2.0212253 | F23: =1/$E23/$F$19 -> 0.04947494 | G23: =K23 -> 0.02 | H23: ='賓果 - 1分4卡'!F62 -> 0.2 | I23: =H23*$E23 -> 0.40424506 | J23: =E23*'賓果 - 1分4卡'!Y62 -> 50.530633 | K23: 0.02 | L23: ='賓果 - 1分20卡'!F62 -> 0.2 | M23: =L23*$E23 -> 0.40424506 | N23: =E23*'賓果 - 1分20卡'!Y62 -> 50.530633
A24: ='試算-SLOT'!A10 -> VND | B24: ='試算-SLOT'!B10 -> ₫ | C24: ='試算-SLOT'!C10 -> 越南盾(K) | D24: 1000 | E24: =IFERROR(__xludf.DUMMYFUNCTION("GOOGLEFINANCE(""Currency:""&A24&""TWD"")*D24"),1.300968628) -> 1.3009686 | F24: =1/$E24/$F$19 -> 0.076865804 | G24: =K24 -> 0.04 | H24: ='賓果 - 1分4卡'!F63 -> 0.4 | I24: =H24*$E24 -> 0.52038745 | J24: =E24*'賓果 - 1分4卡'!Y63 -> 65.048431 | K24: 0.04 | L24: ='賓果 - 1分20卡'!F63 -> 0.4 | M24: =L24*$E24 -> 0.52038745 | N24: =E24*'賓果 - 1分20卡'!Y63 -> 65.048431
A25: ='試算-SLOT'!A11 -> MYR | B25: ='試算-SLOT'!B11 -> RM | C25: ='試算-SLOT'!C11 -> 馬來西亞令吉 | D25: 1 | E25: =IFERROR(__xludf.DUMMYFUNCTION("GOOGLEFINANCE(""Currency:""&A25&""TWD"")*D25"),7.41468329) -> 7.4146833 | F25: =1/$E25/$F$19 -> 0.013486753 | G25: =K25 -> 0.01 | H25: ='賓果 - 1分4卡'!F64 -> 0.1 | I25: =H25*$E25 -> 0.74146833 | J25: =E25*'賓果 - 1分4卡'!Y64 -> 92.683541 | K25: 0.01 | L25: ='賓果 - 1分20卡'!F64 -> 0.1 | M25: =L25*$E25 -> 0.74146833 | N25: =E25*'賓果 - 1分20卡'!Y64 -> 92.683541
A26: ='試算-SLOT'!A12 -> SGD | B26: ='試算-SLOT'!B12 -> S$ | C26: ='試算-SLOT'!C12 -> 新加坡幣 | D26: 1 | E26: =IFERROR(__xludf.DUMMYFUNCTION("GOOGLEFINANCE(""Currency:""&A26&""TWD"")*D26"),24.676630000000003) -> 24.67663 | F26: =1/$E26/$F$19 -> 0.0040524172 | G26: =K26 -> 0.01 | H26: ='賓果 - 1分4卡'!F65 -> 0.1 | I26: =H26*$E26 -> 2.467663 | J26: =E26*'賓果 - 1分4卡'!Y65 -> 123.38315 | K26: 0.01 | L26: ='賓果 - 1分20卡'!F65 -> 0.1 | M26: =L26*$E26 -> 2.467663 | N26: =E26*'賓果 - 1分20卡'!Y65 -> 123.38315
A27: ='試算-SLOT'!A13 -> USD | B27: ='試算-SLOT'!B13 -> $ | C27: ='試算-SLOT'!C13 -> 美元 | D27: 1 | E27: =IFERROR(__xludf.DUMMYFUNCTION("GOOGLEFINANCE(""Currency:""&A27&""TWD"")*D27"),32.6128) -> 32.6128 | F27: =1/$E27/$F$19 -> 0.0030662807 | G27: =K27 -> 0.01 | H27: ='賓果 - 1分4卡'!F66 -> 0.1 | I27: =H27*$E27 -> 3.26128 | J27: =E27*'賓果 - 1分4卡'!Y66 -> 163.064 | K27: 0.01 | L27: ='賓果 - 1分20卡'!F66 -> 0.1 | M27: =L27*$E27 -> 3.26128 | N27: =E27*'賓果 - 1分20卡'!Y66 -> 163.064
A28: ='試算-SLOT'!A14 -> BDT | B28: ='試算-SLOT'!B14 -> ৳ | C28: ='試算-SLOT'!C14 -> 孟加拉塔卡 | D28: 1 | E28: =IFERROR(__xludf.DUMMYFUNCTION("GOOGLEFINANCE(""Currency:""&A28&""TWD"")*D28"),0.2800025102) -> 0.28000251 | F28: =1/$E28/$F$19 -> 0.35713966 | G28: =K28 -> 0.1 | H28: ='賓果 - 1分4卡'!F67 -> 1 | I28: =H28*$E28 -> 0.28000251 | J28: =E28*'賓果 - 1分4卡'!Y67 -> 35.000314 | K28: 0.1 | L28: ='賓果 - 1分20卡'!F67 -> 1 | M28: =L28*$E28 -> 0.28000251 | N28: =E28*'賓果 - 1分20卡'!Y67 -> 35.000314
A29: ='試算-SLOT'!A15 -> PKR | B29: ='試算-SLOT'!B15 -> ₨ | C29: ='試算-SLOT'!C15 -> 巴基斯坦盧比 | D29: 1 | E29: =IFERROR(__xludf.DUMMYFUNCTION("GOOGLEFINANCE(""Currency:""&A29&""TWD"")*D29"),0.1181703056) -> 0.11817031 | F29: =1/$E29/$F$19 -> 0.84623628 | G29: =K29 -> 0.25 | H29: ='賓果 - 1分4卡'!F68 -> 2.5 | I29: =H29*$E29 -> 0.29542576 | J29: =E29*'賓果 - 1分4卡'!Y68 -> 36.928221 | K29: 0.25 | L29: ='賓果 - 1分20卡'!F68 -> 2.5 | M29: =L29*$E29 -> 0.29542576 | N29: =E29*'賓果 - 1分20卡'!Y68 -> 36.928221
A30: ='試算-SLOT'!A16 -> MMK | B30: ='試算-SLOT'!B16 -> K | C30: ='試算-SLOT'!C16 -> 緬甸元(K) | D30: 1000 | E30: =IFERROR(__xludf.DUMMYFUNCTION("GOOGLEFINANCE(""Currency:""&A30&""TWD"")*D30"),10.04617852) -> 10.046179 | F30: =1/$E30/$F$19 -> 0.0099540337 | G30: =K30 -> 0.01 | H30: ='賓果 - 1分4卡'!F69 -> 0.1 | I30: =H30*$E30 -> 1.0046179 | J30: =E30*'賓果 - 1分4卡'!Y69 -> 50.230893 | K30: 0.01 | L30: ='賓果 - 1分20卡'!F69 -> 0.1 | M30: =L30*$E30 -> 1.0046179 | N30: =E30*'賓果 - 1分20卡'!Y69 -> 50.230893
A31: ='試算-SLOT'!A17 -> MMH | B31: ='試算-SLOT'!B17 -> K | C31: ='試算-SLOT'!C17 -> 緬甸元(H) | D31: 100 | E31: =IFERROR(__xludf.DUMMYFUNCTION("GOOGLEFINANCE(""Currency:""&A30&""TWD"")*D31"),1.004617852) -> 1.0046179 | F31: =1/$E31/$F$19 -> 0.099540337 | G31: =K31 -> 0.1 | H31: ='賓果 - 1分4卡'!F70 -> 1 | I31: =H31*$E31 -> 1.0046179 | J31: =E31*'賓果 - 1分4卡'!Y70 -> 50.230893 | K31: 0.1 | L31: ='賓果 - 1分20卡'!F70 -> 1 | M31: =L31*$E31 -> 1.0046179 | N31: =E31*'賓果 - 1分20卡'!Y70 -> 50.230893
A32: ='試算-SLOT'!A18 -> PHP | B32: ='試算-SLOT'!B18 -> ₱ | C32: ='試算-SLOT'!C18 -> 菲律賓披索 | D32: 1 | E32: =IFERROR(__xludf.DUMMYFUNCTION("GOOGLEFINANCE(""Currency:""&A32&""TWD"")*D32"),0.5653213571) -> 0.56532136 | F32: =1/$E32/$F$19 -> 0.17689054 | G32: =K32 -> 0.1 | H32: ='賓果 - 1分4卡'!F71 -> 1 | I32: =H32*$E32 -> 0.56532136 | J32: =E32*'賓果 - 1分4卡'!Y71 -> 70.66517 | K32: 0.1 | L32: ='賓果 - 1分20卡'!F71 -> 1 | M32: =L32*$E32 -> 0.56532136 | N32: =E32*'賓果 - 1分20卡'!Y71 -> 70.66517
A33: ='試算-SLOT'!A19 -> CNY | B33: ='試算-SLOT'!B19 -> ￥ | C33: ='試算-SLOT'!C19 -> 人民幣 | D33: 1 | E33: =IFERROR(__xludf.DUMMYFUNCTION("GOOGLEFINANCE(""Currency:""&A33&""TWD"")*D33"),4.578511) -> 4.578511 | F33: =1/$E33/$F$19 -> 0.021841162 | G33: =K33 -> 0.01 | H33: ='賓果 - 1分4卡'!F72 -> 0.1 | I33: =H33*$E33 -> 0.4578511 | J33: =E33*'賓果 - 1分4卡'!Y72 -> 57.231387 | K33: 0.01 | L33: ='賓果 - 1分20卡'!F72 -> 0.1 | M33: =L33*$E33 -> 0.4578511 | N33: =E33*'賓果 - 1分20卡'!Y72 -> 57.231387
A34: ='試算-SLOT'!A20 -> MXN | B34: ='試算-SLOT'!B20 -> Mex$ | C34: ='試算-SLOT'!C20 -> 墨⻄哥披索 | D34: 1 | E34: =IFERROR(__xludf.DUMMYFUNCTION("GOOGLEFINANCE(""Currency:""&A34&""TWD"")*D34"),1.6445982780000001) -> 1.6445983 | F34: =1/$E34/$F$19 -> 0.060805123 | G34: =K34 -> 0.02 | H34: ='賓果 - 1分4卡'!F73 -> 0.2 | I34: =H34*$E34 -> 0.32891966 | J34: =E34*'賓果 - 1分4卡'!Y73 -> 41.114957 | K34: 0.02 | L34: ='賓果 - 1分20卡'!F73 -> 0.2 | M34: =L34*$E34 -> 0.32891966 | N34: =E34*'賓果 - 1分20卡'!Y73 -> 41.114957
A35: ='試算-SLOT'!A21 -> BRL | B35: ='試算-SLOT'!B21 -> R$ | C35: ='試算-SLOT'!C21 -> 巴西雷亞爾 | D35: 1 | E35: =IFERROR(__xludf.DUMMYFUNCTION("GOOGLEFINANCE(""Currency:""&A35&""TWD"")*D35"),5.696181725000001) -> 5.6961817 | F35: =1/$E35/$F$19 -> 0.01755562 | G35: =K35 -> 0.01 | H35: ='賓果 - 1分4卡'!F74 -> 0.1 | I35: =H35*$E35 -> 0.56961817 | J35: =E35*'賓果 - 1分4卡'!Y74 -> 71.202272 | K35: 0.01 | L35: ='賓果 - 1分20卡'!F74 -> 0.1 | M35: =L35*$E35 -> 0.56961817 | N35: =E35*'賓果 - 1分20卡'!Y74 -> 71.202272
A36: ='試算-SLOT'!A22 -> AUD | B36: ='試算-SLOT'!B22 -> A$ | C36: ='試算-SLOT'!C22 -> 澳洲元 | D36: 1 | E36: =IFERROR(__xludf.DUMMYFUNCTION("GOOGLEFINANCE(""Currency:""&A36&""TWD"")*D36"),21.10692098) -> 21.106921 | F36: =1/$E36/$F$19 -> 0.0047377825 | G36: =K36 -> 0.01 | H36: ='賓果 - 1分4卡'!F75 -> 0.1 | I36: =H36*$E36 -> 2.1106921 | J36: =E36*'賓果 - 1分4卡'!Y75 -> 105.5346 | K36: 0.01 | L36: ='賓果 - 1分20卡'!F75 -> 0.1 | M36: =L36*$E36 -> 2.1106921 | N36: =E36*'賓果 - 1分20卡'!Y75 -> 105.5346
A37: ='試算-SLOT'!A23 -> JPY | B37: ='試算-SLOT'!B23 -> ￥ | C37: ='試算-SLOT'!C23 -> 日圓 | D37: 1 | E37: =IFERROR(__xludf.DUMMYFUNCTION("GOOGLEFINANCE(""Currency:""&A37&""TWD"")*D37"),0.22813899999999998) -> 0.228139 | F37: =1/$E37/$F$19 -> 0.43832926 | G37: =K37 -> 0.2 | H37: ='賓果 - 1分4卡'!F76 -> 2 | I37: =H37*$E37 -> 0.456278 | J37: =E37*'賓果 - 1分4卡'!Y76 -> 57.03475 | K37: 0.2 | L37: ='賓果 - 1分20卡'!F76 -> 2 | M37: =L37*$E37 -> 0.456278 | N37: =E37*'賓果 - 1分20卡'!Y76 -> 57.03475
A38: ='試算-SLOT'!A24 -> KRW | B38: ='試算-SLOT'!B24 -> ₩ | C38: ='試算-SLOT'!C24 -> 韓圓 | D38: 1 | E38: =IFERROR(__xludf.DUMMYFUNCTION("GOOGLEFINANCE(""Currency:""&A38&""TWD"")*D38"),0.023994810000000002) -> 0.02399481 | F38: =1/$E38/$F$19 -> 4.1675679 | G38: =K38 -> 2 | H38: ='賓果 - 1分4卡'!F77 -> 20 | I38: =H38*$E38 -> 0.4798962 | J38: =E38*'賓果 - 1分4卡'!Y77 -> 59.987025 | K38: 2 | L38: ='賓果 - 1分20卡'!F77 -> 20 | M38: =L38*$E38 -> 0.4798962 | N38: =E38*'賓果 - 1分20卡'!Y77 -> 59.987025
A39: ='試算-SLOT'!A25 -> CLP | B39: ='試算-SLOT'!B25 -> $ | C39: ='試算-SLOT'!C25 -> 智利披索 | D39: 1 | E39: =IFERROR(__xludf.DUMMYFUNCTION("GOOGLEFINANCE(""Currency:""&A39&""TWD"")*D39"),0.034259714999999996) -> 0.034259715 | F39: =1/$E39/$F$19 -> 2.9188801 | G39: =K39 -> 1 | H39: ='賓果 - 1分4卡'!F78 -> 10 | I39: =H39*$E39 -> 0.34259715 | J39: =E39*'賓果 - 1分4卡'!Y78 -> 42.824644 | K39: 1 | L39: ='賓果 - 1分20卡'!F78 -> 10 | M39: =L39*$E39 -> 0.34259715 | N39: =E39*'賓果 - 1分20卡'!Y78 -> 42.824644
A40: ='試算-SLOT'!A26 -> MMKO | B40: ='試算-SLOT'!B26 -> K | C40: ='試算-SLOT'!C26 -> 緬甸元 | D40: 1 | E40: =IFERROR(__xludf.DUMMYFUNCTION("GOOGLEFINANCE(""Currency:""&A40&""TWD"")*D40"),0.010046178519999999) -> 0.010046179 | F40: =1/$E40/$F$19 -> 9.9540337 | G40: =K40 -> 2 | H40: ='賓果 - 1分4卡'!F79 -> 20 | I40: =H40*$E40 -> 0.20092357 | J40: =E40*'賓果 - 1分4卡'!Y79 -> 25.115446 | K40: 2 | L40: ='賓果 - 1分20卡'!F79 -> 20 | M40: =L40*$E40 -> 0.20092357 | N40: =E40*'賓果 - 1分20卡'!Y79 -> 25.115446
A41: ='試算-SLOT'!A27 -> IDRO | B41: ='試算-SLOT'!B27 -> Rp | C41: ='試算-SLOT'!C27 -> 印尼盧比 | D41: 1 | E41: =IFERROR(__xludf.DUMMYFUNCTION("GOOGLEFINANCE(""Currency:""&A41&""TWD"")*D41"),0.0020212253) -> 0.0020212253 | F41: =1/$E41/$F$19 -> 49.47494 | G41: =K41 -> 20 | H41: ='賓果 - 1分4卡'!F80 -> 200 | I41: =H41*$E41 -> 0.40424506 | J41: =E41*'賓果 - 1分4卡'!Y80 -> 50.530633 | K41: 20 | L41: ='賓果 - 1分20卡'!F80 -> 200 | M41: =L41*$E41 -> 0.40424506 | N41: =E41*'賓果 - 1分20卡'!Y80 -> 50.530633
A42: ='試算-SLOT'!A28 -> RUB | B42: ='試算-SLOT'!B28 -> ₽ | C42: ='試算-SLOT'!C28 -> 盧布 | D42: 1 | E42: =IFERROR(__xludf.DUMMYFUNCTION("GOOGLEFINANCE(""Currency:""&A42&""TWD"")*D42"),0.38030340490000003) -> 0.3803034 | F42: =1/$E42/$F$19 -> 0.26294795 | G42: =K42 -> 0.1 | H42: ='賓果 - 1分4卡'!F81 -> 1 | I42: =H42*$E42 -> 0.3803034 | J42: =E42*'賓果 - 1分4卡'!Y81 -> 47.537926 | K42: 0.1 | L42: ='賓果 - 1分20卡'!F81 -> 1 | M42: =L42*$E42 -> 0.3803034 | N42: =E42*'賓果 - 1分20卡'!Y81 -> 47.537926
A43: ='試算-SLOT'!A29 -> LKR | B43: ='試算-SLOT'!B29 -> ₨ | C43: ='試算-SLOT'!C29 -> 斯里蘭卡盧比 | D43: 1 | E43: =IFERROR(__xludf.DUMMYFUNCTION("GOOGLEFINANCE(""Currency:""&A43&""TWD"")*D43"),0.1089863355) -> 0.10898634 | F43: =1/$E43/$F$19 -> 0.91754622 | G43: =K43 -> 0.5 | H43: ='賓果 - 1分4卡'!F82 -> 5 | I43: =H43*$E43 -> 0.54493168 | J43: =E43*'賓果 - 1分4卡'!Y82 -> 68.11646 | K43: 0.5 | L43: ='賓果 - 1分20卡'!F82 -> 5 | M43: =L43*$E43 -> 0.54493168 | N43: =E43*'賓果 - 1分20卡'!Y82 -> 68.11646
A44: ='試算-SLOT'!A30 -> ETB | B44: ='試算-SLOT'!B30 -> Br‎ | C44: ='試算-SLOT'!C30 -> 衣索比亞比爾 | D44: 1 | E44: =IFERROR(__xludf.DUMMYFUNCTION("GOOGLEFINANCE(""Currency:""&A44&""TWD"")*D44"),0.40621297) -> 0.40621297 | F44: =1/$E44/$F$19 -> 0.24617629 | G44: =K44 -> 0.05 | H44: ='賓果 - 1分4卡'!F83 -> 0.5 | I44: =H44*$E44 -> 0.20310649 | J44: =E44*'賓果 - 1分4卡'!Y83 -> 25.388311 | K44: 0.05 | L44: ='賓果 - 1分20卡'!F83 -> 0.5 | M44: =L44*$E44 -> 0.20310649 | N44: =E44*'賓果 - 1分20卡'!Y83 -> 25.388311
A45: ='試算-SLOT'!A31 -> UGX | B45: ='試算-SLOT'!B31 -> USh | C45: ='試算-SLOT'!C31 -> 烏干達先令 | D45: 1 | E45: =IFERROR(__xludf.DUMMYFUNCTION("GOOGLEFINANCE(""Currency:""&A45&""TWD"")*D45"),0.008830577639) -> 0.0088305776 | F45: =1/$E45/$F$19 -> 11.324288 | G45: =K45 -> 5 | H45: ='賓果 - 1分4卡'!F84 -> 50 | I45: =H45*$E45 -> 0.44152888 | J45: =E45*'賓果 - 1分4卡'!Y84 -> 55.19111 | K45: 5 | L45: ='賓果 - 1分20卡'!F84 -> 50 | M45: =L45*$E45 -> 0.44152888 | N45: =E45*'賓果 - 1分20卡'!Y84 -> 55.19111
A46: ='試算-SLOT'!A32 -> EUR | B46: ='試算-SLOT'!B32 -> € | C46: ='試算-SLOT'!C32 -> 歐元 | D46: 1 | E46: =IFERROR(__xludf.DUMMYFUNCTION("GOOGLEFINANCE(""Currency:""&A46&""TWD"")*D46"),35.66713672) -> 35.667137 | F46: =1/$E46/$F$19 -> 0.0028037014 | G46: =K46 -> 0.01 | H46: ='賓果 - 1分4卡'!F85 -> 0.1 | I46: =H46*$E46 -> 3.5667137 | J46: =E46*'賓果 - 1分4卡'!Y85 -> 178.33568 | K46: 0.01 | L46: ='賓果 - 1分20卡'!F85 -> 0.1 | M46: =L46*$E46 -> 3.5667137 | N46: =E46*'賓果 - 1分20卡'!Y85 -> 178.33568
A47: ='試算-SLOT'!A33 -> ARS | B47: ='試算-SLOT'!B33 -> $ | C47: ='試算-SLOT'!C33 -> 阿根廷披索 | D47: 1 | E47: =IFERROR(__xludf.DUMMYFUNCTION("GOOGLEFINANCE(""Currency:""&A47&""TWD"")*D47"),0.03496154973) -> 0.03496155 | F47: =1/$E47/$F$19 -> 2.8602851 | G47: =K47 -> 0.25 | H47: ='賓果 - 1分4卡'!F86 -> 2.5 | I47: =H47*$E47 -> 0.087403874 | J47: =E47*'賓果 - 1分4卡'!Y86 -> 10.925484 | K47: 0.25 | L47: ='賓果 - 1分20卡'!F86 -> 2.5 | M47: =L47*$E47 -> 0.087403874 | N47: =E47*'賓果 - 1分20卡'!Y86 -> 10.925484
A48: ='試算-SLOT'!A34 -> NGN | B48: ='試算-SLOT'!B34 -> ₦ | C48: ='試算-SLOT'!C34 -> 奈及利亞奈拉 | D48: 1 | E48: =IFERROR(__xludf.DUMMYFUNCTION("GOOGLEFINANCE(""Currency:""&A48&""TWD"")*D48"),0.020250863039999997) -> 0.020250863 | F48: =1/$E48/$F$19 -> 4.9380611 | G48: =K48 -> 1 | H48: ='賓果 - 1分4卡'!F87 -> 10 | I48: =H48*$E48 -> 0.20250863 | J48: =E48*'賓果 - 1分4卡'!Y87 -> 25.313579 | K48: 1 | L48: ='賓果 - 1分20卡'!F87 -> 10 | M48: =L48*$E48 -> 0.20250863 | N48: =E48*'賓果 - 1分20卡'!Y87 -> 25.313579
A49: ='試算-SLOT'!A35 -> KES | B49: ='試算-SLOT'!B35 -> KSh | C49: ='試算-SLOT'!C35 -> 肯亞先令 | D49: 1 | E49: =IFERROR(__xludf.DUMMYFUNCTION("GOOGLEFINANCE(""Currency:""&A49&""TWD"")*D49"),0.25317521530000003) -> 0.25317522 | F49: =1/$E49/$F$19 -> 0.39498337 | G49: =K49 -> 0.2 | H49: ='賓果 - 1分4卡'!F88 -> 2 | I49: =H49*$E49 -> 0.50635043 | J49: =E49*'賓果 - 1分4卡'!Y88 -> 63.293804 | K49: 0.2 | L49: ='賓果 - 1分20卡'!F88 -> 2 | M49: =L49*$E49 -> 0.50635043 | N49: =E49*'賓果 - 1分20卡'!Y88 -> 63.293804
A50: ='試算-SLOT'!A36 -> ZAR | B50: ='試算-SLOT'!B36 -> R | C50: ='試算-SLOT'!C36 -> 南非鍰 | D50: 1 | E50: =IFERROR(__xludf.DUMMYFUNCTION("GOOGLEFINANCE(""Currency:""&A50&""TWD"")*D50"),1.7720687490000002) -> 1.7720687 | F50: =1/$E50/$F$19 -> 0.056431219 | G50: =K50 -> 0.02 | H50: ='賓果 - 1分4卡'!F89 -> 0.2 | I50: =H50*$E50 -> 0.35441375 | J50: =E50*'賓果 - 1分4卡'!Y89 -> 44.301719 | K50: 0.02 | L50: ='賓果 - 1分20卡'!F89 -> 0.2 | M50: =L50*$E50 -> 0.35441375 | N50: =E50*'賓果 - 1分20卡'!Y89 -> 44.301719
A51: ='試算-SLOT'!A37 -> TRY | B51: ='試算-SLOT'!B37 -> ₺ | C51: ='試算-SLOT'!C37 -> 土耳其里拉 | D51: 1 | E51: =IFERROR(__xludf.DUMMYFUNCTION("GOOGLEFINANCE(""Currency:""&A51&""TWD"")*D51"),0.9807094656) -> 0.98070947 | F51: =1/$E51/$F$19 -> 0.101967 | G51: =K51 -> 0.04 | H51: ='賓果 - 1分4卡'!F90 -> 0.4 | I51: =H51*$E51 -> 0.39228379 | J51: =E51*'賓果 - 1分4卡'!Y90 -> 49.035473 | K51: 0.04 | L51: ='賓果 - 1分20卡'!F90 -> 0.4 | M51: =L51*$E51 -> 0.39228379 | N51: =E51*'賓果 - 1分20卡'!Y90 -> 49.035473
A52: ='試算-SLOT'!A38 -> GBP | B52: ='試算-SLOT'!B38 -> £ | C52: ='試算-SLOT'!C38 -> 英鎊 | D52: 1 | E52: =IFERROR(__xludf.DUMMYFUNCTION("GOOGLEFINANCE(""Currency:""&A52&""TWD"")*D52"),41.71484) -> 41.71484 | F52: =1/$E52/$F$19 -> 0.0023972284 | G52: =K52 -> 0.01 | H52: ='賓果 - 1分4卡'!F91 -> 0.1 | I52: =H52*$E52 -> 4.171484 | J52: =E52*'賓果 - 1分4卡'!Y91 -> 208.5742 | K52: 0.01 | L52: ='賓果 - 1分20卡'!F91 -> 0.1 | M52: =L52*$E52 -> 4.171484 | N52: =E52*'賓果 - 1分20卡'!Y91 -> 208.5742
A53: ='試算-SLOT'!A39 -> NPR | B53: ='試算-SLOT'!B39 -> रू | C53: ='試算-SLOT'!C39 -> 尼泊爾盧比 | D53: 1 | E53: =IFERROR(__xludf.DUMMYFUNCTION("GOOGLEFINANCE(""Currency:""&A53&""TWD"")*D53"),0.2456753721) -> 0.24567537 | F53: =1/$E53/$F$19 -> 0.40704121 | G53: =K53 -> 0.2 | H53: ='賓果 - 1分4卡'!F92 -> 2 | I53: =H53*$E53 -> 0.49135074 | J53: =E53*'賓果 - 1分4卡'!Y92 -> 61.418843 | K53: 0.2 | L53: ='賓果 - 1分20卡'!F92 -> 2 | M53: =L53*$E53 -> 0.49135074 | N53: =E53*'賓果 - 1分20卡'!Y92 -> 61.418843
A54: ='試算-SLOT'!A40 -> CHF | B54: ='試算-SLOT'!B40 -> CHF | C54: ='試算-SLOT'!C40 -> 瑞士法郎 | D54: 1 | E54: =IFERROR(__xludf.DUMMYFUNCTION("GOOGLEFINANCE(""Currency:""&A54&""TWD"")*D54"),38.475880000000004) -> 38.47588 | F54: =1/$E54/$F$19 -> 0.0025990309 | G54: =K54 -> 0.01 | H54: ='賓果 - 1分4卡'!F93 -> 0.1 | I54: =H54*$E54 -> 3.847588 | J54: =E54*'賓果 - 1分4卡'!Y93 -> 192.3794 | K54: 0.01 | L54: ='賓果 - 1分20卡'!F93 -> 0.1 | M54: =L54*$E54 -> 3.847588 | N54: =E54*'賓果 - 1分20卡'!Y93 -> 192.3794
A55: ='試算-SLOT'!A41 -> CAD | B55: ='試算-SLOT'!B41 -> $ | C55: ='試算-SLOT'!C41 -> 加幣 | D55: 1 | E55: =IFERROR(__xludf.DUMMYFUNCTION("GOOGLEFINANCE(""Currency:""&A55&""TWD"")*D55"),23.491886570000002) -> 23.491887 | F55: =1/$E55/$F$19 -> 0.0042567888 | G55: =K55 -> 0.01 | H55: ='賓果 - 1分4卡'!F94 -> 0.1 | I55: =H55*$E55 -> 2.3491887 | J55: =E55*'賓果 - 1分4卡'!Y94 -> 117.45943 | K55: 0.01 | L55: ='賓果 - 1分20卡'!F94 -> 0.1 | M55: =L55*$E55 -> 2.3491887 | N55: =E55*'賓果 - 1分20卡'!Y94 -> 117.45943
A56: ='試算-SLOT'!A42 -> PEN | B56: ='試算-SLOT'!B42 -> PEN | C56: ='試算-SLOT'!C42 -> 秘魯新索爾 | D56: 1 | E56: =IFERROR(__xludf.DUMMYFUNCTION("GOOGLEFINANCE(""Currency:""&A56&""TWD"")*D56"),8.792228248) -> 8.7922282 | F56: =1/$E56/$F$19 -> 0.011373681 | G56: =K56 -> 0.01 | H56: ='賓果 - 1分4卡'!F95 -> 0.1 | I56: =H56*$E56 -> 0.87922282 | J56: =E56*'賓果 - 1分4卡'!Y95 -> 109.90285 | K56: 0.01 | L56: ='賓果 - 1分20卡'!F95 -> 0.1 | M56: =L56*$E56 -> 0.87922282 | N56: =E56*'賓果 - 1分20卡'!Y95 -> 109.90285
A57: ='試算-SLOT'!A43 -> AED | B57: ='試算-SLOT'!B43 -> AED | C57: ='試算-SLOT'!C43 -> 阿聯迪拉姆 | D57: 1 | E57: =IFERROR(__xludf.DUMMYFUNCTION("GOOGLEFINANCE(""Currency:""&A57&""TWD"")*D57"),8.883345066) -> 8.8833451 | F57: =1/$E57/$F$19 -> 0.011257021 | G57: =K57 -> 0.01 | H57: ='賓果 - 1分4卡'!F96 -> 0.1 | I57: =H57*$E57 -> 0.88833451 | J57: =E57*'賓果 - 1分4卡'!Y96 -> 111.04181 | K57: 0.01 | L57: ='賓果 - 1分20卡'!F96 -> 0.1 | M57: =L57*$E57 -> 0.88833451 | N57: =E57*'賓果 - 1分20卡'!Y96 -> 111.04181
A58: ='試算-SLOT'!A44 -> BND | B58: ='試算-SLOT'!B44 -> B$ | C58: ='試算-SLOT'!C44 -> 汶萊幣 | D58: 1 | E58: =IFERROR(__xludf.DUMMYFUNCTION("GOOGLEFINANCE(""Currency:""&A58&""TWD"")*D58"),24.725020960000002) -> 24.725021 | F58: =1/$E58/$F$19 -> 0.004044486 | G58: =K58 -> 0.01 | H58: ='賓果 - 1分4卡'!F97 -> 0.1 | I58: =H58*$E58 -> 2.4725021 | J58: =E58*'賓果 - 1分4卡'!Y97 -> 123.6251 | K58: 0.01 | L58: ='賓果 - 1分20卡'!F97 -> 0.1 | M58: =L58*$E58 -> 2.4725021 | N58: =E58*'賓果 - 1分20卡'!Y97 -> 123.6251
A59: ='試算-SLOT'!A45 -> COP | B59: ='試算-SLOT'!B45 -> $ | C59: ='試算-SLOT'!C45 -> 哥倫比亞披索 | D59: 1 | E59: =IFERROR(__xludf.DUMMYFUNCTION("GOOGLEFINANCE(""Currency:""&A59&""TWD"")*D59"),0.008063120253) -> 0.0080631203 | F59: =1/$E59/$F$19 -> 12.402147 | G59: =K59 -> 5 | H59: ='賓果 - 1分4卡'!F98 -> 50 | I59: =H59*$E59 -> 0.40315601 | J59: =E59*'賓果 - 1分4卡'!Y98 -> 50.394502 | K59: 5 | L59: ='賓果 - 1分20卡'!F98 -> 50 | M59: =L59*$E59 -> 0.40315601 | N59: =E59*'賓果 - 1分20卡'!Y98 -> 50.394502
A60: ='試算-SLOT'!A46 -> VNDO | B60: ='試算-SLOT'!B46 -> ₫ | C60: ='試算-SLOT'!C46 -> 越南盾 | D60: 1 | E60: =IFERROR(__xludf.DUMMYFUNCTION("GOOGLEFINANCE(""Currency:""&A60&""TWD"")*D60"),0.0013009686279999999) -> 0.0013009686 | F60: =1/$E60/$F$19 -> 76.865804 | G60: =K60 -> 40 | H60: ='賓果 - 1分4卡'!F99 -> 400 | I60: =H60*$E60 -> 0.52038745 | J60: =E60*'賓果 - 1分4卡'!Y99 -> 65.048431 | K60: 40 | L60: ='賓果 - 1分20卡'!F99 -> 400 | M60: =L60*$E60 -> 0.52038745 | N60: =E60*'賓果 - 1分20卡'!Y99 -> 65.048431
A61: MYRC | B61: RM | C61: 馬來西亞令吉 | D61: 0.01 | E61: =IFERROR(__xludf.DUMMYFUNCTION("GOOGLEFINANCE(""Currency:""&A61&""TWD"")*D61"),0.0741468329) -> 0.074146833 | F61: =1/$E61/$F$19 -> 1.3486753 | G61: =K61 -> 1 | H61: ='賓果 - 1分4卡'!F100 -> 10 | I61: =H61*$E61 -> 0.74146833 | J61: =E61*'賓果 - 1分4卡'!Y100 -> 92.683541 | K61: 1 | L61: ='賓果 - 1分20卡'!F100 -> 10 | M61: =L61*$E61 -> 0.74146833 | N61: =E61*'賓果 - 1分20卡'!Y100 -> 92.683541
A62: ='試算-SLOT'!A48 -> XSD | B62: ='試算-SLOT'!B48 | C62: ='試算-SLOT'!C48 -> 星幣 | D62: ='試算-SLOT'!D48 -> 1 | E62: ='試算-SLOT'!E48 -> 0.01 | F62: =1/$E62/$F$19 -> 10 | G62: =K62 -> 10 | H62: ='賓果 - 1分4卡'!F101 -> 100 | I62: =H62*$E62 -> 1 | J62: =E62*'賓果 - 1分4卡'!Y101 -> 125 | K62: 10 | L62: ='賓果 - 1分20卡'!F101 -> 100 | M62: =L62*$E62 -> 1 | N62: =E62*'賓果 - 1分20卡'!Y101 -> 125
A63: ='試算-SLOT'!A49 -> DZD | B63: ='試算-SLOT'!B49 -> دج | C63: ='試算-SLOT'!C49 -> 阿爾及利亞第納爾 | D63: ='試算-SLOT'!D49 -> 1 | E63: ='試算-SLOT'!E49 -> 0.24297019 | F63: =1/$E63/$F$19 -> 0.41157313 | G63: =K63 -> 0.2 | H63: ='賓果 - 1分4卡'!F102 -> 2 | I63: =H63*$E63 -> 0.48594037 | J63: =E63*'賓果 - 1分4卡'!Y102 -> 60.742547 | K63: 0.2 | L63: ='賓果 - 1分20卡'!F102 -> 2 | M63: =L63*$E63 -> 0.48594037 | N63: =E63*'賓果 - 1分20卡'!Y102 -> 60.742547
A64: ='試算-SLOT'!A50 -> MAD | B64: ='試算-SLOT'!B50 -> DH | C64: ='試算-SLOT'!C50 -> 摩洛哥迪拉姆 | D64: ='試算-SLOT'!D50 -> 1 | E64: ='試算-SLOT'!E50 -> 3.3342436 | F64: =1/$E64/$F$19 -> 0.02999181 | G64: =K64 -> 0.02 | H64: ='賓果 - 1分4卡'!F103 -> 0.2 | I64: =H64*$E64 -> 0.66684871 | J64: =E64*'賓果 - 1分4卡'!Y103 -> 83.356089 | K64: 0.02 | L64: ='賓果 - 1分20卡'!F103 -> 0.2 | M64: =L64*$E64 -> 0.66684871 | N64: =E64*'賓果 - 1分20卡'!Y103 -> 83.356089
A65: ='試算-SLOT'!A51 -> FRF | B65: ='試算-SLOT'!B51 -> ₣ | C65: ='試算-SLOT'!C51 -> 法國法郎 | D65: ='試算-SLOT'!D51 -> 1 | E65: ='試算-SLOT'!E51 -> 5.1 | F65: =1/$E65/$F$19 -> 0.019607843 | G65: =K65 -> 0.01 | H65: ='賓果 - 1分4卡'!F104 -> 0.1 | I65: =H65*$E65 -> 0.51 | J65: =E65*'賓果 - 1分4卡'!Y104 -> 63.75 | K65: 0.01 | L65: ='賓果 - 1分20卡'!F104 -> 0.1 | M65: =L65*$E65 -> 0.51 | N65: =E65*'賓果 - 1分20卡'!Y104 -> 63.75
A66: ='試算-SLOT'!A52 -> GHS | B66: ='試算-SLOT'!B52 -> Gp | C66: ='試算-SLOT'!C52 -> 迦納塞地 | D66: ='試算-SLOT'!D52 -> 1 | E66: ='試算-SLOT'!E52 -> 2.1151765 | F66: =1/$E66/$F$19 -> 0.047277378 | G66: =K66 -> 0.02 | H66: ='賓果 - 1分4卡'!F105 -> 0.2 | I66: =H66*$E66 -> 0.4230353 | J66: =E66*'賓果 - 1分4卡'!Y105 -> 52.879413 | K66: 0.02 | L66: ='賓果 - 1分20卡'!F105 -> 0.2 | M66: =L66*$E66 -> 0.4230353 | N66: =E66*'賓果 - 1分20卡'!Y105 -> 52.879413
A67: ='試算-SLOT'!A53 -> RCC | B67: ='試算-SLOT'!B53 | C67: ='試算-SLOT'!C53 -> RCC幣 | D67: 1 | E67: =IFERROR(__xludf.DUMMYFUNCTION("GOOGLEFINANCE(""Currency:""&A27&""TWD"")*D67"),32.6128) -> 32.6128 | F67: =1/$E67/$F$19 -> 0.0030662807 | G67: =K67 -> 0.01 | H67: ='賓果 - 1分4卡'!F106 -> 0.1 | I67: =H67*$E67 -> 3.26128 | J67: =E67*'賓果 - 1分4卡'!Y106 -> 163.064 | K67: 0.01 | L67: ='賓果 - 1分20卡'!F106 -> 0.1 | M67: =L67*$E67 -> 3.26128 | N67: =E67*'賓果 - 1分20卡'!Y106 -> 163.064
A68: ='試算-SLOT'!A54 -> KBB | B68: ='試算-SLOT'!B54 | C68: ='試算-SLOT'!C54 -> 爸幣 | D68: 1 | E68: =IFERROR(__xludf.DUMMYFUNCTION("GOOGLEFINANCE(""Currency:""&A28&""TWD"")*D68"),0.2800025102) -> 0.28000251 | F68: =1/$E68/$F$19 -> 0.35713966 | G68: =K68 -> 0.5 | H68: ='賓果 - 1分4卡'!F107 -> 5 | I68: =H68*$E68 -> 1.4000126 | J68: =E68*'賓果 - 1分4卡'!Y107 -> 175.00157 | K68: 0.5 | L68: ='賓果 - 1分20卡'!F107 -> 5 | M68: =L68*$E68 -> 1.4000126 | N68: =E68*'賓果 - 1分20卡'!Y107 -> 175.00157
A69: ='試算-SLOT'!A55 -> XSMY | B69: ='試算-SLOT'!B55 | C69: ='試算-SLOT'!C55 -> 星城馬來西亞 | D69: 1 | E69: =IFERROR(__xludf.DUMMYFUNCTION("GOOGLEFINANCE(""Currency:""&A29&""TWD"")*D69"),0.1181703056) -> 0.11817031 | F69: =1/$E69/$F$19 -> 0.84623628 | G69: =K69 -> 10 | H69: ='賓果 - 1分4卡'!F109 | I69: =H69*$E69 -> 0 | J69: =E69*'賓果 - 1分4卡'!Y109 -> 0 | K69: 10 | L69: ='賓果 - 1分20卡'!F109 | M69: =L69*$E69 -> 0 | N69: =E69*'賓果 - 1分20卡'!Y109 -> 0

Sheet 賓果 - 1分4卡
C1: 最小押分 | D1: 1 | E1: 倍數 設定 | F1: 1 | G1: 2 | H1: 3 | I1: 4 | J1: 5 | K1: 6 | L1: 7 | M1: 8 | N1: 9 | O1: 10 | P1: 11 | Q1: 12 | R1: 13 | S1: 14 | T1: 15 | U1: 16 | V1: 17 | W1: 18 | X1: 19 | Y1: 20 | Z1: 21 | AA1: 22 | AB1: 23 | AC1: 24 | AD1: 25 | AE1: 26 | AF1: 27 | AG1: 28 | AH1: 29 | AI1: 30
F2: 10 | G2: 20 | H2: 30 | I2: 40 | J2: 50 | K2: 60 | L2: 70 | M2: 80 | N2: 90 | O2: 100 | P2: 120 | Q2: 140 | R2: 150 | S2: 160 | T2: 200 | U2: 250 | V2: 300 | W2: 350 | X2: 400 | Y2: 450 | Z2: 500 | AA2: 550 | AB2: 650 | AC2: 750 | AD2: 1000 | AE2: 1250 | AF2: 2000 | AG2: 3000 | AH2: 4000 | AI2: 5000
A5: 貨幣簡稱 | B5: 貨幣符號 | C5: 中文名稱 | D5: 貨幣轉換 | E5: Denom | F5: 第 1 組 | G5: 第 2 組 | H5: 第 3 組 | I5: 第 4 組 | J5: 第 5 組 | K5: 第 6 組 | L5: 第 7 組 | M5: 第 8 組 | N5: 第 9 組 | O5: 第 10 組 | P5: 第 11 組 | Q5: 第 12 組 | R5: 第 13 組 | S5: 第 14 組 | T5: 第 15 組 | U5: 第 16 組 | V5: 第 17 組 | W5: 第 18 組 | X5: 第 19 組 | Y5: 第 20 組 | AA5: 顯示倍數組別
A6: ='試算-賓果'!A20 -> THB | B6: ='試算-賓果'!B20 -> ฿ | C6: ='試算-賓果'!C20 -> 泰銖 | D6: =IF('試算-SLOT'!D6=1,"",'試算-SLOT'!D6) | E6: ='試算-賓果'!K20 -> 0.05 | F6: ='賓果 - 1分20卡'!F6 -> 1 | G6: ='賓果 - 1分20卡'!G6 -> 2 | H6: ='賓果 - 1分20卡'!H6 -> 3 | I6: ='賓果 - 1分20卡'!I6 -> 4 | J6: ='賓果 - 1分20卡'!J6 -> 5 | K6: ='賓果 - 1分20卡'!K6 -> 7 | L6: ='賓果 - 1分20卡'!L6 -> 10 | M6: ='賓果 - 1分20卡'!M6 -> 13 | ... Y6: ='賓果 - 1分20卡'!Y6 -> 26
A7: ='試算-賓果'!A21 -> HKD | B7: ='試算-賓果'!B21 -> HK$ | C7: ='試算-賓果'!C21 -> 港幣 | D7: =IF('試算-SLOT'!D7=1,"",'試算-SLOT'!D7) | E7: ='試算-賓果'!K21 -> 0.01 | F7: ='賓果 - 1分20卡'!F7 -> 1 | G7: ='賓果 - 1分20卡'!G7 -> 2 | H7: ='賓果 - 1分20卡'!H7 -> 3 | I7: ='賓果 - 1分20卡'!I7 -> 4 | J7: ='賓果 - 1分20卡'!J7 -> 5 | K7: ='賓果 - 1分20卡'!K7 -> 7 | L7: ='賓果 - 1分20卡'!L7 -> 10 | M7: ='賓果 - 1分20卡'!M7 -> 13 | ... Y7: ='賓果 - 1分20卡'!Y7 -> 26
A8: ='試算-賓果'!A22 -> INR | B8: ='試算-賓果'!B22 -> ₹ | C8: ='試算-賓果'!C22 -> 印度盧比 | D8: =IF('試算-SLOT'!D8=1,"",'試算-SLOT'!D8) | E8: ='試算-賓果'!K22 -> 0.1 | F8: ='賓果 - 1分20卡'!F8 -> 1 | G8: ='賓果 - 1分20卡'!G8 -> 2 | H8: ='賓果 - 1分20卡'!H8 -> 3 | I8: ='賓果 - 1分20卡'!I8 -> 4 | J8: ='賓果 - 1分20卡'!J8 -> 5 | K8: ='賓果 - 1分20卡'!K8 -> 7 | L8: ='賓果 - 1分20卡'!L8 -> 10 | M8: ='賓果 - 1分20卡'!M8 -> 13 | ... Y8: ='賓果 - 1分20卡'!Y8 -> 26
A9: ='試算-賓果'!A23 -> IDR | B9: ='試算-賓果'!B23 -> Rp | C9: ='試算-賓果'!C23 -> 印尼盧比(K) | D9: =IF('試算-SLOT'!D9=1,"",'試算-SLOT'!D9) -> 1000 | E9: ='試算-賓果'!K23 -> 0.02 | F9: ='賓果 - 1分20卡'!F9 -> 1 | G9: ='賓果 - 1分20卡'!G9 -> 2 | H9: ='賓果 - 1分20卡'!H9 -> 3 | I9: ='賓果 - 1分20卡'!I9 -> 4 | J9: ='賓果 - 1分20卡'!J9 -> 5 | K9: ='賓果 - 1分20卡'!K9 -> 7 | L9: ='賓果 - 1分20卡'!L9 -> 10 | M9: ='賓果 - 1分20卡'!M9 -> 13 | ... Y9: ='賓果 - 1分20卡'!Y9 -> 26
A10: ='試算-賓果'!A24 -> VND | B10: ='試算-賓果'!B24 -> ₫ | C10: ='試算-賓果'!C24 -> 越南盾(K) | D10: =IF('試算-SLOT'!D10=1,"",'試算-SLOT'!D10) -> 1000 | E10: ='試算-賓果'!K24 -> 0.04 | F10: ='賓果 - 1分20卡'!F10 -> 1 | G10: ='賓果 - 1分20卡'!G10 -> 2 | H10: ='賓果 - 1分20卡'!H10 -> 3 | I10: ='賓果 - 1分20卡'!I10 -> 4 | J10: ='賓果 - 1分20卡'!J10 -> 5 | K10: ='賓果 - 1分20卡'!K10 -> 7 | L10: ='賓果 - 1分20卡'!L10 -> 10 | M10: ='賓果 - 1分20卡'!M10 -> 13 | ... Y10: ='賓果 - 1分20卡'!Y10 -> 26
A11: ='試算-賓果'!A25 -> MYR | B11: ='試算-賓果'!B25 -> RM | C11: ='試算-賓果'!C25 -> 馬來西亞令吉 | D11: =IF('試算-SLOT'!D11=1,"",'試算-SLOT'!D11) | E11: ='試算-賓果'!K25 -> 0.01 | F11: ='賓果 - 1分20卡'!F11 -> 1 | G11: ='賓果 - 1分20卡'!G11 -> 2 | H11: ='賓果 - 1分20卡'!H11 -> 3 | I11: ='賓果 - 1分20卡'!I11 -> 4 | J11: ='賓果 - 1分20卡'!J11 -> 5 | K11: ='賓果 - 1分20卡'!K11 -> 7 | L11: ='賓果 - 1分20卡'!L11 -> 10 | M11: ='賓果 - 1分20卡'!M11 -> 13 | ... Y11: ='賓果 - 1分20卡'!Y11 -> 26
A12: ='試算-賓果'!A26 -> SGD | B12: ='試算-賓果'!B26 -> S$ | C12: ='試算-賓果'!C26 -> 新加坡幣 | D12: =IF('試算-SLOT'!D12=1,"",'試算-SLOT'!D12) | E12: ='試算-賓果'!K26 -> 0.01 | F12: ='賓果 - 1分20卡'!F12 -> 1 | G12: ='賓果 - 1分20卡'!G12 -> 2 | H12: ='賓果 - 1分20卡'!H12 -> 3 | I12: ='賓果 - 1分20卡'!I12 -> 4 | J12: ='賓果 - 1分20卡'!J12 -> 5 | K12: ='賓果 - 1分20卡'!K12 -> 6 | L12: ='賓果 - 1分20卡'!L12 -> 7 | M12: ='賓果 - 1分20卡'!M12 -> 8 | ... Y12: ='賓果 - 1分20卡'!Y12 -> 21
A13: ='試算-賓果'!A27 -> USD | B13: ='試算-賓果'!B27 -> $ | C13: ='試算-賓果'!C27 -> 美元 | D13: =IF('試算-SLOT'!D13=1,"",'試算-SLOT'!D13) | E13: ='試算-賓果'!K27 -> 0.01 | F13: ='賓果 - 1分20卡'!F13 -> 1 | G13: ='賓果 - 1分20卡'!G13 -> 2 | H13: ='賓果 - 1分20卡'!H13 -> 3 | I13: ='賓果 - 1分20卡'!I13 -> 4 | J13: ='賓果 - 1分20卡'!J13 -> 5 | K13: ='賓果 - 1分20卡'!K13 -> 6 | L13: ='賓果 - 1分20卡'!L13 -> 7 | M13: ='賓果 - 1分20卡'!M13 -> 8 | ... Y13: ='賓果 - 1分20卡'!Y13 -> 21
A14: ='試算-賓果'!A28 -> BDT | B14: ='試算-賓果'!B28 -> ৳ | C14: ='試算-賓果'!C28 -> 孟加拉塔卡 | D14: =IF('試算-SLOT'!D14=1,"",'試算-SLOT'!D14) | E14: ='試算-賓果'!K28 -> 0.1 | F14: ='賓果 - 1分20卡'!F14 -> 1 | G14: ='賓果 - 1分20卡'!G14 -> 2 | H14: ='賓果 - 1分20卡'!H14 -> 3 | I14: ='賓果 - 1分20卡'!I14 -> 4 | J14: ='賓果 - 1分20卡'!J14 -> 5 | K14: ='賓果 - 1分20卡'!K14 -> 7 | L14: ='賓果 - 1分20卡'!L14 -> 10 | M14: ='賓果 - 1分20卡'!M14 -> 13 | ... Y14: ='賓果 - 1分20卡'!Y14 -> 26
A15: ='試算-賓果'!A29 -> PKR | B15: ='試算-賓果'!B29 -> ₨ | C15: ='試算-賓果'!C29 -> 巴基斯坦盧比 | D15: =IF('試算-SLOT'!D15=1,"",'試算-SLOT'!D15) | E15: ='試算-賓果'!K29 -> 0.25 | F15: ='賓果 - 1分20卡'!F15 -> 1 | G15: ='賓果 - 1分20卡'!G15 -> 2 | H15: ='賓果 - 1分20卡'!H15 -> 3 | I15: ='賓果 - 1分20卡'!I15 -> 4 | J15: ='賓果 - 1分20卡'!J15 -> 5 | K15: ='賓果 - 1分20卡'!K15 -> 7 | L15: ='賓果 - 1分20卡'!L15 -> 10 | M15: ='賓果 - 1分20卡'!M15 -> 13 | ... Y15: ='賓果 - 1分20卡'!Y15 -> 26
A16: ='試算-賓果'!A30 -> MMK | B16: ='試算-賓果'!B30 -> K | C16: ='試算-賓果'!C30 -> 緬甸元(K) | D16: =IF('試算-SLOT'!D16=1,"",'試算-SLOT'!D16) -> 1000 | E16: ='試算-賓果'!K30 -> 0.01 | F16: ='賓果 - 1分20卡'!F16 -> 1 | G16: ='賓果 - 1分20卡'!G16 -> 2 | H16: ='賓果 - 1分20卡'!H16 -> 3 | I16: ='賓果 - 1分20卡'!I16 -> 4 | J16: ='賓果 - 1分20卡'!J16 -> 5 | K16: ='賓果 - 1分20卡'!K16 -> 6 | L16: ='賓果 - 1分20卡'!L16 -> 7 | M16: ='賓果 - 1分20卡'!M16 -> 8 | ... Y16: ='賓果 - 1分20卡'!Y16 -> 21
A17: ='試算-賓果'!A31 -> MMH | B17: ='試算-賓果'!B31 -> K | C17: ='試算-賓果'!C31 -> 緬甸元(H) | D17: =IF('試算-SLOT'!D17=1,"",'試算-SLOT'!D17) -> 100 | E17: ='試算-賓果'!K31 -> 0.1 | F17: ='賓果 - 1分20卡'!F17 -> 1 | G17: ='賓果 - 1分20卡'!G17 -> 2 | H17: ='賓果 - 1分20卡'!H17 -> 3 | I17: ='賓果 - 1分20卡'!I17 -> 4 | J17: ='賓果 - 1分20卡'!J17 -> 5 | K17: ='賓果 - 1分20卡'!K17 -> 6 | L17: ='賓果 - 1分20卡'!L17 -> 7 | M17: ='賓果 - 1分20卡'!M17 -> 8 | ... Y17: ='賓果 - 1分20卡'!Y17 -> 21
... A47: ='試算-賓果'!A61 -> MYRC | B47: ='試算-賓果'!B61 -> RM | C47: ='試算-賓果'!C61 -> 馬來西亞令吉 | D47: =IF('試算-SLOT'!D47=1,"",'試算-SLOT'!D47) -> 0.01 | E47: ='試算-賓果'!K61 -> 1 | F47: ='賓果 - 1分20卡'!F47 -> 1 | G47: ='賓果 - 1分20卡'!G47 -> 2 | H47: ='賓果 - 1分20卡'!H47 -> 3 | I47: ='賓果 - 1分20卡'!I47 -> 4 | J47: ='賓果 - 1分20卡'!J47 -> 5 | K47: ='賓果 - 1分20卡'!K47 -> 7 | L47: ='賓果 - 1分20卡'!L47 -> 10 | M47: ='賓果 - 1分20卡'!M47 -> 13 | ... Y47: ='賓果 - 1分20卡'!Y47 -> 26
A48: ='試算-賓果'!A62 -> XSD | B48: ='試算-賓果'!B62 | C48: ='試算-賓果'!C62 -> 星幣 | D48: =IF('試算-SLOT'!D48=1,"",'試算-SLOT'!D48) | E48: ='試算-賓果'!K62 -> 10 | F48: 1 | G48: 2 | H48: 3 | I48: 4 | J48: 5 | K48: 7 | L48: 10 | M48: 13 | N48: 15 | O48: 16 | P48: 17 | Q48: 18 | R48: 19 | S48: 20 | T48: 21 | U48: 22 | V48: 23 | W48: 24 | X48: 25 | Y48: 26
A49: ='試算-賓果'!A63 -> DZD | B49: ='試算-賓果'!B63 -> دج | C49: ='試算-賓果'!C63 -> 阿爾及利亞第納爾 | D49: =IF('試算-SLOT'!D49=1,"",'試算-SLOT'!D49) | E49: ='試算-賓果'!K63 -> 0.2 | F49: 1 | G49: 2 | H49: 3 | I49: 4 | J49: 5 | K49: 7 | L49: 10 | M49: 13 | N49: 15 | O49: 16 | P49: 17 | Q49: 18 | R49: 19 | S49: 20 | T49: 21 | U49: 22 | V49: 23 | W49: 24 | X49: 25 | Y49: 26
A50: ='試算-賓果'!A64 -> MAD | B50: ='試算-賓果'!B64 -> DH | C50: ='試算-賓果'!C64 -> 摩洛哥迪拉姆 | D50: =IF('試算-SLOT'!D50=1,"",'試算-SLOT'!D50) | E50: ='試算-賓果'!K64 -> 0.02 | F50: 1 | G50: 2 | H50: 3 | I50: 4 | J50: 5 | K50: 7 | L50: 10 | M50: 13 | N50: 15 | O50: 16 | P50: 17 | Q50: 18 | R50: 19 | S50: 20 | T50: 21 | U50: 22 | V50: 23 | W50: 24 | X50: 25 | Y50: 26
A51: ='試算-賓果'!A65 -> FRF | B51: ='試算-賓果'!B65 -> ₣ | C51: ='試算-賓果'!C65 -> 法國法郎 | D51: =IF('試算-SLOT'!D51=1,"",'試算-SLOT'!D51) | E51: ='試算-賓果'!K65 -> 0.01 | F51: 1 | G51: 2 | H51: 3 | I51: 4 | J51: 5 | K51: 7 | L51: 10 | M51: 13 | N51: 15 | O51: 16 | P51: 17 | Q51: 18 | R51: 19 | S51: 20 | T51: 21 | U51: 22 | V51: 23 | W51: 24 | X51: 25 | Y51: 26
A52: ='試算-賓果'!A66 -> GHS | B52: ='試算-賓果'!B66 -> Gp | C52: ='試算-賓果'!C66 -> 迦納塞地 | D52: =IF('試算-SLOT'!D52=1,"",'試算-SLOT'!D52) | E52: ='試算-賓果'!K66 -> 0.02 | F52: 1 | G52: 2 | H52: 3 | I52: 4 | J52: 5 | K52: 7 | L52: 10 | M52: 13 | N52: 15 | O52: 16 | P52: 17 | Q52: 18 | R52: 19 | S52: 20 | T52: 21 | U52: 22 | V52: 23 | W52: 24 | X52: 25 | Y52: 26
A53: ='試算-賓果'!A67 -> RCC | B53: ='試算-賓果'!B67 | C53: ='試算-賓果'!C67 -> RCC幣 | D53: =IF('試算-SLOT'!D53=1,"",'試算-SLOT'!D53) | E53: ='試算-賓果'!K67 -> 0.01 | F53: ='賓果 - 1分20卡'!F13 -> 1 | G53: ='賓果 - 1分20卡'!G13 -> 2 | H53: ='賓果 - 1分20卡'!H13 -> 3 | I53: ='賓果 - 1分20卡'!I13 -> 4 | J53: ='賓果 - 1分20卡'!J13 -> 5 | K53: ='賓果 - 1分20卡'!K13 -> 6 | L53: ='賓果 - 1分20卡'!L13 -> 7 | M53: ='賓果 - 1分20卡'!M13 -> 8 | ... Y53: ='賓果 - 1分20卡'!Y13 -> 21
A54: ='試算-賓果'!A68 -> KBB | B54: ='試算-賓果'!B68 | C54: ='試算-賓果'!C68 -> 爸幣 | D54: =IF('試算-SLOT'!D54=1,"",'試算-SLOT'!D54) | E54: ='試算-賓果'!K68 -> 0.5 | F54: ='賓果 - 1分20卡'!F31 -> 1 | G54: ='賓果 - 1分20卡'!G31 -> 2 | H54: ='賓果 - 1分20卡'!H31 -> 3 | I54: ='賓果 - 1分20卡'!I31 -> 4 | J54: ='賓果 - 1分20卡'!J31 -> 5 | K54: ='賓果 - 1分20卡'!K31 -> 7 | L54: ='賓果 - 1分20卡'!L31 -> 10 | M54: ='賓果 - 1分20卡'!M31 -> 13 | ... Y54: ='賓果 - 1分20卡'!Y31 -> 26
A55: ='試算-賓果'!A69 -> XSMY | B55: ='試算-賓果'!B69 | C55: ='試算-賓果'!C69 -> 星城馬來西亞 | D55: =IF('試算-SLOT'!D55=1,"",'試算-SLOT'!D55) | E55: ='試算-賓果'!K69 -> 10 | F55: 1 | G55: 2 | H55: 3 | I55: 4 | J55: 5 | K55: 7 | L55: 10 | M55: 13 | N55: 15 | O55: 16 | P55: 17 | Q55: 18 | R55: 19 | S55: 20 | T55: 21 | U55: 22 | V55: 23 | W55: 24 | X55: 25 | Y55: 26
A58: =A5 -> 貨幣簡稱 | B58: =B5 -> 貨幣符號 | C58: =C5 -> 中文名稱 | D58: =D5 -> 貨幣轉換 | E58: =E5 -> Denom | F58: =F5 -> 第 1 組 | G58: =G5 -> 第 2 組 | H58: =H5 -> 第 3 組 | ... Y58: =Y5 -> 第 20 組 | AA58: 顯示金額
A59: =A6 -> THB | B59: =B6 -> ฿ | C59: =C6 -> 泰銖 | D59: =D6 | E59: =E6 -> 0.05 | F59: =HLOOKUP(F6,$F$1:$AI$2,2) * $D$1 * $E59 -> 0.5 | G59: =HLOOKUP(G6,$F$1:$AI$2,2) * $D$1 * $E59 -> 1 | H59: =HLOOKUP(H6,$F$1:$AI$2,2) * $D$1 * $E59 -> 1.5 | I59: =HLOOKUP(I6,$F$1:$AI$2,2) * $D$1 * $E59 -> 2 | J59: =HLOOKUP(J6,$F$1:$AI$2,2) * $D$1 * $E59 -> 2.5 | K59: =HLOOKUP(K6,$F$1:$AI$2,2) * $D$1 * $E59 -> 3.5 | L59: =HLOOKUP(L6,$F$1:$AI$2,2) * $D$1 * $E59 -> 5 | M59: =HLOOKUP(M6,$F$1:$AI$2,2) * $D$1 * $E59 -> 7.5 | ... Y59: =HLOOKUP(Y6,$F$1:$AI$2,2) * $D$1 * $E59 -> 62.5
A60: =A7 -> HKD | B60: =B7 -> HK$ | C60: =C7 -> 港幣 | D60: =D7 | E60: =E7 -> 0.01 | F60: =HLOOKUP(F7,$F$1:$AI$2,2) * $D$1 * $E60 -> 0.1 | G60: =HLOOKUP(G7,$F$1:$AI$2,2) * $D$1 * $E60 -> 0.2 | H60: =HLOOKUP(H7,$F$1:$AI$2,2) * $D$1 * $E60 -> 0.3 | I60: =HLOOKUP(I7,$F$1:$AI$2,2) * $D$1 * $E60 -> 0.4 | J60: =HLOOKUP(J7,$F$1:$AI$2,2) * $D$1 * $E60 -> 0.5 | K60: =HLOOKUP(K7,$F$1:$AI$2,2) * $D$1 * $E60 -> 0.7 | L60: =HLOOKUP(L7,$F$1:$AI$2,2) * $D$1 * $E60 -> 1 | M60: =HLOOKUP(M7,$F$1:$AI$2,2) * $D$1 * $E60 -> 1.5 | ... Y60: =HLOOKUP(Y7,$F$1:$AI$2,2) * $D$1 * $E60 -> 12.5
A61: =A8 -> INR | B61: =B8 -> ₹ | C61: =C8 -> 印度盧比 | D61: =D8 | E61: =E8 -> 0.1 | F61: =HLOOKUP(F8,$F$1:$AI$2,2) * $D$1 * $E61 -> 1 | G61: =HLOOKUP(G8,$F$1:$AI$2,2) * $D$1 * $E61 -> 2 | H61: =HLOOKUP(H8,$F$1:$AI$2,2) * $D$1 * $E61 -> 3 | I61: =HLOOKUP(I8,$F$1:$AI$2,2) * $D$1 * $E61 -> 4 | J61: =HLOOKUP(J8,$F$1:$AI$2,2) * $D$1 * $E61 -> 5 | K61: =HLOOKUP(K8,$F$1:$AI$2,2) * $D$1 * $E61 -> 7 | L61: =HLOOKUP(L8,$F$1:$AI$2,2) * $D$1 * $E61 -> 10 | M61: =HLOOKUP(M8,$F$1:$AI$2,2) * $D$1 * $E61 -> 15 | ... Y61: =HLOOKUP(Y8,$F$1:$AI$2,2) * $D$1 * $E61 -> 125
A62: =A9 -> IDR | B62: =B9 -> Rp | C62: =C9 -> 印尼盧比(K) | D62: =D9 -> 1000 | E62: =E9 -> 0.02 | F62: =HLOOKUP(F9,$F$1:$AI$2,2) * $D$1 * $E62 -> 0.2 | G62: =HLOOKUP(G9,$F$1:$AI$2,2) * $D$1 * $E62 -> 0.4 | H62: =HLOOKUP(H9,$F$1:$AI$2,2) * $D$1 * $E62 -> 0.6 | I62: =HLOOKUP(I9,$F$1:$AI$2,2) * $D$1 * $E62 -> 0.8 | J62: =HLOOKUP(J9,$F$1:$AI$2,2) * $D$1 * $E62 -> 1 | K62: =HLOOKUP(K9,$F$1:$AI$2,2) * $D$1 * $E62 -> 1.4 | L62: =HLOOKUP(L9,$F$1:$AI$2,2) * $D$1 * $E62 -> 2 | M62: =HLOOKUP(M9,$F$1:$AI$2,2) * $D$1 * $E62 -> 3 | ... Y62: =HLOOKUP(Y9,$F$1:$AI$2,2) * $D$1 * $E62 -> 25
A63: =A10 -> VND | B63: =B10 -> ₫ | C63: =C10 -> 越南盾(K) | D63: =D10 -> 1000 | E63: =E10 -> 0.04 | F63: =HLOOKUP(F10,$F$1:$AI$2,2) * $D$1 * $E63 -> 0.4 | G63: =HLOOKUP(G10,$F$1:$AI$2,2) * $D$1 * $E63 -> 0.8 | H63: =HLOOKUP(H10,$F$1:$AI$2,2) * $D$1 * $E63 -> 1.2 | I63: =HLOOKUP(I10,$F$1:$AI$2,2) * $D$1 * $E63 -> 1.6 | J63: =HLOOKUP(J10,$F$1:$AI$2,2) * $D$1 * $E63 -> 2 | K63: =HLOOKUP(K10,$F$1:$AI$2,2) * $D$1 * $E63 -> 2.8 | L63: =HLOOKUP(L10,$F$1:$AI$2,2) * $D$1 * $E63 -> 4 | M63: =HLOOKUP(M10,$F$1:$AI$2,2) * $D$1 * $E63 -> 6 | ... Y63: =HLOOKUP(Y10,$F$1:$AI$2,2) * $D$1 * $E63 -> 50
A64: =A11 -> MYR | B64: =B11 -> RM | C64: =C11 -> 馬來西亞令吉 | D64: =D11 | E64: =E11 -> 0.01 | F64: =HLOOKUP(F11,$F$1:$AI$2,2) * $D$1 * $E64 -> 0.1 | G64: =HLOOKUP(G11,$F$1:$AI$2,2) * $D$1 * $E64 -> 0.2 | H64: =HLOOKUP(H11,$F$1:$AI$2,2) * $D$1 * $E64 -> 0.3 | I64: =HLOOKUP(I11,$F$1:$AI$2,2) * $D$1 * $E64 -> 0.4 | J64: =HLOOKUP(J11,$F$1:$AI$2,2) * $D$1 * $E64 -> 0.5 | K64: =HLOOKUP(K11,$F$1:$AI$2,2) * $D$1 * $E64 -> 0.7 | L64: =HLOOKUP(L11,$F$1:$AI$2,2) * $D$1 * $E64 -> 1 | M64: =HLOOKUP(M11,$F$1:$AI$2,2) * $D$1 * $E64 -> 1.5 | ... Y64: =HLOOKUP(Y11,$F$1:$AI$2,2) * $D$1 * $E64 -> 12.5
A65: =A12 -> SGD | B65: =B12 -> S$ | C65: =C12 -> 新加坡幣 | D65: =D12 | E65: =E12 -> 0.01 | F65: =HLOOKUP(F12,$F$1:$AI$2,2) * $D$1 * $E65 -> 0.1 | G65: =HLOOKUP(G12,$F$1:$AI$2,2) * $D$1 * $E65 -> 0.2 | H65: =HLOOKUP(H12,$F$1:$AI$2,2) * $D$1 * $E65 -> 0.3 | I65: =HLOOKUP(I12,$F$1:$AI$2,2) * $D$1 * $E65 -> 0.4 | J65: =HLOOKUP(J12,$F$1:$AI$2,2) * $D$1 * $E65 -> 0.5 | K65: =HLOOKUP(K12,$F$1:$AI$2,2) * $D$1 * $E65 -> 0.6 | L65: =HLOOKUP(L12,$F$1:$AI$2,2) * $D$1 * $E65 -> 0.7 | M65: =HLOOKUP(M12,$F$1:$AI$2,2) * $D$1 * $E65 -> 0.8 | ... Y65: =HLOOKUP(Y12,$F$1:$AI$2,2) * $D$1 * $E65 -> 5
A66: =A13 -> USD | B66: =B13 -> $ | C66: =C13 -> 美元 | D66: =D13 | E66: =E13 -> 0.01 | F66: =HLOOKUP(F13,$F$1:$AI$2,2) * $D$1 * $E66 -> 0.1 | G66: =HLOOKUP(G13,$F$1:$AI$2,2) * $D$1 * $E66 -> 0.2 | H66: =HLOOKUP(H13,$F$1:$AI$2,2) * $D$1 * $E66 -> 0.3 | I66: =HLOOKUP(I13,$F$1:$AI$2,2) * $D$1 * $E66 -> 0.4 | J66: =HLOOKUP(J13,$F$1:$AI$2,2) * $D$1 * $E66 -> 0.5 | K66: =HLOOKUP(K13,$F$1:$AI$2,2) * $D$1 * $E66 -> 0.6 | L66: =HLOOKUP(L13,$F$1:$AI$2,2) * $D$1 * $E66 -> 0.7 | M66: =HLOOKUP(M13,$F$1:$AI$2,2) * $D$1 * $E66 -> 0.8 | ... Y66: =HLOOKUP(Y13,$F$1:$AI$2,2) * $D$1 * $E66 -> 5
A67: =A14 -> BDT | B67: =B14 -> ৳ | C67: =C14 -> 孟加拉塔卡 | D67: =D14 | E67: =E14 -> 0.1 | F67: =HLOOKUP(F14,$F$1:$AI$2,2) * $D$1 * $E67 -> 1 | G67: =HLOOKUP(G14,$F$1:$AI$2,2) * $D$1 * $E67 -> 2 | H67: =HLOOKUP(H14,$F$1:$AI$2,2) * $D$1 * $E67 -> 3 | I67: =HLOOKUP(I14,$F$1:$AI$2,2) * $D$1 * $E67 -> 4 | J67: =HLOOKUP(J14,$F$1:$AI$2,2) * $D$1 * $E67 -> 5 | K67: =HLOOKUP(K14,$F$1:$AI$2,2) * $D$1 * $E67 -> 7 | L67: =HLOOKUP(L14,$F$1:$AI$2,2) * $D$1 * $E67 -> 10 | M67: =HLOOKUP(M14,$F$1:$AI$2,2) * $D$1 * $E67 -> 15 | ... Y67: =HLOOKUP(Y14,$F$1:$AI$2,2) * $D$1 * $E67 -> 125
A68: =A15 -> PKR | B68: =B15 -> ₨ | C68: =C15 -> 巴基斯坦盧比 | D68: =D15 | E68: =E15 -> 0.25 | F68: =HLOOKUP(F15,$F$1:$AI$2,2) * $D$1 * $E68 -> 2.5 | G68: =HLOOKUP(G15,$F$1:$AI$2,2) * $D$1 * $E68 -> 5 | H68: =HLOOKUP(H15,$F$1:$AI$2,2) * $D$1 * $E68 -> 7.5 | I68: =HLOOKUP(I15,$F$1:$AI$2,2) * $D$1 * $E68 -> 10 | J68: =HLOOKUP(J15,$F$1:$AI$2,2) * $D$1 * $E68 -> 12.5 | K68: =HLOOKUP(K15,$F$1:$AI$2,2) * $D$1 * $E68 -> 17.5 | L68: =HLOOKUP(L15,$F$1:$AI$2,2) * $D$1 * $E68 -> 25 | M68: =HLOOKUP(M15,$F$1:$AI$2,2) * $D$1 * $E68 -> 37.5 | ... Y68: =HLOOKUP(Y15,$F$1:$AI$2,2) * $D$1 * $E68 -> 312.5
A69: =A16 -> MMK | B69: =B16 -> K | C69: =C16 -> 緬甸元(K) | D69: =D16 -> 1000 | E69: =E16 -> 0.01 | F69: =HLOOKUP(F16,$F$1:$AI$2,2) * $D$1 * $E69 -> 0.1 | G69: =HLOOKUP(G16,$F$1:$AI$2,2) * $D$1 * $E69 -> 0.2 | H69: =HLOOKUP(H16,$F$1:$AI$2,2) * $D$1 * $E69 -> 0.3 | I69: =HLOOKUP(I16,$F$1:$AI$2,2) * $D$1 * $E69 -> 0.4 | J69: =HLOOKUP(J16,$F$1:$AI$2,2) * $D$1 * $E69 -> 0.5 | K69: =HLOOKUP(K16,$F$1:$AI$2,2) * $D$1 * $E69 -> 0.6 | L69: =HLOOKUP(L16,$F$1:$AI$2,2) * $D$1 * $E69 -> 0.7 | M69: =HLOOKUP(M16,$F$1:$AI$2,2) * $D$1 * $E69 -> 0.8 | ... Y69: =HLOOKUP(Y16,$F$1:$AI$2,2) * $D$1 * $E69 -> 5
A70: =A17 -> MMH | B70: =B17 -> K | C70: =C17 -> 緬甸元(H) | D70: =D17 -> 100 | E70: =E17 -> 0.1 | F70: =HLOOKUP(F17,$F$1:$AI$2,2) * $D$1 * $E70 -> 1 | G70: =HLOOKUP(G17,$F$1:$AI$2,2) * $D$1 * $E70 -> 2 | H70: =HLOOKUP(H17,$F$1:$AI$2,2) * $D$1 * $E70 -> 3 | I70: =HLOOKUP(I17,$F$1:$AI$2,2) * $D$1 * $E70 -> 4 | J70: =HLOOKUP(J17,$F$1:$AI$2,2) * $D$1 * $E70 -> 5 | K70: =HLOOKUP(K17,$F$1:$AI$2,2) * $D$1 * $E70 -> 6 | L70: =HLOOKUP(L17,$F$1:$AI$2,2) * $D$1 * $E70 -> 7 | M70: =HLOOKUP(M17,$F$1:$AI$2,2) * $D$1 * $E70 -> 8 | ... Y70: =HLOOKUP(Y17,$F$1:$AI$2,2) * $D$1 * $E70 -> 50
... A108: =A55 -> XSMY | B108: =B55 | C108: =C55 -> 星城馬來西亞 | D108: =D55 | E108: =E55 -> 10 | F108: =HLOOKUP(F55,$F$1:$AI$2,2) * $D$1 * $E108 -> 100 | G108: =HLOOKUP(G55,$F$1:$AI$2,2) * $D$1 * $E108 -> 200 | H108: =HLOOKUP(H55,$F$1:$AI$2,2) * $D$1 * $E108 -> 300 | I108: =HLOOKUP(I55,$F$1:$AI$2,2) * $D$1 * $E108 -> 400 | J108: =HLOOKUP(J55,$F$1:$AI$2,2) * $D$1 * $E108 -> 500 | K108: =HLOOKUP(K55,$F$1:$AI$2,2) * $D$1 * $E108 -> 700 | L108: =HLOOKUP(L55,$F$1:$AI$2,2) * $D$1 * $E108 -> 1000 | M108: =HLOOKUP(M55,$F$1:$AI$2,2) * $D$1 * $E108 -> 1500 | ... Y108: =HLOOKUP(Y55,$F$1:$AI$2,2) * $D$1 * $E108 -> 12500
A111: =A58 -> 貨幣簡稱 | B111: =B58 -> 貨幣符號 | C111: =C58 -> 中文名稱 | D111: =D58 -> 貨幣轉換 | E111: =E58 -> Denom | F111: =F58 -> 第 1 組 | G111: =G58 -> 第 2 組 | H111: =H58 -> 第 3 組 | ... Y111: =Y58 -> 第 20 組 | AA111: 4
A112: =A59 -> THB | B112: =B59 -> ฿ | C112: =C59 -> 泰銖 | D112: =D59 | E112: =E59 -> 0.05 | F112: =F59*$AA$111 -> 2 | G112: =G59*$AA$111 -> 4 | H112: =H59*$AA$111 -> 6 | I112: =I59*$AA$111 -> 8 | J112: =J59*$AA$111 -> 10 | K112: =K59*$AA$111 -> 14 | L112: =L59*$AA$111 -> 20 | M112: =M59*$AA$111 -> 30 | ... Y112: =Y59*$AA$111 -> 250 | AA112: =CONCATENATE("顯示卡片",AA111,"張數金額",) -> 顯示卡片4張數金額
A113: =A60 -> HKD | B113: =B60 -> HK$ | C113: =C60 -> 港幣 | D113: =D60 | E113: =E60 -> 0.01 | F113: =F60*$AA$111 -> 0.4 | G113: =G60*$AA$111 -> 0.8 | H113: =H60*$AA$111 -> 1.2 | I113: =I60*$AA$111 -> 1.6 | J113: =J60*$AA$111 -> 2 | K113: =K60*$AA$111 -> 2.8 | L113: =L60*$AA$111 -> 4 | M113: =M60*$AA$111 -> 6 | ... Y113: =Y60*$AA$111 -> 50
A114: =A61 -> INR | B114: =B61 -> ₹ | C114: =C61 -> 印度盧比 | D114: =D61 | E114: =E61 -> 0.1 | F114: =F61*$AA$111 -> 4 | G114: =G61*$AA$111 -> 8 | H114: =H61*$AA$111 -> 12 | I114: =I61*$AA$111 -> 16 | J114: =J61*$AA$111 -> 20 | K114: =K61*$AA$111 -> 28 | L114: =L61*$AA$111 -> 40 | M114: =M61*$AA$111 -> 60 | ... Y114: =Y61*$AA$111 -> 500
A115: =A62 -> IDR | B115: =B62 -> Rp | C115: =C62 -> 印尼盧比(K) | D115: =D62 -> 1000 | E115: =E62 -> 0.02 | F115: =F62*$AA$111 -> 0.8 | G115: =G62*$AA$111 -> 1.6 | H115: =H62*$AA$111 -> 2.4 | I115: =I62*$AA$111 -> 3.2 | J115: =J62*$AA$111 -> 4 | K115: =K62*$AA$111 -> 5.6 | L115: =L62*$AA$111 -> 8 | M115: =M62*$AA$111 -> 12 | ... Y115: =Y62*$AA$111 -> 100
A116: =A63 -> VND | B116: =B63 -> ₫ | C116: =C63 -> 越南盾(K) | D116: =D63 -> 1000 | E116: =E63 -> 0.04 | F116: =F63*$AA$111 -> 1.6 | G116: =G63*$AA$111 -> 3.2 | H116: =H63*$AA$111 -> 4.8 | I116: =I63*$AA$111 -> 6.4 | J116: =J63*$AA$111 -> 8 | K116: =K63*$AA$111 -> 11.2 | L116: =L63*$AA$111 -> 16 | M116: =M63*$AA$111 -> 24 | ... Y116: =Y63*$AA$111 -> 200
A117: =A64 -> MYR | B117: =B64 -> RM | C117: =C64 -> 馬來西亞令吉 | D117: =D64 | E117: =E64 -> 0.01 | F117: =F64*$AA$111 -> 0.4 | G117: =G64*$AA$111 -> 0.8 | H117: =H64*$AA$111 -> 1.2 | I117: =I64*$AA$111 -> 1.6 | J117: =J64*$AA$111 -> 2 | K117: =K64*$AA$111 -> 2.8 | L117: =L64*$AA$111 -> 4 | M117: =M64*$AA$111 -> 6 | ... Y117: =Y64*$AA$111 -> 50
A118: =A65 -> SGD | B118: =B65 -> S$ | C118: =C65 -> 新加坡幣 | D118: =D65 | E118: =E65 -> 0.01 | F118: =F65*$AA$111 -> 0.4 | G118: =G65*$AA$111 -> 0.8 | H118: =H65*$AA$111 -> 1.2 | I118: =I65*$AA$111 -> 1.6 | J118: =J65*$AA$111 -> 2 | K118: =K65*$AA$111 -> 2.4 | L118: =L65*$AA$111 -> 2.8 | M118: =M65*$AA$111 -> 3.2 | ... Y118: =Y65*$AA$111 -> 20
A119: =A66 -> USD | B119: =B66 -> $ | C119: =C66 -> 美元 | D119: =D66 | E119: =E66 -> 0.01 | F119: =F66*$AA$111 -> 0.4 | G119: =G66*$AA$111 -> 0.8 | H119: =H66*$AA$111 -> 1.2 | I119: =I66*$AA$111 -> 1.6 | J119: =J66*$AA$111 -> 2 | K119: =K66*$AA$111 -> 2.4 | L119: =L66*$AA$111 -> 2.8 | M119: =M66*$AA$111 -> 3.2 | ... Y119: =Y66*$AA$111 -> 20
A120: =A67 -> BDT | B120: =B67 -> ৳ | C120: =C67 -> 孟加拉塔卡 | D120: =D67 | E120: =E67 -> 0.1 | F120: =F67*$AA$111 -> 4 | G120: =G67*$AA$111 -> 8 | H120: =H67*$AA$111 -> 12 | I120: =I67*$AA$111 -> 16 | J120: =J67*$AA$111 -> 20 | K120: =K67*$AA$111 -> 28 | L120: =L67*$AA$111 -> 40 | M120: =M67*$AA$111 -> 60 | ... Y120: =Y67*$AA$111 -> 500
A121: =A68 -> PKR | B121: =B68 -> ₨ | C121: =C68 -> 巴基斯坦盧比 | D121: =D68 | E121: =E68 -> 0.25 | F121: =F68*$AA$111 -> 10 | G121: =G68*$AA$111 -> 20 | H121: =H68*$AA$111 -> 30 | I121: =I68*$AA$111 -> 40 | J121: =J68*$AA$111 -> 50 | K121: =K68*$AA$111 -> 70 | L121: =L68*$AA$111 -> 100 | M121: =M68*$AA$111 -> 150 | ... Y121: =Y68*$AA$111 -> 1250
A122: =A69 -> MMK | B122: =B69 -> K | C122: =C69 -> 緬甸元(K) | D122: =D69 -> 1000 | E122: =E69 -> 0.01 | F122: =F69*$AA$111 -> 0.4 | G122: =G69*$AA$111 -> 0.8 | H122: =H69*$AA$111 -> 1.2 | I122: =I69*$AA$111 -> 1.6 | J122: =J69*$AA$111 -> 2 | K122: =K69*$AA$111 -> 2.4 | L122: =L69*$AA$111 -> 2.8 | M122: =M69*$AA$111 -> 3.2 | ... Y122: =Y69*$AA$111 -> 20
A123: =A70 -> MMH | B123: =B70 -> K | C123: =C70 -> 緬甸元(H) | D123: =D70 -> 100 | E123: =E70 -> 0.1 | F123: =F70*$AA$111 -> 4 | G123: =G70*$AA$111 -> 8 | H123: =H70*$AA$111 -> 12 | I123: =I70*$AA$111 -> 16 | J123: =J70*$AA$111 -> 20 | K123: =K70*$AA$111 -> 24 | L123: =L70*$AA$111 -> 28 | M123: =M70*$AA$111 -> 32 | ... Y123: =Y70*$AA$111 -> 200
A124: =A71 -> PHP | B124: =B71 -> ₱ | C124: =C71 -> 菲律賓披索 | D124: =D71 | E124: =E71 -> 0.1 | F124: =F71*$AA$111 -> 4 | G124: =G71*$AA$111 -> 8 | H124: =H71*$AA$111 -> 12 | I124: =I71*$AA$111 -> 16 | J124: =J71*$AA$111 -> 20 | K124: =K71*$AA$111 -> 28 | L124: =L71*$AA$111 -> 40 | M124: =M71*$AA$111 -> 60 | ... Y124: =Y71*$AA$111 -> 500
... A161: =A108 -> XSMY | B161: =B108 | C161: =C108 -> 星城馬來西亞 | D161: =D108 | E161: =E108 -> 10 | F161: =F108*$AA$111 -> 400 | G161: =G108*$AA$111 -> 800 | H161: =H108*$AA$111 -> 1200 | I161: =I108*$AA$111 -> 1600 | J161: =J108*$AA$111 -> 2000 | K161: =K108*$AA$111 -> 2800 | L161: =L108*$AA$111 -> 4000 | M161: =M108*$AA$111 -> 6000 | ... Y161: =Y108*$AA$111 -> 50000

Sheet 賓果 - 1分20卡
C1: 最小押分 | D1: 1 | E1: 倍數 設定 | F1: 1 | G1: 2 | H1: 3 | I1: 4 | J1: 5 | K1: 6 | L1: 7 | M1: 8 | N1: 9 | O1: 10 | P1: 11 | Q1: 12 | R1: 13 | S1: 14 | T1: 15 | U1: 16 | V1: 17 | W1: 18 | X1: 19 | Y1: 20 | Z1: 21 | AA1: 22 | AB1: 23 | AC1: 24 | AD1: 25 | AE1: 26 | AF1: 27 | AG1: 28 | AH1: 29 | AI1: 30
F2: ='賓果 - 1分4卡'!F2 -> 10 | G2: ='賓果 - 1分4卡'!G2 -> 20 | H2: ='賓果 - 1分4卡'!H2 -> 30 | I2: ='賓果 - 1分4卡'!I2 -> 40 | J2: ='賓果 - 1分4卡'!J2 -> 50 | K2: ='賓果 - 1分4卡'!K2 -> 60 | L2: ='賓果 - 1分4卡'!L2 -> 70 | M2: ='賓果 - 1分4卡'!M2 -> 80 | ... AI2: ='賓果 - 1分4卡'!AI2 -> 5000
A5: 貨幣簡稱 | B5: 貨幣符號 | C5: 中文名稱 | D5: 貨幣轉換 | E5: Denom | F5: 第 1 組 | G5: 第 2 組 | H5: 第 3 組 | I5: 第 4 組 | J5: 第 5 組 | K5: 第 6 組 | L5: 第 7 組 | M5: 第 8 組 | N5: 第 9 組 | O5: 第 10 組 | P5: 第 11 組 | Q5: 第 12 組 | R5: 第 13 組 | S5: 第 14 組 | T5: 第 15 組 | U5: 第 16 組 | V5: 第 17 組 | W5: 第 18 組 | X5: 第 19 組 | Y5: 第 20 組 | AA5: 顯示倍數組別
A6: ='試算-賓果'!A20 -> THB | B6: ='試算-賓果'!B20 -> ฿ | C6: ='試算-賓果'!C20 -> 泰銖 | D6: =IF('試算-SLOT'!D6=1,"",'試算-SLOT'!D6) | E6: ='試算-賓果'!K20 -> 0.05 | F6: 1 | G6: 2 | H6: 3 | I6: 4 | J6: 5 | K6: 7 | L6: 10 | M6: 13 | N6: 15 | O6: 16 | P6: 17 | Q6: 18 | R6: 19 | S6: 20 | T6: 21 | U6: 22 | V6: 23 | W6: 24 | X6: 25 | Y6: 26
A7: ='試算-賓果'!A21 -> HKD | B7: ='試算-賓果'!B21 -> HK$ | C7: ='試算-賓果'!C21 -> 港幣 | D7: =IF('試算-SLOT'!D7=1,"",'試算-SLOT'!D7) | E7: ='試算-賓果'!K21 -> 0.01 | F7: 1 | G7: 2 | H7: 3 | I7: 4 | J7: 5 | K7: 7 | L7: 10 | M7: 13 | N7: 15 | O7: 16 | P7: 17 | Q7: 18 | R7: 19 | S7: 20 | T7: 21 | U7: 22 | V7: 23 | W7: 24 | X7: 25 | Y7: 26
A8: ='試算-賓果'!A22 -> INR | B8: ='試算-賓果'!B22 -> ₹ | C8: ='試算-賓果'!C22 -> 印度盧比 | D8: =IF('試算-SLOT'!D8=1,"",'試算-SLOT'!D8) | E8: ='試算-賓果'!K22 -> 0.1 | F8: 1 | G8: 2 | H8: 3 | I8: 4 | J8: 5 | K8: 7 | L8: 10 | M8: 13 | N8: 15 | O8: 16 | P8: 17 | Q8: 18 | R8: 19 | S8: 20 | T8: 21 | U8: 22 | V8: 23 | W8: 24 | X8: 25 | Y8: 26
A9: ='試算-賓果'!A23 -> IDR | B9: ='試算-賓果'!B23 -> Rp | C9: ='試算-賓果'!C23 -> 印尼盧比(K) | D9: =IF('試算-SLOT'!D9=1,"",'試算-SLOT'!D9) -> 1000 | E9: ='試算-賓果'!K23 -> 0.02 | F9: 1 | G9: 2 | H9: 3 | I9: 4 | J9: 5 | K9: 7 | L9: 10 | M9: 13 | N9: 15 | O9: 16 | P9: 17 | Q9: 18 | R9: 19 | S9: 20 | T9: 21 | U9: 22 | V9: 23 | W9: 24 | X9: 25 | Y9: 26
A10: ='試算-賓果'!A24 -> VND | B10: ='試算-賓果'!B24 -> ₫ | C10: ='試算-賓果'!C24 -> 越南盾(K) | D10: =IF('試算-SLOT'!D10=1,"",'試算-SLOT'!D10) -> 1000 | E10: ='試算-賓果'!K24 -> 0.04 | F10: 1 | G10: 2 | H10: 3 | I10: 4 | J10: 5 | K10: 7 | L10: 10 | M10: 13 | N10: 15 | O10: 16 | P10: 17 | Q10: 18 | R10: 19 | S10: 20 | T10: 21 | U10: 22 | V10: 23 | W10: 24 | X10: 25 | Y10: 26
A11: ='試算-賓果'!A25 -> MYR | B11: ='試算-賓果'!B25 -> RM | C11: ='試算-賓果'!C25 -> 馬來西亞令吉 | D11: =IF('試算-SLOT'!D11=1,"",'試算-SLOT'!D11) | E11: ='試算-賓果'!K25 -> 0.01 | F11: 1 | G11: 2 | H11: 3 | I11: 4 | J11: 5 | K11: 7 | L11: 10 | M11: 13 | N11: 15 | O11: 16 | P11: 17 | Q11: 18 | R11: 19 | S11: 20 | T11: 21 | U11: 22 | V11: 23 | W11: 24 | X11: 25 | Y11: 26
A12: ='試算-賓果'!A26 -> SGD | B12: ='試算-賓果'!B26 -> S$ | C12: ='試算-賓果'!C26 -> 新加坡幣 | D12: =IF('試算-SLOT'!D12=1,"",'試算-SLOT'!D12) | E12: ='試算-賓果'!K26 -> 0.01 | F12: 1 | G12: 2 | H12: 3 | I12: 4 | J12: 5 | K12: 6 | L12: 7 | M12: 8 | N12: 9 | O12: 10 | P12: 11 | Q12: 12 | R12: 14 | S12: 15 | T12: 16 | U12: 17 | V12: 18 | W12: 19 | X12: 20 | Y12: 21
A13: ='試算-賓果'!A27 -> USD | B13: ='試算-賓果'!B27 -> $ | C13: ='試算-賓果'!C27 -> 美元 | D13: =IF('試算-SLOT'!D13=1,"",'試算-SLOT'!D13) | E13: ='試算-賓果'!K27 -> 0.01 | F13: 1 | G13: 2 | H13: 3 | I13: 4 | J13: 5 | K13: 6 | L13: 7 | M13: 8 | N13: 9 | O13: 10 | P13: 11 | Q13: 12 | R13: 14 | S13: 15 | T13: 16 | U13: 17 | V13: 18 | W13: 19 | X13: 20 | Y13: 21
A14: ='試算-賓果'!A28 -> BDT | B14: ='試算-賓果'!B28 -> ৳ | C14: ='試算-賓果'!C28 -> 孟加拉塔卡 | D14: =IF('試算-SLOT'!D14=1,"",'試算-SLOT'!D14) | E14: ='試算-賓果'!K28 -> 0.1 | F14: 1 | G14: 2 | H14: 3 | I14: 4 | J14: 5 | K14: 7 | L14: 10 | M14: 13 | N14: 15 | O14: 16 | P14: 17 | Q14: 18 | R14: 19 | S14: 20 | T14: 21 | U14: 22 | V14: 23 | W14: 24 | X14: 25 | Y14: 26
A15: ='試算-賓果'!A29 -> PKR | B15: ='試算-賓果'!B29 -> ₨ | C15: ='試算-賓果'!C29 -> 巴基斯坦盧比 | D15: =IF('試算-SLOT'!D15=1,"",'試算-SLOT'!D15) | E15: ='試算-賓果'!K29 -> 0.25 | F15: 1 | G15: 2 | H15: 3 | I15: 4 | J15: 5 | K15: 7 | L15: 10 | M15: 13 | N15: 15 | O15: 16 | P15: 17 | Q15: 18 | R15: 19 | S15: 20 | T15: 21 | U15: 22 | V15: 23 | W15: 24 | X15: 25 | Y15: 26
A16: ='試算-賓果'!A30 -> MMK | B16: ='試算-賓果'!B30 -> K | C16: ='試算-賓果'!C30 -> 緬甸元(K) | D16: =IF('試算-SLOT'!D16=1,"",'試算-SLOT'!D16) -> 1000 | E16: ='試算-賓果'!K30 -> 0.01 | F16: 1 | G16: 2 | H16: 3 | I16: 4 | J16: 5 | K16: 6 | L16: 7 | M16: 8 | N16: 9 | O16: 10 | P16: 11 | Q16: 12 | R16: 14 | S16: 15 | T16: 16 | U16: 17 | V16: 18 | W16: 19 | X16: 20 | Y16: 21
A17: ='試算-賓果'!A31 -> MMH | B17: ='試算-賓果'!B31 -> K | C17: ='試算-賓果'!C31 -> 緬甸元(H) | D17: =IF('試算-SLOT'!D17=1,"",'試算-SLOT'!D17) -> 100 | E17: ='試算-賓果'!K31 -> 0.1 | F17: 1 | G17: 2 | H17: 3 | I17: 4 | J17: 5 | K17: 6 | L17: 7 | M17: 8 | N17: 9 | O17: 10 | P17: 11 | Q17: 12 | R17: 14 | S17: 15 | T17: 16 | U17: 17 | V17: 18 | W17: 19 | X17: 20 | Y17: 21
... A55: ='試算-賓果'!A69 -> XSMY | B55: ='試算-賓果'!B69 | C55: ='試算-賓果'!C69 -> 星城馬來西亞 | D55: =IF('試算-SLOT'!D55=1,"",'試算-SLOT'!D55) | E55: ='試算-賓果'!K69 -> 10 | F55: 1 | G55: 2 | H55: 3 | I55: 4 | J55: 5 | K55: 7 | L55: 10 | M55: 13 | N55: 15 | O55: 16 | P55: 17 | Q55: 18 | R55: 19 | S55: 20 | T55: 21 | U55: 22 | V55: 23 | W55: 24 | X55: 25 | Y55: 26
A58: =A5 -> 貨幣簡稱 | B58: =B5 -> 貨幣符號 | C58: =C5 -> 中文名稱 | D58: =D5 -> 貨幣轉換 | E58: =E5 -> Denom | F58: =F5 -> 第 1 組 | G58: =G5 -> 第 2 組 | H58: =H5 -> 第 3 組 | ... Y58: =Y5 -> 第 20 組 | AA58: 顯示金額
A59: =A6 -> THB | B59: =B6 -> ฿ | C59: =C6 -> 泰銖 | D59: =D6 | E59: =E6 -> 0.05 | F59: =HLOOKUP(F6,$F$1:$AI$2,2) * $D$1 * $E59 -> 0.5 | G59: =HLOOKUP(G6,$F$1:$AI$2,2) * $D$1 * $E59 -> 1 | H59: =HLOOKUP(H6,$F$1:$AI$2,2) * $D$1 * $E59 -> 1.5 | I59: =HLOOKUP(I6,$F$1:$AI$2,2) * $D$1 * $E59 -> 2 | J59: =HLOOKUP(J6,$F$1:$AI$2,2) * $D$1 * $E59 -> 2.5 | K59: =HLOOKUP(K6,$F$1:$AI$2,2) * $D$1 * $E59 -> 3.5 | L59: =HLOOKUP(L6,$F$1:$AI$2,2) * $D$1 * $E59 -> 5 | M59: =HLOOKUP(M6,$F$1:$AI$2,2) * $D$1 * $E59 -> 7.5 | ... Y59: =HLOOKUP(Y6,$F$1:$AI$2,2) * $D$1 * $E59 -> 62.5
A60: =A7 -> HKD | B60: =B7 -> HK$ | C60: =C7 -> 港幣 | D60: =D7 | E60: =E7 -> 0.01 | F60: =HLOOKUP(F7,$F$1:$AI$2,2) * $D$1 * $E60 -> 0.1 | G60: =HLOOKUP(G7,$F$1:$AI$2,2) * $D$1 * $E60 -> 0.2 | H60: =HLOOKUP(H7,$F$1:$AI$2,2) * $D$1 * $E60 -> 0.3 | I60: =HLOOKUP(I7,$F$1:$AI$2,2) * $D$1 * $E60 -> 0.4 | J60: =HLOOKUP(J7,$F$1:$AI$2,2) * $D$1 * $E60 -> 0.5 | K60: =HLOOKUP(K7,$F$1:$AI$2,2) * $D$1 * $E60 -> 0.7 | L60: =HLOOKUP(L7,$F$1:$AI$2,2) * $D$1 * $E60 -> 1 | M60: =HLOOKUP(M7,$F$1:$AI$2,2) * $D$1 * $E60 -> 1.5 | ... Y60: =HLOOKUP(Y7,$F$1:$AI$2,2) * $D$1 * $E60 -> 12.5
A61: =A8 -> INR | B61: =B8 -> ₹ | C61: =C8 -> 印度盧比 | D61: =D8 | E61: =E8 -> 0.1 | F61: =HLOOKUP(F8,$F$1:$AI$2,2) * $D$1 * $E61 -> 1 | G61: =HLOOKUP(G8,$F$1:$AI$2,2) * $D$1 * $E61 -> 2 | H61: =HLOOKUP(H8,$F$1:$AI$2,2) * $D$1 * $E61 -> 3 | I61: =HLOOKUP(I8,$F$1:$AI$2,2) * $D$1 * $E61 -> 4 | J61: =HLOOKUP(J8,$F$1:$AI$2,2) * $D$1 * $E61 -> 5 | K61: =HLOOKUP(K8,$F$1:$AI$2,2) * $D$1 * $E61 -> 7 | L61: =HLOOKUP(L8,$F$1:$AI$2,2) * $D$1 * $E61 -> 10 | M61: =HLOOKUP(M8,$F$1:$AI$2,2) * $D$1 * $E61 -> 15 | ... Y61: =HLOOKUP(Y8,$F$1:$AI$2,2) * $D$1 * $E61 -> 125
A62: =A9 -> IDR | B62: =B9 -> Rp | C62: =C9 -> 印尼盧比(K) | D62: =D9 -> 1000 | E62: =E9 -> 0.02 | F62: =HLOOKUP(F9,$F$1:$AI$2,2) * $D$1 * $E62 -> 0.2 | G62: =HLOOKUP(G9,$F$1:$AI$2,2) * $D$1 * $E62 -> 0.4 | H62: =HLOOKUP(H9,$F$1:$AI$2,2) * $D$1 * $E62 -> 0.6 | I62: =HLOOKUP(I9,$F$1:$AI$2,2) * $D$1 * $E62 -> 0.8 | J62: =HLOOKUP(J9,$F$1:$AI$2,2) * $D$1 * $E62 -> 1 | K62: =HLOOKUP(K9,$F$1:$AI$2,2) * $D$1 * $E62 -> 1.4 | L62: =HLOOKUP(L9,$F$1:$AI$2,2) * $D$1 * $E62 -> 2 | M62: =HLOOKUP(M9,$F$1:$AI$2,2) * $D$1 * $E62 -> 3 | ... Y62: =HLOOKUP(Y9,$F$1:$AI$2,2) * $D$1 * $E62 -> 25
A63: =A10 -> VND | B63: =B10 -> ₫ | C63: =C10 -> 越南盾(K) | D63: =D10 -> 1000 | E63: =E10 -> 0.04 | F63: =HLOOKUP(F10,$F$1:$AI$2,2) * $D$1 * $E63 -> 0.4 | G63: =HLOOKUP(G10,$F$1:$AI$2,2) * $D$1 * $E63 -> 0.8 | H63: =HLOOKUP(H10,$F$1:$AI$2,2) * $D$1 * $E63 -> 1.2 | I63: =HLOOKUP(I10,$F$1:$AI$2,2) * $D$1 * $E63 -> 1.6 | J63: =HLOOKUP(J10,$F$1:$AI$2,2) * $D$1 * $E63 -> 2 | K63: =HLOOKUP(K10,$F$1:$AI$2,2) * $D$1 * $E63 -> 2.8 | L63: =HLOOKUP(L10,$F$1:$AI$2,2) * $D$1 * $E63 -> 4 | M63: =HLOOKUP(M10,$F$1:$AI$2,2) * $D$1 * $E63 -> 6 | ... Y63: =HLOOKUP(Y10,$F$1:$AI$2,2) * $D$1 * $E63 -> 50
A64: =A11 -> MYR | B64: =B11 -> RM | C64: =C11 -> 馬來西亞令吉 | D64: =D11 | E64: =E11 -> 0.01 | F64: =HLOOKUP(F11,$F$1:$AI$2,2) * $D$1 * $E64 -> 0.1 | G64: =HLOOKUP(G11,$F$1:$AI$2,2) * $D$1 * $E64 -> 0.2 | H64: =HLOOKUP(H11,$F$1:$AI$2,2) * $D$1 * $E64 -> 0.3 | I64: =HLOOKUP(I11,$F$1:$AI$2,2) * $D$1 * $E64 -> 0.4 | J64: =HLOOKUP(J11,$F$1:$AI$2,2) * $D$1 * $E64 -> 0.5 | K64: =HLOOKUP(K11,$F$1:$AI$2,2) * $D$1 * $E64 -> 0.7 | L64: =HLOOKUP(L11,$F$1:$AI$2,2) * $D$1 * $E64 -> 1 | M64: =HLOOKUP(M11,$F$1:$AI$2,2) * $D$1 * $E64 -> 1.5 | ... Y64: =HLOOKUP(Y11,$F$1:$AI$2,2) * $D$1 * $E64 -> 12.5
A65: =A12 -> SGD | B65: =B12 -> S$ | C65: =C12 -> 新加坡幣 | D65: =D12 | E65: =E12 -> 0.01 | F65: =HLOOKUP(F12,$F$1:$AI$2,2) * $D$1 * $E65 -> 0.1 | G65: =HLOOKUP(G12,$F$1:$AI$2,2) * $D$1 * $E65 -> 0.2 | H65: =HLOOKUP(H12,$F$1:$AI$2,2) * $D$1 * $E65 -> 0.3 | I65: =HLOOKUP(I12,$F$1:$AI$2,2) * $D$1 * $E65 -> 0.4 | J65: =HLOOKUP(J12,$F$1:$AI$2,2) * $D$1 * $E65 -> 0.5 | K65: =HLOOKUP(K12,$F$1:$AI$2,2) * $D$1 * $E65 -> 0.6 | L65: =HLOOKUP(L12,$F$1:$AI$2,2) * $D$1 * $E65 -> 0.7 | M65: =HLOOKUP(M12,$F$1:$AI$2,2) * $D$1 * $E65 -> 0.8 | ... Y65: =HLOOKUP(Y12,$F$1:$AI$2,2) * $D$1 * $E65 -> 5
A66: =A13 -> USD | B66: =B13 -> $ | C66: =C13 -> 美元 | D66: =D13 | E66: =E13 -> 0.01 | F66: =HLOOKUP(F13,$F$1:$AI$2,2) * $D$1 * $E66 -> 0.1 | G66: =HLOOKUP(G13,$F$1:$AI$2,2) * $D$1 * $E66 -> 0.2 | H66: =HLOOKUP(H13,$F$1:$AI$2,2) * $D$1 * $E66 -> 0.3 | I66: =HLOOKUP(I13,$F$1:$AI$2,2) * $D$1 * $E66 -> 0.4 | J66: =HLOOKUP(J13,$F$1:$AI$2,2) * $D$1 * $E66 -> 0.5 | K66: =HLOOKUP(K13,$F$1:$AI$2,2) * $D$1 * $E66 -> 0.6 | L66: =HLOOKUP(L13,$F$1:$AI$2,2) * $D$1 * $E66 -> 0.7 | M66: =HLOOKUP(M13,$F$1:$AI$2,2) * $D$1 * $E66 -> 0.8 | ... Y66: =HLOOKUP(Y13,$F$1:$AI$2,2) * $D$1 * $E66 -> 5
A67: =A14 -> BDT | B67: =B14 -> ৳ | C67: =C14 -> 孟加拉塔卡 | D67: =D14 | E67: =E14 -> 0.1 | F67: =HLOOKUP(F14,$F$1:$AI$2,2) * $D$1 * $E67 -> 1 | G67: =HLOOKUP(G14,$F$1:$AI$2,2) * $D$1 * $E67 -> 2 | H67: =HLOOKUP(H14,$F$1:$AI$2,2) * $D$1 * $E67 -> 3 | I67: =HLOOKUP(I14,$F$1:$AI$2,2) * $D$1 * $E67 -> 4 | J67: =HLOOKUP(J14,$F$1:$AI$2,2) * $D$1 * $E67 -> 5 | K67: =HLOOKUP(K14,$F$1:$AI$2,2) * $D$1 * $E67 -> 7 | L67: =HLOOKUP(L14,$F$1:$AI$2,2) * $D$1 * $E67 -> 10 | M67: =HLOOKUP(M14,$F$1:$AI$2,2) * $D$1 * $E67 -> 15 | ... Y67: =HLOOKUP(Y14,$F$1:$AI$2,2) * $D$1 * $E67 -> 125
A68: =A15 -> PKR | B68: =B15 -> ₨ | C68: =C15 -> 巴基斯坦盧比 | D68: =D15 | E68: =E15 -> 0.25 | F68: =HLOOKUP(F15,$F$1:$AI$2,2) * $D$1 * $E68 -> 2.5 | G68: =HLOOKUP(G15,$F$1:$AI$2,2) * $D$1 * $E68 -> 5 | H68: =HLOOKUP(H15,$F$1:$AI$2,2) * $D$1 * $E68 -> 7.5 | I68: =HLOOKUP(I15,$F$1:$AI$2,2) * $D$1 * $E68 -> 10 | J68: =HLOOKUP(J15,$F$1:$AI$2,2) * $D$1 * $E68 -> 12.5 | K68: =HLOOKUP(K15,$F$1:$AI$2,2) * $D$1 * $E68 -> 17.5 | L68: =HLOOKUP(L15,$F$1:$AI$2,2) * $D$1 * $E68 -> 25 | M68: =HLOOKUP(M15,$F$1:$AI$2,2) * $D$1 * $E68 -> 37.5 | ... Y68: =HLOOKUP(Y15,$F$1:$AI$2,2) * $D$1 * $E68 -> 312.5
A69: =A16 -> MMK | B69: =B16 -> K | C69: =C16 -> 緬甸元(K) | D69: =D16 -> 1000 | E69: =E16 -> 0.01 | F69: =HLOOKUP(F16,$F$1:$AI$2,2) * $D$1 * $E69 -> 0.1 | G69: =HLOOKUP(G16,$F$1:$AI$2,2) * $D$1 * $E69 -> 0.2 | H69: =HLOOKUP(H16,$F$1:$AI$2,2) * $D$1 * $E69 -> 0.3 | I69: =HLOOKUP(I16,$F$1:$AI$2,2) * $D$1 * $E69 -> 0.4 | J69: =HLOOKUP(J16,$F$1:$AI$2,2) * $D$1 * $E69 -> 0.5 | K69: =HLOOKUP(K16,$F$1:$AI$2,2) * $D$1 * $E69 -> 0.6 | L69: =HLOOKUP(L16,$F$1:$AI$2,2) * $D$1 * $E69 -> 0.7 | M69: =HLOOKUP(M16,$F$1:$AI$2,2) * $D$1 * $E69 -> 0.8 | ... Y69: =HLOOKUP(Y16,$F$1:$AI$2,2) * $D$1 * $E69 -> 5
A70: =A17 -> MMH | B70: =B17 -> K | C70: =C17 -> 緬甸元(H) | D70: =D17 -> 100 | E70: =E17 -> 0.1 | F70: =HLOOKUP(F17,$F$1:$AI$2,2) * $D$1 * $E70 -> 1 | G70: =HLOOKUP(G17,$F$1:$AI$2,2) * $D$1 * $E70 -> 2 | H70: =HLOOKUP(H17,$F$1:$AI$2,2) * $D$1 * $E70 -> 3 | I70: =HLOOKUP(I17,$F$1:$AI$2,2) * $D$1 * $E70 -> 4 | J70: =HLOOKUP(J17,$F$1:$AI$2,2) * $D$1 * $E70 -> 5 | K70: =HLOOKUP(K17,$F$1:$AI$2,2) * $D$1 * $E70 -> 6 | L70: =HLOOKUP(L17,$F$1:$AI$2,2) * $D$1 * $E70 -> 7 | M70: =HLOOKUP(M17,$F$1:$AI$2,2) * $D$1 * $E70 -> 8 | ... Y70: =HLOOKUP(Y17,$F$1:$AI$2,2) * $D$1 * $E70 -> 50
