Workbook

Sheet Overview
A2: Model: | B2: H0161
A3: Version: | B3: 8
A6: Base Bet | B6: Multiway
A7: 100 | B7: =PRODUCT(B17:F17) -> 1024
A10: Coin in | B10: Price(x) | C10: Bet Type
A11: =A7*B11 -> 100 | B11: 1 | C11: Normal Bet
A12: =A7*B12 -> 4050 | B12: 40.5 | C12: Buy Feature
A13: =A7*B13 -> 25000 | B13: 250 | C13: Super Feature
A16: Reel # | B16: 1 | C16: 2 | D16: 3 | E16: 4 | F16: 5
A17: Visible Window Size | B17: 4 | C17: 4 | D17: 4 | E17: 4 | F17: 4
A20: Free Spins Setting
A21: C1 Num | B21: Initial Free Spins | C21: Retrigger
A22: 3 | B22: 10 | C22: 5
A23: 4 | B23: 10 | C23: 5
A24: 5 | B24: 10 | C24: 5
A25: The maximum of free spins is 50.
A28: Pay Table： | B28: ="All wins show for "&A7&" credit bet." -> All wins show for 100 credit bet.
A29: Symbol | B29: Description | C29: 1 | D29: 2 | E29: 3 | F29: 4 | G29: 5 | H29: Id
A30: WW | B30: Wild | C30: 0 | D30: 0 | E30: 0 | F30: 0 | G30: 0 | H30: 0
A31: W2 | B31: Super Wild | C31: 0 | D31: 0 | E31: 0 | F31: 0 | G31: 0 | H31: 1
A32: C1 | B32: Scatter | C32: 0 | D32: 0 | E32: 0 | F32: 0 | G32: 0 | H32: 2
A33: M1 | B33: M1 | C33: 0 | D33: 0 | E33: 50 | F33: 150 | G33: 250 | H33: 3
A34: M2 | B34: M2 | C34: 0 | D34: 0 | E34: 40 | F34: 120 | G34: 200 | H34: 4
A35: M3 | B35: M3 | C35: 0 | D35: 0 | E35: 30 | F35: 90 | G35: 150 | H35: 5
A36: M4 | B36: M4 | C36: 0 | D36: 0 | E36: 20 | F36: 60 | G36: 100 | H36: 6
A37: A | B37: A | C37: 0 | D37: 0 | E37: 10 | F37: 30 | G37: 50 | H37: 7
A38: K | B38: K | C38: 0 | D38: 0 | E38: 10 | F38: 30 | G38: 50 | H38: 8
A39: Q | B39: Q | C39: 0 | D39: 0 | E39: 5 | F39: 15 | G39: 25 | H39: 9
A40: J | B40: J | C40: 0 | D40: 0 | E40: 5 | F40: 15 | G40: 25 | H40: 10
A41: G1 | B41: Golden M1 | C41: 0 | D41: 0 | E41: 50 | F41: 150 | G41: 250 | H41: 11
... A48: GJ | B48: Golden J | C48: 0 | D48: 0 | E48: 5 | F48: 15 | G48: 25 | H48: 18

Sheet Parameter
B2: Table Selection Weight - Base Game (Weight/Total)
B3: Worksheet Name | C3: Weight
B4: BG_Symbol | C4: 450000 | D4: {=C4:C6/SUM(C4:C6)} -> 0.45
B5: BG_Symbol (2) | C5: 50000 | D5: 0.05
B6: BG_Symbol (3) | C6: 500000 | D6: 0.5
B9: Table Selection Weight - Free Game (Weight/Total)
B10: Worksheet Name | C10: Weight
B11: FG_Symbol | C11: 0
B12: FG_Symbol (2) | C12: 6500
B13: FG_Symbol (3) | C13: 3500
B16: Table Selection Weight - Retrigger (Weight/Total)
B17: Worksheet Name | C17: Weight
B18: FG_Symbol | C18: 0
B19: FG_Symbol (2) | C19: 6500
B20: FG_Symbol (3) | C20: 3500
B23: Table Selection Weight - SF Free Game (Weight/Total)
B24: Worksheet Name | C24: Weight
B25: SF_Symbol | C25: 0
B26: SF_Symbol (2) | C26: 5500
B27: SF_Symbol (3) | C27: 4500
B30: Table Selection Weight - SF Retrigger (Weight/Total)
B31: Worksheet Name | C31: Weight
B32: SF_Symbol | C32: 0
B33: SF_Symbol (2) | C33: 5500
B34: SF_Symbol (3) | C34: 4500

Sheet BG_Symbol
J2: Symbol | Q2: Symbol ID | W2: Symbol Weight | AC2: Random Wild Trigger Weight | AF2: Symbol Drop Weight
A3: Symbol | B3: Description | C3: R1 | D3: R2 | E3: R3 | F3: R4 | G3: R5 | H3: ID | J3: Line # | K3: R1 | L3: R2 | M3: R3 | N3: R4 | O3: R5 | Q3: R1 | R3: R2 | S3: R3 | T3: R4 | U3: R5 | W3: R1 | X3: R2 | Y3: R3 | Z3: R4 | AA3: R5 | AC3: Random Wild | AD3: Weight | AF3: Symbol | AG3: R1 | AH3: R2 | AI3: R3 | AJ3: R4 | AK3: R5
A4: {=Overview!A30:A48} -> WW | B4: {=Overview!B30:B48} -> Wild | C4: =COUNTIF(K:K,$A4) -> 0 | D4: =COUNTIF(L:L,$A4) -> 0 | E4: =COUNTIF(M:M,$A4) -> 0 | F4: =COUNTIF(N:N,$A4) -> 0 | G4: =COUNTIF(O:O,$A4) -> 0 | H4: {=Overview!H30:H48} -> 0 | J4: 0 | K4: M4 | L4: M1 | M4: J | N4: K | O4: M2 | Q4: =IF(K4="","",VLOOKUP(K4,$A$4:$H$22,8,FALSE)) -> 6 | R4: =IF(L4="","",VLOOKUP(L4,$A$4:$H$22,8,FALSE)) -> 3 | S4: =IF(M4="","",VLOOKUP(M4,$A$4:$H$22,8,FALSE)) -> 10 | T4: =IF(N4="","",VLOOKUP(N4,$A$4:$H$22,8,FALSE)) -> 8 | U4: =IF(O4="","",VLOOKUP(O4,$A$4:$H$22,8,FALSE)) -> 4 | W4: 12571 | X4: 11024 | Y4: 0 | Z4: 12985 | AA4: 12527 | AC4: 0 | AD4: 21860 | AF4: WW | AG4: 0 | AH4: 0 | AI4: 0 | AJ4: 0 | AK4: 0
A5: W2 | B5: Super Wild | C5: =COUNTIF(K:K,$A5) -> 0 | D5: =COUNTIF(L:L,$A5) -> 0 | E5: =COUNTIF(M:M,$A5) -> 0 | F5: =COUNTIF(N:N,$A5) -> 0 | G5: =COUNTIF(O:O,$A5) -> 0 | H5: 1 | J5: 1 | K5: A | L5: G3 | M5: C1 | N5: J | O5: A | Q5: =IF(K5="","",VLOOKUP(K5,$A$4:$H$22,8,FALSE)) -> 7 | R5: =IF(L5="","",VLOOKUP(L5,$A$4:$H$22,8,FALSE)) -> 13 | S5: =IF(M5="","",VLOOKUP(M5,$A$4:$H$22,8,FALSE)) -> 2 | T5: =IF(N5="","",VLOOKUP(N5,$A$4:$H$22,8,FALSE)) -> 10 | U5: =IF(O5="","",VLOOKUP(O5,$A$4:$H$22,8,FALSE)) -> 7 | W5: 12714 | X5: 10407 | Y5: 0 | Z5: 12646 | AA5: 12028 | AC5: 2 | AD5: 1401 | AF5: W2 | AG5: 0 | AH5: 0 | AI5: 0 | AJ5: 0 | AK5: 0
A6: C1 | B6: Scatter | C6: =COUNTIF(K:K,$A6) -> 4 | D6: =COUNTIF(L:L,$A6) -> 4 | E6: =COUNTIF(M:M,$A6) -> 4 | F6: =COUNTIF(N:N,$A6) -> 4 | G6: =COUNTIF(O:O,$A6) -> 6 | H6: 2 | J6: 2 | K6: K | L6: M3 | M6: Q | N6: Q | O6: M3 | Q6: =IF(K6="","",VLOOKUP(K6,$A$4:$H$22,8,FALSE)) -> 8 | R6: =IF(L6="","",VLOOKUP(L6,$A$4:$H$22,8,FALSE)) -> 5 | S6: =IF(M6="","",VLOOKUP(M6,$A$4:$H$22,8,FALSE)) -> 9 | T6: =IF(N6="","",VLOOKUP(N6,$A$4:$H$22,8,FALSE)) -> 9 | U6: =IF(O6="","",VLOOKUP(O6,$A$4:$H$22,8,FALSE)) -> 5 | W6: 12414 | X6: 11480 | Y6: 6283 | Z6: 12189 | AA6: 12744 | AC6: 3 | AD6: 235 | AF6: C1 | AG6: 0 | AH6: 0 | AI6: 0 | AJ6: 0 | AK6: 0
A7: M1 | B7: M1 | C7: =COUNTIF(K:K,$A7) -> 14 | D7: =COUNTIF(L:L,$A7) -> 9 | E7: =COUNTIF(M:M,$A7) -> 10 | F7: =COUNTIF(N:N,$A7) -> 9 | G7: =COUNTIF(O:O,$A7) -> 14 | H7: 3 | J7: 3 | K7: M1 | L7: M4 | M7: Q | N7: J | O7: K | Q7: =IF(K7="","",VLOOKUP(K7,$A$4:$H$22,8,FALSE)) -> 3 | R7: =IF(L7="","",VLOOKUP(L7,$A$4:$H$22,8,FALSE)) -> 6 | S7: =IF(M7="","",VLOOKUP(M7,$A$4:$H$22,8,FALSE)) -> 9 | T7: =IF(N7="","",VLOOKUP(N7,$A$4:$H$22,8,FALSE)) -> 10 | U7: =IF(O7="","",VLOOKUP(O7,$A$4:$H$22,8,FALSE)) -> 8 | W7: 11463 | X7: 13087 | Y7: 12324 | Z7: 10462 | AA7: 6442 | AC7: 4 | AD7: 18 | AF7: M1 | AG7: 50122 | AH7: 85723 | AI7: 46185 | AJ7: 93970 | AK7: 50452
A8: M2 | B8: M2 | C8: =COUNTIF(K:K,$A8) -> 28 | D8: =COUNTIF(L:L,$A8) -> 33 | E8: =COUNTIF(M:M,$A8) -> 15 | F8: =COUNTIF(N:N,$A8) -> 12 | G8: =COUNTIF(O:O,$A8) -> 24 | H8: 4 | J8: 4 | K8: A | L8: M2 | M8: Q | N8: G3 | O8: M3 | Q8: =IF(K8="","",VLOOKUP(K8,$A$4:$H$22,8,FALSE)) -> 7 | R8: =IF(L8="","",VLOOKUP(L8,$A$4:$H$22,8,FALSE)) -> 4 | S8: =IF(M8="","",VLOOKUP(M8,$A$4:$H$22,8,FALSE)) -> 9 | T8: =IF(N8="","",VLOOKUP(N8,$A$4:$H$22,8,FALSE)) -> 13 | U8: =IF(O8="","",VLOOKUP(O8,$A$4:$H$22,8,FALSE)) -> 5 | W8: 12427 | X8: 11708 | Y8: 15054 | Z8: 10538 | AA8: 5167 | AF8: M2 | AG8: 100486 | AH8: 41636 | AI8: 91061 | AJ8: 45998 | AK8: 104798
A9: M3 | B9: M3 | C9: =COUNTIF(K:K,$A9) -> 18 | D9: =COUNTIF(L:L,$A9) -> 12 | E9: =COUNTIF(M:M,$A9) -> 30 | F9: =COUNTIF(N:N,$A9) -> 13 | G9: =COUNTIF(O:O,$A9) -> 28 | H9: 5 | J9: 5 | K9: J | L9: C1 | M9: A | N9: M3 | O9: J | Q9: =IF(K9="","",VLOOKUP(K9,$A$4:$H$22,8,FALSE)) -> 10 | R9: =IF(L9="","",VLOOKUP(L9,$A$4:$H$22,8,FALSE)) -> 2 | S9: =IF(M9="","",VLOOKUP(M9,$A$4:$H$22,8,FALSE)) -> 7 | T9: =IF(N9="","",VLOOKUP(N9,$A$4:$H$22,8,FALSE)) -> 5 | U9: =IF(O9="","",VLOOKUP(O9,$A$4:$H$22,8,FALSE)) -> 10 | W9: 0 | X9: 13334 | Y9: 13804 | Z9: 11001 | AA9: 9970 | AF9: M3 | AG9: 100381 | AH9: 62016 | AI9: 71224 | AJ9: 67745 | AK9: 82539
A10: M4 | B10: M4 | C10: =COUNTIF(K:K,$A10) -> 19 | D10: =COUNTIF(L:L,$A10) -> 37 | E10: =COUNTIF(M:M,$A10) -> 12 | F10: =COUNTIF(N:N,$A10) -> 40 | G10: =COUNTIF(O:O,$A10) -> 15 | H10: 6 | J10: 6 | K10: M4 | L10: M2 | M10: Q | N10: J | O10: A | Q10: =IF(K10="","",VLOOKUP(K10,$A$4:$H$22,8,FALSE)) -> 6 | R10: =IF(L10="","",VLOOKUP(L10,$A$4:$H$22,8,FALSE)) -> 4 | S10: =IF(M10="","",VLOOKUP(M10,$A$4:$H$22,8,FALSE)) -> 9 | T10: =IF(N10="","",VLOOKUP(N10,$A$4:$H$22,8,FALSE)) -> 10 | U10: =IF(O10="","",VLOOKUP(O10,$A$4:$H$22,8,FALSE)) -> 7 | W10: 0 | X10: 11046 | Y10: 13592 | Z10: 13103 | AA10: 10140 | AF10: M4 | AG10: 96855 | AH10: 107933 | AI10: 68378 | AJ10: 114300 | AK10: 77965
A11: A | B11: A | C11: =COUNTIF(K:K,$A11) -> 33 | D11: =COUNTIF(L:L,$A11) -> 43 | E11: =COUNTIF(M:M,$A11) -> 15 | F11: =COUNTIF(N:N,$A11) -> 9 | G11: =COUNTIF(O:O,$A11) -> 31 | H11: 7 | J11: 7 | K11: K | L11: M4 | M11: M4 | N11: A | O11: M4 | Q11: =IF(K11="","",VLOOKUP(K11,$A$4:$H$22,8,FALSE)) -> 8 | R11: =IF(L11="","",VLOOKUP(L11,$A$4:$H$22,8,FALSE)) -> 6 | S11: =IF(M11="","",VLOOKUP(M11,$A$4:$H$22,8,FALSE)) -> 6 | T11: =IF(N11="","",VLOOKUP(N11,$A$4:$H$22,8,FALSE)) -> 7 | U11: =IF(O11="","",VLOOKUP(O11,$A$4:$H$22,8,FALSE)) -> 6 | W11: 0 | X11: 10429 | Y11: 11149 | Z11: 13051 | AA11: 12488 | AF11: A | AG11: 148704 | AH11: 149629 | AI11: 142185 | AJ11: 159075 | AK11: 157042
A12: K | B12: K | C12: =COUNTIF(K:K,$A12) -> 33 | D12: =COUNTIF(L:L,$A12) -> 12 | E12: =COUNTIF(M:M,$A12) -> 11 | F12: =COUNTIF(N:N,$A12) -> 50 | G12: =COUNTIF(O:O,$A12) -> 26 | H12: 8 | J12: 8 | K12: C1 | L12: G1 | M12: Q | N12: Q | O12: M1 | Q12: =IF(K12="","",VLOOKUP(K12,$A$4:$H$22,8,FALSE)) -> 2 | R12: =IF(L12="","",VLOOKUP(L12,$A$4:$H$22,8,FALSE)) -> 11 | S12: =IF(M12="","",VLOOKUP(M12,$A$4:$H$22,8,FALSE)) -> 9 | T12: =IF(N12="","",VLOOKUP(N12,$A$4:$H$22,8,FALSE)) -> 9 | U12: =IF(O12="","",VLOOKUP(O12,$A$4:$H$22,8,FALSE)) -> 3 | W12: 0 | X12: 10927 | Y12: 10982 | Z12: 11474 | AA12: 11874 | AF12: K | AG12: 150681 | AH12: 143546 | AI12: 138412 | AJ12: 162412 | AK12: 166316
A13: Q | B13: Q | C13: =COUNTIF(K:K,$A13) -> 18 | D13: =COUNTIF(L:L,$A13) -> 12 | E13: =COUNTIF(M:M,$A13) -> 39 | F13: =COUNTIF(N:N,$A13) -> 34 | G13: =COUNTIF(O:O,$A13) -> 30 | H13: 9 | J13: 9 | K13: M1 | L13: M1 | M13: GJ | N13: M3 | O13: A | Q13: =IF(K13="","",VLOOKUP(K13,$A$4:$H$22,8,FALSE)) -> 3 | R13: =IF(L13="","",VLOOKUP(L13,$A$4:$H$22,8,FALSE)) -> 3 | S13: =IF(M13="","",VLOOKUP(M13,$A$4:$H$22,8,FALSE)) -> 18 | T13: =IF(N13="","",VLOOKUP(N13,$A$4:$H$22,8,FALSE)) -> 5 | U13: =IF(O13="","",VLOOKUP(O13,$A$4:$H$22,8,FALSE)) -> 7 | W13: 12584 | X13: 12424 | Y13: 8186 | Z13: 10516 | AA13: 12885 | AF13: Q | AG13: 174591 | AH13: 126836 | AI13: 165974 | AJ13: 137382 | AK13: 176580
A14: J | B14: J | C14: =COUNTIF(K:K,$A14) -> 33 | D14: =COUNTIF(L:L,$A14) -> 8 | E14: =COUNTIF(M:M,$A14) -> 38 | F14: =COUNTIF(N:N,$A14) -> 13 | G14: =COUNTIF(O:O,$A14) -> 26 | H14: 10 | J14: 10 | K14: J | L14: GA | M14: Q | N14: K | O14: Q | Q14: =IF(K14="","",VLOOKUP(K14,$A$4:$H$22,8,FALSE)) -> 10 | R14: =IF(L14="","",VLOOKUP(L14,$A$4:$H$22,8,FALSE)) -> 15 | S14: =IF(M14="","",VLOOKUP(M14,$A$4:$H$22,8,FALSE)) -> 9 | T14: =IF(N14="","",VLOOKUP(N14,$A$4:$H$22,8,FALSE)) -> 8 | U14: =IF(O14="","",VLOOKUP(O14,$A$4:$H$22,8,FALSE)) -> 9 | W14: 10628 | X14: 13737 | Y14: 12057 | Z14: 3582 | AA14: 12297 | AF14: J | AG14: 178180 | AH14: 126422 | AI14: 164613 | AJ14: 138328 | AK14: 184308
A15: G1 | B15: Golden M1 | C15: =COUNTIF(K:K,$A15) -> 0 | D15: =COUNTIF(L:L,$A15) -> 2 | E15: =COUNTIF(M:M,$A15) -> 1 | F15: =COUNTIF(N:N,$A15) -> 1 | G15: =COUNTIF(O:O,$A15) -> 0 | H15: 11 | J15: 11 | K15: M3 | L15: M2 | M15: M4 | N15: M1 | O15: J | Q15: =IF(K15="","",VLOOKUP(K15,$A$4:$H$22,8,FALSE)) -> 5 | R15: =IF(L15="","",VLOOKUP(L15,$A$4:$H$22,8,FALSE)) -> 4 | S15: =IF(M15="","",VLOOKUP(M15,$A$4:$H$22,8,FALSE)) -> 6 | T15: =IF(N15="","",VLOOKUP(N15,$A$4:$H$22,8,FALSE)) -> 3 | U15: =IF(O15="","",VLOOKUP(O15,$A$4:$H$22,8,FALSE)) -> 10 | W15: 9770 | X15: 12930 | Y15: 11215 | Z15: 5364 | AA15: 12604 | AF15: G1 | AG15: 0 | AH15: 16564 | AI15: 6454 | AJ15: 7481 | AK15: 0
A16: G2 | B16: Golden M2 | C16: =COUNTIF(K:K,$A16) -> 0 | D16: =COUNTIF(L:L,$A16) -> 5 | E16: =COUNTIF(M:M,$A16) -> 2 | F16: =COUNTIF(N:N,$A16) -> 1 | G16: =COUNTIF(O:O,$A16) -> 0 | H16: 12 | J16: 12 | K16: M2 | L16: M2 | M16: J | N16: K | O16: A | Q16: =IF(K16="","",VLOOKUP(K16,$A$4:$H$22,8,FALSE)) -> 4 | R16: =IF(L16="","",VLOOKUP(L16,$A$4:$H$22,8,FALSE)) -> 4 | S16: =IF(M16="","",VLOOKUP(M16,$A$4:$H$22,8,FALSE)) -> 10 | T16: =IF(N16="","",VLOOKUP(N16,$A$4:$H$22,8,FALSE)) -> 8 | U16: =IF(O16="","",VLOOKUP(O16,$A$4:$H$22,8,FALSE)) -> 7 | W16: 0 | X16: 13334 | Y16: 12727 | Z16: 3557 | AA16: 12194 | AF16: G2 | AG16: 0 | AH16: 7923 | AI16: 11642 | AJ16: 4645 | AK16: 0
A17: G3 | B17: Golden M3 | C17: =COUNTIF(K:K,$A17) -> 0 | D17: =COUNTIF(L:L,$A17) -> 2 | E17: =COUNTIF(M:M,$A17) -> 4 | F17: =COUNTIF(N:N,$A17) -> 1 | G17: =COUNTIF(O:O,$A17) -> 0 | H17: 13 | J17: 13 | K17: M4 | L17: K | M17: J | N17: M4 | O17: Q | Q17: =IF(K17="","",VLOOKUP(K17,$A$4:$H$22,8,FALSE)) -> 6 | R17: =IF(L17="","",VLOOKUP(L17,$A$4:$H$22,8,FALSE)) -> 8 | S17: =IF(M17="","",VLOOKUP(M17,$A$4:$H$22,8,FALSE)) -> 10 | T17: =IF(N17="","",VLOOKUP(N17,$A$4:$H$22,8,FALSE)) -> 6 | U17: =IF(O17="","",VLOOKUP(O17,$A$4:$H$22,8,FALSE)) -> 9 | W17: 0 | X17: 11903 | Y17: 12341 | Z17: 3527 | AA17: 12757 | AF17: G3 | AG17: 0 | AH17: 11409 | AI17: 9525 | AJ17: 5451 | AK17: 0
A18: G4 | B18: Golden M4 | C18: =COUNTIF(K:K,$A18) -> 0 | D18: =COUNTIF(L:L,$A18) -> 7 | E18: =COUNTIF(M:M,$A18) -> 2 | F18: =COUNTIF(N:N,$A18) -> 3 | G18: =COUNTIF(O:O,$A18) -> 0 | H18: 14 | J18: 14 | K18: M4 | L18: M2 | M18: M3 | N18: K | O18: A | Q18: =IF(K18="","",VLOOKUP(K18,$A$4:$H$22,8,FALSE)) -> 6 | R18: =IF(L18="","",VLOOKUP(L18,$A$4:$H$22,8,FALSE)) -> 4 | S18: =IF(M18="","",VLOOKUP(M18,$A$4:$H$22,8,FALSE)) -> 5 | T18: =IF(N18="","",VLOOKUP(N18,$A$4:$H$22,8,FALSE)) -> 8 | U18: =IF(O18="","",VLOOKUP(O18,$A$4:$H$22,8,FALSE)) -> 7 | W18: 0 | X18: 11695 | Y18: 10993 | Z18: 3582 | AA18: 0 | AF18: G4 | AG18: 0 | AH18: 20294 | AI18: 8340 | AJ18: 9789 | AK18: 0
A19: GA | B19: Golden A | C19: =COUNTIF(K:K,$A19) -> 0 | D19: =COUNTIF(L:L,$A19) -> 8 | E19: =COUNTIF(M:M,$A19) -> 2 | F19: =COUNTIF(N:N,$A19) -> 1 | G19: =COUNTIF(O:O,$A19) -> 0 | H19: 15 | J19: 15 | K19: C1 | L19: G4 | M19: M3 | N19: K | O19: M4 | Q19: =IF(K19="","",VLOOKUP(K19,$A$4:$H$22,8,FALSE)) -> 2 | R19: =IF(L19="","",VLOOKUP(L19,$A$4:$H$22,8,FALSE)) -> 14 | S19: =IF(M19="","",VLOOKUP(M19,$A$4:$H$22,8,FALSE)) -> 5 | T19: =IF(N19="","",VLOOKUP(N19,$A$4:$H$22,8,FALSE)) -> 8 | U19: =IF(O19="","",VLOOKUP(O19,$A$4:$H$22,8,FALSE)) -> 6 | W19: 0 | X19: 5307 | Y19: 10993 | Z19: 5364 | AA19: 0 | AF19: GA | AG19: 0 | AH19: 27449 | AI19: 17176 | AJ19: 13711 | AK19: 0
... A22: GJ | B22: Golden J | C22: =COUNTIF(K:K,$A22) -> 0 | D22: =COUNTIF(L:L,$A22) -> 2 | E22: =COUNTIF(M:M,$A22) -> 10 | F22: =COUNTIF(N:N,$A22) -> 1 | G22: =COUNTIF(O:O,$A22) -> 0 | H22: 18 | J22: 18 | K22: A | L22: M2 | M22: M3 | N22: M4 | O22: A | Q22: =IF(K22="","",VLOOKUP(K22,$A$4:$H$22,8,FALSE)) -> 7 | R22: =IF(L22="","",VLOOKUP(L22,$A$4:$H$22,8,FALSE)) -> 4 | S22: =IF(M22="","",VLOOKUP(M22,$A$4:$H$22,8,FALSE)) -> 5 | T22: =IF(N22="","",VLOOKUP(N22,$A$4:$H$22,8,FALSE)) -> 6 | U22: =IF(O22="","",VLOOKUP(O22,$A$4:$H$22,8,FALSE)) -> 7 | W22: 11959 | X22: 10916 | Y22: 1379 | Z22: 3582 | AA22: 10450 | AF22: GJ | AG22: 0 | AH22: 23000 | AI22: 21167 | AJ22: 13182 | AK22: 0
C23: =SUM(C4:C22) -> 200 | D23: =SUM(D4:D22) -> 200 | E23: =SUM(E4:E22) -> 200 | F23: =SUM(F4:F22) -> 200 | G23: =SUM(G4:G22) -> 200 | J23: 19 | K23: J | L23: G2 | M23: M4 | N23: K | O23: Q | Q23: =IF(K23="","",VLOOKUP(K23,$A$4:$H$22,8,FALSE)) -> 10 | R23: =IF(L23="","",VLOOKUP(L23,$A$4:$H$22,8,FALSE)) -> 12 | S23: =IF(M23="","",VLOOKUP(M23,$A$4:$H$22,8,FALSE)) -> 6 | T23: =IF(N23="","",VLOOKUP(N23,$A$4:$H$22,8,FALSE)) -> 8 | U23: =IF(O23="","",VLOOKUP(O23,$A$4:$H$22,8,FALSE)) -> 9 | W23: 10465 | X23: 7441 | Y23: 1379 | Z23: 5364 | AA23: 10482
J24: 20 | K24: Q | L24: K | M24: J | N24: J | O24: A | Q24: =IF(K24="","",VLOOKUP(K24,$A$4:$H$22,8,FALSE)) -> 9 | R24: =IF(L24="","",VLOOKUP(L24,$A$4:$H$22,8,FALSE)) -> 8 | S24: =IF(M24="","",VLOOKUP(M24,$A$4:$H$22,8,FALSE)) -> 10 | T24: =IF(N24="","",VLOOKUP(N24,$A$4:$H$22,8,FALSE)) -> 10 | U24: =IF(O24="","",VLOOKUP(O24,$A$4:$H$22,8,FALSE)) -> 7 | W24: 10834 | X24: 7473 | Y24: 1379 | Z24: 3557 | AA24: 11874
J25: 21 | K25: M3 | L25: M2 | M25: GJ | N25: K | O25: Q | Q25: =IF(K25="","",VLOOKUP(K25,$A$4:$H$22,8,FALSE)) -> 5 | R25: =IF(L25="","",VLOOKUP(L25,$A$4:$H$22,8,FALSE)) -> 4 | S25: =IF(M25="","",VLOOKUP(M25,$A$4:$H$22,8,FALSE)) -> 18 | T25: =IF(N25="","",VLOOKUP(N25,$A$4:$H$22,8,FALSE)) -> 8 | U25: =IF(O25="","",VLOOKUP(O25,$A$4:$H$22,8,FALSE)) -> 9 | W25: 10172 | X25: 6669 | Y25: 1379 | Z25: 3527 | AA25: 12310
J26: 22 | K26: M3 | L26: A | M26: GJ | N26: M4 | O26: K | Q26: =IF(K26="","",VLOOKUP(K26,$A$4:$H$22,8,FALSE)) -> 5 | R26: =IF(L26="","",VLOOKUP(L26,$A$4:$H$22,8,FALSE)) -> 7 | S26: =IF(M26="","",VLOOKUP(M26,$A$4:$H$22,8,FALSE)) -> 18 | T26: =IF(N26="","",VLOOKUP(N26,$A$4:$H$22,8,FALSE)) -> 6 | U26: =IF(O26="","",VLOOKUP(O26,$A$4:$H$22,8,FALSE)) -> 8 | W26: 10748 | X26: 4033 | Y26: 1379 | Z26: 10614 | AA26: 11759
J27: 23 | K27: J | L27: A | M27: GJ | N27: K | O27: A | Q27: =IF(K27="","",VLOOKUP(K27,$A$4:$H$22,8,FALSE)) -> 10 | R27: =IF(L27="","",VLOOKUP(L27,$A$4:$H$22,8,FALSE)) -> 7 | S27: =IF(M27="","",VLOOKUP(M27,$A$4:$H$22,8,FALSE)) -> 18 | T27: =IF(N27="","",VLOOKUP(N27,$A$4:$H$22,8,FALSE)) -> 8 | U27: =IF(O27="","",VLOOKUP(O27,$A$4:$H$22,8,FALSE)) -> 7 | W27: 9873 | X27: 4033 | Y27: 1379 | Z27: 10778 | AA27: 12553
J28: 24 | K28: A | L28: A | M28: M3 | N28: M1 | O28: M4 | Q28: =IF(K28="","",VLOOKUP(K28,$A$4:$H$22,8,FALSE)) -> 7 | R28: =IF(L28="","",VLOOKUP(L28,$A$4:$H$22,8,FALSE)) -> 7 | S28: =IF(M28="","",VLOOKUP(M28,$A$4:$H$22,8,FALSE)) -> 5 | T28: =IF(N28="","",VLOOKUP(N28,$A$4:$H$22,8,FALSE)) -> 3 | U28: =IF(O28="","",VLOOKUP(O28,$A$4:$H$22,8,FALSE)) -> 6 | W28: 9922 | X28: 4033 | Y28: 1379 | Z28: 12698 | AA28: 12540
J29: 25 | K29: A | L29: M4 | M29: Q | N29: M2 | O29: J | Q29: =IF(K29="","",VLOOKUP(K29,$A$4:$H$22,8,FALSE)) -> 7 | R29: =IF(L29="","",VLOOKUP(L29,$A$4:$H$22,8,FALSE)) -> 6 | S29: =IF(M29="","",VLOOKUP(M29,$A$4:$H$22,8,FALSE)) -> 9 | T29: =IF(N29="","",VLOOKUP(N29,$A$4:$H$22,8,FALSE)) -> 4 | U29: =IF(O29="","",VLOOKUP(O29,$A$4:$H$22,8,FALSE)) -> 10 | W29: 11685 | X29: 4033 | Y29: 12301 | Z29: 12476 | AA29: 11977
J30: 26 | K30: M4 | L30: M4 | M30: Q | N30: GQ | O30: Q | Q30: =IF(K30="","",VLOOKUP(K30,$A$4:$H$22,8,FALSE)) -> 6 | R30: =IF(L30="","",VLOOKUP(L30,$A$4:$H$22,8,FALSE)) -> 6 | S30: =IF(M30="","",VLOOKUP(M30,$A$4:$H$22,8,FALSE)) -> 9 | T30: =IF(N30="","",VLOOKUP(N30,$A$4:$H$22,8,FALSE)) -> 17 | U30: =IF(O30="","",VLOOKUP(O30,$A$4:$H$22,8,FALSE)) -> 9 | W30: 11424 | X30: 4033 | Y30: 11049 | Z30: 12724 | AA30: 12502
J31: 27 | K31: M3 | L31: A | M31: Q | N31: Q | O31: J | Q31: =IF(K31="","",VLOOKUP(K31,$A$4:$H$22,8,FALSE)) -> 5 | R31: =IF(L31="","",VLOOKUP(L31,$A$4:$H$22,8,FALSE)) -> 7 | S31: =IF(M31="","",VLOOKUP(M31,$A$4:$H$22,8,FALSE)) -> 9 | T31: =IF(N31="","",VLOOKUP(N31,$A$4:$H$22,8,FALSE)) -> 9 | U31: =IF(O31="","",VLOOKUP(O31,$A$4:$H$22,8,FALSE)) -> 10 | W31: 11991 | X31: 4033 | Y31: 13006 | Z31: 12868 | AA31: 11912
J32: 28 | K32: K | L32: M4 | M32: Q | N32: M4 | O32: Q | Q32: =IF(K32="","",VLOOKUP(K32,$A$4:$H$22,8,FALSE)) -> 8 | R32: =IF(L32="","",VLOOKUP(L32,$A$4:$H$22,8,FALSE)) -> 6 | S32: =IF(M32="","",VLOOKUP(M32,$A$4:$H$22,8,FALSE)) -> 9 | T32: =IF(N32="","",VLOOKUP(N32,$A$4:$H$22,8,FALSE)) -> 6 | U32: =IF(O32="","",VLOOKUP(O32,$A$4:$H$22,8,FALSE)) -> 9 | W32: 12233 | X32: 4033 | Y32: 11716 | Z32: 13037 | AA32: 11900
J33: 29 | K33: M2 | L33: A | M33: K | N33: Q | O33: J | Q33: =IF(K33="","",VLOOKUP(K33,$A$4:$H$22,8,FALSE)) -> 4 | R33: =IF(L33="","",VLOOKUP(L33,$A$4:$H$22,8,FALSE)) -> 7 | S33: =IF(M33="","",VLOOKUP(M33,$A$4:$H$22,8,FALSE)) -> 8 | T33: =IF(N33="","",VLOOKUP(N33,$A$4:$H$22,8,FALSE)) -> 9 | U33: =IF(O33="","",VLOOKUP(O33,$A$4:$H$22,8,FALSE)) -> 10 | W33: 11855 | X33: 4033 | Y33: 11597 | Z33: 13064 | AA33: 9927
J34: 30 | K34: M1 | L34: M1 | M34: M1 | N34: GK | O34: A | Q34: =IF(K34="","",VLOOKUP(K34,$A$4:$H$22,8,FALSE)) -> 3 | R34: =IF(L34="","",VLOOKUP(L34,$A$4:$H$22,8,FALSE)) -> 3 | S34: =IF(M34="","",VLOOKUP(M34,$A$4:$H$22,8,FALSE)) -> 3 | T34: =IF(N34="","",VLOOKUP(N34,$A$4:$H$22,8,FALSE)) -> 16 | U34: =IF(O34="","",VLOOKUP(O34,$A$4:$H$22,8,FALSE)) -> 7 | W34: 12037 | X34: 4033 | Y34: 11782 | Z34: 13064 | AA34: 10247
J35: 31 | K35: M4 | L35: GK | M35: Q | N35: Q | O35: Q | Q35: =IF(K35="","",VLOOKUP(K35,$A$4:$H$22,8,FALSE)) -> 6 | R35: =IF(L35="","",VLOOKUP(L35,$A$4:$H$22,8,FALSE)) -> 16 | S35: =IF(M35="","",VLOOKUP(M35,$A$4:$H$22,8,FALSE)) -> 9 | T35: =IF(N35="","",VLOOKUP(N35,$A$4:$H$22,8,FALSE)) -> 9 | U35: =IF(O35="","",VLOOKUP(O35,$A$4:$H$22,8,FALSE)) -> 9 | W35: 11802 | X35: 5491 | Y35: 11849 | Z35: 10810 | AA35: 10375
... J203: 199 | K203: M1 | L203: A | M203: J | N203: K | O203: M3 | Q203: =IF(K203="","",VLOOKUP(K203,$A$4:$H$22,8,FALSE)) -> 3 | R203: =IF(L203="","",VLOOKUP(L203,$A$4:$H$22,8,FALSE)) -> 7 | S203: =IF(M203="","",VLOOKUP(M203,$A$4:$H$22,8,FALSE)) -> 10 | T203: =IF(N203="","",VLOOKUP(N203,$A$4:$H$22,8,FALSE)) -> 8 | U203: =IF(O203="","",VLOOKUP(O203,$A$4:$H$22,8,FALSE)) -> 5 | W203: 13093 | X203: 10375 | Y203: 0 | Z203: 13339 | AA203: 13013

Sheet BG_Symbol (2)
J2: Symbol | Q2: Symbol ID | W2: Symbol Weight | AC2: Random Wild Trigger Weight | AF2: Symbol Drop Weight
A3: Symbol | B3: Description | C3: R1 | D3: R2 | E3: R3 | F3: R4 | G3: R5 | H3: ID | J3: Line # | K3: R1 | L3: R2 | M3: R3 | N3: R4 | O3: R5 | Q3: R1 | R3: R2 | S3: R3 | T3: R4 | U3: R5 | W3: R1 | X3: R2 | Y3: R3 | Z3: R4 | AA3: R5 | AC3: Random Wild | AD3: Weight | AF3: Symbol | AG3: R1 | AH3: R2 | AI3: R3 | AJ3: R4 | AK3: R5
A4: {=Overview!A30:A48} -> WW | B4: {=Overview!B30:B48} -> Wild | C4: =COUNTIF(K:K,$A4) -> 0 | D4: =COUNTIF(L:L,$A4) -> 0 | E4: =COUNTIF(M:M,$A4) -> 0 | F4: =COUNTIF(N:N,$A4) -> 0 | G4: =COUNTIF(O:O,$A4) -> 0 | H4: {=Overview!H30:H48} -> 0 | J4: 0 | K4: M4 | L4: M1 | M4: J | N4: K | O4: M2 | Q4: =IF(K4="","",VLOOKUP(K4,$A$4:$H$22,8,FALSE)) -> 6 | R4: =IF(L4="","",VLOOKUP(L4,$A$4:$H$22,8,FALSE)) -> 3 | S4: =IF(M4="","",VLOOKUP(M4,$A$4:$H$22,8,FALSE)) -> 10 | T4: =IF(N4="","",VLOOKUP(N4,$A$4:$H$22,8,FALSE)) -> 8 | U4: =IF(O4="","",VLOOKUP(O4,$A$4:$H$22,8,FALSE)) -> 4 | W4: 6958 | X4: 3992 | Y4: 0 | Z4: 6012 | AA4: 6096 | AC4: 0 | AD4: 12792 | AF4: {=A4:A22} -> WW | AG4: 0 | AH4: 0 | AI4: 0 | AJ4: 0 | AK4: 0
A5: W2 | B5: Super Wild | C5: =COUNTIF(K:K,$A5) -> 0 | D5: =COUNTIF(L:L,$A5) -> 0 | E5: =COUNTIF(M:M,$A5) -> 0 | F5: =COUNTIF(N:N,$A5) -> 0 | G5: =COUNTIF(O:O,$A5) -> 0 | H5: 1 | J5: 1 | K5: A | L5: G3 | M5: C1 | N5: J | O5: A | Q5: =IF(K5="","",VLOOKUP(K5,$A$4:$H$22,8,FALSE)) -> 7 | R5: =IF(L5="","",VLOOKUP(L5,$A$4:$H$22,8,FALSE)) -> 13 | S5: =IF(M5="","",VLOOKUP(M5,$A$4:$H$22,8,FALSE)) -> 2 | T5: =IF(N5="","",VLOOKUP(N5,$A$4:$H$22,8,FALSE)) -> 10 | U5: =IF(O5="","",VLOOKUP(O5,$A$4:$H$22,8,FALSE)) -> 7 | W5: 7015 | X5: 4035 | Y5: 0 | Z5: 5855 | AA5: 5854 | AC5: 2 | AD5: 1401 | AF5: W2 | AG5: 0 | AH5: 0 | AI5: 0 | AJ5: 0 | AK5: 0
A6: C1 | B6: Scatter | C6: =COUNTIF(K:K,$A6) -> 4 | D6: =COUNTIF(L:L,$A6) -> 4 | E6: =COUNTIF(M:M,$A6) -> 4 | F6: =COUNTIF(N:N,$A6) -> 4 | G6: =COUNTIF(O:O,$A6) -> 6 | H6: 2 | J6: 2 | K6: K | L6: M3 | M6: Q | N6: Q | O6: M3 | Q6: =IF(K6="","",VLOOKUP(K6,$A$4:$H$22,8,FALSE)) -> 8 | R6: =IF(L6="","",VLOOKUP(L6,$A$4:$H$22,8,FALSE)) -> 5 | S6: =IF(M6="","",VLOOKUP(M6,$A$4:$H$22,8,FALSE)) -> 9 | T6: =IF(N6="","",VLOOKUP(N6,$A$4:$H$22,8,FALSE)) -> 9 | U6: =IF(O6="","",VLOOKUP(O6,$A$4:$H$22,8,FALSE)) -> 5 | W6: 6538 | X6: 3975 | Y6: 20755 | Z6: 5785 | AA6: 17425 | AC6: 3 | AD6: 235 | AF6: C1 | AG6: 0 | AH6: 0 | AI6: 0 | AJ6: 0 | AK6: 0
A7: M1 | B7: M1 | C7: =COUNTIF(K:K,$A7) -> 14 | D7: =COUNTIF(L:L,$A7) -> 9 | E7: =COUNTIF(M:M,$A7) -> 10 | F7: =COUNTIF(N:N,$A7) -> 9 | G7: =COUNTIF(O:O,$A7) -> 14 | H7: 3 | J7: 3 | K7: M1 | L7: M4 | M7: Q | N7: J | O7: K | Q7: =IF(K7="","",VLOOKUP(K7,$A$4:$H$22,8,FALSE)) -> 3 | R7: =IF(L7="","",VLOOKUP(L7,$A$4:$H$22,8,FALSE)) -> 6 | S7: =IF(M7="","",VLOOKUP(M7,$A$4:$H$22,8,FALSE)) -> 9 | T7: =IF(N7="","",VLOOKUP(N7,$A$4:$H$22,8,FALSE)) -> 10 | U7: =IF(O7="","",VLOOKUP(O7,$A$4:$H$22,8,FALSE)) -> 8 | W7: 18141 | X7: 11451 | Y7: 43698 | Z7: 4966 | AA7: 5399 | AC7: 4 | AD7: 18 | AF7: M1 | AG7: 25644 | AH7: 43685 | AI7: 23458 | AJ7: 48177 | AK7: 25951
A8: M2 | B8: M2 | C8: =COUNTIF(K:K,$A8) -> 28 | D8: =COUNTIF(L:L,$A8) -> 33 | E8: =COUNTIF(M:M,$A8) -> 15 | F8: =COUNTIF(N:N,$A8) -> 12 | G8: =COUNTIF(O:O,$A8) -> 24 | H8: 4 | J8: 4 | K8: A | L8: M2 | M8: Q | N8: G3 | O8: M3 | Q8: =IF(K8="","",VLOOKUP(K8,$A$4:$H$22,8,FALSE)) -> 7 | R8: =IF(L8="","",VLOOKUP(L8,$A$4:$H$22,8,FALSE)) -> 4 | S8: =IF(M8="","",VLOOKUP(M8,$A$4:$H$22,8,FALSE)) -> 9 | T8: =IF(N8="","",VLOOKUP(N8,$A$4:$H$22,8,FALSE)) -> 13 | U8: =IF(O8="","",VLOOKUP(O8,$A$4:$H$22,8,FALSE)) -> 5 | W8: 18249 | X8: 10244 | Y8: 49723 | Z8: 13687 | AA8: 4633 | AF8: M2 | AG8: 54011 | AH8: 22291 | AI8: 48588 | AJ8: 24775 | AK8: 56629
A9: M3 | B9: M3 | C9: =COUNTIF(K:K,$A9) -> 18 | D9: =COUNTIF(L:L,$A9) -> 12 | E9: =COUNTIF(M:M,$A9) -> 30 | F9: =COUNTIF(N:N,$A9) -> 13 | G9: =COUNTIF(O:O,$A9) -> 28 | H9: 5 | J9: 5 | K9: J | L9: C1 | M9: A | N9: M3 | O9: J | Q9: =IF(K9="","",VLOOKUP(K9,$A$4:$H$22,8,FALSE)) -> 10 | R9: =IF(L9="","",VLOOKUP(L9,$A$4:$H$22,8,FALSE)) -> 2 | S9: =IF(M9="","",VLOOKUP(M9,$A$4:$H$22,8,FALSE)) -> 7 | T9: =IF(N9="","",VLOOKUP(N9,$A$4:$H$22,8,FALSE)) -> 5 | U9: =IF(O9="","",VLOOKUP(O9,$A$4:$H$22,8,FALSE)) -> 10 | W9: 0 | X9: 11958 | Y9: 16230 | Z9: 15616 | AA9: 5435 | AF9: M3 | AG9: 53695 | AH9: 33042 | AI9: 37821 | AJ9: 36313 | AK9: 44385
A10: M4 | B10: M4 | C10: =COUNTIF(K:K,$A10) -> 19 | D10: =COUNTIF(L:L,$A10) -> 37 | E10: =COUNTIF(M:M,$A10) -> 12 | F10: =COUNTIF(N:N,$A10) -> 40 | G10: =COUNTIF(O:O,$A10) -> 15 | H10: 6 | J10: 6 | K10: M4 | L10: M2 | M10: Q | N10: J | O10: A | Q10: =IF(K10="","",VLOOKUP(K10,$A$4:$H$22,8,FALSE)) -> 6 | R10: =IF(L10="","",VLOOKUP(L10,$A$4:$H$22,8,FALSE)) -> 4 | S10: =IF(M10="","",VLOOKUP(M10,$A$4:$H$22,8,FALSE)) -> 9 | T10: =IF(N10="","",VLOOKUP(N10,$A$4:$H$22,8,FALSE)) -> 10 | U10: =IF(O10="","",VLOOKUP(O10,$A$4:$H$22,8,FALSE)) -> 7 | W10: 0 | X10: 15420 | Y10: 17155 | Z10: 18203 | AA10: 5529 | AF10: M4 | AG10: 133864 | AH10: 148579 | AI10: 93816 | AJ10: 158296 | AK10: 108328
A11: A | B11: A | C11: =COUNTIF(K:K,$A11) -> 33 | D11: =COUNTIF(L:L,$A11) -> 43 | E11: =COUNTIF(M:M,$A11) -> 15 | F11: =COUNTIF(N:N,$A11) -> 9 | G11: =COUNTIF(O:O,$A11) -> 31 | H11: 7 | J11: 7 | K11: K | L11: M4 | M11: M4 | N11: A | O11: M4 | Q11: =IF(K11="","",VLOOKUP(K11,$A$4:$H$22,8,FALSE)) -> 8 | R11: =IF(L11="","",VLOOKUP(L11,$A$4:$H$22,8,FALSE)) -> 6 | S11: =IF(M11="","",VLOOKUP(M11,$A$4:$H$22,8,FALSE)) -> 6 | T11: =IF(N11="","",VLOOKUP(N11,$A$4:$H$22,8,FALSE)) -> 7 | U11: =IF(O11="","",VLOOKUP(O11,$A$4:$H$22,8,FALSE)) -> 6 | W11: 0 | X11: 5190 | Y11: 14072 | Z11: 5907 | AA11: 17814 | AF11: A | AG11: 203445 | AH11: 203896 | AI11: 193108 | AJ11: 218079 | AK11: 215994
A12: K | B12: K | C12: =COUNTIF(K:K,$A12) -> 33 | D12: =COUNTIF(L:L,$A12) -> 12 | E12: =COUNTIF(M:M,$A12) -> 11 | F12: =COUNTIF(N:N,$A12) -> 50 | G12: =COUNTIF(O:O,$A12) -> 26 | H12: 8 | J12: 8 | K12: C1 | L12: G1 | M12: Q | N12: Q | O12: M1 | Q12: =IF(K12="","",VLOOKUP(K12,$A$4:$H$22,8,FALSE)) -> 2 | R12: =IF(L12="","",VLOOKUP(L12,$A$4:$H$22,8,FALSE)) -> 11 | S12: =IF(M12="","",VLOOKUP(M12,$A$4:$H$22,8,FALSE)) -> 9 | T12: =IF(N12="","",VLOOKUP(N12,$A$4:$H$22,8,FALSE)) -> 9 | U12: =IF(O12="","",VLOOKUP(O12,$A$4:$H$22,8,FALSE)) -> 3 | W12: 0 | X12: 4969 | Y12: 13862 | Z12: 4412 | AA12: 46429 | AF12: K | AG12: 60671 | AH12: 57568 | AI12: 55324 | AJ12: 65528 | AK12: 67322
A13: Q | B13: Q | C13: =COUNTIF(K:K,$A13) -> 18 | D13: =COUNTIF(L:L,$A13) -> 12 | E13: =COUNTIF(M:M,$A13) -> 39 | F13: =COUNTIF(N:N,$A13) -> 34 | G13: =COUNTIF(O:O,$A13) -> 30 | H13: 9 | J13: 9 | K13: M1 | L13: M1 | M13: GJ | N13: M3 | O13: A | Q13: =IF(K13="","",VLOOKUP(K13,$A$4:$H$22,8,FALSE)) -> 3 | R13: =IF(L13="","",VLOOKUP(L13,$A$4:$H$22,8,FALSE)) -> 3 | S13: =IF(M13="","",VLOOKUP(M13,$A$4:$H$22,8,FALSE)) -> 18 | T13: =IF(N13="","",VLOOKUP(N13,$A$4:$H$22,8,FALSE)) -> 5 | U13: =IF(O13="","",VLOOKUP(O13,$A$4:$H$22,8,FALSE)) -> 7 | W13: 6529 | X13: 5529 | Y13: 27038 | Z13: 4412 | AA13: 50384 | AF13: Q | AG13: 258467 | AH13: 187024 | AI13: 243920 | AJ13: 203800 | AK13: 262802
A14: J | B14: J | C14: =COUNTIF(K:K,$A14) -> 33 | D14: =COUNTIF(L:L,$A14) -> 8 | E14: =COUNTIF(M:M,$A14) -> 38 | F14: =COUNTIF(N:N,$A14) -> 13 | G14: =COUNTIF(O:O,$A14) -> 26 | H14: 10 | J14: 10 | K14: J | L14: GA | M14: Q | N14: K | O14: Q | Q14: =IF(K14="","",VLOOKUP(K14,$A$4:$H$22,8,FALSE)) -> 10 | R14: =IF(L14="","",VLOOKUP(L14,$A$4:$H$22,8,FALSE)) -> 15 | S14: =IF(M14="","",VLOOKUP(M14,$A$4:$H$22,8,FALSE)) -> 9 | T14: =IF(N14="","",VLOOKUP(N14,$A$4:$H$22,8,FALSE)) -> 8 | U14: =IF(O14="","",VLOOKUP(O14,$A$4:$H$22,8,FALSE)) -> 9 | W14: 6436 | X14: 4843 | Y14: 13981 | Z14: 4412 | AA14: 17116 | AF14: J | AG14: 210203 | AH14: 148550 | AI14: 192783 | AJ14: 163524 | AK14: 218589
A15: G1 | B15: Golden M1 | C15: =COUNTIF(K:K,$A15) -> 0 | D15: =COUNTIF(L:L,$A15) -> 2 | E15: =COUNTIF(M:M,$A15) -> 1 | F15: =COUNTIF(N:N,$A15) -> 1 | G15: =COUNTIF(O:O,$A15) -> 0 | H15: 11 | J15: 11 | K15: M3 | L15: M2 | M15: M4 | N15: M1 | O15: J | Q15: =IF(K15="","",VLOOKUP(K15,$A$4:$H$22,8,FALSE)) -> 5 | R15: =IF(L15="","",VLOOKUP(L15,$A$4:$H$22,8,FALSE)) -> 4 | S15: =IF(M15="","",VLOOKUP(M15,$A$4:$H$22,8,FALSE)) -> 6 | T15: =IF(N15="","",VLOOKUP(N15,$A$4:$H$22,8,FALSE)) -> 3 | U15: =IF(O15="","",VLOOKUP(O15,$A$4:$H$22,8,FALSE)) -> 10 | W15: 6020 | X15: 4770 | Y15: 12113 | Z15: 4412 | AA15: 6134 | AF15: G1 | AG15: 0 | AH15: 8441 | AI15: 3278 | AJ15: 3836 | AK15: 0
A16: G2 | B16: Golden M2 | C16: =COUNTIF(K:K,$A16) -> 0 | D16: =COUNTIF(L:L,$A16) -> 5 | E16: =COUNTIF(M:M,$A16) -> 2 | F16: =COUNTIF(N:N,$A16) -> 1 | G16: =COUNTIF(O:O,$A16) -> 0 | H16: 12 | J16: 12 | K16: M2 | L16: M2 | M16: J | N16: K | O16: A | Q16: =IF(K16="","",VLOOKUP(K16,$A$4:$H$22,8,FALSE)) -> 4 | R16: =IF(L16="","",VLOOKUP(L16,$A$4:$H$22,8,FALSE)) -> 4 | S16: =IF(M16="","",VLOOKUP(M16,$A$4:$H$22,8,FALSE)) -> 10 | T16: =IF(N16="","",VLOOKUP(N16,$A$4:$H$22,8,FALSE)) -> 8 | U16: =IF(O16="","",VLOOKUP(O16,$A$4:$H$22,8,FALSE)) -> 7 | W16: 0 | X16: 5214 | Y16: 5306 | Z16: 4412 | AA16: 5408 | AF16: G2 | AG16: 0 | AH16: 4241 | AI16: 6212 | AJ16: 2502 | AK16: 0
A17: G3 | B17: Golden M3 | C17: =COUNTIF(K:K,$A17) -> 0 | D17: =COUNTIF(L:L,$A17) -> 2 | E17: =COUNTIF(M:M,$A17) -> 4 | F17: =COUNTIF(N:N,$A17) -> 1 | G17: =COUNTIF(O:O,$A17) -> 0 | H17: 13 | J17: 13 | K17: M4 | L17: K | M17: J | N17: M4 | O17: Q | Q17: =IF(K17="","",VLOOKUP(K17,$A$4:$H$22,8,FALSE)) -> 6 | R17: =IF(L17="","",VLOOKUP(L17,$A$4:$H$22,8,FALSE)) -> 8 | S17: =IF(M17="","",VLOOKUP(M17,$A$4:$H$22,8,FALSE)) -> 10 | T17: =IF(N17="","",VLOOKUP(N17,$A$4:$H$22,8,FALSE)) -> 6 | U17: =IF(O17="","",VLOOKUP(O17,$A$4:$H$22,8,FALSE)) -> 9 | W17: 0 | X17: 5214 | Y17: 5306 | Z17: 4412 | AA17: 5527 | AF17: G3 | AG17: 0 | AH17: 6079 | AI17: 5057 | AJ17: 2922 | AK17: 0
A18: G4 | B18: Golden M4 | C18: =COUNTIF(K:K,$A18) -> 0 | D18: =COUNTIF(L:L,$A18) -> 7 | E18: =COUNTIF(M:M,$A18) -> 2 | F18: =COUNTIF(N:N,$A18) -> 3 | G18: =COUNTIF(O:O,$A18) -> 0 | H18: 14 | J18: 14 | K18: M4 | L18: M2 | M18: M3 | N18: K | O18: A | Q18: =IF(K18="","",VLOOKUP(K18,$A$4:$H$22,8,FALSE)) -> 6 | R18: =IF(L18="","",VLOOKUP(L18,$A$4:$H$22,8,FALSE)) -> 4 | S18: =IF(M18="","",VLOOKUP(M18,$A$4:$H$22,8,FALSE)) -> 5 | T18: =IF(N18="","",VLOOKUP(N18,$A$4:$H$22,8,FALSE)) -> 8 | U18: =IF(O18="","",VLOOKUP(O18,$A$4:$H$22,8,FALSE)) -> 7 | W18: 0 | X18: 5465 | Y18: 12059 | Z18: 4412 | AA18: 5396 | AF18: G4 | AG18: 0 | AH18: 27936 | AI18: 11443 | AJ18: 13558 | AK18: 0
A19: GA | B19: Golden A | C19: =COUNTIF(K:K,$A19) -> 0 | D19: =COUNTIF(L:L,$A19) -> 8 | E19: =COUNTIF(M:M,$A19) -> 2 | F19: =COUNTIF(N:N,$A19) -> 1 | G19: =COUNTIF(O:O,$A19) -> 0 | H19: 15 | J19: 15 | K19: C1 | L19: G4 | M19: M3 | N19: K | O19: M4 | Q19: =IF(K19="","",VLOOKUP(K19,$A$4:$H$22,8,FALSE)) -> 2 | R19: =IF(L19="","",VLOOKUP(L19,$A$4:$H$22,8,FALSE)) -> 14 | S19: =IF(M19="","",VLOOKUP(M19,$A$4:$H$22,8,FALSE)) -> 5 | T19: =IF(N19="","",VLOOKUP(N19,$A$4:$H$22,8,FALSE)) -> 8 | U19: =IF(O19="","",VLOOKUP(O19,$A$4:$H$22,8,FALSE)) -> 6 | W19: 0 | X19: 6892 | Y19: 12059 | Z19: 4412 | AA19: 5414 | AF19: GA | AG19: 0 | AH19: 37404 | AI19: 23328 | AJ19: 18796 | AK19: 0
... A22: GJ | B22: Golden J | C22: =COUNTIF(K:K,$A22) -> 0 | D22: =COUNTIF(L:L,$A22) -> 2 | E22: =COUNTIF(M:M,$A22) -> 10 | F22: =COUNTIF(N:N,$A22) -> 1 | G22: =COUNTIF(O:O,$A22) -> 0 | H22: 18 | J22: 18 | K22: A | L22: M2 | M22: M3 | N22: M4 | O22: A | Q22: =IF(K22="","",VLOOKUP(K22,$A$4:$H$22,8,FALSE)) -> 7 | R22: =IF(L22="","",VLOOKUP(L22,$A$4:$H$22,8,FALSE)) -> 4 | S22: =IF(M22="","",VLOOKUP(M22,$A$4:$H$22,8,FALSE)) -> 5 | T22: =IF(N22="","",VLOOKUP(N22,$A$4:$H$22,8,FALSE)) -> 6 | U22: =IF(O22="","",VLOOKUP(O22,$A$4:$H$22,8,FALSE)) -> 7 | W22: 19608 | X22: 4405 | Y22: 4422 | Z22: 4412 | AA22: 44961 | AF22: GJ | AG22: 0 | AH22: 27026 | AI22: 24788 | AJ22: 15584 | AK22: 0
C23: =SUM(C4:C22) -> 200 | D23: =SUM(D4:D22) -> 200 | E23: =SUM(E4:E22) -> 200 | F23: =SUM(F4:F22) -> 200 | G23: =SUM(G4:G22) -> 200 | J23: 19 | K23: J | L23: G2 | M23: M4 | N23: K | O23: Q | Q23: =IF(K23="","",VLOOKUP(K23,$A$4:$H$22,8,FALSE)) -> 10 | R23: =IF(L23="","",VLOOKUP(L23,$A$4:$H$22,8,FALSE)) -> 12 | S23: =IF(M23="","",VLOOKUP(M23,$A$4:$H$22,8,FALSE)) -> 6 | T23: =IF(N23="","",VLOOKUP(N23,$A$4:$H$22,8,FALSE)) -> 8 | U23: =IF(O23="","",VLOOKUP(O23,$A$4:$H$22,8,FALSE)) -> 9 | W23: 6260 | X23: 4405 | Y23: 4422 | Z23: 4412 | AA23: 15832
J24: 20 | K24: Q | L24: K | M24: J | N24: J | O24: A | Q24: =IF(K24="","",VLOOKUP(K24,$A$4:$H$22,8,FALSE)) -> 9 | R24: =IF(L24="","",VLOOKUP(L24,$A$4:$H$22,8,FALSE)) -> 8 | S24: =IF(M24="","",VLOOKUP(M24,$A$4:$H$22,8,FALSE)) -> 10 | T24: =IF(N24="","",VLOOKUP(N24,$A$4:$H$22,8,FALSE)) -> 10 | U24: =IF(O24="","",VLOOKUP(O24,$A$4:$H$22,8,FALSE)) -> 7 | W24: 6481 | X24: 4261 | Y24: 4422 | Z24: 4412 | AA24: 17496
J25: 21 | K25: M3 | L25: M2 | M25: GJ | N25: K | O25: Q | Q25: =IF(K25="","",VLOOKUP(K25,$A$4:$H$22,8,FALSE)) -> 5 | R25: =IF(L25="","",VLOOKUP(L25,$A$4:$H$22,8,FALSE)) -> 4 | S25: =IF(M25="","",VLOOKUP(M25,$A$4:$H$22,8,FALSE)) -> 18 | T25: =IF(N25="","",VLOOKUP(N25,$A$4:$H$22,8,FALSE)) -> 8 | U25: =IF(O25="","",VLOOKUP(O25,$A$4:$H$22,8,FALSE)) -> 9 | W25: 5938 | X25: 8646 | Y25: 4422 | Z25: 4412 | AA25: 6467
J26: 22 | K26: M3 | L26: A | M26: GJ | N26: M4 | O26: K | Q26: =IF(K26="","",VLOOKUP(K26,$A$4:$H$22,8,FALSE)) -> 5 | R26: =IF(L26="","",VLOOKUP(L26,$A$4:$H$22,8,FALSE)) -> 7 | S26: =IF(M26="","",VLOOKUP(M26,$A$4:$H$22,8,FALSE)) -> 18 | T26: =IF(N26="","",VLOOKUP(N26,$A$4:$H$22,8,FALSE)) -> 6 | U26: =IF(O26="","",VLOOKUP(O26,$A$4:$H$22,8,FALSE)) -> 8 | W26: 17193 | X26: 14310 | Y26: 4422 | Z26: 4412 | AA26: 6471
J27: 23 | K27: J | L27: A | M27: GJ | N27: K | O27: A | Q27: =IF(K27="","",VLOOKUP(K27,$A$4:$H$22,8,FALSE)) -> 10 | R27: =IF(L27="","",VLOOKUP(L27,$A$4:$H$22,8,FALSE)) -> 7 | S27: =IF(M27="","",VLOOKUP(M27,$A$4:$H$22,8,FALSE)) -> 18 | T27: =IF(N27="","",VLOOKUP(N27,$A$4:$H$22,8,FALSE)) -> 8 | U27: =IF(O27="","",VLOOKUP(O27,$A$4:$H$22,8,FALSE)) -> 7 | W27: 43425 | X27: 14310 | Y27: 4422 | Z27: 4575 | AA27: 18327
J28: 24 | K28: A | L28: A | M28: M3 | N28: M1 | O28: M4 | Q28: =IF(K28="","",VLOOKUP(K28,$A$4:$H$22,8,FALSE)) -> 7 | R28: =IF(L28="","",VLOOKUP(L28,$A$4:$H$22,8,FALSE)) -> 7 | S28: =IF(M28="","",VLOOKUP(M28,$A$4:$H$22,8,FALSE)) -> 5 | T28: =IF(N28="","",VLOOKUP(N28,$A$4:$H$22,8,FALSE)) -> 3 | U28: =IF(O28="","",VLOOKUP(O28,$A$4:$H$22,8,FALSE)) -> 6 | W28: 16677 | X28: 14310 | Y28: 4422 | Z28: 15411 | AA28: 18766
J29: 25 | K29: A | L29: M4 | M29: Q | N29: M2 | O29: J | Q29: =IF(K29="","",VLOOKUP(K29,$A$4:$H$22,8,FALSE)) -> 7 | R29: =IF(L29="","",VLOOKUP(L29,$A$4:$H$22,8,FALSE)) -> 6 | S29: =IF(M29="","",VLOOKUP(M29,$A$4:$H$22,8,FALSE)) -> 9 | T29: =IF(N29="","",VLOOKUP(N29,$A$4:$H$22,8,FALSE)) -> 4 | U29: =IF(O29="","",VLOOKUP(O29,$A$4:$H$22,8,FALSE)) -> 10 | W29: 6556 | X29: 14310 | Y29: 37846 | Z29: 46491 | AA29: 49050
J30: 26 | K30: M4 | L30: M4 | M30: Q | N30: GQ | O30: Q | Q30: =IF(K30="","",VLOOKUP(K30,$A$4:$H$22,8,FALSE)) -> 6 | R30: =IF(L30="","",VLOOKUP(L30,$A$4:$H$22,8,FALSE)) -> 6 | S30: =IF(M30="","",VLOOKUP(M30,$A$4:$H$22,8,FALSE)) -> 9 | T30: =IF(N30="","",VLOOKUP(N30,$A$4:$H$22,8,FALSE)) -> 17 | U30: =IF(O30="","",VLOOKUP(O30,$A$4:$H$22,8,FALSE)) -> 9 | W30: 6366 | X30: 14310 | Y30: 11888 | Z30: 15779 | AA30: 52478
J31: 27 | K31: M3 | L31: A | M31: Q | N31: Q | O31: J | Q31: =IF(K31="","",VLOOKUP(K31,$A$4:$H$22,8,FALSE)) -> 5 | R31: =IF(L31="","",VLOOKUP(L31,$A$4:$H$22,8,FALSE)) -> 7 | S31: =IF(M31="","",VLOOKUP(M31,$A$4:$H$22,8,FALSE)) -> 9 | T31: =IF(N31="","",VLOOKUP(N31,$A$4:$H$22,8,FALSE)) -> 9 | U31: =IF(O31="","",VLOOKUP(O31,$A$4:$H$22,8,FALSE)) -> 10 | W31: 6458 | X31: 14310 | Y31: 5306 | Z31: 5688 | AA31: 19108
J32: 28 | K32: K | L32: M4 | M32: Q | N32: M4 | O32: Q | Q32: =IF(K32="","",VLOOKUP(K32,$A$4:$H$22,8,FALSE)) -> 8 | R32: =IF(L32="","",VLOOKUP(L32,$A$4:$H$22,8,FALSE)) -> 6 | S32: =IF(M32="","",VLOOKUP(M32,$A$4:$H$22,8,FALSE)) -> 9 | T32: =IF(N32="","",VLOOKUP(N32,$A$4:$H$22,8,FALSE)) -> 6 | U32: =IF(O32="","",VLOOKUP(O32,$A$4:$H$22,8,FALSE)) -> 9 | W32: 6277 | X32: 14310 | Y32: 5306 | Z32: 5764 | AA32: 17780
J33: 29 | K33: M2 | L33: A | M33: K | N33: Q | O33: J | Q33: =IF(K33="","",VLOOKUP(K33,$A$4:$H$22,8,FALSE)) -> 4 | R33: =IF(L33="","",VLOOKUP(L33,$A$4:$H$22,8,FALSE)) -> 7 | S33: =IF(M33="","",VLOOKUP(M33,$A$4:$H$22,8,FALSE)) -> 8 | T33: =IF(N33="","",VLOOKUP(N33,$A$4:$H$22,8,FALSE)) -> 9 | U33: =IF(O33="","",VLOOKUP(O33,$A$4:$H$22,8,FALSE)) -> 10 | W33: 7360 | X33: 14310 | Y33: 5306 | Z33: 5295 | AA33: 14162
J34: 30 | K34: M1 | L34: M1 | M34: M1 | N34: GK | O34: A | Q34: =IF(K34="","",VLOOKUP(K34,$A$4:$H$22,8,FALSE)) -> 3 | R34: =IF(L34="","",VLOOKUP(L34,$A$4:$H$22,8,FALSE)) -> 3 | S34: =IF(M34="","",VLOOKUP(M34,$A$4:$H$22,8,FALSE)) -> 3 | T34: =IF(N34="","",VLOOKUP(N34,$A$4:$H$22,8,FALSE)) -> 16 | U34: =IF(O34="","",VLOOKUP(O34,$A$4:$H$22,8,FALSE)) -> 7 | W34: 6828 | X34: 14310 | Y34: 5306 | Z34: 5653 | AA34: 13618
J35: 31 | K35: M4 | L35: GK | M35: Q | N35: Q | O35: Q | Q35: =IF(K35="","",VLOOKUP(K35,$A$4:$H$22,8,FALSE)) -> 6 | R35: =IF(L35="","",VLOOKUP(L35,$A$4:$H$22,8,FALSE)) -> 16 | S35: =IF(M35="","",VLOOKUP(M35,$A$4:$H$22,8,FALSE)) -> 9 | T35: =IF(N35="","",VLOOKUP(N35,$A$4:$H$22,8,FALSE)) -> 9 | U35: =IF(O35="","",VLOOKUP(O35,$A$4:$H$22,8,FALSE)) -> 9 | W35: 6788 | X35: 7120 | Y35: 13733 | Z35: 12842 | AA35: 37908
... J203: 199 | K203: M1 | L203: A | M203: J | N203: K | O203: M3 | Q203: =IF(K203="","",VLOOKUP(K203,$A$4:$H$22,8,FALSE)) -> 3 | R203: =IF(L203="","",VLOOKUP(L203,$A$4:$H$22,8,FALSE)) -> 7 | S203: =IF(M203="","",VLOOKUP(M203,$A$4:$H$22,8,FALSE)) -> 10 | T203: =IF(N203="","",VLOOKUP(N203,$A$4:$H$22,8,FALSE)) -> 8 | U203: =IF(O203="","",VLOOKUP(O203,$A$4:$H$22,8,FALSE)) -> 5 | W203: 7246 | X203: 3975 | Y203: 0 | Z203: 6167 | AA203: 5396

Sheet BG_Symbol (3)
J2: Symbol | Q2: Symbol ID | W2: Symbol Weight | AC2: Random Wild Trigger Weight | AF2: Symbol Drop Weight
A3: Symbol | B3: Description | C3: R1 | D3: R2 | E3: R3 | F3: R4 | G3: R5 | H3: ID | J3: Line # | K3: R1 | L3: R2 | M3: R3 | N3: R4 | O3: R5 | Q3: R1 | R3: R2 | S3: R3 | T3: R4 | U3: R5 | W3: R1 | X3: R2 | Y3: R3 | Z3: R4 | AA3: R5 | AC3: Random Wild | AD3: Weight | AF3: Symbol | AG3: R1 | AH3: R2 | AI3: R3 | AJ3: R4 | AK3: R5
A4: {=Overview!A30:A48} -> WW | B4: {=Overview!B30:B48} -> Wild | C4: =COUNTIF(K:K,$A4) -> 0 | D4: =COUNTIF(L:L,$A4) -> 0 | E4: =COUNTIF(M:M,$A4) -> 0 | F4: =COUNTIF(N:N,$A4) -> 0 | G4: =COUNTIF(O:O,$A4) -> 0 | H4: {=Overview!H30:H48} -> 0 | J4: 0 | K4: M4 | L4: M1 | M4: J | N4: K | O4: M2 | Q4: =IF(K4="","",VLOOKUP(K4,$A$4:$H$22,8,FALSE)) -> 6 | R4: =IF(L4="","",VLOOKUP(L4,$A$4:$H$22,8,FALSE)) -> 3 | S4: =IF(M4="","",VLOOKUP(M4,$A$4:$H$22,8,FALSE)) -> 10 | T4: =IF(N4="","",VLOOKUP(N4,$A$4:$H$22,8,FALSE)) -> 8 | U4: =IF(O4="","",VLOOKUP(O4,$A$4:$H$22,8,FALSE)) -> 4 | W4: 10416 | X4: 8833 | Y4: 14188 | Z4: 10719 | AA4: 10237 | AC4: 0 | AD4: 1 | AF4: {=A4:A22} -> WW | AG4: 0 | AH4: 0 | AI4: 0 | AJ4: 0 | AK4: 0
A5: W2 | B5: Super Wild | C5: =COUNTIF(K:K,$A5) -> 0 | D5: =COUNTIF(L:L,$A5) -> 0 | E5: =COUNTIF(M:M,$A5) -> 0 | F5: =COUNTIF(N:N,$A5) -> 0 | G5: =COUNTIF(O:O,$A5) -> 0 | H5: 1 | J5: 1 | K5: A | L5: G3 | M5: C1 | N5: J | O5: A | Q5: =IF(K5="","",VLOOKUP(K5,$A$4:$H$22,8,FALSE)) -> 7 | R5: =IF(L5="","",VLOOKUP(L5,$A$4:$H$22,8,FALSE)) -> 13 | S5: =IF(M5="","",VLOOKUP(M5,$A$4:$H$22,8,FALSE)) -> 2 | T5: =IF(N5="","",VLOOKUP(N5,$A$4:$H$22,8,FALSE)) -> 10 | U5: =IF(O5="","",VLOOKUP(O5,$A$4:$H$22,8,FALSE)) -> 7 | W5: 10416 | X5: 8833 | Y5: 11824 | Z5: 10719 | AA5: 10237 | AC5: 2 | AD5: 0 | AF5: W2 | AG5: 0 | AH5: 0 | AI5: 0 | AJ5: 0 | AK5: 0
A6: C1 | B6: Scatter | C6: =COUNTIF(K:K,$A6) -> 4 | D6: =COUNTIF(L:L,$A6) -> 4 | E6: =COUNTIF(M:M,$A6) -> 4 | F6: =COUNTIF(N:N,$A6) -> 4 | G6: =COUNTIF(O:O,$A6) -> 6 | H6: 2 | J6: 2 | K6: K | L6: M3 | M6: Q | N6: Q | O6: M3 | Q6: =IF(K6="","",VLOOKUP(K6,$A$4:$H$22,8,FALSE)) -> 8 | R6: =IF(L6="","",VLOOKUP(L6,$A$4:$H$22,8,FALSE)) -> 5 | S6: =IF(M6="","",VLOOKUP(M6,$A$4:$H$22,8,FALSE)) -> 9 | T6: =IF(N6="","",VLOOKUP(N6,$A$4:$H$22,8,FALSE)) -> 9 | U6: =IF(O6="","",VLOOKUP(O6,$A$4:$H$22,8,FALSE)) -> 5 | W6: 10416 | X6: 11660 | Y6: 8957 | Z6: 10719 | AA6: 10237 | AC6: 3 | AD6: 0 | AF6: C1 | AG6: 19997 | AH6: 19703 | AI6: 0 | AJ6: 20405 | AK6: 0
A7: M1 | B7: M1 | C7: =COUNTIF(K:K,$A7) -> 14 | D7: =COUNTIF(L:L,$A7) -> 9 | E7: =COUNTIF(M:M,$A7) -> 10 | F7: =COUNTIF(N:N,$A7) -> 9 | G7: =COUNTIF(O:O,$A7) -> 14 | H7: 3 | J7: 3 | K7: M1 | L7: M4 | M7: Q | N7: J | O7: K | Q7: =IF(K7="","",VLOOKUP(K7,$A$4:$H$22,8,FALSE)) -> 3 | R7: =IF(L7="","",VLOOKUP(L7,$A$4:$H$22,8,FALSE)) -> 6 | S7: =IF(M7="","",VLOOKUP(M7,$A$4:$H$22,8,FALSE)) -> 9 | T7: =IF(N7="","",VLOOKUP(N7,$A$4:$H$22,8,FALSE)) -> 10 | U7: =IF(O7="","",VLOOKUP(O7,$A$4:$H$22,8,FALSE)) -> 8 | W7: 10416 | X7: 13992 | Y7: 8957 | Z7: 8933 | AA7: 10237 | AC7: 4 | AD7: 0 | AF7: M1 | AG7: 49120 | AH7: 84034 | AI7: 46185 | AJ7: 92053 | AK7: 50452
A8: M2 | B8: M2 | C8: =COUNTIF(K:K,$A8) -> 28 | D8: =COUNTIF(L:L,$A8) -> 33 | E8: =COUNTIF(M:M,$A8) -> 15 | F8: =COUNTIF(N:N,$A8) -> 12 | G8: =COUNTIF(O:O,$A8) -> 24 | H8: 4 | J8: 4 | K8: A | L8: M2 | M8: Q | N8: G3 | O8: M3 | Q8: =IF(K8="","",VLOOKUP(K8,$A$4:$H$22,8,FALSE)) -> 7 | R8: =IF(L8="","",VLOOKUP(L8,$A$4:$H$22,8,FALSE)) -> 4 | S8: =IF(M8="","",VLOOKUP(M8,$A$4:$H$22,8,FALSE)) -> 9 | T8: =IF(N8="","",VLOOKUP(N8,$A$4:$H$22,8,FALSE)) -> 13 | U8: =IF(O8="","",VLOOKUP(O8,$A$4:$H$22,8,FALSE)) -> 5 | W8: 10416 | X8: 13992 | Y8: 10748 | Z8: 8933 | AA8: 8531 | AF8: M2 | AG8: 98476 | AH8: 40816 | AI8: 91061 | AJ8: 45059 | AK8: 104798
A9: M3 | B9: M3 | C9: =COUNTIF(K:K,$A9) -> 18 | D9: =COUNTIF(L:L,$A9) -> 12 | E9: =COUNTIF(M:M,$A9) -> 30 | F9: =COUNTIF(N:N,$A9) -> 13 | G9: =COUNTIF(O:O,$A9) -> 28 | H9: 5 | J9: 5 | K9: J | L9: C1 | M9: A | N9: M3 | O9: J | Q9: =IF(K9="","",VLOOKUP(K9,$A$4:$H$22,8,FALSE)) -> 10 | R9: =IF(L9="","",VLOOKUP(L9,$A$4:$H$22,8,FALSE)) -> 2 | S9: =IF(M9="","",VLOOKUP(M9,$A$4:$H$22,8,FALSE)) -> 7 | T9: =IF(N9="","",VLOOKUP(N9,$A$4:$H$22,8,FALSE)) -> 5 | U9: =IF(O9="","",VLOOKUP(O9,$A$4:$H$22,8,FALSE)) -> 10 | W9: 13750 | X9: 13992 | Y9: 10748 | Z9: 8933 | AA9: 8531 | AF9: M3 | AG9: 98374 | AH9: 60794 | AI9: 71224 | AJ9: 66363 | AK9: 82539
A10: M4 | B10: M4 | C10: =COUNTIF(K:K,$A10) -> 19 | D10: =COUNTIF(L:L,$A10) -> 37 | E10: =COUNTIF(M:M,$A10) -> 12 | F10: =COUNTIF(N:N,$A10) -> 40 | G10: =COUNTIF(O:O,$A10) -> 15 | H10: 6 | J10: 6 | K10: M4 | L10: M2 | M10: Q | N10: J | O10: A | Q10: =IF(K10="","",VLOOKUP(K10,$A$4:$H$22,8,FALSE)) -> 6 | R10: =IF(L10="","",VLOOKUP(L10,$A$4:$H$22,8,FALSE)) -> 4 | S10: =IF(M10="","",VLOOKUP(M10,$A$4:$H$22,8,FALSE)) -> 9 | T10: =IF(N10="","",VLOOKUP(N10,$A$4:$H$22,8,FALSE)) -> 10 | U10: =IF(O10="","",VLOOKUP(O10,$A$4:$H$22,8,FALSE)) -> 7 | W10: 13750 | X10: 8833 | Y10: 10748 | Z10: 10719 | AA10: 8531 | AF10: M4 | AG10: 94918 | AH10: 105806 | AI10: 68378 | AJ10: 111968 | AK10: 77965
A11: A | B11: A | C11: =COUNTIF(K:K,$A11) -> 33 | D11: =COUNTIF(L:L,$A11) -> 43 | E11: =COUNTIF(M:M,$A11) -> 15 | F11: =COUNTIF(N:N,$A11) -> 9 | G11: =COUNTIF(O:O,$A11) -> 31 | H11: 7 | J11: 7 | K11: K | L11: M4 | M11: M4 | N11: A | O11: M4 | Q11: =IF(K11="","",VLOOKUP(K11,$A$4:$H$22,8,FALSE)) -> 8 | R11: =IF(L11="","",VLOOKUP(L11,$A$4:$H$22,8,FALSE)) -> 6 | S11: =IF(M11="","",VLOOKUP(M11,$A$4:$H$22,8,FALSE)) -> 6 | T11: =IF(N11="","",VLOOKUP(N11,$A$4:$H$22,8,FALSE)) -> 7 | U11: =IF(O11="","",VLOOKUP(O11,$A$4:$H$22,8,FALSE)) -> 6 | W11: 13750 | X11: 8833 | Y11: 8957 | Z11: 10719 | AA11: 10237 | AF11: A | AG11: 145730 | AH11: 146681 | AI11: 142185 | AJ11: 155829 | AK11: 157042
A12: K | B12: K | C12: =COUNTIF(K:K,$A12) -> 33 | D12: =COUNTIF(L:L,$A12) -> 12 | E12: =COUNTIF(M:M,$A12) -> 11 | F12: =COUNTIF(N:N,$A12) -> 50 | G12: =COUNTIF(O:O,$A12) -> 26 | H12: 8 | J12: 8 | K12: C1 | L12: G1 | M12: Q | N12: Q | O12: M1 | Q12: =IF(K12="","",VLOOKUP(K12,$A$4:$H$22,8,FALSE)) -> 2 | R12: =IF(L12="","",VLOOKUP(L12,$A$4:$H$22,8,FALSE)) -> 11 | S12: =IF(M12="","",VLOOKUP(M12,$A$4:$H$22,8,FALSE)) -> 9 | T12: =IF(N12="","",VLOOKUP(N12,$A$4:$H$22,8,FALSE)) -> 9 | U12: =IF(O12="","",VLOOKUP(O12,$A$4:$H$22,8,FALSE)) -> 3 | W12: 13750 | X12: 8833 | Y12: 8957 | Z12: 8933 | AA12: 10237 | AF12: K | AG12: 147668 | AH12: 140718 | AI12: 138412 | AJ12: 159098 | AK12: 166316
A13: Q | B13: Q | C13: =COUNTIF(K:K,$A13) -> 18 | D13: =COUNTIF(L:L,$A13) -> 12 | E13: =COUNTIF(M:M,$A13) -> 39 | F13: =COUNTIF(N:N,$A13) -> 34 | G13: =COUNTIF(O:O,$A13) -> 30 | H13: 9 | J13: 9 | K13: M1 | L13: M1 | M13: GJ | N13: M3 | O13: A | Q13: =IF(K13="","",VLOOKUP(K13,$A$4:$H$22,8,FALSE)) -> 3 | R13: =IF(L13="","",VLOOKUP(L13,$A$4:$H$22,8,FALSE)) -> 3 | S13: =IF(M13="","",VLOOKUP(M13,$A$4:$H$22,8,FALSE)) -> 18 | T13: =IF(N13="","",VLOOKUP(N13,$A$4:$H$22,8,FALSE)) -> 5 | U13: =IF(O13="","",VLOOKUP(O13,$A$4:$H$22,8,FALSE)) -> 7 | W13: 10416 | X13: 10600 | Y13: 8957 | Z13: 8933 | AA13: 10237 | AF13: Q | AG13: 171100 | AH13: 124337 | AI13: 165974 | AJ13: 134579 | AK13: 176580
A14: J | B14: J | C14: =COUNTIF(K:K,$A14) -> 33 | D14: =COUNTIF(L:L,$A14) -> 8 | E14: =COUNTIF(M:M,$A14) -> 38 | F14: =COUNTIF(N:N,$A14) -> 13 | G14: =COUNTIF(O:O,$A14) -> 26 | H14: 10 | J14: 10 | K14: J | L14: GA | M14: Q | N14: K | O14: Q | Q14: =IF(K14="","",VLOOKUP(K14,$A$4:$H$22,8,FALSE)) -> 10 | R14: =IF(L14="","",VLOOKUP(L14,$A$4:$H$22,8,FALSE)) -> 15 | S14: =IF(M14="","",VLOOKUP(M14,$A$4:$H$22,8,FALSE)) -> 9 | T14: =IF(N14="","",VLOOKUP(N14,$A$4:$H$22,8,FALSE)) -> 8 | U14: =IF(O14="","",VLOOKUP(O14,$A$4:$H$22,8,FALSE)) -> 9 | W14: 10416 | X14: 10600 | Y14: 8957 | Z14: 8933 | AA14: 10237 | AF14: J | AG14: 174617 | AH14: 123931 | AI14: 164613 | AJ14: 135505 | AK14: 184308
A15: G1 | B15: Golden M1 | C15: =COUNTIF(K:K,$A15) -> 0 | D15: =COUNTIF(L:L,$A15) -> 2 | E15: =COUNTIF(M:M,$A15) -> 1 | F15: =COUNTIF(N:N,$A15) -> 1 | G15: =COUNTIF(O:O,$A15) -> 0 | H15: 11 | J15: 11 | K15: M3 | L15: M2 | M15: M4 | N15: M1 | O15: J | Q15: =IF(K15="","",VLOOKUP(K15,$A$4:$H$22,8,FALSE)) -> 5 | R15: =IF(L15="","",VLOOKUP(L15,$A$4:$H$22,8,FALSE)) -> 4 | S15: =IF(M15="","",VLOOKUP(M15,$A$4:$H$22,8,FALSE)) -> 6 | T15: =IF(N15="","",VLOOKUP(N15,$A$4:$H$22,8,FALSE)) -> 3 | U15: =IF(O15="","",VLOOKUP(O15,$A$4:$H$22,8,FALSE)) -> 10 | W15: 8680 | X15: 10600 | Y15: 8957 | Z15: 8933 | AA15: 10237 | AF15: G1 | AG15: 0 | AH15: 16238 | AI15: 6454 | AJ15: 7328 | AK15: 0
A16: G2 | B16: Golden M2 | C16: =COUNTIF(K:K,$A16) -> 0 | D16: =COUNTIF(L:L,$A16) -> 5 | E16: =COUNTIF(M:M,$A16) -> 2 | F16: =COUNTIF(N:N,$A16) -> 1 | G16: =COUNTIF(O:O,$A16) -> 0 | H16: 12 | J16: 12 | K16: M2 | L16: M2 | M16: J | N16: K | O16: A | Q16: =IF(K16="","",VLOOKUP(K16,$A$4:$H$22,8,FALSE)) -> 4 | R16: =IF(L16="","",VLOOKUP(L16,$A$4:$H$22,8,FALSE)) -> 4 | S16: =IF(M16="","",VLOOKUP(M16,$A$4:$H$22,8,FALSE)) -> 10 | T16: =IF(N16="","",VLOOKUP(N16,$A$4:$H$22,8,FALSE)) -> 8 | U16: =IF(O16="","",VLOOKUP(O16,$A$4:$H$22,8,FALSE)) -> 7 | W16: 11458 | X16: 10600 | Y16: 10748 | Z16: 8933 | AA16: 10237 | AF16: G2 | AG16: 0 | AH16: 7767 | AI16: 11642 | AJ16: 4550 | AK16: 0
A17: G3 | B17: Golden M3 | C17: =COUNTIF(K:K,$A17) -> 0 | D17: =COUNTIF(L:L,$A17) -> 2 | E17: =COUNTIF(M:M,$A17) -> 4 | F17: =COUNTIF(N:N,$A17) -> 1 | G17: =COUNTIF(O:O,$A17) -> 0 | H17: 13 | J17: 13 | K17: M4 | L17: K | M17: J | N17: M4 | O17: Q | Q17: =IF(K17="","",VLOOKUP(K17,$A$4:$H$22,8,FALSE)) -> 6 | R17: =IF(L17="","",VLOOKUP(L17,$A$4:$H$22,8,FALSE)) -> 8 | S17: =IF(M17="","",VLOOKUP(M17,$A$4:$H$22,8,FALSE)) -> 10 | T17: =IF(N17="","",VLOOKUP(N17,$A$4:$H$22,8,FALSE)) -> 6 | U17: =IF(O17="","",VLOOKUP(O17,$A$4:$H$22,8,FALSE)) -> 9 | W17: 11458 | X17: 10600 | Y17: 10748 | Z17: 8933 | AA17: 10237 | AF17: G3 | AG17: 0 | AH17: 11184 | AI17: 9525 | AJ17: 5340 | AK17: 0
A18: G4 | B18: Golden M4 | C18: =COUNTIF(K:K,$A18) -> 0 | D18: =COUNTIF(L:L,$A18) -> 7 | E18: =COUNTIF(M:M,$A18) -> 2 | F18: =COUNTIF(N:N,$A18) -> 3 | G18: =COUNTIF(O:O,$A18) -> 0 | H18: 14 | J18: 14 | K18: M4 | L18: M2 | M18: M3 | N18: K | O18: A | Q18: =IF(K18="","",VLOOKUP(K18,$A$4:$H$22,8,FALSE)) -> 6 | R18: =IF(L18="","",VLOOKUP(L18,$A$4:$H$22,8,FALSE)) -> 4 | S18: =IF(M18="","",VLOOKUP(M18,$A$4:$H$22,8,FALSE)) -> 5 | T18: =IF(N18="","",VLOOKUP(N18,$A$4:$H$22,8,FALSE)) -> 8 | U18: =IF(O18="","",VLOOKUP(O18,$A$4:$H$22,8,FALSE)) -> 7 | W18: 13750 | X18: 10600 | Y18: 8957 | Z18: 8933 | AA18: 13513 | AF18: G4 | AG18: 0 | AH18: 19894 | AI18: 8340 | AJ18: 9589 | AK18: 0
A19: GA | B19: Golden A | C19: =COUNTIF(K:K,$A19) -> 0 | D19: =COUNTIF(L:L,$A19) -> 8 | E19: =COUNTIF(M:M,$A19) -> 2 | F19: =COUNTIF(N:N,$A19) -> 1 | G19: =COUNTIF(O:O,$A19) -> 0 | H19: 15 | J19: 15 | K19: C1 | L19: G4 | M19: M3 | N19: K | O19: M4 | Q19: =IF(K19="","",VLOOKUP(K19,$A$4:$H$22,8,FALSE)) -> 2 | R19: =IF(L19="","",VLOOKUP(L19,$A$4:$H$22,8,FALSE)) -> 14 | S19: =IF(M19="","",VLOOKUP(M19,$A$4:$H$22,8,FALSE)) -> 5 | T19: =IF(N19="","",VLOOKUP(N19,$A$4:$H$22,8,FALSE)) -> 8 | U19: =IF(O19="","",VLOOKUP(O19,$A$4:$H$22,8,FALSE)) -> 6 | W19: 13750 | X19: 8833 | Y19: 8957 | Z19: 8933 | AA19: 13513 | AF19: GA | AG19: 0 | AH19: 26908 | AI19: 17176 | AJ19: 13431 | AK19: 0
... A22: GJ | B22: Golden J | C22: =COUNTIF(K:K,$A22) -> 0 | D22: =COUNTIF(L:L,$A22) -> 2 | E22: =COUNTIF(M:M,$A22) -> 10 | F22: =COUNTIF(N:N,$A22) -> 1 | G22: =COUNTIF(O:O,$A22) -> 0 | H22: 18 | J22: 18 | K22: A | L22: M2 | M22: M3 | N22: M4 | O22: A | Q22: =IF(K22="","",VLOOKUP(K22,$A$4:$H$22,8,FALSE)) -> 7 | R22: =IF(L22="","",VLOOKUP(L22,$A$4:$H$22,8,FALSE)) -> 4 | S22: =IF(M22="","",VLOOKUP(M22,$A$4:$H$22,8,FALSE)) -> 5 | T22: =IF(N22="","",VLOOKUP(N22,$A$4:$H$22,8,FALSE)) -> 6 | U22: =IF(O22="","",VLOOKUP(O22,$A$4:$H$22,8,FALSE)) -> 7 | W22: 10416 | X22: 8833 | Y22: 8957 | Z22: 8933 | AA22: 8531 | AF22: GJ | AG22: 0 | AH22: 22547 | AI22: 21167 | AJ22: 12913 | AK22: 0
C23: =SUM(C4:C22) -> 200 | D23: =SUM(D4:D22) -> 200 | E23: =SUM(E4:E22) -> 200 | F23: =SUM(F4:F22) -> 200 | G23: =SUM(G4:G22) -> 200 | J23: 19 | K23: J | L23: G2 | M23: M4 | N23: K | O23: Q | Q23: =IF(K23="","",VLOOKUP(K23,$A$4:$H$22,8,FALSE)) -> 10 | R23: =IF(L23="","",VLOOKUP(L23,$A$4:$H$22,8,FALSE)) -> 12 | S23: =IF(M23="","",VLOOKUP(M23,$A$4:$H$22,8,FALSE)) -> 6 | T23: =IF(N23="","",VLOOKUP(N23,$A$4:$H$22,8,FALSE)) -> 8 | U23: =IF(O23="","",VLOOKUP(O23,$A$4:$H$22,8,FALSE)) -> 9 | W23: 8680 | X23: 8833 | Y23: 8957 | Z23: 8933 | AA23: 8531
J24: 20 | K24: Q | L24: K | M24: J | N24: J | O24: A | Q24: =IF(K24="","",VLOOKUP(K24,$A$4:$H$22,8,FALSE)) -> 9 | R24: =IF(L24="","",VLOOKUP(L24,$A$4:$H$22,8,FALSE)) -> 8 | S24: =IF(M24="","",VLOOKUP(M24,$A$4:$H$22,8,FALSE)) -> 10 | T24: =IF(N24="","",VLOOKUP(N24,$A$4:$H$22,8,FALSE)) -> 10 | U24: =IF(O24="","",VLOOKUP(O24,$A$4:$H$22,8,FALSE)) -> 7 | W24: 8680 | X24: 8833 | Y24: 8957 | Z24: 8933 | AA24: 10237
J25: 21 | K25: M3 | L25: M2 | M25: GJ | N25: K | O25: Q | Q25: =IF(K25="","",VLOOKUP(K25,$A$4:$H$22,8,FALSE)) -> 5 | R25: =IF(L25="","",VLOOKUP(L25,$A$4:$H$22,8,FALSE)) -> 4 | S25: =IF(M25="","",VLOOKUP(M25,$A$4:$H$22,8,FALSE)) -> 18 | T25: =IF(N25="","",VLOOKUP(N25,$A$4:$H$22,8,FALSE)) -> 8 | U25: =IF(O25="","",VLOOKUP(O25,$A$4:$H$22,8,FALSE)) -> 9 | W25: 8680 | X25: 8833 | Y25: 8957 | Z25: 8933 | AA25: 10237
J26: 22 | K26: M3 | L26: A | M26: GJ | N26: M4 | O26: K | Q26: =IF(K26="","",VLOOKUP(K26,$A$4:$H$22,8,FALSE)) -> 5 | R26: =IF(L26="","",VLOOKUP(L26,$A$4:$H$22,8,FALSE)) -> 7 | S26: =IF(M26="","",VLOOKUP(M26,$A$4:$H$22,8,FALSE)) -> 18 | T26: =IF(N26="","",VLOOKUP(N26,$A$4:$H$22,8,FALSE)) -> 6 | U26: =IF(O26="","",VLOOKUP(O26,$A$4:$H$22,8,FALSE)) -> 8 | W26: 8680 | X26: 8833 | Y26: 8957 | Z26: 8933 | AA26: 10237
J27: 23 | K27: J | L27: A | M27: GJ | N27: K | O27: A | Q27: =IF(K27="","",VLOOKUP(K27,$A$4:$H$22,8,FALSE)) -> 10 | R27: =IF(L27="","",VLOOKUP(L27,$A$4:$H$22,8,FALSE)) -> 7 | S27: =IF(M27="","",VLOOKUP(M27,$A$4:$H$22,8,FALSE)) -> 18 | T27: =IF(N27="","",VLOOKUP(N27,$A$4:$H$22,8,FALSE)) -> 8 | U27: =IF(O27="","",VLOOKUP(O27,$A$4:$H$22,8,FALSE)) -> 7 | W27: 8680 | X27: 8833 | Y27: 8957 | Z27: 8933 | AA27: 10237
J28: 24 | K28: A | L28: A | M28: M3 | N28: M1 | O28: M4 | Q28: =IF(K28="","",VLOOKUP(K28,$A$4:$H$22,8,FALSE)) -> 7 | R28: =IF(L28="","",VLOOKUP(L28,$A$4:$H$22,8,FALSE)) -> 7 | S28: =IF(M28="","",VLOOKUP(M28,$A$4:$H$22,8,FALSE)) -> 5 | T28: =IF(N28="","",VLOOKUP(N28,$A$4:$H$22,8,FALSE)) -> 3 | U28: =IF(O28="","",VLOOKUP(O28,$A$4:$H$22,8,FALSE)) -> 6 | W28: 8680 | X28: 8833 | Y28: 8957 | Z28: 10719 | AA28: 10237
J29: 25 | K29: A | L29: M4 | M29: Q | N29: M2 | O29: J | Q29: =IF(K29="","",VLOOKUP(K29,$A$4:$H$22,8,FALSE)) -> 7 | R29: =IF(L29="","",VLOOKUP(L29,$A$4:$H$22,8,FALSE)) -> 6 | S29: =IF(M29="","",VLOOKUP(M29,$A$4:$H$22,8,FALSE)) -> 9 | T29: =IF(N29="","",VLOOKUP(N29,$A$4:$H$22,8,FALSE)) -> 4 | U29: =IF(O29="","",VLOOKUP(O29,$A$4:$H$22,8,FALSE)) -> 10 | W29: 10416 | X29: 8833 | Y29: 8957 | Z29: 10719 | AA29: 10237
J30: 26 | K30: M4 | L30: M4 | M30: Q | N30: GQ | O30: Q | Q30: =IF(K30="","",VLOOKUP(K30,$A$4:$H$22,8,FALSE)) -> 6 | R30: =IF(L30="","",VLOOKUP(L30,$A$4:$H$22,8,FALSE)) -> 6 | S30: =IF(M30="","",VLOOKUP(M30,$A$4:$H$22,8,FALSE)) -> 9 | T30: =IF(N30="","",VLOOKUP(N30,$A$4:$H$22,8,FALSE)) -> 17 | U30: =IF(O30="","",VLOOKUP(O30,$A$4:$H$22,8,FALSE)) -> 9 | W30: 10416 | X30: 8833 | Y30: 8957 | Z30: 10719 | AA30: 10237
J31: 27 | K31: M3 | L31: A | M31: Q | N31: Q | O31: J | Q31: =IF(K31="","",VLOOKUP(K31,$A$4:$H$22,8,FALSE)) -> 5 | R31: =IF(L31="","",VLOOKUP(L31,$A$4:$H$22,8,FALSE)) -> 7 | S31: =IF(M31="","",VLOOKUP(M31,$A$4:$H$22,8,FALSE)) -> 9 | T31: =IF(N31="","",VLOOKUP(N31,$A$4:$H$22,8,FALSE)) -> 9 | U31: =IF(O31="","",VLOOKUP(O31,$A$4:$H$22,8,FALSE)) -> 10 | W31: 10416 | X31: 8833 | Y31: 10748 | Z31: 10719 | AA31: 10237
J32: 28 | K32: K | L32: M4 | M32: Q | N32: M4 | O32: Q | Q32: =IF(K32="","",VLOOKUP(K32,$A$4:$H$22,8,FALSE)) -> 8 | R32: =IF(L32="","",VLOOKUP(L32,$A$4:$H$22,8,FALSE)) -> 6 | S32: =IF(M32="","",VLOOKUP(M32,$A$4:$H$22,8,FALSE)) -> 9 | T32: =IF(N32="","",VLOOKUP(N32,$A$4:$H$22,8,FALSE)) -> 6 | U32: =IF(O32="","",VLOOKUP(O32,$A$4:$H$22,8,FALSE)) -> 9 | W32: 10416 | X32: 8833 | Y32: 10748 | Z32: 10719 | AA32: 10237
J33: 29 | K33: M2 | L33: A | M33: K | N33: Q | O33: J | Q33: =IF(K33="","",VLOOKUP(K33,$A$4:$H$22,8,FALSE)) -> 4 | R33: =IF(L33="","",VLOOKUP(L33,$A$4:$H$22,8,FALSE)) -> 7 | S33: =IF(M33="","",VLOOKUP(M33,$A$4:$H$22,8,FALSE)) -> 8 | T33: =IF(N33="","",VLOOKUP(N33,$A$4:$H$22,8,FALSE)) -> 9 | U33: =IF(O33="","",VLOOKUP(O33,$A$4:$H$22,8,FALSE)) -> 10 | W33: 10416 | X33: 8833 | Y33: 10748 | Z33: 10719 | AA33: 8531
J34: 30 | K34: M1 | L34: M1 | M34: M1 | N34: GK | O34: A | Q34: =IF(K34="","",VLOOKUP(K34,$A$4:$H$22,8,FALSE)) -> 3 | R34: =IF(L34="","",VLOOKUP(L34,$A$4:$H$22,8,FALSE)) -> 3 | S34: =IF(M34="","",VLOOKUP(M34,$A$4:$H$22,8,FALSE)) -> 3 | T34: =IF(N34="","",VLOOKUP(N34,$A$4:$H$22,8,FALSE)) -> 16 | U34: =IF(O34="","",VLOOKUP(O34,$A$4:$H$22,8,FALSE)) -> 7 | W34: 10416 | X34: 8833 | Y34: 10748 | Z34: 10719 | AA34: 8531
J35: 31 | K35: M4 | L35: GK | M35: Q | N35: Q | O35: Q | Q35: =IF(K35="","",VLOOKUP(K35,$A$4:$H$22,8,FALSE)) -> 6 | R35: =IF(L35="","",VLOOKUP(L35,$A$4:$H$22,8,FALSE)) -> 16 | S35: =IF(M35="","",VLOOKUP(M35,$A$4:$H$22,8,FALSE)) -> 9 | T35: =IF(N35="","",VLOOKUP(N35,$A$4:$H$22,8,FALSE)) -> 9 | U35: =IF(O35="","",VLOOKUP(O35,$A$4:$H$22,8,FALSE)) -> 9 | W35: 10416 | X35: 8833 | Y35: 10748 | Z35: 8933 | AA35: 8531
... J203: 199 | K203: M1 | L203: A | M203: J | N203: K | O203: M3 | Q203: =IF(K203="","",VLOOKUP(K203,$A$4:$H$22,8,FALSE)) -> 3 | R203: =IF(L203="","",VLOOKUP(L203,$A$4:$H$22,8,FALSE)) -> 7 | S203: =IF(M203="","",VLOOKUP(M203,$A$4:$H$22,8,FALSE)) -> 10 | T203: =IF(N203="","",VLOOKUP(N203,$A$4:$H$22,8,FALSE)) -> 8 | U203: =IF(O203="","",VLOOKUP(O203,$A$4:$H$22,8,FALSE)) -> 5 | W203: 10415 | X203: 8833 | Y203: 14188 | Z203: 10719 | AA203: 10237
Q204: =IF(K204="","",VLOOKUP(K204,$A$4:$H$22,8,FALSE)) | R204: =IF(L204="","",VLOOKUP(L204,$A$4:$H$22,8,FALSE)) | S204: =IF(M204="","",VLOOKUP(M204,$A$4:$H$22,8,FALSE)) | T204: =IF(N204="","",VLOOKUP(N204,$A$4:$H$22,8,FALSE)) | U204: =IF(O204="","",VLOOKUP(O204,$A$4:$H$22,8,FALSE))
Q205: =IF(K205="","",VLOOKUP(K205,$A$4:$H$22,8,FALSE)) | R205: =IF(L205="","",VLOOKUP(L205,$A$4:$H$22,8,FALSE)) | S205: =IF(M205="","",VLOOKUP(M205,$A$4:$H$22,8,FALSE)) | T205: =IF(N205="","",VLOOKUP(N205,$A$4:$H$22,8,FALSE)) | U205: =IF(O205="","",VLOOKUP(O205,$A$4:$H$22,8,FALSE))
Q206: =IF(K206="","",VLOOKUP(K206,$A$4:$H$22,8,FALSE)) | R206: =IF(L206="","",VLOOKUP(L206,$A$4:$H$22,8,FALSE)) | S206: =IF(M206="","",VLOOKUP(M206,$A$4:$H$22,8,FALSE)) | T206: =IF(N206="","",VLOOKUP(N206,$A$4:$H$22,8,FALSE)) | U206: =IF(O206="","",VLOOKUP(O206,$A$4:$H$22,8,FALSE))
Q207: =IF(K207="","",VLOOKUP(K207,$A$4:$H$22,8,FALSE)) | R207: =IF(L207="","",VLOOKUP(L207,$A$4:$H$22,8,FALSE)) | S207: =IF(M207="","",VLOOKUP(M207,$A$4:$H$22,8,FALSE)) | T207: =IF(N207="","",VLOOKUP(N207,$A$4:$H$22,8,FALSE)) | U207: =IF(O207="","",VLOOKUP(O207,$A$4:$H$22,8,FALSE))
Q208: =IF(K208="","",VLOOKUP(K208,$A$4:$H$22,8,FALSE)) | R208: =IF(L208="","",VLOOKUP(L208,$A$4:$H$22,8,FALSE)) | S208: =IF(M208="","",VLOOKUP(M208,$A$4:$H$22,8,FALSE)) | T208: =IF(N208="","",VLOOKUP(N208,$A$4:$H$22,8,FALSE)) | U208: =IF(O208="","",VLOOKUP(O208,$A$4:$H$22,8,FALSE))
Q209: =IF(K209="","",VLOOKUP(K209,$A$4:$H$22,8,FALSE)) | R209: =IF(L209="","",VLOOKUP(L209,$A$4:$H$22,8,FALSE)) | S209: =IF(M209="","",VLOOKUP(M209,$A$4:$H$22,8,FALSE)) | T209: =IF(N209="","",VLOOKUP(N209,$A$4:$H$22,8,FALSE)) | U209: =IF(O209="","",VLOOKUP(O209,$A$4:$H$22,8,FALSE))
Q210: =IF(K210="","",VLOOKUP(K210,$A$4:$H$22,8,FALSE)) | R210: =IF(L210="","",VLOOKUP(L210,$A$4:$H$22,8,FALSE)) | S210: =IF(M210="","",VLOOKUP(M210,$A$4:$H$22,8,FALSE)) | T210: =IF(N210="","",VLOOKUP(N210,$A$4:$H$22,8,FALSE)) | U210: =IF(O210="","",VLOOKUP(O210,$A$4:$H$22,8,FALSE))
Q211: =IF(K211="","",VLOOKUP(K211,$A$4:$H$22,8,FALSE)) | R211: =IF(L211="","",VLOOKUP(L211,$A$4:$H$22,8,FALSE)) | S211: =IF(M211="","",VLOOKUP(M211,$A$4:$H$22,8,FALSE)) | T211: =IF(N211="","",VLOOKUP(N211,$A$4:$H$22,8,FALSE)) | U211: =IF(O211="","",VLOOKUP(O211,$A$4:$H$22,8,FALSE))
Q212: =IF(K212="","",VLOOKUP(K212,$A$4:$H$22,8,FALSE)) | R212: =IF(L212="","",VLOOKUP(L212,$A$4:$H$22,8,FALSE)) | S212: =IF(M212="","",VLOOKUP(M212,$A$4:$H$22,8,FALSE)) | T212: =IF(N212="","",VLOOKUP(N212,$A$4:$H$22,8,FALSE)) | U212: =IF(O212="","",VLOOKUP(O212,$A$4:$H$22,8,FALSE))
Q213: =IF(K213="","",VLOOKUP(K213,$A$4:$H$22,8,FALSE)) | R213: =IF(L213="","",VLOOKUP(L213,$A$4:$H$22,8,FALSE)) | S213: =IF(M213="","",VLOOKUP(M213,$A$4:$H$22,8,FALSE)) | T213: =IF(N213="","",VLOOKUP(N213,$A$4:$H$22,8,FALSE)) | U213: =IF(O213="","",VLOOKUP(O213,$A$4:$H$22,8,FALSE))
Q214: =IF(K214="","",VLOOKUP(K214,$A$4:$H$22,8,FALSE)) | R214: =IF(L214="","",VLOOKUP(L214,$A$4:$H$22,8,FALSE)) | S214: =IF(M214="","",VLOOKUP(M214,$A$4:$H$22,8,FALSE)) | T214: =IF(N214="","",VLOOKUP(N214,$A$4:$H$22,8,FALSE)) | U214: =IF(O214="","",VLOOKUP(O214,$A$4:$H$22,8,FALSE))
Q215: =IF(K215="","",VLOOKUP(K215,$A$4:$H$22,8,FALSE)) | R215: =IF(L215="","",VLOOKUP(L215,$A$4:$H$22,8,FALSE)) | S215: =IF(M215="","",VLOOKUP(M215,$A$4:$H$22,8,FALSE)) | T215: =IF(N215="","",VLOOKUP(N215,$A$4:$H$22,8,FALSE)) | U215: =IF(O215="","",VLOOKUP(O215,$A$4:$H$22,8,FALSE))
... Q403: =IF(K403="","",VLOOKUP(K403,$A$4:$H$22,8,FALSE)) | R403: =IF(L403="","",VLOOKUP(L403,$A$4:$H$22,8,FALSE)) | S403: =IF(M403="","",VLOOKUP(M403,$A$4:$H$22,8,FALSE)) | T403: =IF(N403="","",VLOOKUP(N403,$A$4:$H$22,8,FALSE)) | U403: =IF(O403="","",VLOOKUP(O403,$A$4:$H$22,8,FALSE))

Sheet FG_Symbol
J2: Symbol | Q2: Symbol ID | W2: Symbol Weight | AC2: Random Wild Trigger Weight | AF2: Symbol Drop Weight
A3: Symbol | B3: Description | C3: R1 | D3: R2 | E3: R3 | F3: R4 | G3: R5 | H3: ID | J3: Line # | K3: R1 | L3: R2 | M3: R3 | N3: R4 | O3: R5 | Q3: R1 | R3: R2 | S3: R3 | T3: R4 | U3: R5 | W3: R1 | X3: R2 | Y3: R3 | Z3: R4 | AA3: R5 | AC3: Random Wild | AD3: Weight | AF3: Symbol | AG3: R1 | AH3: R2 | AI3: R3 | AJ3: R4 | AK3: R5
A4: {=Overview!A30:A48} -> WW | B4: {=Overview!B30:B48} -> Wild | C4: =COUNTIF(K:K,$A4) -> 0 | D4: =COUNTIF(L:L,$A4) -> 0 | E4: =COUNTIF(M:M,$A4) -> 0 | F4: =COUNTIF(N:N,$A4) -> 0 | G4: =COUNTIF(O:O,$A4) -> 0 | H4: {=Overview!H30:H48} -> 0 | J4: 0 | K4: J | L4: G2 | M4: GQ | N4: GQ | O4: A | Q4: =IF(K4="","",VLOOKUP(K4,$A$4:$H$22,8,FALSE)) -> 10 | R4: =IF(L4="","",VLOOKUP(L4,$A$4:$H$22,8,FALSE)) -> 12 | S4: =IF(M4="","",VLOOKUP(M4,$A$4:$H$22,8,FALSE)) -> 17 | T4: =IF(N4="","",VLOOKUP(N4,$A$4:$H$22,8,FALSE)) -> 17 | U4: =IF(O4="","",VLOOKUP(O4,$A$4:$H$22,8,FALSE)) -> 7 | W4: 3410 | X4: 13266 | Y4: 7364 | Z4: 5550 | AA4: 13285 | AC4: 0 | AD4: 23656 | AF4: WW | AG4: 0 | AH4: 0 | AI4: 0 | AJ4: 0 | AK4: 0
A5: W2 | B5: Super Wild | C5: =COUNTIF(K:K,$A5) -> 0 | D5: =COUNTIF(L:L,$A5) -> 0 | E5: =COUNTIF(M:M,$A5) -> 0 | F5: =COUNTIF(N:N,$A5) -> 0 | G5: =COUNTIF(O:O,$A5) -> 0 | H5: 1 | J5: 1 | K5: M3 | L5: GA | M5: M3 | N5: M4 | O5: K | Q5: =IF(K5="","",VLOOKUP(K5,$A$4:$H$22,8,FALSE)) -> 5 | R5: =IF(L5="","",VLOOKUP(L5,$A$4:$H$22,8,FALSE)) -> 15 | S5: =IF(M5="","",VLOOKUP(M5,$A$4:$H$22,8,FALSE)) -> 5 | T5: =IF(N5="","",VLOOKUP(N5,$A$4:$H$22,8,FALSE)) -> 6 | U5: =IF(O5="","",VLOOKUP(O5,$A$4:$H$22,8,FALSE)) -> 8 | W5: 3515 | X5: 12693 | Y5: 5341 | Z5: 3793 | AA5: 13191 | AC5: 2 | AD5: 1401 | AF5: W2 | AG5: 0 | AH5: 0 | AI5: 0 | AJ5: 0 | AK5: 0
A6: C1 | B6: Scatter | C6: =COUNTIF(K:K,$A6) -> 2 | D6: =COUNTIF(L:L,$A6) -> 3 | E6: =COUNTIF(M:M,$A6) -> 2 | F6: =COUNTIF(N:N,$A6) -> 3 | G6: =COUNTIF(O:O,$A6) -> 3 | H6: 2 | J6: 2 | K6: K | L6: M2 | M6: M3 | N6: M4 | O6: M2 | Q6: =IF(K6="","",VLOOKUP(K6,$A$4:$H$22,8,FALSE)) -> 8 | R6: =IF(L6="","",VLOOKUP(L6,$A$4:$H$22,8,FALSE)) -> 4 | S6: =IF(M6="","",VLOOKUP(M6,$A$4:$H$22,8,FALSE)) -> 5 | T6: =IF(N6="","",VLOOKUP(N6,$A$4:$H$22,8,FALSE)) -> 6 | U6: =IF(O6="","",VLOOKUP(O6,$A$4:$H$22,8,FALSE)) -> 4 | W6: 3437 | X6: 12263 | Y6: 11247 | Z6: 11060 | AA6: 11212 | AC6: 3 | AD6: 0 | AF6: C1 | AG6: 7756 | AH6: 8222 | AI6: 10372 | AJ6: 8936 | AK6: 10577
A7: M1 | B7: M1 | C7: =COUNTIF(K:K,$A7) -> 14 | D7: =COUNTIF(L:L,$A7) -> 7 | E7: =COUNTIF(M:M,$A7) -> 7 | F7: =COUNTIF(N:N,$A7) -> 6 | G7: =COUNTIF(O:O,$A7) -> 15 | H7: 3 | J7: 3 | K7: K | L7: G4 | M7: Q | N7: Q | O7: M3 | Q7: =IF(K7="","",VLOOKUP(K7,$A$4:$H$22,8,FALSE)) -> 8 | R7: =IF(L7="","",VLOOKUP(L7,$A$4:$H$22,8,FALSE)) -> 14 | S7: =IF(M7="","",VLOOKUP(M7,$A$4:$H$22,8,FALSE)) -> 9 | T7: =IF(N7="","",VLOOKUP(N7,$A$4:$H$22,8,FALSE)) -> 9 | U7: =IF(O7="","",VLOOKUP(O7,$A$4:$H$22,8,FALSE)) -> 5 | W7: 4695 | X7: 12502 | Y7: 11490 | Z7: 13369 | AA7: 13097 | AC7: 4 | AD7: 0 | AF7: M1 | AG7: 49351 | AH7: 80351 | AI7: 44243 | AJ7: 89078 | AK7: 48353
A8: M2 | B8: M2 | C8: =COUNTIF(K:K,$A8) -> 28 | D8: =COUNTIF(L:L,$A8) -> 26 | E8: =COUNTIF(M:M,$A8) -> 12 | F8: =COUNTIF(N:N,$A8) -> 9 | G8: =COUNTIF(O:O,$A8) -> 24 | H8: 4 | J8: 4 | K8: A | L8: GQ | M8: M2 | N8: A | O8: Q | Q8: =IF(K8="","",VLOOKUP(K8,$A$4:$H$22,8,FALSE)) -> 7 | R8: =IF(L8="","",VLOOKUP(L8,$A$4:$H$22,8,FALSE)) -> 17 | S8: =IF(M8="","",VLOOKUP(M8,$A$4:$H$22,8,FALSE)) -> 4 | T8: =IF(N8="","",VLOOKUP(N8,$A$4:$H$22,8,FALSE)) -> 7 | U8: =IF(O8="","",VLOOKUP(O8,$A$4:$H$22,8,FALSE)) -> 9 | W8: 11038 | X8: 11055 | Y8: 12429 | Z8: 13753 | AA8: 10929 | AF8: M2 | AG8: 99333 | AH8: 40003 | AI8: 86123 | AJ8: 45957 | AK8: 105470
A9: M3 | B9: M3 | C9: =COUNTIF(K:K,$A9) -> 18 | D9: =COUNTIF(L:L,$A9) -> 7 | E9: =COUNTIF(M:M,$A9) -> 22 | F9: =COUNTIF(N:N,$A9) -> 11 | G9: =COUNTIF(O:O,$A9) -> 30 | H9: 5 | J9: 5 | K9: K | L9: A | M9: Q | N9: G4 | O9: M4 | Q9: =IF(K9="","",VLOOKUP(K9,$A$4:$H$22,8,FALSE)) -> 8 | R9: =IF(L9="","",VLOOKUP(L9,$A$4:$H$22,8,FALSE)) -> 7 | S9: =IF(M9="","",VLOOKUP(M9,$A$4:$H$22,8,FALSE)) -> 9 | T9: =IF(N9="","",VLOOKUP(N9,$A$4:$H$22,8,FALSE)) -> 14 | U9: =IF(O9="","",VLOOKUP(O9,$A$4:$H$22,8,FALSE)) -> 6 | W9: 11324 | X9: 10657 | Y9: 12429 | Z9: 13946 | AA9: 14416 | AF9: M3 | AG9: 100655 | AH9: 62180 | AI9: 64133 | AJ9: 65390 | AK9: 79480
A10: M4 | B10: M4 | C10: =COUNTIF(K:K,$A10) -> 17 | D10: =COUNTIF(L:L,$A10) -> 27 | E10: =COUNTIF(M:M,$A10) -> 10 | F10: =COUNTIF(N:N,$A10) -> 28 | G10: =COUNTIF(O:O,$A10) -> 14 | H10: 6 | J10: 6 | K10: M2 | L10: K | M10: M3 | N10: Q | O10: M2 | Q10: =IF(K10="","",VLOOKUP(K10,$A$4:$H$22,8,FALSE)) -> 4 | R10: =IF(L10="","",VLOOKUP(L10,$A$4:$H$22,8,FALSE)) -> 8 | S10: =IF(M10="","",VLOOKUP(M10,$A$4:$H$22,8,FALSE)) -> 5 | T10: =IF(N10="","",VLOOKUP(N10,$A$4:$H$22,8,FALSE)) -> 9 | U10: =IF(O10="","",VLOOKUP(O10,$A$4:$H$22,8,FALSE)) -> 4 | W10: 9801 | X10: 11055 | Y10: 14079 | Z10: 12984 | AA10: 12155 | AF10: M4 | AG10: 98070 | AH10: 104601 | AI10: 65577 | AJ10: 112624 | AK10: 79480
A11: A | B11: A | C11: =COUNTIF(K:K,$A11) -> 33 | D11: =COUNTIF(L:L,$A11) -> 30 | E11: =COUNTIF(M:M,$A11) -> 11 | F11: =COUNTIF(N:N,$A11) -> 6 | G11: =COUNTIF(O:O,$A11) -> 29 | H11: 7 | J11: 7 | K11: K | L11: M4 | M11: M1 | N11: Q | O11: M3 | Q11: =IF(K11="","",VLOOKUP(K11,$A$4:$H$22,8,FALSE)) -> 8 | R11: =IF(L11="","",VLOOKUP(L11,$A$4:$H$22,8,FALSE)) -> 6 | S11: =IF(M11="","",VLOOKUP(M11,$A$4:$H$22,8,FALSE)) -> 3 | T11: =IF(N11="","",VLOOKUP(N11,$A$4:$H$22,8,FALSE)) -> 9 | U11: =IF(O11="","",VLOOKUP(O11,$A$4:$H$22,8,FALSE)) -> 5 | W11: 12942 | X11: 13075 | Y11: 12914 | Z11: 12022 | AA11: 10175 | AF11: A | AG11: 150063 | AH11: 148819 | AI11: 144545 | AJ11: 160567 | AK11: 153521
A12: K | B12: K | C12: =COUNTIF(K:K,$A12) -> 37 | D12: =COUNTIF(L:L,$A12) -> 8 | E12: =COUNTIF(M:M,$A12) -> 8 | F12: =COUNTIF(N:N,$A12) -> 30 | G12: =COUNTIF(O:O,$A12) -> 24 | H12: 8 | J12: 8 | K12: M3 | L12: M3 | M12: G2 | N12: M4 | O12: M2 | Q12: =IF(K12="","",VLOOKUP(K12,$A$4:$H$22,8,FALSE)) -> 5 | R12: =IF(L12="","",VLOOKUP(L12,$A$4:$H$22,8,FALSE)) -> 5 | S12: =IF(M12="","",VLOOKUP(M12,$A$4:$H$22,8,FALSE)) -> 12 | T12: =IF(N12="","",VLOOKUP(N12,$A$4:$H$22,8,FALSE)) -> 6 | U12: =IF(O12="","",VLOOKUP(O12,$A$4:$H$22,8,FALSE)) -> 4 | W12: 11991 | X12: 13361 | Y12: 12331 | Z12: 9698 | AA12: 10835 | AF12: K | AG12: 150580 | AH12: 147575 | AI12: 132532 | AJ12: 152340 | AK12: 143850
A13: Q | B13: Q | C13: =COUNTIF(K:K,$A13) -> 18 | D13: =COUNTIF(L:L,$A13) -> 8 | E13: =COUNTIF(M:M,$A13) -> 34 | F13: =COUNTIF(N:N,$A13) -> 25 | G13: =COUNTIF(O:O,$A13) -> 31 | H13: 9 | J13: 9 | K13: K | L13: M4 | M13: C1 | N13: M4 | O13: K | Q13: =IF(K13="","",VLOOKUP(K13,$A$4:$H$22,8,FALSE)) -> 8 | R13: =IF(L13="","",VLOOKUP(L13,$A$4:$H$22,8,FALSE)) -> 6 | S13: =IF(M13="","",VLOOKUP(M13,$A$4:$H$22,8,FALSE)) -> 2 | T13: =IF(N13="","",VLOOKUP(N13,$A$4:$H$22,8,FALSE)) -> 6 | U13: =IF(O13="","",VLOOKUP(O13,$A$4:$H$22,8,FALSE)) -> 8 | W13: 12656 | X13: 13838 | Y13: 12785 | Z13: 7213 | AA13: 10678 | AF13: Q | AG13: 173331 | AH13: 123946 | AI13: 165091 | AJ13: 136170 | AK13: 190692
A14: J | B14: J | C14: =COUNTIF(K:K,$A14) -> 33 | D14: =COUNTIF(L:L,$A14) -> 6 | E14: =COUNTIF(M:M,$A14) -> 28 | F14: =COUNTIF(N:N,$A14) -> 10 | G14: =COUNTIF(O:O,$A14) -> 30 | H14: 10 | J14: 10 | K14: M2 | L14: GA | M14: M3 | N14: M4 | O14: M3 | Q14: =IF(K14="","",VLOOKUP(K14,$A$4:$H$22,8,FALSE)) -> 4 | R14: =IF(L14="","",VLOOKUP(L14,$A$4:$H$22,8,FALSE)) -> 15 | S14: =IF(M14="","",VLOOKUP(M14,$A$4:$H$22,8,FALSE)) -> 5 | T14: =IF(N14="","",VLOOKUP(N14,$A$4:$H$22,8,FALSE)) -> 6 | U14: =IF(O14="","",VLOOKUP(O14,$A$4:$H$22,8,FALSE)) -> 5 | W14: 12656 | X14: 12693 | Y14: 10196 | Z14: 5109 | AA14: 10835 | AF14: J | AG14: 170861 | AH14: 126226 | AI14: 159840 | AJ14: 130355 | AK14: 188577
A15: G1 | B15: Golden M1 | C15: =COUNTIF(K:K,$A15) -> 0 | D15: =COUNTIF(L:L,$A15) -> 4 | E15: =COUNTIF(M:M,$A15) -> 4 | F15: =COUNTIF(N:N,$A15) -> 4 | G15: =COUNTIF(O:O,$A15) -> 0 | H15: 11 | J15: 11 | K15: M1 | L15: G4 | M15: G2 | N15: Q | O15: M4 | Q15: =IF(K15="","",VLOOKUP(K15,$A$4:$H$22,8,FALSE)) -> 3 | R15: =IF(L15="","",VLOOKUP(L15,$A$4:$H$22,8,FALSE)) -> 14 | S15: =IF(M15="","",VLOOKUP(M15,$A$4:$H$22,8,FALSE)) -> 12 | T15: =IF(N15="","",VLOOKUP(N15,$A$4:$H$22,8,FALSE)) -> 9 | U15: =IF(O15="","",VLOOKUP(O15,$A$4:$H$22,8,FALSE)) -> 6 | W15: 11609 | X15: 12263 | Y15: 11004 | Z15: 3527 | AA15: 10647 | AF15: G1 | AG15: 0 | AH15: 16098 | AI15: 7549 | AJ15: 10071 | AK15: 0
A16: G2 | B16: Golden M2 | C16: =COUNTIF(K:K,$A16) -> 0 | D16: =COUNTIF(L:L,$A16) -> 14 | E16: =COUNTIF(M:M,$A16) -> 6 | F16: =COUNTIF(N:N,$A16) -> 4 | G16: =COUNTIF(O:O,$A16) -> 0 | H16: 12 | J16: 12 | K16: J | L16: M4 | M16: J | N16: M4 | O16: K | Q16: =IF(K16="","",VLOOKUP(K16,$A$4:$H$22,8,FALSE)) -> 10 | R16: =IF(L16="","",VLOOKUP(L16,$A$4:$H$22,8,FALSE)) -> 6 | S16: =IF(M16="","",VLOOKUP(M16,$A$4:$H$22,8,FALSE)) -> 10 | T16: =IF(N16="","",VLOOKUP(N16,$A$4:$H$22,8,FALSE)) -> 6 | U16: =IF(O16="","",VLOOKUP(O16,$A$4:$H$22,8,FALSE)) -> 8 | W16: 10943 | X16: 13456 | Y16: 10973 | Z16: 7213 | AA16: 12909 | AF16: G2 | AG16: 0 | AH16: 7738 | AI16: 13260 | AJ16: 4965 | AK16: 0
A17: G3 | B17: Golden M3 | C17: =COUNTIF(K:K,$A17) -> 0 | D17: =COUNTIF(L:L,$A17) -> 6 | E17: =COUNTIF(M:M,$A17) -> 12 | F17: =COUNTIF(N:N,$A17) -> 4 | G17: =COUNTIF(O:O,$A17) -> 0 | H17: 13 | J17: 13 | K17: M2 | L17: Q | M17: M2 | N17: K | O17: M1 | Q17: =IF(K17="","",VLOOKUP(K17,$A$4:$H$22,8,FALSE)) -> 4 | R17: =IF(L17="","",VLOOKUP(L17,$A$4:$H$22,8,FALSE)) -> 9 | S17: =IF(M17="","",VLOOKUP(M17,$A$4:$H$22,8,FALSE)) -> 4 | T17: =IF(N17="","",VLOOKUP(N17,$A$4:$H$22,8,FALSE)) -> 8 | U17: =IF(O17="","",VLOOKUP(O17,$A$4:$H$22,8,FALSE)) -> 3 | W17: 8802 | X17: 11452 | Y17: 13303 | Z17: 7213 | AA17: 11777 | AF17: G3 | AG17: 0 | AH17: 12160 | AI17: 10240 | AJ17: 8511 | AK17: 0
A18: G4 | B18: Golden M4 | C18: =COUNTIF(K:K,$A18) -> 0 | D18: =COUNTIF(L:L,$A18) -> 16 | E18: =COUNTIF(M:M,$A18) -> 4 | F18: =COUNTIF(N:N,$A18) -> 16 | G18: =COUNTIF(O:O,$A18) -> 0 | H18: 14 | J18: 14 | K18: M4 | L18: M2 | M18: K | N18: M4 | O18: M2 | Q18: =IF(K18="","",VLOOKUP(K18,$A$4:$H$22,8,FALSE)) -> 6 | R18: =IF(L18="","",VLOOKUP(L18,$A$4:$H$22,8,FALSE)) -> 4 | S18: =IF(M18="","",VLOOKUP(M18,$A$4:$H$22,8,FALSE)) -> 8 | T18: =IF(N18="","",VLOOKUP(N18,$A$4:$H$22,8,FALSE)) -> 6 | U18: =IF(O18="","",VLOOKUP(O18,$A$4:$H$22,8,FALSE)) -> 4 | W18: 10468 | X18: 11611 | Y18: 12235 | Z18: 5109 | AA18: 8574 | AF18: G4 | AG18: 0 | AH18: 20243 | AI18: 9781 | AJ18: 10780 | AK18: 0
A19: GA | B19: Golden A | C19: =COUNTIF(K:K,$A19) -> 0 | D19: =COUNTIF(L:L,$A19) -> 22 | E19: =COUNTIF(M:M,$A19) -> 6 | F19: =COUNTIF(N:N,$A19) -> 4 | G19: =COUNTIF(O:O,$A19) -> 0 | H19: 15 | J19: 15 | K19: J | L19: M2 | M19: GQ | N19: GK | O19: K | Q19: =IF(K19="","",VLOOKUP(K19,$A$4:$H$22,8,FALSE)) -> 10 | R19: =IF(L19="","",VLOOKUP(L19,$A$4:$H$22,8,FALSE)) -> 4 | S19: =IF(M19="","",VLOOKUP(M19,$A$4:$H$22,8,FALSE)) -> 17 | T19: =IF(N19="","",VLOOKUP(N19,$A$4:$H$22,8,FALSE)) -> 16 | U19: =IF(O19="","",VLOOKUP(O19,$A$4:$H$22,8,FALSE)) -> 8 | W19: 9358 | X19: 10100 | Y19: 10600 | Z19: 3527 | AA19: 7114 | AF19: GA | AG19: 0 | AH19: 27498 | AI19: 20481 | AJ19: 15745 | AK19: 0
... A22: GJ | B22: Golden J | C22: =COUNTIF(K:K,$A22) -> 0 | D22: =COUNTIF(L:L,$A22) -> 4 | E22: =COUNTIF(M:M,$A22) -> 16 | F22: =COUNTIF(N:N,$A22) -> 4 | G22: =COUNTIF(O:O,$A22) -> 0 | H22: 18 | J22: 18 | K22: K | L22: M1 | M22: Q | N22: K | O22: M4 | Q22: =IF(K22="","",VLOOKUP(K22,$A$4:$H$22,8,FALSE)) -> 8 | R22: =IF(L22="","",VLOOKUP(L22,$A$4:$H$22,8,FALSE)) -> 3 | S22: =IF(M22="","",VLOOKUP(M22,$A$4:$H$22,8,FALSE)) -> 9 | T22: =IF(N22="","",VLOOKUP(N22,$A$4:$H$22,8,FALSE)) -> 8 | U22: =IF(O22="","",VLOOKUP(O22,$A$4:$H$22,8,FALSE)) -> 6 | W22: 11799 | X22: 13266 | Y22: 10357 | Z22: 5109 | AA22: 14604 | AF22: GJ | AG22: 0 | AH22: 24112 | AI22: 22515 | AJ22: 16738 | AK22: 0
C23: =SUM(C4:C22) -> 200 | D23: =SUM(D4:D22) -> 200 | E23: =SUM(E4:E22) -> 200 | F23: =SUM(F4:F22) -> 200 | G23: =SUM(G4:G22) -> 200 | J23: 19 | K23: M1 | L23: M2 | M23: A | N23: GK | O23: A | Q23: =IF(K23="","",VLOOKUP(K23,$A$4:$H$22,8,FALSE)) -> 3 | R23: =IF(L23="","",VLOOKUP(L23,$A$4:$H$22,8,FALSE)) -> 4 | S23: =IF(M23="","",VLOOKUP(M23,$A$4:$H$22,8,FALSE)) -> 7 | T23: =IF(N23="","",VLOOKUP(N23,$A$4:$H$22,8,FALSE)) -> 16 | U23: =IF(O23="","",VLOOKUP(O23,$A$4:$H$22,8,FALSE)) -> 7 | W23: 12656 | X23: 14029 | Y23: 9871 | Z23: 3527 | AA23: 11683
J24: 20 | K24: M2 | L24: GA | M24: G4 | N24: K | O24: J | Q24: =IF(K24="","",VLOOKUP(K24,$A$4:$H$22,8,FALSE)) -> 4 | R24: =IF(L24="","",VLOOKUP(L24,$A$4:$H$22,8,FALSE)) -> 15 | S24: =IF(M24="","",VLOOKUP(M24,$A$4:$H$22,8,FALSE)) -> 14 | T24: =IF(N24="","",VLOOKUP(N24,$A$4:$H$22,8,FALSE)) -> 8 | U24: =IF(O24="","",VLOOKUP(O24,$A$4:$H$22,8,FALSE)) -> 10 | W24: 11324 | X24: 11691 | Y24: 10196 | Z24: 7213 | AA24: 12909
J25: 21 | K25: M4 | L25: G4 | M25: G4 | N25: G4 | O25: Q | Q25: =IF(K25="","",VLOOKUP(K25,$A$4:$H$22,8,FALSE)) -> 6 | R25: =IF(L25="","",VLOOKUP(L25,$A$4:$H$22,8,FALSE)) -> 14 | S25: =IF(M25="","",VLOOKUP(M25,$A$4:$H$22,8,FALSE)) -> 14 | T25: =IF(N25="","",VLOOKUP(N25,$A$4:$H$22,8,FALSE)) -> 14 | U25: =IF(O25="","",VLOOKUP(O25,$A$4:$H$22,8,FALSE)) -> 9 | W25: 13132 | X25: 11532 | Y25: 12137 | Z25: 10499 | AA25: 10175
J26: 22 | K26: M3 | L26: M4 | M26: J | N26: M1 | O26: J | Q26: =IF(K26="","",VLOOKUP(K26,$A$4:$H$22,8,FALSE)) -> 5 | R26: =IF(L26="","",VLOOKUP(L26,$A$4:$H$22,8,FALSE)) -> 6 | S26: =IF(M26="","",VLOOKUP(M26,$A$4:$H$22,8,FALSE)) -> 10 | T26: =IF(N26="","",VLOOKUP(N26,$A$4:$H$22,8,FALSE)) -> 3 | U26: =IF(O26="","",VLOOKUP(O26,$A$4:$H$22,8,FALSE)) -> 10 | W26: 11991 | X26: 12009 | Y26: 13691 | Z26: 12022 | AA26: 12626
J27: 23 | K27: K | L27: M2 | M27: GJ | N27: GQ | O27: M4 | Q27: =IF(K27="","",VLOOKUP(K27,$A$4:$H$22,8,FALSE)) -> 8 | R27: =IF(L27="","",VLOOKUP(L27,$A$4:$H$22,8,FALSE)) -> 4 | S27: =IF(M27="","",VLOOKUP(M27,$A$4:$H$22,8,FALSE)) -> 18 | T27: =IF(N27="","",VLOOKUP(N27,$A$4:$H$22,8,FALSE)) -> 17 | U27: =IF(O27="","",VLOOKUP(O27,$A$4:$H$22,8,FALSE)) -> 6 | W27: 12466 | X27: 12883 | Y27: 14273 | Z27: 12407 | AA27: 12719
J28: 24 | K28: M2 | L28: M4 | M28: G3 | N28: GK | O28: A | Q28: =IF(K28="","",VLOOKUP(K28,$A$4:$H$22,8,FALSE)) -> 4 | R28: =IF(L28="","",VLOOKUP(L28,$A$4:$H$22,8,FALSE)) -> 6 | S28: =IF(M28="","",VLOOKUP(M28,$A$4:$H$22,8,FALSE)) -> 13 | T28: =IF(N28="","",VLOOKUP(N28,$A$4:$H$22,8,FALSE)) -> 16 | U28: =IF(O28="","",VLOOKUP(O28,$A$4:$H$22,8,FALSE)) -> 7 | W28: 9326 | X28: 13743 | Y28: 12235 | Z28: 14330 | AA28: 12343
J29: 25 | K29: A | L29: A | M29: GJ | N29: G2 | O29: M3 | Q29: =IF(K29="","",VLOOKUP(K29,$A$4:$H$22,8,FALSE)) -> 7 | R29: =IF(L29="","",VLOOKUP(L29,$A$4:$H$22,8,FALSE)) -> 7 | S29: =IF(M29="","",VLOOKUP(M29,$A$4:$H$22,8,FALSE)) -> 18 | T29: =IF(N29="","",VLOOKUP(N29,$A$4:$H$22,8,FALSE)) -> 12 | U29: =IF(O29="","",VLOOKUP(O29,$A$4:$H$22,8,FALSE)) -> 5 | W29: 12466 | X29: 12406 | Y29: 13982 | Z29: 12888 | AA29: 13473
J30: 26 | K30: M3 | L30: G1 | M30: M3 | N30: G1 | O30: A | Q30: =IF(K30="","",VLOOKUP(K30,$A$4:$H$22,8,FALSE)) -> 5 | R30: =IF(L30="","",VLOOKUP(L30,$A$4:$H$22,8,FALSE)) -> 11 | S30: =IF(M30="","",VLOOKUP(M30,$A$4:$H$22,8,FALSE)) -> 5 | T30: =IF(N30="","",VLOOKUP(N30,$A$4:$H$22,8,FALSE)) -> 11 | U30: =IF(O30="","",VLOOKUP(O30,$A$4:$H$22,8,FALSE)) -> 7 | W30: 11895 | X30: 12025 | Y30: 12914 | Z30: 12182 | AA30: 11777
J31: 27 | K31: K | L31: C1 | M31: G3 | N31: A | O31: M3 | Q31: =IF(K31="","",VLOOKUP(K31,$A$4:$H$22,8,FALSE)) -> 8 | R31: =IF(L31="","",VLOOKUP(L31,$A$4:$H$22,8,FALSE)) -> 2 | S31: =IF(M31="","",VLOOKUP(M31,$A$4:$H$22,8,FALSE)) -> 13 | T31: =IF(N31="","",VLOOKUP(N31,$A$4:$H$22,8,FALSE)) -> 7 | U31: =IF(O31="","",VLOOKUP(O31,$A$4:$H$22,8,FALSE)) -> 5 | W31: 11229 | X31: 11532 | Y31: 8771 | Z31: 10339 | AA31: 11872
J32: 28 | K32: J | L32: Q | M32: K | N32: Q | O32: M3 | Q32: =IF(K32="","",VLOOKUP(K32,$A$4:$H$22,8,FALSE)) -> 10 | R32: =IF(L32="","",VLOOKUP(L32,$A$4:$H$22,8,FALSE)) -> 9 | S32: =IF(M32="","",VLOOKUP(M32,$A$4:$H$22,8,FALSE)) -> 8 | T32: =IF(N32="","",VLOOKUP(N32,$A$4:$H$22,8,FALSE)) -> 9 | U32: =IF(O32="","",VLOOKUP(O32,$A$4:$H$22,8,FALSE)) -> 5 | W32: 11102 | X32: 13202 | Y32: 13027 | Z32: 9698 | AA32: 11495
J33: 29 | K33: J | L33: G1 | M33: M2 | N33: M4 | O33: A | Q33: =IF(K33="","",VLOOKUP(K33,$A$4:$H$22,8,FALSE)) -> 10 | R33: =IF(L33="","",VLOOKUP(L33,$A$4:$H$22,8,FALSE)) -> 11 | S33: =IF(M33="","",VLOOKUP(M33,$A$4:$H$22,8,FALSE)) -> 4 | T33: =IF(N33="","",VLOOKUP(N33,$A$4:$H$22,8,FALSE)) -> 6 | U33: =IF(O33="","",VLOOKUP(O33,$A$4:$H$22,8,FALSE)) -> 7 | W33: 9754 | X33: 9623 | Y33: 10681 | Z33: 11701 | AA33: 12531
J34: 30 | K34: K | L34: M4 | M34: GK | N34: K | O34: Q | Q34: =IF(K34="","",VLOOKUP(K34,$A$4:$H$22,8,FALSE)) -> 8 | R34: =IF(L34="","",VLOOKUP(L34,$A$4:$H$22,8,FALSE)) -> 6 | S34: =IF(M34="","",VLOOKUP(M34,$A$4:$H$22,8,FALSE)) -> 16 | T34: =IF(N34="","",VLOOKUP(N34,$A$4:$H$22,8,FALSE)) -> 8 | U34: =IF(O34="","",VLOOKUP(O34,$A$4:$H$22,8,FALSE)) -> 9 | W34: 9437 | X34: 10816 | Y34: 10923 | Z34: 10499 | AA34: 12531
J35: 31 | K35: J | L35: GA | M35: M4 | N35: M3 | O35: K | Q35: =IF(K35="","",VLOOKUP(K35,$A$4:$H$22,8,FALSE)) -> 10 | R35: =IF(L35="","",VLOOKUP(L35,$A$4:$H$22,8,FALSE)) -> 15 | S35: =IF(M35="","",VLOOKUP(M35,$A$4:$H$22,8,FALSE)) -> 6 | T35: =IF(N35="","",VLOOKUP(N35,$A$4:$H$22,8,FALSE)) -> 5 | U35: =IF(O35="","",VLOOKUP(O35,$A$4:$H$22,8,FALSE)) -> 8 | W35: 10754 | X35: 9305 | Y35: 9322 | Z35: 11942 | AA35: 12719
... J203: 199 | K203: M3 | L203: K | M203: M3 | N203: Q | O203: Q | Q203: =IF(K203="","",VLOOKUP(K203,$A$4:$H$22,8,FALSE)) -> 5 | R203: =IF(L203="","",VLOOKUP(L203,$A$4:$H$22,8,FALSE)) -> 8 | S203: =IF(M203="","",VLOOKUP(M203,$A$4:$H$22,8,FALSE)) -> 5 | T203: =IF(N203="","",VLOOKUP(N203,$A$4:$H$22,8,FALSE)) -> 9 | U203: =IF(O203="","",VLOOKUP(O203,$A$4:$H$22,8,FALSE)) -> 9 | W203: 13608 | X203: 12979 | Y203: 8820 | Z203: 12311 | AA203: 6031
Q204: =IF(K204="","",VLOOKUP(K204,$A$4:$H$22,8,FALSE)) | R204: =IF(L204="","",VLOOKUP(L204,$A$4:$H$22,8,FALSE)) | S204: =IF(M204="","",VLOOKUP(M204,$A$4:$H$22,8,FALSE)) | T204: =IF(N204="","",VLOOKUP(N204,$A$4:$H$22,8,FALSE)) | U204: =IF(O204="","",VLOOKUP(O204,$A$4:$H$22,8,FALSE))
Q205: =IF(K205="","",VLOOKUP(K205,$A$4:$H$22,8,FALSE)) | R205: =IF(L205="","",VLOOKUP(L205,$A$4:$H$22,8,FALSE)) | S205: =IF(M205="","",VLOOKUP(M205,$A$4:$H$22,8,FALSE)) | T205: =IF(N205="","",VLOOKUP(N205,$A$4:$H$22,8,FALSE)) | U205: =IF(O205="","",VLOOKUP(O205,$A$4:$H$22,8,FALSE))
Q206: =IF(K206="","",VLOOKUP(K206,$A$4:$H$22,8,FALSE)) | R206: =IF(L206="","",VLOOKUP(L206,$A$4:$H$22,8,FALSE)) | S206: =IF(M206="","",VLOOKUP(M206,$A$4:$H$22,8,FALSE)) | T206: =IF(N206="","",VLOOKUP(N206,$A$4:$H$22,8,FALSE)) | U206: =IF(O206="","",VLOOKUP(O206,$A$4:$H$22,8,FALSE))
Q207: =IF(K207="","",VLOOKUP(K207,$A$4:$H$22,8,FALSE)) | R207: =IF(L207="","",VLOOKUP(L207,$A$4:$H$22,8,FALSE)) | S207: =IF(M207="","",VLOOKUP(M207,$A$4:$H$22,8,FALSE)) | T207: =IF(N207="","",VLOOKUP(N207,$A$4:$H$22,8,FALSE)) | U207: =IF(O207="","",VLOOKUP(O207,$A$4:$H$22,8,FALSE))
Q208: =IF(K208="","",VLOOKUP(K208,$A$4:$H$22,8,FALSE)) | R208: =IF(L208="","",VLOOKUP(L208,$A$4:$H$22,8,FALSE)) | S208: =IF(M208="","",VLOOKUP(M208,$A$4:$H$22,8,FALSE)) | T208: =IF(N208="","",VLOOKUP(N208,$A$4:$H$22,8,FALSE)) | U208: =IF(O208="","",VLOOKUP(O208,$A$4:$H$22,8,FALSE))
Q209: =IF(K209="","",VLOOKUP(K209,$A$4:$H$22,8,FALSE)) | R209: =IF(L209="","",VLOOKUP(L209,$A$4:$H$22,8,FALSE)) | S209: =IF(M209="","",VLOOKUP(M209,$A$4:$H$22,8,FALSE)) | T209: =IF(N209="","",VLOOKUP(N209,$A$4:$H$22,8,FALSE)) | U209: =IF(O209="","",VLOOKUP(O209,$A$4:$H$22,8,FALSE))
Q210: =IF(K210="","",VLOOKUP(K210,$A$4:$H$22,8,FALSE)) | R210: =IF(L210="","",VLOOKUP(L210,$A$4:$H$22,8,FALSE)) | S210: =IF(M210="","",VLOOKUP(M210,$A$4:$H$22,8,FALSE)) | T210: =IF(N210="","",VLOOKUP(N210,$A$4:$H$22,8,FALSE)) | U210: =IF(O210="","",VLOOKUP(O210,$A$4:$H$22,8,FALSE))
Q211: =IF(K211="","",VLOOKUP(K211,$A$4:$H$22,8,FALSE)) | R211: =IF(L211="","",VLOOKUP(L211,$A$4:$H$22,8,FALSE)) | S211: =IF(M211="","",VLOOKUP(M211,$A$4:$H$22,8,FALSE)) | T211: =IF(N211="","",VLOOKUP(N211,$A$4:$H$22,8,FALSE)) | U211: =IF(O211="","",VLOOKUP(O211,$A$4:$H$22,8,FALSE))
Q212: =IF(K212="","",VLOOKUP(K212,$A$4:$H$22,8,FALSE)) | R212: =IF(L212="","",VLOOKUP(L212,$A$4:$H$22,8,FALSE)) | S212: =IF(M212="","",VLOOKUP(M212,$A$4:$H$22,8,FALSE)) | T212: =IF(N212="","",VLOOKUP(N212,$A$4:$H$22,8,FALSE)) | U212: =IF(O212="","",VLOOKUP(O212,$A$4:$H$22,8,FALSE))
Q213: =IF(K213="","",VLOOKUP(K213,$A$4:$H$22,8,FALSE)) | R213: =IF(L213="","",VLOOKUP(L213,$A$4:$H$22,8,FALSE)) | S213: =IF(M213="","",VLOOKUP(M213,$A$4:$H$22,8,FALSE)) | T213: =IF(N213="","",VLOOKUP(N213,$A$4:$H$22,8,FALSE)) | U213: =IF(O213="","",VLOOKUP(O213,$A$4:$H$22,8,FALSE))
Q214: =IF(K214="","",VLOOKUP(K214,$A$4:$H$22,8,FALSE)) | R214: =IF(L214="","",VLOOKUP(L214,$A$4:$H$22,8,FALSE)) | S214: =IF(M214="","",VLOOKUP(M214,$A$4:$H$22,8,FALSE)) | T214: =IF(N214="","",VLOOKUP(N214,$A$4:$H$22,8,FALSE)) | U214: =IF(O214="","",VLOOKUP(O214,$A$4:$H$22,8,FALSE))
Q215: =IF(K215="","",VLOOKUP(K215,$A$4:$H$22,8,FALSE)) | R215: =IF(L215="","",VLOOKUP(L215,$A$4:$H$22,8,FALSE)) | S215: =IF(M215="","",VLOOKUP(M215,$A$4:$H$22,8,FALSE)) | T215: =IF(N215="","",VLOOKUP(N215,$A$4:$H$22,8,FALSE)) | U215: =IF(O215="","",VLOOKUP(O215,$A$4:$H$22,8,FALSE))
... Q403: =IF(K403="","",VLOOKUP(K403,$A$4:$H$22,8,FALSE)) | R403: =IF(L403="","",VLOOKUP(L403,$A$4:$H$22,8,FALSE)) | S403: =IF(M403="","",VLOOKUP(M403,$A$4:$H$22,8,FALSE)) | T403: =IF(N403="","",VLOOKUP(N403,$A$4:$H$22,8,FALSE)) | U403: =IF(O403="","",VLOOKUP(O403,$A$4:$H$22,8,FALSE))

Sheet FG_Symbol (2)
J2: Symbol | Q2: Symbol ID | W2: Symbol Weight | AC2: Random Wild Trigger Weight | AF2: Symbol Drop Weight
A3: Symbol | B3: Description | C3: R1 | D3: R2 | E3: R3 | F3: R4 | G3: R5 | H3: ID | J3: Line # | K3: R1 | L3: R2 | M3: R3 | N3: R4 | O3: R5 | Q3: R1 | R3: R2 | S3: R3 | T3: R4 | U3: R5 | W3: R1 | X3: R2 | Y3: R3 | Z3: R4 | AA3: R5 | AC3: Random Wild | AD3: Weight | AF3: Symbol | AG3: R1 | AH3: R2 | AI3: R3 | AJ3: R4 | AK3: R5
A4: {=Overview!A30:A48} -> WW | B4: {=Overview!B30:B48} -> Wild | C4: =COUNTIF(K:K,$A4) -> 0 | D4: =COUNTIF(L:L,$A4) -> 0 | E4: =COUNTIF(M:M,$A4) -> 0 | F4: =COUNTIF(N:N,$A4) -> 0 | G4: =COUNTIF(O:O,$A4) -> 0 | H4: {=Overview!H30:H48} -> 0 | J4: 0 | K4: J | L4: G2 | M4: GQ | N4: GQ | O4: A | Q4: =IF(K4="","",VLOOKUP(K4,$A$4:$H$22,8,FALSE)) -> 10 | R4: =IF(L4="","",VLOOKUP(L4,$A$4:$H$22,8,FALSE)) -> 12 | S4: =IF(M4="","",VLOOKUP(M4,$A$4:$H$22,8,FALSE)) -> 17 | T4: =IF(N4="","",VLOOKUP(N4,$A$4:$H$22,8,FALSE)) -> 17 | U4: =IF(O4="","",VLOOKUP(O4,$A$4:$H$22,8,FALSE)) -> 7 | W4: 2161 | X4: 6812 | Y4: 2025 | Z4: 8927 | AA4: 25609 | AC4: 0 | AD4: 23656 | AF4: {=A4:A22} -> WW | AG4: 0 | AH4: 0 | AI4: 0 | AJ4: 0 | AK4: 0
A5: W2 | B5: Super Wild | C5: =COUNTIF(K:K,$A5) -> 0 | D5: =COUNTIF(L:L,$A5) -> 0 | E5: =COUNTIF(M:M,$A5) -> 0 | F5: =COUNTIF(N:N,$A5) -> 0 | G5: =COUNTIF(O:O,$A5) -> 0 | H5: 1 | J5: 1 | K5: M3 | L5: GA | M5: M3 | N5: M4 | O5: K | Q5: =IF(K5="","",VLOOKUP(K5,$A$4:$H$22,8,FALSE)) -> 5 | R5: =IF(L5="","",VLOOKUP(L5,$A$4:$H$22,8,FALSE)) -> 15 | S5: =IF(M5="","",VLOOKUP(M5,$A$4:$H$22,8,FALSE)) -> 5 | T5: =IF(N5="","",VLOOKUP(N5,$A$4:$H$22,8,FALSE)) -> 6 | U5: =IF(O5="","",VLOOKUP(O5,$A$4:$H$22,8,FALSE)) -> 8 | W5: 2161 | X5: 8223 | Y5: 2851 | Z5: 6243 | AA5: 9093 | AC5: 2 | AD5: 1401 | AF5: W2 | AG5: 0 | AH5: 0 | AI5: 0 | AJ5: 0 | AK5: 0
A6: C1 | B6: Scatter | C6: =COUNTIF(K:K,$A6) -> 2 | D6: =COUNTIF(L:L,$A6) -> 3 | E6: =COUNTIF(M:M,$A6) -> 2 | F6: =COUNTIF(N:N,$A6) -> 3 | G6: =COUNTIF(O:O,$A6) -> 3 | H6: 2 | J6: 2 | K6: K | L6: M2 | M6: M3 | N6: M4 | O6: M2 | Q6: =IF(K6="","",VLOOKUP(K6,$A$4:$H$22,8,FALSE)) -> 8 | R6: =IF(L6="","",VLOOKUP(L6,$A$4:$H$22,8,FALSE)) -> 4 | S6: =IF(M6="","",VLOOKUP(M6,$A$4:$H$22,8,FALSE)) -> 5 | T6: =IF(N6="","",VLOOKUP(N6,$A$4:$H$22,8,FALSE)) -> 6 | U6: =IF(O6="","",VLOOKUP(O6,$A$4:$H$22,8,FALSE)) -> 4 | W6: 2161 | X6: 23081 | Y6: 58388 | Z6: 19039 | AA6: 7960 | AC6: 3 | AD6: 235 | AF6: C1 | AG6: 4165 | AH6: 4403 | AI6: 5471 | AJ6: 4778 | AK6: 5578
A7: M1 | B7: M1 | C7: =COUNTIF(K:K,$A7) -> 14 | D7: =COUNTIF(L:L,$A7) -> 7 | E7: =COUNTIF(M:M,$A7) -> 7 | F7: =COUNTIF(N:N,$A7) -> 6 | G7: =COUNTIF(O:O,$A7) -> 15 | H7: 3 | J7: 3 | K7: K | L7: G4 | M7: Q | N7: Q | O7: M3 | Q7: =IF(K7="","",VLOOKUP(K7,$A$4:$H$22,8,FALSE)) -> 8 | R7: =IF(L7="","",VLOOKUP(L7,$A$4:$H$22,8,FALSE)) -> 14 | S7: =IF(M7="","",VLOOKUP(M7,$A$4:$H$22,8,FALSE)) -> 9 | T7: =IF(N7="","",VLOOKUP(N7,$A$4:$H$22,8,FALSE)) -> 9 | U7: =IF(O7="","",VLOOKUP(O7,$A$4:$H$22,8,FALSE)) -> 5 | W7: 8651 | X7: 23532 | Y7: 18713 | Z7: 22158 | AA7: 8086 | AC7: 4 | AD7: 18 | AF7: M1 | AG7: 22077 | AH7: 35839 | AI7: 19439 | AJ7: 39681 | AK7: 21243
A8: M2 | B8: M2 | C8: =COUNTIF(K:K,$A8) -> 28 | D8: =COUNTIF(L:L,$A8) -> 26 | E8: =COUNTIF(M:M,$A8) -> 12 | F8: =COUNTIF(N:N,$A8) -> 9 | G8: =COUNTIF(O:O,$A8) -> 24 | H8: 4 | J8: 4 | K8: A | L8: GQ | M8: M2 | N8: A | O8: Q | Q8: =IF(K8="","",VLOOKUP(K8,$A$4:$H$22,8,FALSE)) -> 7 | R8: =IF(L8="","",VLOOKUP(L8,$A$4:$H$22,8,FALSE)) -> 17 | S8: =IF(M8="","",VLOOKUP(M8,$A$4:$H$22,8,FALSE)) -> 4 | T8: =IF(N8="","",VLOOKUP(N8,$A$4:$H$22,8,FALSE)) -> 7 | U8: =IF(O8="","",VLOOKUP(O8,$A$4:$H$22,8,FALSE)) -> 9 | W8: 8651 | X8: 7299 | Y8: 8061 | Z8: 2398 | AA8: 7960 | AF8: M2 | AG8: 45294 | AH8: 18187 | AI8: 38572 | AJ8: 20867 | AK8: 47231
A9: M3 | B9: M3 | C9: =COUNTIF(K:K,$A9) -> 18 | D9: =COUNTIF(L:L,$A9) -> 7 | E9: =COUNTIF(M:M,$A9) -> 22 | F9: =COUNTIF(N:N,$A9) -> 11 | G9: =COUNTIF(O:O,$A9) -> 30 | H9: 5 | J9: 5 | K9: K | L9: A | M9: Q | N9: G4 | O9: M4 | Q9: =IF(K9="","",VLOOKUP(K9,$A$4:$H$22,8,FALSE)) -> 8 | R9: =IF(L9="","",VLOOKUP(L9,$A$4:$H$22,8,FALSE)) -> 7 | S9: =IF(M9="","",VLOOKUP(M9,$A$4:$H$22,8,FALSE)) -> 9 | T9: =IF(N9="","",VLOOKUP(N9,$A$4:$H$22,8,FALSE)) -> 14 | U9: =IF(O9="","",VLOOKUP(O9,$A$4:$H$22,8,FALSE)) -> 6 | W9: 8651 | X9: 6762 | Y9: 8061 | Z9: 2383 | AA9: 9266 | AF9: M3 | AG9: 48740 | AH9: 30021 | AI9: 30502 | AJ9: 31531 | AK9: 37797
A10: M4 | B10: M4 | C10: =COUNTIF(K:K,$A10) -> 17 | D10: =COUNTIF(L:L,$A10) -> 27 | E10: =COUNTIF(M:M,$A10) -> 10 | F10: =COUNTIF(N:N,$A10) -> 28 | G10: =COUNTIF(O:O,$A10) -> 14 | H10: 6 | J10: 6 | K10: M2 | L10: K | M10: M3 | N10: Q | O10: M2 | Q10: =IF(K10="","",VLOOKUP(K10,$A$4:$H$22,8,FALSE)) -> 4 | R10: =IF(L10="","",VLOOKUP(L10,$A$4:$H$22,8,FALSE)) -> 8 | S10: =IF(M10="","",VLOOKUP(M10,$A$4:$H$22,8,FALSE)) -> 5 | T10: =IF(N10="","",VLOOKUP(N10,$A$4:$H$22,8,FALSE)) -> 9 | U10: =IF(O10="","",VLOOKUP(O10,$A$4:$H$22,8,FALSE)) -> 4 | W10: 8651 | X10: 5433 | Y10: 8061 | Z10: 6906 | AA10: 8327 | AF10: M4 | AG10: 137762 | AH10: 146500 | AI10: 90478 | AJ10: 157539 | AK10: 109647
A11: A | B11: A | C11: =COUNTIF(K:K,$A11) -> 33 | D11: =COUNTIF(L:L,$A11) -> 30 | E11: =COUNTIF(M:M,$A11) -> 11 | F11: =COUNTIF(N:N,$A11) -> 6 | G11: =COUNTIF(O:O,$A11) -> 29 | H11: 7 | J11: 7 | K11: K | L11: M4 | M11: M1 | N11: Q | O11: M3 | Q11: =IF(K11="","",VLOOKUP(K11,$A$4:$H$22,8,FALSE)) -> 8 | R11: =IF(L11="","",VLOOKUP(L11,$A$4:$H$22,8,FALSE)) -> 6 | S11: =IF(M11="","",VLOOKUP(M11,$A$4:$H$22,8,FALSE)) -> 3 | T11: =IF(N11="","",VLOOKUP(N11,$A$4:$H$22,8,FALSE)) -> 9 | U11: =IF(O11="","",VLOOKUP(O11,$A$4:$H$22,8,FALSE)) -> 5 | W11: 9345 | X11: 6448 | Y11: 8061 | Z11: 6640 | AA11: 7960 | AF11: A | AG11: 212033 | AH11: 209652 | AI11: 200600 | AJ11: 225917 | AK11: 213031
A12: K | B12: K | C12: =COUNTIF(K:K,$A12) -> 37 | D12: =COUNTIF(L:L,$A12) -> 8 | E12: =COUNTIF(M:M,$A12) -> 8 | F12: =COUNTIF(N:N,$A12) -> 30 | G12: =COUNTIF(O:O,$A12) -> 24 | H12: 8 | J12: 8 | K12: M3 | L12: M3 | M12: G2 | N12: M4 | O12: M2 | Q12: =IF(K12="","",VLOOKUP(K12,$A$4:$H$22,8,FALSE)) -> 5 | R12: =IF(L12="","",VLOOKUP(L12,$A$4:$H$22,8,FALSE)) -> 5 | S12: =IF(M12="","",VLOOKUP(M12,$A$4:$H$22,8,FALSE)) -> 12 | T12: =IF(N12="","",VLOOKUP(N12,$A$4:$H$22,8,FALSE)) -> 6 | U12: =IF(O12="","",VLOOKUP(O12,$A$4:$H$22,8,FALSE)) -> 4 | W12: 8861 | X12: 6448 | Y12: 8061 | Z12: 15265 | AA12: 6713 | AF12: K | AG12: 54943 | AH12: 53686 | AI12: 47497 | AJ12: 55349 | AK12: 51545
A13: Q | B13: Q | C13: =COUNTIF(K:K,$A13) -> 18 | D13: =COUNTIF(L:L,$A13) -> 8 | E13: =COUNTIF(M:M,$A13) -> 34 | F13: =COUNTIF(N:N,$A13) -> 25 | G13: =COUNTIF(O:O,$A13) -> 31 | H13: 9 | J13: 9 | K13: K | L13: M4 | M13: C1 | N13: M4 | O13: K | Q13: =IF(K13="","",VLOOKUP(K13,$A$4:$H$22,8,FALSE)) -> 8 | R13: =IF(L13="","",VLOOKUP(L13,$A$4:$H$22,8,FALSE)) -> 6 | S13: =IF(M13="","",VLOOKUP(M13,$A$4:$H$22,8,FALSE)) -> 2 | T13: =IF(N13="","",VLOOKUP(N13,$A$4:$H$22,8,FALSE)) -> 6 | U13: =IF(O13="","",VLOOKUP(O13,$A$4:$H$22,8,FALSE)) -> 8 | W13: 8722 | X13: 1993 | Y13: 6717 | Z13: 3639 | AA13: 6634 | AF13: Q | AG13: 262278 | AH13: 186994 | AI13: 245360 | AJ13: 205177 | AK13: 283374
A14: J | B14: J | C14: =COUNTIF(K:K,$A14) -> 33 | D14: =COUNTIF(L:L,$A14) -> 6 | E14: =COUNTIF(M:M,$A14) -> 28 | F14: =COUNTIF(N:N,$A14) -> 10 | G14: =COUNTIF(O:O,$A14) -> 30 | H14: 10 | J14: 10 | K14: M2 | L14: GA | M14: M3 | N14: M4 | O14: M3 | Q14: =IF(K14="","",VLOOKUP(K14,$A$4:$H$22,8,FALSE)) -> 4 | R14: =IF(L14="","",VLOOKUP(L14,$A$4:$H$22,8,FALSE)) -> 15 | S14: =IF(M14="","",VLOOKUP(M14,$A$4:$H$22,8,FALSE)) -> 5 | T14: =IF(N14="","",VLOOKUP(N14,$A$4:$H$22,8,FALSE)) -> 6 | U14: =IF(O14="","",VLOOKUP(O14,$A$4:$H$22,8,FALSE)) -> 5 | W14: 8942 | X14: 2469 | Y14: 6717 | Z14: 8592 | AA14: 19172 | AF14: J | AG14: 212708 | AH14: 156675 | AI14: 195445 | AJ14: 161598 | AK14: 230554
A15: G1 | B15: Golden M1 | C15: =COUNTIF(K:K,$A15) -> 0 | D15: =COUNTIF(L:L,$A15) -> 4 | E15: =COUNTIF(M:M,$A15) -> 4 | F15: =COUNTIF(N:N,$A15) -> 4 | G15: =COUNTIF(O:O,$A15) -> 0 | H15: 11 | J15: 11 | K15: M1 | L15: G4 | M15: G2 | N15: Q | O15: M4 | Q15: =IF(K15="","",VLOOKUP(K15,$A$4:$H$22,8,FALSE)) -> 3 | R15: =IF(L15="","",VLOOKUP(L15,$A$4:$H$22,8,FALSE)) -> 14 | S15: =IF(M15="","",VLOOKUP(M15,$A$4:$H$22,8,FALSE)) -> 12 | T15: =IF(N15="","",VLOOKUP(N15,$A$4:$H$22,8,FALSE)) -> 9 | U15: =IF(O15="","",VLOOKUP(O15,$A$4:$H$22,8,FALSE)) -> 6 | W15: 8651 | X15: 6926 | Y15: 6717 | Z15: 6396 | AA15: 7960 | AF15: G1 | AG15: 0 | AH15: 7180 | AI15: 3316 | AJ15: 4487 | AK15: 0
A16: G2 | B16: Golden M2 | C16: =COUNTIF(K:K,$A16) -> 0 | D16: =COUNTIF(L:L,$A16) -> 14 | E16: =COUNTIF(M:M,$A16) -> 6 | F16: =COUNTIF(N:N,$A16) -> 4 | G16: =COUNTIF(O:O,$A16) -> 0 | H16: 12 | J16: 12 | K16: J | L16: M4 | M16: J | N16: M4 | O16: K | Q16: =IF(K16="","",VLOOKUP(K16,$A$4:$H$22,8,FALSE)) -> 10 | R16: =IF(L16="","",VLOOKUP(L16,$A$4:$H$22,8,FALSE)) -> 6 | S16: =IF(M16="","",VLOOKUP(M16,$A$4:$H$22,8,FALSE)) -> 10 | T16: =IF(N16="","",VLOOKUP(N16,$A$4:$H$22,8,FALSE)) -> 6 | U16: =IF(O16="","",VLOOKUP(O16,$A$4:$H$22,8,FALSE)) -> 8 | W16: 7915 | X16: 6957 | Y16: 8061 | Z16: 12130 | AA16: 8641 | AF16: G2 | AG16: 0 | AH16: 3519 | AI16: 5939 | AJ16: 2254 | AK16: 0
A17: G3 | B17: Golden M3 | C17: =COUNTIF(K:K,$A17) -> 0 | D17: =COUNTIF(L:L,$A17) -> 6 | E17: =COUNTIF(M:M,$A17) -> 12 | F17: =COUNTIF(N:N,$A17) -> 4 | G17: =COUNTIF(O:O,$A17) -> 0 | H17: 13 | J17: 13 | K17: M2 | L17: Q | M17: M2 | N17: K | O17: M1 | Q17: =IF(K17="","",VLOOKUP(K17,$A$4:$H$22,8,FALSE)) -> 4 | R17: =IF(L17="","",VLOOKUP(L17,$A$4:$H$22,8,FALSE)) -> 9 | S17: =IF(M17="","",VLOOKUP(M17,$A$4:$H$22,8,FALSE)) -> 4 | T17: =IF(N17="","",VLOOKUP(N17,$A$4:$H$22,8,FALSE)) -> 8 | U17: =IF(O17="","",VLOOKUP(O17,$A$4:$H$22,8,FALSE)) -> 3 | W17: 19088 | X17: 1900 | Y17: 22539 | Z17: 3639 | AA17: 23080 | AF17: G3 | AG17: 0 | AH17: 5872 | AI17: 4871 | AJ17: 4103 | AK17: 0
A18: G4 | B18: Golden M4 | C18: =COUNTIF(K:K,$A18) -> 0 | D18: =COUNTIF(L:L,$A18) -> 16 | E18: =COUNTIF(M:M,$A18) -> 4 | F18: =COUNTIF(N:N,$A18) -> 16 | G18: =COUNTIF(O:O,$A18) -> 0 | H18: 14 | J18: 14 | K18: M4 | L18: M2 | M18: K | N18: M4 | O18: M2 | Q18: =IF(K18="","",VLOOKUP(K18,$A$4:$H$22,8,FALSE)) -> 6 | R18: =IF(L18="","",VLOOKUP(L18,$A$4:$H$22,8,FALSE)) -> 4 | S18: =IF(M18="","",VLOOKUP(M18,$A$4:$H$22,8,FALSE)) -> 8 | T18: =IF(N18="","",VLOOKUP(N18,$A$4:$H$22,8,FALSE)) -> 6 | U18: =IF(O18="","",VLOOKUP(O18,$A$4:$H$22,8,FALSE)) -> 4 | W18: 62321 | X18: 1610 | Y18: 20691 | Z18: 2579 | AA18: 7960 | AF18: G4 | AG18: 0 | AH18: 28352 | AI18: 13496 | AJ18: 15079 | AK18: 0
A19: GA | B19: Golden A | C19: =COUNTIF(K:K,$A19) -> 0 | D19: =COUNTIF(L:L,$A19) -> 22 | E19: =COUNTIF(M:M,$A19) -> 6 | F19: =COUNTIF(N:N,$A19) -> 4 | G19: =COUNTIF(O:O,$A19) -> 0 | H19: 15 | J19: 15 | K19: J | L19: M2 | M19: GQ | N19: GK | O19: K | Q19: =IF(K19="","",VLOOKUP(K19,$A$4:$H$22,8,FALSE)) -> 10 | R19: =IF(L19="","",VLOOKUP(L19,$A$4:$H$22,8,FALSE)) -> 4 | S19: =IF(M19="","",VLOOKUP(M19,$A$4:$H$22,8,FALSE)) -> 17 | T19: =IF(N19="","",VLOOKUP(N19,$A$4:$H$22,8,FALSE)) -> 16 | U19: =IF(O19="","",VLOOKUP(O19,$A$4:$H$22,8,FALSE)) -> 8 | W19: 18626 | X19: 1610 | Y19: 55831 | Z19: 1920 | AA19: 13037 | AF19: GA | AG19: 0 | AH19: 38739 | AI19: 28424 | AJ19: 22154 | AK19: 0
... A22: GJ | B22: Golden J | C22: =COUNTIF(K:K,$A22) -> 0 | D22: =COUNTIF(L:L,$A22) -> 4 | E22: =COUNTIF(M:M,$A22) -> 16 | F22: =COUNTIF(N:N,$A22) -> 4 | G22: =COUNTIF(O:O,$A22) -> 0 | H22: 18 | J22: 18 | K22: K | L22: M1 | M22: Q | N22: K | O22: M4 | Q22: =IF(K22="","",VLOOKUP(K22,$A$4:$H$22,8,FALSE)) -> 8 | R22: =IF(L22="","",VLOOKUP(L22,$A$4:$H$22,8,FALSE)) -> 3 | S22: =IF(M22="","",VLOOKUP(M22,$A$4:$H$22,8,FALSE)) -> 9 | T22: =IF(N22="","",VLOOKUP(N22,$A$4:$H$22,8,FALSE)) -> 8 | U22: =IF(O22="","",VLOOKUP(O22,$A$4:$H$22,8,FALSE)) -> 6 | W22: 8650 | X22: 8635 | Y22: 16695 | Z22: 2579 | AA22: 77148 | AF22: GJ | AG22: 0 | AH22: 29928 | AI22: 27530 | AJ22: 20750 | AK22: 0
C23: =SUM(C4:C22) -> 200 | D23: =SUM(D4:D22) -> 200 | E23: =SUM(E4:E22) -> 200 | F23: =SUM(F4:F22) -> 200 | G23: =SUM(G4:G22) -> 200 | J23: 19 | K23: M1 | L23: M2 | M23: A | N23: GK | O23: A | Q23: =IF(K23="","",VLOOKUP(K23,$A$4:$H$22,8,FALSE)) -> 3 | R23: =IF(L23="","",VLOOKUP(L23,$A$4:$H$22,8,FALSE)) -> 4 | S23: =IF(M23="","",VLOOKUP(M23,$A$4:$H$22,8,FALSE)) -> 7 | T23: =IF(N23="","",VLOOKUP(N23,$A$4:$H$22,8,FALSE)) -> 16 | U23: =IF(O23="","",VLOOKUP(O23,$A$4:$H$22,8,FALSE)) -> 7 | W23: 9383 | X23: 8143 | Y23: 15323 | Z23: 1920 | AA23: 61717
J24: 20 | K24: M2 | L24: GA | M24: G4 | N24: K | O24: J | Q24: =IF(K24="","",VLOOKUP(K24,$A$4:$H$22,8,FALSE)) -> 4 | R24: =IF(L24="","",VLOOKUP(L24,$A$4:$H$22,8,FALSE)) -> 15 | S24: =IF(M24="","",VLOOKUP(M24,$A$4:$H$22,8,FALSE)) -> 14 | T24: =IF(N24="","",VLOOKUP(N24,$A$4:$H$22,8,FALSE)) -> 8 | U24: =IF(O24="","",VLOOKUP(O24,$A$4:$H$22,8,FALSE)) -> 10 | W24: 8650 | X24: 6932 | Y24: 5072 | Z24: 12130 | AA24: 22736
J25: 21 | K25: M4 | L25: G4 | M25: G4 | N25: G4 | O25: Q | Q25: =IF(K25="","",VLOOKUP(K25,$A$4:$H$22,8,FALSE)) -> 6 | R25: =IF(L25="","",VLOOKUP(L25,$A$4:$H$22,8,FALSE)) -> 14 | S25: =IF(M25="","",VLOOKUP(M25,$A$4:$H$22,8,FALSE)) -> 14 | T25: =IF(N25="","",VLOOKUP(N25,$A$4:$H$22,8,FALSE)) -> 14 | U25: =IF(O25="","",VLOOKUP(O25,$A$4:$H$22,8,FALSE)) -> 9 | W25: 8861 | X25: 2304 | Y25: 6168 | Z25: 18931 | AA25: 17955
J26: 22 | K26: M3 | L26: M4 | M26: J | N26: M1 | O26: J | Q26: =IF(K26="","",VLOOKUP(K26,$A$4:$H$22,8,FALSE)) -> 5 | R26: =IF(L26="","",VLOOKUP(L26,$A$4:$H$22,8,FALSE)) -> 6 | S26: =IF(M26="","",VLOOKUP(M26,$A$4:$H$22,8,FALSE)) -> 10 | T26: =IF(N26="","",VLOOKUP(N26,$A$4:$H$22,8,FALSE)) -> 3 | U26: =IF(O26="","",VLOOKUP(O26,$A$4:$H$22,8,FALSE)) -> 10 | W26: 8650 | X26: 7448 | Y26: 2417 | Z26: 7418 | AA26: 22279
J27: 23 | K27: K | L27: M2 | M27: GJ | N27: GQ | O27: M4 | Q27: =IF(K27="","",VLOOKUP(K27,$A$4:$H$22,8,FALSE)) -> 8 | R27: =IF(L27="","",VLOOKUP(L27,$A$4:$H$22,8,FALSE)) -> 4 | S27: =IF(M27="","",VLOOKUP(M27,$A$4:$H$22,8,FALSE)) -> 18 | T27: =IF(N27="","",VLOOKUP(N27,$A$4:$H$22,8,FALSE)) -> 17 | U27: =IF(O27="","",VLOOKUP(O27,$A$4:$H$22,8,FALSE)) -> 6 | W27: 8650 | X27: 7806 | Y27: 8061 | Z27: 7837 | AA27: 7960
J28: 24 | K28: M2 | L28: M4 | M28: G3 | N28: GK | O28: A | Q28: =IF(K28="","",VLOOKUP(K28,$A$4:$H$22,8,FALSE)) -> 4 | R28: =IF(L28="","",VLOOKUP(L28,$A$4:$H$22,8,FALSE)) -> 6 | S28: =IF(M28="","",VLOOKUP(M28,$A$4:$H$22,8,FALSE)) -> 13 | T28: =IF(N28="","",VLOOKUP(N28,$A$4:$H$22,8,FALSE)) -> 16 | U28: =IF(O28="","",VLOOKUP(O28,$A$4:$H$22,8,FALSE)) -> 7 | W28: 18868 | X28: 6448 | Y28: 2538 | Z28: 7676 | AA28: 7960
J29: 25 | K29: A | L29: A | M29: GJ | N29: G2 | O29: M3 | Q29: =IF(K29="","",VLOOKUP(K29,$A$4:$H$22,8,FALSE)) -> 7 | R29: =IF(L29="","",VLOOKUP(L29,$A$4:$H$22,8,FALSE)) -> 7 | S29: =IF(M29="","",VLOOKUP(M29,$A$4:$H$22,8,FALSE)) -> 18 | T29: =IF(N29="","",VLOOKUP(N29,$A$4:$H$22,8,FALSE)) -> 12 | U29: =IF(O29="","",VLOOKUP(O29,$A$4:$H$22,8,FALSE)) -> 5 | W29: 23666 | X29: 6448 | Y29: 2417 | Z29: 8329 | AA29: 2390
J30: 26 | K30: M3 | L30: G1 | M30: M3 | N30: G1 | O30: A | Q30: =IF(K30="","",VLOOKUP(K30,$A$4:$H$22,8,FALSE)) -> 5 | R30: =IF(L30="","",VLOOKUP(L30,$A$4:$H$22,8,FALSE)) -> 11 | S30: =IF(M30="","",VLOOKUP(M30,$A$4:$H$22,8,FALSE)) -> 5 | T30: =IF(N30="","",VLOOKUP(N30,$A$4:$H$22,8,FALSE)) -> 11 | U30: =IF(O30="","",VLOOKUP(O30,$A$4:$H$22,8,FALSE)) -> 7 | W30: 2595 | X30: 10133 | Y30: 2459 | Z30: 23550 | AA30: 2390
J31: 27 | K31: K | L31: C1 | M31: G3 | N31: A | O31: M3 | Q31: =IF(K31="","",VLOOKUP(K31,$A$4:$H$22,8,FALSE)) -> 8 | R31: =IF(L31="","",VLOOKUP(L31,$A$4:$H$22,8,FALSE)) -> 2 | S31: =IF(M31="","",VLOOKUP(M31,$A$4:$H$22,8,FALSE)) -> 13 | T31: =IF(N31="","",VLOOKUP(N31,$A$4:$H$22,8,FALSE)) -> 7 | U31: =IF(O31="","",VLOOKUP(O31,$A$4:$H$22,8,FALSE)) -> 5 | W31: 2595 | X31: 9717 | Y31: 8061 | Z31: 19566 | AA31: 2390
J32: 28 | K32: J | L32: Q | M32: K | N32: Q | O32: M3 | Q32: =IF(K32="","",VLOOKUP(K32,$A$4:$H$22,8,FALSE)) -> 10 | R32: =IF(L32="","",VLOOKUP(L32,$A$4:$H$22,8,FALSE)) -> 9 | S32: =IF(M32="","",VLOOKUP(M32,$A$4:$H$22,8,FALSE)) -> 8 | T32: =IF(N32="","",VLOOKUP(N32,$A$4:$H$22,8,FALSE)) -> 9 | U32: =IF(O32="","",VLOOKUP(O32,$A$4:$H$22,8,FALSE)) -> 5 | W32: 2161 | X32: 24197 | Y32: 7797 | Z32: 18353 | AA32: 7960
J33: 29 | K33: J | L33: G1 | M33: M2 | N33: M4 | O33: A | Q33: =IF(K33="","",VLOOKUP(K33,$A$4:$H$22,8,FALSE)) -> 10 | R33: =IF(L33="","",VLOOKUP(L33,$A$4:$H$22,8,FALSE)) -> 11 | S33: =IF(M33="","",VLOOKUP(M33,$A$4:$H$22,8,FALSE)) -> 4 | T33: =IF(N33="","",VLOOKUP(N33,$A$4:$H$22,8,FALSE)) -> 6 | U33: =IF(O33="","",VLOOKUP(O33,$A$4:$H$22,8,FALSE)) -> 7 | W33: 7208 | X33: 49636 | Y33: 6717 | Z33: 7448 | AA33: 7960
J34: 30 | K34: K | L34: M4 | M34: GK | N34: K | O34: Q | Q34: =IF(K34="","",VLOOKUP(K34,$A$4:$H$22,8,FALSE)) -> 8 | R34: =IF(L34="","",VLOOKUP(L34,$A$4:$H$22,8,FALSE)) -> 6 | S34: =IF(M34="","",VLOOKUP(M34,$A$4:$H$22,8,FALSE)) -> 16 | T34: =IF(N34="","",VLOOKUP(N34,$A$4:$H$22,8,FALSE)) -> 8 | U34: =IF(O34="","",VLOOKUP(O34,$A$4:$H$22,8,FALSE)) -> 9 | W34: 7208 | X34: 53721 | Y34: 17943 | Z34: 1920 | AA34: 21606
J35: 31 | K35: J | L35: GA | M35: M4 | N35: M3 | O35: K | Q35: =IF(K35="","",VLOOKUP(K35,$A$4:$H$22,8,FALSE)) -> 10 | R35: =IF(L35="","",VLOOKUP(L35,$A$4:$H$22,8,FALSE)) -> 15 | S35: =IF(M35="","",VLOOKUP(M35,$A$4:$H$22,8,FALSE)) -> 6 | T35: =IF(N35="","",VLOOKUP(N35,$A$4:$H$22,8,FALSE)) -> 5 | U35: =IF(O35="","",VLOOKUP(O35,$A$4:$H$22,8,FALSE)) -> 8 | W35: 8650 | X35: 44503 | Y35: 16278 | Z35: 1920 | AA35: 7986
... J203: 199 | K203: M3 | L203: K | M203: M3 | N203: Q | O203: Q | Q203: =IF(K203="","",VLOOKUP(K203,$A$4:$H$22,8,FALSE)) -> 5 | R203: =IF(L203="","",VLOOKUP(L203,$A$4:$H$22,8,FALSE)) -> 8 | S203: =IF(M203="","",VLOOKUP(M203,$A$4:$H$22,8,FALSE)) -> 5 | T203: =IF(N203="","",VLOOKUP(N203,$A$4:$H$22,8,FALSE)) -> 9 | U203: =IF(O203="","",VLOOKUP(O203,$A$4:$H$22,8,FALSE)) -> 9 | W203: 8649 | X203: 6824 | Y203: 2086 | Z203: 20267 | AA203: 11627

Sheet FG_Symbol (3)
J2: Symbol | Q2: Symbol ID | W2: Symbol Weight | AC2: Random Wild Trigger Weight | AF2: Symbol Drop Weight
A3: Symbol | B3: Description | C3: R1 | D3: R2 | E3: R3 | F3: R4 | G3: R5 | H3: ID | J3: Line # | K3: R1 | L3: R2 | M3: R3 | N3: R4 | O3: R5 | Q3: R1 | R3: R2 | S3: R3 | T3: R4 | U3: R5 | W3: R1 | X3: R2 | Y3: R3 | Z3: R4 | AA3: R5 | AC3: Random Wild | AD3: Weight | AF3: Symbol | AG3: R1 | AH3: R2 | AI3: R3 | AJ3: R4 | AK3: R5
A4: {=Overview!A30:A48} -> WW | B4: {=Overview!B30:B48} -> Wild | C4: =COUNTIF(K:K,$A4) -> 0 | D4: =COUNTIF(L:L,$A4) -> 0 | E4: =COUNTIF(M:M,$A4) -> 0 | F4: =COUNTIF(N:N,$A4) -> 0 | G4: =COUNTIF(O:O,$A4) -> 0 | H4: {=Overview!H30:H48} -> 0 | J4: 0 | K4: J | L4: M2 | M4: Q | N4: GQ | O4: A | Q4: =IF(K4="","",VLOOKUP(K4,$A$4:$H$22,8,FALSE)) -> 10 | R4: =IF(L4="","",VLOOKUP(L4,$A$4:$H$22,8,FALSE)) -> 4 | S4: =IF(M4="","",VLOOKUP(M4,$A$4:$H$22,8,FALSE)) -> 9 | T4: =IF(N4="","",VLOOKUP(N4,$A$4:$H$22,8,FALSE)) -> 17 | U4: =IF(O4="","",VLOOKUP(O4,$A$4:$H$22,8,FALSE)) -> 7 | W4: 1846 | X4: 17151 | Y4: 4358 | Z4: 3072 | AA4: 15914 | AC4: 0 | AD4: 23656 | AF4: {=A4:A22} -> WW | AG4: 0 | AH4: 0 | AI4: 0 | AJ4: 0 | AK4: 0
A5: W2 | B5: Super Wild | C5: =COUNTIF(K:K,$A5) -> 0 | D5: =COUNTIF(L:L,$A5) -> 0 | E5: =COUNTIF(M:M,$A5) -> 0 | F5: =COUNTIF(N:N,$A5) -> 0 | G5: =COUNTIF(O:O,$A5) -> 0 | H5: 1 | J5: 1 | K5: M3 | L5: GA | M5: M3 | N5: M4 | O5: K | Q5: =IF(K5="","",VLOOKUP(K5,$A$4:$H$22,8,FALSE)) -> 5 | R5: =IF(L5="","",VLOOKUP(L5,$A$4:$H$22,8,FALSE)) -> 15 | S5: =IF(M5="","",VLOOKUP(M5,$A$4:$H$22,8,FALSE)) -> 5 | T5: =IF(N5="","",VLOOKUP(N5,$A$4:$H$22,8,FALSE)) -> 6 | U5: =IF(O5="","",VLOOKUP(O5,$A$4:$H$22,8,FALSE)) -> 8 | W5: 1901 | X5: 16411 | Y5: 3160 | Z5: 2100 | AA5: 15802 | AC5: 2 | AD5: 1401 | AF5: W2 | AG5: 0 | AH5: 0 | AI5: 0 | AJ5: 0 | AK5: 0
A6: C1 | B6: Scatter | C6: =COUNTIF(K:K,$A6) -> 2 | D6: =COUNTIF(L:L,$A6) -> 3 | E6: =COUNTIF(M:M,$A6) -> 2 | F6: =COUNTIF(N:N,$A6) -> 3 | G6: =COUNTIF(O:O,$A6) -> 3 | H6: 2 | J6: 2 | K6: K | L6: M2 | M6: M3 | N6: M4 | O6: M2 | Q6: =IF(K6="","",VLOOKUP(K6,$A$4:$H$22,8,FALSE)) -> 8 | R6: =IF(L6="","",VLOOKUP(L6,$A$4:$H$22,8,FALSE)) -> 4 | S6: =IF(M6="","",VLOOKUP(M6,$A$4:$H$22,8,FALSE)) -> 5 | T6: =IF(N6="","",VLOOKUP(N6,$A$4:$H$22,8,FALSE)) -> 6 | U6: =IF(O6="","",VLOOKUP(O6,$A$4:$H$22,8,FALSE)) -> 4 | W6: 1861 | X6: 15855 | Y6: 15528 | Z6: 14282 | AA6: 13430 | AC6: 3 | AD6: 235 | AF6: C1 | AG6: 7756 | AH6: 8994 | AI6: 11130 | AJ6: 9425 | AK6: 10577
A7: M1 | B7: M1 | C7: =COUNTIF(K:K,$A7) -> 14 | D7: =COUNTIF(L:L,$A7) -> 9 | E7: =COUNTIF(M:M,$A7) -> 9 | F7: =COUNTIF(N:N,$A7) -> 8 | G7: =COUNTIF(O:O,$A7) -> 15 | H7: 3 | J7: 3 | K7: K | L7: M4 | M7: Q | N7: Q | O7: M3 | Q7: =IF(K7="","",VLOOKUP(K7,$A$4:$H$22,8,FALSE)) -> 8 | R7: =IF(L7="","",VLOOKUP(L7,$A$4:$H$22,8,FALSE)) -> 6 | S7: =IF(M7="","",VLOOKUP(M7,$A$4:$H$22,8,FALSE)) -> 9 | T7: =IF(N7="","",VLOOKUP(N7,$A$4:$H$22,8,FALSE)) -> 9 | U7: =IF(O7="","",VLOOKUP(O7,$A$4:$H$22,8,FALSE)) -> 5 | W7: 5928 | X7: 16164 | Y7: 15864 | Z7: 17263 | AA7: 15689 | AC7: 4 | AD7: 18 | AF7: M1 | AG7: 49351 | AH7: 87894 | AI7: 47477 | AJ7: 93949 | AK7: 48353
A8: M2 | B8: M2 | C8: =COUNTIF(K:K,$A8) -> 28 | D8: =COUNTIF(L:L,$A8) -> 33 | E8: =COUNTIF(M:M,$A8) -> 15 | F8: =COUNTIF(N:N,$A8) -> 11 | G8: =COUNTIF(O:O,$A8) -> 24 | H8: 4 | J8: 4 | K8: A | L8: Q | M8: M2 | N8: A | O8: Q | Q8: =IF(K8="","",VLOOKUP(K8,$A$4:$H$22,8,FALSE)) -> 7 | R8: =IF(L8="","",VLOOKUP(L8,$A$4:$H$22,8,FALSE)) -> 9 | S8: =IF(M8="","",VLOOKUP(M8,$A$4:$H$22,8,FALSE)) -> 4 | T8: =IF(N8="","",VLOOKUP(N8,$A$4:$H$22,8,FALSE)) -> 7 | U8: =IF(O8="","",VLOOKUP(O8,$A$4:$H$22,8,FALSE)) -> 9 | W8: 13935 | X8: 14293 | Y8: 17160 | Z8: 7612 | AA8: 13092 | AF8: M2 | AG8: 99333 | AH8: 43758 | AI8: 92418 | AJ8: 48470 | AK8: 105470
A9: M3 | B9: M3 | C9: =COUNTIF(K:K,$A9) -> 18 | D9: =COUNTIF(L:L,$A9) -> 10 | E9: =COUNTIF(M:M,$A9) -> 28 | F9: =COUNTIF(N:N,$A9) -> 13 | G9: =COUNTIF(O:O,$A9) -> 30 | H9: 5 | J9: 5 | K9: K | L9: A | M9: Q | N9: M4 | O9: M4 | Q9: =IF(K9="","",VLOOKUP(K9,$A$4:$H$22,8,FALSE)) -> 8 | R9: =IF(L9="","",VLOOKUP(L9,$A$4:$H$22,8,FALSE)) -> 7 | S9: =IF(M9="","",VLOOKUP(M9,$A$4:$H$22,8,FALSE)) -> 9 | T9: =IF(N9="","",VLOOKUP(N9,$A$4:$H$22,8,FALSE)) -> 6 | U9: =IF(O9="","",VLOOKUP(O9,$A$4:$H$22,8,FALSE)) -> 6 | W9: 14296 | X9: 13778 | Y9: 17160 | Z9: 7720 | AA9: 17269 | AF9: M3 | AG9: 100655 | AH9: 68017 | AI9: 68821 | AJ9: 68966 | AK9: 79480
A10: M4 | B10: M4 | C10: =COUNTIF(K:K,$A10) -> 17 | D10: =COUNTIF(L:L,$A10) -> 34 | E10: =COUNTIF(M:M,$A10) -> 12 | F10: =COUNTIF(N:N,$A10) -> 36 | G10: =COUNTIF(O:O,$A10) -> 14 | H10: 6 | J10: 6 | K10: M2 | L10: K | M10: M3 | N10: Q | O10: M2 | Q10: =IF(K10="","",VLOOKUP(K10,$A$4:$H$22,8,FALSE)) -> 4 | R10: =IF(L10="","",VLOOKUP(L10,$A$4:$H$22,8,FALSE)) -> 8 | S10: =IF(M10="","",VLOOKUP(M10,$A$4:$H$22,8,FALSE)) -> 5 | T10: =IF(N10="","",VLOOKUP(N10,$A$4:$H$22,8,FALSE)) -> 9 | U10: =IF(O10="","",VLOOKUP(O10,$A$4:$H$22,8,FALSE)) -> 4 | W10: 12374 | X10: 14293 | Y10: 19439 | Z10: 7185 | AA10: 14560 | AF10: M4 | AG10: 98070 | AH10: 114421 | AI10: 70370 | AJ10: 118783 | AK10: 79480
A11: A | B11: A | C11: =COUNTIF(K:K,$A11) -> 33 | D11: =COUNTIF(L:L,$A11) -> 41 | E11: =COUNTIF(M:M,$A11) -> 14 | F11: =COUNTIF(N:N,$A11) -> 8 | G11: =COUNTIF(O:O,$A11) -> 29 | H11: 7 | J11: 7 | K11: K | L11: M4 | M11: M1 | N11: Q | O11: M3 | Q11: =IF(K11="","",VLOOKUP(K11,$A$4:$H$22,8,FALSE)) -> 8 | R11: =IF(L11="","",VLOOKUP(L11,$A$4:$H$22,8,FALSE)) -> 6 | S11: =IF(M11="","",VLOOKUP(M11,$A$4:$H$22,8,FALSE)) -> 3 | T11: =IF(N11="","",VLOOKUP(N11,$A$4:$H$22,8,FALSE)) -> 9 | U11: =IF(O11="","",VLOOKUP(O11,$A$4:$H$22,8,FALSE)) -> 5 | W11: 16339 | X11: 16905 | Y11: 17830 | Z11: 6655 | AA11: 12189 | AF11: A | AG11: 150063 | AH11: 162790 | AI11: 155110 | AJ11: 169347 | AK11: 153521
A12: K | B12: K | C12: =COUNTIF(K:K,$A12) -> 37 | D12: =COUNTIF(L:L,$A12) -> 11 | E12: =COUNTIF(M:M,$A12) -> 10 | F12: =COUNTIF(N:N,$A12) -> 42 | G12: =COUNTIF(O:O,$A12) -> 24 | H12: 8 | J12: 8 | K12: M3 | L12: M3 | M12: G2 | N12: M4 | O12: M2 | Q12: =IF(K12="","",VLOOKUP(K12,$A$4:$H$22,8,FALSE)) -> 5 | R12: =IF(L12="","",VLOOKUP(L12,$A$4:$H$22,8,FALSE)) -> 5 | S12: =IF(M12="","",VLOOKUP(M12,$A$4:$H$22,8,FALSE)) -> 12 | T12: =IF(N12="","",VLOOKUP(N12,$A$4:$H$22,8,FALSE)) -> 6 | U12: =IF(O12="","",VLOOKUP(O12,$A$4:$H$22,8,FALSE)) -> 4 | W12: 15138 | X12: 17275 | Y12: 17025 | Z12: 5369 | AA12: 12979 | AF12: K | AG12: 150580 | AH12: 161429 | AI12: 142219 | AJ12: 160670 | AK12: 143850
A13: Q | B13: Q | C13: =COUNTIF(K:K,$A13) -> 18 | D13: =COUNTIF(L:L,$A13) -> 11 | E13: =COUNTIF(M:M,$A13) -> 40 | F13: =COUNTIF(N:N,$A13) -> 33 | G13: =COUNTIF(O:O,$A13) -> 31 | H13: 9 | J13: 9 | K13: K | L13: M4 | M13: C1 | N13: M4 | O13: K | Q13: =IF(K13="","",VLOOKUP(K13,$A$4:$H$22,8,FALSE)) -> 8 | R13: =IF(L13="","",VLOOKUP(L13,$A$4:$H$22,8,FALSE)) -> 6 | S13: =IF(M13="","",VLOOKUP(M13,$A$4:$H$22,8,FALSE)) -> 2 | T13: =IF(N13="","",VLOOKUP(N13,$A$4:$H$22,8,FALSE)) -> 6 | U13: =IF(O13="","",VLOOKUP(O13,$A$4:$H$22,8,FALSE)) -> 8 | W13: 15978 | X13: 7666 | Y13: 17651 | Z13: 3990 | AA13: 12791 | AF13: Q | AG13: 173331 | AH13: 135582 | AI13: 177158 | AJ13: 143616 | AK13: 190692
A14: J | B14: J | C14: =COUNTIF(K:K,$A14) -> 33 | D14: =COUNTIF(L:L,$A14) -> 8 | E14: =COUNTIF(M:M,$A14) -> 36 | F14: =COUNTIF(N:N,$A14) -> 12 | G14: =COUNTIF(O:O,$A14) -> 30 | H14: 10 | J14: 10 | K14: M2 | L14: GA | M14: M3 | N14: M4 | O14: M3 | Q14: =IF(K14="","",VLOOKUP(K14,$A$4:$H$22,8,FALSE)) -> 4 | R14: =IF(L14="","",VLOOKUP(L14,$A$4:$H$22,8,FALSE)) -> 15 | S14: =IF(M14="","",VLOOKUP(M14,$A$4:$H$22,8,FALSE)) -> 5 | T14: =IF(N14="","",VLOOKUP(N14,$A$4:$H$22,8,FALSE)) -> 6 | U14: =IF(O14="","",VLOOKUP(O14,$A$4:$H$22,8,FALSE)) -> 5 | W14: 15978 | X14: 7034 | Y14: 14077 | Z14: 6597 | AA14: 12979 | AF14: J | AG14: 170861 | AH14: 138076 | AI14: 171523 | AJ14: 137483 | AK14: 188577
A15: G1 | B15: Golden M1 | C15: =COUNTIF(K:K,$A15) -> 0 | D15: =COUNTIF(L:L,$A15) -> 2 | E15: =COUNTIF(M:M,$A15) -> 2 | F15: =COUNTIF(N:N,$A15) -> 2 | G15: =COUNTIF(O:O,$A15) -> 0 | H15: 11 | J15: 11 | K15: M1 | L15: G4 | M15: G2 | N15: Q | O15: M4 | Q15: =IF(K15="","",VLOOKUP(K15,$A$4:$H$22,8,FALSE)) -> 3 | R15: =IF(L15="","",VLOOKUP(L15,$A$4:$H$22,8,FALSE)) -> 14 | S15: =IF(M15="","",VLOOKUP(M15,$A$4:$H$22,8,FALSE)) -> 12 | T15: =IF(N15="","",VLOOKUP(N15,$A$4:$H$22,8,FALSE)) -> 9 | U15: =IF(O15="","",VLOOKUP(O15,$A$4:$H$22,8,FALSE)) -> 6 | W15: 14656 | X15: 6794 | Y15: 15193 | Z15: 4554 | AA15: 12754 | AF15: G1 | AG15: 0 | AH15: 8049 | AI15: 3775 | AJ15: 5036 | AK15: 0
A16: G2 | B16: Golden M2 | C16: =COUNTIF(K:K,$A16) -> 0 | D16: =COUNTIF(L:L,$A16) -> 7 | E16: =COUNTIF(M:M,$A16) -> 3 | F16: =COUNTIF(N:N,$A16) -> 2 | G16: =COUNTIF(O:O,$A16) -> 0 | H16: 12 | J16: 12 | K16: J | L16: M4 | M16: J | N16: M4 | O16: K | Q16: =IF(K16="","",VLOOKUP(K16,$A$4:$H$22,8,FALSE)) -> 10 | R16: =IF(L16="","",VLOOKUP(L16,$A$4:$H$22,8,FALSE)) -> 6 | S16: =IF(M16="","",VLOOKUP(M16,$A$4:$H$22,8,FALSE)) -> 10 | T16: =IF(N16="","",VLOOKUP(N16,$A$4:$H$22,8,FALSE)) -> 6 | U16: =IF(O16="","",VLOOKUP(O16,$A$4:$H$22,8,FALSE)) -> 8 | W16: 13815 | X16: 7455 | Y16: 15150 | Z16: 9314 | AA16: 15464 | AF16: G2 | AG16: 0 | AH16: 3869 | AI16: 6630 | AJ16: 2483 | AK16: 0
A17: G3 | B17: Golden M3 | C17: =COUNTIF(K:K,$A17) -> 0 | D17: =COUNTIF(L:L,$A17) -> 3 | E17: =COUNTIF(M:M,$A17) -> 6 | F17: =COUNTIF(N:N,$A17) -> 2 | G17: =COUNTIF(O:O,$A17) -> 0 | H17: 13 | J17: 13 | K17: M2 | L17: Q | M17: M2 | N17: K | O17: M1 | Q17: =IF(K17="","",VLOOKUP(K17,$A$4:$H$22,8,FALSE)) -> 4 | R17: =IF(L17="","",VLOOKUP(L17,$A$4:$H$22,8,FALSE)) -> 9 | S17: =IF(M17="","",VLOOKUP(M17,$A$4:$H$22,8,FALSE)) -> 4 | T17: =IF(N17="","",VLOOKUP(N17,$A$4:$H$22,8,FALSE)) -> 8 | U17: =IF(O17="","",VLOOKUP(O17,$A$4:$H$22,8,FALSE)) -> 3 | W17: 11112 | X17: 6347 | Y17: 18367 | Z17: 3990 | AA17: 14108 | AF17: G3 | AG17: 0 | AH17: 6080 | AI17: 5120 | AJ17: 4255 | AK17: 0
A18: G4 | B18: Golden M4 | C18: =COUNTIF(K:K,$A18) -> 0 | D18: =COUNTIF(L:L,$A18) -> 9 | E18: =COUNTIF(M:M,$A18) -> 2 | F18: =COUNTIF(N:N,$A18) -> 8 | G18: =COUNTIF(O:O,$A18) -> 0 | H18: 14 | J18: 14 | K18: M4 | L18: M2 | M18: K | N18: M4 | O18: M2 | Q18: =IF(K18="","",VLOOKUP(K18,$A$4:$H$22,8,FALSE)) -> 6 | R18: =IF(L18="","",VLOOKUP(L18,$A$4:$H$22,8,FALSE)) -> 4 | S18: =IF(M18="","",VLOOKUP(M18,$A$4:$H$22,8,FALSE)) -> 8 | T18: =IF(N18="","",VLOOKUP(N18,$A$4:$H$22,8,FALSE)) -> 6 | U18: =IF(O18="","",VLOOKUP(O18,$A$4:$H$22,8,FALSE)) -> 4 | W18: 13216 | X18: 6436 | Y18: 16892 | Z18: 2827 | AA18: 10270 | AF18: G4 | AG18: 0 | AH18: 10122 | AI18: 4891 | AJ18: 5390 | AK18: 0
A19: GA | B19: Golden A | C19: =COUNTIF(K:K,$A19) -> 0 | D19: =COUNTIF(L:L,$A19) -> 11 | E19: =COUNTIF(M:M,$A19) -> 3 | F19: =COUNTIF(N:N,$A19) -> 2 | G19: =COUNTIF(O:O,$A19) -> 0 | H19: 15 | J19: 15 | K19: J | L19: M2 | M19: Q | N19: K | O19: K | Q19: =IF(K19="","",VLOOKUP(K19,$A$4:$H$22,8,FALSE)) -> 10 | R19: =IF(L19="","",VLOOKUP(L19,$A$4:$H$22,8,FALSE)) -> 4 | S19: =IF(M19="","",VLOOKUP(M19,$A$4:$H$22,8,FALSE)) -> 9 | T19: =IF(N19="","",VLOOKUP(N19,$A$4:$H$22,8,FALSE)) -> 8 | U19: =IF(O19="","",VLOOKUP(O19,$A$4:$H$22,8,FALSE)) -> 8 | W19: 11814 | X19: 5598 | Y19: 14635 | Z19: 1953 | AA19: 8522 | AF19: GA | AG19: 0 | AH19: 13749 | AI19: 10241 | AJ19: 7872 | AK19: 0
... A22: GJ | B22: Golden J | C22: =COUNTIF(K:K,$A22) -> 0 | D22: =COUNTIF(L:L,$A22) -> 2 | E22: =COUNTIF(M:M,$A22) -> 8 | F22: =COUNTIF(N:N,$A22) -> 2 | G22: =COUNTIF(O:O,$A22) -> 0 | H22: 18 | J22: 18 | K22: K | L22: M1 | M22: Q | N22: K | O22: M4 | Q22: =IF(K22="","",VLOOKUP(K22,$A$4:$H$22,8,FALSE)) -> 8 | R22: =IF(L22="","",VLOOKUP(L22,$A$4:$H$22,8,FALSE)) -> 3 | S22: =IF(M22="","",VLOOKUP(M22,$A$4:$H$22,8,FALSE)) -> 9 | T22: =IF(N22="","",VLOOKUP(N22,$A$4:$H$22,8,FALSE)) -> 8 | U22: =IF(O22="","",VLOOKUP(O22,$A$4:$H$22,8,FALSE)) -> 6 | W22: 14896 | X22: 17151 | Y22: 6127 | Z22: 2827 | AA22: 17494 | AF22: GJ | AG22: 0 | AH22: 12056 | AI22: 11258 | AJ22: 8369 | AK22: 0
C23: =SUM(C4:C22) -> 200 | D23: =SUM(D4:D22) -> 200 | E23: =SUM(E4:E22) -> 200 | F23: =SUM(F4:F22) -> 200 | G23: =SUM(G4:G22) -> 200 | J23: 19 | K23: M1 | L23: M2 | M23: A | N23: K | O23: A | Q23: =IF(K23="","",VLOOKUP(K23,$A$4:$H$22,8,FALSE)) -> 3 | R23: =IF(L23="","",VLOOKUP(L23,$A$4:$H$22,8,FALSE)) -> 4 | S23: =IF(M23="","",VLOOKUP(M23,$A$4:$H$22,8,FALSE)) -> 7 | T23: =IF(N23="","",VLOOKUP(N23,$A$4:$H$22,8,FALSE)) -> 8 | U23: =IF(O23="","",VLOOKUP(O23,$A$4:$H$22,8,FALSE)) -> 7 | W23: 15978 | X23: 7774 | Y23: 5839 | Z23: 1953 | AA23: 13995
J24: 20 | K24: M2 | L24: GA | M24: G4 | N24: K | O24: J | Q24: =IF(K24="","",VLOOKUP(K24,$A$4:$H$22,8,FALSE)) -> 4 | R24: =IF(L24="","",VLOOKUP(L24,$A$4:$H$22,8,FALSE)) -> 15 | S24: =IF(M24="","",VLOOKUP(M24,$A$4:$H$22,8,FALSE)) -> 14 | T24: =IF(N24="","",VLOOKUP(N24,$A$4:$H$22,8,FALSE)) -> 8 | U24: =IF(O24="","",VLOOKUP(O24,$A$4:$H$22,8,FALSE)) -> 10 | W24: 14296 | X24: 6480 | Y24: 6031 | Z24: 9314 | AA24: 15464
J25: 21 | K25: M4 | L25: G4 | M25: M4 | N25: M4 | O25: Q | Q25: =IF(K25="","",VLOOKUP(K25,$A$4:$H$22,8,FALSE)) -> 6 | R25: =IF(L25="","",VLOOKUP(L25,$A$4:$H$22,8,FALSE)) -> 14 | S25: =IF(M25="","",VLOOKUP(M25,$A$4:$H$22,8,FALSE)) -> 6 | T25: =IF(N25="","",VLOOKUP(N25,$A$4:$H$22,8,FALSE)) -> 6 | U25: =IF(O25="","",VLOOKUP(O25,$A$4:$H$22,8,FALSE)) -> 9 | W25: 16579 | X25: 6392 | Y25: 7183 | Z25: 13557 | AA25: 12189
J26: 22 | K26: M3 | L26: M4 | M26: J | N26: M1 | O26: J | Q26: =IF(K26="","",VLOOKUP(K26,$A$4:$H$22,8,FALSE)) -> 5 | R26: =IF(L26="","",VLOOKUP(L26,$A$4:$H$22,8,FALSE)) -> 6 | S26: =IF(M26="","",VLOOKUP(M26,$A$4:$H$22,8,FALSE)) -> 10 | T26: =IF(N26="","",VLOOKUP(N26,$A$4:$H$22,8,FALSE)) -> 3 | U26: =IF(O26="","",VLOOKUP(O26,$A$4:$H$22,8,FALSE)) -> 10 | W26: 15138 | X26: 15526 | Y26: 8103 | Z26: 15523 | AA26: 15124
J27: 23 | K27: K | L27: M2 | M27: J | N27: Q | O27: M4 | Q27: =IF(K27="","",VLOOKUP(K27,$A$4:$H$22,8,FALSE)) -> 8 | R27: =IF(L27="","",VLOOKUP(L27,$A$4:$H$22,8,FALSE)) -> 4 | S27: =IF(M27="","",VLOOKUP(M27,$A$4:$H$22,8,FALSE)) -> 10 | T27: =IF(N27="","",VLOOKUP(N27,$A$4:$H$22,8,FALSE)) -> 9 | U27: =IF(O27="","",VLOOKUP(O27,$A$4:$H$22,8,FALSE)) -> 6 | W27: 15738 | X27: 16656 | Y27: 19706 | Z27: 16021 | AA27: 15236
J28: 24 | K28: M2 | L28: M4 | M28: G3 | N28: GK | O28: A | Q28: =IF(K28="","",VLOOKUP(K28,$A$4:$H$22,8,FALSE)) -> 4 | R28: =IF(L28="","",VLOOKUP(L28,$A$4:$H$22,8,FALSE)) -> 6 | S28: =IF(M28="","",VLOOKUP(M28,$A$4:$H$22,8,FALSE)) -> 13 | T28: =IF(N28="","",VLOOKUP(N28,$A$4:$H$22,8,FALSE)) -> 16 | U28: =IF(O28="","",VLOOKUP(O28,$A$4:$H$22,8,FALSE)) -> 7 | W28: 11774 | X28: 17768 | Y28: 7238 | Z28: 18504 | AA28: 14785
J29: 25 | K29: A | L29: A | M29: GJ | N29: M2 | O29: M3 | Q29: =IF(K29="","",VLOOKUP(K29,$A$4:$H$22,8,FALSE)) -> 7 | R29: =IF(L29="","",VLOOKUP(L29,$A$4:$H$22,8,FALSE)) -> 7 | S29: =IF(M29="","",VLOOKUP(M29,$A$4:$H$22,8,FALSE)) -> 18 | T29: =IF(N29="","",VLOOKUP(N29,$A$4:$H$22,8,FALSE)) -> 4 | U29: =IF(O29="","",VLOOKUP(O29,$A$4:$H$22,8,FALSE)) -> 5 | W29: 15738 | X29: 16039 | Y29: 8272 | Z29: 16642 | AA29: 6919
J30: 26 | K30: M3 | L30: G1 | M30: M3 | N30: M1 | O30: A | Q30: =IF(K30="","",VLOOKUP(K30,$A$4:$H$22,8,FALSE)) -> 5 | R30: =IF(L30="","",VLOOKUP(L30,$A$4:$H$22,8,FALSE)) -> 11 | S30: =IF(M30="","",VLOOKUP(M30,$A$4:$H$22,8,FALSE)) -> 5 | T30: =IF(N30="","",VLOOKUP(N30,$A$4:$H$22,8,FALSE)) -> 3 | U30: =IF(O30="","",VLOOKUP(O30,$A$4:$H$22,8,FALSE)) -> 7 | W30: 6435 | X30: 15547 | Y30: 7641 | Z30: 15730 | AA30: 6047
J31: 27 | K31: K | L31: C1 | M31: M3 | N31: A | O31: M3 | Q31: =IF(K31="","",VLOOKUP(K31,$A$4:$H$22,8,FALSE)) -> 8 | R31: =IF(L31="","",VLOOKUP(L31,$A$4:$H$22,8,FALSE)) -> 2 | S31: =IF(M31="","",VLOOKUP(M31,$A$4:$H$22,8,FALSE)) -> 5 | T31: =IF(N31="","",VLOOKUP(N31,$A$4:$H$22,8,FALSE)) -> 7 | U31: =IF(O31="","",VLOOKUP(O31,$A$4:$H$22,8,FALSE)) -> 5 | W31: 6074 | X31: 14910 | Y31: 12110 | Z31: 13350 | AA31: 6094
J32: 28 | K32: J | L32: Q | M32: K | N32: Q | O32: M3 | Q32: =IF(K32="","",VLOOKUP(K32,$A$4:$H$22,8,FALSE)) -> 10 | R32: =IF(L32="","",VLOOKUP(L32,$A$4:$H$22,8,FALSE)) -> 9 | S32: =IF(M32="","",VLOOKUP(M32,$A$4:$H$22,8,FALSE)) -> 8 | T32: =IF(N32="","",VLOOKUP(N32,$A$4:$H$22,8,FALSE)) -> 9 | U32: =IF(O32="","",VLOOKUP(O32,$A$4:$H$22,8,FALSE)) -> 5 | W32: 6009 | X32: 17069 | Y32: 17986 | Z32: 12523 | AA32: 13770
J33: 29 | K33: J | L33: M1 | M33: M2 | N33: M4 | O33: A | Q33: =IF(K33="","",VLOOKUP(K33,$A$4:$H$22,8,FALSE)) -> 10 | R33: =IF(L33="","",VLOOKUP(L33,$A$4:$H$22,8,FALSE)) -> 3 | S33: =IF(M33="","",VLOOKUP(M33,$A$4:$H$22,8,FALSE)) -> 4 | T33: =IF(N33="","",VLOOKUP(N33,$A$4:$H$22,8,FALSE)) -> 6 | U33: =IF(O33="","",VLOOKUP(O33,$A$4:$H$22,8,FALSE)) -> 7 | W33: 12314 | X33: 12442 | Y33: 14747 | Z33: 15110 | AA33: 15011
J34: 30 | K34: K | L34: M4 | M34: GK | N34: K | O34: Q | Q34: =IF(K34="","",VLOOKUP(K34,$A$4:$H$22,8,FALSE)) -> 8 | R34: =IF(L34="","",VLOOKUP(L34,$A$4:$H$22,8,FALSE)) -> 6 | S34: =IF(M34="","",VLOOKUP(M34,$A$4:$H$22,8,FALSE)) -> 16 | T34: =IF(N34="","",VLOOKUP(N34,$A$4:$H$22,8,FALSE)) -> 8 | U34: =IF(O34="","",VLOOKUP(O34,$A$4:$H$22,8,FALSE)) -> 9 | W34: 11914 | X34: 13984 | Y34: 15081 | Z34: 5811 | AA34: 15011
J35: 31 | K35: J | L35: A | M35: M4 | N35: M3 | O35: K | Q35: =IF(K35="","",VLOOKUP(K35,$A$4:$H$22,8,FALSE)) -> 10 | R35: =IF(L35="","",VLOOKUP(L35,$A$4:$H$22,8,FALSE)) -> 7 | S35: =IF(M35="","",VLOOKUP(M35,$A$4:$H$22,8,FALSE)) -> 6 | T35: =IF(N35="","",VLOOKUP(N35,$A$4:$H$22,8,FALSE)) -> 5 | U35: =IF(O35="","",VLOOKUP(O35,$A$4:$H$22,8,FALSE)) -> 8 | W35: 13577 | X35: 12031 | Y35: 12871 | Z35: 6611 | AA35: 15236
... J203: 199 | K203: M3 | L203: K | M203: M3 | N203: Q | O203: Q | Q203: =IF(K203="","",VLOOKUP(K203,$A$4:$H$22,8,FALSE)) -> 5 | R203: =IF(L203="","",VLOOKUP(L203,$A$4:$H$22,8,FALSE)) -> 8 | S203: =IF(M203="","",VLOOKUP(M203,$A$4:$H$22,8,FALSE)) -> 5 | T203: =IF(N203="","",VLOOKUP(N203,$A$4:$H$22,8,FALSE)) -> 9 | U203: =IF(O203="","",VLOOKUP(O203,$A$4:$H$22,8,FALSE)) -> 9 | W203: 17180 | X203: 16780 | Y203: 5217 | Z203: 6812 | AA203: 7224

Sheet BF_Symbol
J2: Symbol | Q2: Symbol ID | W2: Symbol Weight | AC2: Random Wild Trigger Weight | AF2: Symbol Drop Weight
A3: Symbol | B3: Description | C3: R1 | D3: R2 | E3: R3 | F3: R4 | G3: R5 | H3: ID | J3: Line # | K3: R1 | L3: R2 | M3: R3 | N3: R4 | O3: R5 | Q3: R1 | R3: R2 | S3: R3 | T3: R4 | U3: R5 | W3: R1 | X3: R2 | Y3: R3 | Z3: R4 | AA3: R5 | AC3: Random Wild | AD3: Weight | AF3: Symbol | AG3: R1 | AH3: R2 | AI3: R3 | AJ3: R4 | AK3: R5
A4: {=Overview!A30:A48} -> WW | B4: {=Overview!B30:B48} -> Wild | C4: =COUNTIF(K:K,$A4) -> 0 | D4: =COUNTIF(L:L,$A4) -> 0 | E4: =COUNTIF(M:M,$A4) -> 0 | F4: =COUNTIF(N:N,$A4) -> 0 | G4: =COUNTIF(O:O,$A4) -> 0 | H4: {=Overview!H30:H48} -> 0 | J4: 0 | K4: J | L4: M3 | M4: GA | N4: M4 | O4: J | Q4: =IF(K4="","",VLOOKUP(K4,$A$4:$H$22,8,FALSE)) -> 10 | R4: =IF(L4="","",VLOOKUP(L4,$A$4:$H$22,8,FALSE)) -> 5 | S4: =IF(M4="","",VLOOKUP(M4,$A$4:$H$22,8,FALSE)) -> 15 | T4: =IF(N4="","",VLOOKUP(N4,$A$4:$H$22,8,FALSE)) -> 6 | U4: =IF(O4="","",VLOOKUP(O4,$A$4:$H$22,8,FALSE)) -> 10 | W4: 0 | X4: 0 | Y4: 0 | Z4: 33 | AA4: 69 | AC4: 0 | AD4: 1 | AF4: {=A4:A22} -> WW
A5: W2 | B5: Super Wild | C5: =COUNTIF(K:K,$A5) -> 0 | D5: =COUNTIF(L:L,$A5) -> 0 | E5: =COUNTIF(M:M,$A5) -> 0 | F5: =COUNTIF(N:N,$A5) -> 0 | G5: =COUNTIF(O:O,$A5) -> 0 | H5: 1 | J5: 1 | K5: A | L5: M2 | M5: M3 | N5: Q | O5: M3 | Q5: =IF(K5="","",VLOOKUP(K5,$A$4:$H$22,8,FALSE)) -> 7 | R5: =IF(L5="","",VLOOKUP(L5,$A$4:$H$22,8,FALSE)) -> 4 | S5: =IF(M5="","",VLOOKUP(M5,$A$4:$H$22,8,FALSE)) -> 5 | T5: =IF(N5="","",VLOOKUP(N5,$A$4:$H$22,8,FALSE)) -> 9 | U5: =IF(O5="","",VLOOKUP(O5,$A$4:$H$22,8,FALSE)) -> 5 | W5: 0 | X5: 0 | Y5: 0 | Z5: 40 | AA5: 26 | AC5: 2 | AD5: 0 | AF5: W2
A6: C1 | B6: Scatter | C6: =COUNTIF(K:K,$A6) -> 2 | D6: =COUNTIF(L:L,$A6) -> 4 | E6: =COUNTIF(M:M,$A6) -> 3 | F6: =COUNTIF(N:N,$A6) -> 3 | G6: =COUNTIF(O:O,$A6) -> 3 | H6: 2 | J6: 2 | K6: K | L6: K | M6: G3 | N6: M4 | O6: M3 | Q6: =IF(K6="","",VLOOKUP(K6,$A$4:$H$22,8,FALSE)) -> 8 | R6: =IF(L6="","",VLOOKUP(L6,$A$4:$H$22,8,FALSE)) -> 8 | S6: =IF(M6="","",VLOOKUP(M6,$A$4:$H$22,8,FALSE)) -> 13 | T6: =IF(N6="","",VLOOKUP(N6,$A$4:$H$22,8,FALSE)) -> 6 | U6: =IF(O6="","",VLOOKUP(O6,$A$4:$H$22,8,FALSE)) -> 5 | W6: 0 | X6: 0 | Y6: 0 | Z6: 32 | AA6: 27 | AC6: 3 | AD6: 0 | AF6: C1
A7: M1 | B7: M1 | C7: =COUNTIF(K:K,$A7) -> 17 | D7: =COUNTIF(L:L,$A7) -> 12 | E7: =COUNTIF(M:M,$A7) -> 12 | F7: =COUNTIF(N:N,$A7) -> 10 | G7: =COUNTIF(O:O,$A7) -> 16 | H7: 3 | J7: 3 | K7: K | L7: G3 | M7: M1 | N7: M4 | O7: Q | Q7: =IF(K7="","",VLOOKUP(K7,$A$4:$H$22,8,FALSE)) -> 8 | R7: =IF(L7="","",VLOOKUP(L7,$A$4:$H$22,8,FALSE)) -> 13 | S7: =IF(M7="","",VLOOKUP(M7,$A$4:$H$22,8,FALSE)) -> 3 | T7: =IF(N7="","",VLOOKUP(N7,$A$4:$H$22,8,FALSE)) -> 6 | U7: =IF(O7="","",VLOOKUP(O7,$A$4:$H$22,8,FALSE)) -> 9 | W7: 0 | X7: 0 | Y7: 0 | Z7: 33 | AA7: 65 | AC7: 4 | AD7: 0 | AF7: M1
A8: M2 | B8: M2 | C8: =COUNTIF(K:K,$A8) -> 24 | D8: =COUNTIF(L:L,$A8) -> 26 | E8: =COUNTIF(M:M,$A8) -> 14 | F8: =COUNTIF(N:N,$A8) -> 13 | G8: =COUNTIF(O:O,$A8) -> 27 | H8: 4 | J8: 4 | K8: M4 | L8: M4 | M8: J | N8: G4 | O8: M3 | Q8: =IF(K8="","",VLOOKUP(K8,$A$4:$H$22,8,FALSE)) -> 6 | R8: =IF(L8="","",VLOOKUP(L8,$A$4:$H$22,8,FALSE)) -> 6 | S8: =IF(M8="","",VLOOKUP(M8,$A$4:$H$22,8,FALSE)) -> 10 | T8: =IF(N8="","",VLOOKUP(N8,$A$4:$H$22,8,FALSE)) -> 14 | U8: =IF(O8="","",VLOOKUP(O8,$A$4:$H$22,8,FALSE)) -> 5 | W8: 0 | X8: 0 | Y8: 0 | Z8: 20 | AA8: 26 | AF8: M2
A9: M3 | B9: M3 | C9: =COUNTIF(K:K,$A9) -> 22 | D9: =COUNTIF(L:L,$A9) -> 13 | E9: =COUNTIF(M:M,$A9) -> 29 | F9: =COUNTIF(N:N,$A9) -> 13 | G9: =COUNTIF(O:O,$A9) -> 29 | H9: 5 | J9: 5 | K9: A | L9: A | M9: A | N9: M4 | O9: M3 | Q9: =IF(K9="","",VLOOKUP(K9,$A$4:$H$22,8,FALSE)) -> 7 | R9: =IF(L9="","",VLOOKUP(L9,$A$4:$H$22,8,FALSE)) -> 7 | S9: =IF(M9="","",VLOOKUP(M9,$A$4:$H$22,8,FALSE)) -> 7 | T9: =IF(N9="","",VLOOKUP(N9,$A$4:$H$22,8,FALSE)) -> 6 | U9: =IF(O9="","",VLOOKUP(O9,$A$4:$H$22,8,FALSE)) -> 5 | W9: 0 | X9: 0 | Y9: 0 | Z9: 33 | AA9: 27 | AF9: M3
A10: M4 | B10: M4 | C10: =COUNTIF(K:K,$A10) -> 20 | D10: =COUNTIF(L:L,$A10) -> 34 | E10: =COUNTIF(M:M,$A10) -> 15 | F10: =COUNTIF(N:N,$A10) -> 34 | G10: =COUNTIF(O:O,$A10) -> 13 | H10: 6 | J10: 6 | K10: J | L10: M4 | M10: GQ | N10: Q | O10: J | Q10: =IF(K10="","",VLOOKUP(K10,$A$4:$H$22,8,FALSE)) -> 10 | R10: =IF(L10="","",VLOOKUP(L10,$A$4:$H$22,8,FALSE)) -> 6 | S10: =IF(M10="","",VLOOKUP(M10,$A$4:$H$22,8,FALSE)) -> 17 | T10: =IF(N10="","",VLOOKUP(N10,$A$4:$H$22,8,FALSE)) -> 9 | U10: =IF(O10="","",VLOOKUP(O10,$A$4:$H$22,8,FALSE)) -> 10 | W10: 0 | X10: 0 | Y10: 0 | Z10: 40 | AA10: 70 | AF10: M4
A11: A | B11: A | C11: =COUNTIF(K:K,$A11) -> 31 | D11: =COUNTIF(L:L,$A11) -> 34 | E11: =COUNTIF(M:M,$A11) -> 14 | F11: =COUNTIF(N:N,$A11) -> 10 | G11: =COUNTIF(O:O,$A11) -> 30 | H11: 7 | J11: 7 | K11: M2 | L11: K | M11: J | N11: Q | O11: Q | Q11: =IF(K11="","",VLOOKUP(K11,$A$4:$H$22,8,FALSE)) -> 4 | R11: =IF(L11="","",VLOOKUP(L11,$A$4:$H$22,8,FALSE)) -> 8 | S11: =IF(M11="","",VLOOKUP(M11,$A$4:$H$22,8,FALSE)) -> 10 | T11: =IF(N11="","",VLOOKUP(N11,$A$4:$H$22,8,FALSE)) -> 9 | U11: =IF(O11="","",VLOOKUP(O11,$A$4:$H$22,8,FALSE)) -> 9 | W11: 0 | X11: 0 | Y11: 100 | Z11: 40 | AA11: 64 | AF11: A
A12: K | B12: K | C12: =COUNTIF(K:K,$A12) -> 30 | D12: =COUNTIF(L:L,$A12) -> 13 | E12: =COUNTIF(M:M,$A12) -> 11 | F12: =COUNTIF(N:N,$A12) -> 39 | G12: =COUNTIF(O:O,$A12) -> 27 | H12: 8 | J12: 8 | K12: J | L12: Q | M12: M3 | N12: J | O12: J | Q12: =IF(K12="","",VLOOKUP(K12,$A$4:$H$22,8,FALSE)) -> 10 | R12: =IF(L12="","",VLOOKUP(L12,$A$4:$H$22,8,FALSE)) -> 9 | S12: =IF(M12="","",VLOOKUP(M12,$A$4:$H$22,8,FALSE)) -> 5 | T12: =IF(N12="","",VLOOKUP(N12,$A$4:$H$22,8,FALSE)) -> 10 | U12: =IF(O12="","",VLOOKUP(O12,$A$4:$H$22,8,FALSE)) -> 10 | W12: 0 | X12: 0 | Y12: 100 | Z12: 95 | AA12: 69 | AF12: K
A13: Q | B13: Q | C13: =COUNTIF(K:K,$A13) -> 20 | D13: =COUNTIF(L:L,$A13) -> 13 | E13: =COUNTIF(M:M,$A13) -> 33 | F13: =COUNTIF(N:N,$A13) -> 34 | G13: =COUNTIF(O:O,$A13) -> 29 | H13: 9 | J13: 9 | K13: J | L13: M4 | M13: M3 | N13: K | O13: A | Q13: =IF(K13="","",VLOOKUP(K13,$A$4:$H$22,8,FALSE)) -> 10 | R13: =IF(L13="","",VLOOKUP(L13,$A$4:$H$22,8,FALSE)) -> 6 | S13: =IF(M13="","",VLOOKUP(M13,$A$4:$H$22,8,FALSE)) -> 5 | T13: =IF(N13="","",VLOOKUP(N13,$A$4:$H$22,8,FALSE)) -> 8 | U13: =IF(O13="","",VLOOKUP(O13,$A$4:$H$22,8,FALSE)) -> 7 | W13: 0 | X13: 0 | Y13: 100 | Z13: 40 | AA13: 50 | AF13: Q
A14: J | B14: J | C14: =COUNTIF(K:K,$A14) -> 34 | D14: =COUNTIF(L:L,$A14) -> 9 | E14: =COUNTIF(M:M,$A14) -> 33 | F14: =COUNTIF(N:N,$A14) -> 14 | G14: =COUNTIF(O:O,$A14) -> 26 | H14: 10 | J14: 10 | K14: M4 | L14: GK | M14: C1 | N14: K | O14: A | Q14: =IF(K14="","",VLOOKUP(K14,$A$4:$H$22,8,FALSE)) -> 6 | R14: =IF(L14="","",VLOOKUP(L14,$A$4:$H$22,8,FALSE)) -> 16 | S14: =IF(M14="","",VLOOKUP(M14,$A$4:$H$22,8,FALSE)) -> 2 | T14: =IF(N14="","",VLOOKUP(N14,$A$4:$H$22,8,FALSE)) -> 8 | U14: =IF(O14="","",VLOOKUP(O14,$A$4:$H$22,8,FALSE)) -> 7 | W14: 0 | X14: 0 | Y14: 100 | Z14: 40 | AA14: 51 | AF14: J
A15: G1 | B15: Golden M1 | C15: =COUNTIF(K:K,$A15) -> 0 | D15: =COUNTIF(L:L,$A15) -> 3 | E15: =COUNTIF(M:M,$A15) -> 3 | F15: =COUNTIF(N:N,$A15) -> 2 | G15: =COUNTIF(O:O,$A15) -> 0 | H15: 11 | J15: 11 | K15: A | L15: G4 | M15: Q | N15: M4 | O15: J | Q15: =IF(K15="","",VLOOKUP(K15,$A$4:$H$22,8,FALSE)) -> 7 | R15: =IF(L15="","",VLOOKUP(L15,$A$4:$H$22,8,FALSE)) -> 14 | S15: =IF(M15="","",VLOOKUP(M15,$A$4:$H$22,8,FALSE)) -> 9 | T15: =IF(N15="","",VLOOKUP(N15,$A$4:$H$22,8,FALSE)) -> 6 | U15: =IF(O15="","",VLOOKUP(O15,$A$4:$H$22,8,FALSE)) -> 10 | W15: 0 | X15: 0 | Y15: 0 | Z15: 33 | AA15: 70 | AF15: G1
A16: G2 | B16: Golden M2 | C16: =COUNTIF(K:K,$A16) -> 0 | D16: =COUNTIF(L:L,$A16) -> 7 | E16: =COUNTIF(M:M,$A16) -> 3 | F16: =COUNTIF(N:N,$A16) -> 2 | G16: =COUNTIF(O:O,$A16) -> 0 | H16: 12 | J16: 12 | K16: K | L16: Q | M16: G3 | N16: K | O16: M3 | Q16: =IF(K16="","",VLOOKUP(K16,$A$4:$H$22,8,FALSE)) -> 8 | R16: =IF(L16="","",VLOOKUP(L16,$A$4:$H$22,8,FALSE)) -> 9 | S16: =IF(M16="","",VLOOKUP(M16,$A$4:$H$22,8,FALSE)) -> 13 | T16: =IF(N16="","",VLOOKUP(N16,$A$4:$H$22,8,FALSE)) -> 8 | U16: =IF(O16="","",VLOOKUP(O16,$A$4:$H$22,8,FALSE)) -> 5 | W16: 0 | X16: 0 | Y16: 0 | Z16: 40 | AA16: 26 | AF16: G2
A17: G3 | B17: Golden M3 | C17: =COUNTIF(K:K,$A17) -> 0 | D17: =COUNTIF(L:L,$A17) -> 3 | E17: =COUNTIF(M:M,$A17) -> 7 | F17: =COUNTIF(N:N,$A17) -> 2 | G17: =COUNTIF(O:O,$A17) -> 0 | H17: 13 | J17: 13 | K17: A | L17: GA | M17: Q | N17: M2 | O17: Q | Q17: =IF(K17="","",VLOOKUP(K17,$A$4:$H$22,8,FALSE)) -> 7 | R17: =IF(L17="","",VLOOKUP(L17,$A$4:$H$22,8,FALSE)) -> 15 | S17: =IF(M17="","",VLOOKUP(M17,$A$4:$H$22,8,FALSE)) -> 9 | T17: =IF(N17="","",VLOOKUP(N17,$A$4:$H$22,8,FALSE)) -> 4 | U17: =IF(O17="","",VLOOKUP(O17,$A$4:$H$22,8,FALSE)) -> 9 | W17: 0 | X17: 0 | Y17: 0 | Z17: 35 | AA17: 65 | AF17: G3
A18: G4 | B18: Golden M4 | C18: =COUNTIF(K:K,$A18) -> 0 | D18: =COUNTIF(L:L,$A18) -> 10 | E18: =COUNTIF(M:M,$A18) -> 3 | F18: =COUNTIF(N:N,$A18) -> 6 | G18: =COUNTIF(O:O,$A18) -> 0 | H18: 14 | J18: 14 | K18: M1 | L18: M3 | M18: Q | N18: GK | O18: A | Q18: =IF(K18="","",VLOOKUP(K18,$A$4:$H$22,8,FALSE)) -> 3 | R18: =IF(L18="","",VLOOKUP(L18,$A$4:$H$22,8,FALSE)) -> 5 | S18: =IF(M18="","",VLOOKUP(M18,$A$4:$H$22,8,FALSE)) -> 9 | T18: =IF(N18="","",VLOOKUP(N18,$A$4:$H$22,8,FALSE)) -> 16 | U18: =IF(O18="","",VLOOKUP(O18,$A$4:$H$22,8,FALSE)) -> 7 | W18: 0 | X18: 0 | Y18: 0 | Z18: 25 | AA18: 50 | AF18: G4
A19: GA | B19: Golden A | C19: =COUNTIF(K:K,$A19) -> 0 | D19: =COUNTIF(L:L,$A19) -> 10 | E19: =COUNTIF(M:M,$A19) -> 3 | F19: =COUNTIF(N:N,$A19) -> 2 | G19: =COUNTIF(O:O,$A19) -> 0 | H19: 15 | J19: 15 | K19: J | L19: C1 | M19: M2 | N19: K | O19: M2 | Q19: =IF(K19="","",VLOOKUP(K19,$A$4:$H$22,8,FALSE)) -> 10 | R19: =IF(L19="","",VLOOKUP(L19,$A$4:$H$22,8,FALSE)) -> 2 | S19: =IF(M19="","",VLOOKUP(M19,$A$4:$H$22,8,FALSE)) -> 4 | T19: =IF(N19="","",VLOOKUP(N19,$A$4:$H$22,8,FALSE)) -> 8 | U19: =IF(O19="","",VLOOKUP(O19,$A$4:$H$22,8,FALSE)) -> 4 | W19: 0 | X19: 100 | Y19: 0 | Z19: 40 | AA19: 40 | AF19: GA
... A22: GJ | B22: Golden J | C22: =COUNTIF(K:K,$A22) -> 0 | D22: =COUNTIF(L:L,$A22) -> 2 | E22: =COUNTIF(M:M,$A22) -> 7 | F22: =COUNTIF(N:N,$A22) -> 3 | G22: =COUNTIF(O:O,$A22) -> 0 | H22: 18 | J22: 18 | K22: M4 | L22: A | M22: M1 | N22: K | O22: A | Q22: =IF(K22="","",VLOOKUP(K22,$A$4:$H$22,8,FALSE)) -> 6 | R22: =IF(L22="","",VLOOKUP(L22,$A$4:$H$22,8,FALSE)) -> 7 | S22: =IF(M22="","",VLOOKUP(M22,$A$4:$H$22,8,FALSE)) -> 3 | T22: =IF(N22="","",VLOOKUP(N22,$A$4:$H$22,8,FALSE)) -> 8 | U22: =IF(O22="","",VLOOKUP(O22,$A$4:$H$22,8,FALSE)) -> 7 | W22: 0 | X22: 0 | Y22: 0 | Z22: 40 | AA22: 51 | AF22: GJ
C23: =SUM(C4:C22) -> 200 | D23: =SUM(D4:D22) -> 200 | E23: =SUM(E4:E22) -> 200 | F23: =SUM(F4:F22) -> 200 | G23: =SUM(G4:G22) -> 200 | J23: 19 | K23: A | L23: M2 | M23: M4 | N23: K | O23: Q | Q23: =IF(K23="","",VLOOKUP(K23,$A$4:$H$22,8,FALSE)) -> 7 | R23: =IF(L23="","",VLOOKUP(L23,$A$4:$H$22,8,FALSE)) -> 4 | S23: =IF(M23="","",VLOOKUP(M23,$A$4:$H$22,8,FALSE)) -> 6 | T23: =IF(N23="","",VLOOKUP(N23,$A$4:$H$22,8,FALSE)) -> 8 | U23: =IF(O23="","",VLOOKUP(O23,$A$4:$H$22,8,FALSE)) -> 9 | W23: 0 | X23: 0 | Y23: 0 | Z23: 39 | AA23: 65
J24: 20 | K24: M3 | L24: G2 | M24: GQ | N24: K | O24: M3 | Q24: =IF(K24="","",VLOOKUP(K24,$A$4:$H$22,8,FALSE)) -> 5 | R24: =IF(L24="","",VLOOKUP(L24,$A$4:$H$22,8,FALSE)) -> 12 | S24: =IF(M24="","",VLOOKUP(M24,$A$4:$H$22,8,FALSE)) -> 17 | T24: =IF(N24="","",VLOOKUP(N24,$A$4:$H$22,8,FALSE)) -> 8 | U24: =IF(O24="","",VLOOKUP(O24,$A$4:$H$22,8,FALSE)) -> 5 | W24: 0 | X24: 0 | Y24: 0 | Z24: 40 | AA24: 27
J25: 21 | K25: M3 | L25: M2 | M25: A | N25: Q | O25: J | Q25: =IF(K25="","",VLOOKUP(K25,$A$4:$H$22,8,FALSE)) -> 5 | R25: =IF(L25="","",VLOOKUP(L25,$A$4:$H$22,8,FALSE)) -> 4 | S25: =IF(M25="","",VLOOKUP(M25,$A$4:$H$22,8,FALSE)) -> 7 | T25: =IF(N25="","",VLOOKUP(N25,$A$4:$H$22,8,FALSE)) -> 9 | U25: =IF(O25="","",VLOOKUP(O25,$A$4:$H$22,8,FALSE)) -> 10 | W25: 0 | X25: 0 | Y25: 0 | Z25: 40 | AA25: 69
J26: 22 | K26: K | L26: M2 | M26: K | N26: GK | O26: J | Q26: =IF(K26="","",VLOOKUP(K26,$A$4:$H$22,8,FALSE)) -> 8 | R26: =IF(L26="","",VLOOKUP(L26,$A$4:$H$22,8,FALSE)) -> 4 | S26: =IF(M26="","",VLOOKUP(M26,$A$4:$H$22,8,FALSE)) -> 8 | T26: =IF(N26="","",VLOOKUP(N26,$A$4:$H$22,8,FALSE)) -> 16 | U26: =IF(O26="","",VLOOKUP(O26,$A$4:$H$22,8,FALSE)) -> 10 | W26: 0 | X26: 0 | Y26: 0 | Z26: 24 | AA26: 70
J27: 23 | K27: M2 | L27: A | M27: G1 | N27: K | O27: J | Q27: =IF(K27="","",VLOOKUP(K27,$A$4:$H$22,8,FALSE)) -> 4 | R27: =IF(L27="","",VLOOKUP(L27,$A$4:$H$22,8,FALSE)) -> 7 | S27: =IF(M27="","",VLOOKUP(M27,$A$4:$H$22,8,FALSE)) -> 11 | T27: =IF(N27="","",VLOOKUP(N27,$A$4:$H$22,8,FALSE)) -> 8 | U27: =IF(O27="","",VLOOKUP(O27,$A$4:$H$22,8,FALSE)) -> 10 | W27: 0 | X27: 0 | Y27: 0 | Z27: 40 | AA27: 69
J28: 24 | K28: M1 | L28: GA | M28: M3 | N28: Q | O28: J | Q28: =IF(K28="","",VLOOKUP(K28,$A$4:$H$22,8,FALSE)) -> 3 | R28: =IF(L28="","",VLOOKUP(L28,$A$4:$H$22,8,FALSE)) -> 15 | S28: =IF(M28="","",VLOOKUP(M28,$A$4:$H$22,8,FALSE)) -> 5 | T28: =IF(N28="","",VLOOKUP(N28,$A$4:$H$22,8,FALSE)) -> 9 | U28: =IF(O28="","",VLOOKUP(O28,$A$4:$H$22,8,FALSE)) -> 10 | W28: 0 | X28: 0 | Y28: 0 | Z28: 41 | AA28: 70
J29: 25 | K29: Q | L29: M2 | M29: G3 | N29: M4 | O29: M4 | Q29: =IF(K29="","",VLOOKUP(K29,$A$4:$H$22,8,FALSE)) -> 9 | R29: =IF(L29="","",VLOOKUP(L29,$A$4:$H$22,8,FALSE)) -> 4 | S29: =IF(M29="","",VLOOKUP(M29,$A$4:$H$22,8,FALSE)) -> 13 | T29: =IF(N29="","",VLOOKUP(N29,$A$4:$H$22,8,FALSE)) -> 6 | U29: =IF(O29="","",VLOOKUP(O29,$A$4:$H$22,8,FALSE)) -> 6 | W29: 0 | X29: 0 | Y29: 0 | Z29: 32 | AA29: 64
J30: 26 | K30: M2 | L30: M2 | M30: Q | N30: Q | O30: K | Q30: =IF(K30="","",VLOOKUP(K30,$A$4:$H$22,8,FALSE)) -> 4 | R30: =IF(L30="","",VLOOKUP(L30,$A$4:$H$22,8,FALSE)) -> 4 | S30: =IF(M30="","",VLOOKUP(M30,$A$4:$H$22,8,FALSE)) -> 9 | T30: =IF(N30="","",VLOOKUP(N30,$A$4:$H$22,8,FALSE)) -> 9 | U30: =IF(O30="","",VLOOKUP(O30,$A$4:$H$22,8,FALSE)) -> 8 | W30: 0 | X30: 0 | Y30: 0 | Z30: 40 | AA30: 55
J31: 27 | K31: A | L31: M4 | M31: M3 | N31: M4 | O31: K | Q31: =IF(K31="","",VLOOKUP(K31,$A$4:$H$22,8,FALSE)) -> 7 | R31: =IF(L31="","",VLOOKUP(L31,$A$4:$H$22,8,FALSE)) -> 6 | S31: =IF(M31="","",VLOOKUP(M31,$A$4:$H$22,8,FALSE)) -> 5 | T31: =IF(N31="","",VLOOKUP(N31,$A$4:$H$22,8,FALSE)) -> 6 | U31: =IF(O31="","",VLOOKUP(O31,$A$4:$H$22,8,FALSE)) -> 8 | W31: 0 | X31: 0 | Y31: 0 | Z31: 33 | AA31: 55
J32: 28 | K32: J | L32: GK | M32: Q | N32: M4 | O32: M2 | Q32: =IF(K32="","",VLOOKUP(K32,$A$4:$H$22,8,FALSE)) -> 10 | R32: =IF(L32="","",VLOOKUP(L32,$A$4:$H$22,8,FALSE)) -> 16 | S32: =IF(M32="","",VLOOKUP(M32,$A$4:$H$22,8,FALSE)) -> 9 | T32: =IF(N32="","",VLOOKUP(N32,$A$4:$H$22,8,FALSE)) -> 6 | U32: =IF(O32="","",VLOOKUP(O32,$A$4:$H$22,8,FALSE)) -> 4 | W32: 0 | X32: 0 | Y32: 0 | Z32: 33 | AA32: 41
J33: 29 | K33: J | L33: M3 | M33: M2 | N33: M4 | O33: M1 | Q33: =IF(K33="","",VLOOKUP(K33,$A$4:$H$22,8,FALSE)) -> 10 | R33: =IF(L33="","",VLOOKUP(L33,$A$4:$H$22,8,FALSE)) -> 5 | S33: =IF(M33="","",VLOOKUP(M33,$A$4:$H$22,8,FALSE)) -> 4 | T33: =IF(N33="","",VLOOKUP(N33,$A$4:$H$22,8,FALSE)) -> 6 | U33: =IF(O33="","",VLOOKUP(O33,$A$4:$H$22,8,FALSE)) -> 3 | W33: 0 | X33: 0 | Y33: 0 | Z33: 33 | AA33: 33
J34: 30 | K34: Q | L34: A | M34: A | N34: Q | O34: Q | Q34: =IF(K34="","",VLOOKUP(K34,$A$4:$H$22,8,FALSE)) -> 9 | R34: =IF(L34="","",VLOOKUP(L34,$A$4:$H$22,8,FALSE)) -> 7 | S34: =IF(M34="","",VLOOKUP(M34,$A$4:$H$22,8,FALSE)) -> 7 | T34: =IF(N34="","",VLOOKUP(N34,$A$4:$H$22,8,FALSE)) -> 9 | U34: =IF(O34="","",VLOOKUP(O34,$A$4:$H$22,8,FALSE)) -> 9 | W34: 0 | X34: 0 | Y34: 0 | Z34: 40 | AA34: 64
J35: 31 | K35: J | L35: M1 | M35: M2 | N35: K | O35: Q | Q35: =IF(K35="","",VLOOKUP(K35,$A$4:$H$22,8,FALSE)) -> 10 | R35: =IF(L35="","",VLOOKUP(L35,$A$4:$H$22,8,FALSE)) -> 3 | S35: =IF(M35="","",VLOOKUP(M35,$A$4:$H$22,8,FALSE)) -> 4 | T35: =IF(N35="","",VLOOKUP(N35,$A$4:$H$22,8,FALSE)) -> 8 | U35: =IF(O35="","",VLOOKUP(O35,$A$4:$H$22,8,FALSE)) -> 9 | W35: 0 | X35: 0 | Y35: 0 | Z35: 40 | AA35: 65
... J203: 199 | K203: M3 | L203: A | M203: J | N203: M4 | O203: C1 | Q203: =IF(K203="","",VLOOKUP(K203,$A$4:$H$22,8,FALSE)) -> 5 | R203: =IF(L203="","",VLOOKUP(L203,$A$4:$H$22,8,FALSE)) -> 7 | S203: =IF(M203="","",VLOOKUP(M203,$A$4:$H$22,8,FALSE)) -> 10 | T203: =IF(N203="","",VLOOKUP(N203,$A$4:$H$22,8,FALSE)) -> 6 | U203: =IF(O203="","",VLOOKUP(O203,$A$4:$H$22,8,FALSE)) -> 2 | W203: 0 | X203: 0 | Y203: 0 | Z203: 33 | AA203: 33
J204: 200 | Q204: =IF(K204="","",VLOOKUP(K204,$A$4:$H$22,8,FALSE)) | R204: =IF(L204="","",VLOOKUP(L204,$A$4:$H$22,8,FALSE)) | S204: =IF(M204="","",VLOOKUP(M204,$A$4:$H$22,8,FALSE)) | T204: =IF(N204="","",VLOOKUP(N204,$A$4:$H$22,8,FALSE)) | U204: =IF(O204="","",VLOOKUP(O204,$A$4:$H$22,8,FALSE))
J205: 201 | Q205: =IF(K205="","",VLOOKUP(K205,$A$4:$H$22,8,FALSE)) | R205: =IF(L205="","",VLOOKUP(L205,$A$4:$H$22,8,FALSE)) | S205: =IF(M205="","",VLOOKUP(M205,$A$4:$H$22,8,FALSE)) | T205: =IF(N205="","",VLOOKUP(N205,$A$4:$H$22,8,FALSE)) | U205: =IF(O205="","",VLOOKUP(O205,$A$4:$H$22,8,FALSE))
J206: 202 | Q206: =IF(K206="","",VLOOKUP(K206,$A$4:$H$22,8,FALSE)) | R206: =IF(L206="","",VLOOKUP(L206,$A$4:$H$22,8,FALSE)) | S206: =IF(M206="","",VLOOKUP(M206,$A$4:$H$22,8,FALSE)) | T206: =IF(N206="","",VLOOKUP(N206,$A$4:$H$22,8,FALSE)) | U206: =IF(O206="","",VLOOKUP(O206,$A$4:$H$22,8,FALSE))
J207: 203 | Q207: =IF(K207="","",VLOOKUP(K207,$A$4:$H$22,8,FALSE)) | R207: =IF(L207="","",VLOOKUP(L207,$A$4:$H$22,8,FALSE)) | S207: =IF(M207="","",VLOOKUP(M207,$A$4:$H$22,8,FALSE)) | T207: =IF(N207="","",VLOOKUP(N207,$A$4:$H$22,8,FALSE)) | U207: =IF(O207="","",VLOOKUP(O207,$A$4:$H$22,8,FALSE))
J208: 204 | Q208: =IF(K208="","",VLOOKUP(K208,$A$4:$H$22,8,FALSE)) | R208: =IF(L208="","",VLOOKUP(L208,$A$4:$H$22,8,FALSE)) | S208: =IF(M208="","",VLOOKUP(M208,$A$4:$H$22,8,FALSE)) | T208: =IF(N208="","",VLOOKUP(N208,$A$4:$H$22,8,FALSE)) | U208: =IF(O208="","",VLOOKUP(O208,$A$4:$H$22,8,FALSE))
J209: 205 | Q209: =IF(K209="","",VLOOKUP(K209,$A$4:$H$22,8,FALSE)) | R209: =IF(L209="","",VLOOKUP(L209,$A$4:$H$22,8,FALSE)) | S209: =IF(M209="","",VLOOKUP(M209,$A$4:$H$22,8,FALSE)) | T209: =IF(N209="","",VLOOKUP(N209,$A$4:$H$22,8,FALSE)) | U209: =IF(O209="","",VLOOKUP(O209,$A$4:$H$22,8,FALSE))
J210: 206 | Q210: =IF(K210="","",VLOOKUP(K210,$A$4:$H$22,8,FALSE)) | R210: =IF(L210="","",VLOOKUP(L210,$A$4:$H$22,8,FALSE)) | S210: =IF(M210="","",VLOOKUP(M210,$A$4:$H$22,8,FALSE)) | T210: =IF(N210="","",VLOOKUP(N210,$A$4:$H$22,8,FALSE)) | U210: =IF(O210="","",VLOOKUP(O210,$A$4:$H$22,8,FALSE))
J211: 207 | Q211: =IF(K211="","",VLOOKUP(K211,$A$4:$H$22,8,FALSE)) | R211: =IF(L211="","",VLOOKUP(L211,$A$4:$H$22,8,FALSE)) | S211: =IF(M211="","",VLOOKUP(M211,$A$4:$H$22,8,FALSE)) | T211: =IF(N211="","",VLOOKUP(N211,$A$4:$H$22,8,FALSE)) | U211: =IF(O211="","",VLOOKUP(O211,$A$4:$H$22,8,FALSE))
J212: 208 | Q212: =IF(K212="","",VLOOKUP(K212,$A$4:$H$22,8,FALSE)) | R212: =IF(L212="","",VLOOKUP(L212,$A$4:$H$22,8,FALSE)) | S212: =IF(M212="","",VLOOKUP(M212,$A$4:$H$22,8,FALSE)) | T212: =IF(N212="","",VLOOKUP(N212,$A$4:$H$22,8,FALSE)) | U212: =IF(O212="","",VLOOKUP(O212,$A$4:$H$22,8,FALSE))
J213: 209 | Q213: =IF(K213="","",VLOOKUP(K213,$A$4:$H$22,8,FALSE)) | R213: =IF(L213="","",VLOOKUP(L213,$A$4:$H$22,8,FALSE)) | S213: =IF(M213="","",VLOOKUP(M213,$A$4:$H$22,8,FALSE)) | T213: =IF(N213="","",VLOOKUP(N213,$A$4:$H$22,8,FALSE)) | U213: =IF(O213="","",VLOOKUP(O213,$A$4:$H$22,8,FALSE))
J214: 210 | Q214: =IF(K214="","",VLOOKUP(K214,$A$4:$H$22,8,FALSE)) | R214: =IF(L214="","",VLOOKUP(L214,$A$4:$H$22,8,FALSE)) | S214: =IF(M214="","",VLOOKUP(M214,$A$4:$H$22,8,FALSE)) | T214: =IF(N214="","",VLOOKUP(N214,$A$4:$H$22,8,FALSE)) | U214: =IF(O214="","",VLOOKUP(O214,$A$4:$H$22,8,FALSE))
J215: 211 | Q215: =IF(K215="","",VLOOKUP(K215,$A$4:$H$22,8,FALSE)) | R215: =IF(L215="","",VLOOKUP(L215,$A$4:$H$22,8,FALSE)) | S215: =IF(M215="","",VLOOKUP(M215,$A$4:$H$22,8,FALSE)) | T215: =IF(N215="","",VLOOKUP(N215,$A$4:$H$22,8,FALSE)) | U215: =IF(O215="","",VLOOKUP(O215,$A$4:$H$22,8,FALSE))
... J403: 399 | Q403: =IF(K403="","",VLOOKUP(K403,$A$4:$H$22,8,FALSE)) | R403: =IF(L403="","",VLOOKUP(L403,$A$4:$H$22,8,FALSE)) | S403: =IF(M403="","",VLOOKUP(M403,$A$4:$H$22,8,FALSE)) | T403: =IF(N403="","",VLOOKUP(N403,$A$4:$H$22,8,FALSE)) | U403: =IF(O403="","",VLOOKUP(O403,$A$4:$H$22,8,FALSE))

Sheet SF_Symbol
J2: Symbol | Q2: Symbol ID | W2: Symbol Weight | AC2: Random Wild Trigger Weight | AF2: Symbol Drop Weight
A3: Symbol | B3: Description | C3: R1 | D3: R2 | E3: R3 | F3: R4 | G3: R5 | H3: ID | J3: Line # | K3: R1 | L3: R2 | M3: R3 | N3: R4 | O3: R5 | Q3: R1 | R3: R2 | S3: R3 | T3: R4 | U3: R5 | W3: R1 | X3: R2 | Y3: R3 | Z3: R4 | AA3: R5 | AC3: Random Wild | AD3: Weight | AF3: Symbol | AG3: R1 | AH3: R2 | AI3: R3 | AJ3: R4 | AK3: R5
A4: {=Overview!A30:A48} -> WW | B4: {=Overview!B30:B48} -> Wild | C4: =COUNTIF(K:K,$A4) -> 0 | D4: =COUNTIF(L:L,$A4) -> 0 | E4: =COUNTIF(M:M,$A4) -> 0 | F4: =COUNTIF(N:N,$A4) -> 0 | G4: =COUNTIF(O:O,$A4) -> 0 | H4: {=Overview!H30:H48} -> 0 | J4: 0 | K4: J | L4: G2 | M4: GQ | N4: GQ | O4: A | Q4: =IF(K4="","",VLOOKUP(K4,$A$4:$H$22,8,FALSE)) -> 10 | R4: =IF(L4="","",VLOOKUP(L4,$A$4:$H$22,8,FALSE)) -> 12 | S4: =IF(M4="","",VLOOKUP(M4,$A$4:$H$22,8,FALSE)) -> 17 | T4: =IF(N4="","",VLOOKUP(N4,$A$4:$H$22,8,FALSE)) -> 17 | U4: =IF(O4="","",VLOOKUP(O4,$A$4:$H$22,8,FALSE)) -> 7 | W4: 3410 | X4: 13266 | Y4: 7364 | Z4: 5550 | AA4: 13285 | AC4: 0 | AD4: 0 | AF4: WW | AG4: 0 | AH4: 0 | AI4: 0 | AJ4: 0 | AK4: 0
A5: W2 | B5: Super Wild | C5: =COUNTIF(K:K,$A5) -> 0 | D5: =COUNTIF(L:L,$A5) -> 0 | E5: =COUNTIF(M:M,$A5) -> 0 | F5: =COUNTIF(N:N,$A5) -> 0 | G5: =COUNTIF(O:O,$A5) -> 0 | H5: 1 | J5: 1 | K5: M3 | L5: GA | M5: M3 | N5: M4 | O5: K | Q5: =IF(K5="","",VLOOKUP(K5,$A$4:$H$22,8,FALSE)) -> 5 | R5: =IF(L5="","",VLOOKUP(L5,$A$4:$H$22,8,FALSE)) -> 15 | S5: =IF(M5="","",VLOOKUP(M5,$A$4:$H$22,8,FALSE)) -> 5 | T5: =IF(N5="","",VLOOKUP(N5,$A$4:$H$22,8,FALSE)) -> 6 | U5: =IF(O5="","",VLOOKUP(O5,$A$4:$H$22,8,FALSE)) -> 8 | W5: 3515 | X5: 12693 | Y5: 5341 | Z5: 3793 | AA5: 13191 | AC5: 2 | AD5: 1000 | AF5: W2 | AG5: 0 | AH5: 0 | AI5: 0 | AJ5: 0 | AK5: 0
A6: C1 | B6: Scatter | C6: =COUNTIF(K:K,$A6) -> 2 | D6: =COUNTIF(L:L,$A6) -> 3 | E6: =COUNTIF(M:M,$A6) -> 2 | F6: =COUNTIF(N:N,$A6) -> 3 | G6: =COUNTIF(O:O,$A6) -> 3 | H6: 2 | J6: 2 | K6: K | L6: M2 | M6: M3 | N6: M4 | O6: M2 | Q6: =IF(K6="","",VLOOKUP(K6,$A$4:$H$22,8,FALSE)) -> 8 | R6: =IF(L6="","",VLOOKUP(L6,$A$4:$H$22,8,FALSE)) -> 4 | S6: =IF(M6="","",VLOOKUP(M6,$A$4:$H$22,8,FALSE)) -> 5 | T6: =IF(N6="","",VLOOKUP(N6,$A$4:$H$22,8,FALSE)) -> 6 | U6: =IF(O6="","",VLOOKUP(O6,$A$4:$H$22,8,FALSE)) -> 4 | W6: 3437 | X6: 12263 | Y6: 11247 | Z6: 11060 | AA6: 11212 | AC6: 3 | AD6: 300 | AF6: C1 | AG6: 5677 | AH6: 5615 | AI6: 7924 | AJ6: 12225 | AK6: 16358
A7: M1 | B7: M1 | C7: =COUNTIF(K:K,$A7) -> 14 | D7: =COUNTIF(L:L,$A7) -> 7 | E7: =COUNTIF(M:M,$A7) -> 7 | F7: =COUNTIF(N:N,$A7) -> 6 | G7: =COUNTIF(O:O,$A7) -> 15 | H7: 3 | J7: 3 | K7: K | L7: G4 | M7: Q | N7: Q | O7: M3 | Q7: =IF(K7="","",VLOOKUP(K7,$A$4:$H$22,8,FALSE)) -> 8 | R7: =IF(L7="","",VLOOKUP(L7,$A$4:$H$22,8,FALSE)) -> 14 | S7: =IF(M7="","",VLOOKUP(M7,$A$4:$H$22,8,FALSE)) -> 9 | T7: =IF(N7="","",VLOOKUP(N7,$A$4:$H$22,8,FALSE)) -> 9 | U7: =IF(O7="","",VLOOKUP(O7,$A$4:$H$22,8,FALSE)) -> 5 | W7: 4695 | X7: 12502 | Y7: 11490 | Z7: 13369 | AA7: 13097 | AC7: 4 | AD7: 100 | AF7: M1 | AG7: 36121 | AH7: 54875 | AI7: 33802 | AJ7: 121868 | AK7: 74781
A8: M2 | B8: M2 | C8: =COUNTIF(K:K,$A8) -> 28 | D8: =COUNTIF(L:L,$A8) -> 26 | E8: =COUNTIF(M:M,$A8) -> 12 | F8: =COUNTIF(N:N,$A8) -> 9 | G8: =COUNTIF(O:O,$A8) -> 24 | H8: 4 | J8: 4 | K8: A | L8: GQ | M8: M2 | N8: A | O8: Q | Q8: =IF(K8="","",VLOOKUP(K8,$A$4:$H$22,8,FALSE)) -> 7 | R8: =IF(L8="","",VLOOKUP(L8,$A$4:$H$22,8,FALSE)) -> 17 | S8: =IF(M8="","",VLOOKUP(M8,$A$4:$H$22,8,FALSE)) -> 4 | T8: =IF(N8="","",VLOOKUP(N8,$A$4:$H$22,8,FALSE)) -> 7 | U8: =IF(O8="","",VLOOKUP(O8,$A$4:$H$22,8,FALSE)) -> 9 | W8: 11038 | X8: 11055 | Y8: 12429 | Z8: 13753 | AA8: 10929 | AF8: M2 | AG8: 72704 | AH8: 27320 | AI8: 65799 | AJ8: 62874 | AK8: 163116
A9: M3 | B9: M3 | C9: =COUNTIF(K:K,$A9) -> 18 | D9: =COUNTIF(L:L,$A9) -> 7 | E9: =COUNTIF(M:M,$A9) -> 22 | F9: =COUNTIF(N:N,$A9) -> 11 | G9: =COUNTIF(O:O,$A9) -> 30 | H9: 5 | J9: 5 | K9: K | L9: A | M9: Q | N9: G4 | O9: M4 | Q9: =IF(K9="","",VLOOKUP(K9,$A$4:$H$22,8,FALSE)) -> 8 | R9: =IF(L9="","",VLOOKUP(L9,$A$4:$H$22,8,FALSE)) -> 7 | S9: =IF(M9="","",VLOOKUP(M9,$A$4:$H$22,8,FALSE)) -> 9 | T9: =IF(N9="","",VLOOKUP(N9,$A$4:$H$22,8,FALSE)) -> 14 | U9: =IF(O9="","",VLOOKUP(O9,$A$4:$H$22,8,FALSE)) -> 6 | W9: 11324 | X9: 10657 | Y9: 12429 | Z9: 13946 | AA9: 14416 | AF9: M3 | AG9: 73672 | AH9: 42465 | AI9: 48998 | AJ9: 89460 | AK9: 122921
A10: M4 | B10: M4 | C10: =COUNTIF(K:K,$A10) -> 17 | D10: =COUNTIF(L:L,$A10) -> 27 | E10: =COUNTIF(M:M,$A10) -> 10 | F10: =COUNTIF(N:N,$A10) -> 28 | G10: =COUNTIF(O:O,$A10) -> 14 | H10: 6 | J10: 6 | K10: M2 | L10: K | M10: M3 | N10: Q | O10: M2 | Q10: =IF(K10="","",VLOOKUP(K10,$A$4:$H$22,8,FALSE)) -> 4 | R10: =IF(L10="","",VLOOKUP(L10,$A$4:$H$22,8,FALSE)) -> 8 | S10: =IF(M10="","",VLOOKUP(M10,$A$4:$H$22,8,FALSE)) -> 5 | T10: =IF(N10="","",VLOOKUP(N10,$A$4:$H$22,8,FALSE)) -> 9 | U10: =IF(O10="","",VLOOKUP(O10,$A$4:$H$22,8,FALSE)) -> 4 | W10: 9801 | X10: 11055 | Y10: 14079 | Z10: 12984 | AA10: 12155 | AF10: M4 | AG10: 71779 | AH10: 71436 | AI10: 50101 | AJ10: 154081 | AK10: 122921
A11: A | B11: A | C11: =COUNTIF(K:K,$A11) -> 33 | D11: =COUNTIF(L:L,$A11) -> 30 | E11: =COUNTIF(M:M,$A11) -> 11 | F11: =COUNTIF(N:N,$A11) -> 6 | G11: =COUNTIF(O:O,$A11) -> 29 | H11: 7 | J11: 7 | K11: K | L11: M4 | M11: M1 | N11: Q | O11: M3 | Q11: =IF(K11="","",VLOOKUP(K11,$A$4:$H$22,8,FALSE)) -> 8 | R11: =IF(L11="","",VLOOKUP(L11,$A$4:$H$22,8,FALSE)) -> 6 | S11: =IF(M11="","",VLOOKUP(M11,$A$4:$H$22,8,FALSE)) -> 3 | T11: =IF(N11="","",VLOOKUP(N11,$A$4:$H$22,8,FALSE)) -> 9 | U11: =IF(O11="","",VLOOKUP(O11,$A$4:$H$22,8,FALSE)) -> 5 | W11: 12942 | X11: 13075 | Y11: 12914 | Z11: 12022 | AA11: 10175 | AF11: A | AG11: 109834 | AH11: 101634 | AI11: 110433 | AJ11: 219672 | AK11: 237430
A12: K | B12: K | C12: =COUNTIF(K:K,$A12) -> 37 | D12: =COUNTIF(L:L,$A12) -> 8 | E12: =COUNTIF(M:M,$A12) -> 8 | F12: =COUNTIF(N:N,$A12) -> 30 | G12: =COUNTIF(O:O,$A12) -> 24 | H12: 8 | J12: 8 | K12: M3 | L12: M3 | M12: G2 | N12: M4 | O12: M2 | Q12: =IF(K12="","",VLOOKUP(K12,$A$4:$H$22,8,FALSE)) -> 5 | R12: =IF(L12="","",VLOOKUP(L12,$A$4:$H$22,8,FALSE)) -> 5 | S12: =IF(M12="","",VLOOKUP(M12,$A$4:$H$22,8,FALSE)) -> 12 | T12: =IF(N12="","",VLOOKUP(N12,$A$4:$H$22,8,FALSE)) -> 6 | U12: =IF(O12="","",VLOOKUP(O12,$A$4:$H$22,8,FALSE)) -> 4 | W12: 11991 | X12: 13361 | Y12: 12331 | Z12: 9698 | AA12: 10835 | AF12: K | AG12: 110213 | AH12: 100784 | AI12: 101255 | AJ12: 208417 | AK12: 222473
A13: Q | B13: Q | C13: =COUNTIF(K:K,$A13) -> 18 | D13: =COUNTIF(L:L,$A13) -> 8 | E13: =COUNTIF(M:M,$A13) -> 34 | F13: =COUNTIF(N:N,$A13) -> 25 | G13: =COUNTIF(O:O,$A13) -> 31 | H13: 9 | J13: 9 | K13: K | L13: M4 | M13: C1 | N13: M4 | O13: K | Q13: =IF(K13="","",VLOOKUP(K13,$A$4:$H$22,8,FALSE)) -> 8 | R13: =IF(L13="","",VLOOKUP(L13,$A$4:$H$22,8,FALSE)) -> 6 | S13: =IF(M13="","",VLOOKUP(M13,$A$4:$H$22,8,FALSE)) -> 2 | T13: =IF(N13="","",VLOOKUP(N13,$A$4:$H$22,8,FALSE)) -> 6 | U13: =IF(O13="","",VLOOKUP(O13,$A$4:$H$22,8,FALSE)) -> 8 | W13: 12656 | X13: 13838 | Y13: 12785 | Z13: 7213 | AA13: 10678 | AF13: Q | AG13: 260000 | AH13: 219500 | AI13: 226655 | AJ13: 18011 | AK13: 20000
A14: J | B14: J | C14: =COUNTIF(K:K,$A14) -> 33 | D14: =COUNTIF(L:L,$A14) -> 6 | E14: =COUNTIF(M:M,$A14) -> 28 | F14: =COUNTIF(N:N,$A14) -> 10 | G14: =COUNTIF(O:O,$A14) -> 30 | H14: 10 | J14: 10 | K14: M2 | L14: GA | M14: M3 | N14: M4 | O14: M3 | Q14: =IF(K14="","",VLOOKUP(K14,$A$4:$H$22,8,FALSE)) -> 4 | R14: =IF(L14="","",VLOOKUP(L14,$A$4:$H$22,8,FALSE)) -> 15 | S14: =IF(M14="","",VLOOKUP(M14,$A$4:$H$22,8,FALSE)) -> 5 | T14: =IF(N14="","",VLOOKUP(N14,$A$4:$H$22,8,FALSE)) -> 6 | U14: =IF(O14="","",VLOOKUP(O14,$A$4:$H$22,8,FALSE)) -> 5 | W14: 12656 | X14: 12693 | Y14: 10196 | Z14: 5109 | AA14: 10835 | AF14: J | AG14: 260000 | AH14: 218300 | AI14: 227898 | AJ14: 17724 | AK14: 20000
A15: G1 | B15: Golden M1 | C15: =COUNTIF(K:K,$A15) -> 0 | D15: =COUNTIF(L:L,$A15) -> 4 | E15: =COUNTIF(M:M,$A15) -> 4 | F15: =COUNTIF(N:N,$A15) -> 4 | G15: =COUNTIF(O:O,$A15) -> 0 | H15: 11 | J15: 11 | K15: M1 | L15: G4 | M15: G2 | N15: Q | O15: M4 | Q15: =IF(K15="","",VLOOKUP(K15,$A$4:$H$22,8,FALSE)) -> 3 | R15: =IF(L15="","",VLOOKUP(L15,$A$4:$H$22,8,FALSE)) -> 14 | S15: =IF(M15="","",VLOOKUP(M15,$A$4:$H$22,8,FALSE)) -> 12 | T15: =IF(N15="","",VLOOKUP(N15,$A$4:$H$22,8,FALSE)) -> 9 | U15: =IF(O15="","",VLOOKUP(O15,$A$4:$H$22,8,FALSE)) -> 6 | W15: 11609 | X15: 12263 | Y15: 11004 | Z15: 3527 | AA15: 10647 | AF15: G1 | AG15: 0 | AH15: 10994 | AI15: 5768 | AJ15: 13778 | AK15: 0
A16: G2 | B16: Golden M2 | C16: =COUNTIF(K:K,$A16) -> 0 | D16: =COUNTIF(L:L,$A16) -> 14 | E16: =COUNTIF(M:M,$A16) -> 6 | F16: =COUNTIF(N:N,$A16) -> 4 | G16: =COUNTIF(O:O,$A16) -> 0 | H16: 12 | J16: 12 | K16: J | L16: M4 | M16: J | N16: M4 | O16: K | Q16: =IF(K16="","",VLOOKUP(K16,$A$4:$H$22,8,FALSE)) -> 10 | R16: =IF(L16="","",VLOOKUP(L16,$A$4:$H$22,8,FALSE)) -> 6 | S16: =IF(M16="","",VLOOKUP(M16,$A$4:$H$22,8,FALSE)) -> 10 | T16: =IF(N16="","",VLOOKUP(N16,$A$4:$H$22,8,FALSE)) -> 6 | U16: =IF(O16="","",VLOOKUP(O16,$A$4:$H$22,8,FALSE)) -> 8 | W16: 10943 | X16: 13456 | Y16: 10973 | Z16: 7213 | AA16: 12909 | AF16: G2 | AG16: 0 | AH16: 5285 | AI16: 10131 | AJ16: 6793 | AK16: 0
A17: G3 | B17: Golden M3 | C17: =COUNTIF(K:K,$A17) -> 0 | D17: =COUNTIF(L:L,$A17) -> 6 | E17: =COUNTIF(M:M,$A17) -> 12 | F17: =COUNTIF(N:N,$A17) -> 4 | G17: =COUNTIF(O:O,$A17) -> 0 | H17: 13 | J17: 13 | K17: M2 | L17: Q | M17: M2 | N17: K | O17: M1 | Q17: =IF(K17="","",VLOOKUP(K17,$A$4:$H$22,8,FALSE)) -> 4 | R17: =IF(L17="","",VLOOKUP(L17,$A$4:$H$22,8,FALSE)) -> 9 | S17: =IF(M17="","",VLOOKUP(M17,$A$4:$H$22,8,FALSE)) -> 4 | T17: =IF(N17="","",VLOOKUP(N17,$A$4:$H$22,8,FALSE)) -> 8 | U17: =IF(O17="","",VLOOKUP(O17,$A$4:$H$22,8,FALSE)) -> 3 | W17: 8802 | X17: 11452 | Y17: 13303 | Z17: 7213 | AA17: 11777 | AF17: G3 | AG17: 0 | AH17: 8304 | AI17: 7823 | AJ17: 11644 | AK17: 0
A18: G4 | B18: Golden M4 | C18: =COUNTIF(K:K,$A18) -> 0 | D18: =COUNTIF(L:L,$A18) -> 16 | E18: =COUNTIF(M:M,$A18) -> 4 | F18: =COUNTIF(N:N,$A18) -> 16 | G18: =COUNTIF(O:O,$A18) -> 0 | H18: 14 | J18: 14 | K18: M4 | L18: M2 | M18: K | N18: M4 | O18: M2 | Q18: =IF(K18="","",VLOOKUP(K18,$A$4:$H$22,8,FALSE)) -> 6 | R18: =IF(L18="","",VLOOKUP(L18,$A$4:$H$22,8,FALSE)) -> 4 | S18: =IF(M18="","",VLOOKUP(M18,$A$4:$H$22,8,FALSE)) -> 8 | T18: =IF(N18="","",VLOOKUP(N18,$A$4:$H$22,8,FALSE)) -> 6 | U18: =IF(O18="","",VLOOKUP(O18,$A$4:$H$22,8,FALSE)) -> 4 | W18: 10468 | X18: 11611 | Y18: 12235 | Z18: 5109 | AA18: 8574 | AF18: G4 | AG18: 0 | AH18: 13825 | AI18: 7473 | AJ18: 14748 | AK18: 0
A19: GA | B19: Golden A | C19: =COUNTIF(K:K,$A19) -> 0 | D19: =COUNTIF(L:L,$A19) -> 22 | E19: =COUNTIF(M:M,$A19) -> 6 | F19: =COUNTIF(N:N,$A19) -> 4 | G19: =COUNTIF(O:O,$A19) -> 0 | H19: 15 | J19: 15 | K19: J | L19: M2 | M19: GQ | N19: GK | O19: K | Q19: =IF(K19="","",VLOOKUP(K19,$A$4:$H$22,8,FALSE)) -> 10 | R19: =IF(L19="","",VLOOKUP(L19,$A$4:$H$22,8,FALSE)) -> 4 | S19: =IF(M19="","",VLOOKUP(M19,$A$4:$H$22,8,FALSE)) -> 17 | T19: =IF(N19="","",VLOOKUP(N19,$A$4:$H$22,8,FALSE)) -> 16 | U19: =IF(O19="","",VLOOKUP(O19,$A$4:$H$22,8,FALSE)) -> 8 | W19: 9358 | X19: 10100 | Y19: 10600 | Z19: 3527 | AA19: 7114 | AF19: GA | AG19: 0 | AH19: 18779 | AI19: 15648 | AJ19: 21541 | AK19: 0
... A22: GJ | B22: Golden J | C22: =COUNTIF(K:K,$A22) -> 0 | D22: =COUNTIF(L:L,$A22) -> 4 | E22: =COUNTIF(M:M,$A22) -> 16 | F22: =COUNTIF(N:N,$A22) -> 4 | G22: =COUNTIF(O:O,$A22) -> 0 | H22: 18 | J22: 18 | K22: K | L22: M1 | M22: Q | N22: K | O22: M4 | Q22: =IF(K22="","",VLOOKUP(K22,$A$4:$H$22,8,FALSE)) -> 8 | R22: =IF(L22="","",VLOOKUP(L22,$A$4:$H$22,8,FALSE)) -> 3 | S22: =IF(M22="","",VLOOKUP(M22,$A$4:$H$22,8,FALSE)) -> 9 | T22: =IF(N22="","",VLOOKUP(N22,$A$4:$H$22,8,FALSE)) -> 8 | U22: =IF(O22="","",VLOOKUP(O22,$A$4:$H$22,8,FALSE)) -> 6 | W22: 11799 | X22: 13266 | Y22: 10357 | Z22: 5109 | AA22: 14604 | AF22: GJ | AG22: 0 | AH22: 41700 | AI22: 32102 | AJ22: 2276 | AK22: 0
C23: =SUM(C4:C22) -> 200 | D23: =SUM(D4:D22) -> 200 | E23: =SUM(E4:E22) -> 200 | F23: =SUM(F4:F22) -> 200 | G23: =SUM(G4:G22) -> 200 | J23: 19 | K23: M1 | L23: M2 | M23: A | N23: GK | O23: A | Q23: =IF(K23="","",VLOOKUP(K23,$A$4:$H$22,8,FALSE)) -> 3 | R23: =IF(L23="","",VLOOKUP(L23,$A$4:$H$22,8,FALSE)) -> 4 | S23: =IF(M23="","",VLOOKUP(M23,$A$4:$H$22,8,FALSE)) -> 7 | T23: =IF(N23="","",VLOOKUP(N23,$A$4:$H$22,8,FALSE)) -> 16 | U23: =IF(O23="","",VLOOKUP(O23,$A$4:$H$22,8,FALSE)) -> 7 | W23: 12656 | X23: 14029 | Y23: 9871 | Z23: 3527 | AA23: 11683
J24: 20 | K24: M2 | L24: GA | M24: G4 | N24: K | O24: J | Q24: =IF(K24="","",VLOOKUP(K24,$A$4:$H$22,8,FALSE)) -> 4 | R24: =IF(L24="","",VLOOKUP(L24,$A$4:$H$22,8,FALSE)) -> 15 | S24: =IF(M24="","",VLOOKUP(M24,$A$4:$H$22,8,FALSE)) -> 14 | T24: =IF(N24="","",VLOOKUP(N24,$A$4:$H$22,8,FALSE)) -> 8 | U24: =IF(O24="","",VLOOKUP(O24,$A$4:$H$22,8,FALSE)) -> 10 | W24: 11324 | X24: 11691 | Y24: 10196 | Z24: 7213 | AA24: 12909
J25: 21 | K25: M4 | L25: G4 | M25: G4 | N25: G4 | O25: Q | Q25: =IF(K25="","",VLOOKUP(K25,$A$4:$H$22,8,FALSE)) -> 6 | R25: =IF(L25="","",VLOOKUP(L25,$A$4:$H$22,8,FALSE)) -> 14 | S25: =IF(M25="","",VLOOKUP(M25,$A$4:$H$22,8,FALSE)) -> 14 | T25: =IF(N25="","",VLOOKUP(N25,$A$4:$H$22,8,FALSE)) -> 14 | U25: =IF(O25="","",VLOOKUP(O25,$A$4:$H$22,8,FALSE)) -> 9 | W25: 13132 | X25: 11532 | Y25: 12137 | Z25: 10499 | AA25: 10175
J26: 22 | K26: M3 | L26: M4 | M26: J | N26: M1 | O26: J | Q26: =IF(K26="","",VLOOKUP(K26,$A$4:$H$22,8,FALSE)) -> 5 | R26: =IF(L26="","",VLOOKUP(L26,$A$4:$H$22,8,FALSE)) -> 6 | S26: =IF(M26="","",VLOOKUP(M26,$A$4:$H$22,8,FALSE)) -> 10 | T26: =IF(N26="","",VLOOKUP(N26,$A$4:$H$22,8,FALSE)) -> 3 | U26: =IF(O26="","",VLOOKUP(O26,$A$4:$H$22,8,FALSE)) -> 10 | W26: 11991 | X26: 12009 | Y26: 13691 | Z26: 12022 | AA26: 12626
J27: 23 | K27: K | L27: M2 | M27: GJ | N27: GQ | O27: M4 | Q27: =IF(K27="","",VLOOKUP(K27,$A$4:$H$22,8,FALSE)) -> 8 | R27: =IF(L27="","",VLOOKUP(L27,$A$4:$H$22,8,FALSE)) -> 4 | S27: =IF(M27="","",VLOOKUP(M27,$A$4:$H$22,8,FALSE)) -> 18 | T27: =IF(N27="","",VLOOKUP(N27,$A$4:$H$22,8,FALSE)) -> 17 | U27: =IF(O27="","",VLOOKUP(O27,$A$4:$H$22,8,FALSE)) -> 6 | W27: 12466 | X27: 12883 | Y27: 14273 | Z27: 12407 | AA27: 12719
J28: 24 | K28: M2 | L28: M4 | M28: G3 | N28: GK | O28: A | Q28: =IF(K28="","",VLOOKUP(K28,$A$4:$H$22,8,FALSE)) -> 4 | R28: =IF(L28="","",VLOOKUP(L28,$A$4:$H$22,8,FALSE)) -> 6 | S28: =IF(M28="","",VLOOKUP(M28,$A$4:$H$22,8,FALSE)) -> 13 | T28: =IF(N28="","",VLOOKUP(N28,$A$4:$H$22,8,FALSE)) -> 16 | U28: =IF(O28="","",VLOOKUP(O28,$A$4:$H$22,8,FALSE)) -> 7 | W28: 9326 | X28: 13743 | Y28: 12235 | Z28: 14330 | AA28: 12343
J29: 25 | K29: A | L29: A | M29: GJ | N29: G2 | O29: M3 | Q29: =IF(K29="","",VLOOKUP(K29,$A$4:$H$22,8,FALSE)) -> 7 | R29: =IF(L29="","",VLOOKUP(L29,$A$4:$H$22,8,FALSE)) -> 7 | S29: =IF(M29="","",VLOOKUP(M29,$A$4:$H$22,8,FALSE)) -> 18 | T29: =IF(N29="","",VLOOKUP(N29,$A$4:$H$22,8,FALSE)) -> 12 | U29: =IF(O29="","",VLOOKUP(O29,$A$4:$H$22,8,FALSE)) -> 5 | W29: 12466 | X29: 12406 | Y29: 13982 | Z29: 12888 | AA29: 13473
J30: 26 | K30: M3 | L30: G1 | M30: M3 | N30: G1 | O30: A | Q30: =IF(K30="","",VLOOKUP(K30,$A$4:$H$22,8,FALSE)) -> 5 | R30: =IF(L30="","",VLOOKUP(L30,$A$4:$H$22,8,FALSE)) -> 11 | S30: =IF(M30="","",VLOOKUP(M30,$A$4:$H$22,8,FALSE)) -> 5 | T30: =IF(N30="","",VLOOKUP(N30,$A$4:$H$22,8,FALSE)) -> 11 | U30: =IF(O30="","",VLOOKUP(O30,$A$4:$H$22,8,FALSE)) -> 7 | W30: 11895 | X30: 12025 | Y30: 12914 | Z30: 12182 | AA30: 11777
J31: 27 | K31: K | L31: C1 | M31: G3 | N31: A | O31: M3 | Q31: =IF(K31="","",VLOOKUP(K31,$A$4:$H$22,8,FALSE)) -> 8 | R31: =IF(L31="","",VLOOKUP(L31,$A$4:$H$22,8,FALSE)) -> 2 | S31: =IF(M31="","",VLOOKUP(M31,$A$4:$H$22,8,FALSE)) -> 13 | T31: =IF(N31="","",VLOOKUP(N31,$A$4:$H$22,8,FALSE)) -> 7 | U31: =IF(O31="","",VLOOKUP(O31,$A$4:$H$22,8,FALSE)) -> 5 | W31: 11229 | X31: 11532 | Y31: 8771 | Z31: 10339 | AA31: 11872
J32: 28 | K32: J | L32: Q | M32: K | N32: Q | O32: M3 | Q32: =IF(K32="","",VLOOKUP(K32,$A$4:$H$22,8,FALSE)) -> 10 | R32: =IF(L32="","",VLOOKUP(L32,$A$4:$H$22,8,FALSE)) -> 9 | S32: =IF(M32="","",VLOOKUP(M32,$A$4:$H$22,8,FALSE)) -> 8 | T32: =IF(N32="","",VLOOKUP(N32,$A$4:$H$22,8,FALSE)) -> 9 | U32: =IF(O32="","",VLOOKUP(O32,$A$4:$H$22,8,FALSE)) -> 5 | W32: 11102 | X32: 13202 | Y32: 13027 | Z32: 9698 | AA32: 11495
J33: 29 | K33: J | L33: G1 | M33: M2 | N33: M4 | O33: A | Q33: =IF(K33="","",VLOOKUP(K33,$A$4:$H$22,8,FALSE)) -> 10 | R33: =IF(L33="","",VLOOKUP(L33,$A$4:$H$22,8,FALSE)) -> 11 | S33: =IF(M33="","",VLOOKUP(M33,$A$4:$H$22,8,FALSE)) -> 4 | T33: =IF(N33="","",VLOOKUP(N33,$A$4:$H$22,8,FALSE)) -> 6 | U33: =IF(O33="","",VLOOKUP(O33,$A$4:$H$22,8,FALSE)) -> 7 | W33: 9754 | X33: 9623 | Y33: 10681 | Z33: 11701 | AA33: 12531
J34: 30 | K34: K | L34: M4 | M34: GK | N34: K | O34: Q | Q34: =IF(K34="","",VLOOKUP(K34,$A$4:$H$22,8,FALSE)) -> 8 | R34: =IF(L34="","",VLOOKUP(L34,$A$4:$H$22,8,FALSE)) -> 6 | S34: =IF(M34="","",VLOOKUP(M34,$A$4:$H$22,8,FALSE)) -> 16 | T34: =IF(N34="","",VLOOKUP(N34,$A$4:$H$22,8,FALSE)) -> 8 | U34: =IF(O34="","",VLOOKUP(O34,$A$4:$H$22,8,FALSE)) -> 9 | W34: 9437 | X34: 10816 | Y34: 10923 | Z34: 10499 | AA34: 12531
J35: 31 | K35: J | L35: GA | M35: M4 | N35: M3 | O35: K | Q35: =IF(K35="","",VLOOKUP(K35,$A$4:$H$22,8,FALSE)) -> 10 | R35: =IF(L35="","",VLOOKUP(L35,$A$4:$H$22,8,FALSE)) -> 15 | S35: =IF(M35="","",VLOOKUP(M35,$A$4:$H$22,8,FALSE)) -> 6 | T35: =IF(N35="","",VLOOKUP(N35,$A$4:$H$22,8,FALSE)) -> 5 | U35: =IF(O35="","",VLOOKUP(O35,$A$4:$H$22,8,FALSE)) -> 8 | W35: 10754 | X35: 9305 | Y35: 9322 | Z35: 11942 | AA35: 12719
... J203: 199 | K203: M3 | L203: K | M203: M3 | N203: Q | O203: Q | Q203: =IF(K203="","",VLOOKUP(K203,$A$4:$H$22,8,FALSE)) -> 5 | R203: =IF(L203="","",VLOOKUP(L203,$A$4:$H$22,8,FALSE)) -> 8 | S203: =IF(M203="","",VLOOKUP(M203,$A$4:$H$22,8,FALSE)) -> 5 | T203: =IF(N203="","",VLOOKUP(N203,$A$4:$H$22,8,FALSE)) -> 9 | U203: =IF(O203="","",VLOOKUP(O203,$A$4:$H$22,8,FALSE)) -> 9 | W203: 13608 | X203: 12979 | Y203: 8820 | Z203: 12311 | AA203: 6031
Q204: =IF(K204="","",VLOOKUP(K204,$A$4:$H$22,8,FALSE)) | R204: =IF(L204="","",VLOOKUP(L204,$A$4:$H$22,8,FALSE)) | S204: =IF(M204="","",VLOOKUP(M204,$A$4:$H$22,8,FALSE)) | T204: =IF(N204="","",VLOOKUP(N204,$A$4:$H$22,8,FALSE)) | U204: =IF(O204="","",VLOOKUP(O204,$A$4:$H$22,8,FALSE))
Q205: =IF(K205="","",VLOOKUP(K205,$A$4:$H$22,8,FALSE)) | R205: =IF(L205="","",VLOOKUP(L205,$A$4:$H$22,8,FALSE)) | S205: =IF(M205="","",VLOOKUP(M205,$A$4:$H$22,8,FALSE)) | T205: =IF(N205="","",VLOOKUP(N205,$A$4:$H$22,8,FALSE)) | U205: =IF(O205="","",VLOOKUP(O205,$A$4:$H$22,8,FALSE))
Q206: =IF(K206="","",VLOOKUP(K206,$A$4:$H$22,8,FALSE)) | R206: =IF(L206="","",VLOOKUP(L206,$A$4:$H$22,8,FALSE)) | S206: =IF(M206="","",VLOOKUP(M206,$A$4:$H$22,8,FALSE)) | T206: =IF(N206="","",VLOOKUP(N206,$A$4:$H$22,8,FALSE)) | U206: =IF(O206="","",VLOOKUP(O206,$A$4:$H$22,8,FALSE))
Q207: =IF(K207="","",VLOOKUP(K207,$A$4:$H$22,8,FALSE)) | R207: =IF(L207="","",VLOOKUP(L207,$A$4:$H$22,8,FALSE)) | S207: =IF(M207="","",VLOOKUP(M207,$A$4:$H$22,8,FALSE)) | T207: =IF(N207="","",VLOOKUP(N207,$A$4:$H$22,8,FALSE)) | U207: =IF(O207="","",VLOOKUP(O207,$A$4:$H$22,8,FALSE))
Q208: =IF(K208="","",VLOOKUP(K208,$A$4:$H$22,8,FALSE)) | R208: =IF(L208="","",VLOOKUP(L208,$A$4:$H$22,8,FALSE)) | S208: =IF(M208="","",VLOOKUP(M208,$A$4:$H$22,8,FALSE)) | T208: =IF(N208="","",VLOOKUP(N208,$A$4:$H$22,8,FALSE)) | U208: =IF(O208="","",VLOOKUP(O208,$A$4:$H$22,8,FALSE))
Q209: =IF(K209="","",VLOOKUP(K209,$A$4:$H$22,8,FALSE)) | R209: =IF(L209="","",VLOOKUP(L209,$A$4:$H$22,8,FALSE)) | S209: =IF(M209="","",VLOOKUP(M209,$A$4:$H$22,8,FALSE)) | T209: =IF(N209="","",VLOOKUP(N209,$A$4:$H$22,8,FALSE)) | U209: =IF(O209="","",VLOOKUP(O209,$A$4:$H$22,8,FALSE))
Q210: =IF(K210="","",VLOOKUP(K210,$A$4:$H$22,8,FALSE)) | R210: =IF(L210="","",VLOOKUP(L210,$A$4:$H$22,8,FALSE)) | S210: =IF(M210="","",VLOOKUP(M210,$A$4:$H$22,8,FALSE)) | T210: =IF(N210="","",VLOOKUP(N210,$A$4:$H$22,8,FALSE)) | U210: =IF(O210="","",VLOOKUP(O210,$A$4:$H$22,8,FALSE))
Q211: =IF(K211="","",VLOOKUP(K211,$A$4:$H$22,8,FALSE)) | R211: =IF(L211="","",VLOOKUP(L211,$A$4:$H$22,8,FALSE)) | S211: =IF(M211="","",VLOOKUP(M211,$A$4:$H$22,8,FALSE)) | T211: =IF(N211="","",VLOOKUP(N211,$A$4:$H$22,8,FALSE)) | U211: =IF(O211="","",VLOOKUP(O211,$A$4:$H$22,8,FALSE))
Q212: =IF(K212="","",VLOOKUP(K212,$A$4:$H$22,8,FALSE)) | R212: =IF(L212="","",VLOOKUP(L212,$A$4:$H$22,8,FALSE)) | S212: =IF(M212="","",VLOOKUP(M212,$A$4:$H$22,8,FALSE)) | T212: =IF(N212="","",VLOOKUP(N212,$A$4:$H$22,8,FALSE)) | U212: =IF(O212="","",VLOOKUP(O212,$A$4:$H$22,8,FALSE))
Q213: =IF(K213="","",VLOOKUP(K213,$A$4:$H$22,8,FALSE)) | R213: =IF(L213="","",VLOOKUP(L213,$A$4:$H$22,8,FALSE)) | S213: =IF(M213="","",VLOOKUP(M213,$A$4:$H$22,8,FALSE)) | T213: =IF(N213="","",VLOOKUP(N213,$A$4:$H$22,8,FALSE)) | U213: =IF(O213="","",VLOOKUP(O213,$A$4:$H$22,8,FALSE))
Q214: =IF(K214="","",VLOOKUP(K214,$A$4:$H$22,8,FALSE)) | R214: =IF(L214="","",VLOOKUP(L214,$A$4:$H$22,8,FALSE)) | S214: =IF(M214="","",VLOOKUP(M214,$A$4:$H$22,8,FALSE)) | T214: =IF(N214="","",VLOOKUP(N214,$A$4:$H$22,8,FALSE)) | U214: =IF(O214="","",VLOOKUP(O214,$A$4:$H$22,8,FALSE))
Q215: =IF(K215="","",VLOOKUP(K215,$A$4:$H$22,8,FALSE)) | R215: =IF(L215="","",VLOOKUP(L215,$A$4:$H$22,8,FALSE)) | S215: =IF(M215="","",VLOOKUP(M215,$A$4:$H$22,8,FALSE)) | T215: =IF(N215="","",VLOOKUP(N215,$A$4:$H$22,8,FALSE)) | U215: =IF(O215="","",VLOOKUP(O215,$A$4:$H$22,8,FALSE))
... Q403: =IF(K403="","",VLOOKUP(K403,$A$4:$H$22,8,FALSE)) | R403: =IF(L403="","",VLOOKUP(L403,$A$4:$H$22,8,FALSE)) | S403: =IF(M403="","",VLOOKUP(M403,$A$4:$H$22,8,FALSE)) | T403: =IF(N403="","",VLOOKUP(N403,$A$4:$H$22,8,FALSE)) | U403: =IF(O403="","",VLOOKUP(O403,$A$4:$H$22,8,FALSE))

Sheet SF_Symbol (2)
J2: Symbol | Q2: Symbol ID | W2: Symbol Weight | AC2: Random Wild Trigger Weight | AF2: Symbol Drop Weight
A3: Symbol | B3: Description | C3: R1 | D3: R2 | E3: R3 | F3: R4 | G3: R5 | H3: ID | J3: Line # | K3: R1 | L3: R2 | M3: R3 | N3: R4 | O3: R5 | Q3: R1 | R3: R2 | S3: R3 | T3: R4 | U3: R5 | W3: R1 | X3: R2 | Y3: R3 | Z3: R4 | AA3: R5 | AC3: Random Wild | AD3: Weight | AF3: Symbol | AG3: R1 | AH3: R2 | AI3: R3 | AJ3: R4 | AK3: R5
A4: {=Overview!A30:A48} -> WW | B4: {=Overview!B30:B48} -> Wild | C4: =COUNTIF(K:K,$A4) -> 0 | D4: =COUNTIF(L:L,$A4) -> 0 | E4: =COUNTIF(M:M,$A4) -> 0 | F4: =COUNTIF(N:N,$A4) -> 0 | G4: =COUNTIF(O:O,$A4) -> 0 | H4: {=Overview!H30:H48} -> 0 | J4: 0 | K4: J | L4: G2 | M4: GQ | N4: GQ | O4: A | Q4: =IF(K4="","",VLOOKUP(K4,$A$4:$H$22,8,FALSE)) -> 10 | R4: =IF(L4="","",VLOOKUP(L4,$A$4:$H$22,8,FALSE)) -> 12 | S4: =IF(M4="","",VLOOKUP(M4,$A$4:$H$22,8,FALSE)) -> 17 | T4: =IF(N4="","",VLOOKUP(N4,$A$4:$H$22,8,FALSE)) -> 17 | U4: =IF(O4="","",VLOOKUP(O4,$A$4:$H$22,8,FALSE)) -> 7 | W4: 2161 | X4: 6812 | Y4: 2025 | Z4: 8927 | AA4: 25609 | AC4: 0 | AD4: 0 | AF4: {=A4:A22} -> WW | AG4: 0 | AH4: 0 | AI4: 0 | AJ4: 0 | AK4: 0
A5: W2 | B5: Super Wild | C5: =COUNTIF(K:K,$A5) -> 0 | D5: =COUNTIF(L:L,$A5) -> 0 | E5: =COUNTIF(M:M,$A5) -> 0 | F5: =COUNTIF(N:N,$A5) -> 0 | G5: =COUNTIF(O:O,$A5) -> 0 | H5: 1 | J5: 1 | K5: M3 | L5: GA | M5: M3 | N5: M4 | O5: K | Q5: =IF(K5="","",VLOOKUP(K5,$A$4:$H$22,8,FALSE)) -> 5 | R5: =IF(L5="","",VLOOKUP(L5,$A$4:$H$22,8,FALSE)) -> 15 | S5: =IF(M5="","",VLOOKUP(M5,$A$4:$H$22,8,FALSE)) -> 5 | T5: =IF(N5="","",VLOOKUP(N5,$A$4:$H$22,8,FALSE)) -> 6 | U5: =IF(O5="","",VLOOKUP(O5,$A$4:$H$22,8,FALSE)) -> 8 | W5: 2161 | X5: 8223 | Y5: 2851 | Z5: 6243 | AA5: 9093 | AC5: 2 | AD5: 700 | AF5: W2 | AG5: 0 | AH5: 0 | AI5: 0 | AJ5: 0 | AK5: 0
A6: C1 | B6: Scatter | C6: =COUNTIF(K:K,$A6) -> 2 | D6: =COUNTIF(L:L,$A6) -> 3 | E6: =COUNTIF(M:M,$A6) -> 2 | F6: =COUNTIF(N:N,$A6) -> 3 | G6: =COUNTIF(O:O,$A6) -> 3 | H6: 2 | J6: 2 | K6: K | L6: M2 | M6: M3 | N6: M4 | O6: M2 | Q6: =IF(K6="","",VLOOKUP(K6,$A$4:$H$22,8,FALSE)) -> 8 | R6: =IF(L6="","",VLOOKUP(L6,$A$4:$H$22,8,FALSE)) -> 4 | S6: =IF(M6="","",VLOOKUP(M6,$A$4:$H$22,8,FALSE)) -> 5 | T6: =IF(N6="","",VLOOKUP(N6,$A$4:$H$22,8,FALSE)) -> 6 | U6: =IF(O6="","",VLOOKUP(O6,$A$4:$H$22,8,FALSE)) -> 4 | W6: 2161 | X6: 23081 | Y6: 58388 | Z6: 19039 | AA6: 7960 | AC6: 3 | AD6: 500 | AF6: C1 | AG6: 4165 | AH6: 4403 | AI6: 5471 | AJ6: 4778 | AK6: 5578
A7: M1 | B7: M1 | C7: =COUNTIF(K:K,$A7) -> 14 | D7: =COUNTIF(L:L,$A7) -> 7 | E7: =COUNTIF(M:M,$A7) -> 7 | F7: =COUNTIF(N:N,$A7) -> 6 | G7: =COUNTIF(O:O,$A7) -> 15 | H7: 3 | J7: 3 | K7: K | L7: G4 | M7: Q | N7: Q | O7: M3 | Q7: =IF(K7="","",VLOOKUP(K7,$A$4:$H$22,8,FALSE)) -> 8 | R7: =IF(L7="","",VLOOKUP(L7,$A$4:$H$22,8,FALSE)) -> 14 | S7: =IF(M7="","",VLOOKUP(M7,$A$4:$H$22,8,FALSE)) -> 9 | T7: =IF(N7="","",VLOOKUP(N7,$A$4:$H$22,8,FALSE)) -> 9 | U7: =IF(O7="","",VLOOKUP(O7,$A$4:$H$22,8,FALSE)) -> 5 | W7: 8651 | X7: 23532 | Y7: 18713 | Z7: 22158 | AA7: 8086 | AC7: 4 | AD7: 200 | AF7: M1 | AG7: 22077 | AH7: 35839 | AI7: 19439 | AJ7: 39681 | AK7: 21243
A8: M2 | B8: M2 | C8: =COUNTIF(K:K,$A8) -> 28 | D8: =COUNTIF(L:L,$A8) -> 26 | E8: =COUNTIF(M:M,$A8) -> 12 | F8: =COUNTIF(N:N,$A8) -> 9 | G8: =COUNTIF(O:O,$A8) -> 24 | H8: 4 | J8: 4 | K8: A | L8: GQ | M8: M2 | N8: A | O8: Q | Q8: =IF(K8="","",VLOOKUP(K8,$A$4:$H$22,8,FALSE)) -> 7 | R8: =IF(L8="","",VLOOKUP(L8,$A$4:$H$22,8,FALSE)) -> 17 | S8: =IF(M8="","",VLOOKUP(M8,$A$4:$H$22,8,FALSE)) -> 4 | T8: =IF(N8="","",VLOOKUP(N8,$A$4:$H$22,8,FALSE)) -> 7 | U8: =IF(O8="","",VLOOKUP(O8,$A$4:$H$22,8,FALSE)) -> 9 | W8: 8651 | X8: 7299 | Y8: 8061 | Z8: 2398 | AA8: 7960 | AF8: M2 | AG8: 45294 | AH8: 18187 | AI8: 38572 | AJ8: 20867 | AK8: 47231
A9: M3 | B9: M3 | C9: =COUNTIF(K:K,$A9) -> 18 | D9: =COUNTIF(L:L,$A9) -> 7 | E9: =COUNTIF(M:M,$A9) -> 22 | F9: =COUNTIF(N:N,$A9) -> 11 | G9: =COUNTIF(O:O,$A9) -> 30 | H9: 5 | J9: 5 | K9: K | L9: A | M9: Q | N9: G4 | O9: M4 | Q9: =IF(K9="","",VLOOKUP(K9,$A$4:$H$22,8,FALSE)) -> 8 | R9: =IF(L9="","",VLOOKUP(L9,$A$4:$H$22,8,FALSE)) -> 7 | S9: =IF(M9="","",VLOOKUP(M9,$A$4:$H$22,8,FALSE)) -> 9 | T9: =IF(N9="","",VLOOKUP(N9,$A$4:$H$22,8,FALSE)) -> 14 | U9: =IF(O9="","",VLOOKUP(O9,$A$4:$H$22,8,FALSE)) -> 6 | W9: 8651 | X9: 6762 | Y9: 8061 | Z9: 2383 | AA9: 9266 | AF9: M3 | AG9: 48740 | AH9: 30021 | AI9: 30502 | AJ9: 31531 | AK9: 37797
A10: M4 | B10: M4 | C10: =COUNTIF(K:K,$A10) -> 17 | D10: =COUNTIF(L:L,$A10) -> 27 | E10: =COUNTIF(M:M,$A10) -> 10 | F10: =COUNTIF(N:N,$A10) -> 28 | G10: =COUNTIF(O:O,$A10) -> 14 | H10: 6 | J10: 6 | K10: M2 | L10: K | M10: M3 | N10: Q | O10: M2 | Q10: =IF(K10="","",VLOOKUP(K10,$A$4:$H$22,8,FALSE)) -> 4 | R10: =IF(L10="","",VLOOKUP(L10,$A$4:$H$22,8,FALSE)) -> 8 | S10: =IF(M10="","",VLOOKUP(M10,$A$4:$H$22,8,FALSE)) -> 5 | T10: =IF(N10="","",VLOOKUP(N10,$A$4:$H$22,8,FALSE)) -> 9 | U10: =IF(O10="","",VLOOKUP(O10,$A$4:$H$22,8,FALSE)) -> 4 | W10: 8651 | X10: 5433 | Y10: 8061 | Z10: 6906 | AA10: 8327 | AF10: M4 | AG10: 137762 | AH10: 146500 | AI10: 90478 | AJ10: 157539 | AK10: 109647
A11: A | B11: A | C11: =COUNTIF(K:K,$A11) -> 33 | D11: =COUNTIF(L:L,$A11) -> 30 | E11: =COUNTIF(M:M,$A11) -> 11 | F11: =COUNTIF(N:N,$A11) -> 6 | G11: =COUNTIF(O:O,$A11) -> 29 | H11: 7 | J11: 7 | K11: K | L11: M4 | M11: M1 | N11: Q | O11: M3 | Q11: =IF(K11="","",VLOOKUP(K11,$A$4:$H$22,8,FALSE)) -> 8 | R11: =IF(L11="","",VLOOKUP(L11,$A$4:$H$22,8,FALSE)) -> 6 | S11: =IF(M11="","",VLOOKUP(M11,$A$4:$H$22,8,FALSE)) -> 3 | T11: =IF(N11="","",VLOOKUP(N11,$A$4:$H$22,8,FALSE)) -> 9 | U11: =IF(O11="","",VLOOKUP(O11,$A$4:$H$22,8,FALSE)) -> 5 | W11: 9345 | X11: 6448 | Y11: 8061 | Z11: 6640 | AA11: 7960 | AF11: A | AG11: 212033 | AH11: 209652 | AI11: 200600 | AJ11: 225917 | AK11: 213031
A12: K | B12: K | C12: =COUNTIF(K:K,$A12) -> 37 | D12: =COUNTIF(L:L,$A12) -> 8 | E12: =COUNTIF(M:M,$A12) -> 8 | F12: =COUNTIF(N:N,$A12) -> 30 | G12: =COUNTIF(O:O,$A12) -> 24 | H12: 8 | J12: 8 | K12: M3 | L12: M3 | M12: G2 | N12: M4 | O12: M2 | Q12: =IF(K12="","",VLOOKUP(K12,$A$4:$H$22,8,FALSE)) -> 5 | R12: =IF(L12="","",VLOOKUP(L12,$A$4:$H$22,8,FALSE)) -> 5 | S12: =IF(M12="","",VLOOKUP(M12,$A$4:$H$22,8,FALSE)) -> 12 | T12: =IF(N12="","",VLOOKUP(N12,$A$4:$H$22,8,FALSE)) -> 6 | U12: =IF(O12="","",VLOOKUP(O12,$A$4:$H$22,8,FALSE)) -> 4 | W12: 8861 | X12: 6448 | Y12: 8061 | Z12: 15265 | AA12: 6713 | AF12: K | AG12: 54943 | AH12: 53686 | AI12: 47497 | AJ12: 55349 | AK12: 51545
A13: Q | B13: Q | C13: =COUNTIF(K:K,$A13) -> 18 | D13: =COUNTIF(L:L,$A13) -> 8 | E13: =COUNTIF(M:M,$A13) -> 34 | F13: =COUNTIF(N:N,$A13) -> 25 | G13: =COUNTIF(O:O,$A13) -> 31 | H13: 9 | J13: 9 | K13: K | L13: M4 | M13: C1 | N13: M4 | O13: K | Q13: =IF(K13="","",VLOOKUP(K13,$A$4:$H$22,8,FALSE)) -> 8 | R13: =IF(L13="","",VLOOKUP(L13,$A$4:$H$22,8,FALSE)) -> 6 | S13: =IF(M13="","",VLOOKUP(M13,$A$4:$H$22,8,FALSE)) -> 2 | T13: =IF(N13="","",VLOOKUP(N13,$A$4:$H$22,8,FALSE)) -> 6 | U13: =IF(O13="","",VLOOKUP(O13,$A$4:$H$22,8,FALSE)) -> 8 | W13: 8722 | X13: 1993 | Y13: 6717 | Z13: 3639 | AA13: 6634 | AF13: Q | AG13: 262278 | AH13: 186994 | AI13: 245360 | AJ13: 205177 | AK13: 283374
A14: J | B14: J | C14: =COUNTIF(K:K,$A14) -> 33 | D14: =COUNTIF(L:L,$A14) -> 6 | E14: =COUNTIF(M:M,$A14) -> 28 | F14: =COUNTIF(N:N,$A14) -> 10 | G14: =COUNTIF(O:O,$A14) -> 30 | H14: 10 | J14: 10 | K14: M2 | L14: GA | M14: M3 | N14: M4 | O14: M3 | Q14: =IF(K14="","",VLOOKUP(K14,$A$4:$H$22,8,FALSE)) -> 4 | R14: =IF(L14="","",VLOOKUP(L14,$A$4:$H$22,8,FALSE)) -> 15 | S14: =IF(M14="","",VLOOKUP(M14,$A$4:$H$22,8,FALSE)) -> 5 | T14: =IF(N14="","",VLOOKUP(N14,$A$4:$H$22,8,FALSE)) -> 6 | U14: =IF(O14="","",VLOOKUP(O14,$A$4:$H$22,8,FALSE)) -> 5 | W14: 8942 | X14: 2469 | Y14: 6717 | Z14: 8592 | AA14: 19172 | AF14: J | AG14: 212708 | AH14: 156675 | AI14: 195445 | AJ14: 161598 | AK14: 230554
A15: G1 | B15: Golden M1 | C15: =COUNTIF(K:K,$A15) -> 0 | D15: =COUNTIF(L:L,$A15) -> 4 | E15: =COUNTIF(M:M,$A15) -> 4 | F15: =COUNTIF(N:N,$A15) -> 4 | G15: =COUNTIF(O:O,$A15) -> 0 | H15: 11 | J15: 11 | K15: M1 | L15: G4 | M15: G2 | N15: Q | O15: M4 | Q15: =IF(K15="","",VLOOKUP(K15,$A$4:$H$22,8,FALSE)) -> 3 | R15: =IF(L15="","",VLOOKUP(L15,$A$4:$H$22,8,FALSE)) -> 14 | S15: =IF(M15="","",VLOOKUP(M15,$A$4:$H$22,8,FALSE)) -> 12 | T15: =IF(N15="","",VLOOKUP(N15,$A$4:$H$22,8,FALSE)) -> 9 | U15: =IF(O15="","",VLOOKUP(O15,$A$4:$H$22,8,FALSE)) -> 6 | W15: 8651 | X15: 6926 | Y15: 6717 | Z15: 6396 | AA15: 7960 | AF15: G1 | AG15: 0 | AH15: 7180 | AI15: 3316 | AJ15: 4487 | AK15: 0
A16: G2 | B16: Golden M2 | C16: =COUNTIF(K:K,$A16) -> 0 | D16: =COUNTIF(L:L,$A16) -> 14 | E16: =COUNTIF(M:M,$A16) -> 6 | F16: =COUNTIF(N:N,$A16) -> 4 | G16: =COUNTIF(O:O,$A16) -> 0 | H16: 12 | J16: 12 | K16: J | L16: M4 | M16: J | N16: M4 | O16: K | Q16: =IF(K16="","",VLOOKUP(K16,$A$4:$H$22,8,FALSE)) -> 10 | R16: =IF(L16="","",VLOOKUP(L16,$A$4:$H$22,8,FALSE)) -> 6 | S16: =IF(M16="","",VLOOKUP(M16,$A$4:$H$22,8,FALSE)) -> 10 | T16: =IF(N16="","",VLOOKUP(N16,$A$4:$H$22,8,FALSE)) -> 6 | U16: =IF(O16="","",VLOOKUP(O16,$A$4:$H$22,8,FALSE)) -> 8 | W16: 7915 | X16: 6957 | Y16: 8061 | Z16: 12130 | AA16: 8641 | AF16: G2 | AG16: 0 | AH16: 3519 | AI16: 5939 | AJ16: 2254 | AK16: 0
A17: G3 | B17: Golden M3 | C17: =COUNTIF(K:K,$A17) -> 0 | D17: =COUNTIF(L:L,$A17) -> 6 | E17: =COUNTIF(M:M,$A17) -> 12 | F17: =COUNTIF(N:N,$A17) -> 4 | G17: =COUNTIF(O:O,$A17) -> 0 | H17: 13 | J17: 13 | K17: M2 | L17: Q | M17: M2 | N17: K | O17: M1 | Q17: =IF(K17="","",VLOOKUP(K17,$A$4:$H$22,8,FALSE)) -> 4 | R17: =IF(L17="","",VLOOKUP(L17,$A$4:$H$22,8,FALSE)) -> 9 | S17: =IF(M17="","",VLOOKUP(M17,$A$4:$H$22,8,FALSE)) -> 4 | T17: =IF(N17="","",VLOOKUP(N17,$A$4:$H$22,8,FALSE)) -> 8 | U17: =IF(O17="","",VLOOKUP(O17,$A$4:$H$22,8,FALSE)) -> 3 | W17: 19088 | X17: 1900 | Y17: 22539 | Z17: 3639 | AA17: 23080 | AF17: G3 | AG17: 0 | AH17: 5872 | AI17: 4871 | AJ17: 4103 | AK17: 0
A18: G4 | B18: Golden M4 | C18: =COUNTIF(K:K,$A18) -> 0 | D18: =COUNTIF(L:L,$A18) -> 16 | E18: =COUNTIF(M:M,$A18) -> 4 | F18: =COUNTIF(N:N,$A18) -> 16 | G18: =COUNTIF(O:O,$A18) -> 0 | H18: 14 | J18: 14 | K18: M4 | L18: M2 | M18: K | N18: M4 | O18: M2 | Q18: =IF(K18="","",VLOOKUP(K18,$A$4:$H$22,8,FALSE)) -> 6 | R18: =IF(L18="","",VLOOKUP(L18,$A$4:$H$22,8,FALSE)) -> 4 | S18: =IF(M18="","",VLOOKUP(M18,$A$4:$H$22,8,FALSE)) -> 8 | T18: =IF(N18="","",VLOOKUP(N18,$A$4:$H$22,8,FALSE)) -> 6 | U18: =IF(O18="","",VLOOKUP(O18,$A$4:$H$22,8,FALSE)) -> 4 | W18: 62321 | X18: 1610 | Y18: 20691 | Z18: 2579 | AA18: 7960 | AF18: G4 | AG18: 0 | AH18: 28352 | AI18: 13496 | AJ18: 15079 | AK18: 0
A19: GA | B19: Golden A | C19: =COUNTIF(K:K,$A19) -> 0 | D19: =COUNTIF(L:L,$A19) -> 22 | E19: =COUNTIF(M:M,$A19) -> 6 | F19: =COUNTIF(N:N,$A19) -> 4 | G19: =COUNTIF(O:O,$A19) -> 0 | H19: 15 | J19: 15 | K19: J | L19: M2 | M19: GQ | N19: GK | O19: K | Q19: =IF(K19="","",VLOOKUP(K19,$A$4:$H$22,8,FALSE)) -> 10 | R19: =IF(L19="","",VLOOKUP(L19,$A$4:$H$22,8,FALSE)) -> 4 | S19: =IF(M19="","",VLOOKUP(M19,$A$4:$H$22,8,FALSE)) -> 17 | T19: =IF(N19="","",VLOOKUP(N19,$A$4:$H$22,8,FALSE)) -> 16 | U19: =IF(O19="","",VLOOKUP(O19,$A$4:$H$22,8,FALSE)) -> 8 | W19: 18626 | X19: 1610 | Y19: 55831 | Z19: 1920 | AA19: 13037 | AF19: GA | AG19: 0 | AH19: 38739 | AI19: 28424 | AJ19: 22154 | AK19: 0
... A22: GJ | B22: Golden J | C22: =COUNTIF(K:K,$A22) -> 0 | D22: =COUNTIF(L:L,$A22) -> 4 | E22: =COUNTIF(M:M,$A22) -> 16 | F22: =COUNTIF(N:N,$A22) -> 4 | G22: =COUNTIF(O:O,$A22) -> 0 | H22: 18 | J22: 18 | K22: K | L22: M1 | M22: Q | N22: K | O22: M4 | Q22: =IF(K22="","",VLOOKUP(K22,$A$4:$H$22,8,FALSE)) -> 8 | R22: =IF(L22="","",VLOOKUP(L22,$A$4:$H$22,8,FALSE)) -> 3 | S22: =IF(M22="","",VLOOKUP(M22,$A$4:$H$22,8,FALSE)) -> 9 | T22: =IF(N22="","",VLOOKUP(N22,$A$4:$H$22,8,FALSE)) -> 8 | U22: =IF(O22="","",VLOOKUP(O22,$A$4:$H$22,8,FALSE)) -> 6 | W22: 8650 | X22: 8635 | Y22: 16695 | Z22: 2579 | AA22: 77148 | AF22: GJ | AG22: 0 | AH22: 29928 | AI22: 27530 | AJ22: 20750 | AK22: 0
C23: =SUM(C4:C22) -> 200 | D23: =SUM(D4:D22) -> 200 | E23: =SUM(E4:E22) -> 200 | F23: =SUM(F4:F22) -> 200 | G23: =SUM(G4:G22) -> 200 | J23: 19 | K23: M1 | L23: M2 | M23: A | N23: GK | O23: A | Q23: =IF(K23="","",VLOOKUP(K23,$A$4:$H$22,8,FALSE)) -> 3 | R23: =IF(L23="","",VLOOKUP(L23,$A$4:$H$22,8,FALSE)) -> 4 | S23: =IF(M23="","",VLOOKUP(M23,$A$4:$H$22,8,FALSE)) -> 7 | T23: =IF(N23="","",VLOOKUP(N23,$A$4:$H$22,8,FALSE)) -> 16 | U23: =IF(O23="","",VLOOKUP(O23,$A$4:$H$22,8,FALSE)) -> 7 | W23: 9383 | X23: 8143 | Y23: 15323 | Z23: 1920 | AA23: 61717
J24: 20 | K24: M2 | L24: GA | M24: G4 | N24: K | O24: J | Q24: =IF(K24="","",VLOOKUP(K24,$A$4:$H$22,8,FALSE)) -> 4 | R24: =IF(L24="","",VLOOKUP(L24,$A$4:$H$22,8,FALSE)) -> 15 | S24: =IF(M24="","",VLOOKUP(M24,$A$4:$H$22,8,FALSE)) -> 14 | T24: =IF(N24="","",VLOOKUP(N24,$A$4:$H$22,8,FALSE)) -> 8 | U24: =IF(O24="","",VLOOKUP(O24,$A$4:$H$22,8,FALSE)) -> 10 | W24: 8650 | X24: 6932 | Y24: 5072 | Z24: 12130 | AA24: 22736
J25: 21 | K25: M4 | L25: G4 | M25: G4 | N25: G4 | O25: Q | Q25: =IF(K25="","",VLOOKUP(K25,$A$4:$H$22,8,FALSE)) -> 6 | R25: =IF(L25="","",VLOOKUP(L25,$A$4:$H$22,8,FALSE)) -> 14 | S25: =IF(M25="","",VLOOKUP(M25,$A$4:$H$22,8,FALSE)) -> 14 | T25: =IF(N25="","",VLOOKUP(N25,$A$4:$H$22,8,FALSE)) -> 14 | U25: =IF(O25="","",VLOOKUP(O25,$A$4:$H$22,8,FALSE)) -> 9 | W25: 8861 | X25: 2304 | Y25: 6168 | Z25: 18931 | AA25: 17955
J26: 22 | K26: M3 | L26: M4 | M26: J | N26: M1 | O26: J | Q26: =IF(K26="","",VLOOKUP(K26,$A$4:$H$22,8,FALSE)) -> 5 | R26: =IF(L26="","",VLOOKUP(L26,$A$4:$H$22,8,FALSE)) -> 6 | S26: =IF(M26="","",VLOOKUP(M26,$A$4:$H$22,8,FALSE)) -> 10 | T26: =IF(N26="","",VLOOKUP(N26,$A$4:$H$22,8,FALSE)) -> 3 | U26: =IF(O26="","",VLOOKUP(O26,$A$4:$H$22,8,FALSE)) -> 10 | W26: 8650 | X26: 7448 | Y26: 2417 | Z26: 7418 | AA26: 22279
J27: 23 | K27: K | L27: M2 | M27: GJ | N27: GQ | O27: M4 | Q27: =IF(K27="","",VLOOKUP(K27,$A$4:$H$22,8,FALSE)) -> 8 | R27: =IF(L27="","",VLOOKUP(L27,$A$4:$H$22,8,FALSE)) -> 4 | S27: =IF(M27="","",VLOOKUP(M27,$A$4:$H$22,8,FALSE)) -> 18 | T27: =IF(N27="","",VLOOKUP(N27,$A$4:$H$22,8,FALSE)) -> 17 | U27: =IF(O27="","",VLOOKUP(O27,$A$4:$H$22,8,FALSE)) -> 6 | W27: 8650 | X27: 7806 | Y27: 8061 | Z27: 7837 | AA27: 7960
J28: 24 | K28: M2 | L28: M4 | M28: G3 | N28: GK | O28: A | Q28: =IF(K28="","",VLOOKUP(K28,$A$4:$H$22,8,FALSE)) -> 4 | R28: =IF(L28="","",VLOOKUP(L28,$A$4:$H$22,8,FALSE)) -> 6 | S28: =IF(M28="","",VLOOKUP(M28,$A$4:$H$22,8,FALSE)) -> 13 | T28: =IF(N28="","",VLOOKUP(N28,$A$4:$H$22,8,FALSE)) -> 16 | U28: =IF(O28="","",VLOOKUP(O28,$A$4:$H$22,8,FALSE)) -> 7 | W28: 18868 | X28: 6448 | Y28: 2538 | Z28: 7676 | AA28: 7960
J29: 25 | K29: A | L29: A | M29: GJ | N29: G2 | O29: M3 | Q29: =IF(K29="","",VLOOKUP(K29,$A$4:$H$22,8,FALSE)) -> 7 | R29: =IF(L29="","",VLOOKUP(L29,$A$4:$H$22,8,FALSE)) -> 7 | S29: =IF(M29="","",VLOOKUP(M29,$A$4:$H$22,8,FALSE)) -> 18 | T29: =IF(N29="","",VLOOKUP(N29,$A$4:$H$22,8,FALSE)) -> 12 | U29: =IF(O29="","",VLOOKUP(O29,$A$4:$H$22,8,FALSE)) -> 5 | W29: 23666 | X29: 6448 | Y29: 2417 | Z29: 8329 | AA29: 2390
J30: 26 | K30: M3 | L30: G1 | M30: M3 | N30: G1 | O30: A | Q30: =IF(K30="","",VLOOKUP(K30,$A$4:$H$22,8,FALSE)) -> 5 | R30: =IF(L30="","",VLOOKUP(L30,$A$4:$H$22,8,FALSE)) -> 11 | S30: =IF(M30="","",VLOOKUP(M30,$A$4:$H$22,8,FALSE)) -> 5 | T30: =IF(N30="","",VLOOKUP(N30,$A$4:$H$22,8,FALSE)) -> 11 | U30: =IF(O30="","",VLOOKUP(O30,$A$4:$H$22,8,FALSE)) -> 7 | W30: 2595 | X30: 10133 | Y30: 2459 | Z30: 23550 | AA30: 2390
J31: 27 | K31: K | L31: C1 | M31: G3 | N31: A | O31: M3 | Q31: =IF(K31="","",VLOOKUP(K31,$A$4:$H$22,8,FALSE)) -> 8 | R31: =IF(L31="","",VLOOKUP(L31,$A$4:$H$22,8,FALSE)) -> 2 | S31: =IF(M31="","",VLOOKUP(M31,$A$4:$H$22,8,FALSE)) -> 13 | T31: =IF(N31="","",VLOOKUP(N31,$A$4:$H$22,8,FALSE)) -> 7 | U31: =IF(O31="","",VLOOKUP(O31,$A$4:$H$22,8,FALSE)) -> 5 | W31: 2595 | X31: 9717 | Y31: 8061 | Z31: 19566 | AA31: 2390
J32: 28 | K32: J | L32: Q | M32: K | N32: Q | O32: M3 | Q32: =IF(K32="","",VLOOKUP(K32,$A$4:$H$22,8,FALSE)) -> 10 | R32: =IF(L32="","",VLOOKUP(L32,$A$4:$H$22,8,FALSE)) -> 9 | S32: =IF(M32="","",VLOOKUP(M32,$A$4:$H$22,8,FALSE)) -> 8 | T32: =IF(N32="","",VLOOKUP(N32,$A$4:$H$22,8,FALSE)) -> 9 | U32: =IF(O32="","",VLOOKUP(O32,$A$4:$H$22,8,FALSE)) -> 5 | W32: 2161 | X32: 24197 | Y32: 7797 | Z32: 18353 | AA32: 7960
J33: 29 | K33: J | L33: G1 | M33: M2 | N33: M4 | O33: A | Q33: =IF(K33="","",VLOOKUP(K33,$A$4:$H$22,8,FALSE)) -> 10 | R33: =IF(L33="","",VLOOKUP(L33,$A$4:$H$22,8,FALSE)) -> 11 | S33: =IF(M33="","",VLOOKUP(M33,$A$4:$H$22,8,FALSE)) -> 4 | T33: =IF(N33="","",VLOOKUP(N33,$A$4:$H$22,8,FALSE)) -> 6 | U33: =IF(O33="","",VLOOKUP(O33,$A$4:$H$22,8,FALSE)) -> 7 | W33: 7208 | X33: 49636 | Y33: 6717 | Z33: 7448 | AA33: 7960
J34: 30 | K34: K | L34: M4 | M34: GK | N34: K | O34: Q | Q34: =IF(K34="","",VLOOKUP(K34,$A$4:$H$22,8,FALSE)) -> 8 | R34: =IF(L34="","",VLOOKUP(L34,$A$4:$H$22,8,FALSE)) -> 6 | S34: =IF(M34="","",VLOOKUP(M34,$A$4:$H$22,8,FALSE)) -> 16 | T34: =IF(N34="","",VLOOKUP(N34,$A$4:$H$22,8,FALSE)) -> 8 | U34: =IF(O34="","",VLOOKUP(O34,$A$4:$H$22,8,FALSE)) -> 9 | W34: 7208 | X34: 53721 | Y34: 17943 | Z34: 1920 | AA34: 21606
J35: 31 | K35: J | L35: GA | M35: M4 | N35: M3 | O35: K | Q35: =IF(K35="","",VLOOKUP(K35,$A$4:$H$22,8,FALSE)) -> 10 | R35: =IF(L35="","",VLOOKUP(L35,$A$4:$H$22,8,FALSE)) -> 15 | S35: =IF(M35="","",VLOOKUP(M35,$A$4:$H$22,8,FALSE)) -> 6 | T35: =IF(N35="","",VLOOKUP(N35,$A$4:$H$22,8,FALSE)) -> 5 | U35: =IF(O35="","",VLOOKUP(O35,$A$4:$H$22,8,FALSE)) -> 8 | W35: 8650 | X35: 44503 | Y35: 16278 | Z35: 1920 | AA35: 7986
... J203: 199 | K203: M3 | L203: K | M203: M3 | N203: Q | O203: Q | Q203: =IF(K203="","",VLOOKUP(K203,$A$4:$H$22,8,FALSE)) -> 5 | R203: =IF(L203="","",VLOOKUP(L203,$A$4:$H$22,8,FALSE)) -> 8 | S203: =IF(M203="","",VLOOKUP(M203,$A$4:$H$22,8,FALSE)) -> 5 | T203: =IF(N203="","",VLOOKUP(N203,$A$4:$H$22,8,FALSE)) -> 9 | U203: =IF(O203="","",VLOOKUP(O203,$A$4:$H$22,8,FALSE)) -> 9 | W203: 8649 | X203: 6824 | Y203: 2086 | Z203: 20267 | AA203: 11627

Sheet SF_Symbol (3)
J2: Symbol | Q2: Symbol ID | W2: Symbol Weight | AC2: Random Wild Trigger Weight | AF2: Symbol Drop Weight
A3: Symbol | B3: Description | C3: R1 | D3: R2 | E3: R3 | F3: R4 | G3: R5 | H3: ID | J3: Line # | K3: R1 | L3: R2 | M3: R3 | N3: R4 | O3: R5 | Q3: R1 | R3: R2 | S3: R3 | T3: R4 | U3: R5 | W3: R1 | X3: R2 | Y3: R3 | Z3: R4 | AA3: R5 | AC3: Random Wild | AD3: Weight | AF3: Symbol | AG3: R1 | AH3: R2 | AI3: R3 | AJ3: R4 | AK3: R5
A4: {=Overview!A30:A48} -> WW | B4: {=Overview!B30:B48} -> Wild | C4: =COUNTIF(K:K,$A4) -> 0 | D4: =COUNTIF(L:L,$A4) -> 0 | E4: =COUNTIF(M:M,$A4) -> 0 | F4: =COUNTIF(N:N,$A4) -> 0 | G4: =COUNTIF(O:O,$A4) -> 0 | H4: {=Overview!H30:H48} -> 0 | J4: 0 | K4: J | L4: M2 | M4: Q | N4: GQ | O4: A | Q4: =IF(K4="","",VLOOKUP(K4,$A$4:$H$22,8,FALSE)) -> 10 | R4: =IF(L4="","",VLOOKUP(L4,$A$4:$H$22,8,FALSE)) -> 4 | S4: =IF(M4="","",VLOOKUP(M4,$A$4:$H$22,8,FALSE)) -> 9 | T4: =IF(N4="","",VLOOKUP(N4,$A$4:$H$22,8,FALSE)) -> 17 | U4: =IF(O4="","",VLOOKUP(O4,$A$4:$H$22,8,FALSE)) -> 7 | W4: 1846 | X4: 17151 | Y4: 4358 | Z4: 3072 | AA4: 15914 | AC4: 0 | AD4: 0 | AF4: {=A4:A22} -> WW | AG4: 0 | AH4: 0 | AI4: 0 | AJ4: 0 | AK4: 0
A5: W2 | B5: Super Wild | C5: =COUNTIF(K:K,$A5) -> 0 | D5: =COUNTIF(L:L,$A5) -> 0 | E5: =COUNTIF(M:M,$A5) -> 0 | F5: =COUNTIF(N:N,$A5) -> 0 | G5: =COUNTIF(O:O,$A5) -> 0 | H5: 1 | J5: 1 | K5: M3 | L5: GA | M5: M3 | N5: M4 | O5: K | Q5: =IF(K5="","",VLOOKUP(K5,$A$4:$H$22,8,FALSE)) -> 5 | R5: =IF(L5="","",VLOOKUP(L5,$A$4:$H$22,8,FALSE)) -> 15 | S5: =IF(M5="","",VLOOKUP(M5,$A$4:$H$22,8,FALSE)) -> 5 | T5: =IF(N5="","",VLOOKUP(N5,$A$4:$H$22,8,FALSE)) -> 6 | U5: =IF(O5="","",VLOOKUP(O5,$A$4:$H$22,8,FALSE)) -> 8 | W5: 1901 | X5: 16411 | Y5: 3160 | Z5: 2100 | AA5: 15802 | AC5: 2 | AD5: 1000 | AF5: W2 | AG5: 0 | AH5: 0 | AI5: 0 | AJ5: 0 | AK5: 0
A6: C1 | B6: Scatter | C6: =COUNTIF(K:K,$A6) -> 2 | D6: =COUNTIF(L:L,$A6) -> 3 | E6: =COUNTIF(M:M,$A6) -> 2 | F6: =COUNTIF(N:N,$A6) -> 3 | G6: =COUNTIF(O:O,$A6) -> 3 | H6: 2 | J6: 2 | K6: K | L6: M2 | M6: M3 | N6: M4 | O6: M2 | Q6: =IF(K6="","",VLOOKUP(K6,$A$4:$H$22,8,FALSE)) -> 8 | R6: =IF(L6="","",VLOOKUP(L6,$A$4:$H$22,8,FALSE)) -> 4 | S6: =IF(M6="","",VLOOKUP(M6,$A$4:$H$22,8,FALSE)) -> 5 | T6: =IF(N6="","",VLOOKUP(N6,$A$4:$H$22,8,FALSE)) -> 6 | U6: =IF(O6="","",VLOOKUP(O6,$A$4:$H$22,8,FALSE)) -> 4 | W6: 1861 | X6: 15855 | Y6: 15528 | Z6: 14282 | AA6: 13430 | AC6: 3 | AD6: 0 | AF6: C1 | AG6: 7756 | AH6: 8222 | AI6: 10372 | AJ6: 8936 | AK6: 10577
A7: M1 | B7: M1 | C7: =COUNTIF(K:K,$A7) -> 14 | D7: =COUNTIF(L:L,$A7) -> 9 | E7: =COUNTIF(M:M,$A7) -> 9 | F7: =COUNTIF(N:N,$A7) -> 8 | G7: =COUNTIF(O:O,$A7) -> 15 | H7: 3 | J7: 3 | K7: K | L7: M4 | M7: Q | N7: Q | O7: M3 | Q7: =IF(K7="","",VLOOKUP(K7,$A$4:$H$22,8,FALSE)) -> 8 | R7: =IF(L7="","",VLOOKUP(L7,$A$4:$H$22,8,FALSE)) -> 6 | S7: =IF(M7="","",VLOOKUP(M7,$A$4:$H$22,8,FALSE)) -> 9 | T7: =IF(N7="","",VLOOKUP(N7,$A$4:$H$22,8,FALSE)) -> 9 | U7: =IF(O7="","",VLOOKUP(O7,$A$4:$H$22,8,FALSE)) -> 5 | W7: 5928 | X7: 16164 | Y7: 15864 | Z7: 17263 | AA7: 15689 | AC7: 4 | AD7: 0 | AF7: M1 | AG7: 49351 | AH7: 80351 | AI7: 44243 | AJ7: 89078 | AK7: 48353
A8: M2 | B8: M2 | C8: =COUNTIF(K:K,$A8) -> 28 | D8: =COUNTIF(L:L,$A8) -> 33 | E8: =COUNTIF(M:M,$A8) -> 15 | F8: =COUNTIF(N:N,$A8) -> 11 | G8: =COUNTIF(O:O,$A8) -> 24 | H8: 4 | J8: 4 | K8: A | L8: Q | M8: M2 | N8: A | O8: Q | Q8: =IF(K8="","",VLOOKUP(K8,$A$4:$H$22,8,FALSE)) -> 7 | R8: =IF(L8="","",VLOOKUP(L8,$A$4:$H$22,8,FALSE)) -> 9 | S8: =IF(M8="","",VLOOKUP(M8,$A$4:$H$22,8,FALSE)) -> 4 | T8: =IF(N8="","",VLOOKUP(N8,$A$4:$H$22,8,FALSE)) -> 7 | U8: =IF(O8="","",VLOOKUP(O8,$A$4:$H$22,8,FALSE)) -> 9 | W8: 13935 | X8: 14293 | Y8: 17160 | Z8: 7612 | AA8: 13092 | AF8: M2 | AG8: 99333 | AH8: 40003 | AI8: 86123 | AJ8: 45957 | AK8: 105470
A9: M3 | B9: M3 | C9: =COUNTIF(K:K,$A9) -> 18 | D9: =COUNTIF(L:L,$A9) -> 10 | E9: =COUNTIF(M:M,$A9) -> 28 | F9: =COUNTIF(N:N,$A9) -> 13 | G9: =COUNTIF(O:O,$A9) -> 30 | H9: 5 | J9: 5 | K9: K | L9: A | M9: Q | N9: M4 | O9: M4 | Q9: =IF(K9="","",VLOOKUP(K9,$A$4:$H$22,8,FALSE)) -> 8 | R9: =IF(L9="","",VLOOKUP(L9,$A$4:$H$22,8,FALSE)) -> 7 | S9: =IF(M9="","",VLOOKUP(M9,$A$4:$H$22,8,FALSE)) -> 9 | T9: =IF(N9="","",VLOOKUP(N9,$A$4:$H$22,8,FALSE)) -> 6 | U9: =IF(O9="","",VLOOKUP(O9,$A$4:$H$22,8,FALSE)) -> 6 | W9: 14296 | X9: 13778 | Y9: 17160 | Z9: 7720 | AA9: 17269 | AF9: M3 | AG9: 100655 | AH9: 62180 | AI9: 64133 | AJ9: 65390 | AK9: 79480
A10: M4 | B10: M4 | C10: =COUNTIF(K:K,$A10) -> 17 | D10: =COUNTIF(L:L,$A10) -> 34 | E10: =COUNTIF(M:M,$A10) -> 12 | F10: =COUNTIF(N:N,$A10) -> 36 | G10: =COUNTIF(O:O,$A10) -> 14 | H10: 6 | J10: 6 | K10: M2 | L10: K | M10: M3 | N10: Q | O10: M2 | Q10: =IF(K10="","",VLOOKUP(K10,$A$4:$H$22,8,FALSE)) -> 4 | R10: =IF(L10="","",VLOOKUP(L10,$A$4:$H$22,8,FALSE)) -> 8 | S10: =IF(M10="","",VLOOKUP(M10,$A$4:$H$22,8,FALSE)) -> 5 | T10: =IF(N10="","",VLOOKUP(N10,$A$4:$H$22,8,FALSE)) -> 9 | U10: =IF(O10="","",VLOOKUP(O10,$A$4:$H$22,8,FALSE)) -> 4 | W10: 12374 | X10: 14293 | Y10: 19439 | Z10: 7185 | AA10: 14560 | AF10: M4 | AG10: 98070 | AH10: 104601 | AI10: 65577 | AJ10: 112624 | AK10: 79480
A11: A | B11: A | C11: =COUNTIF(K:K,$A11) -> 33 | D11: =COUNTIF(L:L,$A11) -> 41 | E11: =COUNTIF(M:M,$A11) -> 14 | F11: =COUNTIF(N:N,$A11) -> 8 | G11: =COUNTIF(O:O,$A11) -> 29 | H11: 7 | J11: 7 | K11: K | L11: M4 | M11: M1 | N11: Q | O11: M3 | Q11: =IF(K11="","",VLOOKUP(K11,$A$4:$H$22,8,FALSE)) -> 8 | R11: =IF(L11="","",VLOOKUP(L11,$A$4:$H$22,8,FALSE)) -> 6 | S11: =IF(M11="","",VLOOKUP(M11,$A$4:$H$22,8,FALSE)) -> 3 | T11: =IF(N11="","",VLOOKUP(N11,$A$4:$H$22,8,FALSE)) -> 9 | U11: =IF(O11="","",VLOOKUP(O11,$A$4:$H$22,8,FALSE)) -> 5 | W11: 16339 | X11: 16905 | Y11: 17830 | Z11: 6655 | AA11: 12189 | AF11: A | AG11: 150063 | AH11: 148819 | AI11: 144545 | AJ11: 160567 | AK11: 153521
A12: K | B12: K | C12: =COUNTIF(K:K,$A12) -> 37 | D12: =COUNTIF(L:L,$A12) -> 11 | E12: =COUNTIF(M:M,$A12) -> 10 | F12: =COUNTIF(N:N,$A12) -> 42 | G12: =COUNTIF(O:O,$A12) -> 24 | H12: 8 | J12: 8 | K12: M3 | L12: M3 | M12: G2 | N12: M4 | O12: M2 | Q12: =IF(K12="","",VLOOKUP(K12,$A$4:$H$22,8,FALSE)) -> 5 | R12: =IF(L12="","",VLOOKUP(L12,$A$4:$H$22,8,FALSE)) -> 5 | S12: =IF(M12="","",VLOOKUP(M12,$A$4:$H$22,8,FALSE)) -> 12 | T12: =IF(N12="","",VLOOKUP(N12,$A$4:$H$22,8,FALSE)) -> 6 | U12: =IF(O12="","",VLOOKUP(O12,$A$4:$H$22,8,FALSE)) -> 4 | W12: 15138 | X12: 17275 | Y12: 17025 | Z12: 5369 | AA12: 12979 | AF12: K | AG12: 150580 | AH12: 147575 | AI12: 132532 | AJ12: 152340 | AK12: 143850
A13: Q | B13: Q | C13: =COUNTIF(K:K,$A13) -> 18 | D13: =COUNTIF(L:L,$A13) -> 11 | E13: =COUNTIF(M:M,$A13) -> 40 | F13: =COUNTIF(N:N,$A13) -> 33 | G13: =COUNTIF(O:O,$A13) -> 31 | H13: 9 | J13: 9 | K13: K | L13: M4 | M13: C1 | N13: M4 | O13: K | Q13: =IF(K13="","",VLOOKUP(K13,$A$4:$H$22,8,FALSE)) -> 8 | R13: =IF(L13="","",VLOOKUP(L13,$A$4:$H$22,8,FALSE)) -> 6 | S13: =IF(M13="","",VLOOKUP(M13,$A$4:$H$22,8,FALSE)) -> 2 | T13: =IF(N13="","",VLOOKUP(N13,$A$4:$H$22,8,FALSE)) -> 6 | U13: =IF(O13="","",VLOOKUP(O13,$A$4:$H$22,8,FALSE)) -> 8 | W13: 15978 | X13: 7666 | Y13: 17651 | Z13: 3990 | AA13: 12791 | AF13: Q | AG13: 173331 | AH13: 123946 | AI13: 165091 | AJ13: 136170 | AK13: 190692
A14: J | B14: J | C14: =COUNTIF(K:K,$A14) -> 33 | D14: =COUNTIF(L:L,$A14) -> 8 | E14: =COUNTIF(M:M,$A14) -> 36 | F14: =COUNTIF(N:N,$A14) -> 12 | G14: =COUNTIF(O:O,$A14) -> 30 | H14: 10 | J14: 10 | K14: M2 | L14: GA | M14: M3 | N14: M4 | O14: M3 | Q14: =IF(K14="","",VLOOKUP(K14,$A$4:$H$22,8,FALSE)) -> 4 | R14: =IF(L14="","",VLOOKUP(L14,$A$4:$H$22,8,FALSE)) -> 15 | S14: =IF(M14="","",VLOOKUP(M14,$A$4:$H$22,8,FALSE)) -> 5 | T14: =IF(N14="","",VLOOKUP(N14,$A$4:$H$22,8,FALSE)) -> 6 | U14: =IF(O14="","",VLOOKUP(O14,$A$4:$H$22,8,FALSE)) -> 5 | W14: 15978 | X14: 7034 | Y14: 14077 | Z14: 6597 | AA14: 12979 | AF14: J | AG14: 170861 | AH14: 126226 | AI14: 159840 | AJ14: 130355 | AK14: 188577
A15: G1 | B15: Golden M1 | C15: =COUNTIF(K:K,$A15) -> 0 | D15: =COUNTIF(L:L,$A15) -> 2 | E15: =COUNTIF(M:M,$A15) -> 2 | F15: =COUNTIF(N:N,$A15) -> 2 | G15: =COUNTIF(O:O,$A15) -> 0 | H15: 11 | J15: 11 | K15: M1 | L15: G4 | M15: G2 | N15: Q | O15: M4 | Q15: =IF(K15="","",VLOOKUP(K15,$A$4:$H$22,8,FALSE)) -> 3 | R15: =IF(L15="","",VLOOKUP(L15,$A$4:$H$22,8,FALSE)) -> 14 | S15: =IF(M15="","",VLOOKUP(M15,$A$4:$H$22,8,FALSE)) -> 12 | T15: =IF(N15="","",VLOOKUP(N15,$A$4:$H$22,8,FALSE)) -> 9 | U15: =IF(O15="","",VLOOKUP(O15,$A$4:$H$22,8,FALSE)) -> 6 | W15: 14656 | X15: 6794 | Y15: 15193 | Z15: 4554 | AA15: 12754 | AF15: G1 | AG15: 0 | AH15: 16098 | AI15: 7549 | AJ15: 10071 | AK15: 0
A16: G2 | B16: Golden M2 | C16: =COUNTIF(K:K,$A16) -> 0 | D16: =COUNTIF(L:L,$A16) -> 7 | E16: =COUNTIF(M:M,$A16) -> 3 | F16: =COUNTIF(N:N,$A16) -> 2 | G16: =COUNTIF(O:O,$A16) -> 0 | H16: 12 | J16: 12 | K16: J | L16: M4 | M16: J | N16: M4 | O16: K | Q16: =IF(K16="","",VLOOKUP(K16,$A$4:$H$22,8,FALSE)) -> 10 | R16: =IF(L16="","",VLOOKUP(L16,$A$4:$H$22,8,FALSE)) -> 6 | S16: =IF(M16="","",VLOOKUP(M16,$A$4:$H$22,8,FALSE)) -> 10 | T16: =IF(N16="","",VLOOKUP(N16,$A$4:$H$22,8,FALSE)) -> 6 | U16: =IF(O16="","",VLOOKUP(O16,$A$4:$H$22,8,FALSE)) -> 8 | W16: 13815 | X16: 7455 | Y16: 15150 | Z16: 9314 | AA16: 15464 | AF16: G2 | AG16: 0 | AH16: 7738 | AI16: 13260 | AJ16: 4965 | AK16: 0
A17: G3 | B17: Golden M3 | C17: =COUNTIF(K:K,$A17) -> 0 | D17: =COUNTIF(L:L,$A17) -> 3 | E17: =COUNTIF(M:M,$A17) -> 6 | F17: =COUNTIF(N:N,$A17) -> 2 | G17: =COUNTIF(O:O,$A17) -> 0 | H17: 13 | J17: 13 | K17: M2 | L17: Q | M17: M2 | N17: K | O17: M1 | Q17: =IF(K17="","",VLOOKUP(K17,$A$4:$H$22,8,FALSE)) -> 4 | R17: =IF(L17="","",VLOOKUP(L17,$A$4:$H$22,8,FALSE)) -> 9 | S17: =IF(M17="","",VLOOKUP(M17,$A$4:$H$22,8,FALSE)) -> 4 | T17: =IF(N17="","",VLOOKUP(N17,$A$4:$H$22,8,FALSE)) -> 8 | U17: =IF(O17="","",VLOOKUP(O17,$A$4:$H$22,8,FALSE)) -> 3 | W17: 11112 | X17: 6347 | Y17: 18367 | Z17: 3990 | AA17: 14108 | AF17: G3 | AG17: 0 | AH17: 12160 | AI17: 10240 | AJ17: 8511 | AK17: 0
A18: G4 | B18: Golden M4 | C18: =COUNTIF(K:K,$A18) -> 0 | D18: =COUNTIF(L:L,$A18) -> 9 | E18: =COUNTIF(M:M,$A18) -> 2 | F18: =COUNTIF(N:N,$A18) -> 8 | G18: =COUNTIF(O:O,$A18) -> 0 | H18: 14 | J18: 14 | K18: M4 | L18: M2 | M18: K | N18: M4 | O18: M2 | Q18: =IF(K18="","",VLOOKUP(K18,$A$4:$H$22,8,FALSE)) -> 6 | R18: =IF(L18="","",VLOOKUP(L18,$A$4:$H$22,8,FALSE)) -> 4 | S18: =IF(M18="","",VLOOKUP(M18,$A$4:$H$22,8,FALSE)) -> 8 | T18: =IF(N18="","",VLOOKUP(N18,$A$4:$H$22,8,FALSE)) -> 6 | U18: =IF(O18="","",VLOOKUP(O18,$A$4:$H$22,8,FALSE)) -> 4 | W18: 13216 | X18: 6436 | Y18: 16892 | Z18: 2827 | AA18: 10270 | AF18: G4 | AG18: 0 | AH18: 20243 | AI18: 9781 | AJ18: 10780 | AK18: 0
A19: GA | B19: Golden A | C19: =COUNTIF(K:K,$A19) -> 0 | D19: =COUNTIF(L:L,$A19) -> 11 | E19: =COUNTIF(M:M,$A19) -> 3 | F19: =COUNTIF(N:N,$A19) -> 2 | G19: =COUNTIF(O:O,$A19) -> 0 | H19: 15 | J19: 15 | K19: J | L19: M2 | M19: Q | N19: K | O19: K | Q19: =IF(K19="","",VLOOKUP(K19,$A$4:$H$22,8,FALSE)) -> 10 | R19: =IF(L19="","",VLOOKUP(L19,$A$4:$H$22,8,FALSE)) -> 4 | S19: =IF(M19="","",VLOOKUP(M19,$A$4:$H$22,8,FALSE)) -> 9 | T19: =IF(N19="","",VLOOKUP(N19,$A$4:$H$22,8,FALSE)) -> 8 | U19: =IF(O19="","",VLOOKUP(O19,$A$4:$H$22,8,FALSE)) -> 8 | W19: 11814 | X19: 5598 | Y19: 14635 | Z19: 1953 | AA19: 8522 | AF19: GA | AG19: 0 | AH19: 27498 | AI19: 20481 | AJ19: 15745 | AK19: 0
... A22: GJ | B22: Golden J | C22: =COUNTIF(K:K,$A22) -> 0 | D22: =COUNTIF(L:L,$A22) -> 2 | E22: =COUNTIF(M:M,$A22) -> 8 | F22: =COUNTIF(N:N,$A22) -> 2 | G22: =COUNTIF(O:O,$A22) -> 0 | H22: 18 | J22: 18 | K22: K | L22: M1 | M22: Q | N22: K | O22: M4 | Q22: =IF(K22="","",VLOOKUP(K22,$A$4:$H$22,8,FALSE)) -> 8 | R22: =IF(L22="","",VLOOKUP(L22,$A$4:$H$22,8,FALSE)) -> 3 | S22: =IF(M22="","",VLOOKUP(M22,$A$4:$H$22,8,FALSE)) -> 9 | T22: =IF(N22="","",VLOOKUP(N22,$A$4:$H$22,8,FALSE)) -> 8 | U22: =IF(O22="","",VLOOKUP(O22,$A$4:$H$22,8,FALSE)) -> 6 | W22: 14896 | X22: 17151 | Y22: 6127 | Z22: 2827 | AA22: 17494 | AF22: GJ | AG22: 0 | AH22: 24112 | AI22: 22515 | AJ22: 16738 | AK22: 0
C23: =SUM(C4:C22) -> 200 | D23: =SUM(D4:D22) -> 200 | E23: =SUM(E4:E22) -> 200 | F23: =SUM(F4:F22) -> 200 | G23: =SUM(G4:G22) -> 200 | J23: 19 | K23: M1 | L23: M2 | M23: A | N23: K | O23: A | Q23: =IF(K23="","",VLOOKUP(K23,$A$4:$H$22,8,FALSE)) -> 3 | R23: =IF(L23="","",VLOOKUP(L23,$A$4:$H$22,8,FALSE)) -> 4 | S23: =IF(M23="","",VLOOKUP(M23,$A$4:$H$22,8,FALSE)) -> 7 | T23: =IF(N23="","",VLOOKUP(N23,$A$4:$H$22,8,FALSE)) -> 8 | U23: =IF(O23="","",VLOOKUP(O23,$A$4:$H$22,8,FALSE)) -> 7 | W23: 15978 | X23: 7774 | Y23: 5839 | Z23: 1953 | AA23: 13995
J24: 20 | K24: M2 | L24: GA | M24: G4 | N24: K | O24: J | Q24: =IF(K24="","",VLOOKUP(K24,$A$4:$H$22,8,FALSE)) -> 4 | R24: =IF(L24="","",VLOOKUP(L24,$A$4:$H$22,8,FALSE)) -> 15 | S24: =IF(M24="","",VLOOKUP(M24,$A$4:$H$22,8,FALSE)) -> 14 | T24: =IF(N24="","",VLOOKUP(N24,$A$4:$H$22,8,FALSE)) -> 8 | U24: =IF(O24="","",VLOOKUP(O24,$A$4:$H$22,8,FALSE)) -> 10 | W24: 14296 | X24: 6480 | Y24: 6031 | Z24: 9314 | AA24: 15464
J25: 21 | K25: M4 | L25: G4 | M25: M4 | N25: M4 | O25: Q | Q25: =IF(K25="","",VLOOKUP(K25,$A$4:$H$22,8,FALSE)) -> 6 | R25: =IF(L25="","",VLOOKUP(L25,$A$4:$H$22,8,FALSE)) -> 14 | S25: =IF(M25="","",VLOOKUP(M25,$A$4:$H$22,8,FALSE)) -> 6 | T25: =IF(N25="","",VLOOKUP(N25,$A$4:$H$22,8,FALSE)) -> 6 | U25: =IF(O25="","",VLOOKUP(O25,$A$4:$H$22,8,FALSE)) -> 9 | W25: 16579 | X25: 6392 | Y25: 7183 | Z25: 13557 | AA25: 12189
J26: 22 | K26: M3 | L26: M4 | M26: J | N26: M1 | O26: J | Q26: =IF(K26="","",VLOOKUP(K26,$A$4:$H$22,8,FALSE)) -> 5 | R26: =IF(L26="","",VLOOKUP(L26,$A$4:$H$22,8,FALSE)) -> 6 | S26: =IF(M26="","",VLOOKUP(M26,$A$4:$H$22,8,FALSE)) -> 10 | T26: =IF(N26="","",VLOOKUP(N26,$A$4:$H$22,8,FALSE)) -> 3 | U26: =IF(O26="","",VLOOKUP(O26,$A$4:$H$22,8,FALSE)) -> 10 | W26: 15138 | X26: 15526 | Y26: 8103 | Z26: 15523 | AA26: 15124
J27: 23 | K27: K | L27: M2 | M27: J | N27: Q | O27: M4 | Q27: =IF(K27="","",VLOOKUP(K27,$A$4:$H$22,8,FALSE)) -> 8 | R27: =IF(L27="","",VLOOKUP(L27,$A$4:$H$22,8,FALSE)) -> 4 | S27: =IF(M27="","",VLOOKUP(M27,$A$4:$H$22,8,FALSE)) -> 10 | T27: =IF(N27="","",VLOOKUP(N27,$A$4:$H$22,8,FALSE)) -> 9 | U27: =IF(O27="","",VLOOKUP(O27,$A$4:$H$22,8,FALSE)) -> 6 | W27: 15738 | X27: 16656 | Y27: 19706 | Z27: 16021 | AA27: 15236
J28: 24 | K28: M2 | L28: M4 | M28: G3 | N28: GK | O28: A | Q28: =IF(K28="","",VLOOKUP(K28,$A$4:$H$22,8,FALSE)) -> 4 | R28: =IF(L28="","",VLOOKUP(L28,$A$4:$H$22,8,FALSE)) -> 6 | S28: =IF(M28="","",VLOOKUP(M28,$A$4:$H$22,8,FALSE)) -> 13 | T28: =IF(N28="","",VLOOKUP(N28,$A$4:$H$22,8,FALSE)) -> 16 | U28: =IF(O28="","",VLOOKUP(O28,$A$4:$H$22,8,FALSE)) -> 7 | W28: 11774 | X28: 17768 | Y28: 7238 | Z28: 18504 | AA28: 14785
J29: 25 | K29: A | L29: A | M29: GJ | N29: M2 | O29: M3 | Q29: =IF(K29="","",VLOOKUP(K29,$A$4:$H$22,8,FALSE)) -> 7 | R29: =IF(L29="","",VLOOKUP(L29,$A$4:$H$22,8,FALSE)) -> 7 | S29: =IF(M29="","",VLOOKUP(M29,$A$4:$H$22,8,FALSE)) -> 18 | T29: =IF(N29="","",VLOOKUP(N29,$A$4:$H$22,8,FALSE)) -> 4 | U29: =IF(O29="","",VLOOKUP(O29,$A$4:$H$22,8,FALSE)) -> 5 | W29: 15738 | X29: 16039 | Y29: 8272 | Z29: 16642 | AA29: 6919
J30: 26 | K30: M3 | L30: G1 | M30: M3 | N30: M1 | O30: A | Q30: =IF(K30="","",VLOOKUP(K30,$A$4:$H$22,8,FALSE)) -> 5 | R30: =IF(L30="","",VLOOKUP(L30,$A$4:$H$22,8,FALSE)) -> 11 | S30: =IF(M30="","",VLOOKUP(M30,$A$4:$H$22,8,FALSE)) -> 5 | T30: =IF(N30="","",VLOOKUP(N30,$A$4:$H$22,8,FALSE)) -> 3 | U30: =IF(O30="","",VLOOKUP(O30,$A$4:$H$22,8,FALSE)) -> 7 | W30: 6435 | X30: 15547 | Y30: 7641 | Z30: 15730 | AA30: 6047
J31: 27 | K31: K | L31: C1 | M31: M3 | N31: A | O31: M3 | Q31: =IF(K31="","",VLOOKUP(K31,$A$4:$H$22,8,FALSE)) -> 8 | R31: =IF(L31="","",VLOOKUP(L31,$A$4:$H$22,8,FALSE)) -> 2 | S31: =IF(M31="","",VLOOKUP(M31,$A$4:$H$22,8,FALSE)) -> 5 | T31: =IF(N31="","",VLOOKUP(N31,$A$4:$H$22,8,FALSE)) -> 7 | U31: =IF(O31="","",VLOOKUP(O31,$A$4:$H$22,8,FALSE)) -> 5 | W31: 6074 | X31: 14910 | Y31: 12110 | Z31: 13350 | AA31: 6094
J32: 28 | K32: J | L32: Q | M32: K | N32: Q | O32: M3 | Q32: =IF(K32="","",VLOOKUP(K32,$A$4:$H$22,8,FALSE)) -> 10 | R32: =IF(L32="","",VLOOKUP(L32,$A$4:$H$22,8,FALSE)) -> 9 | S32: =IF(M32="","",VLOOKUP(M32,$A$4:$H$22,8,FALSE)) -> 8 | T32: =IF(N32="","",VLOOKUP(N32,$A$4:$H$22,8,FALSE)) -> 9 | U32: =IF(O32="","",VLOOKUP(O32,$A$4:$H$22,8,FALSE)) -> 5 | W32: 6009 | X32: 17069 | Y32: 17986 | Z32: 12523 | AA32: 13770
J33: 29 | K33: J | L33: M1 | M33: M2 | N33: M4 | O33: A | Q33: =IF(K33="","",VLOOKUP(K33,$A$4:$H$22,8,FALSE)) -> 10 | R33: =IF(L33="","",VLOOKUP(L33,$A$4:$H$22,8,FALSE)) -> 3 | S33: =IF(M33="","",VLOOKUP(M33,$A$4:$H$22,8,FALSE)) -> 4 | T33: =IF(N33="","",VLOOKUP(N33,$A$4:$H$22,8,FALSE)) -> 6 | U33: =IF(O33="","",VLOOKUP(O33,$A$4:$H$22,8,FALSE)) -> 7 | W33: 12314 | X33: 12442 | Y33: 14747 | Z33: 15110 | AA33: 15011
J34: 30 | K34: K | L34: M4 | M34: GK | N34: K | O34: Q | Q34: =IF(K34="","",VLOOKUP(K34,$A$4:$H$22,8,FALSE)) -> 8 | R34: =IF(L34="","",VLOOKUP(L34,$A$4:$H$22,8,FALSE)) -> 6 | S34: =IF(M34="","",VLOOKUP(M34,$A$4:$H$22,8,FALSE)) -> 16 | T34: =IF(N34="","",VLOOKUP(N34,$A$4:$H$22,8,FALSE)) -> 8 | U34: =IF(O34="","",VLOOKUP(O34,$A$4:$H$22,8,FALSE)) -> 9 | W34: 11914 | X34: 13984 | Y34: 15081 | Z34: 5811 | AA34: 15011
J35: 31 | K35: J | L35: A | M35: M4 | N35: M3 | O35: K | Q35: =IF(K35="","",VLOOKUP(K35,$A$4:$H$22,8,FALSE)) -> 10 | R35: =IF(L35="","",VLOOKUP(L35,$A$4:$H$22,8,FALSE)) -> 7 | S35: =IF(M35="","",VLOOKUP(M35,$A$4:$H$22,8,FALSE)) -> 6 | T35: =IF(N35="","",VLOOKUP(N35,$A$4:$H$22,8,FALSE)) -> 5 | U35: =IF(O35="","",VLOOKUP(O35,$A$4:$H$22,8,FALSE)) -> 8 | W35: 13577 | X35: 12031 | Y35: 12871 | Z35: 6611 | AA35: 15236
... J203: 199 | K203: M3 | L203: K | M203: M3 | N203: Q | O203: Q | Q203: =IF(K203="","",VLOOKUP(K203,$A$4:$H$22,8,FALSE)) -> 5 | R203: =IF(L203="","",VLOOKUP(L203,$A$4:$H$22,8,FALSE)) -> 8 | S203: =IF(M203="","",VLOOKUP(M203,$A$4:$H$22,8,FALSE)) -> 5 | T203: =IF(N203="","",VLOOKUP(N203,$A$4:$H$22,8,FALSE)) -> 9 | U203: =IF(O203="","",VLOOKUP(O203,$A$4:$H$22,8,FALSE)) -> 9 | W203: 17180 | X203: 16780 | Y203: 5217 | Z203: 6812 | AA203: 7224
