Workbook
Name Bet_1: Overview!$A$5
Name Bet_2: Overview!$A$6
Name Bet_3: Overview!$A$7
Name Bet_4: Overview!$A$8

Sheet Overview
A1: Model: | B1: =C1&"-"&B2 -> H020192-2.2.1.0 | C1: H020192
A2: Version: | B2: 2.2.1.0
A3: Hold: | B3: =1-D5 -> -19.935096 | G3: Real value
A4: Coin | B4: Payline | C4: Lines Pay Back | D4: Pay Back | E4: Hit% | G4: Hit% | H4: Big win | I4: Mega win | J4: Jumbo win
A5: 1 | B5: 5 | C5: ='Pay Combo Normal Bet'!$I$1 -> 0.70171319 | D5: ='Pay Combo Normal Bet'!$I$2 -> 20.935096 | E5: =SUM('Pay Combo Normal Bet'!$J$13:$J$20) -> 0.071900065 | F5: Normal Bet | G5: =1-'Multiplier Weight'!$N$4 -> 0.1082682 | H5: =SUM('Multiplier Weight'!$N$12:$N$61)-I5-J5 -> 0.01677213 | I5: =SUM('Multiplier Weight'!$N$15:$N$61)-J5 -> 0.019243787 | J5: =SUM('Multiplier Weight'!$N$19:$N$61) -> 0.003500854
A6: 1.5 | B6: 5 | C6: ='Pay Combo Extra Bet (1)'!$I$1 -> 0.46780879 | D6: ='Pay Combo Extra Bet (1)'!$I$2 -> 20.462976 | E6: =SUM('Pay Combo Extra Bet (1)'!$J$13:$J$20) -> 0.071900065 | F6: Extra Bet 1 | G6: =1-'Multiplier Weight'!$N$69 -> 0.10958912 | H6: =SUM('Multiplier Weight'!N79:N126)-I6-J6 -> 0.021788657 | I6: =SUM('Multiplier Weight'!N81:N126)-J6 -> 0.020021288 | J6: =SUM('Multiplier Weight'!N87:N126) -> 0.003469783
A7: 8 | B7: 5 | C7: ='Pay Combo Extra Bet (2)'!$I$1 -> 0.087714148 | D7: ='Pay Combo Extra Bet (2)'!$I$2 -> 22.081394 | E7: =SUM('Pay Combo Extra Bet (2)'!$J$13:$J$20) -> 0.071900065 | F7: Extra Bet 2 | G7: =1-'Multiplier Weight'!$N$134 -> 0.13880396 | H7: =SUM('Multiplier Weight'!N153:N191)-I7-J7 -> 0.0052119 | I7: =SUM('Multiplier Weight'!N156:N191)-J7 -> 0.021861725 | J7: =SUM('Multiplier Weight'!N164:N191) -> 0.003936103
A8: 250 | B8: 5 | C8: ='Pay Combo Super Feature Buy'!$I$1 -> 0.010396634 | D8: ='Pay Combo Super Feature Buy'!$I$2 -> 3.7430546 | E8: =SUM('Pay Combo Super Feature Buy'!$J$23:$J$32) -> 0.23861416 | F8: Super Feature Buy
A11: Reel # | B11: 1 | C11: 2 | D11: 3 | E11: 4
A12: Visible Window Size | B12: 3 | C12: 3 | D12: 3 | E12: 3
A14: Volatility：
A15: Bonus Hit Freq.：
A17: Feature:
A18: Normal Bet : x1, multiple : 1x, 2x, 3x, 5x, 10x, 15x, 20x, 25x, 50x, 100x, 500x Extra Bet 1 : x1.5, multiple : 1x, 2x, 3x, 5x, 10x, 15x, 20x, 25x, 50x, 100x, 500x Extra Bet 2 : x8, multiple : 1x, 2x, 3x, 5x, 10x, 15x, 20x, 25x, 50x, 100x, 500x Super Feature Buy : x250, 5 Spins multiplier stay, multiple : 1x, 2x, 3x, 5x, 10x, 15x, 20x, 25x, 50x, 100x, 500x
A24: Pay Table： | B24: All wins show for 1 credit bet.
B25: WW | C25: C1*
A26: 5 | B26: 0 | C26: 0
A27: 4 | B27: 0 | C27: 0
A28: 3 | B28: 5 | C28: 0
B29: W1 | C29: W2 | D29: W3
A30: 5 | B30: 0 | C30: 0 | D30: 0
A31: 4 | B31: 0 | C31: 0 | D31: 0
A32: 3 | B32: 4 | C32: 3 | D32: 2.4
B33: WA | C33: WK | D33: WQ | E33: WJ
A34: 5 | B34: 0 | C34: 0 | D34: 0 | E34: 0
A35: 4 | B35: 0 | C35: 0 | D35: 0 | E35: 0
A36: 3 | B36: 2 | C36: 1.6 | D36: 1 | E36: 0.4
A39: For Pay Combo | B39: All wins show for 1 credit bet.
A40: WW | B40: =B28 -> 5
A41: W1 | B41: =B32 -> 4
A42: W2 | B42: =C32 -> 3
A43: W3 | B43: =D32 -> 2.4
A44: WA | B44: =B36 -> 2
A45: WK | B45: =C36 -> 1.6
A46: WQ | B46: =D36 -> 1
A47: WJ | B47: =E36 -> 0.4

Sheet Parameter
B1: Strip Table | F1: Normal Bet Weight | J1: Extra Bet 1 Weight | N1: Extra Bet 2 Weight | R1: Super Feature Buy Weight | V1: Normal Bet R4 | Y1: Extra Bet 1 R4 | AB1: Extra Bet 2 R4 | AE1: Super Feature Buy R4 | AH1: Reel 4 Multiple
B2: {=_xlfn.LET(_xlpm.x, 'Regular Symbol'!BW2:BY211, IF(_xlpm.x="", "", _xlpm.x))} -> R1 | C2: R2 | D2: R3 | F2: {=_xlfn.LET(_xlpm.x, 'Regular Symbol'!AA2:AC211, IF(_xlpm.x="", "", _xlpm.x))} -> R1 | G2: R2 | H2: R3 | J2: {=_xlfn.LET(_xlpm.x, 'Regular Symbol'!AM2:AO211, IF(_xlpm.x="", "", _xlpm.x))} -> R1 | K2: R2 | L2: R3 | N2: {=_xlfn.LET(_xlpm.x, 'Regular Symbol'!AY2:BA211, IF(_xlpm.x="", "", _xlpm.x))} -> R1 | O2: R2 | P2: R3 | R2: {=_xlfn.LET(_xlpm.x, 'Regular Symbol'!BK2:BM211, IF(_xlpm.x="", "", _xlpm.x))} -> R1 | S2: R2 | T2: R3 | V2: Normal | W2: Re-spin | Y2: Normal | Z2: Re-spin | AB2: Normal | AC2: Re-spin | AE2: Normal | AF2: Re-spin | AH2: {='Pay Combo Normal Bet'!$L$2:$N$14} -> 倍數 | AI2: 比例 | AJ2: 權重
B3: 7 | C3: 0 | D3: 1 | F3: 1 | G3: 1 | H3: 1 | J3: 1 | K3: 1 | L3: 1 | N3: 1 | O3: 1 | P3: 1 | R3: 100 | S3: 467 | T3: 100 | V3: {='Reel 4 Symbol'!AC3:AD211} -> 18 | W3: 30 | Y3: {='Reel 4 Symbol'!AM3:AN211} -> 18 | Z3: 30 | AB3: {='Reel 4 Symbol'!AW3:AX211} -> 18 | AC3: 30 | AE3: {='Reel 4 Symbol'!BG3:BH211} -> 18 | AF3: 30 | AH3: 1 | AI3: 0.2247191 | AJ3: 220000000
B4: 5 | C4: 0 | D4: 1 | F4: 1 | G4: 1 | H4: 1 | J4: 1 | K4: 1 | L4: 1 | N4: 1 | O4: 1 | P4: 1 | R4: 447 | S4: 584 | T4: 677 | V4: 17 | W4: 17 | Y4: 17 | Z4: 17 | AB4: 17 | AC4: 17 | AE4: 17 | AF4: 17 | AH4: 2 | AI4: 0.2247191 | AJ4: 220000000
B5: 5 | C5: 0 | D5: 1 | F5: 1 | G5: 1 | H5: 1 | J5: 1 | K5: 1 | L5: 1 | N5: 1 | O5: 1 | P5: 1 | R5: 373 | S5: 701 | T5: 564 | V5: 16 | W5: 28 | Y5: 16 | Z5: 28 | AB5: 16 | AC5: 28 | AE5: 16 | AF5: 28 | AH5: 3 | AI5: 0.2247191 | AJ5: 220000000
B6: 0 | C6: 7 | D6: 0 | F6: 1 | G6: 1 | H6: 1 | J6: 1 | K6: 1 | L6: 1 | N6: 1 | O6: 1 | P6: 1 | R6: 298 | S6: 100 | T6: 451 | V6: 12 | W6: 12 | Y6: 12 | Z6: 12 | AB6: 12 | AC6: 12 | AE6: 12 | AF6: 12 | AH6: 5 | AI6: 0.06639428 | AJ6: 65000000
B7: 0 | C7: 7 | D7: 0 | F7: 1 | G7: 1 | H7: 1 | J7: 1 | K7: 1 | L7: 1 | N7: 1 | O7: 1 | P7: 1 | R7: 373 | S7: 100 | T7: 564 | V7: 13 | W7: 25 | Y7: 13 | Z7: 25 | AB7: 13 | AC7: 25 | AE7: 13 | AF7: 25 | AH7: 10 | AI7: 0.030643514 | AJ7: 30000000
B8: 0 | C8: 4 | D8: 0 | F8: 1 | G8: 1 | H8: 1 | J8: 1 | K8: 1 | L8: 1 | N8: 1 | O8: 1 | P8: 1 | R8: 447 | S8: 100 | T8: 677 | V8: 15 | W8: 15 | Y8: 15 | Z8: 15 | AB8: 15 | AC8: 15 | AE8: 15 | AF8: 15 | AH8: 15 | AI8: 0.010214505 | AJ8: 10000000
B9: 4 | C9: 4 | D9: 4 | F9: 1 | G9: 1 | H9: 1 | J9: 1 | K9: 1 | L9: 1 | N9: 1 | O9: 1 | P9: 1 | R9: 100 | S9: 100 | T9: 100 | V9: 14 | W9: 26 | Y9: 14 | Z9: 26 | AB9: 14 | AC9: 26 | AE9: 14 | AF9: 26 | AH9: 20 | AI9: 0.0051072523 | AJ9: 5000000
B10: 4 | C10: 4 | D10: 4 | F10: 1 | G10: 1 | H10: 1 | J10: 1 | K10: 1 | L10: 1 | N10: 1 | O10: 1 | P10: 1 | R10: 100 | S10: 100 | T10: 100 | V10: 11 | W10: 11 | Y10: 11 | Z10: 11 | AB10: 13 | AC10: 13 | AE10: 11 | AF10: 11 | AH10: 25 | AI10: 0.0020429009 | AJ10: 2000000
B11: 4 | C11: 2 | D11: 4 | F11: 1 | G11: 1 | H11: 1 | J11: 1 | K11: 1 | L11: 1 | N11: 1 | O11: 1 | P11: 1 | R11: 100 | S11: 100 | T11: 100 | V11: 10 | W11: 22 | Y11: 10 | Z11: 22 | AB11: 12 | AC11: 24 | AE11: 10 | AF11: 22 | AH11: 50 | AI11: 0.0020429009 | AJ11: 2000000
B12: 2 | C12: 2 | D12: 2 | F12: 1 | G12: 1 | H12: 1 | J12: 1 | K12: 1 | L12: 1 | N12: 1 | O12: 1 | P12: 1 | R12: 100 | S12: 100 | T12: 100 | V12: 19 | W12: 11 | Y12: 19 | Z12: 11 | AB12: 19 | AC12: 12 | AE12: 19 | AF12: 11 | AH12: 100 | AI12: 0.0020429009 | AJ12: 2000000
B13: 2 | C13: 2 | D13: 2 | F13: 1 | G13: 1 | H13: 1 | J13: 1 | K13: 1 | L13: 1 | N13: 1 | O13: 1 | P13: 1 | R13: 100 | S13: 100 | T13: 100 | V13: 9 | W13: 21 | Y13: 9 | Z13: 21 | AB13: 12 | AC13: 24 | AE13: 9 | AF13: 21 | AH13: 500 | AI13: 0.0030643514 | AJ13: 3000000
B14: 5 | C14: 5 | D14: 2 | F14: 1 | G14: 1 | H14: 1 | J14: 1 | K14: 1 | L14: 1 | N14: 1 | O14: 1 | P14: 1 | R14: 100 | S14: 100 | T14: 100 | V14: 8 | W14: 8 | Y14: 9 | Z14: 9 | AB14: 13 | AC14: 13 | AE14: 9 | AF14: 9 | AH14: Re-spin | AI14: 0.20429009 | AJ14: 200000000
B15: 5 | C15: 5 | D15: 5 | F15: 1 | G15: 1 | H15: 1 | J15: 1 | K15: 1 | L15: 1 | N15: 1 | O15: 1 | P15: 1 | R15: 100 | S15: 100 | T15: 100 | V15: 11 | W15: 23 | Y15: 11 | Z15: 23 | AB15: 14 | AC15: 26 | AE15: 11 | AF15: 23
B16: 1 | C16: 5 | D16: 5 | F16: 1 | G16: 1 | H16: 1 | J16: 1 | K16: 1 | L16: 1 | N16: 1 | O16: 1 | P16: 1 | R16: 100 | S16: 100 | T16: 100 | V16: 12 | W16: 12 | Y16: 12 | Z16: 12 | AB16: 12 | AC16: 12 | AE16: 12 | AF16: 12
B17: 1 | C17: 4 | D17: 5 | F17: 1 | G17: 1 | H17: 1 | J17: 1 | K17: 1 | L17: 1 | N17: 1 | O17: 1 | P17: 1 | R17: 100 | S17: 100 | T17: 100 | V17: 13 | W17: 25 | Y17: 13 | Z17: 25 | AB17: 13 | AC17: 25 | AE17: 13 | AF17: 25 | AH17: Re-spin times
B18: 1 | C18: 4 | D18: 1 | F18: 1 | G18: 1 | H18: 1 | J18: 1 | K18: 1 | L18: 1 | N18: 1 | O18: 1 | P18: 1 | R18: 100 | S18: 100 | T18: 100 | V18: 14 | W18: 14 | Y18: 14 | Z18: 14 | AB18: 14 | AC18: 14 | AE18: 14 | AF18: 14 | AH18: {='Pay Combo Normal Bet'!$Q$2:$S$13} -> Re-spin數 | AI18: 比例 | AJ18: 權重
B19: 7 | C19: 4 | D19: 1 | F19: 1 | G19: 1 | H19: 1 | J19: 1 | K19: 1 | L19: 1 | N19: 1 | O19: 1 | P19: 1 | R19: 100 | S19: 100 | T19: 100 | V19: 15 | W19: 27 | Y19: 15 | Z19: 27 | AB19: 15 | AC19: 27 | AE19: 15 | AF19: 27 | AH19: 2 | AI19: 0.11111111 | AJ19: 120000000
B20: 7 | C20: 2 | D20: 1 | F20: 1 | G20: 1 | H20: 1 | J20: 1 | K20: 1 | L20: 1 | N20: 1 | O20: 1 | P20: 1 | R20: 100 | S20: 100 | T20: 100 | V20: 16 | W20: 16 | Y20: 16 | Z20: 16 | AB20: 16 | AC20: 16 | AE20: 16 | AF20: 16 | AH20: 3 | AI20: 0.11111111 | AJ20: 120000000
B21: 2 | C21: 2 | D21: 3 | F21: 1 | G21: 1 | H21: 1 | J21: 1 | K21: 1 | L21: 1 | N21: 1 | O21: 1 | P21: 1 | R21: 100 | S21: 100 | T21: 100 | V21: 17 | W21: 29 | Y21: 17 | Z21: 29 | AB21: 17 | AC21: 29 | AE21: 17 | AF21: 29 | AH21: 4 | AI21: 0.11111111 | AJ21: 120000000
B22: 2 | C22: 2 | D22: 3 | F22: 1 | G22: 1 | H22: 1 | J22: 1 | K22: 1 | L22: 1 | N22: 1 | O22: 1 | P22: 1 | R22: 100 | S22: 100 | T22: 100 | V22: 13 | W22: 13 | Y22: 13 | Z22: 13 | AB22: 13 | AC22: 13 | AE22: 13 | AF22: 13 | AH22: 5 | AI22: 0.11111111 | AJ22: 120000000
B23: 4 | C23: 4 | D23: 6 | F23: 1 | G23: 1 | H23: 1 | J23: 1 | K23: 1 | L23: 1 | N23: 1 | O23: 1 | P23: 1 | R23: 100 | S23: 701 | T23: 100 | V23: 12 | W23: 24 | Y23: 12 | Z23: 24 | AB23: 12 | AC23: 24 | AE23: 12 | AF23: 24 | AH23: 6 | AI23: 0.11111111 | AJ23: 120000000
B24: 4 | C24: 4 | D24: 6 | F24: 1 | G24: 1 | H24: 1 | J24: 1 | K24: 1 | L24: 1 | N24: 1 | O24: 1 | P24: 1 | R24: 100 | S24: 584 | T24: 100 | V24: 16 | W24: 16 | Y24: 16 | Z24: 16 | AB24: 16 | AC24: 16 | AE24: 16 | AF24: 16 | AH24: 7 | AI24: 0.074074074 | AJ24: 80000000
B25: 4 | C25: 0 | D25: 6 | F25: 1 | G25: 1 | H25: 1 | J25: 1 | K25: 1 | L25: 1 | N25: 1 | O25: 1 | P25: 1 | R25: 100 | S25: 467 | T25: 100 | V25: 15 | W25: 15 | Y25: 15 | Z25: 15 | AB25: 15 | AC25: 15 | AE25: 15 | AF25: 15 | AH25: 8 | AI25: 0.074074074 | AJ25: 80000000
B26: 3 | C26: 0 | D26: 4 | F26: 1 | G26: 1 | H26: 1 | J26: 1 | K26: 1 | L26: 1 | N26: 1 | O26: 1 | P26: 1 | R26: 100 | S26: 584 | T26: 100 | V26: 14 | W26: 14 | Y26: 14 | Z26: 14 | AB26: 14 | AC26: 14 | AE26: 14 | AF26: 14 | AH26: 9 | AI26: 0.074074074 | AJ26: 80000000
B27: 3 | C27: 0 | D27: 4 | F27: 1 | G27: 1 | H27: 1 | J27: 1 | K27: 1 | L27: 1 | N27: 1 | O27: 1 | P27: 1 | R27: 100 | S27: 701 | T27: 100 | V27: 11 | W27: 23 | Y27: 11 | Z27: 23 | AB27: 13 | AC27: 25 | AE27: 11 | AF27: 23 | AH27: 10 | AI27: 0.074074074 | AJ27: 80000000
B28: 6 | C28: 6 | D28: 4 | F28: 1 | G28: 1 | H28: 1 | J28: 1 | K28: 1 | L28: 1 | N28: 1 | O28: 1 | P28: 1 | R28: 100 | S28: 100 | T28: 100 | V28: 9 | W28: 9 | Y28: 9 | Z28: 9 | AB28: 12 | AC28: 12 | AE28: 9 | AF28: 9 | AH28: 20 | AI28: 0.074074074 | AJ28: 80000000
B29: 6 | C29: 6 | D29: 2 | F29: 1 | G29: 1 | H29: 1 | J29: 1 | K29: 1 | L29: 1 | N29: 1 | O29: 1 | P29: 1 | R29: 100 | S29: 100 | T29: 100 | V29: 19 | W29: 22 | Y29: 19 | Z29: 22 | AB29: 19 | AC29: 25 | AE29: 19 | AF29: 22 | AH29: 50 | AI29: 0.074074074 | AJ29: 80000000
B30: 1 | C30: 3 | D30: 2 | F30: 1 | G30: 1 | H30: 1 | J30: 1 | K30: 1 | L30: 1 | N30: 1 | O30: 1 | P30: 1 | R30: 100 | S30: 100 | T30: 100 | V30: 8 | W30: 8 | Y30: 9 | Z30: 9 | AB30: 12 | AC30: 12 | AE30: 9 | AF30: 9
B31: 1 | C31: 3 | D31: 7 | F31: 1 | G31: 1 | H31: 1 | J31: 1 | K31: 1 | L31: 1 | N31: 1 | O31: 1 | P31: 1 | R31: 100 | S31: 100 | T31: 100 | V31: 10 | W31: 22 | Y31: 10 | Z31: 22 | AB31: 13 | AC31: 13 | AE31: 10 | AF31: 22
B32: 7 | C32: 3 | D32: 7 | F32: 1 | G32: 1 | H32: 1 | J32: 1 | K32: 1 | L32: 1 | N32: 1 | O32: 1 | P32: 1 | R32: 100 | S32: 100 | T32: 677 | V32: 11 | W32: 11 | Y32: 11 | Z32: 11 | AB32: 12 | AC32: 12 | AE32: 11 | AF32: 11 | AH32: Multiple per Re-spin
B33: 7 | C33: 6 | D33: 7 | F33: 1 | G33: 1 | H33: 1 | J33: 1 | K33: 1 | L33: 1 | N33: 1 | O33: 1 | P33: 1 | R33: 100 | S33: 100 | T33: 564 | V33: 12 | W33: 24 | Y33: 12 | Z33: 24 | AB33: 12 | AC33: 24 | AE33: 12 | AF33: 24 | AH33: 倍數\nudge次數 | AI33: {='Pay Combo Normal Bet'!$AH$2:$AR$13} -> 2 | AJ33: 3 | AK33: 4 | AL33: 5 | AM33: 6 | AN33: 7 | AO33: 8 | AP33: 9 | AQ33: 10 | AR33: 20 | AS33: 50
B34: 2 | C34: 6 | D34: 0 | F34: 1 | G34: 1 | H34: 1 | J34: 1 | K34: 1 | L34: 1 | N34: 1 | O34: 1 | P34: 1 | R34: 100 | S34: 100 | T34: 451 | V34: 13 | W34: 13 | Y34: 13 | Z34: 13 | AB34: 13 | AC34: 13 | AE34: 13 | AF34: 13 | AH34: {='Pay Combo Normal Bet'!$V$3:$V$13} -> 1 | AI34: 0 | AJ34: 0 | AK34: 0 | AL34: 0 | AM34: 0 | AN34: 0 | AO34: 0 | AP34: 0 | AQ34: 265000000 | AR34: 265000000 | AS34: 265000000
B35: 2 | C35: 6 | D35: 0 | F35: 1 | G35: 1 | H35: 1 | J35: 1 | K35: 1 | L35: 1 | N35: 1 | O35: 1 | P35: 1 | R35: 100 | S35: 100 | T35: 564 | V35: 14 | W35: 26 | Y35: 14 | Z35: 26 | AB35: 14 | AC35: 26 | AE35: 14 | AF35: 26 | AH35: 2 | AI35: 0 | AJ35: 0 | AK35: 0 | AL35: 250000000 | AM35: 250000000 | AN35: 250000000 | AO35: 240000000 | AP35: 240000000 | AQ35: 240000000 | AR35: 240000000 | AS35: 240000000
B36: 5 | C36: 2 | D36: 0 | F36: 1 | G36: 1 | H36: 1 | J36: 1 | K36: 1 | L36: 1 | N36: 1 | O36: 1 | P36: 1 | R36: 100 | S36: 100 | T36: 677 | V36: 15 | W36: 15 | Y36: 15 | Z36: 15 | AB36: 15 | AC36: 15 | AE36: 15 | AF36: 15 | AH36: 3 | AI36: 0 | AJ36: 250000000 | AK36: 250000000 | AL36: 200000000 | AM36: 200000000 | AN36: 200000000 | AO36: 170000000 | AP36: 170000000 | AQ36: 170000000 | AR36: 170000000 | AS36: 170000000
B37: 5 | C37: 2 | D37: 6 | F37: 1 | G37: 1 | H37: 1 | J37: 1 | K37: 1 | L37: 1 | N37: 1 | O37: 1 | P37: 1 | R37: 100 | S37: 100 | T37: 100 | V37: 16 | W37: 28 | Y37: 16 | Z37: 28 | AB37: 16 | AC37: 28 | AE37: 16 | AF37: 28 | AH37: 5 | AI37: 150000000 | AJ37: 150000000 | AK37: 150000000 | AL37: 160000000 | AM37: 160000000 | AN37: 160000000 | AO37: 130000000 | AP37: 130000000 | AQ37: 130000000 | AR37: 130000000 | AS37: 130000000
B38: 1 | C38: 2 | D38: 6 | F38: 1 | G38: 1 | H38: 1 | J38: 1 | K38: 1 | L38: 1 | N38: 1 | O38: 1 | P38: 1 | R38: 100 | S38: 100 | T38: 100 | V38: 18 | W38: 18 | Y38: 18 | Z38: 18 | AB38: 18 | AC38: 18 | AE38: 18 | AF38: 18 | AH38: 10 | AI38: 100000000 | AJ38: 100000000 | AK38: 100000000 | AL38: 80000000 | AM38: 80000000 | AN38: 80000000 | AO38: 80000000 | AP38: 80000000 | AQ38: 80000000 | AR38: 80000000 | AS38: 80000000
B39: 1 | C39: 5 | D39: 6 | F39: 1 | G39: 1 | H39: 1 | J39: 1 | K39: 1 | L39: 1 | N39: 1 | O39: 1 | P39: 1 | R39: 100 | S39: 100 | T39: 100 | V39: 17 | W39: 17 | Y39: 17 | Z39: 17 | AB39: 17 | AC39: 17 | AE39: 17 | AF39: 17 | AH39: 15 | AI39: 80000000 | AJ39: 80000000 | AK39: 80000000 | AL39: 50000000 | AM39: 50000000 | AN39: 50000000 | AO39: 50000000 | AP39: 50000000 | AQ39: 50000000 | AR39: 50000000 | AS39: 50000000
B40: 7 | C40: 5 | D40: 6 | F40: 1 | G40: 1 | H40: 1 | J40: 1 | K40: 1 | L40: 1 | N40: 1 | O40: 1 | P40: 1 | R40: 100 | S40: 100 | T40: 100 | V40: 9 | W40: 9 | Y40: 9 | Z40: 9 | AB40: 15 | AC40: 27 | AE40: 9 | AF40: 9 | AH40: 20 | AI40: 20000000 | AJ40: 20000000 | AK40: 20000000 | AL40: 20000000 | AM40: 20000000 | AN40: 20000000 | AO40: 20000000 | AP40: 20000000 | AQ40: 20000000 | AR40: 20000000 | AS40: 20000000
B41: 7 | C41: 1 | D41: 4 | F41: 1 | G41: 1 | H41: 1 | J41: 1 | K41: 1 | L41: 1 | N41: 1 | O41: 1 | P41: 1 | R41: 100 | S41: 100 | T41: 100 | V41: 8 | W41: 20 | Y41: 10 | Z41: 22 | AB41: 14 | AC41: 14 | AE41: 10 | AF41: 22 | AH41: 25 | AI41: 15000000 | AJ41: 15000000 | AK41: 15000000 | AL41: 15000000 | AM41: 15000000 | AN41: 15000000 | AO41: 15000000 | AP41: 15000000 | AQ41: 15000000 | AR41: 15000000 | AS41: 15000000
B42: 2 | C42: 1 | D42: 4 | F42: 1 | G42: 1 | H42: 1 | J42: 1 | K42: 1 | L42: 1 | N42: 1 | O42: 1 | P42: 1 | R42: 100 | S42: 100 | T42: 100 | V42: 10 | W42: 10 | Y42: 10 | Z42: 10 | AB42: 13 | AC42: 25 | AE42: 10 | AF42: 10 | AH42: 50 | AI42: 15000000 | AJ42: 15000000 | AK42: 15000000 | AL42: 15000000 | AM42: 15000000 | AN42: 15000000 | AO42: 15000000 | AP42: 15000000 | AQ42: 15000000 | AR42: 15000000 | AS42: 15000000
B43: 2 | C43: 1 | D43: 7 | F43: 1 | G43: 1 | H43: 1 | J43: 1 | K43: 1 | L43: 1 | N43: 1 | O43: 1 | P43: 1 | R43: 100 | S43: 100 | T43: 100 | V43: 9 | W43: 9 | Y43: 9 | Z43: 9 | AB43: 12 | AC43: 12 | AE43: 9 | AF43: 9 | AH43: 100 | AI43: 10000000 | AJ43: 10000000 | AK43: 10000000 | AL43: 10000000 | AM43: 10000000 | AN43: 10000000 | AO43: 10000000 | AP43: 10000000 | AQ43: 10000000 | AR43: 10000000 | AS43: 10000000
B44: 6 | C44: 7 | D44: 7 | F44: 1 | G44: 1 | H44: 1 | J44: 1 | K44: 1 | L44: 1 | N44: 1 | O44: 1 | P44: 1 | R44: 100 | S44: 100 | T44: 100 | V44: 14 | W44: 14 | Y44: 14 | Z44: 14 | AB44: 14 | AC44: 14 | AE44: 14 | AF44: 14 | AH44: 500 | AI44: 10000000 | AJ44: 10000000 | AK44: 10000000 | AL44: 10000000 | AM44: 10000000 | AN44: 10000000 | AO44: 10000000 | AP44: 10000000 | AQ44: 10000000 | AR44: 10000000 | AS44: 10000000
B45: 6 | C45: 7 | D45: 7 | F45: 1 | G45: 1 | H45: 1 | J45: 1 | K45: 1 | L45: 1 | N45: 1 | O45: 1 | P45: 1 | R45: 100 | S45: 100 | T45: 100 | V45: 13 | W45: 25 | Y45: 13 | Z45: 25 | AB45: 13 | AC45: 25 | AE45: 13 | AF45: 25
B46: 6 | C46: 7 | D46: 3 | F46: 1 | G46: 1 | H46: 1 | J46: 1 | K46: 1 | L46: 1 | N46: 1 | O46: 1 | P46: 1 | R46: 100 | S46: 100 | T46: 100 | V46: 11 | W46: 11 | Y46: 11 | Z46: 11 | AB46: 12 | AC46: 12 | AE46: 11 | AF46: 11
B47: 5 | C47: 3 | D47: 3 | F47: 1 | G47: 1 | H47: 1 | J47: 1 | K47: 1 | L47: 1 | N47: 1 | O47: 1 | P47: 1 | R47: 100 | S47: 100 | T47: 100 | V47: 8 | W47: 20 | Y47: 9 | Z47: 21 | AB47: 12 | AC47: 24 | AE47: 9 | AF47: 21
B48: 1 | C48: 3 | D48: 6 | F48: 1 | G48: 1 | H48: 1 | J48: 1 | K48: 1 | L48: 1 | N48: 1 | O48: 1 | P48: 1 | R48: 100 | S48: 100 | T48: 100 | V48: 19 | W48: 12 | Y48: 19 | Z48: 12 | AB48: 19 | AC48: 12 | AE48: 19 | AF48: 12 | AH48: Reel 4 Multiple
B49: 1 | C49: 6 | D49: 6 | F49: 1 | G49: 1 | H49: 1 | J49: 1 | K49: 1 | L49: 1 | N49: 1 | O49: 1 | P49: 1 | R49: 100 | S49: 100 | T49: 100 | V49: 9 | W49: 21 | Y49: 9 | Z49: 21 | AB49: 13 | AC49: 25 | AE49: 9 | AF49: 21 | AH49: {='Pay Combo Extra Bet (1)'!L2:N14} -> 倍數 | AI49: 比例 | AJ49: 權重
B50: 1 | C50: 6 | D50: 6 | F50: 1 | G50: 1 | H50: 1 | J50: 1 | K50: 1 | L50: 1 | N50: 1 | O50: 1 | P50: 1 | R50: 100 | S50: 100 | T50: 100 | V50: 10 | W50: 10 | Y50: 10 | Z50: 10 | AB50: 14 | AC50: 14 | AE50: 10 | AF50: 10 | AH50: 1 | AI50: 0 | AJ50: 0
B51: 7 | C51: 5 | D51: 2 | F51: 1 | G51: 1 | H51: 1 | J51: 1 | K51: 1 | L51: 1 | N51: 1 | O51: 1 | P51: 1 | R51: 447 | S51: 701 | T51: 100 | V51: 11 | W51: 23 | Y51: 11 | Z51: 23 | AB51: 15 | AC51: 15 | AE51: 11 | AF51: 23 | AH51: 2 | AI51: 0.28985507 | AJ51: 220000000
B52: 7 | C52: 5 | D52: 2 | F52: 1 | G52: 1 | H52: 1 | J52: 1 | K52: 1 | L52: 1 | N52: 1 | O52: 1 | P52: 1 | R52: 373 | S52: 584 | T52: 100 | V52: 12 | W52: 12 | Y52: 12 | Z52: 12 | AB52: 12 | AC52: 12 | AE52: 12 | AF52: 12 | AH52: 3 | AI52: 0.28985507 | AJ52: 220000000
B53: 0 | C53: 0 | D53: 2 | F53: 1 | G53: 1 | H53: 1 | J53: 1 | K53: 1 | L53: 1 | N53: 1 | O53: 1 | P53: 1 | R53: 298 | S53: 467 | T53: 100 | V53: 13 | W53: 25 | Y53: 13 | Z53: 25 | AB53: 13 | AC53: 25 | AE53: 13 | AF53: 25 | AH53: 5 | AI53: 0.085638999 | AJ53: 65000000
B54: 0 | C54: 0 | D54: 2 | F54: 1 | G54: 1 | H54: 1 | J54: 1 | K54: 1 | L54: 1 | N54: 1 | O54: 1 | P54: 1 | R54: 373 | S54: 584 | T54: 100 | V54: 14 | W54: 14 | Y54: 14 | Z54: 14 | AB54: 14 | AC54: 14 | AE54: 14 | AF54: 14 | AH54: 10 | AI54: 0.039525692 | AJ54: 30000000
B55: 0 | C55: 0 | D55: 4 | F55: 1 | G55: 1 | H55: 1 | J55: 1 | K55: 1 | L55: 1 | N55: 1 | O55: 1 | P55: 1 | R55: 447 | S55: 701 | T55: 100 | V55: 15 | W55: 27 | Y55: 15 | Z55: 27 | AB55: 15 | AC55: 27 | AE55: 15 | AF55: 27 | AH55: 15 | AI55: 0.013175231 | AJ55: 10000000
B56: 4 | C56: 6 | D56: 4 | F56: 1 | G56: 1 | H56: 1 | J56: 1 | K56: 1 | L56: 1 | N56: 1 | O56: 1 | P56: 1 | R56: 100 | S56: 100 | T56: 100 | V56: 16 | W56: 16 | Y56: 16 | Z56: 16 | AB56: 16 | AC56: 16 | AE56: 16 | AF56: 16 | AH56: 20 | AI56: 0.0065876153 | AJ56: 5000000
B57: 4 | C57: 6 | D57: 4 | F57: 1 | G57: 1 | H57: 1 | J57: 1 | K57: 1 | L57: 1 | N57: 1 | O57: 1 | P57: 1 | R57: 100 | S57: 100 | T57: 100 | V57: 17 | W57: 17 | Y57: 17 | Z57: 17 | AB57: 17 | AC57: 17 | AE57: 17 | AF57: 17 | AH57: 25 | AI57: 0.0026350461 | AJ57: 2000000
B58: 3 | C58: 4 | D58: 3 | F58: 1 | G58: 1 | H58: 1 | J58: 1 | K58: 1 | L58: 1 | N58: 1 | O58: 1 | P58: 1 | R58: 100 | S58: 100 | T58: 100 | V58: 18 | W58: 18 | Y58: 18 | Z58: 18 | AB58: 18 | AC58: 18 | AE58: 18 | AF58: 18 | AH58: 50 | AI58: 0.0026350461 | AJ58: 2000000
B59: 3 | C59: 4 | D59: 3 | F59: 1 | G59: 1 | H59: 1 | J59: 1 | K59: 1 | L59: 1 | N59: 1 | O59: 1 | P59: 1 | R59: 100 | S59: 100 | T59: 100 | V59: 10 | W59: 22 | Y59: 10 | Z59: 22 | AB59: 15 | AC59: 27 | AE59: 10 | AF59: 22 | AH59: 100 | AI59: 0.0026350461 | AJ59: 2000000
B60: 5 | C60: 4 | D60: 3 | F60: 1 | G60: 1 | H60: 1 | J60: 1 | K60: 1 | L60: 1 | N60: 1 | O60: 1 | P60: 1 | R60: 100 | S60: 100 | T60: 100 | V60: 9 | W60: 9 | Y60: 9 | Z60: 9 | AB60: 13 | AC60: 13 | AE60: 9 | AF60: 9 | AH60: 500 | AI60: 0.0039525692 | AJ60: 3000000
B61: 5 | C61: 2 | D61: 6 | F61: 1 | G61: 1 | H61: 1 | J61: 1 | K61: 1 | L61: 1 | N61: 1 | O61: 1 | P61: 1 | R61: 100 | S61: 100 | T61: 100 | V61: 10 | W61: 22 | Y61: 10 | Z61: 22 | AB61: 12 | AC61: 12 | AE61: 10 | AF61: 22 | AH61: Re-spin | AI61: 0.26350461 | AJ61: 200000000
B62: 3 | C62: 2 | D62: 6 | F62: 1 | G62: 1 | H62: 1 | J62: 1 | K62: 1 | L62: 1 | N62: 1 | O62: 1 | P62: 1 | R62: 100 | S62: 100 | T62: 100 | V62: 8 | W62: 8 | Y62: 10 | Z62: 10 | AB62: 12 | AC62: 24 | AE62: 10 | AF62: 10
B63: 3 | C63: 2 | D63: 6 | F63: 1 | G63: 1 | H63: 1 | J63: 1 | K63: 1 | L63: 1 | N63: 1 | O63: 1 | P63: 1 | R63: 100 | S63: 100 | T63: 100 | V63: 9 | W63: 9 | Y63: 9 | Z63: 9 | AB63: 16 | AC63: 16 | AE63: 9 | AF63: 9
B64: 5 | C64: 5 | D64: 2 | F64: 1 | G64: 1 | H64: 1 | J64: 1 | K64: 1 | L64: 1 | N64: 1 | O64: 1 | P64: 1 | R64: 100 | S64: 100 | T64: 100 | V64: 14 | W64: 14 | Y64: 14 | Z64: 14 | AB64: 14 | AC64: 14 | AE64: 14 | AF64: 14 | AH64: Re-spin times
B65: 5 | C65: 5 | D65: 2 | F65: 1 | G65: 1 | H65: 1 | J65: 1 | K65: 1 | L65: 1 | N65: 1 | O65: 1 | P65: 1 | R65: 100 | S65: 100 | T65: 100 | V65: 13 | W65: 25 | Y65: 13 | Z65: 25 | AB65: 13 | AC65: 25 | AE65: 13 | AF65: 25 | AH65: {='Pay Combo Extra Bet (1)'!Q2:S13} -> Re-spin數 | AI65: 比例 | AJ65: 權重
B66: 5 | C66: 2 | D66: 2 | F66: 1 | G66: 1 | H66: 1 | J66: 1 | K66: 1 | L66: 1 | N66: 1 | O66: 1 | P66: 1 | R66: 100 | S66: 100 | T66: 100 | V66: 12 | W66: 12 | Y66: 12 | Z66: 12 | AB66: 12 | AC66: 12 | AE66: 12 | AF66: 12 | AH66: 2 | AI66: 0.11111111 | AJ66: 120000000
B67: 1 | C67: 2 | D67: 6 | F67: 1 | G67: 1 | H67: 1 | J67: 1 | K67: 1 | L67: 1 | N67: 1 | O67: 1 | P67: 1 | R67: 100 | S67: 100 | T67: 100 | V67: 10 | W67: 22 | Y67: 10 | Z67: 22 | AB67: 12 | AC67: 24 | AE67: 10 | AF67: 22 | AH67: 3 | AI67: 0.11111111 | AJ67: 120000000
B68: 1 | C68: 7 | D68: 6 | F68: 1 | G68: 1 | H68: 1 | J68: 1 | K68: 1 | L68: 1 | N68: 1 | O68: 1 | P68: 1 | R68: 100 | S68: 100 | T68: 100 | V68: 9 | W68: 9 | Y68: 9 | Z68: 9 | AB68: 13 | AC68: 13 | AE68: 9 | AF68: 9 | AH68: 4 | AI68: 0.11111111 | AJ68: 120000000
B69: 6 | C69: 7 | D69: 6 | F69: 1 | G69: 1 | H69: 1 | J69: 1 | K69: 1 | L69: 1 | N69: 1 | O69: 1 | P69: 1 | R69: 100 | S69: 100 | T69: 100 | V69: 19 | W69: 11 | Y69: 19 | Z69: 11 | AB69: 19 | AC69: 12 | AE69: 19 | AF69: 11 | AH69: 5 | AI69: 0.11111111 | AJ69: 120000000
B70: 6 | C70: 3 | D70: 2 | F70: 1 | G70: 1 | H70: 1 | J70: 1 | K70: 1 | L70: 1 | N70: 1 | O70: 1 | P70: 1 | R70: 100 | S70: 100 | T70: 100 | V70: 8 | W70: 8 | Y70: 11 | Z70: 11 | AB70: 12 | AC70: 24 | AE70: 11 | AF70: 11 | AH70: 6 | AI70: 0.11111111 | AJ70: 120000000
B71: 5 | C71: 3 | D71: 2 | F71: 1 | G71: 1 | H71: 1 | J71: 1 | K71: 1 | L71: 1 | N71: 1 | O71: 1 | P71: 1 | R71: 100 | S71: 701 | T71: 100 | V71: 11 | W71: 23 | Y71: 11 | Z71: 23 | AB71: 13 | AC71: 13 | AE71: 11 | AF71: 23 | AH71: 7 | AI71: 0.074074074 | AJ71: 80000000
B72: 5 | C72: 3 | D72: 2 | F72: 1 | G72: 1 | H72: 1 | J72: 1 | K72: 1 | L72: 1 | N72: 1 | O72: 1 | P72: 1 | R72: 100 | S72: 584 | T72: 100 | V72: 12 | W72: 12 | Y72: 12 | Z72: 12 | AB72: 12 | AC72: 12 | AE72: 12 | AF72: 12 | AH72: 8 | AI72: 0.074074074 | AJ72: 80000000
B73: 4 | C73: 0 | D73: 1 | F73: 1 | G73: 1 | H73: 1 | J73: 1 | K73: 1 | L73: 1 | N73: 1 | O73: 1 | P73: 1 | R73: 100 | S73: 467 | T73: 100 | V73: 13 | W73: 25 | Y73: 13 | Z73: 25 | AB73: 13 | AC73: 25 | AE73: 13 | AF73: 25 | AH73: 9 | AI73: 0.074074074 | AJ73: 80000000
B74: 4 | C74: 0 | D74: 1 | F74: 1 | G74: 1 | H74: 1 | J74: 1 | K74: 1 | L74: 1 | N74: 1 | O74: 1 | P74: 1 | R74: 100 | S74: 584 | T74: 100 | V74: 14 | W74: 14 | Y74: 14 | Z74: 14 | AB74: 14 | AC74: 14 | AE74: 14 | AF74: 14 | AH74: 10 | AI74: 0.074074074 | AJ74: 80000000
B75: 3 | C75: 0 | D75: 5 | F75: 1 | G75: 1 | H75: 1 | J75: 1 | K75: 1 | L75: 1 | N75: 1 | O75: 1 | P75: 1 | R75: 100 | S75: 701 | T75: 100 | V75: 15 | W75: 15 | Y75: 15 | Z75: 15 | AB75: 15 | AC75: 15 | AE75: 15 | AF75: 15 | AH75: 20 | AI75: 0.074074074 | AJ75: 80000000
B76: 3 | C76: 2 | D76: 5 | F76: 1 | G76: 1 | H76: 1 | J76: 1 | K76: 1 | L76: 1 | N76: 1 | O76: 1 | P76: 1 | R76: 100 | S76: 100 | T76: 100 | V76: 8 | W76: 8 | Y76: 12 | Z76: 12 | AB76: 12 | AC76: 12 | AE76: 12 | AF76: 12 | AH76: 50 | AI76: 0.074074074 | AJ76: 80000000
B77: 7 | C77: 2 | D77: 1 | F77: 1 | G77: 1 | H77: 1 | J77: 1 | K77: 1 | L77: 1 | N77: 1 | O77: 1 | P77: 1 | R77: 100 | S77: 100 | T77: 100 | V77: 10 | W77: 22 | Y77: 10 | Z77: 22 | AB77: 13 | AC77: 25 | AE77: 10 | AF77: 22
B78: 7 | C78: 7 | D78: 1 | F78: 1 | G78: 1 | H78: 1 | J78: 1 | K78: 1 | L78: 1 | N78: 1 | O78: 1 | P78: 1 | R78: 100 | S78: 100 | T78: 100 | V78: 9 | W78: 9 | Y78: 9 | Z78: 9 | AB78: 14 | AC78: 14 | AE78: 9 | AF78: 9
B79: 4 | C79: 7 | D79: 1 | F79: 1 | G79: 1 | H79: 1 | J79: 1 | K79: 1 | L79: 1 | N79: 1 | O79: 1 | P79: 1 | R79: 100 | S79: 100 | T79: 100 | V79: 8 | W79: 20 | Y79: 13 | Z79: 25 | AB79: 13 | AC79: 25 | AE79: 13 | AF79: 25 | AH79: Multiple per Re-spin
B80: 4 | C80: 1 | D80: 6 | F80: 1 | G80: 1 | H80: 1 | J80: 1 | K80: 1 | L80: 1 | N80: 1 | O80: 1 | P80: 1 | R80: 100 | S80: 100 | T80: 100 | V80: 16 | W80: 16 | Y80: 16 | Z80: 16 | AB80: 16 | AC80: 16 | AE80: 16 | AF80: 16 | AH80: {='Pay Combo Extra Bet (1)'!V2:V13} -> Re-spin倍數權重 | AI80: {='Pay Combo Extra Bet (1)'!AH2:AR13} -> 2 | AJ80: 3 | AK80: 4 | AL80: 5 | AM80: 6 | AN80: 7 | AO80: 8 | AP80: 9 | AQ80: 10 | AR80: 20 | AS80: 50
B81: 6 | C81: 1 | D81: 6 | F81: 1 | G81: 1 | H81: 1 | J81: 1 | K81: 1 | L81: 1 | N81: 1 | O81: 1 | P81: 1 | R81: 100 | S81: 100 | T81: 100 | V81: 15 | W81: 27 | Y81: 15 | Z81: 27 | AB81: 15 | AC81: 27 | AE81: 15 | AF81: 27 | AH81: 1 | AI81: 0 | AJ81: 0 | AK81: 0 | AL81: 0 | AM81: 0 | AN81: 0 | AO81: 0 | AP81: 0 | AQ81: 0 | AR81: 0 | AS81: 0
B82: 6 | C82: 1 | D82: 3 | F82: 1 | G82: 1 | H82: 1 | J82: 1 | K82: 1 | L82: 1 | N82: 1 | O82: 1 | P82: 1 | R82: 100 | S82: 100 | T82: 100 | V82: 13 | W82: 13 | Y82: 13 | Z82: 13 | AB82: 17 | AC82: 13 | AE82: 13 | AF82: 13 | AH82: 2 | AI82: 0 | AJ82: 0 | AK82: 0 | AL82: 250000000 | AM82: 250000000 | AN82: 250000000 | AO82: 240000000 | AP82: 240000000 | AQ82: 240000000 | AR82: 240000000 | AS82: 240000000
B83: 3 | C83: 6 | D83: 3 | F83: 1 | G83: 1 | H83: 1 | J83: 1 | K83: 1 | L83: 1 | N83: 1 | O83: 1 | P83: 1 | R83: 100 | S83: 100 | T83: 100 | V83: 9 | W83: 21 | Y83: 9 | Z83: 21 | AB83: 13 | AC83: 25 | AE83: 9 | AF83: 21 | AH83: 3 | AI83: 0 | AJ83: 250000000 | AK83: 250000000 | AL83: 200000000 | AM83: 200000000 | AN83: 200000000 | AO83: 170000000 | AP83: 170000000 | AQ83: 170000000 | AR83: 170000000 | AS83: 170000000
B84: 3 | C84: 6 | D84: 3 | F84: 1 | G84: 1 | H84: 1 | J84: 1 | K84: 1 | L84: 1 | N84: 1 | O84: 1 | P84: 1 | R84: 100 | S84: 100 | T84: 100 | V84: 10 | W84: 10 | Y84: 10 | Z84: 10 | AB84: 12 | AC84: 12 | AE84: 10 | AF84: 10 | AH84: 5 | AI84: 150000000 | AJ84: 150000000 | AK84: 150000000 | AL84: 160000000 | AM84: 160000000 | AN84: 160000000 | AO84: 130000000 | AP84: 130000000 | AQ84: 130000000 | AR84: 130000000 | AS84: 130000000
B85: 5 | C85: 4 | D85: 7 | F85: 1 | G85: 1 | H85: 1 | J85: 1 | K85: 1 | L85: 1 | N85: 1 | O85: 1 | P85: 1 | R85: 100 | S85: 100 | T85: 100 | V85: 8 | W85: 20 | Y85: 14 | Z85: 26 | AB85: 14 | AC85: 26 | AE85: 14 | AF85: 26 | AH85: 10 | AI85: 100000000 | AJ85: 100000000 | AK85: 100000000 | AL85: 80000000 | AM85: 80000000 | AN85: 80000000 | AO85: 80000000 | AP85: 80000000 | AQ85: 80000000 | AR85: 80000000 | AS85: 80000000
B86: 5 | C86: 4 | D86: 7 | F86: 1 | G86: 1 | H86: 1 | J86: 1 | K86: 1 | L86: 1 | N86: 1 | O86: 1 | P86: 1 | R86: 100 | S86: 100 | T86: 100 | V86: 9 | W86: 9 | Y86: 9 | Z86: 9 | AB86: 16 | AC86: 16 | AE86: 9 | AF86: 9 | AH86: 15 | AI86: 80000000 | AJ86: 80000000 | AK86: 80000000 | AL86: 50000000 | AM86: 50000000 | AN86: 50000000 | AO86: 50000000 | AP86: 50000000 | AQ86: 50000000 | AR86: 50000000 | AS86: 50000000
B87: 7 | C87: 2 | D87: 7 | F87: 1 | G87: 1 | H87: 1 | J87: 1 | K87: 1 | L87: 1 | N87: 1 | O87: 1 | P87: 1 | R87: 100 | S87: 100 | T87: 100 | V87: 12 | W87: 24 | Y87: 12 | Z87: 24 | AB87: 12 | AC87: 24 | AE87: 12 | AF87: 24 | AH87: 20 | AI87: 20000000 | AJ87: 20000000 | AK87: 20000000 | AL87: 20000000 | AM87: 20000000 | AN87: 20000000 | AO87: 20000000 | AP87: 20000000 | AQ87: 20000000 | AR87: 20000000 | AS87: 20000000
B88: 7 | C88: 2 | D88: 2 | F88: 1 | G88: 1 | H88: 1 | J88: 1 | K88: 1 | L88: 1 | N88: 1 | O88: 1 | P88: 1 | R88: 100 | S88: 100 | T88: 100 | AH88: 25 | AI88: 15000000 | AJ88: 15000000 | AK88: 15000000 | AL88: 15000000 | AM88: 15000000 | AN88: 15000000 | AO88: 15000000 | AP88: 15000000 | AQ88: 15000000 | AR88: 15000000 | AS88: 15000000
B89: 1 | C89: 7 | D89: 2 | F89: 1 | G89: 1 | H89: 1 | J89: 1 | K89: 1 | L89: 1 | N89: 1 | O89: 1 | P89: 1 | R89: 100 | S89: 100 | T89: 100 | AH89: 50 | AI89: 15000000 | AJ89: 15000000 | AK89: 15000000 | AL89: 15000000 | AM89: 15000000 | AN89: 15000000 | AO89: 15000000 | AP89: 15000000 | AQ89: 15000000 | AR89: 15000000 | AS89: 15000000
B90: 1 | C90: 7 | D90: 2 | F90: 1 | G90: 1 | H90: 1 | J90: 1 | K90: 1 | L90: 1 | N90: 1 | O90: 1 | P90: 1 | R90: 100 | S90: 100 | T90: 100 | AH90: 100 | AI90: 10000000 | AJ90: 10000000 | AK90: 10000000 | AL90: 10000000 | AM90: 10000000 | AN90: 10000000 | AO90: 10000000 | AP90: 10000000 | AQ90: 10000000 | AR90: 10000000 | AS90: 10000000
B91: 4 | C91: 3 | D91: 1 | F91: 1 | G91: 1 | H91: 1 | J91: 1 | K91: 1 | L91: 1 | N91: 1 | O91: 1 | P91: 1 | R91: 100 | S91: 100 | T91: 100 | AH91: 500 | AI91: 10000000 | AJ91: 10000000 | AK91: 10000000 | AL91: 10000000 | AM91: 10000000 | AN91: 10000000 | AO91: 10000000 | AP91: 10000000 | AQ91: 10000000 | AR91: 10000000 | AS91: 10000000
B92: 4 | C92: 3 | D92: 1 | F92: 1 | G92: 1 | H92: 1 | J92: 1 | K92: 1 | L92: 1 | N92: 1 | O92: 1 | P92: 1 | R92: 100 | S92: 100 | T92: 100
B93: 6 | C93: 4 | D93: 1 | F93: 1 | G93: 1 | H93: 1 | J93: 1 | K93: 1 | L93: 1 | N93: 1 | O93: 1 | P93: 1 | R93: 100 | S93: 100 | T93: 100
B94: 6 | C94: 4 | D94: 4 | F94: 1 | G94: 1 | H94: 1 | J94: 1 | K94: 1 | L94: 1 | N94: 1 | O94: 1 | P94: 1 | R94: 100 | S94: 100 | T94: 100
B95: 3 | C95: 4 | D95: 4 | F95: 1 | G95: 1 | H95: 1 | J95: 1 | K95: 1 | L95: 1 | N95: 1 | O95: 1 | P95: 1 | R95: 100 | S95: 100 | T95: 100 | AH95: Reel 4 Multiple
B96: 3 | C96: 5 | D96: 4 | F96: 1 | G96: 1 | H96: 1 | J96: 1 | K96: 1 | L96: 1 | N96: 1 | O96: 1 | P96: 1 | R96: 100 | S96: 100 | T96: 100 | AH96: {='Pay Combo Extra Bet (2)'!L2:N14} -> 倍數 | AI96: 比例 | AJ96: 權重
B97: 7 | C97: 5 | D97: 7 | F97: 1 | G97: 1 | H97: 1 | J97: 1 | K97: 1 | L97: 1 | N97: 1 | O97: 1 | P97: 1 | R97: 100 | S97: 100 | T97: 100 | AH97: 1 | AI97: 0 | AJ97: 0
B98: 7 | C98: 5 | D98: 7 | F98: 1 | G98: 1 | H98: 1 | J98: 1 | K98: 1 | L98: 1 | N98: 1 | O98: 1 | P98: 1 | R98: 100 | S98: 100 | T98: 100 | AH98: 2 | AI98: 0 | AJ98: 0
B99: 7 | C99: 6 | D99: 7 | F99: 1 | G99: 1 | H99: 1 | J99: 1 | K99: 1 | L99: 1 | N99: 1 | O99: 1 | P99: 1 | R99: 100 | S99: 100 | T99: 100 | AH99: 3 | AI99: 0 | AJ99: 0
B100: 3 | C100: 6 | D100: 2 | F100: 1 | G100: 1 | H100: 1 | J100: 1 | K100: 1 | L100: 1 | N100: 1 | O100: 1 | P100: 1 | R100: 100 | S100: 100 | T100: 100 | AH100: 5 | AI100: 0 | AJ100: 0
...

Sheet Parameter-卡片
C1: Normal Bet Weight | D1: Extra Bet 1 Weight | E1: Extra Bet 2 Weight | F1: Super Feature Buy Weight | G1: Normal Bet Weight | H1: Extra Bet 1 Weight | I1: Extra Bet 2 Weight | J1: Super Feature Buy Weight
A2: {='Multiplier Weight'!A3:B61} -> Lower | B2: Upper | C2: {='Multiplier Weight'!M3:M61} -> Fixed Weight | D2: {='Multiplier Weight'!M68:M126} -> Fixed Weight | E2: {='Multiplier Weight'!M133:M191} -> Fixed Weight | F2: {='Multiplier Weight'!M198:M256} -> Fixed Weight | G2: {='Multiplier Weight (new_player)'!M3:M61} -> Fixed Weight | H2: {='Multiplier Weight (new_player)'!M68:M126} -> Fixed Weight | I2: {='Multiplier Weight (new_player)'!M133:M191} -> Fixed Weight | J2: {='Multiplier Weight (new_player)'!#REF!} -> #REF! | L2: Scatter Combo Rate
A3: -1 | B3: 0 | C3: 891731804 | D3: 890410885 | E3: 861196036 | F3: 0 | G3: 903421347 | H3: 873706924 | I3: 877653596 | M3: Normal | N3: EX1 | O3: EX2 | P3: Super Buy
A4: 0 | B4: 1 | C4: 11248722 | D4: 3868065 | E4: 0 | F4: 0 | G4: 5420629 | H4: 9749585 | I4: 0 | L4: 老手 | M4: 3738112000 | N4: 4093821000 | O4: 3103576000 | P4: 31318315000
A5: 1 | B5: 2 | C5: 15597397 | D5: 11187304 | E5: 0 | F5: 0 | G5: 8786560 | H5: 15807150 | I5: 0 | L5: 新手 | M5: 3728958000 | N5: 4085750000 | O5: 3137415000 | P5: --
A6: 2 | B6: 3 | C6: 11058852 | D6: 5723855 | E6: 0 | F6: 0 | G6: 6195594 | H6: 11144138 | I6: 0
A7: 3 | B7: 4 | C7: 11752892 | D7: 10551459 | E7: 0 | F7: 0 | G7: 8149042 | H7: 12156995 | I7: 0
A8: 4 | B8: 5 | C8: 9584854 | D8: 9843433 | E8: 0 | F8: 0 | G8: 5570825 | H8: 8310214 | I8: 0
A9: 5 | B9: 6 | C9: 7649926 | D9: 8695263 | E9: 0 | F9: 0 | G9: 5538782 | H9: 8262271 | I9: 0
A10: 6 | B10: 7 | C10: 1858782 | D10: 1984051 | E10: 0 | F10: 0 | G10: 1395012 | H10: 2081010 | I10: 0
A11: 7 | B11: 8 | C11: 7980106 | D11: 9042157 | E11: 32115336 | F11: 0 | G11: 14520405 | H11: 8664105 | I11: 31496205
A12: 8 | B12: 9 | C12: 2919421 | D12: 3413800 | E12: 0 | F12: 0 | G12: 3165427 | H12: 3777460 | I12: 0
A13: 9 | B13: 10 | C13: 5872603 | D13: 7940841 | E13: 24198962 | F13: 0 | G13: 3934521 | H13: 4695242 | I13: 4747076
A14: 10 | B14: 15 | C14: 9351940 | D14: 13847816 | E14: 3861211 | F14: 0 | G14: 19729627 | H14: 7097136 | I14: 3788888
A15: 15 | B15: 20 | C15: 5550221 | D15: 8714720 | E15: 13261839 | F15: 0 | G15: 4951515 | H15: 17811261 | I15: 13016438
A16: 20 | B16: 25 | C16: 2325916 | D16: 4863903 | E16: 8352121 | F16: 0 | G16: 6840815 | H16: 2460698 | I16: 8200227
A17: 25 | B17: 30 | C17: 2015710 | D17: 3240963 | E17: 6624296 | F17: 0 | G17: 2379899 | H17: 1712116 | I17: 6505143
... A60: 100000 | B60: 999999 | C60: 0 | D60: 0 | E60: 0 | F60: 0 | G60: 0 | H60: 0 | I60: 0

Sheet Multiplier Weight
A1: Normal Game | C1: (後端報表) | D1: scale | E1: 100 | O1: Total RTP | P1: Target | Q1: Error
C2: Simulator | I2: Fixed Game | J2: 3000 | M2: =10^9 -> 1000000000 | O2: =SUM(_xlfn.ANCHORARRAY(O4)) -> 0.87 | P2: 0.92 | Q2: =P2-O2 -> 0.05
A3: Lower | B3: Upper | C3: Count | D3: Pay | E3: Multi. | F3: Prob. | G3: RTP | I3: Range | J3: Fix freq | K3: Fix num | L3: Fixed Prob. | M3: Fixed Weight | N3: Real Prob. | O3: Real RTP | P3: =SUM(_xlfn.ANCHORARRAY(Q4)) -> 0.96564291 | R3: =1-SUM(_xlfn.ANCHORARRAY(R4)) -> 0.047266861 | W3: 參考修正值 | Y3: 180 | Z3: 200 | AB3: {=_xlfn._xlws.SORT(_xlfn.UNIQUE(Y3:Y153))} -> 30 | AC3: {=COUNTIF(Y3:Y153,_xlfn.ANCHORARRAY(AB3))} -> 1 | AD3: {=_xlfn.ANCHORARRAY(AC3)/10000000} -> 1e-07 | AF3: BaseGame 00 | AG3: 79527545
A4: -1 | B4: 0 | C4: 795188919 | D4: 0 | E4: =IFERROR((D4/$E$1)/(C4),0) -> 0 | F4: {=C4:C61/SUM(C4:C61)} -> 0.79518892 | G4: {=E4:E61*_xlfn.ANCHORARRAY(F4)} -> 0 | I4: ="("&$A4&", "&$B4&"]" -> (-1, 0] | J4: {=IFERROR(IF(1/_xlfn.ANCHORARRAY(F4)<$J$2,1,0),0)} -> 1 | K4: 1.1214087 | L4: {=K4:K61*_xlfn.ANCHORARRAY(J4)*_xlfn.ANCHORARRAY(F4)} -> 0.8917318 | M4: {=INT(_xlfn.ANCHORARRAY(L4)*$M$2)} -> 891731804 | N4: {=_xlfn.ANCHORARRAY(M4)/SUM(_xlfn.ANCHORARRAY(M4))} -> 0.8917318 | O4: {=_xlfn.ANCHORARRAY(N4)*E4:E61} -> 0 | P4: 0.88031431 | Q4: {=P4:P55*E4:E55} -> 0 | R4: {=P2*P4:P55/P3} -> 0.83870462 | S4: =R4+R3 -> 0.88597148 | T4: {=S4:S55/_xlfn.ANCHORARRAY(F4)} -> 1.1141648 | W4: 1.0286652 | Y4: 45 | Z4: 50 | AB4: 40 | AC4: 3 | AD4: 3e-07 | AF4: BaseGame 0x | AG4: 1221030 | AH4: Pay | AI4: 91661240 | AJ4: 1C1 | AK4: null | AL4: 2C1 | AM4: null | AN4: 3C1 | AO4: null | AP4: 4C1 | AQ4: null | AR4: 5C1 | AS4: null
A5: 0 | B5: 1 | C5: 12223533 | D5: 917729700 | E5: =IFERROR((D5/$E$1)/(C5),0) -> 0.75078924 | F5: 0.012223533 | G5: 0.009177297 | I5: ="("&$A5&", "&$B5&"]" -> (0, 1] | J5: 1 | K5: 0.92025133 | L5: 0.011248723 | M5: 11248722 | N5: 0.011248722 | O5: 0.0084454194 | P5: 0.012357339 | Q5: 0.0092777571 | R5: 0.011773246 | S5: {=R5:R55} -> 0.011773246 | T5: 0.96316231 | W5: 1.0484973 | Y5: 160 | Z5: 180 | AB5: 45 | AC5: 2 | AD5: 2e-07 | AF5: BaseGame 1x | AG5: 1983581 | AH5: Pay | AI5: 340592420 | AJ5: 1C1 | AK5: null | AL5: 2C1 | AM5: null | AN5: 3C1 | AO5: null | AP5: 4C1 | AQ5: null | AR5: 5C1 | AS5: null
A6: 1 | B6: 2 | C6: 19854235 | D6: 3409420460 | E6: =IFERROR((D6/$E$1)/(C6),0) -> 1.7172258 | F6: 0.019854235 | G6: 0.034094205 | I6: ="("&$A6&", "&$B6&"]" -> (1, 2] | J6: 1 | K6: 0.78559549 | L6: 0.015597398 | M6: 15597397 | N6: 0.015597397 | O6: 0.026784253 | P6: 0.017178728 | Q6: 0.029499755 | R6: 0.016366744 | S6: 0.016366744 | T6: 0.82434521 | W6: 0.87200957 | Y6: 160 | Z6: 180 | AB6: 60 | AC6: 5 | AD6: 5e-07 | AF6: BaseGame 2x | AG6: 1400402 | AH6: Pay | AI6: 385097500 | AJ6: 1C1 | AK6: null | AL6: 2C1 | AM6: null | AN6: 3C1 | AO6: null | AP6: 4C1 | AQ6: null | AR6: 5C1 | AS6: null
A7: 2 | B7: 3 | C7: 14020917 | D7: 3854712400 | E7: =IFERROR((D7/$E$1)/(C7),0) -> 2.7492584 | F7: 0.014020917 | G7: 0.038547124 | I7: ="("&$A7&", "&$B7&"]" -> (2, 3] | J7: 1 | K7: 0.7887396 | L7: 0.011058853 | M7: 11058852 | N7: 0.011058852 | O7: 0.030403642 | P7: 0.012210325 | Q7: 0.033569339 | R7: 0.011633181 | S7: 0.011633181 | T7: 0.82970188 | W7: 0.93129385 | Y7: 120 | Z7: 140 | AB7: 80 | AC7: 10 | AD7: 1e-06 | AF7: BaseGame 3x | AG7: 1843384 | AH7: Pay | AI7: 681736680 | AJ7: 1C1 | AK7: null | AL7: 2C1 | AM7: null | AN7: 3C1 | AO7: null | AP7: 4C1 | AQ7: null | AR7: 5C1 | AS7: null
A8: 3 | B8: 4 | C8: 18463165 | D8: 6828453200 | E8: =IFERROR((D8/$E$1)/(C8),0) -> 3.6984196 | F8: 0.018463165 | G8: 0.068284532 | I8: ="("&$A8&", "&$B8&"]" -> (3, 4] | J8: 1 | K8: 0.63655893 | L8: 0.011752892 | M8: 11752892 | N8: 0.011752892 | O8: 0.043467127 | P8: 0.012996256 | Q8: 0.048065607 | R8: 0.012381963 | S8: 0.012381963 | T8: 0.6706306 | W8: 0.76505623 | Y8: 80 | Z8: 90 | AB8: 90 | AC8: 6 | AD8: 6e-07 | AF8: BaseGame 4x | AG8: 1261039 | AH8: Pay | AI8: 605977340 | AJ8: 1C1 | AK8: null | AL8: 2C1 | AM8: null | AN8: 3C1 | AO8: null | AP8: 4C1 | AQ8: null | AR8: 5C1 | AS8: null
A9: 4 | B9: 5 | C9: 12601097 | D9: 6055478580 | E9: =IFERROR((D9/$E$1)/(C9),0) -> 4.805517 | F9: 0.012601097 | G9: 0.060554786 | I9: ="("&$A9&", "&$B9&"]" -> (4, 5] | J9: 1 | K9: 0.76063651 | L9: 0.0095848545 | M9: 9584854 | N9: 0.009584854 | O9: 0.046060179 | P9: 0.010587974 | Q9: 0.05088069 | R9: 0.010087514 | S9: 0.010087514 | T9: 0.80052664 | W9: 0.97221486 | Y9: 120 | Z9: 140 | AB9: 120 | AC9: 9 | AD9: 9e-07 | AF9: BaseGame 5x | AG9: 1254493 | AH9: Pay | AI9: 746676720 | AJ9: 1C1 | AK9: null | AL9: 2C1 | AM9: null | AN9: 3C1 | AO9: null | AP9: 4C1 | AQ9: null | AR9: 5C1 | AS9: null
A10: 5 | B10: 6 | C10: 12543731 | D10: 7466041340 | E10: =IFERROR((D10/$E$1)/(C10),0) -> 5.9520101 | F10: 0.012543731 | G10: 0.074660413 | I10: ="("&$A10&", "&$B10&"]" -> (5, 6] | J10: 1 | K10: 0.60986054 | L10: 0.0076499265 | M10: 7649926 | N10: 0.007649926 | O10: 0.045532437 | P10: 0.0083771962 | Q10: 0.049861156 | R10: 0.0079812324 | S10: 0.0079812324 | T10: 0.63627261 | W10: 0.7310748 | Y10: 60 | Z10: 70 | AB10: 140 | AC10: 6 | AD10: 6e-07 | AF10: BaseGame 6x | AG10: 316037 | AH10: Pay | AI10: 206311540 | AJ10: 1C1 | AK10: null | AL10: 2C1 | AM10: null | AN10: 3C1 | AO10: null | AP10: 4C1 | AQ10: null | AR10: 5C1 | AS10: null
A11: 6 | B11: 7 | C11: 3159125 | D11: 2062217360 | E11: =IFERROR((D11/$E$1)/(C11),0) -> 6.5278118 | F11: 0.003159125 | G11: 0.020622174 | I11: ="("&$A11&", "&$B11&"]" -> (6, 7] | J11: 1 | K11: 0.58838523 | L11: 0.0018587825 | M11: 1858782 | N11: 0.001858782 | O11: 0.012133779 | P11: 0.0021346722 | Q11: 0.013934738 | R11: 0.0020337729 | S11: 0.0020337729 | T11: 0.64377729 | W11: 0.92193727 | Y11: 120 | Z11: 140 | AB11: 160 | AC11: 6 | AD11: 6e-07 | AF11: BaseGame 7x | AG11: 1316405 | AH11: Pay | AI11: 1015442580 | AJ11: 1C1 | AK11: null | AL11: 2C1 | AM11: null | AN11: 3C1 | AO11: null | AP11: 4C1 | AQ11: null | AR11: 5C1 | AS11: null
A12: 7 | B12: 8 | C12: 13147608 | D12: 10142167660 | E12: =IFERROR((D12/$E$1)/(C12),0) -> 7.7140782 | F12: 0.013147608 | G12: 0.10142168 | I12: ="("&$A12&", "&$B12&"]" -> (7, 8] | J12: 1 | K12: 0.60696261 | L12: 0.0079801065 | M12: 7980106 | N12: 0.007980106 | O12: 0.061559162 | P12: 0.0088375429 | Q12: 0.068173497 | R12: 0.00841982 | S12: 0.00841982 | T12: 0.64040698 | W12: 0.83718336 | Y12: 90 | Z12: 100 | AB12: 180 | AC12: 1 | AD12: 1e-07 | AF12: BaseGame 8x | AG12: 574169 | AH12: Pay | AI12: 512208280 | AJ12: 1C1 | AK12: null | AL12: 2C1 | AM12: null | AN12: 3C1 | AO12: null | AP12: 4C1 | AQ12: null | AR12: 5C1 | AS12: null
A13: 8 | B13: 9 | C13: 5760279 | D13: 5138867060 | E13: =IFERROR((D13/$E$1)/(C13),0) -> 8.9212121 | F13: 0.005760279 | G13: 0.051388671 | I13: ="("&$A13&", "&$B13&"]" -> (8, 9] | J13: 1 | K13: 0.50681946 | L13: 0.0029194215 | M13: 2919421 | N13: 0.002919421 | O13: 0.026044774 | P13: 0.0032443305 | Q13: 0.02894336 | R13: 0.0030909812 | S13: 0.0030909812 | T13: 0.53660268 | W13: 0.73011297 | Y13: 90 | Z13: 100 | AB13: 200 | AC13: 4 | AD13: 4e-07 | AF13: BaseGame 9x | AG13: 713840 | AH13: Pay | AI13: 696013360 | AJ13: 1C1 | AK13: null | AL13: 2C1 | AM13: null | AN13: 3C1 | AO13: null | AP13: 4C1 | AQ13: null | AR13: 5C1 | AS13: null
A14: 9 | B14: 10 | C14: 7136369 | D14: 6958218440 | E14: =IFERROR((D14/$E$1)/(C14),0) -> 9.7503625 | F14: 0.007136369 | G14: 0.069582184 | I14: ="("&$A14&", "&$B14&"]" -> (9, 10] | J14: 1 | K14: 0.82291197 | L14: 0.0058726035 | M14: 5872603 | N14: 0.005872603 | O14: 0.057260008 | P14: 0.0064938585 | Q14: 0.063317474 | R14: 0.0061869142 | S14: 0.0061869142 | T14: 0.86695547 | W14: 1.0527638 | Y14: 80 | Z14: 90 | AB14: 0 | AC14: 0 | AD14: 0 | AF14: BaseGame 10x | AG14: 1791031 | AH14: Pay | AI14: 2280142320 | AJ14: 1C1 | AK14: null | AL14: 2C1 | AM14: null | AN14: 3C1 | AO14: null | AP14: 4C1 | AQ14: null | AR14: 5C1 | AS14: null
A15: 10 | B15: 15 | C15: 17909726 | D15: 22799765820 | E15: =IFERROR((D15/$E$1)/(C15),0) -> 12.730382 | F15: 0.017909726 | G15: 0.22799766 | I15: ="("&$A15&", "&$B15&"]" -> (10, 15] | J15: 1 | K15: 0.52217105 | L15: 0.0093519405 | M15: 9351940 | N15: 0.00935194 | O15: 0.11905377 | P15: 0.010357801 | Q15: 0.13185876 | R15: 0.00986822 | S15: 0.00986822 | T15: 0.55099782 | W15: 0.81707965 | Y15: 40 | Z15: 45 | AF15: BaseGame 15x | AG15: 1124732 | AH15: Pay | AI15: 2007398080 | AJ15: 1C1 | AK15: null | AL15: 2C1 | AM15: null | AN15: 3C1 | AO15: null | AP15: 4C1 | AQ15: null | AR15: 5C1 | AS15: null
A16: 15 | B16: 20 | C16: 11269242 | D16: 20112711300 | E16: =IFERROR((D16/$E$1)/(C16),0) -> 17.847439 | F16: 0.011269242 | G16: 0.20112711 | I16: ="("&$A16&", "&$B16&"]" -> (15, 20] | J16: 1 | K16: 0.49251063 | L16: 0.0055502215 | M16: 5550221 | N16: 0.005550221 | O16: 0.099057233 | P16: 0.006169017 | Q16: 0.11010116 | R16: 0.005877427 | S16: 0.005877427 | T16: 0.5215459 | W16: 0.79998561 | Y16: 80 | Z16: 90 | AF16: BaseGame 20x | AG16: 621987 | AH16: Pay | AI16: 1445763680 | AJ16: 1C1 | AK16: null | AL16: 2C1 | AM16: null | AN16: 3C1 | AO16: null | AP16: 4C1 | AQ16: null | AR16: 5C1 | AS16: null
A17: 20 | B17: 25 | C17: 6214274 | D17: 14443908240 | E17: =IFERROR((D17/$E$1)/(C17),0) -> 23.243115 | F17: 0.006214274 | G17: 0.14443908 | I17: ="("&$A17&", "&$B17&"]" -> (20, 25] | J17: 1 | K17: 0.37428612 | L17: 0.0023259165 | M17: 2325916 | N17: 0.002325916 | O17: 0.054061532 | P17: 0.002581654 | Q17: 0.06000568 | R17: 0.0024596273 | S17: 0.0024596273 | T17: 0.39580284 | W17: 0.68578908 | Y17: 80 | Z17: 90 | AF17: BaseGame 25x | AG17: 433005 | AH17: Pay | AI17: 1231300120 | AJ17: 1C1 | AK17: null | AL17: 2C1 | AM17: null | AN17: 3C1 | AO17: null | AP17: 4C1 | AQ17: null | AR17: 5C1 | AS17: null
A18: 25 | B18: 30 | C18: 4327912 | D18: 12306435380 | E18: =IFERROR((D18/$E$1)/(C18),0) -> 28.435041 | F18: 0.004327912 | G18: 0.12306435 | I18: ="("&$A18&", "&$B18&"]" -> (25, 30] | J18: 1 | K18: 0.46574665 | L18: 0.0020157105 | M18: 2015710 | N18: 0.00201571 | O18: 0.057316796 | P18: 0.0022505014 | Q18: 0.063993098 | R18: 0.0021441272 | S18: 0.0021441272 | T18: 0.4954184 | W18: 0.98311644 | Y18: 90 | Z18: 100 | AF18: BaseGame 30x | AG18: 214207 | AH18: Pay | AI18: 697834840 | AJ18: 1C1 | AK18: null | AL18: 2C1 | AM18: null | AN18: 3C1 | AO18: null | AP18: 4C1 | AQ18: null | AR18: 5C1 | AS18: null
A19: 30 | B19: 35 | C19: 2145347 | D19: 6990216720 | E19: =IFERROR((D19/$E$1)/(C19),0) -> 32.583152 | F19: 0.002145347 | G19: 0.069902167 | I19: ="("&$A19&", "&$B19&"]" -> (30, 35] | J19: 1 | K19: 0.17951292 | L19: 0.0003851175 | M19: 385117 | N19: 0.000385117 | O19: 0.012548326 | P19: 0.00042879068 | Q19: 0.013971352 | R19: 0.00040852309 | S19: 0.00040852309 | T19: 0.19042285 | W19: 0.49864521 | Y19: 60 | Z19: 70 | AF19: BaseGame 35x | AG19: 376411 | AH19: Pay | AI19: 1440717120 | AJ19: 1C1 | AK19: null | AL19: 2C1 | AM19: null | AN19: 3C1 | AO19: null | AP19: 4C1 | AQ19: null | AR19: 5C1 | AS19: null
A20: 35 | B20: 40 | C20: 3778148 | D20: 14458614080 | E20: =IFERROR((D20/$E$1)/(C20),0) -> 38.269052 | F20: 0.003778148 | G20: 0.14458614 | I20: ="("&$A20&", "&$B20&"]" -> (35, 40] | J20: 1 | K20: 0.23779918 | L20: 0.0008984405 | M20: 898440 | N20: 0.00089844 | O20: 0.034382447 | P20: 0.0010049665 | Q20: 0.038459117 | R20: 0.00095746493 | S20: 0.00095746493 | T20: 0.25342176 | W20: 0.49441416 | Y20: 80 | Z20: 90 | AF20: BaseGame 40x | AG20: 165201 | AH20: Pay | AI20: 718988620 | AJ20: 1C1 | AK20: null | AL20: 2C1 | AM20: null | AN20: 3C1 | AO20: null | AP20: 4C1 | AQ20: null | AR20: 5C1 | AS20: null
A21: 40 | B21: 45 | C21: 1647988 | D21: 7173008520 | E21: =IFERROR((D21/$E$1)/(C21),0) -> 43.525854 | F21: 0.001647988 | G21: 0.071730085 | I21: ="("&$A21&", "&$B21&"]" -> (40, 45] | J21: 1 | K21: 0.12660135 | L21: 0.0002086375 | M21: 208637 | N21: 0.000208637 | O21: 0.0090811036 | P21: 0.00023202959 | Q21: 0.010099286 | R21: 0.00022106228 | S21: 0.00022106228 | T21: 0.13414071 | W21: 0.41782936 | Y21: 140 | Z21: 160 | AF21: BaseGame 45x | AG21: 203218 | AH21: Pay | AI21: 977981300 | AJ21: 1C1 | AK21: null | AL21: 2C1 | AM21: null | AN21: 3C1 | AO21: null | AP21: 4C1 | AQ21: null | AR21: 5C1 | AS21: null
A22: 45 | B22: 50 | C22: 2034040 | D22: 9788723540 | E22: =IFERROR((D22/$E$1)/(C22),0) -> 48.124538 | F22: 0.00203404 | G22: 0.097887235 | I22: ="("&$A22&", "&$B22&"]" -> (45, 50] | J22: 1 | K22: 0.51277433 | L22: 0.0010430035 | M22: 1043003 | N22: 0.001043003 | O22: 0.050194038 | P22: 0.0011646029 | Q22: 0.056045977 | R22: 0.0011095558 | S22: 0.0011095558 | T22: 0.54549359 | W22: 1.4185856 | Y22: 80 | Z22: 90 | AF22: BaseGame 50x | AG22: 324269 | AH22: Pay | AI22: 1840796800 | AJ22: 1C1 | AK22: null | AL22: 2C1 | AM22: null | AN22: 3C1 | AO22: null | AP22: 4C1 | AQ22: null | AR22: 5C1 | AS22: null
A23: 50 | B23: 60 | C23: 3238075 | D23: 18382953720 | E23: =IFERROR((D23/$E$1)/(C23),0) -> 56.771241 | F23: 0.003238075 | G23: 0.18382954 | I23: ="("&$A23&", "&$B23&"]" -> (50, 60] | J23: 1 | K23: 0.12556673 | L23: 0.0004065945 | M23: 406594 | N23: 0.000406594 | O23: 0.023082846 | P23: 0.00045292175 | Q23: 0.02571293 | R23: 0.00043151356 | S23: 0.00043151356 | T23: 0.13326237 | W23: 0.42154538 | Y23: 140 | Z23: 160 | AF23: BaseGame 60x | AG23: 197124 | AH23: Pay | AI23: 1291443040 | AJ23: 1C1 | AK23: null | AL23: 2C1 | AM23: null | AN23: 3C1 | AO23: null | AP23: 4C1 | AQ23: null | AR23: 5C1 | AS23: null
A24: 60 | B24: 70 | C24: 1975180 | D24: 12940084160 | E24: =IFERROR((D24/$E$1)/(C24),0) -> 65.513443 | F24: 0.00197518 | G24: 0.12940084 | I24: ="("&$A24&", "&$B24&"]" -> (60, 70] | J24: 1 | K24: 0.02116035 | L24: 4.17955e-05 | M24: 41795 | N24: 4.1795e-05 | O24: 0.0027381343 | P24: 4.6777165e-05 | Q24: 0.0030645331 | R24: 4.4566155e-05 | S24: 4.4566155e-05 | T24: 0.022563085 | W24: 0.12078965 | Y24: 160 | Z24: 180 | AF24: BaseGame 70x | AG24: 255967 | AH24: Pay | AI24: 1949434600 | AJ24: 1C1 | AK24: null | AL24: 2C1 | AM24: null | AN24: 3C1 | AO24: null | AP24: 4C1 | AQ24: null | AR24: 5C1 | AS24: null
A25: 70 | B25: 80 | C25: 2561154 | D25: 19504057100 | E25: =IFERROR((D25/$E$1)/(C25),0) -> 76.153395 | F25: 0.002561154 | G25: 0.19504057 | I25: ="("&$A25&", "&$B25&"]" -> (70, 80] | J25: 1 | K25: 0.069944056 | L25: 0.0001791375 | M25: 179137 | N25: 0.000179137 | O25: 0.013641891 | P25: 0.00020010232 | Q25: 0.015238471 | R25: 0.00019064411 | S25: 0.00019064411 | T25: 0.0744368 | W25: 0.2628356 | Y25: 30 | Z25: 35 | AF25: BaseGame 80x | AG25: 168742 | AH25: Pay | AI25: 1456119240 | AJ25: 1C1 | AK25: null | AL25: 2C1 | AM25: null | AN25: 3C1 | AO25: null | AP25: 4C1 | AQ25: null | AR25: 5C1 | AS25: null
A26: 80 | B26: 90 | C26: 1688794 | D26: 14572354840 | E26: =IFERROR((D26/$E$1)/(C26),0) -> 86.288528 | F26: 0.001688794 | G26: 0.14572355 | I26: ="("&$A26&", "&$B26&"]" -> (80, 90] | J26: 1 | K26: 0.040809299 | L26: 6.89185e-05 | M26: 68918 | N26: 6.8918e-05 | O26: 0.0059468328 | P26: 7.7219447e-05 | Q26: 0.0066631524 | R26: 7.3569526e-05 | S26: 7.3569526e-05 | T26: 0.043563351 | W26: 0.22967491 | Y26: 80 | Z26: 90 | AF26: BaseGame 90x | AG26: 167385 | AH26: Pay | AI26: 1609603760 | AJ26: 1C1 | AK26: null | AL26: 2C1 | AM26: null | AN26: 3C1 | AO26: null | AP26: 4C1 | AQ26: null | AR26: 5C1 | AS26: null
... A35: 300 | B35: 350 | C35: 1196831 | D35: 38851996520 | E35: =IFERROR((D35/$E$1)/(C35),0) -> 324.62392 | F35: 0.001196831 | G35: 0.38851997 | I35: ="("&$A35&", "&$B35&"]" -> (300, 350] | J35: 1 | K35: 0.00027614592 | L35: 3.305e-07 | M35: 330 | N35: 3.3e-07 | O35: 0.00010712589 | P35: 3.7124734e-07 | Q35: 0.00012051576 | R35: 3.5369964e-07 | S35: 3.5369964e-07 | T35: 0.00029553015 | W35: 0.0034030453 | Y35: 60 | Z35: 70 | AF35: BaseGame 350x | AG35: 101299 | AH35: Pay | AI35: 3810751320 | AJ35: 1C1 | AK35: null | AL35: 2C1 | AM35: null | AN35: 3C1 | AO35: null | AP35: 4C1 | AQ35: null | AR35: 5C1 | AS35: null
A36: 350 | B36: 400 | C36: 1011971 | D36: 38072554780 | E36: =IFERROR((D36/$E$1)/(C36),0) -> 376.2218 | F36: 0.001011971 | G36: 0.38072555 | I36: ="("&$A36&", "&$B36&"]" -> (350, 400] | J36: 1 | K36: 0 | L36: 0 | M36: 0 | N36: 0 | O36: 0 | P36: 0 | Q36: 0 | R36: 0 | S36: 0 | T36: 0 | Y36: 120 | Z36: 140 | AF36: BaseGame 400x | AG36: 76969 | AH36: Pay | AI36: 3273311860 | AJ36: 1C1 | AK36: null | AL36: 2C1 | AM36: null | AN36: 3C1 | AO36: null | AP36: 4C1 | AQ36: null | AR36: 5C1 | AS36: null
A37: 400 | B37: 450 | C37: 771708 | D37: 32822608040 | E37: =IFERROR((D37/$E$1)/(C37),0) -> 425.32419 | F37: 0.000771708 | G37: 0.32822608 | I37: ="("&$A37&", "&$B37&"]" -> (400, 450] | J37: 1 | K37: 0 | L37: 0 | M37: 0 | N37: 0 | O37: 0 | P37: 0 | Q37: 0 | R37: 0 | S37: 0 | T37: 0 | Y37: 60 | Z37: 70 | AF37: BaseGame 450x | AG37: 66958 | AH37: Pay | AI37: 3195883300 | AJ37: 1C1 | AK37: null | AL37: 2C1 | AM37: null | AN37: 3C1 | AO37: null | AP37: 4C1 | AQ37: null | AR37: 5C1 | AS37: null
A38: 450 | B38: 500 | C38: 669795 | D38: 31972690140 | E38: =IFERROR((D38/$E$1)/(C38),0) -> 477.35039 | F38: 0.000669795 | G38: 0.3197269 | I38: ="("&$A38&", "&$B38&"]" -> (450, 500] | J38: 1 | K38: 0 | L38: 0 | M38: 0 | N38: 0 | O38: 0 | P38: 0 | Q38: 0 | R38: 0 | S38: 0 | T38: 0 | Y38: 40 | Z38: 45 | AF38: BaseGame 500x | AG38: 63841 | AH38: Pay | AI38: 3349902500 | AJ38: 1C1 | AK38: null | AL38: 2C1 | AM38: null | AN38: 3C1 | AO38: null | AP38: 4C1 | AQ38: null | AR38: 5C1 | AS38: null
A39: 500 | B39: 550 | C39: 639553 | D39: 33561838540 | E39: =IFERROR((D39/$E$1)/(C39),0) -> 524.77025 | F39: 0.000639553 | G39: 0.33561839 | I39: ="("&$A39&", "&$B39&"]" -> (500, 550] | J39: 1 | K39: 9.7724504e-05 | L39: 6.25e-08 | M39: 62 | N39: 6.2e-08 | O39: 3.2535755e-05 | P39: 0 | Q39: 0 | R39: 0 | S39: 0 | T39: 0 | Y39: 80 | Z39: 90 | AF39: BaseGame 550x | AG39: 49241 | AH39: Pay | AI39: 2836792460 | AJ39: 1C1 | AK39: null | AL39: 2C1 | AM39: null | AN39: 3C1 | AO39: null | AP39: 4C1 | AQ39: null | AR39: 5C1 | AS39: null
A40: 550 | B40: 600 | C40: 494411 | D40: 28481302480 | E40: =IFERROR((D40/$E$1)/(C40),0) -> 576.06531 | F40: 0.000494411 | G40: 0.28481302 | I40: ="("&$A40&", "&$B40&"]" -> (550, 600] | J40: 1 | K40: 0 | L40: 0 | M40: 0 | N40: 0 | O40: 0 | P40: 0 | Q40: 0 | R40: 0 | S40: 0 | T40: 0 | Y40: 90 | Z40: 100 | AF40: BaseGame 600x | AG40: 36244 | AH40: Pay | AI40: 2268304480 | AJ40: 1C1 | AK40: null | AL40: 2C1 | AM40: null | AN40: 3C1 | AO40: null | AP40: 4C1 | AQ40: null | AR40: 5C1 | AS40: null
A41: 600 | B41: 650 | C41: 362215 | D41: 22669344380 | E41: =IFERROR((D41/$E$1)/(C41),0) -> 625.85327 | F41: 0.000362215 | G41: 0.22669344 | I41: ="("&$A41&", "&$B41&"]" -> (600, 650] | J41: 1 | K41: 0 | L41: 0 | M41: 0 | N41: 0 | O41: 0 | P41: 0 | Q41: 0 | R41: 0 | S41: 0 | T41: 0 | Y41: 120 | Z41: 140 | AF41: BaseGame 650x | AG41: 30702 | AH41: Pay | AI41: 2073268860 | AJ41: 1C1 | AK41: null | AL41: 2C1 | AM41: null | AN41: 3C1 | AO41: null | AP41: 4C1 | AQ41: null | AR41: 5C1 | AS41: null
A42: 650 | B42: 700 | C42: 305416 | D42: 20621962840 | E42: =IFERROR((D42/$E$1)/(C42),0) -> 675.20899 | F42: 0.000305416 | G42: 0.20621963 | I42: ="("&$A42&", "&$B42&"]" -> (650, 700] | J42: 0 | K42: 0 | L42: 0 | M42: 0 | N42: 0 | O42: 0 | P42: 0 | Q42: 0 | R42: 0 | S42: 0 | T42: 0 | Y42: 80 | Z42: 90 | AF42: BaseGame 700x | AG42: 26624 | AH42: Pay | AI42: 1929990420 | AJ42: 1C1 | AK42: null | AL42: 2C1 | AM42: null | AN42: 3C1 | AO42: null | AP42: 4C1 | AQ42: null | AR42: 5C1 | AS42: null
A43: 700 | B43: 750 | C43: 264605 | D43: 19182810820 | E43: =IFERROR((D43/$E$1)/(C43),0) -> 724.96025 | F43: 0.000264605 | G43: 0.19182811 | I43: ="("&$A43&", "&$B43&"]" -> (700, 750] | J43: 0 | K43: 0 | L43: 0 | M43: 0 | N43: 0 | O43: 0 | P43: 0 | Q43: 0 | R43: 0 | S43: 0 | T43: 0 | Y43: 120 | Z43: 140 | AF43: BaseGame 750x | AG43: 29582 | AH43: Pay | AI43: 2311927880 | AJ43: 1C1 | AK43: null | AL43: 2C1 | AM43: null | AN43: 3C1 | AO43: null | AP43: 4C1 | AQ43: null | AR43: 5C1 | AS43: null
A44: 750 | B44: 800 | C44: 296013 | D44: 23135180720 | E44: =IFERROR((D44/$E$1)/(C44),0) -> 781.55962 | F44: 0.000296013 | G44: 0.23135181 | I44: ="("&$A44&", "&$B44&"]" -> (750, 800] | J44: 0 | K44: 0 | L44: 0 | M44: 0 | N44: 0 | O44: 0 | P44: 0 | Q44: 0 | R44: 0 | S44: 0 | T44: 0 | Y44: 120 | Z44: 140 | AF44: BaseGame 800x | AG44: 31660 | AH44: Pay | AI44: 2618094520 | AJ44: 1C1 | AK44: null | AL44: 2C1 | AM44: null | AN44: 3C1 | AO44: null | AP44: 4C1 | AQ44: null | AR44: 5C1 | AS44: null
A45: 800 | B45: 850 | C45: 315973 | D45: 26126987440 | E45: =IFERROR((D45/$E$1)/(C45),0) -> 826.87405 | F45: 0.000315973 | G45: 0.26126987 | I45: ="("&$A45&", "&$B45&"]" -> (800, 850] | J45: 0 | K45: 0 | L45: 0 | M45: 0 | N45: 0 | O45: 0 | P45: 0 | Q45: 0 | R45: 0 | S45: 0 | T45: 0 | Y45: 140 | Z45: 160 | AF45: BaseGame 850x | AG45: 25319 | AH45: Pay | AI45: 2214041620 | AJ45: 1C1 | AK45: null | AL45: 2C1 | AM45: null | AN45: 3C1 | AO45: null | AP45: 4C1 | AQ45: null | AR45: 5C1 | AS45: null
A46: 850 | B46: 900 | C46: 251982 | D46: 22037131900 | E46: =IFERROR((D46/$E$1)/(C46),0) -> 874.55183 | F46: 0.000251982 | G46: 0.22037132 | I46: ="("&$A46&", "&$B46&"]" -> (850, 900] | J46: 0 | K46: 0 | L46: 0 | M46: 0 | N46: 0 | O46: 0 | P46: 0 | Q46: 0 | R46: 0 | S46: 0 | T46: 0 | Y46: 200 | Z46: 250 | AF46: BaseGame 900x | AG46: 17351 | AH46: Pay | AI46: 1604425740 | AJ46: 1C1 | AK46: null | AL46: 2C1 | AM46: null | AN46: 3C1 | AO46: null | AP46: 4C1 | AQ46: null | AR46: 5C1 | AS46: null
A47: 900 | B47: 950 | C47: 175474 | D47: 16223611180 | E47: =IFERROR((D47/$E$1)/(C47),0) -> 924.55926 | F47: 0.000175474 | G47: 0.16223611 | I47: ="("&$A47&", "&$B47&"]" -> (900, 950] | J47: 0 | K47: 0 | L47: 0 | M47: 0 | N47: 0 | O47: 0 | P47: 0 | Q47: 0 | R47: 0 | S47: 0 | T47: 0 | Y47: 200 | Z47: 250 | AF47: BaseGame 950x | AG47: 22344 | AH47: Pay | AI47: 2195989840 | AJ47: 1C1 | AK47: null | AL47: 2C1 | AM47: null | AN47: 3C1 | AO47: null | AP47: 4C1 | AQ47: null | AR47: 5C1 | AS47: null
... A54: 6000 | B54: 7000 | C54: 101847 | D54: 65655424880 | E54: =IFERROR((D54/$E$1)/(C54),0) -> 6446.4761 | F54: 0.000101847 | G54: 0.65655425 | I54: ="("&$A54&", "&$B54&"]" -> (6000, 7000] | J54: 0 | K54: 0 | L54: 0 | M54: 0 | N54: 0 | O54: 0 | P54: 0 | Q54: 0 | R54: 0 | S54: 0 | T54: 0 | Y54: 160 | Z54: 180 | AF54: BaseGame 7000x | AG54: 16379 | AH54: Pay | AI54: 15875619560 | AJ54: 1C1 | AK54: null | AL54: 2C1 | AM54: null | AN54: 3C1 | AO54: null | AP54: 4C1 | AQ54: null | AR54: 5C1 | AS54: null
A55: 7000 | B55: 8000 | C55: 53374 | D55: 39854551540 | E55: =IFERROR((D55/$E$1)/(C55),0) -> 7467.0348 | F55: 5.3374e-05 | G55: 0.39854552 | I55: ="("&$A55&", "&$B55&"]" -> (7000, 8000] | J55: 0 | K55: 0 | L55: 0 | M55: 0 | N55: 0 | O55: 0 | P55: 0 | Q55: 0 | R55: 0 | S55: 0 | T55: 0 | Y55: 45 | Z55: 50
A56: 8000 | B56: 9000 | C56: 36380 | D56: 30764883500 | E56: =IFERROR((D56/$E$1)/(C56),0) -> 8456.5375 | F56: 3.638e-05 | G56: 0.30764884 | I56: ="("&$A56&", "&$B56&"]" -> (8000, 9000] | J56: 0 | K56: 0 | L56: 0 | M56: 0 | N56: 0 | O56: 0 | T56: #N/A
A57: 9000 | B57: 10000 | C57: 22179 | D57: 21034693900 | E57: =IFERROR((D57/$E$1)/(C57),0) -> 9484.0587 | F57: 2.2179e-05 | G57: 0.21034694 | I57: ="("&$A57&", "&$B57&"]" -> (9000, 10000] | J57: 0 | K57: 0 | L57: 0 | M57: 0 | N57: 0 | O57: 0 | T57: #N/A
A58: 10000 | B58: 20000 | C58: 47859 | D58: 59792915140 | E58: =IFERROR((D58/$E$1)/(C58),0) -> 12493.557 | F58: 4.7859e-05 | G58: 0.59792915 | I58: ="("&$A58&", "&$B58&"]" -> (10000, 20000] | J58: 0 | K58: 0 | L58: 0 | M58: 0 | N58: 0 | O58: 0 | T58: #N/A
A59: 20000 | B59: 30000 | C59: 2316 | D59: 5285570360 | E59: =IFERROR((D59/$E$1)/(C59),0) -> 22821.979 | F59: 2.316e-06 | G59: 0.052855704 | I59: ="("&$A59&", "&$B59&"]" -> (20000, 30000] | J59: 0 | K59: 0 | L59: 0 | M59: 0 | N59: 0 | O59: 0 | T59: #N/A
A60: 30000 | B60: 100000 | C60: 193 | D60: 672510880 | E60: =IFERROR((D60/$E$1)/(C60),0) -> 34845.123 | F60: 1.93e-07 | G60: 0.0067251088 | I60: ="("&$A60&", "&$B60&"]" -> (30000, 100000] | J60: 0 | K60: 0 | L60: 0 | M60: 0 | N60: 0 | O60: 0 | T60: #N/A
A61: 100000 | B61: 999999 | C61: 0 | D61: 0 | E61: =IFERROR((D61/$E$1)/(C61),0) -> 0 | F61: 0 | G61: 0 | I61: ="("&$A61&", "&$B61&"]" -> (100000, 999999] | J61: 0 | K61: 0 | L61: 0 | M61: 0 | N61: 0 | O61: 0 | T61: #N/A
O62: =SUM(O28:O55) -> 0.018704229
N63: Spin 數 | O63: 一天幾個
M64: >300 | N64: =1/SUM(N35:N55) -> 1675041.9 | O64: {=N66/N64:N65} -> 2.0895
M65: >1000 | N65: =1/N49 -> 4878048.8 | O65: 0.7175
D66: scale | E66: 150 | M66: total spin/day | N66: 3500000
A67: Extra Bet 1 | C67: (後端報表) | O67: =SUM(_xlfn.ANCHORARRAY(O69)) -> 0.87 | P67: 0.92
A68: {=A3:G3} -> Lower | B68: Upper | C68: Count | D68: Pay | E68: Multi. | F68: Prob. | G68: RTP | I68: Range | J68: Fix freq | K68: Fix num | L68: Fixed Prob. | M68: Fixed Weight | N68: Real Prob. | O68: Real RTP | P68: =SUM(_xlfn.ANCHORARRAY(Q69)) -> 0.9561537 | R68: =1-SUM(_xlfn.ANCHORARRAY(R69)) -> 0.037811601 | V68: YB | W68: FG 2
A69: {=A4:B61} -> -1 | B69: 0 | C69: 795217879 | D69: 0 | E69: =IFERROR((D69/$E$66)/(C69),0) -> 0 | F69: {=C69:C126/SUM(C69:C126)} -> 0.79521788 | G69: {=E69:E126*_xlfn.ANCHORARRAY(F69)} -> 0 | H69: {=A69:A120/1.5} -> -0.66666667 | I69: ="("&$A69&", "&$B69&"]" -> (-1, 0] | J69: {=IFERROR(IF(1/_xlfn.ANCHORARRAY(F69)<$J$2,1,0),0)} -> 1 | K69: 1.1197068 | L69: {=K69:K126*_xlfn.ANCHORARRAY(J69)*_xlfn.ANCHORARRAY(F69)} -> 0.89041089 | M69: {=INT(_xlfn.ANCHORARRAY(L69)*$M$2)} -> 890410885 | N69: {=_xlfn.ANCHORARRAY(M69)/SUM(_xlfn.ANCHORARRAY(M69))} -> 0.89041088 | O69: {=_xlfn.ANCHORARRAY(N69)*E69:E126} -> 0 | P69: 0.88014181 | Q69: {=P69:P120*E69:E120} -> 0 | R69: {=P67*P69:P120/P68} -> 0.84686224 | S69: =R69+R68 -> 0.88467384 | T69: {=S69:S120/F69:F120} -> 1.1124924 | V69: 0.87549793 | W69: 0.88014181 | AD69: BaseGame 00 | AE69: 79527545 | AT69: {='[1]Raw Data'!$S$1:$T$52} -> 79519285 | AU69: 0
A70: 0 | B70: 1 | C70: 4452589 | D70: 356207120 | E70: =IFERROR((D70/$E$66)/(C70),0) -> 0.53333333 | F70: 0.004452589 | G70: 0.0023747141 | H70: 0 | I70: ="("&$A70&", "&$B70&"]" -> (0, 1] | J70: 1 | K70: 0.86872278 | L70: 0.0038680655 | M70: 3868065 | N70: 0.003868065 | O70: 0.002062968 | P70: 0.0041935503 | Q70: 0.0022365602 | R70: 0.0040349855 | S70: {=R70:R120} -> 0.0040349855 | T70: 0.90621107 | V70: 0.0066271879 | W70: 0.0041935503 | AD70: BaseGame 0x | AE70: 1221030 | AF70: Pay | AG70: 91661240 | AH70: 1C1 | AI70: null | AJ70: 2C1 | AK70: null | AL70: 3C1 | AM70: null | AN70: 4C1 | AO70: null | AP70: 5C1 | AQ70: null | AT70: 891535 | AU70: 594293.33
A71: 1 | B71: 2 | C71: 12633880 | D71: 2096846880 | E71: =IFERROR((D71/$E$66)/(C71),0) -> 1.1064676 | F71: 0.01263388 | G71: 0.013978979 | H71: 0.66666667 | I71: ="("&$A71&", "&$B71&"]" -> (1, 2] | J71: 1 | K71: 0.8855003 | L71: 0.011187305 | M71: 11187304 | N71: 0.011187304 | O71: 0.01237839 | P71: 0.01217001 | Q71: 0.013465722 | R71: 0.011709843 | S71: 0.011709843 | T71: 0.92686036 | V71: 0.0065916384 | W71: 0.01217001 | AD71: BaseGame 1x | AE71: 1983581 | AF71: Pay | AG71: 340592420 | AH71: 1C1 | AI71: null | AJ71: 2C1 | AK71: null | AL71: 3C1 | AM71: null | AN71: 4C1 | AO71: null | AP71: 5C1 | AQ71: null | AT71: 1581010 | AU71: 2464177.9
A72: 2 | B72: 3 | C72: 7640731 | D72: 2135906340 | E72: =IFERROR((D72/$E$66)/(C72),0) -> 1.8636143 | F72: 0.007640731 | G72: 0.014239376 | H72: 1.3333333 | I72: ="("&$A72&", "&$B72&"]" -> (2, 3] | J72: 1 | K72: 0.74912407 | L72: 0.0057238555 | M72: 5723855 | N72: 0.005723855 | O72: 0.010667058 | P72: 0.0062383985 | Q72: 0.011625969 | R72: 0.0060025147 | S72: 0.0060025147 | T72: 0.78559429 | V72: 0.0085824142 | W72: 0.0062383985 | AD72: BaseGame 2x | AE72: 1400402 | AF72: Pay | AG72: 385097500 | AH72: 1C1 | AI72: null | AJ72: 2C1 | AK72: null | AL72: 3C1 | AM72: null | AN72: 4C1 | AO72: null | AP72: 5C1 | AQ72: null | AT72: 1426312 | AU72: 3473772.5
A73: 3 | B73: 4 | C73: 14191574 | D73: 5179433520 | E73: =IFERROR((D73/$E$66)/(C73),0) -> 2.4331027 | F73: 0.014191574 | G73: 0.034529557 | H73: 2 | I73: ="("&$A73&", "&$B73&"]" -> (3, 4] | J73: 1 | K73: 0.74350171 | L73: 0.01055146 | M73: 10551459 | N73: 0.010551459 | O73: 0.025672783 | P73: 0.011511075 | Q73: 0.028007627 | R73: 0.011075823 | S73: 0.011075823 | T73: 0.78045061 | V73: 0.0062193034 | W73: 0.011511075 | AD73: BaseGame 3x | AE73: 1843384 | AF73: Pay | AG73: 681736680 | AH73: 1C1 | AI73: null | AJ73: 2C1 | AK73: null | AL73: 3C1 | AM73: null | AN73: 4C1 | AO73: null | AP73: 5C1 | AQ73: null | AT73: 2474805 | AU73: 8932647.7
A74: 4 | B74: 5 | C74: 12170676 | D74: 5868412120 | E74: =IFERROR((D74/$E$66)/(C74),0) -> 3.214509 | F74: 0.012170676 | G74: 0.039122747 | H74: 2.6666667 | I74: ="("&$A74&", "&$B74&"]" -> (4, 5] | J74: 1 | K74: 0.80878281 | L74: 0.0098434335 | M74: 9843433 | N74: 0.009843433 | O74: 0.031641804 | P74: 0.010749479 | Q74: 0.034554298 | R74: 0.010343024 | S74: 0.010343024 | T74: 0.84983153 | V74: 0.016103954 | W74: 0.010749479 | AD74: BaseGame 4x | AE74: 1261039 | AF74: Pay | AG74: 605977340 | AH74: 1C1 | AI74: null | AJ74: 2C1 | AK74: null | AL74: 3C1 | AM74: null | AN74: 4C1 | AO74: null | AP74: 5C1 | AQ74: null | AT74: 797741 | AU74: 3694005.6
A75: 5 | B75: 6 | C75: 12650702 | D75: 7564557540 | E75: =IFERROR((D75/$E$66)/(C75),0) -> 3.9863704 | F75: 0.012650702 | G75: 0.050430384 | H75: 3.3333333 | I75: ="("&$A75&", "&$B75&"]" -> (5, 6] | J75: 1 | K75: 0.68733447 | L75: 0.0086952635 | M75: 8695263 | N75: 0.008695263 | O75: 0.034662539 | P75: 0.0095020383 | Q75: 0.037878644 | R75: 0.009142751 | S75: 0.009142751 | T75: 0.72270701 | V75: 0.0026007316 | W75: 0.0095020383 | AD75: BaseGame 5x | AE75: 1254493 | AF75: Pay | AG75: 746676720 | AH75: 1C1 | AI75: null | AJ75: 2C1 | AK75: null | AL75: 3C1 | AM75: null | AN75: 4C1 | AO75: null | AP75: 5C1 | AQ75: null | AT75: 1538763 | AU75: 8598399.9
A76: 6 | B76: 7 | C76: 2824698 | D76: 1830960080 | E76: =IFERROR((D76/$E$66)/(C76),0) -> 4.3213117 | F76: 0.002824698 | G76: 0.012206401 | H76: 4 | I76: ="("&$A76&", "&$B76&"]" -> (6, 7] | J76: 1 | K76: 0.7023942 | L76: 0.0019840515 | M76: 1984051 | N76: 0.001984051 | O76: 0.0085737028 | P76: 0.0021689954 | Q76: 0.0093729053 | R76: 0.0020869822 | S76: 0.0020869822 | T76: 0.73883376 | V76: 0.012270214 | W76: 0.0021689954 | AD76: BaseGame 6x | AE76: 316037 | AF76: Pay | AG76: 206311540 | AH76: 1C1 | AI76: null | AJ76: 2C1 | AK76: null | AL76: 3C1 | AM76: null | AN76: 4C1 | AO76: null | AP76: 5C1 | AQ76: null | AT76: 945248 | AU76: 6177978.9
A77: 7 | B77: 8 | C77: 14142278 | D77: 10892748240 | E77: =IFERROR((D77/$E$66)/(C77),0) -> 5.1348391 | F77: 0.014142278 | G77: 0.072618322 | H77: 4.6666667 | I77: ="("&$A77&", "&$B77&"]" -> (7, 8] | J77: 1 | K77: 0.63937065 | L77: 0.0090421575 | M77: 9042157 | N77: 0.009042157 | O77: 0.046430021 | P77: 0.0098911921 | Q77: 0.05078968 | R77: 0.0095171903 | S77: 0.0095171903 | T77: 0.6729602 | V77: 0.00506862 | W77: 0.0098911921 | AD77: BaseGame 7x | AE77: 1316405 | AF77: Pay | AG77: 1015442580 | AH77: 1C1 | AI77: null | AJ77: 2C1 | AK77: null | AL77: 3C1 | AM77: null | AN77: 4C1 | AO77: null | AP77: 5C1 | AQ77: null | AT77: 1215760 | AU77: 9643478.3
A78: 8 | B78: 9 | C78: 6387851 | D78: 5707091100 | E78: =IFERROR((D78/$E$66)/(C78),0) -> 5.9561931 | F78: 0.006387851 | G78: 0.038047274 | H78: 5.3333333 | I78: ="("&$A78&", "&$B78&"]" -> (8, 9] | J78: 1 | K78: 0.53442081 | L78: 0.0034138005 | M78: 3413800 | N78: 0.0034138 | O78: 0.020333252 | P78: 0.0037363542 | Q78: 0.022254447 | R78: 0.0035950767 | S78: 0.0035950767 | T78: 0.56279909 | V78: 0.0060883313 | W78: 0.0037363542 | AD78: BaseGame 8x | AE78: 574169 | AF78: Pay | AG78: 512208280 | AH78: 1C1 | AI78: null | AJ78: 2C1 | AK78: null | AL78: 3C1 | AM78: null | AN78: 4C1 | AO78: null | AP78: 5C1 | AQ78: null | AT78: 165033 | AU78: 1422053.1
A79: 9 | B79: 10 | C79: 8534118 | D79: 8323686000 | E79: =IFERROR((D79/$E$66)/(C79),0) -> 6.5022818 | F79: 0.008534118 | G79: 0.05549124 | H79: 6 | I79: ="("&$A79&", "&$B79&"]" -> (9, 10] | J79: 1 | K79: 0.9304818 | L79: 0.0079408415 | M79: 7940841 | N79: 0.007940841 | O79: 0.051633586 | P79: 0.0086938875 | Q79: 0.056530107 | R79: 0.0083651577 | S79: 0.0083651577 | T79: 0.98020179 | V79: 0.0094711534 | W79: 0.0086938875 | AD79: BaseGame 9x | AE79: 713840 | AF79: Pay | AG79: 696013360 | AH79: 1C1 | AI79: null | AJ79: 2C1 | AK79: null | AL79: 3C1 | AM79: null | AN79: 4C1 | AO79: null | AP79: 5C1 | AQ79: null | AT79: 704591 | AU79: 6836701.1
A80: 10 | B80: 15 | C80: 21751151 | D80: 27771926600 | E80: =IFERROR((D80/$E$66)/(C80),0) -> 8.5120175 | F80: 0.021751151 | G80: 0.18514618 | H80: 6.6666667 | I80: ="("&$A80&", "&$B80&"]" -> (10, 15] | J80: 1 | K80: 0.63664753 | L80: 0.013847816 | M80: 13847816 | N80: 0.013847816 | O80: 0.11787285 | P80: 0.015175806 | Q80: 0.12917672 | R80: 0.014601984 | S80: 0.014601984 | T80: 0.67132006 | V80: 0.01627796 | W80: 0.015175806 | AD80: BaseGame 10x | AE80: 1791031 | AF80: Pay | AG80: 2280142320 | AH80: 1C1 | AI80: null | AJ80: 2C1 | AK80: null | AL80: 3C1 | AM80: null | AN80: 4C1 | AO80: null | AP80: 5C1 | AQ80: null | AT80: 1657541 | AU80: 20314576
A81: 15 | B81: 20 | C81: 14189980 | D81: 25358300600 | E81: =IFERROR((D81/$E$66)/(C81),0) -> 11.913712 | F81: 0.01418998 | G81: 0.16905534 | H81: 10 | I81: ="("&$A81&", "&$B81&"]" -> (15, 20] | J81: 1 | K81: 0.61414607 | L81: 0.0087147205 | M81: 8714720 | N81: 0.00871472 | O81: 0.10382467 | P81: 0.0095617245 | Q81: 0.11391563 | R81: 0.0092001803 | S81: 0.0092001803 | T81: 0.64835753 | V81: 0.0096170937 | W81: 0.0095617245 | AD81: BaseGame 15x | AE81: 1124732 | AF81: Pay | AG81: 2007398080 | AH81: 1C1 | AI81: null | AJ81: 2C1 | AK81: null | AL81: 3C1 | AM81: null | AN81: 4C1 | AO81: null | AP81: 5C1 | AQ81: null | AT81: 1111682 | AU81: 19430968
A82: 20 | B82: 25 | C82: 7956857 | D82: 18496587000 | E82: =IFERROR((D82/$E$66)/(C82),0) -> 15.497398 | F82: 0.007956857 | G82: 0.12331058 | H82: 13.333333 | I82: ="("&$A82&", "&$B82&"]" -> (20, 25] | J82: 1 | K82: 0.61128452 | L82: 0.0048639035 | M82: 4863903 | N82: 0.004863903 | O82: 0.075377841 | P82: 0.0053419122 | Q82: 0.08278574 | R82: 0.005139926 | S82: 0.005139926 | T82: 0.64597441 | V82: 0.0077011591 | W82: 0.0053419122 | AD82: BaseGame 20x | AE82: 621987 | AF82: Pay | AG82: 1445763680 | AH82: 1C1 | AI82: null | AJ82: 2C1 | AK82: null | AL82: 3C1 | AM82: null | AN82: 4C1 | AO82: null | AP82: 5C1 | AQ82: null | AT82: 458059 | AU82: 10386921
... A120: 7000 | B120: 8000 | C120: 106095 | D120: 79308066020 | E120: =IFERROR((D120/$E$66)/(C120),0) -> 4983.4624 | F120: 0.000106095 | G120: 0.52872044 | H120: 4666.6667 | I120: ="("&$A120&", "&$B120&"]" -> (7000, 8000] | J120: 0 | K120: 0 | L120: 0 | M120: 0 | N120: 0 | O120: 0 | P120: 0 | Q120: 0 | R120: 0 | S120: 0 | T120: 0 | V120: 0 | W120: 0 | AD120: BaseGame 7000x | AE120: 16379 | AF120: Pay | AG120: 15875619560 | AH120: 1C1 | AI120: null | AJ120: 2C1 | AK120: null | AL120: 3C1 | AM120: null | AN120: 4C1 | AO120: null | AP120: 5C1 | AQ120: null | AT120: 7472 | AU120: 60481605
A121: 8000 | B121: 9000 | C121: 70205 | D121: 59386972540 | E121: =IFERROR((D121/$E$66)/(C121),0) -> 5639.3868 | F121: 7.0205e-05 | G121: 0.39591315 | I121: ="("&$A121&", "&$B121&"]" -> (8000, 9000] | J121: 0 | K121: 0 | L121: 0 | M121: 0 | N121: 0 | O121: 0 | P121: 0 | V121: 0 | W121: 0
A122: 9000 | B122: 10000 | C122: 43227 | D122: 40922277040 | E122: =IFERROR((D122/$E$66)/(C122),0) -> 6311.2217 | F122: 4.3227e-05 | G122: 0.27281518 | I122: ="("&$A122&", "&$B122&"]" -> (9000, 10000] | J122: 0 | K122: 0 | L122: 0 | M122: 0 | N122: 0 | O122: 0 | P122: 0 | V122: 0 | W122: 0
A123: 10000 | B123: 20000 | C123: 111376 | D123: 141282726820 | E123: =IFERROR((D123/$E$66)/(C123),0) -> 8456.8026 | F123: 0.000111376 | G123: 0.94188485 | I123: ="("&$A123&", "&$B123&"]" -> (10000, 20000] | J123: 0 | K123: 0 | L123: 0 | M123: 0 | N123: 0 | O123: 0 | P123: 0 | V123: 0 | W123: 0
A124: 20000 | B124: 30000 | C124: 7220 | D124: 16717845320 | E124: =IFERROR((D124/$E$66)/(C124),0) -> 15436.607 | F124: 7.22e-06 | G124: 0.1114523 | I124: ="("&$A124&", "&$B124&"]" -> (20000, 30000] | J124: 0 | K124: 0 | L124: 0 | M124: 0 | N124: 0 | O124: 0 | P124: 0 | V124: 0 | W124: 0
A125: 30000 | B125: 100000 | C125: 806 | D125: 2823396900 | E125: =IFERROR((D125/$E$66)/(C125),0) -> 23353.159 | F125: 8.06e-07 | G125: 0.018822646 | I125: ="("&$A125&", "&$B125&"]" -> (30000, 100000] | J125: 0 | K125: 0 | L125: 0 | M125: 0 | N125: 0 | O125: 0 | P125: 0 | V125: 0 | W125: 0
A126: 100000 | B126: 999999 | C126: 0 | D126: 0 | E126: =IFERROR((D126/$E$66)/(C126),0) -> 0 | F126: 0 | G126: 0 | I126: ="("&$A126&", "&$B126&"]" -> (100000, 999999] | J126: 0 | K126: 0 | L126: 0 | M126: 0 | N126: 0 | O126: 0 | P126: 0 | V126: 0 | W126: 0
O127: =SUM(O96:O120) -> 0.031068563
N128: Spin 數 | O128: 一天幾個
M129: >300 | N129: =1/SUM(N103:N120) -> 48367.594 | O129: {=N131/N129:N130} -> 72.3625
M130: >1000 | N130: =1/SUM(N115:N120) -> 2439024.4 | O130: 1.435
D131: scale | E131: 800 | M131: total spin/day | N131: =N66 -> 3500000
A132: Extra Bet 2 | C132: (後端報表) | O132: =SUM(_xlfn.ANCHORARRAY(O134)) -> 0.87
A133: {=A68:G68} -> Lower | B133: Upper | C133: Count | D133: Pay | E133: Multi. | F133: Prob. | G133: RTP | I133: Range | J133: Fix freq | K133: Fix num | L133: Fixed Prob. | M133: Fixed Weight | N133: Real Prob. | O133: Real RTP | R133: 1.0.0.6
A134: {=_xlfn.ANCHORARRAY(A69)} -> -1 | B134: 0 | C134: 795198269 | D134: 0 | E134: =IFERROR((D134/$E$131)/(C134),0) -> 0 | F134: {=C134:C191/SUM(C134:C191)} -> 0.79519827 | G134: {=E134:E191*_xlfn.ANCHORARRAY(F134)} -> 0 | H134: {=A134:A191/8} -> -0.125 | I134: ="("&$A134&", "&$B134&"]" -> (-1, 0] | J134: {=IFERROR(IF(1/_xlfn.ANCHORARRAY(F134)<$J$2,1,0),0)} -> 1 | K134: 1.0829954 | L134: {=K134:K191*_xlfn.ANCHORARRAY(J134)*_xlfn.ANCHORARRAY(F134)} -> 0.86119604 | M134: {=INT(_xlfn.ANCHORARRAY(L134)*$M$2)} -> 861196036 | N134: {=_xlfn.ANCHORARRAY(M134)/SUM(_xlfn.ANCHORARRAY(M134))} -> 0.86119604 | O134: {=_xlfn.ANCHORARRAY(N134)*E134:E191} -> 0 | P134: {=IFERROR(_xlfn.ANCHORARRAY(N69)/(_xlfn.ANCHORARRAY(J134)*_xlfn.ANCHORARRAY(F134)),0)} -> 1.1197344 | Q134: {=IFERROR(_xlfn.ANCHORARRAY(N4)/(_xlfn.ANCHORARRAY(J69)*_xlfn.ANCHORARRAY(F69)),0)} -> 1.1213679 | R134: 0.75429337 | AC134: -1 | AD134: BaseGame 00 | AE134: 79520206 | AT134: BaseGame 00 | AU134: 55507791 | AV134: 0 | AW134: 0 | BA134: BaseGame 00 | BB134: 79518011
A135: 0 | B135: 1 | C135: 0 | D135: 0 | E135: =IFERROR((D135/$E$131)/(C135),0) -> 0 | F135: 0 | G135: 0 | H135: 0 | I135: ="("&$A135&", "&$B135&"]" -> (0, 1] | J135: 0 | K135: 0 | L135: 0 | M135: 0 | N135: 0 | O135: 0 | P135: 0 | Q135: 2.5263329 | R135: 0 | AC135: 0 | AT135: 0 | AU135: 0 | AV135: 0 | AW135: 0
A136: 1 | B136: 2 | C136: 0 | D136: 0 | E136: =IFERROR((D136/$E$131)/(C136),0) -> 0 | F136: 0 | G136: 0 | H136: 0.125 | I136: ="("&$A136&", "&$B136&"]" -> (1, 2] | J136: 0 | K136: 0 | L136: 0 | M136: 0 | N136: 0 | O136: 0 | P136: 0 | Q136: 1.234569 | R136: 0 | AC136: 1 | AT136: 0 | AU136: 0 | AV136: 0 | AW136: 0
A137: 2 | B137: 3 | C137: 0 | D137: 0 | E137: =IFERROR((D137/$E$131)/(C137),0) -> 0 | F137: 0 | G137: 0 | H137: 0.25 | I137: ="("&$A137&", "&$B137&"]" -> (2, 3] | J137: 0 | K137: 0 | L137: 0 | M137: 0 | N137: 0 | O137: 0 | P137: 0 | Q137: 1.4473552 | R137: 0 | AC137: 2 | AT137: 0 | AU137: 0 | AV137: 0 | AW137: 0
A138: 3 | B138: 4 | C138: 1537010 | D138: 614804000 | E138: =IFERROR((D138/$E$131)/(C138),0) -> 0.5 | F138: 0.00153701 | G138: 0.000768505 | H138: 0.375 | I138: ="("&$A138&", "&$B138&"]" -> (3, 4] | J138: 1 | K138: 0 | L138: 0 | M138: 0 | N138: 0 | O138: 0 | P138: 6.8649254 | Q138: 0.82815986 | R138: 0 | AC138: 3 | AD138: BaseGame 3x | AE138: 178359 | AF138: Pay | AG138: 71343600 | AH138: 1C1 | AI138: null | AJ138: 2C1 | AK138: null | AL138: 3C1 | AM138: null | AN138: 4C1 | AO138: null | AP138: 5C1 | AQ138: null | AT138: BaseGame 3x | AU138: 124231 | AV138: Pay | AW138: 49692400 | BA138: BaseGame 3x | BB138: 153893 | BC138: 61557200
A139: 4 | B139: 5 | C139: 0 | D139: 0 | E139: =IFERROR((D139/$E$131)/(C139),0) -> 0 | F139: 0 | G139: 0 | H139: 0.5 | I139: ="("&$A139&", "&$B139&"]" -> (4, 5] | J139: 0 | K139: 0 | L139: 0 | M139: 0 | N139: 0 | O139: 0 | P139: 0 | Q139: 0.7875367 | R139: 0 | AC139: 4 | AT139: 0 | AU139: 0 | AV139: 0 | AW139: 0
A140: 5 | B140: 6 | C140: 1535472 | D140: 921283200 | E140: =IFERROR((D140/$E$131)/(C140),0) -> 0.75 | F140: 0.001535472 | G140: 0.001151604 | H140: 0.625 | I140: ="("&$A140&", "&$B140&"]" -> (5, 6] | J140: 1 | K140: 0 | L140: 0 | M140: 0 | N140: 0 | O140: 0 | P140: 5.6629251 | Q140: 0.60470368 | R140: 0 | AC140: 5 | AD140: BaseGame 5x | AE140: 88720 | AF140: Pay | AG140: 53232000 | AH140: 1C1 | AI140: null | AJ140: 2C1 | AK140: null | AL140: 3C1 | AM140: null | AN140: 4C1 | AO140: null | AP140: 5C1 | AQ140: null | AT140: BaseGame 5x | AU140: 62160 | AV140: Pay | AW140: 37296000 | BA140: BaseGame 5x | BB140: 153964 | BC140: 92378400
A141: 6 | B141: 7 | C141: 0 | D141: 0 | E141: =IFERROR((D141/$E$131)/(C141),0) -> 0 | F141: 0 | G141: 0 | H141: 0.75 | I141: ="("&$A141&", "&$B141&"]" -> (6, 7] | J141: 0 | K141: 0 | L141: 0 | M141: 0 | N141: 0 | O141: 0 | P141: 0 | Q141: 0.65804628 | R141: 0 | AC141: 6 | AT141: 0 | AU141: 0 | AV141: 0 | AW141: 0
A142: 7 | B142: 8 | C142: 2173876 | D142: 1739100800 | E142: =IFERROR((D142/$E$131)/(C142),0) -> 1 | F142: 0.002173876 | G142: 0.002173876 | H142: 0.875 | I142: ="("&$A142&", "&$B142&"]" -> (7, 8] | J142: 1 | K142: 14.773307 | L142: 0.032115337 | M142: 32115336 | N142: 0.032115336 | O142: 0.032115336 | P142: 4.1594631 | Q142: 0.56427303 | R142: 0.039711127 | AC142: 7 | AD142: BaseGame 7x | AE142: 124663 | AF142: Pay | AG142: 99730400 | AH142: 1C1 | AI142: null | AJ142: 2C1 | AK142: null | AL142: 3C1 | AM142: null | AN142: 4C1 | AO142: null | AP142: 5C1 | AQ142: null | AT142: BaseGame 7x | AU142: 87587 | AV142: Pay | AW142: 70069600 | BA142: BaseGame 7x | BB142: 217346 | BC142: 173876800
A143: 8 | B143: 9 | C143: 0 | D143: 0 | E143: =IFERROR((D143/$E$131)/(C143),0) -> 0 | F143: 0 | G143: 0 | H143: 1 | I143: ="("&$A143&", "&$B143&"]" -> (8, 9] | J143: 0 | K143: 0 | L143: 0 | M143: 0 | N143: 0 | O143: 0 | P143: 0 | Q143: 0.4570271 | R143: 0 | AC143: 8 | AT143: 0 | AU143: 0 | AV143: 0 | AW143: 0
A144: 9 | B144: 10 | C144: 3268307 | D144: 3268307000 | E144: =IFERROR((D144/$E$131)/(C144),0) -> 1.25 | F144: 0.003268307 | G144: 0.0040853837 | H144: 1.125 | I144: ="("&$A144&", "&$B144&"]" -> (9, 10] | J144: 1 | K144: 7.4041277 | L144: 0.024198962 | M144: 24198962 | N144: 0.024198962 | O144: 0.030248703 | P144: 2.4296497 | Q144: 0.68813239 | R144: 0.029007261 | AC144: 9 | AD144: BaseGame 9x | AE144: 246653 | AF144: Pay | AG144: 246653000 | AH144: 1C1 | AI144: null | AJ144: 2C1 | AK144: null | AL144: 3C1 | AM144: null | AN144: 4C1 | AO144: null | AP144: 5C1 | AQ144: null | AT144: BaseGame 9x | AU144: 172537 | AV144: Pay | AW144: 172537000 | BA144: BaseGame 9x | BB144: 327763 | BC144: 327763000
A145: 10 | B145: 15 | C145: 2634762 | D145: 3682764300 | E145: =IFERROR((D145/$E$131)/(C145),0) -> 1.7471997 | F145: 0.002634762 | G145: 0.0046034554 | H145: 1.25 | I145: ="("&$A145&", "&$B145&"]" -> (10, 15] | J145: 1 | K145: 1.4654878 | L145: 0.0038612115 | M145: 3861211 | N145: 0.003861211 | O145: 0.0067463067 | P145: 5.2558129 | Q145: 0.4299515 | R145: 0.046017882 | AC145: 10 | AD145: BaseGame 10x | AE145: 231202 | AF145: Pay | AG145: 314251200 | AH145: 1C1 | AI145: null | AJ145: 2C1 | AK145: null | AL145: 3C1 | AM145: null | AN145: 4C1 | AO145: null | AP145: 5C1 | AQ145: null | AT145: BaseGame 10x | AU145: 161633 | AV145: Pay | AW145: 219705200 | BA145: BaseGame 10x | BB145: 261822 | BC145: 365993900
A146: 15 | B146: 20 | C146: 9016244 | D146: 16921585600 | E146: =IFERROR((D146/$E$131)/(C146),0) -> 2.345986 | F146: 0.009016244 | G146: 0.021151982 | H146: 1.875 | I146: ="("&$A146&", "&$B146&"]" -> (15, 20] | J146: 1 | K146: 1.4708829 | L146: 0.01326184 | M146: 13261839 | N146: 0.013261839 | O146: 0.031112088 | P146: 0.96655769 | Q146: 0.39113663 | R146: 0.053251297 | AC146: 15 | AD146: BaseGame 15x | AE146: 697309 | AF146: Pay | AG146: 1272268000 | AH146: 1C1 | AI146: null | AJ146: 2C1 | AK146: null | AL146: 3C1 | AM146: null | AN146: 4C1 | AO146: null | AP146: 5C1 | AQ146: null | AT146: BaseGame 15x | AU146: 488372 | AV146: Pay | AW146: 891206800 | BA146: BaseGame 15x | BB146: 900127 | BC146: 1689426800
A147: 20 | B147: 25 | C147: 5676427 | D147: 13793512000 | E147: =IFERROR((D147/$E$131)/(C147),0) -> 3.0374547 | F147: 0.005676427 | G147: 0.01724189 | H147: 2.5 | I147: ="("&$A147&", "&$B147&"]" -> (20, 25] | J147: 1 | K147: 1.4713695 | L147: 0.0083521215 | M147: 8352121 | N147: 0.008352121 | O147: 0.025369189 | P147: 0.85685996 | Q147: 0.29231592 | R147: 0.011467971 | AC147: 20 | AD147: BaseGame 20x | AE147: 432602 | AF147: Pay | AG147: 1038421100 | AH147: 1C1 | AI147: null | AJ147: 2C1 | AK147: null | AL147: 3C1 | AM147: null | AN147: 4C1 | AO147: null | AP147: 5C1 | AQ147: null | AT147: BaseGame 20x | AU147: 301655 | AV147: Pay | AW147: 724090900 | BA147: BaseGame 20x | BB147: 567432 | BC147: 1378828300
A148: 25 | B148: 30 | C148: 4496806 | D148: 13439030300 | E148: =IFERROR((D148/$E$131)/(C148),0) -> 3.7357155 | F148: 0.004496806 | G148: 0.016798788 | H148: 3.125 | I148: ="("&$A148&", "&$B148&"]" -> (25, 30] | J148: 1 | K148: 1.4731115 | L148: 0.0066242965 | M148: 6624296 | N148: 0.006624296 | O148: 0.024746485 | P148: 0.72072555 | Q148: 0.36372754 | R148: 0.009956103 | AC148: 25 | AD148: BaseGame 25x | AE148: 479642 | AF148: Pay | AG148: 1417869000 | AH148: 1C1 | AI148: null | AJ148: 2C1 | AK148: null | AL148: 3C1 | AM148: null | AN148: 4C1 | AO148: null | AP148: 5C1 | AQ148: null | AT148: BaseGame 25x | AU148: 332950 | AV148: Pay | AW148: 984132800 | BA148: BaseGame 25x | BB148: 450370 | BC148: 1346011800
A149: 30 | B149: 35 | C149: 3013307 | D149: 9688028000 | E149: =IFERROR((D149/$E$131)/(C149),0) -> 4.018852 | F149: 0.003013307 | G149: 0.012110035 | H149: 3.75 | I149: ="("&$A149&", "&$B149&"]" -> (30, 35] | J149: 1 | K149: 1.4713089 | L149: 0.0044335055 | M149: 4433505 | N149: 0.004433505 | O149: 0.017817601 | P149: 0.19309981 | Q149: 0.14169236 | R149: 0.01512899 | AC149: 30 | AD149: BaseGame 30x | AE149: 265951 | AF149: Pay | AG149: 870751300 | AH149: 1C1 | AI149: null | AJ149: 2C1 | AK149: null | AL149: 3C1 | AM149: null | AN149: 4C1 | AO149: null | AP149: 5C1 | AQ149: null | AT149: BaseGame 30x | AU149: 185277 | AV149: Pay | AW149: 606638800 | BA149: BaseGame 30x | BB149: 301500 | BC149: 969339200
A150: 35 | B150: 40 | C150: 10566689 | D150: 41532351200 | E150: =IFERROR((D150/$E$131)/(C150),0) -> 4.9131226 | F150: 0.010566689 | G150: 0.051915439 | H150: 4.375 | I150: ="("&$A150&", "&$B150&"]" -> (35, 40] | J150: 1 | K150: 0.36757981 | L150: 0.0038841015 | M150: 3884101 | N150: 0.003884101 | O150: 0.019083065 | P150: 0.18481693 | Q150: 0.18621622 | R150: 0.0044788675 | AC150: 35 | AD150: BaseGame 35x | AE150: 638210 | AF150: Pay | AG150: 2491083200 | AH150: 1C1 | AI150: null | AJ150: 2C1 | AK150: null | AL150: 3C1 | AM150: null | AN150: 4C1 | AO150: null | AP150: 5C1 | AQ150: null | AT150: BaseGame 35x | AU150: 446210 | AV150: Pay | AW150: 1741355300 | BA150: BaseGame 35x | BB150: 1057290 | BC150: 4155740700
A151: 40 | B151: 45 | C151: 2254117 | D151: 10061161100 | E151: =IFERROR((D151/$E$131)/(C151),0) -> 5.579325 | F151: 0.002254117 | G151: 0.012576451 | H151: 5 | I151: ="("&$A151&", "&$B151&"]" -> (40, 45] | J151: 1 | K151: 3.6600662 | L151: 0.0082502175 | M151: 8250217 | N151: 0.008250217 | O151: 0.046030642 | P151: 0.29587195 | Q151: 0.099705381 | R151: 0.001028322 | AC151: 40 | AD151: BaseGame 40x | AE151: 219885 | AF151: Pay | AG151: 974799500 | AH151: 1C1 | AI151: null | AJ151: 2C1 | AK151: null | AL151: 3C1 | AM151: null | AN151: 4C1 | AO151: null | AP151: 5C1 | AQ151: null | AT151: BaseGame 40x | AU151: 153445 | AV151: Pay | AW151: 680223700 | BA151: BaseGame 40x | BB151: 224678 | BC151: 1002843100
...

Sheet Multiplier Weight (new_player)
A1: Normal Game | C1: (後端報表) | D1: scale | E1: 100 | O1: Total RTP
C2: Simulator | I2: Fixed Game | J2: 3000 | M2: =10^9 -> 1000000000 | O2: =SUM(_xlfn.ANCHORARRAY(O4)) -> 0.88
A3: Lower | B3: Upper | C3: Count | D3: Pay | E3: Multi. | F3: Prob. | G3: RTP | I3: Range | J3: Fix freq | K3: Fix num | L3: Fixed Prob. | M3: Fixed Weight | N3: Real Prob. | O3: Real RTP
A4: -1 | B4: 0 | C4: {='Multiplier Weight'!C4:D61} -> 795188919 | D4: 0 | E4: =IFERROR((D4/$E$1)/(C4),0) -> 0 | F4: {=C4:C61/SUM(C4:C61)} -> 0.79518892 | G4: {=E4:E61*_xlfn.ANCHORARRAY(F4)} -> 0 | H4: {=18*(K4:K18/SUM(K4:K18))} -> 2.1240993 | I4: ="("&$A4&", "&$B4&"]" -> (-1, 0] | J4: {=IFERROR(IF(1/_xlfn.ANCHORARRAY(F4)<$J$2,1,0),0)} -> 1 | K4: 1.1361091 | L4: {=K4:K61*_xlfn.ANCHORARRAY(J4)*_xlfn.ANCHORARRAY(F4)} -> 0.90342135 | M4: {=INT(_xlfn.ANCHORARRAY(L4)*$M$2)} -> 903421347 | N4: {=_xlfn.ANCHORARRAY(M4)/SUM(_xlfn.ANCHORARRAY(M4))} -> 0.90342135 | O4: {=_xlfn.ANCHORARRAY(N4)*E4:E61} -> 0
A5: 0 | B5: 1 | C5: 12223533 | D5: 917729700 | E5: =IFERROR((D5/$E$1)/(C5),0) -> 0.75078924 | F5: 0.012223533 | G5: 0.009177297 | H5: 0.82910162 | I5: ="("&$A5&", "&$B5&"]" -> (0, 1] | J5: 1 | K5: 0.44345849 | L5: 0.0054206295 | M5: 5420629 | N5: 0.005420629 | O5: 0.0040697499
A6: 1 | B6: 2 | C6: 19854235 | D6: 3409420460 | E6: =IFERROR((D6/$E$1)/(C6),0) -> 1.7172258 | F6: 0.019854235 | G6: 0.034094205 | H6: 0.82740956 | I6: ="("&$A6&", "&$B6&"]" -> (1, 2] | J6: 1 | K6: 0.44255347 | L6: 0.0087865605 | M6: 8786560 | N6: 0.00878656 | O6: 0.015088508
A7: 2 | B7: 3 | C7: 14020917 | D7: 3854712400 | E7: =IFERROR((D7/$E$1)/(C7),0) -> 2.7492584 | F7: 0.014020917 | G7: 0.038547124 | H7: 0.82615465 | I7: ="("&$A7&", "&$B7&"]" -> (2, 3] | J7: 1 | K7: 0.44188226 | L7: 0.0061955945 | M7: 6195594 | N7: 0.006195594 | O7: 0.017033289
A8: 3 | B8: 4 | C8: 18463165 | D8: 6828453200 | E8: =IFERROR((D8/$E$1)/(C8),0) -> 3.6984196 | F8: 0.018463165 | G8: 0.068284532 | H8: 0.8251924 | I8: ="("&$A8&", "&$B8&"]" -> (3, 4] | J8: 1 | K8: 0.44136758 | L8: 0.0081490425 | M8: 8149042 | N8: 0.008149042 | O8: 0.030138577
A9: 4 | B9: 5 | C9: 12601097 | D9: 6055478580 | E9: =IFERROR((D9/$E$1)/(C9),0) -> 4.805517 | F9: 0.012601097 | G9: 0.060554786 | H9: 0.82654402 | I9: ="("&$A9&", "&$B9&"]" -> (4, 5] | J9: 1 | K9: 0.44209052 | L9: 0.0055708255 | M9: 5570825 | N9: 0.005570825 | O9: 0.026770694
A10: 5 | B10: 6 | C10: 12543731 | D10: 7466041340 | E10: =IFERROR((D10/$E$1)/(C10),0) -> 5.9520101 | F10: 0.012543731 | G10: 0.074660413 | H10: 0.82554807 | I10: ="("&$A10&", "&$B10&"]" -> (5, 6] | J10: 1 | K10: 0.44155782 | L10: 0.0055387825 | M10: 5538782 | N10: 0.005538782 | O10: 0.032966886
A11: 6 | B11: 7 | C11: 3159125 | D11: 2062217360 | E11: =IFERROR((D11/$E$1)/(C11),0) -> 6.5278118 | F11: 0.003159125 | G11: 0.020622174 | H11: 0.82559314 | I11: ="("&$A11&", "&$B11&"]" -> (6, 7] | J11: 1 | K11: 0.44158193 | L11: 0.0013950125 | M11: 1395012 | N11: 0.001395012 | O11: 0.0091063759
A12: 7 | B12: 8 | C12: 13147608 | D12: 10142167660 | E12: =IFERROR((D12/$E$1)/(C12),0) -> 7.7140782 | F12: 0.013147608 | G12: 0.10142168 | H12: 2.0648418 | I12: ="("&$A12&", "&$B12&"]" -> (7, 8] | J12: 1 | K12: 1.1044142 | L12: 0.014520405 | M12: 14520405 | N12: 0.014520405 | O12: 0.11201154
A13: 8 | B13: 9 | C13: 5760279 | D13: 5138867060 | E13: =IFERROR((D13/$E$1)/(C13),0) -> 8.9212121 | F13: 0.005760279 | G13: 0.051388671 | H13: 1.0274096 | I13: ="("&$A13&", "&$B13&"]" -> (8, 9] | J13: 1 | K13: 0.54952677 | L13: 0.0031654275 | M13: 3165427 | N13: 0.003165427 | O13: 0.028239446
A14: 9 | B14: 10 | C14: 7136369 | D14: 6958218440 | E14: =IFERROR((D14/$E$1)/(C14),0) -> 9.7503625 | F14: 0.007136369 | G14: 0.069582184 | H14: 1.0307881 | I14: ="("&$A14&", "&$B14&"]" -> (9, 10] | J14: 1 | K14: 0.55133381 | L14: 0.0039345215 | M14: 3934521 | N14: 0.003934521 | O14: 0.038363006
A15: 10 | B15: 15 | C15: 17909726 | D15: 22799765820 | E15: =IFERROR((D15/$E$1)/(C15),0) -> 12.730382 | F15: 0.017909726 | G15: 0.22799766 | H15: 2.0596088 | I15: ="("&$A15&", "&$B15&"]" -> (10, 15] | J15: 1 | K15: 1.1016153 | L15: 0.019729628 | M15: 19729627 | N15: 0.019729627 | O15: 0.25116569
A16: 15 | B16: 20 | C16: 11269242 | D16: 20112711300 | E16: =IFERROR((D16/$E$1)/(C16),0) -> 17.847439 | F16: 0.011269242 | G16: 0.20112711 | H16: 0.82148233 | I16: ="("&$A16&", "&$B16&"]" -> (15, 20] | J16: 1 | K16: 0.43938319 | L16: 0.0049515155 | M16: 4951515 | N16: 0.004951515 | O16: 0.088371864
... A18: 25 | B18: 30 | C18: 4327912 | D18: 12306435380 | E18: =IFERROR((D18/$E$1)/(C18),0) -> 28.435041 | F18: 0.004327912 | G18: 0.12306435 | H18: 1.0280991 | I18: ="("&$A18&", "&$B18&"]" -> (25, 30] | J18: 1 | K18: 0.54989554 | L18: 0.0023798995 | M18: 2379899 | N18: 0.002379899 | O18: 0.067672525
A19: 30 | B19: 35 | C19: 2145347 | D19: 6990216720 | E19: =IFERROR((D19/$E$1)/(C19),0) -> 32.583152 | F19: 0.002145347 | G19: 0.069902167 | I19: ="("&$A19&", "&$B19&"]" -> (30, 35] | J19: 1 | K19: 0 | L19: 0 | M19: 0 | N19: 0 | O19: 0
A20: 35 | B20: 40 | C20: 3778148 | D20: 14458614080 | E20: =IFERROR((D20/$E$1)/(C20),0) -> 38.269052 | F20: 0.003778148 | G20: 0.14458614 | I20: ="("&$A20&", "&$B20&"]" -> (35, 40] | J20: 1 | K20: 0 | L20: 0 | M20: 0 | N20: 0 | O20: 0
A21: 40 | B21: 45 | C21: 1647988 | D21: 7173008520 | E21: =IFERROR((D21/$E$1)/(C21),0) -> 43.525854 | F21: 0.001647988 | G21: 0.071730085 | I21: ="("&$A21&", "&$B21&"]" -> (40, 45] | J21: 1 | K21: 0 | L21: 0 | M21: 0 | N21: 0 | O21: 0
A22: 45 | B22: 50 | C22: 2034040 | D22: 9788723540 | E22: =IFERROR((D22/$E$1)/(C22),0) -> 48.124538 | F22: 0.00203404 | G22: 0.097887235 | I22: ="("&$A22&", "&$B22&"]" -> (45, 50] | J22: 1 | K22: 0 | L22: 0 | M22: 0 | N22: 0 | O22: 0
A23: 50 | B23: 60 | C23: 3238075 | D23: 18382953720 | E23: =IFERROR((D23/$E$1)/(C23),0) -> 56.771241 | F23: 0.003238075 | G23: 0.18382954 | I23: ="("&$A23&", "&$B23&"]" -> (50, 60] | J23: 1 | K23: 0 | L23: 0 | M23: 0 | N23: 0 | O23: 0
A24: 60 | B24: 70 | C24: 1975180 | D24: 12940084160 | E24: =IFERROR((D24/$E$1)/(C24),0) -> 65.513443 | F24: 0.00197518 | G24: 0.12940084 | I24: ="("&$A24&", "&$B24&"]" -> (60, 70] | J24: 1 | K24: 0 | L24: 0 | M24: 0 | N24: 0 | O24: 0
A25: 70 | B25: 80 | C25: 2561154 | D25: 19504057100 | E25: =IFERROR((D25/$E$1)/(C25),0) -> 76.153395 | F25: 0.002561154 | G25: 0.19504057 | I25: ="("&$A25&", "&$B25&"]" -> (70, 80] | J25: 1 | K25: 0 | L25: 0 | M25: 0 | N25: 0 | O25: 0
A26: 80 | B26: 90 | C26: 1688794 | D26: 14572354840 | E26: =IFERROR((D26/$E$1)/(C26),0) -> 86.288528 | F26: 0.001688794 | G26: 0.14572355 | I26: ="("&$A26&", "&$B26&"]" -> (80, 90] | J26: 1 | K26: 0 | L26: 0 | M26: 0 | N26: 0 | O26: 0
A27: 90 | B27: 100 | C27: 1673182 | D27: 16090695940 | E27: =IFERROR((D27/$E$1)/(C27),0) -> 96.168235 | F27: 0.001673182 | G27: 0.16090696 | I27: ="("&$A27&", "&$B27&"]" -> (90, 100] | J27: 1 | K27: 0 | L27: 0 | M27: 0 | N27: 0 | O27: 0
A28: 100 | B28: 120 | C28: 2856332 | D28: 31917444000 | E28: =IFERROR((D28/$E$1)/(C28),0) -> 111.74277 | F28: 0.002856332 | G28: 0.31917444 | I28: ="("&$A28&", "&$B28&"]" -> (100, 120] | J28: 1 | K28: 0 | L28: 0 | M28: 0 | N28: 0 | O28: 0
A29: 120 | B29: 140 | C29: 1970295 | D29: 25808802160 | E29: =IFERROR((D29/$E$1)/(C29),0) -> 130.98953 | F29: 0.001970295 | G29: 0.25808802 | I29: ="("&$A29&", "&$B29&"]" -> (120, 140] | J29: 1 | K29: 0 | L29: 0 | M29: 0 | N29: 0 | O29: 0
A30: 140 | B30: 160 | C30: 1848146 | D30: 27932335060 | E30: =IFERROR((D30/$E$1)/(C30),0) -> 151.13706 | F30: 0.001848146 | G30: 0.27932335 | I30: ="("&$A30&", "&$B30&"]" -> (140, 160] | J30: 1 | K30: 0 | L30: 0 | M30: 0 | N30: 0 | O30: 0
... A61: 100000 | B61: 999999 | C61: 0 | D61: 0 | E61: =IFERROR((D61/$E$1)/(C61),0) -> 0 | F61: 0 | G61: 0 | I61: ="("&$A61&", "&$B61&"]" -> (100000, 999999] | J61: 0 | K61: 0 | L61: 0 | M61: 0 | N61: 0 | O61: 0
O62: =SUM(O28:O55) -> 0
N63: Spin 數 | O63: 一天幾個
M64: >300 | N64: =1/SUM(N35:N55) -> #DIV/0! | O64: {=N66/N64:N65} -> #DIV/0!
M65: >1000 | N65: =1/N49 -> #DIV/0! | O65: #DIV/0!
D66: scale | E66: 150 | M66: total spin/day | N66: 3500000
A67: Extra Bet 1 | C67: (後端報表) | O67: =SUM(_xlfn.ANCHORARRAY(O69)) -> 0.88
A68: {=A3:G3} -> Lower | B68: Upper | C68: Count | D68: Pay | E68: Multi. | F68: Prob. | G68: RTP | I68: Range | J68: Fix freq | K68: Fix num | L68: Fixed Prob. | M68: Fixed Weight | N68: Real Prob. | O68: Real RTP
A69: {=A4:B61} -> -1 | B69: 0 | C69: {='Multiplier Weight'!C69:D126} -> 795217879 | D69: 0 | E69: =IFERROR((D69/$E$66)/(C69),0) -> 0 | F69: {=C69:C126/SUM(C69:C126)} -> 0.79521788 | G69: {=E69:E126*_xlfn.ANCHORARRAY(F69)} -> 0 | H69: {=A69:A126/1.5} -> -0.66666667 | I69: ="("&$A69&", "&$B69&"]" -> (-1, 0] | J69: {=IFERROR(IF(1/_xlfn.ANCHORARRAY(F69)<$J$2,1,0),0)} -> 1 | K69: 1.0987013 | L69: {=K69:K126*_xlfn.ANCHORARRAY(J69)*_xlfn.ANCHORARRAY(F69)} -> 0.87370692 | M69: {=INT(_xlfn.ANCHORARRAY(L69)*$M$2)} -> 873706924 | N69: {=_xlfn.ANCHORARRAY(M69)/SUM(_xlfn.ANCHORARRAY(M69))} -> 0.87370692 | O69: {=_xlfn.ANCHORARRAY(N69)*E69:E126} -> 0
A70: 0 | B70: 1 | C70: 4452589 | D70: 356207120 | E70: =IFERROR((D70/$E$66)/(C70),0) -> 0.53333333 | F70: 0.004452589 | G70: 0.0023747141 | H70: 0 | I70: ="("&$A70&", "&$B70&"]" -> (0, 1] | J70: 1 | K70: 2.1896442 | L70: 0.0097495855 | M70: 9749585 | N70: 0.009749585 | O70: 0.0051997787
A71: 1 | B71: 2 | C71: 12633880 | D71: 2096846880 | E71: =IFERROR((D71/$E$66)/(C71),0) -> 1.1064676 | F71: 0.01263388 | G71: 0.013978979 | H71: 0.66666667 | I71: ="("&$A71&", "&$B71&"]" -> (1, 2] | J71: 1 | K71: 1.2511715 | L71: 0.01580715 | M71: 15807150 | N71: 0.01580715 | O71: 0.0174901
A72: 2 | B72: 3 | C72: 7640731 | D72: 2135906340 | E72: =IFERROR((D72/$E$66)/(C72),0) -> 1.8636143 | F72: 0.007640731 | G72: 0.014239376 | H72: 1.3333333 | I72: ="("&$A72&", "&$B72&"]" -> (2, 3] | J72: 1 | K72: 1.4585173 | L72: 0.011144139 | M72: 11144138 | N72: 0.011144138 | O72: 0.020768375
A73: 3 | B73: 4 | C73: 14191574 | D73: 5179433520 | E73: =IFERROR((D73/$E$66)/(C73),0) -> 2.4331027 | F73: 0.014191574 | G73: 0.034529557 | H73: 2 | I73: ="("&$A73&", "&$B73&"]" -> (3, 4] | J73: 1 | K73: 0.85663475 | L73: 0.012156996 | M73: 12156995 | N73: 0.012156995 | O73: 0.029579217
A74: 4 | B74: 5 | C74: 12170676 | D74: 5868412120 | E74: =IFERROR((D74/$E$66)/(C74),0) -> 3.214509 | F74: 0.012170676 | G74: 0.039122747 | H74: 2.6666667 | I74: ="("&$A74&", "&$B74&"]" -> (4, 5] | J74: 1 | K74: 0.68280632 | L74: 0.0083102145 | M74: 8310214 | N74: 0.008310214 | O74: 0.026713258
A75: 5 | B75: 6 | C75: 12650702 | D75: 7564557540 | E75: =IFERROR((D75/$E$66)/(C75),0) -> 3.9863704 | F75: 0.012650702 | G75: 0.050430384 | H75: 3.3333333 | I75: ="("&$A75&", "&$B75&"]" -> (5, 6] | J75: 1 | K75: 0.65310775 | L75: 0.0082622715 | M75: 8262271 | N75: 0.008262271 | O75: 0.032936472
A76: 6 | B76: 7 | C76: 2824698 | D76: 1830960080 | E76: =IFERROR((D76/$E$66)/(C76),0) -> 4.3213117 | F76: 0.002824698 | G76: 0.012206401 | H76: 4 | I76: ="("&$A76&", "&$B76&"]" -> (6, 7] | J76: 1 | K76: 0.73671964 | L76: 0.0020810105 | M76: 2081010 | N76: 0.00208101 | O76: 0.0089926929
A77: 7 | B77: 8 | C77: 14142278 | D77: 10892748240 | E77: =IFERROR((D77/$E$66)/(C77),0) -> 5.1348391 | F77: 0.014142278 | G77: 0.072618322 | H77: 4.6666667 | I77: ="("&$A77&", "&$B77&"]" -> (7, 8] | J77: 1 | K77: 0.61263861 | L77: 0.0086641055 | M77: 8664105 | N77: 0.008664105 | O77: 0.044488785
A78: 8 | B78: 9 | C78: 6387851 | D78: 5707091100 | E78: =IFERROR((D78/$E$66)/(C78),0) -> 5.9561931 | F78: 0.006387851 | G78: 0.038047274 | H78: 5.3333333 | I78: ="("&$A78&", "&$B78&"]" -> (8, 9] | J78: 1 | K78: 0.59135075 | L78: 0.0037774605 | M78: 3777460 | N78: 0.00377746 | O78: 0.022499281
A79: 9 | B79: 10 | C79: 8534118 | D79: 8323686000 | E79: =IFERROR((D79/$E$66)/(C79),0) -> 6.5022818 | F79: 0.008534118 | G79: 0.05549124 | H79: 6 | I79: ="("&$A79&", "&$B79&"]" -> (9, 10] | J79: 1 | K79: 0.55017314 | L79: 0.0046952425 | M79: 4695242 | N79: 0.004695242 | O79: 0.030529787
A80: 10 | B80: 15 | C80: 21751151 | D80: 27771926600 | E80: =IFERROR((D80/$E$66)/(C80),0) -> 8.5120175 | F80: 0.021751151 | G80: 0.18514618 | H80: 6.6666667 | I80: ="("&$A80&", "&$B80&"]" -> (10, 15] | J80: 1 | K80: 0.32628786 | L80: 0.0070971365 | M80: 7097136 | N80: 0.007097136 | O80: 0.060410946
A81: 15 | B81: 20 | C81: 14189980 | D81: 25358300600 | E81: =IFERROR((D81/$E$66)/(C81),0) -> 11.913712 | F81: 0.01418998 | G81: 0.16905534 | H81: 10 | I81: ="("&$A81&", "&$B81&"]" -> (15, 20] | J81: 1 | K81: 1.2551999 | L81: 0.017811262 | M81: 17811261 | N81: 0.017811261 | O81: 0.21219824
... A126: 100000 | B126: 999999 | C126: 0 | D126: 0 | E126: =IFERROR((D126/$E$66)/(C126),0) -> 0 | F126: 0 | G126: 0 | H126: 66666.667 | I126: ="("&$A126&", "&$B126&"]" -> (100000, 999999] | J126: 0 | K126: 0 | L126: 0 | M126: 0 | N126: 0 | O126: 0
O127: =SUM(O96:O120) -> 0
N128: Spin 數 | O128: 一天幾個
M129: >300 | N129: =1/SUM(N103:N120) -> #DIV/0! | O129: {=N131/N129:N130} -> #DIV/0!
M130: >1000 | N130: =1/SUM(N115:N120) -> #DIV/0! | O130: #DIV/0!
D131: scale | E131: 800 | M131: total spin/day | N131: =N66 -> 3500000
A132: Extra Bet 2 | C132: (後端報表) | O132: =SUM(_xlfn.ANCHORARRAY(O134)) -> 0.88
A133: {=A68:G68} -> Lower | B133: Upper | C133: Count | D133: Pay | E133: Multi. | F133: Prob. | G133: RTP | I133: Range | J133: Fix freq | K133: Fix num | L133: Fixed Prob. | M133: Fixed Weight | N133: Real Prob. | O133: Real RTP
A134: {=_xlfn.ANCHORARRAY(A69)} -> -1 | B134: 0 | C134: {='Multiplier Weight'!C134:D191} -> 795198269 | D134: 0 | E134: =IFERROR((D134/$E$131)/(C134),0) -> 0 | F134: {=C134:C191/SUM(C134:C191)} -> 0.79519827 | G134: {=E134:E191*_xlfn.ANCHORARRAY(F134)} -> 0 | H134: {=A134:A168/8} -> -0.125 | I134: ="("&$A134&", "&$B134&"]" -> (-1, 0] | J134: {=IFERROR(IF(1/_xlfn.ANCHORARRAY(F134)<$J$2,1,0),0)} -> 1 | K134: 1.1036915 | L134: {=K134:K191*_xlfn.ANCHORARRAY(J134)*_xlfn.ANCHORARRAY(F134)} -> 0.8776536 | M134: {=INT(_xlfn.ANCHORARRAY(L134)*$M$2)} -> 877653596 | N134: {=_xlfn.ANCHORARRAY(M134)/SUM(_xlfn.ANCHORARRAY(M134))} -> 0.8776536 | O134: {=_xlfn.ANCHORARRAY(N134)*E134:E191} -> 0
A135: 0 | B135: 1 | C135: 0 | D135: 0 | E135: =IFERROR((D135/$E$131)/(C135),0) -> 0 | F135: 0 | G135: 0 | H135: 0 | I135: ="("&$A135&", "&$B135&"]" -> (0, 1] | J135: 0 | K135: 0 | L135: 0 | M135: 0 | N135: 0 | O135: 0
A136: 1 | B136: 2 | C136: 0 | D136: 0 | E136: =IFERROR((D136/$E$131)/(C136),0) -> 0 | F136: 0 | G136: 0 | H136: 0.125 | I136: ="("&$A136&", "&$B136&"]" -> (1, 2] | J136: 0 | K136: 0 | L136: 0 | M136: 0 | N136: 0 | O136: 0
A137: 2 | B137: 3 | C137: 0 | D137: 0 | E137: =IFERROR((D137/$E$131)/(C137),0) -> 0 | F137: 0 | G137: 0 | H137: 0.25 | I137: ="("&$A137&", "&$B137&"]" -> (2, 3] | J137: 0 | K137: 0 | L137: 0 | M137: 0 | N137: 0 | O137: 0
A138: 3 | B138: 4 | C138: 1537010 | D138: 614804000 | E138: =IFERROR((D138/$E$131)/(C138),0) -> 0.5 | F138: 0.00153701 | G138: 0.000768505 | H138: 0.375 | I138: ="("&$A138&", "&$B138&"]" -> (3, 4] | J138: 1 | K138: 0 | L138: 0 | M138: 0 | N138: 0 | O138: 0
A139: 4 | B139: 5 | C139: 0 | D139: 0 | E139: =IFERROR((D139/$E$131)/(C139),0) -> 0 | F139: 0 | G139: 0 | H139: 0.5 | I139: ="("&$A139&", "&$B139&"]" -> (4, 5] | J139: 0 | K139: 0 | L139: 0 | M139: 0 | N139: 0 | O139: 0
A140: 5 | B140: 6 | C140: 1535472 | D140: 921283200 | E140: =IFERROR((D140/$E$131)/(C140),0) -> 0.75 | F140: 0.001535472 | G140: 0.001151604 | H140: 0.625 | I140: ="("&$A140&", "&$B140&"]" -> (5, 6] | J140: 1 | K140: 0 | L140: 0 | M140: 0 | N140: 0 | O140: 0
A141: 6 | B141: 7 | C141: 0 | D141: 0 | E141: =IFERROR((D141/$E$131)/(C141),0) -> 0 | F141: 0 | G141: 0 | H141: 0.75 | I141: ="("&$A141&", "&$B141&"]" -> (6, 7] | J141: 0 | K141: 0 | L141: 0 | M141: 0 | N141: 0 | O141: 0
A142: 7 | B142: 8 | C142: 2173876 | D142: 1739100800 | E142: =IFERROR((D142/$E$131)/(C142),0) -> 1 | F142: 0.002173876 | G142: 0.002173876 | H142: 0.875 | I142: ="("&$A142&", "&$B142&"]" -> (7, 8] | J142: 1 | K142: 14.488501 | L142: 0.031496205 | M142: 31496205 | N142: 0.031496205 | O142: 0.031496205
A143: 8 | B143: 9 | C143: 0 | D143: 0 | E143: =IFERROR((D143/$E$131)/(C143),0) -> 0 | F143: 0 | G143: 0 | H143: 1 | I143: ="("&$A143&", "&$B143&"]" -> (8, 9] | J143: 0 | K143: 0 | L143: 0 | M143: 0 | N143: 0 | O143: 0
A144: 9 | B144: 10 | C144: 3268307 | D144: 3268307000 | E144: =IFERROR((D144/$E$131)/(C144),0) -> 1.25 | F144: 0.003268307 | G144: 0.0040853837 | H144: 1.125 | I144: ="("&$A144&", "&$B144&"]" -> (9, 10] | J144: 1 | K144: 1.4524573 | L144: 0.0047470765 | M144: 4747076 | N144: 0.004747076 | O144: 0.005933845
A145: 10 | B145: 15 | C145: 2634762 | D145: 3682764300 | E145: =IFERROR((D145/$E$131)/(C145),0) -> 1.7471997 | F145: 0.002634762 | G145: 0.0046034554 | H145: 1.25 | I145: ="("&$A145&", "&$B145&"]" -> (10, 15] | J145: 1 | K145: 1.4380382 | L145: 0.0037888885 | M145: 3788888 | N145: 0.003788888 | O145: 0.006619944
A146: 15 | B146: 20 | C146: 9016244 | D146: 16921585600 | E146: =IFERROR((D146/$E$131)/(C146),0) -> 2.345986 | F146: 0.009016244 | G146: 0.021151982 | H146: 1.875 | I146: ="("&$A146&", "&$B146&"]" -> (15, 20] | J146: 1 | K146: 1.4436653 | L146: 0.013016438 | M146: 13016438 | N146: 0.013016438 | O146: 0.030536381
... A168: 450 | B168: 500 | C168: 4943761 | D168: 240787337900 | E168: =IFERROR((D168/$E$131)/(C168),0) -> 60.881619 | F168: 0.004943761 | G168: 0.30098417 | H168: 56.25 | I168: ="("&$A168&", "&$B168&"]" -> (450, 500] | J168: 1 | K168: 0 | L168: 0 | M168: 0 | N168: 0 | O168: 0
A169: 500 | B169: 550 | C169: 1805371 | D169: 95003605200 | E169: =IFERROR((D169/$E$131)/(C169),0) -> 65.77845 | F169: 0.001805371 | G169: 0.11875451 | I169: ="("&$A169&", "&$B169&"]" -> (500, 550] | J169: 1 | K169: 0 | L169: 0 | M169: 0 | N169: 0 | O169: 0
A170: 550 | B170: 600 | C170: 3484162 | D170: 203829811900 | E170: =IFERROR((D170/$E$131)/(C170),0) -> 73.127273 | F170: 0.003484162 | G170: 0.25478726 | I170: ="("&$A170&", "&$B170&"]" -> (550, 600] | J170: 1 | K170: 0 | L170: 0 | M170: 0 | N170: 0 | O170: 0
A171: 600 | B171: 650 | C171: 1806937 | D171: 113897184400 | E171: =IFERROR((D171/$E$131)/(C171),0) -> 78.791613 | F171: 0.001806937 | G171: 0.14237148 | I171: ="("&$A171&", "&$B171&"]" -> (600, 650] | J171: 1 | K171: 0 | L171: 0 | M171: 0 | N171: 0 | O171: 0
A172: 650 | B172: 700 | C172: 1739433 | D172: 118149569000 | E172: =IFERROR((D172/$E$131)/(C172),0) -> 84.905231 | F172: 0.001739433 | G172: 0.14768696 | I172: ="("&$A172&", "&$B172&"]" -> (650, 700] | J172: 1 | K172: 0 | L172: 0 | M172: 0 | N172: 0 | O172: 0
A173: 700 | B173: 750 | C173: 1613476 | D173: 117206766500 | E173: =IFERROR((D173/$E$131)/(C173),0) -> 90.802998 | F173: 0.001613476 | G173: 0.14650846 | I173: ="("&$A173&", "&$B173&"]" -> (700, 750] | J173: 1 | K173: 0 | L173: 0 | M173: 0 | N173: 0 | O173: 0
A174: 750 | B174: 800 | C174: 4037756 | D174: 319977787400 | E174: =IFERROR((D174/$E$131)/(C174),0) -> 99.05805 | F174: 0.004037756 | G174: 0.39997223 | I174: ="("&$A174&", "&$B174&"]" -> (750, 800] | J174: 1 | K174: 0 | L174: 0 | M174: 0 | N174: 0 | O174: 0
A175: 800 | B175: 850 | C175: 1073590 | D175: 88882963800 | E175: =IFERROR((D175/$E$131)/(C175),0) -> 103.48802 | F175: 0.00107359 | G175: 0.1111037 | I175: ="("&$A175&", "&$B175&"]" -> (800, 850] | J175: 1 | K175: 0 | L175: 0 | M175: 0 | N175: 0 | O175: 0
A176: 850 | B176: 900 | C176: 1404569 | D176: 123880308000 | E176: =IFERROR((D176/$E$131)/(C176),0) -> 110.24762 | F176: 0.001404569 | G176: 0.15485039 | I176: ="("&$A176&", "&$B176&"]" -> (850, 900] | J176: 1 | K176: 0 | L176: 0 | M176: 0 | N176: 0 | O176: 0
A177: 900 | B177: 950 | C177: 932958 | D177: 86554923000 | E177: =IFERROR((D177/$E$131)/(C177),0) -> 115.96841 | F177: 0.000932958 | G177: 0.10819365 | I177: ="("&$A177&", "&$B177&"]" -> (900, 950] | J177: 1 | K177: 0 | L177: 0 | M177: 0 | N177: 0 | O177: 0
A178: 950 | B178: 1000 | C178: 3382931 | D178: 335662253800 | E178: =IFERROR((D178/$E$131)/(C178),0) -> 124.0279 | F178: 0.003382931 | G178: 0.41957782 | I178: ="("&$A178&", "&$B178&"]" -> (950, 1000] | J178: 1 | K178: 0 | L178: 0 | M178: 0 | N178: 0 | O178: 0
A179: 1000 | B179: 2000 | C179: 19711760 | D179: 2928553346700 | E179: =IFERROR((D179/$E$131)/(C179),0) -> 185.71105 | F179: 0.01971176 | G179: 3.6606917 | I179: ="("&$A179&", "&$B179&"]" -> (1000, 2000] | J179: 1 | K179: 0 | L179: 0 | M179: 0 | N179: 0 | O179: 0
A180: 2000 | B180: 3000 | C180: 8484953 | D180: 2130326733300 | E180: =IFERROR((D180/$E$131)/(C180),0) -> 313.83891 | F180: 0.008484953 | G180: 2.6629084 | I180: ="("&$A180&", "&$B180&"]" -> (2000, 3000] | J180: 1 | K180: 0 | L180: 0 | M180: 0 | N180: 0 | O180: 0
... A191: 100000 | B191: 999999 | C191: 13 | D191: 136044800 | E191: =IFERROR((D191/$E$131)/(C191),0) -> 13081.231 | F191: 1.3e-08 | G191: 0.000170056 | I191: ="("&$A191&", "&$B191&"]" -> (100000, 999999] | J191: 0 | K191: 0 | L191: 0 | M191: 0 | N191: 0 | O191: 0
O192: =SUM(O175:O185) -> 0
N193: Spin 數 | O193: 一天幾個
M194: >300 | N194: =1/SUM(N181:N185) -> #DIV/0! | O194: {=N196/N194:N195} -> #DIV/0!
M195: >1000 | N195: =1/SUM(N192) -> #DIV/0! | O195: #DIV/0!
D196: scale | E196: 250 | M196: total spin/day | N196: =N131 -> 3500000
A197: Super Feature Buy | J197: 3000 | O197: =SUM(_xlfn.ANCHORARRAY(O199)) -> 0.88
A198: {=A133:G133} -> Lower | B198: Upper | C198: Count | D198: Pay | E198: Multi. | F198: Prob. | G198: RTP | I198: Range | J198: Fix freq | K198: Fix num | L198: Fixed Prob. | M198: Fixed Weight | N198: Real Prob. | O198: Real RTP
A199: {=_xlfn.ANCHORARRAY(A134)} -> -1 | B199: 0 | C199: {='Multiplier Weight'!C199:D256} -> 15110792 | D199: 0 | E199: =IFERROR((D199/$E$196)/(C199),0) -> 0 | F199: {=C199:C256/SUM(C199:C256)} -> 0.015110792 | G199: {=E199:E256*_xlfn.ANCHORARRAY(F199)} -> 0 | H199: {=A199:A256/E196} -> -0.004 | I199: ="("&$A199&", "&$B199&"]" -> (-1, 0] | J199: {=IFERROR(IF(1/_xlfn.ANCHORARRAY(F199)<$J$197,1,0),0)} -> 1 | K199: 0 | L199: {=K199:K256*_xlfn.ANCHORARRAY(J199)*_xlfn.ANCHORARRAY(F199)} -> 0 | M199: {=INT(_xlfn.ANCHORARRAY(L199)*$M$2)} -> 0 | N199: {=_xlfn.ANCHORARRAY(M199)/SUM(_xlfn.ANCHORARRAY(M199))} -> 0 | O199: {=_xlfn.ANCHORARRAY(N199)*E199:E256} -> 0
A200: 0 | B200: 1 | C200: 402891 | D200: 322312.8 | E200: =IFERROR((D200/$E$196)/(C200),0) -> 0.0032 | F200: 0.000402891 | G200: 1.2892512e-06 | H200: 0 | I200: ="("&$A200&", "&$B200&"]" -> (0, 1] | J200: 1 | K200: 0 | L200: 0 | M200: 0 | N200: 0 | O200: 0
A201: 1 | B201: 2 | C201: 1666895 | D201: 2885989.2 | E201: =IFERROR((D201/$E$196)/(C201),0) -> 0.0069254253 | F201: 0.001666895 | G201: 1.1543957e-05 | H201: 0.004 | I201: ="("&$A201&", "&$B201&"]" -> (1, 2] | J201: 1 | K201: 0 | L201: 0 | M201: 0 | N201: 0 | O201: 0
A202: 2 | B202: 3 | C202: 811562 | D202: 2276998.6 | E202: =IFERROR((D202/$E$196)/(C202),0) -> 0.011222796 | F202: 0.000811562 | G202: 9.1079944e-06 | H202: 0.008 | I202: ="("&$A202&", "&$B202&"]" -> (2, 3] | J202: 1 | K202: 0 | L202: 0 | M202: 0 | N202: 0 | O202: 0
A203: 3 | B203: 4 | C203: 1927195 | D203: 7238136.8 | E203: =IFERROR((D203/$E$196)/(C203),0) -> 0.015023154 | F203: 0.001927195 | G203: 2.8952547e-05 | H203: 0.012 | I203: ="("&$A203&", "&$B203&"]" -> (3, 4] | J203: 1 | K203: 0 | L203: 0 | M203: 0 | N203: 0 | O203: 0
A204: 4 | B204: 5 | C204: 1832630 | D204: 8902385 | E204: =IFERROR((D204/$E$196)/(C204),0) -> 0.01943084 | F204: 0.00183263 | G204: 3.560954e-05 | H204: 0.016 | I204: ="("&$A204&", "&$B204&"]" -> (4, 5] | J204: 1 | K204: 0 | L204: 0 | M204: 0 | N204: 0 | O204: 0
A205: 5 | B205: 6 | C205: 2016840 | D205: 11978442 | E205: =IFERROR((D205/$E$196)/(C205),0) -> 0.023756851 | F205: 0.00201684 | G205: 4.7913766e-05 | H205: 0.02 | I205: ="("&$A205&", "&$B205&"]" -> (5, 6] | J205: 1 | K205: 0 | L205: 0 | M205: 0 | N205: 0 | O205: 0
A206: 6 | B206: 7 | C206: 467346 | D206: 3080156.4 | E206: =IFERROR((D206/$E$196)/(C206),0) -> 0.026362964 | F206: 0.000467346 | G206: 1.2320626e-05 | H206: 0.024 | I206: ="("&$A206&", "&$B206&"]" -> (6, 7] | J206: 1 | K206: 0 | L206: 0 | M206: 0 | N206: 0 | O206: 0
...

Sheet OP Jackpot
B4: Bet Type | C4: SCR | D4: Source Report
B5: NB_Newbie | C5: 1885411900 | D5: H020192A_02020000_2610200354_betmode0_108_8807_newbie.xlsx｜Newbie 獨立值
B6: NB | C6: 1867514800 | D6: H020192A_02020000_2610200441_betmode0_108_8693_oldhand.xlsx｜Oldhand
B7: EB1_Newbie | C7: 2401322900 | D7: H020192A_02020000_2610200356_betmode1_108_8810_newbie.xlsx｜Newbie 獨立值
B8: EB1 | C8: 2427009600 | D8: H020192A_02020000_2610200442_betmode1_108_8701_oldhand.xlsx｜Oldhand
B9: EB2_Newbie | C9: 2718761700 | D9: H020192A_02020000_2610200359_betmode2_108_8802_newbie.xlsx｜Newbie 獨立值
B10: EB2 | C10: 2658855200 | D10: H020192A_02020000_2610200445_betmode2_108_8686_oldhand.xlsx｜Oldhand
B11: SF_Newbie | C11: 18021846400 | D11: H020192A_02020000_2610200423_betmode3_108_8801_newbie.xlsx｜Newbie 獨立值
B12: SF | C12: 18023844300 | D12: H020192A_02020000_2610200353_betmode3_108_8799_oldhand.xlsx｜Oldhand

Sheet Multiplier Weight (bet100)
A1: Normal Game | C1: (後端報表) | D1: scale | E1: 100 | O1: Total RTP | P1: Target | Q1: Error
C2: Simulator | I2: Fixed Game | J2: 3000 | M2: =10^9 -> 1000000000 | O2: =SUM(_xlfn.ANCHORARRAY(O4)) -> 0.92000001 | P2: 0.92 | Q2: =P2-O2 -> -1.4911549e-08
A3: Lower | B3: Upper | C3: Count | D3: Pay | E3: Multi. | F3: Prob. | G3: RTP | I3: Range | J3: Fix freq | K3: Fix num | L3: Fixed Prob. | M3: Fixed Weight | N3: Real Prob. | O3: Real RTP | P3: =SUM(_xlfn.ANCHORARRAY(Q4)) -> 0.96565564 | R3: =1-SUM(_xlfn.ANCHORARRAY(R4)) -> 0.047279424 | W3: 參考修正值 | Y3: 180 | Z3: 200 | AB3: {=_xlfn._xlws.SORT(_xlfn.UNIQUE(Y3:Y153))} -> 30 | AC3: {=COUNTIF(Y3:Y153,_xlfn.ANCHORARRAY(AB3))} -> 1 | AD3: {=_xlfn.ANCHORARRAY(AC3)/10000000} -> 1e-07 | AF3: BaseGame 00 | AG3: 79527545
A4: -1 | B4: 0 | C4: 79527545 | D4: 0 | E4: =IFERROR((D4/$E$1)/(C4),0) -> 0 | F4: {=C4:C61/SUM(C4:C61)} -> 0.79527545 | G4: {=E4:E61*_xlfn.ANCHORARRAY(F4)} -> 0 | I4: ="("&$A4&", "&$B4&"]" -> (-1, 0] | J4: {=IFERROR(IF(1/_xlfn.ANCHORARRAY(F4)<$J$2,1,0),0)} -> 1 | K4: 1.1139704 | L4: {=K4:K61*_xlfn.ANCHORARRAY(J4)*_xlfn.ANCHORARRAY(F4)} -> 0.88591331 | M4: {=INT(_xlfn.ANCHORARRAY(L4)*$M$2)} -> 885913313 | N4: {=_xlfn.ANCHORARRAY(M4)/SUM(_xlfn.ANCHORARRAY(M4))} -> 0.88596776 | O4: {=_xlfn.ANCHORARRAY(N4)*E4:E61} -> 0 | P4: 0.88031431 | Q4: {=P4:P55*E4:E55} -> 0 | R4: {=P2*P4:P55/P3} -> 0.83869356 | S4: =R4+R3 -> 0.88597298 | T4: {=S4:S55/_xlfn.ANCHORARRAY(F4)} -> 1.1140454 | W4: 1.0286652 | Y4: 45 | Z4: 50 | AB4: 40 | AC4: 3 | AD4: 3e-07 | AF4: BaseGame 0x | AG4: 1221030 | AH4: Pay | AI4: 91661240 | AJ4: 1C1 | AK4: null | AL4: 2C1 | AM4: null | AN4: 3C1 | AO4: null | AP4: 4C1 | AQ4: null | AR4: 5C1 | AS4: null
A5: 0 | B5: 1 | C5: 1221030 | D5: 91661240 | E5: =IFERROR((D5/$E$1)/(C5),0) -> 0.75068786 | F5: 0.0122103 | G5: 0.009166124 | I5: ="("&$A5&", "&$B5&"]" -> (0, 1] | J5: 1 | K5: 0.9635 | L5: 0.011764624 | M5: 11764624 | N5: 0.011765347 | O5: 0.0088321032 | P5: 0.012357339 | Q5: 0.0092765043 | R5: 0.011773091 | S5: {=R5:R55} -> 0.011773091 | T5: 0.96419343 | W5: 1.0484973 | Y5: 160 | Z5: 180 | AB5: 45 | AC5: 2 | AD5: 2e-07 | AF5: BaseGame 1x | AG5: 1983581 | AH5: Pay | AI5: 340592420 | AJ5: 1C1 | AK5: null | AL5: 2C1 | AM5: null | AN5: 3C1 | AO5: null | AP5: 4C1 | AQ5: null | AR5: 5C1 | AS5: null
A6: 1 | B6: 2 | C6: 1983581 | D6: 340592420 | E6: =IFERROR((D6/$E$1)/(C6),0) -> 1.7170583 | F6: 0.01983581 | G6: 0.034059242 | I6: ="("&$A6&", "&$B6&"]" -> (1, 2] | J6: 1 | K6: 0.82506116 | L6: 0.016365756 | M6: 16365756 | N6: 0.016366762 | O6: 0.028102684 | P6: 0.017178728 | Q6: 0.029496878 | R6: 0.016366528 | S6: 0.016366528 | T6: 0.82510005 | W6: 0.87200957 | Y6: 160 | Z6: 180 | AB6: 60 | AC6: 5 | AD6: 5e-07 | AF6: BaseGame 2x | AG6: 1400402 | AH6: Pay | AI6: 385097500 | AJ6: 1C1 | AK6: null | AL6: 2C1 | AM6: null | AN6: 3C1 | AO6: null | AP6: 4C1 | AQ6: null | AR6: 5C1 | AS6: null
A7: 2 | B7: 3 | C7: 1400402 | D7: 385097500 | E7: =IFERROR((D7/$E$1)/(C7),0) -> 2.7499068 | F7: 0.01400402 | G7: 0.03850975 | I7: ="("&$A7&", "&$B7&"]" -> (2, 3] | J7: 1 | K7: 0.83004214 | L7: 0.011623927 | M7: 11623926 | N7: 0.01162464 | O7: 0.031966678 | P7: 0.012210325 | Q7: 0.033577256 | R7: 0.011633028 | S7: 0.011633028 | T7: 0.83069203 | W7: 0.93129385 | Y7: 120 | Z7: 140 | AB7: 80 | AC7: 10 | AD7: 1e-06 | AF7: BaseGame 3x | AG7: 1843384 | AH7: Pay | AI7: 681736680 | AJ7: 1C1 | AK7: null | AL7: 2C1 | AM7: null | AN7: 3C1 | AO7: null | AP7: 4C1 | AQ7: null | AR7: 5C1 | AS7: null
A8: 3 | B8: 4 | C8: 1843384 | D8: 681736680 | E8: =IFERROR((D8/$E$1)/(C8),0) -> 3.698289 | F8: 0.01843384 | G8: 0.068173668 | I8: ="("&$A8&", "&$B8&"]" -> (3, 4] | J8: 1 | K8: 0.67088783 | L8: 0.012367039 | M8: 12367038 | N8: 0.012367798 | O8: 0.045739692 | P8: 0.012996256 | Q8: 0.048063909 | R8: 0.0123818 | S8: 0.0123818 | T8: 0.6716886 | W8: 0.76505623 | Y8: 80 | Z8: 90 | AB8: 90 | AC8: 6 | AD8: 6e-07 | AF8: BaseGame 4x | AG8: 1261039 | AH8: Pay | AI8: 605977340 | AJ8: 1C1 | AK8: null | AL8: 2C1 | AM8: null | AN8: 3C1 | AO8: null | AP8: 4C1 | AQ8: null | AR8: 5C1 | AS8: null
A9: 4 | B9: 5 | C9: 1261039 | D9: 605977340 | E9: =IFERROR((D9/$E$1)/(C9),0) -> 4.8053814 | F9: 0.01261039 | G9: 0.060597734 | I9: ="("&$A9&", "&$B9&"]" -> (4, 5] | J9: 1 | K9: 0.80057166 | L9: 0.010095521 | M9: 10095520 | N9: 0.01009614 | O9: 0.048515806 | P9: 0.010587974 | Q9: 0.050879254 | R9: 0.010087381 | S9: 0.010087381 | T9: 0.79992616 | W9: 0.97221486 | Y9: 120 | Z9: 140 | AB9: 120 | AC9: 9 | AD9: 9e-07 | AF9: BaseGame 5x | AG9: 1254493 | AH9: Pay | AI9: 746676720 | AJ9: 1C1 | AK9: null | AL9: 2C1 | AM9: null | AN9: 3C1 | AO9: null | AP9: 4C1 | AQ9: null | AR9: 5C1 | AS9: null
A10: 5 | B10: 6 | C10: 1254493 | D10: 746676720 | E10: =IFERROR((D10/$E$1)/(C10),0) -> 5.9520198 | F10: 0.01254493 | G10: 0.074667672 | I10: ="("&$A10&", "&$B10&"]" -> (5, 6] | J10: 1 | K10: 0.642802 | L10: 0.0080639061 | M10: 8063906 | N10: 0.0080644016 | O10: 0.047999478 | P10: 0.0083771962 | Q10: 0.049861238 | R10: 0.0079811272 | S10: 0.0079811272 | T10: 0.63620341 | W10: 0.7310748 | Y10: 60 | Z10: 70 | AB10: 140 | AC10: 6 | AD10: 6e-07 | AF10: BaseGame 6x | AG10: 316037 | AH10: Pay | AI10: 206311540 | AJ10: 1C1 | AK10: null | AL10: 2C1 | AM10: null | AN10: 3C1 | AO10: null | AP10: 4C1 | AQ10: null | AR10: 5C1 | AS10: null
A11: 6 | B11: 7 | C11: 316037 | D11: 206311540 | E11: =IFERROR((D11/$E$1)/(C11),0) -> 6.5280818 | F11: 0.00316037 | G11: 0.020631154 | I11: ="("&$A11&", "&$B11&"]" -> (6, 7] | J11: 1 | K11: 0.62019473 | L11: 0.0019600448 | M11: 1960044 | N11: 0.0019601645 | O11: 0.012796114 | P11: 0.0021346722 | Q11: 0.013935315 | R11: 0.0020337461 | S11: 0.0020337461 | T11: 0.6435152 | W11: 0.92193727 | Y11: 120 | Z11: 140 | AB11: 160 | AC11: 6 | AD11: 6e-07 | AF11: BaseGame 7x | AG11: 1316405 | AH11: Pay | AI11: 1015442580 | AJ11: 1C1 | AK11: null | AL11: 2C1 | AM11: null | AN11: 3C1 | AO11: null | AP11: 4C1 | AQ11: null | AR11: 5C1 | AS11: null
A12: 7 | B12: 8 | C12: 1316405 | D12: 1015442580 | E12: =IFERROR((D12/$E$1)/(C12),0) -> 7.7137551 | F12: 0.01316405 | G12: 0.10154426 | I12: ="("&$A12&", "&$B12&"]" -> (7, 8] | J12: 1 | K12: 0.6396 | L12: 0.0084197264 | M12: 8419726 | N12: 0.0084202435 | O12: 0.064951696 | P12: 0.0088375429 | Q12: 0.068170642 | R12: 0.008419709 | S12: 0.008419709 | T12: 0.63959868 | W12: 0.83718336 | Y12: 90 | Z12: 100 | AB12: 180 | AC12: 1 | AD12: 1e-07 | AF12: BaseGame 8x | AG12: 574169 | AH12: Pay | AI12: 512208280 | AJ12: 1C1 | AK12: null | AL12: 2C1 | AM12: null | AN12: 3C1 | AO12: null | AP12: 4C1 | AQ12: null | AR12: 5C1 | AS12: null
A13: 8 | B13: 9 | C13: 574169 | D13: 512208280 | E13: =IFERROR((D13/$E$1)/(C13),0) -> 8.9208627 | F13: 0.00574169 | G13: 0.051220828 | I13: ="("&$A13&", "&$B13&"]" -> (8, 9] | J13: 1 | K13: 0.53678188 | L13: 0.0030820351 | M13: 3082035 | N13: 0.0030822244 | O13: 0.027496101 | P13: 0.0032443305 | Q13: 0.028942227 | R13: 0.0030909404 | S13: 0.0030909404 | T13: 0.53833286 | W13: 0.73011297 | Y13: 90 | Z13: 100 | AB13: 200 | AC13: 4 | AD13: 4e-07 | AF13: BaseGame 9x | AG13: 713840 | AH13: Pay | AI13: 696013360 | AJ13: 1C1 | AK13: null | AL13: 2C1 | AM13: null | AN13: 3C1 | AO13: null | AP13: 4C1 | AQ13: null | AR13: 5C1 | AS13: null
A14: 9 | B14: 10 | C14: 713840 | D14: 696013360 | E14: =IFERROR((D14/$E$1)/(C14),0) -> 9.7502712 | F14: 0.0071384 | G14: 0.069601336 | I14: ="("&$A14&", "&$B14&"]" -> (9, 10] | J14: 1 | K14: 0.86878799 | L14: 0.0062017562 | M14: 6201756 | N14: 0.0062021372 | O14: 0.060472519 | P14: 0.0064938585 | Q14: 0.063316881 | R14: 0.0061868326 | S14: 0.0061868326 | T14: 0.86669738 | W14: 1.0527638 | Y14: 80 | Z14: 90 | AB14: 0 | AC14: 0 | AD14: 0 | AF14: BaseGame 10x | AG14: 1791031 | AH14: Pay | AI14: 2280142320 | AJ14: 1C1 | AK14: null | AL14: 2C1 | AM14: null | AN14: 3C1 | AO14: null | AP14: 4C1 | AQ14: null | AR14: 5C1 | AS14: null
A15: 10 | B15: 15 | C15: 1791031 | D15: 2280142320 | E15: =IFERROR((D15/$E$1)/(C15),0) -> 12.730893 | F15: 0.01791031 | G15: 0.22801423 | I15: ="("&$A15&", "&$B15&"]" -> (10, 15] | J15: 1 | K15: 0.5519581 | L15: 0.0098857407 | M15: 9885740 | N15: 0.0098863476 | O15: 0.12586203 | P15: 0.010357801 | Q15: 0.13186405 | R15: 0.0098680899 | S15: 0.0098680899 | T15: 0.55097259 | W15: 0.81707965 | Y15: 40 | Z15: 45 | AF15: BaseGame 15x | AG15: 1124732 | AH15: Pay | AI15: 2007398080 | AJ15: 1C1 | AK15: null | AL15: 2C1 | AM15: null | AN15: 3C1 | AO15: null | AP15: 4C1 | AQ15: null | AR15: 5C1 | AS15: null
A16: 15 | B16: 20 | C16: 1124732 | D16: 2007398080 | E16: =IFERROR((D16/$E$1)/(C16),0) -> 17.84779 | F16: 0.01124732 | G16: 0.20073981 | I16: ="("&$A16&", "&$B16&"]" -> (15, 20] | J16: 1 | K16: 0.52230015 | L16: 0.0058744769 | M16: 5874476 | N16: 0.005874837 | O16: 0.10485286 | P16: 0.006169017 | Q16: 0.11010332 | R16: 0.0058773495 | S16: 0.0058773495 | T16: 0.52255555 | W16: 0.79998561 | Y16: 80 | Z16: 90 | AF16: BaseGame 20x | AG16: 621987 | AH16: Pay | AI16: 1445763680 | AJ16: 1C1 | AK16: null | AL16: 2C1 | AM16: null | AN16: 3C1 | AO16: null | AP16: 4C1 | AQ16: null | AR16: 5C1 | AS16: null
A17: 20 | B17: 25 | C17: 621987 | D17: 1445763680 | E17: =IFERROR((D17/$E$1)/(C17),0) -> 23.244275 | F17: 0.00621987 | G17: 0.14457637 | I17: ="("&$A17&", "&$B17&"]" -> (20, 25] | J17: 1 | K17: 0.39618481 | L17: 0.002464218 | M17: 2464217 | N17: 0.0024643685 | O17: 0.057282458 | P17: 0.002581654 | Q17: 0.060008675 | R17: 0.0024595949 | S17: 0.0024595949 | T17: 0.39544153 | W17: 0.68578908 | Y17: 80 | Z17: 90 | AF17: BaseGame 25x | AG17: 433005 | AH17: Pay | AI17: 1231300120 | AJ17: 1C1 | AK17: null | AL17: 2C1 | AM17: null | AN17: 3C1 | AO17: null | AP17: 4C1 | AQ17: null | AR17: 5C1 | AS17: null
A18: 25 | B18: 30 | C18: 433005 | D18: 1231300120 | E18: =IFERROR((D18/$E$1)/(C18),0) -> 28.436164 | F18: 0.00433005 | G18: 0.12313001 | I18: ="("&$A18&", "&$B18&"]" -> (25, 30] | J18: 1 | K18: 0.49356602 | L18: 0.0021371655 | M18: 2137165 | N18: 0.0021372963 | O18: 0.06077651 | P18: 0.0022505014 | Q18: 0.063995626 | R18: 0.002144099 | S18: 0.002144099 | T18: 0.49516725 | W18: 0.98311644 | Y18: 90 | Z18: 100 | AF18: BaseGame 30x | AG18: 214207 | AH18: Pay | AI18: 697834840 | AJ18: 1C1 | AK18: null | AL18: 2C1 | AM18: null | AN18: 3C1 | AO18: null | AP18: 4C1 | AQ18: null | AR18: 5C1 | AS18: null
A19: 30 | B19: 35 | C19: 214207 | D19: 697834840 | E19: =IFERROR((D19/$E$1)/(C19),0) -> 32.577593 | F19: 0.00214207 | G19: 0.069783484 | I19: ="("&$A19&", "&$B19&"]" -> (30, 35] | J19: 1 | K19: 0.19071755 | L19: 0.00040853033 | M19: 408530 | N19: 0.00040855511 | O19: 0.013309742 | P19: 0.00042879068 | Q19: 0.013968968 | R19: 0.0004085177 | S19: 0.0004085177 | T19: 0.19071165 | W19: 0.49864521 | Y19: 60 | Z19: 70 | AF19: BaseGame 35x | AG19: 376411 | AH19: Pay | AI19: 1440717120 | AJ19: 1C1 | AK19: null | AL19: 2C1 | AM19: null | AN19: 3C1 | AO19: null | AP19: 4C1 | AQ19: null | AR19: 5C1 | AS19: null
A20: 35 | B20: 40 | C20: 376411 | D20: 1440717120 | E20: =IFERROR((D20/$E$1)/(C20),0) -> 38.275107 | F20: 0.00376411 | G20: 0.14407171 | I20: ="("&$A20&", "&$B20&"]" -> (35, 40] | J20: 1 | K20: 0.25334743 | L20: 0.00095362761 | M20: 953627 | N20: 0.00095368561 | O20: 0.036502418 | P20: 0.0010049665 | Q20: 0.038465202 | R20: 0.00095745231 | S20: 0.00095745231 | T20: 0.25436353 | W20: 0.49441416 | Y20: 80 | Z20: 90 | AF20: BaseGame 40x | AG20: 165201 | AH20: Pay | AI20: 718988620 | AJ20: 1C1 | AK20: null | AL20: 2C1 | AM20: null | AN20: 3C1 | AO20: null | AP20: 4C1 | AQ20: null | AR20: 5C1 | AS20: null
A21: 40 | B21: 45 | C21: 165201 | D21: 718988620 | E21: =IFERROR((D21/$E$1)/(C21),0) -> 43.52205 | F21: 0.00165201 | G21: 0.071898862 | I21: ="("&$A21&", "&$B21&"]" -> (40, 45] | J21: 1 | K21: 0.13411575 | L21: 0.00022156057 | M21: 221560 | N21: 0.00022157362 | O21: 0.0096433381 | P21: 0.00023202959 | Q21: 0.010098403 | R21: 0.00022105936 | S21: 0.00022105936 | T21: 0.13381236 | W21: 0.41782936 | Y21: 140 | Z21: 160 | AF21: BaseGame 45x | AG21: 203218 | AH21: Pay | AI21: 977981300 | AJ21: 1C1 | AK21: null | AL21: 2C1 | AM21: null | AN21: 3C1 | AO21: null | AP21: 4C1 | AQ21: null | AR21: 5C1 | AS21: null
A22: 45 | B22: 50 | C22: 203218 | D22: 977981300 | E22: =IFERROR((D22/$E$1)/(C22),0) -> 48.124738 | F22: 0.00203218 | G22: 0.09779813 | I22: ="("&$A22&", "&$B22&"]" -> (45, 50] | J22: 1 | K22: 0.54523347 | L22: 0.0011080125 | M22: 1108012 | N22: 0.0011080801 | O22: 0.053326064 | P22: 0.0011646029 | Q22: 0.05604621 | R22: 0.0011095411 | S22: 0.0011095411 | T22: 0.54598566 | W22: 1.4185856 | Y22: 80 | Z22: 90 | AF22: BaseGame 50x | AG22: 324269 | AH22: Pay | AI22: 1840796800 | AJ22: 1C1 | AK22: null | AL22: 2C1 | AM22: null | AN22: 3C1 | AO22: null | AP22: 4C1 | AQ22: null | AR22: 5C1 | AS22: null
A23: 50 | B23: 60 | C23: 324269 | D23: 1840796800 | E23: =IFERROR((D23/$E$1)/(C23),0) -> 56.767585 | F23: 0.00324269 | G23: 0.18407968 | I23: ="("&$A23&", "&$B23&"]" -> (50, 60] | J23: 1 | K23: 0.1332857 | L23: 0.0004322042 | M23: 432204 | N23: 0.00043223056 | O23: 0.024536685 | P23: 0.00045292175 | Q23: 0.025711274 | R23: 0.00043150787 | S23: 0.00043150787 | T23: 0.13307096 | W23: 0.42154538 | Y23: 140 | Z23: 160 | AF23: BaseGame 60x | AG23: 197124 | AH23: Pay | AI23: 1291443040 | AJ23: 1C1 | AK23: null | AL23: 2C1 | AM23: null | AN23: 3C1 | AO23: null | AP23: 4C1 | AQ23: null | AR23: 5C1 | AS23: null
A24: 60 | B24: 70 | C24: 197124 | D24: 1291443040 | E24: =IFERROR((D24/$E$1)/(C24),0) -> 65.514247 | F24: 0.00197124 | G24: 0.1291443 | I24: ="("&$A24&", "&$B24&"]" -> (60, 70] | J24: 1 | K24: 0.022550304 | L24: 4.4452061e-05 | M24: 44452 | N24: 4.4454732e-05 | O24: 0.0029124183 | P24: 4.6777165e-05 | Q24: 0.0030645707 | R24: 4.4565567e-05 | S24: 4.4565567e-05 | T24: 0.022607885 | W24: 0.12078965 | Y24: 160 | Z24: 180 | AF24: BaseGame 70x | AG24: 255967 | AH24: Pay | AI24: 1949434600 | AJ24: 1C1 | AK24: null | AL24: 2C1 | AM24: null | AN24: 3C1 | AO24: null | AP24: 4C1 | AQ24: null | AR24: 5C1 | AS24: null
A25: 70 | B25: 80 | C25: 255967 | D25: 1949434600 | E25: =IFERROR((D25/$E$1)/(C25),0) -> 76.159607 | F25: 0.00255967 | G25: 0.19494346 | I25: ="("&$A25&", "&$B25&"]" -> (70, 80] | J25: 1 | K25: 0.074473896 | L25: 0.0001906286 | M25: 190628 | N25: 0.00019063972 | O25: 0.014519046 | P25: 0.00020010232 | Q25: 0.015239714 | R25: 0.00019064159 | S25: 0.00019064159 | T25: 0.074478973 | W25: 0.2628356 | Y25: 30 | Z25: 35 | AF25: BaseGame 80x | AG25: 168742 | AH25: Pay | AI25: 1456119240 | AJ25: 1C1 | AK25: null | AL25: 2C1 | AM25: null | AN25: 3C1 | AO25: null | AP25: 4C1 | AQ25: null | AR25: 5C1 | AS25: null
A26: 80 | B26: 90 | C26: 168742 | D26: 1456119240 | E26: =IFERROR((D26/$E$1)/(C26),0) -> 86.292638 | F26: 0.00168742 | G26: 0.14561192 | I26: ="("&$A26&", "&$B26&"]" -> (80, 90] | J26: 1 | K26: 0.043483755 | L26: 7.3375358e-05 | M26: 73375 | N26: 7.337951e-05 | O26: 0.0063321115 | P26: 7.7219447e-05 | Q26: 0.0066634698 | R26: 7.3568556e-05 | S26: 7.3568556e-05 | T26: 0.043598248 | W26: 0.22967491 | Y26: 80 | Z26: 90 | AF26: BaseGame 90x | AG26: 167385 | AH26: Pay | AI26: 1609603760 | AJ26: 1C1 | AK26: null | AL26: 2C1 | AM26: null | AN26: 3C1 | AO26: null | AP26: 4C1 | AQ26: null | AR26: 5C1 | AS26: null
... A35: 300 | B35: 350 | C35: 120231 | D35: 3902840620 | E35: =IFERROR((D35/$E$1)/(C35),0) -> 324.61184 | F35: 0.00120231 | G35: 0.39028406 | I35: ="("&$A35&", "&$B35&"]" -> (300, 350] | J35: 1 | K35: 0.00029534337 | L35: 3.5509428e-07 | M35: 355 | N35: 3.5502182e-07 | O35: 0.00011524429 | P35: 3.7124734e-07 | Q35: 0.00012051128 | R35: 3.5369498e-07 | S35: 3.5369498e-07 | T35: 0.00029417952 | W35: 0.0034030453 | Y35: 60 | Z35: 70 | AF35: BaseGame 350x | AG35: 101299 | AH35: Pay | AI35: 3810751320 | AJ35: 1C1 | AK35: null | AL35: 2C1 | AM35: null | AN35: 3C1 | AO35: null | AP35: 4C1 | AQ35: null | AR35: 5C1 | AS35: null
A36: 350 | B36: 400 | C36: 101299 | D36: 3810751320 | E36: =IFERROR((D36/$E$1)/(C36),0) -> 376.18844 | F36: 0.00101299 | G36: 0.38107513 | I36: ="("&$A36&", "&$B36&"]" -> (350, 400] | J36: 1 | K36: 0 | L36: 0 | M36: 0 | N36: 0 | O36: 0 | P36: 0 | Q36: 0 | R36: 0 | S36: 0 | T36: 0 | Y36: 120 | Z36: 140 | AF36: BaseGame 400x | AG36: 76969 | AH36: Pay | AI36: 3273311860 | AJ36: 1C1 | AK36: null | AL36: 2C1 | AM36: null | AN36: 3C1 | AO36: null | AP36: 4C1 | AQ36: null | AR36: 5C1 | AS36: null
A37: 400 | B37: 450 | C37: 76969 | D37: 3273311860 | E37: =IFERROR((D37/$E$1)/(C37),0) -> 425.27665 | F37: 0.00076969 | G37: 0.32733119 | I37: ="("&$A37&", "&$B37&"]" -> (400, 450] | J37: 1 | K37: 0 | L37: 0 | M37: 0 | N37: 0 | O37: 0 | P37: 0 | Q37: 0 | R37: 0 | S37: 0 | T37: 0 | Y37: 60 | Z37: 70 | AF37: BaseGame 450x | AG37: 66958 | AH37: Pay | AI37: 3195883300 | AJ37: 1C1 | AK37: null | AL37: 2C1 | AM37: null | AN37: 3C1 | AO37: null | AP37: 4C1 | AQ37: null | AR37: 5C1 | AS37: null
A38: 450 | B38: 500 | C38: 66958 | D38: 3195883300 | E38: =IFERROR((D38/$E$1)/(C38),0) -> 477.29671 | F38: 0.00066958 | G38: 0.31958833 | I38: ="("&$A38&", "&$B38&"]" -> (450, 500] | J38: 1 | K38: 0 | L38: 0 | M38: 0 | N38: 0 | O38: 0 | P38: 0 | Q38: 0 | R38: 0 | S38: 0 | T38: 0 | Y38: 40 | Z38: 45 | AF38: BaseGame 500x | AG38: 63841 | AH38: Pay | AI38: 3349902500 | AJ38: 1C1 | AK38: null | AL38: 2C1 | AM38: null | AN38: 3C1 | AO38: null | AP38: 4C1 | AQ38: null | AR38: 5C1 | AS38: null
A39: 500 | B39: 550 | C39: 63841 | D39: 3349902500 | E39: =IFERROR((D39/$E$1)/(C39),0) -> 524.72588 | F39: 0.00063841 | G39: 0.33499025 | I39: ="("&$A39&", "&$B39&"]" -> (500, 550] | J39: 1 | K39: 0.000108 | L39: 6.894828e-08 | M39: 68 | N39: 6.8004179e-08 | O39: 3.5683553e-05 | P39: 0 | Q39: 0 | R39: 0 | S39: 0 | T39: 0 | Y39: 80 | Z39: 90 | AF39: BaseGame 550x | AG39: 49241 | AH39: Pay | AI39: 2836792460 | AJ39: 1C1 | AK39: null | AL39: 2C1 | AM39: null | AN39: 3C1 | AO39: null | AP39: 4C1 | AQ39: null | AR39: 5C1 | AS39: null
A40: 550 | B40: 600 | C40: 49241 | D40: 2836792460 | E40: =IFERROR((D40/$E$1)/(C40),0) -> 576.10375 | F40: 0.00049241 | G40: 0.28367925 | I40: ="("&$A40&", "&$B40&"]" -> (550, 600] | J40: 1 | K40: 0 | L40: 0 | M40: 0 | N40: 0 | O40: 0 | P40: 0 | Q40: 0 | R40: 0 | S40: 0 | T40: 0 | Y40: 90 | Z40: 100 | AF40: BaseGame 600x | AG40: 36244 | AH40: Pay | AI40: 2268304480 | AJ40: 1C1 | AK40: null | AL40: 2C1 | AM40: null | AN40: 3C1 | AO40: null | AP40: 4C1 | AQ40: null | AR40: 5C1 | AS40: null
A41: 600 | B41: 650 | C41: 36244 | D41: 2268304480 | E41: =IFERROR((D41/$E$1)/(C41),0) -> 625.84275 | F41: 0.00036244 | G41: 0.22683045 | I41: ="("&$A41&", "&$B41&"]" -> (600, 650] | J41: 1 | K41: 0 | L41: 0 | M41: 0 | N41: 0 | O41: 0 | P41: 0 | Q41: 0 | R41: 0 | S41: 0 | T41: 0 | Y41: 120 | Z41: 140 | AF41: BaseGame 650x | AG41: 30702 | AH41: Pay | AI41: 2073268860 | AJ41: 1C1 | AK41: null | AL41: 2C1 | AM41: null | AN41: 3C1 | AO41: null | AP41: 4C1 | AQ41: null | AR41: 5C1 | AS41: null
A42: 650 | B42: 700 | C42: 30702 | D42: 2073268860 | E42: =IFERROR((D42/$E$1)/(C42),0) -> 675.28788 | F42: 0.00030702 | G42: 0.20732689 | I42: ="("&$A42&", "&$B42&"]" -> (650, 700] | J42: 0 | K42: 0 | L42: 0 | M42: 0 | N42: 0 | O42: 0 | P42: 0 | Q42: 0 | R42: 0 | S42: 0 | T42: 0 | Y42: 80 | Z42: 90 | AF42: BaseGame 700x | AG42: 26624 | AH42: Pay | AI42: 1929990420 | AJ42: 1C1 | AK42: null | AL42: 2C1 | AM42: null | AN42: 3C1 | AO42: null | AP42: 4C1 | AQ42: null | AR42: 5C1 | AS42: null
A43: 700 | B43: 750 | C43: 26624 | D43: 1929990420 | E43: =IFERROR((D43/$E$1)/(C43),0) -> 724.90626 | F43: 0.00026624 | G43: 0.19299904 | I43: ="("&$A43&", "&$B43&"]" -> (700, 750] | J43: 0 | K43: 0 | L43: 0 | M43: 0 | N43: 0 | O43: 0 | P43: 0 | Q43: 0 | R43: 0 | S43: 0 | T43: 0 | Y43: 120 | Z43: 140 | AF43: BaseGame 750x | AG43: 29582 | AH43: Pay | AI43: 2311927880 | AJ43: 1C1 | AK43: null | AL43: 2C1 | AM43: null | AN43: 3C1 | AO43: null | AP43: 4C1 | AQ43: null | AR43: 5C1 | AS43: null
A44: 750 | B44: 800 | C44: 29582 | D44: 2311927880 | E44: =IFERROR((D44/$E$1)/(C44),0) -> 781.53197 | F44: 0.00029582 | G44: 0.23119279 | I44: ="("&$A44&", "&$B44&"]" -> (750, 800] | J44: 0 | K44: 0 | L44: 0 | M44: 0 | N44: 0 | O44: 0 | P44: 0 | Q44: 0 | R44: 0 | S44: 0 | T44: 0 | Y44: 120 | Z44: 140 | AF44: BaseGame 800x | AG44: 31660 | AH44: Pay | AI44: 2618094520 | AJ44: 1C1 | AK44: null | AL44: 2C1 | AM44: null | AN44: 3C1 | AO44: null | AP44: 4C1 | AQ44: null | AR44: 5C1 | AS44: null
A45: 800 | B45: 850 | C45: 31660 | D45: 2618094520 | E45: =IFERROR((D45/$E$1)/(C45),0) -> 826.94078 | F45: 0.0003166 | G45: 0.26180945 | I45: ="("&$A45&", "&$B45&"]" -> (800, 850] | J45: 0 | K45: 0 | L45: 0 | M45: 0 | N45: 0 | O45: 0 | P45: 0 | Q45: 0 | R45: 0 | S45: 0 | T45: 0 | Y45: 140 | Z45: 160 | AF45: BaseGame 850x | AG45: 25319 | AH45: Pay | AI45: 2214041620 | AJ45: 1C1 | AK45: null | AL45: 2C1 | AM45: null | AN45: 3C1 | AO45: null | AP45: 4C1 | AQ45: null | AR45: 5C1 | AS45: null
A46: 850 | B46: 900 | C46: 25319 | D46: 2214041620 | E46: =IFERROR((D46/$E$1)/(C46),0) -> 874.45856 | F46: 0.00025319 | G46: 0.22140416 | I46: ="("&$A46&", "&$B46&"]" -> (850, 900] | J46: 0 | K46: 0 | L46: 0 | M46: 0 | N46: 0 | O46: 0 | P46: 0 | Q46: 0 | R46: 0 | S46: 0 | T46: 0 | Y46: 200 | Z46: 250 | AF46: BaseGame 900x | AG46: 17351 | AH46: Pay | AI46: 1604425740 | AJ46: 1C1 | AK46: null | AL46: 2C1 | AM46: null | AN46: 3C1 | AO46: null | AP46: 4C1 | AQ46: null | AR46: 5C1 | AS46: null
A47: 900 | B47: 950 | C47: 17351 | D47: 1604425740 | E47: =IFERROR((D47/$E$1)/(C47),0) -> 924.68776 | F47: 0.00017351 | G47: 0.16044257 | I47: ="("&$A47&", "&$B47&"]" -> (900, 950] | J47: 0 | K47: 0 | L47: 0 | M47: 0 | N47: 0 | O47: 0 | P47: 0 | Q47: 0 | R47: 0 | S47: 0 | T47: 0 | Y47: 200 | Z47: 250 | AF47: BaseGame 950x | AG47: 22344 | AH47: Pay | AI47: 2195989840 | AJ47: 1C1 | AK47: null | AL47: 2C1 | AM47: null | AN47: 3C1 | AO47: null | AP47: 4C1 | AQ47: null | AR47: 5C1 | AS47: null
... A54: 6000 | B54: 7000 | C54: 10296 | D54: 6634417080 | E54: =IFERROR((D54/$E$1)/(C54),0) -> 6443.684 | F54: 0.00010296 | G54: 0.66344171 | I54: ="("&$A54&", "&$B54&"]" -> (6000, 7000] | J54: 0 | K54: 0 | L54: 0 | M54: 0 | N54: 0 | O54: 0 | P54: 0 | Q54: 0 | R54: 0 | S54: 0 | T54: 0 | Y54: 160 | Z54: 180 | AF54: BaseGame 7000x | AG54: 16379 | AH54: Pay | AI54: 15875619560 | AJ54: 1C1 | AK54: null | AL54: 2C1 | AM54: null | AN54: 3C1 | AO54: null | AP54: 4C1 | AQ54: null | AR54: 5C1 | AS54: null
A55: 7000 | B55: 8000 | C55: 16379 | D55: 15875619560 | E55: =IFERROR((D55/$E$1)/(C55),0) -> 9692.6672 | F55: 0.00016379 | G55: 1.587562 | I55: ="("&$A55&", "&$B55&"]" -> (7000, 8000] | J55: 0 | K55: 0 | L55: 0 | M55: 0 | N55: 0 | O55: 0 | P55: 0 | Q55: 0 | R55: 0 | S55: 0 | T55: 0 | Y55: 45 | Z55: 50
A56: 8000 | B56: 9000 | C56: 0 | D56: 0 | E56: =IFERROR((D56/$E$1)/(C56),0) -> 0 | F56: 0 | G56: 0 | I56: ="("&$A56&", "&$B56&"]" -> (8000, 9000] | J56: 0 | K56: 0 | L56: 0 | M56: 0 | N56: 0 | O56: 0 | T56: #N/A
A57: 9000 | B57: 10000 | C57: 0 | D57: 0 | E57: =IFERROR((D57/$E$1)/(C57),0) -> 0 | F57: 0 | G57: 0 | I57: ="("&$A57&", "&$B57&"]" -> (9000, 10000] | J57: 0 | K57: 0 | L57: 0 | M57: 0 | N57: 0 | O57: 0 | T57: #N/A
A58: 10000 | B58: 20000 | C58: 0 | D58: 0 | E58: =IFERROR((D58/$E$1)/(C58),0) -> 0 | F58: 0 | G58: 0 | I58: ="("&$A58&", "&$B58&"]" -> (10000, 20000] | J58: 0 | K58: 0 | L58: 0 | M58: 0 | N58: 0 | O58: 0 | T58: #N/A
A59: 20000 | B59: 30000 | C59: 0 | D59: 0 | E59: =IFERROR((D59/$E$1)/(C59),0) -> 0 | F59: 0 | G59: 0 | I59: ="("&$A59&", "&$B59&"]" -> (20000, 30000] | J59: 0 | K59: 0 | L59: 0 | M59: 0 | N59: 0 | O59: 0 | T59: #N/A
A60: 30000 | B60: 100000 | C60: 0 | D60: 0 | E60: =IFERROR((D60/$E$1)/(C60),0) -> 0 | F60: 0 | G60: 0 | I60: ="("&$A60&", "&$B60&"]" -> (30000, 100000] | J60: 0 | K60: 0 | L60: 0 | M60: 0 | N60: 0 | O60: 0 | T60: #N/A
A61: 100000 | B61: 999999 | C61: 0 | D61: 0 | E61: =IFERROR((D61/$E$1)/(C61),0) -> 0 | F61: 0 | G61: 0 | I61: ="("&$A61&", "&$B61&"]" -> (100000, 999999] | J61: 0 | K61: 0 | L61: 0 | M61: 0 | N61: 0 | O61: 0 | T61: #N/A
O62: =SUM(O28:O55) -> 0.019958011
N63: Spin 數 | O63: 一天幾個
M64: >300 | N64: =1/SUM(N35:N55) -> 1550292.3 | O64: {=N66/N64:N65} -> 2.2576387
M65: >1000 | N65: =1/N49 -> 4504227.7 | O65: 0.77704775
D66: scale | E66: 150 | M66: total spin/day | N66: 3500000
A67: Extra Bet 1 | C67: (後端報表) | O67: =SUM(_xlfn.ANCHORARRAY(O69)) -> 0.91999674 | P67: 0.92
A68: {=A3:G3} -> Lower | B68: Upper | C68: Count | D68: Pay | E68: Multi. | F68: Prob. | G68: RTP | I68: Range | J68: Fix freq | K68: Fix num | L68: Fixed Prob. | M68: Fixed Weight | N68: Real Prob. | O68: Real RTP | P68: =SUM(_xlfn.ANCHORARRAY(Q69)) -> 0.95588231 | R68: =1-SUM(_xlfn.ANCHORARRAY(R69)) -> 0.037538416 | V68: YB | W68: FG 2
A69: {=A4:B61} -> -1 | B69: 0 | C69: 79527545 | D69: 0 | E69: =IFERROR((D69/$E$66)/(C69),0) -> 0 | F69: {=C69:C126/SUM(C69:C126)} -> 0.79527545 | G69: {=E69:E126*_xlfn.ANCHORARRAY(F69)} -> 0 | H69: {=A69:A120/1.5} -> -0.66666667 | I69: ="("&$A69&", "&$B69&"]" -> (-1, 0] | J69: {=IFERROR(IF(1/_xlfn.ANCHORARRAY(F69)<$J$2,1,0),0)} -> 1 | K69: 1.1123707 | L69: {=K69:K126*_xlfn.ANCHORARRAY(J69)*_xlfn.ANCHORARRAY(F69)} -> 0.8846411 | M69: {=INT(_xlfn.ANCHORARRAY(L69)*$M$2)} -> 884641100 | N69: {=_xlfn.ANCHORARRAY(M69)/SUM(_xlfn.ANCHORARRAY(M69))} -> 0.88464973 | O69: {=_xlfn.ANCHORARRAY(N69)*E69:E126} -> 0 | P69: 0.88014181 | Q69: {=P69:P120*E69:E120} -> 0 | R69: {=P67*P69:P120/P68} -> 0.84710268 | S69: =R69+R68 -> 0.8846411 | T69: {=S69:S120/F69:F120} -> 1.1123707 | V69: 0.87549793 | W69: 0.88014181 | AD69: BaseGame 00 | AE69: 79527545 | AT69: {='[1]Raw Data'!$S$1:$T$52} -> 79519285 | AU69: 0
A70: 0 | B70: 1 | C70: 1221030 | D70: 91661240 | E70: =IFERROR((D70/$E$66)/(C70),0) -> 0.50045857 | F70: 0.0122103 | G70: 0.0061107493 | H70: 0 | I70: ="("&$A70&", "&$B70&"]" -> (0, 1] | J70: 1 | K70: 0.33055134 | L70: 0.0040361311 | M70: 4036131 | N70: 0.0040361704 | O70: 0.0020199361 | P70: 0.0041935503 | Q70: 0.0020986982 | R70: 0.0040361311 | S70: {=R70:R120} -> 0.0040361311 | T70: 0.33055134 | V70: 0.0066271879 | W70: 0.0041935503 | AD70: BaseGame 0x | AE70: 1221030 | AF70: Pay | AG70: 91661240 | AH70: 1C1 | AI70: null | AJ70: 2C1 | AK70: null | AL70: 3C1 | AM70: null | AN70: 4C1 | AO70: null | AP70: 5C1 | AQ70: null | AT70: 891535 | AU70: 594293.33
A71: 1 | B71: 2 | C71: 1983581 | D71: 340592420 | E71: =IFERROR((D71/$E$66)/(C71),0) -> 1.1447055 | F71: 0.01983581 | G71: 0.022706161 | H71: 0.66666667 | I71: ="("&$A71&", "&$B71&"]" -> (1, 2] | J71: 1 | K71: 0.59050612 | L71: 0.011713167 | M71: 11713167 | N71: 0.011713281 | O71: 0.013408258 | P71: 0.01217001 | Q71: 0.013931078 | R71: 0.011713167 | S71: 0.011713167 | T71: 0.59050612 | V71: 0.0065916384 | W71: 0.01217001 | AD71: BaseGame 1x | AE71: 1983581 | AF71: Pay | AG71: 340592420 | AH71: 1C1 | AI71: null | AJ71: 2C1 | AK71: null | AL71: 3C1 | AM71: null | AN71: 4C1 | AO71: null | AP71: 5C1 | AQ71: null | AT71: 1581010 | AU71: 2464177.9
A72: 2 | B72: 3 | C72: 1400402 | D72: 385097500 | E72: =IFERROR((D72/$E$66)/(C72),0) -> 1.8332712 | F72: 0.01400402 | G72: 0.025673167 | H72: 1.3333333 | I72: ="("&$A72&", "&$B72&"]" -> (2, 3] | J72: 1 | K72: 0.42874967 | L72: 0.0060042189 | M72: 6004218 | N72: 0.0060042766 | O72: 0.011007467 | P72: 0.0062383985 | Q72: 0.011436676 | R72: 0.0060042189 | S72: 0.0060042189 | T72: 0.42874967 | V72: 0.0085824142 | W72: 0.0062383985 | AD72: BaseGame 2x | AE72: 1400402 | AF72: Pay | AG72: 385097500 | AH72: 1C1 | AI72: null | AJ72: 2C1 | AK72: null | AL72: 3C1 | AM72: null | AN72: 4C1 | AO72: null | AP72: 5C1 | AQ72: null | AT72: 1426312 | AU72: 3473772.5
A73: 3 | B73: 4 | C73: 1843384 | D73: 681736680 | E73: =IFERROR((D73/$E$66)/(C73),0) -> 2.465526 | F73: 0.01843384 | G73: 0.045449112 | H73: 2 | I73: ="("&$A73&", "&$B73&"]" -> (3, 4] | J73: 1 | K73: 0.60101245 | L73: 0.011078967 | M73: 11078967 | N73: 0.011079075 | O73: 0.027315748 | P73: 0.011511075 | Q73: 0.028380854 | R73: 0.011078967 | S73: 0.011078967 | T73: 0.60101245 | V73: 0.0062193034 | W73: 0.011511075 | AD73: BaseGame 3x | AE73: 1843384 | AF73: Pay | AG73: 681736680 | AH73: 1C1 | AI73: null | AJ73: 2C1 | AK73: null | AL73: 3C1 | AM73: null | AN73: 4C1 | AO73: null | AP73: 5C1 | AQ73: null | AT73: 2474805 | AU73: 8932647.7
A74: 4 | B74: 5 | C74: 1261039 | D74: 605977340 | E74: =IFERROR((D74/$E$66)/(C74),0) -> 3.2035876 | F74: 0.01261039 | G74: 0.040398489 | H74: 2.6666667 | I74: ="("&$A74&", "&$B74&"]" -> (4, 5] | J74: 1 | K74: 0.82043147 | L74: 0.010345961 | M74: 10345960 | N74: 0.010346061 | O74: 0.033144513 | P74: 0.010749479 | Q74: 0.034436899 | R74: 0.010345961 | S74: 0.010345961 | T74: 0.82043147 | V74: 0.016103954 | W74: 0.010749479 | AD74: BaseGame 4x | AE74: 1261039 | AF74: Pay | AG74: 605977340 | AH74: 1C1 | AI74: null | AJ74: 2C1 | AK74: null | AL74: 3C1 | AM74: null | AN74: 4C1 | AO74: null | AP74: 5C1 | AQ74: null | AT74: 797741 | AU74: 3694005.6
A75: 5 | B75: 6 | C75: 1254493 | D75: 746676720 | E75: =IFERROR((D75/$E$66)/(C75),0) -> 3.9680132 | F75: 0.01254493 | G75: 0.049778448 | H75: 3.3333333 | I75: ="("&$A75&", "&$B75&"]" -> (5, 6] | J75: 1 | K75: 0.7290074 | L75: 0.0091453468 | M75: 9145346 | N75: 0.0091454353 | O75: 0.036289208 | P75: 0.0095020383 | Q75: 0.037704213 | R75: 0.0091453468 | S75: 0.0091453468 | T75: 0.7290074 | V75: 0.0026007316 | W75: 0.0095020383 | AD75: BaseGame 5x | AE75: 1254493 | AF75: Pay | AG75: 746676720 | AH75: 1C1 | AI75: null | AJ75: 2C1 | AK75: null | AL75: 3C1 | AM75: null | AN75: 4C1 | AO75: null | AP75: 5C1 | AQ75: null | AT75: 1538763 | AU75: 8598399.9
A76: 6 | B76: 7 | C76: 316037 | D76: 206311540 | E76: =IFERROR((D76/$E$66)/(C76),0) -> 4.3520546 | F76: 0.00316037 | G76: 0.013754103 | H76: 4 | I76: ="("&$A76&", "&$B76&"]" -> (6, 7] | J76: 1 | K76: 0.66054758 | L76: 0.0020875748 | M76: 2087574 | N76: 0.0020875944 | O76: 0.0090853246 | P76: 0.0021689954 | Q76: 0.0094395864 | R76: 0.0020875748 | S76: 0.0020875748 | T76: 0.66054758 | V76: 0.012270214 | W76: 0.0021689954 | AD76: BaseGame 6x | AE76: 316037 | AF76: Pay | AG76: 206311540 | AH76: 1C1 | AI76: null | AJ76: 2C1 | AK76: null | AL76: 3C1 | AM76: null | AN76: 4C1 | AO76: null | AP76: 5C1 | AQ76: null | AT76: 945248 | AU76: 6177978.9
A77: 7 | B77: 8 | C77: 1316405 | D77: 1015442580 | E77: =IFERROR((D77/$E$66)/(C77),0) -> 5.1425034 | F77: 0.01316405 | G77: 0.067696172 | H77: 4.6666667 | I77: ="("&$A77&", "&$B77&"]" -> (7, 8] | J77: 1 | K77: 0.72317352 | L77: 0.0095198924 | M77: 9519892 | N77: 0.0095199849 | O77: 0.048956555 | P77: 0.0098911921 | Q77: 0.050865489 | R77: 0.0095198924 | S77: 0.0095198924 | T77: 0.72317352 | V77: 0.00506862 | W77: 0.0098911921 | AD77: BaseGame 7x | AE77: 1316405 | AF77: Pay | AG77: 1015442580 | AH77: 1C1 | AI77: null | AJ77: 2C1 | AK77: null | AL77: 3C1 | AM77: null | AN77: 4C1 | AO77: null | AP77: 5C1 | AQ77: null | AT77: 1215760 | AU77: 9643478.3
A78: 8 | B78: 9 | C78: 574169 | D78: 512208280 | E78: =IFERROR((D78/$E$66)/(C78),0) -> 5.9472418 | F78: 0.00574169 | G78: 0.034147219 | H78: 5.3333333 | I78: ="("&$A78&", "&$B78&"]" -> (8, 9] | J78: 1 | K78: 0.62631341 | L78: 0.0035960974 | M78: 3596097 | N78: 0.0035961321 | O78: 0.021387067 | P78: 0.0037363542 | Q78: 0.022221002 | R78: 0.0035960974 | S78: 0.0035960974 | T78: 0.62631341 | V78: 0.0060883313 | W78: 0.0037363542 | AD78: BaseGame 8x | AE78: 574169 | AF78: Pay | AG78: 512208280 | AH78: 1C1 | AI78: null | AJ78: 2C1 | AK78: null | AL78: 3C1 | AM78: null | AN78: 4C1 | AO78: null | AP78: 5C1 | AQ78: null | AT78: 165033 | AU78: 1422053.1
A79: 9 | B79: 10 | C79: 713840 | D79: 696013360 | E79: =IFERROR((D79/$E$66)/(C79),0) -> 6.5001808 | F79: 0.0071384 | G79: 0.046400891 | H79: 6 | I79: ="("&$A79&", "&$B79&"]" -> (9, 10] | J79: 1 | K79: 1.172186 | L79: 0.0083675328 | M79: 8367532 | N79: 0.0083676137 | O79: 0.054391002 | P79: 0.0086938875 | Q79: 0.056511841 | R79: 0.0083675328 | S79: 0.0083675328 | T79: 1.172186 | V79: 0.0094711534 | W79: 0.0086938875 | AD79: BaseGame 9x | AE79: 713840 | AF79: Pay | AG79: 696013360 | AH79: 1C1 | AI79: null | AJ79: 2C1 | AK79: null | AL79: 3C1 | AM79: null | AN79: 4C1 | AO79: null | AP79: 5C1 | AQ79: null | AT79: 704591 | AU79: 6836701.1
A80: 10 | B80: 15 | C80: 1791031 | D80: 2280142320 | E80: =IFERROR((D80/$E$66)/(C80),0) -> 8.4872617 | F80: 0.01791031 | G80: 0.15200949 | H80: 6.6666667 | I80: ="("&$A80&", "&$B80&"]" -> (10, 15] | J80: 1 | K80: 0.81551519 | L80: 0.01460613 | M80: 14606129 | N80: 0.014606272 | O80: 0.12396725 | P80: 0.015175806 | Q80: 0.12880103 | R80: 0.01460613 | S80: 0.01460613 | T80: 0.81551519 | V80: 0.01627796 | W80: 0.015175806 | AD80: BaseGame 10x | AE80: 1791031 | AF80: Pay | AG80: 2280142320 | AH80: 1C1 | AI80: null | AJ80: 2C1 | AK80: null | AL80: 3C1 | AM80: null | AN80: 4C1 | AO80: null | AP80: 5C1 | AQ80: null | AT80: 1657541 | AU80: 20314576
A81: 15 | B81: 20 | C81: 1124732 | D81: 2007398080 | E81: =IFERROR((D81/$E$66)/(C81),0) -> 11.898527 | F81: 0.01124732 | G81: 0.13382654 | H81: 10 | I81: ="("&$A81&", "&$B81&"]" -> (15, 20] | J81: 1 | K81: 0.81822091 | L81: 0.0092027925 | M81: 9202792 | N81: 0.0092028818 | O81: 0.10950074 | P81: 0.0095617245 | Q81: 0.11377043 | R81: 0.0092027925 | S81: 0.0092027925 | T81: 0.81822091 | V81: 0.0096170937 | W81: 0.0095617245 | AD81: BaseGame 15x | AE81: 1124732 | AF81: Pay | AG81: 2007398080 | AH81: 1C1 | AI81: null | AJ81: 2C1 | AK81: null | AL81: 3C1 | AM81: null | AN81: 4C1 | AO81: null | AP81: 5C1 | AQ81: null | AT81: 1111682 | AU81: 19430968
A82: 20 | B82: 25 | C82: 621987 | D82: 1445763680 | E82: =IFERROR((D82/$E$66)/(C82),0) -> 15.496183 | F82: 0.00621987 | G82: 0.096384245 | H82: 13.333333 | I82: ="("&$A82&", "&$B82&"]" -> (20, 25] | J82: 1 | K82: 0.82660655 | L82: 0.0051413853 | M82: 5141385 | N82: 0.0051414352 | O82: 0.079672622 | P82: 0.0053419122 | Q82: 0.082779251 | R82: 0.0051413853 | S82: 0.0051413853 | T82: 0.82660655 | V82: 0.0077011591 | W82: 0.0053419122 | AD82: BaseGame 20x | AE82: 621987 | AF82: Pay | AG82: 1445763680 | AH82: 1C1 | AI82: null | AJ82: 2C1 | AK82: null | AL82: 3C1 | AM82: null | AN82: 4C1 | AO82: null | AP82: 5C1 | AQ82: null | AT82: 458059 | AU82: 10386921
... A120: 7000 | B120: 8000 | C120: 16379 | D120: 15875619560 | E120: =IFERROR((D120/$E$66)/(C120),0) -> 6461.7781 | F120: 0.00016379 | G120: 1.0583746 | H120: 4666.6667 | I120: ="("&$A120&", "&$B120&"]" -> (7000, 8000] | J120: 0 | K120: 0 | L120: 0 | M120: 0 | N120: 0 | O120: 0 | P120: 0 | Q120: 0 | R120: 0 | S120: 0 | T120: 0 | V120: 0 | W120: 0 | AD120: BaseGame 7000x | AE120: 16379 | AF120: Pay | AG120: 15875619560 | AH120: 1C1 | AI120: null | AJ120: 2C1 | AK120: null | AL120: 3C1 | AM120: null | AN120: 4C1 | AO120: null | AP120: 5C1 | AQ120: null | AT120: 7472 | AU120: 60481605
A121: 8000 | B121: 9000 | C121: 0 | D121: 0 | E121: =IFERROR((D121/$E$66)/(C121),0) -> 0 | F121: 0 | G121: 0 | I121: ="("&$A121&", "&$B121&"]" -> (8000, 9000] | J121: 0 | K121: 0 | L121: 0 | M121: 0 | N121: 0 | O121: 0 | P121: 0 | V121: 0 | W121: 0
A122: 9000 | B122: 10000 | C122: 0 | D122: 0 | E122: =IFERROR((D122/$E$66)/(C122),0) -> 0 | F122: 0 | G122: 0 | I122: ="("&$A122&", "&$B122&"]" -> (9000, 10000] | J122: 0 | K122: 0 | L122: 0 | M122: 0 | N122: 0 | O122: 0 | P122: 0 | V122: 0 | W122: 0
A123: 10000 | B123: 20000 | C123: 0 | D123: 0 | E123: =IFERROR((D123/$E$66)/(C123),0) -> 0 | F123: 0 | G123: 0 | I123: ="("&$A123&", "&$B123&"]" -> (10000, 20000] | J123: 0 | K123: 0 | L123: 0 | M123: 0 | N123: 0 | O123: 0 | P123: 0 | V123: 0 | W123: 0
A124: 20000 | B124: 30000 | C124: 0 | D124: 0 | E124: =IFERROR((D124/$E$66)/(C124),0) -> 0 | F124: 0 | G124: 0 | I124: ="("&$A124&", "&$B124&"]" -> (20000, 30000] | J124: 0 | K124: 0 | L124: 0 | M124: 0 | N124: 0 | O124: 0 | P124: 0 | V124: 0 | W124: 0
A125: 30000 | B125: 100000 | C125: 0 | D125: 0 | E125: =IFERROR((D125/$E$66)/(C125),0) -> 0 | F125: 0 | G125: 0 | I125: ="("&$A125&", "&$B125&"]" -> (30000, 100000] | J125: 0 | K125: 0 | L125: 0 | M125: 0 | N125: 0 | O125: 0 | P125: 0 | V125: 0 | W125: 0
A126: 100000 | B126: 999999 | C126: 0 | D126: 0 | E126: =IFERROR((D126/$E$66)/(C126),0) -> 0 | F126: 0 | G126: 0 | I126: ="("&$A126&", "&$B126&"]" -> (100000, 999999] | J126: 0 | K126: 0 | L126: 0 | M126: 0 | N126: 0 | O126: 0 | P126: 0 | V126: 0 | W126: 0
O127: =SUM(O96:O120) -> 0.034200075
N128: Spin 數 | O128: 一天幾個
M129: >300 | N129: =1/SUM(N103:N120) -> 40569.201 | O129: {=N131/N129:N130} -> 86.272342
M130: >1000 | N130: =1/SUM(N115:N120) -> 2257314.3 | O130: 1.5505151
D131: scale | E131: 800 | M131: total spin/day | N131: =N66 -> 3500000
A132: Extra Bet 2 | C132: (後端報表) | O132: =SUM(_xlfn.ANCHORARRAY(O134)) -> 0.91999937
A133: {=A68:G68} -> Lower | B133: Upper | C133: Count | D133: Pay | E133: Multi. | F133: Prob. | G133: RTP | I133: Range | J133: Fix freq | K133: Fix num | L133: Fixed Prob. | M133: Fixed Weight | N133: Real Prob. | O133: Real RTP | R133: 1.0.0.6
A134: {=_xlfn.ANCHORARRAY(A69)} -> -1 | B134: 0 | C134: 79518011 | D134: 0 | E134: =IFERROR((D134/$E$131)/(C134),0) -> 0 | F134: {=C134:C191/SUM(C134:C191)} -> 0.79518011 | G134: {=E134:E191*_xlfn.ANCHORARRAY(F134)} -> 0 | H134: {=A134:A191/8} -> -0.125 | I134: ="("&$A134&", "&$B134&"]" -> (-1, 0] | J134: {=IFERROR(IF(1/_xlfn.ANCHORARRAY(F134)<$J$2,1,0),0)} -> 1 | K134: 0.138876 | L134: {=K134:K191*_xlfn.ANCHORARRAY(J134)*_xlfn.ANCHORARRAY(F134)} -> 0.11043143 | M134: {=INT(_xlfn.ANCHORARRAY(L134)*$M$2)} -> 110431432 | N134: {=_xlfn.ANCHORARRAY(M134)/SUM(_xlfn.ANCHORARRAY(M134))} -> 0.8541379 | O134: {=_xlfn.ANCHORARRAY(N134)*E134:E191} -> 0 | P134: {=IFERROR(_xlfn.ANCHORARRAY(N69)/(_xlfn.ANCHORARRAY(J134)*_xlfn.ANCHORARRAY(F134)),0)} -> 1.1125149 | Q134: {=IFERROR(_xlfn.ANCHORARRAY(N4)/(_xlfn.ANCHORARRAY(J69)*_xlfn.ANCHORARRAY(F69)),0)} -> 1.1140389 | R134: 0.75429337 | AC134: -1 | AD134: BaseGame 00 | AE134: 79520206 | AT134: BaseGame 00 | AU134: 55507791 | AV134: 0 | AW134: 0 | BA134: BaseGame 00 | BB134: 79518011
A135: 0 | B135: 1 | C135: 0 | D135: 0 | E135: =IFERROR((D135/$E$131)/(C135),0) -> 0 | F135: 0 | G135: 0 | H135: 0 | I135: ="("&$A135&", "&$B135&"]" -> (0, 1] | J135: 0 | K135: 0 | L135: 0 | M135: 0 | N135: 0 | O135: 0 | P135: 0 | Q135: 0.96355921 | R135: 0 | AC135: 0 | AT135: 0 | AU135: 0 | AV135: 0 | AW135: 0
A136: 1 | B136: 2 | C136: 0 | D136: 0 | E136: =IFERROR((D136/$E$131)/(C136),0) -> 0 | F136: 0 | G136: 0 | H136: 0.125 | I136: ="("&$A136&", "&$B136&"]" -> (1, 2] | J136: 0 | K136: 0 | L136: 0 | M136: 0 | N136: 0 | O136: 0 | P136: 0 | Q136: 0.82511185 | R136: 0 | AC136: 1 | AT136: 0 | AU136: 0 | AV136: 0 | AW136: 0
A137: 2 | B137: 3 | C137: 0 | D137: 0 | E137: =IFERROR((D137/$E$131)/(C137),0) -> 0 | F137: 0 | G137: 0 | H137: 0.25 | I137: ="("&$A137&", "&$B137&"]" -> (2, 3] | J137: 0 | K137: 0 | L137: 0 | M137: 0 | N137: 0 | O137: 0 | P137: 0 | Q137: 0.8300931 | R137: 0 | AC137: 2 | AT137: 0 | AU137: 0 | AV137: 0 | AW137: 0
A138: 3 | B138: 4 | C138: 153893 | D138: 61557200 | E138: =IFERROR((D138/$E$131)/(C138),0) -> 0.5 | F138: 0.00153893 | G138: 0.000769465 | H138: 0.375 | I138: ="("&$A138&", "&$B138&"]" -> (3, 4] | J138: 1 | K138: 0 | L138: 0 | M138: 0 | N138: 0 | O138: 0 | P138: 7.1992067 | Q138: 0.67092901 | R138: 0 | AC138: 3 | AD138: BaseGame 3x | AE138: 178359 | AF138: Pay | AG138: 71343600 | AH138: 1C1 | AI138: null | AJ138: 2C1 | AK138: null | AL138: 3C1 | AM138: null | AN138: 4C1 | AO138: null | AP138: 5C1 | AQ138: null | AT138: BaseGame 3x | AU138: 124231 | AV138: Pay | AW138: 49692400 | BA138: BaseGame 3x | BB138: 153893 | BC138: 61557200
A139: 4 | B139: 5 | C139: 0 | D139: 0 | E139: =IFERROR((D139/$E$131)/(C139),0) -> 0 | F139: 0 | G139: 0 | H139: 0.5 | I139: ="("&$A139&", "&$B139&"]" -> (4, 5] | J139: 0 | K139: 0 | L139: 0 | M139: 0 | N139: 0 | O139: 0 | P139: 0 | Q139: 0.8006208 | R139: 0 | AC139: 4 | AT139: 0 | AU139: 0 | AV139: 0 | AW139: 0
A140: 5 | B140: 6 | C140: 153964 | D140: 92378400 | E140: =IFERROR((D140/$E$131)/(C140),0) -> 0.75 | F140: 0.00153964 | G140: 0.00115473 | H140: 0.625 | I140: ="("&$A140&", "&$B140&"]" -> (5, 6] | J140: 1 | K140: 0 | L140: 0 | M140: 0 | N140: 0 | O140: 0 | P140: 5.9399829 | Q140: 0.6428415 | R140: 0 | AC140: 5 | AD140: BaseGame 5x | AE140: 88720 | AF140: Pay | AG140: 53232000 | AH140: 1C1 | AI140: null | AJ140: 2C1 | AK140: null | AL140: 3C1 | AM140: null | AN140: 4C1 | AO140: null | AP140: 5C1 | AQ140: null | AT140: BaseGame 5x | AU140: 62160 | AV140: Pay | AW140: 37296000 | BA140: BaseGame 5x | BB140: 153964 | BC140: 92378400
A141: 6 | B141: 7 | C141: 0 | D141: 0 | E141: =IFERROR((D141/$E$131)/(C141),0) -> 0 | F141: 0 | G141: 0 | H141: 0.75 | I141: ="("&$A141&", "&$B141&"]" -> (6, 7] | J141: 0 | K141: 0 | L141: 0 | M141: 0 | N141: 0 | O141: 0 | P141: 0 | Q141: 0.62023259 | R141: 0 | AC141: 6 | AT141: 0 | AU141: 0 | AV141: 0 | AW141: 0
A142: 7 | B142: 8 | C142: 217346 | D142: 173876800 | E142: =IFERROR((D142/$E$131)/(C142),0) -> 1 | F142: 0.00217346 | G142: 0.00217346 | H142: 0.875 | I142: ="("&$A142&", "&$B142&"]" -> (7, 8] | J142: 1 | K142: 2 | L142: 0.00434692 | M142: 4346920 | N142: 0.033621489 | O142: 0.033621489 | P142: 4.3801059 | Q142: 0.63963928 | R142: 0.039711127 | AC142: 7 | AD142: BaseGame 7x | AE142: 124663 | AF142: Pay | AG142: 99730400 | AH142: 1C1 | AI142: null | AJ142: 2C1 | AK142: null | AL142: 3C1 | AM142: null | AN142: 4C1 | AO142: null | AP142: 5C1 | AQ142: null | AT142: BaseGame 7x | AU142: 87587 | AV142: Pay | AW142: 70069600 | BA142: BaseGame 7x | BB142: 217346 | BC142: 173876800
A143: 8 | B143: 9 | C143: 0 | D143: 0 | E143: =IFERROR((D143/$E$131)/(C143),0) -> 0 | F143: 0 | G143: 0 | H143: 1 | I143: ="("&$A143&", "&$B143&"]" -> (8, 9] | J143: 0 | K143: 0 | L143: 0 | M143: 0 | N143: 0 | O143: 0 | P143: 0 | Q143: 0.53681484 | R143: 0 | AC143: 8 | AT143: 0 | AU143: 0 | AV143: 0 | AW143: 0
A144: 9 | B144: 10 | C144: 327763 | D144: 327763000 | E144: =IFERROR((D144/$E$131)/(C144),0) -> 1.25 | F144: 0.00327763 | G144: 0.0040970375 | H144: 1.125 | I144: ="("&$A144&", "&$B144&"]" -> (9, 10] | J144: 1 | K144: 1 | L144: 0.00327763 | M144: 3277630 | N144: 0.025351007 | O144: 0.031688759 | P144: 2.5529464 | Q144: 0.86884136 | R144: 0.029007261 | AC144: 9 | AD144: BaseGame 9x | AE144: 246653 | AF144: Pay | AG144: 246653000 | AH144: 1C1 | AI144: null | AJ144: 2C1 | AK144: null | AL144: 3C1 | AM144: null | AN144: 4C1 | AO144: null | AP144: 5C1 | AQ144: null | AT144: BaseGame 9x | AU144: 172537 | AV144: Pay | AW144: 172537000 | BA144: BaseGame 9x | BB144: 327763 | BC144: 327763000
A145: 10 | B145: 15 | C145: 261822 | D145: 365993900 | E145: =IFERROR((D145/$E$131)/(C145),0) -> 1.7473412 | F145: 0.00261822 | G145: 0.0045749238 | H145: 1.25 | I145: ="("&$A145&", "&$B145&"]" -> (10, 15] | J145: 1 | K145: 0.2 | L145: 0.000523644 | M145: 523644 | N145: 0.0040501529 | O145: 0.0070769992 | P145: 5.5787029 | Q145: 0.55199199 | R145: 0.046017882 | AC145: 10 | AD145: BaseGame 10x | AE145: 231202 | AF145: Pay | AG145: 314251200 | AH145: 1C1 | AI145: null | AJ145: 2C1 | AK145: null | AL145: 3C1 | AM145: null | AN145: 4C1 | AO145: null | AP145: 5C1 | AQ145: null | AT145: BaseGame 10x | AU145: 161633 | AV145: Pay | AW145: 219705200 | BA145: BaseGame 10x | BB145: 261822 | BC145: 365993900
A146: 15 | B146: 20 | C146: 900127 | D146: 1689426800 | E146: =IFERROR((D146/$E$131)/(C146),0) -> 2.3460951 | F146: 0.00900127 | G146: 0.021117835 | H146: 1.875 | I146: ="("&$A146&", "&$B146&"]" -> (15, 20] | J146: 1 | K146: 0.2 | L146: 0.001800254 | M146: 1800254 | N146: 0.013924162 | O146: 0.032667408 | P146: 1.0223982 | Q146: 0.52233217 | R146: 0.053251297 | AC146: 15 | AD146: BaseGame 15x | AE146: 697309 | AF146: Pay | AG146: 1272268000 | AH146: 1C1 | AI146: null | AJ146: 2C1 | AK146: null | AL146: 3C1 | AM146: null | AN146: 4C1 | AO146: null | AP146: 5C1 | AQ146: null | AT146: BaseGame 15x | AU146: 488372 | AV146: Pay | AW146: 891206800 | BA146: BaseGame 15x | BB146: 900127 | BC146: 1689426800
A147: 20 | B147: 25 | C147: 567432 | D147: 1378828300 | E147: =IFERROR((D147/$E$131)/(C147),0) -> 3.0374307 | F147: 0.00567432 | G147: 0.017235354 | H147: 2.5 | I147: ="("&$A147&", "&$B147&"]" -> (20, 25] | J147: 1 | K147: 0.2 | L147: 0.001134864 | M147: 1134864 | N147: 0.0087776672 | O147: 0.026661556 | P147: 0.90608834 | Q147: 0.396209 | R147: 0.011467971 | AC147: 20 | AD147: BaseGame 20x | AE147: 432602 | AF147: Pay | AG147: 1038421100 | AH147: 1C1 | AI147: null | AJ147: 2C1 | AK147: null | AL147: 3C1 | AM147: null | AN147: 4C1 | AO147: null | AP147: 5C1 | AQ147: null | AT147: BaseGame 20x | AU147: 301655 | AV147: Pay | AW147: 724090900 | BA147: BaseGame 20x | BB147: 567432 | BC147: 1378828300
A148: 25 | B148: 30 | C148: 450370 | D148: 1346011800 | E148: =IFERROR((D148/$E$131)/(C148),0) -> 3.73585 | F148: 0.0045037 | G148: 0.016825148 | H148: 3.125 | I148: ="("&$A148&", "&$B148&"]" -> (25, 30] | J148: 1 | K148: 0.2 | L148: 0.00090074 | M148: 900740 | N148: 0.0069668224 | O148: 0.026027003 | P148: 0.76123842 | Q148: 0.49359623 | R148: 0.009956103 | AC148: 25 | AD148: BaseGame 25x | AE148: 479642 | AF148: Pay | AG148: 1417869000 | AH148: 1C1 | AI148: null | AJ148: 2C1 | AK148: null | AL148: 3C1 | AM148: null | AN148: 4C1 | AO148: null | AP148: 5C1 | AQ148: null | AT148: BaseGame 25x | AU148: 332950 | AV148: Pay | AW148: 984132800 | BA148: BaseGame 25x | BB148: 450370 | BC148: 1346011800
A149: 30 | B149: 35 | C149: 301500 | D149: 969339200 | E149: =IFERROR((D149/$E$131)/(C149),0) -> 4.0188192 | F149: 0.003015 | G149: 0.01211674 | H149: 3.75 | I149: ="("&$A149&", "&$B149&"]" -> (30, 35] | J149: 1 | K149: 0.2 | L149: 0.000603 | M149: 603000 | N149: 0.0046639362 | O149: 0.018743517 | P149: 0.20425307 | Q149: 0.19072911 | R149: 0.01512899 | AC149: 30 | AD149: BaseGame 30x | AE149: 265951 | AF149: Pay | AG149: 870751300 | AH149: 1C1 | AI149: null | AJ149: 2C1 | AK149: null | AL149: 3C1 | AM149: null | AN149: 4C1 | AO149: null | AP149: 5C1 | AQ149: null | AT149: BaseGame 30x | AU149: 185277 | AV149: Pay | AW149: 606638800 | BA149: BaseGame 30x | BB149: 301500 | BC149: 969339200
A150: 35 | B150: 40 | C150: 1057290 | D150: 4155740700 | E150: =IFERROR((D150/$E$131)/(C150),0) -> 4.9131987 | F150: 0.0105729 | G150: 0.051946759 | H150: 4.375 | I150: ="("&$A150&", "&$B150&"]" -> (35, 40] | J150: 1 | K150: 0.05 | L150: 0.000528645 | M150: 528645 | N150: 0.0040888334 | O150: 0.020089251 | P150: 0.19560037 | Q150: 0.25336284 | R150: 0.0044788675 | AC150: 35 | AD150: BaseGame 35x | AE150: 638210 | AF150: Pay | AG150: 2491083200 | AH150: 1C1 | AI150: null | AJ150: 2C1 | AK150: null | AL150: 3C1 | AM150: null | AN150: 4C1 | AO150: null | AP150: 5C1 | AQ150: null | AT150: BaseGame 35x | AU150: 446210 | AV150: Pay | AW150: 1741355300 | BA150: BaseGame 35x | BB150: 1057290 | BC150: 4155740700
A151: 40 | B151: 45 | C151: 224678 | D151: 1002843100 | E151: =IFERROR((D151/$E$131)/(C151),0) -> 5.5793352 | F151: 0.00224678 | G151: 0.012535539 | H151: 5 | I151: ="("&$A151&", "&$B151&"]" -> (40, 45] | J151: 1 | K151: 0.5 | L151: 0.00112339 | M151: 1123390 | N151: 0.0086889209 | O151: 0.048478402 | P151: 0.31448913 | Q151: 0.13412365 | R151: 0.001028322 | AC151: 40 | AD151: BaseGame 40x | AE151: 219885 | AF151: Pay | AG151: 974799500 | AH151: 1C1 | AI151: null | AJ151: 2C1 | AK151: null | AL151: 3C1 | AM151: null | AN151: 4C1 | AO151: null | AP151: 5C1 | AQ151: null | AT151: BaseGame 40x | AU151: 153445 | AV151: Pay | AW151: 680223700 | BA151: BaseGame 40x | BB151: 224678 | BC151: 1002843100
...

Sheet Multiplier Weight (3FG)
A1: Normal Game | C1: (後端報表) | D1: scale | E1: 100 | O1: Total RTP | P1: Target | Q1: Error
C2: Simulator | I2: Fixed Game | J2: 3000 | M2: =10^9 -> 1000000000 | O2: =SUM(_xlfn.ANCHORARRAY(O4)) -> 0.92000001 | P2: 0.92 | Q2: =P2-O2 -> -1.4911549e-08
A3: Lower | B3: Upper | C3: Count | D3: Pay | E3: Multi. | F3: Prob. | G3: RTP | I3: Range | J3: Fix freq | K3: Fix num | L3: Fixed Prob. | M3: Fixed Weight | N3: Real Prob. | O3: Real RTP | P3: =SUM(_xlfn.ANCHORARRAY(Q4)) -> 0.96565564 | R3: =1-SUM(_xlfn.ANCHORARRAY(R4)) -> 0.047279424 | W3: 參考修正值 | Y3: 180 | Z3: 200 | AB3: {=_xlfn._xlws.SORT(_xlfn.UNIQUE(Y3:Y153))} -> 30 | AC3: {=COUNTIF(Y3:Y153,_xlfn.ANCHORARRAY(AB3))} -> 1 | AD3: {=_xlfn.ANCHORARRAY(AC3)/10000000} -> 1e-07 | AF3: BaseGame 00 | AG3: 79527545
A4: -1 | B4: 0 | C4: 79527545 | D4: 0 | E4: =IFERROR((D4/$E$1)/(C4),0) -> 0 | F4: {=C4:C61/SUM(C4:C61)} -> 0.79527545 | G4: {=E4:E61*_xlfn.ANCHORARRAY(F4)} -> 0 | I4: ="("&$A4&", "&$B4&"]" -> (-1, 0] | J4: {=IFERROR(IF(1/_xlfn.ANCHORARRAY(F4)<$J$2,1,0),0)} -> 1 | K4: 1.1139704 | L4: {=K4:K61*_xlfn.ANCHORARRAY(J4)*_xlfn.ANCHORARRAY(F4)} -> 0.88591331 | M4: {=INT(_xlfn.ANCHORARRAY(L4)*$M$2)} -> 885913313 | N4: {=_xlfn.ANCHORARRAY(M4)/SUM(_xlfn.ANCHORARRAY(M4))} -> 0.88596776 | O4: {=_xlfn.ANCHORARRAY(N4)*E4:E61} -> 0 | P4: 0.88031431 | Q4: {=P4:P55*E4:E55} -> 0 | R4: {=P2*P4:P55/P3} -> 0.83869356 | S4: =R4+R3 -> 0.88597298 | T4: {=S4:S55/_xlfn.ANCHORARRAY(F4)} -> 1.1140454 | W4: 1.0286652 | Y4: 45 | Z4: 50 | AB4: 40 | AC4: 3 | AD4: 3e-07 | AF4: BaseGame 0x | AG4: 1221030 | AH4: Pay | AI4: 91661240 | AJ4: 1C1 | AK4: null | AL4: 2C1 | AM4: null | AN4: 3C1 | AO4: null | AP4: 4C1 | AQ4: null | AR4: 5C1 | AS4: null
A5: 0 | B5: 1 | C5: 1221030 | D5: 91661240 | E5: =IFERROR((D5/$E$1)/(C5),0) -> 0.75068786 | F5: 0.0122103 | G5: 0.009166124 | I5: ="("&$A5&", "&$B5&"]" -> (0, 1] | J5: 1 | K5: 0.9635 | L5: 0.011764624 | M5: 11764624 | N5: 0.011765347 | O5: 0.0088321032 | P5: 0.012357339 | Q5: 0.0092765043 | R5: 0.011773091 | S5: {=R5:R55} -> 0.011773091 | T5: 0.96419343 | W5: 1.0484973 | Y5: 160 | Z5: 180 | AB5: 45 | AC5: 2 | AD5: 2e-07 | AF5: BaseGame 1x | AG5: 1983581 | AH5: Pay | AI5: 340592420 | AJ5: 1C1 | AK5: null | AL5: 2C1 | AM5: null | AN5: 3C1 | AO5: null | AP5: 4C1 | AQ5: null | AR5: 5C1 | AS5: null
A6: 1 | B6: 2 | C6: 1983581 | D6: 340592420 | E6: =IFERROR((D6/$E$1)/(C6),0) -> 1.7170583 | F6: 0.01983581 | G6: 0.034059242 | I6: ="("&$A6&", "&$B6&"]" -> (1, 2] | J6: 1 | K6: 0.82506116 | L6: 0.016365756 | M6: 16365756 | N6: 0.016366762 | O6: 0.028102684 | P6: 0.017178728 | Q6: 0.029496878 | R6: 0.016366528 | S6: 0.016366528 | T6: 0.82510005 | W6: 0.87200957 | Y6: 160 | Z6: 180 | AB6: 60 | AC6: 5 | AD6: 5e-07 | AF6: BaseGame 2x | AG6: 1400402 | AH6: Pay | AI6: 385097500 | AJ6: 1C1 | AK6: null | AL6: 2C1 | AM6: null | AN6: 3C1 | AO6: null | AP6: 4C1 | AQ6: null | AR6: 5C1 | AS6: null
A7: 2 | B7: 3 | C7: 1400402 | D7: 385097500 | E7: =IFERROR((D7/$E$1)/(C7),0) -> 2.7499068 | F7: 0.01400402 | G7: 0.03850975 | I7: ="("&$A7&", "&$B7&"]" -> (2, 3] | J7: 1 | K7: 0.83004214 | L7: 0.011623927 | M7: 11623926 | N7: 0.01162464 | O7: 0.031966678 | P7: 0.012210325 | Q7: 0.033577256 | R7: 0.011633028 | S7: 0.011633028 | T7: 0.83069203 | W7: 0.93129385 | Y7: 120 | Z7: 140 | AB7: 80 | AC7: 10 | AD7: 1e-06 | AF7: BaseGame 3x | AG7: 1843384 | AH7: Pay | AI7: 681736680 | AJ7: 1C1 | AK7: null | AL7: 2C1 | AM7: null | AN7: 3C1 | AO7: null | AP7: 4C1 | AQ7: null | AR7: 5C1 | AS7: null
A8: 3 | B8: 4 | C8: 1843384 | D8: 681736680 | E8: =IFERROR((D8/$E$1)/(C8),0) -> 3.698289 | F8: 0.01843384 | G8: 0.068173668 | I8: ="("&$A8&", "&$B8&"]" -> (3, 4] | J8: 1 | K8: 0.67088783 | L8: 0.012367039 | M8: 12367038 | N8: 0.012367798 | O8: 0.045739692 | P8: 0.012996256 | Q8: 0.048063909 | R8: 0.0123818 | S8: 0.0123818 | T8: 0.6716886 | W8: 0.76505623 | Y8: 80 | Z8: 90 | AB8: 90 | AC8: 6 | AD8: 6e-07 | AF8: BaseGame 4x | AG8: 1261039 | AH8: Pay | AI8: 605977340 | AJ8: 1C1 | AK8: null | AL8: 2C1 | AM8: null | AN8: 3C1 | AO8: null | AP8: 4C1 | AQ8: null | AR8: 5C1 | AS8: null
A9: 4 | B9: 5 | C9: 1261039 | D9: 605977340 | E9: =IFERROR((D9/$E$1)/(C9),0) -> 4.8053814 | F9: 0.01261039 | G9: 0.060597734 | I9: ="("&$A9&", "&$B9&"]" -> (4, 5] | J9: 1 | K9: 0.80057166 | L9: 0.010095521 | M9: 10095520 | N9: 0.01009614 | O9: 0.048515806 | P9: 0.010587974 | Q9: 0.050879254 | R9: 0.010087381 | S9: 0.010087381 | T9: 0.79992616 | W9: 0.97221486 | Y9: 120 | Z9: 140 | AB9: 120 | AC9: 9 | AD9: 9e-07 | AF9: BaseGame 5x | AG9: 1254493 | AH9: Pay | AI9: 746676720 | AJ9: 1C1 | AK9: null | AL9: 2C1 | AM9: null | AN9: 3C1 | AO9: null | AP9: 4C1 | AQ9: null | AR9: 5C1 | AS9: null
A10: 5 | B10: 6 | C10: 1254493 | D10: 746676720 | E10: =IFERROR((D10/$E$1)/(C10),0) -> 5.9520198 | F10: 0.01254493 | G10: 0.074667672 | I10: ="("&$A10&", "&$B10&"]" -> (5, 6] | J10: 1 | K10: 0.642802 | L10: 0.0080639061 | M10: 8063906 | N10: 0.0080644016 | O10: 0.047999478 | P10: 0.0083771962 | Q10: 0.049861238 | R10: 0.0079811272 | S10: 0.0079811272 | T10: 0.63620341 | W10: 0.7310748 | Y10: 60 | Z10: 70 | AB10: 140 | AC10: 6 | AD10: 6e-07 | AF10: BaseGame 6x | AG10: 316037 | AH10: Pay | AI10: 206311540 | AJ10: 1C1 | AK10: null | AL10: 2C1 | AM10: null | AN10: 3C1 | AO10: null | AP10: 4C1 | AQ10: null | AR10: 5C1 | AS10: null
A11: 6 | B11: 7 | C11: 316037 | D11: 206311540 | E11: =IFERROR((D11/$E$1)/(C11),0) -> 6.5280818 | F11: 0.00316037 | G11: 0.020631154 | I11: ="("&$A11&", "&$B11&"]" -> (6, 7] | J11: 1 | K11: 0.62019473 | L11: 0.0019600448 | M11: 1960044 | N11: 0.0019601645 | O11: 0.012796114 | P11: 0.0021346722 | Q11: 0.013935315 | R11: 0.0020337461 | S11: 0.0020337461 | T11: 0.6435152 | W11: 0.92193727 | Y11: 120 | Z11: 140 | AB11: 160 | AC11: 6 | AD11: 6e-07 | AF11: BaseGame 7x | AG11: 1316405 | AH11: Pay | AI11: 1015442580 | AJ11: 1C1 | AK11: null | AL11: 2C1 | AM11: null | AN11: 3C1 | AO11: null | AP11: 4C1 | AQ11: null | AR11: 5C1 | AS11: null
A12: 7 | B12: 8 | C12: 1316405 | D12: 1015442580 | E12: =IFERROR((D12/$E$1)/(C12),0) -> 7.7137551 | F12: 0.01316405 | G12: 0.10154426 | I12: ="("&$A12&", "&$B12&"]" -> (7, 8] | J12: 1 | K12: 0.6396 | L12: 0.0084197264 | M12: 8419726 | N12: 0.0084202435 | O12: 0.064951696 | P12: 0.0088375429 | Q12: 0.068170642 | R12: 0.008419709 | S12: 0.008419709 | T12: 0.63959868 | W12: 0.83718336 | Y12: 90 | Z12: 100 | AB12: 180 | AC12: 1 | AD12: 1e-07 | AF12: BaseGame 8x | AG12: 574169 | AH12: Pay | AI12: 512208280 | AJ12: 1C1 | AK12: null | AL12: 2C1 | AM12: null | AN12: 3C1 | AO12: null | AP12: 4C1 | AQ12: null | AR12: 5C1 | AS12: null
A13: 8 | B13: 9 | C13: 574169 | D13: 512208280 | E13: =IFERROR((D13/$E$1)/(C13),0) -> 8.9208627 | F13: 0.00574169 | G13: 0.051220828 | I13: ="("&$A13&", "&$B13&"]" -> (8, 9] | J13: 1 | K13: 0.53678188 | L13: 0.0030820351 | M13: 3082035 | N13: 0.0030822244 | O13: 0.027496101 | P13: 0.0032443305 | Q13: 0.028942227 | R13: 0.0030909404 | S13: 0.0030909404 | T13: 0.53833286 | W13: 0.73011297 | Y13: 90 | Z13: 100 | AB13: 200 | AC13: 4 | AD13: 4e-07 | AF13: BaseGame 9x | AG13: 713840 | AH13: Pay | AI13: 696013360 | AJ13: 1C1 | AK13: null | AL13: 2C1 | AM13: null | AN13: 3C1 | AO13: null | AP13: 4C1 | AQ13: null | AR13: 5C1 | AS13: null
A14: 9 | B14: 10 | C14: 713840 | D14: 696013360 | E14: =IFERROR((D14/$E$1)/(C14),0) -> 9.7502712 | F14: 0.0071384 | G14: 0.069601336 | I14: ="("&$A14&", "&$B14&"]" -> (9, 10] | J14: 1 | K14: 0.86878799 | L14: 0.0062017562 | M14: 6201756 | N14: 0.0062021372 | O14: 0.060472519 | P14: 0.0064938585 | Q14: 0.063316881 | R14: 0.0061868326 | S14: 0.0061868326 | T14: 0.86669738 | W14: 1.0527638 | Y14: 80 | Z14: 90 | AB14: 0 | AC14: 0 | AD14: 0 | AF14: BaseGame 10x | AG14: 1791031 | AH14: Pay | AI14: 2280142320 | AJ14: 1C1 | AK14: null | AL14: 2C1 | AM14: null | AN14: 3C1 | AO14: null | AP14: 4C1 | AQ14: null | AR14: 5C1 | AS14: null
A15: 10 | B15: 15 | C15: 1791031 | D15: 2280142320 | E15: =IFERROR((D15/$E$1)/(C15),0) -> 12.730893 | F15: 0.01791031 | G15: 0.22801423 | I15: ="("&$A15&", "&$B15&"]" -> (10, 15] | J15: 1 | K15: 0.5519581 | L15: 0.0098857407 | M15: 9885740 | N15: 0.0098863476 | O15: 0.12586203 | P15: 0.010357801 | Q15: 0.13186405 | R15: 0.0098680899 | S15: 0.0098680899 | T15: 0.55097259 | W15: 0.81707965 | Y15: 40 | Z15: 45 | AF15: BaseGame 15x | AG15: 1124732 | AH15: Pay | AI15: 2007398080 | AJ15: 1C1 | AK15: null | AL15: 2C1 | AM15: null | AN15: 3C1 | AO15: null | AP15: 4C1 | AQ15: null | AR15: 5C1 | AS15: null
A16: 15 | B16: 20 | C16: 1124732 | D16: 2007398080 | E16: =IFERROR((D16/$E$1)/(C16),0) -> 17.84779 | F16: 0.01124732 | G16: 0.20073981 | I16: ="("&$A16&", "&$B16&"]" -> (15, 20] | J16: 1 | K16: 0.52230015 | L16: 0.0058744769 | M16: 5874476 | N16: 0.005874837 | O16: 0.10485286 | P16: 0.006169017 | Q16: 0.11010332 | R16: 0.0058773495 | S16: 0.0058773495 | T16: 0.52255555 | W16: 0.79998561 | Y16: 80 | Z16: 90 | AF16: BaseGame 20x | AG16: 621987 | AH16: Pay | AI16: 1445763680 | AJ16: 1C1 | AK16: null | AL16: 2C1 | AM16: null | AN16: 3C1 | AO16: null | AP16: 4C1 | AQ16: null | AR16: 5C1 | AS16: null
A17: 20 | B17: 25 | C17: 621987 | D17: 1445763680 | E17: =IFERROR((D17/$E$1)/(C17),0) -> 23.244275 | F17: 0.00621987 | G17: 0.14457637 | I17: ="("&$A17&", "&$B17&"]" -> (20, 25] | J17: 1 | K17: 0.39618481 | L17: 0.002464218 | M17: 2464217 | N17: 0.0024643685 | O17: 0.057282458 | P17: 0.002581654 | Q17: 0.060008675 | R17: 0.0024595949 | S17: 0.0024595949 | T17: 0.39544153 | W17: 0.68578908 | Y17: 80 | Z17: 90 | AF17: BaseGame 25x | AG17: 433005 | AH17: Pay | AI17: 1231300120 | AJ17: 1C1 | AK17: null | AL17: 2C1 | AM17: null | AN17: 3C1 | AO17: null | AP17: 4C1 | AQ17: null | AR17: 5C1 | AS17: null
A18: 25 | B18: 30 | C18: 433005 | D18: 1231300120 | E18: =IFERROR((D18/$E$1)/(C18),0) -> 28.436164 | F18: 0.00433005 | G18: 0.12313001 | I18: ="("&$A18&", "&$B18&"]" -> (25, 30] | J18: 1 | K18: 0.49356602 | L18: 0.0021371655 | M18: 2137165 | N18: 0.0021372963 | O18: 0.06077651 | P18: 0.0022505014 | Q18: 0.063995626 | R18: 0.002144099 | S18: 0.002144099 | T18: 0.49516725 | W18: 0.98311644 | Y18: 90 | Z18: 100 | AF18: BaseGame 30x | AG18: 214207 | AH18: Pay | AI18: 697834840 | AJ18: 1C1 | AK18: null | AL18: 2C1 | AM18: null | AN18: 3C1 | AO18: null | AP18: 4C1 | AQ18: null | AR18: 5C1 | AS18: null
A19: 30 | B19: 35 | C19: 214207 | D19: 697834840 | E19: =IFERROR((D19/$E$1)/(C19),0) -> 32.577593 | F19: 0.00214207 | G19: 0.069783484 | I19: ="("&$A19&", "&$B19&"]" -> (30, 35] | J19: 1 | K19: 0.19071755 | L19: 0.00040853033 | M19: 408530 | N19: 0.00040855511 | O19: 0.013309742 | P19: 0.00042879068 | Q19: 0.013968968 | R19: 0.0004085177 | S19: 0.0004085177 | T19: 0.19071165 | W19: 0.49864521 | Y19: 60 | Z19: 70 | AF19: BaseGame 35x | AG19: 376411 | AH19: Pay | AI19: 1440717120 | AJ19: 1C1 | AK19: null | AL19: 2C1 | AM19: null | AN19: 3C1 | AO19: null | AP19: 4C1 | AQ19: null | AR19: 5C1 | AS19: null
A20: 35 | B20: 40 | C20: 376411 | D20: 1440717120 | E20: =IFERROR((D20/$E$1)/(C20),0) -> 38.275107 | F20: 0.00376411 | G20: 0.14407171 | I20: ="("&$A20&", "&$B20&"]" -> (35, 40] | J20: 1 | K20: 0.25334743 | L20: 0.00095362761 | M20: 953627 | N20: 0.00095368561 | O20: 0.036502418 | P20: 0.0010049665 | Q20: 0.038465202 | R20: 0.00095745231 | S20: 0.00095745231 | T20: 0.25436353 | W20: 0.49441416 | Y20: 80 | Z20: 90 | AF20: BaseGame 40x | AG20: 165201 | AH20: Pay | AI20: 718988620 | AJ20: 1C1 | AK20: null | AL20: 2C1 | AM20: null | AN20: 3C1 | AO20: null | AP20: 4C1 | AQ20: null | AR20: 5C1 | AS20: null
A21: 40 | B21: 45 | C21: 165201 | D21: 718988620 | E21: =IFERROR((D21/$E$1)/(C21),0) -> 43.52205 | F21: 0.00165201 | G21: 0.071898862 | I21: ="("&$A21&", "&$B21&"]" -> (40, 45] | J21: 1 | K21: 0.13411575 | L21: 0.00022156057 | M21: 221560 | N21: 0.00022157362 | O21: 0.0096433381 | P21: 0.00023202959 | Q21: 0.010098403 | R21: 0.00022105936 | S21: 0.00022105936 | T21: 0.13381236 | W21: 0.41782936 | Y21: 140 | Z21: 160 | AF21: BaseGame 45x | AG21: 203218 | AH21: Pay | AI21: 977981300 | AJ21: 1C1 | AK21: null | AL21: 2C1 | AM21: null | AN21: 3C1 | AO21: null | AP21: 4C1 | AQ21: null | AR21: 5C1 | AS21: null
A22: 45 | B22: 50 | C22: 203218 | D22: 977981300 | E22: =IFERROR((D22/$E$1)/(C22),0) -> 48.124738 | F22: 0.00203218 | G22: 0.09779813 | I22: ="("&$A22&", "&$B22&"]" -> (45, 50] | J22: 1 | K22: 0.54523347 | L22: 0.0011080125 | M22: 1108012 | N22: 0.0011080801 | O22: 0.053326064 | P22: 0.0011646029 | Q22: 0.05604621 | R22: 0.0011095411 | S22: 0.0011095411 | T22: 0.54598566 | W22: 1.4185856 | Y22: 80 | Z22: 90 | AF22: BaseGame 50x | AG22: 324269 | AH22: Pay | AI22: 1840796800 | AJ22: 1C1 | AK22: null | AL22: 2C1 | AM22: null | AN22: 3C1 | AO22: null | AP22: 4C1 | AQ22: null | AR22: 5C1 | AS22: null
A23: 50 | B23: 60 | C23: 324269 | D23: 1840796800 | E23: =IFERROR((D23/$E$1)/(C23),0) -> 56.767585 | F23: 0.00324269 | G23: 0.18407968 | I23: ="("&$A23&", "&$B23&"]" -> (50, 60] | J23: 1 | K23: 0.1332857 | L23: 0.0004322042 | M23: 432204 | N23: 0.00043223056 | O23: 0.024536685 | P23: 0.00045292175 | Q23: 0.025711274 | R23: 0.00043150787 | S23: 0.00043150787 | T23: 0.13307096 | W23: 0.42154538 | Y23: 140 | Z23: 160 | AF23: BaseGame 60x | AG23: 197124 | AH23: Pay | AI23: 1291443040 | AJ23: 1C1 | AK23: null | AL23: 2C1 | AM23: null | AN23: 3C1 | AO23: null | AP23: 4C1 | AQ23: null | AR23: 5C1 | AS23: null
A24: 60 | B24: 70 | C24: 197124 | D24: 1291443040 | E24: =IFERROR((D24/$E$1)/(C24),0) -> 65.514247 | F24: 0.00197124 | G24: 0.1291443 | I24: ="("&$A24&", "&$B24&"]" -> (60, 70] | J24: 1 | K24: 0.022550304 | L24: 4.4452061e-05 | M24: 44452 | N24: 4.4454732e-05 | O24: 0.0029124183 | P24: 4.6777165e-05 | Q24: 0.0030645707 | R24: 4.4565567e-05 | S24: 4.4565567e-05 | T24: 0.022607885 | W24: 0.12078965 | Y24: 160 | Z24: 180 | AF24: BaseGame 70x | AG24: 255967 | AH24: Pay | AI24: 1949434600 | AJ24: 1C1 | AK24: null | AL24: 2C1 | AM24: null | AN24: 3C1 | AO24: null | AP24: 4C1 | AQ24: null | AR24: 5C1 | AS24: null
A25: 70 | B25: 80 | C25: 255967 | D25: 1949434600 | E25: =IFERROR((D25/$E$1)/(C25),0) -> 76.159607 | F25: 0.00255967 | G25: 0.19494346 | I25: ="("&$A25&", "&$B25&"]" -> (70, 80] | J25: 1 | K25: 0.074473896 | L25: 0.0001906286 | M25: 190628 | N25: 0.00019063972 | O25: 0.014519046 | P25: 0.00020010232 | Q25: 0.015239714 | R25: 0.00019064159 | S25: 0.00019064159 | T25: 0.074478973 | W25: 0.2628356 | Y25: 30 | Z25: 35 | AF25: BaseGame 80x | AG25: 168742 | AH25: Pay | AI25: 1456119240 | AJ25: 1C1 | AK25: null | AL25: 2C1 | AM25: null | AN25: 3C1 | AO25: null | AP25: 4C1 | AQ25: null | AR25: 5C1 | AS25: null
A26: 80 | B26: 90 | C26: 168742 | D26: 1456119240 | E26: =IFERROR((D26/$E$1)/(C26),0) -> 86.292638 | F26: 0.00168742 | G26: 0.14561192 | I26: ="("&$A26&", "&$B26&"]" -> (80, 90] | J26: 1 | K26: 0.043483755 | L26: 7.3375358e-05 | M26: 73375 | N26: 7.337951e-05 | O26: 0.0063321115 | P26: 7.7219447e-05 | Q26: 0.0066634698 | R26: 7.3568556e-05 | S26: 7.3568556e-05 | T26: 0.043598248 | W26: 0.22967491 | Y26: 80 | Z26: 90 | AF26: BaseGame 90x | AG26: 167385 | AH26: Pay | AI26: 1609603760 | AJ26: 1C1 | AK26: null | AL26: 2C1 | AM26: null | AN26: 3C1 | AO26: null | AP26: 4C1 | AQ26: null | AR26: 5C1 | AS26: null
... A35: 300 | B35: 350 | C35: 120231 | D35: 3902840620 | E35: =IFERROR((D35/$E$1)/(C35),0) -> 324.61184 | F35: 0.00120231 | G35: 0.39028406 | I35: ="("&$A35&", "&$B35&"]" -> (300, 350] | J35: 1 | K35: 0.00029534337 | L35: 3.5509428e-07 | M35: 355 | N35: 3.5502182e-07 | O35: 0.00011524429 | P35: 3.7124734e-07 | Q35: 0.00012051128 | R35: 3.5369498e-07 | S35: 3.5369498e-07 | T35: 0.00029417952 | W35: 0.0034030453 | Y35: 60 | Z35: 70 | AF35: BaseGame 350x | AG35: 101299 | AH35: Pay | AI35: 3810751320 | AJ35: 1C1 | AK35: null | AL35: 2C1 | AM35: null | AN35: 3C1 | AO35: null | AP35: 4C1 | AQ35: null | AR35: 5C1 | AS35: null
A36: 350 | B36: 400 | C36: 101299 | D36: 3810751320 | E36: =IFERROR((D36/$E$1)/(C36),0) -> 376.18844 | F36: 0.00101299 | G36: 0.38107513 | I36: ="("&$A36&", "&$B36&"]" -> (350, 400] | J36: 1 | K36: 0 | L36: 0 | M36: 0 | N36: 0 | O36: 0 | P36: 0 | Q36: 0 | R36: 0 | S36: 0 | T36: 0 | Y36: 120 | Z36: 140 | AF36: BaseGame 400x | AG36: 76969 | AH36: Pay | AI36: 3273311860 | AJ36: 1C1 | AK36: null | AL36: 2C1 | AM36: null | AN36: 3C1 | AO36: null | AP36: 4C1 | AQ36: null | AR36: 5C1 | AS36: null
A37: 400 | B37: 450 | C37: 76969 | D37: 3273311860 | E37: =IFERROR((D37/$E$1)/(C37),0) -> 425.27665 | F37: 0.00076969 | G37: 0.32733119 | I37: ="("&$A37&", "&$B37&"]" -> (400, 450] | J37: 1 | K37: 0 | L37: 0 | M37: 0 | N37: 0 | O37: 0 | P37: 0 | Q37: 0 | R37: 0 | S37: 0 | T37: 0 | Y37: 60 | Z37: 70 | AF37: BaseGame 450x | AG37: 66958 | AH37: Pay | AI37: 3195883300 | AJ37: 1C1 | AK37: null | AL37: 2C1 | AM37: null | AN37: 3C1 | AO37: null | AP37: 4C1 | AQ37: null | AR37: 5C1 | AS37: null
A38: 450 | B38: 500 | C38: 66958 | D38: 3195883300 | E38: =IFERROR((D38/$E$1)/(C38),0) -> 477.29671 | F38: 0.00066958 | G38: 0.31958833 | I38: ="("&$A38&", "&$B38&"]" -> (450, 500] | J38: 1 | K38: 0 | L38: 0 | M38: 0 | N38: 0 | O38: 0 | P38: 0 | Q38: 0 | R38: 0 | S38: 0 | T38: 0 | Y38: 40 | Z38: 45 | AF38: BaseGame 500x | AG38: 63841 | AH38: Pay | AI38: 3349902500 | AJ38: 1C1 | AK38: null | AL38: 2C1 | AM38: null | AN38: 3C1 | AO38: null | AP38: 4C1 | AQ38: null | AR38: 5C1 | AS38: null
A39: 500 | B39: 550 | C39: 63841 | D39: 3349902500 | E39: =IFERROR((D39/$E$1)/(C39),0) -> 524.72588 | F39: 0.00063841 | G39: 0.33499025 | I39: ="("&$A39&", "&$B39&"]" -> (500, 550] | J39: 1 | K39: 0.000108 | L39: 6.894828e-08 | M39: 68 | N39: 6.8004179e-08 | O39: 3.5683553e-05 | P39: 0 | Q39: 0 | R39: 0 | S39: 0 | T39: 0 | Y39: 80 | Z39: 90 | AF39: BaseGame 550x | AG39: 49241 | AH39: Pay | AI39: 2836792460 | AJ39: 1C1 | AK39: null | AL39: 2C1 | AM39: null | AN39: 3C1 | AO39: null | AP39: 4C1 | AQ39: null | AR39: 5C1 | AS39: null
A40: 550 | B40: 600 | C40: 49241 | D40: 2836792460 | E40: =IFERROR((D40/$E$1)/(C40),0) -> 576.10375 | F40: 0.00049241 | G40: 0.28367925 | I40: ="("&$A40&", "&$B40&"]" -> (550, 600] | J40: 1 | K40: 0 | L40: 0 | M40: 0 | N40: 0 | O40: 0 | P40: 0 | Q40: 0 | R40: 0 | S40: 0 | T40: 0 | Y40: 90 | Z40: 100 | AF40: BaseGame 600x | AG40: 36244 | AH40: Pay | AI40: 2268304480 | AJ40: 1C1 | AK40: null | AL40: 2C1 | AM40: null | AN40: 3C1 | AO40: null | AP40: 4C1 | AQ40: null | AR40: 5C1 | AS40: null
A41: 600 | B41: 650 | C41: 36244 | D41: 2268304480 | E41: =IFERROR((D41/$E$1)/(C41),0) -> 625.84275 | F41: 0.00036244 | G41: 0.22683045 | I41: ="("&$A41&", "&$B41&"]" -> (600, 650] | J41: 1 | K41: 0 | L41: 0 | M41: 0 | N41: 0 | O41: 0 | P41: 0 | Q41: 0 | R41: 0 | S41: 0 | T41: 0 | Y41: 120 | Z41: 140 | AF41: BaseGame 650x | AG41: 30702 | AH41: Pay | AI41: 2073268860 | AJ41: 1C1 | AK41: null | AL41: 2C1 | AM41: null | AN41: 3C1 | AO41: null | AP41: 4C1 | AQ41: null | AR41: 5C1 | AS41: null
A42: 650 | B42: 700 | C42: 30702 | D42: 2073268860 | E42: =IFERROR((D42/$E$1)/(C42),0) -> 675.28788 | F42: 0.00030702 | G42: 0.20732689 | I42: ="("&$A42&", "&$B42&"]" -> (650, 700] | J42: 0 | K42: 0 | L42: 0 | M42: 0 | N42: 0 | O42: 0 | P42: 0 | Q42: 0 | R42: 0 | S42: 0 | T42: 0 | Y42: 80 | Z42: 90 | AF42: BaseGame 700x | AG42: 26624 | AH42: Pay | AI42: 1929990420 | AJ42: 1C1 | AK42: null | AL42: 2C1 | AM42: null | AN42: 3C1 | AO42: null | AP42: 4C1 | AQ42: null | AR42: 5C1 | AS42: null
A43: 700 | B43: 750 | C43: 26624 | D43: 1929990420 | E43: =IFERROR((D43/$E$1)/(C43),0) -> 724.90626 | F43: 0.00026624 | G43: 0.19299904 | I43: ="("&$A43&", "&$B43&"]" -> (700, 750] | J43: 0 | K43: 0 | L43: 0 | M43: 0 | N43: 0 | O43: 0 | P43: 0 | Q43: 0 | R43: 0 | S43: 0 | T43: 0 | Y43: 120 | Z43: 140 | AF43: BaseGame 750x | AG43: 29582 | AH43: Pay | AI43: 2311927880 | AJ43: 1C1 | AK43: null | AL43: 2C1 | AM43: null | AN43: 3C1 | AO43: null | AP43: 4C1 | AQ43: null | AR43: 5C1 | AS43: null
A44: 750 | B44: 800 | C44: 29582 | D44: 2311927880 | E44: =IFERROR((D44/$E$1)/(C44),0) -> 781.53197 | F44: 0.00029582 | G44: 0.23119279 | I44: ="("&$A44&", "&$B44&"]" -> (750, 800] | J44: 0 | K44: 0 | L44: 0 | M44: 0 | N44: 0 | O44: 0 | P44: 0 | Q44: 0 | R44: 0 | S44: 0 | T44: 0 | Y44: 120 | Z44: 140 | AF44: BaseGame 800x | AG44: 31660 | AH44: Pay | AI44: 2618094520 | AJ44: 1C1 | AK44: null | AL44: 2C1 | AM44: null | AN44: 3C1 | AO44: null | AP44: 4C1 | AQ44: null | AR44: 5C1 | AS44: null
A45: 800 | B45: 850 | C45: 31660 | D45: 2618094520 | E45: =IFERROR((D45/$E$1)/(C45),0) -> 826.94078 | F45: 0.0003166 | G45: 0.26180945 | I45: ="("&$A45&", "&$B45&"]" -> (800, 850] | J45: 0 | K45: 0 | L45: 0 | M45: 0 | N45: 0 | O45: 0 | P45: 0 | Q45: 0 | R45: 0 | S45: 0 | T45: 0 | Y45: 140 | Z45: 160 | AF45: BaseGame 850x | AG45: 25319 | AH45: Pay | AI45: 2214041620 | AJ45: 1C1 | AK45: null | AL45: 2C1 | AM45: null | AN45: 3C1 | AO45: null | AP45: 4C1 | AQ45: null | AR45: 5C1 | AS45: null
A46: 850 | B46: 900 | C46: 25319 | D46: 2214041620 | E46: =IFERROR((D46/$E$1)/(C46),0) -> 874.45856 | F46: 0.00025319 | G46: 0.22140416 | I46: ="("&$A46&", "&$B46&"]" -> (850, 900] | J46: 0 | K46: 0 | L46: 0 | M46: 0 | N46: 0 | O46: 0 | P46: 0 | Q46: 0 | R46: 0 | S46: 0 | T46: 0 | Y46: 200 | Z46: 250 | AF46: BaseGame 900x | AG46: 17351 | AH46: Pay | AI46: 1604425740 | AJ46: 1C1 | AK46: null | AL46: 2C1 | AM46: null | AN46: 3C1 | AO46: null | AP46: 4C1 | AQ46: null | AR46: 5C1 | AS46: null
A47: 900 | B47: 950 | C47: 17351 | D47: 1604425740 | E47: =IFERROR((D47/$E$1)/(C47),0) -> 924.68776 | F47: 0.00017351 | G47: 0.16044257 | I47: ="("&$A47&", "&$B47&"]" -> (900, 950] | J47: 0 | K47: 0 | L47: 0 | M47: 0 | N47: 0 | O47: 0 | P47: 0 | Q47: 0 | R47: 0 | S47: 0 | T47: 0 | Y47: 200 | Z47: 250 | AF47: BaseGame 950x | AG47: 22344 | AH47: Pay | AI47: 2195989840 | AJ47: 1C1 | AK47: null | AL47: 2C1 | AM47: null | AN47: 3C1 | AO47: null | AP47: 4C1 | AQ47: null | AR47: 5C1 | AS47: null
... A54: 6000 | B54: 7000 | C54: 10296 | D54: 6634417080 | E54: =IFERROR((D54/$E$1)/(C54),0) -> 6443.684 | F54: 0.00010296 | G54: 0.66344171 | I54: ="("&$A54&", "&$B54&"]" -> (6000, 7000] | J54: 0 | K54: 0 | L54: 0 | M54: 0 | N54: 0 | O54: 0 | P54: 0 | Q54: 0 | R54: 0 | S54: 0 | T54: 0 | Y54: 160 | Z54: 180 | AF54: BaseGame 7000x | AG54: 16379 | AH54: Pay | AI54: 15875619560 | AJ54: 1C1 | AK54: null | AL54: 2C1 | AM54: null | AN54: 3C1 | AO54: null | AP54: 4C1 | AQ54: null | AR54: 5C1 | AS54: null
A55: 7000 | B55: 8000 | C55: 16379 | D55: 15875619560 | E55: =IFERROR((D55/$E$1)/(C55),0) -> 9692.6672 | F55: 0.00016379 | G55: 1.587562 | I55: ="("&$A55&", "&$B55&"]" -> (7000, 8000] | J55: 0 | K55: 0 | L55: 0 | M55: 0 | N55: 0 | O55: 0 | P55: 0 | Q55: 0 | R55: 0 | S55: 0 | T55: 0 | Y55: 45 | Z55: 50
A56: 8000 | B56: 9000 | C56: 0 | D56: 0 | E56: =IFERROR((D56/$E$1)/(C56),0) -> 0 | F56: 0 | G56: 0 | I56: ="("&$A56&", "&$B56&"]" -> (8000, 9000] | J56: 0 | K56: 0 | L56: 0 | M56: 0 | N56: 0 | O56: 0 | T56: #N/A
A57: 9000 | B57: 10000 | C57: 0 | D57: 0 | E57: =IFERROR((D57/$E$1)/(C57),0) -> 0 | F57: 0 | G57: 0 | I57: ="("&$A57&", "&$B57&"]" -> (9000, 10000] | J57: 0 | K57: 0 | L57: 0 | M57: 0 | N57: 0 | O57: 0 | T57: #N/A
A58: 10000 | B58: 20000 | C58: 0 | D58: 0 | E58: =IFERROR((D58/$E$1)/(C58),0) -> 0 | F58: 0 | G58: 0 | I58: ="("&$A58&", "&$B58&"]" -> (10000, 20000] | J58: 0 | K58: 0 | L58: 0 | M58: 0 | N58: 0 | O58: 0 | T58: #N/A
A59: 20000 | B59: 30000 | C59: 0 | D59: 0 | E59: =IFERROR((D59/$E$1)/(C59),0) -> 0 | F59: 0 | G59: 0 | I59: ="("&$A59&", "&$B59&"]" -> (20000, 30000] | J59: 0 | K59: 0 | L59: 0 | M59: 0 | N59: 0 | O59: 0 | T59: #N/A
A60: 30000 | B60: 100000 | C60: 0 | D60: 0 | E60: =IFERROR((D60/$E$1)/(C60),0) -> 0 | F60: 0 | G60: 0 | I60: ="("&$A60&", "&$B60&"]" -> (30000, 100000] | J60: 0 | K60: 0 | L60: 0 | M60: 0 | N60: 0 | O60: 0 | T60: #N/A
A61: 100000 | B61: 999999 | C61: 0 | D61: 0 | E61: =IFERROR((D61/$E$1)/(C61),0) -> 0 | F61: 0 | G61: 0 | I61: ="("&$A61&", "&$B61&"]" -> (100000, 999999] | J61: 0 | K61: 0 | L61: 0 | M61: 0 | N61: 0 | O61: 0 | T61: #N/A
O62: =SUM(O28:O55) -> 0.019958011
N63: Spin 數 | O63: 一天幾個
M64: >300 | N64: =1/SUM(N35:N55) -> 1550292.3 | O64: {=N66/N64:N65} -> 2.2576387
M65: >1000 | N65: =1/N49 -> 4504227.7 | O65: 0.77704775
D66: scale | E66: 150 | M66: total spin/day | N66: 3500000
A67: Extra Bet 1 | C67: (後端報表) | O67: =SUM(_xlfn.ANCHORARRAY(O69)) -> 0.91999674 | P67: 0.92
A68: {=A3:G3} -> Lower | B68: Upper | C68: Count | D68: Pay | E68: Multi. | F68: Prob. | G68: RTP | I68: Range | J68: Fix freq | K68: Fix num | L68: Fixed Prob. | M68: Fixed Weight | N68: Real Prob. | O68: Real RTP | P68: =SUM(_xlfn.ANCHORARRAY(Q69)) -> 0.95588231 | R68: =1-SUM(_xlfn.ANCHORARRAY(R69)) -> 0.037538416 | V68: YB | W68: FG 2
A69: {=A4:B61} -> -1 | B69: 0 | C69: 79527545 | D69: 0 | E69: =IFERROR((D69/$E$66)/(C69),0) -> 0 | F69: {=C69:C126/SUM(C69:C126)} -> 0.79527545 | G69: {=E69:E126*_xlfn.ANCHORARRAY(F69)} -> 0 | H69: {=A69:A120/1.5} -> -0.66666667 | I69: ="("&$A69&", "&$B69&"]" -> (-1, 0] | J69: {=IFERROR(IF(1/_xlfn.ANCHORARRAY(F69)<$J$2,1,0),0)} -> 1 | K69: 1.1123707 | L69: {=K69:K126*_xlfn.ANCHORARRAY(J69)*_xlfn.ANCHORARRAY(F69)} -> 0.8846411 | M69: {=INT(_xlfn.ANCHORARRAY(L69)*$M$2)} -> 884641100 | N69: {=_xlfn.ANCHORARRAY(M69)/SUM(_xlfn.ANCHORARRAY(M69))} -> 0.88464973 | O69: {=_xlfn.ANCHORARRAY(N69)*E69:E126} -> 0 | P69: 0.88014181 | Q69: {=P69:P120*E69:E120} -> 0 | R69: {=P67*P69:P120/P68} -> 0.84710268 | S69: =R69+R68 -> 0.8846411 | T69: {=S69:S120/F69:F120} -> 1.1123707 | V69: 0.87549793 | W69: 0.88014181 | AD69: BaseGame 00 | AE69: 79527545 | AT69: {='[1]Raw Data'!$S$1:$T$52} -> 79519285 | AU69: 0
A70: 0 | B70: 1 | C70: 1221030 | D70: 91661240 | E70: =IFERROR((D70/$E$66)/(C70),0) -> 0.50045857 | F70: 0.0122103 | G70: 0.0061107493 | H70: 0 | I70: ="("&$A70&", "&$B70&"]" -> (0, 1] | J70: 1 | K70: 0.33055134 | L70: 0.0040361311 | M70: 4036131 | N70: 0.0040361704 | O70: 0.0020199361 | P70: 0.0041935503 | Q70: 0.0020986982 | R70: 0.0040361311 | S70: {=R70:R120} -> 0.0040361311 | T70: 0.33055134 | V70: 0.0066271879 | W70: 0.0041935503 | AD70: BaseGame 0x | AE70: 1221030 | AF70: Pay | AG70: 91661240 | AH70: 1C1 | AI70: null | AJ70: 2C1 | AK70: null | AL70: 3C1 | AM70: null | AN70: 4C1 | AO70: null | AP70: 5C1 | AQ70: null | AT70: 891535 | AU70: 594293.33
A71: 1 | B71: 2 | C71: 1983581 | D71: 340592420 | E71: =IFERROR((D71/$E$66)/(C71),0) -> 1.1447055 | F71: 0.01983581 | G71: 0.022706161 | H71: 0.66666667 | I71: ="("&$A71&", "&$B71&"]" -> (1, 2] | J71: 1 | K71: 0.59050612 | L71: 0.011713167 | M71: 11713167 | N71: 0.011713281 | O71: 0.013408258 | P71: 0.01217001 | Q71: 0.013931078 | R71: 0.011713167 | S71: 0.011713167 | T71: 0.59050612 | V71: 0.0065916384 | W71: 0.01217001 | AD71: BaseGame 1x | AE71: 1983581 | AF71: Pay | AG71: 340592420 | AH71: 1C1 | AI71: null | AJ71: 2C1 | AK71: null | AL71: 3C1 | AM71: null | AN71: 4C1 | AO71: null | AP71: 5C1 | AQ71: null | AT71: 1581010 | AU71: 2464177.9
A72: 2 | B72: 3 | C72: 1400402 | D72: 385097500 | E72: =IFERROR((D72/$E$66)/(C72),0) -> 1.8332712 | F72: 0.01400402 | G72: 0.025673167 | H72: 1.3333333 | I72: ="("&$A72&", "&$B72&"]" -> (2, 3] | J72: 1 | K72: 0.42874967 | L72: 0.0060042189 | M72: 6004218 | N72: 0.0060042766 | O72: 0.011007467 | P72: 0.0062383985 | Q72: 0.011436676 | R72: 0.0060042189 | S72: 0.0060042189 | T72: 0.42874967 | V72: 0.0085824142 | W72: 0.0062383985 | AD72: BaseGame 2x | AE72: 1400402 | AF72: Pay | AG72: 385097500 | AH72: 1C1 | AI72: null | AJ72: 2C1 | AK72: null | AL72: 3C1 | AM72: null | AN72: 4C1 | AO72: null | AP72: 5C1 | AQ72: null | AT72: 1426312 | AU72: 3473772.5
A73: 3 | B73: 4 | C73: 1843384 | D73: 681736680 | E73: =IFERROR((D73/$E$66)/(C73),0) -> 2.465526 | F73: 0.01843384 | G73: 0.045449112 | H73: 2 | I73: ="("&$A73&", "&$B73&"]" -> (3, 4] | J73: 1 | K73: 0.60101245 | L73: 0.011078967 | M73: 11078967 | N73: 0.011079075 | O73: 0.027315748 | P73: 0.011511075 | Q73: 0.028380854 | R73: 0.011078967 | S73: 0.011078967 | T73: 0.60101245 | V73: 0.0062193034 | W73: 0.011511075 | AD73: BaseGame 3x | AE73: 1843384 | AF73: Pay | AG73: 681736680 | AH73: 1C1 | AI73: null | AJ73: 2C1 | AK73: null | AL73: 3C1 | AM73: null | AN73: 4C1 | AO73: null | AP73: 5C1 | AQ73: null | AT73: 2474805 | AU73: 8932647.7
A74: 4 | B74: 5 | C74: 1261039 | D74: 605977340 | E74: =IFERROR((D74/$E$66)/(C74),0) -> 3.2035876 | F74: 0.01261039 | G74: 0.040398489 | H74: 2.6666667 | I74: ="("&$A74&", "&$B74&"]" -> (4, 5] | J74: 1 | K74: 0.82043147 | L74: 0.010345961 | M74: 10345960 | N74: 0.010346061 | O74: 0.033144513 | P74: 0.010749479 | Q74: 0.034436899 | R74: 0.010345961 | S74: 0.010345961 | T74: 0.82043147 | V74: 0.016103954 | W74: 0.010749479 | AD74: BaseGame 4x | AE74: 1261039 | AF74: Pay | AG74: 605977340 | AH74: 1C1 | AI74: null | AJ74: 2C1 | AK74: null | AL74: 3C1 | AM74: null | AN74: 4C1 | AO74: null | AP74: 5C1 | AQ74: null | AT74: 797741 | AU74: 3694005.6
A75: 5 | B75: 6 | C75: 1254493 | D75: 746676720 | E75: =IFERROR((D75/$E$66)/(C75),0) -> 3.9680132 | F75: 0.01254493 | G75: 0.049778448 | H75: 3.3333333 | I75: ="("&$A75&", "&$B75&"]" -> (5, 6] | J75: 1 | K75: 0.7290074 | L75: 0.0091453468 | M75: 9145346 | N75: 0.0091454353 | O75: 0.036289208 | P75: 0.0095020383 | Q75: 0.037704213 | R75: 0.0091453468 | S75: 0.0091453468 | T75: 0.7290074 | V75: 0.0026007316 | W75: 0.0095020383 | AD75: BaseGame 5x | AE75: 1254493 | AF75: Pay | AG75: 746676720 | AH75: 1C1 | AI75: null | AJ75: 2C1 | AK75: null | AL75: 3C1 | AM75: null | AN75: 4C1 | AO75: null | AP75: 5C1 | AQ75: null | AT75: 1538763 | AU75: 8598399.9
A76: 6 | B76: 7 | C76: 316037 | D76: 206311540 | E76: =IFERROR((D76/$E$66)/(C76),0) -> 4.3520546 | F76: 0.00316037 | G76: 0.013754103 | H76: 4 | I76: ="("&$A76&", "&$B76&"]" -> (6, 7] | J76: 1 | K76: 0.66054758 | L76: 0.0020875748 | M76: 2087574 | N76: 0.0020875944 | O76: 0.0090853246 | P76: 0.0021689954 | Q76: 0.0094395864 | R76: 0.0020875748 | S76: 0.0020875748 | T76: 0.66054758 | V76: 0.012270214 | W76: 0.0021689954 | AD76: BaseGame 6x | AE76: 316037 | AF76: Pay | AG76: 206311540 | AH76: 1C1 | AI76: null | AJ76: 2C1 | AK76: null | AL76: 3C1 | AM76: null | AN76: 4C1 | AO76: null | AP76: 5C1 | AQ76: null | AT76: 945248 | AU76: 6177978.9
A77: 7 | B77: 8 | C77: 1316405 | D77: 1015442580 | E77: =IFERROR((D77/$E$66)/(C77),0) -> 5.1425034 | F77: 0.01316405 | G77: 0.067696172 | H77: 4.6666667 | I77: ="("&$A77&", "&$B77&"]" -> (7, 8] | J77: 1 | K77: 0.72317352 | L77: 0.0095198924 | M77: 9519892 | N77: 0.0095199849 | O77: 0.048956555 | P77: 0.0098911921 | Q77: 0.050865489 | R77: 0.0095198924 | S77: 0.0095198924 | T77: 0.72317352 | V77: 0.00506862 | W77: 0.0098911921 | AD77: BaseGame 7x | AE77: 1316405 | AF77: Pay | AG77: 1015442580 | AH77: 1C1 | AI77: null | AJ77: 2C1 | AK77: null | AL77: 3C1 | AM77: null | AN77: 4C1 | AO77: null | AP77: 5C1 | AQ77: null | AT77: 1215760 | AU77: 9643478.3
A78: 8 | B78: 9 | C78: 574169 | D78: 512208280 | E78: =IFERROR((D78/$E$66)/(C78),0) -> 5.9472418 | F78: 0.00574169 | G78: 0.034147219 | H78: 5.3333333 | I78: ="("&$A78&", "&$B78&"]" -> (8, 9] | J78: 1 | K78: 0.62631341 | L78: 0.0035960974 | M78: 3596097 | N78: 0.0035961321 | O78: 0.021387067 | P78: 0.0037363542 | Q78: 0.022221002 | R78: 0.0035960974 | S78: 0.0035960974 | T78: 0.62631341 | V78: 0.0060883313 | W78: 0.0037363542 | AD78: BaseGame 8x | AE78: 574169 | AF78: Pay | AG78: 512208280 | AH78: 1C1 | AI78: null | AJ78: 2C1 | AK78: null | AL78: 3C1 | AM78: null | AN78: 4C1 | AO78: null | AP78: 5C1 | AQ78: null | AT78: 165033 | AU78: 1422053.1
A79: 9 | B79: 10 | C79: 713840 | D79: 696013360 | E79: =IFERROR((D79/$E$66)/(C79),0) -> 6.5001808 | F79: 0.0071384 | G79: 0.046400891 | H79: 6 | I79: ="("&$A79&", "&$B79&"]" -> (9, 10] | J79: 1 | K79: 1.172186 | L79: 0.0083675328 | M79: 8367532 | N79: 0.0083676137 | O79: 0.054391002 | P79: 0.0086938875 | Q79: 0.056511841 | R79: 0.0083675328 | S79: 0.0083675328 | T79: 1.172186 | V79: 0.0094711534 | W79: 0.0086938875 | AD79: BaseGame 9x | AE79: 713840 | AF79: Pay | AG79: 696013360 | AH79: 1C1 | AI79: null | AJ79: 2C1 | AK79: null | AL79: 3C1 | AM79: null | AN79: 4C1 | AO79: null | AP79: 5C1 | AQ79: null | AT79: 704591 | AU79: 6836701.1
A80: 10 | B80: 15 | C80: 1791031 | D80: 2280142320 | E80: =IFERROR((D80/$E$66)/(C80),0) -> 8.4872617 | F80: 0.01791031 | G80: 0.15200949 | H80: 6.6666667 | I80: ="("&$A80&", "&$B80&"]" -> (10, 15] | J80: 1 | K80: 0.81551519 | L80: 0.01460613 | M80: 14606129 | N80: 0.014606272 | O80: 0.12396725 | P80: 0.015175806 | Q80: 0.12880103 | R80: 0.01460613 | S80: 0.01460613 | T80: 0.81551519 | V80: 0.01627796 | W80: 0.015175806 | AD80: BaseGame 10x | AE80: 1791031 | AF80: Pay | AG80: 2280142320 | AH80: 1C1 | AI80: null | AJ80: 2C1 | AK80: null | AL80: 3C1 | AM80: null | AN80: 4C1 | AO80: null | AP80: 5C1 | AQ80: null | AT80: 1657541 | AU80: 20314576
A81: 15 | B81: 20 | C81: 1124732 | D81: 2007398080 | E81: =IFERROR((D81/$E$66)/(C81),0) -> 11.898527 | F81: 0.01124732 | G81: 0.13382654 | H81: 10 | I81: ="("&$A81&", "&$B81&"]" -> (15, 20] | J81: 1 | K81: 0.81822091 | L81: 0.0092027925 | M81: 9202792 | N81: 0.0092028818 | O81: 0.10950074 | P81: 0.0095617245 | Q81: 0.11377043 | R81: 0.0092027925 | S81: 0.0092027925 | T81: 0.81822091 | V81: 0.0096170937 | W81: 0.0095617245 | AD81: BaseGame 15x | AE81: 1124732 | AF81: Pay | AG81: 2007398080 | AH81: 1C1 | AI81: null | AJ81: 2C1 | AK81: null | AL81: 3C1 | AM81: null | AN81: 4C1 | AO81: null | AP81: 5C1 | AQ81: null | AT81: 1111682 | AU81: 19430968
A82: 20 | B82: 25 | C82: 621987 | D82: 1445763680 | E82: =IFERROR((D82/$E$66)/(C82),0) -> 15.496183 | F82: 0.00621987 | G82: 0.096384245 | H82: 13.333333 | I82: ="("&$A82&", "&$B82&"]" -> (20, 25] | J82: 1 | K82: 0.82660655 | L82: 0.0051413853 | M82: 5141385 | N82: 0.0051414352 | O82: 0.079672622 | P82: 0.0053419122 | Q82: 0.082779251 | R82: 0.0051413853 | S82: 0.0051413853 | T82: 0.82660655 | V82: 0.0077011591 | W82: 0.0053419122 | AD82: BaseGame 20x | AE82: 621987 | AF82: Pay | AG82: 1445763680 | AH82: 1C1 | AI82: null | AJ82: 2C1 | AK82: null | AL82: 3C1 | AM82: null | AN82: 4C1 | AO82: null | AP82: 5C1 | AQ82: null | AT82: 458059 | AU82: 10386921
... A120: 7000 | B120: 8000 | C120: 16379 | D120: 15875619560 | E120: =IFERROR((D120/$E$66)/(C120),0) -> 6461.7781 | F120: 0.00016379 | G120: 1.0583746 | H120: 4666.6667 | I120: ="("&$A120&", "&$B120&"]" -> (7000, 8000] | J120: 0 | K120: 0 | L120: 0 | M120: 0 | N120: 0 | O120: 0 | P120: 0 | Q120: 0 | R120: 0 | S120: 0 | T120: 0 | V120: 0 | W120: 0 | AD120: BaseGame 7000x | AE120: 16379 | AF120: Pay | AG120: 15875619560 | AH120: 1C1 | AI120: null | AJ120: 2C1 | AK120: null | AL120: 3C1 | AM120: null | AN120: 4C1 | AO120: null | AP120: 5C1 | AQ120: null | AT120: 7472 | AU120: 60481605
A121: 8000 | B121: 9000 | C121: 0 | D121: 0 | E121: =IFERROR((D121/$E$66)/(C121),0) -> 0 | F121: 0 | G121: 0 | I121: ="("&$A121&", "&$B121&"]" -> (8000, 9000] | J121: 0 | K121: 0 | L121: 0 | M121: 0 | N121: 0 | O121: 0 | P121: 0 | V121: 0 | W121: 0
A122: 9000 | B122: 10000 | C122: 0 | D122: 0 | E122: =IFERROR((D122/$E$66)/(C122),0) -> 0 | F122: 0 | G122: 0 | I122: ="("&$A122&", "&$B122&"]" -> (9000, 10000] | J122: 0 | K122: 0 | L122: 0 | M122: 0 | N122: 0 | O122: 0 | P122: 0 | V122: 0 | W122: 0
A123: 10000 | B123: 20000 | C123: 0 | D123: 0 | E123: =IFERROR((D123/$E$66)/(C123),0) -> 0 | F123: 0 | G123: 0 | I123: ="("&$A123&", "&$B123&"]" -> (10000, 20000] | J123: 0 | K123: 0 | L123: 0 | M123: 0 | N123: 0 | O123: 0 | P123: 0 | V123: 0 | W123: 0
A124: 20000 | B124: 30000 | C124: 0 | D124: 0 | E124: =IFERROR((D124/$E$66)/(C124),0) -> 0 | F124: 0 | G124: 0 | I124: ="("&$A124&", "&$B124&"]" -> (20000, 30000] | J124: 0 | K124: 0 | L124: 0 | M124: 0 | N124: 0 | O124: 0 | P124: 0 | V124: 0 | W124: 0
A125: 30000 | B125: 100000 | C125: 0 | D125: 0 | E125: =IFERROR((D125/$E$66)/(C125),0) -> 0 | F125: 0 | G125: 0 | I125: ="("&$A125&", "&$B125&"]" -> (30000, 100000] | J125: 0 | K125: 0 | L125: 0 | M125: 0 | N125: 0 | O125: 0 | P125: 0 | V125: 0 | W125: 0
A126: 100000 | B126: 999999 | C126: 0 | D126: 0 | E126: =IFERROR((D126/$E$66)/(C126),0) -> 0 | F126: 0 | G126: 0 | I126: ="("&$A126&", "&$B126&"]" -> (100000, 999999] | J126: 0 | K126: 0 | L126: 0 | M126: 0 | N126: 0 | O126: 0 | P126: 0 | V126: 0 | W126: 0
O127: =SUM(O96:O120) -> 0.034200075
N128: Spin 數 | O128: 一天幾個
M129: >300 | N129: =1/SUM(N103:N120) -> 40569.201 | O129: {=N131/N129:N130} -> 86.272342
M130: >1000 | N130: =1/SUM(N115:N120) -> 2257314.3 | O130: 1.5505151
D131: scale | E131: 800 | M131: total spin/day | N131: =N66 -> 3500000
A132: Extra Bet 2 | C132: (後端報表) | O132: =SUM(_xlfn.ANCHORARRAY(O134)) -> 0.91999937
A133: {=A68:G68} -> Lower | B133: Upper | C133: Count | D133: Pay | E133: Multi. | F133: Prob. | G133: RTP | I133: Range | J133: Fix freq | K133: Fix num | L133: Fixed Prob. | M133: Fixed Weight | N133: Real Prob. | O133: Real RTP | R133: 1.0.0.6
A134: {=_xlfn.ANCHORARRAY(A69)} -> -1 | B134: 0 | C134: 79518011 | D134: 0 | E134: =IFERROR((D134/$E$131)/(C134),0) -> 0 | F134: {=C134:C191/SUM(C134:C191)} -> 0.79518011 | G134: {=E134:E191*_xlfn.ANCHORARRAY(F134)} -> 0 | H134: {=A134:A191/8} -> -0.125 | I134: ="("&$A134&", "&$B134&"]" -> (-1, 0] | J134: {=IFERROR(IF(1/_xlfn.ANCHORARRAY(F134)<$J$2,1,0),0)} -> 1 | K134: 0.138876 | L134: {=K134:K191*_xlfn.ANCHORARRAY(J134)*_xlfn.ANCHORARRAY(F134)} -> 0.11043143 | M134: {=INT(_xlfn.ANCHORARRAY(L134)*$M$2)} -> 110431432 | N134: {=_xlfn.ANCHORARRAY(M134)/SUM(_xlfn.ANCHORARRAY(M134))} -> 0.8541379 | O134: {=_xlfn.ANCHORARRAY(N134)*E134:E191} -> 0 | P134: {=IFERROR(_xlfn.ANCHORARRAY(N69)/(_xlfn.ANCHORARRAY(J134)*_xlfn.ANCHORARRAY(F134)),0)} -> 1.1125149 | Q134: {=IFERROR(_xlfn.ANCHORARRAY(N4)/(_xlfn.ANCHORARRAY(J69)*_xlfn.ANCHORARRAY(F69)),0)} -> 1.1140389 | R134: 0.75429337 | AC134: -1 | AD134: BaseGame 00 | AE134: 79520206 | AT134: BaseGame 00 | AU134: 55507791 | AV134: 0 | AW134: 0 | BA134: BaseGame 00 | BB134: 79518011
A135: 0 | B135: 1 | C135: 0 | D135: 0 | E135: =IFERROR((D135/$E$131)/(C135),0) -> 0 | F135: 0 | G135: 0 | H135: 0 | I135: ="("&$A135&", "&$B135&"]" -> (0, 1] | J135: 0 | K135: 0 | L135: 0 | M135: 0 | N135: 0 | O135: 0 | P135: 0 | Q135: 0.96355921 | R135: 0 | AC135: 0 | AT135: 0 | AU135: 0 | AV135: 0 | AW135: 0
A136: 1 | B136: 2 | C136: 0 | D136: 0 | E136: =IFERROR((D136/$E$131)/(C136),0) -> 0 | F136: 0 | G136: 0 | H136: 0.125 | I136: ="("&$A136&", "&$B136&"]" -> (1, 2] | J136: 0 | K136: 0 | L136: 0 | M136: 0 | N136: 0 | O136: 0 | P136: 0 | Q136: 0.82511185 | R136: 0 | AC136: 1 | AT136: 0 | AU136: 0 | AV136: 0 | AW136: 0
A137: 2 | B137: 3 | C137: 0 | D137: 0 | E137: =IFERROR((D137/$E$131)/(C137),0) -> 0 | F137: 0 | G137: 0 | H137: 0.25 | I137: ="("&$A137&", "&$B137&"]" -> (2, 3] | J137: 0 | K137: 0 | L137: 0 | M137: 0 | N137: 0 | O137: 0 | P137: 0 | Q137: 0.8300931 | R137: 0 | AC137: 2 | AT137: 0 | AU137: 0 | AV137: 0 | AW137: 0
A138: 3 | B138: 4 | C138: 153893 | D138: 61557200 | E138: =IFERROR((D138/$E$131)/(C138),0) -> 0.5 | F138: 0.00153893 | G138: 0.000769465 | H138: 0.375 | I138: ="("&$A138&", "&$B138&"]" -> (3, 4] | J138: 1 | K138: 0 | L138: 0 | M138: 0 | N138: 0 | O138: 0 | P138: 7.1992067 | Q138: 0.67092901 | R138: 0 | AC138: 3 | AD138: BaseGame 3x | AE138: 178359 | AF138: Pay | AG138: 71343600 | AH138: 1C1 | AI138: null | AJ138: 2C1 | AK138: null | AL138: 3C1 | AM138: null | AN138: 4C1 | AO138: null | AP138: 5C1 | AQ138: null | AT138: BaseGame 3x | AU138: 124231 | AV138: Pay | AW138: 49692400 | BA138: BaseGame 3x | BB138: 153893 | BC138: 61557200
A139: 4 | B139: 5 | C139: 0 | D139: 0 | E139: =IFERROR((D139/$E$131)/(C139),0) -> 0 | F139: 0 | G139: 0 | H139: 0.5 | I139: ="("&$A139&", "&$B139&"]" -> (4, 5] | J139: 0 | K139: 0 | L139: 0 | M139: 0 | N139: 0 | O139: 0 | P139: 0 | Q139: 0.8006208 | R139: 0 | AC139: 4 | AT139: 0 | AU139: 0 | AV139: 0 | AW139: 0
A140: 5 | B140: 6 | C140: 153964 | D140: 92378400 | E140: =IFERROR((D140/$E$131)/(C140),0) -> 0.75 | F140: 0.00153964 | G140: 0.00115473 | H140: 0.625 | I140: ="("&$A140&", "&$B140&"]" -> (5, 6] | J140: 1 | K140: 0 | L140: 0 | M140: 0 | N140: 0 | O140: 0 | P140: 5.9399829 | Q140: 0.6428415 | R140: 0 | AC140: 5 | AD140: BaseGame 5x | AE140: 88720 | AF140: Pay | AG140: 53232000 | AH140: 1C1 | AI140: null | AJ140: 2C1 | AK140: null | AL140: 3C1 | AM140: null | AN140: 4C1 | AO140: null | AP140: 5C1 | AQ140: null | AT140: BaseGame 5x | AU140: 62160 | AV140: Pay | AW140: 37296000 | BA140: BaseGame 5x | BB140: 153964 | BC140: 92378400
A141: 6 | B141: 7 | C141: 0 | D141: 0 | E141: =IFERROR((D141/$E$131)/(C141),0) -> 0 | F141: 0 | G141: 0 | H141: 0.75 | I141: ="("&$A141&", "&$B141&"]" -> (6, 7] | J141: 0 | K141: 0 | L141: 0 | M141: 0 | N141: 0 | O141: 0 | P141: 0 | Q141: 0.62023259 | R141: 0 | AC141: 6 | AT141: 0 | AU141: 0 | AV141: 0 | AW141: 0
A142: 7 | B142: 8 | C142: 217346 | D142: 173876800 | E142: =IFERROR((D142/$E$131)/(C142),0) -> 1 | F142: 0.00217346 | G142: 0.00217346 | H142: 0.875 | I142: ="("&$A142&", "&$B142&"]" -> (7, 8] | J142: 1 | K142: 2 | L142: 0.00434692 | M142: 4346920 | N142: 0.033621489 | O142: 0.033621489 | P142: 4.3801059 | Q142: 0.63963928 | R142: 0.039711127 | AC142: 7 | AD142: BaseGame 7x | AE142: 124663 | AF142: Pay | AG142: 99730400 | AH142: 1C1 | AI142: null | AJ142: 2C1 | AK142: null | AL142: 3C1 | AM142: null | AN142: 4C1 | AO142: null | AP142: 5C1 | AQ142: null | AT142: BaseGame 7x | AU142: 87587 | AV142: Pay | AW142: 70069600 | BA142: BaseGame 7x | BB142: 217346 | BC142: 173876800
A143: 8 | B143: 9 | C143: 0 | D143: 0 | E143: =IFERROR((D143/$E$131)/(C143),0) -> 0 | F143: 0 | G143: 0 | H143: 1 | I143: ="("&$A143&", "&$B143&"]" -> (8, 9] | J143: 0 | K143: 0 | L143: 0 | M143: 0 | N143: 0 | O143: 0 | P143: 0 | Q143: 0.53681484 | R143: 0 | AC143: 8 | AT143: 0 | AU143: 0 | AV143: 0 | AW143: 0
A144: 9 | B144: 10 | C144: 327763 | D144: 327763000 | E144: =IFERROR((D144/$E$131)/(C144),0) -> 1.25 | F144: 0.00327763 | G144: 0.0040970375 | H144: 1.125 | I144: ="("&$A144&", "&$B144&"]" -> (9, 10] | J144: 1 | K144: 1 | L144: 0.00327763 | M144: 3277630 | N144: 0.025351007 | O144: 0.031688759 | P144: 2.5529464 | Q144: 0.86884136 | R144: 0.029007261 | AC144: 9 | AD144: BaseGame 9x | AE144: 246653 | AF144: Pay | AG144: 246653000 | AH144: 1C1 | AI144: null | AJ144: 2C1 | AK144: null | AL144: 3C1 | AM144: null | AN144: 4C1 | AO144: null | AP144: 5C1 | AQ144: null | AT144: BaseGame 9x | AU144: 172537 | AV144: Pay | AW144: 172537000 | BA144: BaseGame 9x | BB144: 327763 | BC144: 327763000
A145: 10 | B145: 15 | C145: 261822 | D145: 365993900 | E145: =IFERROR((D145/$E$131)/(C145),0) -> 1.7473412 | F145: 0.00261822 | G145: 0.0045749238 | H145: 1.25 | I145: ="("&$A145&", "&$B145&"]" -> (10, 15] | J145: 1 | K145: 0.2 | L145: 0.000523644 | M145: 523644 | N145: 0.0040501529 | O145: 0.0070769992 | P145: 5.5787029 | Q145: 0.55199199 | R145: 0.046017882 | AC145: 10 | AD145: BaseGame 10x | AE145: 231202 | AF145: Pay | AG145: 314251200 | AH145: 1C1 | AI145: null | AJ145: 2C1 | AK145: null | AL145: 3C1 | AM145: null | AN145: 4C1 | AO145: null | AP145: 5C1 | AQ145: null | AT145: BaseGame 10x | AU145: 161633 | AV145: Pay | AW145: 219705200 | BA145: BaseGame 10x | BB145: 261822 | BC145: 365993900
A146: 15 | B146: 20 | C146: 900127 | D146: 1689426800 | E146: =IFERROR((D146/$E$131)/(C146),0) -> 2.3460951 | F146: 0.00900127 | G146: 0.021117835 | H146: 1.875 | I146: ="("&$A146&", "&$B146&"]" -> (15, 20] | J146: 1 | K146: 0.2 | L146: 0.001800254 | M146: 1800254 | N146: 0.013924162 | O146: 0.032667408 | P146: 1.0223982 | Q146: 0.52233217 | R146: 0.053251297 | AC146: 15 | AD146: BaseGame 15x | AE146: 697309 | AF146: Pay | AG146: 1272268000 | AH146: 1C1 | AI146: null | AJ146: 2C1 | AK146: null | AL146: 3C1 | AM146: null | AN146: 4C1 | AO146: null | AP146: 5C1 | AQ146: null | AT146: BaseGame 15x | AU146: 488372 | AV146: Pay | AW146: 891206800 | BA146: BaseGame 15x | BB146: 900127 | BC146: 1689426800
A147: 20 | B147: 25 | C147: 567432 | D147: 1378828300 | E147: =IFERROR((D147/$E$131)/(C147),0) -> 3.0374307 | F147: 0.00567432 | G147: 0.017235354 | H147: 2.5 | I147: ="("&$A147&", "&$B147&"]" -> (20, 25] | J147: 1 | K147: 0.2 | L147: 0.001134864 | M147: 1134864 | N147: 0.0087776672 | O147: 0.026661556 | P147: 0.90608834 | Q147: 0.396209 | R147: 0.011467971 | AC147: 20 | AD147: BaseGame 20x | AE147: 432602 | AF147: Pay | AG147: 1038421100 | AH147: 1C1 | AI147: null | AJ147: 2C1 | AK147: null | AL147: 3C1 | AM147: null | AN147: 4C1 | AO147: null | AP147: 5C1 | AQ147: null | AT147: BaseGame 20x | AU147: 301655 | AV147: Pay | AW147: 724090900 | BA147: BaseGame 20x | BB147: 567432 | BC147: 1378828300
A148: 25 | B148: 30 | C148: 450370 | D148: 1346011800 | E148: =IFERROR((D148/$E$131)/(C148),0) -> 3.73585 | F148: 0.0045037 | G148: 0.016825148 | H148: 3.125 | I148: ="("&$A148&", "&$B148&"]" -> (25, 30] | J148: 1 | K148: 0.2 | L148: 0.00090074 | M148: 900740 | N148: 0.0069668224 | O148: 0.026027003 | P148: 0.76123842 | Q148: 0.49359623 | R148: 0.009956103 | AC148: 25 | AD148: BaseGame 25x | AE148: 479642 | AF148: Pay | AG148: 1417869000 | AH148: 1C1 | AI148: null | AJ148: 2C1 | AK148: null | AL148: 3C1 | AM148: null | AN148: 4C1 | AO148: null | AP148: 5C1 | AQ148: null | AT148: BaseGame 25x | AU148: 332950 | AV148: Pay | AW148: 984132800 | BA148: BaseGame 25x | BB148: 450370 | BC148: 1346011800
