Workbook

Sheet Overview
A3: Model: | B3: 5.0.1.0
A5: Reel # | B5: 1 | C5: 2 | D5: 3 | E5: 4
A6: Visible Window Size | B6: 3 | C6: 3 | D6: 3 | E6: 3
E7: 用模擬各張表的RTP+權重得出的理論RTP
A8: OverAll
A9: Coin | B9: Bet | C9: Reels | D9: Line | E9: Pay Back %
A10: 1 | B10: 1 | C10: 4 | D10: 1 | E10: =Card_Info_NoExtra_testA!A2 -> 0.42607907
A11: 5 | B11: 5 | C11: 4 | D11: 1 | E11: =Card_Info_NoExtra_testA!D2 -> 0.71959919
A12: 10 | B12: 10 | C12: 4 | D12: 1 | E12: =Card_Info_NoExtra_testA!G2 -> 0.62352587
A13: 50 | B13: 50 | C13: 4 | D13: 1 | E13: =Card_Info_NoExtra_testA!J2 -> 0.8042406
A14: 100 | B14: 100 | C14: 4 | D14: 1 | E14: =Card_Info_NoExtra_testA!M2 -> 0.71356018
A16: Parameter A
A17: Coin | B17: Bet | C17: Reels | D17: Line | E17: Pay Back % | F17: Hit%
A18: 1 | B18: 1 | C18: 4 | D18: 1 | E18: 0.96493765
A19: 5 | B19: 5 | C19: 4 | D19: 1 | E19: 0.96522031
A20: 10 | B20: 10 | C20: 4 | D20: 1 | E20: 0.96503114
A21: 50 | B21: 50 | C21: 4 | D21: 1 | E21: 0.96509082
A22: 100 | B22: 100 | C22: 4 | D22: 1 | E22: 0.96593576
A24: Total payback percentage includes the following adjustments:
A25: Feature or Adjustment | B25: Respin | E25: Bonus
A26: Bet | B26: Pay Back | C26: Hit Freq | D26: Pulls/Hit | E26: Pay Back | F26: Hit Freq | G26: Pulls/Hit
A27: 1 | B27: 0.32865826 | E27: --
A28: 5 | B28: 0.13083013 | E28: 0.26798905
A29: 10 | B29: 0.11786942 | E29: 0.26657935
A30: 50 | B30: 0.14234767 | E30: 0.289615
A31: 100 | B31: 0.25152971 | E31: 0.20275845
A34: Parameter B
A35: Coin | B35: Bet | C35: Reels | D35: Line | E35: Pay Back % | F35: Hit%
A36: 1 | B36: 1 | C36: 4 | D36: 1 | E36: 32.640336
A37: 5 | B37: 5 | C37: 4 | D37: 1 | E37: 38.068061
A38: 10 | B38: 10 | C38: 4 | D38: 1 | E38: 27.668223
A39: 50 | B39: 50 | C39: 4 | D39: 1 | E39: 42.487217
A40: 100 | B40: 100 | C40: 4 | D40: 1 | E40: 37.440117
A42: Total payback percentage includes the following adjustments:
A43: Feature or Adjustment | B43: Respin | E43: Bonus
A44: Bet | B44: Pay Back | C44: Hit Freq | D44: Pulls/Hit | E44: Pay Back | F44: Hit Freq | G44: Pulls/Hit
A45: 1 | B45: 3.9167467 | E45: --
A46: 5 | B46: 3.0193534 | E46: 6.7185061
A47: 10 | B47: 1.3730078 | E47: 5.3740768
A48: 50 | B48: 1.5781948 | E48: 23.879206
A49: 100 | B49: 1.3207988 | E49: 23.857378
A52: Parameter C
A53: Coin | B53: Bet | C53: Reels | D53: Line | E53: Pay Back % | F53: Hit%
A54: 1 | B54: 1 | C54: 4 | D54: 1 | E54: --
A55: 5 | B55: 5 | C55: 4 | D55: 1 | E55: --
A56: 10 | B56: 10 | C56: 4 | D56: 1 | E56: --
A57: 50 | B57: 50 | C57: 4 | D57: 1 | E57: --
A58: 100 | B58: 100 | C58: 4 | D58: 1 | E58: 49.579838
A60: Total payback percentage includes the following adjustments:
A61: Feature or Adjustment | B61: Respin | E61: Bonus
A62: Bet | B62: Pay Back | C62: Hit Freq | D62: Pulls/Hit | E62: Pay Back | F62: Hit Freq | G62: Pulls/Hit
A63: 1 | B63: -- | E63: --
A64: 5 | B64: -- | E64: --
A65: 10 | B65: -- | E65: --
A66: 50 | B66: -- | E66: --
A67: 100 | B67: 1.514637 | E67: 23.887053

Sheet Extra_info
B2: 1 | C2: 卡片系統使用"Card_Info_NoExtra" | D2: Interval:倍率區間
D3: Weight:倍率區間權重
D4: Sheet:使用表

Sheet Description
B2: 1. 前三輪使用權重輪帶(first 3 reel)，共有A、B、C三張表，並依照多表權重選擇使用哪一張表
B4: 2. 第四輪使用權重輪帶(R4)，並依照前三輪分數來判斷要用哪一組的R4權重
B5: EX : 共有12組權重輪帶，分別對應分數1、5、10、11、15、50、51、55、>=100、>=3001、>= 6001，依照前三輪分數選擇對應的R4權重
B7: 3. 當R4轉到scatter時，使用權重輪帶(scatter) weight 1。
B9: 4. 當R4轉到respin時，使用權重輪帶(respin):
C10: a. 遇到Respin時，前三輪分數 + respin分數須大於等於一倍，respin分數重轉至符合條件
C11: b. 若respin後的分數小於respin前的分數，則互換，前三輪先表演分數小的
C12: c. 當respin分數為0時，respin分數重骰到大於0
B14: 5. bet100時 :
C15: a. bet100時，前三輪分數不能大於500000分(5000倍)，若大於時重轉
C16: b. bet100時，respin後分數不能大於500000分(5000倍)，若大於時重轉
C17: c. 當respin R3轉到Symbol "10"、"00"，依照switch權重決定R2、R3的Symbol是否互換
B19: 6. 重轉超過10次依照狀況使用固定組合[重轉超過]
B21: 7. R1、R4有機會觸發假表演，當有贏分且R1的Symbol不為0、E時，依照假表演權重表決定是否觸發，若觸發則依照假表演方向權重表來決定方向；當有贏分且R4的Symbol不為E時，依照假表演權重表決定是否觸發，若觸發則依照假表演方向權重表來決定方向
B23: 8. 若前三輪分數為0，第二、三輪轉到Symbol 0的RNG依照表格[0換E]有機率往下跳一個RNG
B24: EX：如果前三輪RNG為(1,0,1)，結果為EE0，0分，若第三輪觸發0換E，則RNG變為(1,0,2)
B26: 9. 初始盤面使用選擇的RNG
C28: bet1起始盤面
C29: R1 | D29: R2 | E29: R3 | F29: R4
B30: Bet1 | C30: 1 | D30: 0 | E30: 2 | F30: 3
B31: Bet5 | C31: 3 | D31: 2 | E31: 4 | F31: 5
B32: Bet10 | C32: 3 | D32: 4 | E32: 0 | F32: 7
B33: Bet50 | C33: 3 | D33: 8 | E33: 0 | F33: 5
B34: Bet100 | C34: 1 | D34: 8 | E34: 8 | F34: 7
E35: (此處為RNG)
B37: 10. 任務系統第四輪使用FreeGameCard_R4輪帶
B39: V2（3.0.0.0，2026-10-07；4.0.0.0，2026-10-12）：Normal Bet 全部押注改為對齊 JILI Money Coming 的調性。Bet1／Bet5／Bet10：bet{n}p_A 的子表、R4 分組、Respin、轉盤權重改為競品擬合值。Bet50／Bet100：以 Bet10 為範本外推（R4 分組與 Respin 同 Bet10，R2／R3 的 10／00 與 Respin 的 10／00 沿用 1.0.0.2 占比，紅轉盤依金額對應 Bet10 綠轉盤機率，500x／1000x 沿用 1.0.0.2 占比）。Card_Bet{n} 的 Hit%_Weight_Final 以多目標非負最小平方擬合（Bet50／Bet100 用 Bet10 的競品目標），RTP 固定 92%；≥200x 區間沿用 1.0.0.2 的權重與 B 表，A 表自然機率不足的區間改用 B 表。Card_Bet 的 Mul／Avg Mul／RTP 欄仍為 1.0.0.2 模擬值，V2 的 RTP 以 Simulator 驗證。Extra Bet 內容沿用 1.0.0.2。4.0.0.0（2026-10-12）：沒得分盤面演出調整——R1 幾乎全空白的子表調整 R2、R3 的空白／0 比例，讓 E 0 E、E E 0 各為 E E E 的 1.5 倍（E 0 0 為 2.25 倍；Bet1 為 E 0 _＝1.5 × E E _）；R4 數字分 0 分組（AX 欄）把空白權重移給 2X／5X／10X，沒得分時 R4 出現倍數的占比加 20 個百分點（倍數間比例、RESPIN／BONUS 權重不變）；派彩不變，Card_Bet 非零區間等比微調維持 RTP 92%。
B40: 4.0.0.0 補充（2026-10-12）：(1) 自然機率 ≥0.05%（數學模型規範 §1.5）但卡片 0 權重的區間補上權重，彼此比例依自然機率（各區間取自然機率最高的子表），最小者 1 ppm；其他區間以原目標重擬，RTP 92%。(2) Bet100 前三輪／respin 數字分上限 30000 分（300 倍）改為 500000 分（5000 倍）。
B41: 4.0.0.0 精度（2026-10-12）：依數學模型規範 §1.4.7，各押注卡片微調 2～3 格整數權重，RTP 精確到 92.0000%。
B42: 4.1.0.0（2026-10-13）：畫面組合可出現檢查——①自然機率 ≥0.05% 但卡片 0 權重的區間補權重（照自然機率，比例尺同 4.0.0.0 補區間）：Bet5 3x／120x、Bet10 7x／50x、Bet50 3x；②Bet100 (100,120] 子表 C→B（C 表缺 1100～11010 搭配空白／2X 的組合）；其餘區間等比微調，RTP 92.0000%。自然機率 <0.05% 而無法給權重的組合列為已知例外（見數值報告）。
B43: 5.0.0.0（2026-10-13）：依測試反饋只改 bet{n}p_A 權重——①R1 幾乎全空白的子表調 R2／R3 空白／0 比例，沒得分畫面 EEE／E0E／EE0／E00 取 4.1.0.0 與競品的中間值（00 放回空白）；②Bet10 該子表 R2 的 1／5 權重 ×2.94，E X 0／1／5／空 合計 2.43%→3.13%（同競品）；③R4：沒得分時出倍數（每局）約 30%→16%，有得分時 R4 是倍數 Bet1 15.3%→21.5%、Bet5 41.2%→42.1%、Bet10 22.9%→28.0%（同競品）。卡片等比調回 RTP 92.0000%。
B44: 5.0.1.0（2026-10-27）：新增 OP Jackpot 頁，填入 SCR（scatterComboRate；Oldhand／Newbie 共用同一套卡片故不分）；權重不變。

Sheet Card_Info_NoExtra_testA
A1: Bet 1 | D1: Bet 5 | G1: Bet 10 | J1: Bet 50 | M1: Bet 100 | R1: Simulation
A2: =Card_Bet1!$V$1 -> 0.42607907 | D2: =Card_Bet5!$V$1 -> 0.71959919 | G2: =Card_Bet10!$V$1 -> 0.62352587 | J2: =Card_Bet50!$V$1 -> 0.8042406 | M2: =Card_Bet100!$V$1 -> 0.71356018
A3: Interval | B3: Weight | C3: Sheet | D3: Interval | E3: Weight | F3: Sheet | G3: Interval | H3: Weight | I3: Sheet | J3: Interval | K3: Weight | L3: Sheet | M3: Interval | N3: Weight | O3: Sheet | R3: Bet | S3: RTP | T3: Respin | U3: Scatter | V3: rounds | W3: Scatter+Respin | X3: Scatter+Respin PROB.
A4: {=Card_Bet1!$K$3:$K$54} -> -1 | B4: {=Card_Bet1!$T$3:$T$54} -> 856097 | C4: {=Card_Bet1!$L$3:$L$54} -> A | D4: {=Card_Bet5!$K$3:$K$54} -> -1 | E4: {=Card_Bet5!$T$3:$T$54} -> 868433 | F4: {=Card_Bet5!$L$3:$L$54} -> A | G4: {=Card_Bet10!$K$3:$K$54} -> -1 | H4: {=Card_Bet10!$T$3:$T$54} -> 876426 | I4: {=Card_Bet10!$L$3:$L$54} -> A | J4: {=Card_Bet50!$K$3:$K$54} -> -1 | K4: {=Card_Bet50!$T$3:$T$54} -> 869589 | L4: {=Card_Bet50!$L$3:$L$54} -> A | M4: {=Card_Bet100!$K$3:$K$54} -> -1 | N4: {=Card_Bet100!$T$3:$T$54} -> 868278 | O4: {=Card_Bet100!$L$3:$L$54} -> A | R4: 1 | S4: 0.924421 | T4: 0.122159 | U4: - | V4: 100000000 | W4: =SUM(AA13:AA28,AD13:AD28) -> 2224546 | X4: =W4/V4 -> 0.02224546
A5: 0 | B5: 87908 | C5: A | D5: 0 | E5: 73842 | F5: A | G5: 0 | H5: 16356 | I5: A | J5: 0 | K5: 21320 | L5: A | M5: 0 | N5: 22965 | O5: A | R5: 5 | S5: 0.925082 | T5: 0.06123 | U5: 0.224109 | V5: 100000000 | W5: =SUM(AA30:AA48,AD30:AD48) -> 2214506 | X5: =W5/V5 -> 0.02214506
A6: 1 | B6: 1029 | C6: B | D6: 1 | E6: 1738 | F6: A | G6: 1 | H6: 51040 | I6: A | J6: 1 | K6: 51342 | L6: A | M6: 1 | N6: 38444 | O6: A | R6: 10 | S6: 0.925132 | T6: 0.081793 | U6: 0.16207 | V6: 300000000 | W6: =SUM(AA50:AA67,AD50:AD67) -> 9076233 | X6: =W6/V6 -> 0.03025411 | Y6: =W6/3 -> 3025411
A7: 2 | B7: 0 | C7: A | D7: 2 | E7: 4558 | F7: A | G7: 2 | H7: 307 | I7: B | J7: 2 | K7: 345 | L7: A | M7: 2 | N7: 318 | O7: A | R7: 50 | S7: 0.924556 | T7: 0.049855 | U7: 0.337065 | V7: 100000000 | W7: =SUM(AA69:AA84,AD69:AD84) -> 2021182 | X7: =W7/V7 -> 0.02021182
A8: 3 | B8: 0 | C8: A | D8: 3 | E8: 32 | F8: B | G8: 3 | H8: 0 | I8: A | J8: 3 | K8: 21 | L8: B | M8: 3 | N8: 0 | O8: A | R8: 100 | S8: 0.924881 | T8: 0.131463 | U8: 0.220799 | V8: 100000000 | W8: =SUM(AA86:AA108,AD86:AD108) -> 3811545 | X8: =W8/V8 -> 0.03811545
A9: 4 | B9: 25990 | C9: A | D9: 4 | E9: 22510 | F9: A | G9: 4 | H9: 11118 | I9: A | J9: 4 | K9: 10531 | L9: A | M9: 4 | N9: 15875 | O9: A
A10: 5 | B10: 196 | C10: B | D10: 5 | E10: 1062 | F10: A | G10: 5 | H10: 14768 | I10: A | J10: 5 | K10: 12823 | L10: B | M10: 5 | N10: 26258 | O10: A
A11: 6 | B11: 0 | C11: A | D11: 6 | E11: 2 | F11: B | G11: 6 | H11: 102 | I11: B | J11: 6 | K11: 1 | L11: B | M11: 6 | N11: 42 | O11: B
A12: 7 | B12: 0 | C12: A | D12: 7 | E12: 2 | F12: B | G12: 7 | H12: 5 | I12: B | J12: 7 | K12: 0 | L12: A | M12: 7 | N12: 1 | O12: B | Q12: Bet
A13: 8 | B13: 0 | C13: A | D13: 8 | E13: 0 | F13: A | G13: 8 | H13: 0 | I13: A | J13: 8 | K13: 0 | L13: A | M13: 8 | N13: 0 | O13: A | Q13: 1 | R13: BaseGame | S13: 0x | T13: = | U13: 6507225 | V13: Pay | W13: = | X13: 650722500 | Y13: 1C1 | Z13: = | AA13: null | AB13: 2C1 | AC13: = | AD13: 930217 | AE13: 3C1 | AF13: = | AG13: null | AH13: 4C1 | AI13: = | AJ13: null | AK13: 5C1 | AL13: = | AM13: null
A14: 9 | B14: 6515 | C14: A | D14: 9 | E14: 4499 | F14: A | G14: 9 | H14: 4597 | I14: A | J14: 9 | K14: 3918 | L14: A | M14: 9 | N14: 4632 | O14: A | Q14: 1 | R14: BaseGame | S14: 1x | T14: = | U14: 101518 | V14: Pay | W14: = | X14: 20303600 | Y14: 1C1 | Z14: = | AA14: null | AB14: 2C1 | AC14: = | AD14: 20601 | AE14: 3C1 | AF14: = | AG14: null | AH14: 4C1 | AI14: = | AJ14: null | AK14: 5C1 | AL14: = | AM14: null
A15: 10 | B15: 6207 | C15: A | D15: 10 | E15: 6243 | F15: A | G15: 10 | H15: 9440 | I15: A | J15: 10 | K15: 13948 | L15: A | M15: 10 | N15: 7501 | O15: A | Q15: 1 | R15: BaseGame | S15: 4x | T15: = | U15: 4280147 | V15: Pay | W15: = | X15: 2140073500 | Y15: 1C1 | Z15: = | AA15: null | AB15: 2C1 | AC15: = | AD15: 476797 | AE15: 3C1 | AF15: = | AG15: null | AH15: 4C1 | AI15: = | AJ15: null | AK15: 5C1 | AL15: = | AM15: null
A16: 15 | B16: 5365 | C16: A | D16: 15 | E16: 3093 | F16: A | G16: 15 | H16: 5477 | I16: A | J16: 15 | K16: 4075 | L16: A | M16: 15 | N16: 7188 | O16: A | Q16: 1 | R16: BaseGame | S16: 5x | T16: = | U16: 115234 | V16: Pay | W16: = | X16: 69140400 | Y16: 1C1 | Z16: = | AA16: null | AB16: 2C1 | AC16: = | AD16: 115234 | AE16: 3C1 | AF16: = | AG16: null | AH16: 4C1 | AI16: = | AJ16: null | AK16: 5C1 | AL16: = | AM16: null
A17: 20 | B17: 5135 | C17: A | D17: 20 | E17: 1940 | F17: A | G17: 20 | H17: 1493 | I17: A | J17: 20 | K17: 7763 | L17: A | M17: 20 | N17: 2650 | O17: A | Q17: 1 | R17: BaseGame | S17: 9x | T17: = | U17: 842034 | V17: Pay | W17: = | X17: 842034000 | Y17: 1C1 | Z17: = | AA17: null | AB17: 2C1 | AC17: = | AD17: 137814 | AE17: 3C1 | AF17: = | AG17: null | AH17: 4C1 | AI17: = | AJ17: null | AK17: 5C1 | AL17: = | AM17: null
A18: 25 | B18: 1 | C18: B | D18: 25 | E18: 201 | F18: B | G18: 25 | H18: 3904 | I18: A | J18: 25 | K18: 6 | L18: B | M18: 25 | N18: 934 | O18: B | Q18: 1 | R18: BaseGame | S18: 10x | T18: = | U18: 499261 | V18: Pay | W18: = | X18: 646741400 | Y18: 1C1 | Z18: = | AA18: null | AB18: 2C1 | AC18: = | AD18: 238575 | AE18: 3C1 | AF18: = | AG18: null | AH18: 4C1 | AI18: = | AJ18: null | AK18: 5C1 | AL18: = | AM18: null
A19: 30 | B19: 0 | C19: A | D19: 30 | E19: 7072 | F19: A | G19: 30 | H19: 9 | I19: B | J19: 30 | K19: 1514 | L19: A | M19: 30 | N19: 16 | O19: B | Q19: 1 | R19: BaseGame | S19: 15x | T19: = | U19: 499490 | V19: Pay | W19: = | X19: 966704800 | Y19: 1C1 | Z19: = | AA19: null | AB19: 2C1 | AC19: = | AD19: 175041 | AE19: 3C1 | AF19: = | AG19: null | AH19: 4C1 | AI19: = | AJ19: null | AK19: 5C1 | AL19: = | AM19: null
A20: 35 | B20: 0 | C20: A | D20: 35 | E20: 12 | F20: B | G20: 35 | H20: 2 | I20: B | J20: 35 | K20: 3 | L20: B | M20: 35 | N20: 17 | O20: C | Q20: 1 | R20: BaseGame | S20: 20x | T20: = | U20: 299500 | V20: Pay | W20: = | X20: 731488300 | Y20: 1C1 | Z20: = | AA20: null | AB20: 2C1 | AC20: = | AD20: 27310 | AE20: 3C1 | AF20: = | AG20: null | AH20: 4C1 | AI20: = | AJ20: null | AK20: 5C1 | AL20: = | AM20: null
A21: 40 | B21: 0 | C21: A | D21: 40 | E21: 25 | F21: B | G21: 40 | H21: 1 | I21: B | J21: 40 | K21: 318 | L21: B | M21: 40 | N21: 7 | O21: C | Q21: 1 | R21: BaseGame | S21: 25x | T21: = | U21: 119271 | V21: Pay | W21: = | X21: 354280200 | Y21: 1C1 | Z21: = | AA21: null | AB21: 2C1 | AC21: = | AD21: 13343 | AE21: 3C1 | AF21: = | AG21: null | AH21: 4C1 | AI21: = | AJ21: null | AK21: 5C1 | AL21: = | AM21: null
A22: 45 | B22: 2877 | C22: A | D22: 45 | E22: 4527 | F22: A | G22: 45 | H22: 2281 | I22: A | J22: 45 | K22: 2047 | L22: B | M22: 45 | N22: 1915 | O22: B | Q22: 1 | R22: BaseGame | S22: 45x | T22: = | U22: 350160 | V22: Pay | W22: = | X22: 1750800000 | Y22: 1C1 | Z22: = | AA22: null | AB22: 2C1 | AC22: = | AD22: 23402 | AE22: 3C1 | AF22: = | AG22: null | AH22: 4C1 | AI22: = | AJ22: null | AK22: 5C1 | AL22: = | AM22: null
A23: 50 | B23: 2327 | C23: A | D23: 50 | E23: 35 | F23: B | G23: 50 | H23: 55 | I23: B | J23: 50 | K23: 21 | L23: B | M23: 50 | N23: 2489 | O23: A | Q23: 1 | R23: BaseGame | S23: 50x | T23: = | U23: 160369 | V23: Pay | W23: = | X23: 864679400 | Y23: 1C1 | Z23: = | AA23: null | AB23: 2C1 | AC23: = | AD23: 61554 | AE23: 3C1 | AF23: = | AG23: null | AH23: 4C1 | AI23: = | AJ23: null | AK23: 5C1 | AL23: = | AM23: null
A24: 60 | B24: 1 | C24: B | D24: 60 | E24: 5 | F24: B | G24: 60 | H24: 1887 | I24: A | J24: 60 | K24: 1 | L24: B | M24: 60 | N24: 26 | O24: C | Q24: 1 | R24: BaseGame | S24: 90x | T24: = | U24: 6502 | V24: Pay | W24: = | X24: 65020000 | Y24: 1C1 | Z24: = | AA24: null | AB24: 2C1 | AC24: = | AD24: 759 | AE24: 3C1 | AF24: = | AG24: null | AH24: 4C1 | AI24: = | AJ24: null | AK24: 5C1 | AL24: = | AM24: null
... A26: 80 | B26: 0 | C26: A | D26: 80 | E26: 0 | F26: A | G26: 80 | H26: 0 | I26: A | J26: 80 | K26: 0 | L26: A | M26: 80 | N26: 0 | O26: A | Q26: 1 | R26: BaseGame | S26: 140x | T26: = | U26: 270 | V26: Pay | W26: = | X26: 4153200 | Y26: 1C1 | Z26: = | AA26: null | AB26: 2C1 | AC26: = | AD26: 270 | AE26: 3C1 | AF26: = | AG26: null | AH26: 4C1 | AI26: = | AJ26: null | AK26: 5C1 | AL26: = | AM26: null
A27: 90 | B27: 5 | C27: B | D27: 90 | E27: 17 | F27: B | G27: 90 | H27: 10 | I27: B | J27: 90 | K27: 13 | L27: B | M27: 90 | N27: 317 | O27: B | Q27: 1 | R27: BaseGame | S27: 450x | T27: = | U27: 504 | V27: Pay | W27: = | X27: 25200000 | Y27: 1C1 | Z27: = | AA27: null | AB27: 2C1 | AC27: = | AD27: null | AE27: 3C1 | AF27: = | AG27: null | AH27: 4C1 | AI27: = | AJ27: null | AK27: 5C1 | AL27: = | AM27: null
A28: 100 | B28: 87 | C28: B | D28: 100 | E28: 84 | F28: B | G28: 100 | H28: 55 | I28: B | J28: 100 | K28: 51 | L28: B | M28: 100 | N28: 83 | O28: B | Q28: 1 | R28: BaseGame | S28: 500x | T28: = | U28: 406 | V28: Pay | W28: = | X28: 20929000 | Y28: 1C1 | Z28: = | AA28: null | AB28: 2C1 | AC28: = | AD28: null | AE28: 3C1 | AF28: = | AG28: null | AH28: 4C1 | AI28: = | AJ28: null | AK28: 5C1 | AL28: = | AM28: null
A29: 120 | B29: 0 | C29: A | D29: 120 | E29: 8 | F29: B | G29: 120 | H29: 1 | I29: B | J29: 120 | K29: 260 | L29: B | M29: 120 | N29: 1 | O29: B
A30: 140 | B30: 244 | C30: B | D30: 140 | E30: 4 | F30: B | G30: 140 | H30: 83 | I30: B | J30: 140 | K30: 0 | L30: A | M30: 140 | N30: 2 | O30: B | Q30: 5 | R30: BaseGame | S30: 0x | T30: = | U30: 6522384 | V30: Pay | W30: = | X30: 2063871100 | Y30: 1C1 | Z30: = | AA30: null | AB30: 2C1 | AC30: = | AD30: 219258 | AE30: 3C1 | AF30: = | AG30: null | AH30: 4C1 | AI30: = | AJ30: null | AK30: 5C1 | AL30: = | AM30: null
A31: 160 | B31: 0 | C31: A | D31: 160 | E31: 0 | F31: A | G31: 160 | H31: 0 | I31: A | J31: 160 | K31: 0 | L31: A | M31: 160 | N31: 0 | O31: A | Q31: 5 | R31: BaseGame | S31: 1x | T31: = | U31: 206419 | V31: Pay | W31: = | X31: 198670600 | Y31: 1C1 | Z31: = | AA31: null | AB31: 2C1 | AC31: = | AD31: 38321 | AE31: 3C1 | AF31: = | AG31: null | AH31: 4C1 | AI31: = | AJ31: null | AK31: 5C1 | AL31: = | AM31: null
A32: 180 | B32: 1 | C32: B | D32: 180 | E32: 11 | F32: B | G32: 180 | H32: 4 | I32: B | J32: 180 | K32: 11 | L32: B | M32: 180 | N32: 7 | O32: B | Q32: 5 | R32: BaseGame | S32: 2x | T32: = | U32: 407222 | V32: Pay | W32: = | X32: 527238000 | Y32: 1C1 | Z32: = | AA32: null | AB32: 2C1 | AC32: = | AD32: 99848 | AE32: 3C1 | AF32: = | AG32: null | AH32: 4C1 | AI32: = | AJ32: null | AK32: 5C1 | AL32: = | AM32: null
A33: 200 | B33: 3 | C33: B | D33: 200 | E33: 12 | F33: B | G33: 200 | H33: 3 | I33: B | J33: 200 | K33: 29 | L33: B | M33: 200 | N33: 16 | O33: B | Q33: 5 | R33: BaseGame | S33: 4x | T33: = | U33: 2985734 | V33: Pay | W33: = | X33: 7245865400 | Y33: 1C1 | Z33: = | AA33: 363205 | AB33: 2C1 | AC33: = | AD33: 263153 | AE33: 3C1 | AF33: = | AG33: null | AH33: 4C1 | AI33: = | AJ33: null | AK33: 5C1 | AL33: = | AM33: null
A34: 250 | B34: 2 | C34: B | D34: 250 | E34: 3 | F34: B | G34: 250 | H34: 5 | I34: B | J34: 250 | K34: 0 | L34: A | M34: 250 | N34: 4 | O34: B | Q34: 5 | R34: BaseGame | S34: 5x | T34: = | U34: 103219 | V34: Pay | W34: = | X34: 298722600 | Y34: 1C1 | Z34: = | AA34: 43356 | AB34: 2C1 | AC34: = | AD34: 8339 | AE34: 3C1 | AF34: = | AG34: null | AH34: 4C1 | AI34: = | AJ34: null | AK34: 5C1 | AL34: = | AM34: null
A35: 300 | B35: 0 | C35: A | D35: 300 | E35: 3 | F35: B | G35: 300 | H35: 0 | I35: A | J35: 300 | K35: 0 | L35: A | M35: 300 | N35: 0 | O35: A | Q35: 5 | R35: BaseGame | S35: 9x | T35: = | U35: 501004 | V35: Pay | W35: = | X35: 2505020000 | Y35: 1C1 | Z35: = | AA35: 47452 | AB35: 2C1 | AC35: = | AD35: 24574 | AE35: 3C1 | AF35: = | AG35: null | AH35: 4C1 | AI35: = | AJ35: null | AK35: 5C1 | AL35: = | AM35: null
A36: 350 | B36: 0 | C36: A | D36: 350 | E36: 1 | F36: B | G36: 350 | H36: 0 | I36: A | J36: 350 | K36: 0 | L36: A | M36: 350 | N36: 0 | O36: A | Q36: 5 | R36: BaseGame | S36: 10x | T36: = | U36: 587768 | V36: Pay | W36: = | X36: 3342746500 | Y36: 1C1 | Z36: = | AA36: 76349 | AB36: 2C1 | AC36: = | AD36: 152306 | AE36: 3C1 | AF36: = | AG36: null | AH36: 4C1 | AI36: = | AJ36: null | AK36: 5C1 | AL36: = | AM36: null
A37: 400 | B37: 0 | C37: A | D37: 400 | E37: 9 | F37: B | G37: 400 | H37: 0 | I37: A | J37: 400 | K37: 3 | L37: B | M37: 400 | N37: 0 | O37: A | Q37: 5 | R37: BaseGame | S37: 15x | T37: = | U37: 287784 | V37: Pay | W37: = | X37: 2749054600 | Y37: 1C1 | Z37: = | AA37: 99877 | AB37: 2C1 | AC37: = | AD37: 13608 | AE37: 3C1 | AF37: = | AG37: null | AH37: 4C1 | AI37: = | AJ37: null | AK37: 5C1 | AL37: = | AM37: null
A38: 450 | B38: 5 | C38: B | D38: 450 | E38: 1 | F38: B | G38: 450 | H38: 1 | I38: B | J38: 450 | K38: 6 | L38: B | M38: 450 | N38: 2 | O38: B | Q38: 5 | R38: BaseGame | S38: 20x | T38: = | U38: 630529 | V38: Pay | W38: = | X38: 6688011700 | Y38: 1C1 | Z38: = | AA38: 73280 | AB38: 2C1 | AC38: = | AD38: 170391 | AE38: 3C1 | AF38: = | AG38: null | AH38: 4C1 | AI38: = | AJ38: null | AK38: 5C1 | AL38: = | AM38: null
A39: 500 | B39: 4 | C39: B | D39: 500 | E39: 3 | F39: B | G39: 500 | H39: 1 | I39: B | J39: 500 | K39: 5 | L39: B | M39: 500 | N39: 3 | O39: B | Q39: 5 | R39: BaseGame | S39: 25x | T39: = | U39: 169605 | V39: Pay | W39: = | X39: 2448682500 | Y39: 1C1 | Z39: = | AA39: 117947 | AB39: 2C1 | AC39: = | AD39: 13619 | AE39: 3C1 | AF39: = | AG39: null | AH39: 4C1 | AI39: = | AJ39: null | AK39: 5C1 | AL39: = | AM39: null
A40: 550 | B40: 0 | C40: A | D40: 550 | E40: 2 | F40: B | G40: 550 | H40: 1 | I40: B | J40: 550 | K40: 0 | L40: A | M40: 550 | N40: 1 | O40: B | Q40: 5 | R40: BaseGame | S40: 30x | T40: = | U40: 180614 | V40: Pay | W40: = | X40: 2813035200 | Y40: 1C1 | Z40: = | AA40: 85597 | AB40: 2C1 | AC40: = | AD40: 55187 | AE40: 3C1 | AF40: = | AG40: null | AH40: 4C1 | AI40: = | AJ40: null | AK40: 5C1 | AL40: = | AM40: null
A41: 600 | B41: 0 | C41: A | D41: 600 | E41: 0 | F41: A | G41: 600 | H41: 0 | I41: A | J41: 600 | K41: 0 | L41: A | M41: 600 | N41: 0 | O41: A | Q41: 5 | R41: BaseGame | S41: 45x | T41: = | U41: 569828 | V41: Pay | W41: = | X41: 14160106800 | Y41: 1C1 | Z41: = | AA41: 237721 | AB41: 2C1 | AC41: = | AD41: 3328 | AE41: 3C1 | AF41: = | AG41: null | AH41: 4C1 | AI41: = | AJ41: null | AK41: 5C1 | AL41: = | AM41: null
A42: 650 | B42: 0 | C42: A | D42: 650 | E42: 0 | F42: A | G42: 650 | H42: 0 | I42: A | J42: 650 | K42: 0 | L42: A | M42: 650 | N42: 0 | O42: A | Q42: 5 | R42: BaseGame | S42: 90x | T42: = | U42: 9204 | V42: Pay | W42: = | X42: 460200000 | Y42: 1C1 | Z42: = | AA42: 3190 | AB42: 2C1 | AC42: = | AD42: 177 | AE42: 3C1 | AF42: = | AG42: null | AH42: 4C1 | AI42: = | AJ42: null | AK42: 5C1 | AL42: = | AM42: null
A43: 700 | B43: 0 | C43: A | D43: 700 | E43: 0 | F43: A | G43: 700 | H43: 0 | I43: A | J43: 700 | K43: 0 | L43: A | M43: 700 | N43: 0 | O43: A | Q43: 5 | R43: BaseGame | S43: 100x | T43: = | U43: 4416 | V43: Pay | W43: = | X43: 232401600 | Y43: 1C1 | Z43: = | AA43: 1006 | AB43: 2C1 | AC43: = | AD43: 821 | AE43: 3C1 | AF43: = | AG43: null | AH43: 4C1 | AI43: = | AJ43: null | AK43: 5C1 | AL43: = | AM43: null
A44: 750 | B44: 0 | C44: A | D44: 750 | E44: 0 | F44: A | G44: 750 | H44: 0 | I44: A | J44: 750 | K44: 0 | L44: A | M44: 750 | N44: 0 | O44: A | Q44: 5 | R44: BaseGame | S44: 180x | T44: = | U44: 2265 | V44: Pay | W44: = | X44: 226500000 | Y44: 1C1 | Z44: = | AA44: 1222 | AB44: 2C1 | AC44: = | AD44: 68 | AE44: 3C1 | AF44: = | AG44: null | AH44: 4C1 | AI44: = | AJ44: null | AK44: 5C1 | AL44: = | AM44: null
... A47: 900 | B47: 0 | C47: A | D47: 900 | E47: 0 | F47: A | G47: 900 | H47: 0 | I47: A | J47: 900 | K47: 0 | L47: A | M47: 900 | N47: 0 | O47: A | Q47: 5 | R47: BaseGame | S47: 300x | T47: = | U47: 271 | V47: Pay | W47: = | X47: 41509100 | Y47: 1C1 | Z47: = | AA47: 185 | AB47: 2C1 | AC47: = | AD47: 86 | AE47: 3C1 | AF47: = | AG47: null | AH47: 4C1 | AI47: = | AJ47: null | AK47: 5C1 | AL47: = | AM47: null
A48: 950 | B48: 0 | C48: A | D48: 950 | E48: 1 | F48: B | G48: 950 | H48: 0 | I48: A | J48: 950 | K48: 3 | L48: B | M48: 950 | N48: 1 | O48: B | Q48: 5 | R48: BaseGame | S48: 500x | T48: = | U48: 287 | V48: Pay | W48: = | X48: 74146000 | Y48: 1C1 | Z48: = | AA48: null | AB48: 2C1 | AC48: = | AD48: null | AE48: 3C1 | AF48: = | AG48: null | AH48: 4C1 | AI48: = | AJ48: null | AK48: 5C1 | AL48: = | AM48: null
A49: 1000 | B49: 0 | C49: A | D49: 1000 | E49: 8 | F49: B | G49: 1000 | H49: 4 | I49: B | J49: 1000 | K49: 1 | L49: B | M49: 1000 | N49: 1 | O49: B
A50: 2000 | B50: 0 | C50: A | D50: 2000 | E50: 0 | F50: A | G50: 2000 | H50: 0 | I50: A | J50: 2000 | K50: 31 | L50: B | M50: 2000 | N50: 2 | O50: B | Q50: 10 | R50: BaseGame | S50: 0x | T50: = | U50: 7415128 | V50: Pay | W50: = | X50: 3896003900 | Y50: 1C1 | Z50: = | AA50: null | AB50: 2C1 | AC50: = | AD50: 205116 | AE50: 3C1 | AF50: = | AG50: null | AH50: 4C1 | AI50: = | AJ50: null | AK50: 5C1 | AL50: = | AM50: null
A51: 3000 | B51: 0 | C51: A | D51: 3000 | E51: 0 | F51: A | G51: 3000 | H51: 0 | I51: A | J51: 3000 | K51: 0 | L51: A | M51: 3000 | N51: 0 | O51: A | Q51: 10 | R51: BaseGame | S51: 1x | T51: = | U51: 11788841 | V51: Pay | W51: = | X51: 16762301100 | Y51: 1C1 | Z51: = | AA51: null | AB51: 2C1 | AC51: = | AD51: 3221652 | AE51: 3C1 | AF51: = | AG51: null | AH51: 4C1 | AI51: = | AJ51: null | AK51: 5C1 | AL51: = | AM51: null
A52: 4000 | B52: 0 | C52: A | D52: 4000 | E52: 0 | F52: A | G52: 4000 | H52: 0 | I52: A | J52: 4000 | K52: 0 | L52: A | M52: 4000 | N52: 0 | O52: A | Q52: 10 | R52: BaseGame | S52: 2x | T52: = | U52: 100648 | V52: Pay | W52: = | X52: 253953400 | Y52: 1C1 | Z52: = | AA52: null | AB52: 2C1 | AC52: = | AD52: 10984 | AE52: 3C1 | AF52: = | AG52: null | AH52: 4C1 | AI52: = | AJ52: null | AK52: 5C1 | AL52: = | AM52: null
A53: 5000 | B53: 0 | C53: A | D53: 5000 | E53: 0 | F53: A | G53: 5000 | H53: 0 | I53: A | J53: 5000 | K53: 0 | L53: A | M53: 5000 | N53: 2 | O53: B | Q53: 10 | R53: BaseGame | S53: 4x | T53: = | U53: 4612010 | V53: Pay | W53: = | X53: 23060050000 | Y53: 1C1 | Z53: = | AA53: 268981 | AB53: 2C1 | AC53: = | AD53: 178899 | AE53: 3C1 | AF53: = | AG53: null | AH53: 4C1 | AI53: = | AJ53: null | AK53: 5C1 | AL53: = | AM53: null
A54: 6000 | B54: 0 | C54: A | D54: 6000 | E54: 0 | F54: A | G54: 6000 | H54: 0 | I54: A | J54: 6000 | K54: 0 | L54: A | M54: 6000 | N54: 0 | O54: A | Q54: 10 | R54: BaseGame | S54: 5x | T54: = | U54: 5499076 | V54: Pay | W54: = | X54: 29494145200 | Y54: 1C1 | Z54: = | AA54: 378680 | AB54: 2C1 | AC54: = | AD54: 1277601 | AE54: 3C1 | AF54: = | AG54: null | AH54: 4C1 | AI54: = | AJ54: null | AK54: 5C1 | AL54: = | AM54: null
A55: 7000 | B55: 0 | C55: A | D55: 7000 | E55: 0 | F55: A | G55: 7000 | H55: 0 | I55: A | J55: 7000 | K55: 0 | L55: A | M55: 7000 | N55: 1 | O55: B | Q55: 10 | R55: BaseGame | S55: 6x | T55: = | U55: 20968 | V55: Pay | W55: = | X55: 134158000 | Y55: 1C1 | Z55: = | AA55: 3923 | AB55: 2C1 | AC55: = | AD55: 17045 | AE55: 3C1 | AF55: = | AG55: null | AH55: 4C1 | AI55: = | AJ55: null | AK55: 5C1 | AL55: = | AM55: null
Q56: 10 | R56: BaseGame | S56: 9x | T56: = | U56: 1355325 | V56: Pay | W56: = | X56: 13553250000 | Y56: 1C1 | Z56: = | AA56: 131795 | AB56: 2C1 | AC56: = | AD56: 67752 | AE56: 3C1 | AF56: = | AG56: null | AH56: 4C1 | AI56: = | AJ56: null | AK56: 5C1 | AL56: = | AM56: null
Q57: 10 | R57: BaseGame | S57: 10x | T57: = | U57: 2855420 | V57: Pay | W57: = | X57: 31772202800 | Y57: 1C1 | Z57: = | AA57: 331940 | AB57: 2C1 | AC57: = | AD57: 646601 | AE57: 3C1 | AF57: = | AG57: null | AH57: 4C1 | AI57: = | AJ57: null | AK57: 5C1 | AL57: = | AM57: null
Q58: 10 | R58: BaseGame | S58: 15x | T58: = | U58: 1474212 | V58: Pay | W58: = | X58: 24782784000 | Y58: 1C1 | Z58: = | AA58: 673381 | AB58: 2C1 | AC58: = | AD58: 332679 | AE58: 3C1 | AF58: = | AG58: null | AH58: 4C1 | AI58: = | AJ58: null | AK58: 5C1 | AL58: = | AM58: null
Q59: 10 | R59: BaseGame | S59: 20x | T59: = | U59: 1320667 | V59: Pay | W59: = | X59: 28668130700 | Y59: 1C1 | Z59: = | AA59: 507153 | AB59: 2C1 | AC59: = | AD59: 110533 | AE59: 3C1 | AF59: = | AG59: null | AH59: 4C1 | AI59: = | AJ59: null | AK59: 5C1 | AL59: = | AM59: null
Q60: 10 | R60: BaseGame | S60: 25x | T60: = | U60: 550778 | V60: Pay | W60: = | X60: 14981174800 | Y60: 1C1 | Z60: = | AA60: 204062 | AB60: 2C1 | AC60: = | AD60: 13523 | AE60: 3C1 | AF60: = | AG60: null | AH60: 4C1 | AI60: = | AJ60: null | AK60: 5C1 | AL60: = | AM60: null
Q61: 10 | R61: BaseGame | S61: 45x | T61: = | U61: 522663 | V61: Pay | W61: = | X61: 26110436600 | Y61: 1C1 | Z61: = | AA61: 118414 | AB61: 2C1 | AC61: = | AD61: 8360 | AE61: 3C1 | AF61: = | AG61: null | AH61: 4C1 | AI61: = | AJ61: null | AK61: 5C1 | AL61: = | AM61: null
Q62: 10 | R62: BaseGame | S62: 50x | T62: = | U62: 1074406 | V62: Pay | W62: = | X62: 56526294400 | Y62: 1C1 | Z62: = | AA62: 169653 | AB62: 2C1 | AC62: = | AD62: 169125 | AE62: 3C1 | AF62: = | AG62: null | AH62: 4C1 | AI62: = | AJ62: null | AK62: 5C1 | AL62: = | AM62: null
Q63: 10 | R63: BaseGame | S63: 90x | T63: = | U63: 21938 | V63: Pay | W63: = | X63: 2193800000 | Y63: 1C1 | Z63: = | AA63: 6856 | AB63: 2C1 | AC63: = | AD63: 520 | AE63: 3C1 | AF63: = | AG63: null | AH63: 4C1 | AI63: = | AJ63: null | AK63: 5C1 | AL63: = | AM63: null
Q64: 10 | R64: BaseGame | S64: 100x | T64: = | U64: 30001 | V64: Pay | W64: = | X64: 3114223100 | Y64: 1C1 | Z64: = | AA64: 6447 | AB64: 2C1 | AC64: = | AD64: 5712 | AE64: 3C1 | AF64: = | AG64: null | AH64: 4C1 | AI64: = | AJ64: null | AK64: 5C1 | AL64: = | AM64: null
Q65: 10 | R65: BaseGame | S65: 140x | T65: = | U65: 310 | V65: Pay | W65: = | X65: 47209000 | Y65: 1C1 | Z65: = | AA65: 106 | AB65: 2C1 | AC65: = | AD65: 48 | AE65: 3C1 | AF65: = | AG65: null | AH65: 4C1 | AI65: = | AJ65: null | AK65: 5C1 | AL65: = | AM65: null
Q66: 10 | R66: BaseGame | S66: 180x | T66: = | U66: 10082 | V66: Pay | W66: = | X66: 2016400000 | Y66: 1C1 | Z66: = | AA66: 8679 | AB66: 2C1 | AC66: = | AD66: 13 | AE66: 3C1 | AF66: = | AG66: null | AH66: 4C1 | AI66: = | AJ66: null | AK66: 5C1 | AL66: = | AM66: null
Q67: 10 | R67: BaseGame | S67: 500x | T67: = | U67: 337 | V67: Pay | W67: = | X67: 173072000 | Y67: 1C1 | Z67: = | AA67: null | AB67: 2C1 | AC67: = | AD67: null | AE67: 3C1 | AF67: = | AG67: null | AH67: 4C1 | AI67: = | AJ67: null | AK67: 5C1 | AL67: = | AM67: null
Q69: 50 | R69: BaseGame | S69: 0 | T69: = | U69: 6506044 | V69: Pay | W69: = | X69: 42781394500 | Y69: 1C1 | Z69: = | AA69: null | AB69: 2C1 | AC69: = | AD69: 39838 | AE69: 3C1 | AF69: = | AG69: null | AH69: 4C1 | AI69: = | AJ69: null | AK69: 5C1 | AL69: = | AM69: null
Q70: 50 | R70: BaseGame | S70: 1 | T70: = | U70: 100165 | V70: Pay | W70: = | X70: 3671532000 | Y70: 1C1 | Z70: = | AA70: null | AB70: 2C1 | AC70: = | AD70: 24021 | AE70: 3C1 | AF70: = | AG70: null | AH70: 4C1 | AI70: = | AJ70: null | AK70: 5C1 | AL70: = | AM70: null
Q71: 50 | R71: BaseGame | S71: 4 | T71: = | U71: 4408787 | V71: Pay | W71: = | X71: 481053078500 | Y71: 1C1 | Z71: = | AA71: null | AB71: 2C1 | AC71: = | AD71: 664077 | AE71: 3C1 | AF71: = | AG71: null | AH71: 4C1 | AI71: = | AJ71: null | AK71: 5C1 | AL71: = | AM71: null
Q72: 50 | R72: BaseGame | S72: 5 | T72: = | U72: 199778 | V72: Pay | W72: = | X72: 26586832500 | Y72: 1C1 | Z72: = | AA72: null | AB72: 2C1 | AC72: = | AD72: 7208 | AE72: 3C1 | AF72: = | AG72: null | AH72: 4C1 | AI72: = | AJ72: null | AK72: 5C1 | AL72: = | AM72: null
Q73: 50 | R73: BaseGame | S73: 9 | T73: = | U73: 899364 | V73: Pay | W73: = | X73: 224841000000 | Y73: 1C1 | Z73: = | AA73: 160103 | AB73: 2C1 | AC73: = | AD73: 39370 | AE73: 3C1 | AF73: = | AG73: null | AH73: 4C1 | AI73: = | AJ73: null | AK73: 5C1 | AL73: = | AM73: null
Q74: 50 | R74: BaseGame | S74: 10 | T74: = | U74: 628933 | V74: Pay | W74: = | X74: 166558437500 | Y74: 1C1 | Z74: = | AA74: 101154 | AB74: 2C1 | AC74: = | AD74: 144415 | AE74: 3C1 | AF74: = | AG74: null | AH74: 4C1 | AI74: = | AJ74: null | AK74: 5C1 | AL74: = | AM74: null
Q75: 50 | R75: BaseGame | S75: 15 | T75: = | U75: 599905 | V75: Pay | W75: = | X75: 297626927500 | Y75: 1C1 | Z75: = | AA75: 108888 | AB75: 2C1 | AC75: = | AD75: 32608 | AE75: 3C1 | AF75: = | AG75: null | AH75: 4C1 | AI75: = | AJ75: null | AK75: 5C1 | AL75: = | AM75: null
Q76: 50 | R76: BaseGame | S76: 20 | T76: = | U76: 359511 | V76: Pay | W76: = | X76: 186911532000 | Y76: 1C1 | Z76: = | AA76: 51362 | AB76: 2C1 | AC76: = | AD76: 99823 | AE76: 3C1 | AF76: = | AG76: null | AH76: 4C1 | AI76: = | AJ76: null | AK76: 5C1 | AL76: = | AM76: null
Q77: 50 | R77: BaseGame | S77: 25 | T77: = | U77: 122810 | V77: Pay | W77: = | X77: 92041948500 | Y77: 1C1 | Z77: = | AA77: 111373 | AB77: 2C1 | AC77: = | AD77: 1910 | AE77: 3C1 | AF77: = | AG77: null | AH77: 4C1 | AI77: = | AJ77: null | AK77: 5C1 | AL77: = | AM77: null
Q78: 50 | R78: BaseGame | S78: 45 | T78: = | U78: 399542 | V78: Pay | W78: = | X78: 499427500000 | Y78: 1C1 | Z78: = | AA78: 293586 | AB78: 2C1 | AC78: = | AD78: null | AE78: 3C1 | AF78: = | AG78: null | AH78: 4C1 | AI78: = | AJ78: null | AK78: 5C1 | AL78: = | AM78: null
Q79: 50 | R79: BaseGame | S79: 50 | T79: = | U79: 180023 | V79: Pay | W79: = | X79: 230259435500 | Y79: 1C1 | Z79: = | AA79: 132592 | AB79: 2C1 | AC79: = | AD79: null | AE79: 3C1 | AF79: = | AG79: null | AH79: 4C1 | AI79: = | AJ79: null | AK79: 5C1 | AL79: = | AM79: null
Q80: 50 | R80: BaseGame | S80: 90 | T80: = | U80: 6821 | V80: Pay | W80: = | X80: 17052500000 | Y80: 1C1 | Z80: = | AA80: 2902 | AB80: 2C1 | AC80: = | AD80: 184 | AE80: 3C1 | AF80: = | AG80: null | AH80: 4C1 | AI80: = | AJ80: null | AK80: 5C1 | AL80: = | AM80: null
Q81: 50 | R81: BaseGame | S81: 100 | T81: = | U81: 10136 | V81: Pay | W81: = | X81: 25921454500 | Y81: 1C1 | Z81: = | AA81: 3181 | AB81: 2C1 | AC81: = | AD81: 1835 | AE81: 3C1 | AF81: = | AG81: null | AH81: 4C1 | AI81: = | AJ81: null | AK81: 5C1 | AL81: = | AM81: null
Q82: 50 | R82: BaseGame | S82: 500 | T82: = | U82: 489 | V82: Pay | W82: = | X82: 6155783000 | Y82: 1C1 | Z82: = | AA82: 411 | AB82: 2C1 | AC82: = | AD82: null | AE82: 3C1 | AF82: = | AG82: null | AH82: 4C1 | AI82: = | AJ82: null | AK82: 5C1 | AL82: = | AM82: null
Q83: 50 | R83: BaseGame | S83: 950 | T83: = | U83: 312 | V83: Pay | W83: = | X83: 7800000000 | Y83: 1C1 | Z83: = | AA83: 269 | AB83: 2C1 | AC83: = | AD83: null | AE83: 3C1 | AF83: = | AG83: null | AH83: 4C1 | AI83: = | AJ83: null | AK83: 5C1 | AL83: = | AM83: null
Q84: 50 | R84: BaseGame | S84: 1000 | T84: = | U84: 104 | V84: Pay | W84: = | X84: 2701698000 | Y84: 1C1 | Z84: = | AA84: 72 | AB84: 2C1 | AC84: = | AD84: null | AE84: 3C1 | AF84: = | AG84: null | AH84: 4C1 | AI84: = | AJ84: null | AK84: 5C1 | AL84: = | AM84: null
Q86: 100 | R86: BaseGame | S86: 0 | T86: = | U86: 747160 | V86: Pay | W86: = | X86: 9797977000 | Y86: 1C1 | Z86: = | AA86: null | AB86: 2C1 | AC86: = | AD86: 7718 | AE86: 3C1 | AF86: = | AG86: null | AH86: 4C1 | AI86: = | AJ86: null | AK86: 5C1 | AL86: = | AM86: null
Q87: 100 | R87: BaseGame | S87: 1 | T87: = | U87: 2647709 | V87: Pay | W87: = | X87: 155390675500 | Y87: 1C1 | Z87: = | AA87: null | AB87: 2C1 | AC87: = | AD87: 987487 | AE87: 3C1 | AF87: = | AG87: null | AH87: 4C1 | AI87: = | AJ87: null | AK87: 5C1 | AL87: = | AM87: null
Q88: 100 | R88: BaseGame | S88: 2 | T88: = | U88: 62708 | V88: Pay | W88: = | X88: 7283411000 | Y88: 1C1 | Z88: = | AA88: null | AB88: 2C1 | AC88: = | AD88: 7393 | AE88: 3C1 | AF88: = | AG88: null | AH88: 4C1 | AI88: = | AJ88: null | AK88: 5C1 | AL88: = | AM88: null
Q89: 100 | R89: BaseGame | S89: 4 | T89: = | U89: 1996754 | V89: Pay | W89: = | X89: 499188500000 | Y89: 1C1 | Z89: = | AA89: null | AB89: 2C1 | AC89: = | AD89: 235244 | AE89: 3C1 | AF89: = | AG89: null | AH89: 4C1 | AI89: = | AJ89: null | AK89: 5C1 | AL89: = | AM89: null
Q90: 100 | R90: BaseGame | S90: 5 | T90: = | U90: 3346771 | V90: Pay | W90: = | X90: 871706442000 | Y90: 1C1 | Z90: = | AA90: null | AB90: 2C1 | AC90: = | AD90: 1145598 | AE90: 3C1 | AF90: = | AG90: null | AH90: 4C1 | AI90: = | AJ90: null | AK90: 5C1 | AL90: = | AM90: null
Q91: 100 | R91: BaseGame | S91: 6 | T91: = | U91: 3692 | V91: Pay | W91: = | X91: 1138548000 | Y91: 1C1 | Z91: = | AA91: null | AB91: 2C1 | AC91: = | AD91: 3692 | AE91: 3C1 | AF91: = | AG91: null | AH91: 4C1 | AI91: = | AJ91: null | AK91: 5C1 | AL91: = | AM91: null
Q92: 100 | R92: BaseGame | S92: 9 | T92: = | U92: 540528 | V92: Pay | W92: = | X92: 270264000000 | Y92: 1C1 | Z92: = | AA92: 65333 | AB92: 2C1 | AC92: = | AD92: 45732 | AE92: 3C1 | AF92: = | AG92: null | AH92: 4C1 | AI92: = | AJ92: null | AK92: 5C1 | AL92: = | AM92: null
Q93: 100 | R93: BaseGame | S93: 10 | T93: = | U93: 1000899 | V93: Pay | W93: = | X93: 524870336500 | Y93: 1C1 | Z93: = | AA93: 112404 | AB93: 2C1 | AC93: = | AD93: 330991 | AE93: 3C1 | AF93: = | AG93: null | AH93: 4C1 | AI93: = | AJ93: null | AK93: 5C1 | AL93: = | AM93: null
Q94: 100 | R94: BaseGame | S94: 15 | T94: = | U94: 789824 | V94: Pay | W94: = | X94: 721636844000 | Y94: 1C1 | Z94: = | AA94: 312854 | AB94: 2C1 | AC94: = | AD94: 163398 | AE94: 3C1 | AF94: = | AG94: null | AH94: 4C1 | AI94: = | AJ94: null | AK94: 5C1 | AL94: = | AM94: null
Q95: 100 | R95: BaseGame | S95: 20 | T95: = | U95: 172061 | V95: Pay | W95: = | X95: 182414478000 | Y95: 1C1 | Z95: = | AA95: 85996 | AB95: 2C1 | AC95: = | AD95: 7864 | AE95: 3C1 | AF95: = | AG95: null | AH95: 4C1 | AI95: = | AJ95: null | AK95: 5C1 | AL95: = | AM95: null
Q96: 100 | R96: BaseGame | S96: 25 | T96: = | U96: 49893 | V96: Pay | W96: = | X96: 69156556500 | Y96: 1C1 | Z96: = | AA96: 25501 | AB96: 2C1 | AC96: = | AD96: 388 | AE96: 3C1 | AF96: = | AG96: null | AH96: 4C1 | AI96: = | AJ96: null | AK96: 5C1 | AL96: = | AM96: null
Q97: 100 | R97: BaseGame | S97: 30 | T97: = | U97: 25481 | V97: Pay | W97: = | X97: 38869927500 | Y97: 1C1 | Z97: = | AA97: 24965 | AB97: 2C1 | AC97: = | AD97: null | AE97: 3C1 | AF97: = | AG97: null | AH97: 4C1 | AI97: = | AJ97: null | AK97: 5C1 | AL97: = | AM97: null
Q98: 100 | R98: BaseGame | S98: 35 | T98: = | U98: 18499 | V98: Pay | W98: = | X98: 36998000000 | Y98: 1C1 | Z98: = | AA98: 18499 | AB98: 2C1 | AC98: = | AD98: null | AE98: 3C1 | AF98: = | AG98: null | AH98: 4C1 | AI98: = | AJ98: null | AK98: 5C1 | AL98: = | AM98: null
Q99: 100 | R99: BaseGame | S99: 40 | T99: = | U99: 51351 | V99: Pay | W99: = | X99: 103342104000 | Y99: 1C1 | Z99: = | AA99: 51351 | AB99: 2C1 | AC99: = | AD99: null | AE99: 3C1 | AF99: = | AG99: null | AH99: 4C1 | AI99: = | AJ99: null | AK99: 5C1 | AL99: = | AM99: null
Q100: 100 | R100: BaseGame | S100: 45 | T100: = | U100: 92799 | V100: Pay | W100: = | X100: 231948990000 | Y100: 1C1 | Z100: = | AA100: 28712 | AB100: 2C1 | AC100: = | AD100: 2459 | AE100: 3C1 | AF100: = | AG100: null | AH100: 4C1 | AI100: = | AJ100: null | AK100: 5C1 | AL100: = | AM100: null
Q101: 100 | R101: BaseGame | S101: 50 | T101: = | U101: 306035 | V101: Pay | W101: = | X101: 787973078000 | Y101: 1C1 | Z101: = | AA101: 79989 | AB101: 2C1 | AC101: = | AD101: 60738 | AE101: 3C1 | AF101: = | AG101: null | AH101: 4C1 | AI101: = | AJ101: null | AK101: 5C1 | AL101: = | AM101: null
Q102: 100 | R102: BaseGame | S102: 90 | T102: = | U102: 3556 | V102: Pay | W102: = | X102: 17780000000 | Y102: 1C1 | Z102: = | AA102: null | AB102: 2C1 | AC102: = | AD102: null | AE102: 3C1 | AF102: = | AG102: null | AH102: 4C1 | AI102: = | AJ102: null | AK102: 5C1 | AL102: = | AM102: null
Q103: 100 | R103: BaseGame | S103: 100 | T103: = | U103: 7051 | V103: Pay | W103: = | X103: 36264114500 | Y103: 1C1 | Z103: = | AA103: 1846 | AB103: 2C1 | AC103: = | AD103: 1781 | AE103: 3C1 | AF103: = | AG103: null | AH103: 4C1 | AI103: = | AJ103: null | AK103: 5C1 | AL103: = | AM103: null
Q104: 100 | R104: BaseGame | S104: 180 | T104: = | U104: 3543 | V104: Pay | W104: = | X104: 35430000000 | Y104: 1C1 | Z104: = | AA104: 3072 | AB104: 2C1 | AC104: = | AD104: 4 | AE104: 3C1 | AF104: = | AG104: null | AH104: 4C1 | AI104: = | AJ104: null | AK104: 5C1 | AL104: = | AM104: null
Q105: 100 | R105: BaseGame | S105: 450 | T105: = | U105: 195 | V105: Pay | W105: = | X105: 4875000000 | Y105: 1C1 | Z105: = | AA105: 154 | AB105: 2C1 | AC105: = | AD105: null | AE105: 3C1 | AF105: = | AG105: null | AH105: 4C1 | AI105: = | AJ105: null | AK105: 5C1 | AL105: = | AM105: null
...

Sheet Card_Info_NoExtra_testB
A1: Bet 1 | D1: Bet 5 | G1: Bet 10 | J1: Bet 50 | M1: Bet 100 | R1: Simulation
A2: =Card_Bet1!$AF$1 -> 0.28665382 | D2: =Card_Bet5!$AF$1 -> 0.68318487 | G2: =Card_Bet10!$AF$1 -> 0.65349895 | J2: =Card_Bet50!$AF$1 -> 0.75172061 | M2: =Card_Bet100!$AF$1 -> 0.52646065
A3: Interval | B3: Weight | C3: Sheet | D3: Interval | E3: Weight | F3: Sheet | G3: Interval | H3: Weight | I3: Sheet | J3: Interval | K3: Weight | L3: Sheet | M3: Interval | N3: Weight | O3: Sheet | R3: Bet | S3: RTP | T3: Respin | U3: Scatter | V3: rounds | W3: Scatter+Respin | X3: Scatter+Respin PROB.
A4: {=Card_Bet1!$K$3:$K$54} -> -1 | B4: {=Card_Bet1!$AD$3:$AD$54} -> 870432 | C4: {=Card_Bet1!$L$3:$L$54} -> A | D4: {=Card_Bet5!$K$3:$K$54} -> -1 | E4: {=Card_Bet5!$AD$3:$AD$54} -> 871198 | F4: {=Card_Bet5!$L$3:$L$54} -> A | G4: {=Card_Bet10!$K$3:$K$54} -> -1 | H4: {=Card_Bet10!$AD$3:$AD$54} -> 871188 | I4: {=Card_Bet10!$L$3:$L$54} -> A | J4: {=Card_Bet50!$K$3:$K$54} -> -1 | K4: {=Card_Bet50!$AD$3:$AD$54} -> 863135 | L4: {=Card_Bet50!$L$3:$L$54} -> A | M4: {=Card_Bet100!$K$3:$K$54} -> -1 | N4: {=Card_Bet100!$AD$3:$AD$54} -> 892770 | O4: {=Card_Bet100!$L$3:$L$54} -> A | R4: 1 | S4: 0.924421 | T4: 0.122159 | U4: - | V4: 100000000 | W4: =SUM(AA13:AA28,AD13:AD28) -> 0 | X4: =W4/V4 -> 0
A5: 0 | B5: 65000 | C5: A | D5: 0 | E5: 65255 | F5: A | G5: 0 | H5: 24707 | I5: A | J5: 0 | K5: 49753 | L5: A | M5: 0 | N5: 300 | O5: A | R5: 5 | S5: 0.925082 | T5: 0.06123 | U5: 0.224109 | V5: 100000000 | W5: =SUM(AA30:AA48,AD30:AD48) -> 0 | X5: =W5/V5 -> 0
A6: 1 | B6: 1000 | C6: B | D6: 1 | E6: 2054 | F6: A | G6: 1 | H6: 39300 | I6: A | J6: 1 | K6: 15839 | L6: A | M6: 1 | N6: 26494 | O6: A | R6: 10 | S6: 0.925132 | T6: 0.081793 | U6: 0.16207 | V6: 300000000 | W6: =SUM(AA50:AA67,AD50:AD67) -> 0 | X6: =W6/V6 -> 0
A7: 2 | B7: 0 | C7: A | D7: 2 | E7: 300 | F7: A | G7: 2 | H7: 333 | I7: B | J7: 2 | K7: 2988 | L7: A | M7: 2 | N7: 629 | O7: A | R7: 50 | S7: 0.925361 | T7: 0.049855 | U7: 0.337065 | V7: 100000000 | W7: =SUM(AA50:AA67,AD50:AD67) -> 0 | X7: =W7/V7 -> 0
A8: 3 | B8: 0 | C8: A | D8: 3 | E8: 0 | F8: B | G8: 3 | H8: 0 | I8: A | J8: 3 | K8: 812 | L8: B | M8: 3 | N8: 0 | O8: A | R8: 100 | S8: 0.924687 | T8: 0.131463 | U8: 0.220799 | V8: 100000000 | W8: =SUM(AA84:AA102,AD84:AD102) -> 0 | X8: =W8/V8 -> 0
A9: 4 | B9: 32000 | C9: A | D9: 4 | E9: 31700 | F9: A | G9: 4 | H9: 15365 | I9: A | J9: 4 | K9: 30000 | L9: A | M9: 4 | N9: 50000 | O9: A
A10: 5 | B10: 0 | C10: B | D10: 5 | E10: 0 | F10: A | G10: 5 | H10: 18320 | I10: A | J10: 5 | K10: 993 | L10: B | M10: 5 | N10: 500 | O10: A
A11: 6 | B11: 0 | C11: A | D11: 6 | E11: 0 | F11: B | G11: 6 | H11: 70 | I11: B | J11: 6 | K11: 0 | L11: B | M11: 6 | N11: 30 | O11: B
A12: 7 | B12: 0 | C12: A | D12: 7 | E12: 0 | F12: B | G12: 7 | H12: 0 | I12: B | J12: 7 | K12: 0 | L12: A | M12: 7 | N12: 0 | O12: B
A13: 8 | B13: 0 | C13: A | D13: 8 | E13: 0 | F13: A | G13: 8 | H13: 0 | I13: A | J13: 8 | K13: 0 | L13: A | M13: 8 | N13: 0 | O13: A
A14: 9 | B14: 10000 | C14: A | D14: 9 | E14: 10000 | F14: A | G14: 9 | H14: 4515 | I14: A | J14: 9 | K14: 10000 | L14: A | M14: 9 | N14: 10630 | O14: A
A15: 10 | B15: 3000 | C15: A | D15: 10 | E15: 300 | F15: A | G15: 10 | H15: 9523 | I15: A | J15: 10 | K15: 6500 | L15: A | M15: 10 | N15: 300 | O15: A
A16: 15 | B16: 10000 | C16: A | D16: 15 | E16: 10000 | F16: A | G16: 15 | H16: 4912 | I16: A | J16: 15 | K16: 7400 | L16: A | M16: 15 | N16: 10000 | O16: A
A17: 20 | B17: 3000 | C17: A | D17: 20 | E17: 300 | F17: A | G17: 20 | H17: 4400 | I17: A | J17: 20 | K17: 5000 | L17: A | M17: 20 | N17: 3000 | O17: A
A18: 25 | B18: 100 | C18: B | D18: 25 | E18: 1600 | F18: B | G18: 25 | H18: 1838 | I18: A | J18: 25 | K18: 3000 | L18: B | M18: 25 | N18: 100 | O18: B
A19: 30 | B19: 0 | C19: A | D19: 30 | E19: 100 | F19: A | G19: 30 | H19: 0 | I19: B | J19: 30 | K19: 100 | L19: A | M19: 30 | N19: 250 | O19: B
A20: 35 | B20: 0 | C20: A | D20: 35 | E20: 0 | F20: B | G20: 35 | H20: 0 | I20: B | J20: 35 | K20: 300 | L20: B | M20: 35 | N20: 180 | O20: C
... A55: 7000 | B55: 0 | C55: A | D55: 7000 | E55: 0 | F55: A | G55: 7000 | H55: 0 | I55: A | J55: 7000 | K55: 0 | L55: A | M55: 7000 | N55: 0 | O55: B

Sheet Card_Bet1
C1: Hit% | F1: Mul | R1: =SUM(R3:R54) -> 0.33112245 | V1: =SUM(V3:V54) -> 0.42607907 | AB1: =SUM(AB3:AB54) -> 0.2866455 | AF1: =SUM(AF3:AF54) -> 0.28665382
B2: Interval | C2: A | D2: B | E2: C | F2: A | G2: B | H2: C | J2: Index | K2: Interval | L2: Sheet | M2: Mul Prob. | N2: Avg Mul | O2: Hit%_tune | P2: Hit%_ori | Q2: Jili Hit% | R2: RTP_tune | T2: Hit%_Weight_Final | U2: Hit%_Final | V2: RTP_Final | Y2: Hit%_tune | Z2: Hit%_ori | AA2: Jili Hit% | AB2: RTP_tune | AD2: Hit%_Weight_Final | AE2: Hit%_Final | AF2: RTP_Final
B3: -1 | C3: {=_xlfn.IFNA( _xlfn._xlws.FILTER( Sim_Mul_Bet1!$H$3:$H$48, (Sim_Mul_Bet1!$A$3:$A$48=C$2) * (Sim_Mul_Bet1!$C$3:$C$48=$B3),0 ), 0 )} -> 0 | D3: {=_xlfn.IFNA( _xlfn._xlws.FILTER( Sim_Mul_Bet1!$H$3:$H$48, (Sim_Mul_Bet1!$A$3:$A$48=D$2) * (Sim_Mul_Bet1!$C$3:$C$48=$B3),0 ), 0 )} -> 0.2776551 | G3: {=_xlfn.IFNA( _xlfn._xlws.FILTER( Sim_Mul_Bet1!$O$3:$O$48, (Sim_Mul_Bet1!$A$3:$A$48=D$2) * (Sim_Mul_Bet1!$C$3:$C$48=$B3),0 ), 0 )} -> 0 | J3: 0 | K3: -1 | L3: A | M3: =HLOOKUP(L3,$C$2:$E$54,J3+2,FALSE) -> 0 | N3: =HLOOKUP(L3,$F$2:$H$54,J3+2,FALSE) -> 0 | O3: =1-SUM(O4:O53) -> 0.86211727 | P3: =1-SUM(P4:P53) -> 0.86206787 | Q3: =1-SUM(Q4:Q54) -> 0.85905995 | R3: =N3*O3 -> 0 | S3: {=Q3:Q54=P3:P54} -> FALSE | T3: =1000000-SUM(T4:T54) -> 856097 | U3: {=T3:T54/SUM($T$3:$T$54)} -> 0.856097 | V3: =U3*N3 -> 0 | Y3: =1-SUM(Y4:Y53) -> 0.87043205 | Z3: =1-SUM(Z4:Z53) -> 0.87043205 | AA3: =1-SUM(AA4:AA54) -> 0.85905995 | AB3: =N3*Y3 -> 0 | AD3: =1000000-SUM(AD4:AD54) -> 870432 | AE3: {=AD3:AD54/SUM($T$3:$T$54)} -> 0.870432 | AF3: =AE3*N3 -> 0
B4: 0 | C4: {=_xlfn.IFNA( _xlfn._xlws.FILTER( Sim_Mul_Bet1!$H$3:$H$48, (Sim_Mul_Bet1!$A$3:$A$48=C$2) * (Sim_Mul_Bet1!$C$3:$C$48=$B4),0 ), 0 )} -> 0.87009169 | D4: {=_xlfn.IFNA( _xlfn._xlws.FILTER( Sim_Mul_Bet1!$H$3:$H$48, (Sim_Mul_Bet1!$A$3:$A$48=D$2) * (Sim_Mul_Bet1!$C$3:$C$48=$B4),0 ), 0 )} -> 0.09718529 | E4: {=_xlfn.IFNA( _xlfn._xlws.FILTER( Sim_Mul_Bet1!$H$3:$H$48, (Sim_Mul_Bet1!$A$3:$A$48=E$2) * (Sim_Mul_Bet1!$C$3:$C$48=$B4),0 ), 0 )} -> 0 | F4: {=_xlfn.IFNA( _xlfn._xlws.FILTER( Sim_Mul_Bet1!$O$3:$O$48, (Sim_Mul_Bet1!$A$3:$A$48=C$2) * (Sim_Mul_Bet1!$C$3:$C$48=$B4),0 ), 0 )} -> 0 | G4: {=_xlfn.IFNA( _xlfn._xlws.FILTER( Sim_Mul_Bet1!$O$3:$O$48, (Sim_Mul_Bet1!$A$3:$A$48=D$2) * (Sim_Mul_Bet1!$C$3:$C$48=$B4),0 ), 0 )} -> 1 | H4: {=_xlfn.IFNA( _xlfn._xlws.FILTER( Sim_Mul_Bet1!$O$3:$O$48, (Sim_Mul_Bet1!$A$3:$A$48=E$2) * (Sim_Mul_Bet1!$C$3:$C$48=$B4),0 ), 0 )} -> 0 | J4: 1 | K4: 0 | L4: A | M4: =HLOOKUP(L4,$C$2:$E$54,J4+2,FALSE) -> 0.87009169 | N4: =HLOOKUP(L4,$F$2:$H$54,J4+2,FALSE) -> 0 | O4: 0.065046727 | P4: 0.065046727 | Q4: 0.065046727 | R4: =N4*O4 -> 0 | S4: TRUE | T4: 87908 | U4: 0.087908 | V4: =U4*N4 -> 0 | Y4: =Z4 -> 0.065 | Z4: 0.065 | AA4: 0.065046727 | AB4: =N4*Y4 -> 0 | AD4: =ROUND(Y4*1000000,0) -> 65000 | AE4: 0.065 | AF4: =AE4*N4 -> 0
B5: 1 | C5: {=_xlfn.IFNA( _xlfn._xlws.FILTER( Sim_Mul_Bet1!$H$3:$H$48, (Sim_Mul_Bet1!$A$3:$A$48=C$2) * (Sim_Mul_Bet1!$C$3:$C$48=$B5),0 ), 0 )} -> 0.04525812 | D5: {=_xlfn.IFNA( _xlfn._xlws.FILTER( Sim_Mul_Bet1!$H$3:$H$48, (Sim_Mul_Bet1!$A$3:$A$48=D$2) * (Sim_Mul_Bet1!$C$3:$C$48=$B5),0 ), 0 )} -> 0.03470722 | E5: {=_xlfn.IFNA( _xlfn._xlws.FILTER( Sim_Mul_Bet1!$H$3:$H$48, (Sim_Mul_Bet1!$A$3:$A$48=E$2) * (Sim_Mul_Bet1!$C$3:$C$48=$B5),0 ), 0 )} -> 0 | F5: {=_xlfn.IFNA( _xlfn._xlws.FILTER( Sim_Mul_Bet1!$O$3:$O$48, (Sim_Mul_Bet1!$A$3:$A$48=C$2) * (Sim_Mul_Bet1!$C$3:$C$48=$B5),0 ), 0 )} -> 1 | G5: {=_xlfn.IFNA( _xlfn._xlws.FILTER( Sim_Mul_Bet1!$O$3:$O$48, (Sim_Mul_Bet1!$A$3:$A$48=D$2) * (Sim_Mul_Bet1!$C$3:$C$48=$B5),0 ), 0 )} -> 2 | H5: {=_xlfn.IFNA( _xlfn._xlws.FILTER( Sim_Mul_Bet1!$O$3:$O$48, (Sim_Mul_Bet1!$A$3:$A$48=E$2) * (Sim_Mul_Bet1!$C$3:$C$48=$B5),0 ), 0 )} -> 0 | J5: 2 | K5: 1 | L5: B | M5: =HLOOKUP(L5,$C$2:$E$54,J5+2,FALSE) -> 0.03470722 | N5: =HLOOKUP(L5,$F$2:$H$54,J5+2,FALSE) -> 2 | O5: 0.0010155134 | P5: 0.0010155134 | Q5: 0.0010155134 | R5: =N5*O5 -> 0.0020310268 | S5: TRUE | T5: 1029 | U5: 0.001029 | V5: =U5*N5 -> 0.002058 | Y5: =Z5 -> 0.001 | Z5: 0.001 | AA5: 0.0010155134 | AB5: =N5*Y5 -> 0.002 | AD5: =ROUND(Y5*1000000,0) -> 1000 | AE5: 0.001 | AF5: =AE5*N5 -> 0.002
B6: 2 | C6: {=_xlfn.IFNA( _xlfn._xlws.FILTER( Sim_Mul_Bet1!$H$3:$H$48, (Sim_Mul_Bet1!$A$3:$A$48=C$2) * (Sim_Mul_Bet1!$C$3:$C$48=$B6),0 ), 0 )} -> 0.00138889 | D6: {=_xlfn.IFNA( _xlfn._xlws.FILTER( Sim_Mul_Bet1!$H$3:$H$48, (Sim_Mul_Bet1!$A$3:$A$48=D$2) * (Sim_Mul_Bet1!$C$3:$C$48=$B6),0 ), 0 )} -> 0 | E6: {=_xlfn.IFNA( _xlfn._xlws.FILTER( Sim_Mul_Bet1!$H$3:$H$48, (Sim_Mul_Bet1!$A$3:$A$48=E$2) * (Sim_Mul_Bet1!$C$3:$C$48=$B6),0 ), 0 )} -> 0 | F6: {=_xlfn.IFNA( _xlfn._xlws.FILTER( Sim_Mul_Bet1!$O$3:$O$48, (Sim_Mul_Bet1!$A$3:$A$48=C$2) * (Sim_Mul_Bet1!$C$3:$C$48=$B6),0 ), 0 )} -> 2 | G6: {=_xlfn.IFNA( _xlfn._xlws.FILTER( Sim_Mul_Bet1!$O$3:$O$48, (Sim_Mul_Bet1!$A$3:$A$48=D$2) * (Sim_Mul_Bet1!$C$3:$C$48=$B6),0 ), 0 )} -> 0 | H6: {=_xlfn.IFNA( _xlfn._xlws.FILTER( Sim_Mul_Bet1!$O$3:$O$48, (Sim_Mul_Bet1!$A$3:$A$48=E$2) * (Sim_Mul_Bet1!$C$3:$C$48=$B6),0 ), 0 )} -> 0 | J6: 3 | K6: 2 | L6: A | M6: =HLOOKUP(L6,$C$2:$E$54,J6+2,FALSE) -> 0.00138889 | N6: =HLOOKUP(L6,$F$2:$H$54,J6+2,FALSE) -> 2 | O6: 0 | P6: 0 | Q6: 0 | R6: =N6*O6 -> 0 | S6: TRUE | T6: 0 | U6: 0 | V6: =U6*N6 -> 0 | Y6: =Z6 -> 0 | Z6: 0 | AA6: 0 | AB6: =N6*Y6 -> 0 | AD6: =ROUND(Y6*1000000,0) -> 0 | AE6: 0 | AF6: =AE6*N6 -> 0
B7: 3 | C7: {=_xlfn.IFNA( _xlfn._xlws.FILTER( Sim_Mul_Bet1!$H$3:$H$48, (Sim_Mul_Bet1!$A$3:$A$48=C$2) * (Sim_Mul_Bet1!$C$3:$C$48=$B7),0 ), 0 )} -> 0 | D7: {=_xlfn.IFNA( _xlfn._xlws.FILTER( Sim_Mul_Bet1!$H$3:$H$48, (Sim_Mul_Bet1!$A$3:$A$48=D$2) * (Sim_Mul_Bet1!$C$3:$C$48=$B7),0 ), 0 )} -> 0 | E7: {=_xlfn.IFNA( _xlfn._xlws.FILTER( Sim_Mul_Bet1!$H$3:$H$48, (Sim_Mul_Bet1!$A$3:$A$48=E$2) * (Sim_Mul_Bet1!$C$3:$C$48=$B7),0 ), 0 )} -> 0 | F7: {=_xlfn.IFNA( _xlfn._xlws.FILTER( Sim_Mul_Bet1!$O$3:$O$48, (Sim_Mul_Bet1!$A$3:$A$48=C$2) * (Sim_Mul_Bet1!$C$3:$C$48=$B7),0 ), 0 )} -> 0 | G7: {=_xlfn.IFNA( _xlfn._xlws.FILTER( Sim_Mul_Bet1!$O$3:$O$48, (Sim_Mul_Bet1!$A$3:$A$48=D$2) * (Sim_Mul_Bet1!$C$3:$C$48=$B7),0 ), 0 )} -> 0 | H7: {=_xlfn.IFNA( _xlfn._xlws.FILTER( Sim_Mul_Bet1!$O$3:$O$48, (Sim_Mul_Bet1!$A$3:$A$48=E$2) * (Sim_Mul_Bet1!$C$3:$C$48=$B7),0 ), 0 )} -> 0 | J7: 4 | K7: 3 | L7: A | M7: =HLOOKUP(L7,$C$2:$E$54,J7+2,FALSE) -> 0 | N7: =HLOOKUP(L7,$F$2:$H$54,J7+2,FALSE) -> 0 | O7: 0 | P7: 0 | Q7: 0 | R7: =N7*O7 -> 0 | S7: TRUE | T7: 0 | U7: 0 | V7: =U7*N7 -> 0 | Y7: =Z7 -> 0 | Z7: 0 | AA7: 0 | AB7: =N7*Y7 -> 0 | AD7: =ROUND(Y7*1000000,0) -> 0 | AE7: 0 | AF7: =AE7*N7 -> 0
B8: 4 | C8: {=_xlfn.IFNA( _xlfn._xlws.FILTER( Sim_Mul_Bet1!$H$3:$H$48, (Sim_Mul_Bet1!$A$3:$A$48=C$2) * (Sim_Mul_Bet1!$C$3:$C$48=$B8),0 ), 0 )} -> 0 | D8: {=_xlfn.IFNA( _xlfn._xlws.FILTER( Sim_Mul_Bet1!$H$3:$H$48, (Sim_Mul_Bet1!$A$3:$A$48=D$2) * (Sim_Mul_Bet1!$C$3:$C$48=$B8),0 ), 0 )} -> 0.12505433 | E8: {=_xlfn.IFNA( _xlfn._xlws.FILTER( Sim_Mul_Bet1!$H$3:$H$48, (Sim_Mul_Bet1!$A$3:$A$48=E$2) * (Sim_Mul_Bet1!$C$3:$C$48=$B8),0 ), 0 )} -> 0 | F8: {=_xlfn.IFNA( _xlfn._xlws.FILTER( Sim_Mul_Bet1!$O$3:$O$48, (Sim_Mul_Bet1!$A$3:$A$48=C$2) * (Sim_Mul_Bet1!$C$3:$C$48=$B8),0 ), 0 )} -> 0 | G8: {=_xlfn.IFNA( _xlfn._xlws.FILTER( Sim_Mul_Bet1!$O$3:$O$48, (Sim_Mul_Bet1!$A$3:$A$48=D$2) * (Sim_Mul_Bet1!$C$3:$C$48=$B8),0 ), 0 )} -> 5 | H8: {=_xlfn.IFNA( _xlfn._xlws.FILTER( Sim_Mul_Bet1!$O$3:$O$48, (Sim_Mul_Bet1!$A$3:$A$48=E$2) * (Sim_Mul_Bet1!$C$3:$C$48=$B8),0 ), 0 )} -> 0 | J8: 5 | K8: 4 | L8: A | M8: =HLOOKUP(L8,$C$2:$E$54,J8+2,FALSE) -> 0 | N8: =HLOOKUP(L8,$F$2:$H$54,J8+2,FALSE) -> 0 | O8: 0.042829583 | P8: 0.042829583 | Q8: 0.042829583 | R8: =N8*O8 -> 0 | S8: TRUE | T8: 25990 | U8: 0.02599 | V8: =U8*N8 -> 0 | Y8: =Z8 -> 0.032 | Z8: 0.032 | AA8: 0.042829583 | AB8: =N8*Y8 -> 0 | AD8: =ROUND(Y8*1000000,0) -> 32000 | AE8: 0.032 | AF8: =AE8*N8 -> 0
B9: 5 | C9: {=_xlfn.IFNA( _xlfn._xlws.FILTER( Sim_Mul_Bet1!$H$3:$H$48, (Sim_Mul_Bet1!$A$3:$A$48=C$2) * (Sim_Mul_Bet1!$C$3:$C$48=$B9),0 ), 0 )} -> 0.05049721 | D9: {=_xlfn.IFNA( _xlfn._xlws.FILTER( Sim_Mul_Bet1!$H$3:$H$48, (Sim_Mul_Bet1!$A$3:$A$48=D$2) * (Sim_Mul_Bet1!$C$3:$C$48=$B9),0 ), 0 )} -> 0.01388947 | E9: {=_xlfn.IFNA( _xlfn._xlws.FILTER( Sim_Mul_Bet1!$H$3:$H$48, (Sim_Mul_Bet1!$A$3:$A$48=E$2) * (Sim_Mul_Bet1!$C$3:$C$48=$B9),0 ), 0 )} -> 0 | F9: {=_xlfn.IFNA( _xlfn._xlws.FILTER( Sim_Mul_Bet1!$O$3:$O$48, (Sim_Mul_Bet1!$A$3:$A$48=C$2) * (Sim_Mul_Bet1!$C$3:$C$48=$B9),0 ), 0 )} -> 5 | G9: {=_xlfn.IFNA( _xlfn._xlws.FILTER( Sim_Mul_Bet1!$O$3:$O$48, (Sim_Mul_Bet1!$A$3:$A$48=D$2) * (Sim_Mul_Bet1!$C$3:$C$48=$B9),0 ), 0 )} -> 6 | H9: {=_xlfn.IFNA( _xlfn._xlws.FILTER( Sim_Mul_Bet1!$O$3:$O$48, (Sim_Mul_Bet1!$A$3:$A$48=E$2) * (Sim_Mul_Bet1!$C$3:$C$48=$B9),0 ), 0 )} -> 0 | J9: 6 | K9: 5 | L9: B | M9: =HLOOKUP(L9,$C$2:$E$54,J9+2,FALSE) -> 0.01388947 | N9: =HLOOKUP(L9,$F$2:$H$54,J9+2,FALSE) -> 6 | O9: 0.0011527108 | P9: 0.0011527108 | Q9: 0.0011527108 | R9: =N9*O9 -> 0.006916265 | S9: TRUE | T9: 196 | U9: 0.000196 | V9: =U9*N9 -> 0.001176 | Y9: =Z9 -> 0 | Z9: 0 | AA9: 0.0011527108 | AB9: =N9*Y9 -> 0 | AD9: =ROUND(Y9*1000000,0) -> 0 | AE9: 0 | AF9: =AE9*N9 -> 0
B10: 6 | C10: {=_xlfn.IFNA( _xlfn._xlws.FILTER( Sim_Mul_Bet1!$H$3:$H$48, (Sim_Mul_Bet1!$A$3:$A$48=C$2) * (Sim_Mul_Bet1!$C$3:$C$48=$B10),0 ), 0 )} -> 2.457e-05 | D10: {=_xlfn.IFNA( _xlfn._xlws.FILTER( Sim_Mul_Bet1!$H$3:$H$48, (Sim_Mul_Bet1!$A$3:$A$48=D$2) * (Sim_Mul_Bet1!$C$3:$C$48=$B10),0 ), 0 )} -> 0 | E10: {=_xlfn.IFNA( _xlfn._xlws.FILTER( Sim_Mul_Bet1!$H$3:$H$48, (Sim_Mul_Bet1!$A$3:$A$48=E$2) * (Sim_Mul_Bet1!$C$3:$C$48=$B10),0 ), 0 )} -> 0 | F10: {=_xlfn.IFNA( _xlfn._xlws.FILTER( Sim_Mul_Bet1!$O$3:$O$48, (Sim_Mul_Bet1!$A$3:$A$48=C$2) * (Sim_Mul_Bet1!$C$3:$C$48=$B10),0 ), 0 )} -> 6 | G10: {=_xlfn.IFNA( _xlfn._xlws.FILTER( Sim_Mul_Bet1!$O$3:$O$48, (Sim_Mul_Bet1!$A$3:$A$48=D$2) * (Sim_Mul_Bet1!$C$3:$C$48=$B10),0 ), 0 )} -> 0 | H10: {=_xlfn.IFNA( _xlfn._xlws.FILTER( Sim_Mul_Bet1!$O$3:$O$48, (Sim_Mul_Bet1!$A$3:$A$48=E$2) * (Sim_Mul_Bet1!$C$3:$C$48=$B10),0 ), 0 )} -> 0 | J10: 7 | K10: 6 | L10: A | M10: =HLOOKUP(L10,$C$2:$E$54,J10+2,FALSE) -> 2.457e-05 | N10: =HLOOKUP(L10,$F$2:$H$54,J10+2,FALSE) -> 6 | O10: 0 | P10: 0 | Q10: 0 | R10: =N10*O10 -> 0 | S10: TRUE | T10: 0 | U10: 0 | V10: =U10*N10 -> 0 | Y10: =Z10 -> 0 | Z10: 0 | AA10: 0 | AB10: =N10*Y10 -> 0 | AD10: =ROUND(Y10*1000000,0) -> 0 | AE10: 0 | AF10: =AE10*N10 -> 0
B11: 7 | C11: {=_xlfn.IFNA( _xlfn._xlws.FILTER( Sim_Mul_Bet1!$H$3:$H$48, (Sim_Mul_Bet1!$A$3:$A$48=C$2) * (Sim_Mul_Bet1!$C$3:$C$48=$B11),0 ), 0 )} -> 0 | D11: {=_xlfn.IFNA( _xlfn._xlws.FILTER( Sim_Mul_Bet1!$H$3:$H$48, (Sim_Mul_Bet1!$A$3:$A$48=D$2) * (Sim_Mul_Bet1!$C$3:$C$48=$B11),0 ), 0 )} -> 0 | E11: {=_xlfn.IFNA( _xlfn._xlws.FILTER( Sim_Mul_Bet1!$H$3:$H$48, (Sim_Mul_Bet1!$A$3:$A$48=E$2) * (Sim_Mul_Bet1!$C$3:$C$48=$B11),0 ), 0 )} -> 0 | F11: {=_xlfn.IFNA( _xlfn._xlws.FILTER( Sim_Mul_Bet1!$O$3:$O$48, (Sim_Mul_Bet1!$A$3:$A$48=C$2) * (Sim_Mul_Bet1!$C$3:$C$48=$B11),0 ), 0 )} -> 0 | G11: {=_xlfn.IFNA( _xlfn._xlws.FILTER( Sim_Mul_Bet1!$O$3:$O$48, (Sim_Mul_Bet1!$A$3:$A$48=D$2) * (Sim_Mul_Bet1!$C$3:$C$48=$B11),0 ), 0 )} -> 0 | H11: {=_xlfn.IFNA( _xlfn._xlws.FILTER( Sim_Mul_Bet1!$O$3:$O$48, (Sim_Mul_Bet1!$A$3:$A$48=E$2) * (Sim_Mul_Bet1!$C$3:$C$48=$B11),0 ), 0 )} -> 0 | J11: 8 | K11: 7 | L11: A | M11: =HLOOKUP(L11,$C$2:$E$54,J11+2,FALSE) -> 0 | N11: =HLOOKUP(L11,$F$2:$H$54,J11+2,FALSE) -> 0 | O11: 0 | P11: 0 | Q11: 0 | R11: =N11*O11 -> 0 | S11: TRUE | T11: 0 | U11: 0 | V11: =U11*N11 -> 0 | Y11: =Z11 -> 0 | Z11: 0 | AA11: 0 | AB11: =N11*Y11 -> 0 | AD11: =ROUND(Y11*1000000,0) -> 0 | AE11: 0 | AF11: =AE11*N11 -> 0
B12: 8 | C12: {=_xlfn.IFNA( _xlfn._xlws.FILTER( Sim_Mul_Bet1!$H$3:$H$48, (Sim_Mul_Bet1!$A$3:$A$48=C$2) * (Sim_Mul_Bet1!$C$3:$C$48=$B12),0 ), 0 )} -> 0 | D12: {=_xlfn.IFNA( _xlfn._xlws.FILTER( Sim_Mul_Bet1!$H$3:$H$48, (Sim_Mul_Bet1!$A$3:$A$48=D$2) * (Sim_Mul_Bet1!$C$3:$C$48=$B12),0 ), 0 )} -> 0 | E12: {=_xlfn.IFNA( _xlfn._xlws.FILTER( Sim_Mul_Bet1!$H$3:$H$48, (Sim_Mul_Bet1!$A$3:$A$48=E$2) * (Sim_Mul_Bet1!$C$3:$C$48=$B12),0 ), 0 )} -> 0 | F12: {=_xlfn.IFNA( _xlfn._xlws.FILTER( Sim_Mul_Bet1!$O$3:$O$48, (Sim_Mul_Bet1!$A$3:$A$48=C$2) * (Sim_Mul_Bet1!$C$3:$C$48=$B12),0 ), 0 )} -> 0 | G12: {=_xlfn.IFNA( _xlfn._xlws.FILTER( Sim_Mul_Bet1!$O$3:$O$48, (Sim_Mul_Bet1!$A$3:$A$48=D$2) * (Sim_Mul_Bet1!$C$3:$C$48=$B12),0 ), 0 )} -> 0 | H12: {=_xlfn.IFNA( _xlfn._xlws.FILTER( Sim_Mul_Bet1!$O$3:$O$48, (Sim_Mul_Bet1!$A$3:$A$48=E$2) * (Sim_Mul_Bet1!$C$3:$C$48=$B12),0 ), 0 )} -> 0 | J12: 9 | K12: 8 | L12: A | M12: =HLOOKUP(L12,$C$2:$E$54,J12+2,FALSE) -> 0 | N12: =HLOOKUP(L12,$F$2:$H$54,J12+2,FALSE) -> 0 | O12: 0 | P12: 0 | Q12: 0 | R12: =N12*O12 -> 0 | S12: TRUE | T12: 0 | U12: 0 | V12: =U12*N12 -> 0 | Y12: =Z12 -> 0 | Z12: 0 | AA12: 0 | AB12: =N12*Y12 -> 0 | AD12: =ROUND(Y12*1000000,0) -> 0 | AE12: 0 | AF12: =AE12*N12 -> 0
B13: 9 | C13: {=_xlfn.IFNA( _xlfn._xlws.FILTER( Sim_Mul_Bet1!$H$3:$H$48, (Sim_Mul_Bet1!$A$3:$A$48=C$2) * (Sim_Mul_Bet1!$C$3:$C$48=$B13),0 ), 0 )} -> 0 | D13: {=_xlfn.IFNA( _xlfn._xlws.FILTER( Sim_Mul_Bet1!$H$3:$H$48, (Sim_Mul_Bet1!$A$3:$A$48=D$2) * (Sim_Mul_Bet1!$C$3:$C$48=$B13),0 ), 0 )} -> 0.09957442 | E13: {=_xlfn.IFNA( _xlfn._xlws.FILTER( Sim_Mul_Bet1!$H$3:$H$48, (Sim_Mul_Bet1!$A$3:$A$48=E$2) * (Sim_Mul_Bet1!$C$3:$C$48=$B13),0 ), 0 )} -> 0 | F13: {=_xlfn.IFNA( _xlfn._xlws.FILTER( Sim_Mul_Bet1!$O$3:$O$48, (Sim_Mul_Bet1!$A$3:$A$48=C$2) * (Sim_Mul_Bet1!$C$3:$C$48=$B13),0 ), 0 )} -> 0 | G13: {=_xlfn.IFNA( _xlfn._xlws.FILTER( Sim_Mul_Bet1!$O$3:$O$48, (Sim_Mul_Bet1!$A$3:$A$48=D$2) * (Sim_Mul_Bet1!$C$3:$C$48=$B13),0 ), 0 )} -> 10 | H13: {=_xlfn.IFNA( _xlfn._xlws.FILTER( Sim_Mul_Bet1!$O$3:$O$48, (Sim_Mul_Bet1!$A$3:$A$48=E$2) * (Sim_Mul_Bet1!$C$3:$C$48=$B13),0 ), 0 )} -> 0 | J13: 10 | K13: 9 | L13: A | M13: =HLOOKUP(L13,$C$2:$E$54,J13+2,FALSE) -> 0 | N13: =HLOOKUP(L13,$F$2:$H$54,J13+2,FALSE) -> 0 | O13: 0.0084216489 | P13: 0.0084216489 | Q13: 0.0084216489 | R13: =N13*O13 -> 0 | S13: TRUE | T13: 6515 | U13: 0.006515 | V13: =U13*N13 -> 0 | Y13: =Z13 -> 0.01 | Z13: 0.01 | AA13: 0.0084216489 | AB13: =N13*Y13 -> 0 | AD13: =ROUND(Y13*1000000,0) -> 10000 | AE13: 0.01 | AF13: =AE13*N13 -> 0
B14: 10 | C14: {=_xlfn.IFNA( _xlfn._xlws.FILTER( Sim_Mul_Bet1!$H$3:$H$48, (Sim_Mul_Bet1!$A$3:$A$48=C$2) * (Sim_Mul_Bet1!$C$3:$C$48=$B14),0 ), 0 )} -> 0.01949318 | D14: {=_xlfn.IFNA( _xlfn._xlws.FILTER( Sim_Mul_Bet1!$H$3:$H$48, (Sim_Mul_Bet1!$A$3:$A$48=D$2) * (Sim_Mul_Bet1!$C$3:$C$48=$B14),0 ), 0 )} -> 0.0532554 | E14: {=_xlfn.IFNA( _xlfn._xlws.FILTER( Sim_Mul_Bet1!$H$3:$H$48, (Sim_Mul_Bet1!$A$3:$A$48=E$2) * (Sim_Mul_Bet1!$C$3:$C$48=$B14),0 ), 0 )} -> 0 | F14: {=_xlfn.IFNA( _xlfn._xlws.FILTER( Sim_Mul_Bet1!$O$3:$O$48, (Sim_Mul_Bet1!$A$3:$A$48=C$2) * (Sim_Mul_Bet1!$C$3:$C$48=$B14),0 ), 0 )} -> 10.263407 | G14: {=_xlfn.IFNA( _xlfn._xlws.FILTER( Sim_Mul_Bet1!$O$3:$O$48, (Sim_Mul_Bet1!$A$3:$A$48=D$2) * (Sim_Mul_Bet1!$C$3:$C$48=$B14),0 ), 0 )} -> 12.956681 | H14: {=_xlfn.IFNA( _xlfn._xlws.FILTER( Sim_Mul_Bet1!$O$3:$O$48, (Sim_Mul_Bet1!$A$3:$A$48=E$2) * (Sim_Mul_Bet1!$C$3:$C$48=$B14),0 ), 0 )} -> 0 | J14: 11 | K14: 10 | L14: A | M14: =HLOOKUP(L14,$C$2:$E$54,J14+2,FALSE) -> 0.01949318 | N14: =HLOOKUP(L14,$F$2:$H$54,J14+2,FALSE) -> 10.263407 | O14: 0.005 | P14: 0.005 | Q14: 0.0061793549 | R14: =N14*O14 -> 0.051317035 | S14: FALSE | T14: 6207 | U14: 0.006207 | V14: =U14*N14 -> 0.063704967 | Y14: =Z14 -> 0.003 | Z14: 0.003 | AA14: 0.0061793549 | AB14: =N14*Y14 -> 0.030790221 | AD14: =ROUND(Y14*1000000,0) -> 3000 | AE14: 0.003 | AF14: =AE14*N14 -> 0.030790221
B15: 15 | C15: {=_xlfn.IFNA( _xlfn._xlws.FILTER( Sim_Mul_Bet1!$H$3:$H$48, (Sim_Mul_Bet1!$A$3:$A$48=C$2) * (Sim_Mul_Bet1!$C$3:$C$48=$B15),0 ), 0 )} -> 0.00314108 | D15: {=_xlfn.IFNA( _xlfn._xlws.FILTER( Sim_Mul_Bet1!$H$3:$H$48, (Sim_Mul_Bet1!$A$3:$A$48=D$2) * (Sim_Mul_Bet1!$C$3:$C$48=$B15),0 ), 0 )} -> 0.02856435 | E15: {=_xlfn.IFNA( _xlfn._xlws.FILTER( Sim_Mul_Bet1!$H$3:$H$48, (Sim_Mul_Bet1!$A$3:$A$48=E$2) * (Sim_Mul_Bet1!$C$3:$C$48=$B15),0 ), 0 )} -> 0 | F15: {=_xlfn.IFNA( _xlfn._xlws.FILTER( Sim_Mul_Bet1!$O$3:$O$48, (Sim_Mul_Bet1!$A$3:$A$48=C$2) * (Sim_Mul_Bet1!$C$3:$C$48=$B15),0 ), 0 )} -> 15.115594 | G15: {=_xlfn.IFNA( _xlfn._xlws.FILTER( Sim_Mul_Bet1!$O$3:$O$48, (Sim_Mul_Bet1!$A$3:$A$48=D$2) * (Sim_Mul_Bet1!$C$3:$C$48=$B15),0 ), 0 )} -> 19.351512 | H15: {=_xlfn.IFNA( _xlfn._xlws.FILTER( Sim_Mul_Bet1!$O$3:$O$48, (Sim_Mul_Bet1!$A$3:$A$48=E$2) * (Sim_Mul_Bet1!$C$3:$C$48=$B15),0 ), 0 )} -> 0 | J15: 12 | K15: 15 | L15: A | M15: =HLOOKUP(L15,$C$2:$E$54,J15+2,FALSE) -> 0.00314108 | N15: =HLOOKUP(L15,$F$2:$H$54,J15+2,FALSE) -> 15.115594 | O15: 0.005 | P15: 0.005 | Q15: 0.0059882886 | R15: =N15*O15 -> 0.07557797 | S15: FALSE | T15: 5365 | U15: 0.005365 | V15: =U15*N15 -> 0.081095162 | Y15: =Z15 -> 0.01 | Z15: 0.01 | AA15: 0.0059882886 | AB15: =N15*Y15 -> 0.15115594 | AD15: =ROUND(Y15*1000000,0) -> 10000 | AE15: 0.01 | AF15: =AE15*N15 -> 0.15115594
... B54: 7000 | C54: {=_xlfn.IFNA( _xlfn._xlws.FILTER( Sim_Mul_Bet1!$H$3:$H$48, (Sim_Mul_Bet1!$A$3:$A$48=C$2) * (Sim_Mul_Bet1!$C$3:$C$48=$B54),0 ), 0 )} -> 0 | D54: {=_xlfn.IFNA( _xlfn._xlws.FILTER( Sim_Mul_Bet1!$H$3:$H$48, (Sim_Mul_Bet1!$A$3:$A$48=D$2) * (Sim_Mul_Bet1!$C$3:$C$48=$B54),0 ), 0 )} -> 0 | E54: {=_xlfn.IFNA( _xlfn._xlws.FILTER( Sim_Mul_Bet1!$H$3:$H$48, (Sim_Mul_Bet1!$A$3:$A$48=E$2) * (Sim_Mul_Bet1!$C$3:$C$48=$B54),0 ), 0 )} -> 0 | F54: {=_xlfn.IFNA( _xlfn._xlws.FILTER( Sim_Mul_Bet1!$O$3:$O$48, (Sim_Mul_Bet1!$A$3:$A$48=C$2) * (Sim_Mul_Bet1!$C$3:$C$48=$B54),0 ), 0 )} -> 0 | G54: {=_xlfn.IFNA( _xlfn._xlws.FILTER( Sim_Mul_Bet1!$O$3:$O$48, (Sim_Mul_Bet1!$A$3:$A$48=D$2) * (Sim_Mul_Bet1!$C$3:$C$48=$B54),0 ), 0 )} -> 0 | H54: {=_xlfn.IFNA( _xlfn._xlws.FILTER( Sim_Mul_Bet1!$O$3:$O$48, (Sim_Mul_Bet1!$A$3:$A$48=E$2) * (Sim_Mul_Bet1!$C$3:$C$48=$B54),0 ), 0 )} -> 0 | J54: 51 | K54: 7000 | L54: A | M54: =HLOOKUP(L54,$C$2:$E$54,J54+2,FALSE) -> 0 | N54: =HLOOKUP(L54,$F$2:$H$54,J54+2,FALSE) -> 0 | O54: 0 | P54: 0 | Q54: 0 | R54: =N54*O54 -> 0 | S54: TRUE | T54: 0 | U54: 0 | V54: =U54*N54 -> 0 | Y54: =Z54 -> 0 | Z54: 0 | AA54: 0 | AB54: =N54*Y54 -> 0 | AD54: =ROUND(Y54*1000000,0) -> 0 | AE54: 0 | AF54: =AE54*N54 -> 0

Sheet Sim_Mul_Bet1
O1: 1
H3: Hit% | O3: AVG Mul | U3: Hit%
A4: A | B4: BaseGame | C4: 0 | F4: = | G4: 87009169 | H4: {=G4:G19/SUM($G$4:$G$19)} -> 0.87009169 | K4: Pay | L4: = | M4: 0 | O4: =M4/G4/$O$1 -> 0 | R4: 1C1 | S4: = | T4: null, | U4: {=_xlfn.IFS(T4="null,",0,T4="","",T4/G4>=0,T4/G4)} -> 0 | X4: 2C1 | Y4: = | Z4: null, | AA4: 3C1 | AB4: = | AC4: null, | AD4: 4C1 | AE4: = | AF4: null, | AG4: 5C1 | AH4: = | AI4: null
A5: A | B5: BaseGame | C5: 1 | F5: = | G5: 4525812 | H5: 0.04525812 | K5: Pay | L5: = | M5: 4525812 | O5: =M5/G5/$O$1 -> 1 | R5: 1C1 | S5: = | T5: null, | U5: {=_xlfn.IFS(T5="null,",0,T5="","",T5/G5>=0,T5/G5)} -> 0 | X5: 2C1 | Y5: = | Z5: null, | AA5: 3C1 | AB5: = | AC5: null, | AD5: 4C1 | AE5: = | AF5: null, | AG5: 5C1 | AH5: = | AI5: null
A6: A | B6: BaseGame | C6: 2 | F6: = | G6: 138889 | H6: 0.00138889 | K6: Pay | L6: = | M6: 277778 | O6: =M6/G6/$O$1 -> 2 | R6: 1C1 | S6: = | T6: null, | U6: {=_xlfn.IFS(T6="null,",0,T6="","",T6/G6>=0,T6/G6)} -> 0 | X6: 2C1 | Y6: = | Z6: null, | AA6: 3C1 | AB6: = | AC6: null, | AD6: 4C1 | AE6: = | AF6: null, | AG6: 5C1 | AH6: = | AI6: null
A7: A | B7: BaseGame | C7: 5 | F7: = | G7: 5049721 | H7: 0.05049721 | K7: Pay | L7: = | M7: 25248605 | O7: =M7/G7/$O$1 -> 5 | R7: 1C1 | S7: = | T7: null, | U7: {=_xlfn.IFS(T7="null,",0,T7="","",T7/G7>=0,T7/G7)} -> 0 | X7: 2C1 | Y7: = | Z7: null, | AA7: 3C1 | AB7: = | AC7: null, | AD7: 4C1 | AE7: = | AF7: null, | AG7: 5C1 | AH7: = | AI7: null
A8: A | B8: BaseGame | C8: 6 | F8: = | G8: 2457 | H8: 2.457e-05 | K8: Pay | L8: = | M8: 14742 | O8: =M8/G8/$O$1 -> 6 | R8: 1C1 | S8: = | T8: null, | U8: {=_xlfn.IFS(T8="null,",0,T8="","",T8/G8>=0,T8/G8)} -> 0 | X8: 2C1 | Y8: = | Z8: null, | AA8: 3C1 | AB8: = | AC8: null, | AD8: 4C1 | AE8: = | AF8: null, | AG8: 5C1 | AH8: = | AI8: null
A9: A | B9: BaseGame | C9: 10 | F9: = | G9: 1949318 | H9: 0.01949318 | K9: Pay | L9: = | M9: 20006644 | O9: =M9/G9/$O$1 -> 10.263407 | R9: 1C1 | S9: = | T9: null, | U9: {=_xlfn.IFS(T9="null,",0,T9="","",T9/G9>=0,T9/G9)} -> 0 | X9: 2C1 | Y9: = | Z9: null, | AA9: 3C1 | AB9: = | AC9: null, | AD9: 4C1 | AE9: = | AF9: null, | AG9: 5C1 | AH9: = | AI9: null
A10: A | B10: BaseGame | C10: 15 | F10: = | G10: 314108 | H10: 0.00314108 | K10: Pay | L10: = | M10: 4747929 | O10: =M10/G10/$O$1 -> 15.115594 | R10: 1C1 | S10: = | T10: null, | U10: {=_xlfn.IFS(T10="null,",0,T10="","",T10/G10>=0,T10/G10)} -> 0 | X10: 2C1 | Y10: = | Z10: null, | AA10: 3C1 | AB10: = | AC10: null, | AD10: 4C1 | AE10: = | AF10: null, | AG10: 5C1 | AH10: = | AI10: null
A11: A | B11: BaseGame | C11: 20 | F11: = | G11: 161855 | H11: 0.00161855 | K11: Pay | L11: = | M11: 3292133 | O11: =M11/G11/$O$1 -> 20.340014 | R11: 1C1 | S11: = | T11: null, | U11: {=_xlfn.IFS(T11="null,",0,T11="","",T11/G11>=0,T11/G11)} -> 0 | X11: 2C1 | Y11: = | Z11: null, | AA11: 3C1 | AB11: = | AC11: null, | AD11: 4C1 | AE11: = | AF11: null, | AG11: 5C1 | AH11: = | AI11: null
A12: A | B12: BaseGame | C12: 25 | F12: = | G12: 294850 | H12: 0.0029485 | K12: Pay | L12: = | M12: 7371672 | O12: =M12/G12/$O$1 -> 25.001431 | R12: 1C1 | S12: = | T12: null, | U12: {=_xlfn.IFS(T12="null,",0,T12="","",T12/G12>=0,T12/G12)} -> 0 | X12: 2C1 | Y12: = | Z12: null, | AA12: 3C1 | AB12: = | AC12: null, | AD12: 4C1 | AE12: = | AF12: null, | AG12: 5C1 | AH12: = | AI12: null
A13: A | B13: BaseGame | C13: 30 | F13: = | G13: 22816 | H13: 0.00022816 | K13: Pay | L13: = | M13: 684480 | O13: =M13/G13/$O$1 -> 30 | R13: 1C1 | S13: = | T13: null, | U13: {=_xlfn.IFS(T13="null,",0,T13="","",T13/G13>=0,T13/G13)} -> 0 | X13: 2C1 | Y13: = | Z13: null, | AA13: 3C1 | AB13: = | AC13: null, | AD13: 4C1 | AE13: = | AF13: null, | AG13: 5C1 | AH13: = | AI13: null
A14: A | B14: BaseGame | C14: 50 | F14: = | G14: 465196 | H14: 0.00465196 | K14: Pay | L14: = | M14: 24043774 | O14: =M14/G14/$O$1 -> 51.685255 | R14: 1C1 | S14: = | T14: null, | U14: {=_xlfn.IFS(T14="null,",0,T14="","",T14/G14>=0,T14/G14)} -> 0 | X14: 2C1 | Y14: = | Z14: null, | AA14: 3C1 | AB14: = | AC14: null, | AD14: 4C1 | AE14: = | AF14: null, | AG14: 5C1 | AH14: = | AI14: null
A15: A | B15: BaseGame | C15: 60 | F15: = | G15: 7544 | H15: 7.544e-05 | K15: Pay | L15: = | M15: 459470 | O15: =M15/G15/$O$1 -> 60.905355 | R15: 1C1 | S15: = | T15: null, | U15: {=_xlfn.IFS(T15="null,",0,T15="","",T15/G15>=0,T15/G15)} -> 0 | X15: 2C1 | Y15: = | Z15: null, | AA15: 3C1 | AB15: = | AC15: null, | AD15: 4C1 | AE15: = | AF15: null, | AG15: 5C1 | AH15: = | AI15: null
A16: A | B16: BaseGame | C16: 70 | F16: = | G16: 63 | H16: 6.3e-07 | K16: Pay | L16: = | M16: 4410 | O16: =M16/G16/$O$1 -> 70 | R16: 1C1 | S16: = | T16: null, | U16: {=_xlfn.IFS(T16="null,",0,T16="","",T16/G16>=0,T16/G16)} -> 0 | X16: 2C1 | Y16: = | Z16: null, | AA16: 3C1 | AB16: = | AC16: null, | AD16: 4C1 | AE16: = | AF16: null, | AG16: 5C1 | AH16: = | AI16: null
... A19: A | B19: BaseGame | C19: 500 | F19: = | G19: 14 | H19: 1.4e-07 | K19: Pay | L19: = | M19: 7040 | O19: =M19/G19/$O$1 -> 502.85714 | R19: 1C1 | S19: = | T19: null, | U19: {=_xlfn.IFS(T19="null,",0,T19="","",T19/G19>=0,T19/G19)} -> 0 | X19: 2C1 | Y19: = | Z19: null, | AA19: 3C1 | AB19: = | AC19: null, | AD19: 4C1 | AE19: = | AF19: null, | AG19: 5C1 | AH19: = | AI19: null
U20: {=_xlfn.IFS(T20="null,",0,T20="","",T20/G20>=0,T20/G20)}
A22: B | B22: BaseGame | C22: -1 | F22: = | G22: 27765510 | H22: {=G22:G43/SUM(G22:G43)} -> 0.2776551
A23: B | B23: BaseGame | C23: 0 | F23: = | G23: 9718529 | H23: 0.09718529 | K23: Pay | L23: = | M23: 971852900 | O23: =M23/G23/$O$1/100 -> 1 | R23: 1C1 | S23: = | T23: null | U23: 2C1 | V23: = | W23: 1388023 | X23: 3C1 | Y23: = | Z23: null | AA23: 4C1 | AB23: = | AC23: null | AD23: 5C1 | AE23: = | AF23: null
A24: B | B24: BaseGame | C24: 1 | F24: = | G24: 3470722 | H24: 0.03470722 | K24: Pay | L24: = | M24: 694144400 | O24: =M24/G24/$O$1/100 -> 2 | R24: 1C1 | S24: = | T24: null | U24: 2C1 | V24: = | W24: 694221 | X24: 3C1 | Y24: = | Z24: null | AA24: 4C1 | AB24: = | AC24: null | AD24: 5C1 | AE24: = | AF24: null
A25: B | B25: BaseGame | C25: 4 | F25: = | G25: 12505433 | H25: 0.12505433 | K25: Pay | L25: = | M25: 6252716500 | O25: =M25/G25/$O$1/100 -> 5 | R25: 1C1 | S25: = | T25: null | U25: 2C1 | V25: = | W25: 1389964 | X25: 3C1 | Y25: = | Z25: null | AA25: 4C1 | AB25: = | AC25: null | AD25: 5C1 | AE25: = | AF25: null
A26: B | B26: BaseGame | C26: 5 | F26: = | G26: 1388947 | H26: 0.01388947 | K26: Pay | L26: = | M26: 833368200 | O26: =M26/G26/$O$1/100 -> 6 | R26: 1C1 | S26: = | T26: null | U26: 2C1 | V26: = | W26: 1388947 | X26: 3C1 | Y26: = | Z26: null | AA26: 4C1 | AB26: = | AC26: null | AD26: 5C1 | AE26: = | AF26: null
A27: B | B27: BaseGame | C27: 9 | F27: = | G27: 9957442 | H27: 0.09957442 | K27: Pay | L27: = | M27: 9957442000 | O27: =M27/G27/$O$1/100 -> 10 | R27: 1C1 | S27: = | T27: null | U27: 2C1 | V27: = | W27: 1621508 | X27: 3C1 | Y27: = | Z27: null | AA27: 4C1 | AB27: = | AC27: null | AD27: 5C1 | AE27: = | AF27: null
A28: B | B28: BaseGame | C28: 10 | F28: = | G28: 5325540 | H28: 0.0532554 | K28: Pay | L28: = | M28: 6900132300 | O28: =M28/G28/$O$1/100 -> 12.956681 | R28: 1C1 | S28: = | T28: null | U28: 2C1 | V28: = | W28: 2546798 | X28: 3C1 | Y28: = | Z28: null | AA28: 4C1 | AB28: = | AC28: null | AD28: 5C1 | AE28: = | AF28: null
A29: B | B29: BaseGame | C29: 15 | F29: = | G29: 2856435 | H29: 0.02856435 | K29: Pay | L29: = | M29: 5527633600 | O29: =M29/G29/$O$1/100 -> 19.351512 | R29: 1C1 | S29: = | T29: null | U29: 2C1 | V29: = | W29: 1002205 | X29: 3C1 | Y29: = | Z29: null | AA29: 4C1 | AB29: = | AC29: null | AD29: 5C1 | AE29: = | AF29: null
A30: B | B30: BaseGame | C30: 20 | F30: = | G30: 3568880 | H30: 0.0356888 | K30: Pay | L30: = | M30: 8716099000 | O30: =M30/G30/$O$1/100 -> 24.422505 | R30: 1C1 | S30: = | T30: null | U30: 2C1 | V30: = | W30: 327626 | X30: 3C1 | Y30: = | Z30: null | AA30: 4C1 | AB30: = | AC30: null | AD30: 5C1 | AE30: = | AF30: null
A31: B | B31: BaseGame | C31: 25 | F31: = | G31: 521546 | H31: 0.00521546 | K31: Pay | L31: = | M31: 1549244400 | O31: =M31/G31/$O$1/100 -> 29.704847 | R31: 1C1 | S31: = | T31: null | U31: 2C1 | V31: = | W31: 57981 | X31: 3C1 | Y31: = | Z31: null | AA31: 4C1 | AB31: = | AC31: null | AD31: 5C1 | AE31: = | AF31: null
A32: B | B32: BaseGame | C32: 45 | F32: = | G32: 3474008 | H32: 0.03474008 | K32: Pay | L32: = | M32: 17370040000 | O32: =M32/G32/$O$1/100 -> 50 | R32: 1C1 | S32: = | T32: null | U32: 2C1 | V32: = | W32: 231594 | X32: 3C1 | Y32: = | Z32: null | AA32: 4C1 | AB32: = | AC32: null | AD32: 5C1 | AE32: = | AF32: null
A33: B | B33: BaseGame | C33: 50 | F33: = | G33: 5248740 | H33: 0.0524874 | K33: Pay | L33: = | M33: 28296905400 | O33: =M33/G33/$O$1/100 -> 53.911806 | R33: 1C1 | S33: = | T33: null | U33: 2C1 | V33: = | W33: 2005532 | X33: 3C1 | Y33: = | Z33: null | AA33: 4C1 | AB33: = | AC33: null | AD33: 5C1 | AE33: = | AF33: null
A34: B | B34: BaseGame | C34: 60 | F34: = | G34: 540279 | H34: 0.00540279 | K34: Pay | L34: = | M34: 3449977900 | O34: =M34/G34/$O$1/100 -> 63.855488 | R34: 1C1 | S34: = | T34: null | U34: 2C1 | V34: = | W34: 540279 | X34: 3C1 | Y34: = | Z34: null | AA34: 4C1 | AB34: = | AC34: null | AD34: 5C1 | AE34: = | AF34: null
A35: B | B35: BaseGame | C35: 70 | F35: = | G35: 463106 | H35: 0.00463106 | K35: Pay | L35: = | M35: 3473295000 | O35: =M35/G35/$O$1/100 -> 75 | R35: 1C1 | S35: = | T35: null | U35: 2C1 | V35: = | W35: null | X35: 3C1 | Y35: = | Z35: null | AA35: 4C1 | AB35: = | AC35: null | AD35: 5C1 | AE35: = | AF35: null
A36: B | B36: BaseGame | C36: 90 | F36: = | G36: 2103874 | H36: 0.02103874 | K36: Pay | L36: = | M36: 21038740000 | O36: =M36/G36/$O$1/100 -> 100 | R36: 1C1 | S36: = | T36: null | U36: 2C1 | V36: = | W36: 251027 | X36: 3C1 | Y36: = | Z36: null | AA36: 4C1 | AB36: = | AC36: null | AD36: 5C1 | AE36: = | AF36: null
A37: B | B37: BaseGame | C37: 100 | F37: = | G37: 6406460 | H37: 0.0640646 | K37: Pay | L37: = | M37: 67261879400 | O37: =M37/G37/$O$1/100 -> 104.99071 | R37: 1C1 | S37: = | T37: null | U37: 2C1 | V37: = | W37: 2702663 | X37: 3C1 | Y37: = | Z37: null | AA37: 4C1 | AB37: = | AC37: null | AD37: 5C1 | AE37: = | AF37: null
A38: B | B38: BaseGame | C38: 140 | F38: = | G38: 347015 | H38: 0.00347015 | K38: Pay | L38: = | M38: 5344243100 | O38: =M38/G38/$O$1/100 -> 154.00611 | R38: 1C1 | S38: = | T38: null | U38: 2C1 | V38: = | W38: 347015 | X38: 3C1 | Y38: = | Z38: null | AA38: 4C1 | AB38: = | AC38: null | AD38: 5C1 | AE38: = | AF38: null
A39: B | B39: BaseGame | C39: 180 | F39: = | G39: 481474 | H39: 0.00481474 | K39: Pay | L39: = | M39: 9629480000 | O39: =M39/G39/$O$1/100 -> 200 | R39: 1C1 | S39: = | T39: null | U39: 2C1 | V39: = | W39: 19281 | X39: 3C1 | Y39: = | Z39: null | AA39: 4C1 | AB39: = | AC39: null | AD39: 5C1 | AE39: = | AF39: null
A40: B | B40: BaseGame | C40: 200 | F40: = | G40: 1543054 | H40: 0.01543054 | K40: Pay | L40: = | M40: 33797303700 | O40: =M40/G40/$O$1/100 -> 219.02865 | R40: 1C1 | S40: = | T40: null | U40: 2C1 | V40: = | W40: 154231 | X40: 3C1 | Y40: = | Z40: null | AA40: 4C1 | AB40: = | AC40: null | AD40: 5C1 | AE40: = | AF40: null
A41: B | B41: BaseGame | C41: 250 | F41: = | G41: 925631 | H41: 0.00925631 | K41: Pay | L41: = | M41: 24530590500 | O41: =M41/G41/$O$1/100 -> 265.01479 | R41: 1C1 | S41: = | T41: null | U41: 2C1 | V41: = | W41: null | X41: 3C1 | Y41: = | Z41: null | AA41: 4C1 | AB41: = | AC41: null | AD41: 5C1 | AE41: = | AF41: null
A42: B | B42: BaseGame | C42: 450 | F42: = | G42: 462326 | H42: 0.00462326 | K42: Pay | L42: = | M42: 23116300000 | O42: =M42/G42/$O$1/100 -> 500 | R42: 1C1 | S42: = | T42: null | U42: 2C1 | V42: = | W42: null | X42: 3C1 | Y42: = | Z42: null | AA42: 4C1 | AB42: = | AC42: null | AD42: 5C1 | AE42: = | AF42: null
A43: B | B43: BaseGame | C43: 500 | F43: = | G43: 925049 | H43: 0.00925049 | K43: Pay | L43: = | M43: 47640528500 | O43: =M43/G43/$O$1/100 -> 515.00546 | R43: 1C1 | S43: = | T43: null | U43: 2C1 | V43: = | W43: null | X43: 3C1 | Y43: = | Z43: null | AA43: 4C1 | AB43: = | AC43: null | AD43: 5C1 | AE43: = | AF43: null
Y44: {=_xlfn.IFS(X44="null,",0,X44="","",X44/G44>=0,X44/G44)}
U45: {=_xlfn.IFS(T45="null,",0,T45="","",T45/G45>=0,T45/G45)}
U46: {=_xlfn.IFS(T46="null,",0,T46="","",T46/G46>=0,T46/G46)}
U47: {=_xlfn.IFS(T47="null,",0,T47="","",T47/G47>=0,T47/G47)}
U48: {=_xlfn.IFS(T48="null,",0,T48="","",T48/G48>=0,T48/G48)}
U49: {=_xlfn.IFS(T49="null,",0,T49="","",T49/G49>=0,T49/G49)}

Sheet Card_Bet5
C1: Hit% | F1: Mul | R1: =SUM(R3:R54) -> 0.74609386 | V1: =SUM(V3:V54) -> 0.71959919 | AB1: =SUM(AB3:AB54) -> 0.68318517 | AF1: =SUM(AF3:AF54) -> 0.68318487
B2: Interval | C2: A | D2: B | E2: C | F2: A | G2: B | H2: C | J2: Index | K2: Interval | L2: Sheet | M2: Mul | N2: Avg Mul | O2: Hit%_tune | P2: Hit%_ori | Q2: Jili Hit% | R2: RTP_tune | T2: Hit%_Weight_Final | U2: Hit%_Final | V2: RTP_Final | Y2: Hit%_tune | Z2: Hit%_ori | AA2: Jili Hit% | AB2: RTP_tune | AD2: Hit%_Weight_Final | AE2: Hit%_Final | AF2: RTP_Final
B3: -1 | C3: {=_xlfn.IFNA( _xlfn._xlws.FILTER( Sim_Mul_Bet5!$H$3:$H$72, (Sim_Mul_Bet5!$A$3:$A$72=C$2) * (Sim_Mul_Bet5!$C$3:$C$72=$B3),0 ), 0 )} -> 0 | D3: {=_xlfn.IFNA( _xlfn._xlws.FILTER( Sim_Mul_Bet5!$H$3:$H$72, (Sim_Mul_Bet5!$A$3:$A$72=D$2) * (Sim_Mul_Bet5!$C$3:$C$72=$B3),0 ), 0 )} -> 0.16667922 | G3: {=_xlfn.IFNA( _xlfn._xlws.FILTER( Sim_Mul_Bet5!$O$3:$O$72, (Sim_Mul_Bet5!$A$3:$A$72=D$2) * (Sim_Mul_Bet5!$C$3:$C$72=$B3),0 ), 0 )} -> 0 | J3: 0 | K3: -1 | L3: A | M3: =HLOOKUP(L3,$C$2:$E$54,J3+2,FALSE) -> 0 | N3: =HLOOKUP(L3,$F$2:$H$54,J3+2,FALSE) -> 0 | O3: =1-SUM(O4:O53) -> 0.86831201 | P3: =1-SUM(P4:P53) -> 0.86826291 | Q3: =1-SUM(Q4:Q54) -> 0.86813985 | R3: =N3*O3 -> 0 | T3: =1000000-SUM(T4:T54) -> 868433 | U3: {=T3:T54/SUM($T$3:$T$54)} -> 0.868433 | V3: =U3*N3 -> 0 | Y3: =1-SUM(Y4:Y53) -> 0.87119768 | Z3: =1-SUM(Z4:Z53) -> 0.87119768 | AA3: =1-SUM(AA4:AA54) -> 0.86813985 | AB3: =N3*Y3 -> 0 | AD3: =1000000-SUM(AD4:AD54) -> 871198 | AE3: {=AD3:AD54/SUM($T$3:$T$54)} -> 0.871198 | AF3: =AE3*N3 -> 0
B4: 0 | C4: {=_xlfn.IFNA( _xlfn._xlws.FILTER( Sim_Mul_Bet5!$H$3:$H$72, (Sim_Mul_Bet5!$A$3:$A$72=C$2) * (Sim_Mul_Bet5!$C$3:$C$72=$B4),0 ), 0 )} -> 0.8701443 | D4: {=_xlfn.IFNA( _xlfn._xlws.FILTER( Sim_Mul_Bet5!$H$3:$H$72, (Sim_Mul_Bet5!$A$3:$A$72=D$2) * (Sim_Mul_Bet5!$C$3:$C$72=$B4),0 ), 0 )} -> 0.17968134 | E4: {=_xlfn.IFNA( _xlfn._xlws.FILTER( Sim_Mul_Bet5!$H$3:$H$72, (Sim_Mul_Bet5!$A$3:$A$72=E$2) * (Sim_Mul_Bet5!$C$3:$C$72=$B4),0 ), 0 )} -> 0 | F4: {=_xlfn.IFNA( _xlfn._xlws.FILTER( Sim_Mul_Bet5!$O$3:$O$72, (Sim_Mul_Bet5!$A$3:$A$72=C$2) * (Sim_Mul_Bet5!$C$3:$C$72=$B4),0 ), 0 )} -> 0 | G4: {=_xlfn.IFNA( _xlfn._xlws.FILTER( Sim_Mul_Bet5!$O$3:$O$72, (Sim_Mul_Bet5!$A$3:$A$72=D$2) * (Sim_Mul_Bet5!$C$3:$C$72=$B4),0 ), 0 )} -> 0.6327848 | H4: {=_xlfn.IFNA( _xlfn._xlws.FILTER( Sim_Mul_Bet5!$O$3:$O$72, (Sim_Mul_Bet5!$A$3:$A$72=E$2) * (Sim_Mul_Bet5!$C$3:$C$72=$B4),0 ), 0 )} -> 0 | J4: 1 | K4: 0 | L4: A | M4: =HLOOKUP(L4,$C$2:$E$54,J4+2,FALSE) -> 0.8701443 | N4: =HLOOKUP(L4,$F$2:$H$54,J4+2,FALSE) -> 0 | O4: 0.065255022 | P4: 0.065255022 | Q4: 0.065255022 | R4: =N4*O4 -> 0 | T4: 73842 | U4: 0.073842 | V4: =U4*N4 -> 0 | Y4: =Z4 -> 0.065255022 | Z4: 0.065255022 | AA4: 0.065255022 | AB4: =N4*Y4 -> 0 | AD4: =ROUND(Y4*1000000,0) -> 65255 | AE4: 0.065255 | AF4: =AE4*N4 -> 0
B5: 1 | C5: {=_xlfn.IFNA( _xlfn._xlws.FILTER( Sim_Mul_Bet5!$H$3:$H$72, (Sim_Mul_Bet5!$A$3:$A$72=C$2) * (Sim_Mul_Bet5!$C$3:$C$72=$B5),0 ), 0 )} -> 0.05555461 | D5: {=_xlfn.IFNA( _xlfn._xlws.FILTER( Sim_Mul_Bet5!$H$3:$H$72, (Sim_Mul_Bet5!$A$3:$A$72=D$2) * (Sim_Mul_Bet5!$C$3:$C$72=$B5),0 ), 0 )} -> 0.07261635 | E5: {=_xlfn.IFNA( _xlfn._xlws.FILTER( Sim_Mul_Bet5!$H$3:$H$72, (Sim_Mul_Bet5!$A$3:$A$72=E$2) * (Sim_Mul_Bet5!$C$3:$C$72=$B5),0 ), 0 )} -> 0 | F5: {=_xlfn.IFNA( _xlfn._xlws.FILTER( Sim_Mul_Bet5!$O$3:$O$72, (Sim_Mul_Bet5!$A$3:$A$72=C$2) * (Sim_Mul_Bet5!$C$3:$C$72=$B5),0 ), 0 )} -> 1.0000036 | G5: {=_xlfn.IFNA( _xlfn._xlws.FILTER( Sim_Mul_Bet5!$O$3:$O$72, (Sim_Mul_Bet5!$A$3:$A$72=D$2) * (Sim_Mul_Bet5!$C$3:$C$72=$B5),0 ), 0 )} -> 1.9243169 | H5: {=_xlfn.IFNA( _xlfn._xlws.FILTER( Sim_Mul_Bet5!$O$3:$O$72, (Sim_Mul_Bet5!$A$3:$A$72=E$2) * (Sim_Mul_Bet5!$C$3:$C$72=$B5),0 ), 0 )} -> 0 | J5: 2 | K5: 1 | L5: A | M5: =HLOOKUP(L5,$C$2:$E$54,J5+2,FALSE) -> 0.05555461 | N5: =HLOOKUP(L5,$F$2:$H$54,J5+2,FALSE) -> 1.0000036 | O5: 0.0020542997 | P5: 0.0020542997 | Q5: 0.0020542997 | R5: =N5*O5 -> 0.0020543071 | T5: 1738 | U5: 0.001738 | V5: =U5*N5 -> 0.0017380063 | Y5: =Z5 -> 0.0020542997 | Z5: 0.0020542997 | AA5: 0.0020542997 | AB5: =N5*Y5 -> 0.0020543071 | AD5: =ROUND(Y5*1000000,0) -> 2054 | AE5: 0.002054 | AF5: =AE5*N5 -> 0.0020540074
B6: 2 | C6: {=_xlfn.IFNA( _xlfn._xlws.FILTER( Sim_Mul_Bet5!$H$3:$H$72, (Sim_Mul_Bet5!$A$3:$A$72=C$2) * (Sim_Mul_Bet5!$C$3:$C$72=$B6),0 ), 0 )} -> 0.01539024 | D6: {=_xlfn.IFNA( _xlfn._xlws.FILTER( Sim_Mul_Bet5!$H$3:$H$72, (Sim_Mul_Bet5!$A$3:$A$72=D$2) * (Sim_Mul_Bet5!$C$3:$C$72=$B6),0 ), 0 )} -> 0.05516408 | E6: {=_xlfn.IFNA( _xlfn._xlws.FILTER( Sim_Mul_Bet5!$H$3:$H$72, (Sim_Mul_Bet5!$A$3:$A$72=E$2) * (Sim_Mul_Bet5!$C$3:$C$72=$B6),0 ), 0 )} -> 0 | F6: {=_xlfn.IFNA( _xlfn._xlws.FILTER( Sim_Mul_Bet5!$O$3:$O$72, (Sim_Mul_Bet5!$A$3:$A$72=C$2) * (Sim_Mul_Bet5!$C$3:$C$72=$B6),0 ), 0 )} -> 2.0097588 | G6: {=_xlfn.IFNA( _xlfn._xlws.FILTER( Sim_Mul_Bet5!$O$3:$O$72, (Sim_Mul_Bet5!$A$3:$A$72=D$2) * (Sim_Mul_Bet5!$C$3:$C$72=$B6),0 ), 0 )} -> 2.5894956 | H6: {=_xlfn.IFNA( _xlfn._xlws.FILTER( Sim_Mul_Bet5!$O$3:$O$72, (Sim_Mul_Bet5!$A$3:$A$72=E$2) * (Sim_Mul_Bet5!$C$3:$C$72=$B6),0 ), 0 )} -> 0 | J6: 3 | K6: 2 | L6: A | M6: =HLOOKUP(L6,$C$2:$E$54,J6+2,FALSE) -> 0.01539024 | N6: =HLOOKUP(L6,$F$2:$H$54,J6+2,FALSE) -> 2.0097588 | O6: 0.0040659003 | P6: 0.0040659003 | Q6: 0.0040659003 | R6: =N6*O6 -> 0.0081714787 | T6: 4558 | U6: 0.004558 | V6: =U6*N6 -> 0.0091604805 | Y6: =Z6 -> 0.0003 | Z6: 0.0003 | AA6: 0.0040659003 | AB6: =N6*Y6 -> 0.00060292763 | AD6: =ROUND(Y6*1000000,0) -> 300 | AE6: 0.0003 | AF6: =AE6*N6 -> 0.00060292763
B7: 3 | C7: {=_xlfn.IFNA( _xlfn._xlws.FILTER( Sim_Mul_Bet5!$H$3:$H$72, (Sim_Mul_Bet5!$A$3:$A$72=C$2) * (Sim_Mul_Bet5!$C$3:$C$72=$B7),0 ), 0 )} -> 0.00286316 | D7: {=_xlfn.IFNA( _xlfn._xlws.FILTER( Sim_Mul_Bet5!$H$3:$H$72, (Sim_Mul_Bet5!$A$3:$A$72=D$2) * (Sim_Mul_Bet5!$C$3:$C$72=$B7),0 ), 0 )} -> 0.01731527 | E7: {=_xlfn.IFNA( _xlfn._xlws.FILTER( Sim_Mul_Bet5!$H$3:$H$72, (Sim_Mul_Bet5!$A$3:$A$72=E$2) * (Sim_Mul_Bet5!$C$3:$C$72=$B7),0 ), 0 )} -> 0 | F7: {=_xlfn.IFNA( _xlfn._xlws.FILTER( Sim_Mul_Bet5!$O$3:$O$72, (Sim_Mul_Bet5!$A$3:$A$72=C$2) * (Sim_Mul_Bet5!$C$3:$C$72=$B7),0 ), 0 )} -> 3.018481 | G7: {=_xlfn.IFNA( _xlfn._xlws.FILTER( Sim_Mul_Bet5!$O$3:$O$72, (Sim_Mul_Bet5!$A$3:$A$72=D$2) * (Sim_Mul_Bet5!$C$3:$C$72=$B7),0 ), 0 )} -> 3.8189016 | H7: {=_xlfn.IFNA( _xlfn._xlws.FILTER( Sim_Mul_Bet5!$O$3:$O$72, (Sim_Mul_Bet5!$A$3:$A$72=E$2) * (Sim_Mul_Bet5!$C$3:$C$72=$B7),0 ), 0 )} -> 0 | J7: 4 | K7: 3 | L7: B | M7: =HLOOKUP(L7,$C$2:$E$54,J7+2,FALSE) -> 0.01731527 | N7: =HLOOKUP(L7,$F$2:$H$54,J7+2,FALSE) -> 3.8189016 | O7: 0 | P7: 0 | Q7: 0 | R7: =N7*O7 -> 0 | T7: 32 | U7: 3.2e-05 | V7: =U7*N7 -> 0.00012220485 | Y7: =Z7 -> 0 | Z7: 0 | AA7: 0 | AB7: =N7*Y7 -> 0 | AD7: =ROUND(Y7*1000000,0) -> 0 | AE7: 0 | AF7: =AE7*N7 -> 0
B8: 4 | C8: {=_xlfn.IFNA( _xlfn._xlws.FILTER( Sim_Mul_Bet5!$H$3:$H$72, (Sim_Mul_Bet5!$A$3:$A$72=C$2) * (Sim_Mul_Bet5!$C$3:$C$72=$B8),0 ), 0 )} -> 0.00070949 | D8: {=_xlfn.IFNA( _xlfn._xlws.FILTER( Sim_Mul_Bet5!$H$3:$H$72, (Sim_Mul_Bet5!$A$3:$A$72=D$2) * (Sim_Mul_Bet5!$C$3:$C$72=$B8),0 ), 0 )} -> 0.02855255 | E8: {=_xlfn.IFNA( _xlfn._xlws.FILTER( Sim_Mul_Bet5!$H$3:$H$72, (Sim_Mul_Bet5!$A$3:$A$72=E$2) * (Sim_Mul_Bet5!$C$3:$C$72=$B8),0 ), 0 )} -> 0 | F8: {=_xlfn.IFNA( _xlfn._xlws.FILTER( Sim_Mul_Bet5!$O$3:$O$72, (Sim_Mul_Bet5!$A$3:$A$72=C$2) * (Sim_Mul_Bet5!$C$3:$C$72=$B8),0 ), 0 )} -> 4.0086851 | G8: {=_xlfn.IFNA( _xlfn._xlws.FILTER( Sim_Mul_Bet5!$O$3:$O$72, (Sim_Mul_Bet5!$A$3:$A$72=D$2) * (Sim_Mul_Bet5!$C$3:$C$72=$B8),0 ), 0 )} -> 4.8532947 | H8: {=_xlfn.IFNA( _xlfn._xlws.FILTER( Sim_Mul_Bet5!$O$3:$O$72, (Sim_Mul_Bet5!$A$3:$A$72=E$2) * (Sim_Mul_Bet5!$C$3:$C$72=$B8),0 ), 0 )} -> 0 | J8: 5 | K8: 4 | L8: A | M8: =HLOOKUP(L8,$C$2:$E$54,J8+2,FALSE) -> 0.00070949 | N8: =HLOOKUP(L8,$F$2:$H$54,J8+2,FALSE) -> 4.0086851 | O8: 0.029879182 | P8: 0.029879182 | Q8: 0.029879182 | R8: =N8*O8 -> 0.11977623 | T8: 22510 | U8: 0.02251 | V8: =U8*N8 -> 0.090235502 | Y8: =Z8 -> 0.0317 | Z8: 0.0317 | AA8: 0.029879182 | AB8: =N8*Y8 -> 0.12707532 | AD8: =ROUND(Y8*1000000,0) -> 31700 | AE8: 0.0317 | AF8: =AE8*N8 -> 0.12707532
B9: 5 | C9: {=_xlfn.IFNA( _xlfn._xlws.FILTER( Sim_Mul_Bet5!$H$3:$H$72, (Sim_Mul_Bet5!$A$3:$A$72=C$2) * (Sim_Mul_Bet5!$C$3:$C$72=$B9),0 ), 0 )} -> 0.01702092 | D9: {=_xlfn.IFNA( _xlfn._xlws.FILTER( Sim_Mul_Bet5!$H$3:$H$72, (Sim_Mul_Bet5!$A$3:$A$72=D$2) * (Sim_Mul_Bet5!$C$3:$C$72=$B9),0 ), 0 )} -> 0.010379 | E9: {=_xlfn.IFNA( _xlfn._xlws.FILTER( Sim_Mul_Bet5!$H$3:$H$72, (Sim_Mul_Bet5!$A$3:$A$72=E$2) * (Sim_Mul_Bet5!$C$3:$C$72=$B9),0 ), 0 )} -> 0 | F9: {=_xlfn.IFNA( _xlfn._xlws.FILTER( Sim_Mul_Bet5!$O$3:$O$72, (Sim_Mul_Bet5!$A$3:$A$72=C$2) * (Sim_Mul_Bet5!$C$3:$C$72=$B9),0 ), 0 )} -> 5.0028855 | G9: {=_xlfn.IFNA( _xlfn._xlws.FILTER( Sim_Mul_Bet5!$O$3:$O$72, (Sim_Mul_Bet5!$A$3:$A$72=D$2) * (Sim_Mul_Bet5!$C$3:$C$72=$B9),0 ), 0 )} -> 5.7897347 | H9: {=_xlfn.IFNA( _xlfn._xlws.FILTER( Sim_Mul_Bet5!$O$3:$O$72, (Sim_Mul_Bet5!$A$3:$A$72=E$2) * (Sim_Mul_Bet5!$C$3:$C$72=$B9),0 ), 0 )} -> 0 | J9: 6 | K9: 5 | L9: A | M9: =HLOOKUP(L9,$C$2:$E$54,J9+2,FALSE) -> 0.01702092 | N9: =HLOOKUP(L9,$F$2:$H$54,J9+2,FALSE) -> 5.0028855 | O9: 0.0010301998 | P9: 0.0010301998 | Q9: 0.0010301998 | R9: =N9*O9 -> 0.0051539715 | T9: 1062 | U9: 0.001062 | V9: =U9*N9 -> 0.0053130644 | Y9: =Z9 -> 0 | Z9: 0 | AA9: 0.0010301998 | AB9: =N9*Y9 -> 0 | AD9: =ROUND(Y9*1000000,0) -> 0 | AE9: 0 | AF9: =AE9*N9 -> 0
B10: 6 | C10: {=_xlfn.IFNA( _xlfn._xlws.FILTER( Sim_Mul_Bet5!$H$3:$H$72, (Sim_Mul_Bet5!$A$3:$A$72=C$2) * (Sim_Mul_Bet5!$C$3:$C$72=$B10),0 ), 0 )} -> 0.0001259 | D10: {=_xlfn.IFNA( _xlfn._xlws.FILTER( Sim_Mul_Bet5!$H$3:$H$72, (Sim_Mul_Bet5!$A$3:$A$72=D$2) * (Sim_Mul_Bet5!$C$3:$C$72=$B10),0 ), 0 )} -> 0.00131073 | E10: {=_xlfn.IFNA( _xlfn._xlws.FILTER( Sim_Mul_Bet5!$H$3:$H$72, (Sim_Mul_Bet5!$A$3:$A$72=E$2) * (Sim_Mul_Bet5!$C$3:$C$72=$B10),0 ), 0 )} -> 0 | F10: {=_xlfn.IFNA( _xlfn._xlws.FILTER( Sim_Mul_Bet5!$O$3:$O$72, (Sim_Mul_Bet5!$A$3:$A$72=C$2) * (Sim_Mul_Bet5!$C$3:$C$72=$B10),0 ), 0 )} -> 6 | G10: {=_xlfn.IFNA( _xlfn._xlws.FILTER( Sim_Mul_Bet5!$O$3:$O$72, (Sim_Mul_Bet5!$A$3:$A$72=D$2) * (Sim_Mul_Bet5!$C$3:$C$72=$B10),0 ), 0 )} -> 7 | H10: {=_xlfn.IFNA( _xlfn._xlws.FILTER( Sim_Mul_Bet5!$O$3:$O$72, (Sim_Mul_Bet5!$A$3:$A$72=E$2) * (Sim_Mul_Bet5!$C$3:$C$72=$B10),0 ), 0 )} -> 0 | J10: 7 | K10: 6 | L10: B | M10: =HLOOKUP(L10,$C$2:$E$54,J10+2,FALSE) -> 0.00131073 | N10: =HLOOKUP(L10,$F$2:$H$54,J10+2,FALSE) -> 7 | O10: 0 | P10: 0 | Q10: 0 | R10: =N10*O10 -> 0 | T10: 2 | U10: 2e-06 | V10: =U10*N10 -> 1.4e-05 | Y10: =Z10 -> 0 | Z10: 0 | AA10: 0 | AB10: =N10*Y10 -> 0 | AD10: =ROUND(Y10*1000000,0) -> 0 | AE10: 0 | AF10: =AE10*N10 -> 0
B11: 7 | C11: {=_xlfn.IFNA( _xlfn._xlws.FILTER( Sim_Mul_Bet5!$H$3:$H$72, (Sim_Mul_Bet5!$A$3:$A$72=C$2) * (Sim_Mul_Bet5!$C$3:$C$72=$B11),0 ), 0 )} -> 3.76e-05 | D11: {=_xlfn.IFNA( _xlfn._xlws.FILTER( Sim_Mul_Bet5!$H$3:$H$72, (Sim_Mul_Bet5!$A$3:$A$72=D$2) * (Sim_Mul_Bet5!$C$3:$C$72=$B11),0 ), 0 )} -> 0.00129881 | E11: {=_xlfn.IFNA( _xlfn._xlws.FILTER( Sim_Mul_Bet5!$H$3:$H$72, (Sim_Mul_Bet5!$A$3:$A$72=E$2) * (Sim_Mul_Bet5!$C$3:$C$72=$B11),0 ), 0 )} -> 0 | F11: {=_xlfn.IFNA( _xlfn._xlws.FILTER( Sim_Mul_Bet5!$O$3:$O$72, (Sim_Mul_Bet5!$A$3:$A$72=C$2) * (Sim_Mul_Bet5!$C$3:$C$72=$B11),0 ), 0 )} -> 7.0046277 | G11: {=_xlfn.IFNA( _xlfn._xlws.FILTER( Sim_Mul_Bet5!$O$3:$O$72, (Sim_Mul_Bet5!$A$3:$A$72=D$2) * (Sim_Mul_Bet5!$C$3:$C$72=$B11),0 ), 0 )} -> 7.6013212 | H11: {=_xlfn.IFNA( _xlfn._xlws.FILTER( Sim_Mul_Bet5!$O$3:$O$72, (Sim_Mul_Bet5!$A$3:$A$72=E$2) * (Sim_Mul_Bet5!$C$3:$C$72=$B11),0 ), 0 )} -> 0 | J11: 8 | K11: 7 | L11: B | M11: =HLOOKUP(L11,$C$2:$E$54,J11+2,FALSE) -> 0.00129881 | N11: =HLOOKUP(L11,$F$2:$H$54,J11+2,FALSE) -> 7.6013212 | O11: 0 | P11: 0 | Q11: 0 | R11: =N11*O11 -> 0 | T11: 2 | U11: 2e-06 | V11: =U11*N11 -> 1.5202642e-05 | Y11: =Z11 -> 0 | Z11: 0 | AA11: 0 | AB11: =N11*Y11 -> 0 | AD11: =ROUND(Y11*1000000,0) -> 0 | AE11: 0 | AF11: =AE11*N11 -> 0
B12: 8 | C12: {=_xlfn.IFNA( _xlfn._xlws.FILTER( Sim_Mul_Bet5!$H$3:$H$72, (Sim_Mul_Bet5!$A$3:$A$72=C$2) * (Sim_Mul_Bet5!$C$3:$C$72=$B12),0 ), 0 )} -> 2.27e-06 | D12: {=_xlfn.IFNA( _xlfn._xlws.FILTER( Sim_Mul_Bet5!$H$3:$H$72, (Sim_Mul_Bet5!$A$3:$A$72=D$2) * (Sim_Mul_Bet5!$C$3:$C$72=$B12),0 ), 0 )} -> 0 | E12: {=_xlfn.IFNA( _xlfn._xlws.FILTER( Sim_Mul_Bet5!$H$3:$H$72, (Sim_Mul_Bet5!$A$3:$A$72=E$2) * (Sim_Mul_Bet5!$C$3:$C$72=$B12),0 ), 0 )} -> 0 | F12: {=_xlfn.IFNA( _xlfn._xlws.FILTER( Sim_Mul_Bet5!$O$3:$O$72, (Sim_Mul_Bet5!$A$3:$A$72=C$2) * (Sim_Mul_Bet5!$C$3:$C$72=$B12),0 ), 0 )} -> 8 | G12: {=_xlfn.IFNA( _xlfn._xlws.FILTER( Sim_Mul_Bet5!$O$3:$O$72, (Sim_Mul_Bet5!$A$3:$A$72=D$2) * (Sim_Mul_Bet5!$C$3:$C$72=$B12),0 ), 0 )} -> 0 | H12: {=_xlfn.IFNA( _xlfn._xlws.FILTER( Sim_Mul_Bet5!$O$3:$O$72, (Sim_Mul_Bet5!$A$3:$A$72=E$2) * (Sim_Mul_Bet5!$C$3:$C$72=$B12),0 ), 0 )} -> 0 | J12: 9 | K12: 8 | L12: A | M12: =HLOOKUP(L12,$C$2:$E$54,J12+2,FALSE) -> 2.27e-06 | N12: =HLOOKUP(L12,$F$2:$H$54,J12+2,FALSE) -> 8 | O12: 0 | P12: 0 | Q12: 0 | R12: =N12*O12 -> 0 | T12: 0 | U12: 0 | V12: =U12*N12 -> 0 | Y12: =Z12 -> 0 | Z12: 0 | AA12: 0 | AB12: =N12*Y12 -> 0 | AD12: =ROUND(Y12*1000000,0) -> 0 | AE12: 0 | AF12: =AE12*N12 -> 0
B13: 9 | C13: {=_xlfn.IFNA( _xlfn._xlws.FILTER( Sim_Mul_Bet5!$H$3:$H$72, (Sim_Mul_Bet5!$A$3:$A$72=C$2) * (Sim_Mul_Bet5!$C$3:$C$72=$B13),0 ), 0 )} -> 0 | D13: {=_xlfn.IFNA( _xlfn._xlws.FILTER( Sim_Mul_Bet5!$H$3:$H$72, (Sim_Mul_Bet5!$A$3:$A$72=D$2) * (Sim_Mul_Bet5!$C$3:$C$72=$B13),0 ), 0 )} -> 0.03653949 | E13: {=_xlfn.IFNA( _xlfn._xlws.FILTER( Sim_Mul_Bet5!$H$3:$H$72, (Sim_Mul_Bet5!$A$3:$A$72=E$2) * (Sim_Mul_Bet5!$C$3:$C$72=$B13),0 ), 0 )} -> 0 | F13: {=_xlfn.IFNA( _xlfn._xlws.FILTER( Sim_Mul_Bet5!$O$3:$O$72, (Sim_Mul_Bet5!$A$3:$A$72=C$2) * (Sim_Mul_Bet5!$C$3:$C$72=$B13),0 ), 0 )} -> 0 | G13: {=_xlfn.IFNA( _xlfn._xlws.FILTER( Sim_Mul_Bet5!$O$3:$O$72, (Sim_Mul_Bet5!$A$3:$A$72=D$2) * (Sim_Mul_Bet5!$C$3:$C$72=$B13),0 ), 0 )} -> 10 | H13: {=_xlfn.IFNA( _xlfn._xlws.FILTER( Sim_Mul_Bet5!$O$3:$O$72, (Sim_Mul_Bet5!$A$3:$A$72=E$2) * (Sim_Mul_Bet5!$C$3:$C$72=$B13),0 ), 0 )} -> 0 | J13: 10 | K13: 9 | L13: A | M13: =HLOOKUP(L13,$C$2:$E$54,J13+2,FALSE) -> 0 | N13: =HLOOKUP(L13,$F$2:$H$54,J13+2,FALSE) -> 0 | O13: 0.0050154462 | P13: 0.0050154462 | Q13: 0.0050154462 | R13: =N13*O13 -> 0 | T13: 4499 | U13: 0.004499 | V13: =U13*N13 -> 0 | Y13: =Z13 -> 0.01 | Z13: 0.01 | AA13: 0.0050154462 | AB13: =N13*Y13 -> 0 | AD13: =ROUND(Y13*1000000,0) -> 10000 | AE13: 0.01 | AF13: =AE13*N13 -> 0
B14: 10 | C14: {=_xlfn.IFNA( _xlfn._xlws.FILTER( Sim_Mul_Bet5!$H$3:$H$72, (Sim_Mul_Bet5!$A$3:$A$72=C$2) * (Sim_Mul_Bet5!$C$3:$C$72=$B14),0 ), 0 )} -> 0.0164672 | D14: {=_xlfn.IFNA( _xlfn._xlws.FILTER( Sim_Mul_Bet5!$H$3:$H$72, (Sim_Mul_Bet5!$A$3:$A$72=D$2) * (Sim_Mul_Bet5!$C$3:$C$72=$B14),0 ), 0 )} -> 0.08525226 | E14: {=_xlfn.IFNA( _xlfn._xlws.FILTER( Sim_Mul_Bet5!$H$3:$H$72, (Sim_Mul_Bet5!$A$3:$A$72=E$2) * (Sim_Mul_Bet5!$C$3:$C$72=$B14),0 ), 0 )} -> 0 | F14: {=_xlfn.IFNA( _xlfn._xlws.FILTER( Sim_Mul_Bet5!$O$3:$O$72, (Sim_Mul_Bet5!$A$3:$A$72=C$2) * (Sim_Mul_Bet5!$C$3:$C$72=$B14),0 ), 0 )} -> 10.131221 | G14: {=_xlfn.IFNA( _xlfn._xlws.FILTER( Sim_Mul_Bet5!$O$3:$O$72, (Sim_Mul_Bet5!$A$3:$A$72=D$2) * (Sim_Mul_Bet5!$C$3:$C$72=$B14),0 ), 0 )} -> 11.375315 | H14: {=_xlfn.IFNA( _xlfn._xlws.FILTER( Sim_Mul_Bet5!$O$3:$O$72, (Sim_Mul_Bet5!$A$3:$A$72=E$2) * (Sim_Mul_Bet5!$C$3:$C$72=$B14),0 ), 0 )} -> 0 | J14: 11 | K14: 10 | L14: A | M14: =HLOOKUP(L14,$C$2:$E$54,J14+2,FALSE) -> 0.0164672 | N14: =HLOOKUP(L14,$F$2:$H$54,J14+2,FALSE) -> 10.131221 | O14: 0.0058870494 | P14: 0.0058870494 | Q14: 0.0058870494 | R14: =N14*O14 -> 0.059642999 | T14: 6243 | U14: 0.006243 | V14: =U14*N14 -> 0.063249213 | Y14: =Z14 -> 0.0003 | Z14: 0.0003 | AA14: 0.0058870494 | AB14: =N14*Y14 -> 0.0030393663 | AD14: =ROUND(Y14*1000000,0) -> 300 | AE14: 0.0003 | AF14: =AE14*N14 -> 0.0030393663
B15: 15 | C15: {=_xlfn.IFNA( _xlfn._xlws.FILTER( Sim_Mul_Bet5!$H$3:$H$72, (Sim_Mul_Bet5!$A$3:$A$72=C$2) * (Sim_Mul_Bet5!$C$3:$C$72=$B15),0 ), 0 )} -> 0.00497645 | D15: {=_xlfn.IFNA( _xlfn._xlws.FILTER( Sim_Mul_Bet5!$H$3:$H$72, (Sim_Mul_Bet5!$A$3:$A$72=D$2) * (Sim_Mul_Bet5!$C$3:$C$72=$B15),0 ), 0 )} -> 0.03548593 | E15: {=_xlfn.IFNA( _xlfn._xlws.FILTER( Sim_Mul_Bet5!$H$3:$H$72, (Sim_Mul_Bet5!$A$3:$A$72=E$2) * (Sim_Mul_Bet5!$C$3:$C$72=$B15),0 ), 0 )} -> 0 | F15: {=_xlfn.IFNA( _xlfn._xlws.FILTER( Sim_Mul_Bet5!$O$3:$O$72, (Sim_Mul_Bet5!$A$3:$A$72=C$2) * (Sim_Mul_Bet5!$C$3:$C$72=$B15),0 ), 0 )} -> 15.090801 | G15: {=_xlfn.IFNA( _xlfn._xlws.FILTER( Sim_Mul_Bet5!$O$3:$O$72, (Sim_Mul_Bet5!$A$3:$A$72=D$2) * (Sim_Mul_Bet5!$C$3:$C$72=$B15),0 ), 0 )} -> 19.102804 | H15: {=_xlfn.IFNA( _xlfn._xlws.FILTER( Sim_Mul_Bet5!$O$3:$O$72, (Sim_Mul_Bet5!$A$3:$A$72=E$2) * (Sim_Mul_Bet5!$C$3:$C$72=$B15),0 ), 0 )} -> 0 | J15: 12 | K15: 15 | L15: A | M15: =HLOOKUP(L15,$C$2:$E$54,J15+2,FALSE) -> 0.00497645 | N15: =HLOOKUP(L15,$F$2:$H$54,J15+2,FALSE) -> 15.090801 | O15: 0.00287 | P15: 0.00287 | Q15: 0.002882526 | R15: =N15*O15 -> 0.043310599 | T15: 3093 | U15: 0.003093 | V15: =U15*N15 -> 0.046675847 | Y15: =Z15 -> 0.01 | Z15: 0.01 | AA15: 0.002882526 | AB15: =N15*Y15 -> 0.15090801 | AD15: =ROUND(Y15*1000000,0) -> 10000 | AE15: 0.01 | AF15: =AE15*N15 -> 0.15090801
... B54: 7000 | C54: {=_xlfn.IFNA( _xlfn._xlws.FILTER( Sim_Mul_Bet5!$H$3:$H$72, (Sim_Mul_Bet5!$A$3:$A$72=C$2) * (Sim_Mul_Bet5!$C$3:$C$72=$B54),0 ), 0 )} -> 0 | D54: {=_xlfn.IFNA( _xlfn._xlws.FILTER( Sim_Mul_Bet5!$H$3:$H$72, (Sim_Mul_Bet5!$A$3:$A$72=D$2) * (Sim_Mul_Bet5!$C$3:$C$72=$B54),0 ), 0 )} -> 0 | E54: {=_xlfn.IFNA( _xlfn._xlws.FILTER( Sim_Mul_Bet5!$H$3:$H$72, (Sim_Mul_Bet5!$A$3:$A$72=E$2) * (Sim_Mul_Bet5!$C$3:$C$72=$B54),0 ), 0 )} -> 0 | F54: {=_xlfn.IFNA( _xlfn._xlws.FILTER( Sim_Mul_Bet5!$O$3:$O$72, (Sim_Mul_Bet5!$A$3:$A$72=C$2) * (Sim_Mul_Bet5!$C$3:$C$72=$B54),0 ), 0 )} -> 0 | G54: {=_xlfn.IFNA( _xlfn._xlws.FILTER( Sim_Mul_Bet5!$O$3:$O$72, (Sim_Mul_Bet5!$A$3:$A$72=D$2) * (Sim_Mul_Bet5!$C$3:$C$72=$B54),0 ), 0 )} -> 0 | H54: {=_xlfn.IFNA( _xlfn._xlws.FILTER( Sim_Mul_Bet5!$O$3:$O$72, (Sim_Mul_Bet5!$A$3:$A$72=E$2) * (Sim_Mul_Bet5!$C$3:$C$72=$B54),0 ), 0 )} -> 0 | J54: 51 | K54: 7000 | L54: A | M54: =HLOOKUP(L54,$C$2:$E$54,J54+2,FALSE) -> 0 | N54: =HLOOKUP(L54,$F$2:$H$54,J54+2,FALSE) -> 0 | O54: 0 | P54: 0 | Q54: 0 | R54: =N54*O54 -> 0 | T54: 0 | U54: 0 | V54: =U54*N54 -> 0 | Y54: =Z54 -> 0 | Z54: 0 | AA54: 0 | AB54: =N54*Y54 -> 0 | AD54: =ROUND(Y54*1000000,0) -> 0 | AE54: 0 | AF54: =AE54*N54 -> 0

Sheet Sim_Mul_Bet5
O1: 5
H3: Hit% | O3: AVG Mul | U3: Hit%
A4: A | B4: BaseGame | C4: 0 | F4: = | G4: 87014430 | H4: {=G4:G31/SUM(G4:$G$31)} -> 0.8701443 | K4: Pay | L4: = | M4: 0 | O4: =M4/G4/$O$1 -> 0 | R4: 1C1 | S4: = | T4: null | U4: {=_xlfn.IFS(T4="null",0,T4="","",T4/G4>=0,T4/G4)} -> 0 | X4: 2C1 | Y4: = | Z4: null | AA4: 3C1 | AB4: = | AC4: null | AD4: 4C1 | AE4: = | AF4: null | AG4: 5C1 | AH4: = | AI4: null
A5: A | B5: BaseGame | C5: 1 | F5: = | G5: 5555461 | H5: 0.05555461 | K5: Pay | L5: = | M5: 27777405 | O5: =M5/G5/$O$1 -> 1.0000036 | R5: 1C1 | S5: = | T5: null | U5: {=_xlfn.IFS(T5="null",0,T5="","",T5/G5>=0,T5/G5)} -> 0 | X5: 2C1 | Y5: = | Z5: null | AA5: 3C1 | AB5: = | AC5: null | AD5: 4C1 | AE5: = | AF5: null | AG5: 5C1 | AH5: = | AI5: null
A6: A | B6: BaseGame | C6: 2 | F6: = | G6: 1539024 | H6: 0.01539024 | K6: Pay | L6: = | M6: 15465335 | O6: =M6/G6/$O$1 -> 2.0097588 | R6: 1C1 | S6: = | T6: null | U6: {=_xlfn.IFS(T6="null",0,T6="","",T6/G6>=0,T6/G6)} -> 0 | X6: 2C1 | Y6: = | Z6: null | AA6: 3C1 | AB6: = | AC6: null | AD6: 4C1 | AE6: = | AF6: null | AG6: 5C1 | AH6: = | AI6: null
A7: A | B7: BaseGame | C7: 3 | F7: = | G7: 286316 | H7: 0.00286316 | K7: Pay | L7: = | M7: 4321197 | O7: =M7/G7/$O$1 -> 3.018481 | R7: 1C1 | S7: = | T7: null | U7: {=_xlfn.IFS(T7="null",0,T7="","",T7/G7>=0,T7/G7)} -> 0 | X7: 2C1 | Y7: = | Z7: null | AA7: 3C1 | AB7: = | AC7: null | AD7: 4C1 | AE7: = | AF7: null | AG7: 5C1 | AH7: = | AI7: null
A8: A | B8: BaseGame | C8: 4 | F8: = | G8: 70949 | H8: 0.00070949 | K8: Pay | L8: = | M8: 1422061 | O8: =M8/G8/$O$1 -> 4.0086851 | R8: 1C1 | S8: = | T8: null | U8: {=_xlfn.IFS(T8="null",0,T8="","",T8/G8>=0,T8/G8)} -> 0 | X8: 2C1 | Y8: = | Z8: null | AA8: 3C1 | AB8: = | AC8: null | AD8: 4C1 | AE8: = | AF8: null | AG8: 5C1 | AH8: = | AI8: null
A9: A | B9: BaseGame | C9: 5 | F9: = | G9: 1702092 | H9: 0.01702092 | K9: Pay | L9: = | M9: 42576857 | O9: =M9/G9/$O$1 -> 5.0028855 | R9: 1C1 | S9: = | T9: 213605 | U9: {=_xlfn.IFS(T9="null",0,T9="","",T9/G9>=0,T9/G9)} -> 0.12549557 | X9: 2C1 | Y9: = | Z9: null | AA9: 3C1 | AB9: = | AC9: null | AD9: 4C1 | AE9: = | AF9: null | AG9: 5C1 | AH9: = | AI9: null
A10: A | B10: BaseGame | C10: 6 | F10: = | G10: 12590 | H10: 0.0001259 | K10: Pay | L10: = | M10: 377700 | O10: =M10/G10/$O$1 -> 6 | R10: 1C1 | S10: = | T10: 8854 | U10: {=_xlfn.IFS(T10="null",0,T10="","",T10/G10>=0,T10/G10)} -> 0.70325655 | X10: 2C1 | Y10: = | Z10: null | AA10: 3C1 | AB10: = | AC10: null | AD10: 4C1 | AE10: = | AF10: null | AG10: 5C1 | AH10: = | AI10: null
A11: A | B11: BaseGame | C11: 7 | F11: = | G11: 3760 | H11: 3.76e-05 | K11: Pay | L11: = | M11: 131687 | O11: =M11/G11/$O$1 -> 7.0046277 | R11: 1C1 | S11: = | T11: 3760 | U11: {=_xlfn.IFS(T11="null",0,T11="","",T11/G11>=0,T11/G11)} -> 1 | X11: 2C1 | Y11: = | Z11: null | AA11: 3C1 | AB11: = | AC11: null | AD11: 4C1 | AE11: = | AF11: null | AG11: 5C1 | AH11: = | AI11: null
A12: A | B12: BaseGame | C12: 8 | F12: = | G12: 227 | H12: 2.27e-06 | K12: Pay | L12: = | M12: 9080 | O12: =M12/G12/$O$1 -> 8 | R12: 1C1 | S12: = | T12: 227 | U12: {=_xlfn.IFS(T12="null",0,T12="","",T12/G12>=0,T12/G12)} -> 1 | X12: 2C1 | Y12: = | Z12: null | AA12: 3C1 | AB12: = | AC12: null | AD12: 4C1 | AE12: = | AF12: null | AG12: 5C1 | AH12: = | AI12: null
A13: A | B13: BaseGame | C13: 10 | F13: = | G13: 1646720 | H13: 0.0164672 | K13: Pay | L13: = | M13: 83416421 | O13: =M13/G13/$O$1 -> 10.131221 | R13: 1C1 | S13: = | T13: 298607 | U13: {=_xlfn.IFS(T13="null",0,T13="","",T13/G13>=0,T13/G13)} -> 0.18133441 | X13: 2C1 | Y13: = | Z13: null | AA13: 3C1 | AB13: = | AC13: null | AD13: 4C1 | AE13: = | AF13: null | AG13: 5C1 | AH13: = | AI13: null
A14: A | B14: BaseGame | C14: 15 | F14: = | G14: 497645 | H14: 0.00497645 | K14: Pay | L14: = | M14: 37549308 | O14: =M14/G14/$O$1 -> 15.090801 | R14: 1C1 | S14: = | T14: 461487 | U14: {=_xlfn.IFS(T14="null",0,T14="","",T14/G14>=0,T14/G14)} -> 0.92734178 | X14: 2C1 | Y14: = | Z14: null | AA14: 3C1 | AB14: = | AC14: null | AD14: 4C1 | AE14: = | AF14: null | AG14: 5C1 | AH14: = | AI14: null
A15: A | B15: BaseGame | C15: 20 | F15: = | G15: 977431 | H15: 0.00977431 | K15: Pay | L15: = | M15: 98445192 | O15: =M15/G15/$O$1 -> 20.143661 | R15: 1C1 | S15: = | T15: 454227 | U15: {=_xlfn.IFS(T15="null",0,T15="","",T15/G15>=0,T15/G15)} -> 0.46471516 | X15: 2C1 | Y15: = | Z15: null | AA15: 3C1 | AB15: = | AC15: null | AD15: 4C1 | AE15: = | AF15: null | AG15: 5C1 | AH15: = | AI15: null
A16: A | B16: BaseGame | C16: 25 | F16: = | G16: 4503 | H16: 4.503e-05 | K16: Pay | L16: = | M16: 565393 | O16: =M16/G16/$O$1 -> 25.111837 | R16: 1C1 | S16: = | T16: 4428 | U16: {=_xlfn.IFS(T16="null",0,T16="","",T16/G16>=0,T16/G16)} -> 0.98334444 | X16: 2C1 | Y16: = | Z16: null | AA16: 3C1 | AB16: = | AC16: null | AD16: 4C1 | AE16: = | AF16: null | AG16: 5C1 | AH16: = | AI16: null
A17: A | B17: BaseGame | C17: 30 | F17: = | G17: 263309 | H17: 0.00263309 | K17: Pay | L17: = | M17: 39894520 | O17: =M17/G17/$O$1 -> 30.302436 | R17: 1C1 | S17: = | T17: 145080 | U17: {=_xlfn.IFS(T17="null",0,T17="","",T17/G17>=0,T17/G17)} -> 0.55098762 | X17: 2C1 | Y17: = | Z17: null | AA17: 3C1 | AB17: = | AC17: null | AD17: 4C1 | AE17: = | AF17: null | AG17: 5C1 | AH17: = | AI17: null
A18: A | B18: BaseGame | C18: 35 | F18: = | G18: 2029 | H18: 2.029e-05 | K18: Pay | L18: = | M18: 356215 | O18: =M18/G18/$O$1 -> 35.112371 | R18: 1C1 | S18: = | T18: 2029 | U18: {=_xlfn.IFS(T18="null",0,T18="","",T18/G18>=0,T18/G18)} -> 1 | X18: 2C1 | Y18: = | Z18: null | AA18: 3C1 | AB18: = | AC18: null | AD18: 4C1 | AE18: = | AF18: null | AG18: 5C1 | AH18: = | AI18: null
A19: A | B19: BaseGame | C19: 40 | F19: = | G19: 29699 | H19: 0.00029699 | K19: Pay | L19: = | M19: 5972310 | O19: =M19/G19/$O$1 -> 40.21893 | R19: 1C1 | S19: = | T19: 3077 | U19: {=_xlfn.IFS(T19="null",0,T19="","",T19/G19>=0,T19/G19)} -> 0.10360618 | X19: 2C1 | Y19: = | Z19: null | AA19: 3C1 | AB19: = | AC19: null | AD19: 4C1 | AE19: = | AF19: null | AG19: 5C1 | AH19: = | AI19: null
A20: A | B20: BaseGame | C20: 45 | F20: = | G20: 56 | H20: 5.6e-07 | K20: Pay | L20: = | M20: 12686 | O20: =M20/G20/$O$1 -> 45.307143 | R20: 1C1 | S20: = | T20: 41 | U20: {=_xlfn.IFS(T20="null",0,T20="","",T20/G20>=0,T20/G20)} -> 0.73214286 | X20: 2C1 | Y20: = | Z20: null | AA20: 3C1 | AB20: = | AC20: null | AD20: 4C1 | AE20: = | AF20: null | AG20: 5C1 | AH20: = | AI20: null
... A29: A | B29: BaseGame | C29: 250 | F29: = | G29: 1 | H29: 1e-08 | K29: Pay | L29: = | M29: 1250 | O29: =M29/G29/$O$1 -> 250 | R29: 1C1 | S29: = | T29: 1 | U29: {=_xlfn.IFS(T29="null",0,T29="","",T29/G29>=0,T29/G29)} -> 1 | X29: 2C1 | Y29: = | Z29: null | AA29: 3C1 | AB29: = | AC29: null | AD29: 4C1 | AE29: = | AF29: null | AG29: 5C1 | AH29: = | AI29: null
A30: A | B30: BaseGame | C30: 400 | F30: = | G30: 81 | H30: 8.1e-07 | K30: Pay | L30: = | M30: 162314 | O30: =M30/G30/$O$1 -> 400.77531 | R30: 1C1 | S30: = | T30: null | U30: {=_xlfn.IFS(T30="null",0,T30="","",T30/G30>=0,T30/G30)} -> 0 | X30: 2C1 | Y30: = | Z30: null | AA30: 3C1 | AB30: = | AC30: null | AD30: 4C1 | AE30: = | AF30: null | AG30: 5C1 | AH30: = | AI30: null
A31: A | B31: BaseGame | C31: 500 | F31: = | G31: 12 | H31: 1.2e-07 | K31: Pay | L31: = | M31: 30080 | O31: =M31/G31/$O$1 -> 501.33333 | R31: 1C1 | S31: = | T31: null | U31: {=_xlfn.IFS(T31="null",0,T31="","",T31/G31>=0,T31/G31)} -> 0 | X31: 2C1 | Y31: = | Z31: null | AA31: 3C1 | AB31: = | AC31: null | AD31: 4C1 | AE31: = | AF31: null | AG31: 5C1 | AH31: = | AI31: null
U32: {=_xlfn.IFS(T32="null",0,T32="","",T32/G32>=0,T32/G32)}
A34: B | B34: BaseGame | C34: -1 | F34: = | G34: 16667922 | H34: {=G34:G71/SUM(G34:G71)} -> 0.16667922
A35: B | B35: BaseGame | C35: 0 | F35: = | G35: 17968134 | H35: 0.17968134 | K35: Pay | L35: = | M35: 5684981000 | O35: =M35/G35/$O$1/100 -> 0.6327848 | R35: 1C1 | S35: = | T35: null | U35: 2C1 | V35: = | W35: 604510 | X35: 3C1 | Y35: = | Z35: null | AA35: 4C1 | AB35: = | AC35: null | AD35: 5C1 | AE35: = | AF35: null
A36: B | B36: BaseGame | C36: 1 | F36: = | G36: 7261635 | H36: 0.07261635 | K36: Pay | L36: = | M36: 6986843400 | O36: =M36/G36/$O$1/100 -> 1.9243169 | R36: 1C1 | S36: = | T36: null | U36: 2C1 | V36: = | W36: 1358895 | X36: 3C1 | Y36: = | Z36: null | AA36: 4C1 | AB36: = | AC36: null | AD36: 5C1 | AE36: = | AF36: null
A37: B | B37: BaseGame | C37: 2 | F37: = | G37: 5516408 | H37: 0.05516408 | K37: Pay | L37: = | M37: 7142357200 | O37: =M37/G37/$O$1/100 -> 2.5894956 | R37: 1C1 | S37: = | T37: null | U37: 2C1 | V37: = | W37: 1351514 | X37: 3C1 | Y37: = | Z37: null | AA37: 4C1 | AB37: = | AC37: null | AD37: 5C1 | AE37: = | AF37: null
A38: B | B38: BaseGame | C38: 3 | F38: = | G38: 1731527 | H38: 0.01731527 | K38: Pay | L38: = | M38: 3306265600 | O38: =M38/G38/$O$1/100 -> 3.8189016 | R38: 1C1 | S38: = | T38: null | U38: 2C1 | V38: = | W38: 690654 | X38: 3C1 | Y38: = | Z38: null | AA38: 4C1 | AB38: = | AC38: null | AD38: 5C1 | AE38: = | AF38: null
A39: B | B39: BaseGame | C39: 4 | F39: = | G39: 2855255 | H39: 0.02855255 | K39: Pay | L39: = | M39: 6928697000 | O39: =M39/G39/$O$1/100 -> 4.8532947 | R39: 1C1 | S39: = | T39: 347841 | U39: 2C1 | V39: = | W39: 250877 | X39: 3C1 | Y39: = | Z39: null | AA39: 4C1 | AB39: = | AC39: null | AD39: 5C1 | AE39: = | AF39: null
A40: B | B40: BaseGame | C40: 5 | F40: = | G40: 1037900 | H40: 0.010379 | K40: Pay | L40: = | M40: 3004582800 | O40: =M40/G40/$O$1/100 -> 5.7897347 | R40: 1C1 | S40: = | T40: 433899 | U40: 2C1 | V40: = | W40: 83563 | X40: 3C1 | Y40: = | Z40: null | AA40: 4C1 | AB40: = | AC40: null | AD40: 5C1 | AE40: = | AF40: null
A41: B | B41: BaseGame | C41: 6 | F41: = | G41: 131073 | H41: 0.00131073 | K41: Pay | L41: = | M41: 458755500 | O41: =M41/G41/$O$1/100 -> 7 | R41: 1C1 | S41: = | T41: 131073 | U41: 2C1 | V41: = | W41: null | X41: 3C1 | Y41: = | Z41: null | AA41: 4C1 | AB41: = | AC41: null | AD41: 5C1 | AE41: = | AF41: null
A42: B | B42: BaseGame | C42: 7 | F42: = | G42: 129881 | H42: 0.00129881 | K42: Pay | L42: = | M42: 493633600 | O42: =M42/G42/$O$1/100 -> 7.6013212 | R42: 1C1 | S42: = | T42: 129881 | U42: 2C1 | V42: = | W42: null | X42: 3C1 | Y42: = | Z42: null | AA42: 4C1 | AB42: = | AC42: null | AD42: 5C1 | AE42: = | AF42: null
A43: B | B43: BaseGame | C43: 9 | F43: = | G43: 3653949 | H43: 0.03653949 | K43: Pay | L43: = | M43: 18269745000 | O43: =M43/G43/$O$1/100 -> 10 | R43: 1C1 | S43: = | T43: 347715 | U43: 2C1 | V43: = | W43: 181710 | X43: 3C1 | Y43: = | Z43: null | AA43: 4C1 | AB43: = | AC43: null | AD43: 5C1 | AE43: = | AF43: null
A44: B | B44: BaseGame | C44: 10 | F44: = | G44: 8525226 | H44: 0.08525226 | K44: Pay | L44: = | M44: 48488564500 | O44: =M44/G44/$O$1/100 -> 11.375315 | R44: 1C1 | S44: = | T44: 1107958 | U44: 2C1 | V44: = | W44: 2206980 | X44: 3C1 | Y44: = | Z44: null | AA44: 4C1 | AB44: = | AC44: null | AD44: 5C1 | AE44: = | AF44: null
A45: B | B45: BaseGame | C45: 15 | F45: = | G45: 3548593 | H45: 0.03548593 | K45: Pay | L45: = | M45: 33894038700 | O45: =M45/G45/$O$1/100 -> 19.102804 | R45: 1C1 | S45: = | T45: 1237267 | U45: 2C1 | V45: = | W45: 169198 | X45: 3C1 | Y45: = | Z45: null | AA45: 4C1 | AB45: = | AC45: null | AD45: 5C1 | AE45: = | AF45: null
A46: B | B46: BaseGame | C46: 20 | F46: = | G46: 8102406 | H46: 0.08102406 | K46: Pay | L46: = | M46: 85937887300 | O46: =M46/G46/$O$1/100 -> 21.21293 | R46: 1C1 | S46: = | T46: 940777 | U46: 2C1 | V46: = | W46: 2188005 | X46: 3C1 | Y46: = | Z46: null | AA46: 4C1 | AB46: = | AC46: null | AD46: 5C1 | AE46: = | AF46: null
A47: B | B47: BaseGame | C47: 25 | F47: = | G47: 1030443 | H47: 0.01030443 | K47: Pay | L47: = | M47: 14876877900 | O47: =M47/G47/$O$1/100 -> 28.874723 | R47: 1C1 | S47: = | T47: 716830 | U47: 2C1 | V47: = | W47: 82282 | X47: 3C1 | Y47: = | Z47: null | AA47: 4C1 | AB47: = | AC47: null | AD47: 5C1 | AE47: = | AF47: null
A48: B | B48: BaseGame | C48: 30 | F48: = | G48: 2116281 | H48: 0.02116281 | K48: Pay | L48: = | M48: 32963395000 | O48: =M48/G48/$O$1/100 -> 31.152191 | R48: 1C1 | S48: = | T48: 1005301 | U48: 2C1 | V48: = | W48: 647337 | X48: 3C1 | Y48: = | Z48: null | AA48: 4C1 | AB48: = | AC48: null | AD48: 5C1 | AE48: = | AF48: null
A49: B | B49: BaseGame | C49: 35 | F49: = | G49: 689371 | H49: 0.00689371 | K49: Pay | L49: = | M49: 13504211500 | O49: =M49/G49/$O$1/100 -> 39.178357 | R49: 1C1 | S49: = | T49: 260635 | U49: 2C1 | V49: = | W49: 22850 | X49: 3C1 | Y49: = | Z49: null | AA49: 4C1 | AB49: = | AC49: null | AD49: 5C1 | AE49: = | AF49: null
A50: B | B50: BaseGame | C50: 40 | F50: = | G50: 1430637 | H50: 0.01430637 | K50: Pay | L50: = | M50: 29608758700 | O50: =M50/G50/$O$1/100 -> 41.392413 | R50: 1C1 | S50: = | T50: 275097 | U50: 2C1 | V50: = | W50: 229251 | X50: 3C1 | Y50: = | Z50: null | AA50: 4C1 | AB50: = | AC50: null | AD50: 5C1 | AE50: = | AF50: null
A51: B | B51: BaseGame | C51: 45 | F51: = | G51: 1002904 | H51: 0.01002904 | K51: Pay | L51: = | M51: 24922628000 | O51: =M51/G51/$O$1/100 -> 49.700925 | R51: 1C1 | S51: = | T51: 418838 | U51: 2C1 | V51: = | W51: 5854 | X51: 3C1 | Y51: = | Z51: null | AA51: 4C1 | AB51: = | AC51: null | AD51: 5C1 | AE51: = | AF51: null
A52: B | B52: BaseGame | C52: 50 | F52: = | G52: 2049222 | H52: 0.02049222 | K52: Pay | L52: = | M52: 53962527600 | O52: =M52/G52/$O$1/100 -> 52.666356 | R52: 1C1 | S52: = | T52: 903883 | U52: 2C1 | V52: = | W52: 44856 | X52: 3C1 | Y52: = | Z52: null | AA52: 4C1 | AB52: = | AC52: null | AD52: 5C1 | AE52: = | AF52: null
A53: B | B53: BaseGame | C53: 60 | F53: = | G53: 314112 | H53: 0.00314112 | K53: Pay | L53: = | M53: 9790394600 | O53: =M53/G53/$O$1/100 -> 62.336966 | R53: 1C1 | S53: = | T53: 195338 | U53: 2C1 | V53: = | W53: 2886 | X53: 3C1 | Y53: = | Z53: null | AA53: 4C1 | AB53: = | AC53: null | AD53: 5C1 | AE53: = | AF53: null
A54: B | B54: BaseGame | C54: 70 | F54: = | G54: 130349 | H54: 0.00130349 | K54: Pay | L54: = | M54: 4654489400 | O54: =M54/G54/$O$1/100 -> 71.415805 | R54: 1C1 | S54: = | T54: 130349 | U54: 2C1 | V54: = | W54: null | X54: 3C1 | Y54: = | Z54: null | AA54: 4C1 | AB54: = | AC54: null | AD54: 5C1 | AE54: = | AF54: null
A55: B | B55: BaseGame | C55: 80 | F55: = | G55: 14331 | H55: 0.00014331 | K55: Pay | L55: = | M55: 577549100 | O55: =M55/G55/$O$1/100 -> 80.601368 | R55: 1C1 | S55: = | T55: 14331 | U55: 2C1 | V55: = | W55: null | X55: 3C1 | Y55: = | Z55: null | AA55: 4C1 | AB55: = | AC55: null | AD55: 5C1 | AE55: = | AF55: null
A56: B | B56: BaseGame | C56: 90 | F56: = | G56: 1004056 | H56: 0.01004056 | K56: Pay | L56: = | M56: 50202800000 | O56: =M56/G56/$O$1/100 -> 100 | R56: 1C1 | S56: = | T56: 346815 | U56: 2C1 | V56: = | W56: 20239 | X56: 3C1 | Y56: = | Z56: null | AA56: 4C1 | AB56: = | AC56: null | AD56: 5C1 | AE56: = | AF56: null
A57: B | B57: BaseGame | C57: 100 | F57: = | G57: 4837001 | H57: 0.04837001 | K57: Pay | L57: = | M57: 254580092100 | O57: =M57/G57/$O$1/100 -> 105.26361 | R57: 1C1 | S57: = | T57: 1106327 | U57: 2C1 | V57: = | W57: 899467 | X57: 3C1 | Y57: = | Z57: null | AA57: 4C1 | AB57: = | AC57: null | AD57: 5C1 | AE57: = | AF57: null
A58: B | B58: BaseGame | C58: 120 | F58: = | G58: 496295 | H58: 0.00496295 | K58: Pay | L58: = | M58: 30949736800 | O58: =M58/G58/$O$1/100 -> 124.72315 | R58: 1C1 | S58: = | T58: 289714 | U58: 2C1 | V58: = | W58: 206581 | X58: 3C1 | Y58: = | Z58: null | AA58: 4C1 | AB58: = | AC58: null | AD58: 5C1 | AE58: = | AF58: null
A59: B | B59: BaseGame | C59: 140 | F59: = | G59: 244017 | H59: 0.00244017 | K59: Pay | L59: = | M59: 18448681800 | O59: =M59/G59/$O$1/100 -> 151.20817 | R59: 1C1 | S59: = | T59: 65346 | U59: 2C1 | V59: = | W59: 5434 | X59: 3C1 | Y59: = | Z59: null | AA59: 4C1 | AB59: = | AC59: null | AD59: 5C1 | AE59: = | AF59: null
A60: B | B60: BaseGame | C60: 160 | F60: = | G60: 14495 | H60: 0.00014495 | K60: Pay | L60: = | M60: 1163969500 | O60: =M60/G60/$O$1/100 -> 160.6029 | R60: 1C1 | S60: = | T60: 14495 | U60: 2C1 | V60: = | W60: null | X60: 3C1 | Y60: = | Z60: null | AA60: 4C1 | AB60: = | AC60: null | AD60: 5C1 | AE60: = | AF60: null
A61: B | B61: BaseGame | C61: 180 | F61: = | G61: 664879 | H61: 0.00664879 | K61: Pay | L61: = | M61: 66487900000 | O61: =M61/G61/$O$1/100 -> 200 | R61: 1C1 | S61: = | T61: 355295 | U61: 2C1 | V61: = | W61: 20535 | X61: 3C1 | Y61: = | Z61: null | AA61: 4C1 | AB61: = | AC61: null | AD61: 5C1 | AE61: = | AF61: null
A62: B | B62: BaseGame | C62: 200 | F62: = | G62: 4930591 | H62: 0.04930591 | K62: Pay | L62: = | M62: 512833608500 | O62: =M62/G62/$O$1/100 -> 208.02115 | R62: 1C1 | S62: = | T62: 1475960 | U62: 2C1 | V62: = | W62: 1140621 | X62: 3C1 | Y62: = | Z62: null | AA62: 4C1 | AB62: = | AC62: null | AD62: 5C1 | AE62: = | AF62: null
A63: B | B63: BaseGame | C63: 250 | F63: = | G63: 72983 | H63: 0.00072983 | K63: Pay | L63: = | M63: 9643038100 | O63: =M63/G63/$O$1/100 -> 264.25436 | R63: 1C1 | S63: = | T63: 72269 | U63: 2C1 | V63: = | W63: 714 | X63: 3C1 | Y63: = | Z63: null | AA63: 4C1 | AB63: = | AC63: null | AD63: 5C1 | AE63: = | AF63: null
A64: B | B64: BaseGame | C64: 300 | F64: = | G64: 171292 | H64: 0.00171292 | K64: Pay | L64: = | M64: 26226802100 | O64: =M64/G64/$O$1/100 -> 306.22332 | R64: 1C1 | S64: = | T64: 115862 | U64: 2C1 | V64: = | W64: 55430 | X64: 3C1 | Y64: = | Z64: null | AA64: 4C1 | AB64: = | AC64: null | AD64: 5C1 | AE64: = | AF64: null
A65: B | B65: BaseGame | C65: 350 | F65: = | G65: 65685 | H65: 0.00065685 | K65: Pay | L65: = | M65: 13137000000 | O65: =M65/G65/$O$1/100 -> 400 | R65: 1C1 | S65: = | T65: 7300 | U65: 2C1 | V65: = | W65: 328 | X65: 3C1 | Y65: = | Z65: null | AA65: 4C1 | AB65: = | AC65: null | AD65: 5C1 | AE65: = | AF65: null
A66: B | B66: BaseGame | C66: 400 | F66: = | G66: 548728 | H66: 0.00548728 | K66: Pay | L66: = | M66: 112306578700 | O66: =M66/G66/$O$1/100 -> 409.33424 | R66: 1C1 | S66: = | T66: 57878 | U66: 2C1 | V66: = | W66: 27531 | X66: 3C1 | Y66: = | Z66: null | AA66: 4C1 | AB66: = | AC66: null | AD66: 5C1 | AE66: = | AF66: null
A67: B | B67: BaseGame | C67: 450 | F67: = | G67: 57902 | H67: 0.00057902 | K67: Pay | L67: = | M67: 14475500000 | O67: =M67/G67/$O$1/100 -> 500 | R67: 1C1 | S67: = | T67: null | U67: 2C1 | V67: = | W67: null | X67: 3C1 | Y67: = | Z67: null | AA67: 4C1 | AB67: = | AC67: null | AD67: 5C1 | AE67: = | AF67: null
A68: B | B68: BaseGame | C68: 500 | F68: = | G68: 346761 | H68: 0.00346761 | K68: Pay | L68: = | M68: 89350724000 | O68: =M68/G68/$O$1/100 -> 515.34471 | R68: 1C1 | S68: = | T68: null | U68: 2C1 | V68: = | W68: null | X68: 3C1 | Y68: = | Z68: null | AA68: 4C1 | AB68: = | AC68: null | AD68: 5C1 | AE68: = | AF68: null
A69: B | B69: BaseGame | C69: 550 | F69: = | G69: 115843 | H69: 0.00115843 | K69: Pay | L69: = | M69: 32030758500 | O69: =M69/G69/$O$1/100 -> 553.00292 | R69: 1C1 | S69: = | T69: null | U69: 2C1 | V69: = | W69: null | X69: 3C1 | Y69: = | Z69: null | AA69: 4C1 | AB69: = | AC69: null | AD69: 5C1 | AE69: = | AF69: null
A70: B | B70: BaseGame | C70: 950 | F70: = | G70: 57841 | H70: 0.00057841 | K70: Pay | L70: = | M70: 28920500000 | O70: =M70/G70/$O$1/100 -> 1000 | R70: 1C1 | S70: = | T70: null | U70: 2C1 | V70: = | W70: null | X70: 3C1 | Y70: = | Z70: null | AA70: 4C1 | AB70: = | AC70: null | AD70: 5C1 | AE70: = | AF70: null
A71: B | B71: BaseGame | C71: 1000 | F71: = | G71: 464072 | H71: 0.00464072 | K71: Pay | L71: = | M71: 237767509000 | O71: =M71/G71/$O$1/100 -> 1024.7009 | R71: 1C1 | S71: = | T71: null | U71: 2C1 | V71: = | W71: null | X71: 3C1 | Y71: = | Z71: null | AA71: 4C1 | AB71: = | AC71: null | AD71: 5C1 | AE71: = | AF71: null

Sheet Card_Bet10
C1: Hit% | F1: Mul | R1: =SUM(R3:R54) -> 0.64863545 | V1: =SUM(V3:V54) -> 0.62352587 | AB1: =SUM(AB3:AB54) -> 0.65349545 | AF1: =SUM(AF3:AF54) -> 0.65349895
B2: Interval | C2: A | D2: B | E2: C | F2: A | G2: B | H2: C | J2: Index | K2: Interval | L2: Sheet | M2: Mul | N2: Avg Mul | O2: Hit%_tune | P2: Hit%_ori | Q2: Jili Hit% | R2: RTP_tune | T2: Hit%_Weight_Final | U2: Hit%_Final | V2: RTP_Final | Y2: Hit%_tune | Z2: Hit%_ori | AA2: Jili Hit% | AB2: RTP_tune | AD2: Hit%_Weight_Final | AE2: Hit%_Final | AF2: RTP_Final
B3: -1 | C3: {=_xlfn.IFNA( _xlfn._xlws.FILTER( Sim_Mul_Bet10!$H$3:$H$82, (Sim_Mul_Bet10!$A$3:$A$82=C$2) * (Sim_Mul_Bet10!$C$3:$C$82=$B3),0 ), 0 )} -> 0 | D3: {=_xlfn.IFNA( _xlfn._xlws.FILTER( Sim_Mul_Bet10!$H$3:$H$82, (Sim_Mul_Bet10!$A$3:$A$82=D$2) * (Sim_Mul_Bet10!$C$3:$C$82=$B3),0 ), 0 )} -> 0.17779931 | G3: {=_xlfn.IFNA( _xlfn._xlws.FILTER( Sim_Mul_Bet10!$O$3:$O$82, (Sim_Mul_Bet10!$A$3:$A$82=D$2) * (Sim_Mul_Bet10!$C$3:$C$82=$B3),0 ), 0 )} -> 0 | J3: 0 | K3: -1 | L3: A | M3: =HLOOKUP(L3,$C$2:$E$54,J3+2,FALSE) -> 0 | N3: =HLOOKUP(L3,$F$2:$H$54,J3+2,FALSE) -> 0 | O3: =1-SUM(O4:O53) -> 0.87123709 | P3: =1-SUM(P4:P53) -> 0.87118849 | Q3: =1-SUM(Q4:Q54) -> 0.87097836 | R3: =N3*O3 -> 0 | T3: =1000000-SUM(T4:T54) -> 876426 | U3: {=T3:T54/SUM($T$3:$T$54)} -> 0.876426 | V3: =U3*N3 -> 0 | Y3: =1-SUM(Y4:Y53) -> 0.87118849 | Z3: =1-SUM(Z4:Z53) -> 0.87118849 | AA3: =1-SUM(AA4:AA54) -> 0.87097836 | AB3: =N3*Y3 -> 0 | AD3: =1000000-SUM(AD4:AD54) -> 871188 | AE3: {=AD3:AD54/SUM($T$3:$T$54)} -> 0.871188 | AF3: =AE3*N3 -> 0
B4: 0 | C4: {=_xlfn.IFNA( _xlfn._xlws.FILTER( Sim_Mul_Bet10!$H$3:$H$82, (Sim_Mul_Bet10!$A$3:$A$82=C$2) * (Sim_Mul_Bet10!$C$3:$C$82=$B4),0 ), 0 )} -> 0.87009538 | D4: {=_xlfn.IFNA( _xlfn._xlws.FILTER( Sim_Mul_Bet10!$H$3:$H$82, (Sim_Mul_Bet10!$A$3:$A$82=D$2) * (Sim_Mul_Bet10!$C$3:$C$82=$B4),0 ), 0 )} -> 0.24279876 | E4: {=_xlfn.IFNA( _xlfn._xlws.FILTER( Sim_Mul_Bet10!$H$3:$H$82, (Sim_Mul_Bet10!$A$3:$A$82=E$2) * (Sim_Mul_Bet10!$C$3:$C$82=$B4),0 ), 0 )} -> 0 | F4: {=_xlfn.IFNA( _xlfn._xlws.FILTER( Sim_Mul_Bet10!$O$3:$O$82, (Sim_Mul_Bet10!$A$3:$A$82=C$2) * (Sim_Mul_Bet10!$C$3:$C$82=$B4),0 ), 0 )} -> 0 | G4: {=_xlfn.IFNA( _xlfn._xlws.FILTER( Sim_Mul_Bet10!$O$3:$O$82, (Sim_Mul_Bet10!$A$3:$A$82=D$2) * (Sim_Mul_Bet10!$C$3:$C$82=$B4),0 ), 0 )} -> 0.52523963 | H4: {=_xlfn.IFNA( _xlfn._xlws.FILTER( Sim_Mul_Bet10!$O$3:$O$82, (Sim_Mul_Bet10!$A$3:$A$82=E$2) * (Sim_Mul_Bet10!$C$3:$C$82=$B4),0 ), 0 )} -> 0 | J4: 1 | K4: 0 | L4: A | M4: =HLOOKUP(L4,$C$2:$E$54,J4+2,FALSE) -> 0.87009538 | N4: =HLOOKUP(L4,$F$2:$H$54,J4+2,FALSE) -> 0 | O4: 0.024706702 | P4: 0.024706702 | Q4: 0.024706702 | R4: =N4*O4 -> 0 | T4: 16356 | U4: 0.016356 | V4: =U4*N4 -> 0 | Y4: =Z4 -> 0.024706702 | Z4: 0.024706702 | AA4: 0.024706702 | AB4: =N4*Y4 -> 0 | AD4: =ROUND(Y4*1000000,0) -> 24707 | AE4: 0.024707 | AF4: =AE4*N4 -> 0
B5: 1 | C5: {=_xlfn.IFNA( _xlfn._xlws.FILTER( Sim_Mul_Bet10!$H$3:$H$82, (Sim_Mul_Bet10!$A$3:$A$82=C$2) * (Sim_Mul_Bet10!$C$3:$C$82=$B5),0 ), 0 )} -> 0.05818925 | D5: {=_xlfn.IFNA( _xlfn._xlws.FILTER( Sim_Mul_Bet10!$H$3:$H$82, (Sim_Mul_Bet10!$A$3:$A$82=D$2) * (Sim_Mul_Bet10!$C$3:$C$82=$B5),0 ), 0 )} -> 0.06877897 | E5: {=_xlfn.IFNA( _xlfn._xlws.FILTER( Sim_Mul_Bet10!$H$3:$H$82, (Sim_Mul_Bet10!$A$3:$A$82=E$2) * (Sim_Mul_Bet10!$C$3:$C$82=$B5),0 ), 0 )} -> 0 | F5: {=_xlfn.IFNA( _xlfn._xlws.FILTER( Sim_Mul_Bet10!$O$3:$O$82, (Sim_Mul_Bet10!$A$3:$A$82=C$2) * (Sim_Mul_Bet10!$C$3:$C$82=$B5),0 ), 0 )} -> 1.0118135 | G5: {=_xlfn.IFNA( _xlfn._xlws.FILTER( Sim_Mul_Bet10!$O$3:$O$82, (Sim_Mul_Bet10!$A$3:$A$82=D$2) * (Sim_Mul_Bet10!$C$3:$C$82=$B5),0 ), 0 )} -> 1.4219835 | H5: {=_xlfn.IFNA( _xlfn._xlws.FILTER( Sim_Mul_Bet10!$O$3:$O$82, (Sim_Mul_Bet10!$A$3:$A$82=E$2) * (Sim_Mul_Bet10!$C$3:$C$82=$B5),0 ), 0 )} -> 0 | J5: 2 | K5: 1 | L5: A | M5: =HLOOKUP(L5,$C$2:$E$54,J5+2,FALSE) -> 0.05818925 | N5: =HLOOKUP(L5,$F$2:$H$54,J5+2,FALSE) -> 1.0118135 | O5: 0.0393 | P5: 0.0393 | Q5: 0.039380396 | R5: =N5*O5 -> 0.039764271 | T5: 51040 | U5: 0.05104 | V5: =U5*N5 -> 0.051642961 | Y5: =Z5 -> 0.0393 | Z5: 0.0393 | AA5: 0.039380396 | AB5: =N5*Y5 -> 0.039764271 | AD5: =ROUND(Y5*1000000,0) -> 39300 | AE5: 0.0393 | AF5: =AE5*N5 -> 0.039764271
B6: 2 | C6: {=_xlfn.IFNA( _xlfn._xlws.FILTER( Sim_Mul_Bet10!$H$3:$H$82, (Sim_Mul_Bet10!$A$3:$A$82=C$2) * (Sim_Mul_Bet10!$C$3:$C$82=$B6),0 ), 0 )} -> 0.01385032 | D6: {=_xlfn.IFNA( _xlfn._xlws.FILTER( Sim_Mul_Bet10!$H$3:$H$82, (Sim_Mul_Bet10!$A$3:$A$82=D$2) * (Sim_Mul_Bet10!$C$3:$C$82=$B6),0 ), 0 )} -> 0.02488583 | E6: {=_xlfn.IFNA( _xlfn._xlws.FILTER( Sim_Mul_Bet10!$H$3:$H$82, (Sim_Mul_Bet10!$A$3:$A$82=E$2) * (Sim_Mul_Bet10!$C$3:$C$82=$B6),0 ), 0 )} -> 0 | F6: {=_xlfn.IFNA( _xlfn._xlws.FILTER( Sim_Mul_Bet10!$O$3:$O$82, (Sim_Mul_Bet10!$A$3:$A$82=C$2) * (Sim_Mul_Bet10!$C$3:$C$82=$B6),0 ), 0 )} -> 2.4775264 | G6: {=_xlfn.IFNA( _xlfn._xlws.FILTER( Sim_Mul_Bet10!$O$3:$O$82, (Sim_Mul_Bet10!$A$3:$A$82=D$2) * (Sim_Mul_Bet10!$C$3:$C$82=$B6),0 ), 0 )} -> 2.5225914 | H6: {=_xlfn.IFNA( _xlfn._xlws.FILTER( Sim_Mul_Bet10!$O$3:$O$82, (Sim_Mul_Bet10!$A$3:$A$82=E$2) * (Sim_Mul_Bet10!$C$3:$C$82=$B6),0 ), 0 )} -> 0 | J6: 3 | K6: 2 | L6: B | M6: =HLOOKUP(L6,$C$2:$E$54,J6+2,FALSE) -> 0.02488583 | N6: =HLOOKUP(L6,$F$2:$H$54,J6+2,FALSE) -> 2.5225914 | O6: 0.00033330904 | P6: 0.00033330904 | Q6: 0.00033330904 | R6: =N6*O6 -> 0.00084080252 | T6: 307 | U6: 0.000307 | V6: =U6*N6 -> 0.00077443555 | Y6: =Z6 -> 0.00033330904 | Z6: 0.00033330904 | AA6: 0.00033330904 | AB6: =N6*Y6 -> 0.00084080252 | AD6: =ROUND(Y6*1000000,0) -> 333 | AE6: 0.000333 | AF6: =AE6*N6 -> 0.00084002293
B7: 3 | C7: {=_xlfn.IFNA( _xlfn._xlws.FILTER( Sim_Mul_Bet10!$H$3:$H$82, (Sim_Mul_Bet10!$A$3:$A$82=C$2) * (Sim_Mul_Bet10!$C$3:$C$82=$B7),0 ), 0 )} -> 4.092e-05 | D7: {=_xlfn.IFNA( _xlfn._xlws.FILTER( Sim_Mul_Bet10!$H$3:$H$82, (Sim_Mul_Bet10!$A$3:$A$82=D$2) * (Sim_Mul_Bet10!$C$3:$C$82=$B7),0 ), 0 )} -> 0 | E7: {=_xlfn.IFNA( _xlfn._xlws.FILTER( Sim_Mul_Bet10!$H$3:$H$82, (Sim_Mul_Bet10!$A$3:$A$82=E$2) * (Sim_Mul_Bet10!$C$3:$C$82=$B7),0 ), 0 )} -> 0 | F7: {=_xlfn.IFNA( _xlfn._xlws.FILTER( Sim_Mul_Bet10!$O$3:$O$82, (Sim_Mul_Bet10!$A$3:$A$82=C$2) * (Sim_Mul_Bet10!$C$3:$C$82=$B7),0 ), 0 )} -> 3 | G7: {=_xlfn.IFNA( _xlfn._xlws.FILTER( Sim_Mul_Bet10!$O$3:$O$82, (Sim_Mul_Bet10!$A$3:$A$82=D$2) * (Sim_Mul_Bet10!$C$3:$C$82=$B7),0 ), 0 )} -> 0 | H7: {=_xlfn.IFNA( _xlfn._xlws.FILTER( Sim_Mul_Bet10!$O$3:$O$82, (Sim_Mul_Bet10!$A$3:$A$82=E$2) * (Sim_Mul_Bet10!$C$3:$C$82=$B7),0 ), 0 )} -> 0 | J7: 4 | K7: 3 | L7: A | M7: =HLOOKUP(L7,$C$2:$E$54,J7+2,FALSE) -> 4.092e-05 | N7: =HLOOKUP(L7,$F$2:$H$54,J7+2,FALSE) -> 3 | O7: 0 | P7: 0 | Q7: 0 | R7: =N7*O7 -> 0 | T7: 0 | U7: 0 | V7: =U7*N7 -> 0 | Y7: =Z7 -> 0 | Z7: 0 | AA7: 0 | AB7: =N7*Y7 -> 0 | AD7: =ROUND(Y7*1000000,0) -> 0 | AE7: 0 | AF7: =AE7*N7 -> 0
B8: 4 | C8: {=_xlfn.IFNA( _xlfn._xlws.FILTER( Sim_Mul_Bet10!$H$3:$H$82, (Sim_Mul_Bet10!$A$3:$A$82=C$2) * (Sim_Mul_Bet10!$C$3:$C$82=$B8),0 ), 0 )} -> 0 | D8: {=_xlfn.IFNA( _xlfn._xlws.FILTER( Sim_Mul_Bet10!$H$3:$H$82, (Sim_Mul_Bet10!$A$3:$A$82=D$2) * (Sim_Mul_Bet10!$C$3:$C$82=$B8),0 ), 0 )} -> 0.04768716 | E8: {=_xlfn.IFNA( _xlfn._xlws.FILTER( Sim_Mul_Bet10!$H$3:$H$82, (Sim_Mul_Bet10!$A$3:$A$82=E$2) * (Sim_Mul_Bet10!$C$3:$C$82=$B8),0 ), 0 )} -> 0 | F8: {=_xlfn.IFNA( _xlfn._xlws.FILTER( Sim_Mul_Bet10!$O$3:$O$82, (Sim_Mul_Bet10!$A$3:$A$82=C$2) * (Sim_Mul_Bet10!$C$3:$C$82=$B8),0 ), 0 )} -> 0 | G8: {=_xlfn.IFNA( _xlfn._xlws.FILTER( Sim_Mul_Bet10!$O$3:$O$82, (Sim_Mul_Bet10!$A$3:$A$82=D$2) * (Sim_Mul_Bet10!$C$3:$C$82=$B8),0 ), 0 )} -> 5 | H8: {=_xlfn.IFNA( _xlfn._xlws.FILTER( Sim_Mul_Bet10!$O$3:$O$82, (Sim_Mul_Bet10!$A$3:$A$82=E$2) * (Sim_Mul_Bet10!$C$3:$C$82=$B8),0 ), 0 )} -> 0 | J8: 5 | K8: 4 | L8: A | M8: =HLOOKUP(L8,$C$2:$E$54,J8+2,FALSE) -> 0 | N8: =HLOOKUP(L8,$F$2:$H$54,J8+2,FALSE) -> 0 | O8: 0.015364602 | P8: 0.015364602 | Q8: 0.015364602 | R8: =N8*O8 -> 0 | T8: 11118 | U8: 0.011118 | V8: =U8*N8 -> 0 | Y8: =Z8 -> 0.015364602 | Z8: 0.015364602 | AA8: 0.015364602 | AB8: =N8*Y8 -> 0 | AD8: =ROUND(Y8*1000000,0) -> 15365 | AE8: 0.015365 | AF8: =AE8*N8 -> 0
B9: 5 | C9: {=_xlfn.IFNA( _xlfn._xlws.FILTER( Sim_Mul_Bet10!$H$3:$H$82, (Sim_Mul_Bet10!$A$3:$A$82=C$2) * (Sim_Mul_Bet10!$C$3:$C$82=$B9),0 ), 0 )} -> 0.00801222 | D9: {=_xlfn.IFNA( _xlfn._xlws.FILTER( Sim_Mul_Bet10!$H$3:$H$82, (Sim_Mul_Bet10!$A$3:$A$82=D$2) * (Sim_Mul_Bet10!$C$3:$C$82=$B9),0 ), 0 )} -> 0.06567978 | E9: {=_xlfn.IFNA( _xlfn._xlws.FILTER( Sim_Mul_Bet10!$H$3:$H$82, (Sim_Mul_Bet10!$A$3:$A$82=E$2) * (Sim_Mul_Bet10!$C$3:$C$82=$B9),0 ), 0 )} -> 0 | F9: {=_xlfn.IFNA( _xlfn._xlws.FILTER( Sim_Mul_Bet10!$O$3:$O$82, (Sim_Mul_Bet10!$A$3:$A$82=C$2) * (Sim_Mul_Bet10!$C$3:$C$82=$B9),0 ), 0 )} -> 5.0991612 | G9: {=_xlfn.IFNA( _xlfn._xlws.FILTER( Sim_Mul_Bet10!$O$3:$O$82, (Sim_Mul_Bet10!$A$3:$A$82=D$2) * (Sim_Mul_Bet10!$C$3:$C$82=$B9),0 ), 0 )} -> 5.3635814 | H9: {=_xlfn.IFNA( _xlfn._xlws.FILTER( Sim_Mul_Bet10!$O$3:$O$82, (Sim_Mul_Bet10!$A$3:$A$82=E$2) * (Sim_Mul_Bet10!$C$3:$C$82=$B9),0 ), 0 )} -> 0 | J9: 6 | K9: 5 | L9: A | M9: =HLOOKUP(L9,$C$2:$E$54,J9+2,FALSE) -> 0.00801222 | N9: =HLOOKUP(L9,$F$2:$H$54,J9+2,FALSE) -> 5.0991612 | O9: 0.018319853 | P9: 0.018319853 | Q9: 0.018319853 | R9: =N9*O9 -> 0.09341588 | T9: 14768 | U9: 0.014768 | V9: =U9*N9 -> 0.075304412 | Y9: =Z9 -> 0.018319853 | Z9: 0.018319853 | AA9: 0.018319853 | AB9: =N9*Y9 -> 0.09341588 | AD9: =ROUND(Y9*1000000,0) -> 18320 | AE9: 0.01832 | AF9: =AE9*N9 -> 0.093416632
B10: 6 | C10: {=_xlfn.IFNA( _xlfn._xlws.FILTER( Sim_Mul_Bet10!$H$3:$H$82, (Sim_Mul_Bet10!$A$3:$A$82=C$2) * (Sim_Mul_Bet10!$C$3:$C$82=$B10),0 ), 0 )} -> 6.283e-05 | D10: {=_xlfn.IFNA( _xlfn._xlws.FILTER( Sim_Mul_Bet10!$H$3:$H$82, (Sim_Mul_Bet10!$A$3:$A$82=D$2) * (Sim_Mul_Bet10!$C$3:$C$82=$B10),0 ), 0 )} -> 0.00550044 | E10: {=_xlfn.IFNA( _xlfn._xlws.FILTER( Sim_Mul_Bet10!$H$3:$H$82, (Sim_Mul_Bet10!$A$3:$A$82=E$2) * (Sim_Mul_Bet10!$C$3:$C$82=$B10),0 ), 0 )} -> 0 | F10: {=_xlfn.IFNA( _xlfn._xlws.FILTER( Sim_Mul_Bet10!$O$3:$O$82, (Sim_Mul_Bet10!$A$3:$A$82=C$2) * (Sim_Mul_Bet10!$C$3:$C$82=$B10),0 ), 0 )} -> 6.0255929 | G10: {=_xlfn.IFNA( _xlfn._xlws.FILTER( Sim_Mul_Bet10!$O$3:$O$82, (Sim_Mul_Bet10!$A$3:$A$82=D$2) * (Sim_Mul_Bet10!$C$3:$C$82=$B10),0 ), 0 )} -> 6.397213 | H10: {=_xlfn.IFNA( _xlfn._xlws.FILTER( Sim_Mul_Bet10!$O$3:$O$82, (Sim_Mul_Bet10!$A$3:$A$82=E$2) * (Sim_Mul_Bet10!$C$3:$C$82=$B10),0 ), 0 )} -> 0 | J10: 7 | K10: 6 | L10: B | M10: =HLOOKUP(L10,$C$2:$E$54,J10+2,FALSE) -> 0.00550044 | N10: =HLOOKUP(L10,$F$2:$H$54,J10+2,FALSE) -> 6.397213 | O10: 7e-05 | P10: 7e-05 | Q10: 7.961633e-05 | R10: =N10*O10 -> 0.00044780491 | T10: 102 | U10: 0.000102 | V10: =U10*N10 -> 0.00065251572 | Y10: =Z10 -> 7e-05 | Z10: 7e-05 | AA10: 7.961633e-05 | AB10: =N10*Y10 -> 0.00044780491 | AD10: =ROUND(Y10*1000000,0) -> 70 | AE10: 7e-05 | AF10: =AE10*N10 -> 0.00044780491
B11: 7 | C11: {=_xlfn.IFNA( _xlfn._xlws.FILTER( Sim_Mul_Bet10!$H$3:$H$82, (Sim_Mul_Bet10!$A$3:$A$82=C$2) * (Sim_Mul_Bet10!$C$3:$C$82=$B11),0 ), 0 )} -> 3.124e-05 | D11: {=_xlfn.IFNA( _xlfn._xlws.FILTER( Sim_Mul_Bet10!$H$3:$H$82, (Sim_Mul_Bet10!$A$3:$A$82=D$2) * (Sim_Mul_Bet10!$C$3:$C$82=$B11),0 ), 0 )} -> 0.00415697 | E11: {=_xlfn.IFNA( _xlfn._xlws.FILTER( Sim_Mul_Bet10!$H$3:$H$82, (Sim_Mul_Bet10!$A$3:$A$82=E$2) * (Sim_Mul_Bet10!$C$3:$C$82=$B11),0 ), 0 )} -> 0 | F11: {=_xlfn.IFNA( _xlfn._xlws.FILTER( Sim_Mul_Bet10!$O$3:$O$82, (Sim_Mul_Bet10!$A$3:$A$82=C$2) * (Sim_Mul_Bet10!$C$3:$C$82=$B11),0 ), 0 )} -> 7.4991997 | G11: {=_xlfn.IFNA( _xlfn._xlws.FILTER( Sim_Mul_Bet10!$O$3:$O$82, (Sim_Mul_Bet10!$A$3:$A$82=D$2) * (Sim_Mul_Bet10!$C$3:$C$82=$B11),0 ), 0 )} -> 7.5 | H11: {=_xlfn.IFNA( _xlfn._xlws.FILTER( Sim_Mul_Bet10!$O$3:$O$82, (Sim_Mul_Bet10!$A$3:$A$82=E$2) * (Sim_Mul_Bet10!$C$3:$C$82=$B11),0 ), 0 )} -> 0 | J11: 8 | K11: 7 | L11: B | M11: =HLOOKUP(L11,$C$2:$E$54,J11+2,FALSE) -> 0.00415697 | N11: =HLOOKUP(L11,$F$2:$H$54,J11+2,FALSE) -> 7.5 | O11: 0 | P11: 0 | Q11: 0 | R11: =N11*O11 -> 0 | T11: 5 | U11: 5e-06 | V11: =U11*N11 -> 3.75e-05 | Y11: =Z11 -> 0 | Z11: 0 | AA11: 0 | AB11: =N11*Y11 -> 0 | AD11: =ROUND(Y11*1000000,0) -> 0 | AE11: 0 | AF11: =AE11*N11 -> 0
B12: 8 | C12: {=_xlfn.IFNA( _xlfn._xlws.FILTER( Sim_Mul_Bet10!$H$3:$H$82, (Sim_Mul_Bet10!$A$3:$A$82=C$2) * (Sim_Mul_Bet10!$C$3:$C$82=$B12),0 ), 0 )} -> 0 | D12: {=_xlfn.IFNA( _xlfn._xlws.FILTER( Sim_Mul_Bet10!$H$3:$H$82, (Sim_Mul_Bet10!$A$3:$A$82=D$2) * (Sim_Mul_Bet10!$C$3:$C$82=$B12),0 ), 0 )} -> 0 | E12: {=_xlfn.IFNA( _xlfn._xlws.FILTER( Sim_Mul_Bet10!$H$3:$H$82, (Sim_Mul_Bet10!$A$3:$A$82=E$2) * (Sim_Mul_Bet10!$C$3:$C$82=$B12),0 ), 0 )} -> 0 | F12: {=_xlfn.IFNA( _xlfn._xlws.FILTER( Sim_Mul_Bet10!$O$3:$O$82, (Sim_Mul_Bet10!$A$3:$A$82=C$2) * (Sim_Mul_Bet10!$C$3:$C$82=$B12),0 ), 0 )} -> 0 | G12: {=_xlfn.IFNA( _xlfn._xlws.FILTER( Sim_Mul_Bet10!$O$3:$O$82, (Sim_Mul_Bet10!$A$3:$A$82=D$2) * (Sim_Mul_Bet10!$C$3:$C$82=$B12),0 ), 0 )} -> 0 | H12: {=_xlfn.IFNA( _xlfn._xlws.FILTER( Sim_Mul_Bet10!$O$3:$O$82, (Sim_Mul_Bet10!$A$3:$A$82=E$2) * (Sim_Mul_Bet10!$C$3:$C$82=$B12),0 ), 0 )} -> 0 | J12: 9 | K12: 8 | L12: A | M12: =HLOOKUP(L12,$C$2:$E$54,J12+2,FALSE) -> 0 | N12: =HLOOKUP(L12,$F$2:$H$54,J12+2,FALSE) -> 0 | O12: 0 | P12: 0 | Q12: 0 | R12: =N12*O12 -> 0 | T12: 0 | U12: 0 | V12: =U12*N12 -> 0 | Y12: =Z12 -> 0 | Z12: 0 | AA12: 0 | AB12: =N12*Y12 -> 0 | AD12: =ROUND(Y12*1000000,0) -> 0 | AE12: 0 | AF12: =AE12*N12 -> 0
B13: 9 | C13: {=_xlfn.IFNA( _xlfn._xlws.FILTER( Sim_Mul_Bet10!$H$3:$H$82, (Sim_Mul_Bet10!$A$3:$A$82=C$2) * (Sim_Mul_Bet10!$C$3:$C$82=$B13),0 ), 0 )} -> 0 | D13: {=_xlfn.IFNA( _xlfn._xlws.FILTER( Sim_Mul_Bet10!$H$3:$H$82, (Sim_Mul_Bet10!$A$3:$A$82=D$2) * (Sim_Mul_Bet10!$C$3:$C$82=$B13),0 ), 0 )} -> 0.03365664 | E13: {=_xlfn.IFNA( _xlfn._xlws.FILTER( Sim_Mul_Bet10!$H$3:$H$82, (Sim_Mul_Bet10!$A$3:$A$82=E$2) * (Sim_Mul_Bet10!$C$3:$C$82=$B13),0 ), 0 )} -> 0 | F13: {=_xlfn.IFNA( _xlfn._xlws.FILTER( Sim_Mul_Bet10!$O$3:$O$82, (Sim_Mul_Bet10!$A$3:$A$82=C$2) * (Sim_Mul_Bet10!$C$3:$C$82=$B13),0 ), 0 )} -> 0 | G13: {=_xlfn.IFNA( _xlfn._xlws.FILTER( Sim_Mul_Bet10!$O$3:$O$82, (Sim_Mul_Bet10!$A$3:$A$82=D$2) * (Sim_Mul_Bet10!$C$3:$C$82=$B13),0 ), 0 )} -> 10 | H13: {=_xlfn.IFNA( _xlfn._xlws.FILTER( Sim_Mul_Bet10!$O$3:$O$82, (Sim_Mul_Bet10!$A$3:$A$82=E$2) * (Sim_Mul_Bet10!$C$3:$C$82=$B13),0 ), 0 )} -> 0 | J13: 10 | K13: 9 | L13: A | M13: =HLOOKUP(L13,$C$2:$E$54,J13+2,FALSE) -> 0 | N13: =HLOOKUP(L13,$F$2:$H$54,J13+2,FALSE) -> 0 | O13: 0.0045151905 | P13: 0.0045151905 | Q13: 0.0045151905 | R13: =N13*O13 -> 0 | T13: 4597 | U13: 0.004597 | V13: =U13*N13 -> 0 | Y13: =Z13 -> 0.0045151905 | Z13: 0.0045151905 | AA13: 0.0045151905 | AB13: =N13*Y13 -> 0 | AD13: =ROUND(Y13*1000000,0) -> 4515 | AE13: 0.004515 | AF13: =AE13*N13 -> 0
B14: 10 | C14: {=_xlfn.IFNA( _xlfn._xlws.FILTER( Sim_Mul_Bet10!$H$3:$H$82, (Sim_Mul_Bet10!$A$3:$A$82=C$2) * (Sim_Mul_Bet10!$C$3:$C$82=$B14),0 ), 0 )} -> 0.03096557 | D14: {=_xlfn.IFNA( _xlfn._xlws.FILTER( Sim_Mul_Bet10!$H$3:$H$82, (Sim_Mul_Bet10!$A$3:$A$82=D$2) * (Sim_Mul_Bet10!$C$3:$C$82=$B14),0 ), 0 )} -> 0.08874686 | E14: {=_xlfn.IFNA( _xlfn._xlws.FILTER( Sim_Mul_Bet10!$H$3:$H$82, (Sim_Mul_Bet10!$A$3:$A$82=E$2) * (Sim_Mul_Bet10!$C$3:$C$82=$B14),0 ), 0 )} -> 0 | F14: {=_xlfn.IFNA( _xlfn._xlws.FILTER( Sim_Mul_Bet10!$O$3:$O$82, (Sim_Mul_Bet10!$A$3:$A$82=C$2) * (Sim_Mul_Bet10!$C$3:$C$82=$B14),0 ), 0 )} -> 10.088964 | G14: {=_xlfn.IFNA( _xlfn._xlws.FILTER( Sim_Mul_Bet10!$O$3:$O$82, (Sim_Mul_Bet10!$A$3:$A$82=D$2) * (Sim_Mul_Bet10!$C$3:$C$82=$B14),0 ), 0 )} -> 11.124841 | H14: {=_xlfn.IFNA( _xlfn._xlws.FILTER( Sim_Mul_Bet10!$O$3:$O$82, (Sim_Mul_Bet10!$A$3:$A$82=E$2) * (Sim_Mul_Bet10!$C$3:$C$82=$B14),0 ), 0 )} -> 0 | J14: 11 | K14: 10 | L14: A | M14: =HLOOKUP(L14,$C$2:$E$54,J14+2,FALSE) -> 0.03096557 | N14: =HLOOKUP(L14,$F$2:$H$54,J14+2,FALSE) -> 10.088964 | O14: 0.0095229228 | P14: 0.0095229228 | Q14: 0.0095229228 | R14: =N14*O14 -> 0.096076421 | T14: 9440 | U14: 0.00944 | V14: =U14*N14 -> 0.095239816 | Y14: =Z14 -> 0.0095229228 | Z14: 0.0095229228 | AA14: 0.0095229228 | AB14: =N14*Y14 -> 0.096076421 | AD14: =ROUND(Y14*1000000,0) -> 9523 | AE14: 0.009523 | AF14: =AE14*N14 -> 0.0960772
B15: 15 | C15: {=_xlfn.IFNA( _xlfn._xlws.FILTER( Sim_Mul_Bet10!$H$3:$H$82, (Sim_Mul_Bet10!$A$3:$A$82=C$2) * (Sim_Mul_Bet10!$C$3:$C$82=$B15),0 ), 0 )} -> 0.00439108 | D15: {=_xlfn.IFNA( _xlfn._xlws.FILTER( Sim_Mul_Bet10!$H$3:$H$82, (Sim_Mul_Bet10!$A$3:$A$82=D$2) * (Sim_Mul_Bet10!$C$3:$C$82=$B15),0 ), 0 )} -> 0.02481114 | E15: {=_xlfn.IFNA( _xlfn._xlws.FILTER( Sim_Mul_Bet10!$H$3:$H$82, (Sim_Mul_Bet10!$A$3:$A$82=E$2) * (Sim_Mul_Bet10!$C$3:$C$82=$B15),0 ), 0 )} -> 0 | F15: {=_xlfn.IFNA( _xlfn._xlws.FILTER( Sim_Mul_Bet10!$O$3:$O$82, (Sim_Mul_Bet10!$A$3:$A$82=C$2) * (Sim_Mul_Bet10!$C$3:$C$82=$B15),0 ), 0 )} -> 15.163798 | G15: {=_xlfn.IFNA( _xlfn._xlws.FILTER( Sim_Mul_Bet10!$O$3:$O$82, (Sim_Mul_Bet10!$A$3:$A$82=D$2) * (Sim_Mul_Bet10!$C$3:$C$82=$B15),0 ), 0 )} -> 16.809543 | H15: {=_xlfn.IFNA( _xlfn._xlws.FILTER( Sim_Mul_Bet10!$O$3:$O$82, (Sim_Mul_Bet10!$A$3:$A$82=E$2) * (Sim_Mul_Bet10!$C$3:$C$82=$B15),0 ), 0 )} -> 0 | J15: 12 | K15: 15 | L15: A | M15: =HLOOKUP(L15,$C$2:$E$54,J15+2,FALSE) -> 0.00439108 | N15: =HLOOKUP(L15,$F$2:$H$54,J15+2,FALSE) -> 15.163798 | O15: 0.0049119227 | P15: 0.0049119227 | Q15: 0.0049119227 | R15: =N15*O15 -> 0.074483403 | T15: 5477 | U15: 0.005477 | V15: =U15*N15 -> 0.08305212 | Y15: =Z15 -> 0.0049119227 | Z15: 0.0049119227 | AA15: 0.0049119227 | AB15: =N15*Y15 -> 0.074483403 | AD15: =ROUND(Y15*1000000,0) -> 4912 | AE15: 0.004912 | AF15: =AE15*N15 -> 0.074484575
... B54: 7000 | C54: {=_xlfn.IFNA( _xlfn._xlws.FILTER( Sim_Mul_Bet10!$H$3:$H$82, (Sim_Mul_Bet10!$A$3:$A$82=C$2) * (Sim_Mul_Bet10!$C$3:$C$82=$B54),0 ), 0 )} -> 0 | D54: {=_xlfn.IFNA( _xlfn._xlws.FILTER( Sim_Mul_Bet10!$H$3:$H$82, (Sim_Mul_Bet10!$A$3:$A$82=D$2) * (Sim_Mul_Bet10!$C$3:$C$82=$B54),0 ), 0 )} -> 0 | E54: {=_xlfn.IFNA( _xlfn._xlws.FILTER( Sim_Mul_Bet10!$H$3:$H$82, (Sim_Mul_Bet10!$A$3:$A$82=E$2) * (Sim_Mul_Bet10!$C$3:$C$82=$B54),0 ), 0 )} -> 0 | F54: {=_xlfn.IFNA( _xlfn._xlws.FILTER( Sim_Mul_Bet10!$O$3:$O$82, (Sim_Mul_Bet10!$A$3:$A$82=C$2) * (Sim_Mul_Bet10!$C$3:$C$82=$B54),0 ), 0 )} -> 0 | G54: {=_xlfn.IFNA( _xlfn._xlws.FILTER( Sim_Mul_Bet10!$O$3:$O$82, (Sim_Mul_Bet10!$A$3:$A$82=D$2) * (Sim_Mul_Bet10!$C$3:$C$82=$B54),0 ), 0 )} -> 0 | H54: {=_xlfn.IFNA( _xlfn._xlws.FILTER( Sim_Mul_Bet10!$O$3:$O$82, (Sim_Mul_Bet10!$A$3:$A$82=E$2) * (Sim_Mul_Bet10!$C$3:$C$82=$B54),0 ), 0 )} -> 0 | J54: 51 | K54: 7000 | L54: A | M54: =HLOOKUP(L54,$C$2:$E$54,J54+2,FALSE) -> 0 | N54: =HLOOKUP(L54,$F$2:$H$54,J54+2,FALSE) -> 0 | O54: 0 | P54: 0 | Q54: 0 | R54: =N54*O54 -> 0 | T54: 0 | U54: 0 | V54: =U54*N54 -> 0 | Y54: =Z54 -> 0 | Z54: 0 | AA54: 0 | AB54: =N54*Y54 -> 0 | AD54: =ROUND(Y54*1000000,0) -> 0 | AE54: 0 | AF54: =AE54*N54 -> 0

Sheet Sim_Mul_Bet10
O1: 10
H3: Hit% | O3: AVG Mul | U3: Hit%
A4: A | B4: BaseGame | C4: 0 | F4: = | G4: 87009538 | H4: {=G4:G29/SUM(G4:$G$29)} -> 0.87009538 | K4: Pay | L4: = | M4: 0 | O4: =M4/G4/$O$1 -> 0 | R4: 1C1 | S4: = | T4: null | U4: {=_xlfn.IFS(T4="null",0,T4="","",T4/G4>=0,T4/G4)} -> 0 | X4: 2C1 | Y4: = | Z4: null | AA4: 3C1 | AB4: = | AC4: null | AD4: 4C1 | AE4: = | AF4: null | AG4: 5C1 | AH4: = | AI4: null
A5: A | B5: BaseGame | C5: 1 | F5: = | G5: 5818925 | H5: 0.05818925 | K5: Pay | L5: = | M5: 58876669 | O5: =M5/G5/$O$1 -> 1.0118135 | R5: 1C1 | S5: = | T5: null | U5: {=_xlfn.IFS(T5="null",0,T5="","",T5/G5>=0,T5/G5)} -> 0 | X5: 2C1 | Y5: = | Z5: null | AA5: 3C1 | AB5: = | AC5: null | AD5: 4C1 | AE5: = | AF5: null | AG5: 5C1 | AH5: = | AI5: null
A6: A | B6: BaseGame | C6: 2 | F6: = | G6: 1385032 | H6: 0.01385032 | K6: Pay | L6: = | M6: 34314534 | O6: =M6/G6/$O$1 -> 2.4775264 | R6: 1C1 | S6: = | T6: null | U6: {=_xlfn.IFS(T6="null",0,T6="","",T6/G6>=0,T6/G6)} -> 0 | X6: 2C1 | Y6: = | Z6: null | AA6: 3C1 | AB6: = | AC6: null | AD6: 4C1 | AE6: = | AF6: null | AG6: 5C1 | AH6: = | AI6: null
A7: A | B7: BaseGame | C7: 3 | F7: = | G7: 4092 | H7: 4.092e-05 | K7: Pay | L7: = | M7: 122760 | O7: =M7/G7/$O$1 -> 3 | R7: 1C1 | S7: = | T7: null | U7: {=_xlfn.IFS(T7="null",0,T7="","",T7/G7>=0,T7/G7)} -> 0 | X7: 2C1 | Y7: = | Z7: null | AA7: 3C1 | AB7: = | AC7: null | AD7: 4C1 | AE7: = | AF7: null | AG7: 5C1 | AH7: = | AI7: null
A8: A | B8: BaseGame | C8: 5 | F8: = | G8: 801222 | H8: 0.00801222 | K8: Pay | L8: = | M8: 40855601 | O8: =M8/G8/$O$1 -> 5.0991612 | R8: 1C1 | S8: = | T8: 173623 | U8: {=_xlfn.IFS(T8="null",0,T8="","",T8/G8>=0,T8/G8)} -> 0.21669774 | X8: 2C1 | Y8: = | Z8: null | AA8: 3C1 | AB8: = | AC8: null | AD8: 4C1 | AE8: = | AF8: null | AG8: 5C1 | AH8: = | AI8: null
A9: A | B9: BaseGame | C9: 6 | F9: = | G9: 6283 | H9: 6.283e-05 | K9: Pay | L9: = | M9: 378588 | O9: =M9/G9/$O$1 -> 6.0255929 | R9: 1C1 | S9: = | T9: 855 | U9: {=_xlfn.IFS(T9="null",0,T9="","",T9/G9>=0,T9/G9)} -> 0.13608149 | X9: 2C1 | Y9: = | Z9: null | AA9: 3C1 | AB9: = | AC9: null | AD9: 4C1 | AE9: = | AF9: null | AG9: 5C1 | AH9: = | AI9: null
A10: A | B10: BaseGame | C10: 7 | F10: = | G10: 3124 | H10: 3.124e-05 | K10: Pay | L10: = | M10: 234275 | O10: =M10/G10/$O$1 -> 7.4991997 | R10: 1C1 | S10: = | T10: null | U10: {=_xlfn.IFS(T10="null",0,T10="","",T10/G10>=0,T10/G10)} -> 0 | X10: 2C1 | Y10: = | Z10: null | AA10: 3C1 | AB10: = | AC10: null | AD10: 4C1 | AE10: = | AF10: null | AG10: 5C1 | AH10: = | AI10: null
A11: A | B11: BaseGame | C11: 10 | F11: = | G11: 3096557 | H11: 0.03096557 | K11: Pay | L11: = | M11: 312410508 | O11: =M11/G11/$O$1 -> 10.088964 | R11: 1C1 | S11: = | T11: 336679 | U11: {=_xlfn.IFS(T11="null",0,T11="","",T11/G11>=0,T11/G11)} -> 0.10872689 | X11: 2C1 | Y11: = | Z11: null | AA11: 3C1 | AB11: = | AC11: null | AD11: 4C1 | AE11: = | AF11: null | AG11: 5C1 | AH11: = | AI11: null
A12: A | B12: BaseGame | C12: 15 | F12: = | G12: 439108 | H12: 0.00439108 | K12: Pay | L12: = | M12: 66585449 | O12: =M12/G12/$O$1 -> 15.163798 | R12: 1C1 | S12: = | T12: 416555 | U12: {=_xlfn.IFS(T12="null",0,T12="","",T12/G12>=0,T12/G12)} -> 0.94863906 | X12: 2C1 | Y12: = | Z12: null | AA12: 3C1 | AB12: = | AC12: null | AD12: 4C1 | AE12: = | AF12: null | AG12: 5C1 | AH12: = | AI12: null
A13: A | B13: BaseGame | C13: 20 | F13: = | G13: 876560 | H13: 0.0087656 | K13: Pay | L13: = | M13: 176369780 | O13: =M13/G13/$O$1 -> 20.120674 | R13: 1C1 | S13: = | T13: 469018 | U13: {=_xlfn.IFS(T13="null",0,T13="","",T13/G13>=0,T13/G13)} -> 0.53506662 | X13: 2C1 | Y13: = | Z13: null | AA13: 3C1 | AB13: = | AC13: null | AD13: 4C1 | AE13: = | AF13: null | AG13: 5C1 | AH13: = | AI13: null
A14: A | B14: BaseGame | C14: 25 | F14: = | G14: 21844 | H14: 0.00021844 | K14: Pay | L14: = | M14: 5516153 | O14: =M14/G14/$O$1 -> 25.252486 | R14: 1C1 | S14: = | T14: 2341 | U14: {=_xlfn.IFS(T14="null",0,T14="","",T14/G14>=0,T14/G14)} -> 0.10716902 | X14: 2C1 | Y14: = | Z14: null | AA14: 3C1 | AB14: = | AC14: null | AD14: 4C1 | AE14: = | AF14: null | AG14: 5C1 | AH14: = | AI14: null
A15: A | B15: BaseGame | C15: 30 | F15: = | G15: 156056 | H15: 0.00156056 | K15: Pay | L15: = | M15: 47066291 | O15: =M15/G15/$O$1 -> 30.159873 | R15: 1C1 | S15: = | T15: 155354 | U15: {=_xlfn.IFS(T15="null",0,T15="","",T15/G15>=0,T15/G15)} -> 0.99550161 | X15: 2C1 | Y15: = | Z15: null | AA15: 3C1 | AB15: = | AC15: null | AD15: 4C1 | AE15: = | AF15: null | AG15: 5C1 | AH15: = | AI15: null
A16: A | B16: BaseGame | C16: 35 | F16: = | G16: 272 | H16: 2.72e-06 | K16: Pay | L16: = | M16: 95257 | O16: =M16/G16/$O$1 -> 35.020956 | R16: 1C1 | S16: = | T16: 272 | U16: {=_xlfn.IFS(T16="null",0,T16="","",T16/G16>=0,T16/G16)} -> 1 | X16: 2C1 | Y16: = | Z16: null | AA16: 3C1 | AB16: = | AC16: null | AD16: 4C1 | AE16: = | AF16: null | AG16: 5C1 | AH16: = | AI16: null
A17: A | B17: BaseGame | C17: 40 | F17: = | G17: 512 | H17: 5.12e-06 | K17: Pay | L17: = | M17: 204988 | O17: =M17/G17/$O$1 -> 40.036719 | R17: 1C1 | S17: = | T17: 512 | U17: {=_xlfn.IFS(T17="null",0,T17="","",T17/G17>=0,T17/G17)} -> 1 | X17: 2C1 | Y17: = | Z17: null | AA17: 3C1 | AB17: = | AC17: null | AD17: 4C1 | AE17: = | AF17: null | AG17: 5C1 | AH17: = | AI17: null
A18: A | B18: BaseGame | C18: 50 | F18: = | G18: 329241 | H18: 0.00329241 | K18: Pay | L18: = | M18: 166766516 | O18: =M18/G18/$O$1 -> 50.651807 | R18: 1C1 | S18: = | T18: 33460 | U18: {=_xlfn.IFS(T18="null",0,T18="","",T18/G18>=0,T18/G18)} -> 0.10162768 | X18: 2C1 | Y18: = | Z18: null | AA18: 3C1 | AB18: = | AC18: null | AD18: 4C1 | AE18: = | AF18: null | AG18: 5C1 | AH18: = | AI18: null
A19: A | B19: BaseGame | C19: 60 | F19: = | G19: 900 | H19: 9e-06 | K19: Pay | L19: = | M19: 547531 | O19: =M19/G19/$O$1 -> 60.836778 | R19: 1C1 | S19: = | T19: 156 | U19: {=_xlfn.IFS(T19="null",0,T19="","",T19/G19>=0,T19/G19)} -> 0.17333333 | X19: 2C1 | Y19: = | Z19: null | AA19: 3C1 | AB19: = | AC19: null | AD19: 4C1 | AE19: = | AF19: null | AG19: 5C1 | AH19: = | AI19: null
A20: A | B20: BaseGame | C20: 70 | F20: = | G20: 168 | H20: 1.68e-06 | K20: Pay | L20: = | M20: 125950 | O20: =M20/G20/$O$1 -> 74.970238 | R20: 1C1 | S20: = | T20: 8 | U20: {=_xlfn.IFS(T20="null",0,T20="","",T20/G20>=0,T20/G20)} -> 0.047619048 | X20: 2C1 | Y20: = | Z20: null | AA20: 3C1 | AB20: = | AC20: null | AD20: 4C1 | AE20: = | AF20: null | AG20: 5C1 | AH20: = | AI20: null
A21: A | B21: BaseGame | C21: 80 | F21: = | G21: 3 | H21: 3e-08 | K21: Pay | L21: = | M21: 2400 | O21: =M21/G21/$O$1 -> 80 | R21: 1C1 | S21: = | T21: 3 | U21: {=_xlfn.IFS(T21="null",0,T21="","",T21/G21>=0,T21/G21)} -> 1 | X21: 2C1 | Y21: = | Z21: null | AA21: 3C1 | AB21: = | AC21: null | AD21: 4C1 | AE21: = | AF21: null | AG21: 5C1 | AH21: = | AI21: null
A22: A | B22: BaseGame | C22: 100 | F22: = | G22: 47722 | H22: 0.00047722 | K22: Pay | L22: = | M22: 47909721 | O22: =M22/G22/$O$1 -> 100.39336 | R22: 1C1 | S22: = | T22: 1602 | U22: {=_xlfn.IFS(T22="null",0,T22="","",T22/G22>=0,T22/G22)} -> 0.033569423 | X22: 2C1 | Y22: = | Z22: null | AA22: 3C1 | AB22: = | AC22: null | AD22: 4C1 | AE22: = | AF22: null | AG22: 5C1 | AH22: = | AI22: null
A23: A | B23: BaseGame | C23: 120 | F23: = | G23: 1 | H23: 1e-08 | K23: Pay | L23: = | M23: 1210 | O23: =M23/G23/$O$1 -> 121 | R23: 1C1 | S23: = | T23: 1 | U23: {=_xlfn.IFS(T23="null",0,T23="","",T23/G23>=0,T23/G23)} -> 1 | X23: 2C1 | Y23: = | Z23: null | AA23: 3C1 | AB23: = | AC23: null | AD23: 4C1 | AE23: = | AF23: null | AG23: 5C1 | AH23: = | AI23: null
A24: A | B24: BaseGame | C24: 140 | F24: = | G24: 73 | H24: 7.3e-07 | K24: Pay | L24: = | M24: 109610 | O24: =M24/G24/$O$1 -> 150.15068 | R24: 1C1 | S24: = | T24: null | U24: {=_xlfn.IFS(T24="null",0,T24="","",T24/G24>=0,T24/G24)} -> 0 | X24: 2C1 | Y24: = | Z24: null | AA24: 3C1 | AB24: = | AC24: null | AD24: 4C1 | AE24: = | AF24: null | AG24: 5C1 | AH24: = | AI24: null
A25: A | B25: BaseGame | C25: 200 | F25: = | G25: 1738 | H25: 1.738e-05 | K25: Pay | L25: = | M25: 3480229 | O25: =M25/G25/$O$1 -> 200.24333 | R25: 1C1 | S25: = | T25: 1607 | U25: {=_xlfn.IFS(T25="null",0,T25="","",T25/G25>=0,T25/G25)} -> 0.92462601 | X25: 2C1 | Y25: = | Z25: null | AA25: 3C1 | AB25: = | AC25: null | AD25: 4C1 | AE25: = | AF25: null | AG25: 5C1 | AH25: = | AI25: null
A26: A | B26: BaseGame | C26: 250 | F26: = | G26: 674 | H26: 6.74e-06 | K26: Pay | L26: = | M26: 1692275 | O26: =M26/G26/$O$1 -> 251.07938 | R26: 1C1 | S26: = | T26: null | U26: {=_xlfn.IFS(T26="null",0,T26="","",T26/G26>=0,T26/G26)} -> 0 | X26: 2C1 | Y26: = | Z26: null | AA26: 3C1 | AB26: = | AC26: null | AD26: 4C1 | AE26: = | AF26: null | AG26: 5C1 | AH26: = | AI26: null
A27: A | B27: BaseGame | C27: 500 | F27: = | G27: 331 | H27: 3.31e-06 | K27: Pay | L27: = | M27: 1657010 | O27: =M27/G27/$O$1 -> 500.60725 | R27: 1C1 | S27: = | T27: null | U27: {=_xlfn.IFS(T27="null",0,T27="","",T27/G27>=0,T27/G27)} -> 0 | X27: 2C1 | Y27: = | Z27: null | AA27: 3C1 | AB27: = | AC27: null | AD27: 4C1 | AE27: = | AF27: null | AG27: 5C1 | AH27: = | AI27: null
A28: A | B28: BaseGame | C28: 550 | F28: = | G28: 11 | H28: 1.1e-07 | K28: Pay | L28: = | M28: 60550 | O28: =M28/G28/$O$1 -> 550.45455 | R28: 1C1 | S28: = | T28: null | U28: {=_xlfn.IFS(T28="null",0,T28="","",T28/G28>=0,T28/G28)} -> 0 | X28: 2C1 | Y28: = | Z28: null | AA28: 3C1 | AB28: = | AC28: null | AD28: 4C1 | AE28: = | AF28: null | AG28: 5C1 | AH28: = | AI28: null
A29: A | B29: BaseGame | C29: 1000 | F29: = | G29: 13 | H29: 1.3e-07 | K29: Pay | L29: = | M29: 130060 | O29: =M29/G29/$O$1 -> 1000.4615 | R29: 1C1 | S29: = | T29: null | U29: {=_xlfn.IFS(T29="null",0,T29="","",T29/G29>=0,T29/G29)} -> 0 | X29: 2C1 | Y29: = | Z29: null | AA29: 3C1 | AB29: = | AC29: null | AD29: 4C1 | AE29: = | AF29: null | AG29: 5C1 | AH29: = | AI29: null
U30: {=_xlfn.IFS(T30="null",0,T30="","",T30/G30>=0,T30/G30)}
U31: {=_xlfn.IFS(T31="null",0,T31="","",T31/G31>=0,T31/G31)}
A32: B | B32: BaseGame | C32: -1 | F32: = | G32: 17779931 | H32: {=G32:G66/SUM(G32:G66)} -> 0.17779931
A33: B | B33: BaseGame | C33: 0 | F33: = | G33: 24279876 | H33: 0.24279876 | K33: Pay | L33: = | M33: 12752753100 | O33: =M33/G33/$O$1/100 -> 0.52523963 | R33: 1C1 | S33: = | T33: null | U33: 2C1 | V33: = | W33: 673215 | X33: 3C1 | Y33: = | Z33: null | AA33: 4C1 | AB33: = | AC33: null | AD33: 5C1 | AE33: = | AF33: null
A34: B | B34: BaseGame | C34: 1 | F34: = | G34: 6877897 | H34: 0.06877897 | K34: Pay | L34: = | M34: 9780256000 | O34: =M34/G34/$O$1/100 -> 1.4219835 | R34: 1C1 | S34: = | T34: null | U34: 2C1 | V34: = | W34: 1880714 | X34: 3C1 | Y34: = | Z34: null | AA34: 4C1 | AB34: = | AC34: null | AD34: 5C1 | AE34: = | AF34: null
A35: B | B35: BaseGame | C35: 2 | F35: = | G35: 2488583 | H35: 0.02488583 | K35: Pay | L35: = | M35: 6277678000 | O35: =M35/G35/$O$1/100 -> 2.5225914 | R35: 1C1 | S35: = | T35: null | U35: 2C1 | V35: = | W35: 268001 | X35: 3C1 | Y35: = | Z35: null | AA35: 4C1 | AB35: = | AC35: null | AD35: 5C1 | AE35: = | AF35: null
A36: B | B36: BaseGame | C36: 4 | F36: = | G36: 4768716 | H36: 0.04768716 | K36: Pay | L36: = | M36: 23843580000 | O36: =M36/G36/$O$1/100 -> 5 | R36: 1C1 | S36: = | T36: 277656 | U36: 2C1 | V36: = | W36: 185437 | X36: 3C1 | Y36: = | Z36: null | AA36: 4C1 | AB36: = | AC36: null | AD36: 5C1 | AE36: = | AF36: null
A37: B | B37: BaseGame | C37: 5 | F37: = | G37: 6567978 | H37: 0.06567978 | K37: Pay | L37: = | M37: 35227884800 | O37: =M37/G37/$O$1/100 -> 5.3635814 | R37: 1C1 | S37: = | T37: 452884 | U37: 2C1 | V37: = | W37: 1526400 | X37: 3C1 | Y37: = | Z37: null | AA37: 4C1 | AB37: = | AC37: null | AD37: 5C1 | AE37: = | AF37: null
A38: B | B38: BaseGame | C38: 6 | F38: = | G38: 550044 | H38: 0.00550044 | K38: Pay | L38: = | M38: 3518748600 | O38: =M38/G38/$O$1/100 -> 6.397213 | R38: 1C1 | S38: = | T38: 104094 | U38: 2C1 | V38: = | W38: 445950 | X38: 3C1 | Y38: = | Z38: null | AA38: 4C1 | AB38: = | AC38: null | AD38: 5C1 | AE38: = | AF38: null
A39: B | B39: BaseGame | C39: 7 | F39: = | G39: 415697 | H39: 0.00415697 | K39: Pay | L39: = | M39: 3117727500 | O39: =M39/G39/$O$1/100 -> 7.5 | R39: 1C1 | S39: = | T39: null | U39: 2C1 | V39: = | W39: null | X39: 3C1 | Y39: = | Z39: null | AA39: 4C1 | AB39: = | AC39: null | AD39: 5C1 | AE39: = | AF39: null
A40: B | B40: BaseGame | C40: 9 | F40: = | G40: 3365664 | H40: 0.03365664 | K40: Pay | L40: = | M40: 33656640000 | O40: =M40/G40/$O$1/100 -> 10 | R40: 1C1 | S40: = | T40: 329586 | U40: 2C1 | V40: = | W40: 168016 | X40: 3C1 | Y40: = | Z40: null | AA40: 4C1 | AB40: = | AC40: null | AD40: 5C1 | AE40: = | AF40: null
A41: B | B41: BaseGame | C41: 10 | F41: = | G41: 8874686 | H41: 0.08874686 | K41: Pay | L41: = | M41: 98729466500 | O41: =M41/G41/$O$1/100 -> 11.124841 | R41: 1C1 | S41: = | T41: 1028572 | U41: 2C1 | V41: = | W41: 2008509 | X41: 3C1 | Y41: = | Z41: null | AA41: 4C1 | AB41: = | AC41: null | AD41: 5C1 | AE41: = | AF41: null
A42: B | B42: BaseGame | C42: 15 | F42: = | G42: 2481114 | H42: 0.02481114 | K42: Pay | L42: = | M42: 41706392600 | O42: =M42/G42/$O$1/100 -> 16.809543 | R42: 1C1 | S42: = | T42: 1134320 | U42: 2C1 | V42: = | W42: 560669 | X42: 3C1 | Y42: = | Z42: null | AA42: 4C1 | AB42: = | AC42: null | AD42: 5C1 | AE42: = | AF42: null
A43: B | B43: BaseGame | C43: 20 | F43: = | G43: 2260943 | H43: 0.02260943 | K43: Pay | L43: = | M43: 49080095500 | O43: =M43/G43/$O$1/100 -> 21.707799 | R43: 1C1 | S43: = | T43: 867436 | U43: 2C1 | V43: = | W43: 189354 | X43: 3C1 | Y43: = | Z43: null | AA43: 4C1 | AB43: = | AC43: null | AD43: 5C1 | AE43: = | AF43: null
A44: B | B44: BaseGame | C44: 25 | F44: = | G44: 1453384 | H44: 0.01453384 | K44: Pay | L44: = | M44: 39538043000 | O44: =M44/G44/$O$1/100 -> 27.204127 | R44: 1C1 | S44: = | T44: 538773 | U44: 2C1 | V44: = | W44: 36259 | X44: 3C1 | Y44: = | Z44: null | AA44: 4C1 | AB44: = | AC44: null | AD44: 5C1 | AE44: = | AF44: null
A45: B | B45: BaseGame | C45: 30 | F45: = | G45: 817840 | H45: 0.0081784 | K45: Pay | L45: = | M45: 25272718300 | O45: =M45/G45/$O$1/100 -> 30.901788 | R45: 1C1 | S45: = | T45: 723385 | U45: 2C1 | V45: = | W45: 2151 | X45: 3C1 | Y45: = | Z45: null | AA45: 4C1 | AB45: = | AC45: null | AD45: 5C1 | AE45: = | AF45: null
A46: B | B46: BaseGame | C46: 35 | F46: = | G46: 156363 | H46: 0.00156363 | K46: Pay | L46: = | M46: 5710430300 | O46: =M46/G46/$O$1/100 -> 36.520342 | R46: 1C1 | S46: = | T46: 156363 | U46: 2C1 | V46: = | W46: null | X46: 3C1 | Y46: = | Z46: null | AA46: 4C1 | AB46: = | AC46: null | AD46: 5C1 | AE46: = | AF46: null
A47: B | B47: BaseGame | C47: 40 | F47: = | G47: 104174 | H47: 0.00104174 | K47: Pay | L47: = | M47: 4240481300 | O47: =M47/G47/$O$1/100 -> 40.705755 | R47: 1C1 | S47: = | T47: 104174 | U47: 2C1 | V47: = | W47: null | X47: 3C1 | Y47: = | Z47: null | AA47: 4C1 | AB47: = | AC47: null | AD47: 5C1 | AE47: = | AF47: null
A48: B | B48: BaseGame | C48: 45 | F48: = | G48: 1282282 | H48: 0.01282282 | K48: Pay | L48: = | M48: 64059507800 | O48: =M48/G48/$O$1/100 -> 49.957426 | R48: 1C1 | S48: = | T48: 289415 | U48: 2C1 | V48: = | W48: 20572 | X48: 3C1 | Y48: = | Z48: null | AA48: 4C1 | AB48: = | AC48: null | AD48: 5C1 | AE48: = | AF48: null
A49: B | B49: BaseGame | C49: 50 | F49: = | G49: 5067212 | H49: 0.05067212 | K49: Pay | L49: = | M49: 266627588700 | O49: =M49/G49/$O$1/100 -> 52.618203 | R49: 1C1 | S49: = | T49: 798198 | U49: 2C1 | V49: = | W49: 795808 | X49: 3C1 | Y49: = | Z49: null | AA49: 4C1 | AB49: = | AC49: null | AD49: 5C1 | AE49: = | AF49: null
A50: B | B50: BaseGame | C50: 60 | F50: = | G50: 384336 | H50: 0.00384336 | K50: Pay | L50: = | M50: 24007592400 | O50: =M50/G50/$O$1/100 -> 62.465115 | R50: 1C1 | S50: = | T50: 219566 | U50: 2C1 | V50: = | W50: 164770 | X50: 3C1 | Y50: = | Z50: null | AA50: 4C1 | AB50: = | AC50: null | AD50: 5C1 | AE50: = | AF50: null
A51: B | B51: BaseGame | C51: 70 | F51: = | G51: 206777 | H51: 0.00206777 | K51: Pay | L51: = | M51: 15486043900 | O51: =M51/G51/$O$1/100 -> 74.892488 | R51: 1C1 | S51: = | T51: 63403 | U51: 2C1 | V51: = | W51: 4353 | X51: 3C1 | Y51: = | Z51: null | AA51: 4C1 | AB51: = | AC51: null | AD51: 5C1 | AE51: = | AF51: null
A52: B | B52: BaseGame | C52: 80 | F52: = | G52: 46442 | H52: 0.00046442 | K52: Pay | L52: = | M52: 3830971300 | O52: =M52/G52/$O$1/100 -> 82.48937 | R52: 1C1 | S52: = | T52: 46442 | U52: 2C1 | V52: = | W52: null | X52: 3C1 | Y52: = | Z52: null | AA52: 4C1 | AB52: = | AC52: null | AD52: 5C1 | AE52: = | AF52: null
A53: B | B53: BaseGame | C53: 90 | F53: = | G53: 906328 | H53: 0.00906328 | K53: Pay | L53: = | M53: 90632800000 | O53: =M53/G53/$O$1/100 -> 100 | R53: 1C1 | S53: = | T53: 283093 | U53: 2C1 | V53: = | W53: 20878 | X53: 3C1 | Y53: = | Z53: null | AA53: 4C1 | AB53: = | AC53: null | AD53: 5C1 | AE53: = | AF53: null
A54: B | B54: BaseGame | C54: 100 | F54: = | G54: 5056601 | H54: 0.05056601 | K54: Pay | L54: = | M54: 525092684800 | O54: =M54/G54/$O$1/100 -> 103.84301 | R54: 1C1 | S54: = | T54: 1063627 | U54: 2C1 | V54: = | W54: 984337 | X54: 3C1 | Y54: = | Z54: null | AA54: 4C1 | AB54: = | AC54: null | AD54: 5C1 | AE54: = | AF54: null
A55: B | B55: BaseGame | C55: 120 | F55: = | G55: 114815 | H55: 0.00114815 | K55: Pay | L55: = | M55: 14537931000 | O55: =M55/G55/$O$1/100 -> 126.62049 | R55: 1C1 | S55: = | T55: 110358 | U55: 2C1 | V55: = | W55: 4457 | X55: 3C1 | Y55: = | Z55: null | AA55: 4C1 | AB55: = | AC55: null | AD55: 5C1 | AE55: = | AF55: null
A56: B | B56: BaseGame | C56: 140 | F56: = | G56: 282255 | H56: 0.00282255 | K56: Pay | L56: = | M56: 42993930600 | O56: =M56/G56/$O$1/100 -> 152.32301 | R56: 1C1 | S56: = | T56: 103457 | U56: 2C1 | V56: = | W56: 40075 | X56: 3C1 | Y56: = | Z56: null | AA56: 4C1 | AB56: = | AC56: null | AD56: 5C1 | AE56: = | AF56: null
A57: B | B57: BaseGame | C57: 160 | F57: = | G57: 4401 | H57: 4.401e-05 | K57: Pay | L57: = | M57: 706143200 | O57: =M57/G57/$O$1/100 -> 160.45062 | R57: 1C1 | S57: = | T57: null | U57: 2C1 | V57: = | W57: 4401 | X57: 3C1 | Y57: = | Z57: null | AA57: 4C1 | AB57: = | AC57: null | AD57: 5C1 | AE57: = | AF57: null
A58: B | B58: BaseGame | C58: 180 | F58: = | G58: 329210 | H58: 0.0032921 | K58: Pay | L58: = | M58: 65842000000 | O58: =M58/G58/$O$1/100 -> 200 | R58: 1C1 | S58: = | T58: 282884 | U58: 2C1 | V58: = | W58: 262 | X58: 3C1 | Y58: = | Z58: null | AA58: 4C1 | AB58: = | AC58: null | AD58: 5C1 | AE58: = | AF58: null
A59: B | B59: BaseGame | C59: 200 | F59: = | G59: 1358359 | H59: 0.01358359 | K59: Pay | L59: = | M59: 279182372200 | O59: =M59/G59/$O$1/100 -> 205.52915 | R59: 1C1 | S59: = | T59: 918851 | U59: 2C1 | V59: = | W59: 22141 | X59: 3C1 | Y59: = | Z59: null | AA59: 4C1 | AB59: = | AC59: null | AD59: 5C1 | AE59: = | AF59: null
A60: B | B60: BaseGame | C60: 250 | F60: = | G60: 422172 | H60: 0.00422172 | K60: Pay | L60: = | M60: 110531834000 | O60: =M60/G60/$O$1/100 -> 261.81707 | R60: 1C1 | S60: = | T60: 52194 | U60: 2C1 | V60: = | W60: null | X60: 3C1 | Y60: = | Z60: null | AA60: 4C1 | AB60: = | AC60: null | AD60: 5C1 | AE60: = | AF60: null
A61: B | B61: BaseGame | C61: 300 | F61: = | G61: 46203 | H61: 0.00046203 | K61: Pay | L61: = | M61: 13975285600 | O61: =M61/G61/$O$1/100 -> 302.47572 | R61: 1C1 | S61: = | T61: 46203 | U61: 2C1 | V61: = | W61: null | X61: 3C1 | Y61: = | Z61: null | AA61: 4C1 | AB61: = | AC61: null | AD61: 5C1 | AE61: = | AF61: null
A62: B | B62: BaseGame | C62: 450 | F62: = | G62: 92401 | H62: 0.00092401 | K62: Pay | L62: = | M62: 46200500000 | O62: =M62/G62/$O$1/100 -> 500 | R62: 1C1 | S62: = | T62: null | U62: 2C1 | V62: = | W62: null | X62: 3C1 | Y62: = | Z62: null | AA62: 4C1 | AB62: = | AC62: null | AD62: 5C1 | AE62: = | AF62: null
A63: B | B63: BaseGame | C63: 500 | F63: = | G63: 648782 | H63: 0.00648782 | K63: Pay | L63: = | M63: 333228938000 | O63: =M63/G63/$O$1/100 -> 513.62235 | R63: 1C1 | S63: = | T63: null | U63: 2C1 | V63: = | W63: null | X63: 3C1 | Y63: = | Z63: null | AA63: 4C1 | AB63: = | AC63: null | AD63: 5C1 | AE63: = | AF63: null
A64: B | B64: BaseGame | C64: 550 | F64: = | G64: 92032 | H64: 0.00092032 | K64: Pay | L64: = | M64: 50893320000 | O64: =M64/G64/$O$1/100 -> 552.99591 | R64: 1C1 | S64: = | T64: null | U64: 2C1 | V64: = | W64: null | X64: 3C1 | Y64: = | Z64: null | AA64: 4C1 | AB64: = | AC64: null | AD64: 5C1 | AE64: = | AF64: null
A65: B | B65: BaseGame | C65: 950 | F65: = | G65: 46306 | H65: 0.00046306 | K65: Pay | L65: = | M65: 46306000000 | O65: =M65/G65/$O$1/100 -> 1000 | R65: 1C1 | S65: = | T65: null | U65: 2C1 | V65: = | W65: null | X65: 3C1 | Y65: = | Z65: null | AA65: 4C1 | AB65: = | AC65: null | AD65: 5C1 | AE65: = | AF65: null
A66: B | B66: BaseGame | C66: 1000 | F66: = | G66: 370196 | H66: 0.00370196 | K66: Pay | L66: = | M66: 379351843000 | O66: =M66/G66/$O$1/100 -> 1024.7324 | R66: 1C1 | S66: = | T66: null | U66: 2C1 | V66: = | W66: null | X66: 3C1 | Y66: = | Z66: null | AA66: 4C1 | AB66: = | AC66: null | AD66: 5C1 | AE66: = | AF66: null

Sheet Card_Bet50
C1: Hit% | F1: Mul | R1: =SUM(R3:R54) -> 0.7632012 | V1: =SUM(V3:V54) -> 0.8042406 | AB1: =SUM(AB3:AB54) -> 0.75172076 | AF1: =SUM(AF3:AF54) -> 0.75172061
B2: Interval | C2: A | D2: B | E2: C | F2: A | G2: B | H2: C | J2: Index | K2: Interval | L2: Sheet | M2: Mul | N2: Avg Mul | O2: Hit%_tune | P2: Hit%_ori | Q2: Jili Hit% | R2: RTP_tune | T2: Hit%_Weight_Final | U2: Hit%_Final | V2: RTP_Final | Y2: Hit%_tune | Z2: Hit%_ori | AA2: Jili Hit% | AB2: RTP_tune | AD2: Hit%_Weight_Final | AE2: Hit%_Final | AF2: RTP_Final
B3: -1 | C3: {=_xlfn.IFNA( _xlfn._xlws.FILTER( Sim_Mul_Bet50!$H$3:$H$100, (Sim_Mul_Bet50!$A$3:$A$100=C$2) * (Sim_Mul_Bet50!$C$3:$C$100=$B3),0 ), 0 )} -> 0 | D3: {=_xlfn.IFNA( _xlfn._xlws.FILTER( Sim_Mul_Bet50!$H$3:$H$100, (Sim_Mul_Bet50!$A$3:$A$100=D$2) * (Sim_Mul_Bet50!$C$3:$C$100=$B3),0 ), 0 )} -> 0.18670805 | G3: {=_xlfn.IFNA( _xlfn._xlws.FILTER( Sim_Mul_Bet50!$O$3:$O$100, (Sim_Mul_Bet50!$A$3:$A$100=D$2) * (Sim_Mul_Bet50!$C$3:$C$100=$B3),0 ), 0 )} -> 0 | J3: 0 | K3: -1 | L3: A | M3: =HLOOKUP(L3,$C$2:$E$54,J3+2,FALSE) -> 0 | N3: =HLOOKUP(L3,$F$2:$H$54,J3+2,FALSE) -> 0 | O3: =1-SUM(O4:O53) -> 0.85585257 | P3: =1-SUM(P4:P53) -> 0.85573427 | Q3: =1-SUM(Q4:Q54) -> 0.85905995 | R3: =N3*O3 -> 0 | T3: =1000000-SUM(T4:T54) -> 869589 | U3: {=T3:T54/SUM($T$3:$T$54)} -> 0.869589 | V3: =U3*N3 -> 0 | Y3: =1-SUM(Y4:Y53) -> 0.86313517 | Z3: =1-SUM(Z4:Z53) -> 0.86313517 | AA3: =1-SUM(AA4:AA54) -> 0.87113099 | AB3: =N3*Y3 -> 0 | AD3: =1000000-SUM(AD4:AD54) -> 863135 | AE3: {=AD3:AD54/SUM($T$3:$T$54)} -> 0.863135 | AF3: =AE3*N3 -> 0
B4: 0 | C4: {=_xlfn.IFNA( _xlfn._xlws.FILTER( Sim_Mul_Bet50!$H$3:$H$100, (Sim_Mul_Bet50!$A$3:$A$100=C$2) * (Sim_Mul_Bet50!$C$3:$C$100=$B4),0 ), 0 )} -> 0.87046402 | D4: {=_xlfn.IFNA( _xlfn._xlws.FILTER( Sim_Mul_Bet50!$H$3:$H$100, (Sim_Mul_Bet50!$A$3:$A$100=D$2) * (Sim_Mul_Bet50!$C$3:$C$100=$B4),0 ), 0 )} -> 0.32194191 | E4: {=_xlfn.IFNA( _xlfn._xlws.FILTER( Sim_Mul_Bet50!$H$3:$H$100, (Sim_Mul_Bet50!$A$3:$A$100=E$2) * (Sim_Mul_Bet50!$C$3:$C$100=$B4),0 ), 0 )} -> 0 | F4: {=_xlfn.IFNA( _xlfn._xlws.FILTER( Sim_Mul_Bet50!$O$3:$O$100, (Sim_Mul_Bet50!$A$3:$A$100=C$2) * (Sim_Mul_Bet50!$C$3:$C$100=$B4),0 ), 0 )} -> 0 | G4: {=_xlfn.IFNA( _xlfn._xlws.FILTER( Sim_Mul_Bet50!$O$3:$O$100, (Sim_Mul_Bet50!$A$3:$A$100=D$2) * (Sim_Mul_Bet50!$C$3:$C$100=$B4),0 ), 0 )} -> 0.26300686 | H4: {=_xlfn.IFNA( _xlfn._xlws.FILTER( Sim_Mul_Bet50!$O$3:$O$100, (Sim_Mul_Bet50!$A$3:$A$100=E$2) * (Sim_Mul_Bet50!$C$3:$C$100=$B4),0 ), 0 )} -> 0 | J4: 1 | K4: 0 | L4: A | M4: =HLOOKUP(L4,$C$2:$E$54,J4+2,FALSE) -> 0.87046402 | N4: =HLOOKUP(L4,$F$2:$H$54,J4+2,FALSE) -> 0 | O4: 0.065046727 | P4: 0.065046727 | Q4: 0.065046727 | R4: =N4*O4 -> 0 | T4: 21320 | U4: 0.02132 | V4: =U4*N4 -> 0 | Y4: =Z4 -> 0.049753005 | Z4: 0.049753005 | AA4: 0.049753005 | AB4: =N4*Y4 -> 0 | AD4: =ROUND(Y4*1000000,0) -> 49753 | AE4: 0.049753 | AF4: =AE4*N4 -> 0
B5: 1 | C5: {=_xlfn.IFNA( _xlfn._xlws.FILTER( Sim_Mul_Bet50!$H$3:$H$100, (Sim_Mul_Bet50!$A$3:$A$100=C$2) * (Sim_Mul_Bet50!$C$3:$C$100=$B5),0 ), 0 )} -> 0.06900552 | D5: {=_xlfn.IFNA( _xlfn._xlws.FILTER( Sim_Mul_Bet50!$H$3:$H$100, (Sim_Mul_Bet50!$A$3:$A$100=D$2) * (Sim_Mul_Bet50!$C$3:$C$100=$B5),0 ), 0 )} -> 0.09251169 | E5: {=_xlfn.IFNA( _xlfn._xlws.FILTER( Sim_Mul_Bet50!$H$3:$H$100, (Sim_Mul_Bet50!$A$3:$A$100=E$2) * (Sim_Mul_Bet50!$C$3:$C$100=$B5),0 ), 0 )} -> 0 | F5: {=_xlfn.IFNA( _xlfn._xlws.FILTER( Sim_Mul_Bet50!$O$3:$O$100, (Sim_Mul_Bet50!$A$3:$A$100=C$2) * (Sim_Mul_Bet50!$C$3:$C$100=$B5),0 ), 0 )} -> 1.0023593 | G5: {=_xlfn.IFNA( _xlfn._xlws.FILTER( Sim_Mul_Bet50!$O$3:$O$100, (Sim_Mul_Bet50!$A$3:$A$100=D$2) * (Sim_Mul_Bet50!$C$3:$C$100=$B5),0 ), 0 )} -> 1.4655189 | H5: {=_xlfn.IFNA( _xlfn._xlws.FILTER( Sim_Mul_Bet50!$O$3:$O$100, (Sim_Mul_Bet50!$A$3:$A$100=E$2) * (Sim_Mul_Bet50!$C$3:$C$100=$B5),0 ), 0 )} -> 0 | J5: 2 | K5: 1 | L5: A | M5: =HLOOKUP(L5,$C$2:$E$54,J5+2,FALSE) -> 0.06900552 | N5: =HLOOKUP(L5,$F$2:$H$54,J5+2,FALSE) -> 1.0023593 | O5: 0.001 | P5: 0.001 | Q5: 0.0010155134 | R5: =N5*O5 -> 0.0010023593 | T5: 51342 | U5: 0.051342 | V5: =U5*N5 -> 0.051463132 | Y5: =Z5 -> 0.015838745 | Z5: 0.015838745 | AA5: 0.015838745 | AB5: =N5*Y5 -> 0.015876114 | AD5: =ROUND(Y5*1000000,0) -> 15839 | AE5: 0.015839 | AF5: =AE5*N5 -> 0.015876369
B6: 2 | C6: {=_xlfn.IFNA( _xlfn._xlws.FILTER( Sim_Mul_Bet50!$H$3:$H$100, (Sim_Mul_Bet50!$A$3:$A$100=C$2) * (Sim_Mul_Bet50!$C$3:$C$100=$B6),0 ), 0 )} -> 0.01362186 | D6: {=_xlfn.IFNA( _xlfn._xlws.FILTER( Sim_Mul_Bet50!$H$3:$H$100, (Sim_Mul_Bet50!$A$3:$A$100=D$2) * (Sim_Mul_Bet50!$C$3:$C$100=$B6),0 ), 0 )} -> 0.08330577 | E6: {=_xlfn.IFNA( _xlfn._xlws.FILTER( Sim_Mul_Bet50!$H$3:$H$100, (Sim_Mul_Bet50!$A$3:$A$100=E$2) * (Sim_Mul_Bet50!$C$3:$C$100=$B6),0 ), 0 )} -> 0 | F6: {=_xlfn.IFNA( _xlfn._xlws.FILTER( Sim_Mul_Bet50!$O$3:$O$100, (Sim_Mul_Bet50!$A$3:$A$100=C$2) * (Sim_Mul_Bet50!$C$3:$C$100=$B6),0 ), 0 )} -> 2.0283286 | G6: {=_xlfn.IFNA( _xlfn._xlws.FILTER( Sim_Mul_Bet50!$O$3:$O$100, (Sim_Mul_Bet50!$A$3:$A$100=D$2) * (Sim_Mul_Bet50!$C$3:$C$100=$B6),0 ), 0 )} -> 2.1751332 | H6: {=_xlfn.IFNA( _xlfn._xlws.FILTER( Sim_Mul_Bet50!$O$3:$O$100, (Sim_Mul_Bet50!$A$3:$A$100=E$2) * (Sim_Mul_Bet50!$C$3:$C$100=$B6),0 ), 0 )} -> 0 | J6: 3 | K6: 2 | L6: A | M6: =HLOOKUP(L6,$C$2:$E$54,J6+2,FALSE) -> 0.01362186 | N6: =HLOOKUP(L6,$F$2:$H$54,J6+2,FALSE) -> 2.0283286 | O6: 0 | P6: 0 | Q6: 0 | R6: =N6*O6 -> 0 | T6: 345 | U6: 0.000345 | V6: =U6*N6 -> 0.00069977338 | Y6: =Z6 -> 0.0029881166 | Z6: 0.0029881166 | AA6: 0.0029881166 | AB6: =N6*Y6 -> 0.0060608825 | AD6: =ROUND(Y6*1000000,0) -> 2988 | AE6: 0.002988 | AF6: =AE6*N6 -> 0.0060606459
B7: 3 | C7: {=_xlfn.IFNA( _xlfn._xlws.FILTER( Sim_Mul_Bet50!$H$3:$H$100, (Sim_Mul_Bet50!$A$3:$A$100=C$2) * (Sim_Mul_Bet50!$C$3:$C$100=$B7),0 ), 0 )} -> 0.00096654 | D7: {=_xlfn.IFNA( _xlfn._xlws.FILTER( Sim_Mul_Bet50!$H$3:$H$100, (Sim_Mul_Bet50!$A$3:$A$100=D$2) * (Sim_Mul_Bet50!$C$3:$C$100=$B7),0 ), 0 )} -> 0.01157851 | E7: {=_xlfn.IFNA( _xlfn._xlws.FILTER( Sim_Mul_Bet50!$H$3:$H$100, (Sim_Mul_Bet50!$A$3:$A$100=E$2) * (Sim_Mul_Bet50!$C$3:$C$100=$B7),0 ), 0 )} -> 0 | F7: {=_xlfn.IFNA( _xlfn._xlws.FILTER( Sim_Mul_Bet50!$O$3:$O$100, (Sim_Mul_Bet50!$A$3:$A$100=C$2) * (Sim_Mul_Bet50!$C$3:$C$100=$B7),0 ), 0 )} -> 3.035212 | G7: {=_xlfn.IFNA( _xlfn._xlws.FILTER( Sim_Mul_Bet50!$O$3:$O$100, (Sim_Mul_Bet50!$A$3:$A$100=D$2) * (Sim_Mul_Bet50!$C$3:$C$100=$B7),0 ), 0 )} -> 3.4430832 | H7: {=_xlfn.IFNA( _xlfn._xlws.FILTER( Sim_Mul_Bet50!$O$3:$O$100, (Sim_Mul_Bet50!$A$3:$A$100=E$2) * (Sim_Mul_Bet50!$C$3:$C$100=$B7),0 ), 0 )} -> 0 | J7: 4 | K7: 3 | L7: B | M7: =HLOOKUP(L7,$C$2:$E$54,J7+2,FALSE) -> 0.01157851 | N7: =HLOOKUP(L7,$F$2:$H$54,J7+2,FALSE) -> 3.4430832 | O7: 0 | P7: 0 | Q7: 0 | R7: =N7*O7 -> 0 | T7: 21 | U7: 2.1e-05 | V7: =U7*N7 -> 7.2304748e-05 | Y7: =Z7 -> 0.00081180047 | Z7: 0.00081180047 | AA7: 0.00081180047 | AB7: =N7*Y7 -> 0.0027950966 | AD7: =ROUND(Y7*1000000,0) -> 812 | AE7: 0.000812 | AF7: =AE7*N7 -> 0.0027957836
B8: 4 | C8: {=_xlfn.IFNA( _xlfn._xlws.FILTER( Sim_Mul_Bet50!$H$3:$H$100, (Sim_Mul_Bet50!$A$3:$A$100=C$2) * (Sim_Mul_Bet50!$C$3:$C$100=$B8),0 ), 0 )} -> 0.00098397 | D8: {=_xlfn.IFNA( _xlfn._xlws.FILTER( Sim_Mul_Bet50!$H$3:$H$100, (Sim_Mul_Bet50!$A$3:$A$100=D$2) * (Sim_Mul_Bet50!$C$3:$C$100=$B8),0 ), 0 )} -> 0.01342262 | E8: {=_xlfn.IFNA( _xlfn._xlws.FILTER( Sim_Mul_Bet50!$H$3:$H$100, (Sim_Mul_Bet50!$A$3:$A$100=E$2) * (Sim_Mul_Bet50!$C$3:$C$100=$B8),0 ), 0 )} -> 0 | F8: {=_xlfn.IFNA( _xlfn._xlws.FILTER( Sim_Mul_Bet50!$O$3:$O$100, (Sim_Mul_Bet50!$A$3:$A$100=C$2) * (Sim_Mul_Bet50!$C$3:$C$100=$B8),0 ), 0 )} -> 4.0225285 | G8: {=_xlfn.IFNA( _xlfn._xlws.FILTER( Sim_Mul_Bet50!$O$3:$O$100, (Sim_Mul_Bet50!$A$3:$A$100=D$2) * (Sim_Mul_Bet50!$C$3:$C$100=$B8),0 ), 0 )} -> 4.3642235 | H8: {=_xlfn.IFNA( _xlfn._xlws.FILTER( Sim_Mul_Bet50!$O$3:$O$100, (Sim_Mul_Bet50!$A$3:$A$100=E$2) * (Sim_Mul_Bet50!$C$3:$C$100=$B8),0 ), 0 )} -> 0 | J8: 5 | K8: 4 | L8: A | M8: =HLOOKUP(L8,$C$2:$E$54,J8+2,FALSE) -> 0.00098397 | N8: =HLOOKUP(L8,$F$2:$H$54,J8+2,FALSE) -> 4.0225285 | O8: 0.04404 | P8: 0.04404 | Q8: 0.042829583 | R8: =N8*O8 -> 0.17715216 | T8: 10531 | U8: 0.010531 | V8: =U8*N8 -> 0.042361248 | Y8: =Z8 -> 0.03 | Z8: 0.03 | AA8: 0.029492538 | AB8: =N8*Y8 -> 0.12067586 | AD8: =ROUND(Y8*1000000,0) -> 30000 | AE8: 0.03 | AF8: =AE8*N8 -> 0.12067586
B9: 5 | C9: {=_xlfn.IFNA( _xlfn._xlws.FILTER( Sim_Mul_Bet50!$H$3:$H$100, (Sim_Mul_Bet50!$A$3:$A$100=C$2) * (Sim_Mul_Bet50!$C$3:$C$100=$B9),0 ), 0 )} -> 0.00037859 | D9: {=_xlfn.IFNA( _xlfn._xlws.FILTER( Sim_Mul_Bet50!$H$3:$H$100, (Sim_Mul_Bet50!$A$3:$A$100=D$2) * (Sim_Mul_Bet50!$C$3:$C$100=$B9),0 ), 0 )} -> 0.00663424 | E9: {=_xlfn.IFNA( _xlfn._xlws.FILTER( Sim_Mul_Bet50!$H$3:$H$100, (Sim_Mul_Bet50!$A$3:$A$100=E$2) * (Sim_Mul_Bet50!$C$3:$C$100=$B9),0 ), 0 )} -> 0 | F9: {=_xlfn.IFNA( _xlfn._xlws.FILTER( Sim_Mul_Bet50!$O$3:$O$100, (Sim_Mul_Bet50!$A$3:$A$100=C$2) * (Sim_Mul_Bet50!$C$3:$C$100=$B9),0 ), 0 )} -> 5.0357004 | G9: {=_xlfn.IFNA( _xlfn._xlws.FILTER( Sim_Mul_Bet50!$O$3:$O$100, (Sim_Mul_Bet50!$A$3:$A$100=D$2) * (Sim_Mul_Bet50!$C$3:$C$100=$B9),0 ), 0 )} -> 5.3224969 | H9: {=_xlfn.IFNA( _xlfn._xlws.FILTER( Sim_Mul_Bet50!$O$3:$O$100, (Sim_Mul_Bet50!$A$3:$A$100=E$2) * (Sim_Mul_Bet50!$C$3:$C$100=$B9),0 ), 0 )} -> 0 | J9: 6 | K9: 5 | L9: B | M9: =HLOOKUP(L9,$C$2:$E$54,J9+2,FALSE) -> 0.00663424 | N9: =HLOOKUP(L9,$F$2:$H$54,J9+2,FALSE) -> 5.3224969 | O9: 0.002 | P9: 0.002 | Q9: 0.0011527108 | R9: =N9*O9 -> 0.010644994 | T9: 12823 | U9: 0.012823 | V9: =U9*N9 -> 0.068250378 | Y9: =Z9 -> 0.00099316015 | Z9: 0.00099316015 | AA9: 0.00099316015 | AB9: =N9*Y9 -> 0.0052860918 | AD9: =ROUND(Y9*1000000,0) -> 993 | AE9: 0.000993 | AF9: =AE9*N9 -> 0.0052852394
B10: 6 | C10: {=_xlfn.IFNA( _xlfn._xlws.FILTER( Sim_Mul_Bet50!$H$3:$H$100, (Sim_Mul_Bet50!$A$3:$A$100=C$2) * (Sim_Mul_Bet50!$C$3:$C$100=$B10),0 ), 0 )} -> 1.45e-05 | D10: {=_xlfn.IFNA( _xlfn._xlws.FILTER( Sim_Mul_Bet50!$H$3:$H$100, (Sim_Mul_Bet50!$A$3:$A$100=D$2) * (Sim_Mul_Bet50!$C$3:$C$100=$B10),0 ), 0 )} -> 0.00056302 | E10: {=_xlfn.IFNA( _xlfn._xlws.FILTER( Sim_Mul_Bet50!$H$3:$H$100, (Sim_Mul_Bet50!$A$3:$A$100=E$2) * (Sim_Mul_Bet50!$C$3:$C$100=$B10),0 ), 0 )} -> 0 | F10: {=_xlfn.IFNA( _xlfn._xlws.FILTER( Sim_Mul_Bet50!$O$3:$O$100, (Sim_Mul_Bet50!$A$3:$A$100=C$2) * (Sim_Mul_Bet50!$C$3:$C$100=$B10),0 ), 0 )} -> 6.0030345 | G10: {=_xlfn.IFNA( _xlfn._xlws.FILTER( Sim_Mul_Bet50!$O$3:$O$100, (Sim_Mul_Bet50!$A$3:$A$100=D$2) * (Sim_Mul_Bet50!$C$3:$C$100=$B10),0 ), 0 )} -> 6.1198526 | H10: {=_xlfn.IFNA( _xlfn._xlws.FILTER( Sim_Mul_Bet50!$O$3:$O$100, (Sim_Mul_Bet50!$A$3:$A$100=E$2) * (Sim_Mul_Bet50!$C$3:$C$100=$B10),0 ), 0 )} -> 0 | J10: 7 | K10: 6 | L10: B | M10: =HLOOKUP(L10,$C$2:$E$54,J10+2,FALSE) -> 0.00056302 | N10: =HLOOKUP(L10,$F$2:$H$54,J10+2,FALSE) -> 6.1198526 | O10: 0 | P10: 0 | Q10: 0 | R10: =N10*O10 -> 0 | T10: 1 | U10: 1e-06 | V10: =U10*N10 -> 6.1198526e-06 | Y10: =Z10 -> 0 | Z10: 0 | AA10: 0 | AB10: =N10*Y10 -> 0 | AD10: =ROUND(Y10*1000000,0) -> 0 | AE10: 0 | AF10: =AE10*N10 -> 0
B11: 7 | C11: {=_xlfn.IFNA( _xlfn._xlws.FILTER( Sim_Mul_Bet50!$H$3:$H$100, (Sim_Mul_Bet50!$A$3:$A$100=C$2) * (Sim_Mul_Bet50!$C$3:$C$100=$B11),0 ), 0 )} -> 0 | D11: {=_xlfn.IFNA( _xlfn._xlws.FILTER( Sim_Mul_Bet50!$H$3:$H$100, (Sim_Mul_Bet50!$A$3:$A$100=D$2) * (Sim_Mul_Bet50!$C$3:$C$100=$B11),0 ), 0 )} -> 0 | E11: {=_xlfn.IFNA( _xlfn._xlws.FILTER( Sim_Mul_Bet50!$H$3:$H$100, (Sim_Mul_Bet50!$A$3:$A$100=E$2) * (Sim_Mul_Bet50!$C$3:$C$100=$B11),0 ), 0 )} -> 0 | F11: {=_xlfn.IFNA( _xlfn._xlws.FILTER( Sim_Mul_Bet50!$O$3:$O$100, (Sim_Mul_Bet50!$A$3:$A$100=C$2) * (Sim_Mul_Bet50!$C$3:$C$100=$B11),0 ), 0 )} -> 0 | G11: {=_xlfn.IFNA( _xlfn._xlws.FILTER( Sim_Mul_Bet50!$O$3:$O$100, (Sim_Mul_Bet50!$A$3:$A$100=D$2) * (Sim_Mul_Bet50!$C$3:$C$100=$B11),0 ), 0 )} -> 0 | H11: {=_xlfn.IFNA( _xlfn._xlws.FILTER( Sim_Mul_Bet50!$O$3:$O$100, (Sim_Mul_Bet50!$A$3:$A$100=E$2) * (Sim_Mul_Bet50!$C$3:$C$100=$B11),0 ), 0 )} -> 0 | J11: 8 | K11: 7 | L11: A | M11: =HLOOKUP(L11,$C$2:$E$54,J11+2,FALSE) -> 0 | N11: =HLOOKUP(L11,$F$2:$H$54,J11+2,FALSE) -> 0 | O11: 0 | P11: 0 | Q11: 0 | R11: =N11*O11 -> 0 | T11: 0 | U11: 0 | V11: =U11*N11 -> 0 | Y11: =Z11 -> 0 | Z11: 0 | AA11: 0 | AB11: =N11*Y11 -> 0 | AD11: =ROUND(Y11*1000000,0) -> 0 | AE11: 0 | AF11: =AE11*N11 -> 0
B12: 8 | C12: {=_xlfn.IFNA( _xlfn._xlws.FILTER( Sim_Mul_Bet50!$H$3:$H$100, (Sim_Mul_Bet50!$A$3:$A$100=C$2) * (Sim_Mul_Bet50!$C$3:$C$100=$B12),0 ), 0 )} -> 0 | D12: {=_xlfn.IFNA( _xlfn._xlws.FILTER( Sim_Mul_Bet50!$H$3:$H$100, (Sim_Mul_Bet50!$A$3:$A$100=D$2) * (Sim_Mul_Bet50!$C$3:$C$100=$B12),0 ), 0 )} -> 0 | E12: {=_xlfn.IFNA( _xlfn._xlws.FILTER( Sim_Mul_Bet50!$H$3:$H$100, (Sim_Mul_Bet50!$A$3:$A$100=E$2) * (Sim_Mul_Bet50!$C$3:$C$100=$B12),0 ), 0 )} -> 0 | F12: {=_xlfn.IFNA( _xlfn._xlws.FILTER( Sim_Mul_Bet50!$O$3:$O$100, (Sim_Mul_Bet50!$A$3:$A$100=C$2) * (Sim_Mul_Bet50!$C$3:$C$100=$B12),0 ), 0 )} -> 0 | G12: {=_xlfn.IFNA( _xlfn._xlws.FILTER( Sim_Mul_Bet50!$O$3:$O$100, (Sim_Mul_Bet50!$A$3:$A$100=D$2) * (Sim_Mul_Bet50!$C$3:$C$100=$B12),0 ), 0 )} -> 0 | H12: {=_xlfn.IFNA( _xlfn._xlws.FILTER( Sim_Mul_Bet50!$O$3:$O$100, (Sim_Mul_Bet50!$A$3:$A$100=E$2) * (Sim_Mul_Bet50!$C$3:$C$100=$B12),0 ), 0 )} -> 0 | J12: 9 | K12: 8 | L12: A | M12: =HLOOKUP(L12,$C$2:$E$54,J12+2,FALSE) -> 0 | N12: =HLOOKUP(L12,$F$2:$H$54,J12+2,FALSE) -> 0 | O12: 0 | P12: 0 | Q12: 0 | R12: =N12*O12 -> 0 | T12: 0 | U12: 0 | V12: =U12*N12 -> 0 | Y12: =Z12 -> 0 | Z12: 0 | AA12: 0 | AB12: =N12*Y12 -> 0 | AD12: =ROUND(Y12*1000000,0) -> 0 | AE12: 0 | AF12: =AE12*N12 -> 0
B13: 9 | C13: {=_xlfn.IFNA( _xlfn._xlws.FILTER( Sim_Mul_Bet50!$H$3:$H$100, (Sim_Mul_Bet50!$A$3:$A$100=C$2) * (Sim_Mul_Bet50!$C$3:$C$100=$B13),0 ), 0 )} -> 0 | D13: {=_xlfn.IFNA( _xlfn._xlws.FILTER( Sim_Mul_Bet50!$H$3:$H$100, (Sim_Mul_Bet50!$A$3:$A$100=D$2) * (Sim_Mul_Bet50!$C$3:$C$100=$B13),0 ), 0 )} -> 0.01640386 | E13: {=_xlfn.IFNA( _xlfn._xlws.FILTER( Sim_Mul_Bet50!$H$3:$H$100, (Sim_Mul_Bet50!$A$3:$A$100=E$2) * (Sim_Mul_Bet50!$C$3:$C$100=$B13),0 ), 0 )} -> 0 | F13: {=_xlfn.IFNA( _xlfn._xlws.FILTER( Sim_Mul_Bet50!$O$3:$O$100, (Sim_Mul_Bet50!$A$3:$A$100=C$2) * (Sim_Mul_Bet50!$C$3:$C$100=$B13),0 ), 0 )} -> 0 | G13: {=_xlfn.IFNA( _xlfn._xlws.FILTER( Sim_Mul_Bet50!$O$3:$O$100, (Sim_Mul_Bet50!$A$3:$A$100=D$2) * (Sim_Mul_Bet50!$C$3:$C$100=$B13),0 ), 0 )} -> 10 | H13: {=_xlfn.IFNA( _xlfn._xlws.FILTER( Sim_Mul_Bet50!$O$3:$O$100, (Sim_Mul_Bet50!$A$3:$A$100=E$2) * (Sim_Mul_Bet50!$C$3:$C$100=$B13),0 ), 0 )} -> 0 | J13: 10 | K13: 9 | L13: A | M13: =HLOOKUP(L13,$C$2:$E$54,J13+2,FALSE) -> 0 | N13: =HLOOKUP(L13,$F$2:$H$54,J13+2,FALSE) -> 0 | O13: 0.009 | P13: 0.009 | Q13: 0.0084216489 | R13: =N13*O13 -> 0 | T13: 3918 | U13: 0.003918 | V13: =U13*N13 -> 0 | Y13: =Z13 -> 0.01 | Z13: 0.01 | AA13: 0.0039640044 | AB13: =N13*Y13 -> 0 | AD13: =ROUND(Y13*1000000,0) -> 10000 | AE13: 0.01 | AF13: =AE13*N13 -> 0
B14: 10 | C14: {=_xlfn.IFNA( _xlfn._xlws.FILTER( Sim_Mul_Bet50!$H$3:$H$100, (Sim_Mul_Bet50!$A$3:$A$100=C$2) * (Sim_Mul_Bet50!$C$3:$C$100=$B14),0 ), 0 )} -> 0.02757206 | D14: {=_xlfn.IFNA( _xlfn._xlws.FILTER( Sim_Mul_Bet50!$H$3:$H$100, (Sim_Mul_Bet50!$A$3:$A$100=D$2) * (Sim_Mul_Bet50!$C$3:$C$100=$B14),0 ), 0 )} -> 0.04929936 | E14: {=_xlfn.IFNA( _xlfn._xlws.FILTER( Sim_Mul_Bet50!$H$3:$H$100, (Sim_Mul_Bet50!$A$3:$A$100=E$2) * (Sim_Mul_Bet50!$C$3:$C$100=$B14),0 ), 0 )} -> 0 | F14: {=_xlfn.IFNA( _xlfn._xlws.FILTER( Sim_Mul_Bet50!$O$3:$O$100, (Sim_Mul_Bet50!$A$3:$A$100=C$2) * (Sim_Mul_Bet50!$C$3:$C$100=$B14),0 ), 0 )} -> 10.142976 | G14: {=_xlfn.IFNA( _xlfn._xlws.FILTER( Sim_Mul_Bet50!$O$3:$O$100, (Sim_Mul_Bet50!$A$3:$A$100=D$2) * (Sim_Mul_Bet50!$C$3:$C$100=$B14),0 ), 0 )} -> 10.593447 | H14: {=_xlfn.IFNA( _xlfn._xlws.FILTER( Sim_Mul_Bet50!$O$3:$O$100, (Sim_Mul_Bet50!$A$3:$A$100=E$2) * (Sim_Mul_Bet50!$C$3:$C$100=$B14),0 ), 0 )} -> 0 | J14: 11 | K14: 10 | L14: A | M14: =HLOOKUP(L14,$C$2:$E$54,J14+2,FALSE) -> 0.02757206 | N14: =HLOOKUP(L14,$F$2:$H$54,J14+2,FALSE) -> 10.142976 | O14: 0.0063 | P14: 0.0063 | Q14: 0.0061793549 | R14: =N14*O14 -> 0.063900751 | T14: 13948 | U14: 0.013948 | V14: =U14*N14 -> 0.14147423 | Y14: =Z14 -> 0.0065 | Z14: 0.0065 | AA14: 0.006408042 | AB14: =N14*Y14 -> 0.065929346 | AD14: =ROUND(Y14*1000000,0) -> 6500 | AE14: 0.0065 | AF14: =AE14*N14 -> 0.065929346
B15: 15 | C15: {=_xlfn.IFNA( _xlfn._xlws.FILTER( Sim_Mul_Bet50!$H$3:$H$100, (Sim_Mul_Bet50!$A$3:$A$100=C$2) * (Sim_Mul_Bet50!$C$3:$C$100=$B15),0 ), 0 )} -> 4.933e-05 | D15: {=_xlfn.IFNA( _xlfn._xlws.FILTER( Sim_Mul_Bet50!$H$3:$H$100, (Sim_Mul_Bet50!$A$3:$A$100=D$2) * (Sim_Mul_Bet50!$C$3:$C$100=$B15),0 ), 0 )} -> 0.01671798 | E15: {=_xlfn.IFNA( _xlfn._xlws.FILTER( Sim_Mul_Bet50!$H$3:$H$100, (Sim_Mul_Bet50!$A$3:$A$100=E$2) * (Sim_Mul_Bet50!$C$3:$C$100=$B15),0 ), 0 )} -> 0 | F15: {=_xlfn.IFNA( _xlfn._xlws.FILTER( Sim_Mul_Bet50!$O$3:$O$100, (Sim_Mul_Bet50!$A$3:$A$100=C$2) * (Sim_Mul_Bet50!$C$3:$C$100=$B15),0 ), 0 )} -> 15.00898 | G15: {=_xlfn.IFNA( _xlfn._xlws.FILTER( Sim_Mul_Bet50!$O$3:$O$100, (Sim_Mul_Bet50!$A$3:$A$100=D$2) * (Sim_Mul_Bet50!$C$3:$C$100=$B15),0 ), 0 )} -> 19.844407 | H15: {=_xlfn.IFNA( _xlfn._xlws.FILTER( Sim_Mul_Bet50!$O$3:$O$100, (Sim_Mul_Bet50!$A$3:$A$100=E$2) * (Sim_Mul_Bet50!$C$3:$C$100=$B15),0 ), 0 )} -> 0 | J15: 12 | K15: 15 | L15: A | M15: =HLOOKUP(L15,$C$2:$E$54,J15+2,FALSE) -> 4.933e-05 | N15: =HLOOKUP(L15,$F$2:$H$54,J15+2,FALSE) -> 15.00898 | O15: 0.006 | P15: 0.006 | Q15: 0.0059882886 | R15: =N15*O15 -> 0.090053882 | T15: 4075 | U15: 0.004075 | V15: =U15*N15 -> 0.061161595 | Y15: =Z15 -> 0.0074 | Z15: 0.0074 | AA15: 0.0045253558 | AB15: =N15*Y15 -> 0.11106645 | AD15: =ROUND(Y15*1000000,0) -> 7400 | AE15: 0.0074 | AF15: =AE15*N15 -> 0.11106645
... B54: 7000 | C54: {=_xlfn.IFNA( _xlfn._xlws.FILTER( Sim_Mul_Bet50!$H$3:$H$100, (Sim_Mul_Bet50!$A$3:$A$100=C$2) * (Sim_Mul_Bet50!$C$3:$C$100=$B54),0 ), 0 )} -> 0 | D54: {=_xlfn.IFNA( _xlfn._xlws.FILTER( Sim_Mul_Bet50!$H$3:$H$100, (Sim_Mul_Bet50!$A$3:$A$100=D$2) * (Sim_Mul_Bet50!$C$3:$C$100=$B54),0 ), 0 )} -> 0 | E54: {=_xlfn.IFNA( _xlfn._xlws.FILTER( Sim_Mul_Bet50!$H$3:$H$100, (Sim_Mul_Bet50!$A$3:$A$100=E$2) * (Sim_Mul_Bet50!$C$3:$C$100=$B54),0 ), 0 )} -> 0 | F54: {=_xlfn.IFNA( _xlfn._xlws.FILTER( Sim_Mul_Bet50!$O$3:$O$100, (Sim_Mul_Bet50!$A$3:$A$100=C$2) * (Sim_Mul_Bet50!$C$3:$C$100=$B54),0 ), 0 )} -> 0 | G54: {=_xlfn.IFNA( _xlfn._xlws.FILTER( Sim_Mul_Bet50!$O$3:$O$100, (Sim_Mul_Bet50!$A$3:$A$100=D$2) * (Sim_Mul_Bet50!$C$3:$C$100=$B54),0 ), 0 )} -> 0 | H54: {=_xlfn.IFNA( _xlfn._xlws.FILTER( Sim_Mul_Bet50!$O$3:$O$100, (Sim_Mul_Bet50!$A$3:$A$100=E$2) * (Sim_Mul_Bet50!$C$3:$C$100=$B54),0 ), 0 )} -> 0 | J54: 51 | K54: 7000 | L54: A | M54: =HLOOKUP(L54,$C$2:$E$54,J54+2,FALSE) -> 0 | N54: =HLOOKUP(L54,$F$2:$H$54,J54+2,FALSE) -> 0 | O54: 0 | P54: 0 | Q54: 0 | R54: =N54*O54 -> 0 | T54: 0 | U54: 0 | V54: =U54*N54 -> 0 | Y54: =Z54 -> 0 | Z54: 0 | AA54: 0 | AB54: =N54*Y54 -> 0 | AD54: =ROUND(Y54*1000000,0) -> 0 | AE54: 0 | AF54: =AE54*N54 -> 0

Sheet Sim_Mul_Bet50
O1: 50
J2: =SUMPRODUCT(_xlfn.ANCHORARRAY(H4),O4:O23) -> 0.9657012
H3: Hit% | O3: AVG Mul | U3: Hit%
A4: A | B4: BaseGame | C4: 0 | F4: = | G4: 87046402 | H4: {=G4:G23/SUM(G4:$G$23)} -> 0.87046402 | K4: Pay | L4: = | M4: 0 | O4: =M4/G4/$O$1 -> 0 | R4: 1C1 | S4: = | T4: null | U4: {=_xlfn.IFS(T4="null",0,T4="","",T4/G4>=0,T4/G4)} -> 0 | X4: 2C1 | Y4: = | Z4: null | AA4: 3C1 | AB4: = | AC4: null | AD4: 4C1 | AE4: = | AF4: null | AG4: 5C1 | AH4: = | AI4: null
A5: A | B5: BaseGame | C5: 1 | F5: = | G5: 6900552 | H5: 0.06900552 | K5: Pay | L5: = | M5: 345841628 | O5: =M5/G5/$O$1 -> 1.0023593 | R5: 1C1 | S5: = | T5: null | U5: {=_xlfn.IFS(T5="null",0,T5="","",T5/G5>=0,T5/G5)} -> 0 | X5: 2C1 | Y5: = | Z5: null | AA5: 3C1 | AB5: = | AC5: null | AD5: 4C1 | AE5: = | AF5: null | AG5: 5C1 | AH5: = | AI5: null
A6: A | B6: BaseGame | C6: 2 | F6: = | G6: 1362186 | H6: 0.01362186 | K6: Pay | L6: = | M6: 138148043 | O6: =M6/G6/$O$1 -> 2.0283286 | R6: 1C1 | S6: = | T6: null | U6: {=_xlfn.IFS(T6="null",0,T6="","",T6/G6>=0,T6/G6)} -> 0 | X6: 2C1 | Y6: = | Z6: null | AA6: 3C1 | AB6: = | AC6: null | AD6: 4C1 | AE6: = | AF6: null | AG6: 5C1 | AH6: = | AI6: null
A7: A | B7: BaseGame | C7: 3 | F7: = | G7: 96654 | H7: 0.00096654 | K7: Pay | L7: = | M7: 14668269 | O7: =M7/G7/$O$1 -> 3.035212 | R7: 1C1 | S7: = | T7: null | U7: {=_xlfn.IFS(T7="null",0,T7="","",T7/G7>=0,T7/G7)} -> 0 | X7: 2C1 | Y7: = | Z7: null | AA7: 3C1 | AB7: = | AC7: null | AD7: 4C1 | AE7: = | AF7: null | AG7: 5C1 | AH7: = | AI7: null
A8: A | B8: BaseGame | C8: 4 | F8: = | G8: 98397 | H8: 0.00098397 | K8: Pay | L8: = | M8: 19790237 | O8: =M8/G8/$O$1 -> 4.0225285 | R8: 1C1 | S8: = | T8: null | U8: {=_xlfn.IFS(T8="null",0,T8="","",T8/G8>=0,T8/G8)} -> 0 | X8: 2C1 | Y8: = | Z8: null | AA8: 3C1 | AB8: = | AC8: null | AD8: 4C1 | AE8: = | AF8: null | AG8: 5C1 | AH8: = | AI8: null
A9: A | B9: BaseGame | C9: 5 | F9: = | G9: 37859 | H9: 0.00037859 | K9: Pay | L9: = | M9: 9532329 | O9: =M9/G9/$O$1 -> 5.0357004 | R9: 1C1 | S9: = | T9: null | U9: {=_xlfn.IFS(T9="null",0,T9="","",T9/G9>=0,T9/G9)} -> 0 | X9: 2C1 | Y9: = | Z9: null | AA9: 3C1 | AB9: = | AC9: null | AD9: 4C1 | AE9: = | AF9: null | AG9: 5C1 | AH9: = | AI9: null
A10: A | B10: BaseGame | C10: 6 | F10: = | G10: 1450 | H10: 1.45e-05 | K10: Pay | L10: = | M10: 435220 | O10: =M10/G10/$O$1 -> 6.0030345 | R10: 1C1 | S10: = | T10: null | U10: {=_xlfn.IFS(T10="null",0,T10="","",T10/G10>=0,T10/G10)} -> 0 | X10: 2C1 | Y10: = | Z10: null | AA10: 3C1 | AB10: = | AC10: null | AD10: 4C1 | AE10: = | AF10: null | AG10: 5C1 | AH10: = | AI10: null
A11: A | B11: BaseGame | C11: 10 | F11: = | G11: 2757206 | H11: 0.02757206 | K11: Pay | L11: = | M11: 1398313763 | O11: =M11/G11/$O$1 -> 10.142976 | R11: 1C1 | S11: = | T11: 467186 | U11: {=_xlfn.IFS(T11="null",0,T11="","",T11/G11>=0,T11/G11)} -> 0.16944182 | X11: 2C1 | Y11: = | Z11: null | AA11: 3C1 | AB11: = | AC11: null | AD11: 4C1 | AE11: = | AF11: null | AG11: 5C1 | AH11: = | AI11: null
A12: A | B12: BaseGame | C12: 15 | F12: = | G12: 4933 | H12: 4.933e-05 | K12: Pay | L12: = | M12: 3701965 | O12: =M12/G12/$O$1 -> 15.00898 | R12: 1C1 | S12: = | T12: null | U12: {=_xlfn.IFS(T12="null",0,T12="","",T12/G12>=0,T12/G12)} -> 0 | X12: 2C1 | Y12: = | Z12: null | AA12: 3C1 | AB12: = | AC12: null | AD12: 4C1 | AE12: = | AF12: null | AG12: 5C1 | AH12: = | AI12: null
A13: A | B13: BaseGame | C13: 20 | F13: = | G13: 820640 | H13: 0.0082064 | K13: Pay | L13: = | M13: 826960605 | O13: =M13/G13/$O$1 -> 20.154041 | R13: 1C1 | S13: = | T13: 555447 | U13: {=_xlfn.IFS(T13="null",0,T13="","",T13/G13>=0,T13/G13)} -> 0.67684612 | X13: 2C1 | Y13: = | Z13: null | AA13: 3C1 | AB13: = | AC13: null | AD13: 4C1 | AE13: = | AF13: null | AG13: 5C1 | AH13: = | AI13: null
A14: A | B14: BaseGame | C14: 25 | F14: = | G14: 1 | H14: 1e-08 | K14: Pay | L14: = | M14: 1256 | O14: =M14/G14/$O$1 -> 25.12 | R14: 1C1 | S14: = | T14: null | U14: {=_xlfn.IFS(T14="null",0,T14="","",T14/G14>=0,T14/G14)} -> 0 | X14: 2C1 | Y14: = | Z14: null | AA14: 3C1 | AB14: = | AC14: null | AD14: 4C1 | AE14: = | AF14: null | AG14: 5C1 | AH14: = | AI14: null
A15: A | B15: BaseGame | C15: 30 | F15: = | G15: 379319 | H15: 0.00379319 | K15: Pay | L15: = | M15: 571941282 | O15: =M15/G15/$O$1 -> 30.156216 | R15: 1C1 | S15: = | T15: 375776 | U15: {=_xlfn.IFS(T15="null",0,T15="","",T15/G15>=0,T15/G15)} -> 0.99065958 | X15: 2C1 | Y15: = | Z15: null | AA15: 3C1 | AB15: = | AC15: null | AD15: 4C1 | AE15: = | AF15: null | AG15: 5C1 | AH15: = | AI15: null
A16: A | B16: BaseGame | C16: 40 | F16: = | G16: 20109 | H16: 0.00020109 | K16: Pay | L16: = | M16: 40249792 | O16: =M16/G16/$O$1 -> 40.03162 | R16: 1C1 | S16: = | T16: 14866 | U16: {=_xlfn.IFS(T16="null",0,T16="","",T16/G16>=0,T16/G16)} -> 0.73927097 | X16: 2C1 | Y16: = | Z16: null | AA16: 3C1 | AB16: = | AC16: null | AD16: 4C1 | AE16: = | AF16: null | AG16: 5C1 | AH16: = | AI16: null
A17: A | B17: BaseGame | C17: 50 | F17: = | G17: 378877 | H17: 0.00378877 | K17: Pay | L17: = | M17: 948911010 | O17: =M17/G17/$O$1 -> 50.090716 | R17: 1C1 | S17: = | T17: 14376 | U17: {=_xlfn.IFS(T17="null",0,T17="","",T17/G17>=0,T17/G17)} -> 0.037943713 | X17: 2C1 | Y17: = | Z17: null | AA17: 3C1 | AB17: = | AC17: null | AD17: 4C1 | AE17: = | AF17: null | AG17: 5C1 | AH17: = | AI17: null
A18: A | B18: BaseGame | C18: 60 | F18: = | G18: 534 | H18: 5.34e-06 | K18: Pay | L18: = | M18: 1602667 | O18: =M18/G18/$O$1 -> 60.024981 | R18: 1C1 | S18: = | T18: 534 | U18: {=_xlfn.IFS(T18="null",0,T18="","",T18/G18>=0,T18/G18)} -> 1 | X18: 2C1 | Y18: = | Z18: null | AA18: 3C1 | AB18: = | AC18: null | AD18: 4C1 | AE18: = | AF18: null | AG18: 5C1 | AH18: = | AI18: null
A19: A | B19: BaseGame | C19: 70 | F19: = | G19: 19 | H19: 1.9e-07 | K19: Pay | L19: = | M19: 66500 | O19: =M19/G19/$O$1 -> 70 | R19: 1C1 | S19: = | T19: 19 | U19: {=_xlfn.IFS(T19="null",0,T19="","",T19/G19>=0,T19/G19)} -> 1 | X19: 2C1 | Y19: = | Z19: null | AA19: 3C1 | AB19: = | AC19: null | AD19: 4C1 | AE19: = | AF19: null | AG19: 5C1 | AH19: = | AI19: null
A20: A | B20: BaseGame | C20: 100 | F20: = | G20: 88637 | H20: 0.00088637 | K20: Pay | L20: = | M20: 445893031 | O20: =M20/G20/$O$1 -> 100.61104 | R20: 1C1 | S20: = | T20: 5727 | U20: {=_xlfn.IFS(T20="null",0,T20="","",T20/G20>=0,T20/G20)} -> 0.064611844 | X20: 2C1 | Y20: = | Z20: null | AA20: 3C1 | AB20: = | AC20: null | AD20: 4C1 | AE20: = | AF20: null | AG20: 5C1 | AH20: = | AI20: null
A21: A | B21: BaseGame | C21: 120 | F21: = | G21: 73 | H21: 7.3e-07 | K21: Pay | L21: = | M21: 439986 | O21: =M21/G21/$O$1 -> 120.54411 | R21: 1C1 | S21: = | T21: 8 | U21: {=_xlfn.IFS(T21="null",0,T21="","",T21/G21>=0,T21/G21)} -> 0.10958904 | X21: 2C1 | Y21: = | Z21: null | AA21: 3C1 | AB21: = | AC21: null | AD21: 4C1 | AE21: = | AF21: null | AG21: 5C1 | AH21: = | AI21: null
A22: A | B22: BaseGame | C22: 200 | F22: = | G22: 6126 | H22: 6.126e-05 | K22: Pay | L22: = | M22: 61486005 | O22: =M22/G22/$O$1 -> 200.73786 | R22: 1C1 | S22: = | T22: 2867 | U22: {=_xlfn.IFS(T22="null",0,T22="","",T22/G22>=0,T22/G22)} -> 0.46800522 | X22: 2C1 | Y22: = | Z22: null | AA22: 3C1 | AB22: = | AC22: null | AD22: 4C1 | AE22: = | AF22: null | AG22: 5C1 | AH22: = | AI22: null
A23: A | B23: BaseGame | C23: 400 | F23: = | G23: 26 | H23: 2.6e-07 | K23: Pay | L23: = | M23: 522404 | O23: =M23/G23/$O$1 -> 401.84923 | R23: 1C1 | S23: = | T23: null | U23: {=_xlfn.IFS(T23="null",0,T23="","",T23/G23>=0,T23/G23)} -> 0 | X23: 2C1 | Y23: = | Z23: null | AA23: 3C1 | AB23: = | AC23: null | AD23: 4C1 | AE23: = | AF23: null | AG23: 5C1 | AH23: = | AI23: null
U24: {=_xlfn.IFS(T24="null",0,T24="","",T24/G24>=0,T24/G24)}
A26: B | B26: BaseGame | C26: -1 | F26: = | G26: 18670805 | H26: {=G26:G64/SUM(G26:G64)} -> 0.18670805
A27: B | B27: BaseGame | C27: 0 | F27: = | G27: 32194191 | H27: 0.32194191 | K27: Pay | L27: = | M27: 211682328000 | O27: =M27/G27/$O$1/500 -> 0.26300686 | R27: 1C1 | S27: = | T27: null | U27: 2C1 | V27: = | W27: 196250 | X27: 3C1 | Y27: = | Z27: null | AA27: 4C1 | AB27: = | AC27: null | AD27: 5C1 | AE27: = | AF27: null
A28: B | B28: BaseGame | C28: 1 | F28: = | G28: 9251169 | H28: 0.09251169 | K28: Pay | L28: = | M28: 338944083000 | O28: =M28/G28/$O$1/500 -> 1.4655189 | R28: 1C1 | S28: = | T28: null | U28: 2C1 | V28: = | W28: 2221150 | X28: 3C1 | Y28: = | Z28: null | AA28: 4C1 | AB28: = | AC28: null | AD28: 5C1 | AE28: = | AF28: null
A29: B | B29: BaseGame | C29: 2 | F29: = | G29: 8330577 | H29: 0.08330577 | K29: Pay | L29: = | M29: 453002869000 | O29: =M29/G29/$O$1/500 -> 2.1751332 | R29: 1C1 | S29: = | T29: null | U29: 2C1 | V29: = | W29: 2805077 | X29: 3C1 | Y29: = | Z29: null | AA29: 4C1 | AB29: = | AC29: null | AD29: 5C1 | AE29: = | AF29: null
A30: B | B30: BaseGame | C30: 3 | F30: = | G30: 1157851 | H30: 0.01157851 | K30: Pay | L30: = | M30: 99664434500 | O30: =M30/G30/$O$1/500 -> 3.4430832 | R30: 1C1 | S30: = | T30: null | U30: 2C1 | V30: = | W30: 464586 | X30: 3C1 | Y30: = | Z30: null | AA30: 4C1 | AB30: = | AC30: null | AD30: 5C1 | AE30: = | AF30: null
A31: B | B31: BaseGame | C31: 4 | F31: = | G31: 1342262 | H31: 0.01342262 | K31: Pay | L31: = | M31: 146448285500 | O31: =M31/G31/$O$1/500 -> 4.3642235 | R31: 1C1 | S31: = | T31: null | U31: 2C1 | V31: = | W31: 201795 | X31: 3C1 | Y31: = | Z31: null | AA31: 4C1 | AB31: = | AC31: null | AD31: 5C1 | AE31: = | AF31: null
A32: B | B32: BaseGame | C32: 5 | F32: = | G32: 663424 | H32: 0.00663424 | K32: Pay | L32: = | M32: 88276805000 | O32: =M32/G32/$O$1/500 -> 5.3224969 | R32: 1C1 | S32: = | T32: null | U32: 2C1 | V32: = | W32: 24409 | X32: 3C1 | Y32: = | Z32: null | AA32: 4C1 | AB32: = | AC32: null | AD32: 5C1 | AE32: = | AF32: null
A33: B | B33: BaseGame | C33: 6 | F33: = | G33: 56302 | H33: 0.00056302 | K33: Pay | L33: = | M33: 8613998500 | O33: =M33/G33/$O$1/500 -> 6.1198526 | R33: 1C1 | S33: = | T33: null | U33: 2C1 | V33: = | W33: 760 | X33: 3C1 | Y33: = | Z33: null | AA33: 4C1 | AB33: = | AC33: null | AD33: 5C1 | AE33: = | AF33: null
A34: B | B34: BaseGame | C34: 9 | F34: = | G34: 1640386 | H34: 0.01640386 | K34: Pay | L34: = | M34: 410096500000 | O34: =M34/G34/$O$1/500 -> 10 | R34: 1C1 | S34: = | T34: 290478 | U34: 2C1 | V34: = | W34: 72045 | X34: 3C1 | Y34: = | Z34: null | AA34: 4C1 | AB34: = | AC34: null | AD34: 5C1 | AE34: = | AF34: null
A35: B | B35: BaseGame | C35: 10 | F35: = | G35: 4929936 | H35: 0.04929936 | K35: Pay | L35: = | M35: 1305625451000 | O35: =M35/G35/$O$1/500 -> 10.593447 | R35: 1C1 | S35: = | T35: 793405 | U35: 2C1 | V35: = | W35: 1133474 | X35: 3C1 | Y35: = | Z35: null | AA35: 4C1 | AB35: = | AC35: null | AD35: 5C1 | AE35: = | AF35: null
A36: B | B36: BaseGame | C36: 15 | F36: = | G36: 1671798 | H36: 0.01671798 | K36: Pay | L36: = | M36: 829395977500 | O36: =M36/G36/$O$1/500 -> 19.844407 | R36: 1C1 | S36: = | T36: 304974 | U36: 2C1 | V36: = | W36: 91002 | X36: 3C1 | Y36: = | Z36: null | AA36: 4C1 | AB36: = | AC36: null | AD36: 5C1 | AE36: = | AF36: null
A37: B | B37: BaseGame | C37: 20 | F37: = | G37: 5803673 | H37: 0.05803673 | K37: Pay | L37: = | M37: 3017794442500 | O37: =M37/G37/$O$1/500 -> 20.799204 | R37: 1C1 | S37: = | T37: 829216 | U37: 2C1 | V37: = | W37: 1615303 | X37: 3C1 | Y37: = | Z37: null | AA37: 4C1 | AB37: = | AC37: null | AD37: 5C1 | AE37: = | AF37: null
A38: B | B38: BaseGame | C38: 25 | F38: = | G38: 355258 | H38: 0.00355258 | K38: Pay | L38: = | M38: 266237180000 | O38: =M38/G38/$O$1/500 -> 29.97677 | R38: 1C1 | S38: = | T38: 321934 | U38: 2C1 | V38: = | W38: 5730 | X38: 3C1 | Y38: = | Z38: null | AA38: 4C1 | AB38: = | AC38: null | AD38: 5C1 | AE38: = | AF38: null
A39: B | B39: BaseGame | C39: 30 | F39: = | G39: 1000022 | H39: 0.01000022 | K39: Pay | L39: = | M39: 766890458500 | O39: =M39/G39/$O$1/500 -> 30.674943 | R39: 1C1 | S39: = | T39: 884622 | U39: 2C1 | V39: = | W39: 59623 | X39: 3C1 | Y39: = | Z39: null | AA39: 4C1 | AB39: = | AC39: null | AD39: 5C1 | AE39: = | AF39: null
A40: B | B40: BaseGame | C40: 35 | F40: = | G40: 172929 | H40: 0.00172929 | K40: Pay | L40: = | M40: 172929000000 | O40: =M40/G40/$O$1/500 -> 40 | R40: 1C1 | S40: = | T40: 31155 | U40: 2C1 | V40: = | W40: 2514 | X40: 3C1 | Y40: = | Z40: null | AA40: 4C1 | AB40: = | AC40: null | AD40: 5C1 | AE40: = | AF40: null
A41: B | B41: BaseGame | C41: 40 | F41: = | G41: 579462 | H41: 0.00579462 | K41: Pay | L41: = | M41: 596889800000 | O41: =M41/G41/$O$1/500 -> 41.203033 | R41: 1C1 | S41: = | T41: 93441 | U41: 2C1 | V41: = | W41: 41834 | X41: 3C1 | Y41: = | Z41: null | AA41: 4C1 | AB41: = | AC41: null | AD41: 5C1 | AE41: = | AF41: null
A42: B | B42: BaseGame | C42: 45 | F42: = | G42: 420170 | H42: 0.0042017 | K42: Pay | L42: = | M42: 525212500000 | O42: =M42/G42/$O$1/500 -> 50 | R42: 1C1 | S42: = | T42: 309016 | U42: 2C1 | V42: = | W42: null | X42: 3C1 | Y42: = | Z42: null | AA42: 4C1 | AB42: = | AC42: null | AD42: 5C1 | AE42: = | AF42: null
A43: B | B43: BaseGame | C43: 50 | F43: = | G43: 1166084 | H43: 0.01166084 | K43: Pay | L43: = | M43: 1491297466500 | O43: =M43/G43/$O$1/500 -> 51.155747 | R43: 1C1 | S43: = | T43: 859704 | U43: 2C1 | V43: = | W43: null | X43: 3C1 | Y43: = | Z43: null | AA43: 4C1 | AB43: = | AC43: null | AD43: 5C1 | AE43: = | AF43: null
A44: B | B44: BaseGame | C44: 60 | F44: = | G44: 55393 | H44: 0.00055393 | K44: Pay | L44: = | M44: 87832375000 | O44: =M44/G44/$O$1/500 -> 63.424891 | R44: 1C1 | S44: = | T44: 55393 | U44: 2C1 | V44: = | W44: null | X44: 3C1 | Y44: = | Z44: null | AA44: 4C1 | AB44: = | AC44: null | AD44: 5C1 | AE44: = | AF44: null
A45: B | B45: BaseGame | C45: 70 | F45: = | G45: 55185 | H45: 0.00055185 | K45: Pay | L45: = | M45: 97503933500 | O45: =M45/G45/$O$1/500 -> 70.674229 | R45: 1C1 | S45: = | T45: 55185 | U45: 2C1 | V45: = | W45: null | X45: 3C1 | Y45: = | Z45: null | AA45: 4C1 | AB45: = | AC45: null | AD45: 5C1 | AE45: = | AF45: null
A46: B | B46: BaseGame | C46: 90 | F46: = | G46: 699392 | H46: 0.00699392 | K46: Pay | L46: = | M46: 1748480000000 | O46: =M46/G46/$O$1/500 -> 100 | R46: 1C1 | S46: = | T46: 291735 | U46: 2C1 | V46: = | W46: 17958 | X46: 3C1 | Y46: = | Z46: null | AA46: 4C1 | AB46: = | AC46: null | AD46: 5C1 | AE46: = | AF46: null
A47: B | B47: BaseGame | C47: 100 | F47: = | G47: 2812404 | H47: 0.02812404 | K47: Pay | L47: = | M47: 7188151759500 | O47: =M47/G47/$O$1/500 -> 102.23498 | R47: 1C1 | S47: = | T47: 884587 | U47: 2C1 | V47: = | W47: 481988 | X47: 3C1 | Y47: = | Z47: null | AA47: 4C1 | AB47: = | AC47: null | AD47: 5C1 | AE47: = | AF47: null
A48: B | B48: BaseGame | C48: 120 | F48: = | G48: 118274 | H48: 0.00118274 | K48: Pay | L48: = | M48: 363050827500 | O48: =M48/G48/$O$1/500 -> 122.78297 | R48: 1C1 | S48: = | T48: 94031 | U48: 2C1 | V48: = | W48: 24243 | X48: 3C1 | Y48: = | Z48: null | AA48: 4C1 | AB48: = | AC48: null | AD48: 5C1 | AE48: = | AF48: null
A49: B | B49: BaseGame | C49: 140 | F49: = | G49: 20984 | H49: 0.00020984 | K49: Pay | L49: = | M49: 79237108500 | O49: =M49/G49/$O$1/500 -> 151.04291 | R49: 1C1 | S49: = | T49: 20984 | U49: 2C1 | V49: = | W49: null | X49: 3C1 | Y49: = | Z49: null | AA49: 4C1 | AB49: = | AC49: null | AD49: 5C1 | AE49: = | AF49: null
A50: B | B50: BaseGame | C50: 180 | F50: = | G50: 618231 | H50: 0.00618231 | K50: Pay | L50: = | M50: 3091155000000 | O50: =M50/G50/$O$1/500 -> 200 | R50: 1C1 | S50: = | T50: 294519 | U50: 2C1 | V50: = | W50: 17879 | X50: 3C1 | Y50: = | Z50: null | AA50: 4C1 | AB50: = | AC50: null | AD50: 5C1 | AE50: = | AF50: null
A51: B | B51: BaseGame | C51: 200 | F51: = | G51: 2787190 | H51: 0.0278719 | K51: Pay | L51: = | M51: 14179882923000 | O51: =M51/G51/$O$1/500 -> 203.50077 | R51: 1C1 | S51: = | T51: 999381 | U51: 2C1 | V51: = | W51: 510044 | X51: 3C1 | Y51: = | Z51: null | AA51: 4C1 | AB51: = | AC51: null | AD51: 5C1 | AE51: = | AF51: null
A52: B | B52: BaseGame | C52: 250 | F52: = | G52: 24381 | H52: 0.00024381 | K52: Pay | L52: = | M52: 161822945500 | O52: =M52/G52/$O$1/500 -> 265.49025 | R52: 1C1 | S52: = | T52: 24173 | U52: 2C1 | V52: = | W52: 208 | X52: 3C1 | Y52: = | Z52: null | AA52: 4C1 | AB52: = | AC52: null | AD52: 5C1 | AE52: = | AF52: null
A53: B | B53: BaseGame | C53: 300 | F53: = | G53: 41756 | H53: 0.00041756 | K53: Pay | L53: = | M53: 314635546000 | O53: =M53/G53/$O$1/500 -> 301.40391 | R53: 1C1 | S53: = | T53: 34513 | U53: 2C1 | V53: = | W53: 7243 | X53: 3C1 | Y53: = | Z53: null | AA53: 4C1 | AB53: = | AC53: null | AD53: 5C1 | AE53: = | AF53: null
A54: B | B54: BaseGame | C54: 350 | F54: = | G54: 31187 | H54: 0.00031187 | K54: Pay | L54: = | M54: 311870000000 | O54: =M54/G54/$O$1/500 -> 400 | R54: 1C1 | S54: = | T54: 3503 | U54: 2C1 | V54: = | W54: 95 | X54: 3C1 | Y54: = | Z54: null | AA54: 4C1 | AB54: = | AC54: null | AD54: 5C1 | AE54: = | AF54: null
A55: B | B55: BaseGame | C55: 400 | F55: = | G55: 159868 | H55: 0.00159868 | K55: Pay | L55: = | M55: 1608060614000 | O55: =M55/G55/$O$1/500 -> 402.34709 | R55: 1C1 | S55: = | T55: 17323 | U55: 2C1 | V55: = | W55: 3474 | X55: 3C1 | Y55: = | Z55: null | AA55: 4C1 | AB55: = | AC55: null | AD55: 5C1 | AE55: = | AF55: null
A56: B | B56: BaseGame | C56: 450 | F56: = | G56: 320352 | H56: 0.00320352 | K56: Pay | L56: = | M56: 4004400000000 | O56: =M56/G56/$O$1/500 -> 500 | R56: 1C1 | S56: = | T56: 292418 | U56: 2C1 | V56: = | W56: null | X56: 3C1 | Y56: = | Z56: null | AA56: 4C1 | AB56: = | AC56: null | AD56: 5C1 | AE56: = | AF56: null
A57: B | B57: BaseGame | C57: 500 | F57: = | G57: 1056363 | H57: 0.01056363 | K57: Pay | L57: = | M57: 13290643497000 | O57: =M57/G57/$O$1/500 -> 503.26047 | R57: 1C1 | S57: = | T57: 916775 | U57: 2C1 | V57: = | W57: null | X57: 3C1 | Y57: = | Z57: null | AA57: 4C1 | AB57: = | AC57: null | AD57: 5C1 | AE57: = | AF57: null
A58: B | B58: BaseGame | C58: 550 | F58: = | G58: 3546 | H58: 3.546e-05 | K58: Pay | L58: = | M58: 53190000000 | O58: =M58/G58/$O$1/500 -> 600 | R58: 1C1 | S58: = | T58: 3546 | U58: 2C1 | V58: = | W58: null | X58: 3C1 | Y58: = | Z58: null | AA58: 4C1 | AB58: = | AC58: null | AD58: 5C1 | AE58: = | AF58: null
A59: B | B59: BaseGame | C59: 600 | F59: = | G59: 17372 | H59: 0.00017372 | K59: Pay | L59: = | M59: 261113315000 | O59: =M59/G59/$O$1/500 -> 601.22799 | R59: 1C1 | S59: = | T59: 17372 | U59: 2C1 | V59: = | W59: null | X59: 3C1 | Y59: = | Z59: null | AA59: 4C1 | AB59: = | AC59: null | AD59: 5C1 | AE59: = | AF59: null
A60: B | B60: BaseGame | C60: 650 | F60: = | G60: 3449 | H60: 3.449e-05 | K60: Pay | L60: = | M60: 60357500000 | O60: =M60/G60/$O$1/500 -> 700 | R60: 1C1 | S60: = | T60: 3449 | U60: 2C1 | V60: = | W60: null | X60: 3C1 | Y60: = | Z60: null | AA60: 4C1 | AB60: = | AC60: null | AD60: 5C1 | AE60: = | AF60: null
A61: B | B61: BaseGame | C61: 700 | F61: = | G61: 17253 | H61: 0.00017253 | K61: Pay | L61: = | M61: 302466803500 | O61: =M61/G61/$O$1/500 -> 701.25034 | R61: 1C1 | S61: = | T61: 17253 | U61: 2C1 | V61: = | W61: null | X61: 3C1 | Y61: = | Z61: null | AA61: 4C1 | AB61: = | AC61: null | AD61: 5C1 | AE61: = | AF61: null
A62: B | B62: BaseGame | C62: 950 | F62: = | G62: 347068 | H62: 0.00347068 | K62: Pay | L62: = | M62: 8676700000000 | O62: =M62/G62/$O$1/500 -> 1000 | R62: 1C1 | S62: = | T62: 291811 | U62: 2C1 | V62: = | W62: null | X62: 3C1 | Y62: = | Z62: null | AA62: 4C1 | AB62: = | AC62: null | AD62: 5C1 | AE62: = | AF62: null
A63: B | B63: BaseGame | C63: 1000 | F63: = | G63: 1264622 | H63: 0.01264622 | K63: Pay | L63: = | M63: 32593608691500 | O63: =M63/G63/$O$1/500 -> 1030.936 | R63: 1C1 | S63: = | T63: 958767 | U63: 2C1 | V63: = | W63: null | X63: 3C1 | Y63: = | Z63: null | AA63: 4C1 | AB63: = | AC63: null | AD63: 5C1 | AE63: = | AF63: null
A64: B | B64: BaseGame | C64: 2000 | F64: = | G64: 139431 | H64: 0.00139431 | K64: Pay | L64: = | M64: 7014878425000 | O64: =M64/G64/$O$1/500 -> 2012.4301 | R64: 1C1 | S64: = | T64: null | U64: 2C1 | V64: = | W64: null | X64: 3C1 | Y64: = | Z64: null | AA64: 4C1 | AB64: = | AC64: null | AD64: 5C1 | AE64: = | AF64: null

Sheet Card_Bet100
C1: Hit% | F1: Mul | R1: =SUM(R3:R54) -> 0.72250263 | V1: =SUM(V3:V54) -> 0.71356018 | AB1: =SUM(AB3:AB54) -> 0.52646074 | AF1: =SUM(AF3:AF54) -> 0.52646065
B2: Interval | C2: A | D2: B | E2: C | F2: A | G2: B | H2: C | J2: Index | K2: Interval | L2: Sheet | M2: Mul | N2: Avg Mul | O2: Hit%_tune | P2: Hit%_ori | Q2: Jili Hit% | R2: RTP_tune | T2: Hit%_Weight_Final | U2: Hit%_Final | V2: RTP_Final | Y2: Hit%_tune | Z2: Hit%_ori | AA2: Jili Hit% | AB2: RTP_tune | AD2: Hit%_Weight_Final | AE2: Hit%_Final | AF2: RTP_Final
B3: -1 | C3: {=_xlfn.IFNA( _xlfn._xlws.FILTER( Sim_Mul_Bet100!$H$3:$H$100, (Sim_Mul_Bet100!$A$3:$A$100=C$2) * (Sim_Mul_Bet100!$C$3:$C$100=$B3),0 ), 0 )} -> 0 | D3: {=_xlfn.IFNA( _xlfn._xlws.FILTER( Sim_Mul_Bet100!$H$3:$H$100, (Sim_Mul_Bet100!$A$3:$A$100=D$2) * (Sim_Mul_Bet100!$C$3:$C$100=$B3),0 ), 0 )} -> 0.19865425 | E3: {=_xlfn.IFNA( _xlfn._xlws.FILTER( Sim_Mul_Bet100!$H$3:$H$100, (Sim_Mul_Bet100!$A$3:$A$100=E$2) * (Sim_Mul_Bet100!$C$3:$C$100=$B3),0 ), 0 )} -> 0 | G3: {=_xlfn.IFNA( _xlfn._xlws.FILTER( Sim_Mul_Bet100!$O$3:$O$100, (Sim_Mul_Bet100!$A$3:$A$100=D$2) * (Sim_Mul_Bet100!$C$3:$C$100=$B3),0 ), 0 )} -> 0 | J3: 0 | K3: -1 | L3: A | M3: =HLOOKUP(L3,$C$2:$E$54,J3+2,FALSE) -> 0 | N3: =HLOOKUP(L3,$F$2:$H$54,J3+2,FALSE) -> 0 | O3: =1-SUM(O4:O53) -> 0.88137065 | P3: =1-SUM(P4:P53) -> 0.88114461 | Q3: =1-SUM(Q4:Q54) -> 0.89123622 | R3: =N3*O3 -> 0 | T3: =1000000-SUM(T4:T54) -> 868278 | U3: {=T3:T54/SUM($T$3:$T$54)} -> 0.868278 | V3: =U3*N3 -> 0 | Y3: =1-SUM(Y4:Y53) -> 0.89276997 | Z3: =1-SUM(Z4:Z53) -> 0.89276997 | AA3: =1-SUM(AA4:AA54) -> 0.89123622 | AB3: =N3*Y3 -> 0 | AD3: =1000000-SUM(AD4:AD54) -> 892770 | AE3: {=AD3:AD54/SUM($T$3:$T$54)} -> 0.89277 | AF3: =AE3*N3 -> 0
B4: 0 | C4: {=_xlfn.IFNA( _xlfn._xlws.FILTER( Sim_Mul_Bet100!$H$3:$H$100, (Sim_Mul_Bet100!$A$3:$A$100=C$2) * (Sim_Mul_Bet100!$C$3:$C$100=$B4),0 ), 0 )} -> 0.8703155 | D4: {=_xlfn.IFNA( _xlfn._xlws.FILTER( Sim_Mul_Bet100!$H$3:$H$100, (Sim_Mul_Bet100!$A$3:$A$100=D$2) * (Sim_Mul_Bet100!$C$3:$C$100=$B4),0 ), 0 )} -> 0.35717713 | E4: {=_xlfn.IFNA( _xlfn._xlws.FILTER( Sim_Mul_Bet100!$H$3:$H$100, (Sim_Mul_Bet100!$A$3:$A$100=E$2) * (Sim_Mul_Bet100!$C$3:$C$100=$B4),0 ), 0 )} -> 0 | F4: {=_xlfn.IFNA( _xlfn._xlws.FILTER( Sim_Mul_Bet100!$O$3:$O$100, (Sim_Mul_Bet100!$A$3:$A$100=C$2) * (Sim_Mul_Bet100!$C$3:$C$100=$B4),0 ), 0 )} -> 0 | G4: {=_xlfn.IFNA( _xlfn._xlws.FILTER( Sim_Mul_Bet100!$O$3:$O$100, (Sim_Mul_Bet100!$A$3:$A$100=D$2) * (Sim_Mul_Bet100!$C$3:$C$100=$B4),0 ), 0 )} -> 0.26256794 | H4: {=_xlfn.IFNA( _xlfn._xlws.FILTER( Sim_Mul_Bet100!$O$3:$O$100, (Sim_Mul_Bet100!$A$3:$A$100=E$2) * (Sim_Mul_Bet100!$C$3:$C$100=$B4),0 ), 0 )} -> 0 | J4: 1 | K4: 0 | L4: A | M4: =HLOOKUP(L4,$C$2:$E$54,J4+2,FALSE) -> 0.8703155 | N4: =HLOOKUP(L4,$F$2:$H$54,J4+2,FALSE) -> 0 | O4: 0.0074745606 | P4: 0.0074745606 | Q4: 0.0074745606 | R4: =N4*O4 -> 0 | T4: 22965 | U4: 0.022965 | V4: =U4*N4 -> 0 | Y4: =Z4 -> 0.0003 | Z4: 0.0003 | AA4: 0.0074745606 | AB4: =N4*Y4 -> 0 | AD4: =ROUND(Y4*1000000,0) -> 300 | AE4: 0.0003 | AF4: =AE4*N4 -> 0
B5: 1 | C5: {=_xlfn.IFNA( _xlfn._xlws.FILTER( Sim_Mul_Bet100!$H$3:$H$100, (Sim_Mul_Bet100!$A$3:$A$100=C$2) * (Sim_Mul_Bet100!$C$3:$C$100=$B5),0 ), 0 )} -> 0.06178345 | D5: {=_xlfn.IFNA( _xlfn._xlws.FILTER( Sim_Mul_Bet100!$H$3:$H$100, (Sim_Mul_Bet100!$A$3:$A$100=D$2) * (Sim_Mul_Bet100!$C$3:$C$100=$B5),0 ), 0 )} -> 0.08462167 | E5: {=_xlfn.IFNA( _xlfn._xlws.FILTER( Sim_Mul_Bet100!$H$3:$H$100, (Sim_Mul_Bet100!$A$3:$A$100=E$2) * (Sim_Mul_Bet100!$C$3:$C$100=$B5),0 ), 0 )} -> 0 | F5: {=_xlfn.IFNA( _xlfn._xlws.FILTER( Sim_Mul_Bet100!$O$3:$O$100, (Sim_Mul_Bet100!$A$3:$A$100=C$2) * (Sim_Mul_Bet100!$C$3:$C$100=$B5),0 ), 0 )} -> 1.0115311 | G5: {=_xlfn.IFNA( _xlfn._xlws.FILTER( Sim_Mul_Bet100!$O$3:$O$100, (Sim_Mul_Bet100!$A$3:$A$100=D$2) * (Sim_Mul_Bet100!$C$3:$C$100=$B5),0 ), 0 )} -> 1.1734918 | H5: {=_xlfn.IFNA( _xlfn._xlws.FILTER( Sim_Mul_Bet100!$O$3:$O$100, (Sim_Mul_Bet100!$A$3:$A$100=E$2) * (Sim_Mul_Bet100!$C$3:$C$100=$B5),0 ), 0 )} -> 0 | J5: 2 | K5: 1 | L5: A | M5: =HLOOKUP(L5,$C$2:$E$54,J5+2,FALSE) -> 0.06178345 | N5: =HLOOKUP(L5,$F$2:$H$54,J5+2,FALSE) -> 1.0115311 | O5: 0.026493987 | P5: 0.026493987 | Q5: 0.026493987 | R5: =N5*O5 -> 0.026799492 | T5: 38444 | U5: 0.038444 | V5: =U5*N5 -> 0.038887302 | Y5: =Z5 -> 0.026493987 | Z5: 0.026493987 | AA5: 0.026493987 | AB5: =N5*Y5 -> 0.026799492 | AD5: =ROUND(Y5*1000000,0) -> 26494 | AE5: 0.026494 | AF5: =AE5*N5 -> 0.026799505
B6: 2 | C6: {=_xlfn.IFNA( _xlfn._xlws.FILTER( Sim_Mul_Bet100!$H$3:$H$100, (Sim_Mul_Bet100!$A$3:$A$100=C$2) * (Sim_Mul_Bet100!$C$3:$C$100=$B6),0 ), 0 )} -> 0.01203305 | D6: {=_xlfn.IFNA( _xlfn._xlws.FILTER( Sim_Mul_Bet100!$H$3:$H$100, (Sim_Mul_Bet100!$A$3:$A$100=D$2) * (Sim_Mul_Bet100!$C$3:$C$100=$B6),0 ), 0 )} -> 0.01611447 | E6: {=_xlfn.IFNA( _xlfn._xlws.FILTER( Sim_Mul_Bet100!$H$3:$H$100, (Sim_Mul_Bet100!$A$3:$A$100=E$2) * (Sim_Mul_Bet100!$C$3:$C$100=$B6),0 ), 0 )} -> 0 | F6: {=_xlfn.IFNA( _xlfn._xlws.FILTER( Sim_Mul_Bet100!$O$3:$O$100, (Sim_Mul_Bet100!$A$3:$A$100=C$2) * (Sim_Mul_Bet100!$C$3:$C$100=$B6),0 ), 0 )} -> 2.1874588 | G6: {=_xlfn.IFNA( _xlfn._xlws.FILTER( Sim_Mul_Bet100!$O$3:$O$100, (Sim_Mul_Bet100!$A$3:$A$100=D$2) * (Sim_Mul_Bet100!$C$3:$C$100=$B6),0 ), 0 )} -> 2.3229532 | H6: {=_xlfn.IFNA( _xlfn._xlws.FILTER( Sim_Mul_Bet100!$O$3:$O$100, (Sim_Mul_Bet100!$A$3:$A$100=E$2) * (Sim_Mul_Bet100!$C$3:$C$100=$B6),0 ), 0 )} -> 0 | J6: 3 | K6: 2 | L6: A | M6: =HLOOKUP(L6,$C$2:$E$54,J6+2,FALSE) -> 0.01203305 | N6: =HLOOKUP(L6,$F$2:$H$54,J6+2,FALSE) -> 2.1874588 | O6: 0.00063 | P6: 0.00063 | Q6: 0.00062904718 | R6: =N6*O6 -> 0.0013780991 | T6: 318 | U6: 0.000318 | V6: =U6*N6 -> 0.00069561191 | Y6: =Z6 -> 0.00062904718 | Z6: 0.00062904718 | AA6: 0.00062904718 | AB6: =N6*Y6 -> 0.0013760148 | AD6: =ROUND(Y6*1000000,0) -> 629 | AE6: 0.000629 | AF6: =AE6*N6 -> 0.0013759116
B7: 3 | C7: {=_xlfn.IFNA( _xlfn._xlws.FILTER( Sim_Mul_Bet100!$H$3:$H$100, (Sim_Mul_Bet100!$A$3:$A$100=C$2) * (Sim_Mul_Bet100!$C$3:$C$100=$B7),0 ), 0 )} -> 7.349e-05 | D7: {=_xlfn.IFNA( _xlfn._xlws.FILTER( Sim_Mul_Bet100!$H$3:$H$100, (Sim_Mul_Bet100!$A$3:$A$100=D$2) * (Sim_Mul_Bet100!$C$3:$C$100=$B7),0 ), 0 )} -> 0.00034093 | E7: {=_xlfn.IFNA( _xlfn._xlws.FILTER( Sim_Mul_Bet100!$H$3:$H$100, (Sim_Mul_Bet100!$A$3:$A$100=E$2) * (Sim_Mul_Bet100!$C$3:$C$100=$B7),0 ), 0 )} -> 0 | F7: {=_xlfn.IFNA( _xlfn._xlws.FILTER( Sim_Mul_Bet100!$O$3:$O$100, (Sim_Mul_Bet100!$A$3:$A$100=C$2) * (Sim_Mul_Bet100!$C$3:$C$100=$B7),0 ), 0 )} -> 3.0006504 | G7: {=_xlfn.IFNA( _xlfn._xlws.FILTER( Sim_Mul_Bet100!$O$3:$O$100, (Sim_Mul_Bet100!$A$3:$A$100=D$2) * (Sim_Mul_Bet100!$C$3:$C$100=$B7),0 ), 0 )} -> 3.0601068 | H7: {=_xlfn.IFNA( _xlfn._xlws.FILTER( Sim_Mul_Bet100!$O$3:$O$100, (Sim_Mul_Bet100!$A$3:$A$100=E$2) * (Sim_Mul_Bet100!$C$3:$C$100=$B7),0 ), 0 )} -> 0 | J7: 4 | K7: 3 | L7: A | M7: =HLOOKUP(L7,$C$2:$E$54,J7+2,FALSE) -> 7.349e-05 | N7: =HLOOKUP(L7,$F$2:$H$54,J7+2,FALSE) -> 3.0006504 | O7: 0 | P7: 0 | Q7: 0 | R7: =N7*O7 -> 0 | T7: 0 | U7: 0 | V7: =U7*N7 -> 0 | Y7: =Z7 -> 0 | Z7: 0 | AA7: 0 | AB7: =N7*Y7 -> 0 | AD7: =ROUND(Y7*1000000,0) -> 0 | AE7: 0 | AF7: =AE7*N7 -> 0
B8: 4 | C8: {=_xlfn.IFNA( _xlfn._xlws.FILTER( Sim_Mul_Bet100!$H$3:$H$100, (Sim_Mul_Bet100!$A$3:$A$100=C$2) * (Sim_Mul_Bet100!$C$3:$C$100=$B8),0 ), 0 )} -> 0 | D8: {=_xlfn.IFNA( _xlfn._xlws.FILTER( Sim_Mul_Bet100!$H$3:$H$100, (Sim_Mul_Bet100!$A$3:$A$100=D$2) * (Sim_Mul_Bet100!$C$3:$C$100=$B8),0 ), 0 )} -> 0.02106057 | E8: {=_xlfn.IFNA( _xlfn._xlws.FILTER( Sim_Mul_Bet100!$H$3:$H$100, (Sim_Mul_Bet100!$A$3:$A$100=E$2) * (Sim_Mul_Bet100!$C$3:$C$100=$B8),0 ), 0 )} -> 0 | F8: {=_xlfn.IFNA( _xlfn._xlws.FILTER( Sim_Mul_Bet100!$O$3:$O$100, (Sim_Mul_Bet100!$A$3:$A$100=C$2) * (Sim_Mul_Bet100!$C$3:$C$100=$B8),0 ), 0 )} -> 0 | G8: {=_xlfn.IFNA( _xlfn._xlws.FILTER( Sim_Mul_Bet100!$O$3:$O$100, (Sim_Mul_Bet100!$A$3:$A$100=D$2) * (Sim_Mul_Bet100!$C$3:$C$100=$B8),0 ), 0 )} -> 5 | H8: {=_xlfn.IFNA( _xlfn._xlws.FILTER( Sim_Mul_Bet100!$O$3:$O$100, (Sim_Mul_Bet100!$A$3:$A$100=E$2) * (Sim_Mul_Bet100!$C$3:$C$100=$B8),0 ), 0 )} -> 0 | J8: 5 | K8: 4 | L8: A | M8: =HLOOKUP(L8,$C$2:$E$54,J8+2,FALSE) -> 0 | N8: =HLOOKUP(L8,$F$2:$H$54,J8+2,FALSE) -> 0 | O8: 0.02 | P8: 0.02 | Q8: 0.012469935 | R8: =N8*O8 -> 0 | T8: 15875 | U8: 0.015875 | V8: =U8*N8 -> 0 | Y8: =Z8 -> 0.05 | Z8: 0.05 | AA8: 0.012469935 | AB8: =N8*Y8 -> 0 | AD8: =ROUND(Y8*1000000,0) -> 50000 | AE8: 0.05 | AF8: =AE8*N8 -> 0
B9: 5 | C9: {=_xlfn.IFNA( _xlfn._xlws.FILTER( Sim_Mul_Bet100!$H$3:$H$100, (Sim_Mul_Bet100!$A$3:$A$100=C$2) * (Sim_Mul_Bet100!$C$3:$C$100=$B9),0 ), 0 )} -> 0.01602127 | D9: {=_xlfn.IFNA( _xlfn._xlws.FILTER( Sim_Mul_Bet100!$H$3:$H$100, (Sim_Mul_Bet100!$A$3:$A$100=D$2) * (Sim_Mul_Bet100!$C$3:$C$100=$B9),0 ), 0 )} -> 0.04496184 | E9: {=_xlfn.IFNA( _xlfn._xlws.FILTER( Sim_Mul_Bet100!$H$3:$H$100, (Sim_Mul_Bet100!$A$3:$A$100=E$2) * (Sim_Mul_Bet100!$C$3:$C$100=$B9),0 ), 0 )} -> 0 | F9: {=_xlfn.IFNA( _xlfn._xlws.FILTER( Sim_Mul_Bet100!$O$3:$O$100, (Sim_Mul_Bet100!$A$3:$A$100=C$2) * (Sim_Mul_Bet100!$C$3:$C$100=$B9),0 ), 0 )} -> 5.0098854 | G9: {=_xlfn.IFNA( _xlfn._xlws.FILTER( Sim_Mul_Bet100!$O$3:$O$100, (Sim_Mul_Bet100!$A$3:$A$100=D$2) * (Sim_Mul_Bet100!$C$3:$C$100=$B9),0 ), 0 )} -> 5.209291 | H9: {=_xlfn.IFNA( _xlfn._xlws.FILTER( Sim_Mul_Bet100!$O$3:$O$100, (Sim_Mul_Bet100!$A$3:$A$100=E$2) * (Sim_Mul_Bet100!$C$3:$C$100=$B9),0 ), 0 )} -> 0 | J9: 6 | K9: 5 | L9: A | M9: =HLOOKUP(L9,$C$2:$E$54,J9+2,FALSE) -> 0.01602127 | N9: =HLOOKUP(L9,$F$2:$H$54,J9+2,FALSE) -> 5.0098854 | O9: 0.03348 | P9: 0.0335 | Q9: 0.033376503 | R9: =N9*O9 -> 0.16773096 | T9: 26258 | U9: 0.026258 | V9: =U9*N9 -> 0.13154957 | Y9: =Z9 -> 0.0005 | Z9: 0.0005 | AA9: 0.033376503 | AB9: =N9*Y9 -> 0.0025049427 | AD9: =ROUND(Y9*1000000,0) -> 500 | AE9: 0.0005 | AF9: =AE9*N9 -> 0.0025049427
B10: 6 | C10: {=_xlfn.IFNA( _xlfn._xlws.FILTER( Sim_Mul_Bet100!$H$3:$H$100, (Sim_Mul_Bet100!$A$3:$A$100=C$2) * (Sim_Mul_Bet100!$C$3:$C$100=$B10),0 ), 0 )} -> 1.231e-05 | D10: {=_xlfn.IFNA( _xlfn._xlws.FILTER( Sim_Mul_Bet100!$H$3:$H$100, (Sim_Mul_Bet100!$A$3:$A$100=D$2) * (Sim_Mul_Bet100!$C$3:$C$100=$B10),0 ), 0 )} -> 0.00178667 | E10: {=_xlfn.IFNA( _xlfn._xlws.FILTER( Sim_Mul_Bet100!$H$3:$H$100, (Sim_Mul_Bet100!$A$3:$A$100=E$2) * (Sim_Mul_Bet100!$C$3:$C$100=$B10),0 ), 0 )} -> 0 | F10: {=_xlfn.IFNA( _xlfn._xlws.FILTER( Sim_Mul_Bet100!$O$3:$O$100, (Sim_Mul_Bet100!$A$3:$A$100=C$2) * (Sim_Mul_Bet100!$C$3:$C$100=$B10),0 ), 0 )} -> 6.2218034 | G10: {=_xlfn.IFNA( _xlfn._xlws.FILTER( Sim_Mul_Bet100!$O$3:$O$100, (Sim_Mul_Bet100!$A$3:$A$100=D$2) * (Sim_Mul_Bet100!$C$3:$C$100=$B10),0 ), 0 )} -> 6.1627762 | H10: {=_xlfn.IFNA( _xlfn._xlws.FILTER( Sim_Mul_Bet100!$O$3:$O$100, (Sim_Mul_Bet100!$A$3:$A$100=E$2) * (Sim_Mul_Bet100!$C$3:$C$100=$B10),0 ), 0 )} -> 0 | J10: 7 | K10: 6 | L10: B | M10: =HLOOKUP(L10,$C$2:$E$54,J10+2,FALSE) -> 0.00178667 | N10: =HLOOKUP(L10,$F$2:$H$54,J10+2,FALSE) -> 6.1627762 | O10: 3.7002775e-05 | P10: 3.7002775e-05 | Q10: 3.7002775e-05 | R10: =N10*O10 -> 0.00022803982 | T10: 42 | U10: 4.2e-05 | V10: =U10*N10 -> 0.0002588366 | Y10: =Z10 -> 3e-05 | Z10: 3e-05 | AA10: 3.7002775e-05 | AB10: =N10*Y10 -> 0.00018488329 | AD10: =ROUND(Y10*1000000,0) -> 30 | AE10: 3e-05 | AF10: =AE10*N10 -> 0.00018488329
