Workbook

Sheet Overview
A2: Model: | B2: H045194
A3: Version: | B3: 1.0.0.0
A6: Base Bet
A7: 100
A10: Coin in | B10: Price(x) | C10: Total RTP | D10: Bet Type
A11: 100 | B11: 1 | C11: =SUM(B18:B19) -> 0.92997309 | D11: Normal Bet
A12: 100 | B12: 1 | C12: =SUM(B22:B23) -> 0.93993928 | D12: Normal Bet
A13: 4050 | B13: 40.5 | C13: =SUM(B26:B27) -> 0.9249974 | D13: Buy Feature
A14: 4050 | B14: 40.5 | C14: =SUM(B30:B31) -> 0.98529689 | D14: Buy Feature
A16: Total Pay Back Percentage includes the following adjustments.
A17: Bet Type | B17: Pay Back | C17: Hit% | D17: Pulls/Hit | E17: Description
A18: Normal Bet | B18: =Multiplier_Weight_Newbie!$C$7 -> 0.66318572 | C18: =IF(D18=0,0,1/D18) -> 0.00849 | D18: =Multiplier_Weight_Newbie!$G$7 -> 117.78563 | E18: Base Game
B19: =Multiplier_Weight_Newbie!$D$7 -> 0.26678737 | E19: Free Game
A21: Bet Type | B21: Pay Back | C21: Hit% | D21: Pulls/Hit | E21: Description
A22: Normal Bet | B22: =Multiplier_Weight_Oldhand!$C$7 -> 0.66712158 | C22: =IF(D22=0,0,1/D22) -> 0.00849 | D22: =Multiplier_Weight_Oldhand!$G$7 -> 117.78563 | E22: Base Game
B23: =Multiplier_Weight_Oldhand!$D$7 -> 0.2728177 | E23: Free Game
A25: Bet Type | B25: Pay Back | C25: Hit% | D25: Pulls/Hit | E25: Description
A26: Buy Feature | B26: =Multiplier_Weight_Newbie!$C$8 -> 0 | C26: =IF(D26=0,0,1/D26) -> 1 | D26: =Multiplier_Weight_Newbie!$G$8 -> 1 | E26: Base Game
B27: =Multiplier_Weight_Newbie!$D$8 -> 0.9249974 | E27: Free Game
A29: Bet Type | B29: Pay Back | C29: Hit% | D29: Pulls/Hit | E29: Description
A30: Buy Feature | B30: =Multiplier_Weight_Oldhand!$C$8 -> 0 | C30: =IF(D30=0,0,1/D30) -> 1 | D30: =Multiplier_Weight_Oldhand!$G$8 -> 1 | E30: Base Game
B31: =Multiplier_Weight_Oldhand!$D$8 -> 0.98529689 | E31: Free Game
A34: Reel # | B34: 1 | C34: 2 | D34: 3 | E34: 4 | F34: 5
A35: Visible Window Size | B35: 4 | C35: 4 | D35: 4 | E35: 4 | F35: 4
A38: Free Spins Setting
A39: C1 Num. | B39: Base Game | C39: Free Game
A40: 3 | B40: 10 | C40: 5
A41: 4 | B41: 10 | C41: 5
A42: 5 | B42: 10 | C42: 5
A43: 6 | B43: 10 | C43: 5
A44: The maximum of free spins is 50.
A46: Pay Table: | B46: All wins show for 100 credit bet.
A47: Symbol | B47: Description | C47: 3 | D47: 4 | E47: 5 | F47: Id
A48: WW1 | B48: Wild 1 | C48: 0 | D48: 0 | E48: 0 | F48: 0
A49: WW2 | B49: Wild 2 (Copy Wild) | C49: 0 | D49: 0 | E49: 0 | F49: 1
A50: C1 | B50: Scatter | C50: 0 | D50: 0 | E50: 0 | F50: 2
A51: M1 | B51: M1 | C51: 50 | D51: 150 | E51: 250 | F51: 3
A52: M2 | B52: M2 | C52: 40 | D52: 120 | E52: 200 | F52: 4
A53: M3 | B53: M3 | C53: 30 | D53: 90 | E53: 150 | F53: 5
A54: M4 | B54: M4 | C54: 20 | D54: 60 | E54: 100 | F54: 6
A55: A | B55: A | C55: 10 | D55: 30 | E55: 50 | F55: 7
A56: K | B56: K | C56: 10 | D56: 30 | E56: 50 | F56: 8
A57: Q | B57: Q | C57: 5 | D57: 15 | E57: 25 | F57: 9
A58: J | B58: J | C58: 5 | D58: 15 | E58: 25 | F58: 10
A59: M1G | B59: Golden M1 | C59: 50 | D59: 150 | E59: 250 | F59: 11
... A66: JG | B66: Golden J | C66: 5 | D66: 15 | E66: 25 | F66: 18
A68: * Golden symbols (M1G-JG) pay as their base symbol; the pay table is identical.
A69: * WW1 / WW2 substitute for every symbol except C1 and have no pay of their own.
A70: * C1 is only counted to trigger the Free Game; there is no scatter pay.
A72: Feature:
A73: 1. The Base Game is a 5 reel x 4 row, 1024 Ways board. Winning symbols are removed and the remaining symbols drop down, with new symbols drawn from the strip to refill the board.
A74: 2. Each cascade within a spin raises the win multiplier: X1, X2, X3, X5, X10 in the Base Game and X2, X4, X6, X10, X20 in the Free Game.
A75: 3. When a golden symbol is part of a win it turns into a WW1 in place, or - per the Random Wild weights - into a WW2 that copies itself to a further 2-4 positions.
A76: 4. C1 can appear on any reel, including on refills after a cascade, and more than one C1 may appear on the same reel.
A77: 5. Once all cascades finish the C1 on the board are counted: 3 or more triggers 10 free spins. 3 or more during the Free Game adds a fixed 5 spins, up to a maximum of 50.
A78: 6. A Buy Feature is available at 40.5 x Bet. There is no Super Feature.

Sheet Description
B2: Base Game
B3: 1. Every Base Game spin draws repeatedly from the table selected by the card system (Multiplier_Weight) until the win falls inside the drawn range.
C4: Worksheet | F4: ID
C5: BG_Symbol | F5: B
C6: BG_Symbol (2) | F6: A
B7: 2. The starting board uses the 5 strips of the selected BG worksheet; the stop positions are drawn using that worksheet's Symbol Weight R1-R5.
B8: 3. On a win the winning symbols are removed and the gaps are refilled by drawing new symbols with the same reel's weights.
B9: 4. The win multiplier rises with the combo count: X1, X2, X3, X5, X10. It stays at X10 thereafter.
B10: 5. Random wild evaluation:
C11: (1) The following is evaluated whenever at least one golden symbol (M1G-JG) is part of a win.
C12: (2) Each spin carries a flag for whether a random wild has already occurred. Until it is set, every combo that removes a golden symbol is evaluated once; after it is set no further combo in that spin is evaluated.
C13: (3) When a golden symbol is removed the Random Wild Weight in Parameter is rolled. On a 2-4 the cell becomes a WW2 and a further 2-4 WW2 replace random positions on R2-R5, never overwriting an existing C1, WW1 or WW2.
C14: (4) If several golden symbols are removed together the same evaluation applies, but at most one of them triggers the random wild; the rest become WW1.
C15: (5) Order of play: remove -> refill -> reveal all golden symbols -> golden cells become WW1 or WW2 -> if WW2 copies were rolled, resolve which positions they overwrite last.
B16: 6. C1 may drop in on any refill, and more than one C1 may appear on the same reel.
B17: 7. C1 never takes part in a win. Only once no further win is possible are the C1 on the board counted to decide whether the Free Spins are entered.
B19: Free Game
B20: 1. On entering the Free Game the card system's group decides how many high- and low-table spins are awarded; their order is shuffled.
C21: Group | D21: High Spins | E21: Low Spins | F21: Weight
C22: D | D22: 0 | E22: 10 | F22: 1
C23: D | D23: 3 | E23: 7 | F23: 0
C24: D | D24: 4 | E24: 6 | F24: 0
C25: D | D25: 5 | E25: 5 | F25: 0
C26: D | D26: 6 | E26: 4 | F26: 0
C27: D | D27: 10 | E27: 0 | F27: 0
C28: E | D28: 0 | E28: 10 | F28: 0
C29: E | D29: 3 | E29: 7 | F29: 0
C30: E | D30: 4 | E30: 6 | F30: 0
C31: E | D31: 5 | E31: 5 | F31: 0
C32: E | D32: 6 | E32: 4 | F32: 0
C33: E | D33: 10 | E33: 0 | F33: 1
B34: * Every Free Game and Buy Feature card in Multiplier_Weight currently uses group E, i.e. a fixed 10 high-table spins.
B35: 2. Each high-table spin picks its worksheet with the weights below; low-table spins always use FG_Symbol (5).
C36: Worksheet | D36: High Strip | E36: Weight
C37: FG_Symbol | D37: A | E37: 1
C38: FG_Symbol (2) | D38: K | E38: 1
C39: FG_Symbol (3) | D39: Q | E39: 1
C40: FG_Symbol (4) | D40: J | E40: 1
B41: 3. 3 or more C1 on a Free Game final board adds a fixed 5 spins - 1 high table and 4 low table - shuffled into the remaining order.
B42: 4. On a win the winning symbols are removed and the gaps refilled with the same reel's weights.
B43: 5. The win multiplier rises with the combo count: X2, X4, X6, X10, X20. It stays at X20 thereafter.
B44: 6. Random wild evaluation is as in Base Game point 5, except the Free Game has no once-per-spin limit: every combo is evaluated.
B45: 7. C1 may drop in on any refill, and more than one C1 may appear on the same reel.
B46: 8. C1 never takes part in a win. Only once no further win is possible are the C1 on the board counted to decide whether the feature retriggers.
B47: 9. The Free Game is capped at 50 spins.
B49: Buy Feature
B50: 1. The price is 40.5 x Bet. The entry board is drawn from the BF_Symbol strips using that worksheet's Symbol Weight.
B51: 2. Everything else follows Base Game points 2-7.
B52: 3. Once the entry board's C1 trigger the Free Game, the card system's group decides the high- and low-table spin counts, shuffled into a random order.
B53: 4. Everything else follows Free Game points 2-9.
... B60: 5. Overview's Pay Back / Hit% / Pulls-Hit are linked by formula to the summary rows of Multiplier_Weight_*, so changing a Fix Num recalculates everything.

Sheet Parameter
B2: Table Selection - Base Game
B3: Worksheet Name | C3: ID | D3: Description
B4: BG_Symbol | C4: B | D4: Base Game high table
B5: BG_Symbol (2) | C5: A | D5: Base Game low table
B6: * The table actually used is set by the Table column of Multiplier_Weight_*; there is no separate table-selection draw.
B8: Random Wild Weight (Weight/Total)
B9: Worksheet Name \ Copies | C9: 0 | D9: 2 | E9: 3 | F9: 4
B10: BG_Symbol | C10: 26128 | D10: 4404 | E10: 1101 | F10: 367
B11: BG_Symbol (2) | C11: 1 | D11: 0 | E11: 0 | F11: 0
B12: FG_Symbol | C12: 13128 | D12: 2000 | E12: 500 | F12: 200
B13: FG_Symbol (2) | C13: 13128 | D13: 2000 | E13: 500 | F13: 200
B14: FG_Symbol (3) | C14: 13128 | D14: 2000 | E14: 500 | F14: 200
B15: FG_Symbol (4) | C15: 13128 | D15: 2000 | E15: 500 | F15: 200
B16: FG_Symbol (5) | C16: 13128 | D16: 2000 | E16: 500 | F16: 200
B17: BF_Symbol | C17: 1 | D17: 0 | E17: 0 | F17: 0
B18: * Rolling 0 means the golden symbol only becomes a WW1, with no WW2 copies.
B20: Win Multiplier Ladder
B21: Worksheet Name \ Cascade N | C21: 1 | D21: 2 | E21: 3 | F21: 4 | G21: 5+
B22: BG_Symbol | C22: X1 | D22: X2 | E22: X3 | F22: X5 | G22: X10
B23: BG_Symbol (2) | C23: X1 | D23: X2 | E23: X3 | F23: X5 | G23: X10
B24: FG_Symbol | C24: X2 | D24: X4 | E24: X6 | F24: X10 | G24: X20
B25: FG_Symbol (2) | C25: X2 | D25: X4 | E25: X6 | F25: X10 | G25: X20
B26: FG_Symbol (3) | C26: X2 | D26: X4 | E26: X6 | F26: X10 | G26: X20
B27: FG_Symbol (4) | C27: X2 | D27: X4 | E27: X6 | F27: X10 | G27: X20
B28: FG_Symbol (5) | C28: X2 | D28: X4 | E28: X6 | F28: X10 | G28: X20
B29: BF_Symbol | C29: X1 | D29: X2 | E29: X3 | F29: X5 | G29: X10
B30: * The multiplier only advances within a spin; a new spin returns to that mode's first step.
B32: Free Game Table Mix Weight
B33: Group | C33: High Spins | D33: Low Spins | E33: Weight
B34: D | C34: 0 | D34: 10 | E34: 1
B35: D | C35: 3 | D35: 7 | E35: 0
B36: D | C36: 4 | D36: 6 | E36: 0
B37: D | C37: 5 | D37: 5 | E37: 0
B38: D | C38: 6 | D38: 4 | E38: 0
B39: D | C39: 10 | D39: 0 | E39: 0
B40: E | C40: 0 | D40: 10 | E40: 0
B41: E | C41: 3 | D41: 7 | E41: 0
B42: E | C42: 4 | D42: 6 | E42: 0
B43: E | C43: 5 | D43: 5 | E43: 0
B44: E | C44: 6 | D44: 4 | E44: 0
B45: E | C45: 10 | D45: 0 | E45: 1
B47: Free Game High Table Weight
B48: Worksheet Name | C48: High Strip | D48: Weight
B49: FG_Symbol | C49: A | D49: 1
B50: FG_Symbol (2) | C50: K | D50: 1
B51: FG_Symbol (3) | C51: Q | D51: 1
B52: FG_Symbol (4) | C52: J | D52: 1
B54: Feature Setting
B55: Item | C55: Value
B56: Free Spins | C56: 10
B57: Retrigger Spins | C57: 5
B58: Free Spin Cap | C58: 50
B59: Retrigger High Spins | C59: 1
B60: Retrigger Low Spins | C60: 4
B61: Buy Feature Price (x Bet) | C61: 40.5
B62: Scatter Trigger Count | C62: 3
B63: Reel Num | C63: 5
B64: Visible Window Size | C64: 4
B65: Max Ways | C65: 1024

Sheet Multiplier_Weight
B2: Threshold | C2: =Multiplier_Weight_Newbie!$C$2 -> 1000000000
B3: Coin in | C3: =Multiplier_Weight_Newbie!$C$3 -> 100
B5: Base Game (Normal Bet)
B6: Lower | C6: Upper | D6: Range | E6: Table | F6: Rate | G6: Weight_Newbie | H6: Weight_Oldhand
B7: =Multiplier_Weight_Newbie!B12 -> -1 | C7: =Multiplier_Weight_Newbie!C12 -> 0 | D7: =Multiplier_Weight_Newbie!P12 -> (-1, 0] | E7: =Multiplier_Weight_Newbie!Q12 -> B | F7: =Multiplier_Weight_Newbie!R12 -> 0.44990451 | G7: =Multiplier_Weight_Newbie!V12 -> 708422750 | H7: =Multiplier_Weight_Oldhand!V12 -> 745922560
B8: =Multiplier_Weight_Newbie!B13 -> 0 | C8: =Multiplier_Weight_Newbie!C13 -> 1 | D8: =Multiplier_Weight_Newbie!P13 -> (0, 1] | E8: =Multiplier_Weight_Newbie!Q13 -> B | F8: =Multiplier_Weight_Newbie!R13 -> 0.185693 | G8: =Multiplier_Weight_Newbie!V13 -> 147589383 | H8: =Multiplier_Weight_Oldhand!V13 -> 155717266
B9: =Multiplier_Weight_Newbie!B14 -> 1 | C9: =Multiplier_Weight_Newbie!C14 -> 2 | D9: =Multiplier_Weight_Newbie!P14 -> (1, 2] | E9: =Multiplier_Weight_Newbie!Q14 -> B | F9: =Multiplier_Weight_Newbie!R14 -> 0.046192621 | G9: =Multiplier_Weight_Newbie!V14 -> 36714042 | H9: =Multiplier_Weight_Oldhand!V14 -> 25973216
B10: =Multiplier_Weight_Newbie!B15 -> 2 | C10: =Multiplier_Weight_Newbie!C15 -> 3 | D10: =Multiplier_Weight_Newbie!P15 -> (2, 3] | E10: =Multiplier_Weight_Newbie!Q15 -> B | F10: =Multiplier_Weight_Newbie!R15 -> 0.029371641 | G10: =Multiplier_Weight_Newbie!V15 -> 23344673 | H10: =Multiplier_Weight_Oldhand!V15 -> 14806646
B11: =Multiplier_Weight_Newbie!B16 -> 3 | C11: =Multiplier_Weight_Newbie!C16 -> 4 | D11: =Multiplier_Weight_Newbie!P16 -> (3, 4] | E11: =Multiplier_Weight_Newbie!Q16 -> B | F11: =Multiplier_Weight_Newbie!R16 -> 0.020127639 | G11: =Multiplier_Weight_Newbie!V16 -> 16669406 | H11: =Multiplier_Weight_Oldhand!V16 -> 10341745
B12: =Multiplier_Weight_Newbie!B17 -> 4 | C12: =Multiplier_Weight_Newbie!C17 -> 5 | D12: =Multiplier_Weight_Newbie!P17 -> (4, 5] | E12: =Multiplier_Weight_Newbie!Q17 -> B | F12: =Multiplier_Weight_Newbie!R17 -> 0.01841617 | G12: =Multiplier_Weight_Newbie!V17 -> 11709784 | H12: =Multiplier_Weight_Oldhand!V17 -> 8926772
B13: =Multiplier_Weight_Newbie!B18 -> 5 | C13: =Multiplier_Weight_Newbie!C18 -> 6 | D13: =Multiplier_Weight_Newbie!P18 -> (5, 6] | E13: =Multiplier_Weight_Newbie!Q18 -> B | F13: =Multiplier_Weight_Newbie!R18 -> 0.014739624 | G13: =Multiplier_Weight_Newbie!V18 -> 11715099 | H13: =Multiplier_Weight_Oldhand!V18 -> 4286795
B14: =Multiplier_Weight_Newbie!B19 -> 6 | C14: =Multiplier_Weight_Newbie!C19 -> 7 | D14: =Multiplier_Weight_Newbie!P19 -> (6, 7] | E14: =Multiplier_Weight_Newbie!Q19 -> B | F14: =Multiplier_Weight_Newbie!R19 -> 0.013343814 | G14: =Multiplier_Weight_Newbie!V19 -> 8484564 | H14: =Multiplier_Weight_Oldhand!V19 -> 3880845
B15: =Multiplier_Weight_Newbie!B20 -> 7 | C15: =Multiplier_Weight_Newbie!C20 -> 8 | D15: =Multiplier_Weight_Newbie!P20 -> (7, 8] | E15: =Multiplier_Weight_Newbie!Q20 -> B | F15: =Multiplier_Weight_Newbie!R20 -> 0.011312157 | G15: =Multiplier_Weight_Newbie!V20 -> 8091844 | H15: =Multiplier_Weight_Oldhand!V20 -> 3289969
B16: =Multiplier_Weight_Newbie!B21 -> 8 | C16: =Multiplier_Weight_Newbie!C21 -> 9 | D16: =Multiplier_Weight_Newbie!P21 -> (8, 9] | E16: =Multiplier_Weight_Newbie!Q21 -> B | F16: =Multiplier_Weight_Newbie!R21 -> 0.010990033 | G16: =Multiplier_Weight_Newbie!V21 -> 6114439 | H16: =Multiplier_Weight_Oldhand!V21 -> 2983198
B17: =Multiplier_Weight_Newbie!B22 -> 9 | C17: =Multiplier_Weight_Newbie!C22 -> 10 | D17: =Multiplier_Weight_Newbie!P22 -> (9, 10] | E17: =Multiplier_Weight_Newbie!Q22 -> B | F17: =Multiplier_Weight_Newbie!R22 -> 0.0095209457 | G17: =Multiplier_Weight_Newbie!V22 -> 3329602 | H17: =Multiplier_Weight_Oldhand!V22 -> 2953623
B18: =Multiplier_Weight_Newbie!B23 -> 10 | C18: =Multiplier_Weight_Newbie!C23 -> 15 | D18: =Multiplier_Weight_Newbie!P23 -> (10, 15] | E18: =Multiplier_Weight_Newbie!Q23 -> B | F18: =Multiplier_Weight_Newbie!R23 -> 0.037302793 | G18: =Multiplier_Weight_Newbie!V23 -> 9324414 | H18: =Multiplier_Weight_Oldhand!V23 -> 5001366
... B59: =Multiplier_Weight_Newbie!B64 -> FG Trigger | C59: =Multiplier_Weight_Newbie!C64 -> 0.01010016 | D59: =Multiplier_Weight_Newbie!P64 -> (FG Trigger, 0.01010016] | E59: =Multiplier_Weight_Newbie!Q64 -> A | F59: =Multiplier_Weight_Newbie!R64 -> 0.00849 | G59: =Multiplier_Weight_Newbie!V64 -> 8490000 | H59: =Multiplier_Weight_Oldhand!V64 -> 8490000
B60: Total | G60: =SUM(G7:G59) -> 1000000000 | H60: =SUM(H7:H59) -> 1000000000
B63: Free Game
B64: Lower | C64: Upper | D64: Range | E64: Table | F64: Rate | G64: Weight_Newbie | H64: Weight_Oldhand
B65: =Multiplier_Weight_Newbie!B70 -> -1 | C65: =Multiplier_Weight_Newbie!C70 -> 0 | D65: =Multiplier_Weight_Newbie!P70 -> (-1, 0] | E65: =Multiplier_Weight_Newbie!Q70 -> E | F65: =Multiplier_Weight_Newbie!R70 -> 0.00031286633 | G65: =Multiplier_Weight_Newbie!V70 -> 0 | H65: =Multiplier_Weight_Oldhand!V70 -> 0
B66: =Multiplier_Weight_Newbie!B71 -> 0 | C66: =Multiplier_Weight_Newbie!C71 -> 1 | D66: =Multiplier_Weight_Newbie!P71 -> (0, 1] | E66: =Multiplier_Weight_Newbie!Q71 -> E | F66: =Multiplier_Weight_Newbie!R71 -> 0.0021999651 | G66: =Multiplier_Weight_Newbie!V71 -> 0 | H66: =Multiplier_Weight_Oldhand!V71 -> 0
B67: =Multiplier_Weight_Newbie!B72 -> 1 | C67: =Multiplier_Weight_Newbie!C72 -> 2 | D67: =Multiplier_Weight_Newbie!P72 -> (1, 2] | E67: =Multiplier_Weight_Newbie!Q72 -> E | F67: =Multiplier_Weight_Newbie!R72 -> 0.0027286696 | G67: =Multiplier_Weight_Newbie!V72 -> 0 | H67: =Multiplier_Weight_Oldhand!V72 -> 0
B68: =Multiplier_Weight_Newbie!B73 -> 2 | C68: =Multiplier_Weight_Newbie!C73 -> 3 | D68: =Multiplier_Weight_Newbie!P73 -> (2, 3] | E68: =Multiplier_Weight_Newbie!Q73 -> E | F68: =Multiplier_Weight_Newbie!R73 -> 0.0029930219 | G68: =Multiplier_Weight_Newbie!V73 -> 0 | H68: =Multiplier_Weight_Oldhand!V73 -> 0
B69: =Multiplier_Weight_Newbie!B74 -> 3 | C69: =Multiplier_Weight_Newbie!C74 -> 4 | D69: =Multiplier_Weight_Newbie!P74 -> (3, 4] | E69: =Multiplier_Weight_Newbie!Q74 -> E | F69: =Multiplier_Weight_Newbie!R74 -> 0.0030643079 | G69: =Multiplier_Weight_Newbie!V74 -> 0 | H69: =Multiplier_Weight_Oldhand!V74 -> 0
B70: =Multiplier_Weight_Newbie!B75 -> 4 | C70: =Multiplier_Weight_Newbie!C75 -> 5 | D70: =Multiplier_Weight_Newbie!P75 -> (4, 5] | E70: =Multiplier_Weight_Newbie!Q75 -> E | F70: =Multiplier_Weight_Newbie!R75 -> 0.0030375756 | G70: =Multiplier_Weight_Newbie!V75 -> 0 | H70: =Multiplier_Weight_Oldhand!V75 -> 0
B71: =Multiplier_Weight_Newbie!B76 -> 5 | C71: =Multiplier_Weight_Newbie!C76 -> 6 | D71: =Multiplier_Weight_Newbie!P76 -> (5, 6] | E71: =Multiplier_Weight_Newbie!Q76 -> E | F71: =Multiplier_Weight_Newbie!R76 -> 0.0031534154 | G71: =Multiplier_Weight_Newbie!V76 -> 0 | H71: =Multiplier_Weight_Oldhand!V76 -> 0
B72: =Multiplier_Weight_Newbie!B77 -> 6 | C72: =Multiplier_Weight_Newbie!C77 -> 7 | D72: =Multiplier_Weight_Newbie!P77 -> (6, 7] | E72: =Multiplier_Weight_Newbie!Q77 -> E | F72: =Multiplier_Weight_Newbie!R77 -> 0.0031831179 | G72: =Multiplier_Weight_Newbie!V77 -> 0 | H72: =Multiplier_Weight_Oldhand!V77 -> 0
B73: =Multiplier_Weight_Newbie!B78 -> 7 | C73: =Multiplier_Weight_Newbie!C78 -> 8 | D73: =Multiplier_Weight_Newbie!P78 -> (7, 8] | E73: =Multiplier_Weight_Newbie!Q78 -> E | F73: =Multiplier_Weight_Newbie!R78 -> 0.0030247046 | G73: =Multiplier_Weight_Newbie!V78 -> 0 | H73: =Multiplier_Weight_Oldhand!V78 -> 0
B74: =Multiplier_Weight_Newbie!B79 -> 8 | C74: =Multiplier_Weight_Newbie!C79 -> 9 | D74: =Multiplier_Weight_Newbie!P79 -> (8, 9] | E74: =Multiplier_Weight_Newbie!Q79 -> E | F74: =Multiplier_Weight_Newbie!R79 -> 0.0031237129 | G74: =Multiplier_Weight_Newbie!V79 -> 0 | H74: =Multiplier_Weight_Oldhand!V79 -> 0
B75: =Multiplier_Weight_Newbie!B80 -> 9 | C75: =Multiplier_Weight_Newbie!C80 -> 10 | D75: =Multiplier_Weight_Newbie!P80 -> (9, 10] | E75: =Multiplier_Weight_Newbie!Q80 -> E | F75: =Multiplier_Weight_Newbie!R80 -> 0.0032563841 | G75: =Multiplier_Weight_Newbie!V80 -> 0 | H75: =Multiplier_Weight_Oldhand!V80 -> 0
B76: =Multiplier_Weight_Newbie!B81 -> 10 | C76: =Multiplier_Weight_Newbie!C81 -> 15 | D76: =Multiplier_Weight_Newbie!P81 -> (10, 15] | E76: =Multiplier_Weight_Newbie!Q81 -> E | F76: =Multiplier_Weight_Newbie!R81 -> 0.016261129 | G76: =Multiplier_Weight_Newbie!V81 -> 0 | H76: =Multiplier_Weight_Oldhand!V81 -> 106801961
... B123: =Multiplier_Weight_Newbie!B128 -> 0 | C123: =Multiplier_Weight_Newbie!C128 -> 0 | D123: =Multiplier_Weight_Newbie!P128 -> (, ] | E123: =Multiplier_Weight_Newbie!Q128 -> E | F123: =Multiplier_Weight_Newbie!R128 -> 0 | G123: =Multiplier_Weight_Newbie!V128 -> 0 | H123: =Multiplier_Weight_Oldhand!V128 -> 0
B124: Total | G124: =SUM(G65:G123) -> 999999997 | H124: =SUM(H65:H123) -> 999999990
B127: Buy Feature
B128: Lower | C128: Upper | D128: Range | E128: Table | F128: Rate | G128: Weight_Newbie | H128: Weight_Oldhand
B129: =Multiplier_Weight_Newbie!B134 -> -1 | C129: =Multiplier_Weight_Newbie!C134 -> 0 | D129: =Multiplier_Weight_Newbie!P134 -> (-1, 0] | E129: =Multiplier_Weight_Newbie!Q134 -> E | F129: =Multiplier_Weight_Newbie!R134 -> 0.00031286633 | G129: =Multiplier_Weight_Newbie!V134 -> 0 | H129: =Multiplier_Weight_Oldhand!V134 -> 0
B130: =Multiplier_Weight_Newbie!B135 -> 0 | C130: =Multiplier_Weight_Newbie!C135 -> 1 | D130: =Multiplier_Weight_Newbie!P135 -> (0, 1] | E130: =Multiplier_Weight_Newbie!Q135 -> E | F130: =Multiplier_Weight_Newbie!R135 -> 0.0021999651 | G130: =Multiplier_Weight_Newbie!V135 -> 0 | H130: =Multiplier_Weight_Oldhand!V135 -> 0
B131: =Multiplier_Weight_Newbie!B136 -> 1 | C131: =Multiplier_Weight_Newbie!C136 -> 2 | D131: =Multiplier_Weight_Newbie!P136 -> (1, 2] | E131: =Multiplier_Weight_Newbie!Q136 -> E | F131: =Multiplier_Weight_Newbie!R136 -> 0.0027286696 | G131: =Multiplier_Weight_Newbie!V136 -> 0 | H131: =Multiplier_Weight_Oldhand!V136 -> 0
B132: =Multiplier_Weight_Newbie!B137 -> 2 | C132: =Multiplier_Weight_Newbie!C137 -> 3 | D132: =Multiplier_Weight_Newbie!P137 -> (2, 3] | E132: =Multiplier_Weight_Newbie!Q137 -> E | F132: =Multiplier_Weight_Newbie!R137 -> 0.0029930219 | G132: =Multiplier_Weight_Newbie!V137 -> 0 | H132: =Multiplier_Weight_Oldhand!V137 -> 0
B133: =Multiplier_Weight_Newbie!B138 -> 3 | C133: =Multiplier_Weight_Newbie!C138 -> 4 | D133: =Multiplier_Weight_Newbie!P138 -> (3, 4] | E133: =Multiplier_Weight_Newbie!Q138 -> E | F133: =Multiplier_Weight_Newbie!R138 -> 0.0030643079 | G133: =Multiplier_Weight_Newbie!V138 -> 0 | H133: =Multiplier_Weight_Oldhand!V138 -> 0
B134: =Multiplier_Weight_Newbie!B139 -> 4 | C134: =Multiplier_Weight_Newbie!C139 -> 5 | D134: =Multiplier_Weight_Newbie!P139 -> (4, 5] | E134: =Multiplier_Weight_Newbie!Q139 -> E | F134: =Multiplier_Weight_Newbie!R139 -> 0.0030375756 | G134: =Multiplier_Weight_Newbie!V139 -> 8991493 | H134: =Multiplier_Weight_Oldhand!V139 -> 77956
B135: =Multiplier_Weight_Newbie!B140 -> 5 | C135: =Multiplier_Weight_Newbie!C140 -> 6 | D135: =Multiplier_Weight_Newbie!P140 -> (5, 6] | E135: =Multiplier_Weight_Newbie!Q140 -> E | F135: =Multiplier_Weight_Newbie!R140 -> 0.0031534154 | G135: =Multiplier_Weight_Newbie!V140 -> 22402535 | H135: =Multiplier_Weight_Oldhand!V140 -> 647439
B136: =Multiplier_Weight_Newbie!B141 -> 6 | C136: =Multiplier_Weight_Newbie!C141 -> 7 | D136: =Multiplier_Weight_Newbie!P141 -> (6, 7] | E136: =Multiplier_Weight_Newbie!Q141 -> E | F136: =Multiplier_Weight_Newbie!R141 -> 0.0031831179 | G136: =Multiplier_Weight_Newbie!V141 -> 28266935 | H136: =Multiplier_Weight_Oldhand!V141 -> 857768
B137: =Multiplier_Weight_Newbie!B142 -> 7 | C137: =Multiplier_Weight_Newbie!C142 -> 8 | D137: =Multiplier_Weight_Newbie!P142 -> (7, 8] | E137: =Multiplier_Weight_Newbie!Q142 -> E | F137: =Multiplier_Weight_Newbie!R142 -> 0.0030247046 | G137: =Multiplier_Weight_Newbie!V142 -> 26860182 | H137: =Multiplier_Weight_Oldhand!V142 -> 983271
B138: =Multiplier_Weight_Newbie!B143 -> 8 | C138: =Multiplier_Weight_Newbie!C143 -> 9 | D138: =Multiplier_Weight_Newbie!P143 -> (8, 9] | E138: =Multiplier_Weight_Newbie!Q143 -> E | F138: =Multiplier_Weight_Newbie!R143 -> 0.0031237129 | G138: =Multiplier_Weight_Newbie!V143 -> 27739402 | H138: =Multiplier_Weight_Oldhand!V143 -> 1135708
B139: =Multiplier_Weight_Newbie!B144 -> 9 | C139: =Multiplier_Weight_Newbie!C144 -> 10 | D139: =Multiplier_Weight_Newbie!P144 -> (9, 10] | E139: =Multiplier_Weight_Newbie!Q144 -> E | F139: =Multiplier_Weight_Newbie!R144 -> 0.0032563841 | G139: =Multiplier_Weight_Newbie!V144 -> 28917558 | H139: =Multiplier_Weight_Oldhand!V144 -> 1434661
B140: =Multiplier_Weight_Newbie!B145 -> 10 | C140: =Multiplier_Weight_Newbie!C145 -> 15 | D140: =Multiplier_Weight_Newbie!P145 -> (10, 15] | E140: =Multiplier_Weight_Newbie!Q145 -> E | F140: =Multiplier_Weight_Newbie!R145 -> 0.016261129 | G140: =Multiplier_Weight_Newbie!V145 -> 128216463 | H140: =Multiplier_Weight_Oldhand!V145 -> 9480325
... B187: =Multiplier_Weight_Newbie!B192 -> 0 | C187: =Multiplier_Weight_Newbie!C192 -> 0 | D187: =Multiplier_Weight_Newbie!P192 -> (, ] | E187: =Multiplier_Weight_Newbie!Q192 -> E | F187: =Multiplier_Weight_Newbie!R192 -> 0 | G187: =Multiplier_Weight_Newbie!V192 -> 0 | H187: =Multiplier_Weight_Oldhand!V192 -> 0
B188: Total | G188: =SUM(G129:G187) -> 999999985 | H188: =SUM(H129:H187) -> 999999984

Sheet Multiplier_Weight_Newbie
B2: Threshold | C2: =10^9 -> 1000000000
B3: Coin in | C3: 100
B4: Profile | C4: Newbie
B6: Bet | C6: Base Game | D6: Free Game | E6: Total | F6: Hit Rate | G6: Pulls/Hit
B7: Normal Bet | C7: =SUM(X12:X64) -> 0.66318572 | D7: =SUM(X70:X128)*W64 -> 0.26678737 | E7: =C7+W64*(SUM(X70:X128)+X64) -> 0.92999946 | F7: =W64 -> 0.00849 | G7: =IF(F7=0,0,1/F7) -> 117.78563
B8: Buy Feature | C8: 0 | D8: =SUM(X134:X192)/Parameter!$C$61 -> 0.9249974 | E8: =C8+D8 -> 0.9249974 | F8: 1 | G8: 1
B10: Base Game (Normal Bet) | D10: Simulator Cnt | G10: Simulator Pay | J10: Simulator Rate | M10: Simulator RTP
B11: Lower | C11: Upper | D11: A | E11: B | F11: C | G11: A | H11: B | I11: C | J11: A | K11: B | L11: C | M11: A | N11: B | O11: C | P11: Range | Q11: Table | R11: Rate | S11: Fix Num | T11: Fix Rate | U11: Final Rate | V11: Weight | W11: Hit Rate | X11: RTP
B12: -1 | C12: 0 | D12: 81444439 | E12: 44611398 | F12: 0 | G12: 0 | H12: 0 | I12: 0 | J12: =IF(SUM(D$12:D$63)=0,0,D12/SUM(D$12:D$63)) -> 0.82275434 | K12: =IF(SUM(E$12:E$63)=0,0,E12/SUM(E$12:E$63)) -> 0.44990451 | L12: =IF(SUM(F$12:F$63)=0,0,F12/SUM(F$12:F$63)) -> 0 | M12: =IF(D12=0,0,G12/D12/$C$3/5) -> 0 | N12: =IF(E12=0,0,H12/E12/$C$3/5) -> 0 | O12: =IF(F12=0,0,I12/F12/$C$3/5) -> 0 | P12: ="("&B12&", "&C12&"]" -> (-1, 0] | Q12: B | R12: =IFERROR(INDEX($J12:$L12,MATCH($Q12,$J$11:$L$11,0)),0) -> 0.44990451 | S12: 1.986 | T12: =$R12*$S12 -> 0.89351035 | U12: =IF(SUM(T$12:T$64)=0,0,T12/SUM(T$12:T$64)) -> 0.71016486 | V12: =INT($C$2-SUM(V13:V$64)) -> 708422750 | W12: =IF(SUM(V$12:V$64)=0,0,V12/SUM(V$12:V$64)) -> 0.70842275 | X12: =IFERROR(INDEX($M12:$O12,MATCH($Q12,$M$11:$O$11,0)),0)*V12/$C$2 -> 0
B13: 0 | C13: 1 | D13: 13113310 | E13: 18412850 | F13: 0 | G13: 2531346475 | H13: 3398022375 | I13: 0 | J13: =IF(SUM(D$12:D$63)=0,0,D13/SUM(D$12:D$63)) -> 0.13247108 | K13: =IF(SUM(E$12:E$63)=0,0,E13/SUM(E$12:E$63)) -> 0.185693 | L13: =IF(SUM(F$12:F$63)=0,0,F13/SUM(F$12:F$63)) -> 0 | M13: =IF(D13=0,0,G13/D13/$C$3/5) -> 0.38607285 | N13: =IF(E13=0,0,H13/E13/$C$3/5) -> 0.3690925 | O13: =IF(F13=0,0,I13/F13/$C$3/5) -> 0 | P13: ="("&B13&", "&C13&"]" -> (0, 1] | Q13: B | R13: =IFERROR(INDEX($J13:$L13,MATCH($Q13,$J$11:$L$11,0)),0) -> 0.185693 | S13: 1 | T13: =$R13*$S13 -> 0.185693 | U13: =IF(SUM(T$12:T$64)=0,0,T13/SUM(T$12:T$64)) -> 0.14758938 | V13: =INT(U13*$C$2) -> 147589383 | W13: =IF(SUM(V$12:V$64)=0,0,V13/SUM(V$12:V$64)) -> 0.14758938 | X13: =IFERROR(INDEX($M13:$O13,MATCH($Q13,$M$11:$O$11,0)),0)*V13/$C$2 -> 0.054474134
B14: 1 | C14: 2 | D14: 2076337 | E14: 4580344 | F14: 0 | G14: 1560262150 | H14: 3412133350 | I14: 0 | J14: =IF(SUM(D$12:D$63)=0,0,D14/SUM(D$12:D$63)) -> 0.020975223 | K14: =IF(SUM(E$12:E$63)=0,0,E14/SUM(E$12:E$63)) -> 0.046192621 | L14: =IF(SUM(F$12:F$63)=0,0,F14/SUM(F$12:F$63)) -> 0 | M14: =IF(D14=0,0,G14/D14/$C$3/5) -> 1.5028988 | N14: =IF(E14=0,0,H14/E14/$C$3/5) -> 1.4899027 | O14: =IF(F14=0,0,I14/F14/$C$3/5) -> 0 | P14: ="("&B14&", "&C14&"]" -> (1, 2] | Q14: B | R14: =IFERROR(INDEX($J14:$L14,MATCH($Q14,$J$11:$L$11,0)),0) -> 0.046192621 | S14: 1 | T14: =$R14*$S14 -> 0.046192621 | U14: =IF(SUM(T$12:T$64)=0,0,T14/SUM(T$12:T$64)) -> 0.036714042 | V14: =INT(U14*$C$2) -> 36714042 | W14: =IF(SUM(V$12:V$64)=0,0,V14/SUM(V$12:V$64)) -> 0.036714042 | X14: =IFERROR(INDEX($M14:$O14,MATCH($Q14,$M$11:$O$11,0)),0)*V14/$C$2 -> 0.054700349
B15: 2 | C15: 3 | D15: 894630 | E15: 2912418 | F15: 0 | G15: 1126665375 | H15: 3666796450 | I15: 0 | J15: =IF(SUM(D$12:D$63)=0,0,D15/SUM(D$12:D$63)) -> 0.009037581 | K15: =IF(SUM(E$12:E$63)=0,0,E15/SUM(E$12:E$63)) -> 0.029371641 | L15: =IF(SUM(F$12:F$63)=0,0,F15/SUM(F$12:F$63)) -> 0 | M15: =IF(D15=0,0,G15/D15/$C$3/5) -> 2.5187293 | N15: =IF(E15=0,0,H15/E15/$C$3/5) -> 2.5180427 | O15: =IF(F15=0,0,I15/F15/$C$3/5) -> 0 | P15: ="("&B15&", "&C15&"]" -> (2, 3] | Q15: B | R15: =IFERROR(INDEX($J15:$L15,MATCH($Q15,$J$11:$L$11,0)),0) -> 0.029371641 | S15: 1 | T15: =$R15*$S15 -> 0.029371641 | U15: =IF(SUM(T$12:T$64)=0,0,T15/SUM(T$12:T$64)) -> 0.023344674 | V15: =INT(U15*$C$2) -> 23344673 | W15: =IF(SUM(V$12:V$64)=0,0,V15/SUM(V$12:V$64)) -> 0.023344673 | X15: =IFERROR(INDEX($M15:$O15,MATCH($Q15,$M$11:$O$11,0)),0)*V15/$C$2 -> 0.058782884
B16: 3 | C16: 4 | D16: 457771 | E16: 1995806 | F16: 0 | G16: 815422300 | H16: 3530115825 | I16: 0 | J16: =IF(SUM(D$12:D$63)=0,0,D16/SUM(D$12:D$63)) -> 0.0046244174 | K16: =IF(SUM(E$12:E$63)=0,0,E16/SUM(E$12:E$63)) -> 0.020127639 | L16: =IF(SUM(F$12:F$63)=0,0,F16/SUM(F$12:F$63)) -> 0 | M16: =IF(D16=0,0,G16/D16/$C$3/5) -> 3.5625774 | N16: =IF(E16=0,0,H16/E16/$C$3/5) -> 3.537534 | O16: =IF(F16=0,0,I16/F16/$C$3/5) -> 0 | P16: ="("&B16&", "&C16&"]" -> (3, 4] | Q16: B | R16: =IFERROR(INDEX($J16:$L16,MATCH($Q16,$J$11:$L$11,0)),0) -> 0.020127639 | S16: 1.042 | T16: =$R16*$S16 -> 0.020973 | U16: =IF(SUM(T$12:T$64)=0,0,T16/SUM(T$12:T$64)) -> 0.016669407 | V16: =INT(U16*$C$2) -> 16669406 | W16: =IF(SUM(V$12:V$64)=0,0,V16/SUM(V$12:V$64)) -> 0.016669406 | X16: =IFERROR(INDEX($M16:$O16,MATCH($Q16,$M$11:$O$11,0)),0)*V16/$C$2 -> 0.058968591
B17: 4 | C17: 5 | D17: 297012 | E17: 1826101 | F17: 0 | G17: 670352000 | H17: 4129988800 | I17: 0 | J17: =IF(SUM(D$12:D$63)=0,0,D17/SUM(D$12:D$63)) -> 0.0030004248 | K17: =IF(SUM(E$12:E$63)=0,0,E17/SUM(E$12:E$63)) -> 0.01841617 | L17: =IF(SUM(F$12:F$63)=0,0,F17/SUM(F$12:F$63)) -> 0 | M17: =IF(D17=0,0,G17/D17/$C$3/5) -> 4.5139725 | N17: =IF(E17=0,0,H17/E17/$C$3/5) -> 4.5232863 | O17: =IF(F17=0,0,I17/F17/$C$3/5) -> 0 | P17: ="("&B17&", "&C17&"]" -> (4, 5] | Q17: B | R17: =IFERROR(INDEX($J17:$L17,MATCH($Q17,$J$11:$L$11,0)),0) -> 0.01841617 | S17: 0.8 | T17: =$R17*$S17 -> 0.014732936 | U17: =IF(SUM(T$12:T$64)=0,0,T17/SUM(T$12:T$64)) -> 0.011709784 | V17: =INT(U17*$C$2) -> 11709784 | W17: =IF(SUM(V$12:V$64)=0,0,V17/SUM(V$12:V$64)) -> 0.011709784 | X17: =IFERROR(INDEX($M17:$O17,MATCH($Q17,$M$11:$O$11,0)),0)*V17/$C$2 -> 0.052966705
B18: 5 | C18: 6 | D18: 177151 | E18: 1461544 | F18: 0 | G18: 491783775 | H18: 4037335500 | I18: 0 | J18: =IF(SUM(D$12:D$63)=0,0,D18/SUM(D$12:D$63)) -> 0.0017895851 | K18: =IF(SUM(E$12:E$63)=0,0,E18/SUM(E$12:E$63)) -> 0.014739624 | L18: =IF(SUM(F$12:F$63)=0,0,F18/SUM(F$12:F$63)) -> 0 | M18: =IF(D18=0,0,G18/D18/$C$3/5) -> 5.5521422 | N18: =IF(E18=0,0,H18/E18/$C$3/5) -> 5.524754 | O18: =IF(F18=0,0,I18/F18/$C$3/5) -> 0 | P18: ="("&B18&", "&C18&"]" -> (5, 6] | Q18: B | R18: =IFERROR(INDEX($J18:$L18,MATCH($Q18,$J$11:$L$11,0)),0) -> 0.014739624 | S18: 1 | T18: =$R18*$S18 -> 0.014739624 | U18: =IF(SUM(T$12:T$64)=0,0,T18/SUM(T$12:T$64)) -> 0.0117151 | V18: =INT(U18*$C$2) -> 11715099 | W18: =IF(SUM(V$12:V$64)=0,0,V18/SUM(V$12:V$64)) -> 0.011715099 | X18: =IFERROR(INDEX($M18:$O18,MATCH($Q18,$M$11:$O$11,0)),0)*V18/$C$2 -> 0.06472304
B19: 6 | C19: 7 | D19: 124646 | E19: 1323139 | F19: 0 | G19: 405090625 | H19: 4311237575 | I19: 0 | J19: =IF(SUM(D$12:D$63)=0,0,D19/SUM(D$12:D$63)) -> 0.0012591779 | K19: =IF(SUM(E$12:E$63)=0,0,E19/SUM(E$12:E$63)) -> 0.013343814 | L19: =IF(SUM(F$12:F$63)=0,0,F19/SUM(F$12:F$63)) -> 0 | M19: =IF(D19=0,0,G19/D19/$C$3/5) -> 6.4998576 | N19: =IF(E19=0,0,H19/E19/$C$3/5) -> 6.5166813 | O19: =IF(F19=0,0,I19/F19/$C$3/5) -> 0 | P19: ="("&B19&", "&C19&"]" -> (6, 7] | Q19: B | R19: =IFERROR(INDEX($J19:$L19,MATCH($Q19,$J$11:$L$11,0)),0) -> 0.013343814 | S19: 0.8 | T19: =$R19*$S19 -> 0.010675051 | U19: =IF(SUM(T$12:T$64)=0,0,T19/SUM(T$12:T$64)) -> 0.0084845646 | V19: =INT(U19*$C$2) -> 8484564 | W19: =IF(SUM(V$12:V$64)=0,0,V19/SUM(V$12:V$64)) -> 0.008484564 | X19: =IFERROR(INDEX($M19:$O19,MATCH($Q19,$M$11:$O$11,0)),0)*V19/$C$2 -> 0.055291199
B20: 7 | C20: 8 | D20: 84482 | E20: 1121685 | F20: 0 | G20: 319837600 | H20: 4225509550 | I20: 0 | J20: =IF(SUM(D$12:D$63)=0,0,D20/SUM(D$12:D$63)) -> 0.00085343988 | K20: =IF(SUM(E$12:E$63)=0,0,E20/SUM(E$12:E$63)) -> 0.011312157 | L20: =IF(SUM(F$12:F$63)=0,0,F20/SUM(F$12:F$63)) -> 0 | M20: =IF(D20=0,0,G20/D20/$C$3/5) -> 7.5717336 | N20: =IF(E20=0,0,H20/E20/$C$3/5) -> 7.5342178 | O20: =IF(F20=0,0,I20/F20/$C$3/5) -> 0 | P20: ="("&B20&", "&C20&"]" -> (7, 8] | Q20: B | R20: =IFERROR(INDEX($J20:$L20,MATCH($Q20,$J$11:$L$11,0)),0) -> 0.011312157 | S20: 0.9 | T20: =$R20*$S20 -> 0.010180941 | U20: =IF(SUM(T$12:T$64)=0,0,T20/SUM(T$12:T$64)) -> 0.0080918445 | V20: =INT(U20*$C$2) -> 8091844 | W20: =IF(SUM(V$12:V$64)=0,0,V20/SUM(V$12:V$64)) -> 0.008091844 | X20: =IFERROR(INDEX($M20:$O20,MATCH($Q20,$M$11:$O$11,0)),0)*V20/$C$2 -> 0.060965715
B21: 8 | C21: 9 | D21: 71204 | E21: 1089744 | F21: 0 | G21: 303032850 | H21: 4639783525 | I21: 0 | J21: =IF(SUM(D$12:D$63)=0,0,D21/SUM(D$12:D$63)) -> 0.0007193051 | K21: =IF(SUM(E$12:E$63)=0,0,E21/SUM(E$12:E$63)) -> 0.010990033 | L21: =IF(SUM(F$12:F$63)=0,0,F21/SUM(F$12:F$63)) -> 0 | M21: =IF(D21=0,0,G21/D21/$C$3/5) -> 8.5116805 | N21: =IF(E21=0,0,H21/E21/$C$3/5) -> 8.5153642 | O21: =IF(F21=0,0,I21/F21/$C$3/5) -> 0 | P21: ="("&B21&", "&C21&"]" -> (8, 9] | Q21: B | R21: =IFERROR(INDEX($J21:$L21,MATCH($Q21,$J$11:$L$11,0)),0) -> 0.010990033 | S21: 0.7 | T21: =$R21*$S21 -> 0.0076930231 | U21: =IF(SUM(T$12:T$64)=0,0,T21/SUM(T$12:T$64)) -> 0.0061144392 | V21: =INT(U21*$C$2) -> 6114439 | W21: =IF(SUM(V$12:V$64)=0,0,V21/SUM(V$12:V$64)) -> 0.006114439 | X21: =IFERROR(INDEX($M21:$O21,MATCH($Q21,$M$11:$O$11,0)),0)*V21/$C$2 -> 0.052066675
B22: 9 | C22: 10 | D22: 48023 | E22: 944073 | F22: 0 | G22: 228958500 | H22: 4499878525 | I22: 0 | J22: =IF(SUM(D$12:D$63)=0,0,D22/SUM(D$12:D$63)) -> 0.00048512989 | K22: =IF(SUM(E$12:E$63)=0,0,E22/SUM(E$12:E$63)) -> 0.0095209457 | L22: =IF(SUM(F$12:F$63)=0,0,F22/SUM(F$12:F$63)) -> 0 | M22: =IF(D22=0,0,G22/D22/$C$3/5) -> 9.5353685 | N22: =IF(E22=0,0,H22/E22/$C$3/5) -> 9.5329038 | O22: =IF(F22=0,0,I22/F22/$C$3/5) -> 0 | P22: ="("&B22&", "&C22&"]" -> (9, 10] | Q22: B | R22: =IFERROR(INDEX($J22:$L22,MATCH($Q22,$J$11:$L$11,0)),0) -> 0.0095209457 | S22: 0.44 | T22: =$R22*$S22 -> 0.0041892161 | U22: =IF(SUM(T$12:T$64)=0,0,T22/SUM(T$12:T$64)) -> 0.0033296023 | V22: =INT(U22*$C$2) -> 3329602 | W22: =IF(SUM(V$12:V$64)=0,0,V22/SUM(V$12:V$64)) -> 0.003329602 | X22: =IFERROR(INDEX($M22:$O22,MATCH($Q22,$M$11:$O$11,0)),0)*V22/$C$2 -> 0.031740775
B23: 10 | C23: 15 | D23: 117843 | E23: 3698851 | F23: 0 | G23: 711361275 | H23: 22888608900 | I23: 0 | J23: =IF(SUM(D$12:D$63)=0,0,D23/SUM(D$12:D$63)) -> 0.0011904538 | K23: =IF(SUM(E$12:E$63)=0,0,E23/SUM(E$12:E$63)) -> 0.037302793 | L23: =IF(SUM(F$12:F$63)=0,0,F23/SUM(F$12:F$63)) -> 0 | M23: =IF(D23=0,0,G23/D23/$C$3/5) -> 12.073034 | N23: =IF(E23=0,0,H23/E23/$C$3/5) -> 12.376064 | O23: =IF(F23=0,0,I23/F23/$C$3/5) -> 0 | P23: ="("&B23&", "&C23&"]" -> (10, 15] | Q23: B | R23: =IFERROR(INDEX($J23:$L23,MATCH($Q23,$J$11:$L$11,0)),0) -> 0.037302793 | S23: 0.3145 | T23: =$R23*$S23 -> 0.011731728 | U23: =IF(SUM(T$12:T$64)=0,0,T23/SUM(T$12:T$64)) -> 0.0093244149 | V23: =INT(U23*$C$2) -> 9324414 | W23: =IF(SUM(V$12:V$64)=0,0,V23/SUM(V$12:V$64)) -> 0.009324414 | X23: =IFERROR(INDEX($M23:$O23,MATCH($Q23,$M$11:$O$11,0)),0)*V23/$C$2 -> 0.11539955
B24: 15 | C24: 20 | D24: 45036 | E24: 2622561 | F24: 0 | G24: 386935925 | H24: 22832281425 | I24: 0 | J24: =IF(SUM(D$12:D$63)=0,0,D24/SUM(D$12:D$63)) -> 0.00045495512 | K24: =IF(SUM(E$12:E$63)=0,0,E24/SUM(E$12:E$63)) -> 0.026448443 | L24: =IF(SUM(F$12:F$63)=0,0,F24/SUM(F$12:F$63)) -> 0 | M24: =IF(D24=0,0,G24/D24/$C$3/5) -> 17.183405 | N24: =IF(E24=0,0,H24/E24/$C$3/5) -> 17.412202 | O24: =IF(F24=0,0,I24/F24/$C$3/5) -> 0 | P24: ="("&B24&", "&C24&"]" -> (15, 20] | Q24: B | R24: =IFERROR(INDEX($J24:$L24,MATCH($Q24,$J$11:$L$11,0)),0) -> 0.026448443 | S24: 0 | T24: =$R24*$S24 -> 0 | U24: =IF(SUM(T$12:T$64)=0,0,T24/SUM(T$12:T$64)) -> 0 | V24: =INT(U24*$C$2) -> 0 | W24: =IF(SUM(V$12:V$64)=0,0,V24/SUM(V$12:V$64)) -> 0 | X24: =IFERROR(INDEX($M24:$O24,MATCH($Q24,$M$11:$O$11,0)),0)*V24/$C$2 -> 0
... B63: 7000 | C63: 8000 | D63: 0 | E63: 0 | F63: 0 | G63: 0 | H63: 0 | I63: 0 | J63: =IF(SUM(D$12:D$63)=0,0,D63/SUM(D$12:D$63)) -> 0 | K63: =IF(SUM(E$12:E$63)=0,0,E63/SUM(E$12:E$63)) -> 0 | L63: =IF(SUM(F$12:F$63)=0,0,F63/SUM(F$12:F$63)) -> 0 | M63: =IF(D63=0,0,G63/D63/$C$3/5) -> 0 | N63: =IF(E63=0,0,H63/E63/$C$3/5) -> 0 | O63: =IF(F63=0,0,I63/F63/$C$3/5) -> 0 | P63: ="("&B63&", "&C63&"]" -> (7000, 8000] | Q63: B | R63: =IFERROR(INDEX($J63:$L63,MATCH($Q63,$J$11:$L$11,0)),0) -> 0 | S63: 0 | T63: =$R63*$S63 -> 0 | U63: =IF(SUM(T$12:T$64)=0,0,T63/SUM(T$12:T$64)) -> 0 | V63: =INT(U63*$C$2) -> 0 | W63: =IF(SUM(V$12:V$64)=0,0,V63/SUM(V$12:V$64)) -> 0 | X63: =IFERROR(INDEX($M63:$O63,MATCH($Q63,$M$11:$O$11,0)),0)*V63/$C$2 -> 0
B64: FG Trigger | C64: 0.01010016 | D64: 1010016 | E64: 842518 | F64: 0 | G64: 184759625 | H64: 12104979525 | I64: 0 | J64: =IF(SUM(D$12:D$63)=0,0,D64/SUM(D$12:D$63)) -> 0.010203214 | K64: =IF(SUM(E$12:E$63)=0,0,E64/SUM(E$12:E$63)) -> 0.0084967668 | L64: =IF(SUM(F$12:F$63)=0,0,F64/SUM(F$12:F$63)) -> 0 | M64: =IF(D64=0,0,G64/D64/$C$3/5) -> 0.36585485 | N64: =IF(E64=0,0,H64/E64/$C$3/5) -> 28.735243 | O64: =IF(F64=0,0,I64/F64/$C$3/5) -> 0 | P64: ="("&B64&", "&C64&"]" -> (FG Trigger, 0.01010016] | Q64: A | R64: 0.00849 | S64: 1 | T64: =$R64*$S64 -> 0.00849 | U64: =T64 -> 0.00849 | V64: =INT(U64*$C$2) -> 8490000 | W64: =IF(SUM(V$12:V$64)=0,0,V64/SUM(V$12:V$64)) -> 0.00849 | X64: =IFERROR(INDEX($M64:$O64,MATCH($Q64,$M$11:$O$11,0)),0)*V64/$C$2 -> 0.0031061077
B65: Total | V65: =SUM(V12:V64) -> 1000000000
B68: Free Game | D68: Simulator Cnt | G68: Simulator Pay | J68: Simulator Rate | M68: Simulator RTP
B69: Lower | C69: Upper | D69: D | E69: E | F69: F | G69: D | H69: E | I69: F | J69: D | K69: E | L69: F | M69: D | N69: E | O69: F | P69: Range | Q69: Table | R69: Rate | S69: Fix Num | T69: Fix Rate | U69: Final Rate | V69: Weight | W69: Hit Rate | X69: RTP
B70: -1 | C70: 0 | D70: 0 | E70: 316 | F70: 0 | G70: 0 | H70: 0 | I70: 0 | J70: =IF(SUM(D$70:D$128)=0,0,D70/SUM(D$70:D$128)) -> 0 | K70: =IF(SUM(E$70:E$128)=0,0,E70/SUM(E$70:E$128)) -> 0.00031286633 | L70: =IF(SUM(F$70:F$128)=0,0,F70/SUM(F$70:F$128)) -> 0 | M70: =IF(D70=0,0,G70/D70/$C$3/5) -> 0 | N70: =IF(E70=0,0,H70/E70/$C$3/5) -> 0 | O70: =IF(F70=0,0,I70/F70/$C$3/5) -> 0 | P70: ="("&B70&", "&C70&"]" -> (-1, 0] | Q70: E | R70: =IFERROR(INDEX($J70:$L70,MATCH($Q70,$J$69:$L$69,0)),0) -> 0.00031286633 | S70: 0 | T70: =$R70*$S70 -> 0 | U70: =IF(SUM(T$70:T$128)=0,0,T70/SUM(T$70:T$128)) -> 0 | V70: =INT(U70*$C$2) -> 0 | W70: =IF(SUM(V$70:V$128)=0,0,V70/SUM(V$70:V$128)) -> 0 | X70: =IFERROR(INDEX($M70:$O70,MATCH($Q70,$M$69:$O$69,0)),0)*V70/$C$2 -> 0
B71: 0 | C71: 1 | D71: 0 | E71: 2222 | F71: 0 | G71: 0 | H71: 676000 | I71: 0 | J71: =IF(SUM(D$70:D$128)=0,0,D71/SUM(D$70:D$128)) -> 0 | K71: =IF(SUM(E$70:E$128)=0,0,E71/SUM(E$70:E$128)) -> 0.0021999651 | L71: =IF(SUM(F$70:F$128)=0,0,F71/SUM(F$70:F$128)) -> 0 | M71: =IF(D71=0,0,G71/D71/$C$3/5) -> 0 | N71: =IF(E71=0,0,H71/E71/$C$3/5) -> 0.60846085 | O71: =IF(F71=0,0,I71/F71/$C$3/5) -> 0 | P71: ="("&B71&", "&C71&"]" -> (0, 1] | Q71: E | R71: =IFERROR(INDEX($J71:$L71,MATCH($Q71,$J$69:$L$69,0)),0) -> 0.0021999651 | S71: 0 | T71: =$R71*$S71 -> 0 | U71: =IF(SUM(T$70:T$128)=0,0,T71/SUM(T$70:T$128)) -> 0 | V71: =INT(U71*$C$2) -> 0 | W71: =IF(SUM(V$70:V$128)=0,0,V71/SUM(V$70:V$128)) -> 0 | X71: =IFERROR(INDEX($M71:$O71,MATCH($Q71,$M$69:$O$69,0)),0)*V71/$C$2 -> 0
B72: 1 | C72: 2 | D72: 0 | E72: 2756 | F72: 0 | G72: 0 | H72: 2169950 | I72: 0 | J72: =IF(SUM(D$70:D$128)=0,0,D72/SUM(D$70:D$128)) -> 0 | K72: =IF(SUM(E$70:E$128)=0,0,E72/SUM(E$70:E$128)) -> 0.0027286696 | L72: =IF(SUM(F$70:F$128)=0,0,F72/SUM(F$70:F$128)) -> 0 | M72: =IF(D72=0,0,G72/D72/$C$3/5) -> 0 | N72: =IF(E72=0,0,H72/E72/$C$3/5) -> 1.5747097 | O72: =IF(F72=0,0,I72/F72/$C$3/5) -> 0 | P72: ="("&B72&", "&C72&"]" -> (1, 2] | Q72: E | R72: =IFERROR(INDEX($J72:$L72,MATCH($Q72,$J$69:$L$69,0)),0) -> 0.0027286696 | S72: 0 | T72: =$R72*$S72 -> 0 | U72: =IF(SUM(T$70:T$128)=0,0,T72/SUM(T$70:T$128)) -> 0 | V72: =INT(U72*$C$2) -> 0 | W72: =IF(SUM(V$70:V$128)=0,0,V72/SUM(V$70:V$128)) -> 0 | X72: =IFERROR(INDEX($M72:$O72,MATCH($Q72,$M$69:$O$69,0)),0)*V72/$C$2 -> 0
B73: 2 | C73: 3 | D73: 0 | E73: 3023 | F73: 0 | G73: 0 | H73: 3886500 | I73: 0 | J73: =IF(SUM(D$70:D$128)=0,0,D73/SUM(D$70:D$128)) -> 0 | K73: =IF(SUM(E$70:E$128)=0,0,E73/SUM(E$70:E$128)) -> 0.0029930219 | L73: =IF(SUM(F$70:F$128)=0,0,F73/SUM(F$70:F$128)) -> 0 | M73: =IF(D73=0,0,G73/D73/$C$3/5) -> 0 | N73: =IF(E73=0,0,H73/E73/$C$3/5) -> 2.5712868 | O73: =IF(F73=0,0,I73/F73/$C$3/5) -> 0 | P73: ="("&B73&", "&C73&"]" -> (2, 3] | Q73: E | R73: =IFERROR(INDEX($J73:$L73,MATCH($Q73,$J$69:$L$69,0)),0) -> 0.0029930219 | S73: 0 | T73: =$R73*$S73 -> 0 | U73: =IF(SUM(T$70:T$128)=0,0,T73/SUM(T$70:T$128)) -> 0 | V73: =INT(U73*$C$2) -> 0 | W73: =IF(SUM(V$70:V$128)=0,0,V73/SUM(V$70:V$128)) -> 0 | X73: =IFERROR(INDEX($M73:$O73,MATCH($Q73,$M$69:$O$69,0)),0)*V73/$C$2 -> 0
B74: 3 | C74: 4 | D74: 0 | E74: 3095 | F74: 0 | G74: 0 | H74: 5503800 | I74: 0 | J74: =IF(SUM(D$70:D$128)=0,0,D74/SUM(D$70:D$128)) -> 0 | K74: =IF(SUM(E$70:E$128)=0,0,E74/SUM(E$70:E$128)) -> 0.0030643079 | L74: =IF(SUM(F$70:F$128)=0,0,F74/SUM(F$70:F$128)) -> 0 | M74: =IF(D74=0,0,G74/D74/$C$3/5) -> 0 | N74: =IF(E74=0,0,H74/E74/$C$3/5) -> 3.5565751 | O74: =IF(F74=0,0,I74/F74/$C$3/5) -> 0 | P74: ="("&B74&", "&C74&"]" -> (3, 4] | Q74: E | R74: =IFERROR(INDEX($J74:$L74,MATCH($Q74,$J$69:$L$69,0)),0) -> 0.0030643079 | S74: 0 | T74: =$R74*$S74 -> 0 | U74: =IF(SUM(T$70:T$128)=0,0,T74/SUM(T$70:T$128)) -> 0 | V74: =INT(U74*$C$2) -> 0 | W74: =IF(SUM(V$70:V$128)=0,0,V74/SUM(V$70:V$128)) -> 0 | X74: =IFERROR(INDEX($M74:$O74,MATCH($Q74,$M$69:$O$69,0)),0)*V74/$C$2 -> 0
B75: 4 | C75: 5 | D75: 0 | E75: 3068 | F75: 0 | G75: 0 | H75: 7011850 | I75: 0 | J75: =IF(SUM(D$70:D$128)=0,0,D75/SUM(D$70:D$128)) -> 0 | K75: =IF(SUM(E$70:E$128)=0,0,E75/SUM(E$70:E$128)) -> 0.0030375756 | L75: =IF(SUM(F$70:F$128)=0,0,F75/SUM(F$70:F$128)) -> 0 | M75: =IF(D75=0,0,G75/D75/$C$3/5) -> 0 | N75: =IF(E75=0,0,H75/E75/$C$3/5) -> 4.5709583 | O75: =IF(F75=0,0,I75/F75/$C$3/5) -> 0 | P75: ="("&B75&", "&C75&"]" -> (4, 5] | Q75: E | R75: =IFERROR(INDEX($J75:$L75,MATCH($Q75,$J$69:$L$69,0)),0) -> 0.0030375756 | S75: 0 | T75: =$R75*$S75 -> 0 | U75: =IF(SUM(T$70:T$128)=0,0,T75/SUM(T$70:T$128)) -> 0 | V75: =INT(U75*$C$2) -> 0 | W75: =IF(SUM(V$70:V$128)=0,0,V75/SUM(V$70:V$128)) -> 0 | X75: =IFERROR(INDEX($M75:$O75,MATCH($Q75,$M$69:$O$69,0)),0)*V75/$C$2 -> 0
B76: 5 | C76: 6 | D76: 0 | E76: 3185 | F76: 0 | G76: 0 | H76: 8850050 | I76: 0 | J76: =IF(SUM(D$70:D$128)=0,0,D76/SUM(D$70:D$128)) -> 0 | K76: =IF(SUM(E$70:E$128)=0,0,E76/SUM(E$70:E$128)) -> 0.0031534154 | L76: =IF(SUM(F$70:F$128)=0,0,F76/SUM(F$70:F$128)) -> 0 | M76: =IF(D76=0,0,G76/D76/$C$3/5) -> 0 | N76: =IF(E76=0,0,H76/E76/$C$3/5) -> 5.5573312 | O76: =IF(F76=0,0,I76/F76/$C$3/5) -> 0 | P76: ="("&B76&", "&C76&"]" -> (5, 6] | Q76: E | R76: =IFERROR(INDEX($J76:$L76,MATCH($Q76,$J$69:$L$69,0)),0) -> 0.0031534154 | S76: 0 | T76: =$R76*$S76 -> 0 | U76: =IF(SUM(T$70:T$128)=0,0,T76/SUM(T$70:T$128)) -> 0 | V76: =INT(U76*$C$2) -> 0 | W76: =IF(SUM(V$70:V$128)=0,0,V76/SUM(V$70:V$128)) -> 0 | X76: =IFERROR(INDEX($M76:$O76,MATCH($Q76,$M$69:$O$69,0)),0)*V76/$C$2 -> 0
B77: 6 | C77: 7 | D77: 0 | E77: 3215 | F77: 0 | G77: 0 | H77: 10540600 | I77: 0 | J77: =IF(SUM(D$70:D$128)=0,0,D77/SUM(D$70:D$128)) -> 0 | K77: =IF(SUM(E$70:E$128)=0,0,E77/SUM(E$70:E$128)) -> 0.0031831179 | L77: =IF(SUM(F$70:F$128)=0,0,F77/SUM(F$70:F$128)) -> 0 | M77: =IF(D77=0,0,G77/D77/$C$3/5) -> 0 | N77: =IF(E77=0,0,H77/E77/$C$3/5) -> 6.5571384 | O77: =IF(F77=0,0,I77/F77/$C$3/5) -> 0 | P77: ="("&B77&", "&C77&"]" -> (6, 7] | Q77: E | R77: =IFERROR(INDEX($J77:$L77,MATCH($Q77,$J$69:$L$69,0)),0) -> 0.0031831179 | S77: 0 | T77: =$R77*$S77 -> 0 | U77: =IF(SUM(T$70:T$128)=0,0,T77/SUM(T$70:T$128)) -> 0 | V77: =INT(U77*$C$2) -> 0 | W77: =IF(SUM(V$70:V$128)=0,0,V77/SUM(V$70:V$128)) -> 0 | X77: =IFERROR(INDEX($M77:$O77,MATCH($Q77,$M$69:$O$69,0)),0)*V77/$C$2 -> 0
B78: 7 | C78: 8 | D78: 0 | E78: 3055 | F78: 0 | G78: 0 | H78: 11542100 | I78: 0 | J78: =IF(SUM(D$70:D$128)=0,0,D78/SUM(D$70:D$128)) -> 0 | K78: =IF(SUM(E$70:E$128)=0,0,E78/SUM(E$70:E$128)) -> 0.0030247046 | L78: =IF(SUM(F$70:F$128)=0,0,F78/SUM(F$70:F$128)) -> 0 | M78: =IF(D78=0,0,G78/D78/$C$3/5) -> 0 | N78: =IF(E78=0,0,H78/E78/$C$3/5) -> 7.5562029 | O78: =IF(F78=0,0,I78/F78/$C$3/5) -> 0 | P78: ="("&B78&", "&C78&"]" -> (7, 8] | Q78: E | R78: =IFERROR(INDEX($J78:$L78,MATCH($Q78,$J$69:$L$69,0)),0) -> 0.0030247046 | S78: 0 | T78: =$R78*$S78 -> 0 | U78: =IF(SUM(T$70:T$128)=0,0,T78/SUM(T$70:T$128)) -> 0 | V78: =INT(U78*$C$2) -> 0 | W78: =IF(SUM(V$70:V$128)=0,0,V78/SUM(V$70:V$128)) -> 0 | X78: =IFERROR(INDEX($M78:$O78,MATCH($Q78,$M$69:$O$69,0)),0)*V78/$C$2 -> 0
B79: 8 | C79: 9 | D79: 0 | E79: 3155 | F79: 0 | G79: 0 | H79: 13497550 | I79: 0 | J79: =IF(SUM(D$70:D$128)=0,0,D79/SUM(D$70:D$128)) -> 0 | K79: =IF(SUM(E$70:E$128)=0,0,E79/SUM(E$70:E$128)) -> 0.0031237129 | L79: =IF(SUM(F$70:F$128)=0,0,F79/SUM(F$70:F$128)) -> 0 | M79: =IF(D79=0,0,G79/D79/$C$3/5) -> 0 | N79: =IF(E79=0,0,H79/E79/$C$3/5) -> 8.5562916 | O79: =IF(F79=0,0,I79/F79/$C$3/5) -> 0 | P79: ="("&B79&", "&C79&"]" -> (8, 9] | Q79: E | R79: =IFERROR(INDEX($J79:$L79,MATCH($Q79,$J$69:$L$69,0)),0) -> 0.0031237129 | S79: 0 | T79: =$R79*$S79 -> 0 | U79: =IF(SUM(T$70:T$128)=0,0,T79/SUM(T$70:T$128)) -> 0 | V79: =INT(U79*$C$2) -> 0 | W79: =IF(SUM(V$70:V$128)=0,0,V79/SUM(V$70:V$128)) -> 0 | X79: =IFERROR(INDEX($M79:$O79,MATCH($Q79,$M$69:$O$69,0)),0)*V79/$C$2 -> 0
B80: 9 | C80: 10 | D80: 0 | E80: 3289 | F80: 0 | G80: 0 | H80: 15750950 | I80: 0 | J80: =IF(SUM(D$70:D$128)=0,0,D80/SUM(D$70:D$128)) -> 0 | K80: =IF(SUM(E$70:E$128)=0,0,E80/SUM(E$70:E$128)) -> 0.0032563841 | L80: =IF(SUM(F$70:F$128)=0,0,F80/SUM(F$70:F$128)) -> 0 | M80: =IF(D80=0,0,G80/D80/$C$3/5) -> 0 | N80: =IF(E80=0,0,H80/E80/$C$3/5) -> 9.5779568 | O80: =IF(F80=0,0,I80/F80/$C$3/5) -> 0 | P80: ="("&B80&", "&C80&"]" -> (9, 10] | Q80: E | R80: =IFERROR(INDEX($J80:$L80,MATCH($Q80,$J$69:$L$69,0)),0) -> 0.0032563841 | S80: 0 | T80: =$R80*$S80 -> 0 | U80: =IF(SUM(T$70:T$128)=0,0,T80/SUM(T$70:T$128)) -> 0 | V80: =INT(U80*$C$2) -> 0 | W80: =IF(SUM(V$70:V$128)=0,0,V80/SUM(V$70:V$128)) -> 0 | X80: =IFERROR(INDEX($M80:$O80,MATCH($Q80,$M$69:$O$69,0)),0)*V80/$C$2 -> 0
B81: 10 | C81: 15 | D81: 0 | E81: 16424 | F81: 0 | G81: 0 | H81: 103238050 | I81: 0 | J81: =IF(SUM(D$70:D$128)=0,0,D81/SUM(D$70:D$128)) -> 0 | K81: =IF(SUM(E$70:E$128)=0,0,E81/SUM(E$70:E$128)) -> 0.016261129 | L81: =IF(SUM(F$70:F$128)=0,0,F81/SUM(F$70:F$128)) -> 0 | M81: =IF(D81=0,0,G81/D81/$C$3/5) -> 0 | N81: =IF(E81=0,0,H81/E81/$C$3/5) -> 12.571609 | O81: =IF(F81=0,0,I81/F81/$C$3/5) -> 0 | P81: ="("&B81&", "&C81&"]" -> (10, 15] | Q81: E | R81: =IFERROR(INDEX($J81:$L81,MATCH($Q81,$J$69:$L$69,0)),0) -> 0.016261129 | S81: 0 | T81: =$R81*$S81 -> 0 | U81: =IF(SUM(T$70:T$128)=0,0,T81/SUM(T$70:T$128)) -> 0 | V81: =INT(U81*$C$2) -> 0 | W81: =IF(SUM(V$70:V$128)=0,0,V81/SUM(V$70:V$128)) -> 0 | X81: =IFERROR(INDEX($M81:$O81,MATCH($Q81,$M$69:$O$69,0)),0)*V81/$C$2 -> 0
... B121: 7000 | C121: 8000 | D121: 0 | E121: 0 | F121: 0 | G121: 0 | H121: 0 | I121: 0 | J121: =IF(SUM(D$70:D$128)=0,0,D121/SUM(D$70:D$128)) -> 0 | K121: =IF(SUM(E$70:E$128)=0,0,E121/SUM(E$70:E$128)) -> 0 | L121: =IF(SUM(F$70:F$128)=0,0,F121/SUM(F$70:F$128)) -> 0 | M121: =IF(D121=0,0,G121/D121/$C$3/5) -> 0 | N121: =IF(E121=0,0,H121/E121/$C$3/5) -> 0 | O121: =IF(F121=0,0,I121/F121/$C$3/5) -> 0 | P121: ="("&B121&", "&C121&"]" -> (7000, 8000] | Q121: E | R121: =IFERROR(INDEX($J121:$L121,MATCH($Q121,$J$69:$L$69,0)),0) -> 0 | S121: 0 | T121: =$R121*$S121 -> 0 | U121: =IF(SUM(T$70:T$128)=0,0,T121/SUM(T$70:T$128)) -> 0 | V121: =INT(U121*$C$2) -> 0 | W121: =IF(SUM(V$70:V$128)=0,0,V121/SUM(V$70:V$128)) -> 0 | X121: =IFERROR(INDEX($M121:$O121,MATCH($Q121,$M$69:$O$69,0)),0)*V121/$C$2 -> 0
D122: 0 | E122: 0 | F122: 0 | G122: 0 | H122: 0 | I122: 0 | J122: =IF(SUM(D$70:D$128)=0,0,D122/SUM(D$70:D$128)) -> 0 | K122: =IF(SUM(E$70:E$128)=0,0,E122/SUM(E$70:E$128)) -> 0 | L122: =IF(SUM(F$70:F$128)=0,0,F122/SUM(F$70:F$128)) -> 0 | M122: =IF(D122=0,0,G122/D122/$C$3/5) -> 0 | N122: =IF(E122=0,0,H122/E122/$C$3/5) -> 0 | O122: =IF(F122=0,0,I122/F122/$C$3/5) -> 0 | P122: ="("&B122&", "&C122&"]" -> (, ] | Q122: E | R122: =IFERROR(INDEX($J122:$L122,MATCH($Q122,$J$69:$L$69,0)),0) -> 0 | S122: 0 | T122: =$R122*$S122 -> 0 | U122: =IF(SUM(T$70:T$128)=0,0,T122/SUM(T$70:T$128)) -> 0 | V122: =INT(U122*$C$2) -> 0 | W122: =IF(SUM(V$70:V$128)=0,0,V122/SUM(V$70:V$128)) -> 0 | X122: =IFERROR(INDEX($M122:$O122,MATCH($Q122,$M$69:$O$69,0)),0)*V122/$C$2 -> 0
D123: 0 | E123: 0 | F123: 0 | G123: 0 | H123: 0 | I123: 0 | J123: =IF(SUM(D$70:D$128)=0,0,D123/SUM(D$70:D$128)) -> 0 | K123: =IF(SUM(E$70:E$128)=0,0,E123/SUM(E$70:E$128)) -> 0 | L123: =IF(SUM(F$70:F$128)=0,0,F123/SUM(F$70:F$128)) -> 0 | M123: =IF(D123=0,0,G123/D123/$C$3/5) -> 0 | N123: =IF(E123=0,0,H123/E123/$C$3/5) -> 0 | O123: =IF(F123=0,0,I123/F123/$C$3/5) -> 0 | P123: ="("&B123&", "&C123&"]" -> (, ] | Q123: E | R123: =IFERROR(INDEX($J123:$L123,MATCH($Q123,$J$69:$L$69,0)),0) -> 0 | S123: 0 | T123: =$R123*$S123 -> 0 | U123: =IF(SUM(T$70:T$128)=0,0,T123/SUM(T$70:T$128)) -> 0 | V123: =INT(U123*$C$2) -> 0 | W123: =IF(SUM(V$70:V$128)=0,0,V123/SUM(V$70:V$128)) -> 0 | X123: =IFERROR(INDEX($M123:$O123,MATCH($Q123,$M$69:$O$69,0)),0)*V123/$C$2 -> 0
D124: 0 | E124: 0 | F124: 0 | G124: 0 | H124: 0 | I124: 0 | J124: =IF(SUM(D$70:D$128)=0,0,D124/SUM(D$70:D$128)) -> 0 | K124: =IF(SUM(E$70:E$128)=0,0,E124/SUM(E$70:E$128)) -> 0 | L124: =IF(SUM(F$70:F$128)=0,0,F124/SUM(F$70:F$128)) -> 0 | M124: =IF(D124=0,0,G124/D124/$C$3/5) -> 0 | N124: =IF(E124=0,0,H124/E124/$C$3/5) -> 0 | O124: =IF(F124=0,0,I124/F124/$C$3/5) -> 0 | P124: ="("&B124&", "&C124&"]" -> (, ] | Q124: E | R124: =IFERROR(INDEX($J124:$L124,MATCH($Q124,$J$69:$L$69,0)),0) -> 0 | S124: 0 | T124: =$R124*$S124 -> 0 | U124: =IF(SUM(T$70:T$128)=0,0,T124/SUM(T$70:T$128)) -> 0 | V124: =INT(U124*$C$2) -> 0 | W124: =IF(SUM(V$70:V$128)=0,0,V124/SUM(V$70:V$128)) -> 0 | X124: =IFERROR(INDEX($M124:$O124,MATCH($Q124,$M$69:$O$69,0)),0)*V124/$C$2 -> 0
D125: 0 | E125: 0 | F125: 0 | G125: 0 | H125: 0 | I125: 0 | J125: =IF(SUM(D$70:D$128)=0,0,D125/SUM(D$70:D$128)) -> 0 | K125: =IF(SUM(E$70:E$128)=0,0,E125/SUM(E$70:E$128)) -> 0 | L125: =IF(SUM(F$70:F$128)=0,0,F125/SUM(F$70:F$128)) -> 0 | M125: =IF(D125=0,0,G125/D125/$C$3/5) -> 0 | N125: =IF(E125=0,0,H125/E125/$C$3/5) -> 0 | O125: =IF(F125=0,0,I125/F125/$C$3/5) -> 0 | P125: ="("&B125&", "&C125&"]" -> (, ] | Q125: E | R125: =IFERROR(INDEX($J125:$L125,MATCH($Q125,$J$69:$L$69,0)),0) -> 0 | S125: 0 | T125: =$R125*$S125 -> 0 | U125: =IF(SUM(T$70:T$128)=0,0,T125/SUM(T$70:T$128)) -> 0 | V125: =INT(U125*$C$2) -> 0 | W125: =IF(SUM(V$70:V$128)=0,0,V125/SUM(V$70:V$128)) -> 0 | X125: =IFERROR(INDEX($M125:$O125,MATCH($Q125,$M$69:$O$69,0)),0)*V125/$C$2 -> 0
D126: 0 | E126: 0 | F126: 0 | G126: 0 | H126: 0 | I126: 0 | J126: =IF(SUM(D$70:D$128)=0,0,D126/SUM(D$70:D$128)) -> 0 | K126: =IF(SUM(E$70:E$128)=0,0,E126/SUM(E$70:E$128)) -> 0 | L126: =IF(SUM(F$70:F$128)=0,0,F126/SUM(F$70:F$128)) -> 0 | M126: =IF(D126=0,0,G126/D126/$C$3/5) -> 0 | N126: =IF(E126=0,0,H126/E126/$C$3/5) -> 0 | O126: =IF(F126=0,0,I126/F126/$C$3/5) -> 0 | P126: ="("&B126&", "&C126&"]" -> (, ] | Q126: E | R126: =IFERROR(INDEX($J126:$L126,MATCH($Q126,$J$69:$L$69,0)),0) -> 0 | S126: 0 | T126: =$R126*$S126 -> 0 | U126: =IF(SUM(T$70:T$128)=0,0,T126/SUM(T$70:T$128)) -> 0 | V126: =INT(U126*$C$2) -> 0 | W126: =IF(SUM(V$70:V$128)=0,0,V126/SUM(V$70:V$128)) -> 0 | X126: =IFERROR(INDEX($M126:$O126,MATCH($Q126,$M$69:$O$69,0)),0)*V126/$C$2 -> 0
D127: 0 | E127: 0 | F127: 0 | G127: 0 | H127: 0 | I127: 0 | J127: =IF(SUM(D$70:D$128)=0,0,D127/SUM(D$70:D$128)) -> 0 | K127: =IF(SUM(E$70:E$128)=0,0,E127/SUM(E$70:E$128)) -> 0 | L127: =IF(SUM(F$70:F$128)=0,0,F127/SUM(F$70:F$128)) -> 0 | M127: =IF(D127=0,0,G127/D127/$C$3/5) -> 0 | N127: =IF(E127=0,0,H127/E127/$C$3/5) -> 0 | O127: =IF(F127=0,0,I127/F127/$C$3/5) -> 0 | P127: ="("&B127&", "&C127&"]" -> (, ] | Q127: E | R127: =IFERROR(INDEX($J127:$L127,MATCH($Q127,$J$69:$L$69,0)),0) -> 0 | S127: 0 | T127: =$R127*$S127 -> 0 | U127: =IF(SUM(T$70:T$128)=0,0,T127/SUM(T$70:T$128)) -> 0 | V127: =INT(U127*$C$2) -> 0 | W127: =IF(SUM(V$70:V$128)=0,0,V127/SUM(V$70:V$128)) -> 0 | X127: =IFERROR(INDEX($M127:$O127,MATCH($Q127,$M$69:$O$69,0)),0)*V127/$C$2 -> 0
D128: 0 | E128: 0 | F128: 0 | G128: 0 | H128: 0 | I128: 0 | J128: =IF(SUM(D$70:D$128)=0,0,D128/SUM(D$70:D$128)) -> 0 | K128: =IF(SUM(E$70:E$128)=0,0,E128/SUM(E$70:E$128)) -> 0 | L128: =IF(SUM(F$70:F$128)=0,0,F128/SUM(F$70:F$128)) -> 0 | M128: =IF(D128=0,0,G128/D128/$C$3/5) -> 0 | N128: =IF(E128=0,0,H128/E128/$C$3/5) -> 0 | O128: =IF(F128=0,0,I128/F128/$C$3/5) -> 0 | P128: ="("&B128&", "&C128&"]" -> (, ] | Q128: E | R128: =IFERROR(INDEX($J128:$L128,MATCH($Q128,$J$69:$L$69,0)),0) -> 0 | S128: 0 | T128: =$R128*$S128 -> 0 | U128: =IF(SUM(T$70:T$128)=0,0,T128/SUM(T$70:T$128)) -> 0 | V128: =INT(U128*$C$2) -> 0 | W128: =IF(SUM(V$70:V$128)=0,0,V128/SUM(V$70:V$128)) -> 0 | X128: =IFERROR(INDEX($M128:$O128,MATCH($Q128,$M$69:$O$69,0)),0)*V128/$C$2 -> 0
B129: Total | V129: =SUM(V70:V128) -> 999999997
B132: Buy Feature | D132: Simulator Cnt | G132: Simulator Pay | J132: Simulator Rate | M132: Simulator RTP
B133: Lower | C133: Upper | D133: D | E133: E | F133: F | G133: D | H133: E | I133: F | J133: D | K133: E | L133: F | M133: D | N133: E | O133: F | P133: Range | Q133: Table | R133: Rate | S133: Fix Num | T133: Fix Rate | U133: Final Rate | V133: Weight | W133: Hit Rate | X133: RTP
B134: -1 | C134: 0 | D134: 0 | E134: 316 | F134: 0 | G134: 0 | H134: 0 | I134: 0 | J134: =IF(SUM(D$134:D$192)=0,0,D134/SUM(D$134:D$192)) -> 0 | K134: =IF(SUM(E$134:E$192)=0,0,E134/SUM(E$134:E$192)) -> 0.00031286633 | L134: =IF(SUM(F$134:F$192)=0,0,F134/SUM(F$134:F$192)) -> 0 | M134: =IF(D134=0,0,G134/D134/$C$3/5) -> 0 | N134: =IF(E134=0,0,H134/E134/$C$3/5) -> 0 | O134: =IF(F134=0,0,I134/F134/$C$3/5) -> 0 | P134: ="("&B134&", "&C134&"]" -> (-1, 0] | Q134: E | R134: =IFERROR(INDEX($J134:$L134,MATCH($Q134,$J$133:$L$133,0)),0) -> 0.00031286633 | S134: 0 | T134: =$R134*$S134 -> 0 | U134: =IF(SUM(T$134:T$192)=0,0,T134/SUM(T$134:T$192)) -> 0 | V134: =INT(U134*$C$2) -> 0 | W134: =IF(SUM(V$134:V$192)=0,0,V134/SUM(V$134:V$192)) -> 0 | X134: =IFERROR(INDEX($M134:$O134,MATCH($Q134,$M$133:$O$133,0)),0)*V134/$C$2 -> 0
B135: 0 | C135: 1 | D135: 0 | E135: 2222 | F135: 0 | G135: 0 | H135: 676000 | I135: 0 | J135: =IF(SUM(D$134:D$192)=0,0,D135/SUM(D$134:D$192)) -> 0 | K135: =IF(SUM(E$134:E$192)=0,0,E135/SUM(E$134:E$192)) -> 0.0021999651 | L135: =IF(SUM(F$134:F$192)=0,0,F135/SUM(F$134:F$192)) -> 0 | M135: =IF(D135=0,0,G135/D135/$C$3/5) -> 0 | N135: =IF(E135=0,0,H135/E135/$C$3/5) -> 0.60846085 | O135: =IF(F135=0,0,I135/F135/$C$3/5) -> 0 | P135: ="("&B135&", "&C135&"]" -> (0, 1] | Q135: E | R135: =IFERROR(INDEX($J135:$L135,MATCH($Q135,$J$133:$L$133,0)),0) -> 0.0021999651 | S135: 0 | T135: =$R135*$S135 -> 0 | U135: =IF(SUM(T$134:T$192)=0,0,T135/SUM(T$134:T$192)) -> 0 | V135: =INT(U135*$C$2) -> 0 | W135: =IF(SUM(V$134:V$192)=0,0,V135/SUM(V$134:V$192)) -> 0 | X135: =IFERROR(INDEX($M135:$O135,MATCH($Q135,$M$133:$O$133,0)),0)*V135/$C$2 -> 0
B136: 1 | C136: 2 | D136: 0 | E136: 2756 | F136: 0 | G136: 0 | H136: 2169950 | I136: 0 | J136: =IF(SUM(D$134:D$192)=0,0,D136/SUM(D$134:D$192)) -> 0 | K136: =IF(SUM(E$134:E$192)=0,0,E136/SUM(E$134:E$192)) -> 0.0027286696 | L136: =IF(SUM(F$134:F$192)=0,0,F136/SUM(F$134:F$192)) -> 0 | M136: =IF(D136=0,0,G136/D136/$C$3/5) -> 0 | N136: =IF(E136=0,0,H136/E136/$C$3/5) -> 1.5747097 | O136: =IF(F136=0,0,I136/F136/$C$3/5) -> 0 | P136: ="("&B136&", "&C136&"]" -> (1, 2] | Q136: E | R136: =IFERROR(INDEX($J136:$L136,MATCH($Q136,$J$133:$L$133,0)),0) -> 0.0027286696 | S136: 0 | T136: =$R136*$S136 -> 0 | U136: =IF(SUM(T$134:T$192)=0,0,T136/SUM(T$134:T$192)) -> 0 | V136: =INT(U136*$C$2) -> 0 | W136: =IF(SUM(V$134:V$192)=0,0,V136/SUM(V$134:V$192)) -> 0 | X136: =IFERROR(INDEX($M136:$O136,MATCH($Q136,$M$133:$O$133,0)),0)*V136/$C$2 -> 0
B137: 2 | C137: 3 | D137: 0 | E137: 3023 | F137: 0 | G137: 0 | H137: 3886500 | I137: 0 | J137: =IF(SUM(D$134:D$192)=0,0,D137/SUM(D$134:D$192)) -> 0 | K137: =IF(SUM(E$134:E$192)=0,0,E137/SUM(E$134:E$192)) -> 0.0029930219 | L137: =IF(SUM(F$134:F$192)=0,0,F137/SUM(F$134:F$192)) -> 0 | M137: =IF(D137=0,0,G137/D137/$C$3/5) -> 0 | N137: =IF(E137=0,0,H137/E137/$C$3/5) -> 2.5712868 | O137: =IF(F137=0,0,I137/F137/$C$3/5) -> 0 | P137: ="("&B137&", "&C137&"]" -> (2, 3] | Q137: E | R137: =IFERROR(INDEX($J137:$L137,MATCH($Q137,$J$133:$L$133,0)),0) -> 0.0029930219 | S137: 0 | T137: =$R137*$S137 -> 0 | U137: =IF(SUM(T$134:T$192)=0,0,T137/SUM(T$134:T$192)) -> 0 | V137: =INT(U137*$C$2) -> 0 | W137: =IF(SUM(V$134:V$192)=0,0,V137/SUM(V$134:V$192)) -> 0 | X137: =IFERROR(INDEX($M137:$O137,MATCH($Q137,$M$133:$O$133,0)),0)*V137/$C$2 -> 0
B138: 3 | C138: 4 | D138: 0 | E138: 3095 | F138: 0 | G138: 0 | H138: 5503800 | I138: 0 | J138: =IF(SUM(D$134:D$192)=0,0,D138/SUM(D$134:D$192)) -> 0 | K138: =IF(SUM(E$134:E$192)=0,0,E138/SUM(E$134:E$192)) -> 0.0030643079 | L138: =IF(SUM(F$134:F$192)=0,0,F138/SUM(F$134:F$192)) -> 0 | M138: =IF(D138=0,0,G138/D138/$C$3/5) -> 0 | N138: =IF(E138=0,0,H138/E138/$C$3/5) -> 3.5565751 | O138: =IF(F138=0,0,I138/F138/$C$3/5) -> 0 | P138: ="("&B138&", "&C138&"]" -> (3, 4] | Q138: E | R138: =IFERROR(INDEX($J138:$L138,MATCH($Q138,$J$133:$L$133,0)),0) -> 0.0030643079 | S138: 0 | T138: =$R138*$S138 -> 0 | U138: =IF(SUM(T$134:T$192)=0,0,T138/SUM(T$134:T$192)) -> 0 | V138: =INT(U138*$C$2) -> 0 | W138: =IF(SUM(V$134:V$192)=0,0,V138/SUM(V$134:V$192)) -> 0 | X138: =IFERROR(INDEX($M138:$O138,MATCH($Q138,$M$133:$O$133,0)),0)*V138/$C$2 -> 0
B139: 4 | C139: 5 | D139: 0 | E139: 3068 | F139: 0 | G139: 0 | H139: 7011850 | I139: 0 | J139: =IF(SUM(D$134:D$192)=0,0,D139/SUM(D$134:D$192)) -> 0 | K139: =IF(SUM(E$134:E$192)=0,0,E139/SUM(E$134:E$192)) -> 0.0030375756 | L139: =IF(SUM(F$134:F$192)=0,0,F139/SUM(F$134:F$192)) -> 0 | M139: =IF(D139=0,0,G139/D139/$C$3/5) -> 0 | N139: =IF(E139=0,0,H139/E139/$C$3/5) -> 4.5709583 | O139: =IF(F139=0,0,I139/F139/$C$3/5) -> 0 | P139: ="("&B139&", "&C139&"]" -> (4, 5] | Q139: E | R139: =IFERROR(INDEX($J139:$L139,MATCH($Q139,$J$133:$L$133,0)),0) -> 0.0030375756 | S139: 2 | T139: =$R139*$S139 -> 0.0060751513 | U139: =IF(SUM(T$134:T$192)=0,0,T139/SUM(T$134:T$192)) -> 0.0089914937 | V139: =INT(U139*$C$2) -> 8991493 | W139: =IF(SUM(V$134:V$192)=0,0,V139/SUM(V$134:V$192)) -> 0.0089914931 | X139: =IFERROR(INDEX($M139:$O139,MATCH($Q139,$M$133:$O$133,0)),0)*V139/$C$2 -> 0.041099739
B140: 5 | C140: 6 | D140: 0 | E140: 3185 | F140: 0 | G140: 0 | H140: 8850050 | I140: 0 | J140: =IF(SUM(D$134:D$192)=0,0,D140/SUM(D$134:D$192)) -> 0 | K140: =IF(SUM(E$134:E$192)=0,0,E140/SUM(E$134:E$192)) -> 0.0031534154 | L140: =IF(SUM(F$134:F$192)=0,0,F140/SUM(F$134:F$192)) -> 0 | M140: =IF(D140=0,0,G140/D140/$C$3/5) -> 0 | N140: =IF(E140=0,0,H140/E140/$C$3/5) -> 5.5573312 | O140: =IF(F140=0,0,I140/F140/$C$3/5) -> 0 | P140: ="("&B140&", "&C140&"]" -> (5, 6] | Q140: E | R140: =IFERROR(INDEX($J140:$L140,MATCH($Q140,$J$133:$L$133,0)),0) -> 0.0031534154 | S140: 4.8 | T140: =$R140*$S140 -> 0.015136394 | U140: =IF(SUM(T$134:T$192)=0,0,T140/SUM(T$134:T$192)) -> 0.022402535 | V140: =INT(U140*$C$2) -> 22402535 | W140: =IF(SUM(V$134:V$192)=0,0,V140/SUM(V$134:V$192)) -> 0.022402535 | X140: =IFERROR(INDEX($M140:$O140,MATCH($Q140,$M$133:$O$133,0)),0)*V140/$C$2 -> 0.12449831
B141: 6 | C141: 7 | D141: 0 | E141: 3215 | F141: 0 | G141: 0 | H141: 10540600 | I141: 0 | J141: =IF(SUM(D$134:D$192)=0,0,D141/SUM(D$134:D$192)) -> 0 | K141: =IF(SUM(E$134:E$192)=0,0,E141/SUM(E$134:E$192)) -> 0.0031831179 | L141: =IF(SUM(F$134:F$192)=0,0,F141/SUM(F$134:F$192)) -> 0 | M141: =IF(D141=0,0,G141/D141/$C$3/5) -> 0 | N141: =IF(E141=0,0,H141/E141/$C$3/5) -> 6.5571384 | O141: =IF(F141=0,0,I141/F141/$C$3/5) -> 0 | P141: ="("&B141&", "&C141&"]" -> (6, 7] | Q141: E | R141: =IFERROR(INDEX($J141:$L141,MATCH($Q141,$J$133:$L$133,0)),0) -> 0.0031831179 | S141: 6 | T141: =$R141*$S141 -> 0.019098707 | U141: =IF(SUM(T$134:T$192)=0,0,T141/SUM(T$134:T$192)) -> 0.028266935 | V141: =INT(U141*$C$2) -> 28266935 | W141: =IF(SUM(V$134:V$192)=0,0,V141/SUM(V$134:V$192)) -> 0.028266935 | X141: =IFERROR(INDEX($M141:$O141,MATCH($Q141,$M$133:$O$133,0)),0)*V141/$C$2 -> 0.18535021
B142: 7 | C142: 8 | D142: 0 | E142: 3055 | F142: 0 | G142: 0 | H142: 11542100 | I142: 0 | J142: =IF(SUM(D$134:D$192)=0,0,D142/SUM(D$134:D$192)) -> 0 | K142: =IF(SUM(E$134:E$192)=0,0,E142/SUM(E$134:E$192)) -> 0.0030247046 | L142: =IF(SUM(F$134:F$192)=0,0,F142/SUM(F$134:F$192)) -> 0 | M142: =IF(D142=0,0,G142/D142/$C$3/5) -> 0 | N142: =IF(E142=0,0,H142/E142/$C$3/5) -> 7.5562029 | O142: =IF(F142=0,0,I142/F142/$C$3/5) -> 0 | P142: ="("&B142&", "&C142&"]" -> (7, 8] | Q142: E | R142: =IFERROR(INDEX($J142:$L142,MATCH($Q142,$J$133:$L$133,0)),0) -> 0.0030247046 | S142: 6 | T142: =$R142*$S142 -> 0.018148227 | U142: =IF(SUM(T$134:T$192)=0,0,T142/SUM(T$134:T$192)) -> 0.026860182 | V142: =INT(U142*$C$2) -> 26860182 | W142: =IF(SUM(V$134:V$192)=0,0,V142/SUM(V$134:V$192)) -> 0.026860182 | X142: =IFERROR(INDEX($M142:$O142,MATCH($Q142,$M$133:$O$133,0)),0)*V142/$C$2 -> 0.20296099
B143: 8 | C143: 9 | D143: 0 | E143: 3155 | F143: 0 | G143: 0 | H143: 13497550 | I143: 0 | J143: =IF(SUM(D$134:D$192)=0,0,D143/SUM(D$134:D$192)) -> 0 | K143: =IF(SUM(E$134:E$192)=0,0,E143/SUM(E$134:E$192)) -> 0.0031237129 | L143: =IF(SUM(F$134:F$192)=0,0,F143/SUM(F$134:F$192)) -> 0 | M143: =IF(D143=0,0,G143/D143/$C$3/5) -> 0 | N143: =IF(E143=0,0,H143/E143/$C$3/5) -> 8.5562916 | O143: =IF(F143=0,0,I143/F143/$C$3/5) -> 0 | P143: ="("&B143&", "&C143&"]" -> (8, 9] | Q143: E | R143: =IFERROR(INDEX($J143:$L143,MATCH($Q143,$J$133:$L$133,0)),0) -> 0.0031237129 | S143: 6 | T143: =$R143*$S143 -> 0.018742277 | U143: =IF(SUM(T$134:T$192)=0,0,T143/SUM(T$134:T$192)) -> 0.027739403 | V143: =INT(U143*$C$2) -> 27739402 | W143: =IF(SUM(V$134:V$192)=0,0,V143/SUM(V$134:V$192)) -> 0.027739402 | X143: =IFERROR(INDEX($M143:$O143,MATCH($Q143,$M$133:$O$133,0)),0)*V143/$C$2 -> 0.23734641
B144: 9 | C144: 10 | D144: 0 | E144: 3289 | F144: 0 | G144: 0 | H144: 15750950 | I144: 0 | J144: =IF(SUM(D$134:D$192)=0,0,D144/SUM(D$134:D$192)) -> 0 | K144: =IF(SUM(E$134:E$192)=0,0,E144/SUM(E$134:E$192)) -> 0.0032563841 | L144: =IF(SUM(F$134:F$192)=0,0,F144/SUM(F$134:F$192)) -> 0 | M144: =IF(D144=0,0,G144/D144/$C$3/5) -> 0 | N144: =IF(E144=0,0,H144/E144/$C$3/5) -> 9.5779568 | O144: =IF(F144=0,0,I144/F144/$C$3/5) -> 0 | P144: ="("&B144&", "&C144&"]" -> (9, 10] | Q144: E | R144: =IFERROR(INDEX($J144:$L144,MATCH($Q144,$J$133:$L$133,0)),0) -> 0.0032563841 | S144: 6 | T144: =$R144*$S144 -> 0.019538304 | U144: =IF(SUM(T$134:T$192)=0,0,T144/SUM(T$134:T$192)) -> 0.028917558 | V144: =INT(U144*$C$2) -> 28917558 | W144: =IF(SUM(V$134:V$192)=0,0,V144/SUM(V$134:V$192)) -> 0.028917558 | X144: =IFERROR(INDEX($M144:$O144,MATCH($Q144,$M$133:$O$133,0)),0)*V144/$C$2 -> 0.27697112
B145: 10 | C145: 15 | D145: 0 | E145: 16424 | F145: 0 | G145: 0 | H145: 103238050 | I145: 0 | J145: =IF(SUM(D$134:D$192)=0,0,D145/SUM(D$134:D$192)) -> 0 | K145: =IF(SUM(E$134:E$192)=0,0,E145/SUM(E$134:E$192)) -> 0.016261129 | L145: =IF(SUM(F$134:F$192)=0,0,F145/SUM(F$134:F$192)) -> 0 | M145: =IF(D145=0,0,G145/D145/$C$3/5) -> 0 | N145: =IF(E145=0,0,H145/E145/$C$3/5) -> 12.571609 | O145: =IF(F145=0,0,I145/F145/$C$3/5) -> 0 | P145: ="("&B145&", "&C145&"]" -> (10, 15] | Q145: E | R145: =IFERROR(INDEX($J145:$L145,MATCH($Q145,$J$133:$L$133,0)),0) -> 0.016261129 | S145: 5.3274375 | T145: =$R145*$S145 -> 0.086630146 | U145: =IF(SUM(T$134:T$192)=0,0,T145/SUM(T$134:T$192)) -> 0.12821646 | V145: =INT(U145*$C$2) -> 128216463 | W145: =IF(SUM(V$134:V$192)=0,0,V145/SUM(V$134:V$192)) -> 0.12821646 | X145: =IFERROR(INDEX($M145:$O145,MATCH($Q145,$M$133:$O$133,0)),0)*V145/$C$2 -> 1.6118872
... B185: 7000 | C185: 8000 | D185: 0 | E185: 0 | F185: 0 | G185: 0 | H185: 0 | I185: 0 | J185: =IF(SUM(D$134:D$192)=0,0,D185/SUM(D$134:D$192)) -> 0 | K185: =IF(SUM(E$134:E$192)=0,0,E185/SUM(E$134:E$192)) -> 0 | L185: =IF(SUM(F$134:F$192)=0,0,F185/SUM(F$134:F$192)) -> 0 | M185: =IF(D185=0,0,G185/D185/$C$3/5) -> 0 | N185: =IF(E185=0,0,H185/E185/$C$3/5) -> 0 | O185: =IF(F185=0,0,I185/F185/$C$3/5) -> 0 | P185: ="("&B185&", "&C185&"]" -> (7000, 8000] | Q185: E | R185: =IFERROR(INDEX($J185:$L185,MATCH($Q185,$J$133:$L$133,0)),0) -> 0 | S185: 0 | T185: =$R185*$S185 -> 0 | U185: =IF(SUM(T$134:T$192)=0,0,T185/SUM(T$134:T$192)) -> 0 | V185: =INT(U185*$C$2) -> 0 | W185: =IF(SUM(V$134:V$192)=0,0,V185/SUM(V$134:V$192)) -> 0 | X185: =IFERROR(INDEX($M185:$O185,MATCH($Q185,$M$133:$O$133,0)),0)*V185/$C$2 -> 0
D186: 0 | E186: 0 | F186: 0 | G186: 0 | H186: 0 | I186: 0 | J186: =IF(SUM(D$134:D$192)=0,0,D186/SUM(D$134:D$192)) -> 0 | K186: =IF(SUM(E$134:E$192)=0,0,E186/SUM(E$134:E$192)) -> 0 | L186: =IF(SUM(F$134:F$192)=0,0,F186/SUM(F$134:F$192)) -> 0 | M186: =IF(D186=0,0,G186/D186/$C$3/5) -> 0 | N186: =IF(E186=0,0,H186/E186/$C$3/5) -> 0 | O186: =IF(F186=0,0,I186/F186/$C$3/5) -> 0 | P186: ="("&B186&", "&C186&"]" -> (, ] | Q186: E | R186: =IFERROR(INDEX($J186:$L186,MATCH($Q186,$J$133:$L$133,0)),0) -> 0 | S186: 0 | T186: =$R186*$S186 -> 0 | U186: =IF(SUM(T$134:T$192)=0,0,T186/SUM(T$134:T$192)) -> 0 | V186: =INT(U186*$C$2) -> 0 | W186: =IF(SUM(V$134:V$192)=0,0,V186/SUM(V$134:V$192)) -> 0 | X186: =IFERROR(INDEX($M186:$O186,MATCH($Q186,$M$133:$O$133,0)),0)*V186/$C$2 -> 0
D187: 0 | E187: 0 | F187: 0 | G187: 0 | H187: 0 | I187: 0 | J187: =IF(SUM(D$134:D$192)=0,0,D187/SUM(D$134:D$192)) -> 0 | K187: =IF(SUM(E$134:E$192)=0,0,E187/SUM(E$134:E$192)) -> 0 | L187: =IF(SUM(F$134:F$192)=0,0,F187/SUM(F$134:F$192)) -> 0 | M187: =IF(D187=0,0,G187/D187/$C$3/5) -> 0 | N187: =IF(E187=0,0,H187/E187/$C$3/5) -> 0 | O187: =IF(F187=0,0,I187/F187/$C$3/5) -> 0 | P187: ="("&B187&", "&C187&"]" -> (, ] | Q187: E | R187: =IFERROR(INDEX($J187:$L187,MATCH($Q187,$J$133:$L$133,0)),0) -> 0 | S187: 0 | T187: =$R187*$S187 -> 0 | U187: =IF(SUM(T$134:T$192)=0,0,T187/SUM(T$134:T$192)) -> 0 | V187: =INT(U187*$C$2) -> 0 | W187: =IF(SUM(V$134:V$192)=0,0,V187/SUM(V$134:V$192)) -> 0 | X187: =IFERROR(INDEX($M187:$O187,MATCH($Q187,$M$133:$O$133,0)),0)*V187/$C$2 -> 0
D188: 0 | E188: 0 | F188: 0 | G188: 0 | H188: 0 | I188: 0 | J188: =IF(SUM(D$134:D$192)=0,0,D188/SUM(D$134:D$192)) -> 0 | K188: =IF(SUM(E$134:E$192)=0,0,E188/SUM(E$134:E$192)) -> 0 | L188: =IF(SUM(F$134:F$192)=0,0,F188/SUM(F$134:F$192)) -> 0 | M188: =IF(D188=0,0,G188/D188/$C$3/5) -> 0 | N188: =IF(E188=0,0,H188/E188/$C$3/5) -> 0 | O188: =IF(F188=0,0,I188/F188/$C$3/5) -> 0 | P188: ="("&B188&", "&C188&"]" -> (, ] | Q188: E | R188: =IFERROR(INDEX($J188:$L188,MATCH($Q188,$J$133:$L$133,0)),0) -> 0 | S188: 0 | T188: =$R188*$S188 -> 0 | U188: =IF(SUM(T$134:T$192)=0,0,T188/SUM(T$134:T$192)) -> 0 | V188: =INT(U188*$C$2) -> 0 | W188: =IF(SUM(V$134:V$192)=0,0,V188/SUM(V$134:V$192)) -> 0 | X188: =IFERROR(INDEX($M188:$O188,MATCH($Q188,$M$133:$O$133,0)),0)*V188/$C$2 -> 0
D189: 0 | E189: 0 | F189: 0 | G189: 0 | H189: 0 | I189: 0 | J189: =IF(SUM(D$134:D$192)=0,0,D189/SUM(D$134:D$192)) -> 0 | K189: =IF(SUM(E$134:E$192)=0,0,E189/SUM(E$134:E$192)) -> 0 | L189: =IF(SUM(F$134:F$192)=0,0,F189/SUM(F$134:F$192)) -> 0 | M189: =IF(D189=0,0,G189/D189/$C$3/5) -> 0 | N189: =IF(E189=0,0,H189/E189/$C$3/5) -> 0 | O189: =IF(F189=0,0,I189/F189/$C$3/5) -> 0 | P189: ="("&B189&", "&C189&"]" -> (, ] | Q189: E | R189: =IFERROR(INDEX($J189:$L189,MATCH($Q189,$J$133:$L$133,0)),0) -> 0 | S189: 0 | T189: =$R189*$S189 -> 0 | U189: =IF(SUM(T$134:T$192)=0,0,T189/SUM(T$134:T$192)) -> 0 | V189: =INT(U189*$C$2) -> 0 | W189: =IF(SUM(V$134:V$192)=0,0,V189/SUM(V$134:V$192)) -> 0 | X189: =IFERROR(INDEX($M189:$O189,MATCH($Q189,$M$133:$O$133,0)),0)*V189/$C$2 -> 0
D190: 0 | E190: 0 | F190: 0 | G190: 0 | H190: 0 | I190: 0 | J190: =IF(SUM(D$134:D$192)=0,0,D190/SUM(D$134:D$192)) -> 0 | K190: =IF(SUM(E$134:E$192)=0,0,E190/SUM(E$134:E$192)) -> 0 | L190: =IF(SUM(F$134:F$192)=0,0,F190/SUM(F$134:F$192)) -> 0 | M190: =IF(D190=0,0,G190/D190/$C$3/5) -> 0 | N190: =IF(E190=0,0,H190/E190/$C$3/5) -> 0 | O190: =IF(F190=0,0,I190/F190/$C$3/5) -> 0 | P190: ="("&B190&", "&C190&"]" -> (, ] | Q190: E | R190: =IFERROR(INDEX($J190:$L190,MATCH($Q190,$J$133:$L$133,0)),0) -> 0 | S190: 0 | T190: =$R190*$S190 -> 0 | U190: =IF(SUM(T$134:T$192)=0,0,T190/SUM(T$134:T$192)) -> 0 | V190: =INT(U190*$C$2) -> 0 | W190: =IF(SUM(V$134:V$192)=0,0,V190/SUM(V$134:V$192)) -> 0 | X190: =IFERROR(INDEX($M190:$O190,MATCH($Q190,$M$133:$O$133,0)),0)*V190/$C$2 -> 0
D191: 0 | E191: 0 | F191: 0 | G191: 0 | H191: 0 | I191: 0 | J191: =IF(SUM(D$134:D$192)=0,0,D191/SUM(D$134:D$192)) -> 0 | K191: =IF(SUM(E$134:E$192)=0,0,E191/SUM(E$134:E$192)) -> 0 | L191: =IF(SUM(F$134:F$192)=0,0,F191/SUM(F$134:F$192)) -> 0 | M191: =IF(D191=0,0,G191/D191/$C$3/5) -> 0 | N191: =IF(E191=0,0,H191/E191/$C$3/5) -> 0 | O191: =IF(F191=0,0,I191/F191/$C$3/5) -> 0 | P191: ="("&B191&", "&C191&"]" -> (, ] | Q191: E | R191: =IFERROR(INDEX($J191:$L191,MATCH($Q191,$J$133:$L$133,0)),0) -> 0 | S191: 0 | T191: =$R191*$S191 -> 0 | U191: =IF(SUM(T$134:T$192)=0,0,T191/SUM(T$134:T$192)) -> 0 | V191: =INT(U191*$C$2) -> 0 | W191: =IF(SUM(V$134:V$192)=0,0,V191/SUM(V$134:V$192)) -> 0 | X191: =IFERROR(INDEX($M191:$O191,MATCH($Q191,$M$133:$O$133,0)),0)*V191/$C$2 -> 0
D192: 0 | E192: 0 | F192: 0 | G192: 0 | H192: 0 | I192: 0 | J192: =IF(SUM(D$134:D$192)=0,0,D192/SUM(D$134:D$192)) -> 0 | K192: =IF(SUM(E$134:E$192)=0,0,E192/SUM(E$134:E$192)) -> 0 | L192: =IF(SUM(F$134:F$192)=0,0,F192/SUM(F$134:F$192)) -> 0 | M192: =IF(D192=0,0,G192/D192/$C$3/5) -> 0 | N192: =IF(E192=0,0,H192/E192/$C$3/5) -> 0 | O192: =IF(F192=0,0,I192/F192/$C$3/5) -> 0 | P192: ="("&B192&", "&C192&"]" -> (, ] | Q192: E | R192: =IFERROR(INDEX($J192:$L192,MATCH($Q192,$J$133:$L$133,0)),0) -> 0 | S192: 0 | T192: =$R192*$S192 -> 0 | U192: =IF(SUM(T$134:T$192)=0,0,T192/SUM(T$134:T$192)) -> 0 | V192: =INT(U192*$C$2) -> 0 | W192: =IF(SUM(V$134:V$192)=0,0,V192/SUM(V$134:V$192)) -> 0 | X192: =IFERROR(INDEX($M192:$O192,MATCH($Q192,$M$133:$O$133,0)),0)*V192/$C$2 -> 0
B193: Total | V193: =SUM(V134:V192) -> 999999985

Sheet Multiplier_Weight_Oldhand
B2: Threshold | C2: =10^9 -> 1000000000
B3: Coin in | C3: 100
B4: Profile | C4: Oldhand
B6: Bet | C6: Base Game | D6: Free Game | E6: Total | F6: Hit Rate | G6: Pulls/Hit
B7: Normal Bet | C7: =SUM(X12:X64) -> 0.66712158 | D7: =SUM(X70:X128)*W64 -> 0.2728177 | E7: =C7+W64*(SUM(X70:X128)+X64) -> 0.93996565 | F7: =W64 -> 0.00849 | G7: =IF(F7=0,0,1/F7) -> 117.78563
B8: Buy Feature | C8: 0 | D8: =SUM(X134:X192)/Parameter!$C$61 -> 0.98529689 | E8: =C8+D8 -> 0.98529689 | F8: 1 | G8: 1
B10: Base Game (Normal Bet) | D10: Simulator Cnt | G10: Simulator Pay | J10: Simulator Rate | M10: Simulator RTP
B11: Lower | C11: Upper | D11: A | E11: B | F11: C | G11: A | H11: B | I11: C | J11: A | K11: B | L11: C | M11: A | N11: B | O11: C | P11: Range | Q11: Table | R11: Rate | S11: Fix Num | T11: Fix Rate | U11: Final Rate | V11: Weight | W11: Hit Rate | X11: RTP
B12: -1 | C12: 0 | D12: 81444439 | E12: 44611398 | F12: 0 | G12: 0 | H12: 0 | I12: 0 | J12: =IF(SUM(D$12:D$63)=0,0,D12/SUM(D$12:D$63)) -> 0.82275434 | K12: =IF(SUM(E$12:E$63)=0,0,E12/SUM(E$12:E$63)) -> 0.44990451 | L12: =IF(SUM(F$12:F$63)=0,0,F12/SUM(F$12:F$63)) -> 0 | M12: =IF(D12=0,0,G12/D12/$C$3/5) -> 0 | N12: =IF(E12=0,0,H12/E12/$C$3/5) -> 0 | O12: =IF(F12=0,0,I12/F12/$C$3/5) -> 0 | P12: ="("&B12&", "&C12&"]" -> (-1, 0] | Q12: B | R12: =IFERROR(INDEX($J12:$L12,MATCH($Q12,$J$11:$L$11,0)),0) -> 0.44990451 | S12: 1.7108 | T12: =$R12*$S12 -> 0.76969663 | U12: =IF(SUM(T$12:T$64)=0,0,T12/SUM(T$12:T$64)) -> 0.74618192 | V12: =INT($C$2-SUM(V13:V$64)) -> 745922560 | W12: =IF(SUM(V$12:V$64)=0,0,V12/SUM(V$12:V$64)) -> 0.74592256 | X12: =IFERROR(INDEX($M12:$O12,MATCH($Q12,$M$11:$O$11,0)),0)*V12/$C$2 -> 0
B13: 0 | C13: 1 | D13: 13113310 | E13: 18412850 | F13: 0 | G13: 2531346475 | H13: 3398022375 | I13: 0 | J13: =IF(SUM(D$12:D$63)=0,0,D13/SUM(D$12:D$63)) -> 0.13247108 | K13: =IF(SUM(E$12:E$63)=0,0,E13/SUM(E$12:E$63)) -> 0.185693 | L13: =IF(SUM(F$12:F$63)=0,0,F13/SUM(F$12:F$63)) -> 0 | M13: =IF(D13=0,0,G13/D13/$C$3/5) -> 0.38607285 | N13: =IF(E13=0,0,H13/E13/$C$3/5) -> 0.3690925 | O13: =IF(F13=0,0,I13/F13/$C$3/5) -> 0 | P13: ="("&B13&", "&C13&"]" -> (0, 1] | Q13: B | R13: =IFERROR(INDEX($J13:$L13,MATCH($Q13,$J$11:$L$11,0)),0) -> 0.185693 | S13: 0.865 | T13: =$R13*$S13 -> 0.16062444 | U13: =IF(SUM(T$12:T$64)=0,0,T13/SUM(T$12:T$64)) -> 0.15571727 | V13: =INT(U13*$C$2) -> 155717266 | W13: =IF(SUM(V$12:V$64)=0,0,V13/SUM(V$12:V$64)) -> 0.15571727 | X13: =IFERROR(INDEX($M13:$O13,MATCH($Q13,$M$11:$O$11,0)),0)*V13/$C$2 -> 0.057474074
B14: 1 | C14: 2 | D14: 2076337 | E14: 4580344 | F14: 0 | G14: 1560262150 | H14: 3412133350 | I14: 0 | J14: =IF(SUM(D$12:D$63)=0,0,D14/SUM(D$12:D$63)) -> 0.020975223 | K14: =IF(SUM(E$12:E$63)=0,0,E14/SUM(E$12:E$63)) -> 0.046192621 | L14: =IF(SUM(F$12:F$63)=0,0,F14/SUM(F$12:F$63)) -> 0 | M14: =IF(D14=0,0,G14/D14/$C$3/5) -> 1.5028988 | N14: =IF(E14=0,0,H14/E14/$C$3/5) -> 1.4899027 | O14: =IF(F14=0,0,I14/F14/$C$3/5) -> 0 | P14: ="("&B14&", "&C14&"]" -> (1, 2] | Q14: B | R14: =IFERROR(INDEX($J14:$L14,MATCH($Q14,$J$11:$L$11,0)),0) -> 0.046192621 | S14: 0.58 | T14: =$R14*$S14 -> 0.02679172 | U14: =IF(SUM(T$12:T$64)=0,0,T14/SUM(T$12:T$64)) -> 0.025973217 | V14: =INT(U14*$C$2) -> 25973216 | W14: =IF(SUM(V$12:V$64)=0,0,V14/SUM(V$12:V$64)) -> 0.025973216 | X14: =IFERROR(INDEX($M14:$O14,MATCH($Q14,$M$11:$O$11,0)),0)*V14/$C$2 -> 0.038697564
B15: 2 | C15: 3 | D15: 894630 | E15: 2912418 | F15: 0 | G15: 1126665375 | H15: 3666796450 | I15: 0 | J15: =IF(SUM(D$12:D$63)=0,0,D15/SUM(D$12:D$63)) -> 0.009037581 | K15: =IF(SUM(E$12:E$63)=0,0,E15/SUM(E$12:E$63)) -> 0.029371641 | L15: =IF(SUM(F$12:F$63)=0,0,F15/SUM(F$12:F$63)) -> 0 | M15: =IF(D15=0,0,G15/D15/$C$3/5) -> 2.5187293 | N15: =IF(E15=0,0,H15/E15/$C$3/5) -> 2.5180427 | O15: =IF(F15=0,0,I15/F15/$C$3/5) -> 0 | P15: ="("&B15&", "&C15&"]" -> (2, 3] | Q15: B | R15: =IFERROR(INDEX($J15:$L15,MATCH($Q15,$J$11:$L$11,0)),0) -> 0.029371641 | S15: 0.52 | T15: =$R15*$S15 -> 0.015273254 | U15: =IF(SUM(T$12:T$64)=0,0,T15/SUM(T$12:T$64)) -> 0.014806646 | V15: =INT(U15*$C$2) -> 14806646 | W15: =IF(SUM(V$12:V$64)=0,0,V15/SUM(V$12:V$64)) -> 0.014806646 | X15: =IFERROR(INDEX($M15:$O15,MATCH($Q15,$M$11:$O$11,0)),0)*V15/$C$2 -> 0.037283767
B16: 3 | C16: 4 | D16: 457771 | E16: 1995806 | F16: 0 | G16: 815422300 | H16: 3530115825 | I16: 0 | J16: =IF(SUM(D$12:D$63)=0,0,D16/SUM(D$12:D$63)) -> 0.0046244174 | K16: =IF(SUM(E$12:E$63)=0,0,E16/SUM(E$12:E$63)) -> 0.020127639 | L16: =IF(SUM(F$12:F$63)=0,0,F16/SUM(F$12:F$63)) -> 0 | M16: =IF(D16=0,0,G16/D16/$C$3/5) -> 3.5625774 | N16: =IF(E16=0,0,H16/E16/$C$3/5) -> 3.537534 | O16: =IF(F16=0,0,I16/F16/$C$3/5) -> 0 | P16: ="("&B16&", "&C16&"]" -> (3, 4] | Q16: B | R16: =IFERROR(INDEX($J16:$L16,MATCH($Q16,$J$11:$L$11,0)),0) -> 0.020127639 | S16: 0.53 | T16: =$R16*$S16 -> 0.010667649 | U16: =IF(SUM(T$12:T$64)=0,0,T16/SUM(T$12:T$64)) -> 0.010341745 | V16: =INT(U16*$C$2) -> 10341745 | W16: =IF(SUM(V$12:V$64)=0,0,V16/SUM(V$12:V$64)) -> 0.010341745 | X16: =IFERROR(INDEX($M16:$O16,MATCH($Q16,$M$11:$O$11,0)),0)*V16/$C$2 -> 0.036584275
B17: 4 | C17: 5 | D17: 297012 | E17: 1826101 | F17: 0 | G17: 670352000 | H17: 4129988800 | I17: 0 | J17: =IF(SUM(D$12:D$63)=0,0,D17/SUM(D$12:D$63)) -> 0.0030004248 | K17: =IF(SUM(E$12:E$63)=0,0,E17/SUM(E$12:E$63)) -> 0.01841617 | L17: =IF(SUM(F$12:F$63)=0,0,F17/SUM(F$12:F$63)) -> 0 | M17: =IF(D17=0,0,G17/D17/$C$3/5) -> 4.5139725 | N17: =IF(E17=0,0,H17/E17/$C$3/5) -> 4.5232863 | O17: =IF(F17=0,0,I17/F17/$C$3/5) -> 0 | P17: ="("&B17&", "&C17&"]" -> (4, 5] | Q17: B | R17: =IFERROR(INDEX($J17:$L17,MATCH($Q17,$J$11:$L$11,0)),0) -> 0.01841617 | S17: 0.5 | T17: =$R17*$S17 -> 0.0092080848 | U17: =IF(SUM(T$12:T$64)=0,0,T17/SUM(T$12:T$64)) -> 0.0089267721 | V17: =INT(U17*$C$2) -> 8926772 | W17: =IF(SUM(V$12:V$64)=0,0,V17/SUM(V$12:V$64)) -> 0.008926772 | X17: =IFERROR(INDEX($M17:$O17,MATCH($Q17,$M$11:$O$11,0)),0)*V17/$C$2 -> 0.040378345
B18: 5 | C18: 6 | D18: 177151 | E18: 1461544 | F18: 0 | G18: 491783775 | H18: 4037335500 | I18: 0 | J18: =IF(SUM(D$12:D$63)=0,0,D18/SUM(D$12:D$63)) -> 0.0017895851 | K18: =IF(SUM(E$12:E$63)=0,0,E18/SUM(E$12:E$63)) -> 0.014739624 | L18: =IF(SUM(F$12:F$63)=0,0,F18/SUM(F$12:F$63)) -> 0 | M18: =IF(D18=0,0,G18/D18/$C$3/5) -> 5.5521422 | N18: =IF(E18=0,0,H18/E18/$C$3/5) -> 5.524754 | O18: =IF(F18=0,0,I18/F18/$C$3/5) -> 0 | P18: ="("&B18&", "&C18&"]" -> (5, 6] | Q18: B | R18: =IFERROR(INDEX($J18:$L18,MATCH($Q18,$J$11:$L$11,0)),0) -> 0.014739624 | S18: 0.3 | T18: =$R18*$S18 -> 0.0044218872 | U18: =IF(SUM(T$12:T$64)=0,0,T18/SUM(T$12:T$64)) -> 0.0042867958 | V18: =INT(U18*$C$2) -> 4286795 | W18: =IF(SUM(V$12:V$64)=0,0,V18/SUM(V$12:V$64)) -> 0.004286795 | X18: =IFERROR(INDEX($M18:$O18,MATCH($Q18,$M$11:$O$11,0)),0)*V18/$C$2 -> 0.023683488
B19: 6 | C19: 7 | D19: 124646 | E19: 1323139 | F19: 0 | G19: 405090625 | H19: 4311237575 | I19: 0 | J19: =IF(SUM(D$12:D$63)=0,0,D19/SUM(D$12:D$63)) -> 0.0012591779 | K19: =IF(SUM(E$12:E$63)=0,0,E19/SUM(E$12:E$63)) -> 0.013343814 | L19: =IF(SUM(F$12:F$63)=0,0,F19/SUM(F$12:F$63)) -> 0 | M19: =IF(D19=0,0,G19/D19/$C$3/5) -> 6.4998576 | N19: =IF(E19=0,0,H19/E19/$C$3/5) -> 6.5166813 | O19: =IF(F19=0,0,I19/F19/$C$3/5) -> 0 | P19: ="("&B19&", "&C19&"]" -> (6, 7] | Q19: B | R19: =IFERROR(INDEX($J19:$L19,MATCH($Q19,$J$11:$L$11,0)),0) -> 0.013343814 | S19: 0.3 | T19: =$R19*$S19 -> 0.0040031442 | U19: =IF(SUM(T$12:T$64)=0,0,T19/SUM(T$12:T$64)) -> 0.0038808457 | V19: =INT(U19*$C$2) -> 3880845 | W19: =IF(SUM(V$12:V$64)=0,0,V19/SUM(V$12:V$64)) -> 0.003880845 | X19: =IFERROR(INDEX($M19:$O19,MATCH($Q19,$M$11:$O$11,0)),0)*V19/$C$2 -> 0.02529023
B20: 7 | C20: 8 | D20: 84482 | E20: 1121685 | F20: 0 | G20: 319837600 | H20: 4225509550 | I20: 0 | J20: =IF(SUM(D$12:D$63)=0,0,D20/SUM(D$12:D$63)) -> 0.00085343988 | K20: =IF(SUM(E$12:E$63)=0,0,E20/SUM(E$12:E$63)) -> 0.011312157 | L20: =IF(SUM(F$12:F$63)=0,0,F20/SUM(F$12:F$63)) -> 0 | M20: =IF(D20=0,0,G20/D20/$C$3/5) -> 7.5717336 | N20: =IF(E20=0,0,H20/E20/$C$3/5) -> 7.5342178 | O20: =IF(F20=0,0,I20/F20/$C$3/5) -> 0 | P20: ="("&B20&", "&C20&"]" -> (7, 8] | Q20: B | R20: =IFERROR(INDEX($J20:$L20,MATCH($Q20,$J$11:$L$11,0)),0) -> 0.011312157 | S20: 0.3 | T20: =$R20*$S20 -> 0.0033936471 | U20: =IF(SUM(T$12:T$64)=0,0,T20/SUM(T$12:T$64)) -> 0.0032899691 | V20: =INT(U20*$C$2) -> 3289969 | W20: =IF(SUM(V$12:V$64)=0,0,V20/SUM(V$12:V$64)) -> 0.003289969 | X20: =IFERROR(INDEX($M20:$O20,MATCH($Q20,$M$11:$O$11,0)),0)*V20/$C$2 -> 0.024787343
B21: 8 | C21: 9 | D21: 71204 | E21: 1089744 | F21: 0 | G21: 303032850 | H21: 4639783525 | I21: 0 | J21: =IF(SUM(D$12:D$63)=0,0,D21/SUM(D$12:D$63)) -> 0.0007193051 | K21: =IF(SUM(E$12:E$63)=0,0,E21/SUM(E$12:E$63)) -> 0.010990033 | L21: =IF(SUM(F$12:F$63)=0,0,F21/SUM(F$12:F$63)) -> 0 | M21: =IF(D21=0,0,G21/D21/$C$3/5) -> 8.5116805 | N21: =IF(E21=0,0,H21/E21/$C$3/5) -> 8.5153642 | O21: =IF(F21=0,0,I21/F21/$C$3/5) -> 0 | P21: ="("&B21&", "&C21&"]" -> (8, 9] | Q21: B | R21: =IFERROR(INDEX($J21:$L21,MATCH($Q21,$J$11:$L$11,0)),0) -> 0.010990033 | S21: 0.28 | T21: =$R21*$S21 -> 0.0030772092 | U21: =IF(SUM(T$12:T$64)=0,0,T21/SUM(T$12:T$64)) -> 0.0029831986 | V21: =INT(U21*$C$2) -> 2983198 | W21: =IF(SUM(V$12:V$64)=0,0,V21/SUM(V$12:V$64)) -> 0.002983198 | X21: =IFERROR(INDEX($M21:$O21,MATCH($Q21,$M$11:$O$11,0)),0)*V21/$C$2 -> 0.025403017
B22: 9 | C22: 10 | D22: 48023 | E22: 944073 | F22: 0 | G22: 228958500 | H22: 4499878525 | I22: 0 | J22: =IF(SUM(D$12:D$63)=0,0,D22/SUM(D$12:D$63)) -> 0.00048512989 | K22: =IF(SUM(E$12:E$63)=0,0,E22/SUM(E$12:E$63)) -> 0.0095209457 | L22: =IF(SUM(F$12:F$63)=0,0,F22/SUM(F$12:F$63)) -> 0 | M22: =IF(D22=0,0,G22/D22/$C$3/5) -> 9.5353685 | N22: =IF(E22=0,0,H22/E22/$C$3/5) -> 9.5329038 | O22: =IF(F22=0,0,I22/F22/$C$3/5) -> 0 | P22: ="("&B22&", "&C22&"]" -> (9, 10] | Q22: B | R22: =IFERROR(INDEX($J22:$L22,MATCH($Q22,$J$11:$L$11,0)),0) -> 0.0095209457 | S22: 0.32 | T22: =$R22*$S22 -> 0.0030467026 | U22: =IF(SUM(T$12:T$64)=0,0,T22/SUM(T$12:T$64)) -> 0.002953624 | V22: =INT(U22*$C$2) -> 2953623 | W22: =IF(SUM(V$12:V$64)=0,0,V22/SUM(V$12:V$64)) -> 0.002953623 | X22: =IFERROR(INDEX($M22:$O22,MATCH($Q22,$M$11:$O$11,0)),0)*V22/$C$2 -> 0.028156604
B23: 10 | C23: 15 | D23: 117843 | E23: 3698851 | F23: 0 | G23: 711361275 | H23: 22888608900 | I23: 0 | J23: =IF(SUM(D$12:D$63)=0,0,D23/SUM(D$12:D$63)) -> 0.0011904538 | K23: =IF(SUM(E$12:E$63)=0,0,E23/SUM(E$12:E$63)) -> 0.037302793 | L23: =IF(SUM(F$12:F$63)=0,0,F23/SUM(F$12:F$63)) -> 0 | M23: =IF(D23=0,0,G23/D23/$C$3/5) -> 12.073034 | N23: =IF(E23=0,0,H23/E23/$C$3/5) -> 12.376064 | O23: =IF(F23=0,0,I23/F23/$C$3/5) -> 0 | P23: ="("&B23&", "&C23&"]" -> (10, 15] | Q23: B | R23: =IFERROR(INDEX($J23:$L23,MATCH($Q23,$J$11:$L$11,0)),0) -> 0.037302793 | S23: 0.1383 | T23: =$R23*$S23 -> 0.0051589762 | U23: =IF(SUM(T$12:T$64)=0,0,T23/SUM(T$12:T$64)) -> 0.0050013663 | V23: =INT(U23*$C$2) -> 5001366 | W23: =IF(SUM(V$12:V$64)=0,0,V23/SUM(V$12:V$64)) -> 0.005001366 | X23: =IFERROR(INDEX($M23:$O23,MATCH($Q23,$M$11:$O$11,0)),0)*V23/$C$2 -> 0.061897227
B24: 15 | C24: 20 | D24: 45036 | E24: 2622561 | F24: 0 | G24: 386935925 | H24: 22832281425 | I24: 0 | J24: =IF(SUM(D$12:D$63)=0,0,D24/SUM(D$12:D$63)) -> 0.00045495512 | K24: =IF(SUM(E$12:E$63)=0,0,E24/SUM(E$12:E$63)) -> 0.026448443 | L24: =IF(SUM(F$12:F$63)=0,0,F24/SUM(F$12:F$63)) -> 0 | M24: =IF(D24=0,0,G24/D24/$C$3/5) -> 17.183405 | N24: =IF(E24=0,0,H24/E24/$C$3/5) -> 17.412202 | O24: =IF(F24=0,0,I24/F24/$C$3/5) -> 0 | P24: ="("&B24&", "&C24&"]" -> (15, 20] | Q24: B | R24: =IFERROR(INDEX($J24:$L24,MATCH($Q24,$J$11:$L$11,0)),0) -> 0.026448443 | S24: 0.1 | T24: =$R24*$S24 -> 0.0026448443 | U24: =IF(SUM(T$12:T$64)=0,0,T24/SUM(T$12:T$64)) -> 0.0025640427 | V24: =INT(U24*$C$2) -> 2564042 | W24: =IF(SUM(V$12:V$64)=0,0,V24/SUM(V$12:V$64)) -> 0.002564042 | X24: =IFERROR(INDEX($M24:$O24,MATCH($Q24,$M$11:$O$11,0)),0)*V24/$C$2 -> 0.044645618
... B63: 7000 | C63: 8000 | D63: 0 | E63: 0 | F63: 0 | G63: 0 | H63: 0 | I63: 0 | J63: =IF(SUM(D$12:D$63)=0,0,D63/SUM(D$12:D$63)) -> 0 | K63: =IF(SUM(E$12:E$63)=0,0,E63/SUM(E$12:E$63)) -> 0 | L63: =IF(SUM(F$12:F$63)=0,0,F63/SUM(F$12:F$63)) -> 0 | M63: =IF(D63=0,0,G63/D63/$C$3/5) -> 0 | N63: =IF(E63=0,0,H63/E63/$C$3/5) -> 0 | O63: =IF(F63=0,0,I63/F63/$C$3/5) -> 0 | P63: ="("&B63&", "&C63&"]" -> (7000, 8000] | Q63: B | R63: =IFERROR(INDEX($J63:$L63,MATCH($Q63,$J$11:$L$11,0)),0) -> 0 | S63: 0 | T63: =$R63*$S63 -> 0 | U63: =IF(SUM(T$12:T$64)=0,0,T63/SUM(T$12:T$64)) -> 0 | V63: =INT(U63*$C$2) -> 0 | W63: =IF(SUM(V$12:V$64)=0,0,V63/SUM(V$12:V$64)) -> 0 | X63: =IFERROR(INDEX($M63:$O63,MATCH($Q63,$M$11:$O$11,0)),0)*V63/$C$2 -> 0
B64: FG Trigger | C64: 0.01010016 | D64: 1010016 | E64: 842518 | F64: 0 | G64: 184759625 | H64: 12104979525 | I64: 0 | J64: =IF(SUM(D$12:D$63)=0,0,D64/SUM(D$12:D$63)) -> 0.010203214 | K64: =IF(SUM(E$12:E$63)=0,0,E64/SUM(E$12:E$63)) -> 0.0084967668 | L64: =IF(SUM(F$12:F$63)=0,0,F64/SUM(F$12:F$63)) -> 0 | M64: =IF(D64=0,0,G64/D64/$C$3/5) -> 0.36585485 | N64: =IF(E64=0,0,H64/E64/$C$3/5) -> 28.735243 | O64: =IF(F64=0,0,I64/F64/$C$3/5) -> 0 | P64: ="("&B64&", "&C64&"]" -> (FG Trigger, 0.01010016] | Q64: A | R64: 0.00849 | S64: 1 | T64: =$R64*$S64 -> 0.00849 | U64: =T64 -> 0.00849 | V64: =INT(U64*$C$2) -> 8490000 | W64: =IF(SUM(V$12:V$64)=0,0,V64/SUM(V$12:V$64)) -> 0.00849 | X64: =IFERROR(INDEX($M64:$O64,MATCH($Q64,$M$11:$O$11,0)),0)*V64/$C$2 -> 0.0031061077
B65: Total | V65: =SUM(V12:V64) -> 1000000000
B68: Free Game | D68: Simulator Cnt | G68: Simulator Pay | J68: Simulator Rate | M68: Simulator RTP
B69: Lower | C69: Upper | D69: D | E69: E | F69: F | G69: D | H69: E | I69: F | J69: D | K69: E | L69: F | M69: D | N69: E | O69: F | P69: Range | Q69: Table | R69: Rate | S69: Fix Num | T69: Fix Rate | U69: Final Rate | V69: Weight | W69: Hit Rate | X69: RTP
B70: -1 | C70: 0 | D70: 0 | E70: 316 | F70: 0 | G70: 0 | H70: 0 | I70: 0 | J70: =IF(SUM(D$70:D$128)=0,0,D70/SUM(D$70:D$128)) -> 0 | K70: =IF(SUM(E$70:E$128)=0,0,E70/SUM(E$70:E$128)) -> 0.00031286633 | L70: =IF(SUM(F$70:F$128)=0,0,F70/SUM(F$70:F$128)) -> 0 | M70: =IF(D70=0,0,G70/D70/$C$3/5) -> 0 | N70: =IF(E70=0,0,H70/E70/$C$3/5) -> 0 | O70: =IF(F70=0,0,I70/F70/$C$3/5) -> 0 | P70: ="("&B70&", "&C70&"]" -> (-1, 0] | Q70: E | R70: =IFERROR(INDEX($J70:$L70,MATCH($Q70,$J$69:$L$69,0)),0) -> 0.00031286633 | S70: 0 | T70: =$R70*$S70 -> 0 | U70: =IF(SUM(T$70:T$128)=0,0,T70/SUM(T$70:T$128)) -> 0 | V70: =INT(U70*$C$2) -> 0 | W70: =IF(SUM(V$70:V$128)=0,0,V70/SUM(V$70:V$128)) -> 0 | X70: =IFERROR(INDEX($M70:$O70,MATCH($Q70,$M$69:$O$69,0)),0)*V70/$C$2 -> 0
B71: 0 | C71: 1 | D71: 0 | E71: 2222 | F71: 0 | G71: 0 | H71: 676000 | I71: 0 | J71: =IF(SUM(D$70:D$128)=0,0,D71/SUM(D$70:D$128)) -> 0 | K71: =IF(SUM(E$70:E$128)=0,0,E71/SUM(E$70:E$128)) -> 0.0021999651 | L71: =IF(SUM(F$70:F$128)=0,0,F71/SUM(F$70:F$128)) -> 0 | M71: =IF(D71=0,0,G71/D71/$C$3/5) -> 0 | N71: =IF(E71=0,0,H71/E71/$C$3/5) -> 0.60846085 | O71: =IF(F71=0,0,I71/F71/$C$3/5) -> 0 | P71: ="("&B71&", "&C71&"]" -> (0, 1] | Q71: E | R71: =IFERROR(INDEX($J71:$L71,MATCH($Q71,$J$69:$L$69,0)),0) -> 0.0021999651 | S71: 0 | T71: =$R71*$S71 -> 0 | U71: =IF(SUM(T$70:T$128)=0,0,T71/SUM(T$70:T$128)) -> 0 | V71: =INT(U71*$C$2) -> 0 | W71: =IF(SUM(V$70:V$128)=0,0,V71/SUM(V$70:V$128)) -> 0 | X71: =IFERROR(INDEX($M71:$O71,MATCH($Q71,$M$69:$O$69,0)),0)*V71/$C$2 -> 0
B72: 1 | C72: 2 | D72: 0 | E72: 2756 | F72: 0 | G72: 0 | H72: 2169950 | I72: 0 | J72: =IF(SUM(D$70:D$128)=0,0,D72/SUM(D$70:D$128)) -> 0 | K72: =IF(SUM(E$70:E$128)=0,0,E72/SUM(E$70:E$128)) -> 0.0027286696 | L72: =IF(SUM(F$70:F$128)=0,0,F72/SUM(F$70:F$128)) -> 0 | M72: =IF(D72=0,0,G72/D72/$C$3/5) -> 0 | N72: =IF(E72=0,0,H72/E72/$C$3/5) -> 1.5747097 | O72: =IF(F72=0,0,I72/F72/$C$3/5) -> 0 | P72: ="("&B72&", "&C72&"]" -> (1, 2] | Q72: E | R72: =IFERROR(INDEX($J72:$L72,MATCH($Q72,$J$69:$L$69,0)),0) -> 0.0027286696 | S72: 0 | T72: =$R72*$S72 -> 0 | U72: =IF(SUM(T$70:T$128)=0,0,T72/SUM(T$70:T$128)) -> 0 | V72: =INT(U72*$C$2) -> 0 | W72: =IF(SUM(V$70:V$128)=0,0,V72/SUM(V$70:V$128)) -> 0 | X72: =IFERROR(INDEX($M72:$O72,MATCH($Q72,$M$69:$O$69,0)),0)*V72/$C$2 -> 0
B73: 2 | C73: 3 | D73: 0 | E73: 3023 | F73: 0 | G73: 0 | H73: 3886500 | I73: 0 | J73: =IF(SUM(D$70:D$128)=0,0,D73/SUM(D$70:D$128)) -> 0 | K73: =IF(SUM(E$70:E$128)=0,0,E73/SUM(E$70:E$128)) -> 0.0029930219 | L73: =IF(SUM(F$70:F$128)=0,0,F73/SUM(F$70:F$128)) -> 0 | M73: =IF(D73=0,0,G73/D73/$C$3/5) -> 0 | N73: =IF(E73=0,0,H73/E73/$C$3/5) -> 2.5712868 | O73: =IF(F73=0,0,I73/F73/$C$3/5) -> 0 | P73: ="("&B73&", "&C73&"]" -> (2, 3] | Q73: E | R73: =IFERROR(INDEX($J73:$L73,MATCH($Q73,$J$69:$L$69,0)),0) -> 0.0029930219 | S73: 0 | T73: =$R73*$S73 -> 0 | U73: =IF(SUM(T$70:T$128)=0,0,T73/SUM(T$70:T$128)) -> 0 | V73: =INT(U73*$C$2) -> 0 | W73: =IF(SUM(V$70:V$128)=0,0,V73/SUM(V$70:V$128)) -> 0 | X73: =IFERROR(INDEX($M73:$O73,MATCH($Q73,$M$69:$O$69,0)),0)*V73/$C$2 -> 0
B74: 3 | C74: 4 | D74: 0 | E74: 3095 | F74: 0 | G74: 0 | H74: 5503800 | I74: 0 | J74: =IF(SUM(D$70:D$128)=0,0,D74/SUM(D$70:D$128)) -> 0 | K74: =IF(SUM(E$70:E$128)=0,0,E74/SUM(E$70:E$128)) -> 0.0030643079 | L74: =IF(SUM(F$70:F$128)=0,0,F74/SUM(F$70:F$128)) -> 0 | M74: =IF(D74=0,0,G74/D74/$C$3/5) -> 0 | N74: =IF(E74=0,0,H74/E74/$C$3/5) -> 3.5565751 | O74: =IF(F74=0,0,I74/F74/$C$3/5) -> 0 | P74: ="("&B74&", "&C74&"]" -> (3, 4] | Q74: E | R74: =IFERROR(INDEX($J74:$L74,MATCH($Q74,$J$69:$L$69,0)),0) -> 0.0030643079 | S74: 0 | T74: =$R74*$S74 -> 0 | U74: =IF(SUM(T$70:T$128)=0,0,T74/SUM(T$70:T$128)) -> 0 | V74: =INT(U74*$C$2) -> 0 | W74: =IF(SUM(V$70:V$128)=0,0,V74/SUM(V$70:V$128)) -> 0 | X74: =IFERROR(INDEX($M74:$O74,MATCH($Q74,$M$69:$O$69,0)),0)*V74/$C$2 -> 0
B75: 4 | C75: 5 | D75: 0 | E75: 3068 | F75: 0 | G75: 0 | H75: 7011850 | I75: 0 | J75: =IF(SUM(D$70:D$128)=0,0,D75/SUM(D$70:D$128)) -> 0 | K75: =IF(SUM(E$70:E$128)=0,0,E75/SUM(E$70:E$128)) -> 0.0030375756 | L75: =IF(SUM(F$70:F$128)=0,0,F75/SUM(F$70:F$128)) -> 0 | M75: =IF(D75=0,0,G75/D75/$C$3/5) -> 0 | N75: =IF(E75=0,0,H75/E75/$C$3/5) -> 4.5709583 | O75: =IF(F75=0,0,I75/F75/$C$3/5) -> 0 | P75: ="("&B75&", "&C75&"]" -> (4, 5] | Q75: E | R75: =IFERROR(INDEX($J75:$L75,MATCH($Q75,$J$69:$L$69,0)),0) -> 0.0030375756 | S75: 0 | T75: =$R75*$S75 -> 0 | U75: =IF(SUM(T$70:T$128)=0,0,T75/SUM(T$70:T$128)) -> 0 | V75: =INT(U75*$C$2) -> 0 | W75: =IF(SUM(V$70:V$128)=0,0,V75/SUM(V$70:V$128)) -> 0 | X75: =IFERROR(INDEX($M75:$O75,MATCH($Q75,$M$69:$O$69,0)),0)*V75/$C$2 -> 0
B76: 5 | C76: 6 | D76: 0 | E76: 3185 | F76: 0 | G76: 0 | H76: 8850050 | I76: 0 | J76: =IF(SUM(D$70:D$128)=0,0,D76/SUM(D$70:D$128)) -> 0 | K76: =IF(SUM(E$70:E$128)=0,0,E76/SUM(E$70:E$128)) -> 0.0031534154 | L76: =IF(SUM(F$70:F$128)=0,0,F76/SUM(F$70:F$128)) -> 0 | M76: =IF(D76=0,0,G76/D76/$C$3/5) -> 0 | N76: =IF(E76=0,0,H76/E76/$C$3/5) -> 5.5573312 | O76: =IF(F76=0,0,I76/F76/$C$3/5) -> 0 | P76: ="("&B76&", "&C76&"]" -> (5, 6] | Q76: E | R76: =IFERROR(INDEX($J76:$L76,MATCH($Q76,$J$69:$L$69,0)),0) -> 0.0031534154 | S76: 0 | T76: =$R76*$S76 -> 0 | U76: =IF(SUM(T$70:T$128)=0,0,T76/SUM(T$70:T$128)) -> 0 | V76: =INT(U76*$C$2) -> 0 | W76: =IF(SUM(V$70:V$128)=0,0,V76/SUM(V$70:V$128)) -> 0 | X76: =IFERROR(INDEX($M76:$O76,MATCH($Q76,$M$69:$O$69,0)),0)*V76/$C$2 -> 0
B77: 6 | C77: 7 | D77: 0 | E77: 3215 | F77: 0 | G77: 0 | H77: 10540600 | I77: 0 | J77: =IF(SUM(D$70:D$128)=0,0,D77/SUM(D$70:D$128)) -> 0 | K77: =IF(SUM(E$70:E$128)=0,0,E77/SUM(E$70:E$128)) -> 0.0031831179 | L77: =IF(SUM(F$70:F$128)=0,0,F77/SUM(F$70:F$128)) -> 0 | M77: =IF(D77=0,0,G77/D77/$C$3/5) -> 0 | N77: =IF(E77=0,0,H77/E77/$C$3/5) -> 6.5571384 | O77: =IF(F77=0,0,I77/F77/$C$3/5) -> 0 | P77: ="("&B77&", "&C77&"]" -> (6, 7] | Q77: E | R77: =IFERROR(INDEX($J77:$L77,MATCH($Q77,$J$69:$L$69,0)),0) -> 0.0031831179 | S77: 0 | T77: =$R77*$S77 -> 0 | U77: =IF(SUM(T$70:T$128)=0,0,T77/SUM(T$70:T$128)) -> 0 | V77: =INT(U77*$C$2) -> 0 | W77: =IF(SUM(V$70:V$128)=0,0,V77/SUM(V$70:V$128)) -> 0 | X77: =IFERROR(INDEX($M77:$O77,MATCH($Q77,$M$69:$O$69,0)),0)*V77/$C$2 -> 0
B78: 7 | C78: 8 | D78: 0 | E78: 3055 | F78: 0 | G78: 0 | H78: 11542100 | I78: 0 | J78: =IF(SUM(D$70:D$128)=0,0,D78/SUM(D$70:D$128)) -> 0 | K78: =IF(SUM(E$70:E$128)=0,0,E78/SUM(E$70:E$128)) -> 0.0030247046 | L78: =IF(SUM(F$70:F$128)=0,0,F78/SUM(F$70:F$128)) -> 0 | M78: =IF(D78=0,0,G78/D78/$C$3/5) -> 0 | N78: =IF(E78=0,0,H78/E78/$C$3/5) -> 7.5562029 | O78: =IF(F78=0,0,I78/F78/$C$3/5) -> 0 | P78: ="("&B78&", "&C78&"]" -> (7, 8] | Q78: E | R78: =IFERROR(INDEX($J78:$L78,MATCH($Q78,$J$69:$L$69,0)),0) -> 0.0030247046 | S78: 0 | T78: =$R78*$S78 -> 0 | U78: =IF(SUM(T$70:T$128)=0,0,T78/SUM(T$70:T$128)) -> 0 | V78: =INT(U78*$C$2) -> 0 | W78: =IF(SUM(V$70:V$128)=0,0,V78/SUM(V$70:V$128)) -> 0 | X78: =IFERROR(INDEX($M78:$O78,MATCH($Q78,$M$69:$O$69,0)),0)*V78/$C$2 -> 0
B79: 8 | C79: 9 | D79: 0 | E79: 3155 | F79: 0 | G79: 0 | H79: 13497550 | I79: 0 | J79: =IF(SUM(D$70:D$128)=0,0,D79/SUM(D$70:D$128)) -> 0 | K79: =IF(SUM(E$70:E$128)=0,0,E79/SUM(E$70:E$128)) -> 0.0031237129 | L79: =IF(SUM(F$70:F$128)=0,0,F79/SUM(F$70:F$128)) -> 0 | M79: =IF(D79=0,0,G79/D79/$C$3/5) -> 0 | N79: =IF(E79=0,0,H79/E79/$C$3/5) -> 8.5562916 | O79: =IF(F79=0,0,I79/F79/$C$3/5) -> 0 | P79: ="("&B79&", "&C79&"]" -> (8, 9] | Q79: E | R79: =IFERROR(INDEX($J79:$L79,MATCH($Q79,$J$69:$L$69,0)),0) -> 0.0031237129 | S79: 0 | T79: =$R79*$S79 -> 0 | U79: =IF(SUM(T$70:T$128)=0,0,T79/SUM(T$70:T$128)) -> 0 | V79: =INT(U79*$C$2) -> 0 | W79: =IF(SUM(V$70:V$128)=0,0,V79/SUM(V$70:V$128)) -> 0 | X79: =IFERROR(INDEX($M79:$O79,MATCH($Q79,$M$69:$O$69,0)),0)*V79/$C$2 -> 0
B80: 9 | C80: 10 | D80: 0 | E80: 3289 | F80: 0 | G80: 0 | H80: 15750950 | I80: 0 | J80: =IF(SUM(D$70:D$128)=0,0,D80/SUM(D$70:D$128)) -> 0 | K80: =IF(SUM(E$70:E$128)=0,0,E80/SUM(E$70:E$128)) -> 0.0032563841 | L80: =IF(SUM(F$70:F$128)=0,0,F80/SUM(F$70:F$128)) -> 0 | M80: =IF(D80=0,0,G80/D80/$C$3/5) -> 0 | N80: =IF(E80=0,0,H80/E80/$C$3/5) -> 9.5779568 | O80: =IF(F80=0,0,I80/F80/$C$3/5) -> 0 | P80: ="("&B80&", "&C80&"]" -> (9, 10] | Q80: E | R80: =IFERROR(INDEX($J80:$L80,MATCH($Q80,$J$69:$L$69,0)),0) -> 0.0032563841 | S80: 0 | T80: =$R80*$S80 -> 0 | U80: =IF(SUM(T$70:T$128)=0,0,T80/SUM(T$70:T$128)) -> 0 | V80: =INT(U80*$C$2) -> 0 | W80: =IF(SUM(V$70:V$128)=0,0,V80/SUM(V$70:V$128)) -> 0 | X80: =IFERROR(INDEX($M80:$O80,MATCH($Q80,$M$69:$O$69,0)),0)*V80/$C$2 -> 0
B81: 10 | C81: 15 | D81: 0 | E81: 16424 | F81: 0 | G81: 0 | H81: 103238050 | I81: 0 | J81: =IF(SUM(D$70:D$128)=0,0,D81/SUM(D$70:D$128)) -> 0 | K81: =IF(SUM(E$70:E$128)=0,0,E81/SUM(E$70:E$128)) -> 0.016261129 | L81: =IF(SUM(F$70:F$128)=0,0,F81/SUM(F$70:F$128)) -> 0 | M81: =IF(D81=0,0,G81/D81/$C$3/5) -> 0 | N81: =IF(E81=0,0,H81/E81/$C$3/5) -> 12.571609 | O81: =IF(F81=0,0,I81/F81/$C$3/5) -> 0 | P81: ="("&B81&", "&C81&"]" -> (10, 15] | Q81: E | R81: =IFERROR(INDEX($J81:$L81,MATCH($Q81,$J$69:$L$69,0)),0) -> 0.016261129 | S81: 1 | T81: =$R81*$S81 -> 0.016261129 | U81: =IF(SUM(T$70:T$128)=0,0,T81/SUM(T$70:T$128)) -> 0.10680196 | V81: =INT(U81*$C$2) -> 106801961 | W81: =IF(SUM(V$70:V$128)=0,0,V81/SUM(V$70:V$128)) -> 0.10680196 | X81: =IFERROR(INDEX($M81:$O81,MATCH($Q81,$M$69:$O$69,0)),0)*V81/$C$2 -> 1.3426725
... B121: 7000 | C121: 8000 | D121: 0 | E121: 0 | F121: 0 | G121: 0 | H121: 0 | I121: 0 | J121: =IF(SUM(D$70:D$128)=0,0,D121/SUM(D$70:D$128)) -> 0 | K121: =IF(SUM(E$70:E$128)=0,0,E121/SUM(E$70:E$128)) -> 0 | L121: =IF(SUM(F$70:F$128)=0,0,F121/SUM(F$70:F$128)) -> 0 | M121: =IF(D121=0,0,G121/D121/$C$3/5) -> 0 | N121: =IF(E121=0,0,H121/E121/$C$3/5) -> 0 | O121: =IF(F121=0,0,I121/F121/$C$3/5) -> 0 | P121: ="("&B121&", "&C121&"]" -> (7000, 8000] | Q121: E | R121: =IFERROR(INDEX($J121:$L121,MATCH($Q121,$J$69:$L$69,0)),0) -> 0 | S121: 0 | T121: =$R121*$S121 -> 0 | U121: =IF(SUM(T$70:T$128)=0,0,T121/SUM(T$70:T$128)) -> 0 | V121: =INT(U121*$C$2) -> 0 | W121: =IF(SUM(V$70:V$128)=0,0,V121/SUM(V$70:V$128)) -> 0 | X121: =IFERROR(INDEX($M121:$O121,MATCH($Q121,$M$69:$O$69,0)),0)*V121/$C$2 -> 0
D122: 0 | E122: 0 | F122: 0 | G122: 0 | H122: 0 | I122: 0 | J122: =IF(SUM(D$70:D$128)=0,0,D122/SUM(D$70:D$128)) -> 0 | K122: =IF(SUM(E$70:E$128)=0,0,E122/SUM(E$70:E$128)) -> 0 | L122: =IF(SUM(F$70:F$128)=0,0,F122/SUM(F$70:F$128)) -> 0 | M122: =IF(D122=0,0,G122/D122/$C$3/5) -> 0 | N122: =IF(E122=0,0,H122/E122/$C$3/5) -> 0 | O122: =IF(F122=0,0,I122/F122/$C$3/5) -> 0 | P122: ="("&B122&", "&C122&"]" -> (, ] | Q122: E | R122: =IFERROR(INDEX($J122:$L122,MATCH($Q122,$J$69:$L$69,0)),0) -> 0 | S122: 0 | T122: =$R122*$S122 -> 0 | U122: =IF(SUM(T$70:T$128)=0,0,T122/SUM(T$70:T$128)) -> 0 | V122: =INT(U122*$C$2) -> 0 | W122: =IF(SUM(V$70:V$128)=0,0,V122/SUM(V$70:V$128)) -> 0 | X122: =IFERROR(INDEX($M122:$O122,MATCH($Q122,$M$69:$O$69,0)),0)*V122/$C$2 -> 0
D123: 0 | E123: 0 | F123: 0 | G123: 0 | H123: 0 | I123: 0 | J123: =IF(SUM(D$70:D$128)=0,0,D123/SUM(D$70:D$128)) -> 0 | K123: =IF(SUM(E$70:E$128)=0,0,E123/SUM(E$70:E$128)) -> 0 | L123: =IF(SUM(F$70:F$128)=0,0,F123/SUM(F$70:F$128)) -> 0 | M123: =IF(D123=0,0,G123/D123/$C$3/5) -> 0 | N123: =IF(E123=0,0,H123/E123/$C$3/5) -> 0 | O123: =IF(F123=0,0,I123/F123/$C$3/5) -> 0 | P123: ="("&B123&", "&C123&"]" -> (, ] | Q123: E | R123: =IFERROR(INDEX($J123:$L123,MATCH($Q123,$J$69:$L$69,0)),0) -> 0 | S123: 0 | T123: =$R123*$S123 -> 0 | U123: =IF(SUM(T$70:T$128)=0,0,T123/SUM(T$70:T$128)) -> 0 | V123: =INT(U123*$C$2) -> 0 | W123: =IF(SUM(V$70:V$128)=0,0,V123/SUM(V$70:V$128)) -> 0 | X123: =IFERROR(INDEX($M123:$O123,MATCH($Q123,$M$69:$O$69,0)),0)*V123/$C$2 -> 0
D124: 0 | E124: 0 | F124: 0 | G124: 0 | H124: 0 | I124: 0 | J124: =IF(SUM(D$70:D$128)=0,0,D124/SUM(D$70:D$128)) -> 0 | K124: =IF(SUM(E$70:E$128)=0,0,E124/SUM(E$70:E$128)) -> 0 | L124: =IF(SUM(F$70:F$128)=0,0,F124/SUM(F$70:F$128)) -> 0 | M124: =IF(D124=0,0,G124/D124/$C$3/5) -> 0 | N124: =IF(E124=0,0,H124/E124/$C$3/5) -> 0 | O124: =IF(F124=0,0,I124/F124/$C$3/5) -> 0 | P124: ="("&B124&", "&C124&"]" -> (, ] | Q124: E | R124: =IFERROR(INDEX($J124:$L124,MATCH($Q124,$J$69:$L$69,0)),0) -> 0 | S124: 0 | T124: =$R124*$S124 -> 0 | U124: =IF(SUM(T$70:T$128)=0,0,T124/SUM(T$70:T$128)) -> 0 | V124: =INT(U124*$C$2) -> 0 | W124: =IF(SUM(V$70:V$128)=0,0,V124/SUM(V$70:V$128)) -> 0 | X124: =IFERROR(INDEX($M124:$O124,MATCH($Q124,$M$69:$O$69,0)),0)*V124/$C$2 -> 0
D125: 0 | E125: 0 | F125: 0 | G125: 0 | H125: 0 | I125: 0 | J125: =IF(SUM(D$70:D$128)=0,0,D125/SUM(D$70:D$128)) -> 0 | K125: =IF(SUM(E$70:E$128)=0,0,E125/SUM(E$70:E$128)) -> 0 | L125: =IF(SUM(F$70:F$128)=0,0,F125/SUM(F$70:F$128)) -> 0 | M125: =IF(D125=0,0,G125/D125/$C$3/5) -> 0 | N125: =IF(E125=0,0,H125/E125/$C$3/5) -> 0 | O125: =IF(F125=0,0,I125/F125/$C$3/5) -> 0 | P125: ="("&B125&", "&C125&"]" -> (, ] | Q125: E | R125: =IFERROR(INDEX($J125:$L125,MATCH($Q125,$J$69:$L$69,0)),0) -> 0 | S125: 0 | T125: =$R125*$S125 -> 0 | U125: =IF(SUM(T$70:T$128)=0,0,T125/SUM(T$70:T$128)) -> 0 | V125: =INT(U125*$C$2) -> 0 | W125: =IF(SUM(V$70:V$128)=0,0,V125/SUM(V$70:V$128)) -> 0 | X125: =IFERROR(INDEX($M125:$O125,MATCH($Q125,$M$69:$O$69,0)),0)*V125/$C$2 -> 0
D126: 0 | E126: 0 | F126: 0 | G126: 0 | H126: 0 | I126: 0 | J126: =IF(SUM(D$70:D$128)=0,0,D126/SUM(D$70:D$128)) -> 0 | K126: =IF(SUM(E$70:E$128)=0,0,E126/SUM(E$70:E$128)) -> 0 | L126: =IF(SUM(F$70:F$128)=0,0,F126/SUM(F$70:F$128)) -> 0 | M126: =IF(D126=0,0,G126/D126/$C$3/5) -> 0 | N126: =IF(E126=0,0,H126/E126/$C$3/5) -> 0 | O126: =IF(F126=0,0,I126/F126/$C$3/5) -> 0 | P126: ="("&B126&", "&C126&"]" -> (, ] | Q126: E | R126: =IFERROR(INDEX($J126:$L126,MATCH($Q126,$J$69:$L$69,0)),0) -> 0 | S126: 0 | T126: =$R126*$S126 -> 0 | U126: =IF(SUM(T$70:T$128)=0,0,T126/SUM(T$70:T$128)) -> 0 | V126: =INT(U126*$C$2) -> 0 | W126: =IF(SUM(V$70:V$128)=0,0,V126/SUM(V$70:V$128)) -> 0 | X126: =IFERROR(INDEX($M126:$O126,MATCH($Q126,$M$69:$O$69,0)),0)*V126/$C$2 -> 0
D127: 0 | E127: 0 | F127: 0 | G127: 0 | H127: 0 | I127: 0 | J127: =IF(SUM(D$70:D$128)=0,0,D127/SUM(D$70:D$128)) -> 0 | K127: =IF(SUM(E$70:E$128)=0,0,E127/SUM(E$70:E$128)) -> 0 | L127: =IF(SUM(F$70:F$128)=0,0,F127/SUM(F$70:F$128)) -> 0 | M127: =IF(D127=0,0,G127/D127/$C$3/5) -> 0 | N127: =IF(E127=0,0,H127/E127/$C$3/5) -> 0 | O127: =IF(F127=0,0,I127/F127/$C$3/5) -> 0 | P127: ="("&B127&", "&C127&"]" -> (, ] | Q127: E | R127: =IFERROR(INDEX($J127:$L127,MATCH($Q127,$J$69:$L$69,0)),0) -> 0 | S127: 0 | T127: =$R127*$S127 -> 0 | U127: =IF(SUM(T$70:T$128)=0,0,T127/SUM(T$70:T$128)) -> 0 | V127: =INT(U127*$C$2) -> 0 | W127: =IF(SUM(V$70:V$128)=0,0,V127/SUM(V$70:V$128)) -> 0 | X127: =IFERROR(INDEX($M127:$O127,MATCH($Q127,$M$69:$O$69,0)),0)*V127/$C$2 -> 0
D128: 0 | E128: 0 | F128: 0 | G128: 0 | H128: 0 | I128: 0 | J128: =IF(SUM(D$70:D$128)=0,0,D128/SUM(D$70:D$128)) -> 0 | K128: =IF(SUM(E$70:E$128)=0,0,E128/SUM(E$70:E$128)) -> 0 | L128: =IF(SUM(F$70:F$128)=0,0,F128/SUM(F$70:F$128)) -> 0 | M128: =IF(D128=0,0,G128/D128/$C$3/5) -> 0 | N128: =IF(E128=0,0,H128/E128/$C$3/5) -> 0 | O128: =IF(F128=0,0,I128/F128/$C$3/5) -> 0 | P128: ="("&B128&", "&C128&"]" -> (, ] | Q128: E | R128: =IFERROR(INDEX($J128:$L128,MATCH($Q128,$J$69:$L$69,0)),0) -> 0 | S128: 0 | T128: =$R128*$S128 -> 0 | U128: =IF(SUM(T$70:T$128)=0,0,T128/SUM(T$70:T$128)) -> 0 | V128: =INT(U128*$C$2) -> 0 | W128: =IF(SUM(V$70:V$128)=0,0,V128/SUM(V$70:V$128)) -> 0 | X128: =IFERROR(INDEX($M128:$O128,MATCH($Q128,$M$69:$O$69,0)),0)*V128/$C$2 -> 0
B129: Total | V129: =SUM(V70:V128) -> 999999990
B132: Buy Feature | D132: Simulator Cnt | G132: Simulator Pay | J132: Simulator Rate | M132: Simulator RTP
B133: Lower | C133: Upper | D133: D | E133: E | F133: F | G133: D | H133: E | I133: F | J133: D | K133: E | L133: F | M133: D | N133: E | O133: F | P133: Range | Q133: Table | R133: Rate | S133: Fix Num | T133: Fix Rate | U133: Final Rate | V133: Weight | W133: Hit Rate | X133: RTP
B134: -1 | C134: 0 | D134: 0 | E134: 316 | F134: 0 | G134: 0 | H134: 0 | I134: 0 | J134: =IF(SUM(D$134:D$192)=0,0,D134/SUM(D$134:D$192)) -> 0 | K134: =IF(SUM(E$134:E$192)=0,0,E134/SUM(E$134:E$192)) -> 0.00031286633 | L134: =IF(SUM(F$134:F$192)=0,0,F134/SUM(F$134:F$192)) -> 0 | M134: =IF(D134=0,0,G134/D134/$C$3/5) -> 0 | N134: =IF(E134=0,0,H134/E134/$C$3/5) -> 0 | O134: =IF(F134=0,0,I134/F134/$C$3/5) -> 0 | P134: ="("&B134&", "&C134&"]" -> (-1, 0] | Q134: E | R134: =IFERROR(INDEX($J134:$L134,MATCH($Q134,$J$133:$L$133,0)),0) -> 0.00031286633 | S134: 0 | T134: =$R134*$S134 -> 0 | U134: =IF(SUM(T$134:T$192)=0,0,T134/SUM(T$134:T$192)) -> 0 | V134: =INT(U134*$C$2) -> 0 | W134: =IF(SUM(V$134:V$192)=0,0,V134/SUM(V$134:V$192)) -> 0 | X134: =IFERROR(INDEX($M134:$O134,MATCH($Q134,$M$133:$O$133,0)),0)*V134/$C$2 -> 0
B135: 0 | C135: 1 | D135: 0 | E135: 2222 | F135: 0 | G135: 0 | H135: 676000 | I135: 0 | J135: =IF(SUM(D$134:D$192)=0,0,D135/SUM(D$134:D$192)) -> 0 | K135: =IF(SUM(E$134:E$192)=0,0,E135/SUM(E$134:E$192)) -> 0.0021999651 | L135: =IF(SUM(F$134:F$192)=0,0,F135/SUM(F$134:F$192)) -> 0 | M135: =IF(D135=0,0,G135/D135/$C$3/5) -> 0 | N135: =IF(E135=0,0,H135/E135/$C$3/5) -> 0.60846085 | O135: =IF(F135=0,0,I135/F135/$C$3/5) -> 0 | P135: ="("&B135&", "&C135&"]" -> (0, 1] | Q135: E | R135: =IFERROR(INDEX($J135:$L135,MATCH($Q135,$J$133:$L$133,0)),0) -> 0.0021999651 | S135: 0 | T135: =$R135*$S135 -> 0 | U135: =IF(SUM(T$134:T$192)=0,0,T135/SUM(T$134:T$192)) -> 0 | V135: =INT(U135*$C$2) -> 0 | W135: =IF(SUM(V$134:V$192)=0,0,V135/SUM(V$134:V$192)) -> 0 | X135: =IFERROR(INDEX($M135:$O135,MATCH($Q135,$M$133:$O$133,0)),0)*V135/$C$2 -> 0
B136: 1 | C136: 2 | D136: 0 | E136: 2756 | F136: 0 | G136: 0 | H136: 2169950 | I136: 0 | J136: =IF(SUM(D$134:D$192)=0,0,D136/SUM(D$134:D$192)) -> 0 | K136: =IF(SUM(E$134:E$192)=0,0,E136/SUM(E$134:E$192)) -> 0.0027286696 | L136: =IF(SUM(F$134:F$192)=0,0,F136/SUM(F$134:F$192)) -> 0 | M136: =IF(D136=0,0,G136/D136/$C$3/5) -> 0 | N136: =IF(E136=0,0,H136/E136/$C$3/5) -> 1.5747097 | O136: =IF(F136=0,0,I136/F136/$C$3/5) -> 0 | P136: ="("&B136&", "&C136&"]" -> (1, 2] | Q136: E | R136: =IFERROR(INDEX($J136:$L136,MATCH($Q136,$J$133:$L$133,0)),0) -> 0.0027286696 | S136: 0 | T136: =$R136*$S136 -> 0 | U136: =IF(SUM(T$134:T$192)=0,0,T136/SUM(T$134:T$192)) -> 0 | V136: =INT(U136*$C$2) -> 0 | W136: =IF(SUM(V$134:V$192)=0,0,V136/SUM(V$134:V$192)) -> 0 | X136: =IFERROR(INDEX($M136:$O136,MATCH($Q136,$M$133:$O$133,0)),0)*V136/$C$2 -> 0
B137: 2 | C137: 3 | D137: 0 | E137: 3023 | F137: 0 | G137: 0 | H137: 3886500 | I137: 0 | J137: =IF(SUM(D$134:D$192)=0,0,D137/SUM(D$134:D$192)) -> 0 | K137: =IF(SUM(E$134:E$192)=0,0,E137/SUM(E$134:E$192)) -> 0.0029930219 | L137: =IF(SUM(F$134:F$192)=0,0,F137/SUM(F$134:F$192)) -> 0 | M137: =IF(D137=0,0,G137/D137/$C$3/5) -> 0 | N137: =IF(E137=0,0,H137/E137/$C$3/5) -> 2.5712868 | O137: =IF(F137=0,0,I137/F137/$C$3/5) -> 0 | P137: ="("&B137&", "&C137&"]" -> (2, 3] | Q137: E | R137: =IFERROR(INDEX($J137:$L137,MATCH($Q137,$J$133:$L$133,0)),0) -> 0.0029930219 | S137: 0 | T137: =$R137*$S137 -> 0 | U137: =IF(SUM(T$134:T$192)=0,0,T137/SUM(T$134:T$192)) -> 0 | V137: =INT(U137*$C$2) -> 0 | W137: =IF(SUM(V$134:V$192)=0,0,V137/SUM(V$134:V$192)) -> 0 | X137: =IFERROR(INDEX($M137:$O137,MATCH($Q137,$M$133:$O$133,0)),0)*V137/$C$2 -> 0
B138: 3 | C138: 4 | D138: 0 | E138: 3095 | F138: 0 | G138: 0 | H138: 5503800 | I138: 0 | J138: =IF(SUM(D$134:D$192)=0,0,D138/SUM(D$134:D$192)) -> 0 | K138: =IF(SUM(E$134:E$192)=0,0,E138/SUM(E$134:E$192)) -> 0.0030643079 | L138: =IF(SUM(F$134:F$192)=0,0,F138/SUM(F$134:F$192)) -> 0 | M138: =IF(D138=0,0,G138/D138/$C$3/5) -> 0 | N138: =IF(E138=0,0,H138/E138/$C$3/5) -> 3.5565751 | O138: =IF(F138=0,0,I138/F138/$C$3/5) -> 0 | P138: ="("&B138&", "&C138&"]" -> (3, 4] | Q138: E | R138: =IFERROR(INDEX($J138:$L138,MATCH($Q138,$J$133:$L$133,0)),0) -> 0.0030643079 | S138: 0 | T138: =$R138*$S138 -> 0 | U138: =IF(SUM(T$134:T$192)=0,0,T138/SUM(T$134:T$192)) -> 0 | V138: =INT(U138*$C$2) -> 0 | W138: =IF(SUM(V$134:V$192)=0,0,V138/SUM(V$134:V$192)) -> 0 | X138: =IFERROR(INDEX($M138:$O138,MATCH($Q138,$M$133:$O$133,0)),0)*V138/$C$2 -> 0
B139: 4 | C139: 5 | D139: 0 | E139: 3068 | F139: 0 | G139: 0 | H139: 7011850 | I139: 0 | J139: =IF(SUM(D$134:D$192)=0,0,D139/SUM(D$134:D$192)) -> 0 | K139: =IF(SUM(E$134:E$192)=0,0,E139/SUM(E$134:E$192)) -> 0.0030375756 | L139: =IF(SUM(F$134:F$192)=0,0,F139/SUM(F$134:F$192)) -> 0 | M139: =IF(D139=0,0,G139/D139/$C$3/5) -> 0 | N139: =IF(E139=0,0,H139/E139/$C$3/5) -> 4.5709583 | O139: =IF(F139=0,0,I139/F139/$C$3/5) -> 0 | P139: ="("&B139&", "&C139&"]" -> (4, 5] | Q139: E | R139: =IFERROR(INDEX($J139:$L139,MATCH($Q139,$J$133:$L$133,0)),0) -> 0.0030375756 | S139: 0.003 | T139: =$R139*$S139 -> 9.1127269e-06 | U139: =IF(SUM(T$134:T$192)=0,0,T139/SUM(T$134:T$192)) -> 7.7956993e-05 | V139: =INT(U139*$C$2) -> 77956 | W139: =IF(SUM(V$134:V$192)=0,0,V139/SUM(V$134:V$192)) -> 7.7956001e-05 | X139: =IFERROR(INDEX($M139:$O139,MATCH($Q139,$M$133:$O$133,0)),0)*V139/$C$2 -> 0.00035633362
B140: 5 | C140: 6 | D140: 0 | E140: 3185 | F140: 0 | G140: 0 | H140: 8850050 | I140: 0 | J140: =IF(SUM(D$134:D$192)=0,0,D140/SUM(D$134:D$192)) -> 0 | K140: =IF(SUM(E$134:E$192)=0,0,E140/SUM(E$134:E$192)) -> 0.0031534154 | L140: =IF(SUM(F$134:F$192)=0,0,F140/SUM(F$134:F$192)) -> 0 | M140: =IF(D140=0,0,G140/D140/$C$3/5) -> 0 | N140: =IF(E140=0,0,H140/E140/$C$3/5) -> 5.5573312 | O140: =IF(F140=0,0,I140/F140/$C$3/5) -> 0 | P140: ="("&B140&", "&C140&"]" -> (5, 6] | Q140: E | R140: =IFERROR(INDEX($J140:$L140,MATCH($Q140,$J$133:$L$133,0)),0) -> 0.0031534154 | S140: 0.024 | T140: =$R140*$S140 -> 7.5681969e-05 | U140: =IF(SUM(T$134:T$192)=0,0,T140/SUM(T$134:T$192)) -> 0.00064743943 | V140: =INT(U140*$C$2) -> 647439 | W140: =IF(SUM(V$134:V$192)=0,0,V140/SUM(V$134:V$192)) -> 0.00064743901 | X140: =IFERROR(INDEX($M140:$O140,MATCH($Q140,$M$133:$O$133,0)),0)*V140/$C$2 -> 0.003598033
B141: 6 | C141: 7 | D141: 0 | E141: 3215 | F141: 0 | G141: 0 | H141: 10540600 | I141: 0 | J141: =IF(SUM(D$134:D$192)=0,0,D141/SUM(D$134:D$192)) -> 0 | K141: =IF(SUM(E$134:E$192)=0,0,E141/SUM(E$134:E$192)) -> 0.0031831179 | L141: =IF(SUM(F$134:F$192)=0,0,F141/SUM(F$134:F$192)) -> 0 | M141: =IF(D141=0,0,G141/D141/$C$3/5) -> 0 | N141: =IF(E141=0,0,H141/E141/$C$3/5) -> 6.5571384 | O141: =IF(F141=0,0,I141/F141/$C$3/5) -> 0 | P141: ="("&B141&", "&C141&"]" -> (6, 7] | Q141: E | R141: =IFERROR(INDEX($J141:$L141,MATCH($Q141,$J$133:$L$133,0)),0) -> 0.0031831179 | S141: 0.0315 | T141: =$R141*$S141 -> 0.00010026821 | U141: =IF(SUM(T$134:T$192)=0,0,T141/SUM(T$134:T$192)) -> 0.00085776832 | V141: =INT(U141*$C$2) -> 857768 | W141: =IF(SUM(V$134:V$192)=0,0,V141/SUM(V$134:V$192)) -> 0.00085776801 | X141: =IFERROR(INDEX($M141:$O141,MATCH($Q141,$M$133:$O$133,0)),0)*V141/$C$2 -> 0.0056245035
B142: 7 | C142: 8 | D142: 0 | E142: 3055 | F142: 0 | G142: 0 | H142: 11542100 | I142: 0 | J142: =IF(SUM(D$134:D$192)=0,0,D142/SUM(D$134:D$192)) -> 0 | K142: =IF(SUM(E$134:E$192)=0,0,E142/SUM(E$134:E$192)) -> 0.0030247046 | L142: =IF(SUM(F$134:F$192)=0,0,F142/SUM(F$134:F$192)) -> 0 | M142: =IF(D142=0,0,G142/D142/$C$3/5) -> 0 | N142: =IF(E142=0,0,H142/E142/$C$3/5) -> 7.5562029 | O142: =IF(F142=0,0,I142/F142/$C$3/5) -> 0 | P142: ="("&B142&", "&C142&"]" -> (7, 8] | Q142: E | R142: =IFERROR(INDEX($J142:$L142,MATCH($Q142,$J$133:$L$133,0)),0) -> 0.0030247046 | S142: 0.038 | T142: =$R142*$S142 -> 0.00011493877 | U142: =IF(SUM(T$134:T$192)=0,0,T142/SUM(T$134:T$192)) -> 0.00098327111 | V142: =INT(U142*$C$2) -> 983271 | W142: =IF(SUM(V$134:V$192)=0,0,V142/SUM(V$134:V$192)) -> 0.00098327102 | X142: =IFERROR(INDEX($M142:$O142,MATCH($Q142,$M$133:$O$133,0)),0)*V142/$C$2 -> 0.0074297952
B143: 8 | C143: 9 | D143: 0 | E143: 3155 | F143: 0 | G143: 0 | H143: 13497550 | I143: 0 | J143: =IF(SUM(D$134:D$192)=0,0,D143/SUM(D$134:D$192)) -> 0 | K143: =IF(SUM(E$134:E$192)=0,0,E143/SUM(E$134:E$192)) -> 0.0031237129 | L143: =IF(SUM(F$134:F$192)=0,0,F143/SUM(F$134:F$192)) -> 0 | M143: =IF(D143=0,0,G143/D143/$C$3/5) -> 0 | N143: =IF(E143=0,0,H143/E143/$C$3/5) -> 8.5562916 | O143: =IF(F143=0,0,I143/F143/$C$3/5) -> 0 | P143: ="("&B143&", "&C143&"]" -> (8, 9] | Q143: E | R143: =IFERROR(INDEX($J143:$L143,MATCH($Q143,$J$133:$L$133,0)),0) -> 0.0031237129 | S143: 0.0425 | T143: =$R143*$S143 -> 0.0001327578 | U143: =IF(SUM(T$134:T$192)=0,0,T143/SUM(T$134:T$192)) -> 0.0011357082 | V143: =INT(U143*$C$2) -> 1135708 | W143: =IF(SUM(V$134:V$192)=0,0,V143/SUM(V$134:V$192)) -> 0.001135708 | X143: =IFERROR(INDEX($M143:$O143,MATCH($Q143,$M$133:$O$133,0)),0)*V143/$C$2 -> 0.0097174488
B144: 9 | C144: 10 | D144: 0 | E144: 3289 | F144: 0 | G144: 0 | H144: 15750950 | I144: 0 | J144: =IF(SUM(D$134:D$192)=0,0,D144/SUM(D$134:D$192)) -> 0 | K144: =IF(SUM(E$134:E$192)=0,0,E144/SUM(E$134:E$192)) -> 0.0032563841 | L144: =IF(SUM(F$134:F$192)=0,0,F144/SUM(F$134:F$192)) -> 0 | M144: =IF(D144=0,0,G144/D144/$C$3/5) -> 0 | N144: =IF(E144=0,0,H144/E144/$C$3/5) -> 9.5779568 | O144: =IF(F144=0,0,I144/F144/$C$3/5) -> 0 | P144: ="("&B144&", "&C144&"]" -> (9, 10] | Q144: E | R144: =IFERROR(INDEX($J144:$L144,MATCH($Q144,$J$133:$L$133,0)),0) -> 0.0032563841 | S144: 0.0515 | T144: =$R144*$S144 -> 0.00016770378 | U144: =IF(SUM(T$134:T$192)=0,0,T144/SUM(T$134:T$192)) -> 0.0014346619 | V144: =INT(U144*$C$2) -> 1434661 | W144: =IF(SUM(V$134:V$192)=0,0,V144/SUM(V$134:V$192)) -> 0.001434661 | X144: =IFERROR(INDEX($M144:$O144,MATCH($Q144,$M$133:$O$133,0)),0)*V144/$C$2 -> 0.013741121
B145: 10 | C145: 15 | D145: 0 | E145: 16424 | F145: 0 | G145: 0 | H145: 103238050 | I145: 0 | J145: =IF(SUM(D$134:D$192)=0,0,D145/SUM(D$134:D$192)) -> 0 | K145: =IF(SUM(E$134:E$192)=0,0,E145/SUM(E$134:E$192)) -> 0.016261129 | L145: =IF(SUM(F$134:F$192)=0,0,F145/SUM(F$134:F$192)) -> 0 | M145: =IF(D145=0,0,G145/D145/$C$3/5) -> 0 | N145: =IF(E145=0,0,H145/E145/$C$3/5) -> 12.571609 | O145: =IF(F145=0,0,I145/F145/$C$3/5) -> 0 | P145: ="("&B145&", "&C145&"]" -> (10, 15] | Q145: E | R145: =IFERROR(INDEX($J145:$L145,MATCH($Q145,$J$133:$L$133,0)),0) -> 0.016261129 | S145: 0.06815 | T145: =$R145*$S145 -> 0.0011081959 | U145: =IF(SUM(T$134:T$192)=0,0,T145/SUM(T$134:T$192)) -> 0.0094803259 | V145: =INT(U145*$C$2) -> 9480325 | W145: =IF(SUM(V$134:V$192)=0,0,V145/SUM(V$134:V$192)) -> 0.0094803252 | X145: =IFERROR(INDEX($M145:$O145,MATCH($Q145,$M$133:$O$133,0)),0)*V145/$C$2 -> 0.11918294
... B185: 7000 | C185: 8000 | D185: 0 | E185: 0 | F185: 0 | G185: 0 | H185: 0 | I185: 0 | J185: =IF(SUM(D$134:D$192)=0,0,D185/SUM(D$134:D$192)) -> 0 | K185: =IF(SUM(E$134:E$192)=0,0,E185/SUM(E$134:E$192)) -> 0 | L185: =IF(SUM(F$134:F$192)=0,0,F185/SUM(F$134:F$192)) -> 0 | M185: =IF(D185=0,0,G185/D185/$C$3/5) -> 0 | N185: =IF(E185=0,0,H185/E185/$C$3/5) -> 0 | O185: =IF(F185=0,0,I185/F185/$C$3/5) -> 0 | P185: ="("&B185&", "&C185&"]" -> (7000, 8000] | Q185: E | R185: =IFERROR(INDEX($J185:$L185,MATCH($Q185,$J$133:$L$133,0)),0) -> 0 | S185: 0 | T185: =$R185*$S185 -> 0 | U185: =IF(SUM(T$134:T$192)=0,0,T185/SUM(T$134:T$192)) -> 0 | V185: =INT(U185*$C$2) -> 0 | W185: =IF(SUM(V$134:V$192)=0,0,V185/SUM(V$134:V$192)) -> 0 | X185: =IFERROR(INDEX($M185:$O185,MATCH($Q185,$M$133:$O$133,0)),0)*V185/$C$2 -> 0
D186: 0 | E186: 0 | F186: 0 | G186: 0 | H186: 0 | I186: 0 | J186: =IF(SUM(D$134:D$192)=0,0,D186/SUM(D$134:D$192)) -> 0 | K186: =IF(SUM(E$134:E$192)=0,0,E186/SUM(E$134:E$192)) -> 0 | L186: =IF(SUM(F$134:F$192)=0,0,F186/SUM(F$134:F$192)) -> 0 | M186: =IF(D186=0,0,G186/D186/$C$3/5) -> 0 | N186: =IF(E186=0,0,H186/E186/$C$3/5) -> 0 | O186: =IF(F186=0,0,I186/F186/$C$3/5) -> 0 | P186: ="("&B186&", "&C186&"]" -> (, ] | Q186: E | R186: =IFERROR(INDEX($J186:$L186,MATCH($Q186,$J$133:$L$133,0)),0) -> 0 | S186: 0 | T186: =$R186*$S186 -> 0 | U186: =IF(SUM(T$134:T$192)=0,0,T186/SUM(T$134:T$192)) -> 0 | V186: =INT(U186*$C$2) -> 0 | W186: =IF(SUM(V$134:V$192)=0,0,V186/SUM(V$134:V$192)) -> 0 | X186: =IFERROR(INDEX($M186:$O186,MATCH($Q186,$M$133:$O$133,0)),0)*V186/$C$2 -> 0
D187: 0 | E187: 0 | F187: 0 | G187: 0 | H187: 0 | I187: 0 | J187: =IF(SUM(D$134:D$192)=0,0,D187/SUM(D$134:D$192)) -> 0 | K187: =IF(SUM(E$134:E$192)=0,0,E187/SUM(E$134:E$192)) -> 0 | L187: =IF(SUM(F$134:F$192)=0,0,F187/SUM(F$134:F$192)) -> 0 | M187: =IF(D187=0,0,G187/D187/$C$3/5) -> 0 | N187: =IF(E187=0,0,H187/E187/$C$3/5) -> 0 | O187: =IF(F187=0,0,I187/F187/$C$3/5) -> 0 | P187: ="("&B187&", "&C187&"]" -> (, ] | Q187: E | R187: =IFERROR(INDEX($J187:$L187,MATCH($Q187,$J$133:$L$133,0)),0) -> 0 | S187: 0 | T187: =$R187*$S187 -> 0 | U187: =IF(SUM(T$134:T$192)=0,0,T187/SUM(T$134:T$192)) -> 0 | V187: =INT(U187*$C$2) -> 0 | W187: =IF(SUM(V$134:V$192)=0,0,V187/SUM(V$134:V$192)) -> 0 | X187: =IFERROR(INDEX($M187:$O187,MATCH($Q187,$M$133:$O$133,0)),0)*V187/$C$2 -> 0
D188: 0 | E188: 0 | F188: 0 | G188: 0 | H188: 0 | I188: 0 | J188: =IF(SUM(D$134:D$192)=0,0,D188/SUM(D$134:D$192)) -> 0 | K188: =IF(SUM(E$134:E$192)=0,0,E188/SUM(E$134:E$192)) -> 0 | L188: =IF(SUM(F$134:F$192)=0,0,F188/SUM(F$134:F$192)) -> 0 | M188: =IF(D188=0,0,G188/D188/$C$3/5) -> 0 | N188: =IF(E188=0,0,H188/E188/$C$3/5) -> 0 | O188: =IF(F188=0,0,I188/F188/$C$3/5) -> 0 | P188: ="("&B188&", "&C188&"]" -> (, ] | Q188: E | R188: =IFERROR(INDEX($J188:$L188,MATCH($Q188,$J$133:$L$133,0)),0) -> 0 | S188: 0 | T188: =$R188*$S188 -> 0 | U188: =IF(SUM(T$134:T$192)=0,0,T188/SUM(T$134:T$192)) -> 0 | V188: =INT(U188*$C$2) -> 0 | W188: =IF(SUM(V$134:V$192)=0,0,V188/SUM(V$134:V$192)) -> 0 | X188: =IFERROR(INDEX($M188:$O188,MATCH($Q188,$M$133:$O$133,0)),0)*V188/$C$2 -> 0
D189: 0 | E189: 0 | F189: 0 | G189: 0 | H189: 0 | I189: 0 | J189: =IF(SUM(D$134:D$192)=0,0,D189/SUM(D$134:D$192)) -> 0 | K189: =IF(SUM(E$134:E$192)=0,0,E189/SUM(E$134:E$192)) -> 0 | L189: =IF(SUM(F$134:F$192)=0,0,F189/SUM(F$134:F$192)) -> 0 | M189: =IF(D189=0,0,G189/D189/$C$3/5) -> 0 | N189: =IF(E189=0,0,H189/E189/$C$3/5) -> 0 | O189: =IF(F189=0,0,I189/F189/$C$3/5) -> 0 | P189: ="("&B189&", "&C189&"]" -> (, ] | Q189: E | R189: =IFERROR(INDEX($J189:$L189,MATCH($Q189,$J$133:$L$133,0)),0) -> 0 | S189: 0 | T189: =$R189*$S189 -> 0 | U189: =IF(SUM(T$134:T$192)=0,0,T189/SUM(T$134:T$192)) -> 0 | V189: =INT(U189*$C$2) -> 0 | W189: =IF(SUM(V$134:V$192)=0,0,V189/SUM(V$134:V$192)) -> 0 | X189: =IFERROR(INDEX($M189:$O189,MATCH($Q189,$M$133:$O$133,0)),0)*V189/$C$2 -> 0
D190: 0 | E190: 0 | F190: 0 | G190: 0 | H190: 0 | I190: 0 | J190: =IF(SUM(D$134:D$192)=0,0,D190/SUM(D$134:D$192)) -> 0 | K190: =IF(SUM(E$134:E$192)=0,0,E190/SUM(E$134:E$192)) -> 0 | L190: =IF(SUM(F$134:F$192)=0,0,F190/SUM(F$134:F$192)) -> 0 | M190: =IF(D190=0,0,G190/D190/$C$3/5) -> 0 | N190: =IF(E190=0,0,H190/E190/$C$3/5) -> 0 | O190: =IF(F190=0,0,I190/F190/$C$3/5) -> 0 | P190: ="("&B190&", "&C190&"]" -> (, ] | Q190: E | R190: =IFERROR(INDEX($J190:$L190,MATCH($Q190,$J$133:$L$133,0)),0) -> 0 | S190: 0 | T190: =$R190*$S190 -> 0 | U190: =IF(SUM(T$134:T$192)=0,0,T190/SUM(T$134:T$192)) -> 0 | V190: =INT(U190*$C$2) -> 0 | W190: =IF(SUM(V$134:V$192)=0,0,V190/SUM(V$134:V$192)) -> 0 | X190: =IFERROR(INDEX($M190:$O190,MATCH($Q190,$M$133:$O$133,0)),0)*V190/$C$2 -> 0
D191: 0 | E191: 0 | F191: 0 | G191: 0 | H191: 0 | I191: 0 | J191: =IF(SUM(D$134:D$192)=0,0,D191/SUM(D$134:D$192)) -> 0 | K191: =IF(SUM(E$134:E$192)=0,0,E191/SUM(E$134:E$192)) -> 0 | L191: =IF(SUM(F$134:F$192)=0,0,F191/SUM(F$134:F$192)) -> 0 | M191: =IF(D191=0,0,G191/D191/$C$3/5) -> 0 | N191: =IF(E191=0,0,H191/E191/$C$3/5) -> 0 | O191: =IF(F191=0,0,I191/F191/$C$3/5) -> 0 | P191: ="("&B191&", "&C191&"]" -> (, ] | Q191: E | R191: =IFERROR(INDEX($J191:$L191,MATCH($Q191,$J$133:$L$133,0)),0) -> 0 | S191: 0 | T191: =$R191*$S191 -> 0 | U191: =IF(SUM(T$134:T$192)=0,0,T191/SUM(T$134:T$192)) -> 0 | V191: =INT(U191*$C$2) -> 0 | W191: =IF(SUM(V$134:V$192)=0,0,V191/SUM(V$134:V$192)) -> 0 | X191: =IFERROR(INDEX($M191:$O191,MATCH($Q191,$M$133:$O$133,0)),0)*V191/$C$2 -> 0
D192: 0 | E192: 0 | F192: 0 | G192: 0 | H192: 0 | I192: 0 | J192: =IF(SUM(D$134:D$192)=0,0,D192/SUM(D$134:D$192)) -> 0 | K192: =IF(SUM(E$134:E$192)=0,0,E192/SUM(E$134:E$192)) -> 0 | L192: =IF(SUM(F$134:F$192)=0,0,F192/SUM(F$134:F$192)) -> 0 | M192: =IF(D192=0,0,G192/D192/$C$3/5) -> 0 | N192: =IF(E192=0,0,H192/E192/$C$3/5) -> 0 | O192: =IF(F192=0,0,I192/F192/$C$3/5) -> 0 | P192: ="("&B192&", "&C192&"]" -> (, ] | Q192: E | R192: =IFERROR(INDEX($J192:$L192,MATCH($Q192,$J$133:$L$133,0)),0) -> 0 | S192: 0 | T192: =$R192*$S192 -> 0 | U192: =IF(SUM(T$134:T$192)=0,0,T192/SUM(T$134:T$192)) -> 0 | V192: =INT(U192*$C$2) -> 0 | W192: =IF(SUM(V$134:V$192)=0,0,V192/SUM(V$134:V$192)) -> 0 | X192: =IFERROR(INDEX($M192:$O192,MATCH($Q192,$M$133:$O$133,0)),0)*V192/$C$2 -> 0
B193: Total | V193: =SUM(V134:V192) -> 999999984

Sheet OP Jackpot
B2: Newbie (Normal Bet) | F2: Oldhand (Normal Bet) | J2: Buy Feature
B3: Counter | C3: Num | D3: Count | F3: Counter | G3: Num | H3: Count | J3: Counter | K3: Num | L3: Count
B4: bgC1Count | C4: 0 | D4: 68973231 | F4: bgC1Count | G4: 0 | H4: 69402436 | J4: bgC1Count | K4: 0 | L4: 0
B5: bgC1Count | C5: 1 | D5: 26114515 | F5: bgC1Count | G5: 1 | H5: 25844647 | J5: bgC1Count | K5: 1 | L5: 0
B6: bgC1Count | C6: 2 | D6: 4065821 | F6: bgC1Count | G6: 2 | H6: 3905458 | J6: bgC1Count | K6: 2 | L6: 0
B7: bgC1Count | C7: 3 | D7: 795808 | F7: bgC1Count | G7: 3 | H7: 797096 | J7: bgC1Count | K7: 3 | L7: 4994541
B8: bgC1Count | C8: 4 | D8: 48889 | F8: bgC1Count | G8: 4 | H8: 48596 | J8: bgC1Count | K8: 4 | L8: 5125
B9: bgC1Count | C9: 5 | D9: 1686 | F9: bgC1Count | G9: 5 | H9: 1709 | J9: bgC1Count | K9: 5 | L9: 320
B10: bgC1Count | C10: 6 | D10: 50 | F10: bgC1Count | G10: 6 | H10: 58 | J10: bgC1Count | K10: 6 | L10: 14
B11: fgC1Count | C11: 0 | D11: 5773921 | F11: fgC1Count | G11: 0 | H11: 5788195 | J11: fgC1Count | K11: 0 | L11: 34194899
B12: fgC1Count | C12: 1 | D12: 2338724 | F12: fgC1Count | G12: 1 | H12: 2339282 | J12: fgC1Count | K12: 1 | L12: 13798140
B13: fgC1Count | C13: 2 | D13: 409449 | F13: fgC1Count | G13: 2 | H13: 406313 | J13: fgC1Count | K13: 2 | L13: 2396261
B14: fgC1Count | C14: 3 | D14: 13453 | F14: fgC1Count | G14: 3 | H14: 13765 | J14: fgC1Count | K14: 3 | L14: 89848
B15: fgC1Count | C15: 4 | D15: 938 | F15: fgC1Count | G15: 4 | H15: 980 | J15: fgC1Count | K15: 4 | L15: 6949
... B17: fgC1Count | C17: 6 | D17: 4 | F17: fgC1Count | G17: 6 | H17: 3 | J17: fgC1Count | K17: 6 | L17: 35
B18: SC Trig | D18: 3378938300 | F18: SC Trig | H18: 3335795900 | J18: SC Trig | L18: 42583452000

Sheet BG_Symbol
J2: Symbol | Q2: Symbol ID | W2: Symbol Weight
A3: Symbol | B3: Description | C3: R1 | D3: R2 | E3: R3 | F3: R4 | G3: R5 | H3: ID | J3: Line # | K3: R1 | L3: R2 | M3: R3 | N3: R4 | O3: R5 | Q3: R1 | R3: R2 | S3: R3 | T3: R4 | U3: R5 | W3: R1 | X3: R2 | Y3: R3 | Z3: R4 | AA3: R5
A4: WW1 | B4: Wild1 | C4: 0 | D4: 0 | E4: 0 | F4: 0 | G4: 0 | H4: 0 | J4: 0 | K4: K | L4: M1G | M4: J | N4: J | O4: J | Q4: 0 | R4: 0 | S4: 0 | T4: 0 | U4: 0 | W4: 1 | X4: 1 | Y4: 1 | Z4: 1 | AA4: 1
A5: WW2 | B5: Wild2 | C5: 0 | D5: 0 | E5: 0 | F5: 0 | G5: 0 | H5: 1 | J5: 1 | K5: K | L5: M1 | M5: AG | N5: M4 | O5: Q | Q5: 0 | R5: 0 | S5: 0 | T5: 0 | U5: 0 | W5: 1 | X5: 1 | Y5: 1 | Z5: 1 | AA5: 1
A6: C1 | B6: Scatter | C6: 5 | D6: 8 | E6: 8 | F6: 4 | G6: 4 | H6: 2 | J6: 2 | K6: Q | L6: Q | M6: M2 | N6: M1G | O6: J | Q6: 0 | R6: 0 | S6: 0 | T6: 0 | U6: 0 | W6: 1 | X6: 1 | Y6: 1 | Z6: 1 | AA6: 1
A7: M1 | B7: M1 | C7: 27 | D7: 22 | E7: 24 | F7: 28 | G7: 32 | H7: 3 | J7: 3 | K7: A | L7: KG | M7: A | N7: A | O7: J | Q7: 0 | R7: 0 | S7: 0 | T7: 0 | U7: 0 | W7: 1 | X7: 1 | Y7: 1 | Z7: 1 | AA7: 1
A8: M2 | B8: M2 | C8: 36 | D8: 32 | E8: 23 | F8: 37 | G8: 32 | H8: 4 | J8: 4 | K8: M2 | L8: Q | M8: M4 | N8: M3 | O8: J | Q8: 0 | R8: 0 | S8: 0 | T8: 0 | U8: 0 | W8: 1 | X8: 1 | Y8: 1 | Z8: 1 | AA8: 1
A9: M3 | B9: M3 | C9: 32 | D9: 26 | E9: 35 | F9: 26 | G9: 62 | H9: 5 | J9: 5 | K9: J | L9: K | M9: M4G | N9: J | O9: M1 | Q9: 0 | R9: 0 | S9: 0 | T9: 0 | U9: 0 | W9: 1 | X9: 1 | Y9: 1 | Z9: 1 | AA9: 1
A10: M4 | B10: M4 | C10: 38 | D10: 42 | E10: 35 | F10: 58 | G10: 21 | H10: 6 | J10: 6 | K10: Q | L10: Q | M10: M2 | N10: A | O10: A | Q10: 0 | R10: 0 | S10: 0 | T10: 0 | U10: 0 | W10: 1 | X10: 1 | Y10: 1 | Z10: 1 | AA10: 1
A11: A | B11: A | C11: 72 | D11: 60 | E11: 52 | F11: 24 | G11: 48 | H11: 7 | J11: 7 | K11: M4 | L11: JG | M11: C1 | N11: KG | O11: J | Q11: 0 | R11: 0 | S11: 0 | T11: 0 | U11: 0 | W11: 1 | X11: 1 | Y11: 1 | Z11: 1 | AA11: 1
A12: K | B12: K | C12: 63 | D12: 40 | E12: 40 | F12: 69 | G12: 56 | H12: 8 | J12: 8 | K12: M3 | L12: M1 | M12: A | N12: A | O12: K | Q12: 0 | R12: 0 | S12: 0 | T12: 0 | U12: 0 | W12: 1 | X12: 1 | Y12: 1 | Z12: 1 | AA12: 1
A13: Q | B13: Q | C13: 63 | D13: 32 | E13: 57 | F13: 60 | G13: 60 | H13: 9 | J13: 9 | K13: A | L13: J | M13: M1G | N13: K | O13: M1 | Q13: 0 | R13: 0 | S13: 0 | T13: 0 | U13: 0 | W13: 1 | X13: 1 | Y13: 1 | Z13: 1 | AA13: 1
A14: J | B14: J | C14: 64 | D14: 33 | E14: 37 | F14: 30 | G14: 85 | H14: 10 | J14: 10 | K14: Q | L14: QG | M14: J | N14: M2 | O14: J | Q14: 0 | R14: 0 | S14: 0 | T14: 0 | U14: 0 | W14: 1 | X14: 1 | Y14: 1 | Z14: 1 | AA14: 1
A15: M1G | B15: M1G | C15: 0 | D15: 2 | E15: 3 | F15: 3 | G15: 0 | H15: 11 | J15: 11 | K15: A | L15: M3 | M15: Q | N15: A | O15: M4 | Q15: 0 | R15: 0 | S15: 0 | T15: 0 | U15: 0 | W15: 1 | X15: 1 | Y15: 1 | Z15: 1 | AA15: 1
... A22: JG | B22: JG | C22: 0 | D22: 25 | E22: 19 | F22: 9 | G22: 0 | H22: 18 | J22: 18 | K22: Q | L22: K | M22: JG | N22: M4 | O22: M2 | Q22: 0 | R22: 0 | S22: 0 | T22: 0 | U22: 0 | W22: 1 | X22: 1 | Y22: 1 | Z22: 1 | AA22: 1
A23: -- | C23: 400 | D23: 400 | E23: 400 | F23: 400 | G23: 400 | J23: 19 | K23: A | L23: J | M23: J | N23: K | O23: M3 | Q23: 0 | R23: 0 | S23: 0 | T23: 0 | U23: 0 | W23: 1 | X23: 1 | Y23: 1 | Z23: 1 | AA23: 1
J24: 20 | K24: M1 | L24: M3 | M24: A | N24: KG | O24: Q | Q24: 0 | R24: 0 | S24: 0 | T24: 0 | U24: 0 | W24: 1 | X24: 1 | Y24: 1 | Z24: 1 | AA24: 1
J25: 21 | K25: M4 | L25: M3G | M25: M4 | N25: A | O25: M2 | Q25: 0 | R25: 0 | S25: 0 | T25: 0 | U25: 0 | W25: 1 | X25: 1 | Y25: 1 | Z25: 1 | AA25: 1
J26: 22 | K26: A | L26: Q | M26: M4 | N26: Q | O26: J | Q26: 0 | R26: 0 | S26: 0 | T26: 0 | U26: 0 | W26: 1 | X26: 1 | Y26: 1 | Z26: 1 | AA26: 1
J27: 23 | K27: A | L27: AG | M27: A | N27: M4 | O27: M3 | Q27: 0 | R27: 0 | S27: 0 | T27: 0 | U27: 0 | W27: 1 | X27: 1 | Y27: 1 | Z27: 1 | AA27: 1
J28: 24 | K28: K | L28: K | M28: M4G | N28: K | O28: J | Q28: 0 | R28: 0 | S28: 0 | T28: 0 | U28: 0 | W28: 1 | X28: 1 | Y28: 1 | Z28: 1 | AA28: 1
J29: 25 | K29: M2 | L29: QG | M29: J | N29: J | O29: M3 | Q29: 0 | R29: 0 | S29: 0 | T29: 0 | U29: 0 | W29: 1 | X29: 1 | Y29: 1 | Z29: 1 | AA29: 1
J30: 26 | K30: M1 | L30: M4 | M30: J | N30: M1 | O30: M3 | Q30: 0 | R30: 0 | S30: 0 | T30: 0 | U30: 0 | W30: 1 | X30: 1 | Y30: 1 | Z30: 1 | AA30: 1
J31: 27 | K31: Q | L31: J | M31: JG | N31: J | O31: M4 | Q31: 0 | R31: 0 | S31: 0 | T31: 0 | U31: 0 | W31: 1 | X31: 1 | Y31: 1 | Z31: 1 | AA31: 1
J32: 28 | K32: K | L32: KG | M32: M1 | N32: JG | O32: J | Q32: 0 | R32: 0 | S32: 0 | T32: 0 | U32: 0 | W32: 1 | X32: 1 | Y32: 1 | Z32: 1 | AA32: 1
J33: 29 | K33: A | L33: M3 | M33: M4 | N33: Q | O33: J | Q33: 0 | R33: 0 | S33: 0 | T33: 0 | U33: 0 | W33: 1 | X33: 1 | Y33: 1 | Z33: 1 | AA33: 1
J34: 30 | K34: M3 | L34: M2G | M34: A | N34: M2 | O34: M3 | Q34: 0 | R34: 0 | S34: 0 | T34: 0 | U34: 0 | W34: 1 | X34: 1 | Y34: 1 | Z34: 1 | AA34: 1
J35: 31 | K35: J | L35: Q | M35: M4G | N35: JG | O35: Q | Q35: 0 | R35: 0 | S35: 0 | T35: 0 | U35: 0 | W35: 1 | X35: 1 | Y35: 1 | Z35: 1 | AA35: 1
... J403: 399 | K403: K | L403: KG | M403: AG | N403: M4 | O403: M3 | Q403: 0 | R403: 0 | S403: 0 | T403: 0 | U403: 0 | W403: 1 | X403: 1 | Y403: 1 | Z403: 1 | AA403: 1

Sheet BG_Symbol (2)
J2: Symbol | Q2: Symbol ID | W2: Symbol Weight
A3: Symbol | B3: Description | C3: R1 | D3: R2 | E3: R3 | F3: R4 | G3: R5 | H3: ID | J3: Line # | K3: R1 | L3: R2 | M3: R3 | N3: R4 | O3: R5 | Q3: R1 | R3: R2 | S3: R3 | T3: R4 | U3: R5 | W3: R1 | X3: R2 | Y3: R3 | Z3: R4 | AA3: R5
A4: WW1 | B4: Wild1 | C4: 0 | D4: 0 | E4: 0 | F4: 0 | G4: 0 | H4: 0 | J4: 0 | K4: J | L4: A | M4: M2G | N4: Q | O4: M4 | Q4: 0 | R4: 0 | S4: 0 | T4: 0 | U4: 0 | W4: 1 | X4: 1 | Y4: 1 | Z4: 1 | AA4: 1
A5: WW2 | B5: Wild2 | C5: 0 | D5: 0 | E5: 0 | F5: 0 | G5: 0 | H5: 1 | J5: 1 | K5: A | L5: AG | M5: M1 | N5: A | O5: M3 | Q5: 0 | R5: 0 | S5: 0 | T5: 0 | U5: 0 | W5: 1 | X5: 1 | Y5: 1 | Z5: 1 | AA5: 1
A6: C1 | B6: Scatter | C6: 9 | D6: 11 | E6: 13 | F6: 14 | G6: 4 | H6: 2 | J6: 2 | K6: A | L6: M4 | M6: M3 | N6: J | O6: A | Q6: 0 | R6: 0 | S6: 0 | T6: 0 | U6: 0 | W6: 1 | X6: 1 | Y6: 1 | Z6: 1 | AA6: 1
A7: M1 | B7: M1 | C7: 65 | D7: 11 | E7: 17 | F7: 6 | G7: 20 | H7: 3 | J7: 3 | K7: M2 | L7: A | M7: C1 | N7: K | O7: A | Q7: 0 | R7: 0 | S7: 0 | T7: 0 | U7: 0 | W7: 1 | X7: 1 | Y7: 1 | Z7: 1 | AA7: 1
A8: M2 | B8: M2 | C8: 49 | D8: 38 | E8: 21 | F8: 8 | G8: 37 | H8: 4 | J8: 4 | K8: M1 | L8: K | M8: Q | N8: M3G | O8: Q | Q8: 0 | R8: 0 | S8: 0 | T8: 0 | U8: 0 | W8: 1 | X8: 1 | Y8: 1 | Z8: 1 | AA8: 1
A9: M3 | B9: M3 | C9: 2 | D9: 22 | E9: 93 | F9: 23 | G9: 55 | H9: 5 | J9: 5 | K9: K | L9: M4 | M9: M3 | N9: M4G | O9: Q | Q9: 0 | R9: 0 | S9: 0 | T9: 0 | U9: 0 | W9: 1 | X9: 1 | Y9: 1 | Z9: 1 | AA9: 1
A10: M4 | B10: M4 | C10: 1 | D10: 88 | E10: 32 | F10: 75 | G10: 35 | H10: 6 | J10: 6 | K10: M1 | L10: A | M10: K | N10: Q | O10: K | Q10: 0 | R10: 0 | S10: 0 | T10: 0 | U10: 0 | W10: 1 | X10: 1 | Y10: 1 | Z10: 1 | AA10: 1
A11: A | B11: A | C11: 83 | D11: 83 | E11: 11 | F11: 22 | G11: 52 | H11: 7 | J11: 7 | K11: J | L11: A | M11: M3 | N11: QG | O11: M2 | Q11: 0 | R11: 0 | S11: 0 | T11: 0 | U11: 0 | W11: 1 | X11: 1 | Y11: 1 | Z11: 1 | AA11: 1
A12: K | B12: K | C12: 91 | D12: 30 | E12: 13 | F12: 66 | G12: 38 | H12: 8 | J12: 8 | K12: M1 | L12: AG | M12: J | N12: Q | O12: M2 | Q12: 0 | R12: 0 | S12: 0 | T12: 0 | U12: 0 | W12: 1 | X12: 1 | Y12: 1 | Z12: 1 | AA12: 1
A13: Q | B13: Q | C13: 8 | D13: 51 | E13: 82 | F13: 92 | G13: 78 | H13: 9 | J13: 9 | K13: M1 | L13: M4 | M13: Q | N13: C1 | O13: K | Q13: 0 | R13: 0 | S13: 0 | T13: 0 | U13: 0 | W13: 1 | X13: 1 | Y13: 1 | Z13: 1 | AA13: 1
A14: J | B14: J | C14: 92 | D14: 8 | E14: 75 | F14: 27 | G14: 81 | H14: 10 | J14: 10 | K14: K | L14: A | M14: M3 | N14: M4G | O14: A | Q14: 0 | R14: 0 | S14: 0 | T14: 0 | U14: 0 | W14: 1 | X14: 1 | Y14: 1 | Z14: 1 | AA14: 1
A15: M1G | B15: M1G | C15: 0 | D15: 1 | E15: 5 | F15: 2 | G15: 0 | H15: 11 | J15: 11 | K15: A | L15: M2 | M15: QG | N15: J | O15: J | Q15: 0 | R15: 0 | S15: 0 | T15: 0 | U15: 0 | W15: 1 | X15: 1 | Y15: 1 | Z15: 1 | AA15: 1
... A22: JG | B22: JG | C22: 0 | D22: 3 | E22: 7 | F22: 7 | G22: 0 | H22: 18 | J22: 18 | K22: J | L22: K | M22: AG | N22: M4 | O22: M3 | Q22: 0 | R22: 0 | S22: 0 | T22: 0 | U22: 0 | W22: 1 | X22: 1 | Y22: 1 | Z22: 1 | AA22: 1
A23: -- | C23: 400 | D23: 400 | E23: 400 | F23: 400 | G23: 400 | J23: 19 | K23: Q | L23: Q | M23: Q | N23: K | O23: J | Q23: 0 | R23: 0 | S23: 0 | T23: 0 | U23: 0 | W23: 1 | X23: 1 | Y23: 1 | Z23: 1 | AA23: 1
J24: 20 | K24: M2 | L24: Q | M24: M3 | N24: K | O24: J | Q24: 0 | R24: 0 | S24: 0 | T24: 0 | U24: 0 | W24: 1 | X24: 1 | Y24: 1 | Z24: 1 | AA24: 1
J25: 21 | K25: A | L25: M4 | M25: J | N25: C1 | O25: A | Q25: 0 | R25: 0 | S25: 0 | T25: 0 | U25: 0 | W25: 1 | X25: 1 | Y25: 1 | Z25: 1 | AA25: 1
J26: 22 | K26: J | L26: M2 | M26: Q | N26: A | O26: M4 | Q26: 0 | R26: 0 | S26: 0 | T26: 0 | U26: 0 | W26: 1 | X26: 1 | Y26: 1 | Z26: 1 | AA26: 1
J27: 23 | K27: K | L27: Q | M27: M3G | N27: Q | O27: M1 | Q27: 0 | R27: 0 | S27: 0 | T27: 0 | U27: 0 | W27: 1 | X27: 1 | Y27: 1 | Z27: 1 | AA27: 1
J28: 24 | K28: K | L28: AG | M28: M4 | N28: M4 | O28: A | Q28: 0 | R28: 0 | S28: 0 | T28: 0 | U28: 0 | W28: 1 | X28: 1 | Y28: 1 | Z28: 1 | AA28: 1
J29: 25 | K29: K | L29: A | M29: Q | N29: A | O29: A | Q29: 0 | R29: 0 | S29: 0 | T29: 0 | U29: 0 | W29: 1 | X29: 1 | Y29: 1 | Z29: 1 | AA29: 1
J30: 26 | K30: J | L30: M4G | M30: M2 | N30: K | O30: Q | Q30: 0 | R30: 0 | S30: 0 | T30: 0 | U30: 0 | W30: 1 | X30: 1 | Y30: 1 | Z30: 1 | AA30: 1
J31: 27 | K31: K | L31: Q | M31: J | N31: Q | O31: A | Q31: 0 | R31: 0 | S31: 0 | T31: 0 | U31: 0 | W31: 1 | X31: 1 | Y31: 1 | Z31: 1 | AA31: 1
J32: 28 | K32: M2 | L32: M4G | M32: M1 | N32: K | O32: Q | Q32: 0 | R32: 0 | S32: 0 | T32: 0 | U32: 0 | W32: 1 | X32: 1 | Y32: 1 | Z32: 1 | AA32: 1
J33: 29 | K33: K | L33: M4 | M33: M3 | N33: Q | O33: J | Q33: 0 | R33: 0 | S33: 0 | T33: 0 | U33: 0 | W33: 1 | X33: 1 | Y33: 1 | Z33: 1 | AA33: 1
J34: 30 | K34: K | L34: Q | M34: M3 | N34: M3G | O34: M1 | Q34: 0 | R34: 0 | S34: 0 | T34: 0 | U34: 0 | W34: 1 | X34: 1 | Y34: 1 | Z34: 1 | AA34: 1
J35: 31 | K35: J | L35: M2 | M35: M4 | N35: J | O35: M2 | Q35: 0 | R35: 0 | S35: 0 | T35: 0 | U35: 0 | W35: 1 | X35: 1 | Y35: 1 | Z35: 1 | AA35: 1
... J403: 399 | K403: K | L403: K | M403: M4 | N403: M3 | O403: M4 | Q403: 0 | R403: 0 | S403: 0 | T403: 0 | U403: 0 | W403: 1 | X403: 1 | Y403: 1 | Z403: 1 | AA403: 1

Sheet FG_Symbol
J2: Symbol | Q2: Symbol ID | W2: Symbol Weight
A3: Symbol | B3: Description | C3: R1 | D3: R2 | E3: R3 | F3: R4 | G3: R5 | H3: ID | J3: Line # | K3: R1 | L3: R2 | M3: R3 | N3: R4 | O3: R5 | Q3: R1 | R3: R2 | S3: R3 | T3: R4 | U3: R5 | W3: R1 | X3: R2 | Y3: R3 | Z3: R4 | AA3: R5
A4: WW1 | B4: Wild1 | C4: 0 | D4: 0 | E4: 0 | F4: 0 | G4: 0 | H4: 0 | J4: 0 | K4: K | L4: M1G | M4: J | N4: J | O4: J | Q4: 0 | R4: 0 | S4: 0 | T4: 0 | U4: 0 | W4: 1 | X4: 1 | Y4: 1 | Z4: 1 | AA4: 1
A5: WW2 | B5: Wild2 | C5: 0 | D5: 0 | E5: 0 | F5: 0 | G5: 0 | H5: 1 | J5: 1 | K5: K | L5: M1 | M5: AG | N5: M4 | O5: Q | Q5: 0 | R5: 0 | S5: 0 | T5: 0 | U5: 0 | W5: 1 | X5: 1 | Y5: 1 | Z5: 1 | AA5: 1
A6: C1 | B6: Scatter | C6: 5 | D6: 8 | E6: 8 | F6: 4 | G6: 4 | H6: 2 | J6: 2 | K6: Q | L6: Q | M6: M2 | N6: M1G | O6: J | Q6: 0 | R6: 0 | S6: 0 | T6: 0 | U6: 0 | W6: 1 | X6: 1 | Y6: 1 | Z6: 1 | AA6: 1
A7: M1 | B7: M1 | C7: 27 | D7: 22 | E7: 24 | F7: 28 | G7: 32 | H7: 3 | J7: 3 | K7: A | L7: KG | M7: A | N7: A | O7: J | Q7: 0 | R7: 0 | S7: 0 | T7: 0 | U7: 0 | W7: 1 | X7: 1 | Y7: 1 | Z7: 1 | AA7: 1
A8: M2 | B8: M2 | C8: 36 | D8: 32 | E8: 23 | F8: 37 | G8: 32 | H8: 4 | J8: 4 | K8: M2 | L8: Q | M8: M4 | N8: M3 | O8: J | Q8: 0 | R8: 0 | S8: 0 | T8: 0 | U8: 0 | W8: 1 | X8: 1 | Y8: 1 | Z8: 1 | AA8: 1
A9: M3 | B9: M3 | C9: 32 | D9: 26 | E9: 35 | F9: 26 | G9: 62 | H9: 5 | J9: 5 | K9: J | L9: K | M9: M4G | N9: J | O9: M1 | Q9: 0 | R9: 0 | S9: 0 | T9: 0 | U9: 0 | W9: 1 | X9: 1 | Y9: 1 | Z9: 1 | AA9: 1
A10: M4 | B10: M4 | C10: 38 | D10: 42 | E10: 35 | F10: 58 | G10: 21 | H10: 6 | J10: 6 | K10: Q | L10: Q | M10: M2 | N10: A | O10: A | Q10: 0 | R10: 0 | S10: 0 | T10: 0 | U10: 0 | W10: 1 | X10: 1 | Y10: 1 | Z10: 1 | AA10: 1
A11: A | B11: A | C11: 72 | D11: 60 | E11: 52 | F11: 24 | G11: 48 | H11: 7 | J11: 7 | K11: M4 | L11: JG | M11: C1 | N11: KG | O11: J | Q11: 0 | R11: 0 | S11: 0 | T11: 0 | U11: 0 | W11: 1 | X11: 1 | Y11: 1 | Z11: 1 | AA11: 1
A12: K | B12: K | C12: 63 | D12: 40 | E12: 40 | F12: 69 | G12: 56 | H12: 8 | J12: 8 | K12: M3 | L12: M1 | M12: A | N12: A | O12: K | Q12: 0 | R12: 0 | S12: 0 | T12: 0 | U12: 0 | W12: 1 | X12: 1 | Y12: 1 | Z12: 1 | AA12: 1
A13: Q | B13: Q | C13: 63 | D13: 32 | E13: 57 | F13: 60 | G13: 60 | H13: 9 | J13: 9 | K13: A | L13: J | M13: M1G | N13: K | O13: M1 | Q13: 0 | R13: 0 | S13: 0 | T13: 0 | U13: 0 | W13: 1 | X13: 1 | Y13: 1 | Z13: 1 | AA13: 1
A14: J | B14: J | C14: 64 | D14: 33 | E14: 37 | F14: 30 | G14: 85 | H14: 10 | J14: 10 | K14: Q | L14: QG | M14: J | N14: M2 | O14: J | Q14: 0 | R14: 0 | S14: 0 | T14: 0 | U14: 0 | W14: 1 | X14: 1 | Y14: 1 | Z14: 1 | AA14: 1
A15: M1G | B15: M1G | C15: 0 | D15: 2 | E15: 3 | F15: 3 | G15: 0 | H15: 11 | J15: 11 | K15: A | L15: M3 | M15: Q | N15: A | O15: M4 | Q15: 0 | R15: 0 | S15: 0 | T15: 0 | U15: 0 | W15: 1 | X15: 1 | Y15: 1 | Z15: 1 | AA15: 1
... A22: JG | B22: JG | C22: 0 | D22: 25 | E22: 19 | F22: 9 | G22: 0 | H22: 18 | J22: 18 | K22: Q | L22: K | M22: JG | N22: M4 | O22: M2 | Q22: 0 | R22: 0 | S22: 0 | T22: 0 | U22: 0 | W22: 1 | X22: 1 | Y22: 1 | Z22: 1 | AA22: 1
A23: -- | C23: 400 | D23: 400 | E23: 400 | F23: 400 | G23: 400 | J23: 19 | K23: A | L23: J | M23: J | N23: K | O23: M3 | Q23: 0 | R23: 0 | S23: 0 | T23: 0 | U23: 0 | W23: 1 | X23: 1 | Y23: 1 | Z23: 1 | AA23: 1
J24: 20 | K24: M1 | L24: M3 | M24: A | N24: KG | O24: Q | Q24: 0 | R24: 0 | S24: 0 | T24: 0 | U24: 0 | W24: 1 | X24: 1 | Y24: 1 | Z24: 1 | AA24: 1
J25: 21 | K25: M4 | L25: M3G | M25: M4 | N25: A | O25: M2 | Q25: 0 | R25: 0 | S25: 0 | T25: 0 | U25: 0 | W25: 1 | X25: 1 | Y25: 1 | Z25: 1 | AA25: 1
J26: 22 | K26: A | L26: Q | M26: M4 | N26: Q | O26: J | Q26: 0 | R26: 0 | S26: 0 | T26: 0 | U26: 0 | W26: 1 | X26: 1 | Y26: 1 | Z26: 1 | AA26: 1
J27: 23 | K27: A | L27: AG | M27: A | N27: M4 | O27: M3 | Q27: 0 | R27: 0 | S27: 0 | T27: 0 | U27: 0 | W27: 1 | X27: 1 | Y27: 1 | Z27: 1 | AA27: 1
J28: 24 | K28: K | L28: K | M28: M4G | N28: K | O28: J | Q28: 0 | R28: 0 | S28: 0 | T28: 0 | U28: 0 | W28: 1 | X28: 1 | Y28: 1 | Z28: 1 | AA28: 1
J29: 25 | K29: M2 | L29: QG | M29: J | N29: J | O29: M3 | Q29: 0 | R29: 0 | S29: 0 | T29: 0 | U29: 0 | W29: 1 | X29: 1 | Y29: 1 | Z29: 1 | AA29: 1
J30: 26 | K30: M1 | L30: M4 | M30: J | N30: M1 | O30: M3 | Q30: 0 | R30: 0 | S30: 0 | T30: 0 | U30: 0 | W30: 1 | X30: 1 | Y30: 1 | Z30: 1 | AA30: 1
J31: 27 | K31: Q | L31: J | M31: JG | N31: J | O31: M4 | Q31: 0 | R31: 0 | S31: 0 | T31: 0 | U31: 0 | W31: 1 | X31: 1 | Y31: 1 | Z31: 1 | AA31: 1
J32: 28 | K32: K | L32: KG | M32: M1 | N32: JG | O32: J | Q32: 0 | R32: 0 | S32: 0 | T32: 0 | U32: 0 | W32: 1 | X32: 1 | Y32: 1 | Z32: 1 | AA32: 1
J33: 29 | K33: A | L33: M3 | M33: M4 | N33: Q | O33: J | Q33: 0 | R33: 0 | S33: 0 | T33: 0 | U33: 0 | W33: 1 | X33: 1 | Y33: 1 | Z33: 1 | AA33: 1
J34: 30 | K34: M3 | L34: M2G | M34: A | N34: M2 | O34: M3 | Q34: 0 | R34: 0 | S34: 0 | T34: 0 | U34: 0 | W34: 1 | X34: 1 | Y34: 1 | Z34: 1 | AA34: 1
J35: 31 | K35: J | L35: Q | M35: M4G | N35: JG | O35: Q | Q35: 0 | R35: 0 | S35: 0 | T35: 0 | U35: 0 | W35: 1 | X35: 1 | Y35: 1 | Z35: 1 | AA35: 1
... J403: 399 | K403: K | L403: KG | M403: AG | N403: M4 | O403: M3 | Q403: 0 | R403: 0 | S403: 0 | T403: 0 | U403: 0 | W403: 1 | X403: 1 | Y403: 1 | Z403: 1 | AA403: 1

Sheet FG_Symbol (2)
J2: Symbol | Q2: Symbol ID | W2: Symbol Weight
A3: Symbol | B3: Description | C3: R1 | D3: R2 | E3: R3 | F3: R4 | G3: R5 | H3: ID | J3: Line # | K3: R1 | L3: R2 | M3: R3 | N3: R4 | O3: R5 | Q3: R1 | R3: R2 | S3: R3 | T3: R4 | U3: R5 | W3: R1 | X3: R2 | Y3: R3 | Z3: R4 | AA3: R5
A4: WW1 | B4: Wild1 | C4: 0 | D4: 0 | E4: 0 | F4: 0 | G4: 0 | H4: 0 | J4: 0 | K4: K | L4: M1G | M4: J | N4: J | O4: J | Q4: 0 | R4: 0 | S4: 0 | T4: 0 | U4: 0 | W4: 1 | X4: 1 | Y4: 1 | Z4: 1 | AA4: 1
A5: WW2 | B5: Wild2 | C5: 0 | D5: 0 | E5: 0 | F5: 0 | G5: 0 | H5: 1 | J5: 1 | K5: K | L5: M1 | M5: AG | N5: M4 | O5: Q | Q5: 0 | R5: 0 | S5: 0 | T5: 0 | U5: 0 | W5: 1 | X5: 1 | Y5: 1 | Z5: 1 | AA5: 1
A6: C1 | B6: Scatter | C6: 5 | D6: 8 | E6: 8 | F6: 4 | G6: 4 | H6: 2 | J6: 2 | K6: Q | L6: Q | M6: M2 | N6: M1G | O6: J | Q6: 0 | R6: 0 | S6: 0 | T6: 0 | U6: 0 | W6: 1 | X6: 1 | Y6: 1 | Z6: 1 | AA6: 1
A7: M1 | B7: M1 | C7: 27 | D7: 22 | E7: 24 | F7: 28 | G7: 32 | H7: 3 | J7: 3 | K7: A | L7: KG | M7: A | N7: A | O7: J | Q7: 0 | R7: 0 | S7: 0 | T7: 0 | U7: 0 | W7: 1 | X7: 1 | Y7: 1 | Z7: 1 | AA7: 1
A8: M2 | B8: M2 | C8: 36 | D8: 32 | E8: 23 | F8: 37 | G8: 32 | H8: 4 | J8: 4 | K8: M2 | L8: Q | M8: M4 | N8: M3 | O8: J | Q8: 0 | R8: 0 | S8: 0 | T8: 0 | U8: 0 | W8: 1 | X8: 1 | Y8: 1 | Z8: 1 | AA8: 1
A9: M3 | B9: M3 | C9: 32 | D9: 26 | E9: 35 | F9: 26 | G9: 62 | H9: 5 | J9: 5 | K9: J | L9: K | M9: M4G | N9: J | O9: M1 | Q9: 0 | R9: 0 | S9: 0 | T9: 0 | U9: 0 | W9: 1 | X9: 1 | Y9: 1 | Z9: 1 | AA9: 1
A10: M4 | B10: M4 | C10: 38 | D10: 42 | E10: 35 | F10: 58 | G10: 21 | H10: 6 | J10: 6 | K10: Q | L10: Q | M10: M2 | N10: A | O10: A | Q10: 0 | R10: 0 | S10: 0 | T10: 0 | U10: 0 | W10: 1 | X10: 1 | Y10: 1 | Z10: 1 | AA10: 1
A11: A | B11: A | C11: 72 | D11: 60 | E11: 52 | F11: 24 | G11: 48 | H11: 7 | J11: 7 | K11: M4 | L11: JG | M11: C1 | N11: KG | O11: J | Q11: 0 | R11: 0 | S11: 0 | T11: 0 | U11: 0 | W11: 1 | X11: 1 | Y11: 1 | Z11: 1 | AA11: 1
A12: K | B12: K | C12: 63 | D12: 40 | E12: 40 | F12: 69 | G12: 56 | H12: 8 | J12: 8 | K12: M3 | L12: M1 | M12: A | N12: A | O12: K | Q12: 0 | R12: 0 | S12: 0 | T12: 0 | U12: 0 | W12: 1 | X12: 1 | Y12: 1 | Z12: 1 | AA12: 1
A13: Q | B13: Q | C13: 63 | D13: 32 | E13: 57 | F13: 60 | G13: 60 | H13: 9 | J13: 9 | K13: A | L13: J | M13: M1G | N13: K | O13: M1 | Q13: 0 | R13: 0 | S13: 0 | T13: 0 | U13: 0 | W13: 1 | X13: 1 | Y13: 1 | Z13: 1 | AA13: 1
A14: J | B14: J | C14: 64 | D14: 33 | E14: 37 | F14: 30 | G14: 85 | H14: 10 | J14: 10 | K14: Q | L14: QG | M14: J | N14: M2 | O14: J | Q14: 0 | R14: 0 | S14: 0 | T14: 0 | U14: 0 | W14: 1 | X14: 1 | Y14: 1 | Z14: 1 | AA14: 1
A15: M1G | B15: M1G | C15: 0 | D15: 2 | E15: 3 | F15: 3 | G15: 0 | H15: 11 | J15: 11 | K15: A | L15: M3 | M15: Q | N15: A | O15: M4 | Q15: 0 | R15: 0 | S15: 0 | T15: 0 | U15: 0 | W15: 1 | X15: 1 | Y15: 1 | Z15: 1 | AA15: 1
... A22: JG | B22: JG | C22: 0 | D22: 25 | E22: 19 | F22: 9 | G22: 0 | H22: 18 | J22: 18 | K22: Q | L22: K | M22: JG | N22: M4 | O22: M2 | Q22: 0 | R22: 0 | S22: 0 | T22: 0 | U22: 0 | W22: 1 | X22: 1 | Y22: 1 | Z22: 1 | AA22: 1
A23: -- | C23: 400 | D23: 400 | E23: 400 | F23: 400 | G23: 400 | J23: 19 | K23: A | L23: J | M23: J | N23: K | O23: M3 | Q23: 0 | R23: 0 | S23: 0 | T23: 0 | U23: 0 | W23: 1 | X23: 1 | Y23: 1 | Z23: 1 | AA23: 1
J24: 20 | K24: M1 | L24: M3 | M24: A | N24: KG | O24: Q | Q24: 0 | R24: 0 | S24: 0 | T24: 0 | U24: 0 | W24: 1 | X24: 1 | Y24: 1 | Z24: 1 | AA24: 1
J25: 21 | K25: M4 | L25: M3G | M25: M4 | N25: A | O25: M2 | Q25: 0 | R25: 0 | S25: 0 | T25: 0 | U25: 0 | W25: 1 | X25: 1 | Y25: 1 | Z25: 1 | AA25: 1
J26: 22 | K26: A | L26: Q | M26: M4 | N26: Q | O26: J | Q26: 0 | R26: 0 | S26: 0 | T26: 0 | U26: 0 | W26: 1 | X26: 1 | Y26: 1 | Z26: 1 | AA26: 1
J27: 23 | K27: A | L27: AG | M27: A | N27: M4 | O27: M3 | Q27: 0 | R27: 0 | S27: 0 | T27: 0 | U27: 0 | W27: 1 | X27: 1 | Y27: 1 | Z27: 1 | AA27: 1
J28: 24 | K28: K | L28: K | M28: M4G | N28: K | O28: J | Q28: 0 | R28: 0 | S28: 0 | T28: 0 | U28: 0 | W28: 1 | X28: 1 | Y28: 1 | Z28: 1 | AA28: 1
J29: 25 | K29: M2 | L29: QG | M29: J | N29: J | O29: M3 | Q29: 0 | R29: 0 | S29: 0 | T29: 0 | U29: 0 | W29: 1 | X29: 1 | Y29: 1 | Z29: 1 | AA29: 1
J30: 26 | K30: M1 | L30: M4 | M30: J | N30: M1 | O30: M3 | Q30: 0 | R30: 0 | S30: 0 | T30: 0 | U30: 0 | W30: 1 | X30: 1 | Y30: 1 | Z30: 1 | AA30: 1
J31: 27 | K31: Q | L31: J | M31: JG | N31: J | O31: M4 | Q31: 0 | R31: 0 | S31: 0 | T31: 0 | U31: 0 | W31: 1 | X31: 1 | Y31: 1 | Z31: 1 | AA31: 1
J32: 28 | K32: K | L32: KG | M32: M1 | N32: JG | O32: J | Q32: 0 | R32: 0 | S32: 0 | T32: 0 | U32: 0 | W32: 1 | X32: 1 | Y32: 1 | Z32: 1 | AA32: 1
J33: 29 | K33: A | L33: M3 | M33: M4 | N33: Q | O33: J | Q33: 0 | R33: 0 | S33: 0 | T33: 0 | U33: 0 | W33: 1 | X33: 1 | Y33: 1 | Z33: 1 | AA33: 1
J34: 30 | K34: M3 | L34: M2G | M34: A | N34: M2 | O34: M3 | Q34: 0 | R34: 0 | S34: 0 | T34: 0 | U34: 0 | W34: 1 | X34: 1 | Y34: 1 | Z34: 1 | AA34: 1
J35: 31 | K35: J | L35: Q | M35: M4G | N35: JG | O35: Q | Q35: 0 | R35: 0 | S35: 0 | T35: 0 | U35: 0 | W35: 1 | X35: 1 | Y35: 1 | Z35: 1 | AA35: 1
... J403: 399 | K403: K | L403: KG | M403: AG | N403: M4 | O403: M3 | Q403: 0 | R403: 0 | S403: 0 | T403: 0 | U403: 0 | W403: 1 | X403: 1 | Y403: 1 | Z403: 1 | AA403: 1

Sheet FG_Symbol (3)
J2: Symbol | Q2: Symbol ID | W2: Symbol Weight
A3: Symbol | B3: Description | C3: R1 | D3: R2 | E3: R3 | F3: R4 | G3: R5 | H3: ID | J3: Line # | K3: R1 | L3: R2 | M3: R3 | N3: R4 | O3: R5 | Q3: R1 | R3: R2 | S3: R3 | T3: R4 | U3: R5 | W3: R1 | X3: R2 | Y3: R3 | Z3: R4 | AA3: R5
A4: WW1 | B4: Wild1 | C4: 0 | D4: 0 | E4: 0 | F4: 0 | G4: 0 | H4: 0 | J4: 0 | K4: K | L4: M1G | M4: J | N4: J | O4: J | Q4: 0 | R4: 0 | S4: 0 | T4: 0 | U4: 0 | W4: 1 | X4: 1 | Y4: 1 | Z4: 1 | AA4: 1
A5: WW2 | B5: Wild2 | C5: 0 | D5: 0 | E5: 0 | F5: 0 | G5: 0 | H5: 1 | J5: 1 | K5: K | L5: M1 | M5: AG | N5: M4 | O5: Q | Q5: 0 | R5: 0 | S5: 0 | T5: 0 | U5: 0 | W5: 1 | X5: 1 | Y5: 1 | Z5: 1 | AA5: 1
A6: C1 | B6: Scatter | C6: 5 | D6: 8 | E6: 8 | F6: 4 | G6: 4 | H6: 2 | J6: 2 | K6: Q | L6: Q | M6: M2 | N6: M1G | O6: J | Q6: 0 | R6: 0 | S6: 0 | T6: 0 | U6: 0 | W6: 1 | X6: 1 | Y6: 1 | Z6: 1 | AA6: 1
A7: M1 | B7: M1 | C7: 27 | D7: 22 | E7: 24 | F7: 28 | G7: 32 | H7: 3 | J7: 3 | K7: A | L7: KG | M7: A | N7: A | O7: J | Q7: 0 | R7: 0 | S7: 0 | T7: 0 | U7: 0 | W7: 1 | X7: 1 | Y7: 1 | Z7: 1 | AA7: 1
A8: M2 | B8: M2 | C8: 36 | D8: 32 | E8: 23 | F8: 37 | G8: 32 | H8: 4 | J8: 4 | K8: M2 | L8: Q | M8: M4 | N8: M3 | O8: J | Q8: 0 | R8: 0 | S8: 0 | T8: 0 | U8: 0 | W8: 1 | X8: 1 | Y8: 1 | Z8: 1 | AA8: 1
A9: M3 | B9: M3 | C9: 32 | D9: 26 | E9: 35 | F9: 26 | G9: 62 | H9: 5 | J9: 5 | K9: J | L9: K | M9: M4G | N9: J | O9: M1 | Q9: 0 | R9: 0 | S9: 0 | T9: 0 | U9: 0 | W9: 1 | X9: 1 | Y9: 1 | Z9: 1 | AA9: 1
A10: M4 | B10: M4 | C10: 38 | D10: 42 | E10: 35 | F10: 58 | G10: 21 | H10: 6 | J10: 6 | K10: Q | L10: Q | M10: M2 | N10: A | O10: A | Q10: 0 | R10: 0 | S10: 0 | T10: 0 | U10: 0 | W10: 1 | X10: 1 | Y10: 1 | Z10: 1 | AA10: 1
A11: A | B11: A | C11: 72 | D11: 60 | E11: 52 | F11: 24 | G11: 48 | H11: 7 | J11: 7 | K11: M4 | L11: JG | M11: C1 | N11: KG | O11: J | Q11: 0 | R11: 0 | S11: 0 | T11: 0 | U11: 0 | W11: 1 | X11: 1 | Y11: 1 | Z11: 1 | AA11: 1
A12: K | B12: K | C12: 63 | D12: 40 | E12: 40 | F12: 69 | G12: 56 | H12: 8 | J12: 8 | K12: M3 | L12: M1 | M12: A | N12: A | O12: K | Q12: 0 | R12: 0 | S12: 0 | T12: 0 | U12: 0 | W12: 1 | X12: 1 | Y12: 1 | Z12: 1 | AA12: 1
A13: Q | B13: Q | C13: 63 | D13: 32 | E13: 57 | F13: 60 | G13: 60 | H13: 9 | J13: 9 | K13: A | L13: J | M13: M1G | N13: K | O13: M1 | Q13: 0 | R13: 0 | S13: 0 | T13: 0 | U13: 0 | W13: 1 | X13: 1 | Y13: 1 | Z13: 1 | AA13: 1
A14: J | B14: J | C14: 64 | D14: 33 | E14: 37 | F14: 30 | G14: 85 | H14: 10 | J14: 10 | K14: Q | L14: QG | M14: J | N14: M2 | O14: J | Q14: 0 | R14: 0 | S14: 0 | T14: 0 | U14: 0 | W14: 1 | X14: 1 | Y14: 1 | Z14: 1 | AA14: 1
A15: M1G | B15: M1G | C15: 0 | D15: 2 | E15: 3 | F15: 3 | G15: 0 | H15: 11 | J15: 11 | K15: A | L15: M3 | M15: Q | N15: A | O15: M4 | Q15: 0 | R15: 0 | S15: 0 | T15: 0 | U15: 0 | W15: 1 | X15: 1 | Y15: 1 | Z15: 1 | AA15: 1
... A22: JG | B22: JG | C22: 0 | D22: 25 | E22: 19 | F22: 9 | G22: 0 | H22: 18 | J22: 18 | K22: Q | L22: K | M22: JG | N22: M4 | O22: M2 | Q22: 0 | R22: 0 | S22: 0 | T22: 0 | U22: 0 | W22: 1 | X22: 1 | Y22: 1 | Z22: 1 | AA22: 1
A23: -- | C23: 400 | D23: 400 | E23: 400 | F23: 400 | G23: 400 | J23: 19 | K23: A | L23: J | M23: J | N23: K | O23: M3 | Q23: 0 | R23: 0 | S23: 0 | T23: 0 | U23: 0 | W23: 1 | X23: 1 | Y23: 1 | Z23: 1 | AA23: 1
J24: 20 | K24: M1 | L24: M3 | M24: A | N24: KG | O24: Q | Q24: 0 | R24: 0 | S24: 0 | T24: 0 | U24: 0 | W24: 1 | X24: 1 | Y24: 1 | Z24: 1 | AA24: 1
J25: 21 | K25: M4 | L25: M3G | M25: M4 | N25: A | O25: M2 | Q25: 0 | R25: 0 | S25: 0 | T25: 0 | U25: 0 | W25: 1 | X25: 1 | Y25: 1 | Z25: 1 | AA25: 1
J26: 22 | K26: A | L26: Q | M26: M4 | N26: Q | O26: J | Q26: 0 | R26: 0 | S26: 0 | T26: 0 | U26: 0 | W26: 1 | X26: 1 | Y26: 1 | Z26: 1 | AA26: 1
J27: 23 | K27: A | L27: AG | M27: A | N27: M4 | O27: M3 | Q27: 0 | R27: 0 | S27: 0 | T27: 0 | U27: 0 | W27: 1 | X27: 1 | Y27: 1 | Z27: 1 | AA27: 1
J28: 24 | K28: K | L28: K | M28: M4G | N28: K | O28: J | Q28: 0 | R28: 0 | S28: 0 | T28: 0 | U28: 0 | W28: 1 | X28: 1 | Y28: 1 | Z28: 1 | AA28: 1
J29: 25 | K29: M2 | L29: QG | M29: J | N29: J | O29: M3 | Q29: 0 | R29: 0 | S29: 0 | T29: 0 | U29: 0 | W29: 1 | X29: 1 | Y29: 1 | Z29: 1 | AA29: 1
J30: 26 | K30: M1 | L30: M4 | M30: J | N30: M1 | O30: M3 | Q30: 0 | R30: 0 | S30: 0 | T30: 0 | U30: 0 | W30: 1 | X30: 1 | Y30: 1 | Z30: 1 | AA30: 1
J31: 27 | K31: Q | L31: J | M31: JG | N31: J | O31: M4 | Q31: 0 | R31: 0 | S31: 0 | T31: 0 | U31: 0 | W31: 1 | X31: 1 | Y31: 1 | Z31: 1 | AA31: 1
J32: 28 | K32: K | L32: KG | M32: M1 | N32: JG | O32: J | Q32: 0 | R32: 0 | S32: 0 | T32: 0 | U32: 0 | W32: 1 | X32: 1 | Y32: 1 | Z32: 1 | AA32: 1
J33: 29 | K33: A | L33: M3 | M33: M4 | N33: Q | O33: J | Q33: 0 | R33: 0 | S33: 0 | T33: 0 | U33: 0 | W33: 1 | X33: 1 | Y33: 1 | Z33: 1 | AA33: 1
J34: 30 | K34: M3 | L34: M2G | M34: A | N34: M2 | O34: M3 | Q34: 0 | R34: 0 | S34: 0 | T34: 0 | U34: 0 | W34: 1 | X34: 1 | Y34: 1 | Z34: 1 | AA34: 1
J35: 31 | K35: J | L35: Q | M35: M4G | N35: JG | O35: Q | Q35: 0 | R35: 0 | S35: 0 | T35: 0 | U35: 0 | W35: 1 | X35: 1 | Y35: 1 | Z35: 1 | AA35: 1
... J403: 399 | K403: K | L403: KG | M403: AG | N403: M4 | O403: M3 | Q403: 0 | R403: 0 | S403: 0 | T403: 0 | U403: 0 | W403: 1 | X403: 1 | Y403: 1 | Z403: 1 | AA403: 1

Sheet FG_Symbol (4)
J2: Symbol | Q2: Symbol ID | W2: Symbol Weight
A3: Symbol | B3: Description | C3: R1 | D3: R2 | E3: R3 | F3: R4 | G3: R5 | H3: ID | J3: Line # | K3: R1 | L3: R2 | M3: R3 | N3: R4 | O3: R5 | Q3: R1 | R3: R2 | S3: R3 | T3: R4 | U3: R5 | W3: R1 | X3: R2 | Y3: R3 | Z3: R4 | AA3: R5
A4: WW1 | B4: Wild1 | C4: 0 | D4: 0 | E4: 0 | F4: 0 | G4: 0 | H4: 0 | J4: 0 | K4: K | L4: M1G | M4: J | N4: J | O4: J | Q4: 0 | R4: 0 | S4: 0 | T4: 0 | U4: 0 | W4: 1 | X4: 1 | Y4: 1 | Z4: 1 | AA4: 1
A5: WW2 | B5: Wild2 | C5: 0 | D5: 0 | E5: 0 | F5: 0 | G5: 0 | H5: 1 | J5: 1 | K5: K | L5: M1 | M5: AG | N5: M4 | O5: Q | Q5: 0 | R5: 0 | S5: 0 | T5: 0 | U5: 0 | W5: 1 | X5: 1 | Y5: 1 | Z5: 1 | AA5: 1
A6: C1 | B6: Scatter | C6: 5 | D6: 8 | E6: 8 | F6: 4 | G6: 4 | H6: 2 | J6: 2 | K6: Q | L6: Q | M6: M2 | N6: M1G | O6: J | Q6: 0 | R6: 0 | S6: 0 | T6: 0 | U6: 0 | W6: 1 | X6: 1 | Y6: 1 | Z6: 1 | AA6: 1
A7: M1 | B7: M1 | C7: 27 | D7: 22 | E7: 24 | F7: 28 | G7: 32 | H7: 3 | J7: 3 | K7: A | L7: KG | M7: A | N7: A | O7: J | Q7: 0 | R7: 0 | S7: 0 | T7: 0 | U7: 0 | W7: 1 | X7: 1 | Y7: 1 | Z7: 1 | AA7: 1
A8: M2 | B8: M2 | C8: 36 | D8: 32 | E8: 23 | F8: 37 | G8: 32 | H8: 4 | J8: 4 | K8: M2 | L8: Q | M8: M4 | N8: M3 | O8: J | Q8: 0 | R8: 0 | S8: 0 | T8: 0 | U8: 0 | W8: 1 | X8: 1 | Y8: 1 | Z8: 1 | AA8: 1
A9: M3 | B9: M3 | C9: 32 | D9: 26 | E9: 35 | F9: 26 | G9: 62 | H9: 5 | J9: 5 | K9: J | L9: K | M9: M4G | N9: J | O9: M1 | Q9: 0 | R9: 0 | S9: 0 | T9: 0 | U9: 0 | W9: 1 | X9: 1 | Y9: 1 | Z9: 1 | AA9: 1
A10: M4 | B10: M4 | C10: 38 | D10: 42 | E10: 35 | F10: 58 | G10: 21 | H10: 6 | J10: 6 | K10: Q | L10: Q | M10: M2 | N10: A | O10: A | Q10: 0 | R10: 0 | S10: 0 | T10: 0 | U10: 0 | W10: 1 | X10: 1 | Y10: 1 | Z10: 1 | AA10: 1
A11: A | B11: A | C11: 72 | D11: 60 | E11: 52 | F11: 24 | G11: 48 | H11: 7 | J11: 7 | K11: M4 | L11: JG | M11: C1 | N11: KG | O11: J | Q11: 0 | R11: 0 | S11: 0 | T11: 0 | U11: 0 | W11: 1 | X11: 1 | Y11: 1 | Z11: 1 | AA11: 1
A12: K | B12: K | C12: 63 | D12: 40 | E12: 40 | F12: 69 | G12: 56 | H12: 8 | J12: 8 | K12: M3 | L12: M1 | M12: A | N12: A | O12: K | Q12: 0 | R12: 0 | S12: 0 | T12: 0 | U12: 0 | W12: 1 | X12: 1 | Y12: 1 | Z12: 1 | AA12: 1
A13: Q | B13: Q | C13: 63 | D13: 32 | E13: 57 | F13: 60 | G13: 60 | H13: 9 | J13: 9 | K13: A | L13: J | M13: M1G | N13: K | O13: M1 | Q13: 0 | R13: 0 | S13: 0 | T13: 0 | U13: 0 | W13: 1 | X13: 1 | Y13: 1 | Z13: 1 | AA13: 1
A14: J | B14: J | C14: 64 | D14: 33 | E14: 37 | F14: 30 | G14: 85 | H14: 10 | J14: 10 | K14: Q | L14: QG | M14: J | N14: M2 | O14: J | Q14: 0 | R14: 0 | S14: 0 | T14: 0 | U14: 0 | W14: 1 | X14: 1 | Y14: 1 | Z14: 1 | AA14: 1
A15: M1G | B15: M1G | C15: 0 | D15: 2 | E15: 3 | F15: 3 | G15: 0 | H15: 11 | J15: 11 | K15: A | L15: M3 | M15: Q | N15: A | O15: M4 | Q15: 0 | R15: 0 | S15: 0 | T15: 0 | U15: 0 | W15: 1 | X15: 1 | Y15: 1 | Z15: 1 | AA15: 1
... A22: JG | B22: JG | C22: 0 | D22: 25 | E22: 19 | F22: 9 | G22: 0 | H22: 18 | J22: 18 | K22: Q | L22: K | M22: JG | N22: M4 | O22: M2 | Q22: 0 | R22: 0 | S22: 0 | T22: 0 | U22: 0 | W22: 1 | X22: 1 | Y22: 1 | Z22: 1 | AA22: 1
A23: -- | C23: 400 | D23: 400 | E23: 400 | F23: 400 | G23: 400 | J23: 19 | K23: A | L23: J | M23: J | N23: K | O23: M3 | Q23: 0 | R23: 0 | S23: 0 | T23: 0 | U23: 0 | W23: 1 | X23: 1 | Y23: 1 | Z23: 1 | AA23: 1
J24: 20 | K24: M1 | L24: M3 | M24: A | N24: KG | O24: Q | Q24: 0 | R24: 0 | S24: 0 | T24: 0 | U24: 0 | W24: 1 | X24: 1 | Y24: 1 | Z24: 1 | AA24: 1
J25: 21 | K25: M4 | L25: M3G | M25: M4 | N25: A | O25: M2 | Q25: 0 | R25: 0 | S25: 0 | T25: 0 | U25: 0 | W25: 1 | X25: 1 | Y25: 1 | Z25: 1 | AA25: 1
J26: 22 | K26: A | L26: Q | M26: M4 | N26: Q | O26: J | Q26: 0 | R26: 0 | S26: 0 | T26: 0 | U26: 0 | W26: 1 | X26: 1 | Y26: 1 | Z26: 1 | AA26: 1
J27: 23 | K27: A | L27: AG | M27: A | N27: M4 | O27: M3 | Q27: 0 | R27: 0 | S27: 0 | T27: 0 | U27: 0 | W27: 1 | X27: 1 | Y27: 1 | Z27: 1 | AA27: 1
J28: 24 | K28: K | L28: K | M28: M4G | N28: K | O28: J | Q28: 0 | R28: 0 | S28: 0 | T28: 0 | U28: 0 | W28: 1 | X28: 1 | Y28: 1 | Z28: 1 | AA28: 1
J29: 25 | K29: M2 | L29: QG | M29: J | N29: J | O29: M3 | Q29: 0 | R29: 0 | S29: 0 | T29: 0 | U29: 0 | W29: 1 | X29: 1 | Y29: 1 | Z29: 1 | AA29: 1
J30: 26 | K30: M1 | L30: M4 | M30: J | N30: M1 | O30: M3 | Q30: 0 | R30: 0 | S30: 0 | T30: 0 | U30: 0 | W30: 1 | X30: 1 | Y30: 1 | Z30: 1 | AA30: 1
J31: 27 | K31: Q | L31: J | M31: JG | N31: J | O31: M4 | Q31: 0 | R31: 0 | S31: 0 | T31: 0 | U31: 0 | W31: 1 | X31: 1 | Y31: 1 | Z31: 1 | AA31: 1
J32: 28 | K32: K | L32: KG | M32: M1 | N32: JG | O32: J | Q32: 0 | R32: 0 | S32: 0 | T32: 0 | U32: 0 | W32: 1 | X32: 1 | Y32: 1 | Z32: 1 | AA32: 1
J33: 29 | K33: A | L33: M3 | M33: M4 | N33: Q | O33: J | Q33: 0 | R33: 0 | S33: 0 | T33: 0 | U33: 0 | W33: 1 | X33: 1 | Y33: 1 | Z33: 1 | AA33: 1
J34: 30 | K34: M3 | L34: M2G | M34: A | N34: M2 | O34: M3 | Q34: 0 | R34: 0 | S34: 0 | T34: 0 | U34: 0 | W34: 1 | X34: 1 | Y34: 1 | Z34: 1 | AA34: 1
J35: 31 | K35: J | L35: Q | M35: M4G | N35: JG | O35: Q | Q35: 0 | R35: 0 | S35: 0 | T35: 0 | U35: 0 | W35: 1 | X35: 1 | Y35: 1 | Z35: 1 | AA35: 1
... J403: 399 | K403: K | L403: KG | M403: AG | N403: M4 | O403: M3 | Q403: 0 | R403: 0 | S403: 0 | T403: 0 | U403: 0 | W403: 1 | X403: 1 | Y403: 1 | Z403: 1 | AA403: 1

Sheet FG_Symbol (5)
J2: Symbol | Q2: Symbol ID | W2: Symbol Weight
A3: Symbol | B3: Description | C3: R1 | D3: R2 | E3: R3 | F3: R4 | G3: R5 | H3: ID | J3: Line # | K3: R1 | L3: R2 | M3: R3 | N3: R4 | O3: R5 | Q3: R1 | R3: R2 | S3: R3 | T3: R4 | U3: R5 | W3: R1 | X3: R2 | Y3: R3 | Z3: R4 | AA3: R5
A4: WW1 | B4: Wild1 | C4: 0 | D4: 0 | E4: 0 | F4: 0 | G4: 0 | H4: 0 | J4: 0 | K4: K | L4: M1G | M4: J | N4: J | O4: J | Q4: 0 | R4: 0 | S4: 0 | T4: 0 | U4: 0 | W4: 1 | X4: 1 | Y4: 1 | Z4: 1 | AA4: 1
A5: WW2 | B5: Wild2 | C5: 0 | D5: 0 | E5: 0 | F5: 0 | G5: 0 | H5: 1 | J5: 1 | K5: K | L5: M1 | M5: AG | N5: M4 | O5: Q | Q5: 0 | R5: 0 | S5: 0 | T5: 0 | U5: 0 | W5: 1 | X5: 1 | Y5: 1 | Z5: 1 | AA5: 1
A6: C1 | B6: Scatter | C6: 5 | D6: 8 | E6: 8 | F6: 4 | G6: 4 | H6: 2 | J6: 2 | K6: Q | L6: Q | M6: M2 | N6: M1G | O6: J | Q6: 0 | R6: 0 | S6: 0 | T6: 0 | U6: 0 | W6: 1 | X6: 1 | Y6: 1 | Z6: 1 | AA6: 1
A7: M1 | B7: M1 | C7: 27 | D7: 22 | E7: 24 | F7: 28 | G7: 32 | H7: 3 | J7: 3 | K7: A | L7: KG | M7: A | N7: A | O7: J | Q7: 0 | R7: 0 | S7: 0 | T7: 0 | U7: 0 | W7: 1 | X7: 1 | Y7: 1 | Z7: 1 | AA7: 1
A8: M2 | B8: M2 | C8: 36 | D8: 32 | E8: 23 | F8: 37 | G8: 32 | H8: 4 | J8: 4 | K8: M2 | L8: Q | M8: M4 | N8: M3 | O8: J | Q8: 0 | R8: 0 | S8: 0 | T8: 0 | U8: 0 | W8: 1 | X8: 1 | Y8: 1 | Z8: 1 | AA8: 1
A9: M3 | B9: M3 | C9: 32 | D9: 26 | E9: 35 | F9: 26 | G9: 62 | H9: 5 | J9: 5 | K9: J | L9: K | M9: M4G | N9: J | O9: M1 | Q9: 0 | R9: 0 | S9: 0 | T9: 0 | U9: 0 | W9: 1 | X9: 1 | Y9: 1 | Z9: 1 | AA9: 1
A10: M4 | B10: M4 | C10: 38 | D10: 42 | E10: 35 | F10: 58 | G10: 21 | H10: 6 | J10: 6 | K10: Q | L10: Q | M10: M2 | N10: A | O10: A | Q10: 0 | R10: 0 | S10: 0 | T10: 0 | U10: 0 | W10: 1 | X10: 1 | Y10: 1 | Z10: 1 | AA10: 1
A11: A | B11: A | C11: 72 | D11: 60 | E11: 52 | F11: 24 | G11: 48 | H11: 7 | J11: 7 | K11: M4 | L11: JG | M11: C1 | N11: KG | O11: J | Q11: 0 | R11: 0 | S11: 0 | T11: 0 | U11: 0 | W11: 1 | X11: 1 | Y11: 1 | Z11: 1 | AA11: 1
A12: K | B12: K | C12: 63 | D12: 40 | E12: 40 | F12: 69 | G12: 56 | H12: 8 | J12: 8 | K12: M3 | L12: M1 | M12: A | N12: A | O12: K | Q12: 0 | R12: 0 | S12: 0 | T12: 0 | U12: 0 | W12: 1 | X12: 1 | Y12: 1 | Z12: 1 | AA12: 1
A13: Q | B13: Q | C13: 63 | D13: 32 | E13: 57 | F13: 60 | G13: 60 | H13: 9 | J13: 9 | K13: A | L13: J | M13: M1G | N13: K | O13: M1 | Q13: 0 | R13: 0 | S13: 0 | T13: 0 | U13: 0 | W13: 1 | X13: 1 | Y13: 1 | Z13: 1 | AA13: 1
A14: J | B14: J | C14: 64 | D14: 33 | E14: 37 | F14: 30 | G14: 85 | H14: 10 | J14: 10 | K14: Q | L14: QG | M14: J | N14: M2 | O14: J | Q14: 0 | R14: 0 | S14: 0 | T14: 0 | U14: 0 | W14: 1 | X14: 1 | Y14: 1 | Z14: 1 | AA14: 1
A15: M1G | B15: M1G | C15: 0 | D15: 2 | E15: 3 | F15: 3 | G15: 0 | H15: 11 | J15: 11 | K15: A | L15: M3 | M15: Q | N15: A | O15: M4 | Q15: 0 | R15: 0 | S15: 0 | T15: 0 | U15: 0 | W15: 1 | X15: 1 | Y15: 1 | Z15: 1 | AA15: 1
... A22: JG | B22: JG | C22: 0 | D22: 25 | E22: 19 | F22: 9 | G22: 0 | H22: 18 | J22: 18 | K22: Q | L22: K | M22: JG | N22: M4 | O22: M2 | Q22: 0 | R22: 0 | S22: 0 | T22: 0 | U22: 0 | W22: 1 | X22: 1 | Y22: 1 | Z22: 1 | AA22: 1
A23: -- | C23: 400 | D23: 400 | E23: 400 | F23: 400 | G23: 400 | J23: 19 | K23: A | L23: J | M23: J | N23: K | O23: M3 | Q23: 0 | R23: 0 | S23: 0 | T23: 0 | U23: 0 | W23: 1 | X23: 1 | Y23: 1 | Z23: 1 | AA23: 1
J24: 20 | K24: M1 | L24: M3 | M24: A | N24: KG | O24: Q | Q24: 0 | R24: 0 | S24: 0 | T24: 0 | U24: 0 | W24: 1 | X24: 1 | Y24: 1 | Z24: 1 | AA24: 1
J25: 21 | K25: M4 | L25: M3G | M25: M4 | N25: A | O25: M2 | Q25: 0 | R25: 0 | S25: 0 | T25: 0 | U25: 0 | W25: 1 | X25: 1 | Y25: 1 | Z25: 1 | AA25: 1
J26: 22 | K26: A | L26: Q | M26: M4 | N26: Q | O26: J | Q26: 0 | R26: 0 | S26: 0 | T26: 0 | U26: 0 | W26: 1 | X26: 1 | Y26: 1 | Z26: 1 | AA26: 1
J27: 23 | K27: A | L27: AG | M27: A | N27: M4 | O27: M3 | Q27: 0 | R27: 0 | S27: 0 | T27: 0 | U27: 0 | W27: 1 | X27: 1 | Y27: 1 | Z27: 1 | AA27: 1
J28: 24 | K28: K | L28: K | M28: M4G | N28: K | O28: J | Q28: 0 | R28: 0 | S28: 0 | T28: 0 | U28: 0 | W28: 1 | X28: 1 | Y28: 1 | Z28: 1 | AA28: 1
J29: 25 | K29: M2 | L29: QG | M29: J | N29: J | O29: M3 | Q29: 0 | R29: 0 | S29: 0 | T29: 0 | U29: 0 | W29: 1 | X29: 1 | Y29: 1 | Z29: 1 | AA29: 1
J30: 26 | K30: M1 | L30: M4 | M30: J | N30: M1 | O30: M3 | Q30: 0 | R30: 0 | S30: 0 | T30: 0 | U30: 0 | W30: 1 | X30: 1 | Y30: 1 | Z30: 1 | AA30: 1
J31: 27 | K31: Q | L31: J | M31: JG | N31: J | O31: M4 | Q31: 0 | R31: 0 | S31: 0 | T31: 0 | U31: 0 | W31: 1 | X31: 1 | Y31: 1 | Z31: 1 | AA31: 1
J32: 28 | K32: K | L32: KG | M32: M1 | N32: JG | O32: J | Q32: 0 | R32: 0 | S32: 0 | T32: 0 | U32: 0 | W32: 1 | X32: 1 | Y32: 1 | Z32: 1 | AA32: 1
J33: 29 | K33: A | L33: M3 | M33: M4 | N33: Q | O33: J | Q33: 0 | R33: 0 | S33: 0 | T33: 0 | U33: 0 | W33: 1 | X33: 1 | Y33: 1 | Z33: 1 | AA33: 1
J34: 30 | K34: M3 | L34: M2G | M34: A | N34: M2 | O34: M3 | Q34: 0 | R34: 0 | S34: 0 | T34: 0 | U34: 0 | W34: 1 | X34: 1 | Y34: 1 | Z34: 1 | AA34: 1
J35: 31 | K35: J | L35: Q | M35: M4G | N35: JG | O35: Q | Q35: 0 | R35: 0 | S35: 0 | T35: 0 | U35: 0 | W35: 1 | X35: 1 | Y35: 1 | Z35: 1 | AA35: 1
... J403: 399 | K403: K | L403: KG | M403: AG | N403: M4 | O403: M3 | Q403: 0 | R403: 0 | S403: 0 | T403: 0 | U403: 0 | W403: 1 | X403: 1 | Y403: 1 | Z403: 1 | AA403: 1

Sheet BF_Symbol
J2: Symbol | Q2: Symbol ID | W2: Symbol Weight
A3: Symbol | B3: Description | C3: R1 | D3: R2 | E3: R3 | F3: R4 | G3: R5 | H3: ID | J3: Line # | K3: R1 | L3: R2 | M3: R3 | N3: R4 | O3: R5 | Q3: R1 | R3: R2 | S3: R3 | T3: R4 | U3: R5 | W3: R1 | X3: R2 | Y3: R3 | Z3: R4 | AA3: R5
A4: WW1 | B4: Wild1 | C4: 0 | D4: 0 | E4: 0 | F4: 0 | G4: 0 | H4: 0 | J4: 0 | K4: M4 | L4: M4 | M4: Q | N4: M2 | O4: A | Q4: 6 | R4: 6 | S4: 9 | T4: 4 | U4: 7 | W4: 1 | X4: 1 | Y4: 1 | Z4: 1 | AA4: 1
A5: WW2 | B5: Wild2 | C5: 0 | D5: 0 | E5: 0 | F5: 0 | G5: 0 | H5: 1 | J5: 1 | K5: A | L5: M2 | M5: JG | N5: KG | O5: J | Q5: 7 | R5: 4 | S5: 18 | T5: 16 | U5: 10 | W5: 1 | X5: 1 | Y5: 1 | Z5: 1 | AA5: 1
A6: C1 | B6: Scatter | C6: 20 | D6: 20 | E6: 20 | F6: 0 | G6: 0 | H6: 2 | J6: 2 | K6: M1 | L6: M2 | M6: JG | N6: M4 | O6: M3 | Q6: 3 | R6: 4 | S6: 18 | T6: 6 | U6: 5 | W6: 1 | X6: 1 | Y6: 1 | Z6: 1 | AA6: 1
A7: M1 | B7: M1 | C7: 39 | D7: 20 | E7: 10 | F7: 23 | G7: 42 | H7: 3 | J7: 3 | K7: C1 | L7: C1 | M7: C1 | N7: M2 | O7: A | Q7: 2 | R7: 2 | S7: 2 | T7: 4 | U7: 7 | W7: 1 | X7: 1 | Y7: 1 | Z7: 1 | AA7: 1
A8: M2 | B8: M2 | C8: 5 | D8: 93 | E8: 3 | F8: 24 | G8: 35 | H8: 4 | J8: 4 | K8: A | L8: Q | M8: J | N8: Q | O8: J | Q8: 7 | R8: 9 | S8: 10 | T8: 9 | U8: 10 | W8: 0 | X8: 0 | Y8: 0 | Z8: 1 | AA8: 1
A9: M3 | B9: M3 | C9: 21 | D9: 1 | E9: 88 | F9: 33 | G9: 58 | H9: 5 | J9: 5 | K9: K | L9: M4 | M9: M3 | N9: M1 | O9: M1 | Q9: 8 | R9: 6 | S9: 5 | T9: 3 | U9: 3 | W9: 0 | X9: 0 | Y9: 0 | Z9: 1 | AA9: 1
A10: M4 | B10: M4 | C10: 17 | D10: 88 | E10: 3 | F10: 65 | G10: 40 | H10: 6 | J10: 6 | K10: M1 | L10: A | M10: M3 | N10: M1G | O10: M3 | Q10: 3 | R10: 7 | S10: 5 | T10: 11 | U10: 5 | W10: 0 | X10: 0 | Y10: 0 | Z10: 1 | AA10: 1
A11: A | B11: A | C11: 95 | D11: 90 | E11: 2 | F11: 20 | G11: 58 | H11: 7 | J11: 7 | K11: K | L11: A | M11: JG | N11: K | O11: Q | Q11: 8 | R11: 7 | S11: 18 | T11: 8 | U11: 9 | W11: 0 | X11: 0 | Y11: 0 | Z11: 1 | AA11: 1
A12: K | B12: K | C12: 89 | D12: 20 | E12: 13 | F12: 59 | G12: 48 | H12: 8 | J12: 8 | K12: M1 | L12: A | M12: J | N12: J | O12: M1 | Q12: 3 | R12: 7 | S12: 10 | T12: 10 | U12: 3 | W12: 0 | X12: 0 | Y12: 0 | Z12: 1 | AA12: 1
A13: Q | B13: Q | C13: 5 | D13: 30 | E13: 116 | F13: 91 | G13: 69 | H13: 9 | J13: 9 | K13: M3 | L13: K | M13: M3 | N13: A | O13: M3 | Q13: 5 | R13: 8 | S13: 5 | T13: 7 | U13: 5 | W13: 0 | X13: 0 | Y13: 0 | Z13: 1 | AA13: 1
A14: J | B14: J | C14: 109 | D14: 3 | E14: 96 | F14: 18 | G14: 50 | H14: 10 | J14: 10 | K14: J | L14: M2 | M14: J | N14: K | O14: Q | Q14: 10 | R14: 4 | S14: 10 | T14: 8 | U14: 9 | W14: 0 | X14: 0 | Y14: 0 | Z14: 1 | AA14: 1
A15: M1G | B15: M1G | C15: 0 | D15: 4 | E15: 3 | F15: 2 | G15: 0 | H15: 11 | J15: 11 | K15: K | L15: M4 | M15: M3G | N15: M4 | O15: M3 | Q15: 8 | R15: 6 | S15: 13 | T15: 6 | U15: 5 | W15: 0 | X15: 0 | Y15: 0 | Z15: 1 | AA15: 1
... A22: JG | B22: JG | C22: 0 | D22: 1 | E22: 31 | F22: 18 | G22: 0 | H22: 18 | J22: 18 | K22: A | L22: A | M22: M3 | N22: M3 | O22: Q | Q22: 7 | R22: 7 | S22: 5 | T22: 5 | U22: 9 | W22: 0 | X22: 0 | Y22: 0 | Z22: 1 | AA22: 1
A23: -- | C23: 400 | D23: 400 | E23: 400 | F23: 400 | G23: 400 | J23: 19 | K23: Q | L23: M2 | M23: JG | N23: JG | O23: J | Q23: 9 | R23: 4 | S23: 18 | T23: 18 | U23: 10 | W23: 0 | X23: 0 | Y23: 0 | Z23: 1 | AA23: 1
J24: 20 | K24: A | L24: M4 | M24: M2 | N24: M4 | O24: M4 | Q24: 7 | R24: 6 | S24: 4 | T24: 6 | U24: 6 | W24: 1 | X24: 1 | Y24: 1 | Z24: 1 | AA24: 1
J25: 21 | K25: A | L25: M4 | M25: Q | N25: M1 | O25: M4 | Q25: 7 | R25: 6 | S25: 9 | T25: 3 | U25: 6 | W25: 1 | X25: 1 | Y25: 1 | Z25: 1 | AA25: 1
J26: 22 | K26: J | L26: M4 | M26: JG | N26: K | O26: Q | Q26: 10 | R26: 6 | S26: 18 | T26: 8 | U26: 9 | W26: 1 | X26: 1 | Y26: 1 | Z26: 1 | AA26: 1
J27: 23 | K27: C1 | L27: C1 | M27: C1 | N27: M2 | O27: A | Q27: 2 | R27: 2 | S27: 2 | T27: 4 | U27: 7 | W27: 1 | X27: 1 | Y27: 1 | Z27: 1 | AA27: 1
J28: 24 | K28: K | L28: M4 | M28: Q | N28: AG | O28: M1 | Q28: 8 | R28: 6 | S28: 9 | T28: 15 | U28: 3 | W28: 0 | X28: 0 | Y28: 0 | Z28: 1 | AA28: 1
J29: 25 | K29: A | L29: A | M29: M3 | N29: M4 | O29: J | Q29: 7 | R29: 7 | S29: 5 | T29: 6 | U29: 10 | W29: 0 | X29: 0 | Y29: 0 | Z29: 1 | AA29: 1
J30: 26 | K30: M3 | L30: M2G | M30: Q | N30: Q | O30: J | Q30: 5 | R30: 12 | S30: 9 | T30: 9 | U30: 10 | W30: 0 | X30: 0 | Y30: 0 | Z30: 1 | AA30: 1
J31: 27 | K31: K | L31: AG | M31: J | N31: K | O31: A | Q31: 8 | R31: 15 | S31: 10 | T31: 8 | U31: 7 | W31: 0 | X31: 0 | Y31: 0 | Z31: 1 | AA31: 1
J32: 28 | K32: A | L32: A | M32: Q | N32: J | O32: A | Q32: 7 | R32: 7 | S32: 9 | T32: 10 | U32: 7 | W32: 0 | X32: 0 | Y32: 0 | Z32: 1 | AA32: 1
J33: 29 | K33: K | L33: M2 | M33: J | N33: JG | O33: M4 | Q33: 8 | R33: 4 | S33: 10 | T33: 18 | U33: 6 | W33: 0 | X33: 0 | Y33: 0 | Z33: 1 | AA33: 1
J34: 30 | K34: M4 | L34: Q | M34: J | N34: K | O34: K | Q34: 6 | R34: 9 | S34: 10 | T34: 8 | U34: 8 | W34: 0 | X34: 0 | Y34: 0 | Z34: 1 | AA34: 1
J35: 31 | K35: K | L35: A | M35: M1 | N35: M3 | O35: M2 | Q35: 8 | R35: 7 | S35: 3 | T35: 5 | U35: 4 | W35: 0 | X35: 0 | Y35: 0 | Z35: 1 | AA35: 1
... J403: 399 | K403: A | L403: M2 | M403: J | N403: K | O403: Q | Q403: 7 | R403: 4 | S403: 10 | T403: 8 | U403: 9 | W403: 0 | X403: 0 | Y403: 0 | Z403: 1 | AA403: 1
