Workbook

Sheet Overview
A2: Model: | B2: H026192
A3: Version: | B3: =[1]Overview!$B$3 -> 0.1.0.1
A6: Base Bet
A7: 100
A10: Coin in | B10: Price(x) | C10: Total RTP | D10: Bet Type
A11: {=B11:B12*A7} -> 100 | B11: 1 | C11: =SUM(B17:B18) -> 0 | D11: Normal Bet
A12: 7500 | B12: 75 | C12: =SUM(B21:B22) -> 0 | D12: Buy Feature
A15: Total Pay Back Percentage includes the following adjustments.
A16: Bet Type | B16: Pay Back | C16: Hit% | D16: Pulls/Hit | E16: Description
A17: =D11 -> Normal Bet | C17: =1/D17 -> #DIV/0! | E17: Base Game
E18: Free Game
A20: Bet Type | B20: Pay Back | C20: Hit% | D20: Pulls/Hit | E20: Description
A21: =D12 -> Buy Feature | C21: =1/D21 -> 1 | D21: 1 | E21: Base Game
E22: Free Game
A25: Reel # | B25: 1 | C25: 2 | D25: 3 | E25: 4 | F25: 5
A26: Visible Window Size | B26: 3 | C26: 3 | D26: 3 | E26: 3 | F26: 3
A29: Free Spins Setting
A30: C1 Num. | B30: Base Game | C30: Free Game
A31: 3 | B31: 15 | C31: 15
A32: 4 | B32: 17 | C32: 17
A33: 5 | B33: 19 | C33: 19
A34: The maximum of free spins is 50.
A36: Pay Table： | B36: ="All wins show for "&A7&" credit bet." -> All wins show for 100 credit bet.
A37: Symbol | B37: Description | C37: 3 | D37: 4 | E37: 5 | F37: Id
A38: WW | B38: Wild | C38: 0 | D38: 0 | E38: 0 | F38: 0
A39: C1 | B39: Scatter | C39: 0 | D39: 0 | E39: 0 | F39: 1
A40: M1 | B40: M1 | C40: 250 | D40: 1250 | E40: 5000 | F40: 2
A41: M2 | B41: M2 | C41: 100 | D41: 500 | E41: 2000 | F41: 3
A42: M3 | B42: M3 | C42: 75 | D42: 250 | E42: 1000 | F42: 4
A43: M4 | B43: M4 | C43: 50 | D43: 200 | E43: 750 | F43: 5
A44: M5 | B44: M5 | C44: 25 | D44: 100 | E44: 500 | F44: 6
A45: A | B45: A | C45: 10 | D45: 50 | E45: 250 | F45: 7
A46: K | B46: K | C46: 10 | D46: 50 | E46: 250 | F46: 8
A47: Q | B47: Q | C47: 10 | D47: 50 | E47: 250 | F47: 9
A48: J | B48: J | C48: 10 | D48: 50 | E48: 250 | F48: 10
A49: G1 | B49: Gold M1 | C49: 250 | D49: 1250 | E49: 5000 | F49: 11
... A57: GJ | B57: Gold J | C57: 10 | D57: 50 | E57: 250 | F57: 19

Sheet Parameter
A1: {=_xlfn.LET(_xlpm.x, [1]Parameter!$A$1:$AM$56, IF(_xlpm.x="", "", _xlpm.x))}
B3: Line | I3: Table Selection Weight - Base Game (Weight/Total) | N3: Multiple Selection Weight - Special Pool (Weight/Total) | AC3: Used Special Pool Weight (Weight/10000)
B4: ID | C4: R1 | D4: R2 | E4: R3 | F4: R4 | G4: R5 | I4: Worksheet Name | J4: Weight | K4: RTP | N4: Worksheet Name \ Multiple | O4: 0 | P4: 2 | Q4: 3 | R4: 5 | S4: 8 | T4: 10 | U4: 15 | V4: 20 | W4: 25 | X4: 35 | Y4: 50 | Z4: 80 | AA4: 100 | AC4: Worksheet Name \ Multiple | AD4: 1 | AE4: 2 | AF4: 3 | AG4: 4 | AH4: 5 | AI4: 6 | AJ4: 7 | AK4: 8 | AL4: 9
B5: 0 | C5: 1 | D5: 1 | E5: 1 | F5: 1 | G5: 1 | I5: BG_Symbol | J5: 6500 | L5: 0.65 | N5: BG_Symbol | O5: 0 | P5: 0 | Q5: 0 | R5: 0 | S5: 0 | T5: 4140 | U5: 3000 | V5: 2000 | W5: 500 | X5: 60 | Y5: 120 | Z5: 60 | AA5: 120 | AB5: 16.38 | AC5: BG_Symbol | AD5: 300 | AE5: 600 | AF5: 1080 | AG5: 1440 | AH5: 2250 | AI5: 2700 | AJ5: 3150 | AK5: 3600 | AL5: 4050
B6: 1 | C6: 0 | D6: 0 | E6: 0 | F6: 0 | G6: 0 | I6: BG_Symbol (2) | J6: 1500 | L6: 0.15 | M6: 8000 | N6: BG_Symbol (2) | O6: 0 | P6: 0 | Q6: 0 | R6: 0 | S6: 0 | T6: 4970 | U6: 3000 | V6: 1350 | W6: 500 | X6: 30 | Y6: 60 | Z6: 30 | AA6: 60 | AB6: 14.665 | AC6: BG_Symbol (2) | AD6: 0 | AE6: 0 | AF6: 1050 | AG6: 1400 | AH6: 1750 | AI6: 2100 | AJ6: 3675 | AK6: 4200 | AL6: 4725
B7: 2 | C7: 2 | D7: 2 | E7: 2 | F7: 2 | G7: 2 | I7: BG_Symbol (3) | J7: 2000 | L7: 0.2 | N7: BG_Symbol (3) | O7: 10000 | P7: 0 | Q7: 0 | R7: 0 | S7: 0 | T7: 0 | U7: 0 | V7: 0 | W7: 0 | X7: 0 | Y7: 0 | Z7: 0 | AA7: 0 | AB7: 0 | AC7: BG_Symbol (3) | AD7: 0 | AE7: 0 | AF7: 0 | AG7: 0 | AH7: 0 | AI7: 0 | AJ7: 0 | AK7: 0 | AL7: 0
B8: 3 | C8: 0 | D8: 1 | E8: 2 | F8: 1 | G8: 0 | J8: 10000 | K8: 0 | N8: FG_Symbol | O8: 0 | P8: 0 | Q8: 0 | R8: 0 | S8: 0 | T8: 4370 | U8: 2700 | V8: 1400 | W8: 270 | X8: 270 | Y8: 360 | Z8: 270 | AA8: 360 | AB8: 20.4 | AC8: FG_Symbol | AD8: 0 | AE8: 0 | AF8: 525 | AG8: 700 | AH8: 1750 | AI8: 2100 | AJ8: 3675 | AK8: 4200 | AL8: 4725
B9: 4 | C9: 2 | D9: 1 | E9: 0 | F9: 1 | G9: 2 | N9: FG_Symbol (2) | O9: 0 | P9: 0 | Q9: 0 | R9: 0 | S9: 0 | T9: 4370 | U9: 2700 | V9: 1400 | W9: 270 | X9: 270 | Y9: 360 | Z9: 270 | AA9: 360 | AB9: 20.4 | AC9: FG_Symbol (2) | AD9: 0 | AE9: 0 | AF9: 525 | AG9: 700 | AH9: 1750 | AI9: 2100 | AJ9: 3675 | AK9: 4200 | AL9: 4725
B10: 5 | C10: 0 | D10: 0 | E10: 1 | F10: 0 | G10: 0 | I10: Table Selection Weight - Free Game (Weight/Total) | N10: FG_Symbol (3) | O10: 0 | P10: 0 | Q10: 0 | R10: 0 | S10: 0 | T10: 4370 | U10: 2700 | V10: 1400 | W10: 270 | X10: 270 | Y10: 360 | Z10: 270 | AA10: 360 | AB10: 20.4 | AC10: FG_Symbol (3) | AD10: 0 | AE10: 0 | AF10: 525 | AG10: 700 | AH10: 1750 | AI10: 2100 | AJ10: 3675 | AK10: 4200 | AL10: 4725
B11: 6 | C11: 2 | D11: 2 | E11: 1 | F11: 2 | G11: 2 | I11: Worksheet Name | J11: Weight | K11: RTP | N11: BF_Symbol | O11: 10000 | P11: 0 | Q11: 0 | R11: 0 | S11: 0 | T11: 0 | U11: 0 | V11: 0 | W11: 0 | X11: 0 | Y11: 0 | Z11: 0 | AA11: 0 | AB11: 0 | AC11: BF_Symbol | AD11: 0 | AE11: 0 | AF11: 0 | AG11: 0 | AH11: 0 | AI11: 0 | AJ11: 0 | AK11: 0 | AL11: 0
B12: 7 | C12: 1 | D12: 2 | E12: 2 | F12: 2 | G12: 1 | I12: FG_Symbol | J12: 10000 | L12: 1
B13: 8 | C13: 1 | D13: 0 | E13: 0 | F13: 0 | G13: 1 | I13: FG_Symbol (2) | J13: 0 | L13: 0
B14: 9 | C14: 0 | D14: 1 | E14: 1 | F14: 1 | G14: 0 | I14: FG_Symbol (3) | J14: 0 | L14: 0 | N14: Multiple Selection Weight - Reel3 Before Eliminate (Weight/Total)
B15: 10 | C15: 2 | D15: 1 | E15: 1 | F15: 1 | G15: 2 | J15: 10000 | K15: 0 | N15: Worksheet Name \ Multiple | O15: 0 | P15: 2 | Q15: 3 | R15: 5 | S15: 8 | T15: 10 | U15: 15 | V15: 20 | W15: 25 | X15: 35 | Y15: 50 | Z15: 80 | AA15: 100
B16: 11 | C16: 1 | D16: 1 | E16: 0 | F16: 1 | G16: 1 | N16: BG_Symbol | O16: 10000 | P16: 0 | Q16: 0 | R16: 0 | S16: 0 | T16: 0 | U16: 0 | V16: 0 | W16: 0 | X16: 0 | Y16: 0 | Z16: 0 | AA16: 0 | AB16: 0
B17: 12 | C17: 1 | D17: 1 | E17: 2 | F17: 1 | G17: 1 | I17: Table Selection Weight - Buy Feature (Weight/Total) | N17: BG_Symbol (2) | O17: 0 | P17: 4200 | Q17: 3400 | R17: 1200 | S17: 1200 | T17: 0 | U17: 0 | V17: 0 | W17: 0 | X17: 0 | Y17: 0 | Z17: 0 | AA17: 0 | AB17: 3.42
B18: 13 | C18: 1 | D18: 0 | E18: 1 | F18: 0 | G18: 1 | I18: Worksheet Name | J18: Weight | K18: RTP | N18: BG_Symbol (3) | O18: 10000 | P18: 0 | Q18: 0 | R18: 0 | S18: 0 | T18: 0 | U18: 0 | V18: 0 | W18: 0 | X18: 0 | Y18: 0 | Z18: 0 | AA18: 0 | AB18: 0
B19: 14 | C19: 1 | D19: 2 | E19: 1 | F19: 2 | G19: 1 | I19: FG_Symbol | J19: 10000 | L19: 1 | N19: FG_Symbol | O19: 0 | P19: 6300 | Q19: 2800 | R19: 600 | S19: 300 | T19: 0 | U19: 0 | V19: 0 | W19: 0 | X19: 0 | Y19: 0 | Z19: 0 | AA19: 0 | AB19: 2.64
B20: 15 | C20: 0 | D20: 1 | E20: 0 | F20: 1 | G20: 0 | I20: FG_Symbol (2) | J20: 0 | L20: 0 | N20: FG_Symbol (2) | O20: 0 | P20: 6300 | Q20: 2800 | R20: 600 | S20: 300 | T20: 0 | U20: 0 | V20: 0 | W20: 0 | X20: 0 | Y20: 0 | Z20: 0 | AA20: 0 | AB20: 2.64
B21: 16 | C21: 2 | D21: 1 | E21: 2 | F21: 1 | G21: 2 | I21: FG_Symbol (3) | J21: 0 | L21: 0 | N21: FG_Symbol (3) | O21: 0 | P21: 6300 | Q21: 2800 | R21: 600 | S21: 300 | T21: 0 | U21: 0 | V21: 0 | W21: 0 | X21: 0 | Y21: 0 | Z21: 0 | AA21: 0 | AB21: 2.64
B22: 17 | C22: 0 | D22: 0 | E22: 1 | F22: 2 | G22: 2 | J22: 10000 | K22: 0 | N22: BF_Symbol | O22: 10000 | P22: 0 | Q22: 0 | R22: 0 | S22: 0 | T22: 0 | U22: 0 | V22: 0 | W22: 0 | X22: 0 | Y22: 0 | Z22: 0 | AA22: 0 | AB22: 0
B23: 18 | C23: 2 | D23: 2 | E23: 1 | F23: 0 | G23: 0
B24: 19 | C24: 0 | D24: 2 | E24: 0 | F24: 2 | G24: 0 | I24: Multiplier Range
I25: Multiplier | N25: Multiple Selection Weight - Reel3 After Eliminate (Weight/Total)
I26: 0 | N26: Worksheet Name \ Multiple | O26: 0 | P26: 2 | Q26: 3 | R26: 5 | S26: 8 | T26: 10 | U26: 15 | V26: 20 | W26: 25 | X26: 35 | Y26: 50 | Z26: 80 | AA26: 100
I27: 2 | N27: BG_Symbol | O27: 10000 | P27: 0 | Q27: 0 | R27: 0 | S27: 0 | T27: 0 | U27: 0 | V27: 0 | W27: 0 | X27: 0 | Y27: 0 | Z27: 0 | AA27: 0 | AB27: 0
I28: 3 | N28: BG_Symbol (2) | O28: 0 | P28: 4800 | Q28: 4000 | R28: 600 | S28: 600 | T28: 0 | U28: 0 | V28: 0 | W28: 0 | X28: 0 | Y28: 0 | Z28: 0 | AA28: 0 | AB28: 2.94
I29: 5 | N29: BG_Symbol (3) | O29: 10000 | P29: 0 | Q29: 0 | R29: 0 | S29: 0 | T29: 0 | U29: 0 | V29: 0 | W29: 0 | X29: 0 | Y29: 0 | Z29: 0 | AA29: 0 | AB29: 0
I30: 8 | N30: FG_Symbol | O30: 0 | P30: 6550 | Q30: 3000 | R30: 300 | S30: 150 | T30: 0 | U30: 0 | V30: 0 | W30: 0 | X30: 0 | Y30: 0 | Z30: 0 | AA30: 0 | AB30: 2.48
I31: 10 | N31: FG_Symbol (2) | O31: 0 | P31: 6550 | Q31: 3000 | R31: 300 | S31: 150 | T31: 0 | U31: 0 | V31: 0 | W31: 0 | X31: 0 | Y31: 0 | Z31: 0 | AA31: 0 | AB31: 2.48
I32: 15 | N32: FG_Symbol (3) | O32: 0 | P32: 6550 | Q32: 3000 | R32: 300 | S32: 150 | T32: 0 | U32: 0 | V32: 0 | W32: 0 | X32: 0 | Y32: 0 | Z32: 0 | AA32: 0 | AB32: 2.48
I33: 20 | N33: BF_Symbol | O33: 10000 | P33: 0 | Q33: 0 | R33: 0 | S33: 0 | T33: 0 | U33: 0 | V33: 0 | W33: 0 | X33: 0 | Y33: 0 | Z33: 0 | AA33: 0 | AB33: 0
I34: 25
I35: 35
I36: 50 | N36: Multiple Selection Weight - Before Eliminate (Weight/Total)
I37: 80 | N37: Worksheet Name \ Multiple | O37: 0 | P37: 2 | Q37: 3 | R37: 5 | S37: 8 | T37: 10 | U37: 15 | V37: 20 | W37: 25 | X37: 35 | Y37: 50 | Z37: 80 | AA37: 100
I38: 100 | N38: BG_Symbol | O38: 8500 | P38: 500 | Q38: 400 | R38: 300 | S38: 300 | T38: 0 | U38: 0 | V38: 0 | W38: 0 | X38: 0 | Y38: 0 | Z38: 0 | AA38: 0 | AB38: 4.0666667
N39: BG_Symbol (2) | O39: 9100 | P39: 350 | Q39: 250 | R39: 150 | S39: 150 | T39: 0 | U39: 0 | V39: 0 | W39: 0 | X39: 0 | Y39: 0 | Z39: 0 | AA39: 0 | AB39: 3.7777778
N40: BG_Symbol (3) | O40: 9200 | P40: 400 | Q40: 300 | R40: 50 | S40: 50 | T40: 0 | U40: 0 | V40: 0 | W40: 0 | X40: 0 | Y40: 0 | Z40: 0 | AA40: 0 | AB40: 2.9375
I41: Eliminate Table Weight | N41: FG_Symbol | O41: 6710 | P41: 2100 | Q41: 860 | R41: 220 | S41: 110 | T41: 0 | U41: 0 | V41: 0 | W41: 0 | X41: 0 | Y41: 0 | Z41: 0 | AA41: 0 | AB41: 2.662614
J42: A | K42: B | N42: FG_Symbol (2) | O42: 6710 | P42: 2100 | Q42: 860 | R42: 220 | S42: 110 | T42: 0 | U42: 0 | V42: 0 | W42: 0 | X42: 0 | Y42: 0 | Z42: 0 | AA42: 0 | AB42: 2.662614
I43: Base Game | J43: 10 | K43: 0 | N43: FG_Symbol (3) | O43: 6710 | P43: 2100 | Q43: 860 | R43: 220 | S43: 110 | T43: 0 | U43: 0 | V43: 0 | W43: 0 | X43: 0 | Y43: 0 | Z43: 0 | AA43: 0 | AB43: 2.662614
I44: Free Game | J44: 10 | K44: 0 | N44: BF_Symbol | O44: 10000 | P44: 0 | Q44: 0 | R44: 0 | S44: 0 | T44: 0 | U44: 0 | V44: 0 | W44: 0 | X44: 0 | Y44: 0 | Z44: 0 | AA44: 0 | AB44: #DIV/0!
N47: Multiple Selection Weight - After Eliminate (Weight/Total)
N48: Worksheet Name \ Multiple | O48: 0 | P48: 2 | Q48: 3 | R48: 5 | S48: 8 | T48: 10 | U48: 15 | V48: 20 | W48: 25 | X48: 35 | Y48: 50 | Z48: 80 | AA48: 100
N49: BG_Symbol | O49: 8500 | P49: 600 | Q49: 500 | R49: 200 | S49: 200 | T49: 0 | U49: 0 | V49: 0 | W49: 0 | X49: 0 | Y49: 0 | Z49: 0 | AA49: 0 | AB49: 3.5333333
N50: BG_Symbol (2) | O50: 9100 | P50: 450 | Q50: 350 | R50: 50 | S50: 50 | T50: 0 | U50: 0 | V50: 0 | W50: 0 | X50: 0 | Y50: 0 | Z50: 0 | AA50: 0 | AB50: 2.8888889
N51: BG_Symbol (3) | O51: 8900 | P51: 550 | Q51: 450 | R51: 50 | S51: 50 | T51: 0 | U51: 0 | V51: 0 | W51: 0 | X51: 0 | Y51: 0 | Z51: 0 | AA51: 0 | AB51: 2.8181818
N52: FG_Symbol | O52: 6710 | P52: 2150 | Q52: 970 | R52: 110 | S52: 60 | T52: 0 | U52: 0 | V52: 0 | W52: 0 | X52: 0 | Y52: 0 | Z52: 0 | AA52: 0 | AB52: 2.5045593
N53: FG_Symbol (2) | O53: 6710 | P53: 2150 | Q53: 970 | R53: 110 | S53: 60 | T53: 0 | U53: 0 | V53: 0 | W53: 0 | X53: 0 | Y53: 0 | Z53: 0 | AA53: 0 | AB53: 2.5045593
N54: FG_Symbol (3) | O54: 6710 | P54: 2150 | Q54: 970 | R54: 110 | S54: 60 | T54: 0 | U54: 0 | V54: 0 | W54: 0 | X54: 0 | Y54: 0 | Z54: 0 | AA54: 0 | AB54: 2.5045593
N55: BF_Symbol | O55: 10000 | P55: 0 | Q55: 0 | R55: 0 | S55: 0 | T55: 0 | U55: 0 | V55: 0 | W55: 0 | X55: 0 | Y55: 0 | Z55: 0 | AA55: 0 | AB55: #DIV/0!

Sheet Multiplier_Weight
C2: Newbie | D2: Newbie | E2: Oldhand | F2: Oldhand | G2: Oldhand
B3: Range | C3: Weight_BG | D3: Weight_FG | E3: Weight_BG | F3: Weight_FG | G3: Weight_BF
B4: (-1, 0] | C4: {=IFERROR([1]Multiplier_Weight_Newbie!$L$15:$L$79, 0)} -> 0 | D4: {=IFERROR([1]Multiplier_Weight_Newbie!$L$87:$L$150, 0)} -> 0 | E4: {=_xlfn.ANCHORARRAY([1]Multiplier_Weight_Oldhand!L15)} -> 722907411 | F4: {=_xlfn.ANCHORARRAY([1]Multiplier_Weight_Oldhand!L87)} -> 0 | G4: {=_xlfn.ANCHORARRAY([1]Multiplier_Weight_Oldhand!L157)} -> 0
B5: (0, 1] | C5: 0 | D5: 0 | E5: 161351627 | F5: 0 | G5: 0
B6: (1, 2] | C6: 0 | D6: 0 | E6: 45754318 | F6: 0 | G6: 0
B7: (2, 3] | C7: 0 | D7: 0 | E7: 21756756 | F7: 0 | G7: 0
B8: (3, 4] | C8: 0 | D8: 0 | E8: 8506399 | F8: 0 | G8: 0
B9: (4, 5] | C9: 0 | D9: 0 | E9: 6669454 | F9: 0 | G9: 0
B10: (5, 6] | C10: 0 | D10: 0 | E10: 5453883 | F10: 0 | G10: 0
B11: (6, 7] | C11: 0 | D11: 0 | E11: 3331650 | F11: 0 | G11: 0
B12: (7, 8] | C12: 0 | D12: 0 | E12: 2815459 | F12: 0 | G12: 0
B13: (8, 9] | C13: 0 | D13: 0 | E13: 2544451 | F13: 0 | G13: 0
B14: (9, 10] | C14: 0 | D14: 0 | E14: 2271743 | F14: 0 | G14: 0
B15: (10, 15] | C15: 0 | D15: 0 | E15: 3023686 | F15: 131266259 | G15: 117561927
B16: (15, 20] | C16: 0 | D16: 0 | E16: 3964399 | F16: 131252488 | G16: 117549593
... B67: (100000, 9999999] | C67: 0 | D67: 0 | E67: 0 | F67: 0 | G67: 0
B68: Free Game | C68: 0 | E68: 4173600

Sheet OP Jackpot
B3: NB-Newbie-A
B4: BGC1Screen | E4: =SUM(D4:D5)/C4 -> #DIV/0!
B5: FGC1Screen
B7: NB-Newbie-B
B8: BGC1Screen | E8: =SUM(D8:D9)/C8 -> #DIV/0!
B9: FGC1Screen
B11: NB-Oldhand-A
B12: BGC1Screen | E12: =SUM(D12:D13)/C12 -> #DIV/0!
B13: FGC1Screen
B15: NB-Oldhand-B
B16: BGC1Screen | E16: =SUM(D16:D17)/C16 -> #DIV/0!
B17: FGC1Screen
B19: BF-A
B20: BGC1Screen | E20: =SUM(D20:D21)/C20 -> #DIV/0!
B21: FGC1Screen
B23: BF-B
B24: BGC1Screen | E24: =SUM(D24:D25)/C24 -> #DIV/0!
B25: FGC1Screen
B28: Threshold | C28: 10000000000
B30: NB-Newbie-A | C30: =ROUND(E4*$C$28, 0) -> #DIV/0!
B31: NB-Newbie-B | C31: =ROUND(E8*$C$28, 0) -> #DIV/0!
B32: NB-Oldhand-A | C32: =ROUND(E12*$C$28, 0) -> #DIV/0!
B33: NB-Oldhand-B | C33: =ROUND(E16*$C$28, 0) -> #DIV/0!
B34: BF-A | C34: =ROUND(E20*$C$28, 0) -> #DIV/0!
B35: BF-B | C35: =ROUND(E24*$C$28, 0) -> #DIV/0!

Sheet BG_Symbol
J2: Symbol | Q2: Symbol ID | W2: Symbol Weight | AC2: Eliminate Wheel Weight A | AJ2: Eliminate Wheel Weight A
A3: Symbol | B3: Description | C3: R1 | D3: R2 | E3: R3 | F3: R4 | G3: R5 | H3: ID | K3: R1 | L3: R2 | M3: R3 | N3: R4 | O3: R5 | Q3: R1 | R3: R2 | S3: R3 | T3: R4 | U3: R5 | W3: R1 | X3: R2 | Y3: R3 | Z3: R4 | AA3: R5
A4: {=Overview!A38:B57} -> WW | B4: Wild | C4: =COUNTIF(K:K, $A4) -> 0 | D4: =COUNTIF(L:L, $A4) -> 0 | E4: =COUNTIF(M:M, $A4) -> 0 | F4: =COUNTIF(N:N, $A4) -> 0 | G4: =COUNTIF(O:O, $A4) -> 0 | H4: {=Overview!F38:F57} -> 0 | J4: {=_xlfn.SEQUENCE(MAX(COUNTA(K:K), COUNTA(L:L), COUNTA(M:M), COUNTA(N:N), COUNTA(O:O))-1,,0)} -> 0 | K4: M5 | L4: M5 | M4: M5 | N4: GK | O4: M4 | Q4: {=_xlfn.LET(_xlpm.x, K4:O304, IF(_xlpm.x="", "", _xlfn.XLOOKUP(_xlpm.x, $A$4:$A$23,_xlfn.ANCHORARRAY( H4))))} -> 6 | R4: 6 | S4: 6 | T4: 17 | U4: 5 | W4: 1 | X4: 1 | Y4: 1 | Z4: 1 | AA4: 1 | AC4: 1 Combo | AJ4: 1 Combo
A5: C1 | B5: Scatter | C5: =COUNTIF(K:K, $A5) -> 0 | D5: =COUNTIF(L:L, $A5) -> 6 | E5: =COUNTIF(M:M, $A5) -> 0 | F5: =COUNTIF(N:N, $A5) -> 9 | G5: =COUNTIF(O:O, $A5) -> 0 | H5: 1 | J5: 1 | K5: K | L5: M1 | M5: K | N5: Q | O5: M2 | Q5: 8 | R5: 2 | S5: 8 | T5: 9 | U5: 3 | W5: 1 | X5: 1 | Y5: 1 | Z5: 1 | AA5: 1 | AC5: Symbol | AD5: R1 | AE5: R2 | AF5: R3 | AG5: R4 | AH5: R5 | AJ5: Symbol | AK5: R1 | AL5: R2 | AM5: R3 | AN5: R4 | AO5: R5
A6: M1 | B6: M1 | C6: =COUNTIF(K:K, $A6) -> 4 | D6: =COUNTIF(L:L, $A6) -> 11 | E6: =COUNTIF(M:M, $A6) -> 5 | F6: =COUNTIF(N:N, $A6) -> 21 | G6: =COUNTIF(O:O, $A6) -> 23 | H6: 2 | J6: 2 | K6: M4 | L6: G4 | M6: GK | N6: M3 | O6: M2 | Q6: 5 | R6: 14 | S6: 17 | T6: 4 | U6: 3 | W6: 1 | X6: 1 | Y6: 1 | Z6: 1 | AA6: 1 | AC6: {=$A$4:$A$23} -> WW | AD6: 0 | AE6: 0 | AF6: 0 | AG6: 0 | AH6: 0 | AJ6: {=$A$4:$A$23} -> WW | AK6: 0 | AL6: 0 | AM6: 0 | AN6: 0 | AO6: 0
A7: M2 | B7: M2 | C7: =COUNTIF(K:K, $A7) -> 4 | D7: =COUNTIF(L:L, $A7) -> 11 | E7: =COUNTIF(M:M, $A7) -> 5 | F7: =COUNTIF(N:N, $A7) -> 21 | G7: =COUNTIF(O:O, $A7) -> 23 | H7: 3 | J7: 3 | K7: A | L7: A | M7: M4 | N7: M3 | O7: J | Q7: 7 | R7: 7 | S7: 5 | T7: 4 | U7: 10 | W7: 1 | X7: 1 | Y7: 1 | Z7: 1 | AA7: 1 | AC7: C1 | AD7: 0 | AE7: 6 | AF7: 0 | AG7: 9 | AH7: 0 | AJ7: C1 | AK7: 0 | AL7: 6 | AM7: 0 | AN7: 9 | AO7: 0
A8: M3 | B8: M3 | C8: =COUNTIF(K:K, $A8) -> 4 | D8: =COUNTIF(L:L, $A8) -> 11 | E8: =COUNTIF(M:M, $A8) -> 5 | F8: =COUNTIF(N:N, $A8) -> 21 | G8: =COUNTIF(O:O, $A8) -> 22 | H8: 4 | J8: 4 | K8: K | L8: M5 | M8: M2 | N8: GK | O8: K | Q8: 8 | R8: 6 | S8: 3 | T8: 17 | U8: 8 | W8: 1 | X8: 1 | Y8: 1 | Z8: 1 | AA8: 1 | AC8: M1 | AD8: 4 | AE8: 11 | AF8: 5 | AG8: 21 | AH8: 23 | AJ8: M1 | AK8: 4 | AL8: 11 | AM8: 5 | AN8: 21 | AO8: 23
A9: M4 | B9: M4 | C9: =COUNTIF(K:K, $A9) -> 43 | D9: =COUNTIF(L:L, $A9) -> 20 | E9: =COUNTIF(M:M, $A9) -> 41 | F9: =COUNTIF(N:N, $A9) -> 14 | G9: =COUNTIF(O:O, $A9) -> 22 | H9: 5 | J9: 5 | K9: A | L9: G2 | M9: A | N9: GQ | O9: J | Q9: 7 | R9: 12 | S9: 7 | T9: 18 | U9: 10 | W9: 1 | X9: 1 | Y9: 1 | Z9: 1 | AA9: 1 | AC9: M2 | AD9: 4 | AE9: 11 | AF9: 5 | AG9: 21 | AH9: 23 | AJ9: M2 | AK9: 4 | AL9: 11 | AM9: 5 | AN9: 21 | AO9: 23
A10: M5 | B10: M5 | C10: =COUNTIF(K:K, $A10) -> 43 | D10: =COUNTIF(L:L, $A10) -> 21 | E10: =COUNTIF(M:M, $A10) -> 41 | F10: =COUNTIF(N:N, $A10) -> 14 | G10: =COUNTIF(O:O, $A10) -> 22 | H10: 6 | J10: 6 | K10: K | L10: A | M10: G5 | N10: M5 | O10: A | Q10: 8 | R10: 7 | S10: 15 | T10: 6 | U10: 7 | W10: 1 | X10: 1 | Y10: 1 | Z10: 1 | AA10: 1 | AC10: M3 | AD10: 4 | AE10: 11 | AF10: 5 | AG10: 21 | AH10: 22 | AJ10: M3 | AK10: 4 | AL10: 11 | AM10: 5 | AN10: 21 | AO10: 22
A11: A | B11: A | C11: =COUNTIF(K:K, $A11) -> 47 | D11: =COUNTIF(L:L, $A11) -> 21 | E11: =COUNTIF(M:M, $A11) -> 41 | F11: =COUNTIF(N:N, $A11) -> 14 | G11: =COUNTIF(O:O, $A11) -> 22 | H11: 7 | J11: 7 | K11: K | L11: A | M11: Q | N11: M1 | O11: A | Q11: 8 | R11: 7 | S11: 9 | T11: 2 | U11: 7 | W11: 1 | X11: 1 | Y11: 1 | Z11: 1 | AA11: 1 | AC11: M4 | AD11: 43 | AE11: 20 | AF11: 41 | AG11: 14 | AH11: 22 | AJ11: M4 | AK11: 43 | AL11: 20 | AM11: 41 | AN11: 14 | AO11: 22
A12: K | B12: K | C12: =COUNTIF(K:K, $A12) -> 47 | D12: =COUNTIF(L:L, $A12) -> 21 | E12: =COUNTIF(M:M, $A12) -> 41 | F12: =COUNTIF(N:N, $A12) -> 14 | G12: =COUNTIF(O:O, $A12) -> 22 | H12: 8 | J12: 8 | K12: A | L12: A | M12: K | N12: G2 | O12: M4 | Q12: 7 | R12: 7 | S12: 8 | T12: 12 | U12: 5 | W12: 1 | X12: 1 | Y12: 1 | Z12: 1 | AA12: 1 | AC12: M5 | AD12: 43 | AE12: 21 | AF12: 41 | AG12: 14 | AH12: 22 | AJ12: M5 | AK12: 43 | AL12: 21 | AM12: 41 | AN12: 14 | AO12: 22
A13: Q | B13: Q | C13: =COUNTIF(K:K, $A13) -> 4 | D13: =COUNTIF(L:L, $A13) -> 11 | E13: =COUNTIF(M:M, $A13) -> 5 | F13: =COUNTIF(N:N, $A13) -> 20 | G13: =COUNTIF(O:O, $A13) -> 22 | H13: 9 | J13: 9 | K13: M5 | L13: M4 | M13: K | N13: A | O13: Q | Q13: 6 | R13: 5 | S13: 8 | T13: 7 | U13: 9 | W13: 1 | X13: 1 | Y13: 1 | Z13: 1 | AA13: 1 | AC13: A | AD13: 47 | AE13: 21 | AF13: 41 | AG13: 14 | AH13: 22 | AJ13: A | AK13: 47 | AL13: 21 | AM13: 41 | AN13: 14 | AO13: 22
A14: J | B14: J | C14: =COUNTIF(K:K, $A14) -> 4 | D14: =COUNTIF(L:L, $A14) -> 11 | E14: =COUNTIF(M:M, $A14) -> 4 | F14: =COUNTIF(N:N, $A14) -> 20 | G14: =COUNTIF(O:O, $A14) -> 22 | H14: 10 | J14: 10 | K14: A | L14: J | M14: M5 | N14: G5 | O14: K | Q14: 7 | R14: 10 | S14: 6 | T14: 15 | U14: 8 | W14: 1 | X14: 1 | Y14: 1 | Z14: 1 | AA14: 1 | AC14: K | AD14: 47 | AE14: 21 | AF14: 41 | AG14: 14 | AH14: 22 | AJ14: K | AK14: 47 | AL14: 21 | AM14: 41 | AN14: 14 | AO14: 22
A15: G1 | B15: Gold M1 | C15: =COUNTIF(K:K, $A15) -> 0 | D15: =COUNTIF(L:L, $A15) -> 4 | E15: =COUNTIF(M:M, $A15) -> 0 | F15: =COUNTIF(N:N, $A15) -> 4 | G15: =COUNTIF(O:O, $A15) -> 0 | H15: 11 | J15: 11 | K15: M5 | L15: A | M15: A | N15: K | O15: M1 | Q15: 6 | R15: 7 | S15: 7 | T15: 8 | U15: 2 | W15: 1 | X15: 1 | Y15: 1 | Z15: 1 | AA15: 1 | AC15: Q | AD15: 4 | AE15: 11 | AF15: 5 | AG15: 20 | AH15: 22 | AJ15: Q | AK15: 4 | AL15: 11 | AM15: 5 | AN15: 20 | AO15: 22
A16: G2 | B16: Gold M2 | C16: =COUNTIF(K:K, $A16) -> 0 | D16: =COUNTIF(L:L, $A16) -> 5 | E16: =COUNTIF(M:M, $A16) -> 0 | F16: =COUNTIF(N:N, $A16) -> 4 | G16: =COUNTIF(O:O, $A16) -> 0 | H16: 12 | J16: 12 | K16: A | L16: G1 | M16: A | N16: K | O16: M2 | Q16: 7 | R16: 11 | S16: 7 | T16: 8 | U16: 3 | W16: 1 | X16: 1 | Y16: 1 | Z16: 1 | AA16: 1 | AC16: J | AD16: 4 | AE16: 11 | AF16: 4 | AG16: 20 | AH16: 22 | AJ16: J | AK16: 4 | AL16: 11 | AM16: 4 | AN16: 20 | AO16: 22
A17: G3 | B17: Gold M3 | C17: =COUNTIF(K:K, $A17) -> 0 | D17: =COUNTIF(L:L, $A17) -> 5 | E17: =COUNTIF(M:M, $A17) -> 0 | F17: =COUNTIF(N:N, $A17) -> 4 | G17: =COUNTIF(O:O, $A17) -> 0 | H17: 13 | J17: 13 | K17: K | L17: M1 | M17: A | N17: M3 | O17: Q | Q17: 8 | R17: 2 | S17: 7 | T17: 4 | U17: 9 | W17: 1 | X17: 1 | Y17: 1 | Z17: 1 | AA17: 1 | AC17: G1 | AD17: 0 | AE17: 4 | AF17: 0 | AG17: 4 | AH17: 0 | AJ17: G1 | AK17: 0 | AL17: 4 | AM17: 0 | AN17: 4 | AO17: 0
A18: G4 | B18: Gold M4 | C18: =COUNTIF(K:K, $A18) -> 0 | D18: =COUNTIF(L:L, $A18) -> 8 | E18: =COUNTIF(M:M, $A18) -> 3 | F18: =COUNTIF(N:N, $A18) -> 3 | G18: =COUNTIF(O:O, $A18) -> 0 | H18: 14 | J18: 14 | K18: M5 | L18: A | M18: G4 | N18: K | O18: Q | Q18: 6 | R18: 7 | S18: 14 | T18: 8 | U18: 9 | W18: 1 | X18: 1 | Y18: 1 | Z18: 1 | AA18: 1 | AC18: G2 | AD18: 0 | AE18: 5 | AF18: 0 | AG18: 4 | AH18: 0 | AJ18: G2 | AK18: 0 | AL18: 5 | AM18: 0 | AN18: 4 | AO18: 0
... A23: GJ | B23: Gold J | C23: =COUNTIF(K:K, $A23) -> 0 | D23: =COUNTIF(L:L, $A23) -> 5 | E23: =COUNTIF(M:M, $A23) -> 0 | F23: =COUNTIF(N:N, $A23) -> 4 | G23: =COUNTIF(O:O, $A23) -> 0 | H23: 19 | J23: 19 | K23: M4 | L23: M5 | M23: GA | N23: G4 | O23: M1 | Q23: 5 | R23: 6 | S23: 16 | T23: 14 | U23: 2 | W23: 1 | X23: 1 | Y23: 1 | Z23: 1 | AA23: 1 | AC23: GK | AD23: 0 | AE23: 8 | AF23: 3 | AG23: 3 | AH23: 0 | AJ23: GK | AK23: 0 | AL23: 8 | AM23: 3 | AN23: 3 | AO23: 0
C24: =SUM(C4:C23) -> 200 | D24: =SUM(D4:D23) -> 200 | E24: =SUM(E4:E23) -> 200 | F24: =SUM(F4:F23) -> 200 | G24: =SUM(G4:G23) -> 200 | J24: 20 | K24: A | L24: K | M24: A | N24: M4 | O24: Q | Q24: 7 | R24: 8 | S24: 7 | T24: 5 | U24: 9 | W24: 1 | X24: 1 | Y24: 1 | Z24: 1 | AA24: 1 | AC24: GQ | AD24: 0 | AE24: 5 | AF24: 0 | AG24: 4 | AH24: 0 | AJ24: GQ | AK24: 0 | AL24: 5 | AM24: 0 | AN24: 4 | AO24: 0
J25: 21 | K25: M4 | L25: A | M25: Q | N25: M4 | O25: J | Q25: 5 | R25: 7 | S25: 9 | T25: 5 | U25: 10 | W25: 1 | X25: 1 | Y25: 1 | Z25: 1 | AA25: 1 | AC25: GJ | AD25: 0 | AE25: 5 | AF25: 0 | AG25: 4 | AH25: 0 | AJ25: GJ | AK25: 0 | AL25: 5 | AM25: 0 | AN25: 4 | AO25: 0
B26: Normal Symbol | C26: =SUM(C4:C14)/C24 -> 1 | D26: =SUM(D4:D14)/D24 -> 0.72 | E26: =SUM(E4:E14)/E24 -> 0.94 | F26: =SUM(F4:F14)/F24 -> 0.84 | G26: =SUM(G4:G14)/G24 -> 1 | J26: 22 | K26: Q | L26: Q | M26: M4 | N26: Q | O26: K | Q26: 9 | R26: 9 | S26: 5 | T26: 9 | U26: 8 | W26: 1 | X26: 1 | Y26: 1 | Z26: 1 | AA26: 1 | AD26: =SUM(AD6:AD25) -> 200 | AE26: =SUM(AE6:AE25) -> 200 | AF26: =SUM(AF6:AF25) -> 200 | AG26: =SUM(AG6:AG25) -> 200 | AH26: =SUM(AH6:AH25) -> 200 | AK26: =SUM(AK6:AK25) -> 200 | AL26: =SUM(AL6:AL25) -> 200 | AM26: =SUM(AM6:AM25) -> 200 | AN26: =SUM(AN6:AN25) -> 200 | AO26: =SUM(AO6:AO25) -> 200
B27: Golden Symbol | C27: =SUM(C15:C23)/C24 -> 0 | D27: =SUM(D15:D23)/D24 -> 0.28 | E27: =SUM(E15:E23)/E24 -> 0.06 | F27: =SUM(F15:F23)/F24 -> 0.16 | G27: =SUM(G15:G23)/G24 -> 0 | J27: 23 | K27: M4 | L27: M5 | M27: K | N27: M1 | O27: M2 | Q27: 5 | R27: 6 | S27: 8 | T27: 2 | U27: 3 | W27: 1 | X27: 1 | Y27: 1 | Z27: 1 | AA27: 1
J28: 24 | K28: K | L28: K | M28: M4 | N28: Q | O28: M1 | Q28: 8 | R28: 8 | S28: 5 | T28: 9 | U28: 2 | W28: 1 | X28: 1 | Y28: 1 | Z28: 1 | AA28: 1 | AC28: 2 Combo | AJ28: 2 Combo
J29: 25 | K29: M4 | L29: GJ | M29: A | N29: Q | O29: A | Q29: 5 | R29: 19 | S29: 7 | T29: 9 | U29: 7 | W29: 1 | X29: 1 | Y29: 1 | Z29: 1 | AA29: 1 | AC29: Symbol | AD29: R1 | AE29: R2 | AF29: R3 | AG29: R4 | AH29: R5 | AJ29: Symbol | AK29: R1 | AL29: R2 | AM29: R3 | AN29: R4 | AO29: R5
J30: 26 | K30: M2 | L30: G5 | M30: M4 | N30: Q | O30: M4 | Q30: 3 | R30: 15 | S30: 5 | T30: 9 | U30: 5 | W30: 1 | X30: 1 | Y30: 1 | Z30: 1 | AA30: 1 | AC30: {=$A$4:$A$23} -> WW | AD30: 0 | AE30: 0 | AF30: 0 | AG30: 0 | AH30: 0 | AJ30: {=$A$4:$A$23} -> WW | AK30: 0 | AL30: 0 | AM30: 0 | AN30: 0 | AO30: 0
J31: 27 | K31: M4 | L31: A | M31: K | N31: J | O31: M1 | Q31: 5 | R31: 7 | S31: 8 | T31: 10 | U31: 2 | W31: 1 | X31: 1 | Y31: 1 | Z31: 1 | AA31: 1 | AC31: C1 | AD31: 0 | AE31: 6 | AF31: 0 | AG31: 9 | AH31: 0 | AJ31: C1 | AK31: 0 | AL31: 6 | AM31: 0 | AN31: 9 | AO31: 0
J32: 28 | K32: A | L32: J | M32: M4 | N32: G4 | O32: M5 | Q32: 7 | R32: 10 | S32: 5 | T32: 14 | U32: 6 | W32: 1 | X32: 1 | Y32: 1 | Z32: 1 | AA32: 1 | AC32: M1 | AD32: 4 | AE32: 11 | AF32: 5 | AG32: 21 | AH32: 23 | AJ32: M1 | AK32: 4 | AL32: 11 | AM32: 5 | AN32: 21 | AO32: 23
J33: 29 | K33: M4 | L33: M5 | M33: K | N33: K | O33: M2 | Q33: 5 | R33: 6 | S33: 8 | T33: 8 | U33: 3 | W33: 1 | X33: 1 | Y33: 1 | Z33: 1 | AA33: 1 | AC33: M2 | AD33: 4 | AE33: 11 | AF33: 5 | AG33: 21 | AH33: 23 | AJ33: M2 | AK33: 4 | AL33: 11 | AM33: 5 | AN33: 21 | AO33: 23
J34: 30 | K34: M5 | L34: GQ | M34: A | N34: M1 | O34: Q | Q34: 6 | R34: 18 | S34: 7 | T34: 2 | U34: 9 | W34: 1 | X34: 1 | Y34: 1 | Z34: 1 | AA34: 1 | AC34: M3 | AD34: 4 | AE34: 11 | AF34: 5 | AG34: 21 | AH34: 22 | AJ34: M3 | AK34: 4 | AL34: 11 | AM34: 5 | AN34: 21 | AO34: 22
J35: 31 | K35: M4 | L35: A | M35: K | N35: M2 | O35: J | Q35: 5 | R35: 7 | S35: 8 | T35: 3 | U35: 10 | W35: 1 | X35: 1 | Y35: 1 | Z35: 1 | AA35: 1 | AC35: M4 | AD35: 43 | AE35: 20 | AF35: 41 | AG35: 14 | AH35: 22 | AJ35: M4 | AK35: 43 | AL35: 20 | AM35: 41 | AN35: 14 | AO35: 22
J36: 32 | K36: A | L36: M1 | M36: K | N36: M2 | O36: M4 | Q36: 7 | R36: 2 | S36: 8 | T36: 3 | U36: 5 | W36: 1 | X36: 1 | Y36: 1 | Z36: 1 | AA36: 1 | AC36: M5 | AD36: 43 | AE36: 21 | AF36: 41 | AG36: 14 | AH36: 22 | AJ36: M5 | AK36: 43 | AL36: 21 | AM36: 41 | AN36: 14 | AO36: 22
J37: 33 | K37: M5 | L37: A | M37: K | N37: M2 | O37: M5 | Q37: 6 | R37: 7 | S37: 8 | T37: 3 | U37: 6 | W37: 1 | X37: 1 | Y37: 1 | Z37: 1 | AA37: 1 | AC37: A | AD37: 47 | AE37: 21 | AF37: 41 | AG37: 14 | AH37: 22 | AJ37: A | AK37: 47 | AL37: 21 | AM37: 41 | AN37: 14 | AO37: 22
J38: 34 | K38: K | L38: M5 | M38: A | N38: Q | O38: M3 | Q38: 8 | R38: 6 | S38: 7 | T38: 9 | U38: 4 | W38: 1 | X38: 1 | Y38: 1 | Z38: 1 | AA38: 1 | AC38: K | AD38: 47 | AE38: 21 | AF38: 41 | AG38: 14 | AH38: 22 | AJ38: K | AK38: 47 | AL38: 21 | AM38: 41 | AN38: 14 | AO38: 22
J39: 35 | K39: A | L39: Q | M39: A | N39: M4 | O39: M3 | Q39: 7 | R39: 9 | S39: 7 | T39: 5 | U39: 4 | W39: 1 | X39: 1 | Y39: 1 | Z39: 1 | AA39: 1 | AC39: Q | AD39: 4 | AE39: 11 | AF39: 5 | AG39: 20 | AH39: 22 | AJ39: Q | AK39: 4 | AL39: 11 | AM39: 5 | AN39: 20 | AO39: 22
J40: 36 | K40: M5 | L40: J | M40: M5 | N40: M4 | O40: J | Q40: 6 | R40: 10 | S40: 6 | T40: 5 | U40: 10 | W40: 1 | X40: 1 | Y40: 1 | Z40: 1 | AA40: 1 | AC40: J | AD40: 4 | AE40: 11 | AF40: 4 | AG40: 20 | AH40: 22 | AJ40: J | AK40: 4 | AL40: 11 | AM40: 4 | AN40: 20 | AO40: 22
J41: 37 | K41: M5 | L41: J | M41: K | N41: M3 | O41: J | Q41: 6 | R41: 10 | S41: 8 | T41: 4 | U41: 10 | W41: 1 | X41: 1 | Y41: 1 | Z41: 1 | AA41: 1 | AC41: G1 | AD41: 0 | AE41: 4 | AF41: 0 | AG41: 4 | AH41: 0 | AJ41: G1 | AK41: 0 | AL41: 4 | AM41: 0 | AN41: 4 | AO41: 0
J42: 38 | K42: M5 | L42: M5 | M42: K | N42: GJ | O42: M3 | Q42: 6 | R42: 6 | S42: 8 | T42: 19 | U42: 4 | W42: 1 | X42: 1 | Y42: 1 | Z42: 1 | AA42: 1 | AC42: G2 | AD42: 0 | AE42: 5 | AF42: 0 | AG42: 4 | AH42: 0 | AJ42: G2 | AK42: 0 | AL42: 5 | AM42: 0 | AN42: 4 | AO42: 0
... J49: 45 | K49: A | L49: K | M49: M1 | N49: G1 | O49: A | Q49: 7 | R49: 8 | S49: 2 | T49: 11 | U49: 7 | W49: 1 | X49: 1 | Y49: 1 | Z49: 1 | AA49: 1 | AC49: GJ | AD49: 0 | AE49: 5 | AF49: 0 | AG49: 4 | AH49: 0 | AJ49: GJ | AK49: 0 | AL49: 5 | AM49: 0 | AN49: 4 | AO49: 0
J50: 46 | K50: K | L50: M2 | M50: M5 | N50: M3 | O50: M4 | Q50: 8 | R50: 3 | S50: 6 | T50: 4 | U50: 5 | W50: 1 | X50: 1 | Y50: 1 | Z50: 1 | AA50: 1 | AD50: =SUM(AD30:AD49) -> 200 | AE50: =SUM(AE30:AE49) -> 200 | AF50: =SUM(AF30:AF49) -> 200 | AG50: =SUM(AG30:AG49) -> 200 | AH50: =SUM(AH30:AH49) -> 200 | AK50: =SUM(AK30:AK49) -> 200 | AL50: =SUM(AL30:AL49) -> 200 | AM50: =SUM(AM30:AM49) -> 200 | AN50: =SUM(AN30:AN49) -> 200 | AO50: =SUM(AO30:AO49) -> 200
J51: 47 | K51: K | L51: A | M51: M5 | N51: G2 | O51: K | Q51: 8 | R51: 7 | S51: 6 | T51: 12 | U51: 8 | W51: 1 | X51: 1 | Y51: 1 | Z51: 1 | AA51: 1
J52: 48 | K52: M5 | L52: M4 | M52: G4 | N52: M3 | O52: Q | Q52: 6 | R52: 5 | S52: 14 | T52: 4 | U52: 9 | W52: 1 | X52: 1 | Y52: 1 | Z52: 1 | AA52: 1 | AC52: 3+ Combo | AJ52: 3+ Combo
J53: 49 | K53: A | L53: K | M53: M4 | N53: Q | O53: K | Q53: 7 | R53: 8 | S53: 5 | T53: 9 | U53: 8 | W53: 1 | X53: 1 | Y53: 1 | Z53: 1 | AA53: 1 | AC53: Symbol | AD53: R1 | AE53: R2 | AF53: R3 | AG53: R4 | AH53: R5 | AJ53: Symbol | AK53: R1 | AL53: R2 | AM53: R3 | AN53: R4 | AO53: R5
J54: 50 | K54: K | L54: G4 | M54: M3 | N54: Q | O54: J | Q54: 8 | R54: 14 | S54: 4 | T54: 9 | U54: 10 | W54: 1 | X54: 1 | Y54: 1 | Z54: 1 | AA54: 1 | AC54: {=$A$4:$A$23} -> WW | AD54: 0 | AE54: 0 | AF54: 0 | AG54: 0 | AH54: 0 | AJ54: {=$A$4:$A$23} -> WW | AK54: 0 | AL54: 0 | AM54: 0 | AN54: 0 | AO54: 0
J55: 51 | K55: M5 | L55: GK | M55: A | N55: G3 | O55: M5 | Q55: 6 | R55: 17 | S55: 7 | T55: 13 | U55: 6 | W55: 1 | X55: 1 | Y55: 1 | Z55: 1 | AA55: 1 | AC55: C1 | AD55: 0 | AE55: 6 | AF55: 0 | AG55: 9 | AH55: 0 | AJ55: C1 | AK55: 0 | AL55: 6 | AM55: 0 | AN55: 9 | AO55: 0
J56: 52 | K56: A | L56: A | M56: J | N56: M2 | O56: A | Q56: 7 | R56: 7 | S56: 10 | T56: 3 | U56: 7 | W56: 1 | X56: 1 | Y56: 1 | Z56: 1 | AA56: 1 | AC56: M1 | AD56: 4 | AE56: 11 | AF56: 5 | AG56: 21 | AH56: 23 | AJ56: M1 | AK56: 4 | AL56: 11 | AM56: 5 | AN56: 21 | AO56: 23
J57: 53 | K57: M4 | L57: G2 | M57: A | N57: G2 | O57: A | Q57: 5 | R57: 12 | S57: 7 | T57: 12 | U57: 7 | W57: 1 | X57: 1 | Y57: 1 | Z57: 1 | AA57: 1 | AC57: M2 | AD57: 4 | AE57: 11 | AF57: 5 | AG57: 21 | AH57: 23 | AJ57: M2 | AK57: 4 | AL57: 11 | AM57: 5 | AN57: 21 | AO57: 23
J58: 54 | K58: M4 | L58: GJ | M58: M5 | N58: K | O58: M2 | Q58: 5 | R58: 19 | S58: 6 | T58: 8 | U58: 3 | W58: 1 | X58: 1 | Y58: 1 | Z58: 1 | AA58: 1 | AC58: M3 | AD58: 4 | AE58: 11 | AF58: 5 | AG58: 21 | AH58: 22 | AJ58: M3 | AK58: 4 | AL58: 11 | AM58: 5 | AN58: 21 | AO58: 22
J59: 55 | K59: M4 | L59: M5 | M59: GA | N59: J | O59: Q | Q59: 5 | R59: 6 | S59: 16 | T59: 10 | U59: 9 | W59: 1 | X59: 1 | Y59: 1 | Z59: 1 | AA59: 1 | AC59: M4 | AD59: 43 | AE59: 20 | AF59: 41 | AG59: 14 | AH59: 22 | AJ59: M4 | AK59: 43 | AL59: 20 | AM59: 41 | AN59: 14 | AO59: 22
J60: 56 | K60: M2 | L60: M1 | M60: K | N60: M2 | O60: M2 | Q60: 3 | R60: 2 | S60: 8 | T60: 3 | U60: 3 | W60: 1 | X60: 1 | Y60: 1 | Z60: 1 | AA60: 1 | AC60: M5 | AD60: 43 | AE60: 21 | AF60: 41 | AG60: 14 | AH60: 22 | AJ60: M5 | AK60: 43 | AL60: 21 | AM60: 41 | AN60: 14 | AO60: 22
J61: 57 | K61: M1 | L61: Q | M61: M1 | N61: M1 | O61: J | Q61: 2 | R61: 9 | S61: 2 | T61: 2 | U61: 10 | W61: 1 | X61: 1 | Y61: 1 | Z61: 1 | AA61: 1 | AC61: A | AD61: 47 | AE61: 21 | AF61: 41 | AG61: 14 | AH61: 22 | AJ61: A | AK61: 47 | AL61: 21 | AM61: 41 | AN61: 14 | AO61: 22
J62: 58 | K62: M5 | L62: Q | M62: M4 | N62: M1 | O62: M4 | Q62: 6 | R62: 9 | S62: 5 | T62: 2 | U62: 5 | W62: 1 | X62: 1 | Y62: 1 | Z62: 1 | AA62: 1 | AC62: K | AD62: 47 | AE62: 21 | AF62: 41 | AG62: 14 | AH62: 22 | AJ62: K | AK62: 47 | AL62: 21 | AM62: 41 | AN62: 14 | AO62: 22
J63: 59 | K63: K | L63: G5 | M63: M4 | N63: K | O63: M4 | Q63: 8 | R63: 15 | S63: 5 | T63: 8 | U63: 5 | W63: 1 | X63: 1 | Y63: 1 | Z63: 1 | AA63: 1 | AC63: Q | AD63: 4 | AE63: 11 | AF63: 5 | AG63: 20 | AH63: 22 | AJ63: Q | AK63: 4 | AL63: 11 | AM63: 5 | AN63: 20 | AO63: 22
J64: 60 | K64: M4 | L64: M4 | M64: M4 | N64: K | O64: K | Q64: 5 | R64: 5 | S64: 5 | T64: 8 | U64: 8 | W64: 1 | X64: 1 | Y64: 1 | Z64: 1 | AA64: 1 | AC64: J | AD64: 4 | AE64: 11 | AF64: 4 | AG64: 20 | AH64: 22 | AJ64: J | AK64: 4 | AL64: 11 | AM64: 4 | AN64: 20 | AO64: 22
J65: 61 | K65: M4 | L65: A | M65: A | N65: M2 | O65: M2 | Q65: 5 | R65: 7 | S65: 7 | T65: 3 | U65: 3 | W65: 1 | X65: 1 | Y65: 1 | Z65: 1 | AA65: 1 | AC65: G1 | AD65: 0 | AE65: 4 | AF65: 0 | AG65: 4 | AH65: 0 | AJ65: G1 | AK65: 0 | AL65: 4 | AM65: 0 | AN65: 4 | AO65: 0
J66: 62 | K66: M1 | L66: M2 | M66: M2 | N66: J | O66: M5 | Q66: 2 | R66: 3 | S66: 3 | T66: 10 | U66: 6 | W66: 1 | X66: 1 | Y66: 1 | Z66: 1 | AA66: 1 | AC66: G2 | AD66: 0 | AE66: 5 | AF66: 0 | AG66: 4 | AH66: 0 | AJ66: G2 | AK66: 0 | AL66: 5 | AM66: 0 | AN66: 4 | AO66: 0
... J73: 69 | K73: J | L73: C1 | M73: K | N73: GJ | O73: M1 | Q73: 10 | R73: 1 | S73: 8 | T73: 19 | U73: 2 | W73: 1 | X73: 1 | Y73: 1 | Z73: 1 | AA73: 1 | AC73: GJ | AD73: 0 | AE73: 5 | AF73: 0 | AG73: 4 | AH73: 0 | AJ73: GJ | AK73: 0 | AL73: 5 | AM73: 0 | AN73: 4 | AO73: 0
J74: 70 | K74: A | L74: J | M74: M4 | N74: M1 | O74: M4 | Q74: 7 | R74: 10 | S74: 5 | T74: 2 | U74: 5 | W74: 1 | X74: 1 | Y74: 1 | Z74: 1 | AA74: 1 | AD74: =SUM(AD54:AD73) -> 200 | AE74: =SUM(AE54:AE73) -> 200 | AF74: =SUM(AF54:AF73) -> 200 | AG74: =SUM(AG54:AG73) -> 200 | AH74: =SUM(AH54:AH73) -> 200 | AK74: =SUM(AK54:AK73) -> 200 | AL74: =SUM(AL54:AL73) -> 200 | AM74: =SUM(AM54:AM73) -> 200 | AN74: =SUM(AN54:AN73) -> 200 | AO74: =SUM(AO54:AO73) -> 200
J75: 71 | K75: M5 | L75: K | M75: M3 | N75: G2 | O75: A | Q75: 6 | R75: 8 | S75: 4 | T75: 12 | U75: 7 | W75: 1 | X75: 1 | Y75: 1 | Z75: 1 | AA75: 1
J76: 72 | K76: K | L76: K | M76: M4 | N76: M1 | O76: K | Q76: 8 | R76: 8 | S76: 5 | T76: 2 | U76: 8 | W76: 1 | X76: 1 | Y76: 1 | Z76: 1 | AA76: 1
J77: 73 | K77: M5 | L77: M4 | M77: A | N77: M4 | O77: A | Q77: 6 | R77: 5 | S77: 7 | T77: 5 | U77: 7 | W77: 1 | X77: 1 | Y77: 1 | Z77: 1 | AA77: 1
J78: 74 | K78: K | L78: M4 | M78: M4 | N78: C1 | O78: A | Q78: 8 | R78: 5 | S78: 5 | T78: 1 | U78: 7 | W78: 1 | X78: 1 | Y78: 1 | Z78: 1 | AA78: 1
J79: 75 | K79: M5 | L79: J | M79: M5 | N79: Q | O79: M3 | Q79: 6 | R79: 10 | S79: 6 | T79: 9 | U79: 4 | W79: 1 | X79: 1 | Y79: 1 | Z79: 1 | AA79: 1
J80: 76 | K80: K | L80: M3 | M80: Q | N80: Q | O80: M5 | Q80: 8 | R80: 4 | S80: 9 | T80: 9 | U80: 6 | W80: 1 | X80: 1 | Y80: 1 | Z80: 1 | AA80: 1
J81: 77 | K81: M5 | L81: A | M81: M5 | N81: J | O81: Q | Q81: 6 | R81: 7 | S81: 6 | T81: 10 | U81: 9 | W81: 1 | X81: 1 | Y81: 1 | Z81: 1 | AA81: 1
J82: 78 | K82: M5 | L82: Q | M82: K | N82: M2 | O82: K | Q82: 6 | R82: 9 | S82: 8 | T82: 3 | U82: 8 | W82: 1 | X82: 1 | Y82: 1 | Z82: 1 | AA82: 1
J83: 79 | K83: M5 | L83: M4 | M83: M5 | N83: A | O83: K | Q83: 6 | R83: 5 | S83: 6 | T83: 7 | U83: 8 | W83: 1 | X83: 1 | Y83: 1 | Z83: 1 | AA83: 1
J84: 80 | K84: K | L84: GA | M84: K | N84: M4 | O84: M3 | Q84: 8 | R84: 16 | S84: 8 | T84: 5 | U84: 4 | W84: 1 | X84: 1 | Y84: 1 | Z84: 1 | AA84: 1
J85: 81 | K85: A | L85: M3 | M85: M3 | N85: C1 | O85: J | Q85: 7 | R85: 4 | S85: 4 | T85: 1 | U85: 10 | W85: 1 | X85: 1 | Y85: 1 | Z85: 1 | AA85: 1
J86: 82 | K86: M1 | L86: M5 | M86: K | N86: J | O86: A | Q86: 2 | R86: 6 | S86: 8 | T86: 10 | U86: 7 | W86: 1 | X86: 1 | Y86: 1 | Z86: 1 | AA86: 1
... J203: 199 | K203: K | L203: C1 | M203: M5 | N203: GA | O203: Q | Q203: 8 | R203: 1 | S203: 6 | T203: 16 | U203: 9 | W203: 1 | X203: 1 | Y203: 1 | Z203: 1 | AA203: 1

Sheet BG_Symbol (2)
J2: Symbol | Q2: Symbol ID | W2: Symbol Weight | AC2: Eliminate Wheel Weight A | AJ2: Eliminate Wheel Weight B
A3: Symbol | B3: Description | C3: R1 | D3: R2 | E3: R3 | F3: R4 | G3: R5 | H3: ID | K3: R1 | L3: R2 | M3: R3 | N3: R4 | O3: R5 | Q3: R1 | R3: R2 | S3: R3 | T3: R4 | U3: R5 | W3: R1 | X3: R2 | Y3: R3 | Z3: R4 | AA3: R5
A4: {=Overview!A38:B57} -> WW | B4: Wild | C4: =COUNTIF(K:K, $A4) -> 0 | D4: =COUNTIF(L:L, $A4) -> 0 | E4: =COUNTIF(M:M, $A4) -> 0 | F4: =COUNTIF(N:N, $A4) -> 0 | G4: =COUNTIF(O:O, $A4) -> 0 | H4: {=Overview!F38:F57} -> 0 | J4: {=_xlfn.SEQUENCE(MAX(COUNTA(K:K), COUNTA(L:L), COUNTA(M:M), COUNTA(N:N), COUNTA(O:O))-1,,0)} -> 0 | K4: K | L4: Q | M4: GA | N4: J | O4: M1 | Q4: {=_xlfn.LET(_xlpm.x, K4:O304, IF(_xlpm.x="", "", _xlfn.XLOOKUP(_xlpm.x, $A$4:$A$23,_xlfn.ANCHORARRAY( H4))))} -> 8 | R4: 9 | S4: 16 | T4: 10 | U4: 2 | W4: 1 | X4: 1 | Y4: 1 | Z4: 1 | AA4: 1 | AC4: 1 Combo | AJ4: 1 Combo
A5: C1 | B5: Scatter | C5: =COUNTIF(K:K, $A5) -> 0 | D5: =COUNTIF(L:L, $A5) -> 6 | E5: =COUNTIF(M:M, $A5) -> 0 | F5: =COUNTIF(N:N, $A5) -> 9 | G5: =COUNTIF(O:O, $A5) -> 0 | H5: 1 | J5: 1 | K5: A | L5: A | M5: GQ | N5: M1 | O5: M3 | Q5: 7 | R5: 7 | S5: 18 | T5: 2 | U5: 4 | W5: 1 | X5: 1 | Y5: 1 | Z5: 1 | AA5: 1 | AC5: Symbol | AD5: R1 | AE5: R2 | AF5: R3 | AG5: R4 | AH5: R5 | AJ5: Symbol | AK5: R1 | AL5: R2 | AM5: R3 | AN5: R4 | AO5: R5
A6: M1 | B6: M1 | C6: =COUNTIF(K:K, $A6) -> 4 | D6: =COUNTIF(L:L, $A6) -> 11 | E6: =COUNTIF(M:M, $A6) -> 0 | F6: =COUNTIF(N:N, $A6) -> 22 | G6: =COUNTIF(O:O, $A6) -> 28 | H6: 2 | J6: 2 | K6: M1 | L6: GA | M6: G4 | N6: M3 | O6: M2 | Q6: 2 | R6: 16 | S6: 14 | T6: 4 | U6: 3 | W6: 1 | X6: 1 | Y6: 1 | Z6: 1 | AA6: 1 | AC6: {=$A$4:$A$23} -> WW | AD6: 0 | AE6: 0 | AF6: 0 | AG6: 0 | AH6: 0 | AJ6: {=$A$4:$A$23} -> WW | AK6: 0 | AL6: 0 | AM6: 0 | AN6: 0 | AO6: 0
A7: M2 | B7: M2 | C7: =COUNTIF(K:K, $A7) -> 4 | D7: =COUNTIF(L:L, $A7) -> 11 | E7: =COUNTIF(M:M, $A7) -> 0 | F7: =COUNTIF(N:N, $A7) -> 22 | G7: =COUNTIF(O:O, $A7) -> 27 | H7: 3 | J7: 3 | K7: M4 | L7: Q | M7: G5 | N7: M3 | O7: M2 | Q7: 5 | R7: 9 | S7: 15 | T7: 4 | U7: 3 | W7: 1 | X7: 1 | Y7: 1 | Z7: 1 | AA7: 1 | AC7: C1 | AD7: 0 | AE7: 6 | AF7: 0 | AG7: 9 | AH7: 0 | AJ7: C1 | AK7: 0 | AL7: 6 | AM7: 0 | AN7: 9 | AO7: 0
A8: M3 | B8: M3 | C8: =COUNTIF(K:K, $A8) -> 4 | D8: =COUNTIF(L:L, $A8) -> 11 | E8: =COUNTIF(M:M, $A8) -> 0 | F8: =COUNTIF(N:N, $A8) -> 22 | G8: =COUNTIF(O:O, $A8) -> 27 | H8: 4 | J8: 4 | K8: K | L8: GA | M8: G4 | N8: M2 | O8: K | Q8: 8 | R8: 16 | S8: 14 | T8: 3 | U8: 8 | W8: 1 | X8: 1 | Y8: 1 | Z8: 1 | AA8: 1 | AC8: M1 | AD8: 4 | AE8: 11 | AF8: 0 | AG8: 22 | AH8: 28 | AJ8: M1 | AK8: 4 | AL8: 11 | AM8: 0 | AN8: 22 | AO8: 28
A9: M4 | B9: M4 | C9: =COUNTIF(K:K, $A9) -> 43 | D9: =COUNTIF(L:L, $A9) -> 19 | E9: =COUNTIF(M:M, $A9) -> 0 | F9: =COUNTIF(N:N, $A9) -> 12 | G9: =COUNTIF(O:O, $A9) -> 16 | H9: 5 | J9: 5 | K9: M5 | L9: M3 | M9: GK | N9: M2 | O9: M2 | Q9: 6 | R9: 4 | S9: 17 | T9: 3 | U9: 3 | W9: 1 | X9: 1 | Y9: 1 | Z9: 1 | AA9: 1 | AC9: M2 | AD9: 4 | AE9: 11 | AF9: 0 | AG9: 22 | AH9: 27 | AJ9: M2 | AK9: 4 | AL9: 11 | AM9: 0 | AN9: 22 | AO9: 27
A10: M5 | B10: M5 | C10: =COUNTIF(K:K, $A10) -> 43 | D10: =COUNTIF(L:L, $A10) -> 20 | E10: =COUNTIF(M:M, $A10) -> 0 | F10: =COUNTIF(N:N, $A10) -> 12 | G10: =COUNTIF(O:O, $A10) -> 16 | H10: 6 | J10: 6 | K10: K | L10: M4 | M10: GA | N10: J | O10: A | Q10: 8 | R10: 5 | S10: 16 | T10: 10 | U10: 7 | W10: 1 | X10: 1 | Y10: 1 | Z10: 1 | AA10: 1 | AC10: M3 | AD10: 4 | AE10: 11 | AF10: 0 | AG10: 22 | AH10: 27 | AJ10: M3 | AK10: 4 | AL10: 11 | AM10: 0 | AN10: 22 | AO10: 27
A11: A | B11: A | C11: =COUNTIF(K:K, $A11) -> 47 | D11: =COUNTIF(L:L, $A11) -> 20 | E11: =COUNTIF(M:M, $A11) -> 0 | F11: =COUNTIF(N:N, $A11) -> 12 | G11: =COUNTIF(O:O, $A11) -> 16 | H11: 7 | J11: 7 | K11: M5 | L11: G3 | M11: G5 | N11: J | O11: M5 | Q11: 6 | R11: 13 | S11: 15 | T11: 10 | U11: 6 | W11: 1 | X11: 1 | Y11: 1 | Z11: 1 | AA11: 1 | AC11: M4 | AD11: 43 | AE11: 19 | AF11: 0 | AG11: 12 | AH11: 16 | AJ11: M4 | AK11: 43 | AL11: 19 | AM11: 0 | AN11: 12 | AO11: 16
A12: K | B12: K | C12: =COUNTIF(K:K, $A12) -> 47 | D12: =COUNTIF(L:L, $A12) -> 20 | E12: =COUNTIF(M:M, $A12) -> 0 | F12: =COUNTIF(N:N, $A12) -> 12 | G12: =COUNTIF(O:O, $A12) -> 16 | H12: 8 | J12: 8 | K12: M4 | L12: A | M12: GK | N12: M5 | O12: M5 | Q12: 5 | R12: 7 | S12: 17 | T12: 6 | U12: 6 | W12: 1 | X12: 1 | Y12: 1 | Z12: 1 | AA12: 1 | AC12: M5 | AD12: 43 | AE12: 20 | AF12: 0 | AG12: 12 | AH12: 16 | AJ12: M5 | AK12: 43 | AL12: 20 | AM12: 0 | AN12: 12 | AO12: 16
A13: Q | B13: Q | C13: =COUNTIF(K:K, $A13) -> 4 | D13: =COUNTIF(L:L, $A13) -> 11 | E13: =COUNTIF(M:M, $A13) -> 0 | F13: =COUNTIF(N:N, $A13) -> 21 | G13: =COUNTIF(O:O, $A13) -> 27 | H13: 9 | J13: 9 | K13: K | L13: GJ | M13: G5 | N13: GJ | O13: M1 | Q13: 8 | R13: 19 | S13: 15 | T13: 19 | U13: 2 | W13: 1 | X13: 1 | Y13: 1 | Z13: 1 | AA13: 1 | AC13: A | AD13: 47 | AE13: 20 | AF13: 0 | AG13: 12 | AH13: 16 | AJ13: A | AK13: 47 | AL13: 20 | AM13: 0 | AN13: 12 | AO13: 16
A14: J | B14: J | C14: =COUNTIF(K:K, $A14) -> 4 | D14: =COUNTIF(L:L, $A14) -> 11 | E14: =COUNTIF(M:M, $A14) -> 0 | F14: =COUNTIF(N:N, $A14) -> 21 | G14: =COUNTIF(O:O, $A14) -> 27 | H14: 10 | J14: 10 | K14: Q | L14: G2 | M14: GA | N14: M1 | O14: K | Q14: 9 | R14: 12 | S14: 16 | T14: 2 | U14: 8 | W14: 1 | X14: 1 | Y14: 1 | Z14: 1 | AA14: 1 | AC14: K | AD14: 47 | AE14: 20 | AF14: 0 | AG14: 12 | AH14: 16 | AJ14: K | AK14: 47 | AL14: 20 | AM14: 0 | AN14: 12 | AO14: 16
A15: G1 | B15: Gold M1 | C15: =COUNTIF(K:K, $A15) -> 0 | D15: =COUNTIF(L:L, $A15) -> 4 | E15: =COUNTIF(M:M, $A15) -> 5 | F15: =COUNTIF(N:N, $A15) -> 5 | G15: =COUNTIF(O:O, $A15) -> 0 | H15: 11 | J15: 11 | K15: A | L15: G5 | M15: G4 | N15: A | O15: K | Q15: 7 | R15: 15 | S15: 14 | T15: 7 | U15: 8 | W15: 1 | X15: 1 | Y15: 1 | Z15: 1 | AA15: 1 | AC15: Q | AD15: 4 | AE15: 11 | AF15: 0 | AG15: 21 | AH15: 27 | AJ15: Q | AK15: 4 | AL15: 11 | AM15: 0 | AN15: 21 | AO15: 27
A16: G2 | B16: Gold M2 | C16: =COUNTIF(K:K, $A16) -> 0 | D16: =COUNTIF(L:L, $A16) -> 5 | E16: =COUNTIF(M:M, $A16) -> 5 | F16: =COUNTIF(N:N, $A16) -> 5 | G16: =COUNTIF(O:O, $A16) -> 0 | H16: 12 | J16: 12 | K16: Q | L16: M4 | M16: GK | N16: GA | O16: Q | Q16: 9 | R16: 5 | S16: 17 | T16: 16 | U16: 9 | W16: 1 | X16: 1 | Y16: 1 | Z16: 1 | AA16: 1 | AC16: J | AD16: 4 | AE16: 11 | AF16: 0 | AG16: 21 | AH16: 27 | AJ16: J | AK16: 4 | AL16: 11 | AM16: 0 | AN16: 21 | AO16: 27
A17: G3 | B17: Gold M3 | C17: =COUNTIF(K:K, $A17) -> 0 | D17: =COUNTIF(L:L, $A17) -> 5 | E17: =COUNTIF(M:M, $A17) -> 5 | F17: =COUNTIF(N:N, $A17) -> 5 | G17: =COUNTIF(O:O, $A17) -> 0 | H17: 13 | J17: 13 | K17: K | L17: A | M17: G5 | N17: K | O17: M2 | Q17: 8 | R17: 7 | S17: 15 | T17: 8 | U17: 3 | W17: 1 | X17: 1 | Y17: 1 | Z17: 1 | AA17: 1 | AC17: G1 | AD17: 0 | AE17: 4 | AF17: 5 | AG17: 5 | AH17: 0 | AJ17: G1 | AK17: 0 | AL17: 4 | AM17: 5 | AN17: 5 | AO17: 0
A18: G4 | B18: Gold M4 | C18: =COUNTIF(K:K, $A18) -> 0 | D18: =COUNTIF(L:L, $A18) -> 9 | E18: =COUNTIF(M:M, $A18) -> 44 | F18: =COUNTIF(N:N, $A18) -> 3 | G18: =COUNTIF(O:O, $A18) -> 0 | H18: 14 | J18: 14 | K18: A | L18: GA | M18: G4 | N18: A | O18: J | Q18: 7 | R18: 16 | S18: 14 | T18: 7 | U18: 10 | W18: 1 | X18: 1 | Y18: 1 | Z18: 1 | AA18: 1 | AC18: G2 | AD18: 0 | AE18: 5 | AF18: 5 | AG18: 5 | AH18: 0 | AJ18: G2 | AK18: 0 | AL18: 5 | AM18: 5 | AN18: 5 | AO18: 0
... A23: GJ | B23: Gold J | C23: =COUNTIF(K:K, $A23) -> 0 | D23: =COUNTIF(L:L, $A23) -> 5 | E23: =COUNTIF(M:M, $A23) -> 4 | F23: =COUNTIF(N:N, $A23) -> 4 | G23: =COUNTIF(O:O, $A23) -> 0 | H23: 19 | J23: 19 | K23: M4 | L23: M3 | M23: GK | N23: Q | O23: M1 | Q23: 5 | R23: 4 | S23: 17 | T23: 9 | U23: 2 | W23: 1 | X23: 1 | Y23: 1 | Z23: 1 | AA23: 1 | AC23: GK | AD23: 0 | AE23: 9 | AF23: 44 | AG23: 3 | AH23: 0 | AJ23: GK | AK23: 0 | AL23: 9 | AM23: 44 | AN23: 3 | AO23: 0
C24: =SUM(C4:C23) -> 200 | D24: =SUM(D4:D23) -> 200 | E24: =SUM(E4:E23) -> 200 | F24: =SUM(F4:F23) -> 200 | G24: =SUM(G4:G23) -> 200 | J24: 20 | K24: M5 | L24: G1 | M24: G4 | N24: M3 | O24: Q | Q24: 6 | R24: 11 | S24: 14 | T24: 4 | U24: 9 | W24: 1 | X24: 1 | Y24: 1 | Z24: 1 | AA24: 1 | AC24: GQ | AD24: 0 | AE24: 5 | AF24: 5 | AG24: 4 | AH24: 0 | AJ24: GQ | AK24: 0 | AL24: 5 | AM24: 5 | AN24: 4 | AO24: 0
J25: 21 | K25: M3 | L25: GK | M25: GK | N25: C1 | O25: J | Q25: 4 | R25: 17 | S25: 17 | T25: 1 | U25: 10 | W25: 1 | X25: 1 | Y25: 1 | Z25: 1 | AA25: 1 | AC25: GJ | AD25: 0 | AE25: 5 | AF25: 4 | AG25: 4 | AH25: 0 | AJ25: GJ | AK25: 0 | AL25: 5 | AM25: 4 | AN25: 4 | AO25: 0
B26: Normal Symbol | C26: =SUM(C4:C14)/C24 -> 1 | D26: =SUM(D4:D14)/D24 -> 0.7 | E26: =SUM(E4:E14)/E24 -> 0 | F26: =SUM(F4:F14)/F24 -> 0.825 | G26: =SUM(G4:G14)/G24 -> 1 | J26: 22 | K26: K | L26: M2 | M26: GJ | N26: G5 | O26: M3 | Q26: 8 | R26: 3 | S26: 19 | T26: 15 | U26: 4 | W26: 1 | X26: 1 | Y26: 1 | Z26: 1 | AA26: 1 | AD26: =SUM(AD6:AD25) -> 200 | AE26: =SUM(AE6:AE25) -> 200 | AF26: =SUM(AF6:AF25) -> 200 | AG26: =SUM(AG6:AG25) -> 200 | AH26: =SUM(AH6:AH25) -> 200 | AK26: =SUM(AK6:AK25) -> 200 | AL26: =SUM(AL6:AL25) -> 200 | AM26: =SUM(AM6:AM25) -> 200 | AN26: =SUM(AN6:AN25) -> 200 | AO26: =SUM(AO6:AO25) -> 200
B27: Golden Symbol | C27: =SUM(C15:C23)/C24 -> 0 | D27: =SUM(D15:D23)/D24 -> 0.3 | E27: =SUM(E15:E23)/E24 -> 1 | F27: =SUM(F15:F23)/F24 -> 0.175 | G27: =SUM(G15:G23)/G24 -> 0 | J27: 23 | K27: M4 | L27: Q | M27: G4 | N27: J | O27: M2 | Q27: 5 | R27: 9 | S27: 14 | T27: 10 | U27: 3 | W27: 1 | X27: 1 | Y27: 1 | Z27: 1 | AA27: 1
J28: 24 | K28: M5 | L28: G5 | M28: G5 | N28: K | O28: M1 | Q28: 6 | R28: 15 | S28: 15 | T28: 8 | U28: 2 | W28: 1 | X28: 1 | Y28: 1 | Z28: 1 | AA28: 1 | AC28: 2 Combo | AJ28: 2 Combo
J29: 25 | K29: J | L29: M2 | M29: GK | N29: Q | O29: M3 | Q29: 10 | R29: 3 | S29: 17 | T29: 9 | U29: 4 | W29: 1 | X29: 1 | Y29: 1 | Z29: 1 | AA29: 1 | AC29: Symbol | AD29: R1 | AE29: R2 | AF29: R3 | AG29: R4 | AH29: R5 | AJ29: Symbol | AK29: R1 | AL29: R2 | AM29: R3 | AN29: R4 | AO29: R5
J30: 26 | K30: M5 | L30: K | M30: G4 | N30: M5 | O30: M1 | Q30: 6 | R30: 8 | S30: 14 | T30: 6 | U30: 2 | W30: 1 | X30: 1 | Y30: 1 | Z30: 1 | AA30: 1 | AC30: {=$A$4:$A$23} -> WW | AD30: 0 | AE30: 0 | AF30: 0 | AG30: 0 | AH30: 0 | AJ30: {=$A$4:$A$23} -> WW | AK30: 0 | AL30: 0 | AM30: 0 | AN30: 0 | AO30: 0
J31: 27 | K31: M1 | L31: K | M31: GJ | N31: M1 | O31: M3 | Q31: 2 | R31: 8 | S31: 19 | T31: 2 | U31: 4 | W31: 1 | X31: 1 | Y31: 1 | Z31: 1 | AA31: 1 | AC31: C1 | AD31: 0 | AE31: 6 | AF31: 0 | AG31: 9 | AH31: 0 | AJ31: C1 | AK31: 0 | AL31: 6 | AM31: 0 | AN31: 9 | AO31: 0
J32: 28 | K32: M5 | L32: J | M32: GA | N32: C1 | O32: M1 | Q32: 6 | R32: 10 | S32: 16 | T32: 1 | U32: 2 | W32: 1 | X32: 1 | Y32: 1 | Z32: 1 | AA32: 1 | AC32: M1 | AD32: 4 | AE32: 11 | AF32: 0 | AG32: 22 | AH32: 28 | AJ32: M1 | AK32: 4 | AL32: 11 | AM32: 0 | AN32: 22 | AO32: 28
J33: 29 | K33: M5 | L33: J | M33: G4 | N33: M3 | O33: M2 | Q33: 6 | R33: 10 | S33: 14 | T33: 4 | U33: 3 | W33: 1 | X33: 1 | Y33: 1 | Z33: 1 | AA33: 1 | AC33: M2 | AD33: 4 | AE33: 11 | AF33: 0 | AG33: 22 | AH33: 27 | AJ33: M2 | AK33: 4 | AL33: 11 | AM33: 0 | AN33: 22 | AO33: 27
J34: 30 | K34: M5 | L34: M2 | M34: G3 | N34: G1 | O34: M1 | Q34: 6 | R34: 3 | S34: 13 | T34: 11 | U34: 2 | W34: 1 | X34: 1 | Y34: 1 | Z34: 1 | AA34: 1 | AC34: M3 | AD34: 4 | AE34: 11 | AF34: 0 | AG34: 22 | AH34: 27 | AJ34: M3 | AK34: 4 | AL34: 11 | AM34: 0 | AN34: 22 | AO34: 27
J35: 31 | K35: K | L35: K | M35: G4 | N35: A | O35: M1 | Q35: 8 | R35: 8 | S35: 14 | T35: 7 | U35: 2 | W35: 1 | X35: 1 | Y35: 1 | Z35: 1 | AA35: 1 | AC35: M4 | AD35: 43 | AE35: 19 | AF35: 0 | AG35: 12 | AH35: 16 | AJ35: M4 | AK35: 43 | AL35: 19 | AM35: 0 | AN35: 12 | AO35: 16
J36: 32 | K36: A | L36: GJ | M36: G5 | N36: M3 | O36: Q | Q36: 7 | R36: 19 | S36: 15 | T36: 4 | U36: 9 | W36: 1 | X36: 1 | Y36: 1 | Z36: 1 | AA36: 1 | AC36: M5 | AD36: 43 | AE36: 20 | AF36: 0 | AG36: 12 | AH36: 16 | AJ36: M5 | AK36: 43 | AL36: 20 | AM36: 0 | AN36: 12 | AO36: 16
J37: 33 | K37: M5 | L37: K | M37: GK | N37: GK | O37: J | Q37: 6 | R37: 8 | S37: 17 | T37: 17 | U37: 10 | W37: 1 | X37: 1 | Y37: 1 | Z37: 1 | AA37: 1 | AC37: A | AD37: 47 | AE37: 20 | AF37: 0 | AG37: 12 | AH37: 16 | AJ37: A | AK37: 47 | AL37: 20 | AM37: 0 | AN37: 12 | AO37: 16
J38: 34 | K38: M4 | L38: M4 | M38: GA | N38: M1 | O38: K | Q38: 5 | R38: 5 | S38: 16 | T38: 2 | U38: 8 | W38: 1 | X38: 1 | Y38: 1 | Z38: 1 | AA38: 1 | AC38: K | AD38: 47 | AE38: 20 | AF38: 0 | AG38: 12 | AH38: 16 | AJ38: K | AK38: 47 | AL38: 20 | AM38: 0 | AN38: 12 | AO38: 16
J39: 35 | K39: K | L39: M3 | M39: G5 | N39: M4 | O39: M4 | Q39: 8 | R39: 4 | S39: 15 | T39: 5 | U39: 5 | W39: 1 | X39: 1 | Y39: 1 | Z39: 1 | AA39: 1 | AC39: Q | AD39: 4 | AE39: 11 | AF39: 0 | AG39: 21 | AH39: 27 | AJ39: Q | AK39: 4 | AL39: 11 | AM39: 0 | AN39: 21 | AO39: 27
J40: 36 | K40: M4 | L40: M3 | M40: G4 | N40: M4 | O40: M3 | Q40: 5 | R40: 4 | S40: 14 | T40: 5 | U40: 4 | W40: 1 | X40: 1 | Y40: 1 | Z40: 1 | AA40: 1 | AC40: J | AD40: 4 | AE40: 11 | AF40: 0 | AG40: 21 | AH40: 27 | AJ40: J | AK40: 4 | AL40: 11 | AM40: 0 | AN40: 21 | AO40: 27
J41: 37 | K41: M5 | L41: G5 | M41: GK | N41: G1 | O41: M4 | Q41: 6 | R41: 15 | S41: 17 | T41: 11 | U41: 5 | W41: 1 | X41: 1 | Y41: 1 | Z41: 1 | AA41: 1 | AC41: G1 | AD41: 0 | AE41: 4 | AF41: 5 | AG41: 5 | AH41: 0 | AJ41: G1 | AK41: 0 | AL41: 4 | AM41: 5 | AN41: 5 | AO41: 0
J42: 38 | K42: M4 | L42: G3 | M42: GA | N42: Q | O42: M2 | Q42: 5 | R42: 13 | S42: 16 | T42: 9 | U42: 3 | W42: 1 | X42: 1 | Y42: 1 | Z42: 1 | AA42: 1 | AC42: G2 | AD42: 0 | AE42: 5 | AF42: 5 | AG42: 5 | AH42: 0 | AJ42: G2 | AK42: 0 | AL42: 5 | AM42: 5 | AN42: 5 | AO42: 0
... J49: 45 | K49: M4 | L49: G5 | M49: GK | N49: M5 | O49: M2 | Q49: 5 | R49: 15 | S49: 17 | T49: 6 | U49: 3 | W49: 1 | X49: 1 | Y49: 1 | Z49: 1 | AA49: 1 | AC49: GJ | AD49: 0 | AE49: 5 | AF49: 4 | AG49: 4 | AH49: 0 | AJ49: GJ | AK49: 0 | AL49: 5 | AM49: 4 | AN49: 4 | AO49: 0
J50: 46 | K50: M3 | L50: M5 | M50: G4 | N50: M2 | O50: A | Q50: 4 | R50: 6 | S50: 14 | T50: 3 | U50: 7 | W50: 1 | X50: 1 | Y50: 1 | Z50: 1 | AA50: 1 | AD50: =SUM(AD30:AD49) -> 200 | AE50: =SUM(AE30:AE49) -> 200 | AF50: =SUM(AF30:AF49) -> 200 | AG50: =SUM(AG30:AG49) -> 200 | AH50: =SUM(AH30:AH49) -> 200 | AK50: =SUM(AK30:AK49) -> 200 | AL50: =SUM(AL30:AL49) -> 200 | AM50: =SUM(AM30:AM49) -> 200 | AN50: =SUM(AN30:AN49) -> 200 | AO50: =SUM(AO30:AO49) -> 200
J51: 47 | K51: M4 | L51: G4 | M51: GK | N51: Q | O51: A | Q51: 5 | R51: 14 | S51: 17 | T51: 9 | U51: 7 | W51: 1 | X51: 1 | Y51: 1 | Z51: 1 | AA51: 1
J52: 48 | K52: M5 | L52: GA | M52: GA | N52: M2 | O52: M4 | Q52: 6 | R52: 16 | S52: 16 | T52: 3 | U52: 5 | W52: 1 | X52: 1 | Y52: 1 | Z52: 1 | AA52: 1 | AC52: 3+ Combo | AJ52: 3+ Combo
J53: 49 | K53: K | L53: GQ | M53: G5 | N53: M5 | O53: A | Q53: 8 | R53: 18 | S53: 15 | T53: 6 | U53: 7 | W53: 1 | X53: 1 | Y53: 1 | Z53: 1 | AA53: 1 | AC53: Symbol | AD53: R1 | AE53: R2 | AF53: R3 | AG53: R4 | AH53: R5 | AJ53: Symbol | AK53: R1 | AL53: R2 | AM53: R3 | AN53: R4 | AO53: R5
J54: 50 | K54: A | L54: A | M54: G3 | N54: M5 | O54: M2 | Q54: 7 | R54: 7 | S54: 13 | T54: 6 | U54: 3 | W54: 1 | X54: 1 | Y54: 1 | Z54: 1 | AA54: 1 | AC54: {=$A$4:$A$23} -> WW | AD54: 0 | AE54: 0 | AF54: 0 | AG54: 0 | AH54: 0 | AJ54: {=$A$4:$A$23} -> WW | AK54: 0 | AL54: 0 | AM54: 0 | AN54: 0 | AO54: 0
J55: 51 | K55: K | L55: A | M55: G5 | N55: G3 | O55: M4 | Q55: 8 | R55: 7 | S55: 15 | T55: 13 | U55: 5 | W55: 1 | X55: 1 | Y55: 1 | Z55: 1 | AA55: 1 | AC55: C1 | AD55: 0 | AE55: 6 | AF55: 0 | AG55: 9 | AH55: 0 | AJ55: C1 | AK55: 0 | AL55: 6 | AM55: 0 | AN55: 9 | AO55: 0
J56: 52 | K56: K | L56: GQ | M56: G4 | N56: J | O56: J | Q56: 8 | R56: 18 | S56: 14 | T56: 10 | U56: 10 | W56: 1 | X56: 1 | Y56: 1 | Z56: 1 | AA56: 1 | AC56: M1 | AD56: 4 | AE56: 11 | AF56: 0 | AG56: 22 | AH56: 28 | AJ56: M1 | AK56: 4 | AL56: 11 | AM56: 0 | AN56: 22 | AO56: 28
J57: 53 | K57: M4 | L57: A | M57: G5 | N57: G2 | O57: M3 | Q57: 5 | R57: 7 | S57: 15 | T57: 12 | U57: 4 | W57: 1 | X57: 1 | Y57: 1 | Z57: 1 | AA57: 1 | AC57: M2 | AD57: 4 | AE57: 11 | AF57: 0 | AG57: 22 | AH57: 27 | AJ57: M2 | AK57: 4 | AL57: 11 | AM57: 0 | AN57: 22 | AO57: 27
J58: 54 | K58: K | L58: G5 | M58: GA | N58: A | O58: M4 | Q58: 8 | R58: 15 | S58: 16 | T58: 7 | U58: 5 | W58: 1 | X58: 1 | Y58: 1 | Z58: 1 | AA58: 1 | AC58: M3 | AD58: 4 | AE58: 11 | AF58: 0 | AG58: 22 | AH58: 27 | AJ58: M3 | AK58: 4 | AL58: 11 | AM58: 0 | AN58: 22 | AO58: 27
J59: 55 | K59: A | L59: K | M59: G5 | N59: G3 | O59: M2 | Q59: 7 | R59: 8 | S59: 15 | T59: 13 | U59: 3 | W59: 1 | X59: 1 | Y59: 1 | Z59: 1 | AA59: 1 | AC59: M4 | AD59: 43 | AE59: 19 | AF59: 0 | AG59: 12 | AH59: 16 | AJ59: M4 | AK59: 43 | AL59: 19 | AM59: 0 | AN59: 12 | AO59: 16
J60: 56 | K60: M4 | L60: A | M60: G1 | N60: M2 | O60: M5 | Q60: 5 | R60: 7 | S60: 11 | T60: 3 | U60: 6 | W60: 1 | X60: 1 | Y60: 1 | Z60: 1 | AA60: 1 | AC60: M5 | AD60: 43 | AE60: 20 | AF60: 0 | AG60: 12 | AH60: 16 | AJ60: M5 | AK60: 43 | AL60: 20 | AM60: 0 | AN60: 12 | AO60: 16
J61: 57 | K61: M4 | L61: M1 | M61: GK | N61: M2 | O61: M5 | Q61: 5 | R61: 2 | S61: 17 | T61: 3 | U61: 6 | W61: 1 | X61: 1 | Y61: 1 | Z61: 1 | AA61: 1 | AC61: A | AD61: 47 | AE61: 20 | AF61: 0 | AG61: 12 | AH61: 16 | AJ61: A | AK61: 47 | AL61: 20 | AM61: 0 | AN61: 12 | AO61: 16
J62: 58 | K62: M4 | L62: M1 | M62: G2 | N62: M2 | O62: M1 | Q62: 5 | R62: 2 | S62: 12 | T62: 3 | U62: 2 | W62: 1 | X62: 1 | Y62: 1 | Z62: 1 | AA62: 1 | AC62: K | AD62: 47 | AE62: 20 | AF62: 0 | AG62: 12 | AH62: 16 | AJ62: K | AK62: 47 | AL62: 20 | AM62: 0 | AN62: 12 | AO62: 16
J63: 59 | K63: A | L63: M5 | M63: G1 | N63: G4 | O63: A | Q63: 7 | R63: 6 | S63: 11 | T63: 14 | U63: 7 | W63: 1 | X63: 1 | Y63: 1 | Z63: 1 | AA63: 1 | AC63: Q | AD63: 4 | AE63: 11 | AF63: 0 | AG63: 21 | AH63: 27 | AJ63: Q | AK63: 4 | AL63: 11 | AM63: 0 | AN63: 21 | AO63: 27
J64: 60 | K64: M4 | L64: G2 | M64: G3 | N64: M1 | O64: Q | Q64: 5 | R64: 12 | S64: 13 | T64: 2 | U64: 9 | W64: 1 | X64: 1 | Y64: 1 | Z64: 1 | AA64: 1 | AC64: J | AD64: 4 | AE64: 11 | AF64: 0 | AG64: 21 | AH64: 27 | AJ64: J | AK64: 4 | AL64: 11 | AM64: 0 | AN64: 21 | AO64: 27
J65: 61 | K65: A | L65: A | M65: GK | N65: M5 | O65: M1 | Q65: 7 | R65: 7 | S65: 17 | T65: 6 | U65: 2 | W65: 1 | X65: 1 | Y65: 1 | Z65: 1 | AA65: 1 | AC65: G1 | AD65: 0 | AE65: 4 | AF65: 5 | AG65: 5 | AH65: 0 | AJ65: G1 | AK65: 0 | AL65: 4 | AM65: 5 | AN65: 5 | AO65: 0
J66: 62 | K66: K | L66: G5 | M66: G4 | N66: M1 | O66: J | Q66: 8 | R66: 15 | S66: 14 | T66: 2 | U66: 10 | W66: 1 | X66: 1 | Y66: 1 | Z66: 1 | AA66: 1 | AC66: G2 | AD66: 0 | AE66: 5 | AF66: 5 | AG66: 5 | AH66: 0 | AJ66: G2 | AK66: 0 | AL66: 5 | AM66: 5 | AN66: 5 | AO66: 0
... J73: 69 | K73: M1 | L73: M1 | M73: GA | N73: M1 | O73: A | Q73: 2 | R73: 2 | S73: 16 | T73: 2 | U73: 7 | W73: 1 | X73: 1 | Y73: 1 | Z73: 1 | AA73: 1 | AC73: GJ | AD73: 0 | AE73: 5 | AF73: 4 | AG73: 4 | AH73: 0 | AJ73: GJ | AK73: 0 | AL73: 5 | AM73: 4 | AN73: 4 | AO73: 0
J74: 70 | K74: M4 | L74: M1 | M74: G4 | N74: A | O74: A | Q74: 5 | R74: 2 | S74: 14 | T74: 7 | U74: 7 | W74: 1 | X74: 1 | Y74: 1 | Z74: 1 | AA74: 1 | AD74: =SUM(AD54:AD73) -> 200 | AE74: =SUM(AE54:AE73) -> 200 | AF74: =SUM(AF54:AF73) -> 200 | AG74: =SUM(AG54:AG73) -> 200 | AH74: =SUM(AH54:AH73) -> 200 | AK74: =SUM(AK54:AK73) -> 200 | AL74: =SUM(AL54:AL73) -> 200 | AM74: =SUM(AM54:AM73) -> 200 | AN74: =SUM(AN54:AN73) -> 200 | AO74: =SUM(AO54:AO73) -> 200
J75: 71 | K75: M5 | L75: J | M75: GA | N75: M3 | O75: M2 | Q75: 6 | R75: 10 | S75: 16 | T75: 4 | U75: 3 | W75: 1 | X75: 1 | Y75: 1 | Z75: 1 | AA75: 1
J76: 72 | K76: K | L76: A | M76: G2 | N76: M1 | O76: M3 | Q76: 8 | R76: 7 | S76: 12 | T76: 2 | U76: 4 | W76: 1 | X76: 1 | Y76: 1 | Z76: 1 | AA76: 1
J77: 73 | K77: K | L77: M3 | M77: GK | N77: M1 | O77: M5 | Q77: 8 | R77: 4 | S77: 17 | T77: 2 | U77: 6 | W77: 1 | X77: 1 | Y77: 1 | Z77: 1 | AA77: 1
J78: 74 | K78: M5 | L78: M4 | M78: G4 | N78: C1 | O78: M3 | Q78: 6 | R78: 5 | S78: 14 | T78: 1 | U78: 4 | W78: 1 | X78: 1 | Y78: 1 | Z78: 1 | AA78: 1
J79: 75 | K79: M5 | L79: M4 | M79: G5 | N79: GJ | O79: J | Q79: 6 | R79: 5 | S79: 15 | T79: 19 | U79: 10 | W79: 1 | X79: 1 | Y79: 1 | Z79: 1 | AA79: 1
J80: 76 | K80: A | L80: G4 | M80: GA | N80: Q | O80: Q | Q80: 7 | R80: 14 | S80: 16 | T80: 9 | U80: 9 | W80: 1 | X80: 1 | Y80: 1 | Z80: 1 | AA80: 1
J81: 77 | K81: K | L81: M2 | M81: G4 | N81: M2 | O81: Q | Q81: 8 | R81: 3 | S81: 14 | T81: 3 | U81: 9 | W81: 1 | X81: 1 | Y81: 1 | Z81: 1 | AA81: 1
J82: 78 | K82: A | L82: M2 | M82: GK | N82: M4 | O82: M2 | Q82: 7 | R82: 3 | S82: 17 | T82: 5 | U82: 3 | W82: 1 | X82: 1 | Y82: 1 | Z82: 1 | AA82: 1
J83: 79 | K83: J | L83: M4 | M83: GA | N83: Q | O83: Q | Q83: 10 | R83: 5 | S83: 16 | T83: 9 | U83: 9 | W83: 1 | X83: 1 | Y83: 1 | Z83: 1 | AA83: 1
J84: 80 | K84: K | L84: M5 | M84: G5 | N84: Q | O84: M3 | Q84: 8 | R84: 6 | S84: 15 | T84: 9 | U84: 4 | W84: 1 | X84: 1 | Y84: 1 | Z84: 1 | AA84: 1
J85: 81 | K85: M5 | L85: M1 | M85: GA | N85: Q | O85: J | Q85: 6 | R85: 2 | S85: 16 | T85: 9 | U85: 10 | W85: 1 | X85: 1 | Y85: 1 | Z85: 1 | AA85: 1
J86: 82 | K86: M5 | L86: G5 | M86: GQ | N86: M1 | O86: M5 | Q86: 6 | R86: 15 | S86: 18 | T86: 2 | U86: 6 | W86: 1 | X86: 1 | Y86: 1 | Z86: 1 | AA86: 1
... J203: 199 | K203: A | L203: M5 | M203: GA | N203: K | O203: J | Q203: 7 | R203: 6 | S203: 16 | T203: 8 | U203: 10 | W203: 1 | X203: 1 | Y203: 1 | Z203: 1 | AA203: 1

Sheet BG_Symbol (3)
J2: Symbol | Q2: Symbol ID | W2: Symbol Weight | AC2: Eliminate Wheel Weight A | AJ2: Eliminate Wheel Weight B
A3: Symbol | B3: Description | C3: R1 | D3: R2 | E3: R3 | F3: R4 | G3: R5 | H3: ID | K3: R1 | L3: R2 | M3: R3 | N3: R4 | O3: R5 | Q3: R1 | R3: R2 | S3: R3 | T3: R4 | U3: R5 | W3: R1 | X3: R2 | Y3: R3 | Z3: R4 | AA3: R5
A4: {=Overview!A38:B57} -> WW | B4: Wild | C4: =COUNTIF(K:K, $A4) -> 0 | D4: =COUNTIF(L:L, $A4) -> 0 | E4: =COUNTIF(M:M, $A4) -> 0 | F4: =COUNTIF(N:N, $A4) -> 0 | G4: =COUNTIF(O:O, $A4) -> 0 | H4: {=Overview!F38:F57} -> 0 | J4: {=_xlfn.SEQUENCE(MAX(COUNTA(K:K), COUNTA(L:L), COUNTA(M:M), COUNTA(N:N), COUNTA(O:O))-1,,0)} -> 0 | K4: M2 | L4: M3 | M4: M3 | N4: M5 | O4: K | Q4: {=_xlfn.LET(_xlpm.x, K4:O304, IF(_xlpm.x="", "", _xlfn.XLOOKUP(_xlpm.x, $A$4:$A$23,_xlfn.ANCHORARRAY( H4))))} -> 3 | R4: 4 | S4: 4 | T4: 6 | U4: 8 | W4: 1 | X4: 1 | Y4: 1 | Z4: 1 | AA4: 1 | AC4: 1 Combo | AJ4: 1 Combo
A5: C1 | B5: Scatter | C5: =COUNTIF(K:K, $A5) -> 6 | D5: =COUNTIF(L:L, $A5) -> 6 | E5: =COUNTIF(M:M, $A5) -> 6 | F5: =COUNTIF(N:N, $A5) -> 9 | G5: =COUNTIF(O:O, $A5) -> 9 | H5: 1 | J5: 1 | K5: K | L5: GJ | M5: M2 | N5: A | O5: J | Q5: 8 | R5: 19 | S5: 3 | T5: 7 | U5: 10 | W5: 1 | X5: 1 | Y5: 1 | Z5: 1 | AA5: 1 | AC5: Symbol | AD5: R1 | AE5: R2 | AF5: R3 | AG5: R4 | AH5: R5 | AJ5: Symbol | AK5: R1 | AL5: R2 | AM5: R3 | AN5: R4 | AO5: R5
A6: M1 | B6: M1 | C6: =COUNTIF(K:K, $A6) -> 4 | D6: =COUNTIF(L:L, $A6) -> 17 | E6: =COUNTIF(M:M, $A6) -> 4 | F6: =COUNTIF(N:N, $A6) -> 21 | G6: =COUNTIF(O:O, $A6) -> 22 | H6: 2 | J6: 2 | K6: K | L6: G2 | M6: C1 | N6: J | O6: C1 | Q6: 8 | R6: 12 | S6: 1 | T6: 10 | U6: 1 | W6: 1 | X6: 1 | Y6: 1 | Z6: 1 | AA6: 1 | AC6: {=$A$4:$A$23} -> WW | AD6: 0 | AE6: 0 | AF6: 0 | AG6: 0 | AH6: 0 | AJ6: {=$A$4:$A$23} -> WW | AK6: 0 | AL6: 0 | AM6: 0 | AN6: 0 | AO6: 0
A7: M2 | B7: M2 | C7: =COUNTIF(K:K, $A7) -> 4 | D7: =COUNTIF(L:L, $A7) -> 18 | E7: =COUNTIF(M:M, $A7) -> 4 | F7: =COUNTIF(N:N, $A7) -> 20 | G7: =COUNTIF(O:O, $A7) -> 22 | H7: 3 | J7: 3 | K7: M5 | L7: G5 | M7: K | N7: M2 | O7: M2 | Q7: 6 | R7: 15 | S7: 8 | T7: 3 | U7: 3 | W7: 1 | X7: 1 | Y7: 1 | Z7: 1 | AA7: 1 | AC7: C1 | AD7: 6 | AE7: 6 | AF7: 6 | AG7: 9 | AH7: 9 | AJ7: C1 | AK7: 6 | AL7: 6 | AM7: 6 | AN7: 9 | AO7: 9
A8: M3 | B8: M3 | C8: =COUNTIF(K:K, $A8) -> 4 | D8: =COUNTIF(L:L, $A8) -> 18 | E8: =COUNTIF(M:M, $A8) -> 4 | F8: =COUNTIF(N:N, $A8) -> 20 | G8: =COUNTIF(O:O, $A8) -> 21 | H8: 4 | J8: 4 | K8: K | L8: G5 | M8: M4 | N8: G3 | O8: M2 | Q8: 8 | R8: 15 | S8: 5 | T8: 13 | U8: 3 | W8: 1 | X8: 1 | Y8: 1 | Z8: 1 | AA8: 1 | AC8: M1 | AD8: 4 | AE8: 17 | AF8: 4 | AG8: 21 | AH8: 22 | AJ8: M1 | AK8: 4 | AL8: 17 | AM8: 4 | AN8: 21 | AO8: 22
A9: M4 | B9: M4 | C9: =COUNTIF(K:K, $A9) -> 40 | D9: =COUNTIF(L:L, $A9) -> 14 | E9: =COUNTIF(M:M, $A9) -> 41 | F9: =COUNTIF(N:N, $A9) -> 14 | G9: =COUNTIF(O:O, $A9) -> 21 | H9: 5 | J9: 5 | K9: A | L9: GK | M9: A | N9: J | O9: J | Q9: 7 | R9: 17 | S9: 7 | T9: 10 | U9: 10 | W9: 1 | X9: 1 | Y9: 1 | Z9: 1 | AA9: 1 | AC9: M2 | AD9: 4 | AE9: 18 | AF9: 4 | AG9: 20 | AH9: 22 | AJ9: M2 | AK9: 4 | AL9: 18 | AM9: 4 | AN9: 20 | AO9: 22
A10: M5 | B10: M5 | C10: =COUNTIF(K:K, $A10) -> 40 | D10: =COUNTIF(L:L, $A10) -> 14 | E10: =COUNTIF(M:M, $A10) -> 41 | F10: =COUNTIF(N:N, $A10) -> 14 | G10: =COUNTIF(O:O, $A10) -> 21 | H10: 6 | J10: 6 | K10: M5 | L10: M5 | M10: M4 | N10: J | O10: M4 | Q10: 6 | R10: 6 | S10: 5 | T10: 10 | U10: 5 | W10: 1 | X10: 1 | Y10: 1 | Z10: 1 | AA10: 1 | AC10: M3 | AD10: 4 | AE10: 18 | AF10: 4 | AG10: 20 | AH10: 21 | AJ10: M3 | AK10: 4 | AL10: 18 | AM10: 4 | AN10: 20 | AO10: 21
A11: A | B11: A | C11: =COUNTIF(K:K, $A11) -> 47 | D11: =COUNTIF(L:L, $A11) -> 13 | E11: =COUNTIF(M:M, $A11) -> 41 | F11: =COUNTIF(N:N, $A11) -> 14 | G11: =COUNTIF(O:O, $A11) -> 21 | H11: 7 | J11: 7 | K11: M5 | L11: M5 | M11: A | N11: A | O11: M5 | Q11: 6 | R11: 6 | S11: 7 | T11: 7 | U11: 6 | W11: 1 | X11: 1 | Y11: 1 | Z11: 1 | AA11: 1 | AC11: M4 | AD11: 40 | AE11: 14 | AF11: 41 | AG11: 14 | AH11: 21 | AJ11: M4 | AK11: 40 | AL11: 14 | AM11: 41 | AN11: 14 | AO11: 21
A12: K | B12: K | C12: =COUNTIF(K:K, $A12) -> 47 | D12: =COUNTIF(L:L, $A12) -> 13 | E12: =COUNTIF(M:M, $A12) -> 41 | F12: =COUNTIF(N:N, $A12) -> 14 | G12: =COUNTIF(O:O, $A12) -> 21 | H12: 8 | J12: 8 | K12: A | L12: G2 | M12: G5 | N12: M3 | O12: Q | Q12: 7 | R12: 12 | S12: 15 | T12: 4 | U12: 9 | W12: 1 | X12: 1 | Y12: 1 | Z12: 1 | AA12: 1 | AC12: M5 | AD12: 40 | AE12: 14 | AF12: 41 | AG12: 14 | AH12: 21 | AJ12: M5 | AK12: 40 | AL12: 14 | AM12: 41 | AN12: 14 | AO12: 21
A13: Q | B13: Q | C13: =COUNTIF(K:K, $A13) -> 4 | D13: =COUNTIF(L:L, $A13) -> 17 | E13: =COUNTIF(M:M, $A13) -> 3 | F13: =COUNTIF(N:N, $A13) -> 21 | G13: =COUNTIF(O:O, $A13) -> 21 | H13: 9 | J13: 9 | K13: M5 | L13: C1 | M13: A | N13: M5 | O13: Q | Q13: 6 | R13: 1 | S13: 7 | T13: 6 | U13: 9 | W13: 1 | X13: 1 | Y13: 1 | Z13: 1 | AA13: 1 | AC13: A | AD13: 47 | AE13: 13 | AF13: 41 | AG13: 14 | AH13: 21 | AJ13: A | AK13: 47 | AL13: 13 | AM13: 41 | AN13: 14 | AO13: 21
A14: J | B14: J | C14: =COUNTIF(K:K, $A14) -> 4 | D14: =COUNTIF(L:L, $A14) -> 17 | E14: =COUNTIF(M:M, $A14) -> 3 | F14: =COUNTIF(N:N, $A14) -> 21 | G14: =COUNTIF(O:O, $A14) -> 21 | H14: 10 | J14: 10 | K14: K | L14: A | M14: K | N14: M2 | O14: M1 | Q14: 8 | R14: 7 | S14: 8 | T14: 3 | U14: 2 | W14: 1 | X14: 1 | Y14: 1 | Z14: 1 | AA14: 1 | AC14: K | AD14: 47 | AE14: 13 | AF14: 41 | AG14: 14 | AH14: 21 | AJ14: K | AK14: 47 | AL14: 13 | AM14: 41 | AN14: 14 | AO14: 21
A15: G1 | B15: Gold M1 | C15: =COUNTIF(K:K, $A15) -> 0 | D15: =COUNTIF(L:L, $A15) -> 7 | E15: =COUNTIF(M:M, $A15) -> 0 | F15: =COUNTIF(N:N, $A15) -> 4 | G15: =COUNTIF(O:O, $A15) -> 0 | H15: 11 | J15: 11 | K15: M5 | L15: GJ | M15: M5 | N15: M3 | O15: M3 | Q15: 6 | R15: 19 | S15: 6 | T15: 4 | U15: 4 | W15: 1 | X15: 1 | Y15: 1 | Z15: 1 | AA15: 1 | AC15: Q | AD15: 4 | AE15: 17 | AF15: 3 | AG15: 21 | AH15: 21 | AJ15: Q | AK15: 4 | AL15: 17 | AM15: 3 | AN15: 21 | AO15: 21
A16: G2 | B16: Gold M2 | C16: =COUNTIF(K:K, $A16) -> 0 | D16: =COUNTIF(L:L, $A16) -> 7 | E16: =COUNTIF(M:M, $A16) -> 0 | F16: =COUNTIF(N:N, $A16) -> 4 | G16: =COUNTIF(O:O, $A16) -> 0 | H16: 12 | J16: 12 | K16: M4 | L16: GQ | M16: M5 | N16: J | O16: M3 | Q16: 5 | R16: 18 | S16: 6 | T16: 10 | U16: 4 | W16: 1 | X16: 1 | Y16: 1 | Z16: 1 | AA16: 1 | AC16: J | AD16: 4 | AE16: 17 | AF16: 3 | AG16: 21 | AH16: 21 | AJ16: J | AK16: 4 | AL16: 17 | AM16: 3 | AN16: 21 | AO16: 21
A17: G3 | B17: Gold M3 | C17: =COUNTIF(K:K, $A17) -> 0 | D17: =COUNTIF(L:L, $A17) -> 7 | E17: =COUNTIF(M:M, $A17) -> 0 | F17: =COUNTIF(N:N, $A17) -> 4 | G17: =COUNTIF(O:O, $A17) -> 0 | H17: 13 | J17: 13 | K17: M4 | L17: M5 | M17: M1 | N17: J | O17: M2 | Q17: 5 | R17: 6 | S17: 2 | T17: 10 | U17: 3 | W17: 1 | X17: 1 | Y17: 1 | Z17: 1 | AA17: 1 | AC17: G1 | AD17: 0 | AE17: 7 | AF17: 0 | AG17: 4 | AH17: 0 | AJ17: G1 | AK17: 0 | AL17: 7 | AM17: 0 | AN17: 4 | AO17: 0
A18: G4 | B18: Gold M4 | C18: =COUNTIF(K:K, $A18) -> 0 | D18: =COUNTIF(L:L, $A18) -> 4 | E18: =COUNTIF(M:M, $A18) -> 3 | F18: =COUNTIF(N:N, $A18) -> 3 | G18: =COUNTIF(O:O, $A18) -> 0 | H18: 14 | J18: 14 | K18: M5 | L18: G1 | M18: K | N18: K | O18: M2 | Q18: 6 | R18: 11 | S18: 8 | T18: 8 | U18: 3 | W18: 1 | X18: 1 | Y18: 1 | Z18: 1 | AA18: 1 | AC18: G2 | AD18: 0 | AE18: 7 | AF18: 0 | AG18: 4 | AH18: 0 | AJ18: G2 | AK18: 0 | AL18: 7 | AM18: 0 | AN18: 4 | AO18: 0
... A23: GJ | B23: Gold J | C23: =COUNTIF(K:K, $A23) -> 0 | D23: =COUNTIF(L:L, $A23) -> 8 | E23: =COUNTIF(M:M, $A23) -> 0 | F23: =COUNTIF(N:N, $A23) -> 4 | G23: =COUNTIF(O:O, $A23) -> 0 | H23: 19 | J23: 19 | K23: M5 | L23: M4 | M23: M5 | N23: GA | O23: M1 | Q23: 6 | R23: 5 | S23: 6 | T23: 16 | U23: 2 | W23: 1 | X23: 1 | Y23: 1 | Z23: 1 | AA23: 1 | AC23: GK | AD23: 0 | AE23: 4 | AF23: 3 | AG23: 3 | AH23: 0 | AJ23: GK | AK23: 0 | AL23: 4 | AM23: 3 | AN23: 3 | AO23: 0
C24: =SUM(C4:C23) -> 200 | D24: =SUM(D4:D23) -> 200 | E24: =SUM(E4:E23) -> 200 | F24: =SUM(F4:F23) -> 200 | G24: =SUM(G4:G23) -> 200 | J24: 20 | K24: A | L24: GK | M24: A | N24: Q | O24: M4 | Q24: 7 | R24: 17 | S24: 7 | T24: 9 | U24: 5 | W24: 1 | X24: 1 | Y24: 1 | Z24: 1 | AA24: 1 | AC24: GQ | AD24: 0 | AE24: 8 | AF24: 0 | AG24: 4 | AH24: 0 | AJ24: GQ | AK24: 0 | AL24: 8 | AM24: 0 | AN24: 4 | AO24: 0
J25: 21 | K25: K | L25: GK | M25: M3 | N25: M1 | O25: M1 | Q25: 8 | R25: 17 | S25: 4 | T25: 2 | U25: 2 | W25: 1 | X25: 1 | Y25: 1 | Z25: 1 | AA25: 1 | AC25: GJ | AD25: 0 | AE25: 8 | AF25: 0 | AG25: 4 | AH25: 0 | AJ25: GJ | AK25: 0 | AL25: 8 | AM25: 0 | AN25: 4 | AO25: 0
B26: Normal Symbol | C26: =SUM(C4:C14)/C24 -> 1 | D26: =SUM(D4:D14)/D24 -> 0.735 | E26: =SUM(E4:E14)/E24 -> 0.94 | F26: =SUM(F4:F14)/F24 -> 0.84 | G26: =SUM(G4:G14)/G24 -> 1 | J26: 22 | K26: K | L26: M2 | M26: K | N26: A | O26: M4 | Q26: 8 | R26: 3 | S26: 8 | T26: 7 | U26: 5 | W26: 1 | X26: 1 | Y26: 1 | Z26: 1 | AA26: 1 | AD26: =SUM(AD6:AD25) -> 200 | AE26: =SUM(AE6:AE25) -> 200 | AF26: =SUM(AF6:AF25) -> 200 | AG26: =SUM(AG6:AG25) -> 200 | AH26: =SUM(AH6:AH25) -> 200 | AK26: =SUM(AK6:AK25) -> 200 | AL26: =SUM(AL6:AL25) -> 200 | AM26: =SUM(AM6:AM25) -> 200 | AN26: =SUM(AN6:AN25) -> 200 | AO26: =SUM(AO6:AO25) -> 200
B27: Golden Symbol | C27: =SUM(C15:C23)/C24 -> 0 | D27: =SUM(D15:D23)/D24 -> 0.265 | E27: =SUM(E15:E23)/E24 -> 0.06 | F27: =SUM(F15:F23)/F24 -> 0.16 | G27: =SUM(G15:G23)/G24 -> 0 | J27: 23 | K27: K | L27: M3 | M27: M5 | N27: C1 | O27: M5 | Q27: 8 | R27: 4 | S27: 6 | T27: 1 | U27: 6 | W27: 1 | X27: 1 | Y27: 1 | Z27: 1 | AA27: 1
J28: 24 | K28: M4 | L28: M3 | M28: Q | N28: GJ | O28: K | Q28: 5 | R28: 4 | S28: 9 | T28: 19 | U28: 8 | W28: 1 | X28: 1 | Y28: 1 | Z28: 1 | AA28: 1 | AC28: 2 Combo | AJ28: 2 Combo
J29: 25 | K29: K | L29: K | M29: K | N29: M3 | O29: M3 | Q29: 8 | R29: 8 | S29: 8 | T29: 4 | U29: 4 | W29: 1 | X29: 1 | Y29: 1 | Z29: 1 | AA29: 1 | AC29: Symbol | AD29: R1 | AE29: R2 | AF29: R3 | AG29: R4 | AH29: R5 | AJ29: Symbol | AK29: R1 | AL29: R2 | AM29: R3 | AN29: R4 | AO29: R5
J30: 26 | K30: A | L30: K | M30: M5 | N30: J | O30: M5 | Q30: 7 | R30: 8 | S30: 6 | T30: 10 | U30: 6 | W30: 1 | X30: 1 | Y30: 1 | Z30: 1 | AA30: 1 | AC30: {=$A$4:$A$23} -> WW | AD30: 0 | AE30: 0 | AF30: 0 | AG30: 0 | AH30: 0 | AJ30: {=$A$4:$A$23} -> WW | AK30: 0 | AL30: 0 | AM30: 0 | AN30: 0 | AO30: 0
J31: 27 | K31: M4 | L31: GQ | M31: A | N31: GJ | O31: Q | Q31: 5 | R31: 18 | S31: 7 | T31: 19 | U31: 9 | W31: 1 | X31: 1 | Y31: 1 | Z31: 1 | AA31: 1 | AC31: C1 | AD31: 3 | AE31: 3 | AF31: 3 | AG31: 6 | AH31: 6 | AJ31: C1 | AK31: 3 | AL31: 3 | AM31: 3 | AN31: 6 | AO31: 6
J32: 28 | K32: K | L32: G4 | M32: M5 | N32: G1 | O32: Q | Q32: 8 | R32: 14 | S32: 6 | T32: 11 | U32: 9 | W32: 1 | X32: 1 | Y32: 1 | Z32: 1 | AA32: 1 | AC32: M1 | AD32: 4 | AE32: 17 | AF32: 4 | AG32: 21 | AH32: 22 | AJ32: M1 | AK32: 4 | AL32: 17 | AM32: 4 | AN32: 21 | AO32: 22
J33: 29 | K33: M1 | L33: G3 | M33: M4 | N33: M2 | O33: M1 | Q33: 2 | R33: 13 | S33: 5 | T33: 3 | U33: 2 | W33: 1 | X33: 1 | Y33: 1 | Z33: 1 | AA33: 1 | AC33: M2 | AD33: 4 | AE33: 18 | AF33: 4 | AG33: 20 | AH33: 22 | AJ33: M2 | AK33: 4 | AL33: 18 | AM33: 4 | AN33: 20 | AO33: 22
J34: 30 | K34: K | L34: J | M34: K | N34: M1 | O34: M1 | Q34: 8 | R34: 10 | S34: 8 | T34: 2 | U34: 2 | W34: 1 | X34: 1 | Y34: 1 | Z34: 1 | AA34: 1 | AC34: M3 | AD34: 4 | AE34: 18 | AF34: 4 | AG34: 20 | AH34: 21 | AJ34: M3 | AK34: 4 | AL34: 18 | AM34: 4 | AN34: 20 | AO34: 21
J35: 31 | K35: M4 | L35: J | M35: A | N35: M5 | O35: C1 | Q35: 5 | R35: 10 | S35: 7 | T35: 6 | U35: 1 | W35: 1 | X35: 1 | Y35: 1 | Z35: 1 | AA35: 1 | AC35: M4 | AD35: 40 | AE35: 14 | AF35: 41 | AG35: 14 | AH35: 21 | AJ35: M4 | AK35: 40 | AL35: 14 | AM35: 41 | AN35: 14 | AO35: 21
J36: 32 | K36: A | L36: M4 | M36: M3 | N36: M5 | O36: Q | Q36: 7 | R36: 5 | S36: 4 | T36: 6 | U36: 9 | W36: 1 | X36: 1 | Y36: 1 | Z36: 1 | AA36: 1 | AC36: M5 | AD36: 40 | AE36: 14 | AF36: 41 | AG36: 14 | AH36: 21 | AJ36: M5 | AK36: 40 | AL36: 14 | AM36: 41 | AN36: 14 | AO36: 21
J37: 33 | K37: M4 | L37: K | M37: K | N37: GA | O37: K | Q37: 5 | R37: 8 | S37: 8 | T37: 16 | U37: 8 | W37: 1 | X37: 1 | Y37: 1 | Z37: 1 | AA37: 1 | AC37: A | AD37: 47 | AE37: 13 | AF37: 41 | AG37: 14 | AH37: 21 | AJ37: A | AK37: 47 | AL37: 13 | AM37: 41 | AN37: 14 | AO37: 21
J38: 34 | K38: M5 | L38: G2 | M38: M4 | N38: K | O38: M2 | Q38: 6 | R38: 12 | S38: 5 | T38: 8 | U38: 3 | W38: 1 | X38: 1 | Y38: 1 | Z38: 1 | AA38: 1 | AC38: K | AD38: 47 | AE38: 13 | AF38: 41 | AG38: 14 | AH38: 21 | AJ38: K | AK38: 47 | AL38: 13 | AM38: 41 | AN38: 14 | AO38: 21
J39: 35 | K39: M5 | L39: A | M39: M5 | N39: M1 | O39: J | Q39: 6 | R39: 7 | S39: 6 | T39: 2 | U39: 10 | W39: 1 | X39: 1 | Y39: 1 | Z39: 1 | AA39: 1 | AC39: Q | AD39: 4 | AE39: 17 | AF39: 3 | AG39: 21 | AH39: 21 | AJ39: Q | AK39: 4 | AL39: 17 | AM39: 3 | AN39: 21 | AO39: 21
J40: 36 | K40: A | L40: GA | M40: K | N40: G4 | O40: M1 | Q40: 7 | R40: 16 | S40: 8 | T40: 14 | U40: 2 | W40: 1 | X40: 1 | Y40: 1 | Z40: 1 | AA40: 1 | AC40: J | AD40: 4 | AE40: 17 | AF40: 3 | AG40: 21 | AH40: 21 | AJ40: J | AK40: 4 | AL40: 17 | AM40: 3 | AN40: 21 | AO40: 21
J41: 37 | K41: M4 | L41: GA | M41: A | N41: C1 | O41: Q | Q41: 5 | R41: 16 | S41: 7 | T41: 1 | U41: 9 | W41: 1 | X41: 1 | Y41: 1 | Z41: 1 | AA41: 1 | AC41: G1 | AD41: 0 | AE41: 7 | AF41: 0 | AG41: 4 | AH41: 0 | AJ41: G1 | AK41: 0 | AL41: 7 | AM41: 0 | AN41: 4 | AO41: 0
J42: 38 | K42: M4 | L42: J | M42: J | N42: M5 | O42: M4 | Q42: 5 | R42: 10 | S42: 10 | T42: 6 | U42: 5 | W42: 1 | X42: 1 | Y42: 1 | Z42: 1 | AA42: 1 | AC42: G2 | AD42: 0 | AE42: 7 | AF42: 0 | AG42: 4 | AH42: 0 | AJ42: G2 | AK42: 0 | AL42: 7 | AM42: 0 | AN42: 4 | AO42: 0
... J49: 45 | K49: K | L49: M3 | M49: M5 | N49: J | O49: M3 | Q49: 8 | R49: 4 | S49: 6 | T49: 10 | U49: 4 | W49: 1 | X49: 1 | Y49: 1 | Z49: 1 | AA49: 1 | AC49: GJ | AD49: 0 | AE49: 8 | AF49: 0 | AG49: 4 | AH49: 0 | AJ49: GJ | AK49: 0 | AL49: 8 | AM49: 0 | AN49: 4 | AO49: 0
J50: 46 | K50: A | L50: M1 | M50: A | N50: M2 | O50: J | Q50: 7 | R50: 2 | S50: 7 | T50: 3 | U50: 10 | W50: 1 | X50: 1 | Y50: 1 | Z50: 1 | AA50: 1 | AD50: =SUM(AD30:AD49) -> 197 | AE50: =SUM(AE30:AE49) -> 197 | AF50: =SUM(AF30:AF49) -> 197 | AG50: =SUM(AG30:AG49) -> 197 | AH50: =SUM(AH30:AH49) -> 197 | AK50: =SUM(AK30:AK49) -> 197 | AL50: =SUM(AL30:AL49) -> 197 | AM50: =SUM(AM30:AM49) -> 197 | AN50: =SUM(AN30:AN49) -> 197 | AO50: =SUM(AO30:AO49) -> 197
J51: 47 | K51: C1 | L51: M1 | M51: M2 | N51: M1 | O51: Q | Q51: 1 | R51: 2 | S51: 3 | T51: 2 | U51: 9 | W51: 1 | X51: 1 | Y51: 1 | Z51: 1 | AA51: 1
J52: 48 | K52: K | L52: M4 | M52: A | N52: A | O52: M1 | Q52: 8 | R52: 5 | S52: 7 | T52: 7 | U52: 2 | W52: 1 | X52: 1 | Y52: 1 | Z52: 1 | AA52: 1 | AC52: 3+ Combo | AJ52: 3+ Combo
J53: 49 | K53: A | L53: K | M53: A | N53: Q | O53: A | Q53: 7 | R53: 8 | S53: 7 | T53: 9 | U53: 7 | W53: 1 | X53: 1 | Y53: 1 | Z53: 1 | AA53: 1 | AC53: Symbol | AD53: R1 | AE53: R2 | AF53: R3 | AG53: R4 | AH53: R5 | AJ53: Symbol | AK53: R1 | AL53: R2 | AM53: R3 | AN53: R4 | AO53: R5
J54: 50 | K54: A | L54: K | M54: A | N54: Q | O54: M3 | Q54: 7 | R54: 8 | S54: 7 | T54: 9 | U54: 4 | W54: 1 | X54: 1 | Y54: 1 | Z54: 1 | AA54: 1 | AC54: {=$A$4:$A$23} -> WW | AD54: 0 | AE54: 0 | AF54: 0 | AG54: 0 | AH54: 0 | AJ54: {=$A$4:$A$23} -> WW | AK54: 0 | AL54: 0 | AM54: 0 | AN54: 0 | AO54: 0
J55: 51 | K55: M5 | L55: K | M55: K | N55: G4 | O55: M1 | Q55: 6 | R55: 8 | S55: 8 | T55: 14 | U55: 2 | W55: 1 | X55: 1 | Y55: 1 | Z55: 1 | AA55: 1 | AC55: C1 | AD55: 1 | AE55: 1 | AF55: 1 | AG55: 3 | AH55: 3 | AJ55: C1 | AK55: 1 | AL55: 1 | AM55: 1 | AN55: 3 | AO55: 3
J56: 52 | K56: K | L56: Q | M56: A | N56: M3 | O56: M4 | Q56: 8 | R56: 9 | S56: 7 | T56: 4 | U56: 5 | W56: 1 | X56: 1 | Y56: 1 | Z56: 1 | AA56: 1 | AC56: M1 | AD56: 4 | AE56: 17 | AF56: 4 | AG56: 21 | AH56: 22 | AJ56: M1 | AK56: 4 | AL56: 17 | AM56: 4 | AN56: 21 | AO56: 22
J57: 53 | K57: A | L57: Q | M57: M5 | N57: M3 | O57: M2 | Q57: 7 | R57: 9 | S57: 6 | T57: 4 | U57: 3 | W57: 1 | X57: 1 | Y57: 1 | Z57: 1 | AA57: 1 | AC57: M2 | AD57: 4 | AE57: 18 | AF57: 4 | AG57: 20 | AH57: 22 | AJ57: M2 | AK57: 4 | AL57: 18 | AM57: 4 | AN57: 20 | AO57: 22
J58: 54 | K58: A | L58: M3 | M58: K | N58: G1 | O58: M1 | Q58: 7 | R58: 4 | S58: 8 | T58: 11 | U58: 2 | W58: 1 | X58: 1 | Y58: 1 | Z58: 1 | AA58: 1 | AC58: M3 | AD58: 4 | AE58: 18 | AF58: 4 | AG58: 20 | AH58: 21 | AJ58: M3 | AK58: 4 | AL58: 18 | AM58: 4 | AN58: 20 | AO58: 21
J59: 55 | K59: A | L59: M3 | M59: K | N59: M3 | O59: K | Q59: 7 | R59: 4 | S59: 8 | T59: 4 | U59: 8 | W59: 1 | X59: 1 | Y59: 1 | Z59: 1 | AA59: 1 | AC59: M4 | AD59: 40 | AE59: 14 | AF59: 41 | AG59: 14 | AH59: 21 | AJ59: M4 | AK59: 40 | AL59: 14 | AM59: 41 | AN59: 14 | AO59: 21
J60: 56 | K60: M4 | L60: G4 | M60: K | N60: K | O60: J | Q60: 5 | R60: 14 | S60: 8 | T60: 8 | U60: 10 | W60: 1 | X60: 1 | Y60: 1 | Z60: 1 | AA60: 1 | AC60: M5 | AD60: 40 | AE60: 14 | AF60: 41 | AG60: 14 | AH60: 21 | AJ60: M5 | AK60: 40 | AL60: 14 | AM60: 41 | AN60: 14 | AO60: 21
J61: 57 | K61: M5 | L61: G4 | M61: M5 | N61: M3 | O61: J | Q61: 6 | R61: 14 | S61: 6 | T61: 4 | U61: 10 | W61: 1 | X61: 1 | Y61: 1 | Z61: 1 | AA61: 1 | AC61: A | AD61: 47 | AE61: 13 | AF61: 41 | AG61: 14 | AH61: 21 | AJ61: A | AK61: 47 | AL61: 13 | AM61: 41 | AN61: 14 | AO61: 21
J62: 58 | K62: J | L62: Q | M62: M5 | N62: GK | O62: M2 | Q62: 10 | R62: 9 | S62: 6 | T62: 17 | U62: 3 | W62: 1 | X62: 1 | Y62: 1 | Z62: 1 | AA62: 1 | AC62: K | AD62: 47 | AE62: 13 | AF62: 41 | AG62: 14 | AH62: 21 | AJ62: K | AK62: 47 | AL62: 13 | AM62: 41 | AN62: 14 | AO62: 21
J63: 59 | K63: K | L63: G3 | M63: C1 | N63: GQ | O63: M4 | Q63: 8 | R63: 13 | S63: 1 | T63: 18 | U63: 5 | W63: 1 | X63: 1 | Y63: 1 | Z63: 1 | AA63: 1 | AC63: Q | AD63: 4 | AE63: 17 | AF63: 3 | AG63: 21 | AH63: 21 | AJ63: Q | AK63: 4 | AL63: 17 | AM63: 3 | AN63: 21 | AO63: 21
J64: 60 | K64: M5 | L64: Q | M64: M4 | N64: M3 | O64: Q | Q64: 6 | R64: 9 | S64: 5 | T64: 4 | U64: 9 | W64: 1 | X64: 1 | Y64: 1 | Z64: 1 | AA64: 1 | AC64: J | AD64: 4 | AE64: 17 | AF64: 3 | AG64: 21 | AH64: 21 | AJ64: J | AK64: 4 | AL64: 17 | AM64: 3 | AN64: 21 | AO64: 21
J65: 61 | K65: A | L65: J | M65: G4 | N65: M2 | O65: K | Q65: 7 | R65: 10 | S65: 14 | T65: 3 | U65: 8 | W65: 1 | X65: 1 | Y65: 1 | Z65: 1 | AA65: 1 | AC65: G1 | AD65: 0 | AE65: 7 | AF65: 0 | AG65: 4 | AH65: 0 | AJ65: G1 | AK65: 0 | AL65: 7 | AM65: 0 | AN65: 4 | AO65: 0
J66: 62 | K66: M1 | L66: M2 | M66: M4 | N66: Q | O66: Q | Q66: 2 | R66: 3 | S66: 5 | T66: 9 | U66: 9 | W66: 1 | X66: 1 | Y66: 1 | Z66: 1 | AA66: 1 | AC66: G2 | AD66: 0 | AE66: 7 | AF66: 0 | AG66: 4 | AH66: 0 | AJ66: G2 | AK66: 0 | AL66: 7 | AM66: 0 | AN66: 4 | AO66: 0
... J73: 69 | K73: J | L73: GJ | M73: M5 | N73: M5 | O73: A | Q73: 10 | R73: 19 | S73: 6 | T73: 6 | U73: 7 | W73: 1 | X73: 1 | Y73: 1 | Z73: 1 | AA73: 1 | AC73: GJ | AD73: 0 | AE73: 8 | AF73: 0 | AG73: 4 | AH73: 0 | AJ73: GJ | AK73: 0 | AL73: 8 | AM73: 0 | AN73: 4 | AO73: 0
J74: 70 | K74: K | L74: Q | M74: A | N74: M2 | O74: M3 | Q74: 8 | R74: 9 | S74: 7 | T74: 3 | U74: 4 | W74: 1 | X74: 1 | Y74: 1 | Z74: 1 | AA74: 1 | AD74: =SUM(AD54:AD73) -> 195 | AE74: =SUM(AE54:AE73) -> 195 | AF74: =SUM(AF54:AF73) -> 195 | AG74: =SUM(AG54:AG73) -> 194 | AH74: =SUM(AH54:AH73) -> 194 | AK74: =SUM(AK54:AK73) -> 195 | AL74: =SUM(AL54:AL73) -> 195 | AM74: =SUM(AM54:AM73) -> 195 | AN74: =SUM(AN54:AN73) -> 194 | AO74: =SUM(AO54:AO73) -> 194
J75: 71 | K75: M4 | L75: M2 | M75: M5 | N75: C1 | O75: J | Q75: 5 | R75: 3 | S75: 6 | T75: 1 | U75: 10 | W75: 1 | X75: 1 | Y75: 1 | Z75: 1 | AA75: 1
J76: 72 | K76: Q | L76: M2 | M76: G4 | N76: G1 | O76: A | Q76: 9 | R76: 3 | S76: 14 | T76: 11 | U76: 7 | W76: 1 | X76: 1 | Y76: 1 | Z76: 1 | AA76: 1
J77: 73 | K77: M4 | L77: G4 | M77: M4 | N77: M1 | O77: M3 | Q77: 5 | R77: 14 | S77: 5 | T77: 2 | U77: 4 | W77: 1 | X77: 1 | Y77: 1 | Z77: 1 | AA77: 1
J78: 74 | K78: A | L78: M1 | M78: M5 | N78: Q | O78: J | Q78: 7 | R78: 2 | S78: 6 | T78: 9 | U78: 10 | W78: 1 | X78: 1 | Y78: 1 | Z78: 1 | AA78: 1
J79: 75 | K79: A | L79: J | M79: A | N79: G3 | O79: A | Q79: 7 | R79: 10 | S79: 7 | T79: 13 | U79: 7 | W79: 1 | X79: 1 | Y79: 1 | Z79: 1 | AA79: 1
J80: 76 | K80: K | L80: M1 | M80: J | N80: A | O80: M4 | Q80: 8 | R80: 2 | S80: 10 | T80: 7 | U80: 5 | W80: 1 | X80: 1 | Y80: 1 | Z80: 1 | AA80: 1
J81: 77 | K81: A | L81: M5 | M81: M4 | N81: K | O81: A | Q81: 7 | R81: 6 | S81: 5 | T81: 8 | U81: 7 | W81: 1 | X81: 1 | Y81: 1 | Z81: 1 | AA81: 1
J82: 78 | K82: M4 | L82: G2 | M82: K | N82: M3 | O82: M4 | Q82: 5 | R82: 12 | S82: 8 | T82: 4 | U82: 5 | W82: 1 | X82: 1 | Y82: 1 | Z82: 1 | AA82: 1
J83: 79 | K83: M5 | L83: J | M83: M5 | N83: M2 | O83: M1 | Q83: 6 | R83: 10 | S83: 6 | T83: 3 | U83: 2 | W83: 1 | X83: 1 | Y83: 1 | Z83: 1 | AA83: 1
J84: 80 | K84: K | L84: J | M84: GK | N84: C1 | O84: J | Q84: 8 | R84: 10 | S84: 17 | T84: 1 | U84: 10 | W84: 1 | X84: 1 | Y84: 1 | Z84: 1 | AA84: 1
J85: 81 | K85: A | L85: A | M85: A | N85: A | O85: K | Q85: 7 | R85: 7 | S85: 7 | T85: 7 | U85: 8 | W85: 1 | X85: 1 | Y85: 1 | Z85: 1 | AA85: 1
J86: 82 | K86: M3 | L86: M4 | M86: M3 | N86: A | O86: M1 | Q86: 4 | R86: 5 | S86: 4 | T86: 7 | U86: 2 | W86: 1 | X86: 1 | Y86: 1 | Z86: 1 | AA86: 1
... J203: 199 | K203: A | L203: G2 | M203: K | N203: G2 | O203: M3 | Q203: 7 | R203: 12 | S203: 8 | T203: 12 | U203: 4 | W203: 1 | X203: 1 | Y203: 1 | Z203: 1 | AA203: 1

Sheet FG_Symbol
J2: Symbol | Q2: Symbol ID | W2: Symbol Weight | AC2: Eliminate Wheel Weight A | AJ2: Eliminate Wheel Weight B
A3: Symbol | B3: Description | C3: R1 | D3: R2 | E3: R3 | F3: R4 | G3: R5 | H3: ID | K3: R1 | L3: R2 | M3: R3 | N3: R4 | O3: R5 | Q3: R1 | R3: R2 | S3: R3 | T3: R4 | U3: R5 | W3: R1 | X3: R2 | Y3: R3 | Z3: R4 | AA3: R5
A4: {=Overview!A38:B57} -> WW | B4: Wild | C4: =COUNTIF(K:K, $A4) -> 0 | D4: =COUNTIF(L:L, $A4) -> 0 | E4: =COUNTIF(M:M, $A4) -> 0 | F4: =COUNTIF(N:N, $A4) -> 0 | G4: =COUNTIF(O:O, $A4) -> 0 | H4: {=Overview!F38:F57} -> 0 | J4: {=_xlfn.SEQUENCE(MAX(COUNTA(K:K), COUNTA(L:L), COUNTA(M:M), COUNTA(N:N), COUNTA(O:O))-1,,0)} -> 0 | K4: A | L4: M5 | M4: G4 | N4: GK | O4: K | Q4: {=_xlfn.LET(_xlpm.x, K4:O304, IF(_xlpm.x="", "", _xlfn.XLOOKUP(_xlpm.x, $A$4:$A$23,_xlfn.ANCHORARRAY( H4))))} -> 7 | R4: 6 | S4: 14 | T4: 17 | U4: 8 | W4: 1 | X4: 1 | Y4: 1 | Z4: 1 | AA4: 1 | AC4: 1 Combo | AJ4: 1 Combo
A5: C1 | B5: Scatter | C5: =COUNTIF(K:K, $A5) -> 2 | D5: =COUNTIF(L:L, $A5) -> 2 | E5: =COUNTIF(M:M, $A5) -> 0 | F5: =COUNTIF(N:N, $A5) -> 3 | G5: =COUNTIF(O:O, $A5) -> 3 | H5: 1 | J5: 1 | K5: M3 | L5: G5 | M5: G5 | N5: K | O5: A | Q5: 4 | R5: 15 | S5: 15 | T5: 8 | U5: 7 | W5: 1 | X5: 1 | Y5: 1 | Z5: 1 | AA5: 1 | AC5: Symbol | AD5: R1 | AE5: R2 | AF5: R3 | AG5: R4 | AH5: R5 | AJ5: Symbol | AK5: R1 | AL5: R2 | AM5: R3 | AN5: R4 | AO5: R5
A6: M1 | B6: M1 | C6: =COUNTIF(K:K, $A6) -> 3 | D6: =COUNTIF(L:L, $A6) -> 10 | E6: =COUNTIF(M:M, $A6) -> 0 | F6: =COUNTIF(N:N, $A6) -> 3 | G6: =COUNTIF(O:O, $A6) -> 9 | H6: 2 | J6: 2 | K6: M5 | L6: M4 | M6: GK | N6: J | O6: K | Q6: 6 | R6: 5 | S6: 17 | T6: 10 | U6: 8 | W6: 1 | X6: 1 | Y6: 1 | Z6: 1 | AA6: 1 | AC6: {=$A$4:$A$23} -> WW | AD6: 0 | AE6: 0 | AF6: 0 | AG6: 0 | AH6: 0 | AJ6: {=$A$4:$A$23} -> WW | AK6: 0 | AL6: 0 | AM6: 0 | AN6: 0 | AO6: 0
A7: M2 | B7: M2 | C7: =COUNTIF(K:K, $A7) -> 3 | D7: =COUNTIF(L:L, $A7) -> 12 | E7: =COUNTIF(M:M, $A7) -> 0 | F7: =COUNTIF(N:N, $A7) -> 3 | G7: =COUNTIF(O:O, $A7) -> 8 | H7: 3 | J7: 3 | K7: A | L7: A | M7: G4 | N7: M4 | O7: M5 | Q7: 7 | R7: 7 | S7: 14 | T7: 5 | U7: 6 | W7: 1 | X7: 1 | Y7: 1 | Z7: 1 | AA7: 1 | AC7: C1 | AD7: 1 | AE7: 1 | AF7: 0 | AG7: 1 | AH7: 1 | AJ7: C1 | AK7: 1 | AL7: 1 | AM7: 0 | AN7: 1 | AO7: 1
A8: M3 | B8: M3 | C8: =COUNTIF(K:K, $A8) -> 7 | D8: =COUNTIF(L:L, $A8) -> 13 | E8: =COUNTIF(M:M, $A8) -> 0 | F8: =COUNTIF(N:N, $A8) -> 7 | G8: =COUNTIF(O:O, $A8) -> 14 | H8: 4 | J8: 4 | K8: Q | L8: M4 | M8: GA | N8: J | O8: M4 | Q8: 9 | R8: 5 | S8: 16 | T8: 10 | U8: 5 | W8: 1 | X8: 1 | Y8: 1 | Z8: 1 | AA8: 1 | AC8: M1 | AD8: 3 | AE8: 10 | AF8: 0 | AG8: 3 | AH8: 9 | AJ8: M1 | AK8: 3 | AL8: 10 | AM8: 0 | AN8: 3 | AO8: 9
A9: M4 | B9: M4 | C9: =COUNTIF(K:K, $A9) -> 43 | D9: =COUNTIF(L:L, $A9) -> 22 | E9: =COUNTIF(M:M, $A9) -> 0 | F9: =COUNTIF(N:N, $A9) -> 31 | G9: =COUNTIF(O:O, $A9) -> 36 | H9: 5 | J9: 5 | K9: K | L9: A | M9: GK | N9: K | O9: M5 | Q9: 8 | R9: 7 | S9: 17 | T9: 8 | U9: 6 | W9: 1 | X9: 1 | Y9: 1 | Z9: 1 | AA9: 1 | AC9: M2 | AD9: 3 | AE9: 12 | AF9: 0 | AG9: 3 | AH9: 8 | AJ9: M2 | AK9: 3 | AL9: 12 | AM9: 0 | AN9: 3 | AO9: 8
A10: M5 | B10: M5 | C10: =COUNTIF(K:K, $A10) -> 42 | D10: =COUNTIF(L:L, $A10) -> 22 | E10: =COUNTIF(M:M, $A10) -> 0 | F10: =COUNTIF(N:N, $A10) -> 27 | G10: =COUNTIF(O:O, $A10) -> 34 | H10: 6 | J10: 6 | K10: M3 | L10: Q | M10: GA | N10: G4 | O10: M4 | Q10: 4 | R10: 9 | S10: 16 | T10: 14 | U10: 5 | W10: 1 | X10: 1 | Y10: 1 | Z10: 1 | AA10: 1 | AC10: M3 | AD10: 7 | AE10: 13 | AF10: 0 | AG10: 7 | AH10: 14 | AJ10: M3 | AK10: 7 | AL10: 13 | AM10: 0 | AN10: 7 | AO10: 14
A11: A | B11: A | C11: =COUNTIF(K:K, $A11) -> 43 | D11: =COUNTIF(L:L, $A11) -> 27 | E11: =COUNTIF(M:M, $A11) -> 0 | F11: =COUNTIF(N:N, $A11) -> 31 | G11: =COUNTIF(O:O, $A11) -> 35 | H11: 7 | J11: 7 | K11: M5 | L11: GQ | M11: GK | N11: GK | O11: M5 | Q11: 6 | R11: 18 | S11: 17 | T11: 17 | U11: 6 | W11: 1 | X11: 1 | Y11: 1 | Z11: 1 | AA11: 1 | AC11: M4 | AD11: 43 | AE11: 22 | AF11: 0 | AG11: 31 | AH11: 36 | AJ11: M4 | AK11: 43 | AL11: 22 | AM11: 0 | AN11: 31 | AO11: 36
A12: K | B12: K | C12: =COUNTIF(K:K, $A12) -> 43 | D12: =COUNTIF(L:L, $A12) -> 24 | E12: =COUNTIF(M:M, $A12) -> 0 | F12: =COUNTIF(N:N, $A12) -> 32 | G12: =COUNTIF(O:O, $A12) -> 34 | H12: 8 | J12: 8 | K12: J | L12: M2 | M12: GA | N12: A | O12: A | Q12: 10 | R12: 3 | S12: 16 | T12: 7 | U12: 7 | W12: 1 | X12: 1 | Y12: 1 | Z12: 1 | AA12: 1 | AC12: M5 | AD12: 42 | AE12: 22 | AF12: 0 | AG12: 27 | AH12: 34 | AJ12: M5 | AK12: 42 | AL12: 22 | AM12: 0 | AN12: 27 | AO12: 34
A13: Q | B13: Q | C13: =COUNTIF(K:K, $A13) -> 7 | D13: =COUNTIF(L:L, $A13) -> 12 | E13: =COUNTIF(M:M, $A13) -> 0 | F13: =COUNTIF(N:N, $A13) -> 6 | G13: =COUNTIF(O:O, $A13) -> 13 | H13: 9 | J13: 9 | K13: M1 | L13: GA | M13: G5 | N13: G4 | O13: Q | Q13: 2 | R13: 16 | S13: 15 | T13: 14 | U13: 9 | W13: 1 | X13: 1 | Y13: 1 | Z13: 1 | AA13: 1 | AC13: A | AD13: 43 | AE13: 27 | AF13: 0 | AG13: 31 | AH13: 35 | AJ13: A | AK13: 43 | AL13: 27 | AM13: 0 | AN13: 31 | AO13: 35
A14: J | B14: J | C14: =COUNTIF(K:K, $A14) -> 7 | D14: =COUNTIF(L:L, $A14) -> 8 | E14: =COUNTIF(M:M, $A14) -> 0 | F14: =COUNTIF(N:N, $A14) -> 7 | G14: =COUNTIF(O:O, $A14) -> 14 | H14: 10 | J14: 10 | K14: A | L14: K | M14: GA | N14: M4 | O14: M1 | Q14: 7 | R14: 8 | S14: 16 | T14: 5 | U14: 2 | W14: 1 | X14: 1 | Y14: 1 | Z14: 1 | AA14: 1 | AC14: K | AD14: 43 | AE14: 24 | AF14: 0 | AG14: 32 | AH14: 34 | AJ14: K | AK14: 43 | AL14: 24 | AM14: 0 | AN14: 32 | AO14: 34
A15: G1 | B15: Gold M1 | C15: =COUNTIF(K:K, $A15) -> 0 | D15: =COUNTIF(L:L, $A15) -> 2 | E15: =COUNTIF(M:M, $A15) -> 3 | F15: =COUNTIF(N:N, $A15) -> 1 | G15: =COUNTIF(O:O, $A15) -> 0 | H15: 11 | J15: 11 | K15: M5 | L15: GK | M15: GJ | N15: J | O15: Q | Q15: 6 | R15: 17 | S15: 19 | T15: 10 | U15: 9 | W15: 1 | X15: 1 | Y15: 1 | Z15: 1 | AA15: 1 | AC15: Q | AD15: 7 | AE15: 12 | AF15: 0 | AG15: 6 | AH15: 13 | AJ15: Q | AK15: 7 | AL15: 12 | AM15: 0 | AN15: 6 | AO15: 13
A16: G2 | B16: Gold M2 | C16: =COUNTIF(K:K, $A16) -> 0 | D16: =COUNTIF(L:L, $A16) -> 3 | E16: =COUNTIF(M:M, $A16) -> 3 | F16: =COUNTIF(N:N, $A16) -> 1 | G16: =COUNTIF(O:O, $A16) -> 0 | H16: 12 | J16: 12 | K16: J | L16: M5 | M16: G3 | N16: M2 | O16: M3 | Q16: 10 | R16: 6 | S16: 13 | T16: 3 | U16: 4 | W16: 1 | X16: 1 | Y16: 1 | Z16: 1 | AA16: 1 | AC16: J | AD16: 7 | AE16: 8 | AF16: 0 | AG16: 7 | AH16: 14 | AJ16: J | AK16: 7 | AL16: 8 | AM16: 0 | AN16: 7 | AO16: 14
A17: G3 | B17: Gold M3 | C17: =COUNTIF(K:K, $A17) -> 0 | D17: =COUNTIF(L:L, $A17) -> 3 | E17: =COUNTIF(M:M, $A17) -> 8 | F17: =COUNTIF(N:N, $A17) -> 2 | G17: =COUNTIF(O:O, $A17) -> 0 | H17: 13 | J17: 13 | K17: M4 | L17: G4 | M17: GA | N17: K | O17: K | Q17: 5 | R17: 14 | S17: 16 | T17: 8 | U17: 8 | W17: 1 | X17: 1 | Y17: 1 | Z17: 1 | AA17: 1 | AC17: G1 | AD17: 0 | AE17: 2 | AF17: 3 | AG17: 1 | AH17: 0 | AJ17: G1 | AK17: 0 | AL17: 2 | AM17: 3 | AN17: 1 | AO17: 0
A18: G4 | B18: Gold M4 | C18: =COUNTIF(K:K, $A18) -> 0 | D18: =COUNTIF(L:L, $A18) -> 8 | E18: =COUNTIF(M:M, $A18) -> 43 | F18: =COUNTIF(N:N, $A18) -> 11 | G18: =COUNTIF(O:O, $A18) -> 0 | H18: 14 | J18: 14 | K18: M5 | L18: M3 | M18: G4 | N18: M4 | O18: J | Q18: 6 | R18: 4 | S18: 14 | T18: 5 | U18: 10 | W18: 1 | X18: 1 | Y18: 1 | Z18: 1 | AA18: 1 | AC18: G2 | AD18: 0 | AE18: 3 | AF18: 1 | AG18: 1 | AH18: 0 | AJ18: G2 | AK18: 0 | AL18: 3 | AM18: 1 | AN18: 1 | AO18: 0
... A23: GJ | B23: Gold J | C23: =COUNTIF(K:K, $A23) -> 0 | D23: =COUNTIF(L:L, $A23) -> 2 | E23: =COUNTIF(M:M, $A23) -> 9 | F23: =COUNTIF(N:N, $A23) -> 2 | G23: =COUNTIF(O:O, $A23) -> 0 | H23: 19 | J23: 19 | K23: M2 | L23: J | M23: G4 | N23: K | O23: Q | Q23: 3 | R23: 10 | S23: 14 | T23: 8 | U23: 9 | W23: 1 | X23: 1 | Y23: 1 | Z23: 1 | AA23: 1 | AC23: GK | AD23: 0 | AE23: 9 | AF23: 44 | AG23: 10 | AH23: 0 | AJ23: GK | AK23: 0 | AL23: 9 | AM23: 44 | AN23: 10 | AO23: 0
C24: =SUM(C4:C23) -> 200 | D24: =SUM(D4:D23) -> 200 | E24: =SUM(E4:E23) -> 200 | F24: =SUM(F4:F23) -> 200 | G24: =SUM(G4:G23) -> 200 | J24: 20 | K24: C1 | L24: M2 | M24: GA | N24: M5 | O24: A | Q24: 1 | R24: 3 | S24: 16 | T24: 6 | U24: 7 | W24: 1 | X24: 1 | Y24: 1 | Z24: 1 | AA24: 1 | AC24: GQ | AD24: 0 | AE24: 3 | AF24: 6 | AG24: 1 | AH24: 0 | AJ24: GQ | AK24: 0 | AL24: 3 | AM24: 6 | AN24: 1 | AO24: 0
J25: 21 | K25: K | L25: A | M25: GK | N25: A | O25: Q | Q25: 8 | R25: 7 | S25: 17 | T25: 7 | U25: 9 | W25: 1 | X25: 1 | Y25: 1 | Z25: 1 | AA25: 1 | AC25: GJ | AD25: 0 | AE25: 2 | AF25: 9 | AG25: 2 | AH25: 0 | AJ25: GJ | AK25: 0 | AL25: 2 | AM25: 9 | AN25: 2 | AO25: 0
B26: Normal Symbol | C26: =SUM(C4:C14)/C24 -> 1 | D26: =SUM(D4:D14)/D24 -> 0.76 | E26: =SUM(E4:E14)/E24 -> 0 | F26: =SUM(F4:F14)/F24 -> 0.75 | G26: =SUM(G4:G14)/G24 -> 1 | J26: 22 | K26: M5 | L26: M5 | M26: GJ | N26: M2 | O26: K | Q26: 6 | R26: 6 | S26: 19 | T26: 3 | U26: 8 | W26: 1 | X26: 1 | Y26: 1 | Z26: 1 | AA26: 1 | AD26: =SUM(AD6:AD25) -> 199 | AE26: =SUM(AE6:AE25) -> 199 | AF26: =SUM(AF6:AF25) -> 198 | AG26: =SUM(AG6:AG25) -> 198 | AH26: =SUM(AH6:AH25) -> 198 | AK26: =SUM(AK6:AK25) -> 199 | AL26: =SUM(AL6:AL25) -> 199 | AM26: =SUM(AM6:AM25) -> 198 | AN26: =SUM(AN6:AN25) -> 198 | AO26: =SUM(AO6:AO25) -> 198
B27: Golden Symbol | C27: =SUM(C15:C23)/C24 -> 0 | D27: =SUM(D15:D23)/D24 -> 0.24 | E27: =SUM(E15:E23)/E24 -> 1 | F27: =SUM(F15:F23)/F24 -> 0.25 | G27: =SUM(G15:G23)/G24 -> 0 | J27: 23 | K27: A | L27: Q | M27: GK | N27: G4 | O27: M2 | Q27: 7 | R27: 9 | S27: 17 | T27: 14 | U27: 3 | W27: 1 | X27: 1 | Y27: 1 | Z27: 1 | AA27: 1
J28: 24 | K28: M5 | L28: A | M28: GA | N28: K | O28: A | Q28: 6 | R28: 7 | S28: 16 | T28: 8 | U28: 7 | W28: 1 | X28: 1 | Y28: 1 | Z28: 1 | AA28: 1 | AC28: 2 Combo | AJ28: 2 Combo
J29: 25 | K29: Q | L29: M4 | M29: G4 | N29: A | O29: M3 | Q29: 9 | R29: 5 | S29: 14 | T29: 7 | U29: 4 | W29: 1 | X29: 1 | Y29: 1 | Z29: 1 | AA29: 1 | AC29: Symbol | AD29: R1 | AE29: R2 | AF29: R3 | AG29: R4 | AH29: R5 | AJ29: Symbol | AK29: R1 | AL29: R2 | AM29: R3 | AN29: R4 | AO29: R5
J30: 26 | K30: A | L30: A | M30: GJ | N30: G4 | O30: M1 | Q30: 7 | R30: 7 | S30: 19 | T30: 14 | U30: 2 | W30: 1 | X30: 1 | Y30: 1 | Z30: 1 | AA30: 1 | AC30: {=$A$4:$A$23} -> WW | AD30: 0 | AE30: 0 | AF30: 0 | AG30: 0 | AH30: 0 | AJ30: {=$A$4:$A$23} -> WW | AK30: 0 | AL30: 0 | AM30: 0 | AN30: 0 | AO30: 0
J31: 27 | K31: M5 | L31: M2 | M31: GK | N31: GA | O31: J | Q31: 6 | R31: 3 | S31: 17 | T31: 16 | U31: 10 | W31: 1 | X31: 1 | Y31: 1 | Z31: 1 | AA31: 1 | AC31: C1 | AD31: 1 | AE31: 1 | AF31: 1 | AG31: 1 | AH31: 1 | AJ31: C1 | AK31: 1 | AL31: 1 | AM31: 1 | AN31: 1 | AO31: 1
J32: 28 | K32: K | L32: A | M32: GA | N32: M5 | O32: A | Q32: 8 | R32: 7 | S32: 16 | T32: 6 | U32: 7 | W32: 1 | X32: 1 | Y32: 1 | Z32: 1 | AA32: 1 | AC32: M1 | AD32: 3 | AE32: 10 | AF32: 0 | AG32: 3 | AH32: 9 | AJ32: M1 | AK32: 3 | AL32: 10 | AM32: 0 | AN32: 3 | AO32: 9
J33: 29 | K33: M4 | L33: K | M33: GK | N33: G5 | O33: M1 | Q33: 5 | R33: 8 | S33: 17 | T33: 15 | U33: 2 | W33: 1 | X33: 1 | Y33: 1 | Z33: 1 | AA33: 1 | AC33: M2 | AD33: 3 | AE33: 12 | AF33: 0 | AG33: 3 | AH33: 8 | AJ33: M2 | AK33: 3 | AL33: 12 | AM33: 0 | AN33: 3 | AO33: 8
J34: 30 | K34: J | L34: GA | M34: GA | N34: K | O34: M4 | Q34: 10 | R34: 16 | S34: 16 | T34: 8 | U34: 5 | W34: 1 | X34: 1 | Y34: 1 | Z34: 1 | AA34: 1 | AC34: M3 | AD34: 7 | AE34: 13 | AF34: 0 | AG34: 7 | AH34: 14 | AJ34: M3 | AK34: 7 | AL34: 13 | AM34: 0 | AN34: 7 | AO34: 14
J35: 31 | K35: M4 | L35: M5 | M35: GK | N35: M5 | O35: K | Q35: 5 | R35: 6 | S35: 17 | T35: 6 | U35: 8 | W35: 1 | X35: 1 | Y35: 1 | Z35: 1 | AA35: 1 | AC35: M4 | AD35: 43 | AE35: 22 | AF35: 0 | AG35: 31 | AH35: 36 | AJ35: M4 | AK35: 43 | AL35: 22 | AM35: 0 | AN35: 31 | AO35: 36
J36: 32 | K36: M5 | L36: M3 | M36: G3 | N36: G5 | O36: M3 | Q36: 6 | R36: 4 | S36: 13 | T36: 15 | U36: 4 | W36: 1 | X36: 1 | Y36: 1 | Z36: 1 | AA36: 1 | AC36: M5 | AD36: 42 | AE36: 22 | AF36: 0 | AG36: 27 | AH36: 34 | AJ36: M5 | AK36: 42 | AL36: 22 | AM36: 0 | AN36: 27 | AO36: 34
J37: 33 | K37: K | L37: GQ | M37: GA | N37: A | O37: M1 | Q37: 8 | R37: 18 | S37: 16 | T37: 7 | U37: 2 | W37: 1 | X37: 1 | Y37: 1 | Z37: 1 | AA37: 1 | AC37: A | AD37: 43 | AE37: 27 | AF37: 0 | AG37: 31 | AH37: 35 | AJ37: A | AK37: 43 | AL37: 27 | AM37: 0 | AN37: 31 | AO37: 35
J38: 34 | K38: A | L38: M4 | M38: GQ | N38: GK | O38: M5 | Q38: 7 | R38: 5 | S38: 18 | T38: 17 | U38: 6 | W38: 1 | X38: 1 | Y38: 1 | Z38: 1 | AA38: 1 | AC38: K | AD38: 43 | AE38: 24 | AF38: 0 | AG38: 32 | AH38: 34 | AJ38: K | AK38: 43 | AL38: 24 | AM38: 0 | AN38: 32 | AO38: 34
J39: 35 | K39: M5 | L39: M3 | M39: G5 | N39: M3 | O39: M4 | Q39: 6 | R39: 4 | S39: 15 | T39: 4 | U39: 5 | W39: 1 | X39: 1 | Y39: 1 | Z39: 1 | AA39: 1 | AC39: Q | AD39: 7 | AE39: 12 | AF39: 0 | AG39: 6 | AH39: 13 | AJ39: Q | AK39: 7 | AL39: 12 | AM39: 0 | AN39: 6 | AO39: 13
J40: 36 | K40: M4 | L40: M4 | M40: GA | N40: K | O40: A | Q40: 5 | R40: 5 | S40: 16 | T40: 8 | U40: 7 | W40: 1 | X40: 1 | Y40: 1 | Z40: 1 | AA40: 1 | AC40: J | AD40: 7 | AE40: 8 | AF40: 0 | AG40: 7 | AH40: 14 | AJ40: J | AK40: 7 | AL40: 8 | AM40: 0 | AN40: 7 | AO40: 14
J41: 37 | K41: M5 | L41: M5 | M41: GJ | N41: G1 | O41: M5 | Q41: 6 | R41: 6 | S41: 19 | T41: 11 | U41: 6 | W41: 1 | X41: 1 | Y41: 1 | Z41: 1 | AA41: 1 | AC41: G1 | AD41: 0 | AE41: 2 | AF41: 3 | AG41: 1 | AH41: 0 | AJ41: G1 | AK41: 0 | AL41: 2 | AM41: 3 | AN41: 1 | AO41: 0
J42: 38 | K42: K | L42: A | M42: G4 | N42: K | O42: K | Q42: 8 | R42: 7 | S42: 14 | T42: 8 | U42: 8 | W42: 1 | X42: 1 | Y42: 1 | Z42: 1 | AA42: 1 | AC42: G2 | AD42: 0 | AE42: 3 | AF42: 1 | AG42: 1 | AH42: 0 | AJ42: G2 | AK42: 0 | AL42: 3 | AM42: 1 | AN42: 1 | AO42: 0
... J49: 45 | K49: A | L49: M5 | M49: GA | N49: G5 | O49: M3 | Q49: 7 | R49: 6 | S49: 16 | T49: 15 | U49: 4 | W49: 1 | X49: 1 | Y49: 1 | Z49: 1 | AA49: 1 | AC49: GJ | AD49: 0 | AE49: 2 | AF49: 9 | AG49: 2 | AH49: 0 | AJ49: GJ | AK49: 0 | AL49: 2 | AM49: 9 | AN49: 2 | AO49: 0
J50: 46 | K50: M5 | L50: G5 | M50: G5 | N50: A | O50: A | Q50: 6 | R50: 15 | S50: 15 | T50: 7 | U50: 7 | W50: 1 | X50: 1 | Y50: 1 | Z50: 1 | AA50: 1 | AD50: =SUM(AD30:AD49) -> 199 | AE50: =SUM(AE30:AE49) -> 199 | AF50: =SUM(AF30:AF49) -> 199 | AG50: =SUM(AG30:AG49) -> 198 | AH50: =SUM(AH30:AH49) -> 198 | AK50: =SUM(AK30:AK49) -> 199 | AL50: =SUM(AL30:AL49) -> 199 | AM50: =SUM(AM30:AM49) -> 199 | AN50: =SUM(AN30:AN49) -> 198 | AO50: =SUM(AO30:AO49) -> 198
J51: 47 | K51: K | L51: K | M51: GA | N51: M3 | O51: J | Q51: 8 | R51: 8 | S51: 16 | T51: 4 | U51: 10 | W51: 1 | X51: 1 | Y51: 1 | Z51: 1 | AA51: 1
J52: 48 | K52: M4 | L52: M5 | M52: GK | N52: GK | O52: M1 | Q52: 5 | R52: 6 | S52: 17 | T52: 17 | U52: 2 | W52: 1 | X52: 1 | Y52: 1 | Z52: 1 | AA52: 1 | AC52: 3+ Combo | AJ52: 3+ Combo
J53: 49 | K53: M5 | L53: K | M53: G4 | N53: K | O53: A | Q53: 6 | R53: 8 | S53: 14 | T53: 8 | U53: 7 | W53: 1 | X53: 1 | Y53: 1 | Z53: 1 | AA53: 1 | AC53: Symbol | AD53: R1 | AE53: R2 | AF53: R3 | AG53: R4 | AH53: R5 | AJ53: Symbol | AK53: R1 | AL53: R2 | AM53: R3 | AN53: R4 | AO53: R5
J54: 50 | K54: A | L54: A | M54: GA | N54: M4 | O54: K | Q54: 7 | R54: 7 | S54: 16 | T54: 5 | U54: 8 | W54: 1 | X54: 1 | Y54: 1 | Z54: 1 | AA54: 1 | AC54: {=$A$4:$A$23} -> WW | AD54: 0 | AE54: 0 | AF54: 0 | AG54: 0 | AH54: 0 | AJ54: {=$A$4:$A$23} -> WW | AK54: 0 | AL54: 0 | AM54: 0 | AN54: 0 | AO54: 0
J55: 51 | K55: M4 | L55: M2 | M55: GK | N55: G4 | O55: A | Q55: 5 | R55: 3 | S55: 17 | T55: 14 | U55: 7 | W55: 1 | X55: 1 | Y55: 1 | Z55: 1 | AA55: 1 | AC55: C1 | AD55: 1 | AE55: 1 | AF55: 1 | AG55: 1 | AH55: 1 | AJ55: C1 | AK55: 1 | AL55: 1 | AM55: 1 | AN55: 1 | AO55: 1
J56: 52 | K56: K | L56: A | M56: G4 | N56: M5 | O56: K | Q56: 8 | R56: 7 | S56: 14 | T56: 6 | U56: 8 | W56: 1 | X56: 1 | Y56: 1 | Z56: 1 | AA56: 1 | AC56: M1 | AD56: 3 | AE56: 10 | AF56: 0 | AG56: 3 | AH56: 9 | AJ56: M1 | AK56: 3 | AL56: 10 | AM56: 0 | AN56: 3 | AO56: 9
J57: 53 | K57: A | L57: G4 | M57: G2 | N57: M3 | O57: M4 | Q57: 7 | R57: 14 | S57: 12 | T57: 4 | U57: 5 | W57: 1 | X57: 1 | Y57: 1 | Z57: 1 | AA57: 1 | AC57: M2 | AD57: 3 | AE57: 12 | AF57: 0 | AG57: 3 | AH57: 8 | AJ57: M2 | AK57: 3 | AL57: 12 | AM57: 0 | AN57: 3 | AO57: 8
J58: 54 | K58: M4 | L58: Q | M58: GK | N58: K | O58: A | Q58: 5 | R58: 9 | S58: 17 | T58: 8 | U58: 7 | W58: 1 | X58: 1 | Y58: 1 | Z58: 1 | AA58: 1 | AC58: M3 | AD58: 7 | AE58: 13 | AF58: 0 | AG58: 7 | AH58: 14 | AJ58: M3 | AK58: 7 | AL58: 13 | AM58: 0 | AN58: 7 | AO58: 14
J59: 55 | K59: A | L59: M3 | M59: G4 | N59: Q | O59: K | Q59: 7 | R59: 4 | S59: 14 | T59: 9 | U59: 8 | W59: 1 | X59: 1 | Y59: 1 | Z59: 1 | AA59: 1 | AC59: M4 | AD59: 43 | AE59: 22 | AF59: 0 | AG59: 31 | AH59: 36 | AJ59: M4 | AK59: 43 | AL59: 22 | AM59: 0 | AN59: 31 | AO59: 36
J60: 56 | K60: M3 | L60: M2 | M60: GQ | N60: M5 | O60: M5 | Q60: 4 | R60: 3 | S60: 18 | T60: 6 | U60: 6 | W60: 1 | X60: 1 | Y60: 1 | Z60: 1 | AA60: 1 | AC60: M5 | AD60: 42 | AE60: 22 | AF60: 0 | AG60: 27 | AH60: 34 | AJ60: M5 | AK60: 42 | AL60: 22 | AM60: 0 | AN60: 27 | AO60: 34
J61: 57 | K61: M4 | L61: K | M61: G4 | N61: G4 | O61: K | Q61: 5 | R61: 8 | S61: 14 | T61: 14 | U61: 8 | W61: 1 | X61: 1 | Y61: 1 | Z61: 1 | AA61: 1 | AC61: A | AD61: 43 | AE61: 27 | AF61: 0 | AG61: 31 | AH61: 35 | AJ61: A | AK61: 43 | AL61: 27 | AM61: 0 | AN61: 31 | AO61: 35
J62: 58 | K62: M5 | L62: C1 | M62: G5 | N62: Q | O62: M4 | Q62: 6 | R62: 1 | S62: 15 | T62: 9 | U62: 5 | W62: 1 | X62: 1 | Y62: 1 | Z62: 1 | AA62: 1 | AC62: K | AD62: 43 | AE62: 24 | AF62: 0 | AG62: 32 | AH62: 34 | AJ62: K | AK62: 43 | AL62: 24 | AM62: 0 | AN62: 32 | AO62: 34
J63: 59 | K63: C1 | L63: M2 | M63: G4 | N63: M1 | O63: A | Q63: 1 | R63: 3 | S63: 14 | T63: 2 | U63: 7 | W63: 1 | X63: 1 | Y63: 1 | Z63: 1 | AA63: 1 | AC63: Q | AD63: 7 | AE63: 12 | AF63: 0 | AG63: 6 | AH63: 13 | AJ63: Q | AK63: 7 | AL63: 12 | AM63: 0 | AN63: 6 | AO63: 13
J64: 60 | K64: K | L64: J | M64: GK | N64: Q | O64: M4 | Q64: 8 | R64: 10 | S64: 17 | T64: 9 | U64: 5 | W64: 1 | X64: 1 | Y64: 1 | Z64: 1 | AA64: 1 | AC64: J | AD64: 7 | AE64: 8 | AF64: 0 | AG64: 7 | AH64: 14 | AJ64: J | AK64: 7 | AL64: 8 | AM64: 0 | AN64: 7 | AO64: 14
J65: 61 | K65: M5 | L65: A | M65: GA | N65: GA | O65: M3 | Q65: 6 | R65: 7 | S65: 16 | T65: 16 | U65: 4 | W65: 1 | X65: 1 | Y65: 1 | Z65: 1 | AA65: 1 | AC65: G1 | AD65: 0 | AE65: 2 | AF65: 3 | AG65: 1 | AH65: 0 | AJ65: G1 | AK65: 0 | AL65: 2 | AM65: 3 | AN65: 1 | AO65: 0
J66: 62 | K66: K | L66: G4 | M66: G4 | N66: M5 | O66: J | Q66: 8 | R66: 14 | S66: 14 | T66: 6 | U66: 10 | W66: 1 | X66: 1 | Y66: 1 | Z66: 1 | AA66: 1 | AC66: G2 | AD66: 0 | AE66: 3 | AF66: 1 | AG66: 1 | AH66: 0 | AJ66: G2 | AK66: 0 | AL66: 3 | AM66: 1 | AN66: 1 | AO66: 0
... J73: 69 | K73: M5 | L73: Q | M73: GK | N73: J | O73: M5 | Q73: 6 | R73: 9 | S73: 17 | T73: 10 | U73: 6 | W73: 1 | X73: 1 | Y73: 1 | Z73: 1 | AA73: 1 | AC73: GJ | AD73: 0 | AE73: 2 | AF73: 9 | AG73: 2 | AH73: 0 | AJ73: GJ | AK73: 0 | AL73: 2 | AM73: 9 | AN73: 2 | AO73: 0
J74: 70 | K74: K | L74: M4 | M74: G5 | N74: A | O74: M4 | Q74: 8 | R74: 5 | S74: 15 | T74: 7 | U74: 5 | W74: 1 | X74: 1 | Y74: 1 | Z74: 1 | AA74: 1 | AD74: =SUM(AD54:AD73) -> 199 | AE74: =SUM(AE54:AE73) -> 199 | AF74: =SUM(AF54:AF73) -> 199 | AG74: =SUM(AG54:AG73) -> 198 | AH74: =SUM(AH54:AH73) -> 198 | AK74: =SUM(AK54:AK73) -> 199 | AL74: =SUM(AL54:AL73) -> 199 | AM74: =SUM(AM54:AM73) -> 199 | AN74: =SUM(AN54:AN73) -> 198 | AO74: =SUM(AO54:AO73) -> 198
J75: 71 | K75: J | L75: GA | M75: GA | N75: M5 | O75: Q | Q75: 10 | R75: 16 | S75: 16 | T75: 6 | U75: 9 | W75: 1 | X75: 1 | Y75: 1 | Z75: 1 | AA75: 1
J76: 72 | K76: A | L76: A | M76: G5 | N76: K | O76: M5 | Q76: 7 | R76: 7 | S76: 15 | T76: 8 | U76: 6 | W76: 1 | X76: 1 | Y76: 1 | Z76: 1 | AA76: 1
J77: 73 | K77: M5 | L77: J | M77: G1 | N77: G3 | O77: M4 | Q77: 6 | R77: 10 | S77: 11 | T77: 13 | U77: 5 | W77: 1 | X77: 1 | Y77: 1 | Z77: 1 | AA77: 1
J78: 74 | K78: A | L78: M4 | M78: G5 | N78: K | O78: A | Q78: 7 | R78: 5 | S78: 15 | T78: 8 | U78: 7 | W78: 1 | X78: 1 | Y78: 1 | Z78: 1 | AA78: 1
J79: 75 | K79: K | L79: M2 | M79: G4 | N79: M4 | O79: M4 | Q79: 8 | R79: 3 | S79: 14 | T79: 5 | U79: 5 | W79: 1 | X79: 1 | Y79: 1 | Z79: 1 | AA79: 1
J80: 76 | K80: A | L80: A | M80: GA | N80: A | O80: M5 | Q80: 7 | R80: 7 | S80: 16 | T80: 7 | U80: 6 | W80: 1 | X80: 1 | Y80: 1 | Z80: 1 | AA80: 1
J81: 77 | K81: K | L81: M4 | M81: G4 | N81: M4 | O81: A | Q81: 8 | R81: 5 | S81: 14 | T81: 5 | U81: 7 | W81: 1 | X81: 1 | Y81: 1 | Z81: 1 | AA81: 1
J82: 78 | K82: A | L82: G3 | M82: GA | N82: GA | O82: J | Q82: 7 | R82: 13 | S82: 16 | T82: 16 | U82: 10 | W82: 1 | X82: 1 | Y82: 1 | Z82: 1 | AA82: 1
J83: 79 | K83: M4 | L83: M5 | M83: GJ | N83: M4 | O83: M1 | Q83: 5 | R83: 6 | S83: 19 | T83: 5 | U83: 2 | W83: 1 | X83: 1 | Y83: 1 | Z83: 1 | AA83: 1
J84: 80 | K84: M3 | L84: GJ | M84: G5 | N84: K | O84: M3 | Q84: 4 | R84: 19 | S84: 15 | T84: 8 | U84: 4 | W84: 1 | X84: 1 | Y84: 1 | Z84: 1 | AA84: 1
J85: 81 | K85: J | L85: G4 | M85: GK | N85: GA | O85: A | Q85: 10 | R85: 14 | S85: 17 | T85: 16 | U85: 7 | W85: 1 | X85: 1 | Y85: 1 | Z85: 1 | AA85: 1
J86: 82 | K86: M4 | L86: K | M86: GJ | N86: J | O86: K | Q86: 5 | R86: 8 | S86: 19 | T86: 10 | U86: 8 | W86: 1 | X86: 1 | Y86: 1 | Z86: 1 | AA86: 1
... J203: 199 | K203: M4 | L203: M4 | M203: G4 | N203: M4 | O203: M4 | Q203: 5 | R203: 5 | S203: 14 | T203: 5 | U203: 5 | W203: 1 | X203: 1 | Y203: 1 | Z203: 1 | AA203: 1

Sheet FG_Symbol (2)
J2: Symbol | Q2: Symbol ID | W2: Symbol Weight | AC2: Eliminate Wheel Weight A | AJ2: Eliminate Wheel Weight B
A3: Symbol | B3: Description | C3: R1 | D3: R2 | E3: R3 | F3: R4 | G3: R5 | H3: ID | K3: R1 | L3: R2 | M3: R3 | N3: R4 | O3: R5 | Q3: R1 | R3: R2 | S3: R3 | T3: R4 | U3: R5 | W3: R1 | X3: R2 | Y3: R3 | Z3: R4 | AA3: R5
A4: {=Overview!A38:B57} -> WW | B4: Wild | C4: =COUNTIF(K:K, $A4) -> 0 | D4: =COUNTIF(L:L, $A4) -> 0 | E4: =COUNTIF(M:M, $A4) -> 0 | F4: =COUNTIF(N:N, $A4) -> 0 | G4: =COUNTIF(O:O, $A4) -> 0 | H4: {=Overview!F38:F57} -> 0 | J4: {=_xlfn.SEQUENCE(MAX(COUNTA(K:K), COUNTA(L:L), COUNTA(M:M), COUNTA(N:N), COUNTA(O:O))-1,,0)} -> 0 | K4: A | L4: M5 | M4: G4 | N4: M5 | O4: A | Q4: {=_xlfn.LET(_xlpm.x, K4:O304, IF(_xlpm.x="", "", _xlfn.XLOOKUP(_xlpm.x, $A$4:$A$23,_xlfn.ANCHORARRAY( H4))))} -> 7 | R4: 6 | S4: 14 | T4: 6 | U4: 7 | W4: 1 | X4: 1 | Y4: 1 | Z4: 1 | AA4: 1 | AC4: 1 Combo | AJ4: 1 Combo
A5: C1 | B5: Scatter | C5: =COUNTIF(K:K, $A5) -> 3 | D5: =COUNTIF(L:L, $A5) -> 3 | E5: =COUNTIF(M:M, $A5) -> 0 | F5: =COUNTIF(N:N, $A5) -> 5 | G5: =COUNTIF(O:O, $A5) -> 5 | H5: 1 | J5: 1 | K5: M5 | L5: GJ | M5: GK | N5: M4 | O5: M2 | Q5: 6 | R5: 19 | S5: 17 | T5: 5 | U5: 3 | W5: 1 | X5: 1 | Y5: 1 | Z5: 1 | AA5: 1 | AC5: Symbol | AD5: R1 | AE5: R2 | AF5: R3 | AG5: R4 | AH5: R5 | AJ5: Symbol | AK5: R1 | AL5: R2 | AM5: R3 | AN5: R4 | AO5: R5
A6: M1 | B6: M1 | C6: =COUNTIF(K:K, $A6) -> 3 | D6: =COUNTIF(L:L, $A6) -> 10 | E6: =COUNTIF(M:M, $A6) -> 0 | F6: =COUNTIF(N:N, $A6) -> 3 | G6: =COUNTIF(O:O, $A6) -> 9 | H6: 2 | J6: 2 | K6: A | L6: GA | M6: G4 | N6: J | O6: M4 | Q6: 7 | R6: 16 | S6: 14 | T6: 10 | U6: 5 | W6: 1 | X6: 1 | Y6: 1 | Z6: 1 | AA6: 1 | AC6: {=$A$4:$A$23} -> WW | AD6: 0 | AE6: 0 | AF6: 0 | AG6: 0 | AH6: 0 | AJ6: {=$A$4:$A$23} -> WW | AK6: 0 | AL6: 0 | AM6: 0 | AN6: 0 | AO6: 0
A7: M2 | B7: M2 | C7: =COUNTIF(K:K, $A7) -> 3 | D7: =COUNTIF(L:L, $A7) -> 12 | E7: =COUNTIF(M:M, $A7) -> 0 | F7: =COUNTIF(N:N, $A7) -> 3 | G7: =COUNTIF(O:O, $A7) -> 8 | H7: 3 | J7: 3 | K7: K | L7: M5 | M7: G5 | N7: A | O7: M5 | Q7: 8 | R7: 6 | S7: 15 | T7: 7 | U7: 6 | W7: 1 | X7: 1 | Y7: 1 | Z7: 1 | AA7: 1 | AC7: C1 | AD7: 1 | AE7: 1 | AF7: 1 | AG7: 1 | AH7: 1 | AJ7: C1 | AK7: 1 | AL7: 1 | AM7: 1 | AN7: 1 | AO7: 1
A8: M3 | B8: M3 | C8: =COUNTIF(K:K, $A8) -> 7 | D8: =COUNTIF(L:L, $A8) -> 13 | E8: =COUNTIF(M:M, $A8) -> 0 | F8: =COUNTIF(N:N, $A8) -> 7 | G8: =COUNTIF(O:O, $A8) -> 14 | H8: 4 | J8: 4 | K8: M5 | L8: G5 | M8: GA | N8: K | O8: M3 | Q8: 6 | R8: 15 | S8: 16 | T8: 8 | U8: 4 | W8: 1 | X8: 1 | Y8: 1 | Z8: 1 | AA8: 1 | AC8: M1 | AD8: 3 | AE8: 10 | AF8: 0 | AG8: 3 | AH8: 9 | AJ8: M1 | AK8: 3 | AL8: 10 | AM8: 0 | AN8: 3 | AO8: 9
A9: M4 | B9: M4 | C9: =COUNTIF(K:K, $A9) -> 43 | D9: =COUNTIF(L:L, $A9) -> 23 | E9: =COUNTIF(M:M, $A9) -> 0 | F9: =COUNTIF(N:N, $A9) -> 33 | G9: =COUNTIF(O:O, $A9) -> 35 | H9: 5 | J9: 5 | K9: C1 | L9: K | M9: G4 | N9: G5 | O9: M1 | Q9: 1 | R9: 8 | S9: 14 | T9: 15 | U9: 2 | W9: 1 | X9: 1 | Y9: 1 | Z9: 1 | AA9: 1 | AC9: M2 | AD9: 3 | AE9: 12 | AF9: 0 | AG9: 3 | AH9: 8 | AJ9: M2 | AK9: 3 | AL9: 12 | AM9: 0 | AN9: 3 | AO9: 8
A10: M5 | B10: M5 | C10: =COUNTIF(K:K, $A10) -> 42 | D10: =COUNTIF(L:L, $A10) -> 23 | E10: =COUNTIF(M:M, $A10) -> 0 | F10: =COUNTIF(N:N, $A10) -> 33 | G10: =COUNTIF(O:O, $A10) -> 34 | H10: 6 | J10: 6 | K10: A | L10: M1 | M10: G5 | N10: M4 | O10: K | Q10: 7 | R10: 2 | S10: 15 | T10: 5 | U10: 8 | W10: 1 | X10: 1 | Y10: 1 | Z10: 1 | AA10: 1 | AC10: M3 | AD10: 7 | AE10: 13 | AF10: 0 | AG10: 7 | AH10: 14 | AJ10: M3 | AK10: 7 | AL10: 13 | AM10: 0 | AN10: 7 | AO10: 14
A11: A | B11: A | C11: =COUNTIF(K:K, $A11) -> 43 | D11: =COUNTIF(L:L, $A11) -> 27 | E11: =COUNTIF(M:M, $A11) -> 0 | F11: =COUNTIF(N:N, $A11) -> 33 | G11: =COUNTIF(O:O, $A11) -> 34 | H11: 7 | J11: 7 | K11: K | L11: G4 | M11: GK | N11: M2 | O11: A | Q11: 8 | R11: 14 | S11: 17 | T11: 3 | U11: 7 | W11: 1 | X11: 1 | Y11: 1 | Z11: 1 | AA11: 1 | AC11: M4 | AD11: 43 | AE11: 23 | AF11: 0 | AG11: 33 | AH11: 35 | AJ11: M4 | AK11: 43 | AL11: 23 | AM11: 0 | AN11: 33 | AO11: 35
A12: K | B12: K | C12: =COUNTIF(K:K, $A12) -> 43 | D12: =COUNTIF(L:L, $A12) -> 25 | E12: =COUNTIF(M:M, $A12) -> 0 | F12: =COUNTIF(N:N, $A12) -> 34 | G12: =COUNTIF(O:O, $A12) -> 34 | H12: 8 | J12: 8 | K12: A | L12: K | M12: G3 | N12: G5 | O12: J | Q12: 7 | R12: 8 | S12: 13 | T12: 15 | U12: 10 | W12: 1 | X12: 1 | Y12: 1 | Z12: 1 | AA12: 1 | AC12: M5 | AD12: 42 | AE12: 23 | AF12: 0 | AG12: 33 | AH12: 34 | AJ12: M5 | AK12: 42 | AL12: 23 | AM12: 0 | AN12: 33 | AO12: 34
A13: Q | B13: Q | C13: =COUNTIF(K:K, $A13) -> 7 | D13: =COUNTIF(L:L, $A13) -> 12 | E13: =COUNTIF(M:M, $A13) -> 0 | F13: =COUNTIF(N:N, $A13) -> 6 | G13: =COUNTIF(O:O, $A13) -> 13 | H13: 9 | J13: 9 | K13: J | L13: M1 | M13: G5 | N13: GQ | O13: M3 | Q13: 10 | R13: 2 | S13: 15 | T13: 18 | U13: 4 | W13: 1 | X13: 1 | Y13: 1 | Z13: 1 | AA13: 1 | AC13: A | AD13: 43 | AE13: 27 | AF13: 0 | AG13: 33 | AH13: 34 | AJ13: A | AK13: 43 | AL13: 27 | AM13: 0 | AN13: 33 | AO13: 34
A14: J | B14: J | C14: =COUNTIF(K:K, $A14) -> 6 | D14: =COUNTIF(L:L, $A14) -> 8 | E14: =COUNTIF(M:M, $A14) -> 0 | F14: =COUNTIF(N:N, $A14) -> 7 | G14: =COUNTIF(O:O, $A14) -> 14 | H14: 10 | J14: 10 | K14: M4 | L14: M5 | M14: GA | N14: G5 | O14: J | Q14: 5 | R14: 6 | S14: 16 | T14: 15 | U14: 10 | W14: 1 | X14: 1 | Y14: 1 | Z14: 1 | AA14: 1 | AC14: K | AD14: 43 | AE14: 25 | AF14: 0 | AG14: 34 | AH14: 34 | AJ14: K | AK14: 43 | AL14: 25 | AM14: 0 | AN14: 34 | AO14: 34
A15: G1 | B15: Gold M1 | C15: =COUNTIF(K:K, $A15) -> 0 | D15: =COUNTIF(L:L, $A15) -> 2 | E15: =COUNTIF(M:M, $A15) -> 3 | F15: =COUNTIF(N:N, $A15) -> 1 | G15: =COUNTIF(O:O, $A15) -> 0 | H15: 11 | J15: 11 | K15: K | L15: M4 | M15: G4 | N15: G4 | O15: K | Q15: 8 | R15: 5 | S15: 14 | T15: 14 | U15: 8 | W15: 1 | X15: 1 | Y15: 1 | Z15: 1 | AA15: 1 | AC15: Q | AD15: 7 | AE15: 12 | AF15: 0 | AG15: 6 | AH15: 13 | AJ15: Q | AK15: 7 | AL15: 12 | AM15: 0 | AN15: 6 | AO15: 13
A16: G2 | B16: Gold M2 | C16: =COUNTIF(K:K, $A16) -> 0 | D16: =COUNTIF(L:L, $A16) -> 3 | E16: =COUNTIF(M:M, $A16) -> 4 | F16: =COUNTIF(N:N, $A16) -> 1 | G16: =COUNTIF(O:O, $A16) -> 0 | H16: 12 | J16: 12 | K16: M4 | L16: M2 | M16: GK | N16: M4 | O16: A | Q16: 5 | R16: 3 | S16: 17 | T16: 5 | U16: 7 | W16: 1 | X16: 1 | Y16: 1 | Z16: 1 | AA16: 1 | AC16: J | AD16: 6 | AE16: 8 | AF16: 0 | AG16: 7 | AH16: 14 | AJ16: J | AK16: 6 | AL16: 8 | AM16: 0 | AN16: 7 | AO16: 14
A17: G3 | B17: Gold M3 | C17: =COUNTIF(K:K, $A17) -> 0 | D17: =COUNTIF(L:L, $A17) -> 3 | E17: =COUNTIF(M:M, $A17) -> 8 | F17: =COUNTIF(N:N, $A17) -> 2 | G17: =COUNTIF(O:O, $A17) -> 0 | H17: 13 | J17: 13 | K17: M5 | L17: K | M17: G4 | N17: Q | O17: M4 | Q17: 6 | R17: 8 | S17: 14 | T17: 9 | U17: 5 | W17: 1 | X17: 1 | Y17: 1 | Z17: 1 | AA17: 1 | AC17: G1 | AD17: 0 | AE17: 2 | AF17: 3 | AG17: 1 | AH17: 0 | AJ17: G1 | AK17: 0 | AL17: 2 | AM17: 3 | AN17: 1 | AO17: 0
A18: G4 | B18: Gold M4 | C18: =COUNTIF(K:K, $A18) -> 0 | D18: =COUNTIF(L:L, $A18) -> 7 | E18: =COUNTIF(M:M, $A18) -> 43 | F18: =COUNTIF(N:N, $A18) -> 8 | G18: =COUNTIF(O:O, $A18) -> 0 | H18: 14 | J18: 14 | K18: A | L18: A | M18: GA | N18: A | O18: M5 | Q18: 7 | R18: 7 | S18: 16 | T18: 7 | U18: 6 | W18: 1 | X18: 1 | Y18: 1 | Z18: 1 | AA18: 1 | AC18: G2 | AD18: 0 | AE18: 3 | AF18: 1 | AG18: 1 | AH18: 0 | AJ18: G2 | AK18: 0 | AL18: 3 | AM18: 1 | AN18: 1 | AO18: 0
... A23: GJ | B23: Gold J | C23: =COUNTIF(K:K, $A23) -> 0 | D23: =COUNTIF(L:L, $A23) -> 2 | E23: =COUNTIF(M:M, $A23) -> 9 | F23: =COUNTIF(N:N, $A23) -> 2 | G23: =COUNTIF(O:O, $A23) -> 0 | H23: 19 | J23: 19 | K23: M3 | L23: M5 | M23: GQ | N23: K | O23: Q | Q23: 4 | R23: 6 | S23: 18 | T23: 8 | U23: 9 | W23: 1 | X23: 1 | Y23: 1 | Z23: 1 | AA23: 1 | AC23: GK | AD23: 0 | AE23: 7 | AF23: 43 | AG23: 6 | AH23: 0 | AJ23: GK | AK23: 0 | AL23: 7 | AM23: 43 | AN23: 6 | AO23: 0
C24: =SUM(C4:C23) -> 200 | D24: =SUM(D4:D23) -> 200 | E24: =SUM(E4:E23) -> 200 | F24: =SUM(F4:F23) -> 200 | G24: =SUM(G4:G23) -> 200 | J24: 20 | K24: A | L24: A | M24: G5 | N24: G2 | O24: K | Q24: 7 | R24: 7 | S24: 15 | T24: 12 | U24: 8 | W24: 1 | X24: 1 | Y24: 1 | Z24: 1 | AA24: 1 | AC24: GQ | AD24: 0 | AE24: 3 | AF24: 6 | AG24: 1 | AH24: 0 | AJ24: GQ | AK24: 0 | AL24: 3 | AM24: 6 | AN24: 1 | AO24: 0
J25: 21 | K25: M5 | L25: G2 | M25: GA | N25: M5 | O25: M5 | Q25: 6 | R25: 12 | S25: 16 | T25: 6 | U25: 6 | W25: 1 | X25: 1 | Y25: 1 | Z25: 1 | AA25: 1 | AC25: GJ | AD25: 0 | AE25: 2 | AF25: 9 | AG25: 2 | AH25: 0 | AJ25: GJ | AK25: 0 | AL25: 2 | AM25: 9 | AN25: 2 | AO25: 0
B26: Normal Symbol | C26: =SUM(C4:C14)/C24 -> 1 | D26: =SUM(D4:D14)/D24 -> 0.78 | E26: =SUM(E4:E14)/E24 -> 0 | F26: =SUM(F4:F14)/F24 -> 0.82 | G26: =SUM(G4:G14)/G24 -> 1 | J26: 22 | K26: M4 | L26: K | M26: G4 | N26: K | O26: M4 | Q26: 5 | R26: 8 | S26: 14 | T26: 8 | U26: 5 | W26: 1 | X26: 1 | Y26: 1 | Z26: 1 | AA26: 1 | AD26: =SUM(AD6:AD25) -> 198 | AE26: =SUM(AE6:AE25) -> 198 | AF26: =SUM(AF6:AF25) -> 198 | AG26: =SUM(AG6:AG25) -> 196 | AH26: =SUM(AH6:AH25) -> 196 | AK26: =SUM(AK6:AK25) -> 198 | AL26: =SUM(AL6:AL25) -> 198 | AM26: =SUM(AM6:AM25) -> 198 | AN26: =SUM(AN6:AN25) -> 196 | AO26: =SUM(AO6:AO25) -> 196
B27: Golden Symbol | C27: =SUM(C15:C23)/C24 -> 0 | D27: =SUM(D15:D23)/D24 -> 0.22 | E27: =SUM(E15:E23)/E24 -> 1 | F27: =SUM(F15:F23)/F24 -> 0.18 | G27: =SUM(G15:G23)/G24 -> 0 | J27: 23 | K27: M5 | L27: M5 | M27: G5 | N27: GK | O27: A | Q27: 6 | R27: 6 | S27: 15 | T27: 17 | U27: 7 | W27: 1 | X27: 1 | Y27: 1 | Z27: 1 | AA27: 1
J28: 24 | K28: A | L28: M3 | M28: GA | N28: K | O28: M1 | Q28: 7 | R28: 4 | S28: 16 | T28: 8 | U28: 2 | W28: 1 | X28: 1 | Y28: 1 | Z28: 1 | AA28: 1 | AC28: 2 Combo | AJ28: 2 Combo
J29: 25 | K29: K | L29: M5 | M29: G4 | N29: A | O29: A | Q29: 8 | R29: 6 | S29: 14 | T29: 7 | U29: 7 | W29: 1 | X29: 1 | Y29: 1 | Z29: 1 | AA29: 1 | AC29: Symbol | AD29: R1 | AE29: R2 | AF29: R3 | AG29: R4 | AH29: R5 | AJ29: Symbol | AK29: R1 | AL29: R2 | AM29: R3 | AN29: R4 | AO29: R5
J30: 26 | K30: M4 | L30: K | M30: G5 | N30: K | O30: M4 | Q30: 5 | R30: 8 | S30: 15 | T30: 8 | U30: 5 | W30: 1 | X30: 1 | Y30: 1 | Z30: 1 | AA30: 1 | AC30: {=$A$4:$A$23} -> WW | AD30: 0 | AE30: 0 | AF30: 0 | AG30: 0 | AH30: 0 | AJ30: {=$A$4:$A$23} -> WW | AK30: 0 | AL30: 0 | AM30: 0 | AN30: 0 | AO30: 0
J31: 27 | K31: M5 | L31: A | M31: GA | N31: A | O31: A | Q31: 6 | R31: 7 | S31: 16 | T31: 7 | U31: 7 | W31: 1 | X31: 1 | Y31: 1 | Z31: 1 | AA31: 1 | AC31: C1 | AD31: 1 | AE31: 1 | AF31: 1 | AG31: 1 | AH31: 1 | AJ31: C1 | AK31: 1 | AL31: 1 | AM31: 1 | AN31: 1 | AO31: 1
J32: 28 | K32: K | L32: Q | M32: GJ | N32: M5 | O32: M3 | Q32: 8 | R32: 9 | S32: 19 | T32: 6 | U32: 4 | W32: 1 | X32: 1 | Y32: 1 | Z32: 1 | AA32: 1 | AC32: M1 | AD32: 3 | AE32: 10 | AF32: 0 | AG32: 3 | AH32: 9 | AJ32: M1 | AK32: 3 | AL32: 10 | AM32: 0 | AN32: 3 | AO32: 9
J33: 29 | K33: M4 | L33: M3 | M33: GA | N33: GA | O33: K | Q33: 5 | R33: 4 | S33: 16 | T33: 16 | U33: 8 | W33: 1 | X33: 1 | Y33: 1 | Z33: 1 | AA33: 1 | AC33: M2 | AD33: 3 | AE33: 12 | AF33: 0 | AG33: 3 | AH33: 8 | AJ33: M2 | AK33: 3 | AL33: 12 | AM33: 0 | AN33: 3 | AO33: 8
J34: 30 | K34: A | L34: Q | M34: G3 | N34: M4 | O34: M5 | Q34: 7 | R34: 9 | S34: 13 | T34: 5 | U34: 6 | W34: 1 | X34: 1 | Y34: 1 | Z34: 1 | AA34: 1 | AC34: M3 | AD34: 7 | AE34: 13 | AF34: 0 | AG34: 7 | AH34: 14 | AJ34: M3 | AK34: 7 | AL34: 13 | AM34: 0 | AN34: 7 | AO34: 14
J35: 31 | K35: K | L35: GK | M35: G5 | N35: G5 | O35: A | Q35: 8 | R35: 17 | S35: 15 | T35: 15 | U35: 7 | W35: 1 | X35: 1 | Y35: 1 | Z35: 1 | AA35: 1 | AC35: M4 | AD35: 43 | AE35: 23 | AF35: 0 | AG35: 33 | AH35: 35 | AJ35: M4 | AK35: 43 | AL35: 23 | AM35: 0 | AN35: 33 | AO35: 35
J36: 32 | K36: A | L36: A | M36: GK | N36: K | O36: Q | Q36: 7 | R36: 7 | S36: 17 | T36: 8 | U36: 9 | W36: 1 | X36: 1 | Y36: 1 | Z36: 1 | AA36: 1 | AC36: M5 | AD36: 42 | AE36: 23 | AF36: 0 | AG36: 33 | AH36: 34 | AJ36: M5 | AK36: 42 | AL36: 23 | AM36: 0 | AN36: 33 | AO36: 34
J37: 33 | K37: M5 | L37: M4 | M37: GA | N37: M4 | O37: J | Q37: 6 | R37: 5 | S37: 16 | T37: 5 | U37: 10 | W37: 1 | X37: 1 | Y37: 1 | Z37: 1 | AA37: 1 | AC37: A | AD37: 43 | AE37: 27 | AF37: 0 | AG37: 33 | AH37: 34 | AJ37: A | AK37: 43 | AL37: 27 | AM37: 0 | AN37: 33 | AO37: 34
J38: 34 | K38: M4 | L38: M3 | M38: G5 | N38: A | O38: A | Q38: 5 | R38: 4 | S38: 15 | T38: 7 | U38: 7 | W38: 1 | X38: 1 | Y38: 1 | Z38: 1 | AA38: 1 | AC38: K | AD38: 43 | AE38: 25 | AF38: 0 | AG38: 34 | AH38: 34 | AJ38: K | AK38: 43 | AL38: 25 | AM38: 0 | AN38: 34 | AO38: 34
J39: 35 | K39: K | L39: M2 | M39: GA | N39: GK | O39: M4 | Q39: 8 | R39: 3 | S39: 16 | T39: 17 | U39: 5 | W39: 1 | X39: 1 | Y39: 1 | Z39: 1 | AA39: 1 | AC39: Q | AD39: 7 | AE39: 12 | AF39: 0 | AG39: 6 | AH39: 13 | AJ39: Q | AK39: 7 | AL39: 12 | AM39: 0 | AN39: 6 | AO39: 13
J40: 36 | K40: M5 | L40: C1 | M40: GK | N40: J | O40: M5 | Q40: 6 | R40: 1 | S40: 17 | T40: 10 | U40: 6 | W40: 1 | X40: 1 | Y40: 1 | Z40: 1 | AA40: 1 | AC40: J | AD40: 6 | AE40: 8 | AF40: 0 | AG40: 7 | AH40: 14 | AJ40: J | AK40: 6 | AL40: 8 | AM40: 0 | AN40: 7 | AO40: 14
J41: 37 | K41: K | L41: G5 | M41: G5 | N41: M5 | O41: M3 | Q41: 8 | R41: 15 | S41: 15 | T41: 6 | U41: 4 | W41: 1 | X41: 1 | Y41: 1 | Z41: 1 | AA41: 1 | AC41: G1 | AD41: 0 | AE41: 2 | AF41: 3 | AG41: 1 | AH41: 0 | AJ41: G1 | AK41: 0 | AL41: 2 | AM41: 3 | AN41: 1 | AO41: 0
J42: 38 | K42: M4 | L42: M4 | M42: GJ | N42: M3 | O42: Q | Q42: 5 | R42: 5 | S42: 19 | T42: 4 | U42: 9 | W42: 1 | X42: 1 | Y42: 1 | Z42: 1 | AA42: 1 | AC42: G2 | AD42: 0 | AE42: 3 | AF42: 1 | AG42: 1 | AH42: 0 | AJ42: G2 | AK42: 0 | AL42: 3 | AM42: 1 | AN42: 1 | AO42: 0
... J49: 45 | K49: M5 | L49: M4 | M49: G4 | N49: M5 | O49: J | Q49: 6 | R49: 5 | S49: 14 | T49: 6 | U49: 10 | W49: 1 | X49: 1 | Y49: 1 | Z49: 1 | AA49: 1 | AC49: GJ | AD49: 0 | AE49: 2 | AF49: 9 | AG49: 2 | AH49: 0 | AJ49: GJ | AK49: 0 | AL49: 2 | AM49: 9 | AN49: 2 | AO49: 0
J50: 46 | K50: K | L50: Q | M50: GJ | N50: GA | O50: M4 | Q50: 8 | R50: 9 | S50: 19 | T50: 16 | U50: 5 | W50: 1 | X50: 1 | Y50: 1 | Z50: 1 | AA50: 1 | AD50: =SUM(AD30:AD49) -> 198 | AE50: =SUM(AE30:AE49) -> 198 | AF50: =SUM(AF30:AF49) -> 198 | AG50: =SUM(AG30:AG49) -> 196 | AH50: =SUM(AH30:AH49) -> 196 | AK50: =SUM(AK30:AK49) -> 198 | AL50: =SUM(AL30:AL49) -> 198 | AM50: =SUM(AM30:AM49) -> 198 | AN50: =SUM(AN30:AN49) -> 196 | AO50: =SUM(AO30:AO49) -> 196
J51: 47 | K51: M4 | L51: M5 | M51: GA | N51: K | O51: M5 | Q51: 5 | R51: 6 | S51: 16 | T51: 8 | U51: 6 | W51: 1 | X51: 1 | Y51: 1 | Z51: 1 | AA51: 1
J52: 48 | K52: J | L52: M2 | M52: GK | N52: G4 | O52: M3 | Q52: 10 | R52: 3 | S52: 17 | T52: 14 | U52: 4 | W52: 1 | X52: 1 | Y52: 1 | Z52: 1 | AA52: 1 | AC52: 3+ Combo | AJ52: 3+ Combo
J53: 49 | K53: K | L53: A | M53: G5 | N53: G5 | O53: A | Q53: 8 | R53: 7 | S53: 15 | T53: 15 | U53: 7 | W53: 1 | X53: 1 | Y53: 1 | Z53: 1 | AA53: 1 | AC53: Symbol | AD53: R1 | AE53: R2 | AF53: R3 | AG53: R4 | AH53: R5 | AJ53: Symbol | AK53: R1 | AL53: R2 | AM53: R3 | AN53: R4 | AO53: R5
J54: 50 | K54: Q | L54: G5 | M54: G3 | N54: GK | O54: M1 | Q54: 9 | R54: 15 | S54: 13 | T54: 17 | U54: 2 | W54: 1 | X54: 1 | Y54: 1 | Z54: 1 | AA54: 1 | AC54: {=$A$4:$A$23} -> WW | AD54: 0 | AE54: 0 | AF54: 0 | AG54: 0 | AH54: 0 | AJ54: {=$A$4:$A$23} -> WW | AK54: 0 | AL54: 0 | AM54: 0 | AN54: 0 | AO54: 0
J55: 51 | K55: M4 | L55: M2 | M55: G4 | N55: M5 | O55: M5 | Q55: 5 | R55: 3 | S55: 14 | T55: 6 | U55: 6 | W55: 1 | X55: 1 | Y55: 1 | Z55: 1 | AA55: 1 | AC55: C1 | AD55: 1 | AE55: 1 | AF55: 1 | AG55: 1 | AH55: 1 | AJ55: C1 | AK55: 1 | AL55: 1 | AM55: 1 | AN55: 1 | AO55: 1
J56: 52 | K56: K | L56: M4 | M56: G3 | N56: K | O56: A | Q56: 8 | R56: 5 | S56: 13 | T56: 8 | U56: 7 | W56: 1 | X56: 1 | Y56: 1 | Z56: 1 | AA56: 1 | AC56: M1 | AD56: 3 | AE56: 10 | AF56: 0 | AG56: 3 | AH56: 9 | AJ56: M1 | AK56: 3 | AL56: 10 | AM56: 0 | AN56: 3 | AO56: 9
J57: 53 | K57: M1 | L57: G1 | M57: GK | N57: GA | O57: M4 | Q57: 2 | R57: 11 | S57: 17 | T57: 16 | U57: 5 | W57: 1 | X57: 1 | Y57: 1 | Z57: 1 | AA57: 1 | AC57: M2 | AD57: 3 | AE57: 12 | AF57: 0 | AG57: 3 | AH57: 8 | AJ57: M2 | AK57: 3 | AL57: 12 | AM57: 0 | AN57: 3 | AO57: 8
J58: 54 | K58: K | L58: C1 | M58: G4 | N58: GK | O58: K | Q58: 8 | R58: 1 | S58: 14 | T58: 17 | U58: 8 | W58: 1 | X58: 1 | Y58: 1 | Z58: 1 | AA58: 1 | AC58: M3 | AD58: 7 | AE58: 13 | AF58: 0 | AG58: 7 | AH58: 14 | AJ58: M3 | AK58: 7 | AL58: 13 | AM58: 0 | AN58: 7 | AO58: 14
J59: 55 | K59: M5 | L59: GA | M59: G5 | N59: K | O59: Q | Q59: 6 | R59: 16 | S59: 15 | T59: 8 | U59: 9 | W59: 1 | X59: 1 | Y59: 1 | Z59: 1 | AA59: 1 | AC59: M4 | AD59: 43 | AE59: 23 | AF59: 0 | AG59: 33 | AH59: 35 | AJ59: M4 | AK59: 43 | AL59: 23 | AM59: 0 | AN59: 33 | AO59: 35
J60: 56 | K60: M3 | L60: M4 | M60: GK | N60: M5 | O60: K | Q60: 4 | R60: 5 | S60: 17 | T60: 6 | U60: 8 | W60: 1 | X60: 1 | Y60: 1 | Z60: 1 | AA60: 1 | AC60: M5 | AD60: 42 | AE60: 23 | AF60: 0 | AG60: 33 | AH60: 34 | AJ60: M5 | AK60: 42 | AL60: 23 | AM60: 0 | AN60: 33 | AO60: 34
J61: 57 | K61: K | L61: M5 | M61: G5 | N61: M1 | O61: M3 | Q61: 8 | R61: 6 | S61: 15 | T61: 2 | U61: 4 | W61: 1 | X61: 1 | Y61: 1 | Z61: 1 | AA61: 1 | AC61: A | AD61: 43 | AE61: 27 | AF61: 0 | AG61: 33 | AH61: 34 | AJ61: A | AK61: 43 | AL61: 27 | AM61: 0 | AN61: 33 | AO61: 34
J62: 58 | K62: M5 | L62: G4 | M62: GA | N62: G4 | O62: J | Q62: 6 | R62: 14 | S62: 16 | T62: 14 | U62: 10 | W62: 1 | X62: 1 | Y62: 1 | Z62: 1 | AA62: 1 | AC62: K | AD62: 43 | AE62: 25 | AF62: 0 | AG62: 34 | AH62: 34 | AJ62: K | AK62: 43 | AL62: 25 | AM62: 0 | AN62: 34 | AO62: 34
J63: 59 | K63: K | L63: M1 | M63: G5 | N63: K | O63: M3 | Q63: 8 | R63: 2 | S63: 15 | T63: 8 | U63: 4 | W63: 1 | X63: 1 | Y63: 1 | Z63: 1 | AA63: 1 | AC63: Q | AD63: 7 | AE63: 12 | AF63: 0 | AG63: 6 | AH63: 13 | AJ63: Q | AK63: 7 | AL63: 12 | AM63: 0 | AN63: 6 | AO63: 13
J64: 60 | K64: M4 | L64: G2 | M64: GK | N64: M5 | O64: A | Q64: 5 | R64: 12 | S64: 17 | T64: 6 | U64: 7 | W64: 1 | X64: 1 | Y64: 1 | Z64: 1 | AA64: 1 | AC64: J | AD64: 6 | AE64: 8 | AF64: 0 | AG64: 7 | AH64: 14 | AJ64: J | AK64: 6 | AL64: 8 | AM64: 0 | AN64: 7 | AO64: 14
J65: 61 | K65: M5 | L65: M5 | M65: G3 | N65: M4 | O65: K | Q65: 6 | R65: 6 | S65: 13 | T65: 5 | U65: 8 | W65: 1 | X65: 1 | Y65: 1 | Z65: 1 | AA65: 1 | AC65: G1 | AD65: 0 | AE65: 2 | AF65: 3 | AG65: 1 | AH65: 0 | AJ65: G1 | AK65: 0 | AL65: 2 | AM65: 3 | AN65: 1 | AO65: 0
J66: 62 | K66: A | L66: GQ | M66: GK | N66: M5 | O66: M5 | Q66: 7 | R66: 18 | S66: 17 | T66: 6 | U66: 6 | W66: 1 | X66: 1 | Y66: 1 | Z66: 1 | AA66: 1 | AC66: G2 | AD66: 0 | AE66: 3 | AF66: 1 | AG66: 1 | AH66: 0 | AJ66: G2 | AK66: 0 | AL66: 3 | AM66: 1 | AN66: 1 | AO66: 0
... J73: 69 | K73: K | L73: M4 | M73: G5 | N73: K | O73: M4 | Q73: 8 | R73: 5 | S73: 15 | T73: 8 | U73: 5 | W73: 1 | X73: 1 | Y73: 1 | Z73: 1 | AA73: 1 | AC73: GJ | AD73: 0 | AE73: 2 | AF73: 9 | AG73: 2 | AH73: 0 | AJ73: GJ | AK73: 0 | AL73: 2 | AM73: 9 | AN73: 2 | AO73: 0
J74: 70 | K74: M4 | L74: M5 | M74: GK | N74: M5 | O74: M1 | Q74: 5 | R74: 6 | S74: 17 | T74: 6 | U74: 2 | W74: 1 | X74: 1 | Y74: 1 | Z74: 1 | AA74: 1 | AD74: =SUM(AD54:AD73) -> 198 | AE74: =SUM(AE54:AE73) -> 198 | AF74: =SUM(AF54:AF73) -> 198 | AG74: =SUM(AG54:AG73) -> 196 | AH74: =SUM(AH54:AH73) -> 196 | AK74: =SUM(AK54:AK73) -> 198 | AL74: =SUM(AL54:AL73) -> 198 | AM74: =SUM(AM54:AM73) -> 198 | AN74: =SUM(AN54:AN73) -> 196 | AO74: =SUM(AO54:AO73) -> 196
J75: 71 | K75: K | L75: M3 | M75: G3 | N75: M4 | O75: M2 | Q75: 8 | R75: 4 | S75: 13 | T75: 5 | U75: 3 | W75: 1 | X75: 1 | Y75: 1 | Z75: 1 | AA75: 1
J76: 72 | K76: M1 | L76: GK | M76: GK | N76: K | O76: A | Q76: 2 | R76: 17 | S76: 17 | T76: 8 | U76: 7 | W76: 1 | X76: 1 | Y76: 1 | Z76: 1 | AA76: 1
J77: 73 | K77: Q | L77: M3 | M77: G1 | N77: M5 | O77: C1 | Q77: 9 | R77: 4 | S77: 11 | T77: 6 | U77: 1 | W77: 1 | X77: 1 | Y77: 1 | Z77: 1 | AA77: 1
J78: 74 | K78: M5 | L78: M1 | M78: G4 | N78: A | O78: Q | Q78: 6 | R78: 2 | S78: 14 | T78: 7 | U78: 9 | W78: 1 | X78: 1 | Y78: 1 | Z78: 1 | AA78: 1
J79: 75 | K79: K | L79: M4 | M79: GA | N79: K | O79: M5 | Q79: 8 | R79: 5 | S79: 16 | T79: 8 | U79: 6 | W79: 1 | X79: 1 | Y79: 1 | Z79: 1 | AA79: 1
J80: 76 | K80: A | L80: M5 | M80: G3 | N80: M4 | O80: M4 | Q80: 7 | R80: 6 | S80: 13 | T80: 5 | U80: 5 | W80: 1 | X80: 1 | Y80: 1 | Z80: 1 | AA80: 1
J81: 77 | K81: M5 | L81: A | M81: G4 | N81: M3 | O81: A | Q81: 6 | R81: 7 | S81: 14 | T81: 4 | U81: 7 | W81: 1 | X81: 1 | Y81: 1 | Z81: 1 | AA81: 1
J82: 78 | K82: A | L82: GQ | M82: GA | N82: M4 | O82: K | Q82: 7 | R82: 18 | S82: 16 | T82: 5 | U82: 8 | W82: 1 | X82: 1 | Y82: 1 | Z82: 1 | AA82: 1
J83: 79 | K83: M5 | L83: M4 | M83: G4 | N83: K | O83: M1 | Q83: 6 | R83: 5 | S83: 14 | T83: 8 | U83: 2 | W83: 1 | X83: 1 | Y83: 1 | Z83: 1 | AA83: 1
J84: 80 | K84: K | L84: Q | M84: GK | N84: M4 | O84: K | Q84: 8 | R84: 9 | S84: 17 | T84: 5 | U84: 8 | W84: 1 | X84: 1 | Y84: 1 | Z84: 1 | AA84: 1
J85: 81 | K85: M4 | L85: M5 | M85: G5 | N85: K | O85: M3 | Q85: 5 | R85: 6 | S85: 15 | T85: 8 | U85: 4 | W85: 1 | X85: 1 | Y85: 1 | Z85: 1 | AA85: 1
J86: 82 | K86: K | L86: A | M86: G4 | N86: M4 | O86: M4 | Q86: 8 | R86: 7 | S86: 14 | T86: 5 | U86: 5 | W86: 1 | X86: 1 | Y86: 1 | Z86: 1 | AA86: 1
... J203: 199 | K203: M3 | L203: K | M203: GK | N203: A | O203: A | Q203: 4 | R203: 8 | S203: 17 | T203: 7 | U203: 7 | W203: 1 | X203: 1 | Y203: 1 | Z203: 1 | AA203: 1

Sheet FG_Symbol (3)
J2: Symbol | Q2: Symbol ID | W2: Symbol Weight | AC2: Eliminate Wheel Weight A | AJ2: Eliminate Wheel Weight B
A3: Symbol | B3: Description | C3: R1 | D3: R2 | E3: R3 | F3: R4 | G3: R5 | H3: ID | K3: R1 | L3: R2 | M3: R3 | N3: R4 | O3: R5 | Q3: R1 | R3: R2 | S3: R3 | T3: R4 | U3: R5 | W3: R1 | X3: R2 | Y3: R3 | Z3: R4 | AA3: R5
A4: {=Overview!A38:B57} -> WW | B4: Wild | C4: =COUNTIF(K:K, $A4) -> 0 | D4: =COUNTIF(L:L, $A4) -> 0 | E4: =COUNTIF(M:M, $A4) -> 0 | F4: =COUNTIF(N:N, $A4) -> 0 | G4: =COUNTIF(O:O, $A4) -> 0 | H4: {=Overview!F38:F57} -> 0 | J4: {=_xlfn.SEQUENCE(MAX(COUNTA(K:K), COUNTA(L:L), COUNTA(M:M), COUNTA(N:N), COUNTA(O:O))-1,,0)} -> 0 | K4: Q | L4: M5 | M4: G5 | N4: K | O4: M1 | Q4: {=_xlfn.LET(_xlpm.x, K4:O304, IF(_xlpm.x="", "", _xlfn.XLOOKUP(_xlpm.x, $A$4:$A$23,_xlfn.ANCHORARRAY( H4))))} -> 9 | R4: 6 | S4: 15 | T4: 8 | U4: 2 | W4: 1 | X4: 1 | Y4: 1 | Z4: 1 | AA4: 1 | AC4: 1 Combo | AJ4: 1 Combo
A5: C1 | B5: Scatter | C5: =COUNTIF(K:K, $A5) -> 5 | D5: =COUNTIF(L:L, $A5) -> 5 | E5: =COUNTIF(M:M, $A5) -> 0 | F5: =COUNTIF(N:N, $A5) -> 8 | G5: =COUNTIF(O:O, $A5) -> 8 | H5: 1 | J5: 1 | K5: M5 | L5: M1 | M5: G4 | N5: Q | O5: J | Q5: 6 | R5: 2 | S5: 14 | T5: 9 | U5: 10 | W5: 1 | X5: 1 | Y5: 1 | Z5: 1 | AA5: 1 | AC5: Symbol | AD5: R1 | AE5: R2 | AF5: R3 | AG5: R4 | AH5: R5 | AJ5: Symbol | AK5: R1 | AL5: R2 | AM5: R3 | AN5: R4 | AO5: R5
A6: M1 | B6: M1 | C6: =COUNTIF(K:K, $A6) -> 3 | D6: =COUNTIF(L:L, $A6) -> 10 | E6: =COUNTIF(M:M, $A6) -> 0 | F6: =COUNTIF(N:N, $A6) -> 3 | G6: =COUNTIF(O:O, $A6) -> 9 | H6: 2 | J6: 2 | K6: M4 | L6: M5 | M6: G5 | N6: K | O6: M5 | Q6: 5 | R6: 6 | S6: 15 | T6: 8 | U6: 6 | W6: 1 | X6: 1 | Y6: 1 | Z6: 1 | AA6: 1 | AC6: {=$A$4:$A$23} -> WW | AD6: 0 | AE6: 0 | AF6: 0 | AG6: 0 | AH6: 0 | AJ6: {=$A$4:$A$23} -> WW | AK6: 0 | AL6: 0 | AM6: 0 | AN6: 0 | AO6: 0
A7: M2 | B7: M2 | C7: =COUNTIF(K:K, $A7) -> 3 | D7: =COUNTIF(L:L, $A7) -> 13 | E7: =COUNTIF(M:M, $A7) -> 0 | F7: =COUNTIF(N:N, $A7) -> 3 | G7: =COUNTIF(O:O, $A7) -> 8 | H7: 3 | J7: 3 | K7: K | L7: M2 | M7: GA | N7: J | O7: M1 | Q7: 8 | R7: 3 | S7: 16 | T7: 10 | U7: 2 | W7: 1 | X7: 1 | Y7: 1 | Z7: 1 | AA7: 1 | AC7: C1 | AD7: 1 | AE7: 1 | AF7: 1 | AG7: 1 | AH7: 1 | AJ7: C1 | AK7: 1 | AL7: 1 | AM7: 1 | AN7: 1 | AO7: 1
A8: M3 | B8: M3 | C8: =COUNTIF(K:K, $A8) -> 7 | D8: =COUNTIF(L:L, $A8) -> 14 | E8: =COUNTIF(M:M, $A8) -> 0 | F8: =COUNTIF(N:N, $A8) -> 7 | G8: =COUNTIF(O:O, $A8) -> 14 | H8: 4 | J8: 4 | K8: M5 | L8: A | M8: GK | N8: M4 | O8: A | Q8: 6 | R8: 7 | S8: 17 | T8: 5 | U8: 7 | W8: 1 | X8: 1 | Y8: 1 | Z8: 1 | AA8: 1 | AC8: M1 | AD8: 3 | AE8: 10 | AF8: 0 | AG8: 3 | AH8: 9 | AJ8: M1 | AK8: 3 | AL8: 10 | AM8: 0 | AN8: 3 | AO8: 9
A9: M4 | B9: M4 | C9: =COUNTIF(K:K, $A9) -> 42 | D9: =COUNTIF(L:L, $A9) -> 25 | E9: =COUNTIF(M:M, $A9) -> 0 | F9: =COUNTIF(N:N, $A9) -> 33 | G9: =COUNTIF(O:O, $A9) -> 34 | H9: 5 | J9: 5 | K9: M4 | L9: Q | M9: G2 | N9: G5 | O9: M3 | Q9: 5 | R9: 9 | S9: 12 | T9: 15 | U9: 4 | W9: 1 | X9: 1 | Y9: 1 | Z9: 1 | AA9: 1 | AC9: M2 | AD9: 3 | AE9: 13 | AF9: 0 | AG9: 3 | AH9: 8 | AJ9: M2 | AK9: 3 | AL9: 13 | AM9: 0 | AN9: 3 | AO9: 8
A10: M5 | B10: M5 | C10: =COUNTIF(K:K, $A10) -> 42 | D10: =COUNTIF(L:L, $A10) -> 25 | E10: =COUNTIF(M:M, $A10) -> 0 | F10: =COUNTIF(N:N, $A10) -> 34 | G10: =COUNTIF(O:O, $A10) -> 34 | H10: 6 | J10: 6 | K10: A | L10: GJ | M10: GK | N10: A | O10: J | Q10: 7 | R10: 19 | S10: 17 | T10: 7 | U10: 10 | W10: 1 | X10: 1 | Y10: 1 | Z10: 1 | AA10: 1 | AC10: M3 | AD10: 7 | AE10: 14 | AF10: 0 | AG10: 7 | AH10: 14 | AJ10: M3 | AK10: 7 | AL10: 14 | AM10: 0 | AN10: 7 | AO10: 14
A11: A | B11: A | C11: =COUNTIF(K:K, $A11) -> 42 | D11: =COUNTIF(L:L, $A11) -> 29 | E11: =COUNTIF(M:M, $A11) -> 0 | F11: =COUNTIF(N:N, $A11) -> 33 | G11: =COUNTIF(O:O, $A11) -> 33 | H11: 7 | J11: 7 | K11: M4 | L11: M4 | M11: G5 | N11: M5 | O11: A | Q11: 5 | R11: 5 | S11: 15 | T11: 6 | U11: 7 | W11: 1 | X11: 1 | Y11: 1 | Z11: 1 | AA11: 1 | AC11: M4 | AD11: 42 | AE11: 25 | AF11: 0 | AG11: 33 | AH11: 34 | AJ11: M4 | AK11: 42 | AL11: 25 | AM11: 0 | AN11: 33 | AO11: 34
A12: K | B12: K | C12: =COUNTIF(K:K, $A12) -> 43 | D12: =COUNTIF(L:L, $A12) -> 26 | E12: =COUNTIF(M:M, $A12) -> 0 | F12: =COUNTIF(N:N, $A12) -> 34 | G12: =COUNTIF(O:O, $A12) -> 33 | H12: 8 | J12: 8 | K12: M5 | L12: J | M12: G3 | N12: J | O12: M3 | Q12: 6 | R12: 10 | S12: 13 | T12: 10 | U12: 4 | W12: 1 | X12: 1 | Y12: 1 | Z12: 1 | AA12: 1 | AC12: M5 | AD12: 42 | AE12: 25 | AF12: 0 | AG12: 34 | AH12: 34 | AJ12: M5 | AK12: 42 | AL12: 25 | AM12: 0 | AN12: 34 | AO12: 34
A13: Q | B13: Q | C13: =COUNTIF(K:K, $A13) -> 7 | D13: =COUNTIF(L:L, $A13) -> 13 | E13: =COUNTIF(M:M, $A13) -> 0 | F13: =COUNTIF(N:N, $A13) -> 6 | G13: =COUNTIF(O:O, $A13) -> 13 | H13: 9 | J13: 9 | K13: M1 | L13: GA | M13: GA | N13: M5 | O13: M4 | Q13: 2 | R13: 16 | S13: 16 | T13: 6 | U13: 5 | W13: 1 | X13: 1 | Y13: 1 | Z13: 1 | AA13: 1 | AC13: A | AD13: 42 | AE13: 29 | AF13: 0 | AG13: 33 | AH13: 33 | AJ13: A | AK13: 42 | AL13: 29 | AM13: 0 | AN13: 33 | AO13: 33
A14: J | B14: J | C14: =COUNTIF(K:K, $A14) -> 6 | D14: =COUNTIF(L:L, $A14) -> 8 | E14: =COUNTIF(M:M, $A14) -> 0 | F14: =COUNTIF(N:N, $A14) -> 7 | G14: =COUNTIF(O:O, $A14) -> 14 | H14: 10 | J14: 10 | K14: M4 | L14: C1 | M14: GK | N14: M4 | O14: J | Q14: 5 | R14: 1 | S14: 17 | T14: 5 | U14: 10 | W14: 1 | X14: 1 | Y14: 1 | Z14: 1 | AA14: 1 | AC14: K | AD14: 43 | AE14: 26 | AF14: 0 | AG14: 34 | AH14: 33 | AJ14: K | AK14: 43 | AL14: 26 | AM14: 0 | AN14: 34 | AO14: 33
A15: G1 | B15: Gold M1 | C15: =COUNTIF(K:K, $A15) -> 0 | D15: =COUNTIF(L:L, $A15) -> 2 | E15: =COUNTIF(M:M, $A15) -> 5 | F15: =COUNTIF(N:N, $A15) -> 1 | G15: =COUNTIF(O:O, $A15) -> 0 | H15: 11 | J15: 11 | K15: M5 | L15: M2 | M15: GA | N15: C1 | O15: M4 | Q15: 6 | R15: 3 | S15: 16 | T15: 1 | U15: 5 | W15: 1 | X15: 1 | Y15: 1 | Z15: 1 | AA15: 1 | AC15: Q | AD15: 7 | AE15: 13 | AF15: 0 | AG15: 6 | AH15: 13 | AJ15: Q | AK15: 7 | AL15: 13 | AM15: 0 | AN15: 6 | AO15: 13
A16: G2 | B16: Gold M2 | C16: =COUNTIF(K:K, $A16) -> 0 | D16: =COUNTIF(L:L, $A16) -> 2 | E16: =COUNTIF(M:M, $A16) -> 4 | F16: =COUNTIF(N:N, $A16) -> 1 | G16: =COUNTIF(O:O, $A16) -> 0 | H16: 12 | J16: 12 | K16: K | L16: M5 | M16: GK | N16: G5 | O16: Q | Q16: 8 | R16: 6 | S16: 17 | T16: 15 | U16: 9 | W16: 1 | X16: 1 | Y16: 1 | Z16: 1 | AA16: 1 | AC16: J | AD16: 6 | AE16: 8 | AF16: 0 | AG16: 7 | AH16: 14 | AJ16: J | AK16: 6 | AL16: 8 | AM16: 0 | AN16: 7 | AO16: 14
A17: G3 | B17: Gold M3 | C17: =COUNTIF(K:K, $A17) -> 0 | D17: =COUNTIF(L:L, $A17) -> 2 | E17: =COUNTIF(M:M, $A17) -> 8 | F17: =COUNTIF(N:N, $A17) -> 2 | G17: =COUNTIF(O:O, $A17) -> 0 | H17: 13 | J17: 13 | K17: A | L17: K | M17: G5 | N17: A | O17: M4 | Q17: 7 | R17: 8 | S17: 15 | T17: 7 | U17: 5 | W17: 1 | X17: 1 | Y17: 1 | Z17: 1 | AA17: 1 | AC17: G1 | AD17: 0 | AE17: 2 | AF17: 3 | AG17: 1 | AH17: 0 | AJ17: G1 | AK17: 0 | AL17: 2 | AM17: 3 | AN17: 1 | AO17: 0
A18: G4 | B18: Gold M4 | C18: =COUNTIF(K:K, $A18) -> 0 | D18: =COUNTIF(L:L, $A18) -> 5 | E18: =COUNTIF(M:M, $A18) -> 42 | F18: =COUNTIF(N:N, $A18) -> 7 | G18: =COUNTIF(O:O, $A18) -> 0 | H18: 14 | J18: 14 | K18: Q | L18: M2 | M18: G4 | N18: G5 | O18: M5 | Q18: 9 | R18: 3 | S18: 14 | T18: 15 | U18: 6 | W18: 1 | X18: 1 | Y18: 1 | Z18: 1 | AA18: 1 | AC18: G2 | AD18: 0 | AE18: 2 | AF18: 1 | AG18: 1 | AH18: 0 | AJ18: G2 | AK18: 0 | AL18: 2 | AM18: 1 | AN18: 1 | AO18: 0
... A23: GJ | B23: Gold J | C23: =COUNTIF(K:K, $A23) -> 0 | D23: =COUNTIF(L:L, $A23) -> 2 | E23: =COUNTIF(M:M, $A23) -> 9 | F23: =COUNTIF(N:N, $A23) -> 2 | G23: =COUNTIF(O:O, $A23) -> 0 | H23: 19 | J23: 19 | K23: M4 | L23: M4 | M23: G3 | N23: M4 | O23: M5 | Q23: 5 | R23: 5 | S23: 13 | T23: 5 | U23: 6 | W23: 1 | X23: 1 | Y23: 1 | Z23: 1 | AA23: 1 | AC23: GK | AD23: 0 | AE23: 5 | AF23: 42 | AG23: 6 | AH23: 0 | AJ23: GK | AK23: 0 | AL23: 5 | AM23: 42 | AN23: 6 | AO23: 0
C24: =SUM(C4:C23) -> 200 | D24: =SUM(D4:D23) -> 200 | E24: =SUM(E4:E23) -> 200 | F24: =SUM(F4:F23) -> 200 | G24: =SUM(G4:G23) -> 200 | J24: 20 | K24: K | L24: A | M24: GA | N24: C1 | O24: J | Q24: 8 | R24: 7 | S24: 16 | T24: 1 | U24: 10 | W24: 1 | X24: 1 | Y24: 1 | Z24: 1 | AA24: 1 | AC24: GQ | AD24: 0 | AE24: 2 | AF24: 6 | AG24: 1 | AH24: 0 | AJ24: GQ | AK24: 0 | AL24: 2 | AM24: 6 | AN24: 1 | AO24: 0
J25: 21 | K25: M4 | L25: M1 | M25: G5 | N25: A | O25: A | Q25: 5 | R25: 2 | S25: 15 | T25: 7 | U25: 7 | W25: 1 | X25: 1 | Y25: 1 | Z25: 1 | AA25: 1 | AC25: GJ | AD25: 0 | AE25: 2 | AF25: 9 | AG25: 2 | AH25: 0 | AJ25: GJ | AK25: 0 | AL25: 2 | AM25: 9 | AN25: 2 | AO25: 0
B26: Normal Symbol | C26: =SUM(C4:C14)/C24 -> 1 | D26: =SUM(D4:D14)/D24 -> 0.84 | E26: =SUM(E4:E14)/E24 -> 0 | F26: =SUM(F4:F14)/F24 -> 0.84 | G26: =SUM(G4:G14)/G24 -> 1 | J26: 22 | K26: M5 | L26: J | M26: G1 | N26: M5 | O26: M5 | Q26: 6 | R26: 10 | S26: 11 | T26: 6 | U26: 6 | W26: 1 | X26: 1 | Y26: 1 | Z26: 1 | AA26: 1 | AD26: =SUM(AD6:AD25) -> 196 | AE26: =SUM(AE6:AE25) -> 196 | AF26: =SUM(AF6:AF25) -> 196 | AG26: =SUM(AG6:AG25) -> 193 | AH26: =SUM(AH6:AH25) -> 193 | AK26: =SUM(AK6:AK25) -> 196 | AL26: =SUM(AL6:AL25) -> 196 | AM26: =SUM(AM6:AM25) -> 196 | AN26: =SUM(AN6:AN25) -> 193 | AO26: =SUM(AO6:AO25) -> 193
B27: Golden Symbol | C27: =SUM(C15:C23)/C24 -> 0 | D27: =SUM(D15:D23)/D24 -> 0.16 | E27: =SUM(E15:E23)/E24 -> 1 | F27: =SUM(F15:F23)/F24 -> 0.16 | G27: =SUM(G15:G23)/G24 -> 0 | J27: 23 | K27: M4 | L27: M4 | M27: G5 | N27: K | O27: C1 | Q27: 5 | R27: 5 | S27: 15 | T27: 8 | U27: 1 | W27: 1 | X27: 1 | Y27: 1 | Z27: 1 | AA27: 1
J28: 24 | K28: M3 | L28: M2 | M28: G4 | N28: M3 | O28: A | Q28: 4 | R28: 3 | S28: 14 | T28: 4 | U28: 7 | W28: 1 | X28: 1 | Y28: 1 | Z28: 1 | AA28: 1 | AC28: 2 Combo | AJ28: 2 Combo
J29: 25 | K29: A | L29: K | M29: G5 | N29: A | O29: M4 | Q29: 7 | R29: 8 | S29: 15 | T29: 7 | U29: 5 | W29: 1 | X29: 1 | Y29: 1 | Z29: 1 | AA29: 1 | AC29: Symbol | AD29: R1 | AE29: R2 | AF29: R3 | AG29: R4 | AH29: R5 | AJ29: Symbol | AK29: R1 | AL29: R2 | AM29: R3 | AN29: R4 | AO29: R5
J30: 26 | K30: M4 | L30: GA | M30: GA | N30: M5 | O30: K | Q30: 5 | R30: 16 | S30: 16 | T30: 6 | U30: 8 | W30: 1 | X30: 1 | Y30: 1 | Z30: 1 | AA30: 1 | AC30: {=$A$4:$A$23} -> WW | AD30: 0 | AE30: 0 | AF30: 0 | AG30: 0 | AH30: 0 | AJ30: {=$A$4:$A$23} -> WW | AK30: 0 | AL30: 0 | AM30: 0 | AN30: 0 | AO30: 0
J31: 27 | K31: A | L31: M1 | M31: G4 | N31: K | O31: M3 | Q31: 7 | R31: 2 | S31: 14 | T31: 8 | U31: 4 | W31: 1 | X31: 1 | Y31: 1 | Z31: 1 | AA31: 1 | AC31: C1 | AD31: 1 | AE31: 1 | AF31: 1 | AG31: 1 | AH31: 1 | AJ31: C1 | AK31: 1 | AL31: 1 | AM31: 1 | AN31: 1 | AO31: 1
J32: 28 | K32: M4 | L32: A | M32: G3 | N32: M5 | O32: A | Q32: 5 | R32: 7 | S32: 13 | T32: 6 | U32: 7 | W32: 1 | X32: 1 | Y32: 1 | Z32: 1 | AA32: 1 | AC32: M1 | AD32: 3 | AE32: 10 | AF32: 0 | AG32: 3 | AH32: 9 | AJ32: M1 | AK32: 3 | AL32: 10 | AM32: 0 | AN32: 3 | AO32: 9
J33: 29 | K33: M5 | L33: K | M33: GA | N33: GQ | O33: M4 | Q33: 6 | R33: 8 | S33: 16 | T33: 18 | U33: 5 | W33: 1 | X33: 1 | Y33: 1 | Z33: 1 | AA33: 1 | AC33: M2 | AD33: 3 | AE33: 13 | AF33: 0 | AG33: 3 | AH33: 8 | AJ33: M2 | AK33: 3 | AL33: 13 | AM33: 0 | AN33: 3 | AO33: 8
J34: 30 | K34: M4 | L34: M1 | M34: G4 | N34: M4 | O34: A | Q34: 5 | R34: 2 | S34: 14 | T34: 5 | U34: 7 | W34: 1 | X34: 1 | Y34: 1 | Z34: 1 | AA34: 1 | AC34: M3 | AD34: 7 | AE34: 14 | AF34: 0 | AG34: 7 | AH34: 14 | AJ34: M3 | AK34: 7 | AL34: 14 | AM34: 0 | AN34: 7 | AO34: 14
J35: 31 | K35: M5 | L35: GA | M35: GQ | N35: G4 | O35: M2 | Q35: 6 | R35: 16 | S35: 18 | T35: 14 | U35: 3 | W35: 1 | X35: 1 | Y35: 1 | Z35: 1 | AA35: 1 | AC35: M4 | AD35: 42 | AE35: 25 | AF35: 0 | AG35: 33 | AH35: 34 | AJ35: M4 | AK35: 42 | AL35: 25 | AM35: 0 | AN35: 33 | AO35: 34
J36: 32 | K36: C1 | L36: M4 | M36: G4 | N36: Q | O36: M5 | Q36: 1 | R36: 5 | S36: 14 | T36: 9 | U36: 6 | W36: 1 | X36: 1 | Y36: 1 | Z36: 1 | AA36: 1 | AC36: M5 | AD36: 42 | AE36: 25 | AF36: 0 | AG36: 34 | AH36: 34 | AJ36: M5 | AK36: 42 | AL36: 25 | AM36: 0 | AN36: 34 | AO36: 34
J37: 33 | K37: K | L37: K | M37: GK | N37: M4 | O37: M3 | Q37: 8 | R37: 8 | S37: 17 | T37: 5 | U37: 4 | W37: 1 | X37: 1 | Y37: 1 | Z37: 1 | AA37: 1 | AC37: A | AD37: 42 | AE37: 29 | AF37: 0 | AG37: 33 | AH37: 33 | AJ37: A | AK37: 42 | AL37: 29 | AM37: 0 | AN37: 33 | AO37: 33
J38: 34 | K38: M4 | L38: M4 | M38: G4 | N38: G1 | O38: K | Q38: 5 | R38: 5 | S38: 14 | T38: 11 | U38: 8 | W38: 1 | X38: 1 | Y38: 1 | Z38: 1 | AA38: 1 | AC38: K | AD38: 43 | AE38: 26 | AF38: 0 | AG38: 34 | AH38: 33 | AJ38: K | AK38: 43 | AL38: 26 | AM38: 0 | AN38: 34 | AO38: 33
J39: 35 | K39: K | L39: A | M39: GA | N39: K | O39: M1 | Q39: 8 | R39: 7 | S39: 16 | T39: 8 | U39: 2 | W39: 1 | X39: 1 | Y39: 1 | Z39: 1 | AA39: 1 | AC39: Q | AD39: 7 | AE39: 13 | AF39: 0 | AG39: 6 | AH39: 13 | AJ39: Q | AK39: 7 | AL39: 13 | AM39: 0 | AN39: 6 | AO39: 13
J40: 36 | K40: A | L40: K | M40: G2 | N40: M5 | O40: K | Q40: 7 | R40: 8 | S40: 12 | T40: 6 | U40: 8 | W40: 1 | X40: 1 | Y40: 1 | Z40: 1 | AA40: 1 | AC40: J | AD40: 6 | AE40: 8 | AF40: 0 | AG40: 7 | AH40: 14 | AJ40: J | AK40: 6 | AL40: 8 | AM40: 0 | AN40: 7 | AO40: 14
J41: 37 | K41: M4 | L41: M2 | M41: G4 | N41: K | O41: M4 | Q41: 5 | R41: 3 | S41: 14 | T41: 8 | U41: 5 | W41: 1 | X41: 1 | Y41: 1 | Z41: 1 | AA41: 1 | AC41: G1 | AD41: 0 | AE41: 2 | AF41: 3 | AG41: 1 | AH41: 0 | AJ41: G1 | AK41: 0 | AL41: 2 | AM41: 3 | AN41: 1 | AO41: 0
J42: 38 | K42: M2 | L42: M3 | M42: GA | N42: M3 | O42: A | Q42: 3 | R42: 4 | S42: 16 | T42: 4 | U42: 7 | W42: 1 | X42: 1 | Y42: 1 | Z42: 1 | AA42: 1 | AC42: G2 | AD42: 0 | AE42: 2 | AF42: 1 | AG42: 1 | AH42: 0 | AJ42: G2 | AK42: 0 | AL42: 2 | AM42: 1 | AN42: 1 | AO42: 0
... J49: 45 | K49: M5 | L49: G4 | M49: GK | N49: GA | O49: M4 | Q49: 6 | R49: 14 | S49: 17 | T49: 16 | U49: 5 | W49: 1 | X49: 1 | Y49: 1 | Z49: 1 | AA49: 1 | AC49: GJ | AD49: 0 | AE49: 2 | AF49: 9 | AG49: 2 | AH49: 0 | AJ49: GJ | AK49: 0 | AL49: 2 | AM49: 9 | AN49: 2 | AO49: 0
J50: 46 | K50: M4 | L50: A | M50: G4 | N50: A | O50: C1 | Q50: 5 | R50: 7 | S50: 14 | T50: 7 | U50: 1 | W50: 1 | X50: 1 | Y50: 1 | Z50: 1 | AA50: 1 | AD50: =SUM(AD30:AD49) -> 196 | AE50: =SUM(AE30:AE49) -> 196 | AF50: =SUM(AF30:AF49) -> 196 | AG50: =SUM(AG30:AG49) -> 193 | AH50: =SUM(AH30:AH49) -> 193 | AK50: =SUM(AK30:AK49) -> 196 | AL50: =SUM(AL30:AL49) -> 196 | AM50: =SUM(AM30:AM49) -> 196 | AN50: =SUM(AN30:AN49) -> 193 | AO50: =SUM(AO30:AO49) -> 193
J51: 47 | K51: A | L51: Q | M51: GQ | N51: M5 | O51: M4 | Q51: 7 | R51: 9 | S51: 18 | T51: 6 | U51: 5 | W51: 1 | X51: 1 | Y51: 1 | Z51: 1 | AA51: 1
J52: 48 | K52: Q | L52: K | M52: GK | N52: K | O52: A | Q52: 9 | R52: 8 | S52: 17 | T52: 8 | U52: 7 | W52: 1 | X52: 1 | Y52: 1 | Z52: 1 | AA52: 1 | AC52: 3+ Combo | AJ52: 3+ Combo
J53: 49 | K53: K | L53: G2 | M53: G5 | N53: A | O53: M1 | Q53: 8 | R53: 12 | S53: 15 | T53: 7 | U53: 2 | W53: 1 | X53: 1 | Y53: 1 | Z53: 1 | AA53: 1 | AC53: Symbol | AD53: R1 | AE53: R2 | AF53: R3 | AG53: R4 | AH53: R5 | AJ53: Symbol | AK53: R1 | AL53: R2 | AM53: R3 | AN53: R4 | AO53: R5
J54: 50 | K54: M5 | L54: M4 | M54: G1 | N54: C1 | O54: M3 | Q54: 6 | R54: 5 | S54: 11 | T54: 1 | U54: 4 | W54: 1 | X54: 1 | Y54: 1 | Z54: 1 | AA54: 1 | AC54: {=$A$4:$A$23} -> WW | AD54: 0 | AE54: 0 | AF54: 0 | AG54: 0 | AH54: 0 | AJ54: {=$A$4:$A$23} -> WW | AK54: 0 | AL54: 0 | AM54: 0 | AN54: 0 | AO54: 0
J55: 51 | K55: K | L55: M5 | M55: G4 | N55: K | O55: M2 | Q55: 8 | R55: 6 | S55: 14 | T55: 8 | U55: 3 | W55: 1 | X55: 1 | Y55: 1 | Z55: 1 | AA55: 1 | AC55: C1 | AD55: 1 | AE55: 1 | AF55: 1 | AG55: 1 | AH55: 1 | AJ55: C1 | AK55: 1 | AL55: 1 | AM55: 1 | AN55: 1 | AO55: 1
J56: 52 | K56: M5 | L56: M1 | M56: GA | N56: M4 | O56: J | Q56: 6 | R56: 2 | S56: 16 | T56: 5 | U56: 10 | W56: 1 | X56: 1 | Y56: 1 | Z56: 1 | AA56: 1 | AC56: M1 | AD56: 3 | AE56: 10 | AF56: 0 | AG56: 3 | AH56: 9 | AJ56: M1 | AK56: 3 | AL56: 10 | AM56: 0 | AN56: 3 | AO56: 9
J57: 53 | K57: C1 | L57: A | M57: G4 | N57: M5 | O57: M5 | Q57: 1 | R57: 7 | S57: 14 | T57: 6 | U57: 6 | W57: 1 | X57: 1 | Y57: 1 | Z57: 1 | AA57: 1 | AC57: M2 | AD57: 3 | AE57: 13 | AF57: 0 | AG57: 3 | AH57: 8 | AJ57: M2 | AK57: 3 | AL57: 13 | AM57: 0 | AN57: 3 | AO57: 8
J58: 54 | K58: M5 | L58: J | M58: G5 | N58: M3 | O58: M2 | Q58: 6 | R58: 10 | S58: 15 | T58: 4 | U58: 3 | W58: 1 | X58: 1 | Y58: 1 | Z58: 1 | AA58: 1 | AC58: M3 | AD58: 7 | AE58: 14 | AF58: 0 | AG58: 7 | AH58: 14 | AJ58: M3 | AK58: 7 | AL58: 14 | AM58: 0 | AN58: 7 | AO58: 14
J59: 55 | K59: A | L59: M3 | M59: GQ | N59: G4 | O59: M1 | Q59: 7 | R59: 4 | S59: 18 | T59: 14 | U59: 2 | W59: 1 | X59: 1 | Y59: 1 | Z59: 1 | AA59: 1 | AC59: M4 | AD59: 42 | AE59: 25 | AF59: 0 | AG59: 33 | AH59: 34 | AJ59: M4 | AK59: 42 | AL59: 25 | AM59: 0 | AN59: 33 | AO59: 34
J60: 56 | K60: M5 | L60: G5 | M60: GA | N60: A | O60: A | Q60: 6 | R60: 15 | S60: 16 | T60: 7 | U60: 7 | W60: 1 | X60: 1 | Y60: 1 | Z60: 1 | AA60: 1 | AC60: M5 | AD60: 42 | AE60: 25 | AF60: 0 | AG60: 34 | AH60: 34 | AJ60: M5 | AK60: 42 | AL60: 25 | AM60: 0 | AN60: 34 | AO60: 34
J61: 57 | K61: M4 | L61: M4 | M61: G5 | N61: M5 | O61: K | Q61: 5 | R61: 5 | S61: 15 | T61: 6 | U61: 8 | W61: 1 | X61: 1 | Y61: 1 | Z61: 1 | AA61: 1 | AC61: A | AD61: 42 | AE61: 29 | AF61: 0 | AG61: 33 | AH61: 33 | AJ61: A | AK61: 42 | AL61: 29 | AM61: 0 | AN61: 33 | AO61: 33
J62: 58 | K62: M5 | L62: K | M62: GK | N62: M4 | O62: A | Q62: 6 | R62: 8 | S62: 17 | T62: 5 | U62: 7 | W62: 1 | X62: 1 | Y62: 1 | Z62: 1 | AA62: 1 | AC62: K | AD62: 43 | AE62: 26 | AF62: 0 | AG62: 34 | AH62: 33 | AJ62: K | AK62: 43 | AL62: 26 | AM62: 0 | AN62: 34 | AO62: 33
J63: 59 | K63: A | L63: M3 | M63: G4 | N63: K | O63: K | Q63: 7 | R63: 4 | S63: 14 | T63: 8 | U63: 8 | W63: 1 | X63: 1 | Y63: 1 | Z63: 1 | AA63: 1 | AC63: Q | AD63: 7 | AE63: 13 | AF63: 0 | AG63: 6 | AH63: 13 | AJ63: Q | AK63: 7 | AL63: 13 | AM63: 0 | AN63: 6 | AO63: 13
J64: 60 | K64: K | L64: K | M64: G5 | N64: GA | O64: M4 | Q64: 8 | R64: 8 | S64: 15 | T64: 16 | U64: 5 | W64: 1 | X64: 1 | Y64: 1 | Z64: 1 | AA64: 1 | AC64: J | AD64: 6 | AE64: 8 | AF64: 0 | AG64: 7 | AH64: 14 | AJ64: J | AK64: 6 | AL64: 8 | AM64: 0 | AN64: 7 | AO64: 14
J65: 61 | K65: A | L65: GA | M65: G4 | N65: M2 | O65: C1 | Q65: 7 | R65: 16 | S65: 14 | T65: 3 | U65: 1 | W65: 1 | X65: 1 | Y65: 1 | Z65: 1 | AA65: 1 | AC65: G1 | AD65: 0 | AE65: 2 | AF65: 3 | AG65: 1 | AH65: 0 | AJ65: G1 | AK65: 0 | AL65: 2 | AM65: 3 | AN65: 1 | AO65: 0
J66: 62 | K66: K | L66: M4 | M66: G5 | N66: A | O66: M5 | Q66: 8 | R66: 5 | S66: 15 | T66: 7 | U66: 6 | W66: 1 | X66: 1 | Y66: 1 | Z66: 1 | AA66: 1 | AC66: G2 | AD66: 0 | AE66: 2 | AF66: 1 | AG66: 1 | AH66: 0 | AJ66: G2 | AK66: 0 | AL66: 2 | AM66: 1 | AN66: 1 | AO66: 0
... J73: 69 | K73: M4 | L73: G5 | M73: GK | N73: M4 | O73: Q | Q73: 5 | R73: 15 | S73: 17 | T73: 5 | U73: 9 | W73: 1 | X73: 1 | Y73: 1 | Z73: 1 | AA73: 1 | AC73: GJ | AD73: 0 | AE73: 2 | AF73: 9 | AG73: 2 | AH73: 0 | AJ73: GJ | AK73: 0 | AL73: 2 | AM73: 9 | AN73: 2 | AO73: 0
J74: 70 | K74: M2 | L74: M1 | M74: GA | N74: K | O74: M5 | Q74: 3 | R74: 2 | S74: 16 | T74: 8 | U74: 6 | W74: 1 | X74: 1 | Y74: 1 | Z74: 1 | AA74: 1 | AD74: =SUM(AD54:AD73) -> 196 | AE74: =SUM(AE54:AE73) -> 196 | AF74: =SUM(AF54:AF73) -> 196 | AG74: =SUM(AG54:AG73) -> 193 | AH74: =SUM(AH54:AH73) -> 193 | AK74: =SUM(AK54:AK73) -> 196 | AL74: =SUM(AL54:AL73) -> 196 | AM74: =SUM(AM54:AM73) -> 196 | AN74: =SUM(AN54:AN73) -> 193 | AO74: =SUM(AO54:AO73) -> 193
J75: 71 | K75: K | L75: A | M75: GK | N75: M5 | O75: M4 | Q75: 8 | R75: 7 | S75: 17 | T75: 6 | U75: 5 | W75: 1 | X75: 1 | Y75: 1 | Z75: 1 | AA75: 1
J76: 72 | K76: M5 | L76: M5 | M76: G4 | N76: K | O76: M2 | Q76: 6 | R76: 6 | S76: 14 | T76: 8 | U76: 3 | W76: 1 | X76: 1 | Y76: 1 | Z76: 1 | AA76: 1
J77: 73 | K77: A | L77: M2 | M77: G5 | N77: M5 | O77: M5 | Q77: 7 | R77: 3 | S77: 15 | T77: 6 | U77: 6 | W77: 1 | X77: 1 | Y77: 1 | Z77: 1 | AA77: 1
J78: 74 | K78: K | L78: K | M78: G4 | N78: M4 | O78: K | Q78: 8 | R78: 8 | S78: 14 | T78: 5 | U78: 8 | W78: 1 | X78: 1 | Y78: 1 | Z78: 1 | AA78: 1
J79: 75 | K79: M4 | L79: M4 | M79: G5 | N79: K | O79: M4 | Q79: 5 | R79: 5 | S79: 15 | T79: 8 | U79: 5 | W79: 1 | X79: 1 | Y79: 1 | Z79: 1 | AA79: 1
J80: 76 | K80: K | L80: Q | M80: G4 | N80: Q | O80: J | Q80: 8 | R80: 9 | S80: 14 | T80: 9 | U80: 10 | W80: 1 | X80: 1 | Y80: 1 | Z80: 1 | AA80: 1
J81: 77 | K81: M5 | L81: M5 | M81: G5 | N81: M4 | O81: K | Q81: 6 | R81: 6 | S81: 15 | T81: 5 | U81: 8 | W81: 1 | X81: 1 | Y81: 1 | Z81: 1 | AA81: 1
J82: 78 | K82: K | L82: M2 | M82: G4 | N82: K | O82: M5 | Q82: 8 | R82: 3 | S82: 14 | T82: 8 | U82: 6 | W82: 1 | X82: 1 | Y82: 1 | Z82: 1 | AA82: 1
J83: 79 | K83: M5 | L83: C1 | M83: G3 | N83: M4 | O83: M4 | Q83: 6 | R83: 1 | S83: 13 | T83: 5 | U83: 5 | W83: 1 | X83: 1 | Y83: 1 | Z83: 1 | AA83: 1
J84: 80 | K84: M3 | L84: M5 | M84: G4 | N84: K | O84: A | Q84: 4 | R84: 6 | S84: 14 | T84: 8 | U84: 7 | W84: 1 | X84: 1 | Y84: 1 | Z84: 1 | AA84: 1
J85: 81 | K85: M4 | L85: K | M85: GQ | N85: C1 | O85: J | Q85: 5 | R85: 8 | S85: 18 | T85: 1 | U85: 10 | W85: 1 | X85: 1 | Y85: 1 | Z85: 1 | AA85: 1
J86: 82 | K86: K | L86: Q | M86: GA | N86: M5 | O86: A | Q86: 8 | R86: 9 | S86: 16 | T86: 6 | U86: 7 | W86: 1 | X86: 1 | Y86: 1 | Z86: 1 | AA86: 1
... J203: 199 | K203: K | L203: A | M203: G5 | N203: A | O203: K | Q203: 8 | R203: 7 | S203: 15 | T203: 7 | U203: 8 | W203: 1 | X203: 1 | Y203: 1 | Z203: 1 | AA203: 1

Sheet BF_Symbol
J2: Symbol | Q2: Symbol ID | W2: Symbol Weight | AC2: Eliminate Wheel Weight A | AJ2: Eliminate Wheel Weight B
A3: Symbol | B3: Description | C3: R1 | D3: R2 | E3: R3 | F3: R4 | G3: R5 | H3: ID | K3: R1 | L3: R2 | M3: R3 | N3: R4 | O3: R5 | Q3: R1 | R3: R2 | S3: R3 | T3: R4 | U3: R5 | W3: R1 | X3: R2 | Y3: R3 | Z3: R4 | AA3: R5
A4: {=Overview!A38:B57} -> WW | B4: Wild | C4: =COUNTIF(K:K, $A4) -> 0 | D4: =COUNTIF(L:L, $A4) -> 0 | E4: =COUNTIF(M:M, $A4) -> 0 | F4: =COUNTIF(N:N, $A4) -> 0 | G4: =COUNTIF(O:O, $A4) -> 0 | H4: {=Overview!F38:F57} -> 0 | J4: {=_xlfn.SEQUENCE(MAX(COUNTA(K:K), COUNTA(L:L), COUNTA(M:M), COUNTA(N:N), COUNTA(O:O))-1,,0)} -> 0 | K4: M2 | L4: K | M4: M1 | N4: GJ | O4: A | Q4: {=_xlfn.LET(_xlpm.x, K4:O304, IF(_xlpm.x="", "", _xlfn.XLOOKUP(_xlpm.x, $A$4:$A$23,_xlfn.ANCHORARRAY( H4))))} -> 3 | R4: 8 | S4: 2 | T4: 19 | U4: 7 | W4: 1 | X4: 1 | Y4: 1 | Z4: 1 | AA4: 1 | AC4: 1 Combo | AJ4: 1 Combo
A5: C1 | B5: Scatter | C5: =COUNTIF(K:K, $A5) -> 3 | D5: =COUNTIF(L:L, $A5) -> 2 | E5: =COUNTIF(M:M, $A5) -> 2 | F5: =COUNTIF(N:N, $A5) -> 1 | G5: =COUNTIF(O:O, $A5) -> 1 | H5: 1 | J5: 1 | K5: Q | L5: K | M5: G1 | N5: K | O5: M3 | Q5: 9 | R5: 8 | S5: 11 | T5: 8 | U5: 4 | W5: 1 | X5: 1 | Y5: 1 | Z5: 1 | AA5: 1 | AC5: Symbol | AD5: R1 | AE5: R2 | AF5: R3 | AG5: R4 | AH5: R5 | AJ5: Symbol | AK5: R1 | AL5: R2 | AM5: R3 | AN5: R4 | AO5: R5
A6: M1 | B6: M1 | C6: =COUNTIF(K:K, $A6) -> 16 | D6: =COUNTIF(L:L, $A6) -> 8 | E6: =COUNTIF(M:M, $A6) -> 9 | F6: =COUNTIF(N:N, $A6) -> 3 | G6: =COUNTIF(O:O, $A6) -> 6 | H6: 2 | J6: 2 | K6: M3 | L6: Q | M6: A | N6: GQ | O6: M4 | Q6: 4 | R6: 9 | S6: 7 | T6: 18 | U6: 5 | W6: 1 | X6: 1 | Y6: 1 | Z6: 1 | AA6: 1 | AC6: {=$A$4:$A$23} -> WW | AD6: 0 | AE6: 0 | AF6: 0 | AG6: 0 | AH6: 0 | AJ6: {=$A$4:$A$23} -> WW | AK6: 0 | AL6: 0 | AM6: 0 | AN6: 0 | AO6: 0
A7: M2 | B7: M2 | C7: =COUNTIF(K:K, $A7) -> 16 | D7: =COUNTIF(L:L, $A7) -> 10 | E7: =COUNTIF(M:M, $A7) -> 11 | F7: =COUNTIF(N:N, $A7) -> 5 | G7: =COUNTIF(O:O, $A7) -> 11 | H7: 3 | J7: 3 | K7: A | L7: K | M7: K | N7: M3 | O7: Q | Q7: 7 | R7: 8 | S7: 8 | T7: 4 | U7: 9 | W7: 1 | X7: 1 | Y7: 1 | Z7: 1 | AA7: 1 | AC7: C1 | AD7: 1 | AE7: 1 | AF7: 1 | AG7: 1 | AH7: 1 | AJ7: C1 | AK7: 1 | AL7: 1 | AM7: 1 | AN7: 1 | AO7: 1
A8: M3 | B8: M3 | C8: =COUNTIF(K:K, $A8) -> 8 | D8: =COUNTIF(L:L, $A8) -> 10 | E8: =COUNTIF(M:M, $A8) -> 8 | F8: =COUNTIF(N:N, $A8) -> 11 | G8: =COUNTIF(O:O, $A8) -> 12 | H8: 4 | J8: 4 | K8: Q | L8: J | M8: M3 | N8: GQ | O8: Q | Q8: 9 | R8: 10 | S8: 4 | T8: 18 | U8: 9 | W8: 1 | X8: 1 | Y8: 1 | Z8: 1 | AA8: 1 | AC8: M1 | AD8: 0 | AE8: 0 | AF8: 0 | AG8: 0 | AH8: 0 | AJ8: M1 | AK8: 0 | AL8: 0 | AM8: 0 | AN8: 0 | AO8: 0
A9: M4 | B9: M4 | C9: =COUNTIF(K:K, $A9) -> 12 | D9: =COUNTIF(L:L, $A9) -> 13 | E9: =COUNTIF(M:M, $A9) -> 9 | F9: =COUNTIF(N:N, $A9) -> 8 | G9: =COUNTIF(O:O, $A9) -> 8 | H9: 5 | J9: 5 | K9: M4 | L9: A | M9: M3 | N9: A | O9: K | Q9: 5 | R9: 7 | S9: 4 | T9: 7 | U9: 8 | W9: 1 | X9: 1 | Y9: 1 | Z9: 1 | AA9: 1 | AC9: M2 | AD9: 15 | AE9: 53 | AF9: 5 | AG9: 48 | AH9: 58 | AJ9: M2 | AK9: 15 | AL9: 53 | AM9: 5 | AN9: 48 | AO9: 58
A10: M5 | B10: M5 | C10: =COUNTIF(K:K, $A10) -> 0 | D10: =COUNTIF(L:L, $A10) -> 0 | E10: =COUNTIF(M:M, $A10) -> 0 | F10: =COUNTIF(N:N, $A10) -> 0 | G10: =COUNTIF(O:O, $A10) -> 0 | H10: 6 | J10: 6 | K10: A | L10: J | M10: G1 | N10: GJ | O10: A | Q10: 7 | R10: 10 | S10: 11 | T10: 19 | U10: 7 | W10: 1 | X10: 1 | Y10: 1 | Z10: 1 | AA10: 1 | AC10: M3 | AD10: 3 | AE10: 38 | AF10: 20 | AG10: 40 | AH10: 48 | AJ10: M3 | AK10: 3 | AL10: 38 | AM10: 20 | AN10: 40 | AO10: 48
A11: A | B11: A | C11: =COUNTIF(K:K, $A11) -> 12 | D11: =COUNTIF(L:L, $A11) -> 11 | E11: =COUNTIF(M:M, $A11) -> 8 | F11: =COUNTIF(N:N, $A11) -> 11 | G11: =COUNTIF(O:O, $A11) -> 18 | H11: 7 | J11: 7 | K11: C1 | L11: M3 | M11: G2 | N11: M2 | O11: M1 | Q11: 1 | R11: 4 | S11: 12 | T11: 3 | U11: 2 | W11: 1 | X11: 1 | Y11: 1 | Z11: 1 | AA11: 1 | AC11: M4 | AD11: 38 | AE11: 27 | AF11: 33 | AG11: 20 | AH11: 24 | AJ11: M4 | AK11: 38 | AL11: 27 | AM11: 33 | AN11: 20 | AO11: 24
A12: K | B12: K | C12: =COUNTIF(K:K, $A12) -> 12 | D12: =COUNTIF(L:L, $A12) -> 15 | E12: =COUNTIF(M:M, $A12) -> 10 | F12: =COUNTIF(N:N, $A12) -> 12 | G12: =COUNTIF(O:O, $A12) -> 17 | H12: 8 | J12: 8 | K12: A | L12: A | M12: A | N12: G1 | O12: M2 | Q12: 7 | R12: 7 | S12: 7 | T12: 11 | U12: 3 | W12: 1 | X12: 1 | Y12: 1 | Z12: 1 | AA12: 1 | AC12: M5 | AD12: 11 | AE12: 27 | AF12: 5 | AG12: 28 | AH12: 30 | AJ12: M5 | AK12: 11 | AL12: 27 | AM12: 5 | AN12: 28 | AO12: 30
A13: Q | B13: Q | C13: =COUNTIF(K:K, $A13) -> 12 | D13: =COUNTIF(L:L, $A13) -> 14 | E13: =COUNTIF(M:M, $A13) -> 11 | F13: =COUNTIF(N:N, $A13) -> 9 | G13: =COUNTIF(O:O, $A13) -> 13 | H13: 9 | J13: 9 | K13: A | L13: K | M13: K | N13: M4 | O13: M2 | Q13: 7 | R13: 8 | S13: 8 | T13: 5 | U13: 3 | W13: 1 | X13: 1 | Y13: 1 | Z13: 1 | AA13: 1 | AC13: A | AD13: 33 | AE13: 14 | AF13: 35 | AG13: 8 | AH13: 10 | AJ13: A | AK13: 33 | AL13: 14 | AM13: 35 | AN13: 8 | AO13: 10
A14: J | B14: J | C14: =COUNTIF(K:K, $A14) -> 9 | D14: =COUNTIF(L:L, $A14) -> 17 | E14: =COUNTIF(M:M, $A14) -> 7 | F14: =COUNTIF(N:N, $A14) -> 12 | G14: =COUNTIF(O:O, $A14) -> 14 | H14: 10 | J14: 10 | K14: M2 | L14: A | M14: M3 | N14: A | O14: A | Q14: 3 | R14: 7 | S14: 4 | T14: 7 | U14: 7 | W14: 1 | X14: 1 | Y14: 1 | Z14: 1 | AA14: 1 | AC14: K | AD14: 40 | AE14: 3 | AF14: 23 | AG14: 1 | AH14: 1 | AJ14: K | AK14: 40 | AL14: 3 | AM14: 23 | AN14: 1 | AO14: 1
A15: G1 | B15: Gold M1 | C15: =COUNTIF(K:K, $A15) -> 0 | D15: =COUNTIF(L:L, $A15) -> 0 | E15: =COUNTIF(M:M, $A15) -> 7 | F15: =COUNTIF(N:N, $A15) -> 2 | G15: =COUNTIF(O:O, $A15) -> 0 | H15: 11 | J15: 11 | K15: M4 | L15: J | M15: Q | N15: GQ | O15: K | Q15: 5 | R15: 10 | S15: 9 | T15: 18 | U15: 8 | W15: 1 | X15: 1 | Y15: 1 | Z15: 1 | AA15: 1 | AC15: Q | AD15: 11 | AE15: 33 | AF15: 8 | AG15: 20 | AH15: 28 | AJ15: Q | AK15: 11 | AL15: 33 | AM15: 8 | AN15: 20 | AO15: 28
A16: G2 | B16: Gold M2 | C16: =COUNTIF(K:K, $A16) -> 0 | D16: =COUNTIF(L:L, $A16) -> 0 | E16: =COUNTIF(M:M, $A16) -> 2 | F16: =COUNTIF(N:N, $A16) -> 1 | G16: =COUNTIF(O:O, $A16) -> 0 | H16: 12 | J16: 12 | K16: M3 | L16: M2 | M16: G3 | N16: GQ | O16: J | Q16: 4 | R16: 3 | S16: 13 | T16: 18 | U16: 10 | W16: 1 | X16: 1 | Y16: 1 | Z16: 1 | AA16: 1 | AC16: J | AD16: 44 | AE16: 1 | AF16: 39 | AG16: 5 | AH16: 1 | AJ16: J | AK16: 44 | AL16: 1 | AM16: 39 | AN16: 5 | AO16: 1
A17: G3 | B17: Gold M3 | C17: =COUNTIF(K:K, $A17) -> 0 | D17: =COUNTIF(L:L, $A17) -> 0 | E17: =COUNTIF(M:M, $A17) -> 2 | F17: =COUNTIF(N:N, $A17) -> 4 | G17: =COUNTIF(O:O, $A17) -> 0 | H17: 13 | J17: 13 | K17: M2 | L17: M3 | M17: M2 | N17: M1 | O17: K | Q17: 3 | R17: 4 | S17: 3 | T17: 2 | U17: 8 | W17: 1 | X17: 1 | Y17: 1 | Z17: 1 | AA17: 1 | AC17: G1 | AD17: 0 | AE17: 0 | AF17: 1 | AG17: 8 | AH17: 0 | AJ17: G1 | AK17: 0 | AL17: 0 | AM17: 1 | AN17: 8 | AO17: 0
A18: G4 | B18: Gold M4 | C18: =COUNTIF(K:K, $A18) -> 0 | D18: =COUNTIF(L:L, $A18) -> 0 | E18: =COUNTIF(M:M, $A18) -> 2 | F18: =COUNTIF(N:N, $A18) -> 3 | G18: =COUNTIF(O:O, $A18) -> 0 | H18: 14 | J18: 14 | K18: J | L18: K | M18: M3 | N18: M1 | O18: A | Q18: 10 | R18: 8 | S18: 4 | T18: 2 | U18: 7 | W18: 1 | X18: 1 | Y18: 1 | Z18: 1 | AA18: 1 | AC18: G2 | AD18: 0 | AE18: 0 | AF18: 3 | AG18: 7 | AH18: 0 | AJ18: G2 | AK18: 0 | AL18: 0 | AM18: 3 | AN18: 7 | AO18: 0
... A23: GJ | B23: Gold J | C23: =COUNTIF(K:K, $A23) -> 0 | D23: =COUNTIF(L:L, $A23) -> 0 | E23: =COUNTIF(M:M, $A23) -> 1 | F23: =COUNTIF(N:N, $A23) -> 7 | G23: =COUNTIF(O:O, $A23) -> 0 | H23: 19 | J23: 19 | K23: Q | L23: Q | M23: M2 | N23: M3 | O23: A | Q23: 9 | R23: 9 | S23: 3 | T23: 4 | U23: 7 | W23: 1 | X23: 1 | Y23: 1 | Z23: 1 | AA23: 1 | AC23: GK | AD23: 0 | AE23: 0 | AF23: 1 | AG23: 3 | AH23: 0 | AJ23: GK | AK23: 0 | AL23: 0 | AM23: 1 | AN23: 3 | AO23: 0
C24: =SUM(C4:C23) -> 100 | D24: =SUM(D4:D23) -> 100 | E24: =SUM(E4:E23) -> 100 | F24: =SUM(F4:F23) -> 100 | G24: =SUM(G4:G23) -> 100 | J24: 20 | K24: M4 | L24: Q | M24: J | N24: K | O24: Q | Q24: 5 | R24: 9 | S24: 10 | T24: 8 | U24: 9 | W24: 1 | X24: 1 | Y24: 1 | Z24: 1 | AA24: 1 | AC24: GQ | AD24: 0 | AE24: 0 | AF24: 1 | AG24: 1 | AH24: 0 | AJ24: GQ | AK24: 0 | AL24: 0 | AM24: 1 | AN24: 1 | AO24: 0
J25: 21 | K25: K | L25: M1 | M25: M2 | N25: M4 | O25: J | Q25: 8 | R25: 2 | S25: 3 | T25: 5 | U25: 10 | W25: 1 | X25: 1 | Y25: 1 | Z25: 1 | AA25: 1 | AC25: GJ | AD25: 0 | AE25: 0 | AF25: 6 | AG25: 1 | AH25: 0 | AJ25: GJ | AK25: 0 | AL25: 0 | AM25: 6 | AN25: 1 | AO25: 0
B26: Normal Symbol | C26: =SUM(C4:C14)/C24 -> 1 | D26: =SUM(D4:D14)/D24 -> 1 | E26: =SUM(E4:E14)/E24 -> 0.75 | F26: =SUM(F4:F14)/F24 -> 0.72 | G26: =SUM(G4:G14)/G24 -> 1 | J26: 22 | K26: J | L26: M2 | M26: G3 | N26: M3 | O26: A | Q26: 10 | R26: 3 | S26: 13 | T26: 4 | U26: 7 | W26: 1 | X26: 1 | Y26: 1 | Z26: 1 | AA26: 1 | AD26: =SUM(AD6:AD25) -> 196 | AE26: =SUM(AE6:AE25) -> 197 | AF26: =SUM(AF6:AF25) -> 198 | AG26: =SUM(AG6:AG25) -> 201 | AH26: =SUM(AH6:AH25) -> 201 | AK26: =SUM(AK6:AK25) -> 196 | AL26: =SUM(AL6:AL25) -> 197 | AM26: =SUM(AM6:AM25) -> 198 | AN26: =SUM(AN6:AN25) -> 201 | AO26: =SUM(AO6:AO25) -> 201
B27: Golden Symbol | C27: =SUM(C15:C23)/C24 -> 0 | D27: =SUM(D15:D23)/D24 -> 0 | E27: =SUM(E15:E23)/E24 -> 0.25 | F27: =SUM(F15:F23)/F24 -> 0.28 | G27: =SUM(G15:G23)/G24 -> 0 | J27: 23 | K27: M4 | L27: M2 | M27: M1 | N27: G4 | O27: J | Q27: 5 | R27: 3 | S27: 2 | T27: 14 | U27: 10 | W27: 1 | X27: 1 | Y27: 1 | Z27: 1 | AA27: 1
J28: 24 | K28: M2 | L28: J | M28: Q | N28: M4 | O28: K | Q28: 3 | R28: 10 | S28: 9 | T28: 5 | U28: 8 | W28: 1 | X28: 1 | Y28: 1 | Z28: 1 | AA28: 1 | AC28: 2 Combo | AJ28: 2 Combo
J29: 25 | K29: M2 | L29: K | M29: G1 | N29: M3 | O29: M3 | Q29: 3 | R29: 8 | S29: 11 | T29: 4 | U29: 4 | W29: 1 | X29: 1 | Y29: 1 | Z29: 1 | AA29: 1 | AC29: Symbol | AD29: R1 | AE29: R2 | AF29: R3 | AG29: R4 | AH29: R5 | AJ29: Symbol | AK29: R1 | AL29: R2 | AM29: R3 | AN29: R4 | AO29: R5
J30: 26 | K30: J | L30: M4 | M30: M2 | N30: J | O30: A | Q30: 10 | R30: 5 | S30: 3 | T30: 10 | U30: 7 | W30: 1 | X30: 1 | Y30: 1 | Z30: 1 | AA30: 1 | AC30: {=$A$4:$A$23} -> WW | AD30: 0 | AE30: 0 | AF30: 0 | AG30: 0 | AH30: 0 | AJ30: {=$A$4:$A$23} -> WW | AK30: 0 | AL30: 0 | AM30: 0 | AN30: 0 | AO30: 0
J31: 27 | K31: J | L31: M3 | M31: M1 | N31: K | O31: K | Q31: 10 | R31: 4 | S31: 2 | T31: 8 | U31: 8 | W31: 1 | X31: 1 | Y31: 1 | Z31: 1 | AA31: 1 | AC31: C1 | AD31: 1 | AE31: 1 | AF31: 1 | AG31: 1 | AH31: 1 | AJ31: C1 | AK31: 1 | AL31: 1 | AM31: 1 | AN31: 1 | AO31: 1
J32: 28 | K32: M3 | L32: M2 | M32: M4 | N32: GJ | O32: M3 | Q32: 4 | R32: 3 | S32: 5 | T32: 19 | U32: 4 | W32: 1 | X32: 1 | Y32: 1 | Z32: 1 | AA32: 1 | AC32: M1 | AD32: 0 | AE32: 0 | AF32: 0 | AG32: 0 | AH32: 0 | AJ32: M1 | AK32: 0 | AL32: 0 | AM32: 0 | AN32: 0 | AO32: 0
J33: 29 | K33: M1 | L33: J | M33: M2 | N33: GQ | O33: J | Q33: 2 | R33: 10 | S33: 3 | T33: 18 | U33: 10 | W33: 1 | X33: 1 | Y33: 1 | Z33: 1 | AA33: 1 | AC33: M2 | AD33: 15 | AE33: 53 | AF33: 5 | AG33: 48 | AH33: 58 | AJ33: M2 | AK33: 15 | AL33: 53 | AM33: 5 | AN33: 48 | AO33: 58
J34: 30 | K34: M2 | L34: M1 | M34: K | N34: M2 | O34: A | Q34: 3 | R34: 2 | S34: 8 | T34: 3 | U34: 7 | W34: 1 | X34: 1 | Y34: 1 | Z34: 1 | AA34: 1 | AC34: M3 | AD34: 3 | AE34: 38 | AF34: 20 | AG34: 40 | AH34: 48 | AJ34: M3 | AK34: 3 | AL34: 38 | AM34: 20 | AN34: 40 | AO34: 48
J35: 31 | K35: K | L35: M2 | M35: GQ | N35: A | O35: M3 | Q35: 8 | R35: 3 | S35: 18 | T35: 7 | U35: 4 | W35: 1 | X35: 1 | Y35: 1 | Z35: 1 | AA35: 1 | AC35: M4 | AD35: 38 | AE35: 27 | AF35: 33 | AG35: 20 | AH35: 24 | AJ35: M4 | AK35: 38 | AL35: 27 | AM35: 33 | AN35: 20 | AO35: 24
J36: 32 | K36: M2 | L36: M4 | M36: GK | N36: J | O36: M1 | Q36: 3 | R36: 5 | S36: 17 | T36: 10 | U36: 2 | W36: 1 | X36: 1 | Y36: 1 | Z36: 1 | AA36: 1 | AC36: M5 | AD36: 11 | AE36: 27 | AF36: 5 | AG36: 28 | AH36: 30 | AJ36: M5 | AK36: 11 | AL36: 27 | AM36: 5 | AN36: 28 | AO36: 30
J37: 33 | K37: M4 | L37: K | M37: GJ | N37: Q | O37: Q | Q37: 5 | R37: 8 | S37: 19 | T37: 9 | U37: 9 | W37: 1 | X37: 1 | Y37: 1 | Z37: 1 | AA37: 1 | AC37: A | AD37: 33 | AE37: 14 | AF37: 35 | AG37: 8 | AH37: 10 | AJ37: A | AK37: 33 | AL37: 14 | AM37: 35 | AN37: 8 | AO37: 10
J38: 34 | K38: M1 | L38: M4 | M38: M1 | N38: M3 | O38: M4 | Q38: 2 | R38: 5 | S38: 2 | T38: 4 | U38: 5 | W38: 1 | X38: 1 | Y38: 1 | Z38: 1 | AA38: 1 | AC38: K | AD38: 40 | AE38: 3 | AF38: 23 | AG38: 1 | AH38: 1 | AJ38: K | AK38: 40 | AL38: 3 | AM38: 23 | AN38: 1 | AO38: 1
J39: 35 | K39: M4 | L39: K | M39: M4 | N39: Q | O39: J | Q39: 5 | R39: 8 | S39: 5 | T39: 9 | U39: 10 | W39: 1 | X39: 1 | Y39: 1 | Z39: 1 | AA39: 1 | AC39: Q | AD39: 11 | AE39: 33 | AF39: 8 | AG39: 20 | AH39: 28 | AJ39: Q | AK39: 11 | AL39: 33 | AM39: 8 | AN39: 20 | AO39: 28
J40: 36 | K40: M1 | L40: C1 | M40: M1 | N40: GK | O40: K | Q40: 2 | R40: 1 | S40: 2 | T40: 17 | U40: 8 | W40: 1 | X40: 1 | Y40: 1 | Z40: 1 | AA40: 1 | AC40: J | AD40: 44 | AE40: 1 | AF40: 39 | AG40: 5 | AH40: 1 | AJ40: J | AK40: 44 | AL40: 1 | AM40: 39 | AN40: 5 | AO40: 1
J41: 37 | K41: K | L41: A | M41: K | N41: GJ | O41: A | Q41: 8 | R41: 7 | S41: 8 | T41: 19 | U41: 7 | W41: 1 | X41: 1 | Y41: 1 | Z41: 1 | AA41: 1 | AC41: G1 | AD41: 0 | AE41: 0 | AF41: 1 | AG41: 8 | AH41: 0 | AJ41: G1 | AK41: 0 | AL41: 0 | AM41: 1 | AN41: 8 | AO41: 0
J42: 38 | K42: A | L42: A | M42: GA | N42: M2 | O42: K | Q42: 7 | R42: 7 | S42: 16 | T42: 3 | U42: 8 | W42: 1 | X42: 1 | Y42: 1 | Z42: 1 | AA42: 1 | AC42: G2 | AD42: 0 | AE42: 0 | AF42: 3 | AG42: 7 | AH42: 0 | AJ42: G2 | AK42: 0 | AL42: 0 | AM42: 3 | AN42: 7 | AO42: 0
... J49: 45 | K49: M4 | L49: A | M49: G1 | N49: M4 | O49: K | Q49: 5 | R49: 7 | S49: 11 | T49: 5 | U49: 8 | W49: 1 | X49: 1 | Y49: 1 | Z49: 1 | AA49: 1 | AC49: GJ | AD49: 0 | AE49: 0 | AF49: 6 | AG49: 1 | AH49: 0 | AJ49: GJ | AK49: 0 | AL49: 0 | AM49: 6 | AN49: 1 | AO49: 0
J50: 46 | K50: M1 | L50: A | M50: G4 | N50: A | O50: J | Q50: 2 | R50: 7 | S50: 14 | T50: 7 | U50: 10 | W50: 1 | X50: 1 | Y50: 1 | Z50: 1 | AA50: 1 | AD50: =SUM(AD30:AD49) -> 196 | AE50: =SUM(AE30:AE49) -> 197 | AF50: =SUM(AF30:AF49) -> 198 | AG50: =SUM(AG30:AG49) -> 203 | AH50: =SUM(AH30:AH49) -> 201 | AK50: =SUM(AK30:AK49) -> 196 | AL50: =SUM(AL30:AL49) -> 197 | AM50: =SUM(AM30:AM49) -> 198 | AN50: =SUM(AN30:AN49) -> 203 | AO50: =SUM(AO30:AO49) -> 201
J51: 47 | K51: Q | L51: M4 | M51: G1 | N51: M4 | O51: K | Q51: 9 | R51: 5 | S51: 11 | T51: 5 | U51: 8 | W51: 1 | X51: 1 | Y51: 1 | Z51: 1 | AA51: 1
J52: 48 | K52: J | L52: J | M52: Q | N52: K | O52: Q | Q52: 10 | R52: 10 | S52: 9 | T52: 8 | U52: 9 | W52: 1 | X52: 1 | Y52: 1 | Z52: 1 | AA52: 1 | AC52: 3+ Combo | AJ52: 3+ Combo
J53: 49 | K53: Q | L53: K | M53: GQ | N53: K | O53: K | Q53: 9 | R53: 8 | S53: 18 | T53: 8 | U53: 8 | W53: 1 | X53: 1 | Y53: 1 | Z53: 1 | AA53: 1 | AC53: Symbol | AD53: R1 | AE53: R2 | AF53: R3 | AG53: R4 | AH53: R5 | AJ53: Symbol | AK53: R1 | AL53: R2 | AM53: R3 | AN53: R4 | AO53: R5
J54: 50 | K54: K | L54: M4 | M54: K | N54: M3 | O54: J | Q54: 8 | R54: 5 | S54: 8 | T54: 4 | U54: 10 | W54: 1 | X54: 1 | Y54: 1 | Z54: 1 | AA54: 1 | AC54: {=$A$4:$A$23} -> WW | AD54: 0 | AE54: 0 | AF54: 0 | AG54: 0 | AH54: 0 | AJ54: {=$A$4:$A$23} -> WW | AK54: 0 | AL54: 0 | AM54: 0 | AN54: 0 | AO54: 0
J55: 51 | K55: Q | L55: M1 | M55: GA | N55: K | O55: M3 | Q55: 9 | R55: 2 | S55: 16 | T55: 8 | U55: 4 | W55: 1 | X55: 1 | Y55: 1 | Z55: 1 | AA55: 1 | AC55: C1 | AD55: 1 | AE55: 1 | AF55: 1 | AG55: 1 | AH55: 1 | AJ55: C1 | AK55: 1 | AL55: 1 | AM55: 1 | AN55: 1 | AO55: 1
J56: 52 | K56: M4 | L56: J | M56: M2 | N56: J | O56: J | Q56: 5 | R56: 10 | S56: 3 | T56: 10 | U56: 10 | W56: 1 | X56: 1 | Y56: 1 | Z56: 1 | AA56: 1 | AC56: M1 | AD56: 0 | AE56: 0 | AF56: 0 | AG56: 0 | AH56: 0 | AJ56: M1 | AK56: 0 | AL56: 0 | AM56: 0 | AN56: 0 | AO56: 0
J57: 53 | K57: Q | L57: J | M57: K | N57: C1 | O57: A | Q57: 9 | R57: 10 | S57: 8 | T57: 1 | U57: 7 | W57: 1 | X57: 1 | Y57: 1 | Z57: 1 | AA57: 1 | AC57: M2 | AD57: 15 | AE57: 53 | AF57: 5 | AG57: 48 | AH57: 58 | AJ57: M2 | AK57: 15 | AL57: 53 | AM57: 5 | AN57: 48 | AO57: 58
J58: 54 | K58: K | L58: M4 | M58: G1 | N58: G2 | O58: J | Q58: 8 | R58: 5 | S58: 11 | T58: 12 | U58: 10 | W58: 1 | X58: 1 | Y58: 1 | Z58: 1 | AA58: 1 | AC58: M3 | AD58: 3 | AE58: 38 | AF58: 20 | AG58: 40 | AH58: 48 | AJ58: M3 | AK58: 3 | AL58: 38 | AM58: 20 | AN58: 40 | AO58: 48
J59: 55 | K59: A | L59: A | M59: K | N59: A | O59: M2 | Q59: 7 | R59: 7 | S59: 8 | T59: 7 | U59: 3 | W59: 1 | X59: 1 | Y59: 1 | Z59: 1 | AA59: 1 | AC59: M4 | AD59: 38 | AE59: 27 | AF59: 33 | AG59: 20 | AH59: 24 | AJ59: M4 | AK59: 38 | AL59: 27 | AM59: 33 | AN59: 20 | AO59: 24
J60: 56 | K60: M3 | L60: M2 | M60: GK | N60: M1 | O60: M2 | Q60: 4 | R60: 3 | S60: 17 | T60: 2 | U60: 3 | W60: 1 | X60: 1 | Y60: 1 | Z60: 1 | AA60: 1 | AC60: M5 | AD60: 11 | AE60: 27 | AF60: 5 | AG60: 28 | AH60: 30 | AJ60: M5 | AK60: 11 | AL60: 27 | AM60: 5 | AN60: 28 | AO60: 30
J61: 57 | K61: C1 | L61: Q | M61: A | N61: Q | O61: M3 | Q61: 1 | R61: 9 | S61: 7 | T61: 9 | U61: 4 | W61: 1 | X61: 1 | Y61: 1 | Z61: 1 | AA61: 1 | AC61: A | AD61: 33 | AE61: 14 | AF61: 35 | AG61: 8 | AH61: 10 | AJ61: A | AK61: 33 | AL61: 14 | AM61: 35 | AN61: 8 | AO61: 10
J62: 58 | K62: M1 | L62: J | M62: Q | N62: G3 | O62: M2 | Q62: 2 | R62: 10 | S62: 9 | T62: 13 | U62: 3 | W62: 1 | X62: 1 | Y62: 1 | Z62: 1 | AA62: 1 | AC62: K | AD62: 40 | AE62: 3 | AF62: 23 | AG62: 1 | AH62: 1 | AJ62: K | AK62: 40 | AL62: 3 | AM62: 23 | AN62: 1 | AO62: 1
J63: 59 | K63: M3 | L63: K | M63: Q | N63: J | O63: M3 | Q63: 4 | R63: 8 | S63: 9 | T63: 10 | U63: 4 | W63: 1 | X63: 1 | Y63: 1 | Z63: 1 | AA63: 1 | AC63: Q | AD63: 11 | AE63: 33 | AF63: 8 | AG63: 20 | AH63: 28 | AJ63: Q | AK63: 11 | AL63: 33 | AM63: 8 | AN63: 20 | AO63: 28
J64: 60 | K64: J | L64: Q | M64: A | N64: A | O64: J | Q64: 10 | R64: 9 | S64: 7 | T64: 7 | U64: 10 | W64: 1 | X64: 1 | Y64: 1 | Z64: 1 | AA64: 1 | AC64: J | AD64: 44 | AE64: 1 | AF64: 39 | AG64: 5 | AH64: 1 | AJ64: J | AK64: 44 | AL64: 1 | AM64: 39 | AN64: 5 | AO64: 1
J65: 61 | K65: M1 | L65: Q | M65: M1 | N65: GK | O65: K | Q65: 2 | R65: 9 | S65: 2 | T65: 17 | U65: 8 | W65: 1 | X65: 1 | Y65: 1 | Z65: 1 | AA65: 1 | AC65: G1 | AD65: 0 | AE65: 0 | AF65: 1 | AG65: 8 | AH65: 0 | AJ65: G1 | AK65: 0 | AL65: 0 | AM65: 1 | AN65: 8 | AO65: 0
J66: 62 | K66: A | L66: M4 | M66: A | N66: Q | O66: K | Q66: 7 | R66: 5 | S66: 7 | T66: 9 | U66: 8 | W66: 1 | X66: 1 | Y66: 1 | Z66: 1 | AA66: 1 | AC66: G2 | AD66: 0 | AE66: 0 | AF66: 3 | AG66: 7 | AH66: 0 | AJ66: G2 | AK66: 0 | AL66: 0 | AM66: 3 | AN66: 7 | AO66: 0
... J73: 69 | K73: M2 | L73: J | M73: Q | N73: M2 | O73: M2 | Q73: 3 | R73: 10 | S73: 9 | T73: 3 | U73: 3 | W73: 1 | X73: 1 | Y73: 1 | Z73: 1 | AA73: 1 | AC73: GJ | AD73: 0 | AE73: 0 | AF73: 6 | AG73: 1 | AH73: 0 | AJ73: GJ | AK73: 0 | AL73: 0 | AM73: 6 | AN73: 1 | AO73: 0
J74: 70 | K74: M4 | L74: Q | M74: J | N74: Q | O74: J | Q74: 5 | R74: 9 | S74: 10 | T74: 9 | U74: 10 | W74: 1 | X74: 1 | Y74: 1 | Z74: 1 | AA74: 1 | AD74: =SUM(AD54:AD73) -> 196 | AE74: =SUM(AE54:AE73) -> 197 | AF74: =SUM(AF54:AF73) -> 198 | AG74: =SUM(AG54:AG73) -> 203 | AH74: =SUM(AH54:AH73) -> 201 | AK74: =SUM(AK54:AK73) -> 196 | AL74: =SUM(AL54:AL73) -> 197 | AM74: =SUM(AM54:AM73) -> 198 | AN74: =SUM(AN54:AN73) -> 203 | AO74: =SUM(AO54:AO73) -> 201
J75: 71 | K75: J | L75: M4 | M75: M3 | N75: M3 | O75: Q | Q75: 10 | R75: 5 | S75: 4 | T75: 4 | U75: 9 | W75: 1 | X75: 1 | Y75: 1 | Z75: 1 | AA75: 1
J76: 72 | K76: M2 | L76: M2 | M76: C1 | N76: J | O76: K | Q76: 3 | R76: 3 | S76: 1 | T76: 10 | U76: 8 | W76: 1 | X76: 1 | Y76: 1 | Z76: 1 | AA76: 1
J77: 73 | K77: M1 | L77: M1 | M77: G4 | N77: G4 | O77: A | Q77: 2 | R77: 2 | S77: 14 | T77: 14 | U77: 7 | W77: 1 | X77: 1 | Y77: 1 | Z77: 1 | AA77: 1
J78: 74 | K78: J | L78: M1 | M78: M4 | N78: J | O78: M4 | Q78: 10 | R78: 2 | S78: 5 | T78: 10 | U78: 5 | W78: 1 | X78: 1 | Y78: 1 | Z78: 1 | AA78: 1
J79: 75 | K79: Q | L79: M4 | M79: M2 | N79: A | O79: M2 | Q79: 9 | R79: 5 | S79: 3 | T79: 7 | U79: 3 | W79: 1 | X79: 1 | Y79: 1 | Z79: 1 | AA79: 1
J80: 76 | K80: M1 | L80: K | M80: M4 | N80: K | O80: Q | Q80: 2 | R80: 8 | S80: 5 | T80: 8 | U80: 9 | W80: 1 | X80: 1 | Y80: 1 | Z80: 1 | AA80: 1
J81: 77 | K81: M3 | L81: A | M81: A | N81: J | O81: M4 | Q81: 4 | R81: 7 | S81: 7 | T81: 10 | U81: 5 | W81: 1 | X81: 1 | Y81: 1 | Z81: 1 | AA81: 1
J82: 78 | K82: M1 | L82: M3 | M82: Q | N82: G4 | O82: K | Q82: 2 | R82: 4 | S82: 9 | T82: 14 | U82: 8 | W82: 1 | X82: 1 | Y82: 1 | Z82: 1 | AA82: 1
J83: 79 | K83: K | L83: J | M83: J | N83: K | O83: M3 | Q83: 8 | R83: 10 | S83: 10 | T83: 8 | U83: 4 | W83: 1 | X83: 1 | Y83: 1 | Z83: 1 | AA83: 1
J84: 80 | K84: M2 | L84: M2 | M84: GK | N84: G3 | O84: Q | Q84: 3 | R84: 3 | S84: 17 | T84: 13 | U84: 9 | W84: 1 | X84: 1 | Y84: 1 | Z84: 1 | AA84: 1
J85: 81 | K85: M1 | L85: M1 | M85: GQ | N85: GJ | O85: A | Q85: 2 | R85: 2 | S85: 18 | T85: 19 | U85: 7 | W85: 1 | X85: 1 | Y85: 1 | Z85: 1 | AA85: 1
J86: 82 | K86: K | L86: M3 | M86: M4 | N86: GA | O86: M3 | Q86: 8 | R86: 4 | S86: 5 | T86: 16 | U86: 4 | W86: 1 | X86: 1 | Y86: 1 | Z86: 1 | AA86: 1
... J103: 99 | K103: A | L103: Q | M103: A | N103: GJ | O103: A | Q103: 7 | R103: 9 | S103: 7 | T103: 19 | U103: 7 | W103: 1 | X103: 1 | Y103: 1 | Z103: 1 | AA103: 1
