Workbook

Sheet Overview
A2: Model: | B2: H026194B
A3: Version: | B3: 3.0.0.3
A6: Base Bet
A7: 100
A10: Coin in | B10: Price(x) | C10: Total RTP | D10: Bet Type
A11: {=B11:B13*A7} -> 100 | B11: 1 | C11: =SUM(B18:B19) -> 0.94000021 | D11: Normal Bet
A12: 200 | B12: 2 | C12: =B22+B23 -> 0.9400004 | D12: Extra Bet
A13: 7500 | B13: 75 | C13: =SUM(B26:B27) -> 0.92500032 | D13: Buy Feature
A16: Total Pay Back Percentage includes the following adjustments.
A17: Bet Type | B17: Pay Back | C17: Hit% | D17: Pulls/Hit | E17: Description
A18: =D11 -> Normal Bet | B18: =Multiplier_Weight_Oldhand!C7 -> 0.69999982 | C18: =1/D18 -> 0.0041955921 | D18: =Multiplier_Weight_Oldhand!G7 -> 238.34538 | E18: Base Game
B19: =Multiplier_Weight_Oldhand!D7 -> 0.2400004 | E19: Free Game
A21: Bet Type | B21: Pay Back | C21: Hit% | D21: Pulls/Hit | E21: Description
A22: =D12 -> Extra Bet | B22: =Multiplier_Weight_Oldhand!C8 -> 0.34024087 | C22: =1/D22 -> 0.020969518 | D22: =Multiplier_Weight_Oldhand!G8 -> 47.688268 | E22: Base Game
B23: =Multiplier_Weight_Oldhand!D8 -> 0.59975952 | E23: Free Game
A25: Bet Type | B25: Pay Back | C25: Hit% | D25: Pulls/Hit | E25: Description
A26: =D13 -> Buy Feature | B26: =Multiplier_Weight_Oldhand!C9 -> 0 | C26: =1/D26 -> 1 | D26: 1 | E26: Base Game
B27: =Multiplier_Weight_Oldhand!D9 -> 0.92500032 | E27: Free Game
A30: Reel # | B30: 1 | C30: 2 | D30: 3 | E30: 4 | F30: 5
A31: Visible Window Size | B31: 3 | C31: 3 | D31: 3 | E31: 3 | F31: 3
A34: Free Spins Setting
A35: C1 Num. | B35: Base Game | C35: Free Game
A36: 3 | B36: 15 | C36: 15
A37: 4 | B37: 17 | C37: 17
A38: 5 | B38: 19 | C38: 19
A39: The maximum of free spins is 50.
A41: Pay Table： | B41: ="All wins show for "&A7&" credit bet." -> All wins show for 100 credit bet.
A42: Symbol | B42: Description | C42: 3 | D42: 4 | E42: 5 | F42: Id
A43: WW | B43: Wild | C43: 0 | D43: 0 | E43: 0 | F43: 0
A44: C1 | B44: Scatter | C44: 0 | D44: 0 | E44: 0 | F44: 1
A45: M1 | B45: M1 | C45: 250 | D45: 1250 | E45: 5000 | F45: 2
A46: M2 | B46: M2 | C46: 100 | D46: 500 | E46: 2000 | F46: 3
A47: M3 | B47: M3 | C47: 75 | D47: 250 | E47: 1000 | F47: 4
A48: M4 | B48: M4 | C48: 50 | D48: 200 | E48: 750 | F48: 5
A49: M5 | B49: M5 | C49: 25 | D49: 100 | E49: 500 | F49: 6
A50: A | B50: A | C50: 10 | D50: 50 | E50: 250 | F50: 7
A51: K | B51: K | C51: 10 | D51: 50 | E51: 250 | F51: 8
A52: Q | B52: Q | C52: 10 | D52: 50 | E52: 250 | F52: 9
A53: J | B53: J | C53: 10 | D53: 50 | E53: 250 | F53: 10
A54: G1 | B54: Rainbow M1 | C54: 250 | D54: 1250 | E54: 5000 | F54: 11
... A62: GJ | B62: Rainbow J | C62: 10 | D62: 50 | E62: 250 | F62: 19

Sheet Description
B3: 7. BG 流程對應
B5: 7.1 BG 開局流程
B7: BG 每局的主要參數流程如下：
B8: 1. 先用 Table Selection Weight - Base Game 選出 BG table。
B9: 2. 再用該 strip 的 Symbol Weight R1~R5 抽停輪位置。
B10: 3. 依 Symbol ID R1~R5 生成初始盤面。
B11: 4. 盤面上的彩虹框會先判定是否觸發 Used Special Pool Weight。
B12: 5. 若命中特殊池，該彩虹框用 Multiple Selection Weight - Special Pool 抽倍率。
B13: 6. 若沒命中特殊池：
B14: - 且是 BG_Symbol (2) 則第 3 輪彩虹框用 Multiple Selection Weight - Reel3 Before Eliminate
B15: - 其他輪彩虹框用 Multiple Selection Weight - Before Eliminate
B16: 7. 再用 Eliminate Table Weight 決定本局是掉落表 A 或 B。
... B83: 5. BG_Symbol (3): 觸發 FG 用的表。得分少、C1 多，盡量不要有倍數百搭參與 → 控制進 FG 時的得分

Sheet Parameter
B3: Line | I3: Table Selection Weight - Base Game (Weight/Total) | N3: Multiple Selection Weight - Special Pool (Weight/Total) | Y3: 4.7619048 | AA3: 10 | AC3: Used Special Pool Weight (Weight/10000)
B4: ID | C4: R1 | D4: R2 | E4: R3 | F4: R4 | G4: R5 | I4: Worksheet Name | J4: Weight | K4: RTP | N4: Worksheet Name \ Multiple | O4: 0 | P4: 2 | Q4: 3 | R4: 5 | S4: 8 | T4: 10 | U4: 15 | V4: 20 | W4: 25 | X4: 50 | Y4: 100 | Z4: 500 | AA4: 1000 | AC4: Worksheet Name \ Multiple | AD4: 1 | AE4: 2 | AF4: 3 | AG4: 4 | AH4: 5 | AI4: 6 | AJ4: 7 | AK4: 8 | AL4: 9
B5: 0 | C5: 1 | D5: 1 | E5: 1 | F5: 1 | G5: 1 | I5: BG_Symbol | J5: 7000 | L5: 0.7 | N5: BG_Symbol | O5: 0 | P5: 0 | Q5: 0 | R5: 0 | S5: 0 | T5: 2680 | U5: 3000 | V5: 2000 | W5: 500 | X5: 100 | Y5: 1200 | Z5: 20 | AA5: 500 | AB5: 75.93 | AC5: BG_Symbol | AD5: 300 | AE5: 600 | AF5: 1080 | AG5: 1440 | AH5: 2250 | AI5: 2700 | AJ5: 3150 | AK5: 3600 | AL5: 4050
B6: 1 | C6: 0 | D6: 0 | E6: 0 | F6: 0 | G6: 0 | I6: BG_Symbol (2) | J6: 1000 | L6: 0.1 | N6: BG_Symbol (2) | O6: 0 | P6: 0 | Q6: 0 | R6: 0 | S6: 0 | T6: 2680 | U6: 3000 | V6: 2000 | W6: 500 | X6: 100 | Y6: 1200 | Z6: 20 | AA6: 500 | AB6: 75.93 | AC6: BG_Symbol (2) | AD6: 0 | AE6: 0 | AF6: 525 | AG6: 700 | AH6: 1750 | AI6: 2100 | AJ6: 3675 | AK6: 4200 | AL6: 4725
B7: 2 | C7: 2 | D7: 2 | E7: 2 | F7: 2 | G7: 2 | I7: BG_Symbol (3) | J7: 2000 | L7: 0.2 | N7: BG_Symbol (3) | O7: 10000 | P7: 0 | Q7: 0 | R7: 0 | S7: 0 | T7: 0 | U7: 0 | V7: 0 | W7: 0 | X7: 0 | Y7: 0 | Z7: 0 | AA7: 0 | AB7: 0 | AC7: BG_Symbol (3) | AD7: 0 | AE7: 0 | AF7: 0 | AG7: 0 | AH7: 0 | AI7: 0 | AJ7: 0 | AK7: 0 | AL7: 0
B8: 3 | C8: 0 | D8: 1 | E8: 2 | F8: 1 | G8: 0 | J8: 10000 | K8: 0 | N8: FG_Symbol | O8: 0 | P8: 0 | Q8: 0 | R8: 0 | S8: 0 | T8: 3600 | U8: 2500 | V8: 1500 | W8: 250 | X8: 50 | Y8: 1000 | Z8: 100 | AA8: 1000 | AB8: 126.225 | AC8: FG_Symbol | AD8: 0 | AE8: 0 | AF8: 525 | AG8: 700 | AH8: 1750 | AI8: 2100 | AJ8: 3675 | AK8: 4200 | AL8: 4725
B9: 4 | C9: 2 | D9: 1 | E9: 0 | F9: 1 | G9: 2 | N9: FG_Symbol (2) | O9: 0 | P9: 0 | Q9: 0 | R9: 0 | S9: 0 | T9: 3430 | U9: 2500 | V9: 2000 | W9: 500 | X9: 100 | Y9: 700 | Z9: 70 | AA9: 700 | AB9: 93.43 | AC9: FG_Symbol (2) | AD9: 0 | AE9: 0 | AF9: 525 | AG9: 700 | AH9: 1750 | AI9: 2100 | AJ9: 3675 | AK9: 4200 | AL9: 4725
B10: 5 | C10: 0 | D10: 0 | E10: 1 | F10: 0 | G10: 0 | I10: Table Selection Weight - Free Game (Weight/Total) | N10: FG_Symbol (3) | O10: 0 | P10: 0 | Q10: 0 | R10: 0 | S10: 0 | T10: 4480 | U10: 2500 | V10: 2000 | W10: 500 | X10: 100 | Y10: 200 | Z10: 20 | AA10: 200 | AB10: 36.98 | AC10: FG_Symbol (3) | AD10: 0 | AE10: 0 | AF10: 525 | AG10: 700 | AH10: 1750 | AI10: 2100 | AJ10: 3675 | AK10: 4200 | AL10: 4725
B11: 6 | C11: 2 | D11: 2 | E11: 1 | F11: 2 | G11: 2 | I11: Worksheet Name | J11: Weight | K11: RTP | N11: BF_Symbol | O11: 10000 | P11: 0 | Q11: 0 | R11: 0 | S11: 0 | T11: 0 | U11: 0 | V11: 0 | W11: 0 | X11: 0 | Y11: 0 | Z11: 0 | AA11: 0 | AB11: 0 | AC11: BF_Symbol | AD11: 0 | AE11: 0 | AF11: 0 | AG11: 0 | AH11: 0 | AI11: 0 | AJ11: 0 | AK11: 0 | AL11: 0
B12: 7 | C12: 1 | D12: 2 | E12: 2 | F12: 2 | G12: 1 | I12: FG_Symbol | J12: 10000 | L12: 1
B13: 8 | C13: 1 | D13: 0 | E13: 0 | F13: 0 | G13: 1 | I13: FG_Symbol (2) | J13: 0 | L13: 0
B14: 9 | C14: 0 | D14: 1 | E14: 1 | F14: 1 | G14: 0 | I14: FG_Symbol (3) | J14: 0 | L14: 0 | N14: Multiple Selection Weight - Reel3 Before Eliminate (Weight/Total)
B15: 10 | C15: 2 | D15: 1 | E15: 1 | F15: 1 | G15: 2 | J15: 10000 | K15: 0 | N15: Worksheet Name \ Multiple | O15: 0 | P15: 2 | Q15: 3 | R15: 5 | S15: 8 | T15: 10 | U15: 15 | V15: 20 | W15: 25 | X15: 50 | Y15: 100 | Z15: 500 | AA15: 1000
B16: 11 | C16: 1 | D16: 1 | E16: 0 | F16: 1 | G16: 1 | N16: BG_Symbol | O16: 10000 | P16: 0 | Q16: 0 | R16: 0 | S16: 0 | T16: 0 | U16: 0 | V16: 0 | W16: 0 | X16: 0 | Y16: 0 | Z16: 0 | AA16: 0 | AB16: 0
B17: 12 | C17: 1 | D17: 1 | E17: 2 | F17: 1 | G17: 1 | I17: Table Selection Weight - Buy Feature (Weight/Total) | N17: BG_Symbol (2) | O17: 0 | P17: 3600 | Q17: 3400 | R17: 1500 | S17: 1500 | T17: 0 | U17: 0 | V17: 0 | W17: 0 | X17: 0 | Y17: 0 | Z17: 0 | AA17: 0 | AB17: 3.69
B18: 13 | C18: 1 | D18: 0 | E18: 1 | F18: 0 | G18: 1 | I18: Worksheet Name | J18: Weight | K18: RTP | N18: BG_Symbol (3) | O18: 10000 | P18: 0 | Q18: 0 | R18: 0 | S18: 0 | T18: 0 | U18: 0 | V18: 0 | W18: 0 | X18: 0 | Y18: 0 | Z18: 0 | AA18: 0 | AB18: 0
B19: 14 | C19: 1 | D19: 2 | E19: 1 | F19: 2 | G19: 1 | I19: FG_Symbol | J19: 10000 | L19: 1 | N19: FG_Symbol | O19: 0 | P19: 6000 | Q19: 2800 | R19: 900 | S19: 300 | T19: 0 | U19: 0 | V19: 0 | W19: 0 | X19: 0 | Y19: 0 | Z19: 0 | AA19: 0 | AB19: 2.73
B20: 15 | C20: 0 | D20: 1 | E20: 0 | F20: 1 | G20: 0 | I20: FG_Symbol (2) | J20: 0 | L20: 0 | N20: FG_Symbol (2) | O20: 0 | P20: 6000 | Q20: 2800 | R20: 900 | S20: 300 | T20: 0 | U20: 0 | V20: 0 | W20: 0 | X20: 0 | Y20: 0 | Z20: 0 | AA20: 0 | AB20: 2.73
B21: 16 | C21: 2 | D21: 1 | E21: 2 | F21: 1 | G21: 2 | I21: FG_Symbol (3) | J21: 0 | L21: 0 | N21: FG_Symbol (3) | O21: 0 | P21: 6000 | Q21: 2800 | R21: 900 | S21: 300 | T21: 0 | U21: 0 | V21: 0 | W21: 0 | X21: 0 | Y21: 0 | Z21: 0 | AA21: 0 | AB21: 2.73
B22: 17 | C22: 0 | D22: 0 | E22: 1 | F22: 2 | G22: 2 | J22: 10000 | K22: 0 | N22: BF_Symbol | O22: 10000 | P22: 0 | Q22: 0 | R22: 0 | S22: 0 | T22: 0 | U22: 0 | V22: 0 | W22: 0 | X22: 0 | Y22: 0 | Z22: 0 | AA22: 0 | AB22: 0
B23: 18 | C23: 2 | D23: 2 | E23: 1 | F23: 0 | G23: 0
B24: 19 | C24: 0 | D24: 2 | E24: 0 | F24: 2 | G24: 0 | I24: Multiplier Range
I25: Multiplier | N25: Multiple Selection Weight - Reel3 After Eliminate (Weight/Total)
I26: 0 | N26: Worksheet Name \ Multiple | O26: 0 | P26: 2 | Q26: 3 | R26: 5 | S26: 8 | T26: 10 | U26: 15 | V26: 20 | W26: 25 | X26: 50 | Y26: 100 | Z26: 500 | AA26: 1000
I27: 2 | N27: BG_Symbol | O27: 10000 | P27: 0 | Q27: 0 | R27: 0 | S27: 0 | T27: 0 | U27: 0 | V27: 0 | W27: 0 | X27: 0 | Y27: 0 | Z27: 0 | AA27: 0 | AB27: 0
I28: 3 | N28: BG_Symbol (2) | O28: 0 | P28: 3500 | Q28: 3400 | R28: 1500 | S28: 1500 | T28: 20 | U28: 20 | V28: 5 | W28: 5 | X28: 5 | Y28: 20 | Z28: 5 | AA28: 20 | AB28: 6.2175
I29: 5 | N29: BG_Symbol (3) | O29: 10000 | P29: 0 | Q29: 0 | R29: 0 | S29: 0 | T29: 0 | U29: 0 | V29: 0 | W29: 0 | X29: 0 | Y29: 0 | Z29: 0 | AA29: 0 | AB29: 0
I30: 8 | N30: FG_Symbol | O30: 0 | P30: 5800 | Q30: 2800 | R30: 900 | S30: 300 | T30: 20 | U30: 20 | V30: 5 | W30: 5 | X30: 5 | Y30: 70 | Z30: 5 | AA30: 70 | AB30: 10.7375
I31: 10 | N31: FG_Symbol (2) | O31: 0 | P31: 5880 | Q31: 2800 | R31: 900 | S31: 300 | T31: 20 | U31: 20 | V31: 5 | W31: 5 | X31: 5 | Y31: 30 | Z31: 5 | AA31: 30 | AB31: 6.3535
I32: 15 | N32: FG_Symbol (3) | O32: 0 | P32: 5900 | Q32: 2800 | R32: 900 | S32: 300 | T32: 20 | U32: 20 | V32: 5 | W32: 5 | X32: 5 | Y32: 20 | Z32: 5 | AA32: 20 | AB32: 5.2575
I33: 20 | N33: BF_Symbol | O33: 10000 | P33: 0 | Q33: 0 | R33: 0 | S33: 0 | T33: 0 | U33: 0 | V33: 0 | W33: 0 | X33: 0 | Y33: 0 | Z33: 0 | AA33: 0 | AB33: 0
I34: 25
I35: 50
I36: 100 | N36: Multiple Selection Weight - Before Eliminate (Weight/Total)
I37: 500 | N37: Worksheet Name \ Multiple | O37: 0 | P37: 2 | Q37: 3 | R37: 5 | S37: 8 | T37: 10 | U37: 15 | V37: 20 | W37: 25 | X37: 50 | Y37: 100 | Z37: 500 | AA37: 1000
I38: 1000 | N38: BG_Symbol | O38: 8500 | P38: 500 | Q38: 400 | R38: 300 | S38: 300 | T38: 0 | U38: 0 | V38: 0 | W38: 0 | X38: 0 | Y38: 0 | Z38: 0 | AA38: 0 | AB38: 4.0666667
N39: BG_Symbol (2) | O39: 8500 | P39: 500 | Q39: 400 | R39: 300 | S39: 300 | T39: 0 | U39: 0 | V39: 0 | W39: 0 | X39: 0 | Y39: 0 | Z39: 0 | AA39: 0 | AB39: 4.0666667
N40: BG_Symbol (3) | O40: 8500 | P40: 500 | Q40: 400 | R40: 300 | S40: 300 | T40: 0 | U40: 0 | V40: 0 | W40: 0 | X40: 0 | Y40: 0 | Z40: 0 | AA40: 0 | AB40: 4.0666667
I41: Eliminate Table Weight | N41: FG_Symbol | O41: 6710 | P41: 2100 | Q41: 860 | R41: 220 | S41: 110 | T41: 0 | U41: 0 | V41: 0 | W41: 0 | X41: 0 | Y41: 0 | Z41: 0 | AA41: 0 | AB41: 2.662614
J42: A | K42: B | N42: FG_Symbol (2) | O42: 6710 | P42: 2100 | Q42: 860 | R42: 220 | S42: 110 | T42: 0 | U42: 0 | V42: 0 | W42: 0 | X42: 0 | Y42: 0 | Z42: 0 | AA42: 0 | AB42: 2.662614
I43: Base Game | J43: 10 | K43: 0 | N43: FG_Symbol (3) | O43: 6710 | P43: 2100 | Q43: 860 | R43: 220 | S43: 110 | T43: 0 | U43: 0 | V43: 0 | W43: 0 | X43: 0 | Y43: 0 | Z43: 0 | AA43: 0 | AB43: 2.662614
I44: Free Game | J44: 10 | K44: 0 | N44: BF_Symbol | O44: 10000 | P44: 0 | Q44: 0 | R44: 0 | S44: 0 | T44: 0 | U44: 0 | V44: 0 | W44: 0 | X44: 0 | Y44: 0 | Z44: 0 | AA44: 0 | AB44: #DIV/0!
N47: Multiple Selection Weight - After Eliminate (Weight/Total)
N48: Worksheet Name \ Multiple | O48: 0 | P48: 2 | Q48: 3 | R48: 5 | S48: 8 | T48: 10 | U48: 15 | V48: 20 | W48: 25 | X48: 50 | Y48: 100 | Z48: 500 | AA48: 1000
N49: BG_Symbol | O49: 8400 | P49: 500 | Q49: 400 | R49: 300 | S49: 300 | T49: 20 | U49: 20 | V49: 5 | W49: 5 | X49: 5 | Y49: 20 | Z49: 5 | AA49: 20 | AB49: 19.734375
N50: BG_Symbol (2) | O50: 8400 | P50: 500 | Q50: 400 | R50: 300 | S50: 300 | T50: 20 | U50: 20 | V50: 5 | W50: 5 | X50: 5 | Y50: 20 | Z50: 5 | AA50: 20 | AB50: 19.734375
N51: BG_Symbol (3) | O51: 8500 | P51: 500 | Q51: 400 | R51: 300 | S51: 300 | T51: 0 | U51: 0 | V51: 0 | W51: 0 | X51: 0 | Y51: 0 | Z51: 0 | AA51: 0 | AB51: 4.0666667
N52: FG_Symbol | O52: 6550 | P52: 2000 | Q52: 1000 | R52: 200 | S52: 50 | T52: 20 | U52: 20 | V52: 5 | W52: 5 | X52: 5 | Y52: 70 | Z52: 5 | AA52: 70 | AB52: 25.76087
N53: FG_Symbol (2) | O53: 6630 | P53: 2000 | Q53: 1000 | R53: 200 | S53: 50 | T53: 20 | U53: 20 | V53: 5 | W53: 5 | X53: 5 | Y53: 30 | Z53: 5 | AA53: 30 | AB53: 13.316024
N54: FG_Symbol (3) | O54: 6650 | P54: 2000 | Q54: 1000 | R54: 200 | S54: 50 | T54: 20 | U54: 20 | V54: 5 | W54: 5 | X54: 5 | Y54: 20 | Z54: 5 | AA54: 20 | AB54: 10.11194
N55: BF_Symbol | O55: 10000 | P55: 0 | Q55: 0 | R55: 0 | S55: 0 | T55: 0 | U55: 0 | V55: 0 | W55: 0 | X55: 0 | Y55: 0 | Z55: 0 | AA55: 0 | AB55: #DIV/0!

Sheet Multiplier_Weight
B2: A | C2: Newbie | D2: Newbie | E2: Newbie | F2: Newbie | G2: Oldhand | H2: Oldhand | I2: Oldhand | J2: Oldhand | K2: Oldhand
B3: Range | C3: Weight_NB_BG | D3: Weight_NB_FG | E3: Weight_EB_BG | F3: Weight_EB_FG | G3: Weight_NB_BG | H3: Weight_NB_FG | I3: Weight_EB_BG | J3: Weight_EB_FG | K3: Weight_BF_FG
B4: (-1, 0] | C4: {=_xlfn.ANCHORARRAY(Multiplier_Weight_Newbie!L16)} -> 714982560 | D4: {=_xlfn.ANCHORARRAY(Multiplier_Weight_Newbie!L159)} -> 0 | E4: {=_xlfn.ANCHORARRAY(Multiplier_Weight_Newbie!L88)} -> 712373722 | F4: {=_xlfn.ANCHORARRAY(Multiplier_Weight_Newbie!L159)} -> 0 | G4: {=_xlfn.ANCHORARRAY(Multiplier_Weight_Oldhand!L16)} -> 715922996 | H4: {=_xlfn.ANCHORARRAY(Multiplier_Weight_Oldhand!L159)} -> 0 | I4: {=_xlfn.ANCHORARRAY(Multiplier_Weight_Oldhand!L88)} -> 711945709 | J4: {=_xlfn.ANCHORARRAY(Multiplier_Weight_Oldhand!L159)} -> 0 | K4: {=_xlfn.ANCHORARRAY(Multiplier_Weight_Oldhand!L229)} -> 0
B5: (0, 1] | C5: 160158655 | D5: 0 | E5: 157929170 | F5: 0 | G5: 160369316 | H5: 0 | I5: 157834282 | J5: 0 | K5: 0
B6: (1, 2] | C6: 45291493 | D6: 0 | E6: 44320090 | F6: 0 | G6: 45351066 | H6: 0 | I6: 44293462 | J6: 0 | K6: 0
B7: (2, 3] | C7: 21474133 | D7: 0 | E7: 21015991 | F7: 0 | G7: 21502379 | H7: 0 | I7: 21003364 | J7: 0 | K7: 0
B8: (3, 4] | C8: 11563125 | D8: 0 | E8: 8551620 | F8: 0 | G8: 11578334 | H8: 0 | I8: 8546482 | J8: 0 | K8: 0
B9: (4, 5] | C9: 9108389 | D9: 0 | E9: 6708476 | F9: 0 | G9: 9120370 | H9: 0 | I9: 6704446 | J9: 0 | K9: 0
B10: (5, 6] | C10: 7949728 | D10: 0 | E10: 5440871 | F10: 0 | G10: 7554765 | H10: 0 | I10: 5528426 | J10: 0 | K10: 0
B11: (6, 7] | C11: 3671230 | D11: 0 | E11: 3329350 | F11: 0 | G11: 3488834 | H11: 0 | I11: 3382926 | J11: 0 | K11: 0
B12: (7, 8] | C12: 3128381 | D12: 0 | E12: 2832078 | F12: 0 | G12: 2972955 | H12: 0 | I12: 2877652 | J12: 0 | K12: 0
B13: (8, 9] | C13: 2833105 | D13: 0 | E13: 2549049 | F13: 0 | G13: 2692349 | H13: 0 | I13: 2590069 | J13: 0 | K13: 0
B14: (9, 10] | C14: 2525352 | D14: 0 | E14: 2289719 | F14: 0 | G14: 2399886 | H14: 0 | I14: 2326565 | J14: 0 | K14: 0
B15: (10, 15] | C15: 3452326 | D15: 123594578 | E15: 3024773 | F15: 123594578 | G15: 3280806 | H15: 140656533 | I15: 3073448 | J15: 140656533 | K15: 124227685
B16: (15, 20] | C16: 5465497 | D16: 122562797 | E16: 3935552 | F16: 122562797 | G16: 5193957 | H16: 139482317 | I16: 3998883 | J16: 139482317 | K16: 123193249
... B67: (100000, 9999999] | C67: 0 | D67: 0 | E67: 0 | F67: 0 | G67: 0 | H67: 0 | I67: 0 | J67: 0 | K67: 0
B68: Free Game | C68: 4195668 | E68: 20978340 | G68: 4195668 | I68: 20978340

Sheet Multiplier_Weight_Newbie
A2: Threshold | B2: 1000000000
A3: Coin in | B3: =Overview!A7 -> 100
C5: RTP
B6: Bet | C6: Base Game | D6: Free Game | E6: Total | F6: Hit Rate | G6: FG Period | H6: Avg Multi | I6: BG | J6: FG
A7: Normal Bet | B7: {=Overview!B11:B12} -> 1 | C7: =SUM(N16:N80) -> 0.68999993 | D7: =SUM(_xlfn.ANCHORARRAY(N159))*F7 -> 0.23999958 | E7: =SUM(C7:D7) -> 0.92999951 | F7: =M80 -> 0.0041955691 | G7: =1/F7 -> 238.34669 | H7: =D7*G7 -> 57.203107 | I7: {=LOOKUP(2,1/(L16:L79<>0),B16:B79)} -> 60 | J7: {=LOOKUP(2,1/(_xlfn.ANCHORARRAY(L159)<>0),B16:B79)} -> 350
A8: Extra Bet | B8: 2 | C8: =SUM(_xlfn.ANCHORARRAY(N88))/B8 -> 0.33023183 | D8: =SUM(_xlfn.ANCHORARRAY(N159))*F8/B8 -> 0.5997682 | E8: =SUM(C8:D8) -> 0.93000003 | F8: =M152 -> 0.020969777 | G8: =1/F8 -> 47.687679 | H8: =D8*G8 -> 28.601553 | I8: {=LOOKUP(2,1/(L88:L151<>0),B16:B79)} -> 80
A12: Base Game
A14: Simulator | B14: =Multiplier_Weight_Oldhand!B14 -> 1000000000 | H14: Calculate
A15: Lower | B15: Upper | C15: Cnt | D15: Pay | E15: Hit Rate | F15: Avg. Multi. | H15: Range | I15: Fix Num | J15: Fix Rate | K15: Final Rate | L15: Weight | M15: Hit Rate | N15: Simulator RTP | P15: 目前 | Q15: 目前 | R15: 競品 | S15: 差異
A16: -1 | B16: 0 | C16: {=Multiplier_Weight_Oldhand!C16:D79} -> 738977283 | D16: 0 | E16: {=_xlfn.LET(_xlpm.x, C16:C79, _xlpm.x/SUM(_xlpm.x))} -> 0.74898554 | F16: {=_xlfn.LET(_xlpm.x, D16:D81/C16:C81/B3, IF(ISERR(_xlpm.x), 0, _xlpm.x))} -> 0 | G16: 1e-05 | H16: ="("&$A16&", "&$B16&"]" -> (-1, 0] | I16: 0.96 | J16: {=E16:E80*I16:I80} -> 0.71902612 | K16: {=J16:J79/SUM(_xlfn.ANCHORARRAY(J16))} -> 0.71498256 | L16: {=INT(K16:K80*$B$2)} -> 714982560 | M16: {=_xlfn.LET(_xlpm.x, L16:L80, _xlpm.x/SUM(_xlpm.x))} -> 0.7149657 | N16: {=M16:M80*F16:F80} -> 0 | P16: {=M16:M79} -> 0.7149657 | Q16: 0.72294875 | R16: 0.72554635 | S16: {=_xlfn.LET(_xlpm.x, Q16:Q79/M16:M79, IF(ISERR(_xlpm.x), 0, ROUND(_xlpm.x,2)))} -> 1.01
A17: 0 | B17: 1 | C17: 134671370 | D17: 5869389535 | E17: 0.13649528 | F17: 0.43583054 | G17: 5965 | H17: ="("&$A17&", "&$B17&"]" -> (0, 1] | I17: 1.18 | J17: 0.16106443 | K17: 0.16015866 | L17: 160158655 | M17: 0.16015488 | N17: 0.069800386 | P17: 0.16015488 | Q17: 0.16136085 | R17: 0.15905886 | S17: 1.01
A18: 1 | B18: 2 | C18: 34304589 | D18: 5136293060 | E18: 0.034769189 | F18: 1.4972612 | G18: =1+G17*G16 -> 1.05965 | H18: ="("&$A18&", "&$B18&"]" -> (1, 2] | I18: 1.31 | J18: 0.045547638 | K18: 0.045291494 | L18: 45291493 | M18: 0.045290425 | N18: 0.067811597 | P18: 0.045290425 | Q18: 0.045756935 | R18: 0.049788509 | S18: 1.01
A19: 2 | B19: 3 | C19: 16020309 | D19: 4033651395 | E19: 0.016237278 | F19: 2.5178362 | H19: ="("&$A19&", "&$B19&"]" -> (2, 3] | I19: 1.33 | J19: 0.02159558 | K19: 0.021474134 | L19: 21474133 | M19: 0.021473627 | N19: 0.054067074 | P19: 0.021473627 | Q19: 0.021758 | R19: 0.021457526 | S19: 1.01
A20: 3 | B20: 4 | C20: 7967455 | D20: 2842347285 | E20: 0.0080753613 | F20: 3.5674469 | H20: ="("&$A20&", "&$B20&"]" -> (3, 4] | I20: 1.44 | J20: 0.01162852 | K20: 0.011563125 | L20: 11563125 | M20: 0.011562852 | N20: 0.041249862 | P20: 0.011562852 | Q20: 0.0085068855 | R20: 0.0094289743 | S20: 0.74
A21: 4 | B21: 5 | C21: 5578706 | D21: 2564213210 | E21: 0.0056542606 | F21: 4.5964301 | H21: ="("&$A21&", "&$B21&"]" -> (4, 5] | I21: 1.62 | J21: 0.0091599021 | K21: 0.00910839 | L21: 9108389 | M21: 0.0091081742 | N21: 0.041865086 | P21: 0.0091081742 | Q21: 0.0066698354 | R21: 0.0062566091 | S21: 0.73
A22: 5 | B22: 6 | C22: 4158567 | D22: 2322704910 | E22: 0.0042148881 | F22: 5.5853493 | G22: 1.79 | H22: ="("&$A22&", "&$B22&"]" -> (5, 6] | I22: {=G22:G79*G18} -> 1.8967735 | J22: 0.007994688 | K22: 0.0079497286 | L22: 7949728 | M22: 0.0079495405 | N22: 0.04440096 | P22: 0.0079495405 | Q22: 0.0054541949 | R22: 0.0053753965 | S22: 0.69
A23: 6 | B23: 7 | C23: 2772263 | D23: 1818622450 | E23: 0.0028098088 | F23: 6.5600646 | G23: 1.24 | H23: ="("&$A23&", "&$B23&"]" -> (6, 7] | I23: 1.313966 | J23: 0.0036919933 | K23: 0.0036712308 | L23: 3671230 | M23: 0.0036711434 | N23: 0.024082938 | P23: 0.0036711434 | Q23: 0.0033318405 | R23: 0.0025114558 | S23: 0.91
A24: 7 | B24: 8 | C24: 2871865 | D24: 2188753410 | E24: 0.0029107598 | F24: 7.6213659 | G24: 1.02 | H24: ="("&$A24&", "&$B24&"]" -> (7, 8] | I24: 1.080843 | J24: 0.0031460743 | K24: 0.0031283819 | L24: 3128381 | M24: 0.0031283072 | N24: 0.023841974 | P24: 0.0031283072 | Q24: 0.00281562 | R24: 0.0030842439 | S24: 0.9
A25: 8 | B25: 9 | C25: 2105410 | D25: 1810360075 | E25: 0.0021339244 | F25: 8.5986106 | G25: 1.26 | H25: ="("&$A25&", "&$B25&"]" -> (8, 9] | I25: 1.335159 | J25: 0.0028491283 | K25: 0.0028331058 | L25: 2833105 | M25: 0.0028330382 | N25: 0.024360192 | P25: 0.0028330382 | Q25: 0.0025445965 | R25: 0.0026876983 | S25: 0.9
A26: 9 | B26: 10 | C26: 1954254 | D26: 1885134195 | E26: 0.0019807212 | F26: 9.646311 | G26: 1.21 | H26: ="("&$A26&", "&$B26&"]" -> (9, 10] | I26: 1.2821765 | J26: 0.0025396342 | K26: 0.0025253522 | L26: 2525352 | M26: 0.0025252924 | N26: 0.024359756 | P26: 0.0025252924 | Q26: 0.0022718729 | R26: 0.002247092 | S26: 0.9
A27: 10 | B27: 15 | C27: 6734651 | D27: 8382998890 | E27: 0.006825861 | F27: 12.447562 | G27: 0.48 | H27: ="("&$A27&", "&$B27&"]" -> (10, 15] | I27: 0.508632 | J27: 0.0034718513 | K27: 0.0034523268 | L27: 3452326 | M27: 0.0034522446 | N27: 0.04297203 | P27: 0.0034522446 | Q27: 0.0030238589 | R27: 0.0049788509 | S27: 0.88
A28: 15 | B28: 20 | C28: 4528931 | D28: 7919233365 | E28: 0.0045902681 | F28: 17.485878 | G28: 1.13 | H28: ="("&$A28&", "&$B28&"]" -> (15, 20] | I28: 1.1974045 | J28: 0.0054964076 | K28: 0.0054654977 | L28: 5465497 | M28: 0.0054653681 | N28: 0.095566758 | P28: 0.0054653681 | Q28: 0.0039646257 | R28: 0.0023352133 | S28: 0.73
A29: 20 | B29: 25 | C29: 3129796 | D29: 7054318865 | E29: 0.003172184 | F29: 22.539229 | G29: 0.54 | H29: ="("&$A29&", "&$B29&"]" -> (20, 25] | I29: 0.572211 | J29: 0.0018151586 | K29: 0.0018049508 | L29: 1804950 | M29: 0.0018049074 | N29: 0.040681222 | P29: 0.0018049074 | Q29: 0.0016558467 | R29: 0.0018064857 | S29: 0.92
A30: 25 | B30: 30 | C30: 2506990 | D30: 6905395465 | E30: 0.0025409431 | F30: 27.544567 | G30: 0.2 | H30: ="("&$A30&", "&$B30&"]" -> (25, 30] | I30: 0.21193 | J30: 0.00053850208 | K30: 0.00053547373 | L30: 535473 | M30: 0.00053546037 | N30: 0.014749024 | P30: 0.00053546037 | Q30: 0.00067090937 | R30: 0.00088121255 | S30: 1.25
A31: 30 | B31: 35 | C31: 1878754 | D31: 6111962030 | E31: 0.0019041987 | F31: 32.531997 | G31: 0.22 | H31: ="("&$A31&", "&$B31&"]" -> (30, 35] | I31: 0.233123 | J31: 0.00044391251 | K31: 0.0004414161 | L31: 441416 | M31: 0.00044140559 | N31: 0.014359806 | P31: 0.00044140559 | Q31: 0.00056786647 | R31: 0.0004846669 | S31: 1.29
A32: 35 | B32: 40 | C32: 1621830 | D32: 6089148510 | E32: 0.0016437951 | F32: 37.544925 | G32: 0.33 | H32: ="("&$A32&", "&$B32&"]" -> (35, 40] | I32: 0.3496845 | J32: 0.00057480966 | K32: 0.00057157713 | L32: 571577 | M32: 0.00057156352 | N32: 0.021459309 | P32: 0.00057156352 | Q32: 0.00097218159 | R32: 0.00070497004 | S32: 1.7
A33: 40 | B33: 45 | C33: 1336896 | D33: 5698648415 | E33: 0.0013550021 | F33: 42.625967 | G33: 0.16 | H33: ="("&$A33&", "&$B33&"]" -> (40, 45] | I33: 0.169544 | J33: 0.00022973248 | K33: 0.00022844054 | L33: 228440 | M33: 0.00022843461 | N33: 0.0097372462 | P33: 0.00022843461 | Q33: 0.00022260373 | R33: 0.00035248502 | S33: 0.97
A34: 45 | B34: 50 | C34: 1129963 | D34: 5386108480 | E34: 0.0011452665 | F34: 47.666238 | G34: 0.2 | H34: ="("&$A34&", "&$B34&"]" -> (45, 50] | I34: 0.21193 | J34: 0.00024271633 | K34: 0.00024135138 | L34: 241351 | M34: 0.00024134531 | N34: 0.011504023 | P34: 0.00024134531 | Q34: 0.00021215213 | R34: 0.00013218188 | S34: 0.88
... A79: 100000 | B79: 9999999 | C79: 156 | D79: 1792140330 | E79: 1.5811277e-07 | F79: 114880.79 | G79: 0 | H79: ="("&$A79&", "&$B79&"]" -> (100000, 9999999] | I79: 0 | J79: 0 | K79: 0 | L79: 0 | M79: 0 | N79: 0 | P79: 0 | Q79: 0 | R79: 0 | S79: 0
A80: Free Game | C80: =E80*B14 -> 13362000 | D80: {=Multiplier_Weight_Oldhand!D80:D81} -> 360008300 | E80: =Multiplier_Weight_Oldhand!E80 -> 0.013362 | F80: 0.26942696 | H80: Free Game | I80: 0.314 | J80: 0.004195668 | K80: =J80 -> 0.004195668 | L80: 4195668 | M80: 0.0041955691 | N80: 0.0011303994
A81: Buy Feature | C81: 10000000 | D81: 0 | E81: 1 | F81: 0 | H81: Buy Feature | M81: =E81 -> 1 | N81: =F81/B9 -> #DIV/0!
A84: Extra Bet
A86: Simulator | B86: 1000000000 | H86: Calculate
A87: Lower | B87: Upper | C87: Cnt | D87: Pay | E87: Hit Rate | F87: Avg. Multi. | H87: Range | I87: Fix Num | J87: Fix Rate | K87: Final Rate | L87: Weight | M87: Hit Rate | N87: Simulator RTP | P87: 目前 | Q87: 目前 | R87: 競品 | S87: 差異
A88: -1 | B88: 0 | C88: {=C16:D79} -> 738977283 | D88: 0 | E88: {=_xlfn.LET(_xlpm.x, C88:C151, _xlpm.x/SUM(_xlpm.x))} -> 0.74898554 | F88: {=_xlfn.LET(_xlpm.x, D88:D152/C88:C152/B3, IF(ISERR(_xlpm.x), 0, _xlpm.x))} -> 0 | G88: 1e-05 | H88: ="("&$A88&", "&$B88&"]" -> (-1, 0] | I88: 0.97 | J88: {=E88:E152*I88:I152} -> 0.72651597 | K88: {=J88:J151/SUM(_xlfn.ANCHORARRAY(J88))} -> 0.71237372 | L88: {=INT(K88:K152*$B$2)} -> 712373722 | M88: {=_xlfn.LET(_xlpm.x, L88:L152, _xlpm.x/SUM(_xlpm.x))} -> 0.71208294 | N88: {=M88:M152*F88:F152} -> 0 | P88: {=M88:M151} -> 0.71208294 | Q88: 0.72294875 | S88: {=_xlfn.LET(_xlpm.x, Q88:Q151/M88:M151, IF(ISERR(_xlpm.x), 0, ROUND(_xlpm.x,2)))} -> 1.02
A89: 0 | B89: 1 | C89: 134671370 | D89: 5869389535 | E89: 0.13649528 | F89: 0.43583054 | G89: -1754 | H89: ="("&$A89&", "&$B89&"]" -> (0, 1] | I89: 1.18 | J89: 0.16106443 | K89: 0.15792917 | L89: 157929170 | M89: 0.15786471 | N89: 0.06880226 | P89: 0.15786471 | Q89: 0.16136085 | S89: 1.02
A90: 1 | B90: 2 | C90: 34304589 | D90: 5136293060 | E90: 0.034769189 | F90: 1.4972612 | G90: =1+G89*G88 -> 0.98246 | H90: ="("&$A90&", "&$B90&"]" -> (1, 2] | I90: 1.3 | J90: 0.045199946 | K90: 0.044320091 | L90: 44320090 | M90: 0.044301999 | N90: 0.066331665 | P90: 0.044301999 | Q90: 0.045756935 | S90: 1.03
A91: 2 | B91: 3 | C91: 16020309 | D91: 4033651395 | E91: 0.016237278 | F91: 2.5178362 | H91: ="("&$A91&", "&$B91&"]" -> (2, 3] | I91: 1.32 | J91: 0.021433207 | K91: 0.021015992 | L91: 21015991 | M91: 0.021007413 | N91: 0.052893224 | P91: 0.021007413 | Q91: 0.021758 | S91: 1.04
A92: 3 | B92: 4 | C92: 7967455 | D92: 2842347285 | E92: 0.0080753613 | F92: 3.5674469 | H92: ="("&$A92&", "&$B92&"]" -> (3, 4] | I92: 1.08 | J92: 0.0087213902 | K92: 0.008551621 | L92: 8551620 | M92: 0.0085481294 | N92: 0.030494998 | P92: 0.0085481294 | Q92: 0.0085068855 | S92: 1
A93: 4 | B93: 5 | C93: 5578706 | D93: 2564213210 | E93: 0.0056542606 | F93: 4.5964301 | H93: ="("&$A93&", "&$B93&"]" -> (4, 5] | I93: 1.21 | J93: 0.0068416553 | K93: 0.0067084767 | L93: 6708476 | M93: 0.0067057377 | N93: 0.030822455 | P93: 0.0067057377 | Q93: 0.0066698354 | S93: 0.99
A94: 5 | B94: 6 | C94: 4158567 | D94: 2322704910 | E94: 0.0042148881 | F94: 5.5853493 | G94: 1.34 | H94: ="("&$A94&", "&$B94&"]" -> (5, 6] | I94: {=G94:G151*G90} -> 1.3164964 | J94: 0.005548885 | K94: 0.0054408712 | L94: 5440871 | M94: 0.0054386501 | N94: 0.030376761 | P94: 0.0054386501 | Q94: 0.0054541949 | S94: 1
A95: 6 | B95: 7 | C95: 2772263 | D95: 1818622450 | E95: 0.0028098088 | F95: 6.5600646 | G95: 1.23 | H95: ="("&$A95&", "&$B95&"]" -> (6, 7] | I95: 1.2084258 | J95: 0.0033954455 | K95: 0.0033293503 | L95: 3329350 | M95: 0.003327991 | N95: 0.021831836 | P95: 0.003327991 | Q95: 0.0033318405 | S95: 1
A96: 7 | B96: 8 | C96: 2871865 | D96: 2188753410 | E96: 0.0029107598 | F96: 7.6213659 | G96: 1.01 | H96: ="("&$A96&", "&$B96&"]" -> (7, 8] | I96: 0.9922846 | J96: 0.0028883021 | K96: 0.0028320789 | L96: 2832078 | M96: 0.002830922 | N96: 0.021575493 | P96: 0.002830922 | Q96: 0.00281562 | S96: 0.99
A97: 8 | B97: 9 | C97: 2105410 | D97: 1810360075 | E97: 0.0021339244 | F97: 8.5986106 | G97: 1.24 | H97: ="("&$A97&", "&$B97&"]" -> (8, 9] | I97: 1.2182504 | J97: 0.0025996542 | K97: 0.0025490498 | L97: 2549049 | M97: 0.0025480085 | N97: 0.021909333 | P97: 0.0025480085 | Q97: 0.0025445965 | S97: 1
A98: 9 | B98: 10 | C98: 1954254 | D98: 1885134195 | E98: 0.0019807212 | F98: 9.646311 | G98: 1.2 | H98: ="("&$A98&", "&$B98&"]" -> (9, 10] | I98: 1.178952 | J98: 0.0023351752 | K98: 0.0022897191 | L98: 2289719 | M98: 0.0022887844 | N98: 0.022078326 | P98: 0.0022887844 | Q98: 0.0022718729 | S98: 0.99
A99: 10 | B99: 15 | C99: 6734651 | D99: 8382998890 | E99: 0.006825861 | F99: 12.447562 | G99: 0.46 | H99: ="("&$A99&", "&$B99&"]" -> (10, 15] | I99: 0.4519316 | J99: 0.0030848223 | K99: 0.0030247736 | L99: 3024773 | M99: 0.0030235383 | N99: 0.037635682 | P99: 0.0030235383 | Q99: 0.0030238589 | S99: 1
A100: 15 | B100: 20 | C100: 4528931 | D100: 7919233365 | E100: 0.0045902681 | F100: 17.485878 | G100: 0.89 | H100: ="("&$A100&", "&$B100&"]" -> (15, 20] | I100: 0.8743894 | J100: 0.0040136817 | K100: 0.003935552 | L100: 3935552 | M100: 0.0039339456 | N100: 0.068788491 | P100: 0.0039339456 | Q100: 0.0039646257 | S100: 1.01
A101: 20 | B101: 25 | C101: 3129796 | D101: 7054318865 | E101: 0.003172184 | F101: 22.539229 | G101: 0.54 | H101: ="("&$A101&", "&$B101&"]" -> (20, 25] | I101: 0.5305284 | J101: 0.0016829337 | K101: 0.001650174 | L101: 1650173 | M101: 0.0016494994 | N101: 0.037178445 | P101: 0.0016494994 | Q101: 0.0016558467 | S101: 1
A102: 25 | B102: 30 | C102: 2506990 | D102: 6905395465 | E102: 0.0025409431 | F102: 27.544567 | G102: 0.27 | H102: ="("&$A102&", "&$B102&"]" -> (25, 30] | I102: 0.2652642 | J102: 0.00067402125 | K102: 0.00066090085 | L102: 660900 | M102: 0.00066063023 | N102: 0.018196774 | P102: 0.00066063023 | Q102: 0.00067090937 | S102: 1.02
A103: 30 | B103: 35 | C103: 1878754 | D103: 6111962030 | E103: 0.0019041987 | F103: 32.531997 | G103: 0.3 | H103: ="("&$A103&", "&$B103&"]" -> (30, 35] | I103: 0.294738 | J103: 0.00056123971 | K103: 0.00055031471 | L103: 550314 | M103: 0.00055008937 | N103: 0.017895506 | P103: 0.00055008937 | Q103: 0.00056786647 | S103: 1.03
A104: 35 | B104: 40 | C104: 1621830 | D104: 6089148510 | E104: 0.0016437951 | F104: 37.544925 | G104: 0.6 | H104: ="("&$A104&", "&$B104&"]" -> (35, 40] | I104: 0.589476 | J104: 0.00096897774 | K104: 0.00095011577 | L104: 950115 | M104: 0.00094972718 | N104: 0.035657435 | P104: 0.00094972718 | Q104: 0.00097218159 | S104: 1.02
A105: 40 | B105: 45 | C105: 1336896 | D105: 5698648415 | E105: 0.0013550021 | F105: 42.625967 | G105: 0.16 | H105: ="("&$A105&", "&$B105&"]" -> (40, 45] | I105: 0.1571936 | J105: 0.00021299766 | K105: 0.00020885148 | L105: 208851 | M105: 0.00020876575 | N105: 0.0088988419 | P105: 0.00020876575 | Q105: 0.00022260373 | S105: 1.07
A106: 45 | B106: 50 | C106: 1129963 | D106: 5386108480 | E106: 0.0011452665 | F106: 47.666238 | G106: 0.19 | H106: ="("&$A106&", "&$B106&"]" -> (45, 50] | I106: 0.1866674 | J106: 0.00021378392 | K106: 0.00020962244 | L106: 209622 | M106: 0.00020953644 | N106: 0.0099878135 | P106: 0.00020953644 | Q106: 0.00021215213 | S106: 1.01
... A151: 100000 | B151: 9999999 | C151: 156 | D151: 1792140330 | E151: 1.5811277e-07 | F151: 114880.79 | G151: 0 | H151: ="("&$A151&", "&$B151&"]" -> (100000, 9999999] | I151: 0 | J151: 0 | K151: 0 | L151: 0 | M151: 0 | N151: 0 | P151: 0 | Q151: 0 | S151: 0
A152: Free Game | C152: =E152*B86 -> 13362000 | D152: {=D80:E80} -> 360008300 | E152: 0.013362 | F152: 0.26942696 | H152: Free Game | I152: =I80*5 -> 1.57 | J152: 0.02097834 | K152: =J152 -> 0.02097834 | L152: 20978340 | M152: 0.020969777 | N152: 0.0056498232
A155: Free Game
A157: Simulator | B157: =B14 -> 1000000000 | H157: Calculate
A158: Lower | B158: Upper | C158: Cnt | D158: Pay | E158: Hit Rate | F158: Avg. Multi. | H158: Range | I158: Fix Num | J158: Fix Rate | K158: Final Rate | L158: Weight | M158: Hit Rate | N158: Simulator RTP | P158: 目前 | Q158: 目前 | R158: 競品 | S158: 差異
A159: -1 | B159: 0 | C159: {=Multiplier_Weight_Oldhand!C159:D222} -> 0 | D159: 0 | E159: {=_xlfn.LET(_xlpm.x, C159:C222, _xlpm.x/SUM(_xlpm.x))} -> 0 | F159: {=_xlfn.LET(_xlpm.x, D159:D222/C159:C222/B3, IF(ISERR(_xlpm.x), 0, _xlpm.x))} -> 0 | G159: 1e-06 | H159: ="("&$A159&", "&$B159&"]" -> (-1, 0] | I159: 0 | J159: {=_xlfn.ANCHORARRAY(E159)*I159:I222} -> 0 | K159: {=J159:J222/SUM(_xlfn.ANCHORARRAY(J159))} -> 0 | L159: {=INT(_xlfn.ANCHORARRAY(K159)*$B$2)} -> 0 | M159: {=_xlfn.LET(_xlpm.x, L159:L222, _xlpm.x/SUM(_xlpm.x))} -> 0 | N159: {=M159:M222*_xlfn.ANCHORARRAY(F159)} -> 0 | P159: {=_xlfn.ANCHORARRAY(M159)} -> 0 | Q159: 0 | R159: 0 | S159: {=_xlfn.LET(_xlpm.x, Q159:Q222/M159:M222, IF(ISERR(_xlpm.x), 0, ROUND(_xlpm.x,2)))} -> 0
A160: 0 | B160: 1 | C160: 8464 | D160: 508835 | E160: 0.00063357661 | F160: 0.60117557 | G160: 319094 | H160: ="("&$A160&", "&$B160&"]" -> (0, 1] | I160: 0 | J160: 0 | K160: 0 | L160: 0 | M160: 0 | N160: 0 | P160: 0 | Q160: 0 | R160: 0 | S160: 0
A161: 1 | B161: 2 | C161: 8182 | D161: 1288395 | E161: 0.00061246737 | F161: 1.57467 | G161: =1+G160*G159 -> 1.319094 | H161: ="("&$A161&", "&$B161&"]" -> (1, 2] | I161: 0 | J161: 0 | K161: 0 | L161: 0 | M161: 0 | N161: 0 | P161: 0 | Q161: 0 | R161: 0 | S161: 0
A162: 2 | B162: 3 | C162: 8513 | D162: 2203325 | E162: 0.00063724453 | F162: 2.5881887 | H162: ="("&$A162&", "&$B162&"]" -> (2, 3] | I162: 0 | J162: 0 | K162: 0 | L162: 0 | M162: 0 | N162: 0 | P162: 0 | Q162: 0 | R162: 0 | S162: 0
A163: 3 | B163: 4 | C163: 8154 | D163: 2921075 | E163: 0.00061037142 | F163: 3.5823829 | H163: ="("&$A163&", "&$B163&"]" -> (3, 4] | I163: 0 | J163: 0 | K163: 0 | L163: 0 | M163: 0 | N163: 0 | P163: 0 | Q163: 0 | R163: 0.036144578 | S163: 0
A164: 4 | B164: 5 | C164: 8684 | D164: 3971090 | E164: 0.00065004481 | F164: 4.5728812 | H164: ="("&$A164&", "&$B164&"]" -> (4, 5] | I164: 0 | J164: 0 | K164: 0 | L164: 0 | M164: 0 | N164: 0 | P164: 0 | Q164: 0 | R164: 0 | S164: 0
A165: 5 | B165: 6 | C165: 9017 | D165: 5025145 | E165: 0.00067497168 | F165: 5.5729677 | H165: ="("&$A165&", "&$B165&"]" -> (5, 6] | I165: 0 | J165: 0 | K165: 0 | L165: 0 | M165: 0 | N165: 0 | P165: 0 | Q165: 0 | R165: 0 | S165: 0
A166: 6 | B166: 7 | C166: 9018 | D166: 5915710 | E166: 0.00067504654 | F166: 6.5598913 | H166: ="("&$A166&", "&$B166&"]" -> (6, 7] | I166: 0 | J166: 0 | K166: 0 | L166: 0 | M166: 0 | N166: 0 | P166: 0 | Q166: 0 | R166: 0.012048193 | S166: 0
A167: 7 | B167: 8 | C167: 9158 | D167: 6924705 | E167: 0.0006855263 | F167: 7.5613726 | H167: ="("&$A167&", "&$B167&"]" -> (7, 8] | I167: 0 | J167: 0 | K167: 0 | L167: 0 | M167: 0 | N167: 0 | P167: 0 | Q167: 0 | R167: 0.036144578 | S167: 0
A168: 8 | B168: 9 | C168: 9305 | D168: 7962655 | E168: 0.00069653005 | F168: 8.5573939 | H168: ="("&$A168&", "&$B168&"]" -> (8, 9] | I168: 0 | J168: 0 | K168: 0 | L168: 0 | M168: 0 | N168: 0 | P168: 0 | Q168: 0 | R168: 0.024096386 | S168: 0
A169: 9 | B169: 10 | C169: 9412 | D169: 8996740 | E169: 0.00070453959 | F169: 9.5587973 | H169: ="("&$A169&", "&$B169&"]" -> (9, 10] | I169: 0 | J169: 0 | K169: 0 | L169: 0 | M169: 0 | N169: 0 | P169: 0 | Q169: 0 | R169: 0.012048193 | S169: 0
A170: 10 | B170: 15 | C170: 49247 | D170: 61922385 | E170: 0.0036864068 | F170: 12.573839 | H170: ="("&$A170&", "&$B170&"]" -> (10, 15] | I170: 36.94 | J170: 0.13617587 | K170: 0.12359458 | L170: 123594578 | M170: 0.12359458 | N170: 1.5540583 | P170: 0.12359458 | Q170: 0.13126626 | R170: 0.072289157 | S170: 1.06
A171: 15 | B171: 20 | C171: 52199 | D171: 91715625 | E171: 0.0039073801 | F171: 17.57038 | H171: ="("&$A171&", "&$B171&"]" -> (15, 20] | I171: 34.56 | J171: 0.13503906 | K171: 0.1225628 | L171: 122562797 | M171: 0.1225628 | N171: 2.1534749 | P171: 0.1225628 | Q171: 0.13125249 | R171: 0.072289157 | S171: 1.07
A172: 20 | B172: 25 | C172: 54803 | D172: 123642355 | E172: 0.0041023038 | F172: 22.561238 | H172: ="("&$A172&", "&$B172&"]" -> (20, 25] | I172: 33.09 | J172: 0.13574523 | K172: 0.12320373 | L172: 123203727 | M172: 0.12320373 | N172: 2.7796287 | P172: 0.12320373 | Q172: 0.13127819 | R172: 0.072289157 | S172: 1.07
A173: 25 | B173: 30 | C173: 57087 | D173: 157303165 | E173: 0.0042732736 | F173: 27.554989 | H173: ="("&$A173&", "&$B173&"]" -> (25, 30] | I173: 31.66 | J173: 0.13529184 | K173: 0.12279223 | L173: 122792228 | M173: 0.12279223 | N173: 3.3835385 | P173: 0.12279223 | Q173: 0.13224971 | R173: 0.084337349 | S173: 1.08
... A177: 45 | B177: 50 | C177: 66483 | D177: 316159655 | E177: 0.0049766155 | F177: 47.554962 | H177: ="("&$A177&", "&$B177&"]" -> (45, 50] | I177: 5.27 | J177: 0.026226764 | K177: 0.023803673 | L177: 23803672 | M177: 0.023803672 | N177: 1.1319827 | P177: 0.023803672 | Q177: 0.027000173 | R177: 0.024096386 | S177: 1.13
A178: 50 | B178: 60 | C178: 139846 | D178: 770486615 | E178: 0.010468237 | F178: 55.095363 | G178: 2.12 | H178: ="("&$A178&", "&$B178&"]" -> (50, 60] | I178: {=G178:G222*G161} -> 2.7964793 | J178: 0.029274207 | K178: 0.026569563 | L178: 26569562 | M178: 0.026569562 | N178: 1.4638597 | P178: 0.026569562 | Q178: 0.022800441 | R178: 0.024096386 | S178: 0.86
A179: 60 | B179: 70 | C179: 146816 | D179: 955319985 | E179: 0.010989979 | F179: 65.069201 | G179: 5.94 | H179: ="("&$A179&", "&$B179&"]" -> (60, 70] | I179: 7.8354184 | J179: 0.086111085 | K179: 0.078155281 | L179: 78155280 | M179: 0.078155281 | N179: 5.0855017 | P179: 0.078155281 | Q179: 0.06725044 | R179: 0.060240964 | S179: 0.86
A180: 70 | B180: 80 | C180: 154465 | D180: 1159515525 | E180: 0.011562549 | F180: 75.066554 | G180: 5.07 | H180: ="("&$A180&", "&$B180&"]" -> (70, 80] | I180: 6.6878066 | J180: 0.077328089 | K180: 0.070183746 | L180: 70183745 | M180: 0.070183746 | N180: 5.2684519 | P180: 0.070183746 | Q180: 0.060642211 | R180: 0.048192771 | S180: 0.86
A181: 80 | B181: 90 | C181: 160143 | D181: 1362077070 | E181: 0.011987578 | F181: 85.0538 | G181: 2.49 | H181: ="("&$A181&", "&$B181&"]" -> (80, 90] | I181: 3.2845441 | J181: 0.039373728 | K181: 0.035735989 | L181: 35735988 | M181: 0.035735988 | N181: 3.0394816 | P181: 0.035735988 | Q181: 0.0308309 | R181: 0.024096386 | S181: 0.86
A182: 90 | B182: 100 | C182: 165405 | D182: 1572146625 | E182: 0.012381467 | F182: 95.048313 | G182: 2.13 | H182: ="("&$A182&", "&$B182&"]" -> (90, 100] | I182: 2.8096702 | J182: 0.03478784 | K182: 0.031573791 | L182: 31573791 | M182: 0.031573791 | N182: 3.0010356 | P182: 0.031573791 | Q182: 0.027035606 | R182: 0.012048193 | S182: 0.86
A183: 100 | B183: 120 | C183: 343628 | D183: 3783315070 | E183: 0.025722432 | F183: 110.09915 | G183: 1.6 | H183: ="("&$A183&", "&$B183&"]" -> (100, 120] | I183: 2.1105504 | J183: 0.054288489 | K183: 0.049272775 | L183: 49272774 | M183: 0.049272775 | N183: 5.4248906 | P183: 0.049272775 | Q183: 0.042740283 | R183: 0.060240964 | S183: 0.87
A184: 120 | B184: 140 | C184: 354855 | D184: 4615650835 | E184: 0.026562834 | F184: 130.07146 | G184: 0.68 | H184: ="("&$A184&", "&$B184&"]" -> (120, 140] | I184: 0.89698392 | J184: 0.023826435 | K184: 0.021625111 | L184: 21625110 | M184: 0.02162511 | N184: 2.8128097 | P184: 0.02162511 | Q184: 0.018780093 | R184: 0.072289157 | S184: 0.87
A185: 140 | B185: 160 | C185: 357981 | D185: 5371224535 | E185: 0.026796832 | F185: 150.04217 | G185: 1.03 | H185: ="("&$A185&", "&$B185&"]" -> (140, 160] | I185: 1.3586668 | J185: 0.036407967 | K185: 0.033044234 | L185: 33044234 | M185: 0.033044234 | N185: 4.9580286 | P185: 0.033044234 | Q185: 0.028816648 | R185: 0.024096386 | S185: 0.87
A186: 160 | B186: 180 | C186: 359992 | D186: 6120684245 | E186: 0.026947367 | F186: 170.02279 | G186: 0.3 | H186: ="("&$A186&", "&$B186&"]" -> (160, 180] | I186: 0.3957282 | J186: 0.010663833 | K186: 0.0096786013 | L186: 9678601 | M186: 0.0096786011 | N186: 1.6455827 | P186: 0.0096786011 | Q186: 0.0085080992 | R186: 0.036144578 | S186: 0.88
A187: 180 | B187: 200 | C187: 357858 | D187: 6799733860 | E187: 0.026787625 | F187: 190.01207 | G187: 0.26 | H187: ="("&$A187&", "&$B187&"]" -> (180, 200] | I187: 0.34296444 | J187: 0.0091872028 | K187: 0.0083383971 | L187: 8338397 | M187: 0.0083383971 | N187: 1.5843961 | P187: 0.0083383971 | Q187: 0.0074870672 | R187: 0 | S187: 0.9
A188: 200 | B188: 250 | C188: 866284 | D188: 19475012970 | E188: 0.064846087 | F188: 224.81095 | G188: 0.3 | H188: ="("&$A188&", "&$B188&"]" -> (200, 250] | I188: 0.3957282 | J188: 0.025661425 | K188: 0.023290566 | L188: 23290565 | M188: 0.023290565 | N188: 5.2359741 | P188: 0.023290565 | Q188: 0.020060522 | R188: 0.060240964 | S188: 0.86
A189: 250 | B189: 300 | C189: 810514 | D189: 22265421400 | E189: 0.060671398 | F189: 274.70743 | G189: 0.09 | H189: ="("&$A189&", "&$B189&"]" -> (250, 300] | I189: 0.11871846 | J189: 0.0072028149 | K189: 0.0065373468 | L189: 6537346 | M189: 0.0065373461 | N189: 1.7958575 | P189: 0.0065373461 | Q189: 0.0056530021 | R189: 0.024096386 | S189: 0.86
A190: 300 | B190: 350 | C190: 745650 | D190: 24204985950 | E190: 0.055815974 | F190: 324.61592 | G190: 0.08 | H190: ="("&$A190&", "&$B190&"]" -> (300, 350] | I190: 0.10552752 | J190: 0.0058901213 | K190: 0.0053459329 | L190: 5345932 | M190: 0.0053459321 | N190: 1.7353746 | P190: 0.0053459321 | Q190: 0.0048534741 | R190: 0.012048193 | S190: 0.91
... A222: 100000 | B222: 9999999 | C222: 482 | D222: 5787682590 | E222: 3.6080332e-05 | F222: 120076.4 | G222: 0 | H222: ="("&$A222&", "&$B222&"]" -> (100000, 9999999] | I222: 0 | J222: 0 | K222: 0 | L222: 0 | M222: 0 | N222: 0 | P222: 0 | Q222: 0 | R222: 0 | S222: 0

Sheet Multiplier_Weight_Oldhand
A2: Threshold | B2: 1000000000
A3: Coin in | B3: =Overview!A7 -> 100
C5: RTP
B6: Bet | C6: Base Game | D6: Free Game | E6: Total | F6: Hit Rate | G6: FG Period | H6: Avg Multi | I6: BG | J6: FG
A7: Normal Bet | B7: {=Overview!B11:B13} -> 1 | C7: =SUM(N16:N80) -> 0.69999982 | D7: =SUM(_xlfn.ANCHORARRAY(N159))*F7 -> 0.2400004 | E7: =SUM(C7:D7) -> 0.94000021 | F7: =M80 -> 0.0041955921 | G7: =1/F7 -> 238.34538 | H7: =D7*G7 -> 57.202986 | I7: {=LOOKUP(2,1/(L16:L79<>0),B16:B79)} -> 120 | J7: {=LOOKUP(2,1/(_xlfn.ANCHORARRAY(L159)<>0),B16:B79)} -> 20000
A8: Extra Bet | B8: 2 | C8: =SUM(_xlfn.ANCHORARRAY(N88))/B8 -> 0.34024087 | D8: =SUM(_xlfn.ANCHORARRAY(N159))*F8/B8 -> 0.59975952 | E8: =SUM(C8:D8) -> 0.9400004 | F8: =M152 -> 0.020969518 | G8: =1/F8 -> 47.688268 | H8: =D8*G8 -> 28.601493 | I8: {=LOOKUP(2,1/(L88:L151<>0),B16:B79)} -> 120 | J8: =J7 -> 20000
A9: Buy Feature | B9: 75 | C9: =N81 -> 0 | D9: =SUM(_xlfn.ANCHORARRAY(N229))/B9 -> 0.92500032 | E9: =SUM(C9:D9) -> 0.92500032 | F9: =E81 -> 1 | G9: =1/F9 -> 1 | H9: =D9*G9*B9 -> 69.375024 | J9: {=LOOKUP(2,1/(_xlfn.ANCHORARRAY(L229)<>0),B16:B79)} -> 20000
A12: Base Game
A14: Simulator | B14: 1000000000 | C14: H026192_2606171759_betmode0 | H14: Calculate
A15: Lower | B15: Upper | C15: Cnt | D15: Pay | E15: Hit Rate | F15: Avg. Multi. | H15: Range | I15: Fix Num | J15: Fix Rate | K15: Final Rate | L15: Weight | M15: Hit Rate | N15: Simulator RTP | P15: 目前 | Q15: 目前 | R15: 競品 | S15: 差異
A16: -1 | B16: 0 | C16: 738977283 | D16: 0 | E16: {=_xlfn.LET(_xlpm.x, C16:C79, _xlpm.x/SUM(_xlpm.x))} -> 0.74898554 | F16: {=_xlfn.LET(_xlpm.x, D16:D81/C16:C81/B3, IF(ISERR(_xlpm.x), 0, _xlpm.x))} -> 0 | G16: 1e-06 | H16: ="("&$A16&", "&$B16&"]" -> (-1, 0] | I16: 0.96 | J16: {=E16:E80*I16:I80} -> 0.71902612 | K16: {=J16:J79/SUM(_xlfn.ANCHORARRAY(J16))} -> 0.715923 | L16: {=INT(K16:K80*$B$2)} -> 715922996 | M16: {=_xlfn.LET(_xlpm.x, L16:L80, _xlpm.x/SUM(_xlpm.x))} -> 0.71591004 | N16: {=M16:M80*F16:F80} -> 0 | P16: {=M16:M79} -> 0.71591004 | Q16: 0.7159752 | R16: 0.72554635 | S16: {=_xlfn.LET(_xlpm.x, Q16:Q79/M16:M79, IF(ISERR(_xlpm.x), 0, ROUND(_xlpm.x,2)))} -> 1
A17: 0 | B17: 1 | C17: 134671370 | D17: 5869389535 | E17: 0.13649528 | F17: 0.43583054 | G17: 5681 | H17: ="("&$A17&", "&$B17&"]" -> (0, 1] | I17: 1.18 | J17: 0.16106443 | K17: 0.16036932 | L17: 160369316 | M17: 0.16036641 | N17: 0.06989258 | P17: 0.16036641 | Q17: 0.16050309 | R17: 0.15905886 | S17: 1
A18: 1 | B18: 2 | C18: 34304589 | D18: 5136293060 | E18: 0.034769189 | F18: 1.4972612 | G18: =1+G17*G16 -> 1.005681 | H18: ="("&$A18&", "&$B18&"]" -> (1, 2] | I18: 1.31 | J18: 0.045547638 | K18: 0.045351067 | L18: 45351066 | M18: 0.045350245 | N18: 0.067901163 | P18: 0.045350245 | Q18: 0.045308267 | R18: 0.049788509 | S18: 1
A19: 2 | B19: 3 | C19: 16020309 | D19: 4033651395 | E19: 0.016237278 | F19: 2.5178362 | H19: ="("&$A19&", "&$B19&"]" -> (2, 3] | I19: 1.33 | J19: 0.02159558 | K19: 0.021502379 | L19: 21502379 | M19: 0.02150199 | N19: 0.054138489 | P19: 0.02150199 | Q19: 0.02147935 | R19: 0.021457526 | S19: 1
A20: 3 | B20: 4 | C20: 7967455 | D20: 2842347285 | E20: 0.0080753613 | F20: 3.5674469 | H20: ="("&$A20&", "&$B20&"]" -> (3, 4] | I20: 1.44 | J20: 0.01162852 | K20: 0.011578335 | L20: 11578334 | M20: 0.011578124 | N20: 0.041304345 | P20: 0.011578124 | Q20: 0.01161089 | R20: 0.0094289743 | S20: 1
A21: 4 | B21: 5 | C21: 5578706 | D21: 2564213210 | E21: 0.0056542606 | F21: 4.5964301 | H21: ="("&$A21&", "&$B21&"]" -> (4, 5] | I21: 1.62 | J21: 0.0091599021 | K21: 0.0091203705 | L21: 9120370 | M21: 0.009120205 | N21: 0.041920384 | P21: 0.009120205 | Q21: 0.0091491637 | R21: 0.0062566091 | S21: 1
A22: 5 | B22: 6 | C22: 4158567 | D22: 2322704910 | E22: 0.0042148881 | F22: 5.5853493 | G22: 1.79 | H22: ="("&$A22&", "&$B22&"]" -> (5, 6] | I22: {=G22:G79*G18} -> 1.800169 | J22: 0.0075875108 | K22: 0.0075547652 | L22: 7554765 | M22: 0.0075546283 | N22: 0.042195237 | P22: 0.0075546283 | Q22: 0.0075282778 | R22: 0.0053753965 | S22: 1
A23: 6 | B23: 7 | C23: 2772263 | D23: 1818622450 | E23: 0.0028098088 | F23: 6.5600646 | G23: 1.24 | H23: ="("&$A23&", "&$B23&"]" -> (6, 7] | I23: 1.2470444 | J23: 0.0035039565 | K23: 0.0034888344 | L23: 3488834 | M23: 0.0034887709 | N23: 0.022886562 | P23: 0.0034887709 | Q23: 0.003476954 | R23: 0.0025114558 | S23: 1
A24: 7 | B24: 8 | C24: 2871865 | D24: 2188753410 | E24: 0.0029107598 | F24: 7.6213659 | G24: 1.02 | H24: ="("&$A24&", "&$B24&"]" -> (7, 8] | I24: 1.0257946 | J24: 0.0029858417 | K24: 0.0029729556 | L24: 2972955 | M24: 0.0029729012 | N24: 0.022657568 | P24: 0.0029729012 | Q24: 0.0029606601 | R24: 0.0030842439 | S24: 1
A25: 8 | B25: 9 | C25: 2105410 | D25: 1810360075 | E25: 0.0021339244 | F25: 8.5986106 | G25: 1.26 | H25: ="("&$A25&", "&$B25&"]" -> (8, 9] | I25: 1.2671581 | J25: 0.0027040195 | K25: 0.0026923497 | L25: 2692349 | M25: 0.0026923003 | N25: 0.023150042 | P25: 0.0026923003 | Q25: 0.0026694709 | R25: 0.0026876983 | S25: 0.99
A26: 9 | B26: 10 | C26: 1954254 | D26: 1885134195 | E26: 0.0019807212 | F26: 9.646311 | G26: 1.21 | H26: ="("&$A26&", "&$B26&"]" -> (9, 10] | I26: 1.216874 | J26: 0.0024102882 | K26: 0.002399886 | L26: 2399886 | M26: 0.0023998426 | N26: 0.023149628 | P26: 0.0023998426 | Q26: 0.0023901201 | R26: 0.002247092 | S26: 1
A27: 10 | B27: 15 | C27: 6734651 | D27: 8382998890 | E27: 0.006825861 | F27: 12.447562 | G27: 0.48 | H27: ="("&$A27&", "&$B27&"]" -> (10, 15] | I27: 0.48272688 | J27: 0.0032950266 | K27: 0.0032808061 | L27: 3280806 | M27: 0.0032807466 | N27: 0.040837299 | P27: 0.0032807466 | Q27: 0.003255352 | R27: 0.0049788509 | S27: 0.99
A28: 15 | B28: 20 | C28: 4528931 | D28: 7919233365 | E28: 0.0045902681 | F28: 17.485878 | G28: 1.13 | H28: ="("&$A28&", "&$B28&"]" -> (15, 20] | I28: 1.1364195 | J28: 0.0052164703 | K28: 0.0051939574 | L28: 5193957 | M28: 0.005193863 | N28: 0.090819253 | P28: 0.005193863 | Q28: 0.0051523509 | R28: 0.0023352133 | S28: 0.99
A29: 20 | B29: 25 | C29: 3129796 | D29: 7054318865 | E29: 0.003172184 | F29: 22.539229 | G29: 0.54 | H29: ="("&$A29&", "&$B29&"]" -> (20, 25] | I29: 0.54306774 | J29: 0.0017227108 | K29: 0.0017152761 | L29: 1715276 | M29: 0.001715245 | N29: 0.038660299 | P29: 0.001715245 | Q29: 0.0017133369 | R29: 0.0018064857 | S29: 1
A30: 25 | B30: 30 | C30: 2506990 | D30: 6905395465 | E30: 0.0025409431 | F30: 27.544567 | G30: 0.2 | H30: ="("&$A30&", "&$B30&"]" -> (25, 30] | I30: 0.2011362 | J30: 0.00051107565 | K30: 0.00050886998 | L30: 508869 | M30: 0.00050885979 | N30: 0.014016323 | P30: 0.00050885979 | Q30: 0.000496778 | R30: 0.00088121255 | S30: 0.98
A31: 30 | B31: 35 | C31: 1878754 | D31: 6111962030 | E31: 0.0019041987 | F31: 32.531997 | G31: 0.22 | H31: ="("&$A31&", "&$B31&"]" -> (30, 35] | I31: 0.22124982 | J31: 0.00042130362 | K31: 0.00041948539 | L31: 419485 | M31: 0.00041947741 | N31: 0.013646438 | P31: 0.00041947741 | Q31: 0.00041474146 | R31: 0.0004846669 | S31: 0.99
A32: 35 | B32: 40 | C32: 1621830 | D32: 6089148510 | E32: 0.0016437951 | F32: 37.544925 | G32: 0.33 | H32: ="("&$A32&", "&$B32&"]" -> (35, 40] | I32: 0.33187473 | J32: 0.00054553405 | K32: 0.00054317967 | L32: 543179 | M32: 0.00054316917 | N32: 0.020393246 | P32: 0.00054316917 | Q32: 0.00053879471 | R32: 0.00070497004 | S32: 0.99
A33: 40 | B33: 45 | C33: 1336896 | D33: 5698648415 | E33: 0.0013550021 | F33: 42.625967 | G33: 0.16 | H33: ="("&$A33&", "&$B33&"]" -> (40, 45] | I33: 0.16090896 | J33: 0.00021803198 | K33: 0.00021709101 | L33: 217091 | M33: 0.00021708707 | N33: 0.0092535462 | P33: 0.00021708707 | Q33: 0.00022212093 | R33: 0.00035248502 | S33: 1.02
A34: 45 | B34: 50 | C34: 1129963 | D34: 5386108480 | E34: 0.0011452665 | F34: 47.666238 | G34: 0.2 | H34: ="("&$A34&", "&$B34&"]" -> (45, 50] | I34: 0.2011362 | J34: 0.00023035456 | K34: 0.00022936041 | L34: 229360 | M34: 0.00022935585 | N34: 0.01093253 | P34: 0.00022935585 | Q34: 0.00022429881 | R34: 0.00013218188 | S34: 0.98
... A79: 100000 | B79: 9999999 | C79: 156 | D79: 1792140330 | E79: 1.5811277e-07 | F79: 114880.79 | G79: 0 | H79: ="("&$A79&", "&$B79&"]" -> (100000, 9999999] | I79: 0 | J79: 0 | K79: 0 | L79: 0 | M79: 0 | N79: 0 | P79: 0 | Q79: 0 | R79: 0 | S79: 0
A80: Free Game | C80: =E80*B14 -> 13362000 | D80: 360008300 | E80: 0.013362 | F80: 0.26942696 | H80: Free Game | I80: 0.314 | J80: 0.004195668 | K80: =J80 -> 0.004195668 | L80: 4195668 | M80: 0.0041955921 | N80: 0.0011304056
A81: Buy Feature | C81: 10000000 | D81: 0 | E81: 1 | F81: 0 | H81: Buy Feature | M81: =E81 -> 1 | N81: =F81/B9 -> 0
K82: =1/K80 -> 238.34107
A84: Extra Bet
A86: Simulator | B86: 1000000000 | H86: Calculate
A87: Lower | B87: Upper | C87: Cnt | D87: Pay | E87: Hit Rate | F87: Avg. Multi. | H87: Range | I87: Fix Num | J87: Fix Rate | K87: Final Rate | L87: Weight | M87: Hit Rate | N87: Simulator RTP | P87: 目前 | Q87: 目前 | R87: 競品 | S87: 差異
A88: -1 | B88: 0 | C88: {=C16:D79} -> 738977283 | D88: 0 | E88: {=_xlfn.LET(_xlpm.x, C88:C151, _xlpm.x/SUM(_xlpm.x))} -> 0.74898554 | F88: {=_xlfn.LET(_xlpm.x, D88:D152/C88:C152/B3, IF(ISERR(_xlpm.x), 0, _xlpm.x))} -> 0 | G88: 1e-06 | H88: ="("&$A88&", "&$B88&"]" -> (-1, 0] | I88: 0.97 | J88: {=E88:E152*I88:I152} -> 0.72651597 | K88: {=J88:J151/SUM(_xlfn.ANCHORARRAY(J88))} -> 0.71194571 | L88: {=INT(K88:K152*$B$2)} -> 711945709 | M88: {=_xlfn.LET(_xlpm.x, L88:L152, _xlpm.x/SUM(_xlpm.x))} -> 0.71164631 | N88: {=M88:M152*F88:F152} -> 0 | P88: {=M88:M151} -> 0.71164631 | Q88: 0.71129078 | S88: {=_xlfn.LET(_xlpm.x, Q88:Q151/M88:M151, IF(ISERR(_xlpm.x), 0, ROUND(_xlpm.x,2)))} -> 1
A89: 0 | B89: 1 | C89: 134671370 | D89: 5869389535 | E89: 0.13649528 | F89: 0.43583054 | G89: -1130 | H89: ="("&$A89&", "&$B89&"]" -> (0, 1] | I89: 1.18 | J89: 0.16106443 | K89: 0.15783428 | L89: 157834282 | M89: 0.15776791 | N89: 0.068760072 | P89: 0.15776791 | Q89: 0.15819743 | S89: 1
A90: 1 | B90: 2 | C90: 34304589 | D90: 5136293060 | E90: 0.034769189 | F90: 1.4972612 | G90: =1+G89*G88 -> 0.99887 | H90: ="("&$A90&", "&$B90&"]" -> (1, 2] | I90: 1.3 | J90: 0.045199946 | K90: 0.044293462 | L90: 44293462 | M90: 0.044274835 | N90: 0.066290994 | P90: 0.044274835 | Q90: 0.044334958 | S90: 1
A91: 2 | B91: 3 | C91: 16020309 | D91: 4033651395 | E91: 0.016237278 | F91: 2.5178362 | H91: ="("&$A91&", "&$B91&"]" -> (2, 3] | I91: 1.32 | J91: 0.021433207 | K91: 0.021003365 | L91: 21003364 | M91: 0.020994531 | N91: 0.052860791 | P91: 0.020994531 | Q91: 0.021022686 | S91: 1
A92: 3 | B92: 4 | C92: 7967455 | D92: 2842347285 | E92: 0.0080753613 | F92: 3.5674469 | H92: ="("&$A92&", "&$B92&"]" -> (3, 4] | I92: 1.08 | J92: 0.0087213902 | K92: 0.0085464829 | L92: 8546482 | M92: 0.0085428879 | N92: 0.030476299 | P92: 0.0085428879 | Q92: 0.008502158 | S92: 1
A93: 4 | B93: 5 | C93: 5578706 | D93: 2564213210 | E93: 0.0056542606 | F93: 4.5964301 | H93: ="("&$A93&", "&$B93&"]" -> (4, 5] | I93: 1.21 | J93: 0.0068416553 | K93: 0.006704446 | L93: 6704446 | M93: 0.0067016266 | N93: 0.030803558 | P93: 0.0067016266 | Q93: 0.0066995414 | S93: 1
A94: 5 | B94: 6 | C94: 4158567 | D94: 2322704910 | E94: 0.0042148881 | F94: 5.5853493 | G94: 1.34 | H94: ="("&$A94&", "&$B94&"]" -> (5, 6] | I94: {=G94:G151*G90} -> 1.3384858 | J94: 0.0056415678 | K94: 0.0055284263 | L94: 5528426 | M94: 0.0055261011 | N94: 0.030865205 | P94: 0.0055261011 | Q94: 0.0055126358 | S94: 1
A95: 6 | B95: 7 | C95: 2772263 | D95: 1818622450 | E95: 0.0028098088 | F95: 6.5600646 | G95: 1.23 | H95: ="("&$A95&", "&$B95&"]" -> (6, 7] | I95: 1.2286101 | J95: 0.0034521595 | K95: 0.0033829265 | L95: 3382926 | M95: 0.0033815034 | N95: 0.022182881 | P95: 0.0033815034 | Q95: 0.0033734937 | S95: 1
A96: 7 | B96: 8 | C96: 2871865 | D96: 2188753410 | E96: 0.0029107598 | F96: 7.6213659 | G96: 1.01 | H96: ="("&$A96&", "&$B96&"]" -> (7, 8] | I96: 1.0088587 | J96: 0.0029365453 | K96: 0.002877653 | L96: 2877652 | M96: 0.0028764419 | N96: 0.021922416 | P96: 0.0028764419 | Q96: 0.0028725629 | S96: 1
A97: 8 | B97: 9 | C97: 2105410 | D97: 1810360075 | E97: 0.0021339244 | F97: 8.5986106 | G97: 1.24 | H97: ="("&$A97&", "&$B97&"]" -> (8, 9] | I97: 1.2385988 | J97: 0.0026430762 | K97: 0.0025900693 | L97: 2590069 | M97: 0.0025889798 | N97: 0.022261629 | P97: 0.0025889798 | Q97: 0.0025900389 | S97: 1
A98: 9 | B98: 10 | C98: 1954254 | D98: 1885134195 | E98: 0.0019807212 | F98: 9.646311 | G98: 1.2 | H98: ="("&$A98&", "&$B98&"]" -> (9, 10] | I98: 1.198644 | J98: 0.0023741796 | K98: 0.0023265655 | L98: 2326565 | M98: 0.0023255866 | N98: 0.022433332 | P98: 0.0023255866 | Q98: 0.0023190002 | S98: 1
A99: 10 | B99: 15 | C99: 6734651 | D99: 8382998890 | E99: 0.006825861 | F99: 12.447562 | G99: 0.46 | H99: ="("&$A99&", "&$B99&"]" -> (10, 15] | I99: 0.4594802 | J99: 0.003136348 | K99: 0.0030734486 | L99: 3073448 | M99: 0.0030721555 | N99: 0.038240848 | P99: 0.0030721555 | Q99: 0.0030882977 | S99: 1.01
A100: 15 | B100: 20 | C100: 4528931 | D100: 7919233365 | E100: 0.0045902681 | F100: 17.485878 | G100: 0.89 | H100: ="("&$A100&", "&$B100&"]" -> (15, 20] | I100: 0.8889943 | J100: 0.0040807221 | K100: 0.0039988833 | L100: 3998883 | M100: 0.0039972013 | N100: 0.069894574 | P100: 0.0039972013 | Q100: 0.0039992307 | S100: 1
A101: 20 | B101: 25 | C101: 3129796 | D101: 7054318865 | E101: 0.003172184 | F101: 22.539229 | G101: 0.54 | H101: ="("&$A101&", "&$B101&"]" -> (20, 25] | I101: 0.5393898 | J101: 0.0017110437 | K101: 0.0016767288 | L101: 1676728 | M101: 0.0016760229 | N101: 0.037776263 | P101: 0.0016760229 | Q101: 0.0016623546 | S101: 0.99
A102: 25 | B102: 30 | C102: 2506990 | D102: 6905395465 | E102: 0.0025409431 | F102: 27.544567 | G102: 0.27 | H102: ="("&$A102&", "&$B102&"]" -> (25, 30] | I102: 0.2696949 | J102: 0.0006852794 | K102: 0.00067153614 | L102: 671536 | M102: 0.0006712536 | N102: 0.01848939 | P102: 0.0006712536 | Q102: 0.00066943945 | S102: 1
A103: 30 | B103: 35 | C103: 1878754 | D103: 6111962030 | E103: 0.0019041987 | F103: 32.531997 | G103: 0.3 | H103: ="("&$A103&", "&$B103&"]" -> (30, 35] | I103: 0.299661 | J103: 0.00057061408 | K103: 0.00055917043 | L103: 559170 | M103: 0.00055893485 | N103: 0.018183267 | P103: 0.00055893485 | Q103: 0.00056336085 | S103: 1.01
A104: 35 | B104: 40 | C104: 1621830 | D104: 6089148510 | E104: 0.0016437951 | F104: 37.544925 | G104: 0.6 | H104: ="("&$A104&", "&$B104&"]" -> (35, 40] | I104: 0.599322 | J104: 0.00098516255 | K104: 0.00096540514 | L104: 965405 | M104: 0.00096499902 | N104: 0.036230815 | P104: 0.00096499902 | Q104: 0.00095839796 | S104: 0.99
A105: 40 | B105: 45 | C105: 1336896 | D105: 5698648415 | E105: 0.0013550021 | F105: 42.625967 | G105: 0.16 | H105: ="("&$A105&", "&$B105&"]" -> (40, 45] | I105: 0.1598192 | J105: 0.00021655535 | K105: 0.00021221234 | L105: 212212 | M105: 0.00021212276 | N105: 0.0090419376 | P105: 0.00021212276 | Q105: 0.00021551087 | S105: 1.02
A106: 45 | B106: 50 | C106: 1129963 | D106: 5386108480 | E106: 0.0011452665 | F106: 47.666238 | G106: 0.19 | H106: ="("&$A106&", "&$B106&"]" -> (45, 50] | I106: 0.1897853 | J106: 0.00021735475 | K106: 0.00021299571 | L106: 212995 | M106: 0.00021290543 | N106: 0.010148401 | P106: 0.00021290543 | Q106: 0.00021762402 | S106: 1.02
... A151: 100000 | B151: 9999999 | C151: 156 | D151: 1792140330 | E151: 1.5811277e-07 | F151: 114880.79 | G151: 0 | H151: ="("&$A151&", "&$B151&"]" -> (100000, 9999999] | I151: 0 | J151: 0 | K151: 0 | L151: 0 | M151: 0 | N151: 0 | P151: 0 | Q151: 0 | S151: 0
A152: Free Game | C152: =E152*B86 -> 13362000 | D152: {=D80:E80} -> 360008300 | E152: 0.013362 | F152: 0.26942696 | H152: Free Game | I152: =I80*5 -> 1.57 | J152: 0.02097834 | K152: =J152 -> 0.02097834 | L152: 20978340 | M152: 0.020969518 | N152: 0.0056497534
A155: Free Game
A157: Simulator | B157: =B14 -> 1000000000 | H157: Calculate
A158: Lower | B158: Upper | C158: Cnt | D158: Pay | E158: Hit Rate | F158: Avg. Multi. | H158: Range | I158: Fix Num | J158: Fix Rate | K158: Final Rate | L158: Weight | M158: Hit Rate | N158: Simulator RTP | P158: 目前 | Q158: 目前 | R158: 競品 | S158: 差異
A159: -1 | B159: 0 | C159: 0 | D159: 0 | E159: {=_xlfn.LET(_xlpm.x, C159:C222, _xlpm.x/SUM(_xlpm.x))} -> 0 | F159: {=_xlfn.LET(_xlpm.x, D159:D222/C159:C222/B3, IF(ISERR(_xlpm.x), 0, _xlpm.x))} -> 0 | G159: 1e-05 | H159: ="("&$A159&", "&$B159&"]" -> (-1, 0] | I159: 0 | J159: {=_xlfn.ANCHORARRAY(E159)*I159:I222} -> 0 | K159: {=J159:J222/SUM(_xlfn.ANCHORARRAY(J159))} -> 0 | L159: {=INT(_xlfn.ANCHORARRAY(K159)*$B$2)} -> 0 | M159: {=_xlfn.LET(_xlpm.x, L159:L222, _xlpm.x/SUM(_xlpm.x))} -> 0 | N159: {=M159:M222*_xlfn.ANCHORARRAY(F159)} -> 0 | P159: {=_xlfn.ANCHORARRAY(M159)} -> 0 | Q159: 0 | R159: 0 | S159: {=_xlfn.LET(_xlpm.x, Q159:Q222/M159:M222, IF(ISERR(_xlpm.x), 0, ROUND(_xlpm.x,2)))} -> 0
A160: 0 | B160: 1 | C160: 8464 | D160: 508835 | E160: 0.00063357661 | F160: 0.60117557 | G160: -9713 | H160: ="("&$A160&", "&$B160&"]" -> (0, 1] | I160: 0 | J160: 0 | K160: 0 | L160: 0 | M160: 0 | N160: 0 | P160: 0 | Q160: 0 | R160: 0 | S160: 0
A161: 1 | B161: 2 | C161: 8182 | D161: 1288395 | E161: 0.00061246737 | F161: 1.57467 | G161: =1+G160*G159 -> 0.90287 | H161: ="("&$A161&", "&$B161&"]" -> (1, 2] | I161: 0 | J161: 0 | K161: 0 | L161: 0 | M161: 0 | N161: 0 | P161: 0 | Q161: 0 | R161: 0 | S161: 0
A162: 2 | B162: 3 | C162: 8513 | D162: 2203325 | E162: 0.00063724453 | F162: 2.5881887 | H162: ="("&$A162&", "&$B162&"]" -> (2, 3] | I162: 0 | J162: 0 | K162: 0 | L162: 0 | M162: 0 | N162: 0 | P162: 0 | Q162: 0 | R162: 0 | S162: 0
A163: 3 | B163: 4 | C163: 8154 | D163: 2921075 | E163: 0.00061037142 | F163: 3.5823829 | H163: ="("&$A163&", "&$B163&"]" -> (3, 4] | I163: 0 | J163: 0 | K163: 0 | L163: 0 | M163: 0 | N163: 0 | P163: 0 | Q163: 0 | R163: 0.036144578 | S163: 0
A164: 4 | B164: 5 | C164: 8684 | D164: 3971090 | E164: 0.00065004481 | F164: 4.5728812 | H164: ="("&$A164&", "&$B164&"]" -> (4, 5] | I164: 0 | J164: 0 | K164: 0 | L164: 0 | M164: 0 | N164: 0 | P164: 0 | Q164: 0 | R164: 0 | S164: 0
A165: 5 | B165: 6 | C165: 9017 | D165: 5025145 | E165: 0.00067497168 | F165: 5.5729677 | H165: ="("&$A165&", "&$B165&"]" -> (5, 6] | I165: 0 | J165: 0 | K165: 0 | L165: 0 | M165: 0 | N165: 0 | P165: 0 | Q165: 0 | R165: 0 | S165: 0
A166: 6 | B166: 7 | C166: 9018 | D166: 5915710 | E166: 0.00067504654 | F166: 6.5598913 | H166: ="("&$A166&", "&$B166&"]" -> (6, 7] | I166: 0 | J166: 0 | K166: 0 | L166: 0 | M166: 0 | N166: 0 | P166: 0 | Q166: 0 | R166: 0.012048193 | S166: 0
A167: 7 | B167: 8 | C167: 9158 | D167: 6924705 | E167: 0.0006855263 | F167: 7.5613726 | H167: ="("&$A167&", "&$B167&"]" -> (7, 8] | I167: 0 | J167: 0 | K167: 0 | L167: 0 | M167: 0 | N167: 0 | P167: 0 | Q167: 0 | R167: 0.036144578 | S167: 0
A168: 8 | B168: 9 | C168: 9305 | D168: 7962655 | E168: 0.00069653005 | F168: 8.5573939 | H168: ="("&$A168&", "&$B168&"]" -> (8, 9] | I168: 0 | J168: 0 | K168: 0 | L168: 0 | M168: 0 | N168: 0 | P168: 0 | Q168: 0 | R168: 0.024096386 | S168: 0
A169: 9 | B169: 10 | C169: 9412 | D169: 8996740 | E169: 0.00070453959 | F169: 9.5587973 | H169: ="("&$A169&", "&$B169&"]" -> (9, 10] | I169: 0 | J169: 0 | K169: 0 | L169: 0 | M169: 0 | N169: 0 | P169: 0 | Q169: 0 | R169: 0.012048193 | S169: 0
A170: 10 | B170: 15 | C170: 49247 | D170: 61922385 | E170: 0.0036864068 | F170: 12.573839 | H170: ="("&$A170&", "&$B170&"]" -> (10, 15] | I170: 36.94 | J170: 0.13617587 | K170: 0.14065653 | L170: 140656533 | M170: 0.14065654 | N170: 1.7685926 | P170: 0.14065654 | Q170: 0.13618589 | R170: 0.072289157 | S170: 0.97
A171: 15 | B171: 20 | C171: 52199 | D171: 91715625 | E171: 0.0039073801 | F171: 17.57038 | H171: ="("&$A171&", "&$B171&"]" -> (15, 20] | I171: 34.56 | J171: 0.13503906 | K171: 0.13948232 | L171: 139482317 | M171: 0.13948232 | N171: 2.4507573 | P171: 0.13948232 | Q171: 0.13504161 | R171: 0.072289157 | S171: 0.97
A172: 20 | B172: 25 | C172: 54803 | D172: 123642355 | E172: 0.0041023038 | F172: 22.561238 | H172: ="("&$A172&", "&$B172&"]" -> (20, 25] | I172: 33.09 | J172: 0.13574523 | K172: 0.14021173 | L172: 140211727 | M172: 0.14021173 | N172: 3.1633503 | P172: 0.14021173 | Q172: 0.1357589 | R172: 0.072289157 | S172: 0.97
A173: 25 | B173: 30 | C173: 57087 | D173: 157303165 | E173: 0.0042732736 | F173: 27.554989 | H173: ="("&$A173&", "&$B173&"]" -> (25, 30] | I173: 31.66 | J173: 0.13529184 | K173: 0.13974342 | L173: 139743420 | M173: 0.13974342 | N173: 3.8506285 | P173: 0.13974342 | Q173: 0.13531307 | R173: 0.084337349 | S173: 0.97
... A177: 45 | B177: 50 | C177: 66483 | D177: 316159655 | E177: 0.0049766155 | F177: 47.554962 | H177: ="("&$A177&", "&$B177&"]" -> (45, 50] | I177: 5.27 | J177: 0.026226764 | K177: 0.027089717 | L177: 27089716 | M177: 0.027089717 | N177: 1.2882504 | P177: 0.027089717 | Q177: 0.026210231 | R177: 0.024096386 | S177: 0.97
A178: 50 | B178: 60 | C178: 139846 | D178: 770486615 | E178: 0.010468237 | F178: 55.095363 | G178: 2.12 | H178: ="("&$A178&", "&$B178&"]" -> (50, 60] | I178: {=G178:G222*G161} -> 1.9140844 | J178: 0.020037088 | K178: 0.020696379 | L178: 20696379 | M178: 0.020696379 | N178: 1.1402745 | P178: 0.020696379 | Q178: 0.022162742 | R178: 0.024096386 | S178: 1.07
A179: 60 | B179: 70 | C179: 146816 | D179: 955319985 | E179: 0.010989979 | F179: 65.069201 | G179: 5.94 | H179: ="("&$A179&", "&$B179&"]" -> (60, 70] | I179: 5.3630478 | J179: 0.058939784 | K179: 0.06087911 | L179: 60879109 | M179: 0.06087911 | N179: 3.9613551 | P179: 0.06087911 | Q179: 0.065256171 | R179: 0.060240964 | S179: 1.07
A180: 70 | B180: 80 | C180: 154465 | D180: 1159515525 | E180: 0.011562549 | F180: 75.066554 | G180: 5.07 | H180: ="("&$A180&", "&$B180&"]" -> (70, 80] | I180: 4.5775509 | J180: 0.052928155 | K180: 0.054669677 | L180: 54669677 | M180: 0.054669678 | N180: 4.1038643 | P180: 0.054669678 | Q180: 0.058653581 | R180: 0.048192771 | S180: 1.07
A181: 80 | B181: 90 | C181: 160143 | D181: 1362077070 | E181: 0.011987578 | F181: 85.0538 | G181: 2.49 | H181: ="("&$A181&", "&$B181&"]" -> (80, 90] | I181: 2.2481463 | J181: 0.026949829 | K181: 0.027836573 | L181: 27836573 | M181: 0.027836574 | N181: 2.3676064 | P181: 0.027836574 | Q181: 0.02985244 | R181: 0.024096386 | S181: 1.07
A182: 90 | B182: 100 | C182: 165405 | D182: 1572146625 | E182: 0.012381467 | F182: 95.048313 | G182: 2.13 | H182: ="("&$A182&", "&$B182&"]" -> (90, 100] | I182: 1.9231131 | J182: 0.023810962 | K182: 0.024594426 | L182: 24594426 | M182: 0.024594427 | N182: 2.3376588 | P182: 0.024594427 | Q182: 0.026317904 | R182: 0.012048193 | S182: 1.07
A183: 100 | B183: 120 | C183: 343628 | D183: 3783315070 | E183: 0.025722432 | F183: 110.09915 | G183: 1.6 | H183: ="("&$A183&", "&$B183&"]" -> (100, 120] | I183: 1.444592 | J183: 0.037158419 | K183: 0.038381062 | L183: 38381062 | M183: 0.038381063 | N183: 4.2257224 | P183: 0.038381063 | Q183: 0.0411315 | R183: 0.060240964 | S183: 1.07
A184: 120 | B184: 140 | C184: 354855 | D184: 4615650835 | E184: 0.026562834 | F184: 130.07146 | G184: 0.68 | H184: ="("&$A184&", "&$B184&"]" -> (120, 140] | I184: 0.6139516 | J184: 0.016308295 | K184: 0.016844895 | L184: 16844894 | M184: 0.016844894 | N184: 2.19104 | P184: 0.016844894 | Q184: 0.018029524 | R184: 0.072289157 | S184: 1.07
A185: 140 | B185: 160 | C185: 357981 | D185: 5371224535 | E185: 0.026796832 | F185: 150.04217 | G185: 1.03 | H185: ="("&$A185&", "&$B185&"]" -> (140, 160] | I185: 0.9299561 | J185: 0.024919878 | K185: 0.025739829 | L185: 25739829 | M185: 0.02573983 | N185: 3.8620598 | P185: 0.02573983 | Q185: 0.027597871 | R185: 0.024096386 | S185: 1.07
A186: 160 | B186: 180 | C186: 359992 | D186: 6120684245 | E186: 0.026947367 | F186: 170.02279 | G186: 0.3 | H186: ="("&$A186&", "&$B186&"]" -> (160, 180] | I186: 0.270861 | J186: 0.0072989907 | K186: 0.0075391532 | L186: 7539153 | M186: 0.0075391532 | N186: 1.2818278 | P186: 0.0075391532 | Q186: 0.0082157542 | R186: 0.036144578 | S186: 1.09
A187: 180 | B187: 200 | C187: 357858 | D187: 6799733860 | E187: 0.026787625 | F187: 190.01207 | G187: 0.26 | H187: ="("&$A187&", "&$B187&"]" -> (180, 200] | I187: 0.2347462 | J187: 0.0062882932 | K187: 0.0064952002 | L187: 6495200 | M187: 0.0064952001 | N187: 1.2341664 | P187: 0.0064952001 | Q187: 0.0070812481 | R187: 0 | S187: 1.09
A188: 200 | B188: 250 | C188: 866284 | D188: 19475012970 | E188: 0.064846087 | F188: 224.81095 | G188: 0.3 | H188: ="("&$A188&", "&$B188&"]" -> (200, 250] | I188: 0.270861 | J188: 0.017564276 | K188: 0.018142202 | L188: 18142202 | M188: 0.018142202 | N188: 4.0785658 | P188: 0.018142202 | Q188: 0.019172624 | R188: 0.060240964 | S188: 1.06
A189: 250 | B189: 300 | C189: 810514 | D189: 22265421400 | E189: 0.060671398 | F189: 274.70743 | G189: 0.09 | H189: ="("&$A189&", "&$B189&"]" -> (250, 300] | I189: 0.0812583 | J189: 0.0049300547 | K189: 0.0050922708 | L189: 5092270 | M189: 0.0050922701 | N189: 1.3988844 | P189: 0.0050922701 | Q189: 0.0055840271 | R189: 0.024096386 | S189: 1.1
A190: 300 | B190: 350 | C190: 745650 | D190: 24204985950 | E190: 0.055815974 | F190: 324.61592 | G190: 0.08 | H190: ="("&$A190&", "&$B190&"]" -> (300, 350] | I190: 0.0722296 | J190: 0.0040315654 | K190: 0.0041642181 | L190: 4164218 | M190: 0.0041642181 | N190: 1.3517715 | P190: 0.0041642181 | Q190: 0.0045717611 | R190: 0.012048193 | S190: 1.1
... A222: 100000 | B222: 9999999 | C222: 482 | D222: 5787682590 | E222: 3.6080332e-05 | F222: 120076.4 | G222: 0 | H222: ="("&$A222&", "&$B222&"]" -> (100000, 9999999] | I222: 0 | J222: 0 | K222: 0 | L222: 0 | M222: 0 | N222: 0 | P222: 0 | Q222: 0 | R222: 0 | S222: 0
A225: Buy Feature
A227: Simulator | B227: 10000000 | H227: Calculate
A228: Lower | B228: Upper | C228: Cnt | D228: Pay | E228: Hit Rate | F228: Avg. Multi. | H228: Range | I228: Fix Num | J228: Fix Rate | K228: Final Rate | L228: Weight | M228: Hit Rate | N228: Simulator RTP | P228: 目前 | Q228: 目前 | R228: 競品 | S228: 差異
A229: -1 | B229: 0 | C229: {=C159:D222} -> 0 | D229: 0 | E229: {=_xlfn.LET(_xlpm.x, C229:C292, _xlpm.x/SUM(_xlpm.x))} -> 0 | F229: {=_xlfn.LET(_xlpm.x, D229:D292/C229:C292/B3, IF(ISERR(_xlpm.x), 0, _xlpm.x))} -> 0 | G229: 1e-06 | H229: ="("&$A229&", "&$B229&"]" -> (-1, 0] | I229: 0 | J229: {=_xlfn.ANCHORARRAY(E229)*I229:I292} -> 0 | K229: {=J229:J292/SUM(_xlfn.ANCHORARRAY(J229))} -> 0 | L229: {=INT(_xlfn.ANCHORARRAY(K229)*$B$2)} -> 0 | M229: {=_xlfn.LET(_xlpm.x, L229:L292, _xlpm.x/SUM(_xlpm.x))} -> 0 | N229: {=M229:M292*_xlfn.ANCHORARRAY(F229)} -> 0 | P229: {=_xlfn.ANCHORARRAY(M229)} -> 0 | Q229: 0 | R229: 0 | S229: {=_xlfn.LET(_xlpm.x, Q229:Q292/M229:M292, IF(ISERR(_xlpm.x), 0, ROUND(_xlpm.x,2)))} -> 0
A230: 0 | B230: 1 | C230: 8464 | D230: 508835 | E230: 0.00063357661 | F230: 0.60117557 | G230: -47450 | H230: ="("&$A230&", "&$B230&"]" -> (0, 1] | I230: 0 | J230: 0 | K230: 0 | L230: 0 | M230: 0 | N230: 0 | P230: 0 | Q230: 0 | R230: 0 | S230: 0
A231: 1 | B231: 2 | C231: 8182 | D231: 1288395 | E231: 0.00061246737 | F231: 1.57467 | G231: =1+G230*G229 -> 0.95255 | H231: ="("&$A231&", "&$B231&"]" -> (1, 2] | I231: 0 | J231: 0 | K231: 0 | L231: 0 | M231: 0 | N231: 0 | P231: 0 | Q231: 0 | R231: 0 | S231: 0
A232: 2 | B232: 3 | C232: 8513 | D232: 2203325 | E232: 0.00063724453 | F232: 2.5881887 | H232: ="("&$A232&", "&$B232&"]" -> (2, 3] | I232: 0 | J232: 0 | K232: 0 | L232: 0 | M232: 0 | N232: 0 | P232: 0 | Q232: 0 | R232: 0 | S232: 0
A233: 3 | B233: 4 | C233: 8154 | D233: 2921075 | E233: 0.00061037142 | F233: 3.5823829 | H233: ="("&$A233&", "&$B233&"]" -> (3, 4] | I233: 0 | J233: 0 | K233: 0 | L233: 0 | M233: 0 | N233: 0 | P233: 0 | Q233: 0 | R233: 0.036144578 | S233: 0
A234: 4 | B234: 5 | C234: 8684 | D234: 3971090 | E234: 0.00065004481 | F234: 4.5728812 | H234: ="("&$A234&", "&$B234&"]" -> (4, 5] | I234: 0 | J234: 0 | K234: 0 | L234: 0 | M234: 0 | N234: 0 | P234: 0 | Q234: 0 | R234: 0 | S234: 0
A235: 5 | B235: 6 | C235: 9017 | D235: 5025145 | E235: 0.00067497168 | F235: 5.5729677 | H235: ="("&$A235&", "&$B235&"]" -> (5, 6] | I235: 0 | J235: 0 | K235: 0 | L235: 0 | M235: 0 | N235: 0 | P235: 0 | Q235: 0 | R235: 0 | S235: 0
...

Sheet OP Jackpot
B2: Threshold | C2: 10000000000
B4: Status | C4: Bet Type | D4: Screen | E4: Spin | F4: C1 cnt | G4: SCR
B5: Newbie | C5: Normal Bet | D5: BG | E5: 100000000 | G5: =SUM(F5:F6)/E5*$C$2 -> 0
D6: FG
B7: Newbie | C7: Extra Bet | D7: BG | E7: 100000000 | G7: =SUM(F7:F8)/E7*$C$2 -> 0
D8: FG
B9: Oldhand | C9: Normal Bet | D9: BG | E9: 100000000 | F9: 32841031 | G9: =SUM(F9:F10)/E9*$C$2 -> 3409747100 | H9: H026194A_2004_2607010001_betmode0_108_9402_oldhand_card.xlsx
D10: FG | F10: 1256440
B11: Oldhand | C11: Extra Bet | D11: BG | E11: 100000000 | F11: 34003101 | G11: =SUM(F11:F12)/E11*$C$2 -> 4.0280099e+09 | H11: H026194A_2004_2607010103_betmode1_108_9393_oldhand_card.xlsx
D12: FG | F12: 6276998
B13: Oldhand | C13: Buy Feature | D13: BG | E13: =F13 -> 10000000 | F13: 10000000 | G13: =SUM(F13:F14)/E13*$C$2 -> 41001664000 | H13: H026194A_2004_2607010454_betmode2_107_9260_card.xlsx
D14: FG | F14: 31001664

Sheet BG_Symbol
J2: Symbol | Q2: Symbol ID | W2: Symbol Weight | AC2: Eliminate Wheel Weight A | AJ2: Eliminate Wheel Weight B
A3: Symbol | B3: Description | C3: R1 | D3: R2 | E3: R3 | F3: R4 | G3: R5 | H3: ID | K3: R1 | L3: R2 | M3: R3 | N3: R4 | O3: R5 | Q3: R1 | R3: R2 | S3: R3 | T3: R4 | U3: R5 | W3: R1 | X3: R2 | Y3: R3 | Z3: R4 | AA3: R5
A4: WW | B4: Wild | C4: 0 | D4: 0 | E4: 0 | F4: 0 | G4: 0 | H4: 0 | J4: 0 | K4: M4 | L4: G5 | M4: M5 | N4: J | O4: A | Q4: 5 | R4: 15 | S4: 6 | T4: 10 | U4: 7 | W4: 2 | X4: 1 | Y4: 1 | Z4: 2 | AA4: 1 | AC4: 1 Combo | AJ4: 1 Combo
A5: C1 | B5: Scatter | C5: 0 | D5: 6 | E5: 0 | F5: 9 | G5: 0 | H5: 1 | J5: 1 | K5: M5 | L5: GK | M5: M4 | N5: J | O5: M3 | Q5: 6 | R5: 17 | S5: 5 | T5: 10 | U5: 4 | W5: 1 | X5: 1 | Y5: 1 | Z5: 2 | AA5: 2 | AC5: Symbol | AD5: R1 | AE5: R2 | AF5: R3 | AG5: R4 | AH5: R5 | AJ5: Symbol | AK5: R1 | AL5: R2 | AM5: R3 | AN5: R4 | AO5: R5
A6: M1 | B6: M1 | C6: 4 | D6: 22 | E6: 5 | F6: 21 | G6: 23 | H6: 2 | J6: 2 | K6: J | L6: C1 | M6: K | N6: GJ | O6: M1 | Q6: 10 | R6: 1 | S6: 8 | T6: 19 | U6: 2 | W6: 1 | X6: 2 | Y6: 1 | Z6: 2 | AA6: 1 | AC6: WW | AD6: 0 | AE6: 0 | AF6: 0 | AG6: 0 | AH6: 0 | AJ6: WW | AK6: 0 | AL6: 0 | AM6: 0 | AN6: 0 | AO6: 0
A7: M2 | B7: M2 | C7: 4 | D7: 10 | E7: 5 | F7: 21 | G7: 23 | H7: 3 | J7: 3 | K7: A | L7: J | M7: M4 | N7: M1 | O7: M4 | Q7: 7 | R7: 10 | S7: 5 | T7: 2 | U7: 5 | W7: 1 | X7: 1 | Y7: 2 | Z7: 2 | AA7: 1 | AC7: C1 | AD7: 0 | AE7: 6 | AF7: 0 | AG7: 9 | AH7: 0 | AJ7: C1 | AK7: 0 | AL7: 6 | AM7: 0 | AN7: 9 | AO7: 0
A8: M3 | B8: M3 | C8: 4 | D8: 9 | E8: 5 | F8: 21 | G8: 22 | H8: 4 | J8: 4 | K8: M5 | L8: G1 | M8: M3 | N8: G2 | O8: A | Q8: 6 | R8: 11 | S8: 4 | T8: 12 | U8: 7 | W8: 1 | X8: 1 | Y8: 1 | Z8: 2 | AA8: 1 | AC8: M1 | AD8: 4 | AE8: 22 | AF8: 5 | AG8: 21 | AH8: 23 | AJ8: M1 | AK8: 4 | AL8: 22 | AM8: 5 | AN8: 21 | AO8: 23
A9: M4 | B9: M4 | C9: 43 | D9: 13 | E9: 41 | F9: 14 | G9: 22 | H9: 5 | J9: 5 | K9: K | L9: K | M9: M4 | N9: M1 | O9: K | Q9: 8 | R9: 8 | S9: 5 | T9: 2 | U9: 8 | W9: 1 | X9: 1 | Y9: 1 | Z9: 2 | AA9: 1 | AC9: M2 | AD9: 4 | AE9: 10 | AF9: 5 | AG9: 21 | AH9: 23 | AJ9: M2 | AK9: 4 | AL9: 10 | AM9: 5 | AN9: 21 | AO9: 23
A10: M5 | B10: M5 | C10: 43 | D10: 14 | E10: 41 | F10: 14 | G10: 22 | H10: 6 | J10: 6 | K10: M5 | L10: G1 | M10: A | N10: M4 | O10: A | Q10: 6 | R10: 11 | S10: 7 | T10: 5 | U10: 7 | W10: 1 | X10: 2 | Y10: 1 | Z10: 2 | AA10: 1 | AC10: M3 | AD10: 4 | AE10: 9 | AF10: 5 | AG10: 21 | AH10: 22 | AJ10: M3 | AK10: 4 | AL10: 9 | AM10: 5 | AN10: 21 | AO10: 22
A11: A | B11: A | C11: 47 | D11: 14 | E11: 41 | F11: 14 | G11: 22 | H11: 7 | J11: 7 | K11: K | L11: G1 | M11: M4 | N11: C1 | O11: A | Q11: 8 | R11: 11 | S11: 5 | T11: 1 | U11: 7 | W11: 1 | X11: 2 | Y11: 2 | Z11: 2 | AA11: 1 | AC11: M4 | AD11: 43 | AE11: 13 | AF11: 41 | AG11: 14 | AH11: 22 | AJ11: M4 | AK11: 43 | AL11: 13 | AM11: 41 | AN11: 14 | AO11: 22
A12: K | B12: K | C12: 47 | D12: 18 | E12: 41 | F12: 14 | G12: 22 | H12: 8 | J12: 8 | K12: M5 | L12: J | M12: M5 | N12: Q | O12: M3 | Q12: 6 | R12: 10 | S12: 6 | T12: 9 | U12: 4 | W12: 1 | X12: 2 | Y12: 2 | Z12: 2 | AA12: 2 | AC12: M5 | AD12: 43 | AE12: 14 | AF12: 41 | AG12: 14 | AH12: 22 | AJ12: M5 | AK12: 43 | AL12: 14 | AM12: 41 | AN12: 14 | AO12: 22
A13: Q | B13: Q | C13: 4 | D13: 5 | E13: 5 | F13: 20 | G13: 22 | H13: 9 | J13: 9 | K13: K | L13: M3 | M13: Q | N13: Q | O13: M5 | Q13: 8 | R13: 4 | S13: 9 | T13: 9 | U13: 6 | W13: 1 | X13: 2 | Y13: 1 | Z13: 2 | AA13: 1 | AC13: A | AD13: 47 | AE13: 14 | AF13: 41 | AG13: 14 | AH13: 22 | AJ13: A | AK13: 47 | AL13: 14 | AM13: 41 | AN13: 14 | AO13: 22
A14: J | B14: J | C14: 4 | D14: 9 | E14: 4 | F14: 20 | G14: 22 | H14: 10 | J14: 10 | K14: M5 | L14: M1 | M14: M5 | N14: J | O14: Q | Q14: 6 | R14: 2 | S14: 6 | T14: 10 | U14: 9 | W14: 2 | X14: 2 | Y14: 1 | Z14: 1 | AA14: 1 | AC14: K | AD14: 47 | AE14: 18 | AF14: 41 | AG14: 14 | AH14: 22 | AJ14: K | AK14: 47 | AL14: 18 | AM14: 41 | AN14: 14 | AO14: 22
A15: G1 | B15: Rainbow M1 | C15: 0 | D15: 16 | E15: 0 | F15: 4 | G15: 0 | H15: 11 | J15: 11 | K15: M5 | L15: GQ | M15: K | N15: M2 | O15: K | Q15: 6 | R15: 18 | S15: 8 | T15: 3 | U15: 8 | W15: 1 | X15: 1 | Y15: 1 | Z15: 1 | AA15: 1 | AC15: Q | AD15: 4 | AE15: 5 | AF15: 5 | AG15: 20 | AH15: 22 | AJ15: Q | AK15: 4 | AL15: 5 | AM15: 5 | AN15: 20 | AO15: 22
A16: G2 | B16: Rainbow M2 | C16: 0 | D16: 5 | E16: 0 | F16: 4 | G16: 0 | H16: 12 | J16: 12 | K16: M5 | L16: M4 | M16: M5 | N16: A | O16: K | Q16: 6 | R16: 5 | S16: 6 | T16: 7 | U16: 8 | W16: 1 | X16: 1 | Y16: 1 | Z16: 1 | AA16: 1 | AC16: J | AD16: 4 | AE16: 9 | AF16: 4 | AG16: 20 | AH16: 22 | AJ16: J | AK16: 4 | AL16: 9 | AM16: 4 | AN16: 20 | AO16: 22
A17: G3 | B17: Rainbow M3 | C17: 0 | D17: 7 | E17: 0 | F17: 4 | G17: 0 | H17: 13 | J17: 13 | K17: K | L17: GA | M17: K | N17: M4 | O17: M3 | Q17: 8 | R17: 16 | S17: 8 | T17: 5 | U17: 4 | W17: 1 | X17: 1 | Y17: 1 | Z17: 2 | AA17: 1 | AC17: G1 | AD17: 0 | AE17: 48 | AF17: 0 | AG17: 12 | AH17: 0 | AJ17: G1 | AK17: 0 | AL17: 48 | AM17: 0 | AN17: 12 | AO17: 0
... A23: GJ | B23: Rainbow J | C23: 0 | D23: 6 | E23: 0 | F23: 4 | G23: 0 | H23: 19 | J23: 19 | K23: K | L23: GA | M23: A | N23: Q | O23: M2 | Q23: 8 | R23: 16 | S23: 7 | T23: 9 | U23: 3 | W23: 1 | X23: 1 | Y23: 1 | Z23: 1 | AA23: 1 | AC23: GK | AD23: 0 | AE23: 24 | AF23: 9 | AG23: 9 | AH23: 0 | AJ23: GK | AK23: 0 | AL23: 24 | AM23: 9 | AN23: 9 | AO23: 0
C24: 200 | D24: 200 | E24: 200 | F24: 200 | G24: 200 | J24: 20 | K24: A | L24: A | M24: M4 | N24: GK | O24: A | Q24: 7 | R24: 7 | S24: 5 | T24: 17 | U24: 7 | W24: 1 | X24: 1 | Y24: 2 | Z24: 1 | AA24: 1 | AC24: GQ | AD24: 0 | AE24: 18 | AF24: 0 | AG24: 12 | AH24: 0 | AJ24: GQ | AK24: 0 | AL24: 18 | AM24: 0 | AN24: 12 | AO24: 0
J25: 21 | K25: M4 | L25: K | M25: M4 | N25: M1 | O25: M2 | Q25: 5 | R25: 8 | S25: 5 | T25: 2 | U25: 3 | W25: 1 | X25: 1 | Y25: 2 | Z25: 1 | AA25: 2 | AC25: GJ | AD25: 0 | AE25: 18 | AF25: 0 | AG25: 12 | AH25: 0 | AJ25: GJ | AK25: 0 | AL25: 18 | AM25: 0 | AN25: 12 | AO25: 0
B26: Normal Symbol | C26: 1 | D26: 0.6 | E26: 0.94 | F26: 0.84 | G26: 1 | J26: 22 | K26: Q | L26: G4 | M26: M4 | N26: M1 | O26: M1 | Q26: 9 | R26: 14 | S26: 5 | T26: 2 | U26: 2 | W26: 1 | X26: 2 | Y26: 1 | Z26: 1 | AA26: 2 | AD26: 200 | AE26: 360 | AF26: 224 | AG26: 264 | AH26: 200 | AK26: 200 | AL26: 360 | AM26: 224 | AN26: 264 | AO26: 200
B27: Rainbow Symbol | C27: 0 | D27: 0.4 | E27: 0.06 | F27: 0.16 | G27: 0 | J27: 23 | K27: A | L27: M5 | M27: M5 | N27: A | O27: M1 | Q27: 7 | R27: 6 | S27: 6 | T27: 7 | U27: 2 | W27: 1 | X27: 2 | Y27: 1 | Z27: 1 | AA27: 1
J28: 24 | K28: K | L28: M4 | M28: A | N28: M4 | O28: J | Q28: 8 | R28: 5 | S28: 7 | T28: 5 | U28: 10 | W28: 1 | X28: 2 | Y28: 1 | Z28: 2 | AA28: 1 | AC28: 2 Combo | AJ28: 2 Combo
J29: 25 | K29: M4 | L29: GQ | M29: K | N29: Q | O29: K | Q29: 5 | R29: 18 | S29: 8 | T29: 9 | U29: 8 | W29: 1 | X29: 1 | Y29: 1 | Z29: 1 | AA29: 1 | AC29: Symbol | AD29: R1 | AE29: R2 | AF29: R3 | AG29: R4 | AH29: R5 | AJ29: Symbol | AK29: R1 | AL29: R2 | AM29: R3 | AN29: R4 | AO29: R5
J30: 26 | K30: A | L30: G4 | M30: A | N30: M2 | O30: M2 | Q30: 7 | R30: 14 | S30: 7 | T30: 3 | U30: 3 | W30: 1 | X30: 1 | Y30: 1 | Z30: 1 | AA30: 2 | AC30: WW | AD30: 0 | AE30: 0 | AF30: 0 | AG30: 0 | AH30: 0 | AJ30: WW | AK30: 0 | AL30: 0 | AM30: 0 | AN30: 0 | AO30: 0
J31: 27 | K31: K | L31: K | M31: A | N31: A | O31: M3 | Q31: 8 | R31: 8 | S31: 7 | T31: 7 | U31: 4 | W31: 1 | X31: 1 | Y31: 1 | Z31: 1 | AA31: 2 | AC31: C1 | AD31: 0 | AE31: 6 | AF31: 0 | AG31: 9 | AH31: 0 | AJ31: C1 | AK31: 0 | AL31: 6 | AM31: 0 | AN31: 9 | AO31: 0
J32: 28 | K32: M4 | L32: M2 | M32: M5 | N32: M2 | O32: M5 | Q32: 5 | R32: 3 | S32: 6 | T32: 3 | U32: 6 | W32: 2 | X32: 2 | Y32: 1 | Z32: 2 | AA32: 2 | AC32: M1 | AD32: 4 | AE32: 22 | AF32: 5 | AG32: 21 | AH32: 23 | AJ32: M1 | AK32: 4 | AL32: 22 | AM32: 5 | AN32: 21 | AO32: 23
J33: 29 | K33: Q | L33: M1 | M33: GK | N33: M2 | O33: Q | Q33: 9 | R33: 2 | S33: 17 | T33: 3 | U33: 9 | W33: 2 | X33: 2 | Y33: 1 | Z33: 2 | AA33: 2 | AC33: M2 | AD33: 4 | AE33: 10 | AF33: 5 | AG33: 21 | AH33: 23 | AJ33: M2 | AK33: 4 | AL33: 10 | AM33: 5 | AN33: 21 | AO33: 23
J34: 30 | K34: M4 | L34: G5 | M34: M4 | N34: M3 | O34: M1 | Q34: 5 | R34: 15 | S34: 5 | T34: 4 | U34: 2 | W34: 2 | X34: 2 | Y34: 1 | Z34: 2 | AA34: 2 | AC34: M3 | AD34: 4 | AE34: 9 | AF34: 5 | AG34: 21 | AH34: 22 | AJ34: M3 | AK34: 4 | AL34: 9 | AM34: 5 | AN34: 21 | AO34: 22
J35: 31 | K35: M4 | L35: G3 | M35: J | N35: J | O35: M1 | Q35: 5 | R35: 13 | S35: 10 | T35: 10 | U35: 2 | W35: 2 | X35: 2 | Y35: 1 | Z35: 1 | AA35: 2 | AC35: M4 | AD35: 43 | AE35: 13 | AF35: 41 | AG35: 14 | AH35: 22 | AJ35: M4 | AK35: 43 | AL35: 13 | AM35: 41 | AN35: 14 | AO35: 22
J36: 32 | K36: M4 | L36: M3 | M36: K | N36: J | O36: M3 | Q36: 5 | R36: 4 | S36: 8 | T36: 10 | U36: 4 | W36: 1 | X36: 2 | Y36: 1 | Z36: 1 | AA36: 2 | AC36: M5 | AD36: 43 | AE36: 14 | AF36: 41 | AG36: 14 | AH36: 22 | AJ36: M5 | AK36: 43 | AL36: 14 | AM36: 41 | AN36: 14 | AO36: 22
J37: 33 | K37: M5 | L37: M1 | M37: G5 | N37: A | O37: M3 | Q37: 6 | R37: 2 | S37: 15 | T37: 7 | U37: 4 | W37: 1 | X37: 2 | Y37: 2 | Z37: 1 | AA37: 2 | AC37: A | AD37: 47 | AE37: 14 | AF37: 41 | AG37: 14 | AH37: 22 | AJ37: A | AK37: 47 | AL37: 14 | AM37: 41 | AN37: 14 | AO37: 22
J38: 34 | K38: K | L38: Q | M38: M4 | N38: A | O38: M2 | Q38: 8 | R38: 9 | S38: 5 | T38: 7 | U38: 3 | W38: 1 | X38: 2 | Y38: 2 | Z38: 1 | AA38: 1 | AC38: K | AD38: 47 | AE38: 18 | AF38: 41 | AG38: 14 | AH38: 22 | AJ38: K | AK38: 47 | AL38: 18 | AM38: 41 | AN38: 14 | AO38: 22
J39: 35 | K39: A | L39: G5 | M39: M4 | N39: M5 | O39: Q | Q39: 7 | R39: 15 | S39: 5 | T39: 6 | U39: 9 | W39: 1 | X39: 2 | Y39: 2 | Z39: 2 | AA39: 1 | AC39: Q | AD39: 4 | AE39: 5 | AF39: 5 | AG39: 20 | AH39: 22 | AJ39: Q | AK39: 4 | AL39: 5 | AM39: 5 | AN39: 20 | AO39: 22
J40: 36 | K40: M5 | L40: M5 | M40: J | N40: G3 | O40: K | Q40: 6 | R40: 6 | S40: 10 | T40: 13 | U40: 8 | W40: 1 | X40: 2 | Y40: 2 | Z40: 2 | AA40: 1 | AC40: J | AD40: 4 | AE40: 9 | AF40: 4 | AG40: 20 | AH40: 22 | AJ40: J | AK40: 4 | AL40: 9 | AM40: 4 | AN40: 20 | AO40: 22
J41: 37 | K41: A | L41: M4 | M41: M5 | N41: M3 | O41: K | Q41: 7 | R41: 5 | S41: 6 | T41: 4 | U41: 8 | W41: 1 | X41: 2 | Y41: 2 | Z41: 2 | AA41: 1 | AC41: G1 | AD41: 0 | AE41: 48 | AF41: 0 | AG41: 12 | AH41: 0 | AJ41: G1 | AK41: 0 | AL41: 48 | AM41: 0 | AN41: 12 | AO41: 0
... J49: 45 | K49: M4 | L49: GK | M49: M5 | N49: M3 | O49: M5 | Q49: 5 | R49: 17 | S49: 6 | T49: 4 | U49: 6 | W49: 2 | X49: 1 | Y49: 1 | Z49: 2 | AA49: 2 | AC49: GJ | AD49: 0 | AE49: 18 | AF49: 0 | AG49: 12 | AH49: 0 | AJ49: GJ | AK49: 0 | AL49: 18 | AM49: 0 | AN49: 12 | AO49: 0
J50: 46 | K50: M3 | L50: GK | M50: K | N50: Q | O50: M1 | Q50: 4 | R50: 17 | S50: 8 | T50: 9 | U50: 2 | W50: 1 | X50: 1 | Y50: 1 | Z50: 2 | AA50: 2 | AD50: 200 | AE50: 360 | AF50: 224 | AG50: 264 | AH50: 200 | AK50: 200 | AL50: 360 | AM50: 224 | AN50: 264 | AO50: 200
J51: 47 | K51: M1 | L51: K | M51: M4 | N51: G1 | O51: M5 | Q51: 2 | R51: 8 | S51: 5 | T51: 11 | U51: 6 | W51: 1 | X51: 1 | Y51: 1 | Z51: 1 | AA51: 2
J52: 48 | K52: A | L52: M4 | M52: A | N52: Q | O52: M5 | Q52: 7 | R52: 5 | S52: 7 | T52: 9 | U52: 6 | W52: 1 | X52: 1 | Y52: 1 | Z52: 1 | AA52: 2 | AC52: 3+ Combo | AJ52: 3+ Combo
J53: 49 | K53: M4 | L53: GQ | M53: M4 | N53: K | O53: M4 | Q53: 5 | R53: 18 | S53: 5 | T53: 8 | U53: 5 | W53: 1 | X53: 1 | Y53: 1 | Z53: 1 | AA53: 2 | AC53: Symbol | AD53: R1 | AE53: R2 | AF53: R3 | AG53: R4 | AH53: R5 | AJ53: Symbol | AK53: R1 | AL53: R2 | AM53: R3 | AN53: R4 | AO53: R5
J54: 50 | K54: A | L54: GA | M54: M5 | N54: M4 | O54: M4 | Q54: 7 | R54: 16 | S54: 6 | T54: 5 | U54: 5 | W54: 1 | X54: 1 | Y54: 1 | Z54: 2 | AA54: 2 | AC54: WW | AD54: 0 | AE54: 0 | AF54: 0 | AG54: 0 | AH54: 0 | AJ54: WW | AK54: 0 | AL54: 0 | AM54: 0 | AN54: 0 | AO54: 0
J55: 51 | K55: M5 | L55: GA | M55: K | N55: M2 | O55: J | Q55: 6 | R55: 16 | S55: 8 | T55: 3 | U55: 10 | W55: 1 | X55: 1 | Y55: 1 | Z55: 2 | AA55: 1 | AC55: C1 | AD55: 0 | AE55: 6 | AF55: 0 | AG55: 9 | AH55: 0 | AJ55: C1 | AK55: 0 | AL55: 6 | AM55: 0 | AN55: 9 | AO55: 0
J56: 52 | K56: K | L56: M4 | M56: M3 | N56: M4 | O56: J | Q56: 8 | R56: 5 | S56: 4 | T56: 5 | U56: 10 | W56: 1 | X56: 2 | Y56: 1 | Z56: 2 | AA56: 1 | AC56: M1 | AD56: 4 | AE56: 22 | AF56: 5 | AG56: 21 | AH56: 23 | AJ56: M1 | AK56: 4 | AL56: 22 | AM56: 5 | AN56: 21 | AO56: 23
J57: 53 | K57: M5 | L57: G3 | M57: A | N57: Q | O57: A | Q57: 6 | R57: 13 | S57: 7 | T57: 9 | U57: 7 | W57: 1 | X57: 1 | Y57: 1 | Z57: 2 | AA57: 1 | AC57: M2 | AD57: 4 | AE57: 10 | AF57: 5 | AG57: 21 | AH57: 23 | AJ57: M2 | AK57: 4 | AL57: 10 | AM57: 5 | AN57: 21 | AO57: 23
J58: 54 | K58: K | L58: M1 | M58: M4 | N58: M1 | O58: M4 | Q58: 8 | R58: 2 | S58: 5 | T58: 2 | U58: 5 | W58: 1 | X58: 1 | Y58: 1 | Z58: 2 | AA58: 2 | AC58: M3 | AD58: 4 | AE58: 9 | AF58: 5 | AG58: 21 | AH58: 22 | AJ58: M3 | AK58: 4 | AL58: 9 | AM58: 5 | AN58: 21 | AO58: 22
J59: 55 | K59: K | L59: K | M59: K | N59: GQ | O59: M3 | Q59: 8 | R59: 8 | S59: 8 | T59: 18 | U59: 4 | W59: 1 | X59: 1 | Y59: 1 | Z59: 2 | AA59: 2 | AC59: M4 | AD59: 43 | AE59: 13 | AF59: 41 | AG59: 14 | AH59: 22 | AJ59: M4 | AK59: 43 | AL59: 13 | AM59: 41 | AN59: 14 | AO59: 22
J60: 56 | K60: M4 | L60: GA | M60: A | N60: J | O60: Q | Q60: 5 | R60: 16 | S60: 7 | T60: 10 | U60: 9 | W60: 1 | X60: 1 | Y60: 1 | Z60: 1 | AA60: 2 | AC60: M5 | AD60: 43 | AE60: 14 | AF60: 41 | AG60: 14 | AH60: 22 | AJ60: M5 | AK60: 43 | AL60: 14 | AM60: 41 | AN60: 14 | AO60: 22
J61: 57 | K61: K | L61: C1 | M61: K | N61: M4 | O61: M2 | Q61: 8 | R61: 1 | S61: 8 | T61: 5 | U61: 3 | W61: 1 | X61: 1 | Y61: 1 | Z61: 1 | AA61: 1 | AC61: A | AD61: 47 | AE61: 14 | AF61: 41 | AG61: 14 | AH61: 22 | AJ61: A | AK61: 47 | AL61: 14 | AM61: 41 | AN61: 14 | AO61: 22
J62: 58 | K62: M5 | L62: K | M62: A | N62: GA | O62: M3 | Q62: 6 | R62: 8 | S62: 7 | T62: 16 | U62: 4 | W62: 1 | X62: 1 | Y62: 1 | Z62: 1 | AA62: 1 | AC62: K | AD62: 47 | AE62: 18 | AF62: 41 | AG62: 14 | AH62: 22 | AJ62: K | AK62: 47 | AL62: 18 | AM62: 41 | AN62: 14 | AO62: 22
J63: 59 | K63: A | L63: M5 | M63: M2 | N63: GQ | O63: A | Q63: 7 | R63: 6 | S63: 3 | T63: 18 | U63: 7 | W63: 1 | X63: 2 | Y63: 1 | Z63: 1 | AA63: 1 | AC63: Q | AD63: 4 | AE63: 5 | AF63: 5 | AG63: 20 | AH63: 22 | AJ63: Q | AK63: 4 | AL63: 5 | AM63: 5 | AN63: 20 | AO63: 22
J64: 60 | K64: M4 | L64: G3 | M64: K | N64: K | O64: M3 | Q64: 5 | R64: 13 | S64: 8 | T64: 8 | U64: 4 | W64: 1 | X64: 2 | Y64: 1 | Z64: 1 | AA64: 2 | AC64: J | AD64: 4 | AE64: 9 | AF64: 4 | AG64: 20 | AH64: 22 | AJ64: J | AK64: 4 | AL64: 9 | AM64: 4 | AN64: 20 | AO64: 22
J65: 61 | K65: K | L65: M5 | M65: M4 | N65: M2 | O65: M5 | Q65: 8 | R65: 6 | S65: 5 | T65: 3 | U65: 6 | W65: 1 | X65: 2 | Y65: 1 | Z65: 2 | AA65: 1 | AC65: G1 | AD65: 0 | AE65: 48 | AF65: 0 | AG65: 12 | AH65: 0 | AJ65: G1 | AK65: 0 | AL65: 48 | AM65: 0 | AN65: 12 | AO65: 0
... J73: 69 | K73: M4 | L73: M3 | M73: M5 | N73: M3 | O73: M3 | Q73: 5 | R73: 4 | S73: 6 | T73: 4 | U73: 4 | W73: 1 | X73: 1 | Y73: 1 | Z73: 2 | AA73: 2 | AC73: GJ | AD73: 0 | AE73: 18 | AF73: 0 | AG73: 12 | AH73: 0 | AJ73: GJ | AK73: 0 | AL73: 18 | AM73: 0 | AN73: 12 | AO73: 0
J74: 70 | K74: K | L74: K | M74: K | N74: Q | O74: M5 | Q74: 8 | R74: 8 | S74: 8 | T74: 9 | U74: 6 | W74: 1 | X74: 1 | Y74: 1 | Z74: 2 | AA74: 1 | AD74: 200 | AE74: 360 | AF74: 224 | AG74: 264 | AH74: 200 | AK74: 200 | AL74: 360 | AM74: 224 | AN74: 264 | AO74: 200
J75: 71 | K75: M3 | L75: G1 | M75: M5 | N75: M5 | O75: M1 | Q75: 4 | R75: 11 | S75: 6 | T75: 6 | U75: 2 | W75: 2 | X75: 2 | Y75: 1 | Z75: 2 | AA75: 1
J76: 72 | K76: M2 | L76: J | M76: M4 | N76: C1 | O76: A | Q76: 3 | R76: 10 | S76: 5 | T76: 1 | U76: 7 | W76: 1 | X76: 2 | Y76: 1 | Z76: 2 | AA76: 1
J77: 73 | K77: M4 | L77: GJ | M77: K | N77: Q | O77: M5 | Q77: 5 | R77: 19 | S77: 8 | T77: 9 | U77: 6 | W77: 1 | X77: 2 | Y77: 1 | Z77: 2 | AA77: 2
J78: 74 | K78: K | L78: M1 | M78: M5 | N78: M2 | O78: M2 | Q78: 8 | R78: 2 | S78: 6 | T78: 3 | U78: 3 | W78: 1 | X78: 2 | Y78: 2 | Z78: 2 | AA78: 2
J79: 75 | K79: M5 | L79: M1 | M79: M5 | N79: M5 | O79: M2 | Q79: 6 | R79: 2 | S79: 6 | T79: 6 | U79: 3 | W79: 1 | X79: 2 | Y79: 1 | Z79: 2 | AA79: 1
J80: 76 | K80: A | L80: G1 | M80: G5 | N80: M4 | O80: M4 | Q80: 7 | R80: 11 | S80: 15 | T80: 5 | U80: 5 | W80: 1 | X80: 2 | Y80: 1 | Z80: 2 | AA80: 1
J81: 77 | K81: A | L81: Q | M81: K | N81: M1 | O81: A | Q81: 7 | R81: 9 | S81: 8 | T81: 2 | U81: 7 | W81: 1 | X81: 1 | Y81: 1 | Z81: 2 | AA81: 1
J82: 78 | K82: M5 | L82: M1 | M82: M5 | N82: M3 | O82: M1 | Q82: 6 | R82: 2 | S82: 6 | T82: 4 | U82: 2 | W82: 1 | X82: 1 | Y82: 1 | Z82: 2 | AA82: 1
J83: 79 | K83: A | L83: GK | M83: K | N83: M3 | O83: A | Q83: 7 | R83: 17 | S83: 8 | T83: 4 | U83: 7 | W83: 1 | X83: 1 | Y83: 1 | Z83: 1 | AA83: 1
J84: 80 | K84: M4 | L84: M4 | M84: A | N84: M3 | O84: M1 | Q84: 5 | R84: 5 | S84: 7 | T84: 4 | U84: 2 | W84: 1 | X84: 2 | Y84: 1 | Z84: 1 | AA84: 2
J85: 81 | K85: M4 | L85: G3 | M85: A | N85: A | O85: J | Q85: 5 | R85: 13 | S85: 7 | T85: 7 | U85: 10 | W85: 1 | X85: 2 | Y85: 1 | Z85: 1 | AA85: 1
J86: 82 | K86: K | L86: G5 | M86: K | N86: K | O86: M2 | Q86: 8 | R86: 15 | S86: 8 | T86: 8 | U86: 3 | W86: 1 | X86: 2 | Y86: 1 | Z86: 1 | AA86: 1
... J203: 199 | K203: M5 | L203: J | M203: M4 | N203: J | O203: Q | Q203: 6 | R203: 10 | S203: 5 | T203: 10 | U203: 9 | W203: 2 | X203: 1 | Y203: 2 | Z203: 2 | AA203: 1

Sheet BG_Symbol (2)
J2: Symbol | Q2: Symbol ID | W2: Symbol Weight | AC2: Eliminate Wheel Weight A | AJ2: Eliminate Wheel Weight B
A3: Symbol | B3: Description | C3: R1 | D3: R2 | E3: R3 | F3: R4 | G3: R5 | H3: ID | K3: R1 | L3: R2 | M3: R3 | N3: R4 | O3: R5 | Q3: R1 | R3: R2 | S3: R3 | T3: R4 | U3: R5 | W3: R1 | X3: R2 | Y3: R3 | Z3: R4 | AA3: R5
A4: WW | B4: Wild | C4: 0 | D4: 0 | E4: 0 | F4: 0 | G4: 0 | H4: 0 | J4: 0 | K4: K | L4: A | M4: GA | N4: J | O4: M1 | Q4: 8 | R4: 7 | S4: 16 | T4: 10 | U4: 2 | W4: {=_xlfn.LET(_xlpm.x, K4:K6, IF(SUM((_xlpm.x="K")*1, (_xlpm.x="A")*1, (_xlpm.x="GK")*1, (_xlpm.x="GA")*1)>0, 3, 1))} -> 3 | X4: {=_xlfn.LET(_xlpm.x, L4:L6, IF(SUM((_xlpm.x="K")*1, (_xlpm.x="A")*1, (_xlpm.x="GK")*1, (_xlpm.x="GA")*1)>0, 3, 1))} -> 3 | Y4: {=_xlfn.LET(_xlpm.x, M4:M6, IF(SUM((_xlpm.x="K")*1, (_xlpm.x="A")*1, (_xlpm.x="GK")*1, (_xlpm.x="GA")*1)>0, 3, 1))} -> 3 | Z4: 1 | AA4: 1 | AC4: 1 Combo | AJ4: 1 Combo
A5: C1 | B5: Scatter | C5: 0 | D5: 6 | E5: 0 | F5: 9 | G5: 0 | H5: 1 | J5: 1 | K5: A | L5: A | M5: GQ | N5: M1 | O5: M3 | Q5: 7 | R5: 7 | S5: 18 | T5: 2 | U5: 4 | W5: {=_xlfn.LET(_xlpm.x, K5:K7, IF(SUM((_xlpm.x="K")*1, (_xlpm.x="A")*1, (_xlpm.x="GK")*1, (_xlpm.x="GA")*1)>0, 3, 1))} -> 3 | X5: {=_xlfn.LET(_xlpm.x, L5:L7, IF(SUM((_xlpm.x="K")*1, (_xlpm.x="A")*1, (_xlpm.x="GK")*1, (_xlpm.x="GA")*1)>0, 3, 1))} -> 3 | Y5: {=_xlfn.LET(_xlpm.x, M5:M7, IF(SUM((_xlpm.x="K")*1, (_xlpm.x="A")*1, (_xlpm.x="GK")*1, (_xlpm.x="GA")*1)>0, 3, 1))} -> 1 | Z5: 1 | AA5: 1 | AC5: Symbol | AD5: R1 | AE5: R2 | AF5: R3 | AG5: R4 | AH5: R5 | AJ5: Symbol | AK5: R1 | AL5: R2 | AM5: R3 | AN5: R4 | AO5: R5
A6: M1 | B6: M1 | C6: 4 | D6: 6 | E6: 0 | F6: 22 | G6: 28 | H6: 2 | J6: 2 | K6: M1 | L6: GA | M6: G4 | N6: M3 | O6: M2 | Q6: 2 | R6: 16 | S6: 14 | T6: 4 | U6: 3 | W6: {=_xlfn.LET(_xlpm.x, K6:K8, IF(SUM((_xlpm.x="K")*1, (_xlpm.x="A")*1, (_xlpm.x="GK")*1, (_xlpm.x="GA")*1)>0, 3, 1))} -> 3 | X6: {=_xlfn.LET(_xlpm.x, L6:L8, IF(SUM((_xlpm.x="K")*1, (_xlpm.x="A")*1, (_xlpm.x="GK")*1, (_xlpm.x="GA")*1)>0, 3, 1))} -> 3 | Y6: {=_xlfn.LET(_xlpm.x, M6:M8, IF(SUM((_xlpm.x="K")*1, (_xlpm.x="A")*1, (_xlpm.x="GK")*1, (_xlpm.x="GA")*1)>0, 3, 1))} -> 1 | Z6: 1 | AA6: 1 | AC6: WW | AD6: 0 | AE6: 0 | AF6: 0 | AG6: 0 | AH6: 0 | AJ6: WW | AK6: 0 | AL6: 0 | AM6: 0 | AN6: 0 | AO6: 0
A7: M2 | B7: M2 | C7: 4 | D7: 6 | E7: 0 | F7: 22 | G7: 27 | H7: 3 | J7: 3 | K7: M4 | L7: Q | M7: G5 | N7: M3 | O7: M2 | Q7: 5 | R7: 9 | S7: 15 | T7: 4 | U7: 3 | W7: {=_xlfn.LET(_xlpm.x, K7:K9, IF(SUM((_xlpm.x="K")*1, (_xlpm.x="A")*1, (_xlpm.x="GK")*1, (_xlpm.x="GA")*1)>0, 3, 1))} -> 3 | X7: {=_xlfn.LET(_xlpm.x, L7:L9, IF(SUM((_xlpm.x="K")*1, (_xlpm.x="A")*1, (_xlpm.x="GK")*1, (_xlpm.x="GA")*1)>0, 3, 1))} -> 3 | Y7: {=_xlfn.LET(_xlpm.x, M7:M9, IF(SUM((_xlpm.x="K")*1, (_xlpm.x="A")*1, (_xlpm.x="GK")*1, (_xlpm.x="GA")*1)>0, 3, 1))} -> 3 | Z7: 1 | AA7: 1 | AC7: C1 | AD7: 0 | AE7: 6 | AF7: 0 | AG7: 9 | AH7: 0 | AJ7: C1 | AK7: 0 | AL7: 6 | AM7: 0 | AN7: 9 | AO7: 0
A8: M3 | B8: M3 | C8: 4 | D8: 6 | E8: 0 | F8: 22 | G8: 27 | H8: 4 | J8: 4 | K8: K | L8: GA | M8: G4 | N8: M2 | O8: K | Q8: 8 | R8: 16 | S8: 14 | T8: 3 | U8: 8 | W8: {=_xlfn.LET(_xlpm.x, K8:K10, IF(SUM((_xlpm.x="K")*1, (_xlpm.x="A")*1, (_xlpm.x="GK")*1, (_xlpm.x="GA")*1)>0, 3, 1))} -> 3 | X8: {=_xlfn.LET(_xlpm.x, L8:L10, IF(SUM((_xlpm.x="K")*1, (_xlpm.x="A")*1, (_xlpm.x="GK")*1, (_xlpm.x="GA")*1)>0, 3, 1))} -> 3 | Y8: {=_xlfn.LET(_xlpm.x, M8:M10, IF(SUM((_xlpm.x="K")*1, (_xlpm.x="A")*1, (_xlpm.x="GK")*1, (_xlpm.x="GA")*1)>0, 3, 1))} -> 3 | Z8: 1 | AA8: 1 | AC8: M1 | AD8: 4 | AE8: 11 | AF8: 0 | AG8: 22 | AH8: 28 | AJ8: M1 | AK8: 4 | AL8: 11 | AM8: 0 | AN8: 22 | AO8: 28
A9: M4 | B9: M4 | C9: 43 | D9: 19 | E9: 0 | F9: 12 | G9: 16 | H9: 5 | J9: 5 | K9: M5 | L9: M3 | M9: GK | N9: M2 | O9: M2 | Q9: 6 | R9: 4 | S9: 17 | T9: 3 | U9: 3 | W9: {=_xlfn.LET(_xlpm.x, K9:K11, IF(SUM((_xlpm.x="K")*1, (_xlpm.x="A")*1, (_xlpm.x="GK")*1, (_xlpm.x="GA")*1)>0, 3, 1))} -> 3 | X9: {=_xlfn.LET(_xlpm.x, L9:L11, IF(SUM((_xlpm.x="K")*1, (_xlpm.x="A")*1, (_xlpm.x="GK")*1, (_xlpm.x="GA")*1)>0, 3, 1))} -> 1 | Y9: {=_xlfn.LET(_xlpm.x, M9:M11, IF(SUM((_xlpm.x="K")*1, (_xlpm.x="A")*1, (_xlpm.x="GK")*1, (_xlpm.x="GA")*1)>0, 3, 1))} -> 3 | Z9: 1 | AA9: 1 | AC9: M2 | AD9: 4 | AE9: 11 | AF9: 0 | AG9: 22 | AH9: 27 | AJ9: M2 | AK9: 4 | AL9: 11 | AM9: 0 | AN9: 22 | AO9: 27
A10: M5 | B10: M5 | C10: 43 | D10: 19 | E10: 0 | F10: 12 | G10: 16 | H10: 6 | J10: 6 | K10: K | L10: M4 | M10: GA | N10: J | O10: A | Q10: 8 | R10: 5 | S10: 16 | T10: 10 | U10: 7 | W10: {=_xlfn.LET(_xlpm.x, K10:K12, IF(SUM((_xlpm.x="K")*1, (_xlpm.x="A")*1, (_xlpm.x="GK")*1, (_xlpm.x="GA")*1)>0, 3, 1))} -> 3 | X10: {=_xlfn.LET(_xlpm.x, L10:L12, IF(SUM((_xlpm.x="K")*1, (_xlpm.x="A")*1, (_xlpm.x="GK")*1, (_xlpm.x="GA")*1)>0, 3, 1))} -> 3 | Y10: {=_xlfn.LET(_xlpm.x, M10:M12, IF(SUM((_xlpm.x="K")*1, (_xlpm.x="A")*1, (_xlpm.x="GK")*1, (_xlpm.x="GA")*1)>0, 3, 1))} -> 3 | Z10: 1 | AA10: 1 | AC10: M3 | AD10: 4 | AE10: 11 | AF10: 0 | AG10: 22 | AH10: 27 | AJ10: M3 | AK10: 4 | AL10: 11 | AM10: 0 | AN10: 22 | AO10: 27
A11: A | B11: A | C11: 47 | D11: 22 | E11: 0 | F11: 12 | G11: 16 | H11: 7 | J11: 7 | K11: M5 | L11: G3 | M11: G5 | N11: J | O11: M5 | Q11: 6 | R11: 13 | S11: 15 | T11: 10 | U11: 6 | W11: {=_xlfn.LET(_xlpm.x, K11:K13, IF(SUM((_xlpm.x="K")*1, (_xlpm.x="A")*1, (_xlpm.x="GK")*1, (_xlpm.x="GA")*1)>0, 3, 1))} -> 3 | X11: {=_xlfn.LET(_xlpm.x, L11:L13, IF(SUM((_xlpm.x="K")*1, (_xlpm.x="A")*1, (_xlpm.x="GK")*1, (_xlpm.x="GA")*1)>0, 3, 1))} -> 3 | Y11: {=_xlfn.LET(_xlpm.x, M11:M13, IF(SUM((_xlpm.x="K")*1, (_xlpm.x="A")*1, (_xlpm.x="GK")*1, (_xlpm.x="GA")*1)>0, 3, 1))} -> 3 | Z11: 1 | AA11: 1 | AC11: M4 | AD11: 43 | AE11: 19 | AF11: 0 | AG11: 12 | AH11: 16 | AJ11: M4 | AK11: 43 | AL11: 19 | AM11: 0 | AN11: 12 | AO11: 16
A12: K | B12: K | C12: 47 | D12: 24 | E12: 0 | F12: 12 | G12: 16 | H12: 8 | J12: 8 | K12: M4 | L12: A | M12: GK | N12: M5 | O12: M5 | Q12: 5 | R12: 7 | S12: 17 | T12: 6 | U12: 6 | W12: {=_xlfn.LET(_xlpm.x, K12:K14, IF(SUM((_xlpm.x="K")*1, (_xlpm.x="A")*1, (_xlpm.x="GK")*1, (_xlpm.x="GA")*1)>0, 3, 1))} -> 3 | X12: {=_xlfn.LET(_xlpm.x, L12:L14, IF(SUM((_xlpm.x="K")*1, (_xlpm.x="A")*1, (_xlpm.x="GK")*1, (_xlpm.x="GA")*1)>0, 3, 1))} -> 3 | Y12: {=_xlfn.LET(_xlpm.x, M12:M14, IF(SUM((_xlpm.x="K")*1, (_xlpm.x="A")*1, (_xlpm.x="GK")*1, (_xlpm.x="GA")*1)>0, 3, 1))} -> 3 | Z12: 1 | AA12: 1 | AC12: M5 | AD12: 43 | AE12: 20 | AF12: 0 | AG12: 12 | AH12: 16 | AJ12: M5 | AK12: 43 | AL12: 20 | AM12: 0 | AN12: 12 | AO12: 16
A13: Q | B13: Q | C13: 4 | D13: 5 | E13: 0 | F13: 21 | G13: 27 | H13: 9 | J13: 9 | K13: K | L13: GJ | M13: G5 | N13: GJ | O13: M1 | Q13: 8 | R13: 19 | S13: 15 | T13: 19 | U13: 2 | W13: {=_xlfn.LET(_xlpm.x, K13:K15, IF(SUM((_xlpm.x="K")*1, (_xlpm.x="A")*1, (_xlpm.x="GK")*1, (_xlpm.x="GA")*1)>0, 3, 1))} -> 3 | X13: {=_xlfn.LET(_xlpm.x, L13:L15, IF(SUM((_xlpm.x="K")*1, (_xlpm.x="A")*1, (_xlpm.x="GK")*1, (_xlpm.x="GA")*1)>0, 3, 1))} -> 1 | Y13: {=_xlfn.LET(_xlpm.x, M13:M15, IF(SUM((_xlpm.x="K")*1, (_xlpm.x="A")*1, (_xlpm.x="GK")*1, (_xlpm.x="GA")*1)>0, 3, 1))} -> 3 | Z13: 1 | AA13: 1 | AC13: A | AD13: 47 | AE13: 20 | AF13: 0 | AG13: 12 | AH13: 16 | AJ13: A | AK13: 47 | AL13: 20 | AM13: 0 | AN13: 12 | AO13: 16
A14: J | B14: J | C14: 4 | D14: 7 | E14: 0 | F14: 21 | G14: 27 | H14: 10 | J14: 10 | K14: Q | L14: G5 | M14: GA | N14: M1 | O14: K | Q14: 9 | R14: 15 | S14: 16 | T14: 2 | U14: 8 | W14: {=_xlfn.LET(_xlpm.x, K14:K16, IF(SUM((_xlpm.x="K")*1, (_xlpm.x="A")*1, (_xlpm.x="GK")*1, (_xlpm.x="GA")*1)>0, 3, 1))} -> 3 | X14: {=_xlfn.LET(_xlpm.x, L14:L16, IF(SUM((_xlpm.x="K")*1, (_xlpm.x="A")*1, (_xlpm.x="GK")*1, (_xlpm.x="GA")*1)>0, 3, 1))} -> 1 | Y14: {=_xlfn.LET(_xlpm.x, M14:M16, IF(SUM((_xlpm.x="K")*1, (_xlpm.x="A")*1, (_xlpm.x="GK")*1, (_xlpm.x="GA")*1)>0, 3, 1))} -> 3 | Z14: 1 | AA14: 1 | AC14: K | AD14: 47 | AE14: 20 | AF14: 0 | AG14: 12 | AH14: 16 | AJ14: K | AK14: 47 | AL14: 20 | AM14: 0 | AN14: 12 | AO14: 16
A15: G1 | B15: Rainbow M1 | C15: 0 | D15: 4 | E15: 5 | F15: 5 | G15: 0 | H15: 11 | J15: 11 | K15: A | L15: M4 | M15: G4 | N15: A | O15: K | Q15: 7 | R15: 5 | S15: 14 | T15: 7 | U15: 8 | W15: {=_xlfn.LET(_xlpm.x, K15:K17, IF(SUM((_xlpm.x="K")*1, (_xlpm.x="A")*1, (_xlpm.x="GK")*1, (_xlpm.x="GA")*1)>0, 3, 1))} -> 3 | X15: {=_xlfn.LET(_xlpm.x, L15:L17, IF(SUM((_xlpm.x="K")*1, (_xlpm.x="A")*1, (_xlpm.x="GK")*1, (_xlpm.x="GA")*1)>0, 3, 1))} -> 1 | Y15: {=_xlfn.LET(_xlpm.x, M15:M17, IF(SUM((_xlpm.x="K")*1, (_xlpm.x="A")*1, (_xlpm.x="GK")*1, (_xlpm.x="GA")*1)>0, 3, 1))} -> 3 | Z15: 1 | AA15: 1 | AC15: Q | AD15: 4 | AE15: 11 | AF15: 0 | AG15: 21 | AH15: 27 | AJ15: Q | AK15: 4 | AL15: 11 | AM15: 0 | AN15: 21 | AO15: 27
A16: G2 | B16: Rainbow M2 | C16: 0 | D16: 4 | E16: 5 | F16: 5 | G16: 0 | H16: 12 | J16: 12 | K16: Q | L16: M4 | M16: GK | N16: GA | O16: Q | Q16: 9 | R16: 5 | S16: 17 | T16: 16 | U16: 9 | W16: {=_xlfn.LET(_xlpm.x, K16:K18, IF(SUM((_xlpm.x="K")*1, (_xlpm.x="A")*1, (_xlpm.x="GK")*1, (_xlpm.x="GA")*1)>0, 3, 1))} -> 3 | X16: {=_xlfn.LET(_xlpm.x, L16:L18, IF(SUM((_xlpm.x="K")*1, (_xlpm.x="A")*1, (_xlpm.x="GK")*1, (_xlpm.x="GA")*1)>0, 3, 1))} -> 3 | Y16: {=_xlfn.LET(_xlpm.x, M16:M18, IF(SUM((_xlpm.x="K")*1, (_xlpm.x="A")*1, (_xlpm.x="GK")*1, (_xlpm.x="GA")*1)>0, 3, 1))} -> 3 | Z16: 1 | AA16: 1 | AC16: J | AD16: 4 | AE16: 11 | AF16: 0 | AG16: 21 | AH16: 27 | AJ16: J | AK16: 4 | AL16: 11 | AM16: 0 | AN16: 21 | AO16: 27
A17: G3 | B17: Rainbow M3 | C17: 0 | D17: 4 | E17: 5 | F17: 5 | G17: 0 | H17: 13 | J17: 13 | K17: K | L17: Q | M17: G5 | N17: K | O17: M2 | Q17: 8 | R17: 9 | S17: 15 | T17: 8 | U17: 3 | W17: {=_xlfn.LET(_xlpm.x, K17:K19, IF(SUM((_xlpm.x="K")*1, (_xlpm.x="A")*1, (_xlpm.x="GK")*1, (_xlpm.x="GA")*1)>0, 3, 1))} -> 3 | X17: {=_xlfn.LET(_xlpm.x, L17:L19, IF(SUM((_xlpm.x="K")*1, (_xlpm.x="A")*1, (_xlpm.x="GK")*1, (_xlpm.x="GA")*1)>0, 3, 1))} -> 3 | Y17: {=_xlfn.LET(_xlpm.x, M17:M19, IF(SUM((_xlpm.x="K")*1, (_xlpm.x="A")*1, (_xlpm.x="GK")*1, (_xlpm.x="GA")*1)>0, 3, 1))} -> 3 | Z17: 1 | AA17: 1 | AC17: G1 | AD17: 0 | AE17: 7 | AF17: 7 | AG17: 9 | AH17: 0 | AJ17: G1 | AK17: 0 | AL17: 7 | AM17: 7 | AN17: 9 | AO17: 0
... A23: GJ | B23: Rainbow J | C23: 0 | D23: 3 | E23: 4 | F23: 4 | G23: 0 | H23: 19 | J23: 19 | K23: M4 | L23: A | M23: GK | N23: Q | O23: M1 | Q23: 5 | R23: 7 | S23: 17 | T23: 9 | U23: 2 | W23: {=_xlfn.LET(_xlpm.x, K23:K25, IF(SUM((_xlpm.x="K")*1, (_xlpm.x="A")*1, (_xlpm.x="GK")*1, (_xlpm.x="GA")*1)>0, 3, 1))} -> 1 | X23: {=_xlfn.LET(_xlpm.x, L23:L25, IF(SUM((_xlpm.x="K")*1, (_xlpm.x="A")*1, (_xlpm.x="GK")*1, (_xlpm.x="GA")*1)>0, 3, 1))} -> 3 | Y23: {=_xlfn.LET(_xlpm.x, M23:M25, IF(SUM((_xlpm.x="K")*1, (_xlpm.x="A")*1, (_xlpm.x="GK")*1, (_xlpm.x="GA")*1)>0, 3, 1))} -> 3 | Z23: 1 | AA23: 1 | AC23: GK | AD23: 0 | AE23: 15 | AF23: 66 | AG23: 6 | AH23: 0 | AJ23: GK | AK23: 0 | AL23: 15 | AM23: 66 | AN23: 6 | AO23: 0
C24: 200 | D24: 200 | E24: 200 | F24: 200 | G24: 200 | J24: 20 | K24: M5 | L24: GK | M24: G4 | N24: M3 | O24: Q | Q24: 6 | R24: 17 | S24: 14 | T24: 4 | U24: 9 | W24: {=_xlfn.LET(_xlpm.x, K24:K26, IF(SUM((_xlpm.x="K")*1, (_xlpm.x="A")*1, (_xlpm.x="GK")*1, (_xlpm.x="GA")*1)>0, 3, 1))} -> 3 | X24: {=_xlfn.LET(_xlpm.x, L24:L26, IF(SUM((_xlpm.x="K")*1, (_xlpm.x="A")*1, (_xlpm.x="GK")*1, (_xlpm.x="GA")*1)>0, 3, 1))} -> 3 | Y24: {=_xlfn.LET(_xlpm.x, M24:M26, IF(SUM((_xlpm.x="K")*1, (_xlpm.x="A")*1, (_xlpm.x="GK")*1, (_xlpm.x="GA")*1)>0, 3, 1))} -> 3 | Z24: 1 | AA24: 1 | AC24: GQ | AD24: 0 | AE24: 9 | AF24: 7 | AG24: 7 | AH24: 0 | AJ24: GQ | AK24: 0 | AL24: 9 | AM24: 7 | AN24: 7 | AO24: 0
J25: 21 | K25: M3 | L25: GK | M25: GK | N25: C1 | O25: J | Q25: 4 | R25: 17 | S25: 17 | T25: 1 | U25: 10 | W25: {=_xlfn.LET(_xlpm.x, K25:K27, IF(SUM((_xlpm.x="K")*1, (_xlpm.x="A")*1, (_xlpm.x="GK")*1, (_xlpm.x="GA")*1)>0, 3, 1))} -> 3 | X25: {=_xlfn.LET(_xlpm.x, L25:L27, IF(SUM((_xlpm.x="K")*1, (_xlpm.x="A")*1, (_xlpm.x="GK")*1, (_xlpm.x="GA")*1)>0, 3, 1))} -> 3 | Y25: {=_xlfn.LET(_xlpm.x, M25:M27, IF(SUM((_xlpm.x="K")*1, (_xlpm.x="A")*1, (_xlpm.x="GK")*1, (_xlpm.x="GA")*1)>0, 3, 1))} -> 3 | Z25: 1 | AA25: 1 | AC25: GJ | AD25: 0 | AE25: 9 | AF25: 6 | AG25: 7 | AH25: 0 | AJ25: GJ | AK25: 0 | AL25: 9 | AM25: 6 | AN25: 7 | AO25: 0
B26: Normal Symbol | C26: 1 | D26: 0.6 | E26: 0 | F26: 0.825 | G26: 1 | J26: 22 | K26: K | L26: M5 | M26: GJ | N26: G5 | O26: M3 | Q26: 8 | R26: 6 | S26: 19 | T26: 15 | U26: 4 | W26: {=_xlfn.LET(_xlpm.x, K26:K28, IF(SUM((_xlpm.x="K")*1, (_xlpm.x="A")*1, (_xlpm.x="GK")*1, (_xlpm.x="GA")*1)>0, 3, 1))} -> 3 | X26: {=_xlfn.LET(_xlpm.x, L26:L28, IF(SUM((_xlpm.x="K")*1, (_xlpm.x="A")*1, (_xlpm.x="GK")*1, (_xlpm.x="GA")*1)>0, 3, 1))} -> 3 | Y26: {=_xlfn.LET(_xlpm.x, M26:M28, IF(SUM((_xlpm.x="K")*1, (_xlpm.x="A")*1, (_xlpm.x="GK")*1, (_xlpm.x="GA")*1)>0, 3, 1))} -> 1 | Z26: 1 | AA26: 1 | AD26: 200 | AE26: 243 | AF26: 298 | AG26: 230 | AH26: 200 | AK26: 200 | AL26: 243 | AM26: 298 | AN26: 230 | AO26: 200
B27: Rainbow Symbol | C27: 0 | D27: 0.4 | E27: 1 | F27: 0.175 | G27: 0 | J27: 23 | K27: M4 | L27: K | M27: G4 | N27: J | O27: M2 | Q27: 5 | R27: 8 | S27: 14 | T27: 10 | U27: 3 | W27: {=_xlfn.LET(_xlpm.x, K27:K29, IF(SUM((_xlpm.x="K")*1, (_xlpm.x="A")*1, (_xlpm.x="GK")*1, (_xlpm.x="GA")*1)>0, 3, 1))} -> 1 | X27: {=_xlfn.LET(_xlpm.x, L27:L29, IF(SUM((_xlpm.x="K")*1, (_xlpm.x="A")*1, (_xlpm.x="GK")*1, (_xlpm.x="GA")*1)>0, 3, 1))} -> 3 | Y27: {=_xlfn.LET(_xlpm.x, M27:M29, IF(SUM((_xlpm.x="K")*1, (_xlpm.x="A")*1, (_xlpm.x="GK")*1, (_xlpm.x="GA")*1)>0, 3, 1))} -> 3 | Z27: 1 | AA27: 1
J28: 24 | K28: M5 | L28: G5 | M28: G5 | N28: K | O28: M1 | Q28: 6 | R28: 15 | S28: 15 | T28: 8 | U28: 2 | W28: {=_xlfn.LET(_xlpm.x, K28:K30, IF(SUM((_xlpm.x="K")*1, (_xlpm.x="A")*1, (_xlpm.x="GK")*1, (_xlpm.x="GA")*1)>0, 3, 1))} -> 1 | X28: {=_xlfn.LET(_xlpm.x, L28:L30, IF(SUM((_xlpm.x="K")*1, (_xlpm.x="A")*1, (_xlpm.x="GK")*1, (_xlpm.x="GA")*1)>0, 3, 1))} -> 3 | Y28: {=_xlfn.LET(_xlpm.x, M28:M30, IF(SUM((_xlpm.x="K")*1, (_xlpm.x="A")*1, (_xlpm.x="GK")*1, (_xlpm.x="GA")*1)>0, 3, 1))} -> 3 | Z28: 1 | AA28: 1 | AC28: 2 Combo | AJ28: 2 Combo
J29: 25 | K29: J | L29: M2 | M29: GK | N29: Q | O29: M3 | Q29: 10 | R29: 3 | S29: 17 | T29: 9 | U29: 4 | W29: {=_xlfn.LET(_xlpm.x, K29:K31, IF(SUM((_xlpm.x="K")*1, (_xlpm.x="A")*1, (_xlpm.x="GK")*1, (_xlpm.x="GA")*1)>0, 3, 1))} -> 1 | X29: {=_xlfn.LET(_xlpm.x, L29:L31, IF(SUM((_xlpm.x="K")*1, (_xlpm.x="A")*1, (_xlpm.x="GK")*1, (_xlpm.x="GA")*1)>0, 3, 1))} -> 3 | Y29: {=_xlfn.LET(_xlpm.x, M29:M31, IF(SUM((_xlpm.x="K")*1, (_xlpm.x="A")*1, (_xlpm.x="GK")*1, (_xlpm.x="GA")*1)>0, 3, 1))} -> 3 | Z29: 1 | AA29: 1 | AC29: Symbol | AD29: R1 | AE29: R2 | AF29: R3 | AG29: R4 | AH29: R5 | AJ29: Symbol | AK29: R1 | AL29: R2 | AM29: R3 | AN29: R4 | AO29: R5
J30: 26 | K30: M5 | L30: K | M30: G4 | N30: M5 | O30: M1 | Q30: 6 | R30: 8 | S30: 14 | T30: 6 | U30: 2 | W30: {=_xlfn.LET(_xlpm.x, K30:K32, IF(SUM((_xlpm.x="K")*1, (_xlpm.x="A")*1, (_xlpm.x="GK")*1, (_xlpm.x="GA")*1)>0, 3, 1))} -> 1 | X30: {=_xlfn.LET(_xlpm.x, L30:L32, IF(SUM((_xlpm.x="K")*1, (_xlpm.x="A")*1, (_xlpm.x="GK")*1, (_xlpm.x="GA")*1)>0, 3, 1))} -> 3 | Y30: {=_xlfn.LET(_xlpm.x, M30:M32, IF(SUM((_xlpm.x="K")*1, (_xlpm.x="A")*1, (_xlpm.x="GK")*1, (_xlpm.x="GA")*1)>0, 3, 1))} -> 3 | Z30: 1 | AA30: 1 | AC30: WW | AD30: 0 | AE30: 0 | AF30: 0 | AG30: 0 | AH30: 0 | AJ30: WW | AK30: 0 | AL30: 0 | AM30: 0 | AN30: 0 | AO30: 0
J31: 27 | K31: M1 | L31: K | M31: GJ | N31: M1 | O31: M3 | Q31: 2 | R31: 8 | S31: 19 | T31: 2 | U31: 4 | W31: {=_xlfn.LET(_xlpm.x, K31:K33, IF(SUM((_xlpm.x="K")*1, (_xlpm.x="A")*1, (_xlpm.x="GK")*1, (_xlpm.x="GA")*1)>0, 3, 1))} -> 1 | X31: {=_xlfn.LET(_xlpm.x, L31:L33, IF(SUM((_xlpm.x="K")*1, (_xlpm.x="A")*1, (_xlpm.x="GK")*1, (_xlpm.x="GA")*1)>0, 3, 1))} -> 3 | Y31: {=_xlfn.LET(_xlpm.x, M31:M33, IF(SUM((_xlpm.x="K")*1, (_xlpm.x="A")*1, (_xlpm.x="GK")*1, (_xlpm.x="GA")*1)>0, 3, 1))} -> 3 | Z31: 1 | AA31: 1 | AC31: C1 | AD31: 0 | AE31: 6 | AF31: 0 | AG31: 9 | AH31: 0 | AJ31: C1 | AK31: 0 | AL31: 6 | AM31: 0 | AN31: 9 | AO31: 0
J32: 28 | K32: M5 | L32: GA | M32: GA | N32: C1 | O32: M1 | Q32: 6 | R32: 16 | S32: 16 | T32: 1 | U32: 2 | W32: {=_xlfn.LET(_xlpm.x, K32:K34, IF(SUM((_xlpm.x="K")*1, (_xlpm.x="A")*1, (_xlpm.x="GK")*1, (_xlpm.x="GA")*1)>0, 3, 1))} -> 1 | X32: {=_xlfn.LET(_xlpm.x, L32:L34, IF(SUM((_xlpm.x="K")*1, (_xlpm.x="A")*1, (_xlpm.x="GK")*1, (_xlpm.x="GA")*1)>0, 3, 1))} -> 3 | Y32: {=_xlfn.LET(_xlpm.x, M32:M34, IF(SUM((_xlpm.x="K")*1, (_xlpm.x="A")*1, (_xlpm.x="GK")*1, (_xlpm.x="GA")*1)>0, 3, 1))} -> 3 | Z32: 1 | AA32: 1 | AC32: M1 | AD32: 4 | AE32: 11 | AF32: 0 | AG32: 22 | AH32: 28 | AJ32: M1 | AK32: 4 | AL32: 11 | AM32: 0 | AN32: 22 | AO32: 28
J33: 29 | K33: M5 | L33: GA | M33: G4 | N33: M3 | O33: M2 | Q33: 6 | R33: 16 | S33: 14 | T33: 4 | U33: 3 | W33: {=_xlfn.LET(_xlpm.x, K33:K35, IF(SUM((_xlpm.x="K")*1, (_xlpm.x="A")*1, (_xlpm.x="GK")*1, (_xlpm.x="GA")*1)>0, 3, 1))} -> 3 | X33: {=_xlfn.LET(_xlpm.x, L33:L35, IF(SUM((_xlpm.x="K")*1, (_xlpm.x="A")*1, (_xlpm.x="GK")*1, (_xlpm.x="GA")*1)>0, 3, 1))} -> 3 | Y33: {=_xlfn.LET(_xlpm.x, M33:M35, IF(SUM((_xlpm.x="K")*1, (_xlpm.x="A")*1, (_xlpm.x="GK")*1, (_xlpm.x="GA")*1)>0, 3, 1))} -> 1 | Z33: 1 | AA33: 1 | AC33: M2 | AD33: 4 | AE33: 11 | AF33: 0 | AG33: 22 | AH33: 27 | AJ33: M2 | AK33: 4 | AL33: 11 | AM33: 0 | AN33: 22 | AO33: 27
J34: 30 | K34: M5 | L34: M2 | M34: G3 | N34: G1 | O34: M1 | Q34: 6 | R34: 3 | S34: 13 | T34: 11 | U34: 2 | W34: {=_xlfn.LET(_xlpm.x, K34:K36, IF(SUM((_xlpm.x="K")*1, (_xlpm.x="A")*1, (_xlpm.x="GK")*1, (_xlpm.x="GA")*1)>0, 3, 1))} -> 3 | X34: {=_xlfn.LET(_xlpm.x, L34:L36, IF(SUM((_xlpm.x="K")*1, (_xlpm.x="A")*1, (_xlpm.x="GK")*1, (_xlpm.x="GA")*1)>0, 3, 1))} -> 3 | Y34: {=_xlfn.LET(_xlpm.x, M34:M36, IF(SUM((_xlpm.x="K")*1, (_xlpm.x="A")*1, (_xlpm.x="GK")*1, (_xlpm.x="GA")*1)>0, 3, 1))} -> 1 | Z34: 1 | AA34: 1 | AC34: M3 | AD34: 4 | AE34: 11 | AF34: 0 | AG34: 22 | AH34: 27 | AJ34: M3 | AK34: 4 | AL34: 11 | AM34: 0 | AN34: 22 | AO34: 27
J35: 31 | K35: K | L35: K | M35: G4 | N35: A | O35: M1 | Q35: 8 | R35: 8 | S35: 14 | T35: 7 | U35: 2 | W35: {=_xlfn.LET(_xlpm.x, K35:K37, IF(SUM((_xlpm.x="K")*1, (_xlpm.x="A")*1, (_xlpm.x="GK")*1, (_xlpm.x="GA")*1)>0, 3, 1))} -> 3 | X35: {=_xlfn.LET(_xlpm.x, L35:L37, IF(SUM((_xlpm.x="K")*1, (_xlpm.x="A")*1, (_xlpm.x="GK")*1, (_xlpm.x="GA")*1)>0, 3, 1))} -> 3 | Y35: {=_xlfn.LET(_xlpm.x, M35:M37, IF(SUM((_xlpm.x="K")*1, (_xlpm.x="A")*1, (_xlpm.x="GK")*1, (_xlpm.x="GA")*1)>0, 3, 1))} -> 3 | Z35: 1 | AA35: 1 | AC35: M4 | AD35: 43 | AE35: 19 | AF35: 0 | AG35: 12 | AH35: 16 | AJ35: M4 | AK35: 43 | AL35: 19 | AM35: 0 | AN35: 12 | AO35: 16
J36: 32 | K36: A | L36: GJ | M36: G5 | N36: M3 | O36: Q | Q36: 7 | R36: 19 | S36: 15 | T36: 4 | U36: 9 | W36: {=_xlfn.LET(_xlpm.x, K36:K38, IF(SUM((_xlpm.x="K")*1, (_xlpm.x="A")*1, (_xlpm.x="GK")*1, (_xlpm.x="GA")*1)>0, 3, 1))} -> 3 | X36: {=_xlfn.LET(_xlpm.x, L36:L38, IF(SUM((_xlpm.x="K")*1, (_xlpm.x="A")*1, (_xlpm.x="GK")*1, (_xlpm.x="GA")*1)>0, 3, 1))} -> 3 | Y36: {=_xlfn.LET(_xlpm.x, M36:M38, IF(SUM((_xlpm.x="K")*1, (_xlpm.x="A")*1, (_xlpm.x="GK")*1, (_xlpm.x="GA")*1)>0, 3, 1))} -> 3 | Z36: 1 | AA36: 1 | AC36: M5 | AD36: 43 | AE36: 20 | AF36: 0 | AG36: 12 | AH36: 16 | AJ36: M5 | AK36: 43 | AL36: 20 | AM36: 0 | AN36: 12 | AO36: 16
J37: 33 | K37: M5 | L37: K | M37: GK | N37: GK | O37: J | Q37: 6 | R37: 8 | S37: 17 | T37: 17 | U37: 10 | W37: {=_xlfn.LET(_xlpm.x, K37:K39, IF(SUM((_xlpm.x="K")*1, (_xlpm.x="A")*1, (_xlpm.x="GK")*1, (_xlpm.x="GA")*1)>0, 3, 1))} -> 3 | X37: {=_xlfn.LET(_xlpm.x, L37:L39, IF(SUM((_xlpm.x="K")*1, (_xlpm.x="A")*1, (_xlpm.x="GK")*1, (_xlpm.x="GA")*1)>0, 3, 1))} -> 3 | Y37: {=_xlfn.LET(_xlpm.x, M37:M39, IF(SUM((_xlpm.x="K")*1, (_xlpm.x="A")*1, (_xlpm.x="GK")*1, (_xlpm.x="GA")*1)>0, 3, 1))} -> 3 | Z37: 1 | AA37: 1 | AC37: A | AD37: 47 | AE37: 20 | AF37: 0 | AG37: 12 | AH37: 16 | AJ37: A | AK37: 47 | AL37: 20 | AM37: 0 | AN37: 12 | AO37: 16
J38: 34 | K38: M4 | L38: G4 | M38: GA | N38: M1 | O38: K | Q38: 5 | R38: 14 | S38: 16 | T38: 2 | U38: 8 | W38: {=_xlfn.LET(_xlpm.x, K38:K40, IF(SUM((_xlpm.x="K")*1, (_xlpm.x="A")*1, (_xlpm.x="GK")*1, (_xlpm.x="GA")*1)>0, 3, 1))} -> 3 | X38: {=_xlfn.LET(_xlpm.x, L38:L40, IF(SUM((_xlpm.x="K")*1, (_xlpm.x="A")*1, (_xlpm.x="GK")*1, (_xlpm.x="GA")*1)>0, 3, 1))} -> 1 | Y38: {=_xlfn.LET(_xlpm.x, M38:M40, IF(SUM((_xlpm.x="K")*1, (_xlpm.x="A")*1, (_xlpm.x="GK")*1, (_xlpm.x="GA")*1)>0, 3, 1))} -> 3 | Z38: 1 | AA38: 1 | AC38: K | AD38: 47 | AE38: 20 | AF38: 0 | AG38: 12 | AH38: 16 | AJ38: K | AK38: 47 | AL38: 20 | AM38: 0 | AN38: 12 | AO38: 16
J39: 35 | K39: K | L39: M3 | M39: G5 | N39: M4 | O39: M4 | Q39: 8 | R39: 4 | S39: 15 | T39: 5 | U39: 5 | W39: {=_xlfn.LET(_xlpm.x, K39:K41, IF(SUM((_xlpm.x="K")*1, (_xlpm.x="A")*1, (_xlpm.x="GK")*1, (_xlpm.x="GA")*1)>0, 3, 1))} -> 3 | X39: {=_xlfn.LET(_xlpm.x, L39:L41, IF(SUM((_xlpm.x="K")*1, (_xlpm.x="A")*1, (_xlpm.x="GK")*1, (_xlpm.x="GA")*1)>0, 3, 1))} -> 1 | Y39: {=_xlfn.LET(_xlpm.x, M39:M41, IF(SUM((_xlpm.x="K")*1, (_xlpm.x="A")*1, (_xlpm.x="GK")*1, (_xlpm.x="GA")*1)>0, 3, 1))} -> 3 | Z39: 1 | AA39: 1 | AC39: Q | AD39: 4 | AE39: 11 | AF39: 0 | AG39: 21 | AH39: 27 | AJ39: Q | AK39: 4 | AL39: 11 | AM39: 0 | AN39: 21 | AO39: 27
J40: 36 | K40: M4 | L40: M3 | M40: G4 | N40: M4 | O40: M3 | Q40: 5 | R40: 4 | S40: 14 | T40: 5 | U40: 4 | W40: {=_xlfn.LET(_xlpm.x, K40:K42, IF(SUM((_xlpm.x="K")*1, (_xlpm.x="A")*1, (_xlpm.x="GK")*1, (_xlpm.x="GA")*1)>0, 3, 1))} -> 1 | X40: {=_xlfn.LET(_xlpm.x, L40:L42, IF(SUM((_xlpm.x="K")*1, (_xlpm.x="A")*1, (_xlpm.x="GK")*1, (_xlpm.x="GA")*1)>0, 3, 1))} -> 3 | Y40: {=_xlfn.LET(_xlpm.x, M40:M42, IF(SUM((_xlpm.x="K")*1, (_xlpm.x="A")*1, (_xlpm.x="GK")*1, (_xlpm.x="GA")*1)>0, 3, 1))} -> 3 | Z40: 1 | AA40: 1 | AC40: J | AD40: 4 | AE40: 11 | AF40: 0 | AG40: 21 | AH40: 27 | AJ40: J | AK40: 4 | AL40: 11 | AM40: 0 | AN40: 21 | AO40: 27
J41: 37 | K41: M5 | L41: G5 | M41: GK | N41: G1 | O41: M4 | Q41: 6 | R41: 15 | S41: 17 | T41: 11 | U41: 5 | W41: {=_xlfn.LET(_xlpm.x, K41:K43, IF(SUM((_xlpm.x="K")*1, (_xlpm.x="A")*1, (_xlpm.x="GK")*1, (_xlpm.x="GA")*1)>0, 3, 1))} -> 1 | X41: {=_xlfn.LET(_xlpm.x, L41:L43, IF(SUM((_xlpm.x="K")*1, (_xlpm.x="A")*1, (_xlpm.x="GK")*1, (_xlpm.x="GA")*1)>0, 3, 1))} -> 3 | Y41: {=_xlfn.LET(_xlpm.x, M41:M43, IF(SUM((_xlpm.x="K")*1, (_xlpm.x="A")*1, (_xlpm.x="GK")*1, (_xlpm.x="GA")*1)>0, 3, 1))} -> 3 | Z41: 1 | AA41: 1 | AC41: G1 | AD41: 0 | AE41: 7 | AF41: 7 | AG41: 9 | AH41: 0 | AJ41: G1 | AK41: 0 | AL41: 7 | AM41: 7 | AN41: 9 | AO41: 0
... J49: 45 | K49: M4 | L49: G5 | M49: GK | N49: M5 | O49: M2 | Q49: 5 | R49: 15 | S49: 17 | T49: 6 | U49: 3 | W49: {=_xlfn.LET(_xlpm.x, K49:K51, IF(SUM((_xlpm.x="K")*1, (_xlpm.x="A")*1, (_xlpm.x="GK")*1, (_xlpm.x="GA")*1)>0, 3, 1))} -> 1 | X49: {=_xlfn.LET(_xlpm.x, L49:L51, IF(SUM((_xlpm.x="K")*1, (_xlpm.x="A")*1, (_xlpm.x="GK")*1, (_xlpm.x="GA")*1)>0, 3, 1))} -> 3 | Y49: {=_xlfn.LET(_xlpm.x, M49:M51, IF(SUM((_xlpm.x="K")*1, (_xlpm.x="A")*1, (_xlpm.x="GK")*1, (_xlpm.x="GA")*1)>0, 3, 1))} -> 3 | Z49: 1 | AA49: 1 | AC49: GJ | AD49: 0 | AE49: 9 | AF49: 6 | AG49: 7 | AH49: 0 | AJ49: GJ | AK49: 0 | AL49: 9 | AM49: 6 | AN49: 7 | AO49: 0
J50: 46 | K50: M3 | L50: M5 | M50: G4 | N50: M2 | O50: A | Q50: 4 | R50: 6 | S50: 14 | T50: 3 | U50: 7 | W50: {=_xlfn.LET(_xlpm.x, K50:K52, IF(SUM((_xlpm.x="K")*1, (_xlpm.x="A")*1, (_xlpm.x="GK")*1, (_xlpm.x="GA")*1)>0, 3, 1))} -> 1 | X50: {=_xlfn.LET(_xlpm.x, L50:L52, IF(SUM((_xlpm.x="K")*1, (_xlpm.x="A")*1, (_xlpm.x="GK")*1, (_xlpm.x="GA")*1)>0, 3, 1))} -> 3 | Y50: {=_xlfn.LET(_xlpm.x, M50:M52, IF(SUM((_xlpm.x="K")*1, (_xlpm.x="A")*1, (_xlpm.x="GK")*1, (_xlpm.x="GA")*1)>0, 3, 1))} -> 3 | Z50: 1 | AA50: 1 | AD50: 200 | AE50: 243 | AF50: 298 | AG50: 230 | AH50: 200 | AK50: 200 | AL50: 243 | AM50: 298 | AN50: 230 | AO50: 200
J51: 47 | K51: M4 | L51: A | M51: GK | N51: Q | O51: A | Q51: 5 | R51: 7 | S51: 17 | T51: 9 | U51: 7 | W51: {=_xlfn.LET(_xlpm.x, K51:K53, IF(SUM((_xlpm.x="K")*1, (_xlpm.x="A")*1, (_xlpm.x="GK")*1, (_xlpm.x="GA")*1)>0, 3, 1))} -> 3 | X51: {=_xlfn.LET(_xlpm.x, L51:L53, IF(SUM((_xlpm.x="K")*1, (_xlpm.x="A")*1, (_xlpm.x="GK")*1, (_xlpm.x="GA")*1)>0, 3, 1))} -> 3 | Y51: {=_xlfn.LET(_xlpm.x, M51:M53, IF(SUM((_xlpm.x="K")*1, (_xlpm.x="A")*1, (_xlpm.x="GK")*1, (_xlpm.x="GA")*1)>0, 3, 1))} -> 3 | Z51: 1 | AA51: 1
J52: 48 | K52: M5 | L52: A | M52: GA | N52: M2 | O52: M4 | Q52: 6 | R52: 7 | S52: 16 | T52: 3 | U52: 5 | W52: {=_xlfn.LET(_xlpm.x, K52:K54, IF(SUM((_xlpm.x="K")*1, (_xlpm.x="A")*1, (_xlpm.x="GK")*1, (_xlpm.x="GA")*1)>0, 3, 1))} -> 3 | X52: {=_xlfn.LET(_xlpm.x, L52:L54, IF(SUM((_xlpm.x="K")*1, (_xlpm.x="A")*1, (_xlpm.x="GK")*1, (_xlpm.x="GA")*1)>0, 3, 1))} -> 3 | Y52: {=_xlfn.LET(_xlpm.x, M52:M54, IF(SUM((_xlpm.x="K")*1, (_xlpm.x="A")*1, (_xlpm.x="GK")*1, (_xlpm.x="GA")*1)>0, 3, 1))} -> 3 | Z52: 1 | AA52: 1 | AC52: 3+ Combo | AJ52: 3+ Combo
J53: 49 | K53: K | L53: G5 | M53: G5 | N53: M5 | O53: A | Q53: 8 | R53: 15 | S53: 15 | T53: 6 | U53: 7 | W53: {=_xlfn.LET(_xlpm.x, K53:K55, IF(SUM((_xlpm.x="K")*1, (_xlpm.x="A")*1, (_xlpm.x="GK")*1, (_xlpm.x="GA")*1)>0, 3, 1))} -> 3 | X53: {=_xlfn.LET(_xlpm.x, L53:L55, IF(SUM((_xlpm.x="K")*1, (_xlpm.x="A")*1, (_xlpm.x="GK")*1, (_xlpm.x="GA")*1)>0, 3, 1))} -> 3 | Y53: {=_xlfn.LET(_xlpm.x, M53:M55, IF(SUM((_xlpm.x="K")*1, (_xlpm.x="A")*1, (_xlpm.x="GK")*1, (_xlpm.x="GA")*1)>0, 3, 1))} -> 1 | Z53: 1 | AA53: 1 | AC53: Symbol | AD53: R1 | AE53: R2 | AF53: R3 | AG53: R4 | AH53: R5 | AJ53: Symbol | AK53: R1 | AL53: R2 | AM53: R3 | AN53: R4 | AO53: R5
J54: 50 | K54: A | L54: G5 | M54: G3 | N54: M5 | O54: M2 | Q54: 7 | R54: 15 | S54: 13 | T54: 6 | U54: 3 | W54: {=_xlfn.LET(_xlpm.x, K54:K56, IF(SUM((_xlpm.x="K")*1, (_xlpm.x="A")*1, (_xlpm.x="GK")*1, (_xlpm.x="GA")*1)>0, 3, 1))} -> 3 | X54: {=_xlfn.LET(_xlpm.x, L54:L56, IF(SUM((_xlpm.x="K")*1, (_xlpm.x="A")*1, (_xlpm.x="GK")*1, (_xlpm.x="GA")*1)>0, 3, 1))} -> 3 | Y54: {=_xlfn.LET(_xlpm.x, M54:M56, IF(SUM((_xlpm.x="K")*1, (_xlpm.x="A")*1, (_xlpm.x="GK")*1, (_xlpm.x="GA")*1)>0, 3, 1))} -> 1 | Z54: 1 | AA54: 1 | AC54: WW | AD54: 0 | AE54: 0 | AF54: 0 | AG54: 0 | AH54: 0 | AJ54: WW | AK54: 0 | AL54: 0 | AM54: 0 | AN54: 0 | AO54: 0
J55: 51 | K55: K | L55: K | M55: G5 | N55: G3 | O55: M4 | Q55: 8 | R55: 8 | S55: 15 | T55: 13 | U55: 5 | W55: {=_xlfn.LET(_xlpm.x, K55:K57, IF(SUM((_xlpm.x="K")*1, (_xlpm.x="A")*1, (_xlpm.x="GK")*1, (_xlpm.x="GA")*1)>0, 3, 1))} -> 3 | X55: {=_xlfn.LET(_xlpm.x, L55:L57, IF(SUM((_xlpm.x="K")*1, (_xlpm.x="A")*1, (_xlpm.x="GK")*1, (_xlpm.x="GA")*1)>0, 3, 1))} -> 3 | Y55: {=_xlfn.LET(_xlpm.x, M55:M57, IF(SUM((_xlpm.x="K")*1, (_xlpm.x="A")*1, (_xlpm.x="GK")*1, (_xlpm.x="GA")*1)>0, 3, 1))} -> 1 | Z55: 1 | AA55: 1 | AC55: C1 | AD55: 0 | AE55: 6 | AF55: 0 | AG55: 9 | AH55: 0 | AJ55: C1 | AK55: 0 | AL55: 6 | AM55: 0 | AN55: 9 | AO55: 0
J56: 52 | K56: K | L56: A | M56: G4 | N56: J | O56: J | Q56: 8 | R56: 7 | S56: 14 | T56: 10 | U56: 10 | W56: {=_xlfn.LET(_xlpm.x, K56:K58, IF(SUM((_xlpm.x="K")*1, (_xlpm.x="A")*1, (_xlpm.x="GK")*1, (_xlpm.x="GA")*1)>0, 3, 1))} -> 3 | X56: {=_xlfn.LET(_xlpm.x, L56:L58, IF(SUM((_xlpm.x="K")*1, (_xlpm.x="A")*1, (_xlpm.x="GK")*1, (_xlpm.x="GA")*1)>0, 3, 1))} -> 3 | Y56: {=_xlfn.LET(_xlpm.x, M56:M58, IF(SUM((_xlpm.x="K")*1, (_xlpm.x="A")*1, (_xlpm.x="GK")*1, (_xlpm.x="GA")*1)>0, 3, 1))} -> 3 | Z56: 1 | AA56: 1 | AC56: M1 | AD56: 4 | AE56: 11 | AF56: 0 | AG56: 22 | AH56: 28 | AJ56: M1 | AK56: 4 | AL56: 11 | AM56: 0 | AN56: 22 | AO56: 28
J57: 53 | K57: M4 | L57: G4 | M57: G5 | N57: G2 | O57: M3 | Q57: 5 | R57: 14 | S57: 15 | T57: 12 | U57: 4 | W57: {=_xlfn.LET(_xlpm.x, K57:K59, IF(SUM((_xlpm.x="K")*1, (_xlpm.x="A")*1, (_xlpm.x="GK")*1, (_xlpm.x="GA")*1)>0, 3, 1))} -> 3 | X57: {=_xlfn.LET(_xlpm.x, L57:L59, IF(SUM((_xlpm.x="K")*1, (_xlpm.x="A")*1, (_xlpm.x="GK")*1, (_xlpm.x="GA")*1)>0, 3, 1))} -> 3 | Y57: {=_xlfn.LET(_xlpm.x, M57:M59, IF(SUM((_xlpm.x="K")*1, (_xlpm.x="A")*1, (_xlpm.x="GK")*1, (_xlpm.x="GA")*1)>0, 3, 1))} -> 3 | Z57: 1 | AA57: 1 | AC57: M2 | AD57: 4 | AE57: 11 | AF57: 0 | AG57: 22 | AH57: 27 | AJ57: M2 | AK57: 4 | AL57: 11 | AM57: 0 | AN57: 22 | AO57: 27
J58: 54 | K58: K | L58: GA | M58: GA | N58: A | O58: M4 | Q58: 8 | R58: 16 | S58: 16 | T58: 7 | U58: 5 | W58: {=_xlfn.LET(_xlpm.x, K58:K60, IF(SUM((_xlpm.x="K")*1, (_xlpm.x="A")*1, (_xlpm.x="GK")*1, (_xlpm.x="GA")*1)>0, 3, 1))} -> 3 | X58: {=_xlfn.LET(_xlpm.x, L58:L60, IF(SUM((_xlpm.x="K")*1, (_xlpm.x="A")*1, (_xlpm.x="GK")*1, (_xlpm.x="GA")*1)>0, 3, 1))} -> 3 | Y58: {=_xlfn.LET(_xlpm.x, M58:M60, IF(SUM((_xlpm.x="K")*1, (_xlpm.x="A")*1, (_xlpm.x="GK")*1, (_xlpm.x="GA")*1)>0, 3, 1))} -> 3 | Z58: 1 | AA58: 1 | AC58: M3 | AD58: 4 | AE58: 11 | AF58: 0 | AG58: 22 | AH58: 27 | AJ58: M3 | AK58: 4 | AL58: 11 | AM58: 0 | AN58: 22 | AO58: 27
J59: 55 | K59: A | L59: A | M59: G5 | N59: G3 | O59: M2 | Q59: 7 | R59: 7 | S59: 15 | T59: 13 | U59: 3 | W59: {=_xlfn.LET(_xlpm.x, K59:K61, IF(SUM((_xlpm.x="K")*1, (_xlpm.x="A")*1, (_xlpm.x="GK")*1, (_xlpm.x="GA")*1)>0, 3, 1))} -> 3 | X59: {=_xlfn.LET(_xlpm.x, L59:L61, IF(SUM((_xlpm.x="K")*1, (_xlpm.x="A")*1, (_xlpm.x="GK")*1, (_xlpm.x="GA")*1)>0, 3, 1))} -> 3 | Y59: {=_xlfn.LET(_xlpm.x, M59:M61, IF(SUM((_xlpm.x="K")*1, (_xlpm.x="A")*1, (_xlpm.x="GK")*1, (_xlpm.x="GA")*1)>0, 3, 1))} -> 3 | Z59: 1 | AA59: 1 | AC59: M4 | AD59: 43 | AE59: 19 | AF59: 0 | AG59: 12 | AH59: 16 | AJ59: M4 | AK59: 43 | AL59: 19 | AM59: 0 | AN59: 12 | AO59: 16
J60: 56 | K60: M4 | L60: M4 | M60: G1 | N60: M2 | O60: M5 | Q60: 5 | R60: 5 | S60: 11 | T60: 3 | U60: 6 | W60: {=_xlfn.LET(_xlpm.x, K60:K62, IF(SUM((_xlpm.x="K")*1, (_xlpm.x="A")*1, (_xlpm.x="GK")*1, (_xlpm.x="GA")*1)>0, 3, 1))} -> 1 | X60: {=_xlfn.LET(_xlpm.x, L60:L62, IF(SUM((_xlpm.x="K")*1, (_xlpm.x="A")*1, (_xlpm.x="GK")*1, (_xlpm.x="GA")*1)>0, 3, 1))} -> 1 | Y60: {=_xlfn.LET(_xlpm.x, M60:M62, IF(SUM((_xlpm.x="K")*1, (_xlpm.x="A")*1, (_xlpm.x="GK")*1, (_xlpm.x="GA")*1)>0, 3, 1))} -> 3 | Z60: 1 | AA60: 1 | AC60: M5 | AD60: 43 | AE60: 20 | AF60: 0 | AG60: 12 | AH60: 16 | AJ60: M5 | AK60: 43 | AL60: 20 | AM60: 0 | AN60: 12 | AO60: 16
J61: 57 | K61: M4 | L61: G5 | M61: GK | N61: M2 | O61: M5 | Q61: 5 | R61: 15 | S61: 17 | T61: 3 | U61: 6 | W61: {=_xlfn.LET(_xlpm.x, K61:K63, IF(SUM((_xlpm.x="K")*1, (_xlpm.x="A")*1, (_xlpm.x="GK")*1, (_xlpm.x="GA")*1)>0, 3, 1))} -> 3 | X61: {=_xlfn.LET(_xlpm.x, L61:L63, IF(SUM((_xlpm.x="K")*1, (_xlpm.x="A")*1, (_xlpm.x="GK")*1, (_xlpm.x="GA")*1)>0, 3, 1))} -> 1 | Y61: {=_xlfn.LET(_xlpm.x, M61:M63, IF(SUM((_xlpm.x="K")*1, (_xlpm.x="A")*1, (_xlpm.x="GK")*1, (_xlpm.x="GA")*1)>0, 3, 1))} -> 3 | Z61: 1 | AA61: 1 | AC61: A | AD61: 47 | AE61: 20 | AF61: 0 | AG61: 12 | AH61: 16 | AJ61: A | AK61: 47 | AL61: 20 | AM61: 0 | AN61: 12 | AO61: 16
J62: 58 | K62: M4 | L62: M5 | M62: G2 | N62: M2 | O62: M1 | Q62: 5 | R62: 6 | S62: 12 | T62: 3 | U62: 2 | W62: {=_xlfn.LET(_xlpm.x, K62:K64, IF(SUM((_xlpm.x="K")*1, (_xlpm.x="A")*1, (_xlpm.x="GK")*1, (_xlpm.x="GA")*1)>0, 3, 1))} -> 3 | X62: {=_xlfn.LET(_xlpm.x, L62:L64, IF(SUM((_xlpm.x="K")*1, (_xlpm.x="A")*1, (_xlpm.x="GK")*1, (_xlpm.x="GA")*1)>0, 3, 1))} -> 1 | Y62: {=_xlfn.LET(_xlpm.x, M62:M64, IF(SUM((_xlpm.x="K")*1, (_xlpm.x="A")*1, (_xlpm.x="GK")*1, (_xlpm.x="GA")*1)>0, 3, 1))} -> 1 | Z62: 1 | AA62: 1 | AC62: K | AD62: 47 | AE62: 20 | AF62: 0 | AG62: 12 | AH62: 16 | AJ62: K | AK62: 47 | AL62: 20 | AM62: 0 | AN62: 12 | AO62: 16
J63: 59 | K63: A | L63: M4 | M63: G1 | N63: G4 | O63: A | Q63: 7 | R63: 5 | S63: 11 | T63: 14 | U63: 7 | W63: {=_xlfn.LET(_xlpm.x, K63:K65, IF(SUM((_xlpm.x="K")*1, (_xlpm.x="A")*1, (_xlpm.x="GK")*1, (_xlpm.x="GA")*1)>0, 3, 1))} -> 3 | X63: {=_xlfn.LET(_xlpm.x, L63:L65, IF(SUM((_xlpm.x="K")*1, (_xlpm.x="A")*1, (_xlpm.x="GK")*1, (_xlpm.x="GA")*1)>0, 3, 1))} -> 3 | Y63: {=_xlfn.LET(_xlpm.x, M63:M65, IF(SUM((_xlpm.x="K")*1, (_xlpm.x="A")*1, (_xlpm.x="GK")*1, (_xlpm.x="GA")*1)>0, 3, 1))} -> 3 | Z63: 1 | AA63: 1 | AC63: Q | AD63: 4 | AE63: 11 | AF63: 0 | AG63: 21 | AH63: 27 | AJ63: Q | AK63: 4 | AL63: 11 | AM63: 0 | AN63: 21 | AO63: 27
J64: 60 | K64: M4 | L64: G4 | M64: G3 | N64: M1 | O64: Q | Q64: 5 | R64: 14 | S64: 13 | T64: 2 | U64: 9 | W64: {=_xlfn.LET(_xlpm.x, K64:K66, IF(SUM((_xlpm.x="K")*1, (_xlpm.x="A")*1, (_xlpm.x="GK")*1, (_xlpm.x="GA")*1)>0, 3, 1))} -> 3 | X64: {=_xlfn.LET(_xlpm.x, L64:L66, IF(SUM((_xlpm.x="K")*1, (_xlpm.x="A")*1, (_xlpm.x="GK")*1, (_xlpm.x="GA")*1)>0, 3, 1))} -> 3 | Y64: {=_xlfn.LET(_xlpm.x, M64:M66, IF(SUM((_xlpm.x="K")*1, (_xlpm.x="A")*1, (_xlpm.x="GK")*1, (_xlpm.x="GA")*1)>0, 3, 1))} -> 3 | Z64: 1 | AA64: 1 | AC64: J | AD64: 4 | AE64: 11 | AF64: 0 | AG64: 21 | AH64: 27 | AJ64: J | AK64: 4 | AL64: 11 | AM64: 0 | AN64: 21 | AO64: 27
J65: 61 | K65: A | L65: A | M65: GK | N65: M5 | O65: M1 | Q65: 7 | R65: 7 | S65: 17 | T65: 6 | U65: 2 | W65: {=_xlfn.LET(_xlpm.x, K65:K67, IF(SUM((_xlpm.x="K")*1, (_xlpm.x="A")*1, (_xlpm.x="GK")*1, (_xlpm.x="GA")*1)>0, 3, 1))} -> 3 | X65: {=_xlfn.LET(_xlpm.x, L65:L67, IF(SUM((_xlpm.x="K")*1, (_xlpm.x="A")*1, (_xlpm.x="GK")*1, (_xlpm.x="GA")*1)>0, 3, 1))} -> 3 | Y65: {=_xlfn.LET(_xlpm.x, M65:M67, IF(SUM((_xlpm.x="K")*1, (_xlpm.x="A")*1, (_xlpm.x="GK")*1, (_xlpm.x="GA")*1)>0, 3, 1))} -> 3 | Z65: 1 | AA65: 1 | AC65: G1 | AD65: 0 | AE65: 7 | AF65: 7 | AG65: 9 | AH65: 0 | AJ65: G1 | AK65: 0 | AL65: 7 | AM65: 7 | AN65: 9 | AO65: 0
... J73: 69 | K73: M1 | L73: M4 | M73: GA | N73: M1 | O73: A | Q73: 2 | R73: 5 | S73: 16 | T73: 2 | U73: 7 | W73: {=_xlfn.LET(_xlpm.x, K73:K75, IF(SUM((_xlpm.x="K")*1, (_xlpm.x="A")*1, (_xlpm.x="GK")*1, (_xlpm.x="GA")*1)>0, 3, 1))} -> 1 | X73: {=_xlfn.LET(_xlpm.x, L73:L75, IF(SUM((_xlpm.x="K")*1, (_xlpm.x="A")*1, (_xlpm.x="GK")*1, (_xlpm.x="GA")*1)>0, 3, 1))} -> 3 | Y73: {=_xlfn.LET(_xlpm.x, M73:M75, IF(SUM((_xlpm.x="K")*1, (_xlpm.x="A")*1, (_xlpm.x="GK")*1, (_xlpm.x="GA")*1)>0, 3, 1))} -> 3 | Z73: 1 | AA73: 1 | AC73: GJ | AD73: 0 | AE73: 9 | AF73: 6 | AG73: 7 | AH73: 0 | AJ73: GJ | AK73: 0 | AL73: 9 | AM73: 6 | AN73: 7 | AO73: 0
J74: 70 | K74: M4 | L74: M4 | M74: G4 | N74: A | O74: A | Q74: 5 | R74: 5 | S74: 14 | T74: 7 | U74: 7 | W74: {=_xlfn.LET(_xlpm.x, K74:K76, IF(SUM((_xlpm.x="K")*1, (_xlpm.x="A")*1, (_xlpm.x="GK")*1, (_xlpm.x="GA")*1)>0, 3, 1))} -> 3 | X74: {=_xlfn.LET(_xlpm.x, L74:L76, IF(SUM((_xlpm.x="K")*1, (_xlpm.x="A")*1, (_xlpm.x="GK")*1, (_xlpm.x="GA")*1)>0, 3, 1))} -> 3 | Y74: {=_xlfn.LET(_xlpm.x, M74:M76, IF(SUM((_xlpm.x="K")*1, (_xlpm.x="A")*1, (_xlpm.x="GK")*1, (_xlpm.x="GA")*1)>0, 3, 1))} -> 3 | Z74: 1 | AA74: 1 | AD74: 200 | AE74: 243 | AF74: 298 | AG74: 230 | AH74: 200 | AK74: 200 | AL74: 243 | AM74: 298 | AN74: 230 | AO74: 200
J75: 71 | K75: M5 | L75: GK | M75: GA | N75: M3 | O75: M2 | Q75: 6 | R75: 17 | S75: 16 | T75: 4 | U75: 3 | W75: {=_xlfn.LET(_xlpm.x, K75:K77, IF(SUM((_xlpm.x="K")*1, (_xlpm.x="A")*1, (_xlpm.x="GK")*1, (_xlpm.x="GA")*1)>0, 3, 1))} -> 3 | X75: {=_xlfn.LET(_xlpm.x, L75:L77, IF(SUM((_xlpm.x="K")*1, (_xlpm.x="A")*1, (_xlpm.x="GK")*1, (_xlpm.x="GA")*1)>0, 3, 1))} -> 3 | Y75: {=_xlfn.LET(_xlpm.x, M75:M77, IF(SUM((_xlpm.x="K")*1, (_xlpm.x="A")*1, (_xlpm.x="GK")*1, (_xlpm.x="GA")*1)>0, 3, 1))} -> 3 | Z75: 1 | AA75: 1
J76: 72 | K76: K | L76: A | M76: G2 | N76: M1 | O76: M3 | Q76: 8 | R76: 7 | S76: 12 | T76: 2 | U76: 4 | W76: {=_xlfn.LET(_xlpm.x, K76:K78, IF(SUM((_xlpm.x="K")*1, (_xlpm.x="A")*1, (_xlpm.x="GK")*1, (_xlpm.x="GA")*1)>0, 3, 1))} -> 3 | X76: {=_xlfn.LET(_xlpm.x, L76:L78, IF(SUM((_xlpm.x="K")*1, (_xlpm.x="A")*1, (_xlpm.x="GK")*1, (_xlpm.x="GA")*1)>0, 3, 1))} -> 3 | Y76: {=_xlfn.LET(_xlpm.x, M76:M78, IF(SUM((_xlpm.x="K")*1, (_xlpm.x="A")*1, (_xlpm.x="GK")*1, (_xlpm.x="GA")*1)>0, 3, 1))} -> 3 | Z76: 1 | AA76: 1
J77: 73 | K77: K | L77: G3 | M77: GK | N77: M1 | O77: M5 | Q77: 8 | R77: 13 | S77: 17 | T77: 2 | U77: 6 | W77: {=_xlfn.LET(_xlpm.x, K77:K79, IF(SUM((_xlpm.x="K")*1, (_xlpm.x="A")*1, (_xlpm.x="GK")*1, (_xlpm.x="GA")*1)>0, 3, 1))} -> 3 | X77: {=_xlfn.LET(_xlpm.x, L77:L79, IF(SUM((_xlpm.x="K")*1, (_xlpm.x="A")*1, (_xlpm.x="GK")*1, (_xlpm.x="GA")*1)>0, 3, 1))} -> 1 | Y77: {=_xlfn.LET(_xlpm.x, M77:M79, IF(SUM((_xlpm.x="K")*1, (_xlpm.x="A")*1, (_xlpm.x="GK")*1, (_xlpm.x="GA")*1)>0, 3, 1))} -> 3 | Z77: 1 | AA77: 1
J78: 74 | K78: M5 | L78: M4 | M78: G4 | N78: C1 | O78: M3 | Q78: 6 | R78: 5 | S78: 14 | T78: 1 | U78: 4 | W78: {=_xlfn.LET(_xlpm.x, K78:K80, IF(SUM((_xlpm.x="K")*1, (_xlpm.x="A")*1, (_xlpm.x="GK")*1, (_xlpm.x="GA")*1)>0, 3, 1))} -> 3 | X78: {=_xlfn.LET(_xlpm.x, L78:L80, IF(SUM((_xlpm.x="K")*1, (_xlpm.x="A")*1, (_xlpm.x="GK")*1, (_xlpm.x="GA")*1)>0, 3, 1))} -> 1 | Y78: {=_xlfn.LET(_xlpm.x, M78:M80, IF(SUM((_xlpm.x="K")*1, (_xlpm.x="A")*1, (_xlpm.x="GK")*1, (_xlpm.x="GA")*1)>0, 3, 1))} -> 3 | Z78: 1 | AA78: 1
J79: 75 | K79: M5 | L79: M4 | M79: G5 | N79: GJ | O79: J | Q79: 6 | R79: 5 | S79: 15 | T79: 19 | U79: 10 | W79: {=_xlfn.LET(_xlpm.x, K79:K81, IF(SUM((_xlpm.x="K")*1, (_xlpm.x="A")*1, (_xlpm.x="GK")*1, (_xlpm.x="GA")*1)>0, 3, 1))} -> 3 | X79: {=_xlfn.LET(_xlpm.x, L79:L81, IF(SUM((_xlpm.x="K")*1, (_xlpm.x="A")*1, (_xlpm.x="GK")*1, (_xlpm.x="GA")*1)>0, 3, 1))} -> 1 | Y79: {=_xlfn.LET(_xlpm.x, M79:M81, IF(SUM((_xlpm.x="K")*1, (_xlpm.x="A")*1, (_xlpm.x="GK")*1, (_xlpm.x="GA")*1)>0, 3, 1))} -> 3 | Z79: 1 | AA79: 1
J80: 76 | K80: A | L80: G4 | M80: GA | N80: Q | O80: Q | Q80: 7 | R80: 14 | S80: 16 | T80: 9 | U80: 9 | W80: {=_xlfn.LET(_xlpm.x, K80:K82, IF(SUM((_xlpm.x="K")*1, (_xlpm.x="A")*1, (_xlpm.x="GK")*1, (_xlpm.x="GA")*1)>0, 3, 1))} -> 3 | X80: {=_xlfn.LET(_xlpm.x, L80:L82, IF(SUM((_xlpm.x="K")*1, (_xlpm.x="A")*1, (_xlpm.x="GK")*1, (_xlpm.x="GA")*1)>0, 3, 1))} -> 1 | Y80: {=_xlfn.LET(_xlpm.x, M80:M82, IF(SUM((_xlpm.x="K")*1, (_xlpm.x="A")*1, (_xlpm.x="GK")*1, (_xlpm.x="GA")*1)>0, 3, 1))} -> 3 | Z80: 1 | AA80: 1
J81: 77 | K81: K | L81: M5 | M81: G4 | N81: M2 | O81: Q | Q81: 8 | R81: 6 | S81: 14 | T81: 3 | U81: 9 | W81: {=_xlfn.LET(_xlpm.x, K81:K83, IF(SUM((_xlpm.x="K")*1, (_xlpm.x="A")*1, (_xlpm.x="GK")*1, (_xlpm.x="GA")*1)>0, 3, 1))} -> 3 | X81: {=_xlfn.LET(_xlpm.x, L81:L83, IF(SUM((_xlpm.x="K")*1, (_xlpm.x="A")*1, (_xlpm.x="GK")*1, (_xlpm.x="GA")*1)>0, 3, 1))} -> 1 | Y81: {=_xlfn.LET(_xlpm.x, M81:M83, IF(SUM((_xlpm.x="K")*1, (_xlpm.x="A")*1, (_xlpm.x="GK")*1, (_xlpm.x="GA")*1)>0, 3, 1))} -> 3 | Z81: 1 | AA81: 1
J82: 78 | K82: A | L82: M5 | M82: GK | N82: M4 | O82: M2 | Q82: 7 | R82: 6 | S82: 17 | T82: 5 | U82: 3 | W82: {=_xlfn.LET(_xlpm.x, K82:K84, IF(SUM((_xlpm.x="K")*1, (_xlpm.x="A")*1, (_xlpm.x="GK")*1, (_xlpm.x="GA")*1)>0, 3, 1))} -> 3 | X82: {=_xlfn.LET(_xlpm.x, L82:L84, IF(SUM((_xlpm.x="K")*1, (_xlpm.x="A")*1, (_xlpm.x="GK")*1, (_xlpm.x="GA")*1)>0, 3, 1))} -> 1 | Y82: {=_xlfn.LET(_xlpm.x, M82:M84, IF(SUM((_xlpm.x="K")*1, (_xlpm.x="A")*1, (_xlpm.x="GK")*1, (_xlpm.x="GA")*1)>0, 3, 1))} -> 3 | Z82: 1 | AA82: 1
J83: 79 | K83: J | L83: G4 | M83: GA | N83: Q | O83: Q | Q83: 10 | R83: 14 | S83: 16 | T83: 9 | U83: 9 | W83: {=_xlfn.LET(_xlpm.x, K83:K85, IF(SUM((_xlpm.x="K")*1, (_xlpm.x="A")*1, (_xlpm.x="GK")*1, (_xlpm.x="GA")*1)>0, 3, 1))} -> 3 | X83: {=_xlfn.LET(_xlpm.x, L83:L85, IF(SUM((_xlpm.x="K")*1, (_xlpm.x="A")*1, (_xlpm.x="GK")*1, (_xlpm.x="GA")*1)>0, 3, 1))} -> 1 | Y83: {=_xlfn.LET(_xlpm.x, M83:M85, IF(SUM((_xlpm.x="K")*1, (_xlpm.x="A")*1, (_xlpm.x="GK")*1, (_xlpm.x="GA")*1)>0, 3, 1))} -> 3 | Z83: 1 | AA83: 1
J84: 80 | K84: K | L84: M5 | M84: G5 | N84: Q | O84: M3 | Q84: 8 | R84: 6 | S84: 15 | T84: 9 | U84: 4 | W84: {=_xlfn.LET(_xlpm.x, K84:K86, IF(SUM((_xlpm.x="K")*1, (_xlpm.x="A")*1, (_xlpm.x="GK")*1, (_xlpm.x="GA")*1)>0, 3, 1))} -> 3 | X84: {=_xlfn.LET(_xlpm.x, L84:L86, IF(SUM((_xlpm.x="K")*1, (_xlpm.x="A")*1, (_xlpm.x="GK")*1, (_xlpm.x="GA")*1)>0, 3, 1))} -> 1 | Y84: {=_xlfn.LET(_xlpm.x, M84:M86, IF(SUM((_xlpm.x="K")*1, (_xlpm.x="A")*1, (_xlpm.x="GK")*1, (_xlpm.x="GA")*1)>0, 3, 1))} -> 3 | Z84: 1 | AA84: 1
J85: 81 | K85: M5 | L85: M1 | M85: GA | N85: Q | O85: J | Q85: 6 | R85: 2 | S85: 16 | T85: 9 | U85: 10 | W85: {=_xlfn.LET(_xlpm.x, K85:K87, IF(SUM((_xlpm.x="K")*1, (_xlpm.x="A")*1, (_xlpm.x="GK")*1, (_xlpm.x="GA")*1)>0, 3, 1))} -> 1 | X85: {=_xlfn.LET(_xlpm.x, L85:L87, IF(SUM((_xlpm.x="K")*1, (_xlpm.x="A")*1, (_xlpm.x="GK")*1, (_xlpm.x="GA")*1)>0, 3, 1))} -> 3 | Y85: {=_xlfn.LET(_xlpm.x, M85:M87, IF(SUM((_xlpm.x="K")*1, (_xlpm.x="A")*1, (_xlpm.x="GK")*1, (_xlpm.x="GA")*1)>0, 3, 1))} -> 3 | Z85: 1 | AA85: 1
J86: 82 | K86: M5 | L86: G5 | M86: GQ | N86: M1 | O86: M5 | Q86: 6 | R86: 15 | S86: 18 | T86: 2 | U86: 6 | W86: {=_xlfn.LET(_xlpm.x, K86:K88, IF(SUM((_xlpm.x="K")*1, (_xlpm.x="A")*1, (_xlpm.x="GK")*1, (_xlpm.x="GA")*1)>0, 3, 1))} -> 3 | X86: {=_xlfn.LET(_xlpm.x, L86:L88, IF(SUM((_xlpm.x="K")*1, (_xlpm.x="A")*1, (_xlpm.x="GK")*1, (_xlpm.x="GA")*1)>0, 3, 1))} -> 3 | Y86: {=_xlfn.LET(_xlpm.x, M86:M88, IF(SUM((_xlpm.x="K")*1, (_xlpm.x="A")*1, (_xlpm.x="GK")*1, (_xlpm.x="GA")*1)>0, 3, 1))} -> 3 | Z86: 1 | AA86: 1
... J203: 199 | K203: A | L203: M5 | M203: GA | N203: K | O203: J | Q203: 7 | R203: 6 | S203: 16 | T203: 8 | U203: 10 | W203: {=_xlfn.LET(_xlpm.x, K203:K205, IF(SUM((_xlpm.x="K")*1, (_xlpm.x="A")*1, (_xlpm.x="GK")*1, (_xlpm.x="GA")*1)>0, 3, 1))} -> 3 | X203: {=_xlfn.LET(_xlpm.x, L203:L205, IF(SUM((_xlpm.x="K")*1, (_xlpm.x="A")*1, (_xlpm.x="GK")*1, (_xlpm.x="GA")*1)>0, 3, 1))} -> 1 | Y203: {=_xlfn.LET(_xlpm.x, M203:M205, IF(SUM((_xlpm.x="K")*1, (_xlpm.x="A")*1, (_xlpm.x="GK")*1, (_xlpm.x="GA")*1)>0, 3, 1))} -> 3 | Z203: 1 | AA203: 1

Sheet BG_Symbol (3)
J2: Symbol | Q2: Symbol ID | W2: Symbol Weight | AC2: Eliminate Wheel Weight A | AJ2: Eliminate Wheel Weight B
A3: Symbol | B3: Description | C3: R1 | D3: R2 | E3: R3 | F3: R4 | G3: R5 | H3: ID | K3: R1 | L3: R2 | M3: R3 | N3: R4 | O3: R5 | Q3: R1 | R3: R2 | S3: R3 | T3: R4 | U3: R5 | W3: R1 | X3: R2 | Y3: R3 | Z3: R4 | AA3: R5
A4: WW | B4: Wild | C4: 0 | D4: 0 | E4: 0 | F4: 0 | G4: 0 | H4: 0 | J4: 0 | K4: M2 | L4: M3 | M4: M3 | N4: M5 | O4: K | Q4: 3 | R4: 4 | S4: 4 | T4: 6 | U4: 8 | W4: {=_xlfn.LET(_xlpm.x, K4:K6, IF(SUM((_xlpm.x="C1")*1)=1, 3, 1))} -> 1 | X4: {=_xlfn.LET(_xlpm.x, L4:L6, IF(SUM((_xlpm.x="C1")*1)=1, 3, 1))} -> 1 | Y4: {=_xlfn.LET(_xlpm.x, M4:M6, IF(SUM((_xlpm.x="C1")*1)=1, 3, 1))} -> 3 | Z4: {=_xlfn.LET(_xlpm.x, N4:N6, IF(SUM((_xlpm.x="C1")*1)=1, 3, 1))} -> 1 | AA4: {=_xlfn.LET(_xlpm.x, O4:O6, IF(SUM((_xlpm.x="C1")*1)=1, 3, 1))} -> 3 | AC4: 1 Combo | AJ4: 1 Combo
A5: C1 | B5: Scatter | C5: 6 | D5: 6 | E5: 6 | F5: 9 | G5: 9 | H5: 1 | J5: 1 | K5: K | L5: GJ | M5: M2 | N5: A | O5: J | Q5: 8 | R5: 19 | S5: 3 | T5: 7 | U5: 10 | W5: {=_xlfn.LET(_xlpm.x, K5:K7, IF(SUM((_xlpm.x="C1")*1)=1, 3, 1))} -> 1 | X5: {=_xlfn.LET(_xlpm.x, L5:L7, IF(SUM((_xlpm.x="C1")*1)=1, 3, 1))} -> 1 | Y5: {=_xlfn.LET(_xlpm.x, M5:M7, IF(SUM((_xlpm.x="C1")*1)=1, 3, 1))} -> 3 | Z5: {=_xlfn.LET(_xlpm.x, N5:N7, IF(SUM((_xlpm.x="C1")*1)=1, 3, 1))} -> 1 | AA5: {=_xlfn.LET(_xlpm.x, O5:O7, IF(SUM((_xlpm.x="C1")*1)=1, 3, 1))} -> 3 | AC5: Symbol | AD5: R1 | AE5: R2 | AF5: R3 | AG5: R4 | AH5: R5 | AJ5: Symbol | AK5: R1 | AL5: R2 | AM5: R3 | AN5: R4 | AO5: R5
A6: M1 | B6: M1 | C6: 4 | D6: 14 | E6: 4 | F6: 21 | G6: 22 | H6: 2 | J6: 2 | K6: K | L6: G2 | M6: C1 | N6: J | O6: C1 | Q6: 8 | R6: 12 | S6: 1 | T6: 10 | U6: 1 | W6: {=_xlfn.LET(_xlpm.x, K6:K8, IF(SUM((_xlpm.x="C1")*1)=1, 3, 1))} -> 1 | X6: {=_xlfn.LET(_xlpm.x, L6:L8, IF(SUM((_xlpm.x="C1")*1)=1, 3, 1))} -> 1 | Y6: {=_xlfn.LET(_xlpm.x, M6:M8, IF(SUM((_xlpm.x="C1")*1)=1, 3, 1))} -> 3 | Z6: {=_xlfn.LET(_xlpm.x, N6:N8, IF(SUM((_xlpm.x="C1")*1)=1, 3, 1))} -> 1 | AA6: {=_xlfn.LET(_xlpm.x, O6:O8, IF(SUM((_xlpm.x="C1")*1)=1, 3, 1))} -> 3 | AC6: WW | AD6: 0 | AE6: 0 | AF6: 0 | AG6: 0 | AH6: 0 | AJ6: WW | AK6: 0 | AL6: 0 | AM6: 0 | AN6: 0 | AO6: 0
A7: M2 | B7: M2 | C7: 4 | D7: 13 | E7: 4 | F7: 20 | G7: 22 | H7: 3 | J7: 3 | K7: M5 | L7: M5 | M7: K | N7: M2 | O7: M2 | Q7: 6 | R7: 6 | S7: 8 | T7: 3 | U7: 3 | W7: {=_xlfn.LET(_xlpm.x, K7:K9, IF(SUM((_xlpm.x="C1")*1)=1, 3, 1))} -> 1 | X7: {=_xlfn.LET(_xlpm.x, L7:L9, IF(SUM((_xlpm.x="C1")*1)=1, 3, 1))} -> 1 | Y7: {=_xlfn.LET(_xlpm.x, M7:M9, IF(SUM((_xlpm.x="C1")*1)=1, 3, 1))} -> 1 | Z7: {=_xlfn.LET(_xlpm.x, N7:N9, IF(SUM((_xlpm.x="C1")*1)=1, 3, 1))} -> 1 | AA7: {=_xlfn.LET(_xlpm.x, O7:O9, IF(SUM((_xlpm.x="C1")*1)=1, 3, 1))} -> 1 | AC7: C1 | AD7: 0 | AE7: 6 | AF7: 0 | AG7: 9 | AH7: 0 | AJ7: C1 | AK7: 0 | AL7: 6 | AM7: 0 | AN7: 9 | AO7: 0
A8: M3 | B8: M3 | C8: 4 | D8: 13 | E8: 4 | F8: 20 | G8: 21 | H8: 4 | J8: 4 | K8: K | L8: M5 | M8: M4 | N8: G3 | O8: M2 | Q8: 8 | R8: 6 | S8: 5 | T8: 13 | U8: 3 | W8: {=_xlfn.LET(_xlpm.x, K8:K10, IF(SUM((_xlpm.x="C1")*1)=1, 3, 1))} -> 1 | X8: {=_xlfn.LET(_xlpm.x, L8:L10, IF(SUM((_xlpm.x="C1")*1)=1, 3, 1))} -> 1 | Y8: {=_xlfn.LET(_xlpm.x, M8:M10, IF(SUM((_xlpm.x="C1")*1)=1, 3, 1))} -> 1 | Z8: {=_xlfn.LET(_xlpm.x, N8:N10, IF(SUM((_xlpm.x="C1")*1)=1, 3, 1))} -> 1 | AA8: {=_xlfn.LET(_xlpm.x, O8:O10, IF(SUM((_xlpm.x="C1")*1)=1, 3, 1))} -> 1 | AC8: M1 | AD8: 4 | AE8: 14 | AF8: 4 | AG8: 21 | AH8: 22 | AJ8: M1 | AK8: 4 | AL8: 14 | AM8: 4 | AN8: 21 | AO8: 22
A9: M4 | B9: M4 | C9: 40 | D9: 9 | E9: 41 | F9: 14 | G9: 21 | H9: 5 | J9: 5 | K9: A | L9: GK | M9: A | N9: J | O9: J | Q9: 7 | R9: 17 | S9: 7 | T9: 10 | U9: 10 | W9: {=_xlfn.LET(_xlpm.x, K9:K11, IF(SUM((_xlpm.x="C1")*1)=1, 3, 1))} -> 1 | X9: {=_xlfn.LET(_xlpm.x, L9:L11, IF(SUM((_xlpm.x="C1")*1)=1, 3, 1))} -> 1 | Y9: {=_xlfn.LET(_xlpm.x, M9:M11, IF(SUM((_xlpm.x="C1")*1)=1, 3, 1))} -> 1 | Z9: {=_xlfn.LET(_xlpm.x, N9:N11, IF(SUM((_xlpm.x="C1")*1)=1, 3, 1))} -> 1 | AA9: {=_xlfn.LET(_xlpm.x, O9:O11, IF(SUM((_xlpm.x="C1")*1)=1, 3, 1))} -> 1 | AC9: M2 | AD9: 4 | AE9: 13 | AF9: 4 | AG9: 20 | AH9: 22 | AJ9: M2 | AK9: 4 | AL9: 13 | AM9: 4 | AN9: 20 | AO9: 22
A10: M5 | B10: M5 | C10: 40 | D10: 13 | E10: 41 | F10: 14 | G10: 21 | H10: 6 | J10: 6 | K10: M5 | L10: M5 | M10: M4 | N10: J | O10: M4 | Q10: 6 | R10: 6 | S10: 5 | T10: 10 | U10: 5 | W10: {=_xlfn.LET(_xlpm.x, K10:K12, IF(SUM((_xlpm.x="C1")*1)=1, 3, 1))} -> 1 | X10: {=_xlfn.LET(_xlpm.x, L10:L12, IF(SUM((_xlpm.x="C1")*1)=1, 3, 1))} -> 1 | Y10: {=_xlfn.LET(_xlpm.x, M10:M12, IF(SUM((_xlpm.x="C1")*1)=1, 3, 1))} -> 1 | Z10: {=_xlfn.LET(_xlpm.x, N10:N12, IF(SUM((_xlpm.x="C1")*1)=1, 3, 1))} -> 1 | AA10: {=_xlfn.LET(_xlpm.x, O10:O12, IF(SUM((_xlpm.x="C1")*1)=1, 3, 1))} -> 1 | AC10: M3 | AD10: 4 | AE10: 13 | AF10: 4 | AG10: 20 | AH10: 21 | AJ10: M3 | AK10: 4 | AL10: 13 | AM10: 4 | AN10: 20 | AO10: 21
A11: A | B11: A | C11: 47 | D11: 10 | E11: 41 | F11: 14 | G11: 21 | H11: 7 | J11: 7 | K11: M5 | L11: M5 | M11: A | N11: A | O11: M5 | Q11: 6 | R11: 6 | S11: 7 | T11: 7 | U11: 6 | W11: {=_xlfn.LET(_xlpm.x, K11:K13, IF(SUM((_xlpm.x="C1")*1)=1, 3, 1))} -> 1 | X11: {=_xlfn.LET(_xlpm.x, L11:L13, IF(SUM((_xlpm.x="C1")*1)=1, 3, 1))} -> 3 | Y11: {=_xlfn.LET(_xlpm.x, M11:M13, IF(SUM((_xlpm.x="C1")*1)=1, 3, 1))} -> 1 | Z11: {=_xlfn.LET(_xlpm.x, N11:N13, IF(SUM((_xlpm.x="C1")*1)=1, 3, 1))} -> 1 | AA11: {=_xlfn.LET(_xlpm.x, O11:O13, IF(SUM((_xlpm.x="C1")*1)=1, 3, 1))} -> 1 | AC11: M4 | AD11: 40 | AE11: 9 | AF11: 41 | AG11: 14 | AH11: 21 | AJ11: M4 | AK11: 40 | AL11: 9 | AM11: 41 | AN11: 14 | AO11: 21
A12: K | B12: K | C12: 47 | D12: 10 | E12: 41 | F12: 14 | G12: 21 | H12: 8 | J12: 8 | K12: A | L12: G2 | M12: G5 | N12: M3 | O12: Q | Q12: 7 | R12: 12 | S12: 15 | T12: 4 | U12: 9 | W12: {=_xlfn.LET(_xlpm.x, K12:K14, IF(SUM((_xlpm.x="C1")*1)=1, 3, 1))} -> 1 | X12: {=_xlfn.LET(_xlpm.x, L12:L14, IF(SUM((_xlpm.x="C1")*1)=1, 3, 1))} -> 3 | Y12: {=_xlfn.LET(_xlpm.x, M12:M14, IF(SUM((_xlpm.x="C1")*1)=1, 3, 1))} -> 1 | Z12: {=_xlfn.LET(_xlpm.x, N12:N14, IF(SUM((_xlpm.x="C1")*1)=1, 3, 1))} -> 1 | AA12: {=_xlfn.LET(_xlpm.x, O12:O14, IF(SUM((_xlpm.x="C1")*1)=1, 3, 1))} -> 1 | AC12: M5 | AD12: 40 | AE12: 13 | AF12: 41 | AG12: 14 | AH12: 21 | AJ12: M5 | AK12: 40 | AL12: 13 | AM12: 41 | AN12: 14 | AO12: 21
A13: Q | B13: Q | C13: 4 | D13: 15 | E13: 3 | F13: 21 | G13: 21 | H13: 9 | J13: 9 | K13: M5 | L13: C1 | M13: A | N13: M5 | O13: Q | Q13: 6 | R13: 1 | S13: 7 | T13: 6 | U13: 9 | W13: {=_xlfn.LET(_xlpm.x, K13:K15, IF(SUM((_xlpm.x="C1")*1)=1, 3, 1))} -> 1 | X13: {=_xlfn.LET(_xlpm.x, L13:L15, IF(SUM((_xlpm.x="C1")*1)=1, 3, 1))} -> 3 | Y13: {=_xlfn.LET(_xlpm.x, M13:M15, IF(SUM((_xlpm.x="C1")*1)=1, 3, 1))} -> 1 | Z13: {=_xlfn.LET(_xlpm.x, N13:N15, IF(SUM((_xlpm.x="C1")*1)=1, 3, 1))} -> 1 | AA13: {=_xlfn.LET(_xlpm.x, O13:O15, IF(SUM((_xlpm.x="C1")*1)=1, 3, 1))} -> 1 | AC13: A | AD13: 47 | AE13: 10 | AF13: 41 | AG13: 14 | AH13: 21 | AJ13: A | AK13: 47 | AL13: 10 | AM13: 41 | AN13: 14 | AO13: 21
A14: J | B14: J | C14: 4 | D14: 17 | E14: 3 | F14: 21 | G14: 21 | H14: 10 | J14: 10 | K14: K | L14: A | M14: K | N14: M2 | O14: M1 | Q14: 8 | R14: 7 | S14: 8 | T14: 3 | U14: 2 | W14: {=_xlfn.LET(_xlpm.x, K14:K16, IF(SUM((_xlpm.x="C1")*1)=1, 3, 1))} -> 1 | X14: {=_xlfn.LET(_xlpm.x, L14:L16, IF(SUM((_xlpm.x="C1")*1)=1, 3, 1))} -> 1 | Y14: {=_xlfn.LET(_xlpm.x, M14:M16, IF(SUM((_xlpm.x="C1")*1)=1, 3, 1))} -> 1 | Z14: {=_xlfn.LET(_xlpm.x, N14:N16, IF(SUM((_xlpm.x="C1")*1)=1, 3, 1))} -> 1 | AA14: {=_xlfn.LET(_xlpm.x, O14:O16, IF(SUM((_xlpm.x="C1")*1)=1, 3, 1))} -> 1 | AC14: K | AD14: 47 | AE14: 10 | AF14: 41 | AG14: 14 | AH14: 21 | AJ14: K | AK14: 47 | AL14: 10 | AM14: 41 | AN14: 14 | AO14: 21
A15: G1 | B15: Rainbow M1 | C15: 0 | D15: 10 | E15: 0 | F15: 4 | G15: 0 | H15: 11 | J15: 11 | K15: M5 | L15: GJ | M15: M5 | N15: M3 | O15: M3 | Q15: 6 | R15: 19 | S15: 6 | T15: 4 | U15: 4 | W15: {=_xlfn.LET(_xlpm.x, K15:K17, IF(SUM((_xlpm.x="C1")*1)=1, 3, 1))} -> 1 | X15: {=_xlfn.LET(_xlpm.x, L15:L17, IF(SUM((_xlpm.x="C1")*1)=1, 3, 1))} -> 1 | Y15: {=_xlfn.LET(_xlpm.x, M15:M17, IF(SUM((_xlpm.x="C1")*1)=1, 3, 1))} -> 1 | Z15: {=_xlfn.LET(_xlpm.x, N15:N17, IF(SUM((_xlpm.x="C1")*1)=1, 3, 1))} -> 1 | AA15: {=_xlfn.LET(_xlpm.x, O15:O17, IF(SUM((_xlpm.x="C1")*1)=1, 3, 1))} -> 1 | AC15: Q | AD15: 4 | AE15: 15 | AF15: 3 | AG15: 21 | AH15: 21 | AJ15: Q | AK15: 4 | AL15: 15 | AM15: 3 | AN15: 21 | AO15: 21
A16: G2 | B16: Rainbow M2 | C16: 0 | D16: 12 | E16: 0 | F16: 4 | G16: 0 | H16: 12 | J16: 12 | K16: M4 | L16: GQ | M16: M5 | N16: J | O16: M3 | Q16: 5 | R16: 18 | S16: 6 | T16: 10 | U16: 4 | W16: {=_xlfn.LET(_xlpm.x, K16:K18, IF(SUM((_xlpm.x="C1")*1)=1, 3, 1))} -> 1 | X16: {=_xlfn.LET(_xlpm.x, L16:L18, IF(SUM((_xlpm.x="C1")*1)=1, 3, 1))} -> 1 | Y16: {=_xlfn.LET(_xlpm.x, M16:M18, IF(SUM((_xlpm.x="C1")*1)=1, 3, 1))} -> 1 | Z16: {=_xlfn.LET(_xlpm.x, N16:N18, IF(SUM((_xlpm.x="C1")*1)=1, 3, 1))} -> 1 | AA16: {=_xlfn.LET(_xlpm.x, O16:O18, IF(SUM((_xlpm.x="C1")*1)=1, 3, 1))} -> 1 | AC16: J | AD16: 4 | AE16: 17 | AF16: 3 | AG16: 21 | AH16: 21 | AJ16: J | AK16: 4 | AL16: 17 | AM16: 3 | AN16: 21 | AO16: 21
A17: G3 | B17: Rainbow M3 | C17: 0 | D17: 12 | E17: 0 | F17: 4 | G17: 0 | H17: 13 | J17: 13 | K17: M4 | L17: M5 | M17: M1 | N17: J | O17: M2 | Q17: 5 | R17: 6 | S17: 2 | T17: 10 | U17: 3 | W17: {=_xlfn.LET(_xlpm.x, K17:K19, IF(SUM((_xlpm.x="C1")*1)=1, 3, 1))} -> 1 | X17: {=_xlfn.LET(_xlpm.x, L17:L19, IF(SUM((_xlpm.x="C1")*1)=1, 3, 1))} -> 1 | Y17: {=_xlfn.LET(_xlpm.x, M17:M19, IF(SUM((_xlpm.x="C1")*1)=1, 3, 1))} -> 1 | Z17: {=_xlfn.LET(_xlpm.x, N17:N19, IF(SUM((_xlpm.x="C1")*1)=1, 3, 1))} -> 1 | AA17: {=_xlfn.LET(_xlpm.x, O17:O19, IF(SUM((_xlpm.x="C1")*1)=1, 3, 1))} -> 1 | AC17: G1 | AD17: 0 | AE17: 15 | AF17: 0 | AG17: 6 | AH17: 0 | AJ17: G1 | AK17: 0 | AL17: 15 | AM17: 0 | AN17: 6 | AO17: 0
... A23: GJ | B23: Rainbow J | C23: 0 | D23: 8 | E23: 0 | F23: 4 | G23: 0 | H23: 19 | J23: 19 | K23: M5 | L23: M4 | M23: M5 | N23: GA | O23: M1 | Q23: 6 | R23: 5 | S23: 6 | T23: 16 | U23: 2 | W23: {=_xlfn.LET(_xlpm.x, K23:K25, IF(SUM((_xlpm.x="C1")*1)=1, 3, 1))} -> 1 | X23: {=_xlfn.LET(_xlpm.x, L23:L25, IF(SUM((_xlpm.x="C1")*1)=1, 3, 1))} -> 1 | Y23: {=_xlfn.LET(_xlpm.x, M23:M25, IF(SUM((_xlpm.x="C1")*1)=1, 3, 1))} -> 1 | Z23: {=_xlfn.LET(_xlpm.x, N23:N25, IF(SUM((_xlpm.x="C1")*1)=1, 3, 1))} -> 1 | AA23: {=_xlfn.LET(_xlpm.x, O23:O25, IF(SUM((_xlpm.x="C1")*1)=1, 3, 1))} -> 1 | AC23: GK | AD23: 0 | AE23: 10 | AF23: 4 | AG23: 4 | AH23: 0 | AJ23: GK | AK23: 0 | AL23: 10 | AM23: 4 | AN23: 4 | AO23: 0
C24: 200 | D24: 200 | E24: 200 | F24: 200 | G24: 200 | J24: 20 | K24: A | L24: GK | M24: A | N24: Q | O24: M4 | Q24: 7 | R24: 17 | S24: 7 | T24: 9 | U24: 5 | W24: {=_xlfn.LET(_xlpm.x, K24:K26, IF(SUM((_xlpm.x="C1")*1)=1, 3, 1))} -> 1 | X24: {=_xlfn.LET(_xlpm.x, L24:L26, IF(SUM((_xlpm.x="C1")*1)=1, 3, 1))} -> 1 | Y24: {=_xlfn.LET(_xlpm.x, M24:M26, IF(SUM((_xlpm.x="C1")*1)=1, 3, 1))} -> 1 | Z24: {=_xlfn.LET(_xlpm.x, N24:N26, IF(SUM((_xlpm.x="C1")*1)=1, 3, 1))} -> 1 | AA24: {=_xlfn.LET(_xlpm.x, O24:O26, IF(SUM((_xlpm.x="C1")*1)=1, 3, 1))} -> 1 | AC24: GQ | AD24: 0 | AE24: 15 | AF24: 0 | AG24: 6 | AH24: 0 | AJ24: GQ | AK24: 0 | AL24: 15 | AM24: 0 | AN24: 6 | AO24: 0
J25: 21 | K25: K | L25: GK | M25: M3 | N25: M1 | O25: M1 | Q25: 8 | R25: 17 | S25: 4 | T25: 2 | U25: 2 | W25: {=_xlfn.LET(_xlpm.x, K25:K27, IF(SUM((_xlpm.x="C1")*1)=1, 3, 1))} -> 1 | X25: {=_xlfn.LET(_xlpm.x, L25:L27, IF(SUM((_xlpm.x="C1")*1)=1, 3, 1))} -> 1 | Y25: {=_xlfn.LET(_xlpm.x, M25:M27, IF(SUM((_xlpm.x="C1")*1)=1, 3, 1))} -> 1 | Z25: {=_xlfn.LET(_xlpm.x, N25:N27, IF(SUM((_xlpm.x="C1")*1)=1, 3, 1))} -> 3 | AA25: {=_xlfn.LET(_xlpm.x, O25:O27, IF(SUM((_xlpm.x="C1")*1)=1, 3, 1))} -> 1 | AC25: GJ | AD25: 0 | AE25: 12 | AF25: 0 | AG25: 6 | AH25: 0 | AJ25: GJ | AK25: 0 | AL25: 12 | AM25: 0 | AN25: 6 | AO25: 0
B26: Normal Symbol | C26: 1 | D26: 0.6 | E26: 0.94 | F26: 0.84 | G26: 1 | J26: 22 | K26: K | L26: M2 | M26: K | N26: A | O26: M4 | Q26: 8 | R26: 3 | S26: 8 | T26: 7 | U26: 5 | W26: {=_xlfn.LET(_xlpm.x, K26:K28, IF(SUM((_xlpm.x="C1")*1)=1, 3, 1))} -> 1 | X26: {=_xlfn.LET(_xlpm.x, L26:L28, IF(SUM((_xlpm.x="C1")*1)=1, 3, 1))} -> 1 | Y26: {=_xlfn.LET(_xlpm.x, M26:M28, IF(SUM((_xlpm.x="C1")*1)=1, 3, 1))} -> 1 | Z26: {=_xlfn.LET(_xlpm.x, N26:N28, IF(SUM((_xlpm.x="C1")*1)=1, 3, 1))} -> 3 | AA26: {=_xlfn.LET(_xlpm.x, O26:O28, IF(SUM((_xlpm.x="C1")*1)=1, 3, 1))} -> 1 | AD26: 194 | AE26: 238 | AF26: 198 | AG26: 214 | AH26: 191 | AK26: 194 | AL26: 238 | AM26: 198 | AN26: 214 | AO26: 191
B27: Rainbow Symbol | C27: 0 | D27: 0.4 | E27: 0.06 | F27: 0.16 | G27: 0 | J27: 23 | K27: K | L27: M3 | M27: M5 | N27: C1 | O27: M5 | Q27: 8 | R27: 4 | S27: 6 | T27: 1 | U27: 6 | W27: {=_xlfn.LET(_xlpm.x, K27:K29, IF(SUM((_xlpm.x="C1")*1)=1, 3, 1))} -> 1 | X27: {=_xlfn.LET(_xlpm.x, L27:L29, IF(SUM((_xlpm.x="C1")*1)=1, 3, 1))} -> 1 | Y27: {=_xlfn.LET(_xlpm.x, M27:M29, IF(SUM((_xlpm.x="C1")*1)=1, 3, 1))} -> 1 | Z27: {=_xlfn.LET(_xlpm.x, N27:N29, IF(SUM((_xlpm.x="C1")*1)=1, 3, 1))} -> 3 | AA27: {=_xlfn.LET(_xlpm.x, O27:O29, IF(SUM((_xlpm.x="C1")*1)=1, 3, 1))} -> 1
J28: 24 | K28: M4 | L28: G3 | M28: Q | N28: GJ | O28: K | Q28: 5 | R28: 13 | S28: 9 | T28: 19 | U28: 8 | W28: {=_xlfn.LET(_xlpm.x, K28:K30, IF(SUM((_xlpm.x="C1")*1)=1, 3, 1))} -> 1 | X28: {=_xlfn.LET(_xlpm.x, L28:L30, IF(SUM((_xlpm.x="C1")*1)=1, 3, 1))} -> 1 | Y28: {=_xlfn.LET(_xlpm.x, M28:M30, IF(SUM((_xlpm.x="C1")*1)=1, 3, 1))} -> 1 | Z28: {=_xlfn.LET(_xlpm.x, N28:N30, IF(SUM((_xlpm.x="C1")*1)=1, 3, 1))} -> 1 | AA28: {=_xlfn.LET(_xlpm.x, O28:O30, IF(SUM((_xlpm.x="C1")*1)=1, 3, 1))} -> 1 | AC28: 2 Combo | AJ28: 2 Combo
J29: 25 | K29: K | L29: K | M29: K | N29: M3 | O29: M3 | Q29: 8 | R29: 8 | S29: 8 | T29: 4 | U29: 4 | W29: {=_xlfn.LET(_xlpm.x, K29:K31, IF(SUM((_xlpm.x="C1")*1)=1, 3, 1))} -> 1 | X29: {=_xlfn.LET(_xlpm.x, L29:L31, IF(SUM((_xlpm.x="C1")*1)=1, 3, 1))} -> 1 | Y29: {=_xlfn.LET(_xlpm.x, M29:M31, IF(SUM((_xlpm.x="C1")*1)=1, 3, 1))} -> 1 | Z29: {=_xlfn.LET(_xlpm.x, N29:N31, IF(SUM((_xlpm.x="C1")*1)=1, 3, 1))} -> 1 | AA29: {=_xlfn.LET(_xlpm.x, O29:O31, IF(SUM((_xlpm.x="C1")*1)=1, 3, 1))} -> 1 | AC29: Symbol | AD29: R1 | AE29: R2 | AF29: R3 | AG29: R4 | AH29: R5 | AJ29: Symbol | AK29: R1 | AL29: R2 | AM29: R3 | AN29: R4 | AO29: R5
J30: 26 | K30: A | L30: K | M30: M5 | N30: J | O30: M5 | Q30: 7 | R30: 8 | S30: 6 | T30: 10 | U30: 6 | W30: {=_xlfn.LET(_xlpm.x, K30:K32, IF(SUM((_xlpm.x="C1")*1)=1, 3, 1))} -> 1 | X30: {=_xlfn.LET(_xlpm.x, L30:L32, IF(SUM((_xlpm.x="C1")*1)=1, 3, 1))} -> 1 | Y30: {=_xlfn.LET(_xlpm.x, M30:M32, IF(SUM((_xlpm.x="C1")*1)=1, 3, 1))} -> 1 | Z30: {=_xlfn.LET(_xlpm.x, N30:N32, IF(SUM((_xlpm.x="C1")*1)=1, 3, 1))} -> 1 | AA30: {=_xlfn.LET(_xlpm.x, O30:O32, IF(SUM((_xlpm.x="C1")*1)=1, 3, 1))} -> 1 | AC30: WW | AD30: 0 | AE30: 0 | AF30: 0 | AG30: 0 | AH30: 0 | AJ30: WW | AK30: 0 | AL30: 0 | AM30: 0 | AN30: 0 | AO30: 0
J31: 27 | K31: M4 | L31: GQ | M31: A | N31: GJ | O31: Q | Q31: 5 | R31: 18 | S31: 7 | T31: 19 | U31: 9 | W31: {=_xlfn.LET(_xlpm.x, K31:K33, IF(SUM((_xlpm.x="C1")*1)=1, 3, 1))} -> 1 | X31: {=_xlfn.LET(_xlpm.x, L31:L33, IF(SUM((_xlpm.x="C1")*1)=1, 3, 1))} -> 1 | Y31: {=_xlfn.LET(_xlpm.x, M31:M33, IF(SUM((_xlpm.x="C1")*1)=1, 3, 1))} -> 1 | Z31: {=_xlfn.LET(_xlpm.x, N31:N33, IF(SUM((_xlpm.x="C1")*1)=1, 3, 1))} -> 1 | AA31: {=_xlfn.LET(_xlpm.x, O31:O33, IF(SUM((_xlpm.x="C1")*1)=1, 3, 1))} -> 1 | AC31: C1 | AD31: 0 | AE31: 6 | AF31: 0 | AG31: 9 | AH31: 0 | AJ31: C1 | AK31: 0 | AL31: 6 | AM31: 0 | AN31: 9 | AO31: 0
J32: 28 | K32: K | L32: G4 | M32: M5 | N32: G1 | O32: Q | Q32: 8 | R32: 14 | S32: 6 | T32: 11 | U32: 9 | W32: {=_xlfn.LET(_xlpm.x, K32:K34, IF(SUM((_xlpm.x="C1")*1)=1, 3, 1))} -> 1 | X32: {=_xlfn.LET(_xlpm.x, L32:L34, IF(SUM((_xlpm.x="C1")*1)=1, 3, 1))} -> 1 | Y32: {=_xlfn.LET(_xlpm.x, M32:M34, IF(SUM((_xlpm.x="C1")*1)=1, 3, 1))} -> 1 | Z32: {=_xlfn.LET(_xlpm.x, N32:N34, IF(SUM((_xlpm.x="C1")*1)=1, 3, 1))} -> 1 | AA32: {=_xlfn.LET(_xlpm.x, O32:O34, IF(SUM((_xlpm.x="C1")*1)=1, 3, 1))} -> 1 | AC32: M1 | AD32: 4 | AE32: 14 | AF32: 4 | AG32: 21 | AH32: 22 | AJ32: M1 | AK32: 4 | AL32: 14 | AM32: 4 | AN32: 21 | AO32: 22
J33: 29 | K33: M1 | L33: G3 | M33: M4 | N33: M2 | O33: M1 | Q33: 2 | R33: 13 | S33: 5 | T33: 3 | U33: 2 | W33: {=_xlfn.LET(_xlpm.x, K33:K35, IF(SUM((_xlpm.x="C1")*1)=1, 3, 1))} -> 1 | X33: {=_xlfn.LET(_xlpm.x, L33:L35, IF(SUM((_xlpm.x="C1")*1)=1, 3, 1))} -> 1 | Y33: {=_xlfn.LET(_xlpm.x, M33:M35, IF(SUM((_xlpm.x="C1")*1)=1, 3, 1))} -> 1 | Z33: {=_xlfn.LET(_xlpm.x, N33:N35, IF(SUM((_xlpm.x="C1")*1)=1, 3, 1))} -> 1 | AA33: {=_xlfn.LET(_xlpm.x, O33:O35, IF(SUM((_xlpm.x="C1")*1)=1, 3, 1))} -> 3 | AC33: M2 | AD33: 4 | AE33: 13 | AF33: 4 | AG33: 20 | AH33: 22 | AJ33: M2 | AK33: 4 | AL33: 13 | AM33: 4 | AN33: 20 | AO33: 22
J34: 30 | K34: K | L34: J | M34: K | N34: M1 | O34: M1 | Q34: 8 | R34: 10 | S34: 8 | T34: 2 | U34: 2 | W34: {=_xlfn.LET(_xlpm.x, K34:K36, IF(SUM((_xlpm.x="C1")*1)=1, 3, 1))} -> 1 | X34: {=_xlfn.LET(_xlpm.x, L34:L36, IF(SUM((_xlpm.x="C1")*1)=1, 3, 1))} -> 1 | Y34: {=_xlfn.LET(_xlpm.x, M34:M36, IF(SUM((_xlpm.x="C1")*1)=1, 3, 1))} -> 1 | Z34: {=_xlfn.LET(_xlpm.x, N34:N36, IF(SUM((_xlpm.x="C1")*1)=1, 3, 1))} -> 1 | AA34: {=_xlfn.LET(_xlpm.x, O34:O36, IF(SUM((_xlpm.x="C1")*1)=1, 3, 1))} -> 3 | AC34: M3 | AD34: 4 | AE34: 13 | AF34: 4 | AG34: 20 | AH34: 21 | AJ34: M3 | AK34: 4 | AL34: 13 | AM34: 4 | AN34: 20 | AO34: 21
J35: 31 | K35: M4 | L35: J | M35: A | N35: M5 | O35: C1 | Q35: 5 | R35: 10 | S35: 7 | T35: 6 | U35: 1 | W35: {=_xlfn.LET(_xlpm.x, K35:K37, IF(SUM((_xlpm.x="C1")*1)=1, 3, 1))} -> 1 | X35: {=_xlfn.LET(_xlpm.x, L35:L37, IF(SUM((_xlpm.x="C1")*1)=1, 3, 1))} -> 1 | Y35: {=_xlfn.LET(_xlpm.x, M35:M37, IF(SUM((_xlpm.x="C1")*1)=1, 3, 1))} -> 1 | Z35: {=_xlfn.LET(_xlpm.x, N35:N37, IF(SUM((_xlpm.x="C1")*1)=1, 3, 1))} -> 1 | AA35: {=_xlfn.LET(_xlpm.x, O35:O37, IF(SUM((_xlpm.x="C1")*1)=1, 3, 1))} -> 3 | AC35: M4 | AD35: 40 | AE35: 9 | AF35: 41 | AG35: 14 | AH35: 21 | AJ35: M4 | AK35: 40 | AL35: 9 | AM35: 41 | AN35: 14 | AO35: 21
J36: 32 | K36: A | L36: M4 | M36: M3 | N36: M5 | O36: Q | Q36: 7 | R36: 5 | S36: 4 | T36: 6 | U36: 9 | W36: {=_xlfn.LET(_xlpm.x, K36:K38, IF(SUM((_xlpm.x="C1")*1)=1, 3, 1))} -> 1 | X36: {=_xlfn.LET(_xlpm.x, L36:L38, IF(SUM((_xlpm.x="C1")*1)=1, 3, 1))} -> 1 | Y36: {=_xlfn.LET(_xlpm.x, M36:M38, IF(SUM((_xlpm.x="C1")*1)=1, 3, 1))} -> 1 | Z36: {=_xlfn.LET(_xlpm.x, N36:N38, IF(SUM((_xlpm.x="C1")*1)=1, 3, 1))} -> 1 | AA36: {=_xlfn.LET(_xlpm.x, O36:O38, IF(SUM((_xlpm.x="C1")*1)=1, 3, 1))} -> 1 | AC36: M5 | AD36: 40 | AE36: 13 | AF36: 41 | AG36: 14 | AH36: 21 | AJ36: M5 | AK36: 40 | AL36: 13 | AM36: 41 | AN36: 14 | AO36: 21
J37: 33 | K37: M4 | L37: GK | M37: K | N37: GA | O37: K | Q37: 5 | R37: 17 | S37: 8 | T37: 16 | U37: 8 | W37: {=_xlfn.LET(_xlpm.x, K37:K39, IF(SUM((_xlpm.x="C1")*1)=1, 3, 1))} -> 1 | X37: {=_xlfn.LET(_xlpm.x, L37:L39, IF(SUM((_xlpm.x="C1")*1)=1, 3, 1))} -> 1 | Y37: {=_xlfn.LET(_xlpm.x, M37:M39, IF(SUM((_xlpm.x="C1")*1)=1, 3, 1))} -> 1 | Z37: {=_xlfn.LET(_xlpm.x, N37:N39, IF(SUM((_xlpm.x="C1")*1)=1, 3, 1))} -> 1 | AA37: {=_xlfn.LET(_xlpm.x, O37:O39, IF(SUM((_xlpm.x="C1")*1)=1, 3, 1))} -> 1 | AC37: A | AD37: 47 | AE37: 10 | AF37: 41 | AG37: 14 | AH37: 21 | AJ37: A | AK37: 47 | AL37: 10 | AM37: 41 | AN37: 14 | AO37: 21
J38: 34 | K38: M5 | L38: G2 | M38: M4 | N38: K | O38: M2 | Q38: 6 | R38: 12 | S38: 5 | T38: 8 | U38: 3 | W38: {=_xlfn.LET(_xlpm.x, K38:K40, IF(SUM((_xlpm.x="C1")*1)=1, 3, 1))} -> 1 | X38: {=_xlfn.LET(_xlpm.x, L38:L40, IF(SUM((_xlpm.x="C1")*1)=1, 3, 1))} -> 1 | Y38: {=_xlfn.LET(_xlpm.x, M38:M40, IF(SUM((_xlpm.x="C1")*1)=1, 3, 1))} -> 1 | Z38: {=_xlfn.LET(_xlpm.x, N38:N40, IF(SUM((_xlpm.x="C1")*1)=1, 3, 1))} -> 1 | AA38: {=_xlfn.LET(_xlpm.x, O38:O40, IF(SUM((_xlpm.x="C1")*1)=1, 3, 1))} -> 1 | AC38: K | AD38: 47 | AE38: 10 | AF38: 41 | AG38: 14 | AH38: 21 | AJ38: K | AK38: 47 | AL38: 10 | AM38: 41 | AN38: 14 | AO38: 21
J39: 35 | K39: M5 | L39: A | M39: M5 | N39: M1 | O39: J | Q39: 6 | R39: 7 | S39: 6 | T39: 2 | U39: 10 | W39: {=_xlfn.LET(_xlpm.x, K39:K41, IF(SUM((_xlpm.x="C1")*1)=1, 3, 1))} -> 1 | X39: {=_xlfn.LET(_xlpm.x, L39:L41, IF(SUM((_xlpm.x="C1")*1)=1, 3, 1))} -> 1 | Y39: {=_xlfn.LET(_xlpm.x, M39:M41, IF(SUM((_xlpm.x="C1")*1)=1, 3, 1))} -> 1 | Z39: {=_xlfn.LET(_xlpm.x, N39:N41, IF(SUM((_xlpm.x="C1")*1)=1, 3, 1))} -> 3 | AA39: {=_xlfn.LET(_xlpm.x, O39:O41, IF(SUM((_xlpm.x="C1")*1)=1, 3, 1))} -> 1 | AC39: Q | AD39: 4 | AE39: 15 | AF39: 3 | AG39: 21 | AH39: 21 | AJ39: Q | AK39: 4 | AL39: 15 | AM39: 3 | AN39: 21 | AO39: 21
J40: 36 | K40: A | L40: GA | M40: K | N40: G4 | O40: M1 | Q40: 7 | R40: 16 | S40: 8 | T40: 14 | U40: 2 | W40: {=_xlfn.LET(_xlpm.x, K40:K42, IF(SUM((_xlpm.x="C1")*1)=1, 3, 1))} -> 1 | X40: {=_xlfn.LET(_xlpm.x, L40:L42, IF(SUM((_xlpm.x="C1")*1)=1, 3, 1))} -> 1 | Y40: {=_xlfn.LET(_xlpm.x, M40:M42, IF(SUM((_xlpm.x="C1")*1)=1, 3, 1))} -> 1 | Z40: {=_xlfn.LET(_xlpm.x, N40:N42, IF(SUM((_xlpm.x="C1")*1)=1, 3, 1))} -> 3 | AA40: {=_xlfn.LET(_xlpm.x, O40:O42, IF(SUM((_xlpm.x="C1")*1)=1, 3, 1))} -> 1 | AC40: J | AD40: 4 | AE40: 17 | AF40: 3 | AG40: 21 | AH40: 21 | AJ40: J | AK40: 4 | AL40: 17 | AM40: 3 | AN40: 21 | AO40: 21
J41: 37 | K41: M4 | L41: GA | M41: A | N41: C1 | O41: Q | Q41: 5 | R41: 16 | S41: 7 | T41: 1 | U41: 9 | W41: {=_xlfn.LET(_xlpm.x, K41:K43, IF(SUM((_xlpm.x="C1")*1)=1, 3, 1))} -> 1 | X41: {=_xlfn.LET(_xlpm.x, L41:L43, IF(SUM((_xlpm.x="C1")*1)=1, 3, 1))} -> 1 | Y41: {=_xlfn.LET(_xlpm.x, M41:M43, IF(SUM((_xlpm.x="C1")*1)=1, 3, 1))} -> 1 | Z41: {=_xlfn.LET(_xlpm.x, N41:N43, IF(SUM((_xlpm.x="C1")*1)=1, 3, 1))} -> 3 | AA41: {=_xlfn.LET(_xlpm.x, O41:O43, IF(SUM((_xlpm.x="C1")*1)=1, 3, 1))} -> 1 | AC41: G1 | AD41: 0 | AE41: 15 | AF41: 0 | AG41: 6 | AH41: 0 | AJ41: G1 | AK41: 0 | AL41: 15 | AM41: 0 | AN41: 6 | AO41: 0
... J49: 45 | K49: K | L49: M3 | M49: M5 | N49: J | O49: M3 | Q49: 8 | R49: 4 | S49: 6 | T49: 10 | U49: 4 | W49: {=_xlfn.LET(_xlpm.x, K49:K51, IF(SUM((_xlpm.x="C1")*1)=1, 3, 1))} -> 3 | X49: {=_xlfn.LET(_xlpm.x, L49:L51, IF(SUM((_xlpm.x="C1")*1)=1, 3, 1))} -> 1 | Y49: {=_xlfn.LET(_xlpm.x, M49:M51, IF(SUM((_xlpm.x="C1")*1)=1, 3, 1))} -> 1 | Z49: {=_xlfn.LET(_xlpm.x, N49:N51, IF(SUM((_xlpm.x="C1")*1)=1, 3, 1))} -> 1 | AA49: {=_xlfn.LET(_xlpm.x, O49:O51, IF(SUM((_xlpm.x="C1")*1)=1, 3, 1))} -> 1 | AC49: GJ | AD49: 0 | AE49: 12 | AF49: 0 | AG49: 6 | AH49: 0 | AJ49: GJ | AK49: 0 | AL49: 12 | AM49: 0 | AN49: 6 | AO49: 0
J50: 46 | K50: A | L50: M1 | M50: A | N50: M2 | O50: J | Q50: 7 | R50: 2 | S50: 7 | T50: 3 | U50: 10 | W50: {=_xlfn.LET(_xlpm.x, K50:K52, IF(SUM((_xlpm.x="C1")*1)=1, 3, 1))} -> 3 | X50: {=_xlfn.LET(_xlpm.x, L50:L52, IF(SUM((_xlpm.x="C1")*1)=1, 3, 1))} -> 1 | Y50: {=_xlfn.LET(_xlpm.x, M50:M52, IF(SUM((_xlpm.x="C1")*1)=1, 3, 1))} -> 1 | Z50: {=_xlfn.LET(_xlpm.x, N50:N52, IF(SUM((_xlpm.x="C1")*1)=1, 3, 1))} -> 1 | AA50: {=_xlfn.LET(_xlpm.x, O50:O52, IF(SUM((_xlpm.x="C1")*1)=1, 3, 1))} -> 1 | AD50: 194 | AE50: 238 | AF50: 198 | AG50: 214 | AH50: 191 | AK50: 194 | AL50: 238 | AM50: 198 | AN50: 214 | AO50: 191
J51: 47 | K51: C1 | L51: G1 | M51: M2 | N51: M1 | O51: Q | Q51: 1 | R51: 11 | S51: 3 | T51: 2 | U51: 9 | W51: {=_xlfn.LET(_xlpm.x, K51:K53, IF(SUM((_xlpm.x="C1")*1)=1, 3, 1))} -> 3 | X51: {=_xlfn.LET(_xlpm.x, L51:L53, IF(SUM((_xlpm.x="C1")*1)=1, 3, 1))} -> 1 | Y51: {=_xlfn.LET(_xlpm.x, M51:M53, IF(SUM((_xlpm.x="C1")*1)=1, 3, 1))} -> 1 | Z51: {=_xlfn.LET(_xlpm.x, N51:N53, IF(SUM((_xlpm.x="C1")*1)=1, 3, 1))} -> 1 | AA51: {=_xlfn.LET(_xlpm.x, O51:O53, IF(SUM((_xlpm.x="C1")*1)=1, 3, 1))} -> 1
J52: 48 | K52: K | L52: G4 | M52: A | N52: A | O52: M1 | Q52: 8 | R52: 14 | S52: 7 | T52: 7 | U52: 2 | W52: {=_xlfn.LET(_xlpm.x, K52:K54, IF(SUM((_xlpm.x="C1")*1)=1, 3, 1))} -> 1 | X52: {=_xlfn.LET(_xlpm.x, L52:L54, IF(SUM((_xlpm.x="C1")*1)=1, 3, 1))} -> 1 | Y52: {=_xlfn.LET(_xlpm.x, M52:M54, IF(SUM((_xlpm.x="C1")*1)=1, 3, 1))} -> 1 | Z52: {=_xlfn.LET(_xlpm.x, N52:N54, IF(SUM((_xlpm.x="C1")*1)=1, 3, 1))} -> 1 | AA52: {=_xlfn.LET(_xlpm.x, O52:O54, IF(SUM((_xlpm.x="C1")*1)=1, 3, 1))} -> 1 | AC52: 3+ Combo | AJ52: 3+ Combo
J53: 49 | K53: A | L53: K | M53: A | N53: Q | O53: A | Q53: 7 | R53: 8 | S53: 7 | T53: 9 | U53: 7 | W53: {=_xlfn.LET(_xlpm.x, K53:K55, IF(SUM((_xlpm.x="C1")*1)=1, 3, 1))} -> 1 | X53: {=_xlfn.LET(_xlpm.x, L53:L55, IF(SUM((_xlpm.x="C1")*1)=1, 3, 1))} -> 1 | Y53: {=_xlfn.LET(_xlpm.x, M53:M55, IF(SUM((_xlpm.x="C1")*1)=1, 3, 1))} -> 1 | Z53: {=_xlfn.LET(_xlpm.x, N53:N55, IF(SUM((_xlpm.x="C1")*1)=1, 3, 1))} -> 1 | AA53: {=_xlfn.LET(_xlpm.x, O53:O55, IF(SUM((_xlpm.x="C1")*1)=1, 3, 1))} -> 1 | AC53: Symbol | AD53: R1 | AE53: R2 | AF53: R3 | AG53: R4 | AH53: R5 | AJ53: Symbol | AK53: R1 | AL53: R2 | AM53: R3 | AN53: R4 | AO53: R5
J54: 50 | K54: A | L54: K | M54: A | N54: Q | O54: M3 | Q54: 7 | R54: 8 | S54: 7 | T54: 9 | U54: 4 | W54: {=_xlfn.LET(_xlpm.x, K54:K56, IF(SUM((_xlpm.x="C1")*1)=1, 3, 1))} -> 1 | X54: {=_xlfn.LET(_xlpm.x, L54:L56, IF(SUM((_xlpm.x="C1")*1)=1, 3, 1))} -> 1 | Y54: {=_xlfn.LET(_xlpm.x, M54:M56, IF(SUM((_xlpm.x="C1")*1)=1, 3, 1))} -> 1 | Z54: {=_xlfn.LET(_xlpm.x, N54:N56, IF(SUM((_xlpm.x="C1")*1)=1, 3, 1))} -> 1 | AA54: {=_xlfn.LET(_xlpm.x, O54:O56, IF(SUM((_xlpm.x="C1")*1)=1, 3, 1))} -> 1 | AC54: WW | AD54: 0 | AE54: 0 | AF54: 0 | AG54: 0 | AH54: 0 | AJ54: WW | AK54: 0 | AL54: 0 | AM54: 0 | AN54: 0 | AO54: 0
J55: 51 | K55: M5 | L55: GK | M55: K | N55: G4 | O55: M1 | Q55: 6 | R55: 17 | S55: 8 | T55: 14 | U55: 2 | W55: {=_xlfn.LET(_xlpm.x, K55:K57, IF(SUM((_xlpm.x="C1")*1)=1, 3, 1))} -> 1 | X55: {=_xlfn.LET(_xlpm.x, L55:L57, IF(SUM((_xlpm.x="C1")*1)=1, 3, 1))} -> 1 | Y55: {=_xlfn.LET(_xlpm.x, M55:M57, IF(SUM((_xlpm.x="C1")*1)=1, 3, 1))} -> 1 | Z55: {=_xlfn.LET(_xlpm.x, N55:N57, IF(SUM((_xlpm.x="C1")*1)=1, 3, 1))} -> 1 | AA55: {=_xlfn.LET(_xlpm.x, O55:O57, IF(SUM((_xlpm.x="C1")*1)=1, 3, 1))} -> 1 | AC55: C1 | AD55: 0 | AE55: 6 | AF55: 0 | AG55: 9 | AH55: 0 | AJ55: C1 | AK55: 0 | AL55: 6 | AM55: 0 | AN55: 9 | AO55: 0
J56: 52 | K56: K | L56: Q | M56: A | N56: M3 | O56: M4 | Q56: 8 | R56: 9 | S56: 7 | T56: 4 | U56: 5 | W56: {=_xlfn.LET(_xlpm.x, K56:K58, IF(SUM((_xlpm.x="C1")*1)=1, 3, 1))} -> 1 | X56: {=_xlfn.LET(_xlpm.x, L56:L58, IF(SUM((_xlpm.x="C1")*1)=1, 3, 1))} -> 1 | Y56: {=_xlfn.LET(_xlpm.x, M56:M58, IF(SUM((_xlpm.x="C1")*1)=1, 3, 1))} -> 1 | Z56: {=_xlfn.LET(_xlpm.x, N56:N58, IF(SUM((_xlpm.x="C1")*1)=1, 3, 1))} -> 1 | AA56: {=_xlfn.LET(_xlpm.x, O56:O58, IF(SUM((_xlpm.x="C1")*1)=1, 3, 1))} -> 1 | AC56: M1 | AD56: 4 | AE56: 14 | AF56: 4 | AG56: 21 | AH56: 22 | AJ56: M1 | AK56: 4 | AL56: 14 | AM56: 4 | AN56: 21 | AO56: 22
J57: 53 | K57: A | L57: Q | M57: M5 | N57: M3 | O57: M2 | Q57: 7 | R57: 9 | S57: 6 | T57: 4 | U57: 3 | W57: {=_xlfn.LET(_xlpm.x, K57:K59, IF(SUM((_xlpm.x="C1")*1)=1, 3, 1))} -> 1 | X57: {=_xlfn.LET(_xlpm.x, L57:L59, IF(SUM((_xlpm.x="C1")*1)=1, 3, 1))} -> 1 | Y57: {=_xlfn.LET(_xlpm.x, M57:M59, IF(SUM((_xlpm.x="C1")*1)=1, 3, 1))} -> 1 | Z57: {=_xlfn.LET(_xlpm.x, N57:N59, IF(SUM((_xlpm.x="C1")*1)=1, 3, 1))} -> 1 | AA57: {=_xlfn.LET(_xlpm.x, O57:O59, IF(SUM((_xlpm.x="C1")*1)=1, 3, 1))} -> 1 | AC57: M2 | AD57: 4 | AE57: 13 | AF57: 4 | AG57: 20 | AH57: 22 | AJ57: M2 | AK57: 4 | AL57: 13 | AM57: 4 | AN57: 20 | AO57: 22
J58: 54 | K58: A | L58: G3 | M58: K | N58: G1 | O58: M1 | Q58: 7 | R58: 13 | S58: 8 | T58: 11 | U58: 2 | W58: {=_xlfn.LET(_xlpm.x, K58:K60, IF(SUM((_xlpm.x="C1")*1)=1, 3, 1))} -> 1 | X58: {=_xlfn.LET(_xlpm.x, L58:L60, IF(SUM((_xlpm.x="C1")*1)=1, 3, 1))} -> 1 | Y58: {=_xlfn.LET(_xlpm.x, M58:M60, IF(SUM((_xlpm.x="C1")*1)=1, 3, 1))} -> 1 | Z58: {=_xlfn.LET(_xlpm.x, N58:N60, IF(SUM((_xlpm.x="C1")*1)=1, 3, 1))} -> 1 | AA58: {=_xlfn.LET(_xlpm.x, O58:O60, IF(SUM((_xlpm.x="C1")*1)=1, 3, 1))} -> 1 | AC58: M3 | AD58: 4 | AE58: 13 | AF58: 4 | AG58: 20 | AH58: 21 | AJ58: M3 | AK58: 4 | AL58: 13 | AM58: 4 | AN58: 20 | AO58: 21
J59: 55 | K59: A | L59: M3 | M59: K | N59: M3 | O59: K | Q59: 7 | R59: 4 | S59: 8 | T59: 4 | U59: 8 | W59: {=_xlfn.LET(_xlpm.x, K59:K61, IF(SUM((_xlpm.x="C1")*1)=1, 3, 1))} -> 1 | X59: {=_xlfn.LET(_xlpm.x, L59:L61, IF(SUM((_xlpm.x="C1")*1)=1, 3, 1))} -> 1 | Y59: {=_xlfn.LET(_xlpm.x, M59:M61, IF(SUM((_xlpm.x="C1")*1)=1, 3, 1))} -> 1 | Z59: {=_xlfn.LET(_xlpm.x, N59:N61, IF(SUM((_xlpm.x="C1")*1)=1, 3, 1))} -> 1 | AA59: {=_xlfn.LET(_xlpm.x, O59:O61, IF(SUM((_xlpm.x="C1")*1)=1, 3, 1))} -> 1 | AC59: M4 | AD59: 40 | AE59: 9 | AF59: 41 | AG59: 14 | AH59: 21 | AJ59: M4 | AK59: 40 | AL59: 9 | AM59: 41 | AN59: 14 | AO59: 21
J60: 56 | K60: M4 | L60: G4 | M60: K | N60: K | O60: J | Q60: 5 | R60: 14 | S60: 8 | T60: 8 | U60: 10 | W60: {=_xlfn.LET(_xlpm.x, K60:K62, IF(SUM((_xlpm.x="C1")*1)=1, 3, 1))} -> 1 | X60: {=_xlfn.LET(_xlpm.x, L60:L62, IF(SUM((_xlpm.x="C1")*1)=1, 3, 1))} -> 1 | Y60: {=_xlfn.LET(_xlpm.x, M60:M62, IF(SUM((_xlpm.x="C1")*1)=1, 3, 1))} -> 1 | Z60: {=_xlfn.LET(_xlpm.x, N60:N62, IF(SUM((_xlpm.x="C1")*1)=1, 3, 1))} -> 1 | AA60: {=_xlfn.LET(_xlpm.x, O60:O62, IF(SUM((_xlpm.x="C1")*1)=1, 3, 1))} -> 1 | AC60: M5 | AD60: 40 | AE60: 13 | AF60: 41 | AG60: 14 | AH60: 21 | AJ60: M5 | AK60: 40 | AL60: 13 | AM60: 41 | AN60: 14 | AO60: 21
J61: 57 | K61: M5 | L61: G4 | M61: M5 | N61: M3 | O61: J | Q61: 6 | R61: 14 | S61: 6 | T61: 4 | U61: 10 | W61: {=_xlfn.LET(_xlpm.x, K61:K63, IF(SUM((_xlpm.x="C1")*1)=1, 3, 1))} -> 1 | X61: {=_xlfn.LET(_xlpm.x, L61:L63, IF(SUM((_xlpm.x="C1")*1)=1, 3, 1))} -> 1 | Y61: {=_xlfn.LET(_xlpm.x, M61:M63, IF(SUM((_xlpm.x="C1")*1)=1, 3, 1))} -> 3 | Z61: {=_xlfn.LET(_xlpm.x, N61:N63, IF(SUM((_xlpm.x="C1")*1)=1, 3, 1))} -> 1 | AA61: {=_xlfn.LET(_xlpm.x, O61:O63, IF(SUM((_xlpm.x="C1")*1)=1, 3, 1))} -> 1 | AC61: A | AD61: 47 | AE61: 10 | AF61: 41 | AG61: 14 | AH61: 21 | AJ61: A | AK61: 47 | AL61: 10 | AM61: 41 | AN61: 14 | AO61: 21
J62: 58 | K62: J | L62: Q | M62: M5 | N62: GK | O62: M2 | Q62: 10 | R62: 9 | S62: 6 | T62: 17 | U62: 3 | W62: {=_xlfn.LET(_xlpm.x, K62:K64, IF(SUM((_xlpm.x="C1")*1)=1, 3, 1))} -> 1 | X62: {=_xlfn.LET(_xlpm.x, L62:L64, IF(SUM((_xlpm.x="C1")*1)=1, 3, 1))} -> 1 | Y62: {=_xlfn.LET(_xlpm.x, M62:M64, IF(SUM((_xlpm.x="C1")*1)=1, 3, 1))} -> 3 | Z62: {=_xlfn.LET(_xlpm.x, N62:N64, IF(SUM((_xlpm.x="C1")*1)=1, 3, 1))} -> 1 | AA62: {=_xlfn.LET(_xlpm.x, O62:O64, IF(SUM((_xlpm.x="C1")*1)=1, 3, 1))} -> 1 | AC62: K | AD62: 47 | AE62: 10 | AF62: 41 | AG62: 14 | AH62: 21 | AJ62: K | AK62: 47 | AL62: 10 | AM62: 41 | AN62: 14 | AO62: 21
J63: 59 | K63: K | L63: G3 | M63: C1 | N63: GQ | O63: M4 | Q63: 8 | R63: 13 | S63: 1 | T63: 18 | U63: 5 | W63: {=_xlfn.LET(_xlpm.x, K63:K65, IF(SUM((_xlpm.x="C1")*1)=1, 3, 1))} -> 1 | X63: {=_xlfn.LET(_xlpm.x, L63:L65, IF(SUM((_xlpm.x="C1")*1)=1, 3, 1))} -> 1 | Y63: {=_xlfn.LET(_xlpm.x, M63:M65, IF(SUM((_xlpm.x="C1")*1)=1, 3, 1))} -> 3 | Z63: {=_xlfn.LET(_xlpm.x, N63:N65, IF(SUM((_xlpm.x="C1")*1)=1, 3, 1))} -> 1 | AA63: {=_xlfn.LET(_xlpm.x, O63:O65, IF(SUM((_xlpm.x="C1")*1)=1, 3, 1))} -> 1 | AC63: Q | AD63: 4 | AE63: 15 | AF63: 3 | AG63: 21 | AH63: 21 | AJ63: Q | AK63: 4 | AL63: 15 | AM63: 3 | AN63: 21 | AO63: 21
J64: 60 | K64: M5 | L64: Q | M64: M4 | N64: M3 | O64: Q | Q64: 6 | R64: 9 | S64: 5 | T64: 4 | U64: 9 | W64: {=_xlfn.LET(_xlpm.x, K64:K66, IF(SUM((_xlpm.x="C1")*1)=1, 3, 1))} -> 1 | X64: {=_xlfn.LET(_xlpm.x, L64:L66, IF(SUM((_xlpm.x="C1")*1)=1, 3, 1))} -> 1 | Y64: {=_xlfn.LET(_xlpm.x, M64:M66, IF(SUM((_xlpm.x="C1")*1)=1, 3, 1))} -> 1 | Z64: {=_xlfn.LET(_xlpm.x, N64:N66, IF(SUM((_xlpm.x="C1")*1)=1, 3, 1))} -> 1 | AA64: {=_xlfn.LET(_xlpm.x, O64:O66, IF(SUM((_xlpm.x="C1")*1)=1, 3, 1))} -> 1 | AC64: J | AD64: 4 | AE64: 17 | AF64: 3 | AG64: 21 | AH64: 21 | AJ64: J | AK64: 4 | AL64: 17 | AM64: 3 | AN64: 21 | AO64: 21
J65: 61 | K65: A | L65: J | M65: G4 | N65: M2 | O65: K | Q65: 7 | R65: 10 | S65: 14 | T65: 3 | U65: 8 | W65: {=_xlfn.LET(_xlpm.x, K65:K67, IF(SUM((_xlpm.x="C1")*1)=1, 3, 1))} -> 1 | X65: {=_xlfn.LET(_xlpm.x, L65:L67, IF(SUM((_xlpm.x="C1")*1)=1, 3, 1))} -> 1 | Y65: {=_xlfn.LET(_xlpm.x, M65:M67, IF(SUM((_xlpm.x="C1")*1)=1, 3, 1))} -> 1 | Z65: {=_xlfn.LET(_xlpm.x, N65:N67, IF(SUM((_xlpm.x="C1")*1)=1, 3, 1))} -> 1 | AA65: {=_xlfn.LET(_xlpm.x, O65:O67, IF(SUM((_xlpm.x="C1")*1)=1, 3, 1))} -> 1 | AC65: G1 | AD65: 0 | AE65: 15 | AF65: 0 | AG65: 6 | AH65: 0 | AJ65: G1 | AK65: 0 | AL65: 15 | AM65: 0 | AN65: 6 | AO65: 0
... J73: 69 | K73: J | L73: GJ | M73: M5 | N73: M5 | O73: A | Q73: 10 | R73: 19 | S73: 6 | T73: 6 | U73: 7 | W73: {=_xlfn.LET(_xlpm.x, K73:K75, IF(SUM((_xlpm.x="C1")*1)=1, 3, 1))} -> 1 | X73: {=_xlfn.LET(_xlpm.x, L73:L75, IF(SUM((_xlpm.x="C1")*1)=1, 3, 1))} -> 1 | Y73: {=_xlfn.LET(_xlpm.x, M73:M75, IF(SUM((_xlpm.x="C1")*1)=1, 3, 1))} -> 1 | Z73: {=_xlfn.LET(_xlpm.x, N73:N75, IF(SUM((_xlpm.x="C1")*1)=1, 3, 1))} -> 3 | AA73: {=_xlfn.LET(_xlpm.x, O73:O75, IF(SUM((_xlpm.x="C1")*1)=1, 3, 1))} -> 1 | AC73: GJ | AD73: 0 | AE73: 12 | AF73: 0 | AG73: 6 | AH73: 0 | AJ73: GJ | AK73: 0 | AL73: 12 | AM73: 0 | AN73: 6 | AO73: 0
J74: 70 | K74: K | L74: Q | M74: A | N74: M2 | O74: M3 | Q74: 8 | R74: 9 | S74: 7 | T74: 3 | U74: 4 | W74: {=_xlfn.LET(_xlpm.x, K74:K76, IF(SUM((_xlpm.x="C1")*1)=1, 3, 1))} -> 1 | X74: {=_xlfn.LET(_xlpm.x, L74:L76, IF(SUM((_xlpm.x="C1")*1)=1, 3, 1))} -> 1 | Y74: {=_xlfn.LET(_xlpm.x, M74:M76, IF(SUM((_xlpm.x="C1")*1)=1, 3, 1))} -> 1 | Z74: {=_xlfn.LET(_xlpm.x, N74:N76, IF(SUM((_xlpm.x="C1")*1)=1, 3, 1))} -> 3 | AA74: {=_xlfn.LET(_xlpm.x, O74:O76, IF(SUM((_xlpm.x="C1")*1)=1, 3, 1))} -> 1 | AD74: 194 | AE74: 238 | AF74: 198 | AG74: 214 | AH74: 191 | AK74: 194 | AL74: 238 | AM74: 198 | AN74: 214 | AO74: 191
J75: 71 | K75: M4 | L75: M2 | M75: M5 | N75: C1 | O75: J | Q75: 5 | R75: 3 | S75: 6 | T75: 1 | U75: 10 | W75: {=_xlfn.LET(_xlpm.x, K75:K77, IF(SUM((_xlpm.x="C1")*1)=1, 3, 1))} -> 1 | X75: {=_xlfn.LET(_xlpm.x, L75:L77, IF(SUM((_xlpm.x="C1")*1)=1, 3, 1))} -> 1 | Y75: {=_xlfn.LET(_xlpm.x, M75:M77, IF(SUM((_xlpm.x="C1")*1)=1, 3, 1))} -> 1 | Z75: {=_xlfn.LET(_xlpm.x, N75:N77, IF(SUM((_xlpm.x="C1")*1)=1, 3, 1))} -> 3 | AA75: {=_xlfn.LET(_xlpm.x, O75:O77, IF(SUM((_xlpm.x="C1")*1)=1, 3, 1))} -> 1
J76: 72 | K76: Q | L76: G2 | M76: G4 | N76: G1 | O76: A | Q76: 9 | R76: 12 | S76: 14 | T76: 11 | U76: 7 | W76: {=_xlfn.LET(_xlpm.x, K76:K78, IF(SUM((_xlpm.x="C1")*1)=1, 3, 1))} -> 1 | X76: {=_xlfn.LET(_xlpm.x, L76:L78, IF(SUM((_xlpm.x="C1")*1)=1, 3, 1))} -> 1 | Y76: {=_xlfn.LET(_xlpm.x, M76:M78, IF(SUM((_xlpm.x="C1")*1)=1, 3, 1))} -> 1 | Z76: {=_xlfn.LET(_xlpm.x, N76:N78, IF(SUM((_xlpm.x="C1")*1)=1, 3, 1))} -> 1 | AA76: {=_xlfn.LET(_xlpm.x, O76:O78, IF(SUM((_xlpm.x="C1")*1)=1, 3, 1))} -> 1
J77: 73 | K77: M4 | L77: G4 | M77: M4 | N77: M1 | O77: M3 | Q77: 5 | R77: 14 | S77: 5 | T77: 2 | U77: 4 | W77: {=_xlfn.LET(_xlpm.x, K77:K79, IF(SUM((_xlpm.x="C1")*1)=1, 3, 1))} -> 1 | X77: {=_xlfn.LET(_xlpm.x, L77:L79, IF(SUM((_xlpm.x="C1")*1)=1, 3, 1))} -> 1 | Y77: {=_xlfn.LET(_xlpm.x, M77:M79, IF(SUM((_xlpm.x="C1")*1)=1, 3, 1))} -> 1 | Z77: {=_xlfn.LET(_xlpm.x, N77:N79, IF(SUM((_xlpm.x="C1")*1)=1, 3, 1))} -> 1 | AA77: {=_xlfn.LET(_xlpm.x, O77:O79, IF(SUM((_xlpm.x="C1")*1)=1, 3, 1))} -> 1
J78: 74 | K78: A | L78: M1 | M78: M5 | N78: Q | O78: J | Q78: 7 | R78: 2 | S78: 6 | T78: 9 | U78: 10 | W78: {=_xlfn.LET(_xlpm.x, K78:K80, IF(SUM((_xlpm.x="C1")*1)=1, 3, 1))} -> 1 | X78: {=_xlfn.LET(_xlpm.x, L78:L80, IF(SUM((_xlpm.x="C1")*1)=1, 3, 1))} -> 1 | Y78: {=_xlfn.LET(_xlpm.x, M78:M80, IF(SUM((_xlpm.x="C1")*1)=1, 3, 1))} -> 1 | Z78: {=_xlfn.LET(_xlpm.x, N78:N80, IF(SUM((_xlpm.x="C1")*1)=1, 3, 1))} -> 1 | AA78: {=_xlfn.LET(_xlpm.x, O78:O80, IF(SUM((_xlpm.x="C1")*1)=1, 3, 1))} -> 1
J79: 75 | K79: A | L79: J | M79: A | N79: G3 | O79: A | Q79: 7 | R79: 10 | S79: 7 | T79: 13 | U79: 7 | W79: {=_xlfn.LET(_xlpm.x, K79:K81, IF(SUM((_xlpm.x="C1")*1)=1, 3, 1))} -> 1 | X79: {=_xlfn.LET(_xlpm.x, L79:L81, IF(SUM((_xlpm.x="C1")*1)=1, 3, 1))} -> 1 | Y79: {=_xlfn.LET(_xlpm.x, M79:M81, IF(SUM((_xlpm.x="C1")*1)=1, 3, 1))} -> 1 | Z79: {=_xlfn.LET(_xlpm.x, N79:N81, IF(SUM((_xlpm.x="C1")*1)=1, 3, 1))} -> 1 | AA79: {=_xlfn.LET(_xlpm.x, O79:O81, IF(SUM((_xlpm.x="C1")*1)=1, 3, 1))} -> 1
J80: 76 | K80: K | L80: G1 | M80: J | N80: A | O80: M4 | Q80: 8 | R80: 11 | S80: 10 | T80: 7 | U80: 5 | W80: {=_xlfn.LET(_xlpm.x, K80:K82, IF(SUM((_xlpm.x="C1")*1)=1, 3, 1))} -> 1 | X80: {=_xlfn.LET(_xlpm.x, L80:L82, IF(SUM((_xlpm.x="C1")*1)=1, 3, 1))} -> 1 | Y80: {=_xlfn.LET(_xlpm.x, M80:M82, IF(SUM((_xlpm.x="C1")*1)=1, 3, 1))} -> 1 | Z80: {=_xlfn.LET(_xlpm.x, N80:N82, IF(SUM((_xlpm.x="C1")*1)=1, 3, 1))} -> 1 | AA80: {=_xlfn.LET(_xlpm.x, O80:O82, IF(SUM((_xlpm.x="C1")*1)=1, 3, 1))} -> 1
J81: 77 | K81: A | L81: M5 | M81: M4 | N81: K | O81: A | Q81: 7 | R81: 6 | S81: 5 | T81: 8 | U81: 7 | W81: {=_xlfn.LET(_xlpm.x, K81:K83, IF(SUM((_xlpm.x="C1")*1)=1, 3, 1))} -> 1 | X81: {=_xlfn.LET(_xlpm.x, L81:L83, IF(SUM((_xlpm.x="C1")*1)=1, 3, 1))} -> 1 | Y81: {=_xlfn.LET(_xlpm.x, M81:M83, IF(SUM((_xlpm.x="C1")*1)=1, 3, 1))} -> 1 | Z81: {=_xlfn.LET(_xlpm.x, N81:N83, IF(SUM((_xlpm.x="C1")*1)=1, 3, 1))} -> 1 | AA81: {=_xlfn.LET(_xlpm.x, O81:O83, IF(SUM((_xlpm.x="C1")*1)=1, 3, 1))} -> 1
J82: 78 | K82: M4 | L82: G2 | M82: K | N82: M3 | O82: M4 | Q82: 5 | R82: 12 | S82: 8 | T82: 4 | U82: 5 | W82: {=_xlfn.LET(_xlpm.x, K82:K84, IF(SUM((_xlpm.x="C1")*1)=1, 3, 1))} -> 1 | X82: {=_xlfn.LET(_xlpm.x, L82:L84, IF(SUM((_xlpm.x="C1")*1)=1, 3, 1))} -> 1 | Y82: {=_xlfn.LET(_xlpm.x, M82:M84, IF(SUM((_xlpm.x="C1")*1)=1, 3, 1))} -> 1 | Z82: {=_xlfn.LET(_xlpm.x, N82:N84, IF(SUM((_xlpm.x="C1")*1)=1, 3, 1))} -> 3 | AA82: {=_xlfn.LET(_xlpm.x, O82:O84, IF(SUM((_xlpm.x="C1")*1)=1, 3, 1))} -> 1
J83: 79 | K83: M5 | L83: J | M83: M5 | N83: M2 | O83: M1 | Q83: 6 | R83: 10 | S83: 6 | T83: 3 | U83: 2 | W83: {=_xlfn.LET(_xlpm.x, K83:K85, IF(SUM((_xlpm.x="C1")*1)=1, 3, 1))} -> 1 | X83: {=_xlfn.LET(_xlpm.x, L83:L85, IF(SUM((_xlpm.x="C1")*1)=1, 3, 1))} -> 1 | Y83: {=_xlfn.LET(_xlpm.x, M83:M85, IF(SUM((_xlpm.x="C1")*1)=1, 3, 1))} -> 1 | Z83: {=_xlfn.LET(_xlpm.x, N83:N85, IF(SUM((_xlpm.x="C1")*1)=1, 3, 1))} -> 3 | AA83: {=_xlfn.LET(_xlpm.x, O83:O85, IF(SUM((_xlpm.x="C1")*1)=1, 3, 1))} -> 1
J84: 80 | K84: K | L84: J | M84: GK | N84: C1 | O84: J | Q84: 8 | R84: 10 | S84: 17 | T84: 1 | U84: 10 | W84: {=_xlfn.LET(_xlpm.x, K84:K86, IF(SUM((_xlpm.x="C1")*1)=1, 3, 1))} -> 1 | X84: {=_xlfn.LET(_xlpm.x, L84:L86, IF(SUM((_xlpm.x="C1")*1)=1, 3, 1))} -> 1 | Y84: {=_xlfn.LET(_xlpm.x, M84:M86, IF(SUM((_xlpm.x="C1")*1)=1, 3, 1))} -> 1 | Z84: {=_xlfn.LET(_xlpm.x, N84:N86, IF(SUM((_xlpm.x="C1")*1)=1, 3, 1))} -> 3 | AA84: {=_xlfn.LET(_xlpm.x, O84:O86, IF(SUM((_xlpm.x="C1")*1)=1, 3, 1))} -> 1
J85: 81 | K85: A | L85: GA | M85: A | N85: A | O85: K | Q85: 7 | R85: 16 | S85: 7 | T85: 7 | U85: 8 | W85: {=_xlfn.LET(_xlpm.x, K85:K87, IF(SUM((_xlpm.x="C1")*1)=1, 3, 1))} -> 1 | X85: {=_xlfn.LET(_xlpm.x, L85:L87, IF(SUM((_xlpm.x="C1")*1)=1, 3, 1))} -> 1 | Y85: {=_xlfn.LET(_xlpm.x, M85:M87, IF(SUM((_xlpm.x="C1")*1)=1, 3, 1))} -> 1 | Z85: {=_xlfn.LET(_xlpm.x, N85:N87, IF(SUM((_xlpm.x="C1")*1)=1, 3, 1))} -> 1 | AA85: {=_xlfn.LET(_xlpm.x, O85:O87, IF(SUM((_xlpm.x="C1")*1)=1, 3, 1))} -> 1
J86: 82 | K86: M3 | L86: G4 | M86: M3 | N86: A | O86: M1 | Q86: 4 | R86: 14 | S86: 4 | T86: 7 | U86: 2 | W86: {=_xlfn.LET(_xlpm.x, K86:K88, IF(SUM((_xlpm.x="C1")*1)=1, 3, 1))} -> 1 | X86: {=_xlfn.LET(_xlpm.x, L86:L88, IF(SUM((_xlpm.x="C1")*1)=1, 3, 1))} -> 1 | Y86: {=_xlfn.LET(_xlpm.x, M86:M88, IF(SUM((_xlpm.x="C1")*1)=1, 3, 1))} -> 1 | Z86: {=_xlfn.LET(_xlpm.x, N86:N88, IF(SUM((_xlpm.x="C1")*1)=1, 3, 1))} -> 1 | AA86: {=_xlfn.LET(_xlpm.x, O86:O88, IF(SUM((_xlpm.x="C1")*1)=1, 3, 1))} -> 1
... J203: 199 | K203: A | L203: G2 | M203: K | N203: G2 | O203: M3 | Q203: 7 | R203: 12 | S203: 8 | T203: 12 | U203: 4 | W203: {=_xlfn.LET(_xlpm.x, K203:K205, IF(SUM((_xlpm.x="C1")*1)=1, 3, 1))} -> 1 | X203: {=_xlfn.LET(_xlpm.x, L203:L205, IF(SUM((_xlpm.x="C1")*1)=1, 3, 1))} -> 1 | Y203: {=_xlfn.LET(_xlpm.x, M203:M205, IF(SUM((_xlpm.x="C1")*1)=1, 3, 1))} -> 1 | Z203: {=_xlfn.LET(_xlpm.x, N203:N205, IF(SUM((_xlpm.x="C1")*1)=1, 3, 1))} -> 1 | AA203: {=_xlfn.LET(_xlpm.x, O203:O205, IF(SUM((_xlpm.x="C1")*1)=1, 3, 1))} -> 1

Sheet FG_Symbol
J2: Symbol | Q2: Symbol ID | W2: Symbol Weight | AC2: Eliminate Wheel Weight A | AJ2: Eliminate Wheel Weight B
A3: Symbol | B3: Description | C3: R1 | D3: R2 | E3: R3 | F3: R4 | G3: R5 | H3: ID | K3: R1 | L3: R2 | M3: R3 | N3: R4 | O3: R5 | Q3: R1 | R3: R2 | S3: R3 | T3: R4 | U3: R5 | W3: R1 | X3: R2 | Y3: R3 | Z3: R4 | AA3: R5
A4: WW | B4: Wild | C4: 0 | D4: 0 | E4: 0 | F4: 0 | G4: 0 | H4: 0 | J4: 0 | K4: A | L4: M5 | M4: G4 | N4: GK | O4: K | Q4: 7 | R4: 6 | S4: 14 | T4: 17 | U4: 8 | W4: 1 | X4: 1 | Y4: 1 | Z4: 1 | AA4: 1 | AC4: 1 Combo | AJ4: 1 Combo
A5: C1 | B5: Scatter | C5: 2 | D5: 2 | E5: 0 | F5: 3 | G5: 3 | H5: 1 | J5: 1 | K5: M3 | L5: G5 | M5: G5 | N5: K | O5: A | Q5: 4 | R5: 15 | S5: 15 | T5: 8 | U5: 7 | W5: 1 | X5: 1 | Y5: 1 | Z5: 1 | AA5: 1 | AC5: Symbol | AD5: R1 | AE5: R2 | AF5: R3 | AG5: R4 | AH5: R5 | AJ5: Symbol | AK5: R1 | AL5: R2 | AM5: R3 | AN5: R4 | AO5: R5
A6: M1 | B6: M1 | C6: 3 | D6: 10 | E6: 0 | F6: 3 | G6: 9 | H6: 2 | J6: 2 | K6: M5 | L6: M4 | M6: GK | N6: J | O6: K | Q6: 6 | R6: 5 | S6: 17 | T6: 10 | U6: 8 | W6: 1 | X6: 1 | Y6: 1 | Z6: 1 | AA6: 1 | AC6: WW | AD6: 0 | AE6: 0 | AF6: 0 | AG6: 0 | AH6: 0 | AJ6: WW | AK6: 0 | AL6: 0 | AM6: 0 | AN6: 0 | AO6: 0
A7: M2 | B7: M2 | C7: 3 | D7: 12 | E7: 0 | F7: 3 | G7: 8 | H7: 3 | J7: 3 | K7: A | L7: A | M7: G4 | N7: M4 | O7: M5 | Q7: 7 | R7: 7 | S7: 14 | T7: 5 | U7: 6 | W7: 1 | X7: 1 | Y7: 1 | Z7: 1 | AA7: 1 | AC7: C1 | AD7: 1 | AE7: 1 | AF7: 0 | AG7: 1 | AH7: 1 | AJ7: C1 | AK7: 1 | AL7: 1 | AM7: 0 | AN7: 1 | AO7: 1
A8: M3 | B8: M3 | C8: 7 | D8: 13 | E8: 0 | F8: 7 | G8: 14 | H8: 4 | J8: 4 | K8: Q | L8: M4 | M8: GA | N8: J | O8: M4 | Q8: 9 | R8: 5 | S8: 16 | T8: 10 | U8: 5 | W8: 1 | X8: 1 | Y8: 1 | Z8: 1 | AA8: 1 | AC8: M1 | AD8: 3 | AE8: 10 | AF8: 0 | AG8: 3 | AH8: 9 | AJ8: M1 | AK8: 3 | AL8: 10 | AM8: 0 | AN8: 3 | AO8: 9
A9: M4 | B9: M4 | C9: 43 | D9: 22 | E9: 0 | F9: 31 | G9: 36 | H9: 5 | J9: 5 | K9: K | L9: A | M9: GK | N9: K | O9: M5 | Q9: 8 | R9: 7 | S9: 17 | T9: 8 | U9: 6 | W9: 1 | X9: 1 | Y9: 1 | Z9: 1 | AA9: 1 | AC9: M2 | AD9: 3 | AE9: 12 | AF9: 0 | AG9: 3 | AH9: 8 | AJ9: M2 | AK9: 3 | AL9: 12 | AM9: 0 | AN9: 3 | AO9: 8
A10: M5 | B10: M5 | C10: 42 | D10: 22 | E10: 0 | F10: 27 | G10: 34 | H10: 6 | J10: 6 | K10: M3 | L10: Q | M10: GA | N10: G4 | O10: M4 | Q10: 4 | R10: 9 | S10: 16 | T10: 14 | U10: 5 | W10: 1 | X10: 1 | Y10: 1 | Z10: 1 | AA10: 1 | AC10: M3 | AD10: 7 | AE10: 13 | AF10: 0 | AG10: 7 | AH10: 14 | AJ10: M3 | AK10: 7 | AL10: 13 | AM10: 0 | AN10: 7 | AO10: 14
A11: A | B11: A | C11: 43 | D11: 27 | E11: 0 | F11: 31 | G11: 35 | H11: 7 | J11: 7 | K11: M5 | L11: GQ | M11: GK | N11: GK | O11: M5 | Q11: 6 | R11: 18 | S11: 17 | T11: 17 | U11: 6 | W11: 1 | X11: 1 | Y11: 1 | Z11: 1 | AA11: 1 | AC11: M4 | AD11: 43 | AE11: 22 | AF11: 0 | AG11: 31 | AH11: 36 | AJ11: M4 | AK11: 43 | AL11: 22 | AM11: 0 | AN11: 31 | AO11: 36
A12: K | B12: K | C12: 43 | D12: 24 | E12: 0 | F12: 32 | G12: 34 | H12: 8 | J12: 8 | K12: J | L12: M2 | M12: GA | N12: A | O12: A | Q12: 10 | R12: 3 | S12: 16 | T12: 7 | U12: 7 | W12: 1 | X12: 1 | Y12: 1 | Z12: 1 | AA12: 1 | AC12: M5 | AD12: 42 | AE12: 22 | AF12: 0 | AG12: 27 | AH12: 34 | AJ12: M5 | AK12: 42 | AL12: 22 | AM12: 0 | AN12: 27 | AO12: 34
A13: Q | B13: Q | C13: 7 | D13: 12 | E13: 0 | F13: 6 | G13: 13 | H13: 9 | J13: 9 | K13: M1 | L13: GA | M13: G5 | N13: G4 | O13: Q | Q13: 2 | R13: 16 | S13: 15 | T13: 14 | U13: 9 | W13: 1 | X13: 1 | Y13: 1 | Z13: 1 | AA13: 1 | AC13: A | AD13: 43 | AE13: 27 | AF13: 0 | AG13: 31 | AH13: 35 | AJ13: A | AK13: 43 | AL13: 27 | AM13: 0 | AN13: 31 | AO13: 35
A14: J | B14: J | C14: 7 | D14: 8 | E14: 0 | F14: 7 | G14: 14 | H14: 10 | J14: 10 | K14: A | L14: K | M14: GA | N14: M4 | O14: M1 | Q14: 7 | R14: 8 | S14: 16 | T14: 5 | U14: 2 | W14: 1 | X14: 1 | Y14: 1 | Z14: 1 | AA14: 1 | AC14: K | AD14: 43 | AE14: 24 | AF14: 0 | AG14: 32 | AH14: 34 | AJ14: K | AK14: 43 | AL14: 24 | AM14: 0 | AN14: 32 | AO14: 34
A15: G1 | B15: Rainbow M1 | C15: 0 | D15: 2 | E15: 3 | F15: 1 | G15: 0 | H15: 11 | J15: 11 | K15: M5 | L15: GK | M15: GJ | N15: J | O15: Q | Q15: 6 | R15: 17 | S15: 19 | T15: 10 | U15: 9 | W15: 1 | X15: 1 | Y15: 1 | Z15: 1 | AA15: 1 | AC15: Q | AD15: 7 | AE15: 12 | AF15: 0 | AG15: 6 | AH15: 13 | AJ15: Q | AK15: 7 | AL15: 12 | AM15: 0 | AN15: 6 | AO15: 13
A16: G2 | B16: Rainbow M2 | C16: 0 | D16: 3 | E16: 3 | F16: 1 | G16: 0 | H16: 12 | J16: 12 | K16: J | L16: M5 | M16: G3 | N16: M2 | O16: M3 | Q16: 10 | R16: 6 | S16: 13 | T16: 3 | U16: 4 | W16: 1 | X16: 1 | Y16: 1 | Z16: 1 | AA16: 1 | AC16: J | AD16: 7 | AE16: 8 | AF16: 0 | AG16: 7 | AH16: 14 | AJ16: J | AK16: 7 | AL16: 8 | AM16: 0 | AN16: 7 | AO16: 14
A17: G3 | B17: Rainbow M3 | C17: 0 | D17: 3 | E17: 8 | F17: 2 | G17: 0 | H17: 13 | J17: 13 | K17: M4 | L17: G4 | M17: GA | N17: K | O17: K | Q17: 5 | R17: 14 | S17: 16 | T17: 8 | U17: 8 | W17: 1 | X17: 1 | Y17: 1 | Z17: 1 | AA17: 1 | AC17: G1 | AD17: 0 | AE17: 3 | AF17: 3 | AG17: 2 | AH17: 0 | AJ17: G1 | AK17: 0 | AL17: 3 | AM17: 3 | AN17: 2 | AO17: 0
... A23: GJ | B23: Rainbow J | C23: 0 | D23: 2 | E23: 9 | F23: 2 | G23: 0 | H23: 19 | J23: 19 | K23: M2 | L23: J | M23: G4 | N23: K | O23: Q | Q23: 3 | R23: 10 | S23: 14 | T23: 8 | U23: 9 | W23: 1 | X23: 1 | Y23: 1 | Z23: 1 | AA23: 1 | AC23: GK | AD23: 0 | AE23: 10 | AF23: 44 | AG23: 11 | AH23: 0 | AJ23: GK | AK23: 0 | AL23: 10 | AM23: 44 | AN23: 11 | AO23: 0
C24: 200 | D24: 200 | E24: 200 | F24: 200 | G24: 200 | J24: 20 | K24: C1 | L24: M2 | M24: GA | N24: M5 | O24: A | Q24: 1 | R24: 3 | S24: 16 | T24: 6 | U24: 7 | W24: 1 | X24: 1 | Y24: 1 | Z24: 1 | AA24: 1 | AC24: GQ | AD24: 0 | AE24: 4 | AF24: 6 | AG24: 2 | AH24: 0 | AJ24: GQ | AK24: 0 | AL24: 4 | AM24: 6 | AN24: 2 | AO24: 0
J25: 21 | K25: K | L25: A | M25: GK | N25: A | O25: Q | Q25: 8 | R25: 7 | S25: 17 | T25: 7 | U25: 9 | W25: 1 | X25: 1 | Y25: 1 | Z25: 1 | AA25: 1 | AC25: GJ | AD25: 0 | AE25: 3 | AF25: 9 | AG25: 3 | AH25: 0 | AJ25: GJ | AK25: 0 | AL25: 3 | AM25: 9 | AN25: 3 | AO25: 0
B26: Normal Symbol | C26: 1 | D26: 0.76 | E26: 0 | F26: 0.75 | G26: 1 | J26: 22 | K26: M5 | L26: M5 | M26: GJ | N26: M2 | O26: K | Q26: 6 | R26: 6 | S26: 19 | T26: 3 | U26: 8 | W26: 1 | X26: 1 | Y26: 1 | Z26: 1 | AA26: 1 | AD26: 199 | AE26: 208 | AF26: 198 | AG26: 207 | AH26: 198 | AK26: 199 | AL26: 208 | AM26: 198 | AN26: 207 | AO26: 198
B27: Rainbow Symbol | C27: 0 | D27: 0.24 | E27: 1 | F27: 0.25 | G27: 0 | J27: 23 | K27: A | L27: Q | M27: GK | N27: G4 | O27: M2 | Q27: 7 | R27: 9 | S27: 17 | T27: 14 | U27: 3 | W27: 1 | X27: 1 | Y27: 1 | Z27: 1 | AA27: 1
J28: 24 | K28: M5 | L28: A | M28: GA | N28: K | O28: A | Q28: 6 | R28: 7 | S28: 16 | T28: 8 | U28: 7 | W28: 1 | X28: 1 | Y28: 1 | Z28: 1 | AA28: 1 | AC28: 2 Combo | AJ28: 2 Combo
J29: 25 | K29: Q | L29: M4 | M29: G4 | N29: A | O29: M3 | Q29: 9 | R29: 5 | S29: 14 | T29: 7 | U29: 4 | W29: 1 | X29: 1 | Y29: 1 | Z29: 1 | AA29: 1 | AC29: Symbol | AD29: R1 | AE29: R2 | AF29: R3 | AG29: R4 | AH29: R5 | AJ29: Symbol | AK29: R1 | AL29: R2 | AM29: R3 | AN29: R4 | AO29: R5
J30: 26 | K30: A | L30: A | M30: GJ | N30: G4 | O30: M1 | Q30: 7 | R30: 7 | S30: 19 | T30: 14 | U30: 2 | W30: 1 | X30: 1 | Y30: 1 | Z30: 1 | AA30: 1 | AC30: WW | AD30: 0 | AE30: 0 | AF30: 0 | AG30: 0 | AH30: 0 | AJ30: WW | AK30: 0 | AL30: 0 | AM30: 0 | AN30: 0 | AO30: 0
J31: 27 | K31: M5 | L31: M2 | M31: GK | N31: GA | O31: J | Q31: 6 | R31: 3 | S31: 17 | T31: 16 | U31: 10 | W31: 1 | X31: 1 | Y31: 1 | Z31: 1 | AA31: 1 | AC31: C1 | AD31: 1 | AE31: 1 | AF31: 0 | AG31: 1 | AH31: 1 | AJ31: C1 | AK31: 1 | AL31: 1 | AM31: 0 | AN31: 1 | AO31: 1
J32: 28 | K32: K | L32: A | M32: GA | N32: M5 | O32: A | Q32: 8 | R32: 7 | S32: 16 | T32: 6 | U32: 7 | W32: 1 | X32: 1 | Y32: 1 | Z32: 1 | AA32: 1 | AC32: M1 | AD32: 3 | AE32: 10 | AF32: 0 | AG32: 3 | AH32: 9 | AJ32: M1 | AK32: 3 | AL32: 10 | AM32: 0 | AN32: 3 | AO32: 9
J33: 29 | K33: M4 | L33: K | M33: GK | N33: G5 | O33: M1 | Q33: 5 | R33: 8 | S33: 17 | T33: 15 | U33: 2 | W33: 1 | X33: 1 | Y33: 1 | Z33: 1 | AA33: 1 | AC33: M2 | AD33: 3 | AE33: 12 | AF33: 0 | AG33: 3 | AH33: 8 | AJ33: M2 | AK33: 3 | AL33: 12 | AM33: 0 | AN33: 3 | AO33: 8
J34: 30 | K34: J | L34: GA | M34: GA | N34: K | O34: M4 | Q34: 10 | R34: 16 | S34: 16 | T34: 8 | U34: 5 | W34: 1 | X34: 1 | Y34: 1 | Z34: 1 | AA34: 1 | AC34: M3 | AD34: 7 | AE34: 13 | AF34: 0 | AG34: 7 | AH34: 14 | AJ34: M3 | AK34: 7 | AL34: 13 | AM34: 0 | AN34: 7 | AO34: 14
J35: 31 | K35: M4 | L35: M5 | M35: GK | N35: M5 | O35: K | Q35: 5 | R35: 6 | S35: 17 | T35: 6 | U35: 8 | W35: 1 | X35: 1 | Y35: 1 | Z35: 1 | AA35: 1 | AC35: M4 | AD35: 43 | AE35: 22 | AF35: 0 | AG35: 31 | AH35: 36 | AJ35: M4 | AK35: 43 | AL35: 22 | AM35: 0 | AN35: 31 | AO35: 36
J36: 32 | K36: M5 | L36: M3 | M36: G3 | N36: G5 | O36: M3 | Q36: 6 | R36: 4 | S36: 13 | T36: 15 | U36: 4 | W36: 1 | X36: 1 | Y36: 1 | Z36: 1 | AA36: 1 | AC36: M5 | AD36: 42 | AE36: 22 | AF36: 0 | AG36: 27 | AH36: 34 | AJ36: M5 | AK36: 42 | AL36: 22 | AM36: 0 | AN36: 27 | AO36: 34
J37: 33 | K37: K | L37: GQ | M37: GA | N37: A | O37: M1 | Q37: 8 | R37: 18 | S37: 16 | T37: 7 | U37: 2 | W37: 1 | X37: 1 | Y37: 1 | Z37: 1 | AA37: 1 | AC37: A | AD37: 43 | AE37: 27 | AF37: 0 | AG37: 31 | AH37: 35 | AJ37: A | AK37: 43 | AL37: 27 | AM37: 0 | AN37: 31 | AO37: 35
J38: 34 | K38: A | L38: M4 | M38: GQ | N38: GK | O38: M5 | Q38: 7 | R38: 5 | S38: 18 | T38: 17 | U38: 6 | W38: 1 | X38: 1 | Y38: 1 | Z38: 1 | AA38: 1 | AC38: K | AD38: 43 | AE38: 24 | AF38: 0 | AG38: 32 | AH38: 34 | AJ38: K | AK38: 43 | AL38: 24 | AM38: 0 | AN38: 32 | AO38: 34
J39: 35 | K39: M5 | L39: M3 | M39: G5 | N39: M3 | O39: M4 | Q39: 6 | R39: 4 | S39: 15 | T39: 4 | U39: 5 | W39: 1 | X39: 1 | Y39: 1 | Z39: 1 | AA39: 1 | AC39: Q | AD39: 7 | AE39: 12 | AF39: 0 | AG39: 6 | AH39: 13 | AJ39: Q | AK39: 7 | AL39: 12 | AM39: 0 | AN39: 6 | AO39: 13
J40: 36 | K40: M4 | L40: M4 | M40: GA | N40: K | O40: A | Q40: 5 | R40: 5 | S40: 16 | T40: 8 | U40: 7 | W40: 1 | X40: 1 | Y40: 1 | Z40: 1 | AA40: 1 | AC40: J | AD40: 7 | AE40: 8 | AF40: 0 | AG40: 7 | AH40: 14 | AJ40: J | AK40: 7 | AL40: 8 | AM40: 0 | AN40: 7 | AO40: 14
J41: 37 | K41: M5 | L41: M5 | M41: GJ | N41: G1 | O41: M5 | Q41: 6 | R41: 6 | S41: 19 | T41: 11 | U41: 6 | W41: 1 | X41: 1 | Y41: 1 | Z41: 1 | AA41: 1 | AC41: G1 | AD41: 0 | AE41: 3 | AF41: 3 | AG41: 2 | AH41: 0 | AJ41: G1 | AK41: 0 | AL41: 3 | AM41: 3 | AN41: 2 | AO41: 0
... J49: 45 | K49: A | L49: M5 | M49: GA | N49: G5 | O49: M3 | Q49: 7 | R49: 6 | S49: 16 | T49: 15 | U49: 4 | W49: 1 | X49: 1 | Y49: 1 | Z49: 1 | AA49: 1 | AC49: GJ | AD49: 0 | AE49: 3 | AF49: 9 | AG49: 3 | AH49: 0 | AJ49: GJ | AK49: 0 | AL49: 3 | AM49: 9 | AN49: 3 | AO49: 0
J50: 46 | K50: M5 | L50: G5 | M50: G5 | N50: A | O50: A | Q50: 6 | R50: 15 | S50: 15 | T50: 7 | U50: 7 | W50: 1 | X50: 1 | Y50: 1 | Z50: 1 | AA50: 1 | AD50: 199 | AE50: 208 | AF50: 198 | AG50: 207 | AH50: 198 | AK50: 199 | AL50: 208 | AM50: 198 | AN50: 207 | AO50: 198
J51: 47 | K51: K | L51: K | M51: GA | N51: M3 | O51: J | Q51: 8 | R51: 8 | S51: 16 | T51: 4 | U51: 10 | W51: 1 | X51: 1 | Y51: 1 | Z51: 1 | AA51: 1
J52: 48 | K52: M4 | L52: M5 | M52: GK | N52: GK | O52: M1 | Q52: 5 | R52: 6 | S52: 17 | T52: 17 | U52: 2 | W52: 1 | X52: 1 | Y52: 1 | Z52: 1 | AA52: 1 | AC52: 3+ Combo | AJ52: 3+ Combo
J53: 49 | K53: M5 | L53: K | M53: G4 | N53: K | O53: A | Q53: 6 | R53: 8 | S53: 14 | T53: 8 | U53: 7 | W53: 1 | X53: 1 | Y53: 1 | Z53: 1 | AA53: 1 | AC53: Symbol | AD53: R1 | AE53: R2 | AF53: R3 | AG53: R4 | AH53: R5 | AJ53: Symbol | AK53: R1 | AL53: R2 | AM53: R3 | AN53: R4 | AO53: R5
J54: 50 | K54: A | L54: A | M54: GA | N54: M4 | O54: K | Q54: 7 | R54: 7 | S54: 16 | T54: 5 | U54: 8 | W54: 1 | X54: 1 | Y54: 1 | Z54: 1 | AA54: 1 | AC54: WW | AD54: 0 | AE54: 0 | AF54: 0 | AG54: 0 | AH54: 0 | AJ54: WW | AK54: 0 | AL54: 0 | AM54: 0 | AN54: 0 | AO54: 0
J55: 51 | K55: M4 | L55: M2 | M55: GK | N55: G4 | O55: A | Q55: 5 | R55: 3 | S55: 17 | T55: 14 | U55: 7 | W55: 1 | X55: 1 | Y55: 1 | Z55: 1 | AA55: 1 | AC55: C1 | AD55: 1 | AE55: 1 | AF55: 0 | AG55: 1 | AH55: 1 | AJ55: C1 | AK55: 1 | AL55: 1 | AM55: 0 | AN55: 1 | AO55: 1
J56: 52 | K56: K | L56: A | M56: G4 | N56: M5 | O56: K | Q56: 8 | R56: 7 | S56: 14 | T56: 6 | U56: 8 | W56: 1 | X56: 1 | Y56: 1 | Z56: 1 | AA56: 1 | AC56: M1 | AD56: 3 | AE56: 10 | AF56: 0 | AG56: 3 | AH56: 9 | AJ56: M1 | AK56: 3 | AL56: 10 | AM56: 0 | AN56: 3 | AO56: 9
J57: 53 | K57: A | L57: G4 | M57: G2 | N57: M3 | O57: M4 | Q57: 7 | R57: 14 | S57: 12 | T57: 4 | U57: 5 | W57: 1 | X57: 1 | Y57: 1 | Z57: 1 | AA57: 1 | AC57: M2 | AD57: 3 | AE57: 12 | AF57: 0 | AG57: 3 | AH57: 8 | AJ57: M2 | AK57: 3 | AL57: 12 | AM57: 0 | AN57: 3 | AO57: 8
J58: 54 | K58: M4 | L58: Q | M58: GK | N58: K | O58: A | Q58: 5 | R58: 9 | S58: 17 | T58: 8 | U58: 7 | W58: 1 | X58: 1 | Y58: 1 | Z58: 1 | AA58: 1 | AC58: M3 | AD58: 7 | AE58: 13 | AF58: 0 | AG58: 7 | AH58: 14 | AJ58: M3 | AK58: 7 | AL58: 13 | AM58: 0 | AN58: 7 | AO58: 14
J59: 55 | K59: A | L59: M3 | M59: G4 | N59: Q | O59: K | Q59: 7 | R59: 4 | S59: 14 | T59: 9 | U59: 8 | W59: 1 | X59: 1 | Y59: 1 | Z59: 1 | AA59: 1 | AC59: M4 | AD59: 43 | AE59: 22 | AF59: 0 | AG59: 31 | AH59: 36 | AJ59: M4 | AK59: 43 | AL59: 22 | AM59: 0 | AN59: 31 | AO59: 36
J60: 56 | K60: M3 | L60: M2 | M60: GQ | N60: M5 | O60: M5 | Q60: 4 | R60: 3 | S60: 18 | T60: 6 | U60: 6 | W60: 1 | X60: 1 | Y60: 1 | Z60: 1 | AA60: 1 | AC60: M5 | AD60: 42 | AE60: 22 | AF60: 0 | AG60: 27 | AH60: 34 | AJ60: M5 | AK60: 42 | AL60: 22 | AM60: 0 | AN60: 27 | AO60: 34
J61: 57 | K61: M4 | L61: K | M61: G4 | N61: G4 | O61: K | Q61: 5 | R61: 8 | S61: 14 | T61: 14 | U61: 8 | W61: 1 | X61: 1 | Y61: 1 | Z61: 1 | AA61: 1 | AC61: A | AD61: 43 | AE61: 27 | AF61: 0 | AG61: 31 | AH61: 35 | AJ61: A | AK61: 43 | AL61: 27 | AM61: 0 | AN61: 31 | AO61: 35
J62: 58 | K62: M5 | L62: C1 | M62: G5 | N62: Q | O62: M4 | Q62: 6 | R62: 1 | S62: 15 | T62: 9 | U62: 5 | W62: 1 | X62: 1 | Y62: 1 | Z62: 1 | AA62: 1 | AC62: K | AD62: 43 | AE62: 24 | AF62: 0 | AG62: 32 | AH62: 34 | AJ62: K | AK62: 43 | AL62: 24 | AM62: 0 | AN62: 32 | AO62: 34
J63: 59 | K63: C1 | L63: M2 | M63: G4 | N63: M1 | O63: A | Q63: 1 | R63: 3 | S63: 14 | T63: 2 | U63: 7 | W63: 1 | X63: 1 | Y63: 1 | Z63: 1 | AA63: 1 | AC63: Q | AD63: 7 | AE63: 12 | AF63: 0 | AG63: 6 | AH63: 13 | AJ63: Q | AK63: 7 | AL63: 12 | AM63: 0 | AN63: 6 | AO63: 13
J64: 60 | K64: K | L64: J | M64: GK | N64: Q | O64: M4 | Q64: 8 | R64: 10 | S64: 17 | T64: 9 | U64: 5 | W64: 1 | X64: 1 | Y64: 1 | Z64: 1 | AA64: 1 | AC64: J | AD64: 7 | AE64: 8 | AF64: 0 | AG64: 7 | AH64: 14 | AJ64: J | AK64: 7 | AL64: 8 | AM64: 0 | AN64: 7 | AO64: 14
J65: 61 | K65: M5 | L65: A | M65: GA | N65: GA | O65: M3 | Q65: 6 | R65: 7 | S65: 16 | T65: 16 | U65: 4 | W65: 1 | X65: 1 | Y65: 1 | Z65: 1 | AA65: 1 | AC65: G1 | AD65: 0 | AE65: 3 | AF65: 3 | AG65: 2 | AH65: 0 | AJ65: G1 | AK65: 0 | AL65: 3 | AM65: 3 | AN65: 2 | AO65: 0
... J73: 69 | K73: M5 | L73: Q | M73: GK | N73: J | O73: M5 | Q73: 6 | R73: 9 | S73: 17 | T73: 10 | U73: 6 | W73: 1 | X73: 1 | Y73: 1 | Z73: 1 | AA73: 1 | AC73: GJ | AD73: 0 | AE73: 3 | AF73: 9 | AG73: 3 | AH73: 0 | AJ73: GJ | AK73: 0 | AL73: 3 | AM73: 9 | AN73: 3 | AO73: 0
J74: 70 | K74: K | L74: M4 | M74: G5 | N74: A | O74: M4 | Q74: 8 | R74: 5 | S74: 15 | T74: 7 | U74: 5 | W74: 1 | X74: 1 | Y74: 1 | Z74: 1 | AA74: 1 | AD74: 199 | AE74: 208 | AF74: 198 | AG74: 207 | AH74: 198 | AK74: 199 | AL74: 208 | AM74: 198 | AN74: 207 | AO74: 198
J75: 71 | K75: J | L75: GA | M75: GA | N75: M5 | O75: Q | Q75: 10 | R75: 16 | S75: 16 | T75: 6 | U75: 9 | W75: 1 | X75: 1 | Y75: 1 | Z75: 1 | AA75: 1
J76: 72 | K76: A | L76: A | M76: G5 | N76: K | O76: M5 | Q76: 7 | R76: 7 | S76: 15 | T76: 8 | U76: 6 | W76: 1 | X76: 1 | Y76: 1 | Z76: 1 | AA76: 1
J77: 73 | K77: M5 | L77: J | M77: G1 | N77: G3 | O77: M4 | Q77: 6 | R77: 10 | S77: 11 | T77: 13 | U77: 5 | W77: 1 | X77: 1 | Y77: 1 | Z77: 1 | AA77: 1
J78: 74 | K78: A | L78: M4 | M78: G5 | N78: K | O78: A | Q78: 7 | R78: 5 | S78: 15 | T78: 8 | U78: 7 | W78: 1 | X78: 1 | Y78: 1 | Z78: 1 | AA78: 1
J79: 75 | K79: K | L79: M2 | M79: G4 | N79: M4 | O79: M4 | Q79: 8 | R79: 3 | S79: 14 | T79: 5 | U79: 5 | W79: 1 | X79: 1 | Y79: 1 | Z79: 1 | AA79: 1
J80: 76 | K80: A | L80: A | M80: GA | N80: A | O80: M5 | Q80: 7 | R80: 7 | S80: 16 | T80: 7 | U80: 6 | W80: 1 | X80: 1 | Y80: 1 | Z80: 1 | AA80: 1
J81: 77 | K81: K | L81: M4 | M81: G4 | N81: M4 | O81: A | Q81: 8 | R81: 5 | S81: 14 | T81: 5 | U81: 7 | W81: 1 | X81: 1 | Y81: 1 | Z81: 1 | AA81: 1
J82: 78 | K82: A | L82: G3 | M82: GA | N82: GA | O82: J | Q82: 7 | R82: 13 | S82: 16 | T82: 16 | U82: 10 | W82: 1 | X82: 1 | Y82: 1 | Z82: 1 | AA82: 1
J83: 79 | K83: M4 | L83: M5 | M83: GJ | N83: M4 | O83: M1 | Q83: 5 | R83: 6 | S83: 19 | T83: 5 | U83: 2 | W83: 1 | X83: 1 | Y83: 1 | Z83: 1 | AA83: 1
J84: 80 | K84: M3 | L84: GJ | M84: G5 | N84: K | O84: M3 | Q84: 4 | R84: 19 | S84: 15 | T84: 8 | U84: 4 | W84: 1 | X84: 1 | Y84: 1 | Z84: 1 | AA84: 1
J85: 81 | K85: J | L85: G4 | M85: GK | N85: GA | O85: A | Q85: 10 | R85: 14 | S85: 17 | T85: 16 | U85: 7 | W85: 1 | X85: 1 | Y85: 1 | Z85: 1 | AA85: 1
J86: 82 | K86: M4 | L86: K | M86: GJ | N86: J | O86: K | Q86: 5 | R86: 8 | S86: 19 | T86: 10 | U86: 8 | W86: 1 | X86: 1 | Y86: 1 | Z86: 1 | AA86: 1
... J203: 199 | K203: M4 | L203: M4 | M203: G4 | N203: M4 | O203: M4 | Q203: 5 | R203: 5 | S203: 14 | T203: 5 | U203: 5 | W203: 1 | X203: 1 | Y203: 1 | Z203: 1 | AA203: 1

Sheet FG_Symbol (2)
J2: Symbol | Q2: Symbol ID | W2: Symbol Weight | AC2: Eliminate Wheel Weight A | AJ2: Eliminate Wheel Weight B
A3: Symbol | B3: Description | C3: R1 | D3: R2 | E3: R3 | F3: R4 | G3: R5 | H3: ID | K3: R1 | L3: R2 | M3: R3 | N3: R4 | O3: R5 | Q3: R1 | R3: R2 | S3: R3 | T3: R4 | U3: R5 | W3: R1 | X3: R2 | Y3: R3 | Z3: R4 | AA3: R5
A4: WW | B4: Wild | C4: 0 | D4: 0 | E4: 0 | F4: 0 | G4: 0 | H4: 0 | J4: 0 | K4: A | L4: M5 | M4: G4 | N4: M5 | O4: A | Q4: 7 | R4: 6 | S4: 14 | T4: 6 | U4: 7 | W4: 1 | X4: 1 | Y4: 1 | Z4: 1 | AA4: 1 | AC4: 1 Combo | AJ4: 1 Combo
A5: C1 | B5: Scatter | C5: 3 | D5: 3 | E5: 0 | F5: 5 | G5: 5 | H5: 1 | J5: 1 | K5: M5 | L5: GJ | M5: GK | N5: M4 | O5: M2 | Q5: 6 | R5: 19 | S5: 17 | T5: 5 | U5: 3 | W5: 1 | X5: 1 | Y5: 1 | Z5: 1 | AA5: 1 | AC5: Symbol | AD5: R1 | AE5: R2 | AF5: R3 | AG5: R4 | AH5: R5 | AJ5: Symbol | AK5: R1 | AL5: R2 | AM5: R3 | AN5: R4 | AO5: R5
A6: M1 | B6: M1 | C6: 3 | D6: 10 | E6: 0 | F6: 3 | G6: 9 | H6: 2 | J6: 2 | K6: A | L6: GA | M6: G4 | N6: J | O6: M4 | Q6: 7 | R6: 16 | S6: 14 | T6: 10 | U6: 5 | W6: 1 | X6: 1 | Y6: 1 | Z6: 1 | AA6: 1 | AC6: WW | AD6: 0 | AE6: 0 | AF6: 0 | AG6: 0 | AH6: 0 | AJ6: WW | AK6: 0 | AL6: 0 | AM6: 0 | AN6: 0 | AO6: 0
A7: M2 | B7: M2 | C7: 3 | D7: 12 | E7: 0 | F7: 3 | G7: 8 | H7: 3 | J7: 3 | K7: K | L7: M5 | M7: G5 | N7: A | O7: M5 | Q7: 8 | R7: 6 | S7: 15 | T7: 7 | U7: 6 | W7: 1 | X7: 1 | Y7: 1 | Z7: 1 | AA7: 1 | AC7: C1 | AD7: 1 | AE7: 1 | AF7: 0 | AG7: 1 | AH7: 1 | AJ7: C1 | AK7: 1 | AL7: 1 | AM7: 0 | AN7: 1 | AO7: 1
A8: M3 | B8: M3 | C8: 7 | D8: 13 | E8: 0 | F8: 7 | G8: 14 | H8: 4 | J8: 4 | K8: M5 | L8: G5 | M8: GA | N8: K | O8: M3 | Q8: 6 | R8: 15 | S8: 16 | T8: 8 | U8: 4 | W8: 1 | X8: 1 | Y8: 1 | Z8: 1 | AA8: 1 | AC8: M1 | AD8: 3 | AE8: 10 | AF8: 0 | AG8: 3 | AH8: 9 | AJ8: M1 | AK8: 3 | AL8: 10 | AM8: 0 | AN8: 3 | AO8: 9
A9: M4 | B9: M4 | C9: 43 | D9: 23 | E9: 0 | F9: 33 | G9: 35 | H9: 5 | J9: 5 | K9: C1 | L9: K | M9: G4 | N9: G5 | O9: M1 | Q9: 1 | R9: 8 | S9: 14 | T9: 15 | U9: 2 | W9: 1 | X9: 1 | Y9: 1 | Z9: 1 | AA9: 1 | AC9: M2 | AD9: 3 | AE9: 12 | AF9: 0 | AG9: 3 | AH9: 8 | AJ9: M2 | AK9: 3 | AL9: 12 | AM9: 0 | AN9: 3 | AO9: 8
A10: M5 | B10: M5 | C10: 42 | D10: 23 | E10: 0 | F10: 33 | G10: 34 | H10: 6 | J10: 6 | K10: A | L10: M1 | M10: G5 | N10: M4 | O10: K | Q10: 7 | R10: 2 | S10: 15 | T10: 5 | U10: 8 | W10: 1 | X10: 1 | Y10: 1 | Z10: 1 | AA10: 1 | AC10: M3 | AD10: 7 | AE10: 13 | AF10: 0 | AG10: 7 | AH10: 14 | AJ10: M3 | AK10: 7 | AL10: 13 | AM10: 0 | AN10: 7 | AO10: 14
A11: A | B11: A | C11: 43 | D11: 27 | E11: 0 | F11: 33 | G11: 34 | H11: 7 | J11: 7 | K11: K | L11: G4 | M11: GK | N11: M2 | O11: A | Q11: 8 | R11: 14 | S11: 17 | T11: 3 | U11: 7 | W11: 1 | X11: 1 | Y11: 1 | Z11: 1 | AA11: 1 | AC11: M4 | AD11: 43 | AE11: 22 | AF11: 0 | AG11: 31 | AH11: 36 | AJ11: M4 | AK11: 43 | AL11: 22 | AM11: 0 | AN11: 31 | AO11: 36
A12: K | B12: K | C12: 43 | D12: 25 | E12: 0 | F12: 34 | G12: 34 | H12: 8 | J12: 8 | K12: A | L12: K | M12: G3 | N12: G5 | O12: J | Q12: 7 | R12: 8 | S12: 13 | T12: 15 | U12: 10 | W12: 1 | X12: 1 | Y12: 1 | Z12: 1 | AA12: 1 | AC12: M5 | AD12: 42 | AE12: 22 | AF12: 0 | AG12: 27 | AH12: 34 | AJ12: M5 | AK12: 42 | AL12: 22 | AM12: 0 | AN12: 27 | AO12: 34
A13: Q | B13: Q | C13: 7 | D13: 12 | E13: 0 | F13: 6 | G13: 13 | H13: 9 | J13: 9 | K13: J | L13: M1 | M13: G5 | N13: GQ | O13: M3 | Q13: 10 | R13: 2 | S13: 15 | T13: 18 | U13: 4 | W13: 1 | X13: 1 | Y13: 1 | Z13: 1 | AA13: 1 | AC13: A | AD13: 43 | AE13: 27 | AF13: 0 | AG13: 31 | AH13: 35 | AJ13: A | AK13: 43 | AL13: 27 | AM13: 0 | AN13: 31 | AO13: 35
A14: J | B14: J | C14: 6 | D14: 8 | E14: 0 | F14: 7 | G14: 14 | H14: 10 | J14: 10 | K14: M4 | L14: M5 | M14: GA | N14: G5 | O14: J | Q14: 5 | R14: 6 | S14: 16 | T14: 15 | U14: 10 | W14: 1 | X14: 1 | Y14: 1 | Z14: 1 | AA14: 1 | AC14: K | AD14: 43 | AE14: 24 | AF14: 0 | AG14: 32 | AH14: 34 | AJ14: K | AK14: 43 | AL14: 24 | AM14: 0 | AN14: 32 | AO14: 34
A15: G1 | B15: Rainbow M1 | C15: 0 | D15: 2 | E15: 3 | F15: 1 | G15: 0 | H15: 11 | J15: 11 | K15: K | L15: M4 | M15: G4 | N15: G4 | O15: K | Q15: 8 | R15: 5 | S15: 14 | T15: 14 | U15: 8 | W15: 1 | X15: 1 | Y15: 1 | Z15: 1 | AA15: 1 | AC15: Q | AD15: 7 | AE15: 12 | AF15: 0 | AG15: 6 | AH15: 13 | AJ15: Q | AK15: 7 | AL15: 12 | AM15: 0 | AN15: 6 | AO15: 13
A16: G2 | B16: Rainbow M2 | C16: 0 | D16: 3 | E16: 4 | F16: 1 | G16: 0 | H16: 12 | J16: 12 | K16: M4 | L16: M2 | M16: GK | N16: M4 | O16: A | Q16: 5 | R16: 3 | S16: 17 | T16: 5 | U16: 7 | W16: 1 | X16: 1 | Y16: 1 | Z16: 1 | AA16: 1 | AC16: J | AD16: 7 | AE16: 8 | AF16: 0 | AG16: 7 | AH16: 14 | AJ16: J | AK16: 7 | AL16: 8 | AM16: 0 | AN16: 7 | AO16: 14
A17: G3 | B17: Rainbow M3 | C17: 0 | D17: 3 | E17: 8 | F17: 2 | G17: 0 | H17: 13 | J17: 13 | K17: M5 | L17: K | M17: G4 | N17: Q | O17: M4 | Q17: 6 | R17: 8 | S17: 14 | T17: 9 | U17: 5 | W17: 1 | X17: 1 | Y17: 1 | Z17: 1 | AA17: 1 | AC17: G1 | AD17: 0 | AE17: 3 | AF17: 3 | AG17: 2 | AH17: 0 | AJ17: G1 | AK17: 0 | AL17: 3 | AM17: 3 | AN17: 2 | AO17: 0
... A23: GJ | B23: Rainbow J | C23: 0 | D23: 2 | E23: 9 | F23: 2 | G23: 0 | H23: 19 | J23: 19 | K23: M3 | L23: M5 | M23: GQ | N23: K | O23: Q | Q23: 4 | R23: 6 | S23: 18 | T23: 8 | U23: 9 | W23: 1 | X23: 1 | Y23: 1 | Z23: 1 | AA23: 1 | AC23: GK | AD23: 0 | AE23: 10 | AF23: 44 | AG23: 11 | AH23: 0 | AJ23: GK | AK23: 0 | AL23: 10 | AM23: 44 | AN23: 11 | AO23: 0
C24: 200 | D24: 200 | E24: 200 | F24: 200 | G24: 200 | J24: 20 | K24: A | L24: A | M24: G5 | N24: G2 | O24: K | Q24: 7 | R24: 7 | S24: 15 | T24: 12 | U24: 8 | W24: 1 | X24: 1 | Y24: 1 | Z24: 1 | AA24: 1 | AC24: GQ | AD24: 0 | AE24: 4 | AF24: 6 | AG24: 2 | AH24: 0 | AJ24: GQ | AK24: 0 | AL24: 4 | AM24: 6 | AN24: 2 | AO24: 0
J25: 21 | K25: M5 | L25: G2 | M25: GA | N25: M5 | O25: M5 | Q25: 6 | R25: 12 | S25: 16 | T25: 6 | U25: 6 | W25: 1 | X25: 1 | Y25: 1 | Z25: 1 | AA25: 1 | AC25: GJ | AD25: 0 | AE25: 3 | AF25: 9 | AG25: 3 | AH25: 0 | AJ25: GJ | AK25: 0 | AL25: 3 | AM25: 9 | AN25: 3 | AO25: 0
B26: Normal Symbol | C26: 1 | D26: 0.78 | E26: 0 | F26: 0.82 | G26: 1 | J26: 22 | K26: M4 | L26: K | M26: G4 | N26: K | O26: M4 | Q26: 5 | R26: 8 | S26: 14 | T26: 8 | U26: 5 | W26: 1 | X26: 1 | Y26: 1 | Z26: 1 | AA26: 1 | AD26: 199 | AE26: 208 | AF26: 198 | AG26: 207 | AH26: 198 | AK26: 199 | AL26: 208 | AM26: 198 | AN26: 207 | AO26: 198
B27: Rainbow Symbol | C27: 0 | D27: 0.22 | E27: 1 | F27: 0.18 | G27: 0 | J27: 23 | K27: M5 | L27: M5 | M27: G5 | N27: GK | O27: A | Q27: 6 | R27: 6 | S27: 15 | T27: 17 | U27: 7 | W27: 1 | X27: 1 | Y27: 1 | Z27: 1 | AA27: 1
J28: 24 | K28: A | L28: M3 | M28: GA | N28: K | O28: M1 | Q28: 7 | R28: 4 | S28: 16 | T28: 8 | U28: 2 | W28: 1 | X28: 1 | Y28: 1 | Z28: 1 | AA28: 1 | AC28: 2 Combo | AJ28: 2 Combo
J29: 25 | K29: K | L29: M5 | M29: G4 | N29: A | O29: A | Q29: 8 | R29: 6 | S29: 14 | T29: 7 | U29: 7 | W29: 1 | X29: 1 | Y29: 1 | Z29: 1 | AA29: 1 | AC29: Symbol | AD29: R1 | AE29: R2 | AF29: R3 | AG29: R4 | AH29: R5 | AJ29: Symbol | AK29: R1 | AL29: R2 | AM29: R3 | AN29: R4 | AO29: R5
J30: 26 | K30: M4 | L30: K | M30: G5 | N30: K | O30: M4 | Q30: 5 | R30: 8 | S30: 15 | T30: 8 | U30: 5 | W30: 1 | X30: 1 | Y30: 1 | Z30: 1 | AA30: 1 | AC30: WW | AD30: 0 | AE30: 0 | AF30: 0 | AG30: 0 | AH30: 0 | AJ30: WW | AK30: 0 | AL30: 0 | AM30: 0 | AN30: 0 | AO30: 0
J31: 27 | K31: M5 | L31: A | M31: GA | N31: A | O31: A | Q31: 6 | R31: 7 | S31: 16 | T31: 7 | U31: 7 | W31: 1 | X31: 1 | Y31: 1 | Z31: 1 | AA31: 1 | AC31: C1 | AD31: 1 | AE31: 1 | AF31: 0 | AG31: 1 | AH31: 1 | AJ31: C1 | AK31: 1 | AL31: 1 | AM31: 0 | AN31: 1 | AO31: 1
J32: 28 | K32: K | L32: Q | M32: GJ | N32: M5 | O32: M3 | Q32: 8 | R32: 9 | S32: 19 | T32: 6 | U32: 4 | W32: 1 | X32: 1 | Y32: 1 | Z32: 1 | AA32: 1 | AC32: M1 | AD32: 3 | AE32: 10 | AF32: 0 | AG32: 3 | AH32: 9 | AJ32: M1 | AK32: 3 | AL32: 10 | AM32: 0 | AN32: 3 | AO32: 9
J33: 29 | K33: M4 | L33: M3 | M33: GA | N33: GA | O33: K | Q33: 5 | R33: 4 | S33: 16 | T33: 16 | U33: 8 | W33: 1 | X33: 1 | Y33: 1 | Z33: 1 | AA33: 1 | AC33: M2 | AD33: 3 | AE33: 12 | AF33: 0 | AG33: 3 | AH33: 8 | AJ33: M2 | AK33: 3 | AL33: 12 | AM33: 0 | AN33: 3 | AO33: 8
J34: 30 | K34: A | L34: Q | M34: G3 | N34: M4 | O34: M5 | Q34: 7 | R34: 9 | S34: 13 | T34: 5 | U34: 6 | W34: 1 | X34: 1 | Y34: 1 | Z34: 1 | AA34: 1 | AC34: M3 | AD34: 7 | AE34: 13 | AF34: 0 | AG34: 7 | AH34: 14 | AJ34: M3 | AK34: 7 | AL34: 13 | AM34: 0 | AN34: 7 | AO34: 14
J35: 31 | K35: K | L35: GK | M35: G5 | N35: G5 | O35: A | Q35: 8 | R35: 17 | S35: 15 | T35: 15 | U35: 7 | W35: 1 | X35: 1 | Y35: 1 | Z35: 1 | AA35: 1 | AC35: M4 | AD35: 43 | AE35: 22 | AF35: 0 | AG35: 31 | AH35: 36 | AJ35: M4 | AK35: 43 | AL35: 22 | AM35: 0 | AN35: 31 | AO35: 36
J36: 32 | K36: A | L36: A | M36: GK | N36: K | O36: Q | Q36: 7 | R36: 7 | S36: 17 | T36: 8 | U36: 9 | W36: 1 | X36: 1 | Y36: 1 | Z36: 1 | AA36: 1 | AC36: M5 | AD36: 42 | AE36: 22 | AF36: 0 | AG36: 27 | AH36: 34 | AJ36: M5 | AK36: 42 | AL36: 22 | AM36: 0 | AN36: 27 | AO36: 34
J37: 33 | K37: M5 | L37: M4 | M37: GA | N37: M4 | O37: J | Q37: 6 | R37: 5 | S37: 16 | T37: 5 | U37: 10 | W37: 1 | X37: 1 | Y37: 1 | Z37: 1 | AA37: 1 | AC37: A | AD37: 43 | AE37: 27 | AF37: 0 | AG37: 31 | AH37: 35 | AJ37: A | AK37: 43 | AL37: 27 | AM37: 0 | AN37: 31 | AO37: 35
J38: 34 | K38: M4 | L38: M3 | M38: G5 | N38: A | O38: A | Q38: 5 | R38: 4 | S38: 15 | T38: 7 | U38: 7 | W38: 1 | X38: 1 | Y38: 1 | Z38: 1 | AA38: 1 | AC38: K | AD38: 43 | AE38: 24 | AF38: 0 | AG38: 32 | AH38: 34 | AJ38: K | AK38: 43 | AL38: 24 | AM38: 0 | AN38: 32 | AO38: 34
J39: 35 | K39: K | L39: M2 | M39: GA | N39: GK | O39: M4 | Q39: 8 | R39: 3 | S39: 16 | T39: 17 | U39: 5 | W39: 1 | X39: 1 | Y39: 1 | Z39: 1 | AA39: 1 | AC39: Q | AD39: 7 | AE39: 12 | AF39: 0 | AG39: 6 | AH39: 13 | AJ39: Q | AK39: 7 | AL39: 12 | AM39: 0 | AN39: 6 | AO39: 13
J40: 36 | K40: M5 | L40: C1 | M40: GK | N40: J | O40: M5 | Q40: 6 | R40: 1 | S40: 17 | T40: 10 | U40: 6 | W40: 1 | X40: 1 | Y40: 1 | Z40: 1 | AA40: 1 | AC40: J | AD40: 7 | AE40: 8 | AF40: 0 | AG40: 7 | AH40: 14 | AJ40: J | AK40: 7 | AL40: 8 | AM40: 0 | AN40: 7 | AO40: 14
J41: 37 | K41: K | L41: G5 | M41: G5 | N41: M5 | O41: M3 | Q41: 8 | R41: 15 | S41: 15 | T41: 6 | U41: 4 | W41: 1 | X41: 1 | Y41: 1 | Z41: 1 | AA41: 1 | AC41: G1 | AD41: 0 | AE41: 3 | AF41: 3 | AG41: 2 | AH41: 0 | AJ41: G1 | AK41: 0 | AL41: 3 | AM41: 3 | AN41: 2 | AO41: 0
... J49: 45 | K49: M5 | L49: M4 | M49: G4 | N49: M5 | O49: J | Q49: 6 | R49: 5 | S49: 14 | T49: 6 | U49: 10 | W49: 1 | X49: 1 | Y49: 1 | Z49: 1 | AA49: 1 | AC49: GJ | AD49: 0 | AE49: 3 | AF49: 9 | AG49: 3 | AH49: 0 | AJ49: GJ | AK49: 0 | AL49: 3 | AM49: 9 | AN49: 3 | AO49: 0
J50: 46 | K50: K | L50: Q | M50: GJ | N50: GA | O50: M4 | Q50: 8 | R50: 9 | S50: 19 | T50: 16 | U50: 5 | W50: 1 | X50: 1 | Y50: 1 | Z50: 1 | AA50: 1 | AD50: 199 | AE50: 208 | AF50: 198 | AG50: 207 | AH50: 198 | AK50: 199 | AL50: 208 | AM50: 198 | AN50: 207 | AO50: 198
J51: 47 | K51: M4 | L51: M5 | M51: GA | N51: K | O51: M5 | Q51: 5 | R51: 6 | S51: 16 | T51: 8 | U51: 6 | W51: 1 | X51: 1 | Y51: 1 | Z51: 1 | AA51: 1
J52: 48 | K52: J | L52: M2 | M52: GK | N52: G4 | O52: M3 | Q52: 10 | R52: 3 | S52: 17 | T52: 14 | U52: 4 | W52: 1 | X52: 1 | Y52: 1 | Z52: 1 | AA52: 1 | AC52: 3+ Combo | AJ52: 3+ Combo
J53: 49 | K53: K | L53: A | M53: G5 | N53: G5 | O53: A | Q53: 8 | R53: 7 | S53: 15 | T53: 15 | U53: 7 | W53: 1 | X53: 1 | Y53: 1 | Z53: 1 | AA53: 1 | AC53: Symbol | AD53: R1 | AE53: R2 | AF53: R3 | AG53: R4 | AH53: R5 | AJ53: Symbol | AK53: R1 | AL53: R2 | AM53: R3 | AN53: R4 | AO53: R5
J54: 50 | K54: Q | L54: G5 | M54: G3 | N54: GK | O54: M1 | Q54: 9 | R54: 15 | S54: 13 | T54: 17 | U54: 2 | W54: 1 | X54: 1 | Y54: 1 | Z54: 1 | AA54: 1 | AC54: WW | AD54: 0 | AE54: 0 | AF54: 0 | AG54: 0 | AH54: 0 | AJ54: WW | AK54: 0 | AL54: 0 | AM54: 0 | AN54: 0 | AO54: 0
J55: 51 | K55: M4 | L55: M2 | M55: G4 | N55: M5 | O55: M5 | Q55: 5 | R55: 3 | S55: 14 | T55: 6 | U55: 6 | W55: 1 | X55: 1 | Y55: 1 | Z55: 1 | AA55: 1 | AC55: C1 | AD55: 1 | AE55: 1 | AF55: 0 | AG55: 1 | AH55: 1 | AJ55: C1 | AK55: 1 | AL55: 1 | AM55: 0 | AN55: 1 | AO55: 1
J56: 52 | K56: K | L56: M4 | M56: G3 | N56: K | O56: A | Q56: 8 | R56: 5 | S56: 13 | T56: 8 | U56: 7 | W56: 1 | X56: 1 | Y56: 1 | Z56: 1 | AA56: 1 | AC56: M1 | AD56: 3 | AE56: 10 | AF56: 0 | AG56: 3 | AH56: 9 | AJ56: M1 | AK56: 3 | AL56: 10 | AM56: 0 | AN56: 3 | AO56: 9
J57: 53 | K57: M1 | L57: G1 | M57: GK | N57: GA | O57: M4 | Q57: 2 | R57: 11 | S57: 17 | T57: 16 | U57: 5 | W57: 1 | X57: 1 | Y57: 1 | Z57: 1 | AA57: 1 | AC57: M2 | AD57: 3 | AE57: 12 | AF57: 0 | AG57: 3 | AH57: 8 | AJ57: M2 | AK57: 3 | AL57: 12 | AM57: 0 | AN57: 3 | AO57: 8
J58: 54 | K58: K | L58: C1 | M58: G4 | N58: GK | O58: K | Q58: 8 | R58: 1 | S58: 14 | T58: 17 | U58: 8 | W58: 1 | X58: 1 | Y58: 1 | Z58: 1 | AA58: 1 | AC58: M3 | AD58: 7 | AE58: 13 | AF58: 0 | AG58: 7 | AH58: 14 | AJ58: M3 | AK58: 7 | AL58: 13 | AM58: 0 | AN58: 7 | AO58: 14
J59: 55 | K59: M5 | L59: GA | M59: G5 | N59: K | O59: Q | Q59: 6 | R59: 16 | S59: 15 | T59: 8 | U59: 9 | W59: 1 | X59: 1 | Y59: 1 | Z59: 1 | AA59: 1 | AC59: M4 | AD59: 43 | AE59: 22 | AF59: 0 | AG59: 31 | AH59: 36 | AJ59: M4 | AK59: 43 | AL59: 22 | AM59: 0 | AN59: 31 | AO59: 36
J60: 56 | K60: M3 | L60: M4 | M60: GK | N60: M5 | O60: K | Q60: 4 | R60: 5 | S60: 17 | T60: 6 | U60: 8 | W60: 1 | X60: 1 | Y60: 1 | Z60: 1 | AA60: 1 | AC60: M5 | AD60: 42 | AE60: 22 | AF60: 0 | AG60: 27 | AH60: 34 | AJ60: M5 | AK60: 42 | AL60: 22 | AM60: 0 | AN60: 27 | AO60: 34
J61: 57 | K61: K | L61: M5 | M61: G5 | N61: M1 | O61: M3 | Q61: 8 | R61: 6 | S61: 15 | T61: 2 | U61: 4 | W61: 1 | X61: 1 | Y61: 1 | Z61: 1 | AA61: 1 | AC61: A | AD61: 43 | AE61: 27 | AF61: 0 | AG61: 31 | AH61: 35 | AJ61: A | AK61: 43 | AL61: 27 | AM61: 0 | AN61: 31 | AO61: 35
J62: 58 | K62: M5 | L62: G4 | M62: GA | N62: G4 | O62: J | Q62: 6 | R62: 14 | S62: 16 | T62: 14 | U62: 10 | W62: 1 | X62: 1 | Y62: 1 | Z62: 1 | AA62: 1 | AC62: K | AD62: 43 | AE62: 24 | AF62: 0 | AG62: 32 | AH62: 34 | AJ62: K | AK62: 43 | AL62: 24 | AM62: 0 | AN62: 32 | AO62: 34
J63: 59 | K63: K | L63: M1 | M63: G5 | N63: K | O63: M3 | Q63: 8 | R63: 2 | S63: 15 | T63: 8 | U63: 4 | W63: 1 | X63: 1 | Y63: 1 | Z63: 1 | AA63: 1 | AC63: Q | AD63: 7 | AE63: 12 | AF63: 0 | AG63: 6 | AH63: 13 | AJ63: Q | AK63: 7 | AL63: 12 | AM63: 0 | AN63: 6 | AO63: 13
J64: 60 | K64: M4 | L64: G2 | M64: GK | N64: M5 | O64: A | Q64: 5 | R64: 12 | S64: 17 | T64: 6 | U64: 7 | W64: 1 | X64: 1 | Y64: 1 | Z64: 1 | AA64: 1 | AC64: J | AD64: 7 | AE64: 8 | AF64: 0 | AG64: 7 | AH64: 14 | AJ64: J | AK64: 7 | AL64: 8 | AM64: 0 | AN64: 7 | AO64: 14
J65: 61 | K65: M5 | L65: M5 | M65: G3 | N65: M4 | O65: K | Q65: 6 | R65: 6 | S65: 13 | T65: 5 | U65: 8 | W65: 1 | X65: 1 | Y65: 1 | Z65: 1 | AA65: 1 | AC65: G1 | AD65: 0 | AE65: 3 | AF65: 3 | AG65: 2 | AH65: 0 | AJ65: G1 | AK65: 0 | AL65: 3 | AM65: 3 | AN65: 2 | AO65: 0
... J73: 69 | K73: K | L73: M4 | M73: G5 | N73: K | O73: M4 | Q73: 8 | R73: 5 | S73: 15 | T73: 8 | U73: 5 | W73: 1 | X73: 1 | Y73: 1 | Z73: 1 | AA73: 1 | AC73: GJ | AD73: 0 | AE73: 3 | AF73: 9 | AG73: 3 | AH73: 0 | AJ73: GJ | AK73: 0 | AL73: 3 | AM73: 9 | AN73: 3 | AO73: 0
J74: 70 | K74: M4 | L74: M5 | M74: GK | N74: M5 | O74: M1 | Q74: 5 | R74: 6 | S74: 17 | T74: 6 | U74: 2 | W74: 1 | X74: 1 | Y74: 1 | Z74: 1 | AA74: 1 | AD74: 199 | AE74: 208 | AF74: 198 | AG74: 207 | AH74: 198 | AK74: 199 | AL74: 208 | AM74: 198 | AN74: 207 | AO74: 198
J75: 71 | K75: K | L75: M3 | M75: G3 | N75: M4 | O75: M2 | Q75: 8 | R75: 4 | S75: 13 | T75: 5 | U75: 3 | W75: 1 | X75: 1 | Y75: 1 | Z75: 1 | AA75: 1
