Workbook

Sheet Overview
A2: Model: | B2: H026194
A3: Version: | B3: 1.0.0.0
A6: Base Bet
A7: 100
A10: Coin in | B10: Price(x) | C10: Total RTP | D10: Bet Type
A11: {=B11:B12*A7} -> 100 | B11: 1 | C11: =SUM(B17:B18) -> 0.93999989 | D11: Normal Bet
A12: 7500 | B12: 75 | C12: =SUM(B21:B22) -> 0.92499972 | D12: Buy Feature
A15: Total Pay Back Percentage includes the following adjustments.
A16: Bet Type | B16: Pay Back | C16: Hit% | D16: Pulls/Hit | E16: Description
A17: =D11 -> Normal Bet | B17: =Multiplier_Weight_Oldhand!C7 -> 0.70001109 | C17: =1/D17 -> 0.0041949845 | D17: =Multiplier_Weight_Oldhand!G7 -> 238.3799 | E17: Base Game
B18: =Multiplier_Weight_Oldhand!D7 -> 0.2399888 | E18: Free Game
A20: Bet Type | B20: Pay Back | C20: Hit% | D20: Pulls/Hit | E20: Description
A21: =D12 -> Buy Feature | B21: =Multiplier_Weight_Oldhand!C8 -> 0 | C21: =1/D21 -> 1 | D21: 1 | E21: Base Game
B22: =Multiplier_Weight_Oldhand!D8 -> 0.92499972 | E22: Free Game
A25: Reel # | B25: 1 | C25: 2 | D25: 3 | E25: 4 | F25: 5
A26: Visible Window Size | B26: 3 | C26: 3 | D26: 3 | E26: 3 | F26: 3
A29: Free Spins Setting
A30: C1 Num. | B30: Base Game | C30: Free Game
A31: 3 | B31: 15 | C31: 15
A32: 4 | B32: 17 | C32: 17
A33: 5 | B33: 19 | C33: 19
A34: The maximum of free spins is 50.
A36: Pay Table： | B36: ="All wins show for "&A7&" credit bet." -> All wins show for 100 credit bet.
A37: Symbol | B37: Description | C37: 3 | D37: 4 | E37: 5 | F37: Id
A38: WW | B38: Wild | C38: 0 | D38: 0 | E38: 0 | F38: 0
A39: C1 | B39: Scatter | C39: 0 | D39: 0 | E39: 0 | F39: 1
A40: M1 | B40: M1 | C40: 250 | D40: 1250 | E40: 5000 | F40: 2
A41: M2 | B41: M2 | C41: 100 | D41: 500 | E41: 2000 | F41: 3
A42: M3 | B42: M3 | C42: 75 | D42: 250 | E42: 1000 | F42: 4
A43: M4 | B43: M4 | C43: 50 | D43: 200 | E43: 750 | F43: 5
A44: M5 | B44: M5 | C44: 25 | D44: 100 | E44: 500 | F44: 6
A45: A | B45: A | C45: 10 | D45: 50 | E45: 250 | F45: 7
A46: K | B46: K | C46: 10 | D46: 50 | E46: 250 | F46: 8
A47: Q | B47: Q | C47: 10 | D47: 50 | E47: 250 | F47: 9
A48: J | B48: J | C48: 10 | D48: 50 | E48: 250 | F48: 10
A49: G1 | B49: Gold M1 | C49: 250 | D49: 1250 | E49: 5000 | F49: 11
... A57: GJ | B57: Gold J | C57: 10 | D57: 50 | E57: 250 | F57: 19

Sheet Description
B3: 7. BG 流程對應
B5: 7.1 BG 開局流程
B7: BG 每局的主要參數流程如下：
B8: 1. 先用 Table Selection Weight - Base Game 選出 BG table。
B9: 2. 再用該 strip 的 Symbol Weight R1~R5 抽停輪位置。
B10: 3. 依 Symbol ID R1~R5 生成初始盤面。
B11: 4. 盤面上的金框會先判定是否觸發 Used Special Pool Weight。
B12: 5. 若命中特殊池，該金框用 Multiple Selection Weight - Special Pool 抽倍率。
B13: 6. 若沒命中特殊池：
B14: - 且是 BG_Symbol (2) 則第 3 輪金框用 Multiple Selection Weight - Reel3 Before Eliminate
B15: - 其他輪金框用 Multiple Selection Weight - Before Eliminate
B16: 7. 再用 Eliminate Table Weight 決定本局是掉落表 A 或 B。
... B83: 5. BG_Symbol (3): 觸發 FG 用的表。得分少、C1 多，盡量不要有倍數百搭參與 → 控制進 FG 時的得分

Sheet Parameter
B3: Line | I3: Table Selection Weight - Base Game (Weight/Total) | N3: Multiple Selection Weight - Special Pool (Weight/Total) | AC3: Used Special Pool Weight (Weight/10000)
B4: ID | C4: R1 | D4: R2 | E4: R3 | F4: R4 | G4: R5 | I4: Worksheet Name | J4: Weight | K4: RTP | N4: Worksheet Name \ Multiple | O4: 0 | P4: 2 | Q4: 3 | R4: 5 | S4: 8 | T4: 10 | U4: 15 | V4: 20 | W4: 25 | X4: 35 | Y4: 50 | Z4: 80 | AA4: 100 | AC4: Worksheet Name \ Multiple | AD4: 1 | AE4: 2 | AF4: 3 | AG4: 4 | AH4: 5 | AI4: 6 | AJ4: 7 | AK4: 8 | AL4: 9
B5: {=_xlfn.SEQUENCE(20,,0)} -> 0 | C5: 1 | D5: 1 | E5: 1 | F5: 1 | G5: 1 | I5: BG_Symbol | J5: =10000-J6-J7 -> 7000 | L5: {=J5:J7/J8} -> 0.7 | N5: BG_Symbol | O5: =10000-SUM(P5:AA5) -> 0 | P5: 0 | Q5: 0 | R5: 0 | S5: 0 | T5: =10000-SUM(U5:AA5) -> 4140 | U5: 3000 | V5: 2000 | W5: 500 | X5: 60 | Y5: 120 | Z5: 60 | AA5: 120 | AB5: {=SUMPRODUCT(O5:AA5/SUM(O5:AA5),$O$4:$AA$4)} -> 16.38 | AC5: BG_Symbol | AD5: 300 | AE5: 600 | AF5: 1080 | AG5: 1440 | AH5: 2250 | AI5: 2700 | AJ5: 3150 | AK5: 3600 | AL5: 4050
B6: 1 | C6: 0 | D6: 0 | E6: 0 | F6: 0 | G6: 0 | I6: BG_Symbol (2) | J6: 1000 | L6: 0.1 | N6: BG_Symbol (2) | O6: =10000-SUM(P6:AA6) -> 0 | P6: 0 | Q6: 0 | R6: 0 | S6: 0 | T6: =10000-SUM(U6:AA6) -> 4970 | U6: 3000 | V6: 1350 | W6: 500 | X6: 30 | Y6: 60 | Z6: 30 | AA6: 60 | AB6: {=SUMPRODUCT(O6:AA6/SUM(O6:AA6),$O$4:$AA$4)} -> 14.665 | AC6: BG_Symbol (2) | AD6: 0 | AE6: 0 | AF6: 1050 | AG6: 1400 | AH6: 1750 | AI6: 2100 | AJ6: 3675 | AK6: 4200 | AL6: 4725
B7: 2 | C7: 2 | D7: 2 | E7: 2 | F7: 2 | G7: 2 | I7: BG_Symbol (3) | J7: 2000 | L7: 0.2 | N7: BG_Symbol (3) | O7: =10000-SUM(P7:AA7) -> 10000 | P7: 0 | Q7: 0 | R7: 0 | S7: 0 | T7: 0 | U7: 0 | V7: 0 | W7: 0 | X7: 0 | Y7: 0 | Z7: 0 | AA7: 0 | AB7: {=SUMPRODUCT(O7:AA7/SUM(O7:AA7),$O$4:$AA$4)} -> 0 | AC7: BG_Symbol (3) | AD7: 0 | AE7: 0 | AF7: 0 | AG7: 0 | AH7: 0 | AI7: 0 | AJ7: 0 | AK7: 0 | AL7: 0
B8: 3 | C8: 0 | D8: 1 | E8: 2 | F8: 1 | G8: 0 | J8: =SUM(J5:J7) -> 10000 | K8: =SUMPRODUCT(K5:K7,_xlfn.ANCHORARRAY(L5)) -> 0 | N8: FG_Symbol | O8: =10000-SUM(P8:AA8) -> 0 | P8: 0 | Q8: 0 | R8: 0 | S8: 0 | T8: =10000-SUM(U8:AA8) -> 4370 | U8: 2700 | V8: 1400 | W8: 270 | X8: 270 | Y8: 360 | Z8: 270 | AA8: 360 | AB8: {=SUMPRODUCT(O8:AA8/SUM(O8:AA8),$O$4:$AA$4)} -> 20.4 | AC8: FG_Symbol | AD8: 0 | AE8: 0 | AF8: 525 | AG8: 700 | AH8: 1750 | AI8: 2100 | AJ8: 3675 | AK8: 4200 | AL8: 4725
B9: 4 | C9: 2 | D9: 1 | E9: 0 | F9: 1 | G9: 2 | N9: FG_Symbol (2) | O9: =10000-SUM(P9:AA9) -> 0 | P9: 0 | Q9: 0 | R9: 0 | S9: 0 | T9: =10000-SUM(U9:AA9) -> 4370 | U9: 2700 | V9: 1400 | W9: 270 | X9: 270 | Y9: 360 | Z9: 270 | AA9: 360 | AB9: {=SUMPRODUCT(O9:AA9/SUM(O9:AA9),$O$4:$AA$4)} -> 20.4 | AC9: FG_Symbol (2) | AD9: 0 | AE9: 0 | AF9: 525 | AG9: 700 | AH9: 1750 | AI9: 2100 | AJ9: 3675 | AK9: 4200 | AL9: 4725
B10: 5 | C10: 0 | D10: 0 | E10: 1 | F10: 0 | G10: 0 | I10: Table Selection Weight - Free Game (Weight/Total) | N10: FG_Symbol (3) | O10: =10000-SUM(P10:AA10) -> 0 | P10: 0 | Q10: 0 | R10: 0 | S10: 0 | T10: =10000-SUM(U10:AA10) -> 4370 | U10: 2700 | V10: 1400 | W10: 270 | X10: 270 | Y10: 360 | Z10: 270 | AA10: 360 | AB10: {=SUMPRODUCT(O10:AA10/SUM(O10:AA10),$O$4:$AA$4)} -> 20.4 | AC10: FG_Symbol (3) | AD10: 0 | AE10: 0 | AF10: 525 | AG10: 700 | AH10: 1750 | AI10: 2100 | AJ10: 3675 | AK10: 4200 | AL10: 4725
B11: 6 | C11: 2 | D11: 2 | E11: 1 | F11: 2 | G11: 2 | I11: Worksheet Name | J11: Weight | K11: RTP | N11: BF_Symbol | O11: =10000-SUM(P11:AA11) -> 10000 | P11: 0 | Q11: 0 | R11: 0 | S11: 0 | T11: 0 | U11: 0 | V11: 0 | W11: 0 | X11: 0 | Y11: 0 | Z11: 0 | AA11: 0 | AB11: {=SUMPRODUCT(O11:AA11/SUM(O11:AA11),$O$4:$AA$4)} -> 0 | AC11: BF_Symbol | AD11: 0 | AE11: 0 | AF11: 0 | AG11: 0 | AH11: 0 | AI11: 0 | AJ11: 0 | AK11: 0 | AL11: 0
B12: 7 | C12: 1 | D12: 2 | E12: 2 | F12: 2 | G12: 1 | I12: FG_Symbol | J12: =10000-SUM(J13:J14) -> 10000 | L12: {=J12:J14/SUM(J15)} -> 1
B13: 8 | C13: 1 | D13: 0 | E13: 0 | F13: 0 | G13: 1 | I13: FG_Symbol (2) | J13: 0 | L13: 0
B14: 9 | C14: 0 | D14: 1 | E14: 1 | F14: 1 | G14: 0 | I14: FG_Symbol (3) | J14: 0 | L14: 0 | N14: Multiple Selection Weight - Reel3 Before Eliminate (Weight/Total)
B15: 10 | C15: 2 | D15: 1 | E15: 1 | F15: 1 | G15: 2 | J15: =SUM(J12:J14) -> 10000 | K15: =SUMPRODUCT(K12:K14,_xlfn.ANCHORARRAY(L12)) -> 0 | N15: Worksheet Name \ Multiple | O15: 0 | P15: 2 | Q15: 3 | R15: 5 | S15: 8 | T15: 10 | U15: 15 | V15: 20 | W15: 25 | X15: 35 | Y15: 50 | Z15: 80 | AA15: 100
B16: 11 | C16: 1 | D16: 1 | E16: 0 | F16: 1 | G16: 1 | N16: BG_Symbol | O16: =10000-SUM(P16:AA16) -> 10000 | P16: 0 | Q16: 0 | R16: 0 | S16: 0 | T16: 0 | U16: 0 | V16: 0 | W16: 0 | X16: 0 | Y16: 0 | Z16: 0 | AA16: 0 | AB16: {=SUMPRODUCT(O16:AA16/SUM(O16:AA16),$O$4:$AA$4)} -> 0
B17: 12 | C17: 1 | D17: 1 | E17: 2 | F17: 1 | G17: 1 | I17: Table Selection Weight - Buy Feature (Weight/Total) | N17: BG_Symbol (2) | O17: =10000-SUM(P17:AA17) -> 0 | P17: =10000-SUM(Q17:AA17) -> 3600 | Q17: 3400 | R17: 1500 | S17: 1500 | T17: 0 | U17: 0 | V17: 0 | W17: 0 | X17: 0 | Y17: 0 | Z17: 0 | AA17: 0 | AB17: {=SUMPRODUCT(O17:AA17/SUM(O17:AA17),$O$4:$AA$4)} -> 3.69
B18: 13 | C18: 1 | D18: 0 | E18: 1 | F18: 0 | G18: 1 | I18: Worksheet Name | J18: Weight | K18: RTP | N18: BG_Symbol (3) | O18: =10000-SUM(P18:AA18) -> 10000 | P18: 0 | Q18: 0 | R18: 0 | S18: 0 | T18: 0 | U18: 0 | V18: 0 | W18: 0 | X18: 0 | Y18: 0 | Z18: 0 | AA18: 0 | AB18: {=SUMPRODUCT(O18:AA18/SUM(O18:AA18),$O$4:$AA$4)} -> 0
B19: 14 | C19: 1 | D19: 2 | E19: 1 | F19: 2 | G19: 1 | I19: FG_Symbol | J19: =10000-SUM(J20:J21) -> 10000 | L19: {=J19:J21/SUM(J22)} -> 1 | N19: FG_Symbol | O19: =10000-SUM(P19:AA19) -> 0 | P19: =10000-SUM(Q19:AA19) -> 6300 | Q19: 2800 | R19: 600 | S19: 300 | T19: 0 | U19: 0 | V19: 0 | W19: 0 | X19: 0 | Y19: 0 | Z19: 0 | AA19: 0 | AB19: {=SUMPRODUCT(O19:AA19/SUM(O19:AA19),$O$4:$AA$4)} -> 2.64
B20: 15 | C20: 0 | D20: 1 | E20: 0 | F20: 1 | G20: 0 | I20: FG_Symbol (2) | J20: 0 | L20: 0 | N20: FG_Symbol (2) | O20: =10000-SUM(P20:AA20) -> 0 | P20: =10000-SUM(Q20:AA20) -> 6300 | Q20: 2800 | R20: 600 | S20: 300 | T20: 0 | U20: 0 | V20: 0 | W20: 0 | X20: 0 | Y20: 0 | Z20: 0 | AA20: 0 | AB20: {=SUMPRODUCT(O20:AA20/SUM(O20:AA20),$O$4:$AA$4)} -> 2.64
B21: 16 | C21: 2 | D21: 1 | E21: 2 | F21: 1 | G21: 2 | I21: FG_Symbol (3) | J21: 0 | L21: 0 | N21: FG_Symbol (3) | O21: =10000-SUM(P21:AA21) -> 0 | P21: =10000-SUM(Q21:AA21) -> 6300 | Q21: 2800 | R21: 600 | S21: 300 | T21: 0 | U21: 0 | V21: 0 | W21: 0 | X21: 0 | Y21: 0 | Z21: 0 | AA21: 0 | AB21: {=SUMPRODUCT(O21:AA21/SUM(O21:AA21),$O$4:$AA$4)} -> 2.64
B22: 17 | C22: 0 | D22: 0 | E22: 1 | F22: 2 | G22: 2 | J22: =SUM(J19:J21) -> 10000 | K22: =SUMPRODUCT(K19:K21,_xlfn.ANCHORARRAY(L19)) -> 0 | N22: BF_Symbol | O22: =10000-SUM(P22:AA22) -> 10000 | P22: 0 | Q22: 0 | R22: 0 | S22: 0 | T22: 0 | U22: 0 | V22: 0 | W22: 0 | X22: 0 | Y22: 0 | Z22: 0 | AA22: 0 | AB22: {=SUMPRODUCT(O22:AA22/SUM(O22:AA22),$O$4:$AA$4)} -> 0
B23: 18 | C23: 2 | D23: 2 | E23: 1 | F23: 0 | G23: 0
B24: 19 | C24: 0 | D24: 2 | E24: 0 | F24: 2 | G24: 0 | I24: Multiplier Range
I25: Multiplier | N25: Multiple Selection Weight - Reel3 After Eliminate (Weight/Total)
I26: 0 | N26: Worksheet Name \ Multiple | O26: 0 | P26: 2 | Q26: 3 | R26: 5 | S26: 8 | T26: 10 | U26: 15 | V26: 20 | W26: 25 | X26: 35 | Y26: 50 | Z26: 80 | AA26: 100
I27: 2 | N27: BG_Symbol | O27: =10000-SUM(P27:AA27) -> 10000 | P27: 0 | Q27: 0 | R27: 0 | S27: 0 | T27: 0 | U27: 0 | V27: 0 | W27: 0 | X27: 0 | Y27: 0 | Z27: 0 | AA27: 0 | AB27: {=SUMPRODUCT(O27:AA27/SUM(O27:AA27),$O$4:$AA$4)} -> 0
I28: 3 | N28: BG_Symbol (2) | O28: =10000-SUM(P28:AA28) -> 0 | P28: =10000-SUM(Q28:AA28) -> 4000 | Q28: 4000 | R28: 1000 | S28: 1000 | T28: 0 | U28: 0 | V28: 0 | W28: 0 | X28: 0 | Y28: 0 | Z28: 0 | AA28: 0 | AB28: {=SUMPRODUCT(O28:AA28/SUM(O28:AA28),$O$4:$AA$4)} -> 3.3
I29: 5 | N29: BG_Symbol (3) | O29: =10000-SUM(P29:AA29) -> 10000 | P29: 0 | Q29: 0 | R29: 0 | S29: 0 | T29: 0 | U29: 0 | V29: 0 | W29: 0 | X29: 0 | Y29: 0 | Z29: 0 | AA29: 0 | AB29: {=SUMPRODUCT(O29:AA29/SUM(O29:AA29),$O$4:$AA$4)} -> 0
I30: 8 | N30: FG_Symbol | O30: =10000-SUM(P30:AA30) -> 0 | P30: =10000-SUM(Q30:AA30) -> 6550 | Q30: 3000 | R30: 300 | S30: 150 | T30: 0 | U30: 0 | V30: 0 | W30: 0 | X30: 0 | Y30: 0 | Z30: 0 | AA30: 0 | AB30: {=SUMPRODUCT(O30:AA30/SUM(O30:AA30),$O$4:$AA$4)} -> 2.48
I31: 10 | N31: FG_Symbol (2) | O31: =10000-SUM(P31:AA31) -> 0 | P31: =10000-SUM(Q31:AA31) -> 6550 | Q31: 3000 | R31: 300 | S31: 150 | T31: 0 | U31: 0 | V31: 0 | W31: 0 | X31: 0 | Y31: 0 | Z31: 0 | AA31: 0 | AB31: {=SUMPRODUCT(O31:AA31/SUM(O31:AA31),$O$4:$AA$4)} -> 2.48
I32: 15 | N32: FG_Symbol (3) | O32: =10000-SUM(P32:AA32) -> 0 | P32: =10000-SUM(Q32:AA32) -> 6550 | Q32: 3000 | R32: 300 | S32: 150 | T32: 0 | U32: 0 | V32: 0 | W32: 0 | X32: 0 | Y32: 0 | Z32: 0 | AA32: 0 | AB32: {=SUMPRODUCT(O32:AA32/SUM(O32:AA32),$O$4:$AA$4)} -> 2.48
I33: 20 | N33: BF_Symbol | O33: =10000-SUM(P33:AA33) -> 10000 | P33: 0 | Q33: 0 | R33: 0 | S33: 0 | T33: 0 | U33: 0 | V33: 0 | W33: 0 | X33: 0 | Y33: 0 | Z33: 0 | AA33: 0 | AB33: {=SUMPRODUCT(O33:AA33/SUM(O33:AA33),$O$4:$AA$4)} -> 0
I34: 25
I35: 35
I36: 50 | N36: Multiple Selection Weight - Before Eliminate (Weight/Total)
I37: 80 | N37: Worksheet Name \ Multiple | O37: 0 | P37: 2 | Q37: 3 | R37: 5 | S37: 8 | T37: 10 | U37: 15 | V37: 20 | W37: 25 | X37: 35 | Y37: 50 | Z37: 80 | AA37: 100
I38: 100 | N38: BG_Symbol | O38: =10000-SUM(P38:AA38) -> 8500 | P38: 500 | Q38: 400 | R38: 300 | S38: 300 | T38: 0 | U38: 0 | V38: 0 | W38: 0 | X38: 0 | Y38: 0 | Z38: 0 | AA38: 0 | AB38: {=SUMPRODUCT(P38:AA38/SUM(P38:AA38),$P$4:$AA$4)} -> 4.0666667
N39: BG_Symbol (2) | O39: =10000-SUM(P39:AA39) -> 9100 | P39: 350 | Q39: 250 | R39: 150 | S39: 150 | T39: 0 | U39: 0 | V39: 0 | W39: 0 | X39: 0 | Y39: 0 | Z39: 0 | AA39: 0 | AB39: {=SUMPRODUCT(P39:AA39/SUM(P39:AA39),$P$4:$AA$4)} -> 3.7777778
N40: BG_Symbol (3) | O40: =10000-SUM(P40:AA40) -> 9200 | P40: 400 | Q40: 300 | R40: 50 | S40: 50 | T40: 0 | U40: 0 | V40: 0 | W40: 0 | X40: 0 | Y40: 0 | Z40: 0 | AA40: 0 | AB40: {=SUMPRODUCT(P40:AA40/SUM(P40:AA40),$P$4:$AA$4)} -> 2.9375
I41: Eliminate Table Weight | N41: FG_Symbol | O41: =10000-SUM(P41:AA41) -> 6710 | P41: 2100 | Q41: 860 | R41: 220 | S41: 110 | T41: 0 | U41: 0 | V41: 0 | W41: 0 | X41: 0 | Y41: 0 | Z41: 0 | AA41: 0 | AB41: {=SUMPRODUCT(P41:AA41/SUM(P41:AA41),$P$4:$AA$4)} -> 2.662614
J42: A | K42: B | N42: FG_Symbol (2) | O42: =10000-SUM(P42:AA42) -> 6710 | P42: 2100 | Q42: 860 | R42: 220 | S42: 110 | T42: 0 | U42: 0 | V42: 0 | W42: 0 | X42: 0 | Y42: 0 | Z42: 0 | AA42: 0 | AB42: {=SUMPRODUCT(P42:AA42/SUM(P42:AA42),$P$4:$AA$4)} -> 2.662614
I43: Base Game | J43: 10 | K43: 0 | N43: FG_Symbol (3) | O43: =10000-SUM(P43:AA43) -> 6710 | P43: 2100 | Q43: 860 | R43: 220 | S43: 110 | T43: 0 | U43: 0 | V43: 0 | W43: 0 | X43: 0 | Y43: 0 | Z43: 0 | AA43: 0 | AB43: {=SUMPRODUCT(P43:AA43/SUM(P43:AA43),$P$4:$AA$4)} -> 2.662614
I44: Free Game | J44: 10 | K44: 0 | N44: BF_Symbol | O44: =10000-SUM(P44:AA44) -> 10000 | P44: 0 | Q44: 0 | R44: 0 | S44: 0 | T44: 0 | U44: 0 | V44: 0 | W44: 0 | X44: 0 | Y44: 0 | Z44: 0 | AA44: 0 | AB44: {=SUMPRODUCT(P44:AA44/SUM(P44:AA44),$P$4:$AA$4)} -> #DIV/0!
N47: Multiple Selection Weight - After Eliminate (Weight/Total)
N48: Worksheet Name \ Multiple | O48: 0 | P48: 2 | Q48: 3 | R48: 5 | S48: 8 | T48: 10 | U48: 15 | V48: 20 | W48: 25 | X48: 35 | Y48: 50 | Z48: 80 | AA48: 100
N49: BG_Symbol | O49: =10000-SUM(P49:AA49) -> 8500 | P49: 600 | Q49: 500 | R49: 200 | S49: 200 | T49: 0 | U49: 0 | V49: 0 | W49: 0 | X49: 0 | Y49: 0 | Z49: 0 | AA49: 0 | AB49: {=SUMPRODUCT(P49:AA49/SUM(P49:AA49),$P$4:$AA$4)} -> 3.5333333
N50: BG_Symbol (2) | O50: =10000-SUM(P50:AA50) -> 9100 | P50: 450 | Q50: 350 | R50: 50 | S50: 50 | T50: 0 | U50: 0 | V50: 0 | W50: 0 | X50: 0 | Y50: 0 | Z50: 0 | AA50: 0 | AB50: {=SUMPRODUCT(P50:AA50/SUM(P50:AA50),$P$4:$AA$4)} -> 2.8888889
N51: BG_Symbol (3) | O51: =10000-SUM(P51:AA51) -> 8900 | P51: 550 | Q51: 450 | R51: 50 | S51: 50 | T51: 0 | U51: 0 | V51: 0 | W51: 0 | X51: 0 | Y51: 0 | Z51: 0 | AA51: 0 | AB51: {=SUMPRODUCT(P51:AA51/SUM(P51:AA51),$P$4:$AA$4)} -> 2.8181818
N52: FG_Symbol | O52: =10000-SUM(P52:AA52) -> 6710 | P52: 2150 | Q52: 970 | R52: 110 | S52: 60 | T52: 0 | U52: 0 | V52: 0 | W52: 0 | X52: 0 | Y52: 0 | Z52: 0 | AA52: 0 | AB52: {=SUMPRODUCT(P52:AA52/SUM(P52:AA52),$P$4:$AA$4)} -> 2.5045593
N53: FG_Symbol (2) | O53: =10000-SUM(P53:AA53) -> 6710 | P53: 2150 | Q53: 970 | R53: 110 | S53: 60 | T53: 0 | U53: 0 | V53: 0 | W53: 0 | X53: 0 | Y53: 0 | Z53: 0 | AA53: 0 | AB53: {=SUMPRODUCT(P53:AA53/SUM(P53:AA53),$P$4:$AA$4)} -> 2.5045593
N54: FG_Symbol (3) | O54: =10000-SUM(P54:AA54) -> 6710 | P54: 2150 | Q54: 970 | R54: 110 | S54: 60 | T54: 0 | U54: 0 | V54: 0 | W54: 0 | X54: 0 | Y54: 0 | Z54: 0 | AA54: 0 | AB54: {=SUMPRODUCT(P54:AA54/SUM(P54:AA54),$P$4:$AA$4)} -> 2.5045593
N55: BF_Symbol | O55: =10000-SUM(P55:AA55) -> 10000 | P55: 0 | Q55: 0 | R55: 0 | S55: 0 | T55: 0 | U55: 0 | V55: 0 | W55: 0 | X55: 0 | Y55: 0 | Z55: 0 | AA55: 0 | AB55: {=SUMPRODUCT(P55:AA55/SUM(P55:AA55),$P$4:$AA$4)} -> #DIV/0!

Sheet Multiplier_Weight
C2: Newbie | D2: Newbie | E2: Oldhand | F2: Oldhand | G2: Oldhand
B3: Range | C3: Weight_BG | D3: Weight_FG | E3: Weight_BG | F3: Weight_FG | G3: Weight_BF
B4: (-1, 0] | C4: {=IFERROR(Multiplier_Weight_Newbie!$L$15:$L$79, 0)} -> 738241884 | D4: {=IFERROR(Multiplier_Weight_Newbie!$L$87:$L$150, 0)} -> 0 | E4: {=_xlfn.ANCHORARRAY(Multiplier_Weight_Oldhand!L15)} -> 714596215 | F4: {=_xlfn.ANCHORARRAY(Multiplier_Weight_Oldhand!L87)} -> 0 | G4: {=_xlfn.ANCHORARRAY(Multiplier_Weight_Oldhand!L157)} -> 0
B5: (0, 1] | C5: 117071871 | D5: 0 | E5: 166424189 | F5: 0 | G5: 0
B6: (1, 2] | C6: 39540778 | D6: 0 | E6: 47260135 | F6: 0 | G6: 0
B7: (2, 3] | C7: 19079642 | D7: 0 | E7: 22374389 | F7: 0 | G7: 0
B8: (3, 4] | C8: 7549667 | D8: 0 | E8: 8755275 | F8: 0 | G8: 0
B9: (4, 5] | C9: 6156107 | D9: 0 | E9: 6870299 | F9: 0 | G9: 0
B10: (5, 6] | C10: 4856180 | D10: 0 | E10: 5617911 | F10: 0 | G10: 0
B11: (6, 7] | C11: 3038377 | D11: 0 | E11: 3419852 | F11: 0 | G11: 0
B12: (7, 8] | C12: 2570258 | D12: 0 | E12: 2906580 | F12: 0 | G12: 0
B13: (8, 9] | C13: 2311271 | D13: 0 | E13: 2623502 | F13: 0 | G13: 0
B14: (9, 10] | C14: 2141691 | D14: 0 | E14: 2328871 | F14: 0 | G14: 0
B15: (10, 15] | C15: 2933912 | D15: 131426174 | E15: 3135395 | F15: 131313926 | G15: 117420216
B16: (15, 20] | C16: 4065662 | D16: 131018642 | E16: 4083722 | F16: 131298560 | G16: 117425562
... B67: (100000, 9999999] | C67: 0 | D67: 0 | E67: 0 | F67: 0 | G67: 0
B68: Free Game | C68: 44862500 | E68: 4195250

Sheet Multiplier_Weight_Newbie
A2: Threshold | B2: 1000000000
A3: Coin in | B3: =Overview!A7 -> 100
C5: RTP
B6: Bet | C6: Base Game | D6: Free Game | E6: Total | F6: Hit Rate | G6: FG Period | H6: Avg Multi
A7: Normal Bet | B7: {=Overview!B11:B12} -> 1 | C7: =SUM(N15:N79) -> 0.69662748 | D7: =SUM(_xlfn.ANCHORARRAY(N87))*M79 -> 2.6027986 | E7: =SUM(C7:D7) -> 3.2994261 | F7: =M79 -> 0.044815863 | G7: =1/F7 -> 22.313528 | H7: =D7*G7 -> 58.077619
B8: 75
A11: Base Game
A13: Simulator | B13: =Multiplier_Weight_Oldhand!B13 -> 1000000000 | H13: Calculate
A14: Lower | B14: Upper | C14: Cnt | D14: Pay | E14: Hit Rate | F14: Avg. Multi. | H14: Range | I14: Fix Num | J14: Fix Rate | K14: Final Rate | L14: Weight | M14: Hit Rate | N14: Simulator RTP | O14: 1.1
A15: -1 | B15: 0 | C15: {=Multiplier_Weight_Oldhand!C15:D78} -> 737445367 | D15: 0 | E15: {=_xlfn.LET(_xlpm.x, C15:C78, _xlpm.x/SUM(_xlpm.x))} -> 0.75577301 | F15: {=_xlfn.LET(_xlpm.x, D15:D80/C15:C80/B3, IF(ISERR(_xlpm.x), 0, _xlpm.x))} -> 0 | H15: ="("&$A15&", "&$B15&"]" -> (-1, 0] | I15: 1 | J15: {=E15:E79*I15:I79} -> 0.75577301 | K15: {=J15:J78/SUM(_xlfn.ANCHORARRAY(J15))} -> 0.73824188 | L15: {=INT(K15:K79*$B$2)} -> 738241884 | M15: {=_xlfn.LET(_xlpm.x, L15:L79, _xlpm.x/SUM(_xlpm.x))} -> 0.73747445 | N15: {=M15:M79*F15:F79} -> 0 | O15: {=I15:I78*O14} -> 1.1
A16: 0 | B16: 1 | C16: 125747912 | D16: 5718281965 | E16: 0.12887311 | F16: 0.4547417 | H16: ="("&$A16&", "&$B16&"]" -> (0, 1] | I16: 0.93 | J16: 0.11985199 | K16: 0.11707187 | L16: 117071871 | M16: 0.11695017 | N16: 0.053182119 | O16: 1.023
A17: 1 | B17: 2 | C17: 34346188 | D17: 5160882820 | E17: 0.03519979 | F17: 1.5026072 | H17: ="("&$A17&", "&$B17&"]" -> (1, 2] | I17: 1.15 | J17: 0.040479758 | K17: 0.039540778 | L17: 39540778 | M17: 0.039499673 | N17: 0.059352492 | O17: 1.265
A18: 2 | B18: 3 | C18: 16016014 | D18: 4036397390 | E18: 0.016414058 | F18: 2.5202259 | H18: ="("&$A18&", "&$B18&"]" -> (2, 3] | I18: 1.19 | J18: 0.019532729 | K18: 0.019079642 | L18: 19079642 | M18: 0.019059808 | N18: 0.048035022 | O18: 1.309
A19: 3 | B19: 4 | C19: 7938444 | D19: 2831742995 | E19: 0.0081357372 | F19: 3.567126 | H19: ="("&$A19&", "&$B19&"]" -> (3, 4] | I19: 0.95 | J19: 0.0077289504 | K19: 0.0075496674 | L19: 7549667 | M19: 0.0075418188 | N19: 0.026902618 | O19: 1.045
A20: 4 | B20: 5 | C20: 5590423 | D20: 2572145990 | E20: 0.0057293611 | F20: 4.6009863 | H20: ="("&$A20&", "&$B20&"]" -> (4, 5] | I20: 1.1 | J20: 0.0063022972 | K20: 0.0061561074 | L20: 6156107 | M20: 0.0061497074 | N20: 0.02829472 | O20: 1.21
A21: 5 | B21: 6 | C21: 4146103 | D21: 2317578720 | E21: 0.0042491456 | F21: 5.589776 | H21: ="("&$A21&", "&$B21&"]" -> (5, 6] | I21: 1.17 | J21: 0.0049715004 | K21: 0.00485618 | L21: 4856180 | M21: 0.0048511318 | N21: 0.02711674 | O21: 1.287
A22: 6 | B22: 7 | C22: 2759181 | D22: 1811662230 | E22: 0.0028277546 | F22: 6.565942 | H22: ="("&$A22&", "&$B22&"]" -> (6, 7] | I22: 1.1 | J22: 0.0031105301 | K22: 0.0030383773 | L22: 3038377 | M22: 0.0030352185 | N22: 0.019929068 | O22: 1.21
A23: 7 | B23: 8 | C23: 2852762 | D23: 2173439930 | E23: 0.0029236614 | F23: 7.6187215 | H23: ="("&$A23&", "&$B23&"]" -> (7, 8] | I23: 0.9 | J23: 0.0026312952 | K23: 0.002570259 | L23: 2570258 | M23: 0.0025675861 | N23: 0.019561723 | O23: 0.99
A24: 8 | B24: 9 | C24: 2098889 | D24: 1804643600 | E24: 0.0021510524 | F24: 8.5980898 | H24: ="("&$A24&", "&$B24&"]" -> (8, 9] | I24: 1.1 | J24: 0.0023661577 | K24: 0.0023112716 | L24: 2311271 | M24: 0.0023088683 | N24: 0.019851857 | O24: 1.21
A25: 9 | B25: 10 | C25: 1944892 | D25: 1875878775 | E25: 0.0019932282 | F25: 9.6451565 | H25: ="("&$A25&", "&$B25&"]" -> (9, 10] | I25: 1.1 | J25: 0.002192551 | K25: 0.002141692 | L25: 2141691 | M25: 0.0021394646 | N25: 0.020635471 | O25: 1.21
A26: 10 | B26: 15 | C26: 6784136 | D26: 8448491255 | E26: 0.0069527413 | F26: 12.453305 | G26: =SUM($L$15:L25)-1000 -> 942556726 | H26: ="("&$A26&", "&$B26&"]" -> (10, 15] | I26: 0.432 | J26: 0.0030035843 | K26: 0.0029339123 | L26: 2933912 | M26: 0.0029308621 | N26: 0.036498918 | O26: 0.4752
A27: 15 | B27: 20 | C27: 4614038 | D27: 8068968765 | E27: 0.0047287101 | F27: 17.487868 | G27: =SUM($L$15:L26)-1000 -> 945490638 | H27: ="("&$A27&", "&$B27&"]" -> (15, 20] | I27: 0.8802 | J27: 0.0041622107 | K27: 0.0040656628 | L27: 4065662 | M27: 0.0040614356 | N27: 0.071025849 | O27: 0.96822
A28: 20 | B28: 25 | C28: 3239863 | D28: 7300101965 | E28: 0.0033203829 | F28: 22.532132 | G28: =SUM($L$15:L27)-1000 -> 949556300 | H28: ="("&$A28&", "&$B28&"]" -> (20, 25] | I28: 0.549 | J28: 0.0018228902 | K28: 0.001780606 | L28: 1780605 | M28: 0.001778754 | N28: 0.040079119 | O28: 0.6039
A29: 25 | B29: 30 | C29: 2634636 | D29: 7256115885 | E29: 0.0027001143 | F29: 27.541246 | G29: =SUM($L$15:L28)-1000 -> 951336905 | H29: ="("&$A29&", "&$B29&"]" -> (25, 30] | I29: 0.29 | J29: 0.00078303315 | K29: 0.00076486969 | L29: 764869 | M29: 0.00076407388 | N29: 0.021043547 | O29: 0.319
A30: 30 | B30: 35 | C30: 1986295 | D30: 6461335590 | E30: 0.0020356602 | F30: 32.529587 | G30: =SUM($L$15:L29)-1000 -> 952101774 | H30: ="("&$A30&", "&$B30&"]" -> (30, 35] | I30: 0.34 | J30: 0.00069212445 | K30: 0.00067606974 | L30: 676069 | M30: 0.00067536619 | N30: 0.021969383 | O30: 0.374
A31: 35 | B31: 40 | C31: 1726668 | D31: 6481677100 | E31: 0.0017695807 | F31: 37.538641 | G31: =SUM($L$15:L30)-1000 -> 952777843 | H31: ="("&$A31&", "&$B31&"]" -> (35, 40] | I31: 0.7 | J31: 0.0012387065 | K31: 0.0012099731 | L31: 1209973 | M31: 0.0012087152 | N31: 0.045373526 | O31: 0.77
A32: 40 | B32: 45 | C32: 1423811 | D32: 6067164945 | E32: 0.0014591968 | F32: 42.612151 | G32: =SUM($L$15:L31)-1000 -> 953987816 | H32: ="("&$A32&", "&$B32&"]" -> (40, 45] | I32: 0.2 | J32: 0.00029183936 | K32: 0.00028506977 | L32: 285069 | M32: 0.00028477266 | N32: 0.012134775 | O32: 0.22
A33: 45 | B33: 50 | C33: 1177170 | D33: 5604035925 | E33: 0.0012064261 | F33: 47.606004 | G33: =SUM($L$15:L32)-1000 -> 954272885 | H33: ="("&$A33&", "&$B33&"]" -> (45, 50] | I33: 0.24 | J33: 0.00028954226 | K33: 0.00028282595 | L33: 282825 | M33: 0.00028253099 | N33: 0.013450171 | O33: 0.264
A34: 50 | B34: 60 | C34: 1992789 | D34: 10931633025 | E34: 0.0020423156 | F34: 54.855948 | G34: =SUM($L$15:L33)-1000 -> 954555710 | H34: ="("&$A34&", "&$B34&"]" -> (50, 60] | I34: 0.437893 | J34: 0.00089431568 | K34: 0.00087357088 | L34: 873570 | M34: 0.00087266188 | N34: 0.047870695 | O34: 0.4816823
A35: 60 | B35: 70 | C35: 1443638 | D35: 9377454105 | E35: 0.0014795166 | F35: 64.957102 | H35: ="("&$A35&", "&$B35&"]" -> (60, 70] | I35: 0.15 | J35: 0.00022192749 | K35: 0.00021677959 | L35: 216779 | M35: 0.00021655365 | N35: 0.014066697 | O35: 0.165
A36: 70 | B36: 80 | C36: 1152370 | D36: 8638430205 | E36: 0.0011810097 | F36: 74.962297 | H36: ="("&$A36&", "&$B36&"]" -> (70, 80] | I36: 0.17 | J36: 0.00020077165 | K36: 0.0001961145 | L36: 196114 | M36: 0.00019591013 | N36: 0.014685873 | O36: 0.187
A37: 80 | B37: 90 | C37: 911829 | D37: 7750791030 | E37: 0.00093449058 | F37: 85.002682 | H37: ="("&$A37&", "&$B37&"]" -> (80, 90] | I37: 0.19 | J37: 0.00017755321 | K37: 0.00017343464 | L37: 173434 | M37: 0.00017325371 | N37: 0.01472703 | O37: 0.209
A38: 90 | B38: 100 | C38: 733401 | D38: 6968879730 | E38: 0.00075162813 | F38: 95.02141 | H38: ="("&$A38&", "&$B38&"]" -> (90, 100] | I38: 0.22 | J38: 0.00016535819 | K38: 0.00016152249 | L38: 161522 | M38: 0.00016135409 | N38: 0.015332093 | O38: 0.242
A39: 100 | B39: 120 | C39: 1138045 | D39: 12463552425 | E39: 0.0011663287 | F39: 109.51722 | H39: ="("&$A39&", "&$B39&"]" -> (100, 120] | I39: 0 | J39: 0 | K39: 0 | L39: 0 | M39: 0 | N39: 0 | O39: 0
A40: 120 | B40: 140 | C40: 789517 | D40: 10238081405 | E40: 0.00080913877 | F40: 129.67525 | H40: ="("&$A40&", "&$B40&"]" -> (120, 140] | I40: 0 | J40: 0 | K40: 0 | L40: 0 | M40: 0 | N40: 0 | O40: 0
A41: 140 | B41: 160 | C41: 590444 | D41: 8841692580 | E41: 0.00060511824 | F41: 149.74651 | H41: ="("&$A41&", "&$B41&"]" -> (140, 160] | I41: 0 | J41: 0 | K41: 0 | L41: 0 | M41: 0 | N41: 0 | O41: 0
A42: 160 | B42: 180 | C42: 441044 | D42: 7487965275 | E42: 0.00045200522 | F42: 169.77819 | H42: ="("&$A42&", "&$B42&"]" -> (160, 180] | I42: 0 | J42: 0 | K42: 0 | L42: 0 | M42: 0 | N42: 0 | O42: 0
A43: 180 | B43: 200 | C43: 335496 | D43: 6368038515 | E43: 0.00034383404 | F43: 189.80967 | H43: ="("&$A43&", "&$B43&"]" -> (180, 200] | I43: 0 | J43: 0 | K43: 0 | L43: 0 | M43: 0 | N43: 0 | O43: 0
A44: 200 | B44: 250 | C44: 573493 | D44: 12777191060 | E44: 0.00058774595 | F44: 222.79594 | H44: ="("&$A44&", "&$B44&"]" -> (200, 250] | I44: 0 | J44: 0 | K44: 0 | L44: 0 | M44: 0 | N44: 0 | O44: 0
A45: 250 | B45: 300 | C45: 345164 | D45: 9425383575 | E45: 0.00035374232 | F45: 273.06972 | H45: ="("&$A45&", "&$B45&"]" -> (250, 300] | I45: 0 | J45: 0 | K45: 0 | L45: 0 | M45: 0 | N45: 0 | O45: 0
A46: 300 | B46: 350 | C46: 217907 | D46: 7046332605 | E46: 0.00022332262 | F46: 323.36422 | H46: ="("&$A46&", "&$B46&"]" -> (300, 350] | I46: 0 | J46: 0 | K46: 0 | L46: 0 | M46: 0 | N46: 0 | O46: 0
... A78: 100000 | B78: 9999999 | C78: 0 | D78: 0 | E78: 0 | F78: 0 | H78: ="("&$A78&", "&$B78&"]" -> (100000, 9999999] | I78: 0 | J78: 0 | K78: 0 | L78: 0 | M78: 0 | N78: 0 | O78: 0
A79: Free Game | C79: =E79*B13 -> 24250000 | D79: =Multiplier_Weight_Oldhand!D79 -> 298038000 | E79: =Multiplier_Weight_Oldhand!E79 -> 0.02425 | F79: 0.12290227 | H79: Free Game | I79: 1.85 | J79: 0.0448625 | K79: =J79 -> 0.0448625 | L79: 44862500 | M79: 0.044815863 | N79: 0.0055079712
F80: 0
A83: Free Game
A85: Simulator | B85: 10000000 | H85: Calculate
A86: Lower | B86: Upper | C86: Cnt | D86: Pay | E86: Hit Rate | F86: Avg. Multi. | H86: Range | I86: Fix Num | J86: Fix Rate | K86: Final Rate | L86: Weight | M86: Hit Rate | N86: Simulator RTP | O86: 1.1
A87: -1 | B87: 0 | C87: {=Multiplier_Weight_Oldhand!C87:D150} -> 0 | D87: 0 | E87: {=_xlfn.LET(_xlpm.x, C87:C150, _xlpm.x/SUM(_xlpm.x))} -> 0 | F87: {=_xlfn.LET(_xlpm.x, D87:D150/C87:C150/B3, IF(ISERR(_xlpm.x), 0, _xlpm.x))} -> 0 | H87: ="("&$A87&", "&$B87&"]" -> (-1, 0] | I87: 0 | J87: {=_xlfn.ANCHORARRAY(E87)*I87:I150} -> 0 | K87: {=J87:J150/SUM(_xlfn.ANCHORARRAY(J87))} -> 0 | L87: {=INT(_xlfn.ANCHORARRAY(K87)*$B$2)} -> 0 | M87: {=_xlfn.LET(_xlpm.x, L87:L150, _xlpm.x/SUM(_xlpm.x))} -> 0 | N87: {=M87:M150*_xlfn.ANCHORARRAY(F87)} -> 0 | O87: {=I87:I150*O86} -> 0
A88: 0 | B88: 1 | C88: 15302 | D88: 915955 | E88: 0.00063116012 | F88: 0.59858515 | H88: ="("&$A88&", "&$B88&"]" -> (0, 1] | I88: 0 | J88: 0 | K88: 0 | L88: 0 | M88: 0 | N88: 0 | O88: 0
A89: 1 | B89: 2 | C89: 14545 | D89: 2297380 | E89: 0.00059993622 | F89: 1.5794981 | H89: ="("&$A89&", "&$B89&"]" -> (1, 2] | I89: 0 | J89: 0 | K89: 0 | L89: 0 | M89: 0 | N89: 0 | O89: 0
A90: 2 | B90: 3 | C90: 15170 | D90: 3916365 | E90: 0.00062571553 | F90: 2.5816513 | H90: ="("&$A90&", "&$B90&"]" -> (2, 3] | I90: 0 | J90: 0 | K90: 0 | L90: 0 | M90: 0 | N90: 0 | O90: 0
A91: 3 | B91: 4 | C91: 15165 | D91: 5428355 | E91: 0.0006255093 | F91: 3.5795285 | H91: ="("&$A91&", "&$B91&"]" -> (3, 4] | I91: 0 | J91: 0 | K91: 0 | L91: 0 | M91: 0 | N91: 0 | O91: 0
A92: 4 | B92: 5 | C92: 16128 | D92: 7377445 | E92: 0.00066523006 | F92: 4.5743087 | H92: ="("&$A92&", "&$B92&"]" -> (4, 5] | I92: 0 | J92: 0 | K92: 0 | L92: 0 | M92: 0 | N92: 0 | O92: 0
A93: 5 | B93: 6 | C93: 16708 | D93: 9310030 | E93: 0.00068915327 | F93: 5.5721989 | H93: ="("&$A93&", "&$B93&"]" -> (5, 6] | I93: 0 | J93: 0 | K93: 0 | L93: 0 | M93: 0 | N93: 0 | O93: 0
A94: 6 | B94: 7 | C94: 16541 | D94: 10856555 | E94: 0.00068226504 | F94: 6.5634212 | H94: ="("&$A94&", "&$B94&"]" -> (6, 7] | I94: 0 | J94: 0 | K94: 0 | L94: 0 | M94: 0 | N94: 0 | O94: 0
A95: 7 | B95: 8 | C95: 16722 | D95: 12639590 | E95: 0.00068973073 | F95: 7.5586593 | H95: ="("&$A95&", "&$B95&"]" -> (7, 8] | I95: 0 | J95: 0 | K95: 0 | L95: 0 | M95: 0 | N95: 0 | O95: 0
A96: 8 | B96: 9 | C96: 17038 | D96: 14586110 | E96: 0.00070276475 | F96: 8.5609285 | H96: ="("&$A96&", "&$B96&"]" -> (8, 9] | I96: 0 | J96: 0 | K96: 0 | L96: 0 | M96: 0 | N96: 0 | O96: 0
A97: 9 | B97: 10 | C97: 17289 | D97: 16528360 | E97: 0.00071311772 | F97: 9.560044 | H97: ="("&$A97&", "&$B97&"]" -> (9, 10] | I97: 0 | J97: 0 | K97: 0 | L97: 0 | M97: 0 | N97: 0 | O97: 0
A98: 10 | B98: 15 | C98: 91411 | D98: 114997815 | E98: 0.0037704207 | F98: 12.580304 | H98: ="("&$A98&", "&$B98&"]" -> (10, 15] | I98: 26.866235 | J98: 0.10129701 | K98: 0.13142617 | L98: 131426174 | M98: 0.13142618 | N98: 1.6533812 | O98: 29.552859
A99: 15 | B99: 20 | C99: 97447 | D99: 171256395 | E99: 0.004019387 | F99: 17.574312 | H99: ="("&$A99&", "&$B99&"]" -> (15, 20] | I99: 25.123956 | J99: 0.1009829 | K99: 0.13101864 | L99: 131018642 | M99: 0.13101864 | N99: 2.3025625 | O99: 27.636352
... A150: 100000 | B150: 9999999 | C150: 0 | D150: 0 | E150: 0 | F150: 0 | H150: ="("&$A150&", "&$B150&"]" -> (100000, 9999999] | I150: 0 | J150: 0 | K150: 0 | L150: 0 | M150: 0 | N150: 0 | O150: 0

Sheet Multiplier_Weight_Oldhand
A2: Threshold | B2: 1000000000
A3: Coin in | B3: =Overview!A7 -> 100
C5: RTP
B6: Bet | C6: Base Game | D6: Free Game | E6: Total | F6: Hit Rate | G6: FG Period | H6: Avg Multi
A7: Normal Bet | B7: {=Overview!B11:B12} -> 1 | C7: =SUM(N15:N79) -> 0.70001109 | D7: =SUM(_xlfn.ANCHORARRAY(N87))*M79 -> 0.2399888 | E7: =SUM(C7:D7) -> 0.93999989 | F7: =M79 -> 0.0041949845 | G7: =1/F7 -> 238.3799 | H7: =D7*G7 -> 57.208506
A8: Buy Feature | B8: 75 | C8: =N80 -> 0 | D8: =SUM(_xlfn.ANCHORARRAY(N157))/B8 -> 0.92499972 | E8: =SUM(C8:D8) -> 0.92499972 | F8: =E80 -> 1 | G8: =1/F8 -> 1 | H8: =D8*G8*B8 -> 69.374979
A11: Base Game
A13: Simulator | B13: 1000000000 | H13: Calculate | P13: Compare
A14: Lower | B14: Upper | C14: Cnt | D14: Pay | E14: Hit Rate | F14: Avg. Multi. | H14: Range | I14: Fix Num | J14: Fix Rate | K14: Final Rate | L14: Weight | M14: Hit Rate | N14: Simulator RTP | O14: 0.9 | P14: 目前 | Q14: 目標 | R14: 墨西哥狂歡 | S14: 差異 | U14: Fix Num A | V14: Fix Num B
A15: -1 | B15: 0 | C15: 737445367 | D15: 0 | E15: {=_xlfn.LET(_xlpm.x, C15:C78, _xlpm.x/SUM(_xlpm.x))} -> 0.75577301 | F15: {=_xlfn.LET(_xlpm.x, D15:D80/C15:C80/B3, IF(ISERR(_xlpm.x), 0, _xlpm.x))} -> 0 | H15: ="("&$A15&", "&$B15&"]" -> (-1, 0] | I15: 0.96 | J15: {=E15:E79*I15:I79} -> 0.72554209 | K15: {=J15:J78/SUM(_xlfn.ANCHORARRAY(J15))} -> 0.71459622 | L15: {=INT(K15:K79*$B$2)} -> 714596215 | M15: {=_xlfn.LET(_xlpm.x, L15:L79, _xlpm.x/SUM(_xlpm.x))} -> 0.714551 | N15: {=M15:M79*F15:F79} -> 0 | O15: {=I15:I78*O14} -> 0.864 | P15: {=M15:M78} -> 0.714551 | Q15: 0.72294875 | R15: 0.72554635 | S15: {=_xlfn.LET(_xlpm.x, Q15:Q78/M15:M78, IF(ISERR(_xlpm.x), 0, ROUND(_xlpm.x,2)))} -> 1.01
A16: 0 | B16: 1 | C16: 125747912 | D16: 5718281965 | E16: 0.12887311 | F16: 0.4547417 | H16: ="("&$A16&", "&$B16&"]" -> (0, 1] | I16: 1.3111611 | J16: 0.1689734 | K16: 0.16642419 | L16: 166424189 | M16: 0.16641366 | N16: 0.07567523 | O16: 1.1800449 | P16: 0.16641366 | Q16: 0.16136085 | R16: 0.15905886 | S16: 0.97
A17: 1 | B17: 2 | C17: 34346188 | D17: 5160882820 | E17: 0.03519979 | F17: 1.5026072 | H17: ="("&$A17&", "&$B17&"]" -> (1, 2] | I17: 1.3631913 | J17: 0.047984046 | K17: 0.047260135 | L17: 47260135 | M17: 0.047257145 | N17: 0.071008924 | O17: 1.2268721 | P17: 0.047257145 | Q17: 0.045756935 | R17: 0.049788509 | S17: 0.97
A18: 2 | B18: 3 | C18: 16016014 | D18: 4036397390 | E18: 0.016414058 | F18: 2.5202259 | H18: ="("&$A18&", "&$B18&"]" -> (2, 3] | I18: 1.3840033 | J18: 0.022717111 | K18: 0.02237439 | L18: 22374389 | M18: 0.022372973 | N18: 0.056384947 | O18: 1.245603 | P18: 0.022372973 | Q18: 0.021758 | R18: 0.021457526 | S18: 0.97
A19: 3 | B19: 4 | C19: 7938444 | D19: 2831742995 | E19: 0.0081357372 | F19: 3.567126 | H19: ="("&$A19&", "&$B19&"]" -> (3, 4] | I19: 1.0926342 | J19: 0.0088893848 | K19: 0.0087552753 | L19: 8755275 | M19: 0.008754721 | N19: 0.031229193 | O19: 0.98337079 | P19: 0.008754721 | Q19: 0.0085068855 | R19: 0.0094289743 | S19: 0.97
A20: 4 | B20: 5 | C20: 5590423 | D20: 2572145990 | E20: 0.0057293611 | F20: 4.6009863 | H20: ="("&$A20&", "&$B20&"]" -> (4, 5] | I20: 1.2175067 | J20: 0.0069755355 | K20: 0.0068702993 | L20: 6870299 | M20: 0.0068698643 | N20: 0.031608152 | O20: 1.095756 | P20: 0.0068698643 | Q20: 0.0066698354 | R20: 0.0062566091 | S20: 0.97
A21: 5 | B21: 6 | C21: 4146103 | D21: 2317578720 | E21: 0.0042491456 | F21: 5.589776 | H21: ="("&$A21&", "&$B21&"]" -> (5, 6] | I21: 1.3423792 | J21: 0.0057039646 | K21: 0.0056179118 | L21: 5617911 | M21: 0.0056175555 | N21: 0.031400877 | O21: 1.2081413 | P21: 0.0056175555 | Q21: 0.0054541949 | R21: 0.0053753965 | S21: 0.97
A22: 6 | B22: 7 | C22: 2759181 | D22: 1811662230 | E22: 0.0028277546 | F22: 6.565942 | H22: ="("&$A22&", "&$B22&"]" -> (6, 7] | I22: 1.2279127 | J22: 0.0034722359 | K22: 0.0034198521 | L22: 3419852 | M22: 0.0034196356 | N22: 0.022453129 | O22: 1.1051215 | P22: 0.0034196356 | Q22: 0.0033318405 | R22: 0.0025114558 | S22: 0.97
A23: 7 | B23: 8 | C23: 2852762 | D23: 2173439930 | E23: 0.0029236614 | F23: 7.6187215 | H23: ="("&$A23&", "&$B23&"]" -> (7, 8] | I23: 1.0093859 | J23: 0.0029511025 | K23: 0.0029065808 | L23: 2906580 | M23: 0.0029063961 | N23: 0.022143022 | O23: 0.9084473 | P23: 0.0029063961 | Q23: 0.00281562 | R23: 0.0030842439 | S23: 0.97
A24: 8 | B24: 9 | C24: 2098889 | D24: 1804643600 | E24: 0.0021510524 | F24: 8.5980898 | H24: ="("&$A24&", "&$B24&"]" -> (8, 9] | I24: 1.2383188 | J24: 0.0026636886 | K24: 0.0026235029 | L24: 2623502 | M24: 0.002623336 | N24: 0.022555678 | O24: 1.1144869 | P24: 0.002623336 | Q24: 0.0025445965 | R24: 0.0026876983 | S24: 0.97
A25: 9 | B25: 10 | C25: 1944892 | D25: 1875878775 | E25: 0.0019932282 | F25: 9.6451565 | H25: ="("&$A25&", "&$B25&"]" -> (9, 10] | I25: 1.1862886 | J25: 0.0023645438 | K25: 0.0023288712 | L25: 2328871 | M25: 0.0023287236 | N25: 0.022460904 | O25: 1.0676597 | P25: 0.0023287236 | Q25: 0.0022718729 | R25: 0.002247092 | S25: 0.98
A26: 10 | B26: 15 | C26: 6784136 | D26: 8448491255 | E26: 0.0069527413 | F26: 12.453305 | H26: ="("&$A26&", "&$B26&"]" -> (10, 15] | I26: 0.45786576 | J26: 0.0031834222 | K26: 0.0031353956 | L26: 3135395 | M26: 0.0031351966 | N26: 0.039043559 | O26: 0.41207919 | P26: 0.0031351966 | Q26: 0.0030238589 | R26: 0.0049788509 | S26: 0.96
A27: 15 | B27: 20 | C27: 4614038 | D27: 8068968765 | E27: 0.0047287101 | F27: 17.487868 | H27: ="("&$A27&", "&$B27&"]" -> (15, 20] | I27: 0.87683 | J27: 0.0041462749 | K27: 0.0040837222 | L27: 4083722 | M27: 0.0040834636 | N27: 0.071411073 | O27: 0.789147 | P27: 0.0040834636 | Q27: 0.0039646257 | R27: 0.0023352133 | S27: 0.97
... A78: 100000 | B78: 9999999 | C78: 0 | D78: 0 | E78: 0 | F78: 0 | H78: ="("&$A78&", "&$B78&"]" -> (100000, 9999999] | I78: 0 | J78: 0 | K78: 0 | L78: 0 | M78: 0 | N78: 0 | O78: 0 | P78: 0 | Q78: 0 | R78: 0 | S78: 0
A79: Free Game | C79: =E79*B13 -> 24250000 | D79: 298038000 | E79: 0.02425 | F79: 0.12290227 | H79: Free Game | I79: 0.173 | J79: 0.00419525 | K79: =J79 -> 0.00419525 | L79: 4195250 | M79: 0.0041949845 | N79: 0.00051557311
A80: Buy Feature | C80: 10000000 | D80: 0 | E80: 1 | F80: 0 | H80: Buy Feature | M80: =E80 -> 1 | N80: =F80/B8 -> 0
A83: Free Game
A85: Simulator | B85: =B13 -> 1000000000 | H85: Calculate | P85: Compare
A86: Lower | B86: Upper | C86: Cnt | D86: Pay | E86: Hit Rate | F86: Avg. Multi. | H86: Range | I86: Fix Num | J86: Fix Rate | K86: Final Rate | L86: Weight | M86: Hit Rate | N86: Simulator RTP | O86: 0.9 | P86: 目前 | Q86: 目標 | R86: 墨西哥狂歡 | S86: 差異 | U86: Fix Num A | V86: Fix Num B
A87: -1 | B87: 0 | C87: 0 | D87: 0 | E87: {=_xlfn.LET(_xlpm.x, C87:C150, _xlpm.x/SUM(_xlpm.x))} -> 0 | F87: {=_xlfn.LET(_xlpm.x, D87:D150/C87:C150/B3, IF(ISERR(_xlpm.x), 0, _xlpm.x))} -> 0 | H87: ="("&$A87&", "&$B87&"]" -> (-1, 0] | I87: 0 | J87: {=_xlfn.ANCHORARRAY(E87)*I87:I150} -> 0 | K87: {=J87:J150/SUM(_xlfn.ANCHORARRAY(J87))} -> 0 | L87: {=INT(_xlfn.ANCHORARRAY(K87)*$B$2)} -> 0 | M87: {=_xlfn.LET(_xlpm.x, L87:L150, _xlpm.x/SUM(_xlpm.x))} -> 0 | N87: {=M87:M150*_xlfn.ANCHORARRAY(F87)} -> 0 | O87: {=I87:I150*O86} -> 0 | P87: {=_xlfn.ANCHORARRAY(M87)} -> 0 | Q87: 0 | R87: 0 | S87: {=_xlfn.LET(_xlpm.x, Q87:Q150/M87:M150, IF(ISERR(_xlpm.x), 0, ROUND(_xlpm.x,2)))} -> 0
A88: 0 | B88: 1 | C88: 15302 | D88: 915955 | E88: 0.00063116012 | F88: 0.59858515 | H88: ="("&$A88&", "&$B88&"]" -> (0, 1] | I88: 0 | J88: 0 | K88: 0 | L88: 0 | M88: 0 | N88: 0 | O88: 0 | P88: 0 | Q88: 0 | R88: 0 | S88: 0
A89: 1 | B89: 2 | C89: 14545 | D89: 2297380 | E89: 0.00059993622 | F89: 1.5794981 | H89: ="("&$A89&", "&$B89&"]" -> (1, 2] | I89: 0 | J89: 0 | K89: 0 | L89: 0 | M89: 0 | N89: 0 | O89: 0 | P89: 0 | Q89: 0 | R89: 0 | S89: 0
A90: 2 | B90: 3 | C90: 15170 | D90: 3916365 | E90: 0.00062571553 | F90: 2.5816513 | H90: ="("&$A90&", "&$B90&"]" -> (2, 3] | I90: 0 | J90: 0 | K90: 0 | L90: 0 | M90: 0 | N90: 0 | O90: 0 | P90: 0 | Q90: 0 | R90: 0 | S90: 0
A91: 3 | B91: 4 | C91: 15165 | D91: 5428355 | E91: 0.0006255093 | F91: 3.5795285 | H91: ="("&$A91&", "&$B91&"]" -> (3, 4] | I91: 0 | J91: 0 | K91: 0 | L91: 0 | M91: 0 | N91: 0 | O91: 0 | P91: 0 | Q91: 0 | R91: 0.036144578 | S91: 0
A92: 4 | B92: 5 | C92: 16128 | D92: 7377445 | E92: 0.00066523006 | F92: 4.5743087 | H92: ="("&$A92&", "&$B92&"]" -> (4, 5] | I92: 0 | J92: 0 | K92: 0 | L92: 0 | M92: 0 | N92: 0 | O92: 0 | P92: 0 | Q92: 0 | R92: 0 | S92: 0
A93: 5 | B93: 6 | C93: 16708 | D93: 9310030 | E93: 0.00068915327 | F93: 5.5721989 | H93: ="("&$A93&", "&$B93&"]" -> (5, 6] | I93: 0 | J93: 0 | K93: 0 | L93: 0 | M93: 0 | N93: 0 | O93: 0 | P93: 0 | Q93: 0 | R93: 0 | S93: 0
A94: 6 | B94: 7 | C94: 16541 | D94: 10856555 | E94: 0.00068226504 | F94: 6.5634212 | H94: ="("&$A94&", "&$B94&"]" -> (6, 7] | I94: 0 | J94: 0 | K94: 0 | L94: 0 | M94: 0 | N94: 0 | O94: 0 | P94: 0 | Q94: 0 | R94: 0.012048193 | S94: 0
A95: 7 | B95: 8 | C95: 16722 | D95: 12639590 | E95: 0.00068973073 | F95: 7.5586593 | H95: ="("&$A95&", "&$B95&"]" -> (7, 8] | I95: 0 | J95: 0 | K95: 0 | L95: 0 | M95: 0 | N95: 0 | O95: 0 | P95: 0 | Q95: 0 | R95: 0.036144578 | S95: 0
A96: 8 | B96: 9 | C96: 17038 | D96: 14586110 | E96: 0.00070276475 | F96: 8.5609285 | H96: ="("&$A96&", "&$B96&"]" -> (8, 9] | I96: 0 | J96: 0 | K96: 0 | L96: 0 | M96: 0 | N96: 0 | O96: 0 | P96: 0 | Q96: 0 | R96: 0.024096386 | S96: 0
A97: 9 | B97: 10 | C97: 17289 | D97: 16528360 | E97: 0.00071311772 | F97: 9.560044 | H97: ="("&$A97&", "&$B97&"]" -> (9, 10] | I97: 0 | J97: 0 | K97: 0 | L97: 0 | M97: 0 | N97: 0 | O97: 0 | P97: 0 | Q97: 0 | R97: 0.012048193 | S97: 0
A98: 10 | B98: 15 | C98: 91411 | D98: 114997815 | E98: 0.0037704207 | F98: 12.580304 | H98: ="("&$A98&", "&$B98&"]" -> (10, 15] | I98: 34.81 | J98: 0.13124835 | K98: 0.13131393 | L98: 131313926 | M98: 0.13131393 | N98: 1.6519691 | O98: 31.329 | P98: 0.13131393 | Q98: 0.13126626 | R98: 0.072289157 | S98: 1
A99: 15 | B99: 20 | C99: 97447 | D99: 171256395 | E99: 0.004019387 | F99: 17.574312 | H99: ="("&$A99&", "&$B99&"]" -> (15, 20] | I99: 32.65 | J99: 0.13123299 | K99: 0.13129856 | L99: 131298560 | M99: 0.13129856 | N99: 2.3074819 | O99: 29.385 | P99: 0.13129856 | Q99: 0.13125249 | R99: 0.072289157 | S99: 1
... A150: 100000 | B150: 9999999 | C150: 0 | D150: 0 | E150: 0 | F150: 0 | H150: ="("&$A150&", "&$B150&"]" -> (100000, 9999999] | I150: 0 | J150: 0 | K150: 0 | L150: 0 | M150: 0 | N150: 0 | O150: 0 | P150: 0 | Q150: 0 | R150: 0 | S150: 0
A153: Buy Feature
A155: Simulator | B155: 10000000 | H155: Calculate | P155: Compare
A156: Lower | B156: Upper | C156: Cnt | D156: Pay | E156: Hit Rate | F156: Avg. Multi. | H156: Range | I156: Fix Num | J156: Fix Rate | K156: Final Rate | L156: Weight | M156: Hit Rate | N156: Simulator RTP | O156: 0.95 | P156: 目前 | Q156: 目標 | R156: 墨西哥狂歡 | S156: 差異 | U156: Fix Num A | V156: Fix Num B
A157: -1 | B157: 0 | C157: {=C87:D150} -> 0 | D157: 0 | E157: {=_xlfn.LET(_xlpm.x, C157:C220, _xlpm.x/SUM(_xlpm.x))} -> 0 | F157: {=_xlfn.LET(_xlpm.x, D157:D220/C157:C220/B3, IF(ISERR(_xlpm.x), 0, _xlpm.x))} -> 0 | H157: ="("&$A157&", "&$B157&"]" -> (-1, 0] | I157: 0 | J157: {=_xlfn.ANCHORARRAY(E157)*I157:I220} -> 0 | K157: {=J157:J220/SUM(_xlfn.ANCHORARRAY(J157))} -> 0 | L157: {=INT(_xlfn.ANCHORARRAY(K157)*$B$2)} -> 0 | M157: {=_xlfn.LET(_xlpm.x, L157:L220, _xlpm.x/SUM(_xlpm.x))} -> 0 | N157: {=M157:M220*_xlfn.ANCHORARRAY(F157)} -> 0 | O157: {=I157:I220*O156} -> 0 | P157: {=_xlfn.ANCHORARRAY(M157)} -> 0 | Q157: 0 | R157: 0 | S157: {=_xlfn.LET(_xlpm.x, Q157:Q220/M157:M220, IF(ISERR(_xlpm.x), 0, ROUND(_xlpm.x,2)))} -> 0
A158: 0 | B158: 1 | C158: 15302 | D158: 915955 | E158: 0.00063116012 | F158: 0.59858515 | H158: ="("&$A158&", "&$B158&"]" -> (0, 1] | I158: 0 | J158: 0 | K158: 0 | L158: 0 | M158: 0 | N158: 0 | O158: 0 | P158: 0 | Q158: 0 | R158: 0 | S158: 0
A159: 1 | B159: 2 | C159: 14545 | D159: 2297380 | E159: 0.00059993622 | F159: 1.5794981 | H159: ="("&$A159&", "&$B159&"]" -> (1, 2] | I159: 0 | J159: 0 | K159: 0 | L159: 0 | M159: 0 | N159: 0 | O159: 0 | P159: 0 | Q159: 0 | R159: 0 | S159: 0
A160: 2 | B160: 3 | C160: 15170 | D160: 3916365 | E160: 0.00062571553 | F160: 2.5816513 | H160: ="("&$A160&", "&$B160&"]" -> (2, 3] | I160: 0 | J160: 0 | K160: 0 | L160: 0 | M160: 0 | N160: 0 | O160: 0 | P160: 0 | Q160: 0 | R160: 0 | S160: 0
A161: 3 | B161: 4 | C161: 15165 | D161: 5428355 | E161: 0.0006255093 | F161: 3.5795285 | H161: ="("&$A161&", "&$B161&"]" -> (3, 4] | I161: 0 | J161: 0 | K161: 0 | L161: 0 | M161: 0 | N161: 0 | O161: 0 | P161: 0 | Q161: 0 | R161: 0.036144578 | S161: 0
A162: 4 | B162: 5 | C162: 16128 | D162: 7377445 | E162: 0.00066523006 | F162: 4.5743087 | H162: ="("&$A162&", "&$B162&"]" -> (4, 5] | I162: 0 | J162: 0 | K162: 0 | L162: 0 | M162: 0 | N162: 0 | O162: 0 | P162: 0 | Q162: 0 | R162: 0 | S162: 0
A163: 5 | B163: 6 | C163: 16708 | D163: 9310030 | E163: 0.00068915327 | F163: 5.5721989 | H163: ="("&$A163&", "&$B163&"]" -> (5, 6] | I163: 0 | J163: 0 | K163: 0 | L163: 0 | M163: 0 | N163: 0 | O163: 0 | P163: 0 | Q163: 0 | R163: 0 | S163: 0
A164: 6 | B164: 7 | C164: 16541 | D164: 10856555 | E164: 0.00068226504 | F164: 6.5634212 | H164: ="("&$A164&", "&$B164&"]" -> (6, 7] | I164: 0 | J164: 0 | K164: 0 | L164: 0 | M164: 0 | N164: 0 | O164: 0 | P164: 0 | Q164: 0 | R164: 0.012048193 | S164: 0
A165: 7 | B165: 8 | C165: 16722 | D165: 12639590 | E165: 0.00068973073 | F165: 7.5586593 | H165: ="("&$A165&", "&$B165&"]" -> (7, 8] | I165: 0 | J165: 0 | K165: 0 | L165: 0 | M165: 0 | N165: 0 | O165: 0 | P165: 0 | Q165: 0 | R165: 0.036144578 | S165: 0
A166: 8 | B166: 9 | C166: 17038 | D166: 14586110 | E166: 0.00070276475 | F166: 8.5609285 | H166: ="("&$A166&", "&$B166&"]" -> (8, 9] | I166: 0 | J166: 0 | K166: 0 | L166: 0 | M166: 0 | N166: 0 | O166: 0 | P166: 0 | Q166: 0 | R166: 0.024096386 | S166: 0
A167: 9 | B167: 10 | C167: 17289 | D167: 16528360 | E167: 0.00071311772 | F167: 9.560044 | H167: ="("&$A167&", "&$B167&"]" -> (9, 10] | I167: 0 | J167: 0 | K167: 0 | L167: 0 | M167: 0 | N167: 0 | O167: 0 | P167: 0 | Q167: 0 | R167: 0.012048193 | S167: 0
A168: 10 | B168: 15 | C168: 91411 | D168: 114997815 | E168: 0.0037704207 | F168: 12.580304 | H168: ="("&$A168&", "&$B168&"]" -> (10, 15] | I168: 31.18 | J168: 0.11756172 | K168: 0.11742022 | L168: 117420216 | M168: 0.11742022 | N168: 1.477182 | O168: 29.621 | P168: 0.11742022 | Q168: 0.11756193 | R168: 0.072289157 | S168: 1
A169: 15 | B169: 20 | C169: 97447 | D169: 171256395 | E169: 0.004019387 | F169: 17.574312 | H169: ="("&$A169&", "&$B169&"]" -> (15, 20] | I169: 29.25 | J169: 0.11756707 | K169: 0.11742556 | L169: 117425562 | M169: 0.11742556 | N169: 2.0636735 | O169: 27.7875 | P169: 0.11742556 | Q169: 0.1175496 | R169: 0.072289157 | S169: 1
... A220: 100000 | B220: 9999999 | C220: 0 | D220: 0 | E220: 0 | F220: 0 | H220: ="("&$A220&", "&$B220&"]" -> (100000, 9999999] | I220: 0 | J220: 0 | K220: 0 | L220: 0 | M220: 0 | N220: 0 | O220: 0 | P220: 0 | Q220: 0 | R220: 0 | S220: 0

Sheet OP Jackpot
B3: NB-Newbie-A
B4: BGC1Screen | E4: =SUM(D4:D5)/C4 -> #DIV/0!
B5: FGC1Screen
B7: NB-Newbie-B
B8: BGC1Screen | E8: =SUM(D8:D9)/C8 -> #DIV/0!
B9: FGC1Screen
B11: NB-Oldhand-A
B12: BGC1Screen | C12: 100000000 | D12: 34373244 | E12: =SUM(D12:D13)/C12 -> 0.35639257
B13: FGC1Screen | D13: 1266013
B15: NB-Oldhand-B
B16: BGC1Screen | E16: =SUM(D16:D17)/C16 -> #DIV/0!
B17: FGC1Screen
B19: BF-A
B20: BGC1Screen | C20: 1000000000 | D20: 1000000000 | E20: =SUM(D20:D21)/C20 -> 5.4156459
B21: FGC1Screen | D21: 4415645859
B23: BF-B
B24: BGC1Screen | E24: =SUM(D24:D25)/C24 -> #DIV/0!
B25: FGC1Screen
B28: Threshold | C28: 10000000000
B30: NB-Newbie-A | C30: =ROUND(E4*$C$28, 0) -> #DIV/0!
B31: NB-Newbie-B | C31: =ROUND(E8*$C$28, 0) -> #DIV/0!
B32: NB-Oldhand-A | C32: =ROUND(E12*$C$28, 0) -> 3563925700
B33: NB-Oldhand-B | C33: =ROUND(E16*$C$28, 0) -> #DIV/0!
B34: BF-A | C34: =ROUND(E20*$C$28, 0) -> 54156458590
B35: BF-B | C35: =ROUND(E24*$C$28, 0) -> #DIV/0!

Sheet BG_Symbol
J2: Symbol | Q2: Symbol ID | W2: Symbol Weight | AC2: Eliminate Wheel Weight A | AJ2: Eliminate Wheel Weight B
A3: Symbol | B3: Description | C3: R1 | D3: R2 | E3: R3 | F3: R4 | G3: R5 | H3: ID | K3: R1 | L3: R2 | M3: R3 | N3: R4 | O3: R5 | Q3: R1 | R3: R2 | S3: R3 | T3: R4 | U3: R5 | W3: R1 | X3: R2 | Y3: R3 | Z3: R4 | AA3: R5
A4: {=Overview!A38:B57} -> WW | B4: Wild | C4: =COUNTIF(K:K, $A4) -> 0 | D4: =COUNTIF(L:L, $A4) -> 0 | E4: =COUNTIF(M:M, $A4) -> 0 | F4: =COUNTIF(N:N, $A4) -> 0 | G4: =COUNTIF(O:O, $A4) -> 0 | H4: {=Overview!F38:F57} -> 0 | J4: {=_xlfn.SEQUENCE(MAX(COUNTA(K:K), COUNTA(L:L), COUNTA(M:M), COUNTA(N:N), COUNTA(O:O))-1,,0)} -> 0 | K4: M4 | L4: G5 | M4: M5 | N4: J | O4: A | Q4: {=_xlfn.LET(_xlpm.x, K4:O304, IF(_xlpm.x="", "", _xlfn.XLOOKUP(_xlpm.x, $A$4:$A$23,_xlfn.ANCHORARRAY( H4))))} -> 5 | R4: 15 | S4: 6 | T4: 10 | U4: 7 | W4: 2 | X4: 1 | Y4: 1 | Z4: 2 | AA4: 1 | AC4: 1 Combo | AJ4: 1 Combo
A5: C1 | B5: Scatter | C5: =COUNTIF(K:K, $A5) -> 0 | D5: =COUNTIF(L:L, $A5) -> 6 | E5: =COUNTIF(M:M, $A5) -> 0 | F5: =COUNTIF(N:N, $A5) -> 9 | G5: =COUNTIF(O:O, $A5) -> 0 | H5: 1 | J5: 1 | K5: M5 | L5: GK | M5: M4 | N5: J | O5: M3 | Q5: 6 | R5: 17 | S5: 5 | T5: 10 | U5: 4 | W5: 1 | X5: 1 | Y5: 1 | Z5: 2 | AA5: 2 | AC5: Symbol | AD5: R1 | AE5: R2 | AF5: R3 | AG5: R4 | AH5: R5 | AJ5: Symbol | AK5: R1 | AL5: R2 | AM5: R3 | AN5: R4 | AO5: R5
A6: M1 | B6: M1 | C6: =COUNTIF(K:K, $A6) -> 4 | D6: =COUNTIF(L:L, $A6) -> 22 | E6: =COUNTIF(M:M, $A6) -> 5 | F6: =COUNTIF(N:N, $A6) -> 21 | G6: =COUNTIF(O:O, $A6) -> 23 | H6: 2 | J6: 2 | K6: J | L6: C1 | M6: K | N6: GJ | O6: M1 | Q6: 10 | R6: 1 | S6: 8 | T6: 19 | U6: 2 | W6: 1 | X6: 2 | Y6: 1 | Z6: 2 | AA6: 1 | AC6: {=$A$4:$A$23} -> WW | AD6: 0 | AE6: 0 | AF6: 0 | AG6: 0 | AH6: 0 | AJ6: {=$A$4:$A$23} -> WW | AK6: 0 | AL6: 0 | AM6: 0 | AN6: 0 | AO6: 0
A7: M2 | B7: M2 | C7: =COUNTIF(K:K, $A7) -> 4 | D7: =COUNTIF(L:L, $A7) -> 10 | E7: =COUNTIF(M:M, $A7) -> 5 | F7: =COUNTIF(N:N, $A7) -> 21 | G7: =COUNTIF(O:O, $A7) -> 23 | H7: 3 | J7: 3 | K7: A | L7: J | M7: M4 | N7: M1 | O7: M4 | Q7: 7 | R7: 10 | S7: 5 | T7: 2 | U7: 5 | W7: 1 | X7: 1 | Y7: 2 | Z7: 2 | AA7: 1 | AC7: C1 | AD7: 0 | AE7: 6 | AF7: 0 | AG7: 9 | AH7: 0 | AJ7: C1 | AK7: 0 | AL7: 6 | AM7: 0 | AN7: 9 | AO7: 0
A8: M3 | B8: M3 | C8: =COUNTIF(K:K, $A8) -> 4 | D8: =COUNTIF(L:L, $A8) -> 9 | E8: =COUNTIF(M:M, $A8) -> 5 | F8: =COUNTIF(N:N, $A8) -> 21 | G8: =COUNTIF(O:O, $A8) -> 22 | H8: 4 | J8: 4 | K8: M5 | L8: G1 | M8: M3 | N8: G2 | O8: A | Q8: 6 | R8: 11 | S8: 4 | T8: 12 | U8: 7 | W8: 1 | X8: 1 | Y8: 1 | Z8: 2 | AA8: 1 | AC8: M1 | AD8: 4 | AE8: 11 | AF8: 5 | AG8: 21 | AH8: 23 | AJ8: M1 | AK8: 4 | AL8: 11 | AM8: 5 | AN8: 21 | AO8: 23
A9: M4 | B9: M4 | C9: =COUNTIF(K:K, $A9) -> 43 | D9: =COUNTIF(L:L, $A9) -> 13 | E9: =COUNTIF(M:M, $A9) -> 41 | F9: =COUNTIF(N:N, $A9) -> 14 | G9: =COUNTIF(O:O, $A9) -> 22 | H9: 5 | J9: 5 | K9: K | L9: K | M9: M4 | N9: M1 | O9: K | Q9: 8 | R9: 8 | S9: 5 | T9: 2 | U9: 8 | W9: 1 | X9: 1 | Y9: 1 | Z9: 2 | AA9: 1 | AC9: M2 | AD9: 4 | AE9: 11 | AF9: 5 | AG9: 21 | AH9: 23 | AJ9: M2 | AK9: 4 | AL9: 11 | AM9: 5 | AN9: 21 | AO9: 23
A10: M5 | B10: M5 | C10: =COUNTIF(K:K, $A10) -> 43 | D10: =COUNTIF(L:L, $A10) -> 14 | E10: =COUNTIF(M:M, $A10) -> 41 | F10: =COUNTIF(N:N, $A10) -> 14 | G10: =COUNTIF(O:O, $A10) -> 22 | H10: 6 | J10: 6 | K10: M5 | L10: G1 | M10: A | N10: M4 | O10: A | Q10: 6 | R10: 11 | S10: 7 | T10: 5 | U10: 7 | W10: 1 | X10: 2 | Y10: 1 | Z10: 2 | AA10: 1 | AC10: M3 | AD10: 4 | AE10: 11 | AF10: 5 | AG10: 21 | AH10: 22 | AJ10: M3 | AK10: 4 | AL10: 11 | AM10: 5 | AN10: 21 | AO10: 22
A11: A | B11: A | C11: =COUNTIF(K:K, $A11) -> 47 | D11: =COUNTIF(L:L, $A11) -> 14 | E11: =COUNTIF(M:M, $A11) -> 41 | F11: =COUNTIF(N:N, $A11) -> 14 | G11: =COUNTIF(O:O, $A11) -> 22 | H11: 7 | J11: 7 | K11: K | L11: G1 | M11: M4 | N11: C1 | O11: A | Q11: 8 | R11: 11 | S11: 5 | T11: 1 | U11: 7 | W11: 1 | X11: 2 | Y11: 2 | Z11: 2 | AA11: 1 | AC11: M4 | AD11: 43 | AE11: 20 | AF11: 41 | AG11: 14 | AH11: 22 | AJ11: M4 | AK11: 43 | AL11: 20 | AM11: 41 | AN11: 14 | AO11: 22
A12: K | B12: K | C12: =COUNTIF(K:K, $A12) -> 47 | D12: =COUNTIF(L:L, $A12) -> 18 | E12: =COUNTIF(M:M, $A12) -> 41 | F12: =COUNTIF(N:N, $A12) -> 14 | G12: =COUNTIF(O:O, $A12) -> 22 | H12: 8 | J12: 8 | K12: M5 | L12: J | M12: M5 | N12: Q | O12: M3 | Q12: 6 | R12: 10 | S12: 6 | T12: 9 | U12: 4 | W12: 1 | X12: 2 | Y12: 2 | Z12: 2 | AA12: 2 | AC12: M5 | AD12: 43 | AE12: 21 | AF12: 41 | AG12: 14 | AH12: 22 | AJ12: M5 | AK12: 43 | AL12: 21 | AM12: 41 | AN12: 14 | AO12: 22
A13: Q | B13: Q | C13: =COUNTIF(K:K, $A13) -> 4 | D13: =COUNTIF(L:L, $A13) -> 5 | E13: =COUNTIF(M:M, $A13) -> 5 | F13: =COUNTIF(N:N, $A13) -> 20 | G13: =COUNTIF(O:O, $A13) -> 22 | H13: 9 | J13: 9 | K13: K | L13: M3 | M13: Q | N13: Q | O13: M5 | Q13: 8 | R13: 4 | S13: 9 | T13: 9 | U13: 6 | W13: 1 | X13: 2 | Y13: 1 | Z13: 2 | AA13: 1 | AC13: A | AD13: 47 | AE13: 21 | AF13: 41 | AG13: 14 | AH13: 22 | AJ13: A | AK13: 47 | AL13: 21 | AM13: 41 | AN13: 14 | AO13: 22
A14: J | B14: J | C14: =COUNTIF(K:K, $A14) -> 4 | D14: =COUNTIF(L:L, $A14) -> 9 | E14: =COUNTIF(M:M, $A14) -> 4 | F14: =COUNTIF(N:N, $A14) -> 20 | G14: =COUNTIF(O:O, $A14) -> 22 | H14: 10 | J14: 10 | K14: M5 | L14: M1 | M14: M5 | N14: J | O14: Q | Q14: 6 | R14: 2 | S14: 6 | T14: 10 | U14: 9 | W14: 2 | X14: 2 | Y14: 1 | Z14: 1 | AA14: 1 | AC14: K | AD14: 47 | AE14: 21 | AF14: 41 | AG14: 14 | AH14: 22 | AJ14: K | AK14: 47 | AL14: 21 | AM14: 41 | AN14: 14 | AO14: 22
A15: G1 | B15: Gold M1 | C15: =COUNTIF(K:K, $A15) -> 0 | D15: =COUNTIF(L:L, $A15) -> 16 | E15: =COUNTIF(M:M, $A15) -> 0 | F15: =COUNTIF(N:N, $A15) -> 4 | G15: =COUNTIF(O:O, $A15) -> 0 | H15: 11 | J15: 11 | K15: M5 | L15: GQ | M15: K | N15: M2 | O15: K | Q15: 6 | R15: 18 | S15: 8 | T15: 3 | U15: 8 | W15: 1 | X15: 1 | Y15: 1 | Z15: 1 | AA15: 1 | AC15: Q | AD15: 4 | AE15: 11 | AF15: 5 | AG15: 20 | AH15: 22 | AJ15: Q | AK15: 4 | AL15: 11 | AM15: 5 | AN15: 20 | AO15: 22
A16: G2 | B16: Gold M2 | C16: =COUNTIF(K:K, $A16) -> 0 | D16: =COUNTIF(L:L, $A16) -> 5 | E16: =COUNTIF(M:M, $A16) -> 0 | F16: =COUNTIF(N:N, $A16) -> 4 | G16: =COUNTIF(O:O, $A16) -> 0 | H16: 12 | J16: 12 | K16: M5 | L16: M4 | M16: M5 | N16: A | O16: K | Q16: 6 | R16: 5 | S16: 6 | T16: 7 | U16: 8 | W16: 1 | X16: 1 | Y16: 1 | Z16: 1 | AA16: 1 | AC16: J | AD16: 4 | AE16: 11 | AF16: 4 | AG16: 20 | AH16: 22 | AJ16: J | AK16: 4 | AL16: 11 | AM16: 4 | AN16: 20 | AO16: 22
A17: G3 | B17: Gold M3 | C17: =COUNTIF(K:K, $A17) -> 0 | D17: =COUNTIF(L:L, $A17) -> 7 | E17: =COUNTIF(M:M, $A17) -> 0 | F17: =COUNTIF(N:N, $A17) -> 4 | G17: =COUNTIF(O:O, $A17) -> 0 | H17: 13 | J17: 13 | K17: K | L17: GA | M17: K | N17: M4 | O17: M3 | Q17: 8 | R17: 16 | S17: 8 | T17: 5 | U17: 4 | W17: 1 | X17: 1 | Y17: 1 | Z17: 2 | AA17: 1 | AC17: G1 | AD17: 0 | AE17: 5 | AF17: 1 | AG17: 5 | AH17: 0 | AJ17: G1 | AK17: 0 | AL17: 5 | AM17: 1 | AN17: 5 | AO17: 0
A18: G4 | B18: Gold M4 | C18: =COUNTIF(K:K, $A18) -> 0 | D18: =COUNTIF(L:L, $A18) -> 10 | E18: =COUNTIF(M:M, $A18) -> 3 | F18: =COUNTIF(N:N, $A18) -> 3 | G18: =COUNTIF(O:O, $A18) -> 0 | H18: 14 | J18: 14 | K18: A | L18: M3 | M18: M3 | N18: C1 | O18: J | Q18: 7 | R18: 4 | S18: 4 | T18: 1 | U18: 10 | W18: 1 | X18: 2 | Y18: 1 | Z18: 2 | AA18: 1 | AC18: G2 | AD18: 0 | AE18: 6 | AF18: 1 | AG18: 5 | AH18: 0 | AJ18: G2 | AK18: 0 | AL18: 6 | AM18: 1 | AN18: 5 | AO18: 0
... A23: GJ | B23: Gold J | C23: =COUNTIF(K:K, $A23) -> 0 | D23: =COUNTIF(L:L, $A23) -> 6 | E23: =COUNTIF(M:M, $A23) -> 0 | F23: =COUNTIF(N:N, $A23) -> 4 | G23: =COUNTIF(O:O, $A23) -> 0 | H23: 19 | J23: 19 | K23: K | L23: GA | M23: A | N23: Q | O23: M2 | Q23: 8 | R23: 16 | S23: 7 | T23: 9 | U23: 3 | W23: 1 | X23: 1 | Y23: 1 | Z23: 1 | AA23: 1 | AC23: GK | AD23: 0 | AE23: 9 | AF23: 4 | AG23: 4 | AH23: 0 | AJ23: GK | AK23: 0 | AL23: 9 | AM23: 4 | AN23: 4 | AO23: 0
C24: =SUM(C4:C23) -> 200 | D24: =SUM(D4:D23) -> 200 | E24: =SUM(E4:E23) -> 200 | F24: =SUM(F4:F23) -> 200 | G24: =SUM(G4:G23) -> 200 | J24: 20 | K24: A | L24: A | M24: M4 | N24: GK | O24: A | Q24: 7 | R24: 7 | S24: 5 | T24: 17 | U24: 7 | W24: 1 | X24: 1 | Y24: 2 | Z24: 1 | AA24: 1 | AC24: GQ | AD24: 0 | AE24: 6 | AF24: 1 | AG24: 5 | AH24: 0 | AJ24: GQ | AK24: 0 | AL24: 6 | AM24: 1 | AN24: 5 | AO24: 0
J25: 21 | K25: M4 | L25: K | M25: M4 | N25: M1 | O25: M2 | Q25: 5 | R25: 8 | S25: 5 | T25: 2 | U25: 3 | W25: 1 | X25: 1 | Y25: 2 | Z25: 1 | AA25: 2 | AC25: GJ | AD25: 0 | AE25: 6 | AF25: 1 | AG25: 5 | AH25: 0 | AJ25: GJ | AK25: 0 | AL25: 6 | AM25: 1 | AN25: 5 | AO25: 0
B26: Normal Symbol | C26: =SUM(C4:C14)/C24 -> 1 | D26: =SUM(D4:D14)/D24 -> 0.6 | E26: =SUM(E4:E14)/E24 -> 0.94 | F26: =SUM(F4:F14)/F24 -> 0.84 | G26: =SUM(G4:G14)/G24 -> 1 | J26: 22 | K26: Q | L26: G4 | M26: M4 | N26: M1 | O26: M1 | Q26: 9 | R26: 14 | S26: 5 | T26: 2 | U26: 2 | W26: 1 | X26: 2 | Y26: 1 | Z26: 1 | AA26: 2 | AD26: =SUM(AD6:AD25) -> 200 | AE26: =SUM(AE6:AE25) -> 209 | AF26: =SUM(AF6:AF25) -> 209 | AG26: =SUM(AG6:AG25) -> 209 | AH26: =SUM(AH6:AH25) -> 200 | AK26: =SUM(AK6:AK25) -> 200 | AL26: =SUM(AL6:AL25) -> 209 | AM26: =SUM(AM6:AM25) -> 209 | AN26: =SUM(AN6:AN25) -> 209 | AO26: =SUM(AO6:AO25) -> 200
B27: Golden Symbol | C27: =SUM(C15:C23)/C24 -> 0 | D27: =SUM(D15:D23)/D24 -> 0.4 | E27: =SUM(E15:E23)/E24 -> 0.06 | F27: =SUM(F15:F23)/F24 -> 0.16 | G27: =SUM(G15:G23)/G24 -> 0 | J27: 23 | K27: A | L27: M5 | M27: M5 | N27: A | O27: M1 | Q27: 7 | R27: 6 | S27: 6 | T27: 7 | U27: 2 | W27: 1 | X27: 2 | Y27: 1 | Z27: 1 | AA27: 1
J28: 24 | K28: K | L28: M4 | M28: A | N28: M4 | O28: J | Q28: 8 | R28: 5 | S28: 7 | T28: 5 | U28: 10 | W28: 1 | X28: 2 | Y28: 1 | Z28: 2 | AA28: 1 | AC28: 2 Combo | AJ28: 2 Combo
J29: 25 | K29: M4 | L29: GQ | M29: K | N29: Q | O29: K | Q29: 5 | R29: 18 | S29: 8 | T29: 9 | U29: 8 | W29: 1 | X29: 1 | Y29: 1 | Z29: 1 | AA29: 1 | AC29: Symbol | AD29: R1 | AE29: R2 | AF29: R3 | AG29: R4 | AH29: R5 | AJ29: Symbol | AK29: R1 | AL29: R2 | AM29: R3 | AN29: R4 | AO29: R5
J30: 26 | K30: A | L30: G4 | M30: A | N30: M2 | O30: M2 | Q30: 7 | R30: 14 | S30: 7 | T30: 3 | U30: 3 | W30: 1 | X30: 1 | Y30: 1 | Z30: 1 | AA30: 2 | AC30: {=$A$4:$A$23} -> WW | AD30: 0 | AE30: 0 | AF30: 0 | AG30: 0 | AH30: 0 | AJ30: {=$A$4:$A$23} -> WW | AK30: 0 | AL30: 0 | AM30: 0 | AN30: 0 | AO30: 0
J31: 27 | K31: K | L31: K | M31: A | N31: A | O31: M3 | Q31: 8 | R31: 8 | S31: 7 | T31: 7 | U31: 4 | W31: 1 | X31: 1 | Y31: 1 | Z31: 1 | AA31: 2 | AC31: C1 | AD31: 0 | AE31: 6 | AF31: 0 | AG31: 9 | AH31: 0 | AJ31: C1 | AK31: 0 | AL31: 6 | AM31: 0 | AN31: 9 | AO31: 0
J32: 28 | K32: M4 | L32: M2 | M32: M5 | N32: M2 | O32: M5 | Q32: 5 | R32: 3 | S32: 6 | T32: 3 | U32: 6 | W32: 2 | X32: 2 | Y32: 1 | Z32: 2 | AA32: 2 | AC32: M1 | AD32: 4 | AE32: 11 | AF32: 5 | AG32: 21 | AH32: 23 | AJ32: M1 | AK32: 4 | AL32: 11 | AM32: 5 | AN32: 21 | AO32: 23
J33: 29 | K33: Q | L33: M1 | M33: GK | N33: M2 | O33: Q | Q33: 9 | R33: 2 | S33: 17 | T33: 3 | U33: 9 | W33: 2 | X33: 2 | Y33: 1 | Z33: 2 | AA33: 2 | AC33: M2 | AD33: 4 | AE33: 11 | AF33: 5 | AG33: 21 | AH33: 23 | AJ33: M2 | AK33: 4 | AL33: 11 | AM33: 5 | AN33: 21 | AO33: 23
J34: 30 | K34: M4 | L34: G5 | M34: M4 | N34: M3 | O34: M1 | Q34: 5 | R34: 15 | S34: 5 | T34: 4 | U34: 2 | W34: 2 | X34: 2 | Y34: 1 | Z34: 2 | AA34: 2 | AC34: M3 | AD34: 4 | AE34: 11 | AF34: 5 | AG34: 21 | AH34: 22 | AJ34: M3 | AK34: 4 | AL34: 11 | AM34: 5 | AN34: 21 | AO34: 22
J35: 31 | K35: M4 | L35: G3 | M35: J | N35: J | O35: M1 | Q35: 5 | R35: 13 | S35: 10 | T35: 10 | U35: 2 | W35: 2 | X35: 2 | Y35: 1 | Z35: 1 | AA35: 2 | AC35: M4 | AD35: 43 | AE35: 20 | AF35: 41 | AG35: 14 | AH35: 22 | AJ35: M4 | AK35: 43 | AL35: 20 | AM35: 41 | AN35: 14 | AO35: 22
J36: 32 | K36: M4 | L36: M3 | M36: K | N36: J | O36: M3 | Q36: 5 | R36: 4 | S36: 8 | T36: 10 | U36: 4 | W36: 1 | X36: 2 | Y36: 1 | Z36: 1 | AA36: 2 | AC36: M5 | AD36: 43 | AE36: 21 | AF36: 41 | AG36: 14 | AH36: 22 | AJ36: M5 | AK36: 43 | AL36: 21 | AM36: 41 | AN36: 14 | AO36: 22
J37: 33 | K37: M5 | L37: M1 | M37: G5 | N37: A | O37: M3 | Q37: 6 | R37: 2 | S37: 15 | T37: 7 | U37: 4 | W37: 1 | X37: 2 | Y37: 2 | Z37: 1 | AA37: 2 | AC37: A | AD37: 47 | AE37: 21 | AF37: 41 | AG37: 14 | AH37: 22 | AJ37: A | AK37: 47 | AL37: 21 | AM37: 41 | AN37: 14 | AO37: 22
J38: 34 | K38: K | L38: Q | M38: M4 | N38: A | O38: M2 | Q38: 8 | R38: 9 | S38: 5 | T38: 7 | U38: 3 | W38: 1 | X38: 2 | Y38: 2 | Z38: 1 | AA38: 1 | AC38: K | AD38: 47 | AE38: 21 | AF38: 41 | AG38: 14 | AH38: 22 | AJ38: K | AK38: 47 | AL38: 21 | AM38: 41 | AN38: 14 | AO38: 22
J39: 35 | K39: A | L39: G5 | M39: M4 | N39: M5 | O39: Q | Q39: 7 | R39: 15 | S39: 5 | T39: 6 | U39: 9 | W39: 1 | X39: 2 | Y39: 2 | Z39: 2 | AA39: 1 | AC39: Q | AD39: 4 | AE39: 11 | AF39: 5 | AG39: 20 | AH39: 22 | AJ39: Q | AK39: 4 | AL39: 11 | AM39: 5 | AN39: 20 | AO39: 22
J40: 36 | K40: M5 | L40: M5 | M40: J | N40: G3 | O40: K | Q40: 6 | R40: 6 | S40: 10 | T40: 13 | U40: 8 | W40: 1 | X40: 2 | Y40: 2 | Z40: 2 | AA40: 1 | AC40: J | AD40: 4 | AE40: 11 | AF40: 4 | AG40: 20 | AH40: 22 | AJ40: J | AK40: 4 | AL40: 11 | AM40: 4 | AN40: 20 | AO40: 22
J41: 37 | K41: A | L41: M4 | M41: M5 | N41: M3 | O41: K | Q41: 7 | R41: 5 | S41: 6 | T41: 4 | U41: 8 | W41: 1 | X41: 2 | Y41: 2 | Z41: 2 | AA41: 1 | AC41: G1 | AD41: 0 | AE41: 5 | AF41: 1 | AG41: 5 | AH41: 0 | AJ41: G1 | AK41: 0 | AL41: 5 | AM41: 1 | AN41: 5 | AO41: 0
J42: 38 | K42: M5 | L42: M3 | M42: M3 | N42: M5 | O42: M4 | Q42: 6 | R42: 4 | S42: 4 | T42: 6 | U42: 5 | W42: 1 | X42: 1 | Y42: 1 | Z42: 2 | AA42: 2 | AC42: G2 | AD42: 0 | AE42: 6 | AF42: 1 | AG42: 5 | AH42: 0 | AJ42: G2 | AK42: 0 | AL42: 6 | AM42: 1 | AN42: 5 | AO42: 0
... J49: 45 | K49: M4 | L49: GK | M49: M5 | N49: M3 | O49: M5 | Q49: 5 | R49: 17 | S49: 6 | T49: 4 | U49: 6 | W49: 2 | X49: 1 | Y49: 1 | Z49: 2 | AA49: 2 | AC49: GJ | AD49: 0 | AE49: 6 | AF49: 1 | AG49: 5 | AH49: 0 | AJ49: GJ | AK49: 0 | AL49: 6 | AM49: 1 | AN49: 5 | AO49: 0
J50: 46 | K50: M3 | L50: GK | M50: K | N50: Q | O50: M1 | Q50: 4 | R50: 17 | S50: 8 | T50: 9 | U50: 2 | W50: 1 | X50: 1 | Y50: 1 | Z50: 2 | AA50: 2 | AD50: =SUM(AD30:AD49) -> 200 | AE50: =SUM(AE30:AE49) -> 209 | AF50: =SUM(AF30:AF49) -> 209 | AG50: =SUM(AG30:AG49) -> 209 | AH50: =SUM(AH30:AH49) -> 200 | AK50: =SUM(AK30:AK49) -> 200 | AL50: =SUM(AL30:AL49) -> 209 | AM50: =SUM(AM30:AM49) -> 209 | AN50: =SUM(AN30:AN49) -> 209 | AO50: =SUM(AO30:AO49) -> 200
J51: 47 | K51: M1 | L51: K | M51: M4 | N51: G1 | O51: M5 | Q51: 2 | R51: 8 | S51: 5 | T51: 11 | U51: 6 | W51: 1 | X51: 1 | Y51: 1 | Z51: 1 | AA51: 2
J52: 48 | K52: A | L52: M4 | M52: A | N52: Q | O52: M5 | Q52: 7 | R52: 5 | S52: 7 | T52: 9 | U52: 6 | W52: 1 | X52: 1 | Y52: 1 | Z52: 1 | AA52: 2 | AC52: 3+ Combo | AJ52: 3+ Combo
J53: 49 | K53: M4 | L53: GQ | M53: M4 | N53: K | O53: M4 | Q53: 5 | R53: 18 | S53: 5 | T53: 8 | U53: 5 | W53: 1 | X53: 1 | Y53: 1 | Z53: 1 | AA53: 2 | AC53: Symbol | AD53: R1 | AE53: R2 | AF53: R3 | AG53: R4 | AH53: R5 | AJ53: Symbol | AK53: R1 | AL53: R2 | AM53: R3 | AN53: R4 | AO53: R5
J54: 50 | K54: A | L54: GA | M54: M5 | N54: M4 | O54: M4 | Q54: 7 | R54: 16 | S54: 6 | T54: 5 | U54: 5 | W54: 1 | X54: 1 | Y54: 1 | Z54: 2 | AA54: 2 | AC54: {=$A$4:$A$23} -> WW | AD54: 0 | AE54: 0 | AF54: 0 | AG54: 0 | AH54: 0 | AJ54: {=$A$4:$A$23} -> WW | AK54: 0 | AL54: 0 | AM54: 0 | AN54: 0 | AO54: 0
J55: 51 | K55: M5 | L55: GA | M55: K | N55: M2 | O55: J | Q55: 6 | R55: 16 | S55: 8 | T55: 3 | U55: 10 | W55: 1 | X55: 1 | Y55: 1 | Z55: 2 | AA55: 1 | AC55: C1 | AD55: 0 | AE55: 6 | AF55: 0 | AG55: 9 | AH55: 0 | AJ55: C1 | AK55: 0 | AL55: 6 | AM55: 0 | AN55: 9 | AO55: 0
J56: 52 | K56: K | L56: M4 | M56: M3 | N56: M4 | O56: J | Q56: 8 | R56: 5 | S56: 4 | T56: 5 | U56: 10 | W56: 1 | X56: 2 | Y56: 1 | Z56: 2 | AA56: 1 | AC56: M1 | AD56: 4 | AE56: 11 | AF56: 5 | AG56: 21 | AH56: 23 | AJ56: M1 | AK56: 4 | AL56: 11 | AM56: 5 | AN56: 21 | AO56: 23
J57: 53 | K57: M5 | L57: G3 | M57: A | N57: Q | O57: A | Q57: 6 | R57: 13 | S57: 7 | T57: 9 | U57: 7 | W57: 1 | X57: 1 | Y57: 1 | Z57: 2 | AA57: 1 | AC57: M2 | AD57: 4 | AE57: 11 | AF57: 5 | AG57: 21 | AH57: 23 | AJ57: M2 | AK57: 4 | AL57: 11 | AM57: 5 | AN57: 21 | AO57: 23
J58: 54 | K58: K | L58: M1 | M58: M4 | N58: M1 | O58: M4 | Q58: 8 | R58: 2 | S58: 5 | T58: 2 | U58: 5 | W58: 1 | X58: 1 | Y58: 1 | Z58: 2 | AA58: 2 | AC58: M3 | AD58: 4 | AE58: 11 | AF58: 5 | AG58: 21 | AH58: 22 | AJ58: M3 | AK58: 4 | AL58: 11 | AM58: 5 | AN58: 21 | AO58: 22
J59: 55 | K59: K | L59: K | M59: K | N59: GQ | O59: M3 | Q59: 8 | R59: 8 | S59: 8 | T59: 18 | U59: 4 | W59: 1 | X59: 1 | Y59: 1 | Z59: 2 | AA59: 2 | AC59: M4 | AD59: 43 | AE59: 20 | AF59: 41 | AG59: 14 | AH59: 22 | AJ59: M4 | AK59: 43 | AL59: 20 | AM59: 41 | AN59: 14 | AO59: 22
J60: 56 | K60: M4 | L60: GA | M60: A | N60: J | O60: Q | Q60: 5 | R60: 16 | S60: 7 | T60: 10 | U60: 9 | W60: 1 | X60: 1 | Y60: 1 | Z60: 1 | AA60: 2 | AC60: M5 | AD60: 43 | AE60: 21 | AF60: 41 | AG60: 14 | AH60: 22 | AJ60: M5 | AK60: 43 | AL60: 21 | AM60: 41 | AN60: 14 | AO60: 22
J61: 57 | K61: K | L61: C1 | M61: K | N61: M4 | O61: M2 | Q61: 8 | R61: 1 | S61: 8 | T61: 5 | U61: 3 | W61: 1 | X61: 1 | Y61: 1 | Z61: 1 | AA61: 1 | AC61: A | AD61: 47 | AE61: 21 | AF61: 41 | AG61: 14 | AH61: 22 | AJ61: A | AK61: 47 | AL61: 21 | AM61: 41 | AN61: 14 | AO61: 22
J62: 58 | K62: M5 | L62: K | M62: A | N62: GA | O62: M3 | Q62: 6 | R62: 8 | S62: 7 | T62: 16 | U62: 4 | W62: 1 | X62: 1 | Y62: 1 | Z62: 1 | AA62: 1 | AC62: K | AD62: 47 | AE62: 21 | AF62: 41 | AG62: 14 | AH62: 22 | AJ62: K | AK62: 47 | AL62: 21 | AM62: 41 | AN62: 14 | AO62: 22
J63: 59 | K63: A | L63: M5 | M63: M2 | N63: GQ | O63: A | Q63: 7 | R63: 6 | S63: 3 | T63: 18 | U63: 7 | W63: 1 | X63: 2 | Y63: 1 | Z63: 1 | AA63: 1 | AC63: Q | AD63: 4 | AE63: 11 | AF63: 5 | AG63: 20 | AH63: 22 | AJ63: Q | AK63: 4 | AL63: 11 | AM63: 5 | AN63: 20 | AO63: 22
J64: 60 | K64: M4 | L64: G3 | M64: K | N64: K | O64: M3 | Q64: 5 | R64: 13 | S64: 8 | T64: 8 | U64: 4 | W64: 1 | X64: 2 | Y64: 1 | Z64: 1 | AA64: 2 | AC64: J | AD64: 4 | AE64: 11 | AF64: 4 | AG64: 20 | AH64: 22 | AJ64: J | AK64: 4 | AL64: 11 | AM64: 4 | AN64: 20 | AO64: 22
J65: 61 | K65: K | L65: M5 | M65: M4 | N65: M2 | O65: M5 | Q65: 8 | R65: 6 | S65: 5 | T65: 3 | U65: 6 | W65: 1 | X65: 2 | Y65: 1 | Z65: 2 | AA65: 1 | AC65: G1 | AD65: 0 | AE65: 5 | AF65: 1 | AG65: 5 | AH65: 0 | AJ65: G1 | AK65: 0 | AL65: 5 | AM65: 1 | AN65: 5 | AO65: 0
J66: 62 | K66: A | L66: Q | M66: M4 | N66: J | O66: J | Q66: 7 | R66: 9 | S66: 5 | T66: 10 | U66: 10 | W66: 1 | X66: 2 | Y66: 1 | Z66: 2 | AA66: 1 | AC66: G2 | AD66: 0 | AE66: 6 | AF66: 1 | AG66: 5 | AH66: 0 | AJ66: G2 | AK66: 0 | AL66: 6 | AM66: 1 | AN66: 5 | AO66: 0
... J73: 69 | K73: M4 | L73: M3 | M73: M5 | N73: M3 | O73: M3 | Q73: 5 | R73: 4 | S73: 6 | T73: 4 | U73: 4 | W73: 1 | X73: 1 | Y73: 1 | Z73: 2 | AA73: 2 | AC73: GJ | AD73: 0 | AE73: 6 | AF73: 1 | AG73: 5 | AH73: 0 | AJ73: GJ | AK73: 0 | AL73: 6 | AM73: 1 | AN73: 5 | AO73: 0
J74: 70 | K74: K | L74: K | M74: K | N74: Q | O74: M5 | Q74: 8 | R74: 8 | S74: 8 | T74: 9 | U74: 6 | W74: 1 | X74: 1 | Y74: 1 | Z74: 2 | AA74: 1 | AD74: =SUM(AD54:AD73) -> 200 | AE74: =SUM(AE54:AE73) -> 209 | AF74: =SUM(AF54:AF73) -> 209 | AG74: =SUM(AG54:AG73) -> 209 | AH74: =SUM(AH54:AH73) -> 200 | AK74: =SUM(AK54:AK73) -> 200 | AL74: =SUM(AL54:AL73) -> 209 | AM74: =SUM(AM54:AM73) -> 209 | AN74: =SUM(AN54:AN73) -> 209 | AO74: =SUM(AO54:AO73) -> 200
J75: 71 | K75: M3 | L75: G1 | M75: M5 | N75: M5 | O75: M1 | Q75: 4 | R75: 11 | S75: 6 | T75: 6 | U75: 2 | W75: 2 | X75: 2 | Y75: 1 | Z75: 2 | AA75: 1
J76: 72 | K76: M2 | L76: J | M76: M4 | N76: C1 | O76: A | Q76: 3 | R76: 10 | S76: 5 | T76: 1 | U76: 7 | W76: 1 | X76: 2 | Y76: 1 | Z76: 2 | AA76: 1
J77: 73 | K77: M4 | L77: GJ | M77: K | N77: Q | O77: M5 | Q77: 5 | R77: 19 | S77: 8 | T77: 9 | U77: 6 | W77: 1 | X77: 2 | Y77: 1 | Z77: 2 | AA77: 2
J78: 74 | K78: K | L78: M1 | M78: M5 | N78: M2 | O78: M2 | Q78: 8 | R78: 2 | S78: 6 | T78: 3 | U78: 3 | W78: 1 | X78: 2 | Y78: 2 | Z78: 2 | AA78: 2
J79: 75 | K79: M5 | L79: M1 | M79: M5 | N79: M5 | O79: M2 | Q79: 6 | R79: 2 | S79: 6 | T79: 6 | U79: 3 | W79: 1 | X79: 2 | Y79: 1 | Z79: 2 | AA79: 1
J80: 76 | K80: A | L80: G1 | M80: G5 | N80: M4 | O80: M4 | Q80: 7 | R80: 11 | S80: 15 | T80: 5 | U80: 5 | W80: 1 | X80: 2 | Y80: 1 | Z80: 2 | AA80: 1
J81: 77 | K81: A | L81: Q | M81: K | N81: M1 | O81: A | Q81: 7 | R81: 9 | S81: 8 | T81: 2 | U81: 7 | W81: 1 | X81: 1 | Y81: 1 | Z81: 2 | AA81: 1
J82: 78 | K82: M5 | L82: M1 | M82: M5 | N82: M3 | O82: M1 | Q82: 6 | R82: 2 | S82: 6 | T82: 4 | U82: 2 | W82: 1 | X82: 1 | Y82: 1 | Z82: 2 | AA82: 1
J83: 79 | K83: A | L83: GK | M83: K | N83: M3 | O83: A | Q83: 7 | R83: 17 | S83: 8 | T83: 4 | U83: 7 | W83: 1 | X83: 1 | Y83: 1 | Z83: 1 | AA83: 1
J84: 80 | K84: M4 | L84: M4 | M84: A | N84: M3 | O84: M1 | Q84: 5 | R84: 5 | S84: 7 | T84: 4 | U84: 2 | W84: 1 | X84: 2 | Y84: 1 | Z84: 1 | AA84: 2
J85: 81 | K85: M4 | L85: G3 | M85: A | N85: A | O85: J | Q85: 5 | R85: 13 | S85: 7 | T85: 7 | U85: 10 | W85: 1 | X85: 2 | Y85: 1 | Z85: 1 | AA85: 1
J86: 82 | K86: K | L86: G5 | M86: K | N86: K | O86: M2 | Q86: 8 | R86: 15 | S86: 8 | T86: 8 | U86: 3 | W86: 1 | X86: 2 | Y86: 1 | Z86: 1 | AA86: 1
... J203: 199 | K203: M5 | L203: J | M203: M4 | N203: J | O203: Q | Q203: 6 | R203: 10 | S203: 5 | T203: 10 | U203: 9 | W203: 2 | X203: 1 | Y203: 2 | Z203: 2 | AA203: 1

Sheet BG_Symbol (2)
J2: Symbol | Q2: Symbol ID | W2: Symbol Weight | AC2: Eliminate Wheel Weight A | AJ2: Eliminate Wheel Weight B
A3: Symbol | B3: Description | C3: R1 | D3: R2 | E3: R3 | F3: R4 | G3: R5 | H3: ID | K3: R1 | L3: R2 | M3: R3 | N3: R4 | O3: R5 | Q3: R1 | R3: R2 | S3: R3 | T3: R4 | U3: R5 | W3: R1 | X3: R2 | Y3: R3 | Z3: R4 | AA3: R5
A4: {=Overview!A38:B57} -> WW | B4: Wild | C4: =COUNTIF(K:K, $A4) -> 0 | D4: =COUNTIF(L:L, $A4) -> 0 | E4: =COUNTIF(M:M, $A4) -> 0 | F4: =COUNTIF(N:N, $A4) -> 0 | G4: =COUNTIF(O:O, $A4) -> 0 | H4: {=Overview!F38:F57} -> 0 | J4: {=_xlfn.SEQUENCE(MAX(COUNTA(K:K), COUNTA(L:L), COUNTA(M:M), COUNTA(N:N), COUNTA(O:O))-1,,0)} -> 0 | K4: K | L4: A | M4: GA | N4: J | O4: M1 | Q4: {=_xlfn.LET(_xlpm.x, K4:O304, IF(_xlpm.x="", "", _xlfn.XLOOKUP(_xlpm.x, $A$4:$A$23,_xlfn.ANCHORARRAY( H4))))} -> 8 | R4: 7 | S4: 16 | T4: 10 | U4: 2 | W4: {=_xlfn.LET(_xlpm.x, K4:K6, IF(SUM((_xlpm.x="K")*1, (_xlpm.x="A")*1, (_xlpm.x="GK")*1, (_xlpm.x="GA")*1)>0, 3, 1))} -> 3 | X4: {=_xlfn.LET(_xlpm.x, L4:L6, IF(SUM((_xlpm.x="K")*1, (_xlpm.x="A")*1, (_xlpm.x="GK")*1, (_xlpm.x="GA")*1)>0, 3, 1))} -> 3 | Y4: {=_xlfn.LET(_xlpm.x, M4:M6, IF(SUM((_xlpm.x="K")*1, (_xlpm.x="A")*1, (_xlpm.x="GK")*1, (_xlpm.x="GA")*1)>0, 3, 1))} -> 3 | Z4: 1 | AA4: 1 | AC4: 1 Combo | AJ4: 1 Combo
A5: C1 | B5: Scatter | C5: =COUNTIF(K:K, $A5) -> 0 | D5: =COUNTIF(L:L, $A5) -> 6 | E5: =COUNTIF(M:M, $A5) -> 0 | F5: =COUNTIF(N:N, $A5) -> 9 | G5: =COUNTIF(O:O, $A5) -> 0 | H5: 1 | J5: 1 | K5: A | L5: A | M5: GQ | N5: M1 | O5: M3 | Q5: 7 | R5: 7 | S5: 18 | T5: 2 | U5: 4 | W5: {=_xlfn.LET(_xlpm.x, K5:K7, IF(SUM((_xlpm.x="K")*1, (_xlpm.x="A")*1, (_xlpm.x="GK")*1, (_xlpm.x="GA")*1)>0, 3, 1))} -> 3 | X5: {=_xlfn.LET(_xlpm.x, L5:L7, IF(SUM((_xlpm.x="K")*1, (_xlpm.x="A")*1, (_xlpm.x="GK")*1, (_xlpm.x="GA")*1)>0, 3, 1))} -> 3 | Y5: {=_xlfn.LET(_xlpm.x, M5:M7, IF(SUM((_xlpm.x="K")*1, (_xlpm.x="A")*1, (_xlpm.x="GK")*1, (_xlpm.x="GA")*1)>0, 3, 1))} -> 1 | Z5: 1 | AA5: 1 | AC5: Symbol | AD5: R1 | AE5: R2 | AF5: R3 | AG5: R4 | AH5: R5 | AJ5: Symbol | AK5: R1 | AL5: R2 | AM5: R3 | AN5: R4 | AO5: R5
A6: M1 | B6: M1 | C6: =COUNTIF(K:K, $A6) -> 4 | D6: =COUNTIF(L:L, $A6) -> 6 | E6: =COUNTIF(M:M, $A6) -> 0 | F6: =COUNTIF(N:N, $A6) -> 22 | G6: =COUNTIF(O:O, $A6) -> 28 | H6: 2 | J6: 2 | K6: M1 | L6: GA | M6: G4 | N6: M3 | O6: M2 | Q6: 2 | R6: 16 | S6: 14 | T6: 4 | U6: 3 | W6: {=_xlfn.LET(_xlpm.x, K6:K8, IF(SUM((_xlpm.x="K")*1, (_xlpm.x="A")*1, (_xlpm.x="GK")*1, (_xlpm.x="GA")*1)>0, 3, 1))} -> 3 | X6: {=_xlfn.LET(_xlpm.x, L6:L8, IF(SUM((_xlpm.x="K")*1, (_xlpm.x="A")*1, (_xlpm.x="GK")*1, (_xlpm.x="GA")*1)>0, 3, 1))} -> 3 | Y6: {=_xlfn.LET(_xlpm.x, M6:M8, IF(SUM((_xlpm.x="K")*1, (_xlpm.x="A")*1, (_xlpm.x="GK")*1, (_xlpm.x="GA")*1)>0, 3, 1))} -> 1 | Z6: 1 | AA6: 1 | AC6: {=$A$4:$A$23} -> WW | AD6: 0 | AE6: 0 | AF6: 0 | AG6: 0 | AH6: 0 | AJ6: {=$A$4:$A$23} -> WW | AK6: 0 | AL6: 0 | AM6: 0 | AN6: 0 | AO6: 0
A7: M2 | B7: M2 | C7: =COUNTIF(K:K, $A7) -> 4 | D7: =COUNTIF(L:L, $A7) -> 6 | E7: =COUNTIF(M:M, $A7) -> 0 | F7: =COUNTIF(N:N, $A7) -> 22 | G7: =COUNTIF(O:O, $A7) -> 27 | H7: 3 | J7: 3 | K7: M4 | L7: Q | M7: G5 | N7: M3 | O7: M2 | Q7: 5 | R7: 9 | S7: 15 | T7: 4 | U7: 3 | W7: {=_xlfn.LET(_xlpm.x, K7:K9, IF(SUM((_xlpm.x="K")*1, (_xlpm.x="A")*1, (_xlpm.x="GK")*1, (_xlpm.x="GA")*1)>0, 3, 1))} -> 3 | X7: {=_xlfn.LET(_xlpm.x, L7:L9, IF(SUM((_xlpm.x="K")*1, (_xlpm.x="A")*1, (_xlpm.x="GK")*1, (_xlpm.x="GA")*1)>0, 3, 1))} -> 3 | Y7: {=_xlfn.LET(_xlpm.x, M7:M9, IF(SUM((_xlpm.x="K")*1, (_xlpm.x="A")*1, (_xlpm.x="GK")*1, (_xlpm.x="GA")*1)>0, 3, 1))} -> 3 | Z7: 1 | AA7: 1 | AC7: C1 | AD7: 0 | AE7: 6 | AF7: 0 | AG7: 9 | AH7: 0 | AJ7: C1 | AK7: 0 | AL7: 6 | AM7: 0 | AN7: 9 | AO7: 0
A8: M3 | B8: M3 | C8: =COUNTIF(K:K, $A8) -> 4 | D8: =COUNTIF(L:L, $A8) -> 6 | E8: =COUNTIF(M:M, $A8) -> 0 | F8: =COUNTIF(N:N, $A8) -> 22 | G8: =COUNTIF(O:O, $A8) -> 27 | H8: 4 | J8: 4 | K8: K | L8: GA | M8: G4 | N8: M2 | O8: K | Q8: 8 | R8: 16 | S8: 14 | T8: 3 | U8: 8 | W8: {=_xlfn.LET(_xlpm.x, K8:K10, IF(SUM((_xlpm.x="K")*1, (_xlpm.x="A")*1, (_xlpm.x="GK")*1, (_xlpm.x="GA")*1)>0, 3, 1))} -> 3 | X8: {=_xlfn.LET(_xlpm.x, L8:L10, IF(SUM((_xlpm.x="K")*1, (_xlpm.x="A")*1, (_xlpm.x="GK")*1, (_xlpm.x="GA")*1)>0, 3, 1))} -> 3 | Y8: {=_xlfn.LET(_xlpm.x, M8:M10, IF(SUM((_xlpm.x="K")*1, (_xlpm.x="A")*1, (_xlpm.x="GK")*1, (_xlpm.x="GA")*1)>0, 3, 1))} -> 3 | Z8: 1 | AA8: 1 | AC8: M1 | AD8: 4 | AE8: 11 | AF8: 0 | AG8: 22 | AH8: 28 | AJ8: M1 | AK8: 4 | AL8: 11 | AM8: 0 | AN8: 22 | AO8: 28
A9: M4 | B9: M4 | C9: =COUNTIF(K:K, $A9) -> 43 | D9: =COUNTIF(L:L, $A9) -> 19 | E9: =COUNTIF(M:M, $A9) -> 0 | F9: =COUNTIF(N:N, $A9) -> 12 | G9: =COUNTIF(O:O, $A9) -> 16 | H9: 5 | J9: 5 | K9: M5 | L9: M3 | M9: GK | N9: M2 | O9: M2 | Q9: 6 | R9: 4 | S9: 17 | T9: 3 | U9: 3 | W9: {=_xlfn.LET(_xlpm.x, K9:K11, IF(SUM((_xlpm.x="K")*1, (_xlpm.x="A")*1, (_xlpm.x="GK")*1, (_xlpm.x="GA")*1)>0, 3, 1))} -> 3 | X9: {=_xlfn.LET(_xlpm.x, L9:L11, IF(SUM((_xlpm.x="K")*1, (_xlpm.x="A")*1, (_xlpm.x="GK")*1, (_xlpm.x="GA")*1)>0, 3, 1))} -> 1 | Y9: {=_xlfn.LET(_xlpm.x, M9:M11, IF(SUM((_xlpm.x="K")*1, (_xlpm.x="A")*1, (_xlpm.x="GK")*1, (_xlpm.x="GA")*1)>0, 3, 1))} -> 3 | Z9: 1 | AA9: 1 | AC9: M2 | AD9: 4 | AE9: 11 | AF9: 0 | AG9: 22 | AH9: 27 | AJ9: M2 | AK9: 4 | AL9: 11 | AM9: 0 | AN9: 22 | AO9: 27
A10: M5 | B10: M5 | C10: =COUNTIF(K:K, $A10) -> 43 | D10: =COUNTIF(L:L, $A10) -> 19 | E10: =COUNTIF(M:M, $A10) -> 0 | F10: =COUNTIF(N:N, $A10) -> 12 | G10: =COUNTIF(O:O, $A10) -> 16 | H10: 6 | J10: 6 | K10: K | L10: M4 | M10: GA | N10: J | O10: A | Q10: 8 | R10: 5 | S10: 16 | T10: 10 | U10: 7 | W10: {=_xlfn.LET(_xlpm.x, K10:K12, IF(SUM((_xlpm.x="K")*1, (_xlpm.x="A")*1, (_xlpm.x="GK")*1, (_xlpm.x="GA")*1)>0, 3, 1))} -> 3 | X10: {=_xlfn.LET(_xlpm.x, L10:L12, IF(SUM((_xlpm.x="K")*1, (_xlpm.x="A")*1, (_xlpm.x="GK")*1, (_xlpm.x="GA")*1)>0, 3, 1))} -> 3 | Y10: {=_xlfn.LET(_xlpm.x, M10:M12, IF(SUM((_xlpm.x="K")*1, (_xlpm.x="A")*1, (_xlpm.x="GK")*1, (_xlpm.x="GA")*1)>0, 3, 1))} -> 3 | Z10: 1 | AA10: 1 | AC10: M3 | AD10: 4 | AE10: 11 | AF10: 0 | AG10: 22 | AH10: 27 | AJ10: M3 | AK10: 4 | AL10: 11 | AM10: 0 | AN10: 22 | AO10: 27
A11: A | B11: A | C11: =COUNTIF(K:K, $A11) -> 47 | D11: =COUNTIF(L:L, $A11) -> 22 | E11: =COUNTIF(M:M, $A11) -> 0 | F11: =COUNTIF(N:N, $A11) -> 12 | G11: =COUNTIF(O:O, $A11) -> 16 | H11: 7 | J11: 7 | K11: M5 | L11: G3 | M11: G5 | N11: J | O11: M5 | Q11: 6 | R11: 13 | S11: 15 | T11: 10 | U11: 6 | W11: {=_xlfn.LET(_xlpm.x, K11:K13, IF(SUM((_xlpm.x="K")*1, (_xlpm.x="A")*1, (_xlpm.x="GK")*1, (_xlpm.x="GA")*1)>0, 3, 1))} -> 3 | X11: {=_xlfn.LET(_xlpm.x, L11:L13, IF(SUM((_xlpm.x="K")*1, (_xlpm.x="A")*1, (_xlpm.x="GK")*1, (_xlpm.x="GA")*1)>0, 3, 1))} -> 3 | Y11: {=_xlfn.LET(_xlpm.x, M11:M13, IF(SUM((_xlpm.x="K")*1, (_xlpm.x="A")*1, (_xlpm.x="GK")*1, (_xlpm.x="GA")*1)>0, 3, 1))} -> 3 | Z11: 1 | AA11: 1 | AC11: M4 | AD11: 43 | AE11: 19 | AF11: 0 | AG11: 12 | AH11: 16 | AJ11: M4 | AK11: 43 | AL11: 19 | AM11: 0 | AN11: 12 | AO11: 16
A12: K | B12: K | C12: =COUNTIF(K:K, $A12) -> 47 | D12: =COUNTIF(L:L, $A12) -> 24 | E12: =COUNTIF(M:M, $A12) -> 0 | F12: =COUNTIF(N:N, $A12) -> 12 | G12: =COUNTIF(O:O, $A12) -> 16 | H12: 8 | J12: 8 | K12: M4 | L12: A | M12: GK | N12: M5 | O12: M5 | Q12: 5 | R12: 7 | S12: 17 | T12: 6 | U12: 6 | W12: {=_xlfn.LET(_xlpm.x, K12:K14, IF(SUM((_xlpm.x="K")*1, (_xlpm.x="A")*1, (_xlpm.x="GK")*1, (_xlpm.x="GA")*1)>0, 3, 1))} -> 3 | X12: {=_xlfn.LET(_xlpm.x, L12:L14, IF(SUM((_xlpm.x="K")*1, (_xlpm.x="A")*1, (_xlpm.x="GK")*1, (_xlpm.x="GA")*1)>0, 3, 1))} -> 3 | Y12: {=_xlfn.LET(_xlpm.x, M12:M14, IF(SUM((_xlpm.x="K")*1, (_xlpm.x="A")*1, (_xlpm.x="GK")*1, (_xlpm.x="GA")*1)>0, 3, 1))} -> 3 | Z12: 1 | AA12: 1 | AC12: M5 | AD12: 43 | AE12: 20 | AF12: 0 | AG12: 12 | AH12: 16 | AJ12: M5 | AK12: 43 | AL12: 20 | AM12: 0 | AN12: 12 | AO12: 16
A13: Q | B13: Q | C13: =COUNTIF(K:K, $A13) -> 4 | D13: =COUNTIF(L:L, $A13) -> 5 | E13: =COUNTIF(M:M, $A13) -> 0 | F13: =COUNTIF(N:N, $A13) -> 21 | G13: =COUNTIF(O:O, $A13) -> 27 | H13: 9 | J13: 9 | K13: K | L13: GJ | M13: G5 | N13: GJ | O13: M1 | Q13: 8 | R13: 19 | S13: 15 | T13: 19 | U13: 2 | W13: {=_xlfn.LET(_xlpm.x, K13:K15, IF(SUM((_xlpm.x="K")*1, (_xlpm.x="A")*1, (_xlpm.x="GK")*1, (_xlpm.x="GA")*1)>0, 3, 1))} -> 3 | X13: {=_xlfn.LET(_xlpm.x, L13:L15, IF(SUM((_xlpm.x="K")*1, (_xlpm.x="A")*1, (_xlpm.x="GK")*1, (_xlpm.x="GA")*1)>0, 3, 1))} -> 1 | Y13: {=_xlfn.LET(_xlpm.x, M13:M15, IF(SUM((_xlpm.x="K")*1, (_xlpm.x="A")*1, (_xlpm.x="GK")*1, (_xlpm.x="GA")*1)>0, 3, 1))} -> 3 | Z13: 1 | AA13: 1 | AC13: A | AD13: 47 | AE13: 20 | AF13: 0 | AG13: 12 | AH13: 16 | AJ13: A | AK13: 47 | AL13: 20 | AM13: 0 | AN13: 12 | AO13: 16
A14: J | B14: J | C14: =COUNTIF(K:K, $A14) -> 4 | D14: =COUNTIF(L:L, $A14) -> 7 | E14: =COUNTIF(M:M, $A14) -> 0 | F14: =COUNTIF(N:N, $A14) -> 21 | G14: =COUNTIF(O:O, $A14) -> 27 | H14: 10 | J14: 10 | K14: Q | L14: G5 | M14: GA | N14: M1 | O14: K | Q14: 9 | R14: 15 | S14: 16 | T14: 2 | U14: 8 | W14: {=_xlfn.LET(_xlpm.x, K14:K16, IF(SUM((_xlpm.x="K")*1, (_xlpm.x="A")*1, (_xlpm.x="GK")*1, (_xlpm.x="GA")*1)>0, 3, 1))} -> 3 | X14: {=_xlfn.LET(_xlpm.x, L14:L16, IF(SUM((_xlpm.x="K")*1, (_xlpm.x="A")*1, (_xlpm.x="GK")*1, (_xlpm.x="GA")*1)>0, 3, 1))} -> 1 | Y14: {=_xlfn.LET(_xlpm.x, M14:M16, IF(SUM((_xlpm.x="K")*1, (_xlpm.x="A")*1, (_xlpm.x="GK")*1, (_xlpm.x="GA")*1)>0, 3, 1))} -> 3 | Z14: 1 | AA14: 1 | AC14: K | AD14: 47 | AE14: 20 | AF14: 0 | AG14: 12 | AH14: 16 | AJ14: K | AK14: 47 | AL14: 20 | AM14: 0 | AN14: 12 | AO14: 16
A15: G1 | B15: Gold M1 | C15: =COUNTIF(K:K, $A15) -> 0 | D15: =COUNTIF(L:L, $A15) -> 4 | E15: =COUNTIF(M:M, $A15) -> 5 | F15: =COUNTIF(N:N, $A15) -> 5 | G15: =COUNTIF(O:O, $A15) -> 0 | H15: 11 | J15: 11 | K15: A | L15: M4 | M15: G4 | N15: A | O15: K | Q15: 7 | R15: 5 | S15: 14 | T15: 7 | U15: 8 | W15: {=_xlfn.LET(_xlpm.x, K15:K17, IF(SUM((_xlpm.x="K")*1, (_xlpm.x="A")*1, (_xlpm.x="GK")*1, (_xlpm.x="GA")*1)>0, 3, 1))} -> 3 | X15: {=_xlfn.LET(_xlpm.x, L15:L17, IF(SUM((_xlpm.x="K")*1, (_xlpm.x="A")*1, (_xlpm.x="GK")*1, (_xlpm.x="GA")*1)>0, 3, 1))} -> 1 | Y15: {=_xlfn.LET(_xlpm.x, M15:M17, IF(SUM((_xlpm.x="K")*1, (_xlpm.x="A")*1, (_xlpm.x="GK")*1, (_xlpm.x="GA")*1)>0, 3, 1))} -> 3 | Z15: 1 | AA15: 1 | AC15: Q | AD15: 4 | AE15: 11 | AF15: 0 | AG15: 21 | AH15: 27 | AJ15: Q | AK15: 4 | AL15: 11 | AM15: 0 | AN15: 21 | AO15: 27
A16: G2 | B16: Gold M2 | C16: =COUNTIF(K:K, $A16) -> 0 | D16: =COUNTIF(L:L, $A16) -> 4 | E16: =COUNTIF(M:M, $A16) -> 5 | F16: =COUNTIF(N:N, $A16) -> 5 | G16: =COUNTIF(O:O, $A16) -> 0 | H16: 12 | J16: 12 | K16: Q | L16: M4 | M16: GK | N16: GA | O16: Q | Q16: 9 | R16: 5 | S16: 17 | T16: 16 | U16: 9 | W16: {=_xlfn.LET(_xlpm.x, K16:K18, IF(SUM((_xlpm.x="K")*1, (_xlpm.x="A")*1, (_xlpm.x="GK")*1, (_xlpm.x="GA")*1)>0, 3, 1))} -> 3 | X16: {=_xlfn.LET(_xlpm.x, L16:L18, IF(SUM((_xlpm.x="K")*1, (_xlpm.x="A")*1, (_xlpm.x="GK")*1, (_xlpm.x="GA")*1)>0, 3, 1))} -> 3 | Y16: {=_xlfn.LET(_xlpm.x, M16:M18, IF(SUM((_xlpm.x="K")*1, (_xlpm.x="A")*1, (_xlpm.x="GK")*1, (_xlpm.x="GA")*1)>0, 3, 1))} -> 3 | Z16: 1 | AA16: 1 | AC16: J | AD16: 4 | AE16: 11 | AF16: 0 | AG16: 21 | AH16: 27 | AJ16: J | AK16: 4 | AL16: 11 | AM16: 0 | AN16: 21 | AO16: 27
A17: G3 | B17: Gold M3 | C17: =COUNTIF(K:K, $A17) -> 0 | D17: =COUNTIF(L:L, $A17) -> 4 | E17: =COUNTIF(M:M, $A17) -> 5 | F17: =COUNTIF(N:N, $A17) -> 5 | G17: =COUNTIF(O:O, $A17) -> 0 | H17: 13 | J17: 13 | K17: K | L17: Q | M17: G5 | N17: K | O17: M2 | Q17: 8 | R17: 9 | S17: 15 | T17: 8 | U17: 3 | W17: {=_xlfn.LET(_xlpm.x, K17:K19, IF(SUM((_xlpm.x="K")*1, (_xlpm.x="A")*1, (_xlpm.x="GK")*1, (_xlpm.x="GA")*1)>0, 3, 1))} -> 3 | X17: {=_xlfn.LET(_xlpm.x, L17:L19, IF(SUM((_xlpm.x="K")*1, (_xlpm.x="A")*1, (_xlpm.x="GK")*1, (_xlpm.x="GA")*1)>0, 3, 1))} -> 3 | Y17: {=_xlfn.LET(_xlpm.x, M17:M19, IF(SUM((_xlpm.x="K")*1, (_xlpm.x="A")*1, (_xlpm.x="GK")*1, (_xlpm.x="GA")*1)>0, 3, 1))} -> 3 | Z17: 1 | AA17: 1 | AC17: G1 | AD17: 0 | AE17: 5 | AF17: 5 | AG17: 6 | AH17: 0 | AJ17: G1 | AK17: 0 | AL17: 5 | AM17: 5 | AN17: 6 | AO17: 0
A18: G4 | B18: Gold M4 | C18: =COUNTIF(K:K, $A18) -> 0 | D18: =COUNTIF(L:L, $A18) -> 15 | E18: =COUNTIF(M:M, $A18) -> 44 | F18: =COUNTIF(N:N, $A18) -> 3 | G18: =COUNTIF(O:O, $A18) -> 0 | H18: 14 | J18: 14 | K18: A | L18: GA | M18: G4 | N18: A | O18: J | Q18: 7 | R18: 16 | S18: 14 | T18: 7 | U18: 10 | W18: {=_xlfn.LET(_xlpm.x, K18:K20, IF(SUM((_xlpm.x="K")*1, (_xlpm.x="A")*1, (_xlpm.x="GK")*1, (_xlpm.x="GA")*1)>0, 3, 1))} -> 3 | X18: {=_xlfn.LET(_xlpm.x, L18:L20, IF(SUM((_xlpm.x="K")*1, (_xlpm.x="A")*1, (_xlpm.x="GK")*1, (_xlpm.x="GA")*1)>0, 3, 1))} -> 3 | Y18: {=_xlfn.LET(_xlpm.x, M18:M20, IF(SUM((_xlpm.x="K")*1, (_xlpm.x="A")*1, (_xlpm.x="GK")*1, (_xlpm.x="GA")*1)>0, 3, 1))} -> 3 | Z18: 1 | AA18: 1 | AC18: G2 | AD18: 0 | AE18: 6 | AF18: 5 | AG18: 6 | AH18: 0 | AJ18: G2 | AK18: 0 | AL18: 6 | AM18: 5 | AN18: 6 | AO18: 0
... A23: GJ | B23: Gold J | C23: =COUNTIF(K:K, $A23) -> 0 | D23: =COUNTIF(L:L, $A23) -> 3 | E23: =COUNTIF(M:M, $A23) -> 4 | F23: =COUNTIF(N:N, $A23) -> 4 | G23: =COUNTIF(O:O, $A23) -> 0 | H23: 19 | J23: 19 | K23: M4 | L23: A | M23: GK | N23: Q | O23: M1 | Q23: 5 | R23: 7 | S23: 17 | T23: 9 | U23: 2 | W23: {=_xlfn.LET(_xlpm.x, K23:K25, IF(SUM((_xlpm.x="K")*1, (_xlpm.x="A")*1, (_xlpm.x="GK")*1, (_xlpm.x="GA")*1)>0, 3, 1))} -> 1 | X23: {=_xlfn.LET(_xlpm.x, L23:L25, IF(SUM((_xlpm.x="K")*1, (_xlpm.x="A")*1, (_xlpm.x="GK")*1, (_xlpm.x="GA")*1)>0, 3, 1))} -> 3 | Y23: {=_xlfn.LET(_xlpm.x, M23:M25, IF(SUM((_xlpm.x="K")*1, (_xlpm.x="A")*1, (_xlpm.x="GK")*1, (_xlpm.x="GA")*1)>0, 3, 1))} -> 3 | Z23: 1 | AA23: 1 | AC23: GK | AD23: 0 | AE23: 10 | AF23: 44 | AG23: 4 | AH23: 0 | AJ23: GK | AK23: 0 | AL23: 10 | AM23: 44 | AN23: 4 | AO23: 0
C24: =SUM(C4:C23) -> 200 | D24: =SUM(D4:D23) -> 200 | E24: =SUM(E4:E23) -> 200 | F24: =SUM(F4:F23) -> 200 | G24: =SUM(G4:G23) -> 200 | J24: 20 | K24: M5 | L24: GK | M24: G4 | N24: M3 | O24: Q | Q24: 6 | R24: 17 | S24: 14 | T24: 4 | U24: 9 | W24: {=_xlfn.LET(_xlpm.x, K24:K26, IF(SUM((_xlpm.x="K")*1, (_xlpm.x="A")*1, (_xlpm.x="GK")*1, (_xlpm.x="GA")*1)>0, 3, 1))} -> 3 | X24: {=_xlfn.LET(_xlpm.x, L24:L26, IF(SUM((_xlpm.x="K")*1, (_xlpm.x="A")*1, (_xlpm.x="GK")*1, (_xlpm.x="GA")*1)>0, 3, 1))} -> 3 | Y24: {=_xlfn.LET(_xlpm.x, M24:M26, IF(SUM((_xlpm.x="K")*1, (_xlpm.x="A")*1, (_xlpm.x="GK")*1, (_xlpm.x="GA")*1)>0, 3, 1))} -> 3 | Z24: 1 | AA24: 1 | AC24: GQ | AD24: 0 | AE24: 6 | AF24: 5 | AG24: 5 | AH24: 0 | AJ24: GQ | AK24: 0 | AL24: 6 | AM24: 5 | AN24: 5 | AO24: 0
J25: 21 | K25: M3 | L25: GK | M25: GK | N25: C1 | O25: J | Q25: 4 | R25: 17 | S25: 17 | T25: 1 | U25: 10 | W25: {=_xlfn.LET(_xlpm.x, K25:K27, IF(SUM((_xlpm.x="K")*1, (_xlpm.x="A")*1, (_xlpm.x="GK")*1, (_xlpm.x="GA")*1)>0, 3, 1))} -> 3 | X25: {=_xlfn.LET(_xlpm.x, L25:L27, IF(SUM((_xlpm.x="K")*1, (_xlpm.x="A")*1, (_xlpm.x="GK")*1, (_xlpm.x="GA")*1)>0, 3, 1))} -> 3 | Y25: {=_xlfn.LET(_xlpm.x, M25:M27, IF(SUM((_xlpm.x="K")*1, (_xlpm.x="A")*1, (_xlpm.x="GK")*1, (_xlpm.x="GA")*1)>0, 3, 1))} -> 3 | Z25: 1 | AA25: 1 | AC25: GJ | AD25: 0 | AE25: 6 | AF25: 4 | AG25: 5 | AH25: 0 | AJ25: GJ | AK25: 0 | AL25: 6 | AM25: 4 | AN25: 5 | AO25: 0
B26: Normal Symbol | C26: =SUM(C4:C14)/C24 -> 1 | D26: =SUM(D4:D14)/D24 -> 0.6 | E26: =SUM(E4:E14)/E24 -> 0 | F26: =SUM(F4:F14)/F24 -> 0.825 | G26: =SUM(G4:G14)/G24 -> 1 | J26: 22 | K26: K | L26: M5 | M26: GJ | N26: G5 | O26: M3 | Q26: 8 | R26: 6 | S26: 19 | T26: 15 | U26: 4 | W26: {=_xlfn.LET(_xlpm.x, K26:K28, IF(SUM((_xlpm.x="K")*1, (_xlpm.x="A")*1, (_xlpm.x="GK")*1, (_xlpm.x="GA")*1)>0, 3, 1))} -> 3 | X26: {=_xlfn.LET(_xlpm.x, L26:L28, IF(SUM((_xlpm.x="K")*1, (_xlpm.x="A")*1, (_xlpm.x="GK")*1, (_xlpm.x="GA")*1)>0, 3, 1))} -> 3 | Y26: {=_xlfn.LET(_xlpm.x, M26:M28, IF(SUM((_xlpm.x="K")*1, (_xlpm.x="A")*1, (_xlpm.x="GK")*1, (_xlpm.x="GA")*1)>0, 3, 1))} -> 1 | Z26: 1 | AA26: 1 | AD26: =SUM(AD6:AD25) -> 200 | AE26: =SUM(AE6:AE25) -> 209 | AF26: =SUM(AF6:AF25) -> 200 | AG26: =SUM(AG6:AG25) -> 209 | AH26: =SUM(AH6:AH25) -> 200 | AK26: =SUM(AK6:AK25) -> 200 | AL26: =SUM(AL6:AL25) -> 209 | AM26: =SUM(AM6:AM25) -> 200 | AN26: =SUM(AN6:AN25) -> 209 | AO26: =SUM(AO6:AO25) -> 200
B27: Golden Symbol | C27: =SUM(C15:C23)/C24 -> 0 | D27: =SUM(D15:D23)/D24 -> 0.4 | E27: =SUM(E15:E23)/E24 -> 1 | F27: =SUM(F15:F23)/F24 -> 0.175 | G27: =SUM(G15:G23)/G24 -> 0 | J27: 23 | K27: M4 | L27: K | M27: G4 | N27: J | O27: M2 | Q27: 5 | R27: 8 | S27: 14 | T27: 10 | U27: 3 | W27: {=_xlfn.LET(_xlpm.x, K27:K29, IF(SUM((_xlpm.x="K")*1, (_xlpm.x="A")*1, (_xlpm.x="GK")*1, (_xlpm.x="GA")*1)>0, 3, 1))} -> 1 | X27: {=_xlfn.LET(_xlpm.x, L27:L29, IF(SUM((_xlpm.x="K")*1, (_xlpm.x="A")*1, (_xlpm.x="GK")*1, (_xlpm.x="GA")*1)>0, 3, 1))} -> 3 | Y27: {=_xlfn.LET(_xlpm.x, M27:M29, IF(SUM((_xlpm.x="K")*1, (_xlpm.x="A")*1, (_xlpm.x="GK")*1, (_xlpm.x="GA")*1)>0, 3, 1))} -> 3 | Z27: 1 | AA27: 1
J28: 24 | K28: M5 | L28: G5 | M28: G5 | N28: K | O28: M1 | Q28: 6 | R28: 15 | S28: 15 | T28: 8 | U28: 2 | W28: {=_xlfn.LET(_xlpm.x, K28:K30, IF(SUM((_xlpm.x="K")*1, (_xlpm.x="A")*1, (_xlpm.x="GK")*1, (_xlpm.x="GA")*1)>0, 3, 1))} -> 1 | X28: {=_xlfn.LET(_xlpm.x, L28:L30, IF(SUM((_xlpm.x="K")*1, (_xlpm.x="A")*1, (_xlpm.x="GK")*1, (_xlpm.x="GA")*1)>0, 3, 1))} -> 3 | Y28: {=_xlfn.LET(_xlpm.x, M28:M30, IF(SUM((_xlpm.x="K")*1, (_xlpm.x="A")*1, (_xlpm.x="GK")*1, (_xlpm.x="GA")*1)>0, 3, 1))} -> 3 | Z28: 1 | AA28: 1 | AC28: 2 Combo | AJ28: 2 Combo
J29: 25 | K29: J | L29: M2 | M29: GK | N29: Q | O29: M3 | Q29: 10 | R29: 3 | S29: 17 | T29: 9 | U29: 4 | W29: {=_xlfn.LET(_xlpm.x, K29:K31, IF(SUM((_xlpm.x="K")*1, (_xlpm.x="A")*1, (_xlpm.x="GK")*1, (_xlpm.x="GA")*1)>0, 3, 1))} -> 1 | X29: {=_xlfn.LET(_xlpm.x, L29:L31, IF(SUM((_xlpm.x="K")*1, (_xlpm.x="A")*1, (_xlpm.x="GK")*1, (_xlpm.x="GA")*1)>0, 3, 1))} -> 3 | Y29: {=_xlfn.LET(_xlpm.x, M29:M31, IF(SUM((_xlpm.x="K")*1, (_xlpm.x="A")*1, (_xlpm.x="GK")*1, (_xlpm.x="GA")*1)>0, 3, 1))} -> 3 | Z29: 1 | AA29: 1 | AC29: Symbol | AD29: R1 | AE29: R2 | AF29: R3 | AG29: R4 | AH29: R5 | AJ29: Symbol | AK29: R1 | AL29: R2 | AM29: R3 | AN29: R4 | AO29: R5
J30: 26 | K30: M5 | L30: K | M30: G4 | N30: M5 | O30: M1 | Q30: 6 | R30: 8 | S30: 14 | T30: 6 | U30: 2 | W30: {=_xlfn.LET(_xlpm.x, K30:K32, IF(SUM((_xlpm.x="K")*1, (_xlpm.x="A")*1, (_xlpm.x="GK")*1, (_xlpm.x="GA")*1)>0, 3, 1))} -> 1 | X30: {=_xlfn.LET(_xlpm.x, L30:L32, IF(SUM((_xlpm.x="K")*1, (_xlpm.x="A")*1, (_xlpm.x="GK")*1, (_xlpm.x="GA")*1)>0, 3, 1))} -> 3 | Y30: {=_xlfn.LET(_xlpm.x, M30:M32, IF(SUM((_xlpm.x="K")*1, (_xlpm.x="A")*1, (_xlpm.x="GK")*1, (_xlpm.x="GA")*1)>0, 3, 1))} -> 3 | Z30: 1 | AA30: 1 | AC30: {=$A$4:$A$23} -> WW | AD30: 0 | AE30: 0 | AF30: 0 | AG30: 0 | AH30: 0 | AJ30: {=$A$4:$A$23} -> WW | AK30: 0 | AL30: 0 | AM30: 0 | AN30: 0 | AO30: 0
J31: 27 | K31: M1 | L31: K | M31: GJ | N31: M1 | O31: M3 | Q31: 2 | R31: 8 | S31: 19 | T31: 2 | U31: 4 | W31: {=_xlfn.LET(_xlpm.x, K31:K33, IF(SUM((_xlpm.x="K")*1, (_xlpm.x="A")*1, (_xlpm.x="GK")*1, (_xlpm.x="GA")*1)>0, 3, 1))} -> 1 | X31: {=_xlfn.LET(_xlpm.x, L31:L33, IF(SUM((_xlpm.x="K")*1, (_xlpm.x="A")*1, (_xlpm.x="GK")*1, (_xlpm.x="GA")*1)>0, 3, 1))} -> 3 | Y31: {=_xlfn.LET(_xlpm.x, M31:M33, IF(SUM((_xlpm.x="K")*1, (_xlpm.x="A")*1, (_xlpm.x="GK")*1, (_xlpm.x="GA")*1)>0, 3, 1))} -> 3 | Z31: 1 | AA31: 1 | AC31: C1 | AD31: 0 | AE31: 6 | AF31: 0 | AG31: 9 | AH31: 0 | AJ31: C1 | AK31: 0 | AL31: 6 | AM31: 0 | AN31: 9 | AO31: 0
J32: 28 | K32: M5 | L32: GA | M32: GA | N32: C1 | O32: M1 | Q32: 6 | R32: 16 | S32: 16 | T32: 1 | U32: 2 | W32: {=_xlfn.LET(_xlpm.x, K32:K34, IF(SUM((_xlpm.x="K")*1, (_xlpm.x="A")*1, (_xlpm.x="GK")*1, (_xlpm.x="GA")*1)>0, 3, 1))} -> 1 | X32: {=_xlfn.LET(_xlpm.x, L32:L34, IF(SUM((_xlpm.x="K")*1, (_xlpm.x="A")*1, (_xlpm.x="GK")*1, (_xlpm.x="GA")*1)>0, 3, 1))} -> 3 | Y32: {=_xlfn.LET(_xlpm.x, M32:M34, IF(SUM((_xlpm.x="K")*1, (_xlpm.x="A")*1, (_xlpm.x="GK")*1, (_xlpm.x="GA")*1)>0, 3, 1))} -> 3 | Z32: 1 | AA32: 1 | AC32: M1 | AD32: 4 | AE32: 11 | AF32: 0 | AG32: 22 | AH32: 28 | AJ32: M1 | AK32: 4 | AL32: 11 | AM32: 0 | AN32: 22 | AO32: 28
J33: 29 | K33: M5 | L33: GA | M33: G4 | N33: M3 | O33: M2 | Q33: 6 | R33: 16 | S33: 14 | T33: 4 | U33: 3 | W33: {=_xlfn.LET(_xlpm.x, K33:K35, IF(SUM((_xlpm.x="K")*1, (_xlpm.x="A")*1, (_xlpm.x="GK")*1, (_xlpm.x="GA")*1)>0, 3, 1))} -> 3 | X33: {=_xlfn.LET(_xlpm.x, L33:L35, IF(SUM((_xlpm.x="K")*1, (_xlpm.x="A")*1, (_xlpm.x="GK")*1, (_xlpm.x="GA")*1)>0, 3, 1))} -> 3 | Y33: {=_xlfn.LET(_xlpm.x, M33:M35, IF(SUM((_xlpm.x="K")*1, (_xlpm.x="A")*1, (_xlpm.x="GK")*1, (_xlpm.x="GA")*1)>0, 3, 1))} -> 1 | Z33: 1 | AA33: 1 | AC33: M2 | AD33: 4 | AE33: 11 | AF33: 0 | AG33: 22 | AH33: 27 | AJ33: M2 | AK33: 4 | AL33: 11 | AM33: 0 | AN33: 22 | AO33: 27
J34: 30 | K34: M5 | L34: M2 | M34: G3 | N34: G1 | O34: M1 | Q34: 6 | R34: 3 | S34: 13 | T34: 11 | U34: 2 | W34: {=_xlfn.LET(_xlpm.x, K34:K36, IF(SUM((_xlpm.x="K")*1, (_xlpm.x="A")*1, (_xlpm.x="GK")*1, (_xlpm.x="GA")*1)>0, 3, 1))} -> 3 | X34: {=_xlfn.LET(_xlpm.x, L34:L36, IF(SUM((_xlpm.x="K")*1, (_xlpm.x="A")*1, (_xlpm.x="GK")*1, (_xlpm.x="GA")*1)>0, 3, 1))} -> 3 | Y34: {=_xlfn.LET(_xlpm.x, M34:M36, IF(SUM((_xlpm.x="K")*1, (_xlpm.x="A")*1, (_xlpm.x="GK")*1, (_xlpm.x="GA")*1)>0, 3, 1))} -> 1 | Z34: 1 | AA34: 1 | AC34: M3 | AD34: 4 | AE34: 11 | AF34: 0 | AG34: 22 | AH34: 27 | AJ34: M3 | AK34: 4 | AL34: 11 | AM34: 0 | AN34: 22 | AO34: 27
J35: 31 | K35: K | L35: K | M35: G4 | N35: A | O35: M1 | Q35: 8 | R35: 8 | S35: 14 | T35: 7 | U35: 2 | W35: {=_xlfn.LET(_xlpm.x, K35:K37, IF(SUM((_xlpm.x="K")*1, (_xlpm.x="A")*1, (_xlpm.x="GK")*1, (_xlpm.x="GA")*1)>0, 3, 1))} -> 3 | X35: {=_xlfn.LET(_xlpm.x, L35:L37, IF(SUM((_xlpm.x="K")*1, (_xlpm.x="A")*1, (_xlpm.x="GK")*1, (_xlpm.x="GA")*1)>0, 3, 1))} -> 3 | Y35: {=_xlfn.LET(_xlpm.x, M35:M37, IF(SUM((_xlpm.x="K")*1, (_xlpm.x="A")*1, (_xlpm.x="GK")*1, (_xlpm.x="GA")*1)>0, 3, 1))} -> 3 | Z35: 1 | AA35: 1 | AC35: M4 | AD35: 43 | AE35: 19 | AF35: 0 | AG35: 12 | AH35: 16 | AJ35: M4 | AK35: 43 | AL35: 19 | AM35: 0 | AN35: 12 | AO35: 16
J36: 32 | K36: A | L36: GJ | M36: G5 | N36: M3 | O36: Q | Q36: 7 | R36: 19 | S36: 15 | T36: 4 | U36: 9 | W36: {=_xlfn.LET(_xlpm.x, K36:K38, IF(SUM((_xlpm.x="K")*1, (_xlpm.x="A")*1, (_xlpm.x="GK")*1, (_xlpm.x="GA")*1)>0, 3, 1))} -> 3 | X36: {=_xlfn.LET(_xlpm.x, L36:L38, IF(SUM((_xlpm.x="K")*1, (_xlpm.x="A")*1, (_xlpm.x="GK")*1, (_xlpm.x="GA")*1)>0, 3, 1))} -> 3 | Y36: {=_xlfn.LET(_xlpm.x, M36:M38, IF(SUM((_xlpm.x="K")*1, (_xlpm.x="A")*1, (_xlpm.x="GK")*1, (_xlpm.x="GA")*1)>0, 3, 1))} -> 3 | Z36: 1 | AA36: 1 | AC36: M5 | AD36: 43 | AE36: 20 | AF36: 0 | AG36: 12 | AH36: 16 | AJ36: M5 | AK36: 43 | AL36: 20 | AM36: 0 | AN36: 12 | AO36: 16
J37: 33 | K37: M5 | L37: K | M37: GK | N37: GK | O37: J | Q37: 6 | R37: 8 | S37: 17 | T37: 17 | U37: 10 | W37: {=_xlfn.LET(_xlpm.x, K37:K39, IF(SUM((_xlpm.x="K")*1, (_xlpm.x="A")*1, (_xlpm.x="GK")*1, (_xlpm.x="GA")*1)>0, 3, 1))} -> 3 | X37: {=_xlfn.LET(_xlpm.x, L37:L39, IF(SUM((_xlpm.x="K")*1, (_xlpm.x="A")*1, (_xlpm.x="GK")*1, (_xlpm.x="GA")*1)>0, 3, 1))} -> 3 | Y37: {=_xlfn.LET(_xlpm.x, M37:M39, IF(SUM((_xlpm.x="K")*1, (_xlpm.x="A")*1, (_xlpm.x="GK")*1, (_xlpm.x="GA")*1)>0, 3, 1))} -> 3 | Z37: 1 | AA37: 1 | AC37: A | AD37: 47 | AE37: 20 | AF37: 0 | AG37: 12 | AH37: 16 | AJ37: A | AK37: 47 | AL37: 20 | AM37: 0 | AN37: 12 | AO37: 16
J38: 34 | K38: M4 | L38: G4 | M38: GA | N38: M1 | O38: K | Q38: 5 | R38: 14 | S38: 16 | T38: 2 | U38: 8 | W38: {=_xlfn.LET(_xlpm.x, K38:K40, IF(SUM((_xlpm.x="K")*1, (_xlpm.x="A")*1, (_xlpm.x="GK")*1, (_xlpm.x="GA")*1)>0, 3, 1))} -> 3 | X38: {=_xlfn.LET(_xlpm.x, L38:L40, IF(SUM((_xlpm.x="K")*1, (_xlpm.x="A")*1, (_xlpm.x="GK")*1, (_xlpm.x="GA")*1)>0, 3, 1))} -> 1 | Y38: {=_xlfn.LET(_xlpm.x, M38:M40, IF(SUM((_xlpm.x="K")*1, (_xlpm.x="A")*1, (_xlpm.x="GK")*1, (_xlpm.x="GA")*1)>0, 3, 1))} -> 3 | Z38: 1 | AA38: 1 | AC38: K | AD38: 47 | AE38: 20 | AF38: 0 | AG38: 12 | AH38: 16 | AJ38: K | AK38: 47 | AL38: 20 | AM38: 0 | AN38: 12 | AO38: 16
J39: 35 | K39: K | L39: M3 | M39: G5 | N39: M4 | O39: M4 | Q39: 8 | R39: 4 | S39: 15 | T39: 5 | U39: 5 | W39: {=_xlfn.LET(_xlpm.x, K39:K41, IF(SUM((_xlpm.x="K")*1, (_xlpm.x="A")*1, (_xlpm.x="GK")*1, (_xlpm.x="GA")*1)>0, 3, 1))} -> 3 | X39: {=_xlfn.LET(_xlpm.x, L39:L41, IF(SUM((_xlpm.x="K")*1, (_xlpm.x="A")*1, (_xlpm.x="GK")*1, (_xlpm.x="GA")*1)>0, 3, 1))} -> 1 | Y39: {=_xlfn.LET(_xlpm.x, M39:M41, IF(SUM((_xlpm.x="K")*1, (_xlpm.x="A")*1, (_xlpm.x="GK")*1, (_xlpm.x="GA")*1)>0, 3, 1))} -> 3 | Z39: 1 | AA39: 1 | AC39: Q | AD39: 4 | AE39: 11 | AF39: 0 | AG39: 21 | AH39: 27 | AJ39: Q | AK39: 4 | AL39: 11 | AM39: 0 | AN39: 21 | AO39: 27
J40: 36 | K40: M4 | L40: M3 | M40: G4 | N40: M4 | O40: M3 | Q40: 5 | R40: 4 | S40: 14 | T40: 5 | U40: 4 | W40: {=_xlfn.LET(_xlpm.x, K40:K42, IF(SUM((_xlpm.x="K")*1, (_xlpm.x="A")*1, (_xlpm.x="GK")*1, (_xlpm.x="GA")*1)>0, 3, 1))} -> 1 | X40: {=_xlfn.LET(_xlpm.x, L40:L42, IF(SUM((_xlpm.x="K")*1, (_xlpm.x="A")*1, (_xlpm.x="GK")*1, (_xlpm.x="GA")*1)>0, 3, 1))} -> 3 | Y40: {=_xlfn.LET(_xlpm.x, M40:M42, IF(SUM((_xlpm.x="K")*1, (_xlpm.x="A")*1, (_xlpm.x="GK")*1, (_xlpm.x="GA")*1)>0, 3, 1))} -> 3 | Z40: 1 | AA40: 1 | AC40: J | AD40: 4 | AE40: 11 | AF40: 0 | AG40: 21 | AH40: 27 | AJ40: J | AK40: 4 | AL40: 11 | AM40: 0 | AN40: 21 | AO40: 27
J41: 37 | K41: M5 | L41: G5 | M41: GK | N41: G1 | O41: M4 | Q41: 6 | R41: 15 | S41: 17 | T41: 11 | U41: 5 | W41: {=_xlfn.LET(_xlpm.x, K41:K43, IF(SUM((_xlpm.x="K")*1, (_xlpm.x="A")*1, (_xlpm.x="GK")*1, (_xlpm.x="GA")*1)>0, 3, 1))} -> 1 | X41: {=_xlfn.LET(_xlpm.x, L41:L43, IF(SUM((_xlpm.x="K")*1, (_xlpm.x="A")*1, (_xlpm.x="GK")*1, (_xlpm.x="GA")*1)>0, 3, 1))} -> 3 | Y41: {=_xlfn.LET(_xlpm.x, M41:M43, IF(SUM((_xlpm.x="K")*1, (_xlpm.x="A")*1, (_xlpm.x="GK")*1, (_xlpm.x="GA")*1)>0, 3, 1))} -> 3 | Z41: 1 | AA41: 1 | AC41: G1 | AD41: 0 | AE41: 5 | AF41: 5 | AG41: 6 | AH41: 0 | AJ41: G1 | AK41: 0 | AL41: 5 | AM41: 5 | AN41: 6 | AO41: 0
J42: 38 | K42: M4 | L42: GA | M42: GA | N42: Q | O42: M2 | Q42: 5 | R42: 16 | S42: 16 | T42: 9 | U42: 3 | W42: {=_xlfn.LET(_xlpm.x, K42:K44, IF(SUM((_xlpm.x="K")*1, (_xlpm.x="A")*1, (_xlpm.x="GK")*1, (_xlpm.x="GA")*1)>0, 3, 1))} -> 1 | X42: {=_xlfn.LET(_xlpm.x, L42:L44, IF(SUM((_xlpm.x="K")*1, (_xlpm.x="A")*1, (_xlpm.x="GK")*1, (_xlpm.x="GA")*1)>0, 3, 1))} -> 3 | Y42: {=_xlfn.LET(_xlpm.x, M42:M44, IF(SUM((_xlpm.x="K")*1, (_xlpm.x="A")*1, (_xlpm.x="GK")*1, (_xlpm.x="GA")*1)>0, 3, 1))} -> 3 | Z42: 1 | AA42: 1 | AC42: G2 | AD42: 0 | AE42: 6 | AF42: 5 | AG42: 6 | AH42: 0 | AJ42: G2 | AK42: 0 | AL42: 6 | AM42: 5 | AN42: 6 | AO42: 0
... J49: 45 | K49: M4 | L49: G5 | M49: GK | N49: M5 | O49: M2 | Q49: 5 | R49: 15 | S49: 17 | T49: 6 | U49: 3 | W49: {=_xlfn.LET(_xlpm.x, K49:K51, IF(SUM((_xlpm.x="K")*1, (_xlpm.x="A")*1, (_xlpm.x="GK")*1, (_xlpm.x="GA")*1)>0, 3, 1))} -> 1 | X49: {=_xlfn.LET(_xlpm.x, L49:L51, IF(SUM((_xlpm.x="K")*1, (_xlpm.x="A")*1, (_xlpm.x="GK")*1, (_xlpm.x="GA")*1)>0, 3, 1))} -> 3 | Y49: {=_xlfn.LET(_xlpm.x, M49:M51, IF(SUM((_xlpm.x="K")*1, (_xlpm.x="A")*1, (_xlpm.x="GK")*1, (_xlpm.x="GA")*1)>0, 3, 1))} -> 3 | Z49: 1 | AA49: 1 | AC49: GJ | AD49: 0 | AE49: 6 | AF49: 4 | AG49: 5 | AH49: 0 | AJ49: GJ | AK49: 0 | AL49: 6 | AM49: 4 | AN49: 5 | AO49: 0
J50: 46 | K50: M3 | L50: M5 | M50: G4 | N50: M2 | O50: A | Q50: 4 | R50: 6 | S50: 14 | T50: 3 | U50: 7 | W50: {=_xlfn.LET(_xlpm.x, K50:K52, IF(SUM((_xlpm.x="K")*1, (_xlpm.x="A")*1, (_xlpm.x="GK")*1, (_xlpm.x="GA")*1)>0, 3, 1))} -> 1 | X50: {=_xlfn.LET(_xlpm.x, L50:L52, IF(SUM((_xlpm.x="K")*1, (_xlpm.x="A")*1, (_xlpm.x="GK")*1, (_xlpm.x="GA")*1)>0, 3, 1))} -> 3 | Y50: {=_xlfn.LET(_xlpm.x, M50:M52, IF(SUM((_xlpm.x="K")*1, (_xlpm.x="A")*1, (_xlpm.x="GK")*1, (_xlpm.x="GA")*1)>0, 3, 1))} -> 3 | Z50: 1 | AA50: 1 | AD50: =SUM(AD30:AD49) -> 200 | AE50: =SUM(AE30:AE49) -> 209 | AF50: =SUM(AF30:AF49) -> 200 | AG50: =SUM(AG30:AG49) -> 209 | AH50: =SUM(AH30:AH49) -> 200 | AK50: =SUM(AK30:AK49) -> 200 | AL50: =SUM(AL30:AL49) -> 209 | AM50: =SUM(AM30:AM49) -> 200 | AN50: =SUM(AN30:AN49) -> 209 | AO50: =SUM(AO30:AO49) -> 200
J51: 47 | K51: M4 | L51: A | M51: GK | N51: Q | O51: A | Q51: 5 | R51: 7 | S51: 17 | T51: 9 | U51: 7 | W51: {=_xlfn.LET(_xlpm.x, K51:K53, IF(SUM((_xlpm.x="K")*1, (_xlpm.x="A")*1, (_xlpm.x="GK")*1, (_xlpm.x="GA")*1)>0, 3, 1))} -> 3 | X51: {=_xlfn.LET(_xlpm.x, L51:L53, IF(SUM((_xlpm.x="K")*1, (_xlpm.x="A")*1, (_xlpm.x="GK")*1, (_xlpm.x="GA")*1)>0, 3, 1))} -> 3 | Y51: {=_xlfn.LET(_xlpm.x, M51:M53, IF(SUM((_xlpm.x="K")*1, (_xlpm.x="A")*1, (_xlpm.x="GK")*1, (_xlpm.x="GA")*1)>0, 3, 1))} -> 3 | Z51: 1 | AA51: 1
J52: 48 | K52: M5 | L52: A | M52: GA | N52: M2 | O52: M4 | Q52: 6 | R52: 7 | S52: 16 | T52: 3 | U52: 5 | W52: {=_xlfn.LET(_xlpm.x, K52:K54, IF(SUM((_xlpm.x="K")*1, (_xlpm.x="A")*1, (_xlpm.x="GK")*1, (_xlpm.x="GA")*1)>0, 3, 1))} -> 3 | X52: {=_xlfn.LET(_xlpm.x, L52:L54, IF(SUM((_xlpm.x="K")*1, (_xlpm.x="A")*1, (_xlpm.x="GK")*1, (_xlpm.x="GA")*1)>0, 3, 1))} -> 3 | Y52: {=_xlfn.LET(_xlpm.x, M52:M54, IF(SUM((_xlpm.x="K")*1, (_xlpm.x="A")*1, (_xlpm.x="GK")*1, (_xlpm.x="GA")*1)>0, 3, 1))} -> 3 | Z52: 1 | AA52: 1 | AC52: 3+ Combo | AJ52: 3+ Combo
J53: 49 | K53: K | L53: G5 | M53: G5 | N53: M5 | O53: A | Q53: 8 | R53: 15 | S53: 15 | T53: 6 | U53: 7 | W53: {=_xlfn.LET(_xlpm.x, K53:K55, IF(SUM((_xlpm.x="K")*1, (_xlpm.x="A")*1, (_xlpm.x="GK")*1, (_xlpm.x="GA")*1)>0, 3, 1))} -> 3 | X53: {=_xlfn.LET(_xlpm.x, L53:L55, IF(SUM((_xlpm.x="K")*1, (_xlpm.x="A")*1, (_xlpm.x="GK")*1, (_xlpm.x="GA")*1)>0, 3, 1))} -> 3 | Y53: {=_xlfn.LET(_xlpm.x, M53:M55, IF(SUM((_xlpm.x="K")*1, (_xlpm.x="A")*1, (_xlpm.x="GK")*1, (_xlpm.x="GA")*1)>0, 3, 1))} -> 1 | Z53: 1 | AA53: 1 | AC53: Symbol | AD53: R1 | AE53: R2 | AF53: R3 | AG53: R4 | AH53: R5 | AJ53: Symbol | AK53: R1 | AL53: R2 | AM53: R3 | AN53: R4 | AO53: R5
J54: 50 | K54: A | L54: G5 | M54: G3 | N54: M5 | O54: M2 | Q54: 7 | R54: 15 | S54: 13 | T54: 6 | U54: 3 | W54: {=_xlfn.LET(_xlpm.x, K54:K56, IF(SUM((_xlpm.x="K")*1, (_xlpm.x="A")*1, (_xlpm.x="GK")*1, (_xlpm.x="GA")*1)>0, 3, 1))} -> 3 | X54: {=_xlfn.LET(_xlpm.x, L54:L56, IF(SUM((_xlpm.x="K")*1, (_xlpm.x="A")*1, (_xlpm.x="GK")*1, (_xlpm.x="GA")*1)>0, 3, 1))} -> 3 | Y54: {=_xlfn.LET(_xlpm.x, M54:M56, IF(SUM((_xlpm.x="K")*1, (_xlpm.x="A")*1, (_xlpm.x="GK")*1, (_xlpm.x="GA")*1)>0, 3, 1))} -> 1 | Z54: 1 | AA54: 1 | AC54: {=$A$4:$A$23} -> WW | AD54: 0 | AE54: 0 | AF54: 0 | AG54: 0 | AH54: 0 | AJ54: {=$A$4:$A$23} -> WW | AK54: 0 | AL54: 0 | AM54: 0 | AN54: 0 | AO54: 0
J55: 51 | K55: K | L55: K | M55: G5 | N55: G3 | O55: M4 | Q55: 8 | R55: 8 | S55: 15 | T55: 13 | U55: 5 | W55: {=_xlfn.LET(_xlpm.x, K55:K57, IF(SUM((_xlpm.x="K")*1, (_xlpm.x="A")*1, (_xlpm.x="GK")*1, (_xlpm.x="GA")*1)>0, 3, 1))} -> 3 | X55: {=_xlfn.LET(_xlpm.x, L55:L57, IF(SUM((_xlpm.x="K")*1, (_xlpm.x="A")*1, (_xlpm.x="GK")*1, (_xlpm.x="GA")*1)>0, 3, 1))} -> 3 | Y55: {=_xlfn.LET(_xlpm.x, M55:M57, IF(SUM((_xlpm.x="K")*1, (_xlpm.x="A")*1, (_xlpm.x="GK")*1, (_xlpm.x="GA")*1)>0, 3, 1))} -> 1 | Z55: 1 | AA55: 1 | AC55: C1 | AD55: 0 | AE55: 6 | AF55: 0 | AG55: 9 | AH55: 0 | AJ55: C1 | AK55: 0 | AL55: 6 | AM55: 0 | AN55: 9 | AO55: 0
J56: 52 | K56: K | L56: A | M56: G4 | N56: J | O56: J | Q56: 8 | R56: 7 | S56: 14 | T56: 10 | U56: 10 | W56: {=_xlfn.LET(_xlpm.x, K56:K58, IF(SUM((_xlpm.x="K")*1, (_xlpm.x="A")*1, (_xlpm.x="GK")*1, (_xlpm.x="GA")*1)>0, 3, 1))} -> 3 | X56: {=_xlfn.LET(_xlpm.x, L56:L58, IF(SUM((_xlpm.x="K")*1, (_xlpm.x="A")*1, (_xlpm.x="GK")*1, (_xlpm.x="GA")*1)>0, 3, 1))} -> 3 | Y56: {=_xlfn.LET(_xlpm.x, M56:M58, IF(SUM((_xlpm.x="K")*1, (_xlpm.x="A")*1, (_xlpm.x="GK")*1, (_xlpm.x="GA")*1)>0, 3, 1))} -> 3 | Z56: 1 | AA56: 1 | AC56: M1 | AD56: 4 | AE56: 11 | AF56: 0 | AG56: 22 | AH56: 28 | AJ56: M1 | AK56: 4 | AL56: 11 | AM56: 0 | AN56: 22 | AO56: 28
J57: 53 | K57: M4 | L57: G4 | M57: G5 | N57: G2 | O57: M3 | Q57: 5 | R57: 14 | S57: 15 | T57: 12 | U57: 4 | W57: {=_xlfn.LET(_xlpm.x, K57:K59, IF(SUM((_xlpm.x="K")*1, (_xlpm.x="A")*1, (_xlpm.x="GK")*1, (_xlpm.x="GA")*1)>0, 3, 1))} -> 3 | X57: {=_xlfn.LET(_xlpm.x, L57:L59, IF(SUM((_xlpm.x="K")*1, (_xlpm.x="A")*1, (_xlpm.x="GK")*1, (_xlpm.x="GA")*1)>0, 3, 1))} -> 3 | Y57: {=_xlfn.LET(_xlpm.x, M57:M59, IF(SUM((_xlpm.x="K")*1, (_xlpm.x="A")*1, (_xlpm.x="GK")*1, (_xlpm.x="GA")*1)>0, 3, 1))} -> 3 | Z57: 1 | AA57: 1 | AC57: M2 | AD57: 4 | AE57: 11 | AF57: 0 | AG57: 22 | AH57: 27 | AJ57: M2 | AK57: 4 | AL57: 11 | AM57: 0 | AN57: 22 | AO57: 27
J58: 54 | K58: K | L58: GA | M58: GA | N58: A | O58: M4 | Q58: 8 | R58: 16 | S58: 16 | T58: 7 | U58: 5 | W58: {=_xlfn.LET(_xlpm.x, K58:K60, IF(SUM((_xlpm.x="K")*1, (_xlpm.x="A")*1, (_xlpm.x="GK")*1, (_xlpm.x="GA")*1)>0, 3, 1))} -> 3 | X58: {=_xlfn.LET(_xlpm.x, L58:L60, IF(SUM((_xlpm.x="K")*1, (_xlpm.x="A")*1, (_xlpm.x="GK")*1, (_xlpm.x="GA")*1)>0, 3, 1))} -> 3 | Y58: {=_xlfn.LET(_xlpm.x, M58:M60, IF(SUM((_xlpm.x="K")*1, (_xlpm.x="A")*1, (_xlpm.x="GK")*1, (_xlpm.x="GA")*1)>0, 3, 1))} -> 3 | Z58: 1 | AA58: 1 | AC58: M3 | AD58: 4 | AE58: 11 | AF58: 0 | AG58: 22 | AH58: 27 | AJ58: M3 | AK58: 4 | AL58: 11 | AM58: 0 | AN58: 22 | AO58: 27
J59: 55 | K59: A | L59: A | M59: G5 | N59: G3 | O59: M2 | Q59: 7 | R59: 7 | S59: 15 | T59: 13 | U59: 3 | W59: {=_xlfn.LET(_xlpm.x, K59:K61, IF(SUM((_xlpm.x="K")*1, (_xlpm.x="A")*1, (_xlpm.x="GK")*1, (_xlpm.x="GA")*1)>0, 3, 1))} -> 3 | X59: {=_xlfn.LET(_xlpm.x, L59:L61, IF(SUM((_xlpm.x="K")*1, (_xlpm.x="A")*1, (_xlpm.x="GK")*1, (_xlpm.x="GA")*1)>0, 3, 1))} -> 3 | Y59: {=_xlfn.LET(_xlpm.x, M59:M61, IF(SUM((_xlpm.x="K")*1, (_xlpm.x="A")*1, (_xlpm.x="GK")*1, (_xlpm.x="GA")*1)>0, 3, 1))} -> 3 | Z59: 1 | AA59: 1 | AC59: M4 | AD59: 43 | AE59: 19 | AF59: 0 | AG59: 12 | AH59: 16 | AJ59: M4 | AK59: 43 | AL59: 19 | AM59: 0 | AN59: 12 | AO59: 16
J60: 56 | K60: M4 | L60: M4 | M60: G1 | N60: M2 | O60: M5 | Q60: 5 | R60: 5 | S60: 11 | T60: 3 | U60: 6 | W60: {=_xlfn.LET(_xlpm.x, K60:K62, IF(SUM((_xlpm.x="K")*1, (_xlpm.x="A")*1, (_xlpm.x="GK")*1, (_xlpm.x="GA")*1)>0, 3, 1))} -> 1 | X60: {=_xlfn.LET(_xlpm.x, L60:L62, IF(SUM((_xlpm.x="K")*1, (_xlpm.x="A")*1, (_xlpm.x="GK")*1, (_xlpm.x="GA")*1)>0, 3, 1))} -> 1 | Y60: {=_xlfn.LET(_xlpm.x, M60:M62, IF(SUM((_xlpm.x="K")*1, (_xlpm.x="A")*1, (_xlpm.x="GK")*1, (_xlpm.x="GA")*1)>0, 3, 1))} -> 3 | Z60: 1 | AA60: 1 | AC60: M5 | AD60: 43 | AE60: 20 | AF60: 0 | AG60: 12 | AH60: 16 | AJ60: M5 | AK60: 43 | AL60: 20 | AM60: 0 | AN60: 12 | AO60: 16
J61: 57 | K61: M4 | L61: G5 | M61: GK | N61: M2 | O61: M5 | Q61: 5 | R61: 15 | S61: 17 | T61: 3 | U61: 6 | W61: {=_xlfn.LET(_xlpm.x, K61:K63, IF(SUM((_xlpm.x="K")*1, (_xlpm.x="A")*1, (_xlpm.x="GK")*1, (_xlpm.x="GA")*1)>0, 3, 1))} -> 3 | X61: {=_xlfn.LET(_xlpm.x, L61:L63, IF(SUM((_xlpm.x="K")*1, (_xlpm.x="A")*1, (_xlpm.x="GK")*1, (_xlpm.x="GA")*1)>0, 3, 1))} -> 1 | Y61: {=_xlfn.LET(_xlpm.x, M61:M63, IF(SUM((_xlpm.x="K")*1, (_xlpm.x="A")*1, (_xlpm.x="GK")*1, (_xlpm.x="GA")*1)>0, 3, 1))} -> 3 | Z61: 1 | AA61: 1 | AC61: A | AD61: 47 | AE61: 20 | AF61: 0 | AG61: 12 | AH61: 16 | AJ61: A | AK61: 47 | AL61: 20 | AM61: 0 | AN61: 12 | AO61: 16
J62: 58 | K62: M4 | L62: M5 | M62: G2 | N62: M2 | O62: M1 | Q62: 5 | R62: 6 | S62: 12 | T62: 3 | U62: 2 | W62: {=_xlfn.LET(_xlpm.x, K62:K64, IF(SUM((_xlpm.x="K")*1, (_xlpm.x="A")*1, (_xlpm.x="GK")*1, (_xlpm.x="GA")*1)>0, 3, 1))} -> 3 | X62: {=_xlfn.LET(_xlpm.x, L62:L64, IF(SUM((_xlpm.x="K")*1, (_xlpm.x="A")*1, (_xlpm.x="GK")*1, (_xlpm.x="GA")*1)>0, 3, 1))} -> 1 | Y62: {=_xlfn.LET(_xlpm.x, M62:M64, IF(SUM((_xlpm.x="K")*1, (_xlpm.x="A")*1, (_xlpm.x="GK")*1, (_xlpm.x="GA")*1)>0, 3, 1))} -> 1 | Z62: 1 | AA62: 1 | AC62: K | AD62: 47 | AE62: 20 | AF62: 0 | AG62: 12 | AH62: 16 | AJ62: K | AK62: 47 | AL62: 20 | AM62: 0 | AN62: 12 | AO62: 16
J63: 59 | K63: A | L63: M4 | M63: G1 | N63: G4 | O63: A | Q63: 7 | R63: 5 | S63: 11 | T63: 14 | U63: 7 | W63: {=_xlfn.LET(_xlpm.x, K63:K65, IF(SUM((_xlpm.x="K")*1, (_xlpm.x="A")*1, (_xlpm.x="GK")*1, (_xlpm.x="GA")*1)>0, 3, 1))} -> 3 | X63: {=_xlfn.LET(_xlpm.x, L63:L65, IF(SUM((_xlpm.x="K")*1, (_xlpm.x="A")*1, (_xlpm.x="GK")*1, (_xlpm.x="GA")*1)>0, 3, 1))} -> 3 | Y63: {=_xlfn.LET(_xlpm.x, M63:M65, IF(SUM((_xlpm.x="K")*1, (_xlpm.x="A")*1, (_xlpm.x="GK")*1, (_xlpm.x="GA")*1)>0, 3, 1))} -> 3 | Z63: 1 | AA63: 1 | AC63: Q | AD63: 4 | AE63: 11 | AF63: 0 | AG63: 21 | AH63: 27 | AJ63: Q | AK63: 4 | AL63: 11 | AM63: 0 | AN63: 21 | AO63: 27
J64: 60 | K64: M4 | L64: G4 | M64: G3 | N64: M1 | O64: Q | Q64: 5 | R64: 14 | S64: 13 | T64: 2 | U64: 9 | W64: {=_xlfn.LET(_xlpm.x, K64:K66, IF(SUM((_xlpm.x="K")*1, (_xlpm.x="A")*1, (_xlpm.x="GK")*1, (_xlpm.x="GA")*1)>0, 3, 1))} -> 3 | X64: {=_xlfn.LET(_xlpm.x, L64:L66, IF(SUM((_xlpm.x="K")*1, (_xlpm.x="A")*1, (_xlpm.x="GK")*1, (_xlpm.x="GA")*1)>0, 3, 1))} -> 3 | Y64: {=_xlfn.LET(_xlpm.x, M64:M66, IF(SUM((_xlpm.x="K")*1, (_xlpm.x="A")*1, (_xlpm.x="GK")*1, (_xlpm.x="GA")*1)>0, 3, 1))} -> 3 | Z64: 1 | AA64: 1 | AC64: J | AD64: 4 | AE64: 11 | AF64: 0 | AG64: 21 | AH64: 27 | AJ64: J | AK64: 4 | AL64: 11 | AM64: 0 | AN64: 21 | AO64: 27
J65: 61 | K65: A | L65: A | M65: GK | N65: M5 | O65: M1 | Q65: 7 | R65: 7 | S65: 17 | T65: 6 | U65: 2 | W65: {=_xlfn.LET(_xlpm.x, K65:K67, IF(SUM((_xlpm.x="K")*1, (_xlpm.x="A")*1, (_xlpm.x="GK")*1, (_xlpm.x="GA")*1)>0, 3, 1))} -> 3 | X65: {=_xlfn.LET(_xlpm.x, L65:L67, IF(SUM((_xlpm.x="K")*1, (_xlpm.x="A")*1, (_xlpm.x="GK")*1, (_xlpm.x="GA")*1)>0, 3, 1))} -> 3 | Y65: {=_xlfn.LET(_xlpm.x, M65:M67, IF(SUM((_xlpm.x="K")*1, (_xlpm.x="A")*1, (_xlpm.x="GK")*1, (_xlpm.x="GA")*1)>0, 3, 1))} -> 3 | Z65: 1 | AA65: 1 | AC65: G1 | AD65: 0 | AE65: 5 | AF65: 5 | AG65: 6 | AH65: 0 | AJ65: G1 | AK65: 0 | AL65: 5 | AM65: 5 | AN65: 6 | AO65: 0
J66: 62 | K66: K | L66: G5 | M66: G4 | N66: M1 | O66: J | Q66: 8 | R66: 15 | S66: 14 | T66: 2 | U66: 10 | W66: {=_xlfn.LET(_xlpm.x, K66:K68, IF(SUM((_xlpm.x="K")*1, (_xlpm.x="A")*1, (_xlpm.x="GK")*1, (_xlpm.x="GA")*1)>0, 3, 1))} -> 3 | X66: {=_xlfn.LET(_xlpm.x, L66:L68, IF(SUM((_xlpm.x="K")*1, (_xlpm.x="A")*1, (_xlpm.x="GK")*1, (_xlpm.x="GA")*1)>0, 3, 1))} -> 1 | Y66: {=_xlfn.LET(_xlpm.x, M66:M68, IF(SUM((_xlpm.x="K")*1, (_xlpm.x="A")*1, (_xlpm.x="GK")*1, (_xlpm.x="GA")*1)>0, 3, 1))} -> 3 | Z66: 1 | AA66: 1 | AC66: G2 | AD66: 0 | AE66: 6 | AF66: 5 | AG66: 6 | AH66: 0 | AJ66: G2 | AK66: 0 | AL66: 6 | AM66: 5 | AN66: 6 | AO66: 0
... J73: 69 | K73: M1 | L73: M4 | M73: GA | N73: M1 | O73: A | Q73: 2 | R73: 5 | S73: 16 | T73: 2 | U73: 7 | W73: {=_xlfn.LET(_xlpm.x, K73:K75, IF(SUM((_xlpm.x="K")*1, (_xlpm.x="A")*1, (_xlpm.x="GK")*1, (_xlpm.x="GA")*1)>0, 3, 1))} -> 1 | X73: {=_xlfn.LET(_xlpm.x, L73:L75, IF(SUM((_xlpm.x="K")*1, (_xlpm.x="A")*1, (_xlpm.x="GK")*1, (_xlpm.x="GA")*1)>0, 3, 1))} -> 3 | Y73: {=_xlfn.LET(_xlpm.x, M73:M75, IF(SUM((_xlpm.x="K")*1, (_xlpm.x="A")*1, (_xlpm.x="GK")*1, (_xlpm.x="GA")*1)>0, 3, 1))} -> 3 | Z73: 1 | AA73: 1 | AC73: GJ | AD73: 0 | AE73: 6 | AF73: 4 | AG73: 5 | AH73: 0 | AJ73: GJ | AK73: 0 | AL73: 6 | AM73: 4 | AN73: 5 | AO73: 0
J74: 70 | K74: M4 | L74: M4 | M74: G4 | N74: A | O74: A | Q74: 5 | R74: 5 | S74: 14 | T74: 7 | U74: 7 | W74: {=_xlfn.LET(_xlpm.x, K74:K76, IF(SUM((_xlpm.x="K")*1, (_xlpm.x="A")*1, (_xlpm.x="GK")*1, (_xlpm.x="GA")*1)>0, 3, 1))} -> 3 | X74: {=_xlfn.LET(_xlpm.x, L74:L76, IF(SUM((_xlpm.x="K")*1, (_xlpm.x="A")*1, (_xlpm.x="GK")*1, (_xlpm.x="GA")*1)>0, 3, 1))} -> 3 | Y74: {=_xlfn.LET(_xlpm.x, M74:M76, IF(SUM((_xlpm.x="K")*1, (_xlpm.x="A")*1, (_xlpm.x="GK")*1, (_xlpm.x="GA")*1)>0, 3, 1))} -> 3 | Z74: 1 | AA74: 1 | AD74: =SUM(AD54:AD73) -> 200 | AE74: =SUM(AE54:AE73) -> 209 | AF74: =SUM(AF54:AF73) -> 200 | AG74: =SUM(AG54:AG73) -> 209 | AH74: =SUM(AH54:AH73) -> 200 | AK74: =SUM(AK54:AK73) -> 200 | AL74: =SUM(AL54:AL73) -> 209 | AM74: =SUM(AM54:AM73) -> 200 | AN74: =SUM(AN54:AN73) -> 209 | AO74: =SUM(AO54:AO73) -> 200
J75: 71 | K75: M5 | L75: GK | M75: GA | N75: M3 | O75: M2 | Q75: 6 | R75: 17 | S75: 16 | T75: 4 | U75: 3 | W75: {=_xlfn.LET(_xlpm.x, K75:K77, IF(SUM((_xlpm.x="K")*1, (_xlpm.x="A")*1, (_xlpm.x="GK")*1, (_xlpm.x="GA")*1)>0, 3, 1))} -> 3 | X75: {=_xlfn.LET(_xlpm.x, L75:L77, IF(SUM((_xlpm.x="K")*1, (_xlpm.x="A")*1, (_xlpm.x="GK")*1, (_xlpm.x="GA")*1)>0, 3, 1))} -> 3 | Y75: {=_xlfn.LET(_xlpm.x, M75:M77, IF(SUM((_xlpm.x="K")*1, (_xlpm.x="A")*1, (_xlpm.x="GK")*1, (_xlpm.x="GA")*1)>0, 3, 1))} -> 3 | Z75: 1 | AA75: 1
J76: 72 | K76: K | L76: A | M76: G2 | N76: M1 | O76: M3 | Q76: 8 | R76: 7 | S76: 12 | T76: 2 | U76: 4 | W76: {=_xlfn.LET(_xlpm.x, K76:K78, IF(SUM((_xlpm.x="K")*1, (_xlpm.x="A")*1, (_xlpm.x="GK")*1, (_xlpm.x="GA")*1)>0, 3, 1))} -> 3 | X76: {=_xlfn.LET(_xlpm.x, L76:L78, IF(SUM((_xlpm.x="K")*1, (_xlpm.x="A")*1, (_xlpm.x="GK")*1, (_xlpm.x="GA")*1)>0, 3, 1))} -> 3 | Y76: {=_xlfn.LET(_xlpm.x, M76:M78, IF(SUM((_xlpm.x="K")*1, (_xlpm.x="A")*1, (_xlpm.x="GK")*1, (_xlpm.x="GA")*1)>0, 3, 1))} -> 3 | Z76: 1 | AA76: 1
J77: 73 | K77: K | L77: G3 | M77: GK | N77: M1 | O77: M5 | Q77: 8 | R77: 13 | S77: 17 | T77: 2 | U77: 6 | W77: {=_xlfn.LET(_xlpm.x, K77:K79, IF(SUM((_xlpm.x="K")*1, (_xlpm.x="A")*1, (_xlpm.x="GK")*1, (_xlpm.x="GA")*1)>0, 3, 1))} -> 3 | X77: {=_xlfn.LET(_xlpm.x, L77:L79, IF(SUM((_xlpm.x="K")*1, (_xlpm.x="A")*1, (_xlpm.x="GK")*1, (_xlpm.x="GA")*1)>0, 3, 1))} -> 1 | Y77: {=_xlfn.LET(_xlpm.x, M77:M79, IF(SUM((_xlpm.x="K")*1, (_xlpm.x="A")*1, (_xlpm.x="GK")*1, (_xlpm.x="GA")*1)>0, 3, 1))} -> 3 | Z77: 1 | AA77: 1
J78: 74 | K78: M5 | L78: M4 | M78: G4 | N78: C1 | O78: M3 | Q78: 6 | R78: 5 | S78: 14 | T78: 1 | U78: 4 | W78: {=_xlfn.LET(_xlpm.x, K78:K80, IF(SUM((_xlpm.x="K")*1, (_xlpm.x="A")*1, (_xlpm.x="GK")*1, (_xlpm.x="GA")*1)>0, 3, 1))} -> 3 | X78: {=_xlfn.LET(_xlpm.x, L78:L80, IF(SUM((_xlpm.x="K")*1, (_xlpm.x="A")*1, (_xlpm.x="GK")*1, (_xlpm.x="GA")*1)>0, 3, 1))} -> 1 | Y78: {=_xlfn.LET(_xlpm.x, M78:M80, IF(SUM((_xlpm.x="K")*1, (_xlpm.x="A")*1, (_xlpm.x="GK")*1, (_xlpm.x="GA")*1)>0, 3, 1))} -> 3 | Z78: 1 | AA78: 1
J79: 75 | K79: M5 | L79: M4 | M79: G5 | N79: GJ | O79: J | Q79: 6 | R79: 5 | S79: 15 | T79: 19 | U79: 10 | W79: {=_xlfn.LET(_xlpm.x, K79:K81, IF(SUM((_xlpm.x="K")*1, (_xlpm.x="A")*1, (_xlpm.x="GK")*1, (_xlpm.x="GA")*1)>0, 3, 1))} -> 3 | X79: {=_xlfn.LET(_xlpm.x, L79:L81, IF(SUM((_xlpm.x="K")*1, (_xlpm.x="A")*1, (_xlpm.x="GK")*1, (_xlpm.x="GA")*1)>0, 3, 1))} -> 1 | Y79: {=_xlfn.LET(_xlpm.x, M79:M81, IF(SUM((_xlpm.x="K")*1, (_xlpm.x="A")*1, (_xlpm.x="GK")*1, (_xlpm.x="GA")*1)>0, 3, 1))} -> 3 | Z79: 1 | AA79: 1
J80: 76 | K80: A | L80: G4 | M80: GA | N80: Q | O80: Q | Q80: 7 | R80: 14 | S80: 16 | T80: 9 | U80: 9 | W80: {=_xlfn.LET(_xlpm.x, K80:K82, IF(SUM((_xlpm.x="K")*1, (_xlpm.x="A")*1, (_xlpm.x="GK")*1, (_xlpm.x="GA")*1)>0, 3, 1))} -> 3 | X80: {=_xlfn.LET(_xlpm.x, L80:L82, IF(SUM((_xlpm.x="K")*1, (_xlpm.x="A")*1, (_xlpm.x="GK")*1, (_xlpm.x="GA")*1)>0, 3, 1))} -> 1 | Y80: {=_xlfn.LET(_xlpm.x, M80:M82, IF(SUM((_xlpm.x="K")*1, (_xlpm.x="A")*1, (_xlpm.x="GK")*1, (_xlpm.x="GA")*1)>0, 3, 1))} -> 3 | Z80: 1 | AA80: 1
J81: 77 | K81: K | L81: M5 | M81: G4 | N81: M2 | O81: Q | Q81: 8 | R81: 6 | S81: 14 | T81: 3 | U81: 9 | W81: {=_xlfn.LET(_xlpm.x, K81:K83, IF(SUM((_xlpm.x="K")*1, (_xlpm.x="A")*1, (_xlpm.x="GK")*1, (_xlpm.x="GA")*1)>0, 3, 1))} -> 3 | X81: {=_xlfn.LET(_xlpm.x, L81:L83, IF(SUM((_xlpm.x="K")*1, (_xlpm.x="A")*1, (_xlpm.x="GK")*1, (_xlpm.x="GA")*1)>0, 3, 1))} -> 1 | Y81: {=_xlfn.LET(_xlpm.x, M81:M83, IF(SUM((_xlpm.x="K")*1, (_xlpm.x="A")*1, (_xlpm.x="GK")*1, (_xlpm.x="GA")*1)>0, 3, 1))} -> 3 | Z81: 1 | AA81: 1
J82: 78 | K82: A | L82: M5 | M82: GK | N82: M4 | O82: M2 | Q82: 7 | R82: 6 | S82: 17 | T82: 5 | U82: 3 | W82: {=_xlfn.LET(_xlpm.x, K82:K84, IF(SUM((_xlpm.x="K")*1, (_xlpm.x="A")*1, (_xlpm.x="GK")*1, (_xlpm.x="GA")*1)>0, 3, 1))} -> 3 | X82: {=_xlfn.LET(_xlpm.x, L82:L84, IF(SUM((_xlpm.x="K")*1, (_xlpm.x="A")*1, (_xlpm.x="GK")*1, (_xlpm.x="GA")*1)>0, 3, 1))} -> 1 | Y82: {=_xlfn.LET(_xlpm.x, M82:M84, IF(SUM((_xlpm.x="K")*1, (_xlpm.x="A")*1, (_xlpm.x="GK")*1, (_xlpm.x="GA")*1)>0, 3, 1))} -> 3 | Z82: 1 | AA82: 1
J83: 79 | K83: J | L83: G4 | M83: GA | N83: Q | O83: Q | Q83: 10 | R83: 14 | S83: 16 | T83: 9 | U83: 9 | W83: {=_xlfn.LET(_xlpm.x, K83:K85, IF(SUM((_xlpm.x="K")*1, (_xlpm.x="A")*1, (_xlpm.x="GK")*1, (_xlpm.x="GA")*1)>0, 3, 1))} -> 3 | X83: {=_xlfn.LET(_xlpm.x, L83:L85, IF(SUM((_xlpm.x="K")*1, (_xlpm.x="A")*1, (_xlpm.x="GK")*1, (_xlpm.x="GA")*1)>0, 3, 1))} -> 1 | Y83: {=_xlfn.LET(_xlpm.x, M83:M85, IF(SUM((_xlpm.x="K")*1, (_xlpm.x="A")*1, (_xlpm.x="GK")*1, (_xlpm.x="GA")*1)>0, 3, 1))} -> 3 | Z83: 1 | AA83: 1
J84: 80 | K84: K | L84: M5 | M84: G5 | N84: Q | O84: M3 | Q84: 8 | R84: 6 | S84: 15 | T84: 9 | U84: 4 | W84: {=_xlfn.LET(_xlpm.x, K84:K86, IF(SUM((_xlpm.x="K")*1, (_xlpm.x="A")*1, (_xlpm.x="GK")*1, (_xlpm.x="GA")*1)>0, 3, 1))} -> 3 | X84: {=_xlfn.LET(_xlpm.x, L84:L86, IF(SUM((_xlpm.x="K")*1, (_xlpm.x="A")*1, (_xlpm.x="GK")*1, (_xlpm.x="GA")*1)>0, 3, 1))} -> 1 | Y84: {=_xlfn.LET(_xlpm.x, M84:M86, IF(SUM((_xlpm.x="K")*1, (_xlpm.x="A")*1, (_xlpm.x="GK")*1, (_xlpm.x="GA")*1)>0, 3, 1))} -> 3 | Z84: 1 | AA84: 1
J85: 81 | K85: M5 | L85: M1 | M85: GA | N85: Q | O85: J | Q85: 6 | R85: 2 | S85: 16 | T85: 9 | U85: 10 | W85: {=_xlfn.LET(_xlpm.x, K85:K87, IF(SUM((_xlpm.x="K")*1, (_xlpm.x="A")*1, (_xlpm.x="GK")*1, (_xlpm.x="GA")*1)>0, 3, 1))} -> 1 | X85: {=_xlfn.LET(_xlpm.x, L85:L87, IF(SUM((_xlpm.x="K")*1, (_xlpm.x="A")*1, (_xlpm.x="GK")*1, (_xlpm.x="GA")*1)>0, 3, 1))} -> 3 | Y85: {=_xlfn.LET(_xlpm.x, M85:M87, IF(SUM((_xlpm.x="K")*1, (_xlpm.x="A")*1, (_xlpm.x="GK")*1, (_xlpm.x="GA")*1)>0, 3, 1))} -> 3 | Z85: 1 | AA85: 1
J86: 82 | K86: M5 | L86: G5 | M86: GQ | N86: M1 | O86: M5 | Q86: 6 | R86: 15 | S86: 18 | T86: 2 | U86: 6 | W86: {=_xlfn.LET(_xlpm.x, K86:K88, IF(SUM((_xlpm.x="K")*1, (_xlpm.x="A")*1, (_xlpm.x="GK")*1, (_xlpm.x="GA")*1)>0, 3, 1))} -> 3 | X86: {=_xlfn.LET(_xlpm.x, L86:L88, IF(SUM((_xlpm.x="K")*1, (_xlpm.x="A")*1, (_xlpm.x="GK")*1, (_xlpm.x="GA")*1)>0, 3, 1))} -> 3 | Y86: {=_xlfn.LET(_xlpm.x, M86:M88, IF(SUM((_xlpm.x="K")*1, (_xlpm.x="A")*1, (_xlpm.x="GK")*1, (_xlpm.x="GA")*1)>0, 3, 1))} -> 3 | Z86: 1 | AA86: 1
... J203: 199 | K203: A | L203: M5 | M203: GA | N203: K | O203: J | Q203: 7 | R203: 6 | S203: 16 | T203: 8 | U203: 10 | W203: {=_xlfn.LET(_xlpm.x, K203:K205, IF(SUM((_xlpm.x="K")*1, (_xlpm.x="A")*1, (_xlpm.x="GK")*1, (_xlpm.x="GA")*1)>0, 3, 1))} -> 3 | X203: {=_xlfn.LET(_xlpm.x, L203:L205, IF(SUM((_xlpm.x="K")*1, (_xlpm.x="A")*1, (_xlpm.x="GK")*1, (_xlpm.x="GA")*1)>0, 3, 1))} -> 1 | Y203: {=_xlfn.LET(_xlpm.x, M203:M205, IF(SUM((_xlpm.x="K")*1, (_xlpm.x="A")*1, (_xlpm.x="GK")*1, (_xlpm.x="GA")*1)>0, 3, 1))} -> 3 | Z203: 1 | AA203: 1

Sheet BG_Symbol (3)
J2: Symbol | Q2: Symbol ID | W2: Symbol Weight | AC2: Eliminate Wheel Weight A | AJ2: Eliminate Wheel Weight B
A3: Symbol | B3: Description | C3: R1 | D3: R2 | E3: R3 | F3: R4 | G3: R5 | H3: ID | K3: R1 | L3: R2 | M3: R3 | N3: R4 | O3: R5 | Q3: R1 | R3: R2 | S3: R3 | T3: R4 | U3: R5 | W3: R1 | X3: R2 | Y3: R3 | Z3: R4 | AA3: R5
A4: {=Overview!A38:B57} -> WW | B4: Wild | C4: =COUNTIF(K:K, $A4) -> 0 | D4: =COUNTIF(L:L, $A4) -> 0 | E4: =COUNTIF(M:M, $A4) -> 0 | F4: =COUNTIF(N:N, $A4) -> 0 | G4: =COUNTIF(O:O, $A4) -> 0 | H4: {=Overview!F38:F57} -> 0 | J4: {=_xlfn.SEQUENCE(MAX(COUNTA(K:K), COUNTA(L:L), COUNTA(M:M), COUNTA(N:N), COUNTA(O:O))-1,,0)} -> 0 | K4: M2 | L4: M3 | M4: M3 | N4: M5 | O4: K | Q4: {=_xlfn.LET(_xlpm.x, K4:O304, IF(_xlpm.x="", "", _xlfn.XLOOKUP(_xlpm.x, $A$4:$A$23,_xlfn.ANCHORARRAY( H4))))} -> 3 | R4: 4 | S4: 4 | T4: 6 | U4: 8 | W4: {=_xlfn.LET(_xlpm.x, K4:K6, IF(SUM((_xlpm.x="C1")*1)=1, 3, 1))} -> 1 | X4: {=_xlfn.LET(_xlpm.x, L4:L6, IF(SUM((_xlpm.x="C1")*1)=1, 3, 1))} -> 1 | Y4: {=_xlfn.LET(_xlpm.x, M4:M6, IF(SUM((_xlpm.x="C1")*1)=1, 3, 1))} -> 3 | Z4: {=_xlfn.LET(_xlpm.x, N4:N6, IF(SUM((_xlpm.x="C1")*1)=1, 3, 1))} -> 1 | AA4: {=_xlfn.LET(_xlpm.x, O4:O6, IF(SUM((_xlpm.x="C1")*1)=1, 3, 1))} -> 3 | AC4: 1 Combo | AJ4: 1 Combo
A5: C1 | B5: Scatter | C5: =COUNTIF(K:K, $A5) -> 6 | D5: =COUNTIF(L:L, $A5) -> 6 | E5: =COUNTIF(M:M, $A5) -> 6 | F5: =COUNTIF(N:N, $A5) -> 9 | G5: =COUNTIF(O:O, $A5) -> 9 | H5: 1 | J5: 1 | K5: K | L5: GJ | M5: M2 | N5: A | O5: J | Q5: 8 | R5: 19 | S5: 3 | T5: 7 | U5: 10 | W5: {=_xlfn.LET(_xlpm.x, K5:K7, IF(SUM((_xlpm.x="C1")*1)=1, 3, 1))} -> 1 | X5: {=_xlfn.LET(_xlpm.x, L5:L7, IF(SUM((_xlpm.x="C1")*1)=1, 3, 1))} -> 1 | Y5: {=_xlfn.LET(_xlpm.x, M5:M7, IF(SUM((_xlpm.x="C1")*1)=1, 3, 1))} -> 3 | Z5: {=_xlfn.LET(_xlpm.x, N5:N7, IF(SUM((_xlpm.x="C1")*1)=1, 3, 1))} -> 1 | AA5: {=_xlfn.LET(_xlpm.x, O5:O7, IF(SUM((_xlpm.x="C1")*1)=1, 3, 1))} -> 3 | AC5: Symbol | AD5: R1 | AE5: R2 | AF5: R3 | AG5: R4 | AH5: R5 | AJ5: Symbol | AK5: R1 | AL5: R2 | AM5: R3 | AN5: R4 | AO5: R5
A6: M1 | B6: M1 | C6: =COUNTIF(K:K, $A6) -> 4 | D6: =COUNTIF(L:L, $A6) -> 14 | E6: =COUNTIF(M:M, $A6) -> 4 | F6: =COUNTIF(N:N, $A6) -> 21 | G6: =COUNTIF(O:O, $A6) -> 22 | H6: 2 | J6: 2 | K6: K | L6: G2 | M6: C1 | N6: J | O6: C1 | Q6: 8 | R6: 12 | S6: 1 | T6: 10 | U6: 1 | W6: {=_xlfn.LET(_xlpm.x, K6:K8, IF(SUM((_xlpm.x="C1")*1)=1, 3, 1))} -> 1 | X6: {=_xlfn.LET(_xlpm.x, L6:L8, IF(SUM((_xlpm.x="C1")*1)=1, 3, 1))} -> 1 | Y6: {=_xlfn.LET(_xlpm.x, M6:M8, IF(SUM((_xlpm.x="C1")*1)=1, 3, 1))} -> 3 | Z6: {=_xlfn.LET(_xlpm.x, N6:N8, IF(SUM((_xlpm.x="C1")*1)=1, 3, 1))} -> 1 | AA6: {=_xlfn.LET(_xlpm.x, O6:O8, IF(SUM((_xlpm.x="C1")*1)=1, 3, 1))} -> 3 | AC6: {=$A$4:$A$23} -> WW | AD6: 0 | AE6: 0 | AF6: 0 | AG6: 0 | AH6: 0 | AJ6: {=$A$4:$A$23} -> WW | AK6: 0 | AL6: 0 | AM6: 0 | AN6: 0 | AO6: 0
A7: M2 | B7: M2 | C7: =COUNTIF(K:K, $A7) -> 4 | D7: =COUNTIF(L:L, $A7) -> 13 | E7: =COUNTIF(M:M, $A7) -> 4 | F7: =COUNTIF(N:N, $A7) -> 20 | G7: =COUNTIF(O:O, $A7) -> 22 | H7: 3 | J7: 3 | K7: M5 | L7: M5 | M7: K | N7: M2 | O7: M2 | Q7: 6 | R7: 6 | S7: 8 | T7: 3 | U7: 3 | W7: {=_xlfn.LET(_xlpm.x, K7:K9, IF(SUM((_xlpm.x="C1")*1)=1, 3, 1))} -> 1 | X7: {=_xlfn.LET(_xlpm.x, L7:L9, IF(SUM((_xlpm.x="C1")*1)=1, 3, 1))} -> 1 | Y7: {=_xlfn.LET(_xlpm.x, M7:M9, IF(SUM((_xlpm.x="C1")*1)=1, 3, 1))} -> 1 | Z7: {=_xlfn.LET(_xlpm.x, N7:N9, IF(SUM((_xlpm.x="C1")*1)=1, 3, 1))} -> 1 | AA7: {=_xlfn.LET(_xlpm.x, O7:O9, IF(SUM((_xlpm.x="C1")*1)=1, 3, 1))} -> 1 | AC7: C1 | AD7: 6 | AE7: 6 | AF7: 6 | AG7: 9 | AH7: 9 | AJ7: C1 | AK7: 6 | AL7: 6 | AM7: 6 | AN7: 9 | AO7: 9
A8: M3 | B8: M3 | C8: =COUNTIF(K:K, $A8) -> 4 | D8: =COUNTIF(L:L, $A8) -> 13 | E8: =COUNTIF(M:M, $A8) -> 4 | F8: =COUNTIF(N:N, $A8) -> 20 | G8: =COUNTIF(O:O, $A8) -> 21 | H8: 4 | J8: 4 | K8: K | L8: M5 | M8: M4 | N8: G3 | O8: M2 | Q8: 8 | R8: 6 | S8: 5 | T8: 13 | U8: 3 | W8: {=_xlfn.LET(_xlpm.x, K8:K10, IF(SUM((_xlpm.x="C1")*1)=1, 3, 1))} -> 1 | X8: {=_xlfn.LET(_xlpm.x, L8:L10, IF(SUM((_xlpm.x="C1")*1)=1, 3, 1))} -> 1 | Y8: {=_xlfn.LET(_xlpm.x, M8:M10, IF(SUM((_xlpm.x="C1")*1)=1, 3, 1))} -> 1 | Z8: {=_xlfn.LET(_xlpm.x, N8:N10, IF(SUM((_xlpm.x="C1")*1)=1, 3, 1))} -> 1 | AA8: {=_xlfn.LET(_xlpm.x, O8:O10, IF(SUM((_xlpm.x="C1")*1)=1, 3, 1))} -> 1 | AC8: M1 | AD8: 4 | AE8: 17 | AF8: 4 | AG8: 21 | AH8: 22 | AJ8: M1 | AK8: 4 | AL8: 17 | AM8: 4 | AN8: 21 | AO8: 22
A9: M4 | B9: M4 | C9: =COUNTIF(K:K, $A9) -> 40 | D9: =COUNTIF(L:L, $A9) -> 9 | E9: =COUNTIF(M:M, $A9) -> 41 | F9: =COUNTIF(N:N, $A9) -> 14 | G9: =COUNTIF(O:O, $A9) -> 21 | H9: 5 | J9: 5 | K9: A | L9: GK | M9: A | N9: J | O9: J | Q9: 7 | R9: 17 | S9: 7 | T9: 10 | U9: 10 | W9: {=_xlfn.LET(_xlpm.x, K9:K11, IF(SUM((_xlpm.x="C1")*1)=1, 3, 1))} -> 1 | X9: {=_xlfn.LET(_xlpm.x, L9:L11, IF(SUM((_xlpm.x="C1")*1)=1, 3, 1))} -> 1 | Y9: {=_xlfn.LET(_xlpm.x, M9:M11, IF(SUM((_xlpm.x="C1")*1)=1, 3, 1))} -> 1 | Z9: {=_xlfn.LET(_xlpm.x, N9:N11, IF(SUM((_xlpm.x="C1")*1)=1, 3, 1))} -> 1 | AA9: {=_xlfn.LET(_xlpm.x, O9:O11, IF(SUM((_xlpm.x="C1")*1)=1, 3, 1))} -> 1 | AC9: M2 | AD9: 4 | AE9: 18 | AF9: 4 | AG9: 20 | AH9: 22 | AJ9: M2 | AK9: 4 | AL9: 18 | AM9: 4 | AN9: 20 | AO9: 22
A10: M5 | B10: M5 | C10: =COUNTIF(K:K, $A10) -> 40 | D10: =COUNTIF(L:L, $A10) -> 13 | E10: =COUNTIF(M:M, $A10) -> 41 | F10: =COUNTIF(N:N, $A10) -> 14 | G10: =COUNTIF(O:O, $A10) -> 21 | H10: 6 | J10: 6 | K10: M5 | L10: M5 | M10: M4 | N10: J | O10: M4 | Q10: 6 | R10: 6 | S10: 5 | T10: 10 | U10: 5 | W10: {=_xlfn.LET(_xlpm.x, K10:K12, IF(SUM((_xlpm.x="C1")*1)=1, 3, 1))} -> 1 | X10: {=_xlfn.LET(_xlpm.x, L10:L12, IF(SUM((_xlpm.x="C1")*1)=1, 3, 1))} -> 1 | Y10: {=_xlfn.LET(_xlpm.x, M10:M12, IF(SUM((_xlpm.x="C1")*1)=1, 3, 1))} -> 1 | Z10: {=_xlfn.LET(_xlpm.x, N10:N12, IF(SUM((_xlpm.x="C1")*1)=1, 3, 1))} -> 1 | AA10: {=_xlfn.LET(_xlpm.x, O10:O12, IF(SUM((_xlpm.x="C1")*1)=1, 3, 1))} -> 1 | AC10: M3 | AD10: 4 | AE10: 18 | AF10: 4 | AG10: 20 | AH10: 21 | AJ10: M3 | AK10: 4 | AL10: 18 | AM10: 4 | AN10: 20 | AO10: 21
A11: A | B11: A | C11: =COUNTIF(K:K, $A11) -> 47 | D11: =COUNTIF(L:L, $A11) -> 10 | E11: =COUNTIF(M:M, $A11) -> 41 | F11: =COUNTIF(N:N, $A11) -> 14 | G11: =COUNTIF(O:O, $A11) -> 21 | H11: 7 | J11: 7 | K11: M5 | L11: M5 | M11: A | N11: A | O11: M5 | Q11: 6 | R11: 6 | S11: 7 | T11: 7 | U11: 6 | W11: {=_xlfn.LET(_xlpm.x, K11:K13, IF(SUM((_xlpm.x="C1")*1)=1, 3, 1))} -> 1 | X11: {=_xlfn.LET(_xlpm.x, L11:L13, IF(SUM((_xlpm.x="C1")*1)=1, 3, 1))} -> 3 | Y11: {=_xlfn.LET(_xlpm.x, M11:M13, IF(SUM((_xlpm.x="C1")*1)=1, 3, 1))} -> 1 | Z11: {=_xlfn.LET(_xlpm.x, N11:N13, IF(SUM((_xlpm.x="C1")*1)=1, 3, 1))} -> 1 | AA11: {=_xlfn.LET(_xlpm.x, O11:O13, IF(SUM((_xlpm.x="C1")*1)=1, 3, 1))} -> 1 | AC11: M4 | AD11: 40 | AE11: 14 | AF11: 41 | AG11: 14 | AH11: 21 | AJ11: M4 | AK11: 40 | AL11: 14 | AM11: 41 | AN11: 14 | AO11: 21
A12: K | B12: K | C12: =COUNTIF(K:K, $A12) -> 47 | D12: =COUNTIF(L:L, $A12) -> 10 | E12: =COUNTIF(M:M, $A12) -> 41 | F12: =COUNTIF(N:N, $A12) -> 14 | G12: =COUNTIF(O:O, $A12) -> 21 | H12: 8 | J12: 8 | K12: A | L12: G2 | M12: G5 | N12: M3 | O12: Q | Q12: 7 | R12: 12 | S12: 15 | T12: 4 | U12: 9 | W12: {=_xlfn.LET(_xlpm.x, K12:K14, IF(SUM((_xlpm.x="C1")*1)=1, 3, 1))} -> 1 | X12: {=_xlfn.LET(_xlpm.x, L12:L14, IF(SUM((_xlpm.x="C1")*1)=1, 3, 1))} -> 3 | Y12: {=_xlfn.LET(_xlpm.x, M12:M14, IF(SUM((_xlpm.x="C1")*1)=1, 3, 1))} -> 1 | Z12: {=_xlfn.LET(_xlpm.x, N12:N14, IF(SUM((_xlpm.x="C1")*1)=1, 3, 1))} -> 1 | AA12: {=_xlfn.LET(_xlpm.x, O12:O14, IF(SUM((_xlpm.x="C1")*1)=1, 3, 1))} -> 1 | AC12: M5 | AD12: 40 | AE12: 14 | AF12: 41 | AG12: 14 | AH12: 21 | AJ12: M5 | AK12: 40 | AL12: 14 | AM12: 41 | AN12: 14 | AO12: 21
A13: Q | B13: Q | C13: =COUNTIF(K:K, $A13) -> 4 | D13: =COUNTIF(L:L, $A13) -> 15 | E13: =COUNTIF(M:M, $A13) -> 3 | F13: =COUNTIF(N:N, $A13) -> 21 | G13: =COUNTIF(O:O, $A13) -> 21 | H13: 9 | J13: 9 | K13: M5 | L13: C1 | M13: A | N13: M5 | O13: Q | Q13: 6 | R13: 1 | S13: 7 | T13: 6 | U13: 9 | W13: {=_xlfn.LET(_xlpm.x, K13:K15, IF(SUM((_xlpm.x="C1")*1)=1, 3, 1))} -> 1 | X13: {=_xlfn.LET(_xlpm.x, L13:L15, IF(SUM((_xlpm.x="C1")*1)=1, 3, 1))} -> 3 | Y13: {=_xlfn.LET(_xlpm.x, M13:M15, IF(SUM((_xlpm.x="C1")*1)=1, 3, 1))} -> 1 | Z13: {=_xlfn.LET(_xlpm.x, N13:N15, IF(SUM((_xlpm.x="C1")*1)=1, 3, 1))} -> 1 | AA13: {=_xlfn.LET(_xlpm.x, O13:O15, IF(SUM((_xlpm.x="C1")*1)=1, 3, 1))} -> 1 | AC13: A | AD13: 47 | AE13: 13 | AF13: 41 | AG13: 14 | AH13: 21 | AJ13: A | AK13: 47 | AL13: 13 | AM13: 41 | AN13: 14 | AO13: 21
A14: J | B14: J | C14: =COUNTIF(K:K, $A14) -> 4 | D14: =COUNTIF(L:L, $A14) -> 17 | E14: =COUNTIF(M:M, $A14) -> 3 | F14: =COUNTIF(N:N, $A14) -> 21 | G14: =COUNTIF(O:O, $A14) -> 21 | H14: 10 | J14: 10 | K14: K | L14: A | M14: K | N14: M2 | O14: M1 | Q14: 8 | R14: 7 | S14: 8 | T14: 3 | U14: 2 | W14: {=_xlfn.LET(_xlpm.x, K14:K16, IF(SUM((_xlpm.x="C1")*1)=1, 3, 1))} -> 1 | X14: {=_xlfn.LET(_xlpm.x, L14:L16, IF(SUM((_xlpm.x="C1")*1)=1, 3, 1))} -> 1 | Y14: {=_xlfn.LET(_xlpm.x, M14:M16, IF(SUM((_xlpm.x="C1")*1)=1, 3, 1))} -> 1 | Z14: {=_xlfn.LET(_xlpm.x, N14:N16, IF(SUM((_xlpm.x="C1")*1)=1, 3, 1))} -> 1 | AA14: {=_xlfn.LET(_xlpm.x, O14:O16, IF(SUM((_xlpm.x="C1")*1)=1, 3, 1))} -> 1 | AC14: K | AD14: 47 | AE14: 13 | AF14: 41 | AG14: 14 | AH14: 21 | AJ14: K | AK14: 47 | AL14: 13 | AM14: 41 | AN14: 14 | AO14: 21
A15: G1 | B15: Gold M1 | C15: =COUNTIF(K:K, $A15) -> 0 | D15: =COUNTIF(L:L, $A15) -> 10 | E15: =COUNTIF(M:M, $A15) -> 0 | F15: =COUNTIF(N:N, $A15) -> 4 | G15: =COUNTIF(O:O, $A15) -> 0 | H15: 11 | J15: 11 | K15: M5 | L15: GJ | M15: M5 | N15: M3 | O15: M3 | Q15: 6 | R15: 19 | S15: 6 | T15: 4 | U15: 4 | W15: {=_xlfn.LET(_xlpm.x, K15:K17, IF(SUM((_xlpm.x="C1")*1)=1, 3, 1))} -> 1 | X15: {=_xlfn.LET(_xlpm.x, L15:L17, IF(SUM((_xlpm.x="C1")*1)=1, 3, 1))} -> 1 | Y15: {=_xlfn.LET(_xlpm.x, M15:M17, IF(SUM((_xlpm.x="C1")*1)=1, 3, 1))} -> 1 | Z15: {=_xlfn.LET(_xlpm.x, N15:N17, IF(SUM((_xlpm.x="C1")*1)=1, 3, 1))} -> 1 | AA15: {=_xlfn.LET(_xlpm.x, O15:O17, IF(SUM((_xlpm.x="C1")*1)=1, 3, 1))} -> 1 | AC15: Q | AD15: 4 | AE15: 17 | AF15: 3 | AG15: 21 | AH15: 21 | AJ15: Q | AK15: 4 | AL15: 17 | AM15: 3 | AN15: 21 | AO15: 21
A16: G2 | B16: Gold M2 | C16: =COUNTIF(K:K, $A16) -> 0 | D16: =COUNTIF(L:L, $A16) -> 12 | E16: =COUNTIF(M:M, $A16) -> 0 | F16: =COUNTIF(N:N, $A16) -> 4 | G16: =COUNTIF(O:O, $A16) -> 0 | H16: 12 | J16: 12 | K16: M4 | L16: GQ | M16: M5 | N16: J | O16: M3 | Q16: 5 | R16: 18 | S16: 6 | T16: 10 | U16: 4 | W16: {=_xlfn.LET(_xlpm.x, K16:K18, IF(SUM((_xlpm.x="C1")*1)=1, 3, 1))} -> 1 | X16: {=_xlfn.LET(_xlpm.x, L16:L18, IF(SUM((_xlpm.x="C1")*1)=1, 3, 1))} -> 1 | Y16: {=_xlfn.LET(_xlpm.x, M16:M18, IF(SUM((_xlpm.x="C1")*1)=1, 3, 1))} -> 1 | Z16: {=_xlfn.LET(_xlpm.x, N16:N18, IF(SUM((_xlpm.x="C1")*1)=1, 3, 1))} -> 1 | AA16: {=_xlfn.LET(_xlpm.x, O16:O18, IF(SUM((_xlpm.x="C1")*1)=1, 3, 1))} -> 1 | AC16: J | AD16: 4 | AE16: 17 | AF16: 3 | AG16: 21 | AH16: 21 | AJ16: J | AK16: 4 | AL16: 17 | AM16: 3 | AN16: 21 | AO16: 21
A17: G3 | B17: Gold M3 | C17: =COUNTIF(K:K, $A17) -> 0 | D17: =COUNTIF(L:L, $A17) -> 12 | E17: =COUNTIF(M:M, $A17) -> 0 | F17: =COUNTIF(N:N, $A17) -> 4 | G17: =COUNTIF(O:O, $A17) -> 0 | H17: 13 | J17: 13 | K17: M4 | L17: M5 | M17: M1 | N17: J | O17: M2 | Q17: 5 | R17: 6 | S17: 2 | T17: 10 | U17: 3 | W17: {=_xlfn.LET(_xlpm.x, K17:K19, IF(SUM((_xlpm.x="C1")*1)=1, 3, 1))} -> 1 | X17: {=_xlfn.LET(_xlpm.x, L17:L19, IF(SUM((_xlpm.x="C1")*1)=1, 3, 1))} -> 1 | Y17: {=_xlfn.LET(_xlpm.x, M17:M19, IF(SUM((_xlpm.x="C1")*1)=1, 3, 1))} -> 1 | Z17: {=_xlfn.LET(_xlpm.x, N17:N19, IF(SUM((_xlpm.x="C1")*1)=1, 3, 1))} -> 1 | AA17: {=_xlfn.LET(_xlpm.x, O17:O19, IF(SUM((_xlpm.x="C1")*1)=1, 3, 1))} -> 1 | AC17: G1 | AD17: 0 | AE17: 8 | AF17: 1 | AG17: 5 | AH17: 0 | AJ17: G1 | AK17: 0 | AL17: 8 | AM17: 1 | AN17: 5 | AO17: 0
A18: G4 | B18: Gold M4 | C18: =COUNTIF(K:K, $A18) -> 0 | D18: =COUNTIF(L:L, $A18) -> 9 | E18: =COUNTIF(M:M, $A18) -> 3 | F18: =COUNTIF(N:N, $A18) -> 3 | G18: =COUNTIF(O:O, $A18) -> 0 | H18: 14 | J18: 14 | K18: M5 | L18: G1 | M18: K | N18: K | O18: M2 | Q18: 6 | R18: 11 | S18: 8 | T18: 8 | U18: 3 | W18: {=_xlfn.LET(_xlpm.x, K18:K20, IF(SUM((_xlpm.x="C1")*1)=1, 3, 1))} -> 1 | X18: {=_xlfn.LET(_xlpm.x, L18:L20, IF(SUM((_xlpm.x="C1")*1)=1, 3, 1))} -> 1 | Y18: {=_xlfn.LET(_xlpm.x, M18:M20, IF(SUM((_xlpm.x="C1")*1)=1, 3, 1))} -> 1 | Z18: {=_xlfn.LET(_xlpm.x, N18:N20, IF(SUM((_xlpm.x="C1")*1)=1, 3, 1))} -> 1 | AA18: {=_xlfn.LET(_xlpm.x, O18:O20, IF(SUM((_xlpm.x="C1")*1)=1, 3, 1))} -> 1 | AC18: G2 | AD18: 0 | AE18: 8 | AF18: 1 | AG18: 5 | AH18: 0 | AJ18: G2 | AK18: 0 | AL18: 8 | AM18: 1 | AN18: 5 | AO18: 0
... A23: GJ | B23: Gold J | C23: =COUNTIF(K:K, $A23) -> 0 | D23: =COUNTIF(L:L, $A23) -> 8 | E23: =COUNTIF(M:M, $A23) -> 0 | F23: =COUNTIF(N:N, $A23) -> 4 | G23: =COUNTIF(O:O, $A23) -> 0 | H23: 19 | J23: 19 | K23: M5 | L23: M4 | M23: M5 | N23: GA | O23: M1 | Q23: 6 | R23: 5 | S23: 6 | T23: 16 | U23: 2 | W23: {=_xlfn.LET(_xlpm.x, K23:K25, IF(SUM((_xlpm.x="C1")*1)=1, 3, 1))} -> 1 | X23: {=_xlfn.LET(_xlpm.x, L23:L25, IF(SUM((_xlpm.x="C1")*1)=1, 3, 1))} -> 1 | Y23: {=_xlfn.LET(_xlpm.x, M23:M25, IF(SUM((_xlpm.x="C1")*1)=1, 3, 1))} -> 1 | Z23: {=_xlfn.LET(_xlpm.x, N23:N25, IF(SUM((_xlpm.x="C1")*1)=1, 3, 1))} -> 1 | AA23: {=_xlfn.LET(_xlpm.x, O23:O25, IF(SUM((_xlpm.x="C1")*1)=1, 3, 1))} -> 1 | AC23: GK | AD23: 0 | AE23: 5 | AF23: 4 | AG23: 4 | AH23: 0 | AJ23: GK | AK23: 0 | AL23: 5 | AM23: 4 | AN23: 4 | AO23: 0
C24: =SUM(C4:C23) -> 200 | D24: =SUM(D4:D23) -> 200 | E24: =SUM(E4:E23) -> 200 | F24: =SUM(F4:F23) -> 200 | G24: =SUM(G4:G23) -> 200 | J24: 20 | K24: A | L24: GK | M24: A | N24: Q | O24: M4 | Q24: 7 | R24: 17 | S24: 7 | T24: 9 | U24: 5 | W24: {=_xlfn.LET(_xlpm.x, K24:K26, IF(SUM((_xlpm.x="C1")*1)=1, 3, 1))} -> 1 | X24: {=_xlfn.LET(_xlpm.x, L24:L26, IF(SUM((_xlpm.x="C1")*1)=1, 3, 1))} -> 1 | Y24: {=_xlfn.LET(_xlpm.x, M24:M26, IF(SUM((_xlpm.x="C1")*1)=1, 3, 1))} -> 1 | Z24: {=_xlfn.LET(_xlpm.x, N24:N26, IF(SUM((_xlpm.x="C1")*1)=1, 3, 1))} -> 1 | AA24: {=_xlfn.LET(_xlpm.x, O24:O26, IF(SUM((_xlpm.x="C1")*1)=1, 3, 1))} -> 1 | AC24: GQ | AD24: 0 | AE24: 9 | AF24: 1 | AG24: 5 | AH24: 0 | AJ24: GQ | AK24: 0 | AL24: 9 | AM24: 1 | AN24: 5 | AO24: 0
J25: 21 | K25: K | L25: GK | M25: M3 | N25: M1 | O25: M1 | Q25: 8 | R25: 17 | S25: 4 | T25: 2 | U25: 2 | W25: {=_xlfn.LET(_xlpm.x, K25:K27, IF(SUM((_xlpm.x="C1")*1)=1, 3, 1))} -> 1 | X25: {=_xlfn.LET(_xlpm.x, L25:L27, IF(SUM((_xlpm.x="C1")*1)=1, 3, 1))} -> 1 | Y25: {=_xlfn.LET(_xlpm.x, M25:M27, IF(SUM((_xlpm.x="C1")*1)=1, 3, 1))} -> 1 | Z25: {=_xlfn.LET(_xlpm.x, N25:N27, IF(SUM((_xlpm.x="C1")*1)=1, 3, 1))} -> 3 | AA25: {=_xlfn.LET(_xlpm.x, O25:O27, IF(SUM((_xlpm.x="C1")*1)=1, 3, 1))} -> 1 | AC25: GJ | AD25: 0 | AE25: 9 | AF25: 1 | AG25: 5 | AH25: 0 | AJ25: GJ | AK25: 0 | AL25: 9 | AM25: 1 | AN25: 5 | AO25: 0
B26: Normal Symbol | C26: =SUM(C4:C14)/C24 -> 1 | D26: =SUM(D4:D14)/D24 -> 0.6 | E26: =SUM(E4:E14)/E24 -> 0.94 | F26: =SUM(F4:F14)/F24 -> 0.84 | G26: =SUM(G4:G14)/G24 -> 1 | J26: 22 | K26: K | L26: M2 | M26: K | N26: A | O26: M4 | Q26: 8 | R26: 3 | S26: 8 | T26: 7 | U26: 5 | W26: {=_xlfn.LET(_xlpm.x, K26:K28, IF(SUM((_xlpm.x="C1")*1)=1, 3, 1))} -> 1 | X26: {=_xlfn.LET(_xlpm.x, L26:L28, IF(SUM((_xlpm.x="C1")*1)=1, 3, 1))} -> 1 | Y26: {=_xlfn.LET(_xlpm.x, M26:M28, IF(SUM((_xlpm.x="C1")*1)=1, 3, 1))} -> 1 | Z26: {=_xlfn.LET(_xlpm.x, N26:N28, IF(SUM((_xlpm.x="C1")*1)=1, 3, 1))} -> 3 | AA26: {=_xlfn.LET(_xlpm.x, O26:O28, IF(SUM((_xlpm.x="C1")*1)=1, 3, 1))} -> 1 | AD26: =SUM(AD6:AD25) -> 200 | AE26: =SUM(AE6:AE25) -> 209 | AF26: =SUM(AF6:AF25) -> 209 | AG26: =SUM(AG6:AG25) -> 209 | AH26: =SUM(AH6:AH25) -> 200 | AK26: =SUM(AK6:AK25) -> 200 | AL26: =SUM(AL6:AL25) -> 209 | AM26: =SUM(AM6:AM25) -> 209 | AN26: =SUM(AN6:AN25) -> 209 | AO26: =SUM(AO6:AO25) -> 200
B27: Golden Symbol | C27: =SUM(C15:C23)/C24 -> 0 | D27: =SUM(D15:D23)/D24 -> 0.4 | E27: =SUM(E15:E23)/E24 -> 0.06 | F27: =SUM(F15:F23)/F24 -> 0.16 | G27: =SUM(G15:G23)/G24 -> 0 | J27: 23 | K27: K | L27: M3 | M27: M5 | N27: C1 | O27: M5 | Q27: 8 | R27: 4 | S27: 6 | T27: 1 | U27: 6 | W27: {=_xlfn.LET(_xlpm.x, K27:K29, IF(SUM((_xlpm.x="C1")*1)=1, 3, 1))} -> 1 | X27: {=_xlfn.LET(_xlpm.x, L27:L29, IF(SUM((_xlpm.x="C1")*1)=1, 3, 1))} -> 1 | Y27: {=_xlfn.LET(_xlpm.x, M27:M29, IF(SUM((_xlpm.x="C1")*1)=1, 3, 1))} -> 1 | Z27: {=_xlfn.LET(_xlpm.x, N27:N29, IF(SUM((_xlpm.x="C1")*1)=1, 3, 1))} -> 3 | AA27: {=_xlfn.LET(_xlpm.x, O27:O29, IF(SUM((_xlpm.x="C1")*1)=1, 3, 1))} -> 1
J28: 24 | K28: M4 | L28: G3 | M28: Q | N28: GJ | O28: K | Q28: 5 | R28: 13 | S28: 9 | T28: 19 | U28: 8 | W28: {=_xlfn.LET(_xlpm.x, K28:K30, IF(SUM((_xlpm.x="C1")*1)=1, 3, 1))} -> 1 | X28: {=_xlfn.LET(_xlpm.x, L28:L30, IF(SUM((_xlpm.x="C1")*1)=1, 3, 1))} -> 1 | Y28: {=_xlfn.LET(_xlpm.x, M28:M30, IF(SUM((_xlpm.x="C1")*1)=1, 3, 1))} -> 1 | Z28: {=_xlfn.LET(_xlpm.x, N28:N30, IF(SUM((_xlpm.x="C1")*1)=1, 3, 1))} -> 1 | AA28: {=_xlfn.LET(_xlpm.x, O28:O30, IF(SUM((_xlpm.x="C1")*1)=1, 3, 1))} -> 1 | AC28: 2 Combo | AJ28: 2 Combo
J29: 25 | K29: K | L29: K | M29: K | N29: M3 | O29: M3 | Q29: 8 | R29: 8 | S29: 8 | T29: 4 | U29: 4 | W29: {=_xlfn.LET(_xlpm.x, K29:K31, IF(SUM((_xlpm.x="C1")*1)=1, 3, 1))} -> 1 | X29: {=_xlfn.LET(_xlpm.x, L29:L31, IF(SUM((_xlpm.x="C1")*1)=1, 3, 1))} -> 1 | Y29: {=_xlfn.LET(_xlpm.x, M29:M31, IF(SUM((_xlpm.x="C1")*1)=1, 3, 1))} -> 1 | Z29: {=_xlfn.LET(_xlpm.x, N29:N31, IF(SUM((_xlpm.x="C1")*1)=1, 3, 1))} -> 1 | AA29: {=_xlfn.LET(_xlpm.x, O29:O31, IF(SUM((_xlpm.x="C1")*1)=1, 3, 1))} -> 1 | AC29: Symbol | AD29: R1 | AE29: R2 | AF29: R3 | AG29: R4 | AH29: R5 | AJ29: Symbol | AK29: R1 | AL29: R2 | AM29: R3 | AN29: R4 | AO29: R5
J30: 26 | K30: A | L30: K | M30: M5 | N30: J | O30: M5 | Q30: 7 | R30: 8 | S30: 6 | T30: 10 | U30: 6 | W30: {=_xlfn.LET(_xlpm.x, K30:K32, IF(SUM((_xlpm.x="C1")*1)=1, 3, 1))} -> 1 | X30: {=_xlfn.LET(_xlpm.x, L30:L32, IF(SUM((_xlpm.x="C1")*1)=1, 3, 1))} -> 1 | Y30: {=_xlfn.LET(_xlpm.x, M30:M32, IF(SUM((_xlpm.x="C1")*1)=1, 3, 1))} -> 1 | Z30: {=_xlfn.LET(_xlpm.x, N30:N32, IF(SUM((_xlpm.x="C1")*1)=1, 3, 1))} -> 1 | AA30: {=_xlfn.LET(_xlpm.x, O30:O32, IF(SUM((_xlpm.x="C1")*1)=1, 3, 1))} -> 1 | AC30: {=$A$4:$A$23} -> WW | AD30: 0 | AE30: 0 | AF30: 0 | AG30: 0 | AH30: 0 | AJ30: {=$A$4:$A$23} -> WW | AK30: 0 | AL30: 0 | AM30: 0 | AN30: 0 | AO30: 0
J31: 27 | K31: M4 | L31: GQ | M31: A | N31: GJ | O31: Q | Q31: 5 | R31: 18 | S31: 7 | T31: 19 | U31: 9 | W31: {=_xlfn.LET(_xlpm.x, K31:K33, IF(SUM((_xlpm.x="C1")*1)=1, 3, 1))} -> 1 | X31: {=_xlfn.LET(_xlpm.x, L31:L33, IF(SUM((_xlpm.x="C1")*1)=1, 3, 1))} -> 1 | Y31: {=_xlfn.LET(_xlpm.x, M31:M33, IF(SUM((_xlpm.x="C1")*1)=1, 3, 1))} -> 1 | Z31: {=_xlfn.LET(_xlpm.x, N31:N33, IF(SUM((_xlpm.x="C1")*1)=1, 3, 1))} -> 1 | AA31: {=_xlfn.LET(_xlpm.x, O31:O33, IF(SUM((_xlpm.x="C1")*1)=1, 3, 1))} -> 1 | AC31: C1 | AD31: 3 | AE31: 3 | AF31: 3 | AG31: 6 | AH31: 6 | AJ31: C1 | AK31: 3 | AL31: 3 | AM31: 3 | AN31: 6 | AO31: 6
J32: 28 | K32: K | L32: G4 | M32: M5 | N32: G1 | O32: Q | Q32: 8 | R32: 14 | S32: 6 | T32: 11 | U32: 9 | W32: {=_xlfn.LET(_xlpm.x, K32:K34, IF(SUM((_xlpm.x="C1")*1)=1, 3, 1))} -> 1 | X32: {=_xlfn.LET(_xlpm.x, L32:L34, IF(SUM((_xlpm.x="C1")*1)=1, 3, 1))} -> 1 | Y32: {=_xlfn.LET(_xlpm.x, M32:M34, IF(SUM((_xlpm.x="C1")*1)=1, 3, 1))} -> 1 | Z32: {=_xlfn.LET(_xlpm.x, N32:N34, IF(SUM((_xlpm.x="C1")*1)=1, 3, 1))} -> 1 | AA32: {=_xlfn.LET(_xlpm.x, O32:O34, IF(SUM((_xlpm.x="C1")*1)=1, 3, 1))} -> 1 | AC32: M1 | AD32: 4 | AE32: 17 | AF32: 4 | AG32: 21 | AH32: 22 | AJ32: M1 | AK32: 4 | AL32: 17 | AM32: 4 | AN32: 21 | AO32: 22
J33: 29 | K33: M1 | L33: G3 | M33: M4 | N33: M2 | O33: M1 | Q33: 2 | R33: 13 | S33: 5 | T33: 3 | U33: 2 | W33: {=_xlfn.LET(_xlpm.x, K33:K35, IF(SUM((_xlpm.x="C1")*1)=1, 3, 1))} -> 1 | X33: {=_xlfn.LET(_xlpm.x, L33:L35, IF(SUM((_xlpm.x="C1")*1)=1, 3, 1))} -> 1 | Y33: {=_xlfn.LET(_xlpm.x, M33:M35, IF(SUM((_xlpm.x="C1")*1)=1, 3, 1))} -> 1 | Z33: {=_xlfn.LET(_xlpm.x, N33:N35, IF(SUM((_xlpm.x="C1")*1)=1, 3, 1))} -> 1 | AA33: {=_xlfn.LET(_xlpm.x, O33:O35, IF(SUM((_xlpm.x="C1")*1)=1, 3, 1))} -> 3 | AC33: M2 | AD33: 4 | AE33: 18 | AF33: 4 | AG33: 20 | AH33: 22 | AJ33: M2 | AK33: 4 | AL33: 18 | AM33: 4 | AN33: 20 | AO33: 22
J34: 30 | K34: K | L34: J | M34: K | N34: M1 | O34: M1 | Q34: 8 | R34: 10 | S34: 8 | T34: 2 | U34: 2 | W34: {=_xlfn.LET(_xlpm.x, K34:K36, IF(SUM((_xlpm.x="C1")*1)=1, 3, 1))} -> 1 | X34: {=_xlfn.LET(_xlpm.x, L34:L36, IF(SUM((_xlpm.x="C1")*1)=1, 3, 1))} -> 1 | Y34: {=_xlfn.LET(_xlpm.x, M34:M36, IF(SUM((_xlpm.x="C1")*1)=1, 3, 1))} -> 1 | Z34: {=_xlfn.LET(_xlpm.x, N34:N36, IF(SUM((_xlpm.x="C1")*1)=1, 3, 1))} -> 1 | AA34: {=_xlfn.LET(_xlpm.x, O34:O36, IF(SUM((_xlpm.x="C1")*1)=1, 3, 1))} -> 3 | AC34: M3 | AD34: 4 | AE34: 18 | AF34: 4 | AG34: 20 | AH34: 21 | AJ34: M3 | AK34: 4 | AL34: 18 | AM34: 4 | AN34: 20 | AO34: 21
J35: 31 | K35: M4 | L35: J | M35: A | N35: M5 | O35: C1 | Q35: 5 | R35: 10 | S35: 7 | T35: 6 | U35: 1 | W35: {=_xlfn.LET(_xlpm.x, K35:K37, IF(SUM((_xlpm.x="C1")*1)=1, 3, 1))} -> 1 | X35: {=_xlfn.LET(_xlpm.x, L35:L37, IF(SUM((_xlpm.x="C1")*1)=1, 3, 1))} -> 1 | Y35: {=_xlfn.LET(_xlpm.x, M35:M37, IF(SUM((_xlpm.x="C1")*1)=1, 3, 1))} -> 1 | Z35: {=_xlfn.LET(_xlpm.x, N35:N37, IF(SUM((_xlpm.x="C1")*1)=1, 3, 1))} -> 1 | AA35: {=_xlfn.LET(_xlpm.x, O35:O37, IF(SUM((_xlpm.x="C1")*1)=1, 3, 1))} -> 3 | AC35: M4 | AD35: 40 | AE35: 14 | AF35: 41 | AG35: 14 | AH35: 21 | AJ35: M4 | AK35: 40 | AL35: 14 | AM35: 41 | AN35: 14 | AO35: 21
J36: 32 | K36: A | L36: M4 | M36: M3 | N36: M5 | O36: Q | Q36: 7 | R36: 5 | S36: 4 | T36: 6 | U36: 9 | W36: {=_xlfn.LET(_xlpm.x, K36:K38, IF(SUM((_xlpm.x="C1")*1)=1, 3, 1))} -> 1 | X36: {=_xlfn.LET(_xlpm.x, L36:L38, IF(SUM((_xlpm.x="C1")*1)=1, 3, 1))} -> 1 | Y36: {=_xlfn.LET(_xlpm.x, M36:M38, IF(SUM((_xlpm.x="C1")*1)=1, 3, 1))} -> 1 | Z36: {=_xlfn.LET(_xlpm.x, N36:N38, IF(SUM((_xlpm.x="C1")*1)=1, 3, 1))} -> 1 | AA36: {=_xlfn.LET(_xlpm.x, O36:O38, IF(SUM((_xlpm.x="C1")*1)=1, 3, 1))} -> 1 | AC36: M5 | AD36: 40 | AE36: 14 | AF36: 41 | AG36: 14 | AH36: 21 | AJ36: M5 | AK36: 40 | AL36: 14 | AM36: 41 | AN36: 14 | AO36: 21
J37: 33 | K37: M4 | L37: GK | M37: K | N37: GA | O37: K | Q37: 5 | R37: 17 | S37: 8 | T37: 16 | U37: 8 | W37: {=_xlfn.LET(_xlpm.x, K37:K39, IF(SUM((_xlpm.x="C1")*1)=1, 3, 1))} -> 1 | X37: {=_xlfn.LET(_xlpm.x, L37:L39, IF(SUM((_xlpm.x="C1")*1)=1, 3, 1))} -> 1 | Y37: {=_xlfn.LET(_xlpm.x, M37:M39, IF(SUM((_xlpm.x="C1")*1)=1, 3, 1))} -> 1 | Z37: {=_xlfn.LET(_xlpm.x, N37:N39, IF(SUM((_xlpm.x="C1")*1)=1, 3, 1))} -> 1 | AA37: {=_xlfn.LET(_xlpm.x, O37:O39, IF(SUM((_xlpm.x="C1")*1)=1, 3, 1))} -> 1 | AC37: A | AD37: 47 | AE37: 13 | AF37: 41 | AG37: 14 | AH37: 21 | AJ37: A | AK37: 47 | AL37: 13 | AM37: 41 | AN37: 14 | AO37: 21
J38: 34 | K38: M5 | L38: G2 | M38: M4 | N38: K | O38: M2 | Q38: 6 | R38: 12 | S38: 5 | T38: 8 | U38: 3 | W38: {=_xlfn.LET(_xlpm.x, K38:K40, IF(SUM((_xlpm.x="C1")*1)=1, 3, 1))} -> 1 | X38: {=_xlfn.LET(_xlpm.x, L38:L40, IF(SUM((_xlpm.x="C1")*1)=1, 3, 1))} -> 1 | Y38: {=_xlfn.LET(_xlpm.x, M38:M40, IF(SUM((_xlpm.x="C1")*1)=1, 3, 1))} -> 1 | Z38: {=_xlfn.LET(_xlpm.x, N38:N40, IF(SUM((_xlpm.x="C1")*1)=1, 3, 1))} -> 1 | AA38: {=_xlfn.LET(_xlpm.x, O38:O40, IF(SUM((_xlpm.x="C1")*1)=1, 3, 1))} -> 1 | AC38: K | AD38: 47 | AE38: 13 | AF38: 41 | AG38: 14 | AH38: 21 | AJ38: K | AK38: 47 | AL38: 13 | AM38: 41 | AN38: 14 | AO38: 21
J39: 35 | K39: M5 | L39: A | M39: M5 | N39: M1 | O39: J | Q39: 6 | R39: 7 | S39: 6 | T39: 2 | U39: 10 | W39: {=_xlfn.LET(_xlpm.x, K39:K41, IF(SUM((_xlpm.x="C1")*1)=1, 3, 1))} -> 1 | X39: {=_xlfn.LET(_xlpm.x, L39:L41, IF(SUM((_xlpm.x="C1")*1)=1, 3, 1))} -> 1 | Y39: {=_xlfn.LET(_xlpm.x, M39:M41, IF(SUM((_xlpm.x="C1")*1)=1, 3, 1))} -> 1 | Z39: {=_xlfn.LET(_xlpm.x, N39:N41, IF(SUM((_xlpm.x="C1")*1)=1, 3, 1))} -> 3 | AA39: {=_xlfn.LET(_xlpm.x, O39:O41, IF(SUM((_xlpm.x="C1")*1)=1, 3, 1))} -> 1 | AC39: Q | AD39: 4 | AE39: 17 | AF39: 3 | AG39: 21 | AH39: 21 | AJ39: Q | AK39: 4 | AL39: 17 | AM39: 3 | AN39: 21 | AO39: 21
J40: 36 | K40: A | L40: GA | M40: K | N40: G4 | O40: M1 | Q40: 7 | R40: 16 | S40: 8 | T40: 14 | U40: 2 | W40: {=_xlfn.LET(_xlpm.x, K40:K42, IF(SUM((_xlpm.x="C1")*1)=1, 3, 1))} -> 1 | X40: {=_xlfn.LET(_xlpm.x, L40:L42, IF(SUM((_xlpm.x="C1")*1)=1, 3, 1))} -> 1 | Y40: {=_xlfn.LET(_xlpm.x, M40:M42, IF(SUM((_xlpm.x="C1")*1)=1, 3, 1))} -> 1 | Z40: {=_xlfn.LET(_xlpm.x, N40:N42, IF(SUM((_xlpm.x="C1")*1)=1, 3, 1))} -> 3 | AA40: {=_xlfn.LET(_xlpm.x, O40:O42, IF(SUM((_xlpm.x="C1")*1)=1, 3, 1))} -> 1 | AC40: J | AD40: 4 | AE40: 17 | AF40: 3 | AG40: 21 | AH40: 21 | AJ40: J | AK40: 4 | AL40: 17 | AM40: 3 | AN40: 21 | AO40: 21
J41: 37 | K41: M4 | L41: GA | M41: A | N41: C1 | O41: Q | Q41: 5 | R41: 16 | S41: 7 | T41: 1 | U41: 9 | W41: {=_xlfn.LET(_xlpm.x, K41:K43, IF(SUM((_xlpm.x="C1")*1)=1, 3, 1))} -> 1 | X41: {=_xlfn.LET(_xlpm.x, L41:L43, IF(SUM((_xlpm.x="C1")*1)=1, 3, 1))} -> 1 | Y41: {=_xlfn.LET(_xlpm.x, M41:M43, IF(SUM((_xlpm.x="C1")*1)=1, 3, 1))} -> 1 | Z41: {=_xlfn.LET(_xlpm.x, N41:N43, IF(SUM((_xlpm.x="C1")*1)=1, 3, 1))} -> 3 | AA41: {=_xlfn.LET(_xlpm.x, O41:O43, IF(SUM((_xlpm.x="C1")*1)=1, 3, 1))} -> 1 | AC41: G1 | AD41: 0 | AE41: 8 | AF41: 1 | AG41: 5 | AH41: 0 | AJ41: G1 | AK41: 0 | AL41: 8 | AM41: 1 | AN41: 5 | AO41: 0
J42: 38 | K42: M4 | L42: J | M42: J | N42: M5 | O42: M4 | Q42: 5 | R42: 10 | S42: 10 | T42: 6 | U42: 5 | W42: {=_xlfn.LET(_xlpm.x, K42:K44, IF(SUM((_xlpm.x="C1")*1)=1, 3, 1))} -> 1 | X42: {=_xlfn.LET(_xlpm.x, L42:L44, IF(SUM((_xlpm.x="C1")*1)=1, 3, 1))} -> 1 | Y42: {=_xlfn.LET(_xlpm.x, M42:M44, IF(SUM((_xlpm.x="C1")*1)=1, 3, 1))} -> 1 | Z42: {=_xlfn.LET(_xlpm.x, N42:N44, IF(SUM((_xlpm.x="C1")*1)=1, 3, 1))} -> 1 | AA42: {=_xlfn.LET(_xlpm.x, O42:O44, IF(SUM((_xlpm.x="C1")*1)=1, 3, 1))} -> 1 | AC42: G2 | AD42: 0 | AE42: 8 | AF42: 1 | AG42: 5 | AH42: 0 | AJ42: G2 | AK42: 0 | AL42: 8 | AM42: 1 | AN42: 5 | AO42: 0
... J49: 45 | K49: K | L49: M3 | M49: M5 | N49: J | O49: M3 | Q49: 8 | R49: 4 | S49: 6 | T49: 10 | U49: 4 | W49: {=_xlfn.LET(_xlpm.x, K49:K51, IF(SUM((_xlpm.x="C1")*1)=1, 3, 1))} -> 3 | X49: {=_xlfn.LET(_xlpm.x, L49:L51, IF(SUM((_xlpm.x="C1")*1)=1, 3, 1))} -> 1 | Y49: {=_xlfn.LET(_xlpm.x, M49:M51, IF(SUM((_xlpm.x="C1")*1)=1, 3, 1))} -> 1 | Z49: {=_xlfn.LET(_xlpm.x, N49:N51, IF(SUM((_xlpm.x="C1")*1)=1, 3, 1))} -> 1 | AA49: {=_xlfn.LET(_xlpm.x, O49:O51, IF(SUM((_xlpm.x="C1")*1)=1, 3, 1))} -> 1 | AC49: GJ | AD49: 0 | AE49: 9 | AF49: 1 | AG49: 5 | AH49: 0 | AJ49: GJ | AK49: 0 | AL49: 9 | AM49: 1 | AN49: 5 | AO49: 0
J50: 46 | K50: A | L50: M1 | M50: A | N50: M2 | O50: J | Q50: 7 | R50: 2 | S50: 7 | T50: 3 | U50: 10 | W50: {=_xlfn.LET(_xlpm.x, K50:K52, IF(SUM((_xlpm.x="C1")*1)=1, 3, 1))} -> 3 | X50: {=_xlfn.LET(_xlpm.x, L50:L52, IF(SUM((_xlpm.x="C1")*1)=1, 3, 1))} -> 1 | Y50: {=_xlfn.LET(_xlpm.x, M50:M52, IF(SUM((_xlpm.x="C1")*1)=1, 3, 1))} -> 1 | Z50: {=_xlfn.LET(_xlpm.x, N50:N52, IF(SUM((_xlpm.x="C1")*1)=1, 3, 1))} -> 1 | AA50: {=_xlfn.LET(_xlpm.x, O50:O52, IF(SUM((_xlpm.x="C1")*1)=1, 3, 1))} -> 1 | AD50: =SUM(AD30:AD49) -> 197 | AE50: =SUM(AE30:AE49) -> 206 | AF50: =SUM(AF30:AF49) -> 206 | AG50: =SUM(AG30:AG49) -> 206 | AH50: =SUM(AH30:AH49) -> 197 | AK50: =SUM(AK30:AK49) -> 197 | AL50: =SUM(AL30:AL49) -> 206 | AM50: =SUM(AM30:AM49) -> 206 | AN50: =SUM(AN30:AN49) -> 206 | AO50: =SUM(AO30:AO49) -> 197
J51: 47 | K51: C1 | L51: G1 | M51: M2 | N51: M1 | O51: Q | Q51: 1 | R51: 11 | S51: 3 | T51: 2 | U51: 9 | W51: {=_xlfn.LET(_xlpm.x, K51:K53, IF(SUM((_xlpm.x="C1")*1)=1, 3, 1))} -> 3 | X51: {=_xlfn.LET(_xlpm.x, L51:L53, IF(SUM((_xlpm.x="C1")*1)=1, 3, 1))} -> 1 | Y51: {=_xlfn.LET(_xlpm.x, M51:M53, IF(SUM((_xlpm.x="C1")*1)=1, 3, 1))} -> 1 | Z51: {=_xlfn.LET(_xlpm.x, N51:N53, IF(SUM((_xlpm.x="C1")*1)=1, 3, 1))} -> 1 | AA51: {=_xlfn.LET(_xlpm.x, O51:O53, IF(SUM((_xlpm.x="C1")*1)=1, 3, 1))} -> 1
J52: 48 | K52: K | L52: G4 | M52: A | N52: A | O52: M1 | Q52: 8 | R52: 14 | S52: 7 | T52: 7 | U52: 2 | W52: {=_xlfn.LET(_xlpm.x, K52:K54, IF(SUM((_xlpm.x="C1")*1)=1, 3, 1))} -> 1 | X52: {=_xlfn.LET(_xlpm.x, L52:L54, IF(SUM((_xlpm.x="C1")*1)=1, 3, 1))} -> 1 | Y52: {=_xlfn.LET(_xlpm.x, M52:M54, IF(SUM((_xlpm.x="C1")*1)=1, 3, 1))} -> 1 | Z52: {=_xlfn.LET(_xlpm.x, N52:N54, IF(SUM((_xlpm.x="C1")*1)=1, 3, 1))} -> 1 | AA52: {=_xlfn.LET(_xlpm.x, O52:O54, IF(SUM((_xlpm.x="C1")*1)=1, 3, 1))} -> 1 | AC52: 3+ Combo | AJ52: 3+ Combo
J53: 49 | K53: A | L53: K | M53: A | N53: Q | O53: A | Q53: 7 | R53: 8 | S53: 7 | T53: 9 | U53: 7 | W53: {=_xlfn.LET(_xlpm.x, K53:K55, IF(SUM((_xlpm.x="C1")*1)=1, 3, 1))} -> 1 | X53: {=_xlfn.LET(_xlpm.x, L53:L55, IF(SUM((_xlpm.x="C1")*1)=1, 3, 1))} -> 1 | Y53: {=_xlfn.LET(_xlpm.x, M53:M55, IF(SUM((_xlpm.x="C1")*1)=1, 3, 1))} -> 1 | Z53: {=_xlfn.LET(_xlpm.x, N53:N55, IF(SUM((_xlpm.x="C1")*1)=1, 3, 1))} -> 1 | AA53: {=_xlfn.LET(_xlpm.x, O53:O55, IF(SUM((_xlpm.x="C1")*1)=1, 3, 1))} -> 1 | AC53: Symbol | AD53: R1 | AE53: R2 | AF53: R3 | AG53: R4 | AH53: R5 | AJ53: Symbol | AK53: R1 | AL53: R2 | AM53: R3 | AN53: R4 | AO53: R5
J54: 50 | K54: A | L54: K | M54: A | N54: Q | O54: M3 | Q54: 7 | R54: 8 | S54: 7 | T54: 9 | U54: 4 | W54: {=_xlfn.LET(_xlpm.x, K54:K56, IF(SUM((_xlpm.x="C1")*1)=1, 3, 1))} -> 1 | X54: {=_xlfn.LET(_xlpm.x, L54:L56, IF(SUM((_xlpm.x="C1")*1)=1, 3, 1))} -> 1 | Y54: {=_xlfn.LET(_xlpm.x, M54:M56, IF(SUM((_xlpm.x="C1")*1)=1, 3, 1))} -> 1 | Z54: {=_xlfn.LET(_xlpm.x, N54:N56, IF(SUM((_xlpm.x="C1")*1)=1, 3, 1))} -> 1 | AA54: {=_xlfn.LET(_xlpm.x, O54:O56, IF(SUM((_xlpm.x="C1")*1)=1, 3, 1))} -> 1 | AC54: {=$A$4:$A$23} -> WW | AD54: 0 | AE54: 0 | AF54: 0 | AG54: 0 | AH54: 0 | AJ54: {=$A$4:$A$23} -> WW | AK54: 0 | AL54: 0 | AM54: 0 | AN54: 0 | AO54: 0
J55: 51 | K55: M5 | L55: GK | M55: K | N55: G4 | O55: M1 | Q55: 6 | R55: 17 | S55: 8 | T55: 14 | U55: 2 | W55: {=_xlfn.LET(_xlpm.x, K55:K57, IF(SUM((_xlpm.x="C1")*1)=1, 3, 1))} -> 1 | X55: {=_xlfn.LET(_xlpm.x, L55:L57, IF(SUM((_xlpm.x="C1")*1)=1, 3, 1))} -> 1 | Y55: {=_xlfn.LET(_xlpm.x, M55:M57, IF(SUM((_xlpm.x="C1")*1)=1, 3, 1))} -> 1 | Z55: {=_xlfn.LET(_xlpm.x, N55:N57, IF(SUM((_xlpm.x="C1")*1)=1, 3, 1))} -> 1 | AA55: {=_xlfn.LET(_xlpm.x, O55:O57, IF(SUM((_xlpm.x="C1")*1)=1, 3, 1))} -> 1 | AC55: C1 | AD55: 1 | AE55: 1 | AF55: 1 | AG55: 3 | AH55: 3 | AJ55: C1 | AK55: 1 | AL55: 1 | AM55: 1 | AN55: 3 | AO55: 3
J56: 52 | K56: K | L56: Q | M56: A | N56: M3 | O56: M4 | Q56: 8 | R56: 9 | S56: 7 | T56: 4 | U56: 5 | W56: {=_xlfn.LET(_xlpm.x, K56:K58, IF(SUM((_xlpm.x="C1")*1)=1, 3, 1))} -> 1 | X56: {=_xlfn.LET(_xlpm.x, L56:L58, IF(SUM((_xlpm.x="C1")*1)=1, 3, 1))} -> 1 | Y56: {=_xlfn.LET(_xlpm.x, M56:M58, IF(SUM((_xlpm.x="C1")*1)=1, 3, 1))} -> 1 | Z56: {=_xlfn.LET(_xlpm.x, N56:N58, IF(SUM((_xlpm.x="C1")*1)=1, 3, 1))} -> 1 | AA56: {=_xlfn.LET(_xlpm.x, O56:O58, IF(SUM((_xlpm.x="C1")*1)=1, 3, 1))} -> 1 | AC56: M1 | AD56: 4 | AE56: 17 | AF56: 4 | AG56: 21 | AH56: 22 | AJ56: M1 | AK56: 4 | AL56: 17 | AM56: 4 | AN56: 21 | AO56: 22
J57: 53 | K57: A | L57: Q | M57: M5 | N57: M3 | O57: M2 | Q57: 7 | R57: 9 | S57: 6 | T57: 4 | U57: 3 | W57: {=_xlfn.LET(_xlpm.x, K57:K59, IF(SUM((_xlpm.x="C1")*1)=1, 3, 1))} -> 1 | X57: {=_xlfn.LET(_xlpm.x, L57:L59, IF(SUM((_xlpm.x="C1")*1)=1, 3, 1))} -> 1 | Y57: {=_xlfn.LET(_xlpm.x, M57:M59, IF(SUM((_xlpm.x="C1")*1)=1, 3, 1))} -> 1 | Z57: {=_xlfn.LET(_xlpm.x, N57:N59, IF(SUM((_xlpm.x="C1")*1)=1, 3, 1))} -> 1 | AA57: {=_xlfn.LET(_xlpm.x, O57:O59, IF(SUM((_xlpm.x="C1")*1)=1, 3, 1))} -> 1 | AC57: M2 | AD57: 4 | AE57: 18 | AF57: 4 | AG57: 20 | AH57: 22 | AJ57: M2 | AK57: 4 | AL57: 18 | AM57: 4 | AN57: 20 | AO57: 22
J58: 54 | K58: A | L58: G3 | M58: K | N58: G1 | O58: M1 | Q58: 7 | R58: 13 | S58: 8 | T58: 11 | U58: 2 | W58: {=_xlfn.LET(_xlpm.x, K58:K60, IF(SUM((_xlpm.x="C1")*1)=1, 3, 1))} -> 1 | X58: {=_xlfn.LET(_xlpm.x, L58:L60, IF(SUM((_xlpm.x="C1")*1)=1, 3, 1))} -> 1 | Y58: {=_xlfn.LET(_xlpm.x, M58:M60, IF(SUM((_xlpm.x="C1")*1)=1, 3, 1))} -> 1 | Z58: {=_xlfn.LET(_xlpm.x, N58:N60, IF(SUM((_xlpm.x="C1")*1)=1, 3, 1))} -> 1 | AA58: {=_xlfn.LET(_xlpm.x, O58:O60, IF(SUM((_xlpm.x="C1")*1)=1, 3, 1))} -> 1 | AC58: M3 | AD58: 4 | AE58: 18 | AF58: 4 | AG58: 20 | AH58: 21 | AJ58: M3 | AK58: 4 | AL58: 18 | AM58: 4 | AN58: 20 | AO58: 21
J59: 55 | K59: A | L59: M3 | M59: K | N59: M3 | O59: K | Q59: 7 | R59: 4 | S59: 8 | T59: 4 | U59: 8 | W59: {=_xlfn.LET(_xlpm.x, K59:K61, IF(SUM((_xlpm.x="C1")*1)=1, 3, 1))} -> 1 | X59: {=_xlfn.LET(_xlpm.x, L59:L61, IF(SUM((_xlpm.x="C1")*1)=1, 3, 1))} -> 1 | Y59: {=_xlfn.LET(_xlpm.x, M59:M61, IF(SUM((_xlpm.x="C1")*1)=1, 3, 1))} -> 1 | Z59: {=_xlfn.LET(_xlpm.x, N59:N61, IF(SUM((_xlpm.x="C1")*1)=1, 3, 1))} -> 1 | AA59: {=_xlfn.LET(_xlpm.x, O59:O61, IF(SUM((_xlpm.x="C1")*1)=1, 3, 1))} -> 1 | AC59: M4 | AD59: 40 | AE59: 14 | AF59: 41 | AG59: 14 | AH59: 21 | AJ59: M4 | AK59: 40 | AL59: 14 | AM59: 41 | AN59: 14 | AO59: 21
J60: 56 | K60: M4 | L60: G4 | M60: K | N60: K | O60: J | Q60: 5 | R60: 14 | S60: 8 | T60: 8 | U60: 10 | W60: {=_xlfn.LET(_xlpm.x, K60:K62, IF(SUM((_xlpm.x="C1")*1)=1, 3, 1))} -> 1 | X60: {=_xlfn.LET(_xlpm.x, L60:L62, IF(SUM((_xlpm.x="C1")*1)=1, 3, 1))} -> 1 | Y60: {=_xlfn.LET(_xlpm.x, M60:M62, IF(SUM((_xlpm.x="C1")*1)=1, 3, 1))} -> 1 | Z60: {=_xlfn.LET(_xlpm.x, N60:N62, IF(SUM((_xlpm.x="C1")*1)=1, 3, 1))} -> 1 | AA60: {=_xlfn.LET(_xlpm.x, O60:O62, IF(SUM((_xlpm.x="C1")*1)=1, 3, 1))} -> 1 | AC60: M5 | AD60: 40 | AE60: 14 | AF60: 41 | AG60: 14 | AH60: 21 | AJ60: M5 | AK60: 40 | AL60: 14 | AM60: 41 | AN60: 14 | AO60: 21
J61: 57 | K61: M5 | L61: G4 | M61: M5 | N61: M3 | O61: J | Q61: 6 | R61: 14 | S61: 6 | T61: 4 | U61: 10 | W61: {=_xlfn.LET(_xlpm.x, K61:K63, IF(SUM((_xlpm.x="C1")*1)=1, 3, 1))} -> 1 | X61: {=_xlfn.LET(_xlpm.x, L61:L63, IF(SUM((_xlpm.x="C1")*1)=1, 3, 1))} -> 1 | Y61: {=_xlfn.LET(_xlpm.x, M61:M63, IF(SUM((_xlpm.x="C1")*1)=1, 3, 1))} -> 3 | Z61: {=_xlfn.LET(_xlpm.x, N61:N63, IF(SUM((_xlpm.x="C1")*1)=1, 3, 1))} -> 1 | AA61: {=_xlfn.LET(_xlpm.x, O61:O63, IF(SUM((_xlpm.x="C1")*1)=1, 3, 1))} -> 1 | AC61: A | AD61: 47 | AE61: 13 | AF61: 41 | AG61: 14 | AH61: 21 | AJ61: A | AK61: 47 | AL61: 13 | AM61: 41 | AN61: 14 | AO61: 21
J62: 58 | K62: J | L62: Q | M62: M5 | N62: GK | O62: M2 | Q62: 10 | R62: 9 | S62: 6 | T62: 17 | U62: 3 | W62: {=_xlfn.LET(_xlpm.x, K62:K64, IF(SUM((_xlpm.x="C1")*1)=1, 3, 1))} -> 1 | X62: {=_xlfn.LET(_xlpm.x, L62:L64, IF(SUM((_xlpm.x="C1")*1)=1, 3, 1))} -> 1 | Y62: {=_xlfn.LET(_xlpm.x, M62:M64, IF(SUM((_xlpm.x="C1")*1)=1, 3, 1))} -> 3 | Z62: {=_xlfn.LET(_xlpm.x, N62:N64, IF(SUM((_xlpm.x="C1")*1)=1, 3, 1))} -> 1 | AA62: {=_xlfn.LET(_xlpm.x, O62:O64, IF(SUM((_xlpm.x="C1")*1)=1, 3, 1))} -> 1 | AC62: K | AD62: 47 | AE62: 13 | AF62: 41 | AG62: 14 | AH62: 21 | AJ62: K | AK62: 47 | AL62: 13 | AM62: 41 | AN62: 14 | AO62: 21
J63: 59 | K63: K | L63: G3 | M63: C1 | N63: GQ | O63: M4 | Q63: 8 | R63: 13 | S63: 1 | T63: 18 | U63: 5 | W63: {=_xlfn.LET(_xlpm.x, K63:K65, IF(SUM((_xlpm.x="C1")*1)=1, 3, 1))} -> 1 | X63: {=_xlfn.LET(_xlpm.x, L63:L65, IF(SUM((_xlpm.x="C1")*1)=1, 3, 1))} -> 1 | Y63: {=_xlfn.LET(_xlpm.x, M63:M65, IF(SUM((_xlpm.x="C1")*1)=1, 3, 1))} -> 3 | Z63: {=_xlfn.LET(_xlpm.x, N63:N65, IF(SUM((_xlpm.x="C1")*1)=1, 3, 1))} -> 1 | AA63: {=_xlfn.LET(_xlpm.x, O63:O65, IF(SUM((_xlpm.x="C1")*1)=1, 3, 1))} -> 1 | AC63: Q | AD63: 4 | AE63: 17 | AF63: 3 | AG63: 21 | AH63: 21 | AJ63: Q | AK63: 4 | AL63: 17 | AM63: 3 | AN63: 21 | AO63: 21
J64: 60 | K64: M5 | L64: Q | M64: M4 | N64: M3 | O64: Q | Q64: 6 | R64: 9 | S64: 5 | T64: 4 | U64: 9 | W64: {=_xlfn.LET(_xlpm.x, K64:K66, IF(SUM((_xlpm.x="C1")*1)=1, 3, 1))} -> 1 | X64: {=_xlfn.LET(_xlpm.x, L64:L66, IF(SUM((_xlpm.x="C1")*1)=1, 3, 1))} -> 1 | Y64: {=_xlfn.LET(_xlpm.x, M64:M66, IF(SUM((_xlpm.x="C1")*1)=1, 3, 1))} -> 1 | Z64: {=_xlfn.LET(_xlpm.x, N64:N66, IF(SUM((_xlpm.x="C1")*1)=1, 3, 1))} -> 1 | AA64: {=_xlfn.LET(_xlpm.x, O64:O66, IF(SUM((_xlpm.x="C1")*1)=1, 3, 1))} -> 1 | AC64: J | AD64: 4 | AE64: 17 | AF64: 3 | AG64: 21 | AH64: 21 | AJ64: J | AK64: 4 | AL64: 17 | AM64: 3 | AN64: 21 | AO64: 21
J65: 61 | K65: A | L65: J | M65: G4 | N65: M2 | O65: K | Q65: 7 | R65: 10 | S65: 14 | T65: 3 | U65: 8 | W65: {=_xlfn.LET(_xlpm.x, K65:K67, IF(SUM((_xlpm.x="C1")*1)=1, 3, 1))} -> 1 | X65: {=_xlfn.LET(_xlpm.x, L65:L67, IF(SUM((_xlpm.x="C1")*1)=1, 3, 1))} -> 1 | Y65: {=_xlfn.LET(_xlpm.x, M65:M67, IF(SUM((_xlpm.x="C1")*1)=1, 3, 1))} -> 1 | Z65: {=_xlfn.LET(_xlpm.x, N65:N67, IF(SUM((_xlpm.x="C1")*1)=1, 3, 1))} -> 1 | AA65: {=_xlfn.LET(_xlpm.x, O65:O67, IF(SUM((_xlpm.x="C1")*1)=1, 3, 1))} -> 1 | AC65: G1 | AD65: 0 | AE65: 8 | AF65: 1 | AG65: 5 | AH65: 0 | AJ65: G1 | AK65: 0 | AL65: 8 | AM65: 1 | AN65: 5 | AO65: 0
J66: 62 | K66: M1 | L66: G2 | M66: M4 | N66: Q | O66: Q | Q66: 2 | R66: 12 | S66: 5 | T66: 9 | U66: 9 | W66: {=_xlfn.LET(_xlpm.x, K66:K68, IF(SUM((_xlpm.x="C1")*1)=1, 3, 1))} -> 1 | X66: {=_xlfn.LET(_xlpm.x, L66:L68, IF(SUM((_xlpm.x="C1")*1)=1, 3, 1))} -> 1 | Y66: {=_xlfn.LET(_xlpm.x, M66:M68, IF(SUM((_xlpm.x="C1")*1)=1, 3, 1))} -> 1 | Z66: {=_xlfn.LET(_xlpm.x, N66:N68, IF(SUM((_xlpm.x="C1")*1)=1, 3, 1))} -> 1 | AA66: {=_xlfn.LET(_xlpm.x, O66:O68, IF(SUM((_xlpm.x="C1")*1)=1, 3, 1))} -> 1 | AC66: G2 | AD66: 0 | AE66: 8 | AF66: 1 | AG66: 5 | AH66: 0 | AJ66: G2 | AK66: 0 | AL66: 8 | AM66: 1 | AN66: 5 | AO66: 0
... J73: 69 | K73: J | L73: GJ | M73: M5 | N73: M5 | O73: A | Q73: 10 | R73: 19 | S73: 6 | T73: 6 | U73: 7 | W73: {=_xlfn.LET(_xlpm.x, K73:K75, IF(SUM((_xlpm.x="C1")*1)=1, 3, 1))} -> 1 | X73: {=_xlfn.LET(_xlpm.x, L73:L75, IF(SUM((_xlpm.x="C1")*1)=1, 3, 1))} -> 1 | Y73: {=_xlfn.LET(_xlpm.x, M73:M75, IF(SUM((_xlpm.x="C1")*1)=1, 3, 1))} -> 1 | Z73: {=_xlfn.LET(_xlpm.x, N73:N75, IF(SUM((_xlpm.x="C1")*1)=1, 3, 1))} -> 3 | AA73: {=_xlfn.LET(_xlpm.x, O73:O75, IF(SUM((_xlpm.x="C1")*1)=1, 3, 1))} -> 1 | AC73: GJ | AD73: 0 | AE73: 9 | AF73: 1 | AG73: 5 | AH73: 0 | AJ73: GJ | AK73: 0 | AL73: 9 | AM73: 1 | AN73: 5 | AO73: 0
J74: 70 | K74: K | L74: Q | M74: A | N74: M2 | O74: M3 | Q74: 8 | R74: 9 | S74: 7 | T74: 3 | U74: 4 | W74: {=_xlfn.LET(_xlpm.x, K74:K76, IF(SUM((_xlpm.x="C1")*1)=1, 3, 1))} -> 1 | X74: {=_xlfn.LET(_xlpm.x, L74:L76, IF(SUM((_xlpm.x="C1")*1)=1, 3, 1))} -> 1 | Y74: {=_xlfn.LET(_xlpm.x, M74:M76, IF(SUM((_xlpm.x="C1")*1)=1, 3, 1))} -> 1 | Z74: {=_xlfn.LET(_xlpm.x, N74:N76, IF(SUM((_xlpm.x="C1")*1)=1, 3, 1))} -> 3 | AA74: {=_xlfn.LET(_xlpm.x, O74:O76, IF(SUM((_xlpm.x="C1")*1)=1, 3, 1))} -> 1 | AD74: =SUM(AD54:AD73) -> 195 | AE74: =SUM(AE54:AE73) -> 204 | AF74: =SUM(AF54:AF73) -> 204 | AG74: =SUM(AG54:AG73) -> 203 | AH74: =SUM(AH54:AH73) -> 194 | AK74: =SUM(AK54:AK73) -> 195 | AL74: =SUM(AL54:AL73) -> 204 | AM74: =SUM(AM54:AM73) -> 204 | AN74: =SUM(AN54:AN73) -> 203 | AO74: =SUM(AO54:AO73) -> 194
J75: 71 | K75: M4 | L75: M2 | M75: M5 | N75: C1 | O75: J | Q75: 5 | R75: 3 | S75: 6 | T75: 1 | U75: 10 | W75: {=_xlfn.LET(_xlpm.x, K75:K77, IF(SUM((_xlpm.x="C1")*1)=1, 3, 1))} -> 1 | X75: {=_xlfn.LET(_xlpm.x, L75:L77, IF(SUM((_xlpm.x="C1")*1)=1, 3, 1))} -> 1 | Y75: {=_xlfn.LET(_xlpm.x, M75:M77, IF(SUM((_xlpm.x="C1")*1)=1, 3, 1))} -> 1 | Z75: {=_xlfn.LET(_xlpm.x, N75:N77, IF(SUM((_xlpm.x="C1")*1)=1, 3, 1))} -> 3 | AA75: {=_xlfn.LET(_xlpm.x, O75:O77, IF(SUM((_xlpm.x="C1")*1)=1, 3, 1))} -> 1
J76: 72 | K76: Q | L76: G2 | M76: G4 | N76: G1 | O76: A | Q76: 9 | R76: 12 | S76: 14 | T76: 11 | U76: 7 | W76: {=_xlfn.LET(_xlpm.x, K76:K78, IF(SUM((_xlpm.x="C1")*1)=1, 3, 1))} -> 1 | X76: {=_xlfn.LET(_xlpm.x, L76:L78, IF(SUM((_xlpm.x="C1")*1)=1, 3, 1))} -> 1 | Y76: {=_xlfn.LET(_xlpm.x, M76:M78, IF(SUM((_xlpm.x="C1")*1)=1, 3, 1))} -> 1 | Z76: {=_xlfn.LET(_xlpm.x, N76:N78, IF(SUM((_xlpm.x="C1")*1)=1, 3, 1))} -> 1 | AA76: {=_xlfn.LET(_xlpm.x, O76:O78, IF(SUM((_xlpm.x="C1")*1)=1, 3, 1))} -> 1
J77: 73 | K77: M4 | L77: G4 | M77: M4 | N77: M1 | O77: M3 | Q77: 5 | R77: 14 | S77: 5 | T77: 2 | U77: 4 | W77: {=_xlfn.LET(_xlpm.x, K77:K79, IF(SUM((_xlpm.x="C1")*1)=1, 3, 1))} -> 1 | X77: {=_xlfn.LET(_xlpm.x, L77:L79, IF(SUM((_xlpm.x="C1")*1)=1, 3, 1))} -> 1 | Y77: {=_xlfn.LET(_xlpm.x, M77:M79, IF(SUM((_xlpm.x="C1")*1)=1, 3, 1))} -> 1 | Z77: {=_xlfn.LET(_xlpm.x, N77:N79, IF(SUM((_xlpm.x="C1")*1)=1, 3, 1))} -> 1 | AA77: {=_xlfn.LET(_xlpm.x, O77:O79, IF(SUM((_xlpm.x="C1")*1)=1, 3, 1))} -> 1
J78: 74 | K78: A | L78: M1 | M78: M5 | N78: Q | O78: J | Q78: 7 | R78: 2 | S78: 6 | T78: 9 | U78: 10 | W78: {=_xlfn.LET(_xlpm.x, K78:K80, IF(SUM((_xlpm.x="C1")*1)=1, 3, 1))} -> 1 | X78: {=_xlfn.LET(_xlpm.x, L78:L80, IF(SUM((_xlpm.x="C1")*1)=1, 3, 1))} -> 1 | Y78: {=_xlfn.LET(_xlpm.x, M78:M80, IF(SUM((_xlpm.x="C1")*1)=1, 3, 1))} -> 1 | Z78: {=_xlfn.LET(_xlpm.x, N78:N80, IF(SUM((_xlpm.x="C1")*1)=1, 3, 1))} -> 1 | AA78: {=_xlfn.LET(_xlpm.x, O78:O80, IF(SUM((_xlpm.x="C1")*1)=1, 3, 1))} -> 1
J79: 75 | K79: A | L79: J | M79: A | N79: G3 | O79: A | Q79: 7 | R79: 10 | S79: 7 | T79: 13 | U79: 7 | W79: {=_xlfn.LET(_xlpm.x, K79:K81, IF(SUM((_xlpm.x="C1")*1)=1, 3, 1))} -> 1 | X79: {=_xlfn.LET(_xlpm.x, L79:L81, IF(SUM((_xlpm.x="C1")*1)=1, 3, 1))} -> 1 | Y79: {=_xlfn.LET(_xlpm.x, M79:M81, IF(SUM((_xlpm.x="C1")*1)=1, 3, 1))} -> 1 | Z79: {=_xlfn.LET(_xlpm.x, N79:N81, IF(SUM((_xlpm.x="C1")*1)=1, 3, 1))} -> 1 | AA79: {=_xlfn.LET(_xlpm.x, O79:O81, IF(SUM((_xlpm.x="C1")*1)=1, 3, 1))} -> 1
J80: 76 | K80: K | L80: G1 | M80: J | N80: A | O80: M4 | Q80: 8 | R80: 11 | S80: 10 | T80: 7 | U80: 5 | W80: {=_xlfn.LET(_xlpm.x, K80:K82, IF(SUM((_xlpm.x="C1")*1)=1, 3, 1))} -> 1 | X80: {=_xlfn.LET(_xlpm.x, L80:L82, IF(SUM((_xlpm.x="C1")*1)=1, 3, 1))} -> 1 | Y80: {=_xlfn.LET(_xlpm.x, M80:M82, IF(SUM((_xlpm.x="C1")*1)=1, 3, 1))} -> 1 | Z80: {=_xlfn.LET(_xlpm.x, N80:N82, IF(SUM((_xlpm.x="C1")*1)=1, 3, 1))} -> 1 | AA80: {=_xlfn.LET(_xlpm.x, O80:O82, IF(SUM((_xlpm.x="C1")*1)=1, 3, 1))} -> 1
J81: 77 | K81: A | L81: M5 | M81: M4 | N81: K | O81: A | Q81: 7 | R81: 6 | S81: 5 | T81: 8 | U81: 7 | W81: {=_xlfn.LET(_xlpm.x, K81:K83, IF(SUM((_xlpm.x="C1")*1)=1, 3, 1))} -> 1 | X81: {=_xlfn.LET(_xlpm.x, L81:L83, IF(SUM((_xlpm.x="C1")*1)=1, 3, 1))} -> 1 | Y81: {=_xlfn.LET(_xlpm.x, M81:M83, IF(SUM((_xlpm.x="C1")*1)=1, 3, 1))} -> 1 | Z81: {=_xlfn.LET(_xlpm.x, N81:N83, IF(SUM((_xlpm.x="C1")*1)=1, 3, 1))} -> 1 | AA81: {=_xlfn.LET(_xlpm.x, O81:O83, IF(SUM((_xlpm.x="C1")*1)=1, 3, 1))} -> 1
J82: 78 | K82: M4 | L82: G2 | M82: K | N82: M3 | O82: M4 | Q82: 5 | R82: 12 | S82: 8 | T82: 4 | U82: 5 | W82: {=_xlfn.LET(_xlpm.x, K82:K84, IF(SUM((_xlpm.x="C1")*1)=1, 3, 1))} -> 1 | X82: {=_xlfn.LET(_xlpm.x, L82:L84, IF(SUM((_xlpm.x="C1")*1)=1, 3, 1))} -> 1 | Y82: {=_xlfn.LET(_xlpm.x, M82:M84, IF(SUM((_xlpm.x="C1")*1)=1, 3, 1))} -> 1 | Z82: {=_xlfn.LET(_xlpm.x, N82:N84, IF(SUM((_xlpm.x="C1")*1)=1, 3, 1))} -> 3 | AA82: {=_xlfn.LET(_xlpm.x, O82:O84, IF(SUM((_xlpm.x="C1")*1)=1, 3, 1))} -> 1
J83: 79 | K83: M5 | L83: J | M83: M5 | N83: M2 | O83: M1 | Q83: 6 | R83: 10 | S83: 6 | T83: 3 | U83: 2 | W83: {=_xlfn.LET(_xlpm.x, K83:K85, IF(SUM((_xlpm.x="C1")*1)=1, 3, 1))} -> 1 | X83: {=_xlfn.LET(_xlpm.x, L83:L85, IF(SUM((_xlpm.x="C1")*1)=1, 3, 1))} -> 1 | Y83: {=_xlfn.LET(_xlpm.x, M83:M85, IF(SUM((_xlpm.x="C1")*1)=1, 3, 1))} -> 1 | Z83: {=_xlfn.LET(_xlpm.x, N83:N85, IF(SUM((_xlpm.x="C1")*1)=1, 3, 1))} -> 3 | AA83: {=_xlfn.LET(_xlpm.x, O83:O85, IF(SUM((_xlpm.x="C1")*1)=1, 3, 1))} -> 1
J84: 80 | K84: K | L84: J | M84: GK | N84: C1 | O84: J | Q84: 8 | R84: 10 | S84: 17 | T84: 1 | U84: 10 | W84: {=_xlfn.LET(_xlpm.x, K84:K86, IF(SUM((_xlpm.x="C1")*1)=1, 3, 1))} -> 1 | X84: {=_xlfn.LET(_xlpm.x, L84:L86, IF(SUM((_xlpm.x="C1")*1)=1, 3, 1))} -> 1 | Y84: {=_xlfn.LET(_xlpm.x, M84:M86, IF(SUM((_xlpm.x="C1")*1)=1, 3, 1))} -> 1 | Z84: {=_xlfn.LET(_xlpm.x, N84:N86, IF(SUM((_xlpm.x="C1")*1)=1, 3, 1))} -> 3 | AA84: {=_xlfn.LET(_xlpm.x, O84:O86, IF(SUM((_xlpm.x="C1")*1)=1, 3, 1))} -> 1
J85: 81 | K85: A | L85: GA | M85: A | N85: A | O85: K | Q85: 7 | R85: 16 | S85: 7 | T85: 7 | U85: 8 | W85: {=_xlfn.LET(_xlpm.x, K85:K87, IF(SUM((_xlpm.x="C1")*1)=1, 3, 1))} -> 1 | X85: {=_xlfn.LET(_xlpm.x, L85:L87, IF(SUM((_xlpm.x="C1")*1)=1, 3, 1))} -> 1 | Y85: {=_xlfn.LET(_xlpm.x, M85:M87, IF(SUM((_xlpm.x="C1")*1)=1, 3, 1))} -> 1 | Z85: {=_xlfn.LET(_xlpm.x, N85:N87, IF(SUM((_xlpm.x="C1")*1)=1, 3, 1))} -> 1 | AA85: {=_xlfn.LET(_xlpm.x, O85:O87, IF(SUM((_xlpm.x="C1")*1)=1, 3, 1))} -> 1
J86: 82 | K86: M3 | L86: G4 | M86: M3 | N86: A | O86: M1 | Q86: 4 | R86: 14 | S86: 4 | T86: 7 | U86: 2 | W86: {=_xlfn.LET(_xlpm.x, K86:K88, IF(SUM((_xlpm.x="C1")*1)=1, 3, 1))} -> 1 | X86: {=_xlfn.LET(_xlpm.x, L86:L88, IF(SUM((_xlpm.x="C1")*1)=1, 3, 1))} -> 1 | Y86: {=_xlfn.LET(_xlpm.x, M86:M88, IF(SUM((_xlpm.x="C1")*1)=1, 3, 1))} -> 1 | Z86: {=_xlfn.LET(_xlpm.x, N86:N88, IF(SUM((_xlpm.x="C1")*1)=1, 3, 1))} -> 1 | AA86: {=_xlfn.LET(_xlpm.x, O86:O88, IF(SUM((_xlpm.x="C1")*1)=1, 3, 1))} -> 1
... J203: 199 | K203: A | L203: G2 | M203: K | N203: G2 | O203: M3 | Q203: 7 | R203: 12 | S203: 8 | T203: 12 | U203: 4 | W203: {=_xlfn.LET(_xlpm.x, K203:K205, IF(SUM((_xlpm.x="C1")*1)=1, 3, 1))} -> 1 | X203: {=_xlfn.LET(_xlpm.x, L203:L205, IF(SUM((_xlpm.x="C1")*1)=1, 3, 1))} -> 1 | Y203: {=_xlfn.LET(_xlpm.x, M203:M205, IF(SUM((_xlpm.x="C1")*1)=1, 3, 1))} -> 1 | Z203: {=_xlfn.LET(_xlpm.x, N203:N205, IF(SUM((_xlpm.x="C1")*1)=1, 3, 1))} -> 1 | AA203: {=_xlfn.LET(_xlpm.x, O203:O205, IF(SUM((_xlpm.x="C1")*1)=1, 3, 1))} -> 1

Sheet FG_Symbol
J2: Symbol | Q2: Symbol ID | W2: Symbol Weight | AC2: Eliminate Wheel Weight A | AJ2: Eliminate Wheel Weight B
A3: Symbol | B3: Description | C3: R1 | D3: R2 | E3: R3 | F3: R4 | G3: R5 | H3: ID | K3: R1 | L3: R2 | M3: R3 | N3: R4 | O3: R5 | Q3: R1 | R3: R2 | S3: R3 | T3: R4 | U3: R5 | W3: R1 | X3: R2 | Y3: R3 | Z3: R4 | AA3: R5
A4: {=Overview!A38:B57} -> WW | B4: Wild | C4: =COUNTIF(K:K, $A4) -> 0 | D4: =COUNTIF(L:L, $A4) -> 0 | E4: =COUNTIF(M:M, $A4) -> 0 | F4: =COUNTIF(N:N, $A4) -> 0 | G4: =COUNTIF(O:O, $A4) -> 0 | H4: {=Overview!F38:F57} -> 0 | J4: {=_xlfn.SEQUENCE(MAX(COUNTA(K:K), COUNTA(L:L), COUNTA(M:M), COUNTA(N:N), COUNTA(O:O))-1,,0)} -> 0 | K4: A | L4: M5 | M4: G4 | N4: GK | O4: K | Q4: {=_xlfn.LET(_xlpm.x, K4:O304, IF(_xlpm.x="", "", _xlfn.XLOOKUP(_xlpm.x, $A$4:$A$23,_xlfn.ANCHORARRAY( H4))))} -> 7 | R4: 6 | S4: 14 | T4: 17 | U4: 8 | W4: 1 | X4: 1 | Y4: 1 | Z4: 1 | AA4: 1 | AC4: 1 Combo | AJ4: 1 Combo
A5: C1 | B5: Scatter | C5: =COUNTIF(K:K, $A5) -> 2 | D5: =COUNTIF(L:L, $A5) -> 2 | E5: =COUNTIF(M:M, $A5) -> 0 | F5: =COUNTIF(N:N, $A5) -> 3 | G5: =COUNTIF(O:O, $A5) -> 3 | H5: 1 | J5: 1 | K5: M3 | L5: G5 | M5: G5 | N5: K | O5: A | Q5: 4 | R5: 15 | S5: 15 | T5: 8 | U5: 7 | W5: 1 | X5: 1 | Y5: 1 | Z5: 1 | AA5: 1 | AC5: Symbol | AD5: R1 | AE5: R2 | AF5: R3 | AG5: R4 | AH5: R5 | AJ5: Symbol | AK5: R1 | AL5: R2 | AM5: R3 | AN5: R4 | AO5: R5
A6: M1 | B6: M1 | C6: =COUNTIF(K:K, $A6) -> 3 | D6: =COUNTIF(L:L, $A6) -> 10 | E6: =COUNTIF(M:M, $A6) -> 0 | F6: =COUNTIF(N:N, $A6) -> 3 | G6: =COUNTIF(O:O, $A6) -> 9 | H6: 2 | J6: 2 | K6: M5 | L6: M4 | M6: GK | N6: J | O6: K | Q6: 6 | R6: 5 | S6: 17 | T6: 10 | U6: 8 | W6: 1 | X6: 1 | Y6: 1 | Z6: 1 | AA6: 1 | AC6: {=$A$4:$A$23} -> WW | AD6: 0 | AE6: 0 | AF6: 0 | AG6: 0 | AH6: 0 | AJ6: {=$A$4:$A$23} -> WW | AK6: 0 | AL6: 0 | AM6: 0 | AN6: 0 | AO6: 0
A7: M2 | B7: M2 | C7: =COUNTIF(K:K, $A7) -> 3 | D7: =COUNTIF(L:L, $A7) -> 12 | E7: =COUNTIF(M:M, $A7) -> 0 | F7: =COUNTIF(N:N, $A7) -> 3 | G7: =COUNTIF(O:O, $A7) -> 8 | H7: 3 | J7: 3 | K7: A | L7: A | M7: G4 | N7: M4 | O7: M5 | Q7: 7 | R7: 7 | S7: 14 | T7: 5 | U7: 6 | W7: 1 | X7: 1 | Y7: 1 | Z7: 1 | AA7: 1 | AC7: C1 | AD7: 1 | AE7: 1 | AF7: 0 | AG7: 1 | AH7: 1 | AJ7: C1 | AK7: 1 | AL7: 1 | AM7: 0 | AN7: 1 | AO7: 1
A8: M3 | B8: M3 | C8: =COUNTIF(K:K, $A8) -> 7 | D8: =COUNTIF(L:L, $A8) -> 13 | E8: =COUNTIF(M:M, $A8) -> 0 | F8: =COUNTIF(N:N, $A8) -> 7 | G8: =COUNTIF(O:O, $A8) -> 14 | H8: 4 | J8: 4 | K8: Q | L8: M4 | M8: GA | N8: J | O8: M4 | Q8: 9 | R8: 5 | S8: 16 | T8: 10 | U8: 5 | W8: 1 | X8: 1 | Y8: 1 | Z8: 1 | AA8: 1 | AC8: M1 | AD8: 3 | AE8: 10 | AF8: 0 | AG8: 3 | AH8: 9 | AJ8: M1 | AK8: 3 | AL8: 10 | AM8: 0 | AN8: 3 | AO8: 9
A9: M4 | B9: M4 | C9: =COUNTIF(K:K, $A9) -> 43 | D9: =COUNTIF(L:L, $A9) -> 22 | E9: =COUNTIF(M:M, $A9) -> 0 | F9: =COUNTIF(N:N, $A9) -> 31 | G9: =COUNTIF(O:O, $A9) -> 36 | H9: 5 | J9: 5 | K9: K | L9: A | M9: GK | N9: K | O9: M5 | Q9: 8 | R9: 7 | S9: 17 | T9: 8 | U9: 6 | W9: 1 | X9: 1 | Y9: 1 | Z9: 1 | AA9: 1 | AC9: M2 | AD9: 3 | AE9: 12 | AF9: 0 | AG9: 3 | AH9: 8 | AJ9: M2 | AK9: 3 | AL9: 12 | AM9: 0 | AN9: 3 | AO9: 8
A10: M5 | B10: M5 | C10: =COUNTIF(K:K, $A10) -> 42 | D10: =COUNTIF(L:L, $A10) -> 22 | E10: =COUNTIF(M:M, $A10) -> 0 | F10: =COUNTIF(N:N, $A10) -> 27 | G10: =COUNTIF(O:O, $A10) -> 34 | H10: 6 | J10: 6 | K10: M3 | L10: Q | M10: GA | N10: G4 | O10: M4 | Q10: 4 | R10: 9 | S10: 16 | T10: 14 | U10: 5 | W10: 1 | X10: 1 | Y10: 1 | Z10: 1 | AA10: 1 | AC10: M3 | AD10: 7 | AE10: 13 | AF10: 0 | AG10: 7 | AH10: 14 | AJ10: M3 | AK10: 7 | AL10: 13 | AM10: 0 | AN10: 7 | AO10: 14
A11: A | B11: A | C11: =COUNTIF(K:K, $A11) -> 43 | D11: =COUNTIF(L:L, $A11) -> 27 | E11: =COUNTIF(M:M, $A11) -> 0 | F11: =COUNTIF(N:N, $A11) -> 31 | G11: =COUNTIF(O:O, $A11) -> 35 | H11: 7 | J11: 7 | K11: M5 | L11: GQ | M11: GK | N11: GK | O11: M5 | Q11: 6 | R11: 18 | S11: 17 | T11: 17 | U11: 6 | W11: 1 | X11: 1 | Y11: 1 | Z11: 1 | AA11: 1 | AC11: M4 | AD11: 43 | AE11: 22 | AF11: 0 | AG11: 31 | AH11: 36 | AJ11: M4 | AK11: 43 | AL11: 22 | AM11: 0 | AN11: 31 | AO11: 36
A12: K | B12: K | C12: =COUNTIF(K:K, $A12) -> 43 | D12: =COUNTIF(L:L, $A12) -> 24 | E12: =COUNTIF(M:M, $A12) -> 0 | F12: =COUNTIF(N:N, $A12) -> 32 | G12: =COUNTIF(O:O, $A12) -> 34 | H12: 8 | J12: 8 | K12: J | L12: M2 | M12: GA | N12: A | O12: A | Q12: 10 | R12: 3 | S12: 16 | T12: 7 | U12: 7 | W12: 1 | X12: 1 | Y12: 1 | Z12: 1 | AA12: 1 | AC12: M5 | AD12: 42 | AE12: 22 | AF12: 0 | AG12: 27 | AH12: 34 | AJ12: M5 | AK12: 42 | AL12: 22 | AM12: 0 | AN12: 27 | AO12: 34
A13: Q | B13: Q | C13: =COUNTIF(K:K, $A13) -> 7 | D13: =COUNTIF(L:L, $A13) -> 12 | E13: =COUNTIF(M:M, $A13) -> 0 | F13: =COUNTIF(N:N, $A13) -> 6 | G13: =COUNTIF(O:O, $A13) -> 13 | H13: 9 | J13: 9 | K13: M1 | L13: GA | M13: G5 | N13: G4 | O13: Q | Q13: 2 | R13: 16 | S13: 15 | T13: 14 | U13: 9 | W13: 1 | X13: 1 | Y13: 1 | Z13: 1 | AA13: 1 | AC13: A | AD13: 43 | AE13: 27 | AF13: 0 | AG13: 31 | AH13: 35 | AJ13: A | AK13: 43 | AL13: 27 | AM13: 0 | AN13: 31 | AO13: 35
A14: J | B14: J | C14: =COUNTIF(K:K, $A14) -> 7 | D14: =COUNTIF(L:L, $A14) -> 8 | E14: =COUNTIF(M:M, $A14) -> 0 | F14: =COUNTIF(N:N, $A14) -> 7 | G14: =COUNTIF(O:O, $A14) -> 14 | H14: 10 | J14: 10 | K14: A | L14: K | M14: GA | N14: M4 | O14: M1 | Q14: 7 | R14: 8 | S14: 16 | T14: 5 | U14: 2 | W14: 1 | X14: 1 | Y14: 1 | Z14: 1 | AA14: 1 | AC14: K | AD14: 43 | AE14: 24 | AF14: 0 | AG14: 32 | AH14: 34 | AJ14: K | AK14: 43 | AL14: 24 | AM14: 0 | AN14: 32 | AO14: 34
A15: G1 | B15: Gold M1 | C15: =COUNTIF(K:K, $A15) -> 0 | D15: =COUNTIF(L:L, $A15) -> 2 | E15: =COUNTIF(M:M, $A15) -> 3 | F15: =COUNTIF(N:N, $A15) -> 1 | G15: =COUNTIF(O:O, $A15) -> 0 | H15: 11 | J15: 11 | K15: M5 | L15: GK | M15: GJ | N15: J | O15: Q | Q15: 6 | R15: 17 | S15: 19 | T15: 10 | U15: 9 | W15: 1 | X15: 1 | Y15: 1 | Z15: 1 | AA15: 1 | AC15: Q | AD15: 7 | AE15: 12 | AF15: 0 | AG15: 6 | AH15: 13 | AJ15: Q | AK15: 7 | AL15: 12 | AM15: 0 | AN15: 6 | AO15: 13
A16: G2 | B16: Gold M2 | C16: =COUNTIF(K:K, $A16) -> 0 | D16: =COUNTIF(L:L, $A16) -> 3 | E16: =COUNTIF(M:M, $A16) -> 3 | F16: =COUNTIF(N:N, $A16) -> 1 | G16: =COUNTIF(O:O, $A16) -> 0 | H16: 12 | J16: 12 | K16: J | L16: M5 | M16: G3 | N16: M2 | O16: M3 | Q16: 10 | R16: 6 | S16: 13 | T16: 3 | U16: 4 | W16: 1 | X16: 1 | Y16: 1 | Z16: 1 | AA16: 1 | AC16: J | AD16: 7 | AE16: 8 | AF16: 0 | AG16: 7 | AH16: 14 | AJ16: J | AK16: 7 | AL16: 8 | AM16: 0 | AN16: 7 | AO16: 14
A17: G3 | B17: Gold M3 | C17: =COUNTIF(K:K, $A17) -> 0 | D17: =COUNTIF(L:L, $A17) -> 3 | E17: =COUNTIF(M:M, $A17) -> 8 | F17: =COUNTIF(N:N, $A17) -> 2 | G17: =COUNTIF(O:O, $A17) -> 0 | H17: 13 | J17: 13 | K17: M4 | L17: G4 | M17: GA | N17: K | O17: K | Q17: 5 | R17: 14 | S17: 16 | T17: 8 | U17: 8 | W17: 1 | X17: 1 | Y17: 1 | Z17: 1 | AA17: 1 | AC17: G1 | AD17: 0 | AE17: 3 | AF17: 3 | AG17: 2 | AH17: 0 | AJ17: G1 | AK17: 0 | AL17: 3 | AM17: 3 | AN17: 2 | AO17: 0
A18: G4 | B18: Gold M4 | C18: =COUNTIF(K:K, $A18) -> 0 | D18: =COUNTIF(L:L, $A18) -> 8 | E18: =COUNTIF(M:M, $A18) -> 43 | F18: =COUNTIF(N:N, $A18) -> 11 | G18: =COUNTIF(O:O, $A18) -> 0 | H18: 14 | J18: 14 | K18: M5 | L18: M3 | M18: G4 | N18: M4 | O18: J | Q18: 6 | R18: 4 | S18: 14 | T18: 5 | U18: 10 | W18: 1 | X18: 1 | Y18: 1 | Z18: 1 | AA18: 1 | AC18: G2 | AD18: 0 | AE18: 4 | AF18: 1 | AG18: 2 | AH18: 0 | AJ18: G2 | AK18: 0 | AL18: 4 | AM18: 1 | AN18: 2 | AO18: 0
... A23: GJ | B23: Gold J | C23: =COUNTIF(K:K, $A23) -> 0 | D23: =COUNTIF(L:L, $A23) -> 2 | E23: =COUNTIF(M:M, $A23) -> 9 | F23: =COUNTIF(N:N, $A23) -> 2 | G23: =COUNTIF(O:O, $A23) -> 0 | H23: 19 | J23: 19 | K23: M2 | L23: J | M23: G4 | N23: K | O23: Q | Q23: 3 | R23: 10 | S23: 14 | T23: 8 | U23: 9 | W23: 1 | X23: 1 | Y23: 1 | Z23: 1 | AA23: 1 | AC23: GK | AD23: 0 | AE23: 10 | AF23: 44 | AG23: 11 | AH23: 0 | AJ23: GK | AK23: 0 | AL23: 10 | AM23: 44 | AN23: 11 | AO23: 0
C24: =SUM(C4:C23) -> 200 | D24: =SUM(D4:D23) -> 200 | E24: =SUM(E4:E23) -> 200 | F24: =SUM(F4:F23) -> 200 | G24: =SUM(G4:G23) -> 200 | J24: 20 | K24: C1 | L24: M2 | M24: GA | N24: M5 | O24: A | Q24: 1 | R24: 3 | S24: 16 | T24: 6 | U24: 7 | W24: 1 | X24: 1 | Y24: 1 | Z24: 1 | AA24: 1 | AC24: GQ | AD24: 0 | AE24: 4 | AF24: 6 | AG24: 2 | AH24: 0 | AJ24: GQ | AK24: 0 | AL24: 4 | AM24: 6 | AN24: 2 | AO24: 0
J25: 21 | K25: K | L25: A | M25: GK | N25: A | O25: Q | Q25: 8 | R25: 7 | S25: 17 | T25: 7 | U25: 9 | W25: 1 | X25: 1 | Y25: 1 | Z25: 1 | AA25: 1 | AC25: GJ | AD25: 0 | AE25: 3 | AF25: 9 | AG25: 3 | AH25: 0 | AJ25: GJ | AK25: 0 | AL25: 3 | AM25: 9 | AN25: 3 | AO25: 0
B26: Normal Symbol | C26: =SUM(C4:C14)/C24 -> 1 | D26: =SUM(D4:D14)/D24 -> 0.76 | E26: =SUM(E4:E14)/E24 -> 0 | F26: =SUM(F4:F14)/F24 -> 0.75 | G26: =SUM(G4:G14)/G24 -> 1 | J26: 22 | K26: M5 | L26: M5 | M26: GJ | N26: M2 | O26: K | Q26: 6 | R26: 6 | S26: 19 | T26: 3 | U26: 8 | W26: 1 | X26: 1 | Y26: 1 | Z26: 1 | AA26: 1 | AD26: =SUM(AD6:AD25) -> 199 | AE26: =SUM(AE6:AE25) -> 208 | AF26: =SUM(AF6:AF25) -> 198 | AG26: =SUM(AG6:AG25) -> 207 | AH26: =SUM(AH6:AH25) -> 198 | AK26: =SUM(AK6:AK25) -> 199 | AL26: =SUM(AL6:AL25) -> 208 | AM26: =SUM(AM6:AM25) -> 198 | AN26: =SUM(AN6:AN25) -> 207 | AO26: =SUM(AO6:AO25) -> 198
B27: Golden Symbol | C27: =SUM(C15:C23)/C24 -> 0 | D27: =SUM(D15:D23)/D24 -> 0.24 | E27: =SUM(E15:E23)/E24 -> 1 | F27: =SUM(F15:F23)/F24 -> 0.25 | G27: =SUM(G15:G23)/G24 -> 0 | J27: 23 | K27: A | L27: Q | M27: GK | N27: G4 | O27: M2 | Q27: 7 | R27: 9 | S27: 17 | T27: 14 | U27: 3 | W27: 1 | X27: 1 | Y27: 1 | Z27: 1 | AA27: 1
J28: 24 | K28: M5 | L28: A | M28: GA | N28: K | O28: A | Q28: 6 | R28: 7 | S28: 16 | T28: 8 | U28: 7 | W28: 1 | X28: 1 | Y28: 1 | Z28: 1 | AA28: 1 | AC28: 2 Combo | AJ28: 2 Combo
J29: 25 | K29: Q | L29: M4 | M29: G4 | N29: A | O29: M3 | Q29: 9 | R29: 5 | S29: 14 | T29: 7 | U29: 4 | W29: 1 | X29: 1 | Y29: 1 | Z29: 1 | AA29: 1 | AC29: Symbol | AD29: R1 | AE29: R2 | AF29: R3 | AG29: R4 | AH29: R5 | AJ29: Symbol | AK29: R1 | AL29: R2 | AM29: R3 | AN29: R4 | AO29: R5
J30: 26 | K30: A | L30: A | M30: GJ | N30: G4 | O30: M1 | Q30: 7 | R30: 7 | S30: 19 | T30: 14 | U30: 2 | W30: 1 | X30: 1 | Y30: 1 | Z30: 1 | AA30: 1 | AC30: {=$A$4:$A$23} -> WW | AD30: 0 | AE30: 0 | AF30: 0 | AG30: 0 | AH30: 0 | AJ30: {=$A$4:$A$23} -> WW | AK30: 0 | AL30: 0 | AM30: 0 | AN30: 0 | AO30: 0
J31: 27 | K31: M5 | L31: M2 | M31: GK | N31: GA | O31: J | Q31: 6 | R31: 3 | S31: 17 | T31: 16 | U31: 10 | W31: 1 | X31: 1 | Y31: 1 | Z31: 1 | AA31: 1 | AC31: C1 | AD31: 1 | AE31: 1 | AF31: 0 | AG31: 1 | AH31: 1 | AJ31: C1 | AK31: 1 | AL31: 1 | AM31: 0 | AN31: 1 | AO31: 1
J32: 28 | K32: K | L32: A | M32: GA | N32: M5 | O32: A | Q32: 8 | R32: 7 | S32: 16 | T32: 6 | U32: 7 | W32: 1 | X32: 1 | Y32: 1 | Z32: 1 | AA32: 1 | AC32: M1 | AD32: 3 | AE32: 10 | AF32: 0 | AG32: 3 | AH32: 9 | AJ32: M1 | AK32: 3 | AL32: 10 | AM32: 0 | AN32: 3 | AO32: 9
J33: 29 | K33: M4 | L33: K | M33: GK | N33: G5 | O33: M1 | Q33: 5 | R33: 8 | S33: 17 | T33: 15 | U33: 2 | W33: 1 | X33: 1 | Y33: 1 | Z33: 1 | AA33: 1 | AC33: M2 | AD33: 3 | AE33: 12 | AF33: 0 | AG33: 3 | AH33: 8 | AJ33: M2 | AK33: 3 | AL33: 12 | AM33: 0 | AN33: 3 | AO33: 8
J34: 30 | K34: J | L34: GA | M34: GA | N34: K | O34: M4 | Q34: 10 | R34: 16 | S34: 16 | T34: 8 | U34: 5 | W34: 1 | X34: 1 | Y34: 1 | Z34: 1 | AA34: 1 | AC34: M3 | AD34: 7 | AE34: 13 | AF34: 0 | AG34: 7 | AH34: 14 | AJ34: M3 | AK34: 7 | AL34: 13 | AM34: 0 | AN34: 7 | AO34: 14
J35: 31 | K35: M4 | L35: M5 | M35: GK | N35: M5 | O35: K | Q35: 5 | R35: 6 | S35: 17 | T35: 6 | U35: 8 | W35: 1 | X35: 1 | Y35: 1 | Z35: 1 | AA35: 1 | AC35: M4 | AD35: 43 | AE35: 22 | AF35: 0 | AG35: 31 | AH35: 36 | AJ35: M4 | AK35: 43 | AL35: 22 | AM35: 0 | AN35: 31 | AO35: 36
J36: 32 | K36: M5 | L36: M3 | M36: G3 | N36: G5 | O36: M3 | Q36: 6 | R36: 4 | S36: 13 | T36: 15 | U36: 4 | W36: 1 | X36: 1 | Y36: 1 | Z36: 1 | AA36: 1 | AC36: M5 | AD36: 42 | AE36: 22 | AF36: 0 | AG36: 27 | AH36: 34 | AJ36: M5 | AK36: 42 | AL36: 22 | AM36: 0 | AN36: 27 | AO36: 34
J37: 33 | K37: K | L37: GQ | M37: GA | N37: A | O37: M1 | Q37: 8 | R37: 18 | S37: 16 | T37: 7 | U37: 2 | W37: 1 | X37: 1 | Y37: 1 | Z37: 1 | AA37: 1 | AC37: A | AD37: 43 | AE37: 27 | AF37: 0 | AG37: 31 | AH37: 35 | AJ37: A | AK37: 43 | AL37: 27 | AM37: 0 | AN37: 31 | AO37: 35
J38: 34 | K38: A | L38: M4 | M38: GQ | N38: GK | O38: M5 | Q38: 7 | R38: 5 | S38: 18 | T38: 17 | U38: 6 | W38: 1 | X38: 1 | Y38: 1 | Z38: 1 | AA38: 1 | AC38: K | AD38: 43 | AE38: 24 | AF38: 0 | AG38: 32 | AH38: 34 | AJ38: K | AK38: 43 | AL38: 24 | AM38: 0 | AN38: 32 | AO38: 34
J39: 35 | K39: M5 | L39: M3 | M39: G5 | N39: M3 | O39: M4 | Q39: 6 | R39: 4 | S39: 15 | T39: 4 | U39: 5 | W39: 1 | X39: 1 | Y39: 1 | Z39: 1 | AA39: 1 | AC39: Q | AD39: 7 | AE39: 12 | AF39: 0 | AG39: 6 | AH39: 13 | AJ39: Q | AK39: 7 | AL39: 12 | AM39: 0 | AN39: 6 | AO39: 13
J40: 36 | K40: M4 | L40: M4 | M40: GA | N40: K | O40: A | Q40: 5 | R40: 5 | S40: 16 | T40: 8 | U40: 7 | W40: 1 | X40: 1 | Y40: 1 | Z40: 1 | AA40: 1 | AC40: J | AD40: 7 | AE40: 8 | AF40: 0 | AG40: 7 | AH40: 14 | AJ40: J | AK40: 7 | AL40: 8 | AM40: 0 | AN40: 7 | AO40: 14
J41: 37 | K41: M5 | L41: M5 | M41: GJ | N41: G1 | O41: M5 | Q41: 6 | R41: 6 | S41: 19 | T41: 11 | U41: 6 | W41: 1 | X41: 1 | Y41: 1 | Z41: 1 | AA41: 1 | AC41: G1 | AD41: 0 | AE41: 3 | AF41: 3 | AG41: 2 | AH41: 0 | AJ41: G1 | AK41: 0 | AL41: 3 | AM41: 3 | AN41: 2 | AO41: 0
J42: 38 | K42: K | L42: A | M42: G4 | N42: K | O42: K | Q42: 8 | R42: 7 | S42: 14 | T42: 8 | U42: 8 | W42: 1 | X42: 1 | Y42: 1 | Z42: 1 | AA42: 1 | AC42: G2 | AD42: 0 | AE42: 4 | AF42: 1 | AG42: 2 | AH42: 0 | AJ42: G2 | AK42: 0 | AL42: 4 | AM42: 1 | AN42: 2 | AO42: 0
... J49: 45 | K49: A | L49: M5 | M49: GA | N49: G5 | O49: M3 | Q49: 7 | R49: 6 | S49: 16 | T49: 15 | U49: 4 | W49: 1 | X49: 1 | Y49: 1 | Z49: 1 | AA49: 1 | AC49: GJ | AD49: 0 | AE49: 3 | AF49: 9 | AG49: 3 | AH49: 0 | AJ49: GJ | AK49: 0 | AL49: 3 | AM49: 9 | AN49: 3 | AO49: 0
J50: 46 | K50: M5 | L50: G5 | M50: G5 | N50: A | O50: A | Q50: 6 | R50: 15 | S50: 15 | T50: 7 | U50: 7 | W50: 1 | X50: 1 | Y50: 1 | Z50: 1 | AA50: 1 | AD50: =SUM(AD30:AD49) -> 199 | AE50: =SUM(AE30:AE49) -> 208 | AF50: =SUM(AF30:AF49) -> 198 | AG50: =SUM(AG30:AG49) -> 207 | AH50: =SUM(AH30:AH49) -> 198 | AK50: =SUM(AK30:AK49) -> 199 | AL50: =SUM(AL30:AL49) -> 208 | AM50: =SUM(AM30:AM49) -> 198 | AN50: =SUM(AN30:AN49) -> 207 | AO50: =SUM(AO30:AO49) -> 198
J51: 47 | K51: K | L51: K | M51: GA | N51: M3 | O51: J | Q51: 8 | R51: 8 | S51: 16 | T51: 4 | U51: 10 | W51: 1 | X51: 1 | Y51: 1 | Z51: 1 | AA51: 1
J52: 48 | K52: M4 | L52: M5 | M52: GK | N52: GK | O52: M1 | Q52: 5 | R52: 6 | S52: 17 | T52: 17 | U52: 2 | W52: 1 | X52: 1 | Y52: 1 | Z52: 1 | AA52: 1 | AC52: 3+ Combo | AJ52: 3+ Combo
J53: 49 | K53: M5 | L53: K | M53: G4 | N53: K | O53: A | Q53: 6 | R53: 8 | S53: 14 | T53: 8 | U53: 7 | W53: 1 | X53: 1 | Y53: 1 | Z53: 1 | AA53: 1 | AC53: Symbol | AD53: R1 | AE53: R2 | AF53: R3 | AG53: R4 | AH53: R5 | AJ53: Symbol | AK53: R1 | AL53: R2 | AM53: R3 | AN53: R4 | AO53: R5
J54: 50 | K54: A | L54: A | M54: GA | N54: M4 | O54: K | Q54: 7 | R54: 7 | S54: 16 | T54: 5 | U54: 8 | W54: 1 | X54: 1 | Y54: 1 | Z54: 1 | AA54: 1 | AC54: {=$A$4:$A$23} -> WW | AD54: 0 | AE54: 0 | AF54: 0 | AG54: 0 | AH54: 0 | AJ54: {=$A$4:$A$23} -> WW | AK54: 0 | AL54: 0 | AM54: 0 | AN54: 0 | AO54: 0
J55: 51 | K55: M4 | L55: M2 | M55: GK | N55: G4 | O55: A | Q55: 5 | R55: 3 | S55: 17 | T55: 14 | U55: 7 | W55: 1 | X55: 1 | Y55: 1 | Z55: 1 | AA55: 1 | AC55: C1 | AD55: 1 | AE55: 1 | AF55: 0 | AG55: 1 | AH55: 1 | AJ55: C1 | AK55: 1 | AL55: 1 | AM55: 0 | AN55: 1 | AO55: 1
J56: 52 | K56: K | L56: A | M56: G4 | N56: M5 | O56: K | Q56: 8 | R56: 7 | S56: 14 | T56: 6 | U56: 8 | W56: 1 | X56: 1 | Y56: 1 | Z56: 1 | AA56: 1 | AC56: M1 | AD56: 3 | AE56: 10 | AF56: 0 | AG56: 3 | AH56: 9 | AJ56: M1 | AK56: 3 | AL56: 10 | AM56: 0 | AN56: 3 | AO56: 9
J57: 53 | K57: A | L57: G4 | M57: G2 | N57: M3 | O57: M4 | Q57: 7 | R57: 14 | S57: 12 | T57: 4 | U57: 5 | W57: 1 | X57: 1 | Y57: 1 | Z57: 1 | AA57: 1 | AC57: M2 | AD57: 3 | AE57: 12 | AF57: 0 | AG57: 3 | AH57: 8 | AJ57: M2 | AK57: 3 | AL57: 12 | AM57: 0 | AN57: 3 | AO57: 8
J58: 54 | K58: M4 | L58: Q | M58: GK | N58: K | O58: A | Q58: 5 | R58: 9 | S58: 17 | T58: 8 | U58: 7 | W58: 1 | X58: 1 | Y58: 1 | Z58: 1 | AA58: 1 | AC58: M3 | AD58: 7 | AE58: 13 | AF58: 0 | AG58: 7 | AH58: 14 | AJ58: M3 | AK58: 7 | AL58: 13 | AM58: 0 | AN58: 7 | AO58: 14
J59: 55 | K59: A | L59: M3 | M59: G4 | N59: Q | O59: K | Q59: 7 | R59: 4 | S59: 14 | T59: 9 | U59: 8 | W59: 1 | X59: 1 | Y59: 1 | Z59: 1 | AA59: 1 | AC59: M4 | AD59: 43 | AE59: 22 | AF59: 0 | AG59: 31 | AH59: 36 | AJ59: M4 | AK59: 43 | AL59: 22 | AM59: 0 | AN59: 31 | AO59: 36
J60: 56 | K60: M3 | L60: M2 | M60: GQ | N60: M5 | O60: M5 | Q60: 4 | R60: 3 | S60: 18 | T60: 6 | U60: 6 | W60: 1 | X60: 1 | Y60: 1 | Z60: 1 | AA60: 1 | AC60: M5 | AD60: 42 | AE60: 22 | AF60: 0 | AG60: 27 | AH60: 34 | AJ60: M5 | AK60: 42 | AL60: 22 | AM60: 0 | AN60: 27 | AO60: 34
J61: 57 | K61: M4 | L61: K | M61: G4 | N61: G4 | O61: K | Q61: 5 | R61: 8 | S61: 14 | T61: 14 | U61: 8 | W61: 1 | X61: 1 | Y61: 1 | Z61: 1 | AA61: 1 | AC61: A | AD61: 43 | AE61: 27 | AF61: 0 | AG61: 31 | AH61: 35 | AJ61: A | AK61: 43 | AL61: 27 | AM61: 0 | AN61: 31 | AO61: 35
J62: 58 | K62: M5 | L62: C1 | M62: G5 | N62: Q | O62: M4 | Q62: 6 | R62: 1 | S62: 15 | T62: 9 | U62: 5 | W62: 1 | X62: 1 | Y62: 1 | Z62: 1 | AA62: 1 | AC62: K | AD62: 43 | AE62: 24 | AF62: 0 | AG62: 32 | AH62: 34 | AJ62: K | AK62: 43 | AL62: 24 | AM62: 0 | AN62: 32 | AO62: 34
J63: 59 | K63: C1 | L63: M2 | M63: G4 | N63: M1 | O63: A | Q63: 1 | R63: 3 | S63: 14 | T63: 2 | U63: 7 | W63: 1 | X63: 1 | Y63: 1 | Z63: 1 | AA63: 1 | AC63: Q | AD63: 7 | AE63: 12 | AF63: 0 | AG63: 6 | AH63: 13 | AJ63: Q | AK63: 7 | AL63: 12 | AM63: 0 | AN63: 6 | AO63: 13
J64: 60 | K64: K | L64: J | M64: GK | N64: Q | O64: M4 | Q64: 8 | R64: 10 | S64: 17 | T64: 9 | U64: 5 | W64: 1 | X64: 1 | Y64: 1 | Z64: 1 | AA64: 1 | AC64: J | AD64: 7 | AE64: 8 | AF64: 0 | AG64: 7 | AH64: 14 | AJ64: J | AK64: 7 | AL64: 8 | AM64: 0 | AN64: 7 | AO64: 14
J65: 61 | K65: M5 | L65: A | M65: GA | N65: GA | O65: M3 | Q65: 6 | R65: 7 | S65: 16 | T65: 16 | U65: 4 | W65: 1 | X65: 1 | Y65: 1 | Z65: 1 | AA65: 1 | AC65: G1 | AD65: 0 | AE65: 3 | AF65: 3 | AG65: 2 | AH65: 0 | AJ65: G1 | AK65: 0 | AL65: 3 | AM65: 3 | AN65: 2 | AO65: 0
J66: 62 | K66: K | L66: G4 | M66: G4 | N66: M5 | O66: J | Q66: 8 | R66: 14 | S66: 14 | T66: 6 | U66: 10 | W66: 1 | X66: 1 | Y66: 1 | Z66: 1 | AA66: 1 | AC66: G2 | AD66: 0 | AE66: 4 | AF66: 1 | AG66: 2 | AH66: 0 | AJ66: G2 | AK66: 0 | AL66: 4 | AM66: 1 | AN66: 2 | AO66: 0
... J73: 69 | K73: M5 | L73: Q | M73: GK | N73: J | O73: M5 | Q73: 6 | R73: 9 | S73: 17 | T73: 10 | U73: 6 | W73: 1 | X73: 1 | Y73: 1 | Z73: 1 | AA73: 1 | AC73: GJ | AD73: 0 | AE73: 3 | AF73: 9 | AG73: 3 | AH73: 0 | AJ73: GJ | AK73: 0 | AL73: 3 | AM73: 9 | AN73: 3 | AO73: 0
J74: 70 | K74: K | L74: M4 | M74: G5 | N74: A | O74: M4 | Q74: 8 | R74: 5 | S74: 15 | T74: 7 | U74: 5 | W74: 1 | X74: 1 | Y74: 1 | Z74: 1 | AA74: 1 | AD74: =SUM(AD54:AD73) -> 199 | AE74: =SUM(AE54:AE73) -> 208 | AF74: =SUM(AF54:AF73) -> 198 | AG74: =SUM(AG54:AG73) -> 207 | AH74: =SUM(AH54:AH73) -> 198 | AK74: =SUM(AK54:AK73) -> 199 | AL74: =SUM(AL54:AL73) -> 208 | AM74: =SUM(AM54:AM73) -> 198 | AN74: =SUM(AN54:AN73) -> 207 | AO74: =SUM(AO54:AO73) -> 198
J75: 71 | K75: J | L75: GA | M75: GA | N75: M5 | O75: Q | Q75: 10 | R75: 16 | S75: 16 | T75: 6 | U75: 9 | W75: 1 | X75: 1 | Y75: 1 | Z75: 1 | AA75: 1
J76: 72 | K76: A | L76: A | M76: G5 | N76: K | O76: M5 | Q76: 7 | R76: 7 | S76: 15 | T76: 8 | U76: 6 | W76: 1 | X76: 1 | Y76: 1 | Z76: 1 | AA76: 1
J77: 73 | K77: M5 | L77: J | M77: G1 | N77: G3 | O77: M4 | Q77: 6 | R77: 10 | S77: 11 | T77: 13 | U77: 5 | W77: 1 | X77: 1 | Y77: 1 | Z77: 1 | AA77: 1
J78: 74 | K78: A | L78: M4 | M78: G5 | N78: K | O78: A | Q78: 7 | R78: 5 | S78: 15 | T78: 8 | U78: 7 | W78: 1 | X78: 1 | Y78: 1 | Z78: 1 | AA78: 1
J79: 75 | K79: K | L79: M2 | M79: G4 | N79: M4 | O79: M4 | Q79: 8 | R79: 3 | S79: 14 | T79: 5 | U79: 5 | W79: 1 | X79: 1 | Y79: 1 | Z79: 1 | AA79: 1
J80: 76 | K80: A | L80: A | M80: GA | N80: A | O80: M5 | Q80: 7 | R80: 7 | S80: 16 | T80: 7 | U80: 6 | W80: 1 | X80: 1 | Y80: 1 | Z80: 1 | AA80: 1
J81: 77 | K81: K | L81: M4 | M81: G4 | N81: M4 | O81: A | Q81: 8 | R81: 5 | S81: 14 | T81: 5 | U81: 7 | W81: 1 | X81: 1 | Y81: 1 | Z81: 1 | AA81: 1
J82: 78 | K82: A | L82: G3 | M82: GA | N82: GA | O82: J | Q82: 7 | R82: 13 | S82: 16 | T82: 16 | U82: 10 | W82: 1 | X82: 1 | Y82: 1 | Z82: 1 | AA82: 1
J83: 79 | K83: M4 | L83: M5 | M83: GJ | N83: M4 | O83: M1 | Q83: 5 | R83: 6 | S83: 19 | T83: 5 | U83: 2 | W83: 1 | X83: 1 | Y83: 1 | Z83: 1 | AA83: 1
J84: 80 | K84: M3 | L84: GJ | M84: G5 | N84: K | O84: M3 | Q84: 4 | R84: 19 | S84: 15 | T84: 8 | U84: 4 | W84: 1 | X84: 1 | Y84: 1 | Z84: 1 | AA84: 1
J85: 81 | K85: J | L85: G4 | M85: GK | N85: GA | O85: A | Q85: 10 | R85: 14 | S85: 17 | T85: 16 | U85: 7 | W85: 1 | X85: 1 | Y85: 1 | Z85: 1 | AA85: 1
J86: 82 | K86: M4 | L86: K | M86: GJ | N86: J | O86: K | Q86: 5 | R86: 8 | S86: 19 | T86: 10 | U86: 8 | W86: 1 | X86: 1 | Y86: 1 | Z86: 1 | AA86: 1
... J203: 199 | K203: M4 | L203: M4 | M203: G4 | N203: M4 | O203: M4 | Q203: 5 | R203: 5 | S203: 14 | T203: 5 | U203: 5 | W203: 1 | X203: 1 | Y203: 1 | Z203: 1 | AA203: 1

Sheet FG_Symbol (2)
J2: Symbol | Q2: Symbol ID | W2: Symbol Weight | AC2: Eliminate Wheel Weight A | AJ2: Eliminate Wheel Weight B
A3: Symbol | B3: Description | C3: R1 | D3: R2 | E3: R3 | F3: R4 | G3: R5 | H3: ID | K3: R1 | L3: R2 | M3: R3 | N3: R4 | O3: R5 | Q3: R1 | R3: R2 | S3: R3 | T3: R4 | U3: R5 | W3: R1 | X3: R2 | Y3: R3 | Z3: R4 | AA3: R5
A4: {=Overview!A38:B57} -> WW | B4: Wild | C4: =COUNTIF(K:K, $A4) -> 0 | D4: =COUNTIF(L:L, $A4) -> 0 | E4: =COUNTIF(M:M, $A4) -> 0 | F4: =COUNTIF(N:N, $A4) -> 0 | G4: =COUNTIF(O:O, $A4) -> 0 | H4: {=Overview!F38:F57} -> 0 | J4: {=_xlfn.SEQUENCE(MAX(COUNTA(K:K), COUNTA(L:L), COUNTA(M:M), COUNTA(N:N), COUNTA(O:O))-1,,0)} -> 0 | K4: A | L4: M5 | M4: G4 | N4: M5 | O4: A | Q4: {=_xlfn.LET(_xlpm.x, K4:O304, IF(_xlpm.x="", "", _xlfn.XLOOKUP(_xlpm.x, $A$4:$A$23,_xlfn.ANCHORARRAY( H4))))} -> 7 | R4: 6 | S4: 14 | T4: 6 | U4: 7 | W4: 1 | X4: 1 | Y4: 1 | Z4: 1 | AA4: 1 | AC4: 1 Combo | AJ4: 1 Combo
A5: C1 | B5: Scatter | C5: =COUNTIF(K:K, $A5) -> 3 | D5: =COUNTIF(L:L, $A5) -> 3 | E5: =COUNTIF(M:M, $A5) -> 0 | F5: =COUNTIF(N:N, $A5) -> 5 | G5: =COUNTIF(O:O, $A5) -> 5 | H5: 1 | J5: 1 | K5: M5 | L5: GJ | M5: GK | N5: M4 | O5: M2 | Q5: 6 | R5: 19 | S5: 17 | T5: 5 | U5: 3 | W5: 1 | X5: 1 | Y5: 1 | Z5: 1 | AA5: 1 | AC5: Symbol | AD5: R1 | AE5: R2 | AF5: R3 | AG5: R4 | AH5: R5 | AJ5: Symbol | AK5: R1 | AL5: R2 | AM5: R3 | AN5: R4 | AO5: R5
A6: M1 | B6: M1 | C6: =COUNTIF(K:K, $A6) -> 3 | D6: =COUNTIF(L:L, $A6) -> 10 | E6: =COUNTIF(M:M, $A6) -> 0 | F6: =COUNTIF(N:N, $A6) -> 3 | G6: =COUNTIF(O:O, $A6) -> 9 | H6: 2 | J6: 2 | K6: A | L6: GA | M6: G4 | N6: J | O6: M4 | Q6: 7 | R6: 16 | S6: 14 | T6: 10 | U6: 5 | W6: 1 | X6: 1 | Y6: 1 | Z6: 1 | AA6: 1 | AC6: {=$A$4:$A$23} -> WW | AD6: 0 | AE6: 0 | AF6: 0 | AG6: 0 | AH6: 0 | AJ6: {=$A$4:$A$23} -> WW | AK6: 0 | AL6: 0 | AM6: 0 | AN6: 0 | AO6: 0
A7: M2 | B7: M2 | C7: =COUNTIF(K:K, $A7) -> 3 | D7: =COUNTIF(L:L, $A7) -> 12 | E7: =COUNTIF(M:M, $A7) -> 0 | F7: =COUNTIF(N:N, $A7) -> 3 | G7: =COUNTIF(O:O, $A7) -> 8 | H7: 3 | J7: 3 | K7: K | L7: M5 | M7: G5 | N7: A | O7: M5 | Q7: 8 | R7: 6 | S7: 15 | T7: 7 | U7: 6 | W7: 1 | X7: 1 | Y7: 1 | Z7: 1 | AA7: 1 | AC7: C1 | AD7: 1 | AE7: 1 | AF7: 0 | AG7: 1 | AH7: 1 | AJ7: C1 | AK7: 1 | AL7: 1 | AM7: 0 | AN7: 1 | AO7: 1
A8: M3 | B8: M3 | C8: =COUNTIF(K:K, $A8) -> 7 | D8: =COUNTIF(L:L, $A8) -> 13 | E8: =COUNTIF(M:M, $A8) -> 0 | F8: =COUNTIF(N:N, $A8) -> 7 | G8: =COUNTIF(O:O, $A8) -> 14 | H8: 4 | J8: 4 | K8: M5 | L8: G5 | M8: GA | N8: K | O8: M3 | Q8: 6 | R8: 15 | S8: 16 | T8: 8 | U8: 4 | W8: 1 | X8: 1 | Y8: 1 | Z8: 1 | AA8: 1 | AC8: M1 | AD8: 3 | AE8: 10 | AF8: 0 | AG8: 3 | AH8: 9 | AJ8: M1 | AK8: 3 | AL8: 10 | AM8: 0 | AN8: 3 | AO8: 9
A9: M4 | B9: M4 | C9: =COUNTIF(K:K, $A9) -> 43 | D9: =COUNTIF(L:L, $A9) -> 23 | E9: =COUNTIF(M:M, $A9) -> 0 | F9: =COUNTIF(N:N, $A9) -> 33 | G9: =COUNTIF(O:O, $A9) -> 35 | H9: 5 | J9: 5 | K9: C1 | L9: K | M9: G4 | N9: G5 | O9: M1 | Q9: 1 | R9: 8 | S9: 14 | T9: 15 | U9: 2 | W9: 1 | X9: 1 | Y9: 1 | Z9: 1 | AA9: 1 | AC9: M2 | AD9: 3 | AE9: 12 | AF9: 0 | AG9: 3 | AH9: 8 | AJ9: M2 | AK9: 3 | AL9: 12 | AM9: 0 | AN9: 3 | AO9: 8
A10: M5 | B10: M5 | C10: =COUNTIF(K:K, $A10) -> 42 | D10: =COUNTIF(L:L, $A10) -> 23 | E10: =COUNTIF(M:M, $A10) -> 0 | F10: =COUNTIF(N:N, $A10) -> 33 | G10: =COUNTIF(O:O, $A10) -> 34 | H10: 6 | J10: 6 | K10: A | L10: M1 | M10: G5 | N10: M4 | O10: K | Q10: 7 | R10: 2 | S10: 15 | T10: 5 | U10: 8 | W10: 1 | X10: 1 | Y10: 1 | Z10: 1 | AA10: 1 | AC10: M3 | AD10: 7 | AE10: 13 | AF10: 0 | AG10: 7 | AH10: 14 | AJ10: M3 | AK10: 7 | AL10: 13 | AM10: 0 | AN10: 7 | AO10: 14
A11: A | B11: A | C11: =COUNTIF(K:K, $A11) -> 43 | D11: =COUNTIF(L:L, $A11) -> 27 | E11: =COUNTIF(M:M, $A11) -> 0 | F11: =COUNTIF(N:N, $A11) -> 33 | G11: =COUNTIF(O:O, $A11) -> 34 | H11: 7 | J11: 7 | K11: K | L11: G4 | M11: GK | N11: M2 | O11: A | Q11: 8 | R11: 14 | S11: 17 | T11: 3 | U11: 7 | W11: 1 | X11: 1 | Y11: 1 | Z11: 1 | AA11: 1 | AC11: M4 | AD11: 43 | AE11: 23 | AF11: 0 | AG11: 33 | AH11: 35 | AJ11: M4 | AK11: 43 | AL11: 23 | AM11: 0 | AN11: 33 | AO11: 35
A12: K | B12: K | C12: =COUNTIF(K:K, $A12) -> 43 | D12: =COUNTIF(L:L, $A12) -> 25 | E12: =COUNTIF(M:M, $A12) -> 0 | F12: =COUNTIF(N:N, $A12) -> 34 | G12: =COUNTIF(O:O, $A12) -> 34 | H12: 8 | J12: 8 | K12: A | L12: K | M12: G3 | N12: G5 | O12: J | Q12: 7 | R12: 8 | S12: 13 | T12: 15 | U12: 10 | W12: 1 | X12: 1 | Y12: 1 | Z12: 1 | AA12: 1 | AC12: M5 | AD12: 42 | AE12: 23 | AF12: 0 | AG12: 33 | AH12: 34 | AJ12: M5 | AK12: 42 | AL12: 23 | AM12: 0 | AN12: 33 | AO12: 34
A13: Q | B13: Q | C13: =COUNTIF(K:K, $A13) -> 7 | D13: =COUNTIF(L:L, $A13) -> 12 | E13: =COUNTIF(M:M, $A13) -> 0 | F13: =COUNTIF(N:N, $A13) -> 6 | G13: =COUNTIF(O:O, $A13) -> 13 | H13: 9 | J13: 9 | K13: J | L13: M1 | M13: G5 | N13: GQ | O13: M3 | Q13: 10 | R13: 2 | S13: 15 | T13: 18 | U13: 4 | W13: 1 | X13: 1 | Y13: 1 | Z13: 1 | AA13: 1 | AC13: A | AD13: 43 | AE13: 27 | AF13: 0 | AG13: 33 | AH13: 34 | AJ13: A | AK13: 43 | AL13: 27 | AM13: 0 | AN13: 33 | AO13: 34
A14: J | B14: J | C14: =COUNTIF(K:K, $A14) -> 6 | D14: =COUNTIF(L:L, $A14) -> 8 | E14: =COUNTIF(M:M, $A14) -> 0 | F14: =COUNTIF(N:N, $A14) -> 7 | G14: =COUNTIF(O:O, $A14) -> 14 | H14: 10 | J14: 10 | K14: M4 | L14: M5 | M14: GA | N14: G5 | O14: J | Q14: 5 | R14: 6 | S14: 16 | T14: 15 | U14: 10 | W14: 1 | X14: 1 | Y14: 1 | Z14: 1 | AA14: 1 | AC14: K | AD14: 43 | AE14: 25 | AF14: 0 | AG14: 34 | AH14: 34 | AJ14: K | AK14: 43 | AL14: 25 | AM14: 0 | AN14: 34 | AO14: 34
A15: G1 | B15: Gold M1 | C15: =COUNTIF(K:K, $A15) -> 0 | D15: =COUNTIF(L:L, $A15) -> 2 | E15: =COUNTIF(M:M, $A15) -> 3 | F15: =COUNTIF(N:N, $A15) -> 1 | G15: =COUNTIF(O:O, $A15) -> 0 | H15: 11 | J15: 11 | K15: K | L15: M4 | M15: G4 | N15: G4 | O15: K | Q15: 8 | R15: 5 | S15: 14 | T15: 14 | U15: 8 | W15: 1 | X15: 1 | Y15: 1 | Z15: 1 | AA15: 1 | AC15: Q | AD15: 7 | AE15: 12 | AF15: 0 | AG15: 6 | AH15: 13 | AJ15: Q | AK15: 7 | AL15: 12 | AM15: 0 | AN15: 6 | AO15: 13
A16: G2 | B16: Gold M2 | C16: =COUNTIF(K:K, $A16) -> 0 | D16: =COUNTIF(L:L, $A16) -> 3 | E16: =COUNTIF(M:M, $A16) -> 4 | F16: =COUNTIF(N:N, $A16) -> 1 | G16: =COUNTIF(O:O, $A16) -> 0 | H16: 12 | J16: 12 | K16: M4 | L16: M2 | M16: GK | N16: M4 | O16: A | Q16: 5 | R16: 3 | S16: 17 | T16: 5 | U16: 7 | W16: 1 | X16: 1 | Y16: 1 | Z16: 1 | AA16: 1 | AC16: J | AD16: 6 | AE16: 8 | AF16: 0 | AG16: 7 | AH16: 14 | AJ16: J | AK16: 6 | AL16: 8 | AM16: 0 | AN16: 7 | AO16: 14
A17: G3 | B17: Gold M3 | C17: =COUNTIF(K:K, $A17) -> 0 | D17: =COUNTIF(L:L, $A17) -> 3 | E17: =COUNTIF(M:M, $A17) -> 8 | F17: =COUNTIF(N:N, $A17) -> 2 | G17: =COUNTIF(O:O, $A17) -> 0 | H17: 13 | J17: 13 | K17: M5 | L17: K | M17: G4 | N17: Q | O17: M4 | Q17: 6 | R17: 8 | S17: 14 | T17: 9 | U17: 5 | W17: 1 | X17: 1 | Y17: 1 | Z17: 1 | AA17: 1 | AC17: G1 | AD17: 0 | AE17: 3 | AF17: 3 | AG17: 2 | AH17: 0 | AJ17: G1 | AK17: 0 | AL17: 3 | AM17: 3 | AN17: 2 | AO17: 0
A18: G4 | B18: Gold M4 | C18: =COUNTIF(K:K, $A18) -> 0 | D18: =COUNTIF(L:L, $A18) -> 7 | E18: =COUNTIF(M:M, $A18) -> 43 | F18: =COUNTIF(N:N, $A18) -> 8 | G18: =COUNTIF(O:O, $A18) -> 0 | H18: 14 | J18: 14 | K18: A | L18: A | M18: GA | N18: A | O18: M5 | Q18: 7 | R18: 7 | S18: 16 | T18: 7 | U18: 6 | W18: 1 | X18: 1 | Y18: 1 | Z18: 1 | AA18: 1 | AC18: G2 | AD18: 0 | AE18: 4 | AF18: 1 | AG18: 2 | AH18: 0 | AJ18: G2 | AK18: 0 | AL18: 4 | AM18: 1 | AN18: 2 | AO18: 0
... A23: GJ | B23: Gold J | C23: =COUNTIF(K:K, $A23) -> 0 | D23: =COUNTIF(L:L, $A23) -> 2 | E23: =COUNTIF(M:M, $A23) -> 9 | F23: =COUNTIF(N:N, $A23) -> 2 | G23: =COUNTIF(O:O, $A23) -> 0 | H23: 19 | J23: 19 | K23: M3 | L23: M5 | M23: GQ | N23: K | O23: Q | Q23: 4 | R23: 6 | S23: 18 | T23: 8 | U23: 9 | W23: 1 | X23: 1 | Y23: 1 | Z23: 1 | AA23: 1 | AC23: GK | AD23: 0 | AE23: 8 | AF23: 43 | AG23: 7 | AH23: 0 | AJ23: GK | AK23: 0 | AL23: 8 | AM23: 43 | AN23: 7 | AO23: 0
C24: =SUM(C4:C23) -> 200 | D24: =SUM(D4:D23) -> 200 | E24: =SUM(E4:E23) -> 200 | F24: =SUM(F4:F23) -> 200 | G24: =SUM(G4:G23) -> 200 | J24: 20 | K24: A | L24: A | M24: G5 | N24: G2 | O24: K | Q24: 7 | R24: 7 | S24: 15 | T24: 12 | U24: 8 | W24: 1 | X24: 1 | Y24: 1 | Z24: 1 | AA24: 1 | AC24: GQ | AD24: 0 | AE24: 4 | AF24: 6 | AG24: 2 | AH24: 0 | AJ24: GQ | AK24: 0 | AL24: 4 | AM24: 6 | AN24: 2 | AO24: 0
J25: 21 | K25: M5 | L25: G2 | M25: GA | N25: M5 | O25: M5 | Q25: 6 | R25: 12 | S25: 16 | T25: 6 | U25: 6 | W25: 1 | X25: 1 | Y25: 1 | Z25: 1 | AA25: 1 | AC25: GJ | AD25: 0 | AE25: 3 | AF25: 9 | AG25: 3 | AH25: 0 | AJ25: GJ | AK25: 0 | AL25: 3 | AM25: 9 | AN25: 3 | AO25: 0
B26: Normal Symbol | C26: =SUM(C4:C14)/C24 -> 1 | D26: =SUM(D4:D14)/D24 -> 0.78 | E26: =SUM(E4:E14)/E24 -> 0 | F26: =SUM(F4:F14)/F24 -> 0.82 | G26: =SUM(G4:G14)/G24 -> 1 | J26: 22 | K26: M4 | L26: K | M26: G4 | N26: K | O26: M4 | Q26: 5 | R26: 8 | S26: 14 | T26: 8 | U26: 5 | W26: 1 | X26: 1 | Y26: 1 | Z26: 1 | AA26: 1 | AD26: =SUM(AD6:AD25) -> 198 | AE26: =SUM(AE6:AE25) -> 207 | AF26: =SUM(AF6:AF25) -> 197 | AG26: =SUM(AG6:AG25) -> 205 | AH26: =SUM(AH6:AH25) -> 196 | AK26: =SUM(AK6:AK25) -> 198 | AL26: =SUM(AL6:AL25) -> 207 | AM26: =SUM(AM6:AM25) -> 197 | AN26: =SUM(AN6:AN25) -> 205 | AO26: =SUM(AO6:AO25) -> 196
B27: Golden Symbol | C27: =SUM(C15:C23)/C24 -> 0 | D27: =SUM(D15:D23)/D24 -> 0.22 | E27: =SUM(E15:E23)/E24 -> 1 | F27: =SUM(F15:F23)/F24 -> 0.18 | G27: =SUM(G15:G23)/G24 -> 0 | J27: 23 | K27: M5 | L27: M5 | M27: G5 | N27: GK | O27: A | Q27: 6 | R27: 6 | S27: 15 | T27: 17 | U27: 7 | W27: 1 | X27: 1 | Y27: 1 | Z27: 1 | AA27: 1
J28: 24 | K28: A | L28: M3 | M28: GA | N28: K | O28: M1 | Q28: 7 | R28: 4 | S28: 16 | T28: 8 | U28: 2 | W28: 1 | X28: 1 | Y28: 1 | Z28: 1 | AA28: 1 | AC28: 2 Combo | AJ28: 2 Combo
J29: 25 | K29: K | L29: M5 | M29: G4 | N29: A | O29: A | Q29: 8 | R29: 6 | S29: 14 | T29: 7 | U29: 7 | W29: 1 | X29: 1 | Y29: 1 | Z29: 1 | AA29: 1 | AC29: Symbol | AD29: R1 | AE29: R2 | AF29: R3 | AG29: R4 | AH29: R5 | AJ29: Symbol | AK29: R1 | AL29: R2 | AM29: R3 | AN29: R4 | AO29: R5
J30: 26 | K30: M4 | L30: K | M30: G5 | N30: K | O30: M4 | Q30: 5 | R30: 8 | S30: 15 | T30: 8 | U30: 5 | W30: 1 | X30: 1 | Y30: 1 | Z30: 1 | AA30: 1 | AC30: {=$A$4:$A$23} -> WW | AD30: 0 | AE30: 0 | AF30: 0 | AG30: 0 | AH30: 0 | AJ30: {=$A$4:$A$23} -> WW | AK30: 0 | AL30: 0 | AM30: 0 | AN30: 0 | AO30: 0
J31: 27 | K31: M5 | L31: A | M31: GA | N31: A | O31: A | Q31: 6 | R31: 7 | S31: 16 | T31: 7 | U31: 7 | W31: 1 | X31: 1 | Y31: 1 | Z31: 1 | AA31: 1 | AC31: C1 | AD31: 1 | AE31: 1 | AF31: 0 | AG31: 1 | AH31: 1 | AJ31: C1 | AK31: 1 | AL31: 1 | AM31: 0 | AN31: 1 | AO31: 1
J32: 28 | K32: K | L32: Q | M32: GJ | N32: M5 | O32: M3 | Q32: 8 | R32: 9 | S32: 19 | T32: 6 | U32: 4 | W32: 1 | X32: 1 | Y32: 1 | Z32: 1 | AA32: 1 | AC32: M1 | AD32: 3 | AE32: 10 | AF32: 0 | AG32: 3 | AH32: 9 | AJ32: M1 | AK32: 3 | AL32: 10 | AM32: 0 | AN32: 3 | AO32: 9
J33: 29 | K33: M4 | L33: M3 | M33: GA | N33: GA | O33: K | Q33: 5 | R33: 4 | S33: 16 | T33: 16 | U33: 8 | W33: 1 | X33: 1 | Y33: 1 | Z33: 1 | AA33: 1 | AC33: M2 | AD33: 3 | AE33: 12 | AF33: 0 | AG33: 3 | AH33: 8 | AJ33: M2 | AK33: 3 | AL33: 12 | AM33: 0 | AN33: 3 | AO33: 8
J34: 30 | K34: A | L34: Q | M34: G3 | N34: M4 | O34: M5 | Q34: 7 | R34: 9 | S34: 13 | T34: 5 | U34: 6 | W34: 1 | X34: 1 | Y34: 1 | Z34: 1 | AA34: 1 | AC34: M3 | AD34: 7 | AE34: 13 | AF34: 0 | AG34: 7 | AH34: 14 | AJ34: M3 | AK34: 7 | AL34: 13 | AM34: 0 | AN34: 7 | AO34: 14
J35: 31 | K35: K | L35: GK | M35: G5 | N35: G5 | O35: A | Q35: 8 | R35: 17 | S35: 15 | T35: 15 | U35: 7 | W35: 1 | X35: 1 | Y35: 1 | Z35: 1 | AA35: 1 | AC35: M4 | AD35: 43 | AE35: 23 | AF35: 0 | AG35: 33 | AH35: 35 | AJ35: M4 | AK35: 43 | AL35: 23 | AM35: 0 | AN35: 33 | AO35: 35
J36: 32 | K36: A | L36: A | M36: GK | N36: K | O36: Q | Q36: 7 | R36: 7 | S36: 17 | T36: 8 | U36: 9 | W36: 1 | X36: 1 | Y36: 1 | Z36: 1 | AA36: 1 | AC36: M5 | AD36: 42 | AE36: 23 | AF36: 0 | AG36: 33 | AH36: 34 | AJ36: M5 | AK36: 42 | AL36: 23 | AM36: 0 | AN36: 33 | AO36: 34
J37: 33 | K37: M5 | L37: M4 | M37: GA | N37: M4 | O37: J | Q37: 6 | R37: 5 | S37: 16 | T37: 5 | U37: 10 | W37: 1 | X37: 1 | Y37: 1 | Z37: 1 | AA37: 1 | AC37: A | AD37: 43 | AE37: 27 | AF37: 0 | AG37: 33 | AH37: 34 | AJ37: A | AK37: 43 | AL37: 27 | AM37: 0 | AN37: 33 | AO37: 34
J38: 34 | K38: M4 | L38: M3 | M38: G5 | N38: A | O38: A | Q38: 5 | R38: 4 | S38: 15 | T38: 7 | U38: 7 | W38: 1 | X38: 1 | Y38: 1 | Z38: 1 | AA38: 1 | AC38: K | AD38: 43 | AE38: 25 | AF38: 0 | AG38: 34 | AH38: 34 | AJ38: K | AK38: 43 | AL38: 25 | AM38: 0 | AN38: 34 | AO38: 34
J39: 35 | K39: K | L39: M2 | M39: GA | N39: GK | O39: M4 | Q39: 8 | R39: 3 | S39: 16 | T39: 17 | U39: 5 | W39: 1 | X39: 1 | Y39: 1 | Z39: 1 | AA39: 1 | AC39: Q | AD39: 7 | AE39: 12 | AF39: 0 | AG39: 6 | AH39: 13 | AJ39: Q | AK39: 7 | AL39: 12 | AM39: 0 | AN39: 6 | AO39: 13
J40: 36 | K40: M5 | L40: C1 | M40: GK | N40: J | O40: M5 | Q40: 6 | R40: 1 | S40: 17 | T40: 10 | U40: 6 | W40: 1 | X40: 1 | Y40: 1 | Z40: 1 | AA40: 1 | AC40: J | AD40: 6 | AE40: 8 | AF40: 0 | AG40: 7 | AH40: 14 | AJ40: J | AK40: 6 | AL40: 8 | AM40: 0 | AN40: 7 | AO40: 14
J41: 37 | K41: K | L41: G5 | M41: G5 | N41: M5 | O41: M3 | Q41: 8 | R41: 15 | S41: 15 | T41: 6 | U41: 4 | W41: 1 | X41: 1 | Y41: 1 | Z41: 1 | AA41: 1 | AC41: G1 | AD41: 0 | AE41: 3 | AF41: 3 | AG41: 2 | AH41: 0 | AJ41: G1 | AK41: 0 | AL41: 3 | AM41: 3 | AN41: 2 | AO41: 0
J42: 38 | K42: M4 | L42: M4 | M42: GJ | N42: M3 | O42: Q | Q42: 5 | R42: 5 | S42: 19 | T42: 4 | U42: 9 | W42: 1 | X42: 1 | Y42: 1 | Z42: 1 | AA42: 1 | AC42: G2 | AD42: 0 | AE42: 4 | AF42: 1 | AG42: 2 | AH42: 0 | AJ42: G2 | AK42: 0 | AL42: 4 | AM42: 1 | AN42: 2 | AO42: 0
... J49: 45 | K49: M5 | L49: M4 | M49: G4 | N49: M5 | O49: J | Q49: 6 | R49: 5 | S49: 14 | T49: 6 | U49: 10 | W49: 1 | X49: 1 | Y49: 1 | Z49: 1 | AA49: 1 | AC49: GJ | AD49: 0 | AE49: 3 | AF49: 9 | AG49: 3 | AH49: 0 | AJ49: GJ | AK49: 0 | AL49: 3 | AM49: 9 | AN49: 3 | AO49: 0
J50: 46 | K50: K | L50: Q | M50: GJ | N50: GA | O50: M4 | Q50: 8 | R50: 9 | S50: 19 | T50: 16 | U50: 5 | W50: 1 | X50: 1 | Y50: 1 | Z50: 1 | AA50: 1 | AD50: =SUM(AD30:AD49) -> 198 | AE50: =SUM(AE30:AE49) -> 207 | AF50: =SUM(AF30:AF49) -> 197 | AG50: =SUM(AG30:AG49) -> 205 | AH50: =SUM(AH30:AH49) -> 196 | AK50: =SUM(AK30:AK49) -> 198 | AL50: =SUM(AL30:AL49) -> 207 | AM50: =SUM(AM30:AM49) -> 197 | AN50: =SUM(AN30:AN49) -> 205 | AO50: =SUM(AO30:AO49) -> 196
J51: 47 | K51: M4 | L51: M5 | M51: GA | N51: K | O51: M5 | Q51: 5 | R51: 6 | S51: 16 | T51: 8 | U51: 6 | W51: 1 | X51: 1 | Y51: 1 | Z51: 1 | AA51: 1
J52: 48 | K52: J | L52: M2 | M52: GK | N52: G4 | O52: M3 | Q52: 10 | R52: 3 | S52: 17 | T52: 14 | U52: 4 | W52: 1 | X52: 1 | Y52: 1 | Z52: 1 | AA52: 1 | AC52: 3+ Combo | AJ52: 3+ Combo
J53: 49 | K53: K | L53: A | M53: G5 | N53: G5 | O53: A | Q53: 8 | R53: 7 | S53: 15 | T53: 15 | U53: 7 | W53: 1 | X53: 1 | Y53: 1 | Z53: 1 | AA53: 1 | AC53: Symbol | AD53: R1 | AE53: R2 | AF53: R3 | AG53: R4 | AH53: R5 | AJ53: Symbol | AK53: R1 | AL53: R2 | AM53: R3 | AN53: R4 | AO53: R5
J54: 50 | K54: Q | L54: G5 | M54: G3 | N54: GK | O54: M1 | Q54: 9 | R54: 15 | S54: 13 | T54: 17 | U54: 2 | W54: 1 | X54: 1 | Y54: 1 | Z54: 1 | AA54: 1 | AC54: {=$A$4:$A$23} -> WW | AD54: 0 | AE54: 0 | AF54: 0 | AG54: 0 | AH54: 0 | AJ54: {=$A$4:$A$23} -> WW | AK54: 0 | AL54: 0 | AM54: 0 | AN54: 0 | AO54: 0
J55: 51 | K55: M4 | L55: M2 | M55: G4 | N55: M5 | O55: M5 | Q55: 5 | R55: 3 | S55: 14 | T55: 6 | U55: 6 | W55: 1 | X55: 1 | Y55: 1 | Z55: 1 | AA55: 1 | AC55: C1 | AD55: 1 | AE55: 1 | AF55: 0 | AG55: 1 | AH55: 1 | AJ55: C1 | AK55: 1 | AL55: 1 | AM55: 0 | AN55: 1 | AO55: 1
J56: 52 | K56: K | L56: M4 | M56: G3 | N56: K | O56: A | Q56: 8 | R56: 5 | S56: 13 | T56: 8 | U56: 7 | W56: 1 | X56: 1 | Y56: 1 | Z56: 1 | AA56: 1 | AC56: M1 | AD56: 3 | AE56: 10 | AF56: 0 | AG56: 3 | AH56: 9 | AJ56: M1 | AK56: 3 | AL56: 10 | AM56: 0 | AN56: 3 | AO56: 9
J57: 53 | K57: M1 | L57: G1 | M57: GK | N57: GA | O57: M4 | Q57: 2 | R57: 11 | S57: 17 | T57: 16 | U57: 5 | W57: 1 | X57: 1 | Y57: 1 | Z57: 1 | AA57: 1 | AC57: M2 | AD57: 3 | AE57: 12 | AF57: 0 | AG57: 3 | AH57: 8 | AJ57: M2 | AK57: 3 | AL57: 12 | AM57: 0 | AN57: 3 | AO57: 8
J58: 54 | K58: K | L58: C1 | M58: G4 | N58: GK | O58: K | Q58: 8 | R58: 1 | S58: 14 | T58: 17 | U58: 8 | W58: 1 | X58: 1 | Y58: 1 | Z58: 1 | AA58: 1 | AC58: M3 | AD58: 7 | AE58: 13 | AF58: 0 | AG58: 7 | AH58: 14 | AJ58: M3 | AK58: 7 | AL58: 13 | AM58: 0 | AN58: 7 | AO58: 14
J59: 55 | K59: M5 | L59: GA | M59: G5 | N59: K | O59: Q | Q59: 6 | R59: 16 | S59: 15 | T59: 8 | U59: 9 | W59: 1 | X59: 1 | Y59: 1 | Z59: 1 | AA59: 1 | AC59: M4 | AD59: 43 | AE59: 23 | AF59: 0 | AG59: 33 | AH59: 35 | AJ59: M4 | AK59: 43 | AL59: 23 | AM59: 0 | AN59: 33 | AO59: 35
J60: 56 | K60: M3 | L60: M4 | M60: GK | N60: M5 | O60: K | Q60: 4 | R60: 5 | S60: 17 | T60: 6 | U60: 8 | W60: 1 | X60: 1 | Y60: 1 | Z60: 1 | AA60: 1 | AC60: M5 | AD60: 42 | AE60: 23 | AF60: 0 | AG60: 33 | AH60: 34 | AJ60: M5 | AK60: 42 | AL60: 23 | AM60: 0 | AN60: 33 | AO60: 34
J61: 57 | K61: K | L61: M5 | M61: G5 | N61: M1 | O61: M3 | Q61: 8 | R61: 6 | S61: 15 | T61: 2 | U61: 4 | W61: 1 | X61: 1 | Y61: 1 | Z61: 1 | AA61: 1 | AC61: A | AD61: 43 | AE61: 27 | AF61: 0 | AG61: 33 | AH61: 34 | AJ61: A | AK61: 43 | AL61: 27 | AM61: 0 | AN61: 33 | AO61: 34
J62: 58 | K62: M5 | L62: G4 | M62: GA | N62: G4 | O62: J | Q62: 6 | R62: 14 | S62: 16 | T62: 14 | U62: 10 | W62: 1 | X62: 1 | Y62: 1 | Z62: 1 | AA62: 1 | AC62: K | AD62: 43 | AE62: 25 | AF62: 0 | AG62: 34 | AH62: 34 | AJ62: K | AK62: 43 | AL62: 25 | AM62: 0 | AN62: 34 | AO62: 34
J63: 59 | K63: K | L63: M1 | M63: G5 | N63: K | O63: M3 | Q63: 8 | R63: 2 | S63: 15 | T63: 8 | U63: 4 | W63: 1 | X63: 1 | Y63: 1 | Z63: 1 | AA63: 1 | AC63: Q | AD63: 7 | AE63: 12 | AF63: 0 | AG63: 6 | AH63: 13 | AJ63: Q | AK63: 7 | AL63: 12 | AM63: 0 | AN63: 6 | AO63: 13
J64: 60 | K64: M4 | L64: G2 | M64: GK | N64: M5 | O64: A | Q64: 5 | R64: 12 | S64: 17 | T64: 6 | U64: 7 | W64: 1 | X64: 1 | Y64: 1 | Z64: 1 | AA64: 1 | AC64: J | AD64: 6 | AE64: 8 | AF64: 0 | AG64: 7 | AH64: 14 | AJ64: J | AK64: 6 | AL64: 8 | AM64: 0 | AN64: 7 | AO64: 14
J65: 61 | K65: M5 | L65: M5 | M65: G3 | N65: M4 | O65: K | Q65: 6 | R65: 6 | S65: 13 | T65: 5 | U65: 8 | W65: 1 | X65: 1 | Y65: 1 | Z65: 1 | AA65: 1 | AC65: G1 | AD65: 0 | AE65: 3 | AF65: 3 | AG65: 2 | AH65: 0 | AJ65: G1 | AK65: 0 | AL65: 3 | AM65: 3 | AN65: 2 | AO65: 0
J66: 62 | K66: A | L66: GQ | M66: GK | N66: M5 | O66: M5 | Q66: 7 | R66: 18 | S66: 17 | T66: 6 | U66: 6 | W66: 1 | X66: 1 | Y66: 1 | Z66: 1 | AA66: 1 | AC66: G2 | AD66: 0 | AE66: 4 | AF66: 1 | AG66: 2 | AH66: 0 | AJ66: G2 | AK66: 0 | AL66: 4 | AM66: 1 | AN66: 2 | AO66: 0
... J73: 69 | K73: K | L73: M4 | M73: G5 | N73: K | O73: M4 | Q73: 8 | R73: 5 | S73: 15 | T73: 8 | U73: 5 | W73: 1 | X73: 1 | Y73: 1 | Z73: 1 | AA73: 1 | AC73: GJ | AD73: 0 | AE73: 3 | AF73: 9 | AG73: 3 | AH73: 0 | AJ73: GJ | AK73: 0 | AL73: 3 | AM73: 9 | AN73: 3 | AO73: 0
J74: 70 | K74: M4 | L74: M5 | M74: GK | N74: M5 | O74: M1 | Q74: 5 | R74: 6 | S74: 17 | T74: 6 | U74: 2 | W74: 1 | X74: 1 | Y74: 1 | Z74: 1 | AA74: 1 | AD74: =SUM(AD54:AD73) -> 198 | AE74: =SUM(AE54:AE73) -> 207 | AF74: =SUM(AF54:AF73) -> 197 | AG74: =SUM(AG54:AG73) -> 205 | AH74: =SUM(AH54:AH73) -> 196 | AK74: =SUM(AK54:AK73) -> 198 | AL74: =SUM(AL54:AL73) -> 207 | AM74: =SUM(AM54:AM73) -> 197 | AN74: =SUM(AN54:AN73) -> 205 | AO74: =SUM(AO54:AO73) -> 196
J75: 71 | K75: K | L75: M3 | M75: G3 | N75: M4 | O75: M2 | Q75: 8 | R75: 4 | S75: 13 | T75: 5 | U75: 3 | W75: 1 | X75: 1 | Y75: 1 | Z75: 1 | AA75: 1
J76: 72 | K76: M1 | L76: GK | M76: GK | N76: K | O76: A | Q76: 2 | R76: 17 | S76: 17 | T76: 8 | U76: 7 | W76: 1 | X76: 1 | Y76: 1 | Z76: 1 | AA76: 1
J77: 73 | K77: Q | L77: M3 | M77: G1 | N77: M5 | O77: C1 | Q77: 9 | R77: 4 | S77: 11 | T77: 6 | U77: 1 | W77: 1 | X77: 1 | Y77: 1 | Z77: 1 | AA77: 1
J78: 74 | K78: M5 | L78: M1 | M78: G4 | N78: A | O78: Q | Q78: 6 | R78: 2 | S78: 14 | T78: 7 | U78: 9 | W78: 1 | X78: 1 | Y78: 1 | Z78: 1 | AA78: 1
J79: 75 | K79: K | L79: M4 | M79: GA | N79: K | O79: M5 | Q79: 8 | R79: 5 | S79: 16 | T79: 8 | U79: 6 | W79: 1 | X79: 1 | Y79: 1 | Z79: 1 | AA79: 1
J80: 76 | K80: A | L80: M5 | M80: G3 | N80: M4 | O80: M4 | Q80: 7 | R80: 6 | S80: 13 | T80: 5 | U80: 5 | W80: 1 | X80: 1 | Y80: 1 | Z80: 1 | AA80: 1
J81: 77 | K81: M5 | L81: A | M81: G4 | N81: M3 | O81: A | Q81: 6 | R81: 7 | S81: 14 | T81: 4 | U81: 7 | W81: 1 | X81: 1 | Y81: 1 | Z81: 1 | AA81: 1
J82: 78 | K82: A | L82: GQ | M82: GA | N82: M4 | O82: K | Q82: 7 | R82: 18 | S82: 16 | T82: 5 | U82: 8 | W82: 1 | X82: 1 | Y82: 1 | Z82: 1 | AA82: 1
J83: 79 | K83: M5 | L83: M4 | M83: G4 | N83: K | O83: M1 | Q83: 6 | R83: 5 | S83: 14 | T83: 8 | U83: 2 | W83: 1 | X83: 1 | Y83: 1 | Z83: 1 | AA83: 1
J84: 80 | K84: K | L84: Q | M84: GK | N84: M4 | O84: K | Q84: 8 | R84: 9 | S84: 17 | T84: 5 | U84: 8 | W84: 1 | X84: 1 | Y84: 1 | Z84: 1 | AA84: 1
J85: 81 | K85: M4 | L85: M5 | M85: G5 | N85: K | O85: M3 | Q85: 5 | R85: 6 | S85: 15 | T85: 8 | U85: 4 | W85: 1 | X85: 1 | Y85: 1 | Z85: 1 | AA85: 1
J86: 82 | K86: K | L86: A | M86: G4 | N86: M4 | O86: M4 | Q86: 8 | R86: 7 | S86: 14 | T86: 5 | U86: 5 | W86: 1 | X86: 1 | Y86: 1 | Z86: 1 | AA86: 1
... J203: 199 | K203: M3 | L203: K | M203: GK | N203: A | O203: A | Q203: 4 | R203: 8 | S203: 17 | T203: 7 | U203: 7 | W203: 1 | X203: 1 | Y203: 1 | Z203: 1 | AA203: 1

Sheet FG_Symbol (3)
J2: Symbol | Q2: Symbol ID | W2: Symbol Weight | AC2: Eliminate Wheel Weight A | AJ2: Eliminate Wheel Weight B
