Workbook

Sheet Overview
A3: Model: | B3: 5.0.0.0
A5: Reel # | B5: 1 | C5: 2 | D5: 3 | E5: 4
A6: Visible Window Size | B6: 3 | C6: 3 | D6: 3 | E6: 3
A8: OverAll
A9: Coin | B9: Bet | C9: Reels | D9: Line | E9: Pay Back %
A10: 1 | B10: 1 | C10: 4 | D10: 1 | E10: =Card_Bet1!$V$1 -> 0.9199948
A11: 5 | B11: 5 | C11: 4 | D11: 1 | E11: =Card_Bet5!$V$1 -> 0.91999777
A12: 10 | B12: 10 | C12: 4 | D12: 1 | E12: =Card_Bet10!$V$1 -> 0.91999349
A13: 50 | B13: 50 | C13: 4 | D13: 1 | E13: =Card_Bet50!$V$1 -> 0.91998901
A14: 100 | B14: 100 | C14: 4 | D14: 1 | E14: =Card_Bet100!$V$1 -> 0.91999322
A16: Parameter A
A17: Coin | B17: Bet | C17: Reels | D17: Line | E17: Pay Back % | F17: Pay Back %(RD)
A18: 1 | B18: 1 | C18: 4 | D18: 1 | E18: 0.92022917 | F18: 0.920079
A19: 5 | B19: 5 | C19: 4 | D19: 1 | E19: 0.92693396 | F19: 0.92751
A20: 10 | B20: 10 | C20: 4 | D20: 1 | E20: 0.92342863 | F20: 0.92335
A21: 50 | B21: 50 | C21: 4 | D21: 1 | E21: 0.92028178 | F21: 0.920487
A22: 100 | B22: 100 | C22: 4 | D22: 1 | E22: 0.92359546 | F22: 0.924113
A24: Total payback percentage includes the following adjustments:
A25: Feature or Adjustment | B25: Respin | E25: Bonus
A26: Bet | B26: Pay Back | C26: Pay Back (RD) | D26: Pulls/Hit | E26: Pay Back | F26: Pay Back (RD) | G26: Pulls/Hit
A27: 1 | B27: 0.45551106 | C27: 0.455559
A28: 5 | B28: 0.22229421 | C28: 0.222464 | E28: 0.36011068 | F28: 0.360093
A29: 10 | B29: 0.1925777 | C29: 0.192739 | E29: 0.28457778 | F29: 0.284641
A30: 50 | B30: 0.27733134 | C30: 0.277241 | E30: 0.33122508 | F30: 0.331387
A31: 100 | B31: 0.41873033 | C31: 0.419004 | E31: 0.24884727 | F31: 0.248858
A34: Parameter B
A35: Coin | B35: Bet | C35: Reels | D35: Line | E35: Pay Back % | F35: Pay Back %(RD)
A36: 1 | B36: 1 | C36: 4 | D36: 1 | E36: 33.075364 | F36: 33.071518
A37: 5 | B37: 5 | C37: 4 | D37: 1 | E37: 39.13063 | F37: 39.150795
A38: 10 | B38: 10 | C38: 4 | D38: 1 | E38: 31.078434 | F38: 31.093344
A39: 50 | B39: 50 | C39: 4 | D39: 1 | E39: 51.890255 | F39: 51.890255
A40: 100 | B40: 100 | C40: 4 | D40: 1 | E40: 46.51992 | F40: 46.51992
A42: Total payback percentage includes the following adjustments:
A43: Feature or Adjustment | B43: Respin | E43: Bonus
A44: Bet | B44: Pay Back | C44: Pay Back (RD) | D44: Pulls/Hit | E44: Pay Back | F44: Pay Back (RD) | G44: Pulls/Hit
A45: 1 | B45: 5.2223468 | C45: 5.220887 | D45: - | E45: - | F45: - | G45: -
A46: 5 | B46: 4.02598 | C46: 4.030307 | D46: - | E46: 8.9579175 | F46: 8.958323 | G46: -
A47: 10 | B47: 1.8304766 | C47: 1.830092 | D47: - | E47: 7.1667173 | F47: 7.169445 | G47: -
A48: 50 | C48: 2.104456 | D48: - | F48: 31.831121 | G48: -
A49: 100 | C49: 1.729975 | D49: - | F49: 31.825863 | G49: -
A52: Parameter C
A53: Coin | B53: Bet | C53: Reels | D53: Line | E53: Pay Back % | F53: Hit%
A54: 1 | B54: 1 | C54: 4 | D54: 1 | E54: -
A55: 5 | B55: 5 | C55: 4 | D55: 1 | E55: -
A56: 10 | B56: 10 | C56: 4 | D56: 1 | E56: -
A57: 50 | B57: 50 | C57: 4 | D57: 1 | E57: -
A58: 100 | B58: 100 | C58: 4 | D58: 1 | E58: -
A60: Total payback percentage includes the following adjustments:
A61: Feature or Adjustment | B61: Respin | E61: Bonus
A62: Bet | B62: Pay Back | C62: Hit Freq | D62: Pulls/Hit | E62: Pay Back | F62: Hit Freq | G62: Pulls/Hit
A63: 1 | B63: - | C63: - | D63: - | E63: - | F63: - | G63: -
A64: 5 | B64: - | C64: - | D64: - | E64: - | F64: - | G64: -
A65: 10 | B65: - | C65: - | D65: - | E65: - | F65: - | G65: -
A66: 50 | B66: - | C66: - | D66: - | E66: - | F66: - | G66: -
A67: 100 | B67: - | C67: - | D67: - | E67: - | F67: - | G67: -

Sheet Extra_info
B2: 1 | C2: 卡片系統使用"Card_Info_Extra" | D2: Interval:倍率區間
D3: Weight:倍率區間權重
D4: Sheet:使用表

Sheet Description
B2: 1. 前三輪使用權重輪帶(first 3 reel)，共有A、B、C三張表，並依照多表權重選擇使用哪一張表
B4: 2. 第四輪使用權重輪帶(R4)，並依照前三輪分數來判斷要用哪一組的R4權重
B5: EX : 共有12組權重輪帶，分別對應分數1、5、10、11、15、50、51、55、>=100、>=3001、>= 6001，依照前三輪分數選擇對應的R4權重
B7: 3. 當R4轉到scatter時，使用權重輪帶(scatter) weight 1。
B9: 4. 當R4轉到respin時，使用權重輪帶(respin):
C10: a. 遇到Respin時，前三輪分數 + respin分數須大於等於一倍，respin分數重轉至符合條件
C11: b. 若respin後的分數小於respin前的分數，則互換，前三輪先表演分數小的
C12: c. 當respin分數為0時，respin分數重骰到大於0
B14: 5. bet100時 :
C15: a. bet100時，前三輪分數不能大於30000分(300倍)，若大於時重轉
C16: b. bet100時，respin後分數不能大於30000分(300倍)，若大於時重轉
C17: c. 當respin R3轉到Symbol "10"、"00"，依照switch權重決定R2、R3的Symbol是否互換
B19: 6. 重轉超過10次依照狀況使用固定組合[重轉超過]
B21: 7. R1、R4有機會觸發假表演，當有贏分且R1的Symbol不為0、E時，依照假表演權重表決定是否觸發，若觸發則依照假表演方向權重表來決定方向；當有贏分且R4的Symbol不為E時，依照假表演權重表決定是否觸發，若觸發則依照假表演方向權重表來決定方向
B23: 8. 若前三輪分數為0，第二、三輪轉到Symbol 0的RNG依照表格[0換E]有機率往下跳一個RNG
B24: EX：如果前三輪RNG為(1,0,1)，結果為EE0，0分，若第三輪觸發0換E，則RNG變為(1,0,2)
B26: 9. 初始盤面使用選擇的RNG
C28: bet1起始盤面
C29: R1 | D29: R2 | E29: R3 | F29: R4
B30: Bet1 | C30: 1 | D30: 0 | E30: 2 | F30: 3
B31: Bet5 | C31: 3 | D31: 2 | E31: 4 | F31: 5
B32: Bet10 | C32: 3 | D32: 4 | E32: 0 | F32: 7
B33: Bet50 | C33: 3 | D33: 8 | E33: 0 | F33: 5
B34: Bet100 | C34: 1 | D34: 8 | E34: 8 | F34: 7
E35: (此處為RNG)
B37: 10. 任務系統第四輪使用FreeGameCard_R4輪帶
B39: V2（5.0.0.0）：Extra Bet 內容沿用 1.0.0.2，僅版本號隨 Normal Bet 模型同步第 1 碼。

Sheet Card_Info_Extra_testA
A1: Bet 1 | D1: Bet 5 | G1: Bet 10 | J1: Bet 50 | M1: Bet 100 | R1: Simulation
A2: =Card_Bet1!V1 -> 0.9199948 | D2: =Card_Bet5!V1 -> 0.91999777 | G2: =Card_Bet10!V1 -> 0.91999349 | J2: =Card_Bet50!V1 -> 0.91998901 | M2: =Card_Bet100!V1 -> 0.91999322
A3: Interval | B3: Weight | C3: Sheet | D3: Interval | E3: Weight | F3: Sheet | G3: Interval | H3: Weight | I3: Sheet | J3: Interval | K3: Weight | L3: Sheet | M3: Interval | N3: Weight | O3: Sheet | R3: Bet | S3: RTP | T3: Respin | U3: Scatter | V3: rounds | W3: Scatter+Respin | X3: Scatter+Respin PROB.
A4: -1 | B4: {=Card_Bet1!$T$3:$T$54} -> 791728 | C4: {=Card_Bet1!$L$3:$L$54} -> A | D4: -1 | E4: {=Card_Bet5!$T$3:$T$54} -> 803427 | F4: {=Card_Bet5!$L$3:$L$54} -> A | G4: -1 | H4: {=Card_Bet10!$T$3:$T$54} -> 808528 | I4: {=Card_Bet10!$L$3:$L$54} -> A | J4: -1 | K4: {=Card_Bet50!$T$3:$T$54} -> 806081 | L4: {=Card_Bet50!$L$3:$L$54} -> A | M4: -1 | N4: {=Card_Bet100!$T$3:$T$54} -> 822557 | O4: {=Card_Bet100!$L$3:$L$54} -> A | R4: 1 | S4: 0.92499 | T4: 0.122159 | U4: - | V4: 100000000 | W4: =SUM(AA11:AA24,AD11:AD24) -> 13938446 | X4: =W4/V4 -> 0.13938446
A5: 0 | B5: 97570 | C5: B | D5: 0 | E5: 97883 | F5: B | G5: 0 | H5: 37060 | I5: B | J5: 0 | K5: 74630 | L5: A | M5: 0 | N5: 11212 | O5: A | R5: 5 | S5: 0.924692 | T5: 0.06123 | U5: 0.224109 | V5: 100000000 | W5: =SUM(AA26:AA43,AD26:AD43) -> 6038039 | X5: =W5/V5 -> 0.06038039
A6: 1 | B6: 1523 | C6: B | D6: 1 | E6: 3000 | F6: B | G6: 1 | H6: 58950 | I6: B | J6: 1 | K6: 23758 | L6: B | M6: 1 | N6: 39741 | O6: B | R6: 10 | S6: 0.924693 | T6: 0.081793 | U6: 0.16207 | V6: 100000000 | W6: =SUM(AA45:AA62,AD45:AD62) -> 9640371 | X6: =W6/V6 -> 0.09640371
A7: 2 | B7: 0 | C7: B | D7: 2 | E7: 6000 | F7: B | G7: 2 | H7: 500 | I7: B | J7: 2 | K7: 4482 | L7: B | M7: 2 | N7: 945 | O7: B | R7: 50 | S7: 0.925385 | T7: 0.049855 | U7: 0.337065 | V7: 100000000 | W7: =SUM(AA64:AA85,AD64:AD85) -> 6369513 | X7: =W7/V7 -> 0.06369513
A8: 3 | B8: 0 | C8: B | D8: 3 | E8: 0 | F8: B | G8: 3 | H8: 0 | I8: B | J8: 3 | K8: 1218 | L8: B | M8: 3 | N8: 0 | O8: B | R8: 100 | S8: 0.924616 | T8: 0.131463 | U8: 0.220799 | V8: 100000000 | W8: =SUM(AA87:AA109,AD87:AD109) -> 9715998 | X8: =W8/V8 -> 0.09715998
A9: 4 | B9: 64244 | C9: B | D9: 4 | E9: 45000 | F9: B | G9: 4 | H9: 23100 | I9: B | J9: 4 | K9: 45000 | L9: B | M9: 4 | N9: 30000 | O9: B
A10: 5 | B10: 1729 | C10: B | D10: 5 | E10: 1545 | F10: B | G10: 5 | H10: 27525 | I10: B | J10: 5 | K10: 1490 | L10: B | M10: 5 | N10: 50250 | O10: B
A11: 6 | B11: 0 | C11: B | D11: 6 | E11: 0 | F11: B | G11: 6 | H11: 105 | I11: B | J11: 6 | K11: 0 | L11: B | M11: 6 | N11: 56 | O11: B | Q11: 1 | R11: BaseGame | S11: 0x | T11: = | U11: 9755188 | V11: Pay | W11: = | X11: 975518800 | Y11: 1C1 | Z11: = | AA11: null | AB11: 2C1 | AC11: = | AD11: 9755188 | AE11: 3C1 | AF11: = | AG11: null | AH11: 4C1 | AI11: = | AJ11: null | AK11: 5C1 | AL11: = | AM11: null
A12: 7 | B12: 0 | C12: B | D12: 7 | E12: 0 | F12: B | G12: 7 | H12: 0 | I12: B | J12: 7 | K12: 0 | L12: B | M12: 7 | N12: 0 | O12: B | Q12: 1 | R12: BaseGame | S12: 1x | T12: = | U12: 152207 | V12: Pay | W12: = | X12: 30441400 | Y12: 1C1 | Z12: = | AA12: null | AB12: 2C1 | AC12: = | AD12: 30555 | AE12: 3C1 | AF12: = | AG12: null | AH12: 4C1 | AI12: = | AJ12: null | AK12: 5C1 | AL12: = | AM12: null
A13: 8 | B13: 0 | C13: B | D13: 8 | E13: 0 | F13: B | G13: 8 | H13: 0 | I13: B | J13: 8 | K13: 0 | L13: B | M13: 8 | N13: 0 | O13: B | Q13: 1 | R13: BaseGame | S13: 4x | T13: = | U13: 6417437 | V13: Pay | W13: = | X13: 3208718500 | Y13: 1C1 | Z13: = | AA13: null | AB13: 2C1 | AC13: = | AD13: 2139248 | AE13: 3C1 | AF13: = | AG13: null | AH13: 4C1 | AI13: = | AJ13: null | AK13: 5C1 | AL13: = | AM13: null
A14: 9 | B14: 14006 | C14: B | D14: 9 | E14: 6914 | F14: B | G14: 9 | H14: 6035 | I14: B | J14: 9 | K14: 5394 | L14: B | M14: 9 | N14: 8627 | O14: B | Q14: 1 | R14: BaseGame | S14: 5x | T14: = | U14: 172541 | V14: Pay | W14: = | X14: 103524600 | Y14: 1C1 | Z14: = | AA14: null | AB14: 2C1 | AC14: = | AD14: 172541 | AE14: 3C1 | AF14: = | AG14: null | AH14: 4C1 | AI14: = | AJ14: null | AK14: 5C1 | AL14: = | AM14: null
A15: 10 | B15: 7500 | C15: B | D15: 10 | E15: 8700 | F15: B | G15: 10 | H15: 14284 | I15: B | J15: 10 | K15: 9612 | L15: B | M15: 10 | N15: 15000 | O15: B | Q15: 1 | R15: BaseGame | S15: 9x | T15: = | U15: 1478807 | V15: Pay | W15: = | X15: 1478807000 | Y15: 1C1 | Z15: = | AA15: null | AB15: 2C1 | AC15: = | AD15: 544867 | AE15: 3C1 | AF15: = | AG15: null | AH15: 4C1 | AI15: = | AJ15: null | AK15: 5C1 | AL15: = | AM15: null
A16: 15 | B16: 7500 | C16: B | D16: 15 | E16: 4305 | F16: B | G16: 15 | H16: 7368 | I16: B | J16: 15 | K16: 6825 | L16: B | M16: 15 | N16: 10500 | O16: B | Q16: 1 | R16: BaseGame | S16: 10x | T16: = | U16: 750491 | V16: Pay | W16: = | X16: 968719300 | Y16: 1C1 | Z16: = | AA16: null | AB16: 2C1 | AC16: = | AD16: 750491 | AE16: 3C1 | AF16: = | AG16: null | AH16: 4C1 | AI16: = | AJ16: null | AK16: 5C1 | AL16: = | AM16: null
A17: 20 | B17: 5100 | C17: B | D17: 20 | E17: 9450 | F17: B | G17: 20 | H17: 6600 | I17: B | J17: 20 | K17: 7140 | L17: B | M17: 20 | N17: 2940 | O17: B | Q17: 1 | R17: BaseGame | S17: 15x | T17: = | U17: 749839 | V17: Pay | W17: = | X17: 1451040000 | Y17: 1C1 | Z17: = | AA17: null | AB17: 2C1 | AC17: = | AD17: 262598 | AE17: 3C1 | AF17: = | AG17: null | AH17: 4C1 | AI17: = | AJ17: null | AK17: 5C1 | AL17: = | AM17: null
A18: 25 | B18: 1695 | C18: B | D18: 25 | E18: 2550 | F18: B | G18: 25 | H18: 1650 | I18: B | J18: 25 | K18: 3381 | L18: B | M18: 25 | N18: 765 | O18: B | Q18: 1 | R18: BaseGame | S18: 20x | T18: = | U18: 509765 | V18: Pay | W18: = | X18: 1244903600 | Y18: 1C1 | Z18: = | AA18: null | AB18: 2C1 | AC18: = | AD18: 46891 | AE18: 3C1 | AF18: = | AG18: null | AH18: 4C1 | AI18: = | AJ18: null | AK18: 5C1 | AL18: = | AM18: null
A19: 30 | B19: 0 | C19: B | D19: 30 | E19: 2700 | F19: B | G19: 30 | H19: 0 | I19: B | J19: 30 | K19: 1500 | L19: B | M19: 30 | N19: 389 | O19: B | Q19: 1 | R19: BaseGame | S19: 25x | T19: = | U19: 169621 | V19: Pay | W19: = | X19: 503892600 | Y19: 1C1 | Z19: = | AA19: null | AB19: 2C1 | AC19: = | AD19: 18829 | AE19: 3C1 | AF19: = | AG19: null | AH19: 4C1 | AI19: = | AJ19: null | AK19: 5C1 | AL19: = | AM19: null
A20: 35 | B20: 0 | C20: B | D20: 35 | E20: 0 | F20: B | G20: 35 | H20: 0 | I20: B | J20: 35 | K20: 2550 | L20: B | M20: 35 | N20: 278 | O20: B | Q20: 1 | R20: BaseGame | S20: 45x | T20: = | U20: 539156 | V20: Pay | W20: = | X20: 2695780000 | Y20: 1C1 | Z20: = | AA20: null | AB20: 2C1 | AC20: = | AD20: 59535 | AE20: 3C1 | AF20: = | AG20: null | AH20: 4C1 | AI20: = | AJ20: null | AK20: 5C1 | AL20: = | AM20: null
A21: 40 | B21: 0 | C21: B | D21: 40 | E21: 0 | F21: B | G21: 40 | H21: 0 | I21: B | J21: 40 | K21: 1050 | L21: B | M21: 40 | N21: 777 | O21: B | Q21: 1 | R21: BaseGame | S21: 50x | T21: = | U21: 180209 | V21: Pay | W21: = | X21: 990081500 | Y21: 1C1 | Z21: = | AA21: null | AB21: 2C1 | AC21: = | AD21: 146376 | AE21: 3C1 | AF21: = | AG21: null | AH21: 4C1 | AI21: = | AJ21: null | AK21: 5C1 | AL21: = | AM21: null
A22: 45 | B22: 5400 | C22: B | D22: 45 | E22: 8265 | F22: B | G22: 45 | H22: 2610 | I22: B | J22: 45 | K22: 5700 | L22: B | M22: 45 | N22: 1388 | O22: B | Q22: 1 | R22: BaseGame | S22: 90x | T22: = | U22: 9852 | V22: Pay | W22: = | X22: 98520000 | Y22: 1C1 | Z22: = | AA22: null | AB22: 2C1 | AC22: = | AD22: 3425 | AE22: 3C1 | AF22: = | AG22: null | AH22: 4C1 | AI22: = | AJ22: null | AK22: 5C1 | AL22: = | AM22: null
A23: 50 | B23: 1800 | C23: B | D23: 50 | E23: 0 | F23: B | G23: 50 | H23: 5370 | I23: B | J23: 50 | K23: 0 | L23: B | M23: 50 | N23: 4350 | O23: B | Q23: 1 | R23: BaseGame | S23: 100x | T23: = | U23: 10551 | V23: Pay | W23: = | X23: 112345800 | Y23: 1C1 | Z23: = | AA23: null | AB23: 2C1 | AC23: = | AD23: 7902 | AE23: 3C1 | AF23: = | AG23: null | AH23: 4C1 | AI23: = | AJ23: null | AK23: 5C1 | AL23: = | AM23: null
A24: 60 | B24: 0 | C24: B | D24: 60 | E24: 0 | F24: B | G24: 60 | H24: 0 | I24: B | J24: 60 | K24: 0 | L24: B | M24: 60 | N24: 0 | O24: B | Q24: 1 | R24: BaseGame | S24: 450x | T24: = | U24: 205 | V24: Pay | W24: = | X24: 10250000 | Y24: 1C1 | Z24: = | AA24: null | AB24: 2C1 | AC24: = | AD24: null | AE24: 3C1 | AF24: = | AG24: null | AH24: 4C1 | AI24: = | AJ24: null | AK24: 5C1 | AL24: = | AM24: null
A25: 70 | B25: 0 | C25: B | D25: 70 | E25: 0 | F25: B | G25: 70 | H25: 0 | I25: B | J25: 70 | K25: 0 | L25: B | M25: 70 | N25: 0 | O25: B
A26: 80 | B26: 0 | C26: B | D26: 80 | E26: 0 | F26: B | G26: 80 | H26: 0 | I26: B | J26: 80 | K26: 0 | L26: B | M26: 80 | N26: 0 | O26: B | Q26: 5 | R26: BaseGame | S26: 0x | T26: = | U26: 9789906 | V26: Pay | W26: = | X26: 3645464700 | Y26: 1C1 | Z26: = | AA26: null | AB26: 2C1 | AC26: = | AD26: 1451276 | AE26: 3C1 | AF26: = | AG26: null | AH26: 4C1 | AI26: = | AJ26: null | AK26: 5C1 | AL26: = | AM26: null
A27: 90 | B27: 98 | C27: B | D27: 90 | E27: 138 | F27: B | G27: 90 | H27: 110 | I27: B | J27: 90 | K27: 30 | L27: B | M27: 90 | N27: 56 | O27: B | Q27: 5 | R27: BaseGame | S27: 1x | T27: = | U27: 300187 | V27: Pay | W27: = | X27: 273465800 | Y27: 1C1 | Z27: = | AA27: null | AB27: 2C1 | AC27: = | AD27: 131738 | AE27: 3C1 | AF27: = | AG27: null | AH27: 4C1 | AI27: = | AJ27: null | AK27: 5C1 | AL27: = | AM27: null
A28: 100 | B28: 105 | C28: B | D28: 100 | E28: 68 | F28: B | G28: 100 | H28: 150 | I28: B | J28: 100 | K28: 90 | L28: B | M28: 100 | N28: 111 | O28: B | Q28: 5 | R28: BaseGame | S28: 2x | T28: = | U28: 599434 | V28: Pay | W28: = | X28: 766524100 | Y28: 1C1 | Z28: = | AA28: null | AB28: 2C1 | AC28: = | AD28: 599434 | AE28: 3C1 | AF28: = | AG28: null | AH28: 4C1 | AI28: = | AJ28: null | AK28: 5C1 | AL28: = | AM28: null
A29: 120 | B29: 0 | C29: B | D29: 120 | E29: 0 | F29: B | G29: 120 | H29: 0 | I29: B | J29: 120 | K29: 0 | L29: B | M29: 120 | N29: 0 | O29: B | Q29: 5 | R29: BaseGame | S29: 4x | T29: = | U29: 4500174 | V29: Pay | W29: = | X29: 10920661900 | Y29: 1C1 | Z29: = | AA29: 547632 | AB29: 2C1 | AC29: = | AD29: 395533 | AE29: 3C1 | AF29: = | AG29: null | AH29: 4C1 | AI29: = | AJ29: null | AK29: 5C1 | AL29: = | AM29: null
A30: 140 | B30: 0 | C30: B | D30: 140 | E30: 0 | F30: B | G30: 140 | H30: 2 | I30: B | J30: 140 | K30: 0 | L30: B | M30: 140 | N30: 0 | O30: B | Q30: 5 | R30: BaseGame | S30: 5x | T30: = | U30: 154433 | V30: Pay | W30: = | X30: 447120600 | Y30: 1C1 | Z30: = | AA30: 64460 | AB30: 2C1 | AC30: = | AD30: 12463 | AE30: 3C1 | AF30: = | AG30: null | AH30: 4C1 | AI30: = | AJ30: null | AK30: 5C1 | AL30: = | AM30: null
A31: 160 | B31: 0 | C31: B | D31: 160 | E31: 0 | F31: B | G31: 160 | H31: 0 | I31: B | J31: 160 | K31: 0 | L31: B | M31: 160 | N31: 0 | O31: B | Q31: 5 | R31: BaseGame | S31: 9x | T31: = | U31: 763866 | V31: Pay | W31: = | X31: 3819330000 | Y31: 1C1 | Z31: = | AA31: 168486 | AB31: 2C1 | AC31: = | AD31: 88079 | AE31: 3C1 | AF31: = | AG31: null | AH31: 4C1 | AI31: = | AJ31: null | AK31: 5C1 | AL31: = | AM31: null
A32: 180 | B32: 0 | C32: B | D32: 180 | E32: 30 | F32: B | G32: 180 | H32: 51 | I32: B | J32: 180 | K32: 52 | L32: B | M32: 180 | N32: 45 | O32: B | Q32: 5 | R32: BaseGame | S32: 10x | T32: = | U32: 869364 | V32: Pay | W32: = | X32: 5266796600 | Y32: 1C1 | Z32: = | AA32: 220318 | AB32: 2C1 | AC32: = | AD32: 440883 | AE32: 3C1 | AF32: = | AG32: null | AH32: 4C1 | AI32: = | AJ32: null | AK32: 5C1 | AL32: = | AM32: null
A33: 200 | B33: 0 | C33: B | D33: 200 | E33: 15 | F33: B | G33: 200 | H33: 0 | I33: B | J33: 200 | K33: 0 | L33: B | M33: 200 | N33: 0 | O33: B | Q33: 5 | R33: BaseGame | S33: 15x | T33: = | U33: 431354 | V33: Pay | W33: = | X33: 3955755700 | Y33: 1C1 | Z33: = | AA33: 277720 | AB33: 2C1 | AC33: = | AD33: 37460 | AE33: 3C1 | AF33: = | AG33: null | AH33: 4C1 | AI33: = | AJ33: null | AK33: 5C1 | AL33: = | AM33: null
A34: 250 | B34: 0 | C34: B | D34: 250 | E34: 0 | F34: B | G34: 250 | H34: 0 | I34: B | J34: 250 | K34: 0 | L34: B | M34: 250 | N34: 0 | O34: B | Q34: 5 | R34: BaseGame | S34: 20x | T34: = | U34: 946060 | V34: Pay | W34: = | X34: 10166434700 | Y34: 1C1 | Z34: = | AA34: 213479 | AB34: 2C1 | AC34: = | AD34: 496752 | AE34: 3C1 | AF34: = | AG34: null | AH34: 4C1 | AI34: = | AJ34: null | AK34: 5C1 | AL34: = | AM34: null
A35: 300 | B35: 0 | C35: B | D35: 300 | E35: 5 | F35: B | G35: 300 | H35: 0 | I35: B | J35: 300 | K35: 0 | L35: B | M35: 300 | N35: 0 | O35: B | Q35: 5 | R35: BaseGame | S35: 25x | T35: = | U35: 255080 | V35: Pay | W35: = | X35: 3641477900 | Y35: 1C1 | Z35: = | AA35: 228780 | AB35: 2C1 | AC35: = | AD35: 26300 | AE35: 3C1 | AF35: = | AG35: null | AH35: 4C1 | AI35: = | AJ35: null | AK35: 5C1 | AL35: = | AM35: null
A36: 350 | B36: 0 | C36: B | D36: 350 | E36: 0 | F36: B | G36: 350 | H36: 0 | I36: B | J36: 350 | K36: 0 | L36: B | M36: 350 | N36: 0 | O36: B | Q36: 5 | R36: BaseGame | S36: 30x | T36: = | U36: 270974 | V36: Pay | W36: = | X36: 4241809500 | Y36: 1C1 | Z36: = | AA36: 164626 | AB36: 2C1 | AC36: = | AD36: 106348 | AE36: 3C1 | AF36: = | AG36: null | AH36: 4C1 | AI36: = | AJ36: null | AK36: 5C1 | AL36: = | AM36: null
A37: 400 | B37: 0 | C37: B | D37: 400 | E37: 0 | F37: B | G37: 400 | H37: 0 | I37: B | J37: 400 | K37: 0 | L37: B | M37: 400 | N37: 0 | O37: B | Q37: 5 | R37: BaseGame | S37: 45x | T37: = | U37: 827600 | V37: Pay | W37: = | X37: 20566450800 | Y37: 1C1 | Z37: = | AA37: 345980 | AB37: 2C1 | AC37: = | AD37: 4746 | AE37: 3C1 | AF37: = | AG37: null | AH37: 4C1 | AI37: = | AJ37: null | AK37: 5C1 | AL37: = | AM37: null
A38: 450 | B38: 2 | C38: B | D38: 450 | E38: 0 | F38: B | G38: 450 | H38: 0 | I38: B | J38: 450 | K38: 8 | L38: B | M38: 450 | N38: 6 | O38: B | Q38: 5 | R38: BaseGame | S38: 90x | T38: = | U38: 13756 | V38: Pay | W38: = | X38: 687800000 | Y38: 1C1 | Z38: = | AA38: 6183 | AB38: 2C1 | AC38: = | AD38: 355 | AE38: 3C1 | AF38: = | AG38: null | AH38: 4C1 | AI38: = | AJ38: null | AK38: 5C1 | AL38: = | AM38: null
A39: 500 | B39: 0 | C39: B | D39: 500 | E39: 5 | F39: B | G39: 500 | H39: 2 | I39: B | J39: 500 | K39: 5 | L39: B | M39: 500 | N39: 5 | O39: B | Q39: 5 | R39: BaseGame | S39: 100x | T39: = | U39: 6789 | V39: Pay | W39: = | X39: 358070200 | Y39: 1C1 | Z39: = | AA39: 2584 | AB39: 2C1 | AC39: = | AD39: 2017 | AE39: 3C1 | AF39: = | AG39: null | AH39: 4C1 | AI39: = | AJ39: null | AK39: 5C1 | AL39: = | AM39: null
A40: 550 | B40: 0 | C40: B | D40: 550 | E40: 0 | F40: B | G40: 550 | H40: 0 | I40: B | J40: 550 | K40: 0 | L40: B | M40: 550 | N40: 0 | O40: B | Q40: 5 | R40: BaseGame | S40: 180x | T40: = | U40: 2943 | V40: Pay | W40: = | X40: 294300000 | Y40: 1C1 | Z40: = | AA40: 2440 | AB40: 2C1 | AC40: = | AD40: 154 | AE40: 3C1 | AF40: = | AG40: null | AH40: 4C1 | AI40: = | AJ40: null | AK40: 5C1 | AL40: = | AM40: null
... A42: 650 | B42: 0 | C42: B | D42: 650 | E42: 0 | F42: B | G42: 650 | H42: 0 | I42: B | J42: 650 | K42: 0 | L42: B | M42: 650 | N42: 0 | O42: B | Q42: 5 | R42: BaseGame | S42: 300x | T42: = | U42: 527 | V42: Pay | W42: = | X42: 80675500 | Y42: 1C1 | Z42: = | AA42: 371 | AB42: 2C1 | AC42: = | AD42: 156 | AE42: 3C1 | AF42: = | AG42: null | AH42: 4C1 | AI42: = | AJ42: null | AK42: 5C1 | AL42: = | AM42: null
A43: 700 | B43: 0 | C43: B | D43: 700 | E43: 0 | F43: B | G43: 700 | H43: 0 | I43: B | J43: 700 | K43: 0 | L43: B | M43: 700 | N43: 0 | O43: B | Q43: 5 | R43: BaseGame | S43: 500x | T43: = | U43: 445 | V43: Pay | W43: = | X43: 114929000 | Y43: 1C1 | Z43: = | AA43: null | AB43: 2C1 | AC43: = | AD43: null | AE43: 3C1 | AF43: = | AG43: null | AH43: 4C1 | AI43: = | AJ43: null | AK43: 5C1 | AL43: = | AM43: null
A44: 750 | B44: 0 | C44: B | D44: 750 | E44: 0 | F44: B | G44: 750 | H44: 0 | I44: B | J44: 750 | K44: 0 | L44: B | M44: 750 | N44: 0 | O44: B
A45: 800 | B45: 0 | C45: B | D45: 800 | E45: 0 | F45: B | G45: 800 | H45: 0 | I45: B | J45: 800 | K45: 0 | L45: B | M45: 800 | N45: 0 | O45: B | Q45: 10 | R45: BaseGame | S45: 0x | T45: = | U45: 3704880 | V45: Pay | W45: = | X45: 2629928000 | Y45: 1C1 | Z45: = | AA45: null | AB45: 2C1 | AC45: = | AD45: 399084 | AE45: 3C1 | AF45: = | AG45: null | AH45: 4C1 | AI45: = | AJ45: null | AK45: 5C1 | AL45: = | AM45: null
A46: 850 | B46: 0 | C46: B | D46: 850 | E46: 0 | F46: B | G46: 850 | H46: 0 | I46: B | J46: 850 | K46: 0 | L46: B | M46: 850 | N46: 0 | O46: B | Q46: 10 | R46: BaseGame | S46: 1x | T46: = | U46: 5893461 | V46: Pay | W46: = | X46: 9482343100 | Y46: 1C1 | Z46: = | AA46: null | AB46: 2C1 | AC46: = | AD46: 4084206 | AE46: 3C1 | AF46: = | AG46: null | AH46: 4C1 | AI46: = | AJ46: null | AK46: 5C1 | AL46: = | AM46: null
A47: 900 | B47: 0 | C47: B | D47: 900 | E47: 0 | F47: B | G47: 900 | H47: 0 | I47: B | J47: 900 | K47: 0 | L47: B | M47: 900 | N47: 0 | O47: B | Q47: 10 | R47: BaseGame | S47: 2x | T47: = | U47: 49986 | V47: Pay | W47: = | X47: 126072200 | Y47: 1C1 | Z47: = | AA47: null | AB47: 2C1 | AC47: = | AD47: 5318 | AE47: 3C1 | AF47: = | AG47: null | AH47: 4C1 | AI47: = | AJ47: null | AK47: 5C1 | AL47: = | AM47: null
A48: 950 | B48: 0 | C48: B | D48: 950 | E48: 0 | F48: B | G48: 950 | H48: 0 | I48: B | J48: 950 | K48: 2 | L48: B | M48: 950 | N48: 1 | O48: B | Q48: 10 | R48: BaseGame | S48: 4x | T48: = | U48: 2310725 | V48: Pay | W48: = | X48: 11553625000 | Y48: 1C1 | Z48: = | AA48: 238916 | AB48: 2C1 | AC48: = | AD48: 158598 | AE48: 3C1 | AF48: = | AG48: null | AH48: 4C1 | AI48: = | AJ48: null | AK48: 5C1 | AL48: = | AM48: null
A49: 1000 | B49: 0 | C49: B | D49: 1000 | E49: 0 | F49: B | G49: 1000 | H49: 0 | I49: B | J49: 1000 | K49: 2 | L49: B | M49: 1000 | N49: 1 | O49: B | Q49: 10 | R49: BaseGame | S49: 5x | T49: = | U49: 2752038 | V49: Pay | W49: = | X49: 15065424600 | Y49: 1C1 | Z49: = | AA49: 520178 | AB49: 2C1 | AC49: = | AD49: 1752753 | AE49: 3C1 | AF49: = | AG49: null | AH49: 4C1 | AI49: = | AJ49: null | AK49: 5C1 | AL49: = | AM49: null
A50: 2000 | B50: 0 | C50: B | D50: 2000 | E50: 0 | F50: B | G50: 2000 | H50: 0 | I50: B | J50: 2000 | K50: 0 | L50: B | M50: 2000 | N50: 0 | O50: B | Q50: 10 | R50: BaseGame | S50: 6x | T50: = | U50: 10698 | V50: Pay | W50: = | X50: 68446000 | Y50: 1C1 | Z50: = | AA50: 2038 | AB50: 2C1 | AC50: = | AD50: 8660 | AE50: 3C1 | AF50: = | AG50: null | AH50: 4C1 | AI50: = | AJ50: null | AK50: 5C1 | AL50: = | AM50: null
A51: 3000 | B51: 0 | C51: B | D51: 3000 | E51: 0 | F51: B | G51: 3000 | H51: 0 | I51: B | J51: 3000 | K51: 0 | L51: B | M51: 3000 | N51: 0 | O51: B | Q51: 10 | R51: BaseGame | S51: 9x | T51: = | U51: 677322 | V51: Pay | W51: = | X51: 6773220000 | Y51: 1C1 | Z51: = | AA51: 128906 | AB51: 2C1 | AC51: = | AD51: 65286 | AE51: 3C1 | AF51: = | AG51: null | AH51: 4C1 | AI51: = | AJ51: null | AK51: 5C1 | AL51: = | AM51: null
A52: 4000 | B52: 0 | C52: B | D52: 4000 | E52: 0 | F52: B | G52: 4000 | H52: 0 | I52: B | J52: 4000 | K52: 0 | L52: B | M52: 4000 | N52: 0 | O52: B | Q52: 10 | R52: BaseGame | S52: 10x | T52: = | U52: 1428870 | V52: Pay | W52: = | X52: 16423743700 | Y52: 1C1 | Z52: = | AA52: 312455 | AB52: 2C1 | AC52: = | AD52: 609988 | AE52: 3C1 | AF52: = | AG52: null | AH52: 4C1 | AI52: = | AJ52: null | AK52: 5C1 | AL52: = | AM52: null
A53: 5000 | B53: 0 | C53: B | D53: 5000 | E53: 0 | F53: B | G53: 5000 | H53: 0 | I53: B | J53: 5000 | K53: 0 | L53: B | M53: 5000 | N53: 0 | O53: B | Q53: 10 | R53: BaseGame | S53: 15x | T53: = | U53: 736776 | V53: Pay | W53: = | X53: 12638863200 | Y53: 1C1 | Z53: = | AA53: 414660 | AB53: 2C1 | AC53: = | AD53: 204066 | AE53: 3C1 | AF53: = | AG53: null | AH53: 4C1 | AI53: = | AJ53: null | AK53: 5C1 | AL53: = | AM53: null
A54: 6000 | B54: 0 | C54: B | D54: 6000 | E54: 0 | F54: B | G54: 6000 | H54: 0 | I54: B | J54: 6000 | K54: 0 | L54: B | M54: 6000 | N54: 0 | O54: B | Q54: 10 | R54: BaseGame | S54: 20x | T54: = | U54: 659490 | V54: Pay | W54: = | X54: 14317293400 | Y54: 1C1 | Z54: = | AA54: 252697 | AB54: 2C1 | AC54: = | AD54: 55226 | AE54: 3C1 | AF54: = | AG54: null | AH54: 4C1 | AI54: = | AJ54: null | AK54: 5C1 | AL54: = | AM54: null
A55: 7000 | B55: 0 | C55: B | D55: 7000 | E55: 0 | F55: B | G55: 7000 | H55: 0 | I55: B | J55: 7000 | K55: 0 | L55: B | M55: 7000 | N55: 0 | O55: B | Q55: 10 | R55: BaseGame | S55: 25x | T55: = | U55: 165080 | V55: Pay | W55: = | X55: 4491030300 | Y55: 1C1 | Z55: = | AA55: 60870 | AB55: 2C1 | AC55: = | AD55: 4100 | AE55: 3C1 | AF55: = | AG55: null | AH55: 4C1 | AI55: = | AJ55: null | AK55: 5C1 | AL55: = | AM55: null
Q56: 10 | R56: BaseGame | S56: 45x | T56: = | U56: 261103 | V56: Pay | W56: = | X56: 13041974100 | Y56: 1C1 | Z56: = | AA56: 71809 | AB56: 2C1 | AC56: = | AD56: 5036 | AE56: 3C1 | AF56: = | AG56: null | AH56: 4C1 | AI56: = | AJ56: null | AK56: 5C1 | AL56: = | AM56: null
Q57: 10 | R57: BaseGame | S57: 50x | T57: = | U57: 537945 | V57: Pay | W57: = | X57: 28350280200 | Y57: 1C1 | Z57: = | AA57: 133548 | AB57: 2C1 | AC57: = | AD57: 133078 | AE57: 3C1 | AF57: = | AG57: null | AH57: 4C1 | AI57: = | AJ57: null | AK57: 5C1 | AL57: = | AM57: null
Q58: 10 | R58: BaseGame | S58: 90x | T58: = | U58: 10958 | V58: Pay | W58: = | X58: 1095800000 | Y58: 1C1 | Z58: = | AA58: 4579 | AB58: 2C1 | AC58: = | AD58: 331 | AE58: 3C1 | AF58: = | AG58: null | AH58: 4C1 | AI58: = | AJ58: null | AK58: 5C1 | AL58: = | AM58: null
Q59: 10 | R59: BaseGame | S59: 100x | T59: = | U59: 15004 | V59: Pay | W59: = | X59: 1569806500 | Y59: 1C1 | Z59: = | AA59: 4991 | AB59: 2C1 | AC59: = | AD59: 4535 | AE59: 3C1 | AF59: = | AG59: null | AH59: 4C1 | AI59: = | AJ59: null | AK59: 5C1 | AL59: = | AM59: null
Q60: 10 | R60: BaseGame | S60: 140x | T60: = | U60: 218 | V60: Pay | W60: = | X60: 33200500 | Y60: 1C1 | Z60: = | AA60: 88 | AB60: 2C1 | AC60: = | AD60: 23 | AE60: 3C1 | AF60: = | AG60: null | AH60: 4C1 | AI60: = | AJ60: null | AK60: 5C1 | AL60: = | AM60: null
Q61: 10 | R61: BaseGame | S61: 180x | T61: = | U61: 5031 | V61: Pay | W61: = | X61: 1006200000 | Y61: 1C1 | Z61: = | AA61: 4343 | AB61: 2C1 | AC61: = | AD61: 5 | AE61: 3C1 | AF61: = | AG61: null | AH61: 4C1 | AI61: = | AJ61: null | AK61: 5C1 | AL61: = | AM61: null
Q62: 10 | R62: BaseGame | S62: 500x | T62: = | U62: 195 | V62: Pay | W62: = | X62: 99928500 | Y62: 1C1 | Z62: = | AA62: null | AB62: 2C1 | AC62: = | AD62: null | AE62: 3C1 | AF62: = | AG62: null | AH62: 4C1 | AI62: = | AJ62: null | AK62: 5C1 | AL62: = | AM62: null
Q64: 50 | R64: BaseGame | S64: 0x | T64: = | U64: 7464022 | V64: Pay | W64: = | X64: 186600550000 | Y64: 1C1 | Z64: = | AA64: null | AB64: 2C1 | AC64: = | AD64: 1552794 | AE64: 3C1 | AF64: = | AG64: null | AH64: 4C1 | AI64: = | AJ64: null | AK64: 5C1 | AL64: = | AM64: null
Q65: 50 | R65: BaseGame | S65: 1x | T65: = | U65: 2374965 | V65: Pay | W65: = | X65: 88871282000 | Y65: 1C1 | Z65: = | AA65: null | AB65: 2C1 | AC65: = | AD65: 1282582 | AE65: 3C1 | AF65: = | AG65: null | AH65: 4C1 | AI65: = | AJ65: null | AK65: 5C1 | AL65: = | AM65: null
Q66: 50 | R66: BaseGame | S66: 2x | T66: = | U66: 447798 | V66: Pay | W66: = | X66: 24995730000 | Y66: 1C1 | Z66: = | AA66: null | AB66: 2C1 | AC66: = | AD66: 311691 | AE66: 3C1 | AF66: = | AG66: null | AH66: 4C1 | AI66: = | AJ66: null | AK66: 5C1 | AL66: = | AM66: null
Q67: 50 | R67: BaseGame | S67: 3x | T67: = | U67: 121960 | V67: Pay | W67: = | X67: 10866575000 | Y67: 1C1 | Z67: = | AA67: null | AB67: 2C1 | AC67: = | AD67: 64241 | AE67: 3C1 | AF67: = | AG67: null | AH67: 4C1 | AI67: = | AJ67: null | AK67: 5C1 | AL67: = | AM67: null
Q68: 50 | R68: BaseGame | S68: 4x | T68: = | U68: 4497572 | V68: Pay | W68: = | X68: 490743975500 | Y68: 1C1 | Z68: = | AA68: null | AB68: 2C1 | AC68: = | AD68: 676817 | AE68: 3C1 | AF68: = | AG68: null | AH68: 4C1 | AI68: = | AJ68: null | AK68: 5C1 | AL68: = | AM68: null
Q69: 50 | R69: BaseGame | S69: 5x | T69: = | U69: 150192 | V69: Pay | W69: = | X69: 19987329000 | Y69: 1C1 | Z69: = | AA69: null | AB69: 2C1 | AC69: = | AD69: 5470 | AE69: 3C1 | AF69: = | AG69: null | AH69: 4C1 | AI69: = | AJ69: null | AK69: 5C1 | AL69: = | AM69: null
Q70: 50 | R70: BaseGame | S70: 9x | T70: = | U70: 614309 | V70: Pay | W70: = | X70: 153577250000 | Y70: 1C1 | Z70: = | AA70: 165367 | AB70: 2C1 | AC70: = | AD70: 40366 | AE70: 3C1 | AF70: = | AG70: null | AH70: 4C1 | AI70: = | AJ70: null | AK70: 5C1 | AL70: = | AM70: null
Q71: 50 | R71: BaseGame | S71: 10x | T71: = | U71: 962700 | V71: Pay | W71: = | X71: 256861356000 | Y71: 1C1 | Z71: = | AA71: 224892 | AB71: 2C1 | AC71: = | AD71: 320713 | AE71: 3C1 | AF71: = | AG71: null | AH71: 4C1 | AI71: = | AJ71: null | AK71: 5C1 | AL71: = | AM71: null
Q72: 50 | R72: BaseGame | S72: 15x | T72: = | U72: 682927 | V72: Pay | W72: = | X72: 336900557500 | Y72: 1C1 | Z72: = | AA72: 212935 | AB72: 2C1 | AC72: = | AD72: 63648 | AE72: 3C1 | AF72: = | AG72: null | AH72: 4C1 | AI72: = | AJ72: null | AK72: 5C1 | AL72: = | AM72: null
Q73: 50 | R73: BaseGame | S73: 20x | T73: = | U73: 714624 | V73: Pay | W73: = | X73: 372965445500 | Y73: 1C1 | Z73: = | AA73: 165236 | AB73: 2C1 | AC73: = | AD73: 322657 | AE73: 3C1 | AF73: = | AG73: null | AH73: 4C1 | AI73: = | AJ73: null | AK73: 5C1 | AL73: = | AM73: null
Q74: 50 | R74: BaseGame | S74: 25x | T74: = | U74: 337590 | V74: Pay | W74: = | X74: 252991192000 | Y74: 1C1 | Z74: = | AA74: 306050 | AB74: 2C1 | AC74: = | AD74: 5475 | AE74: 3C1 | AF74: = | AG74: null | AH74: 4C1 | AI74: = | AJ74: null | AK74: 5C1 | AL74: = | AM74: null
Q75: 50 | R75: BaseGame | S75: 30x | T75: = | U75: 150469 | V75: Pay | W75: = | X75: 115389029500 | Y75: 1C1 | Z75: = | AA75: 133163 | AB75: 2C1 | AC75: = | AD75: 8954 | AE75: 3C1 | AF75: = | AG75: null | AH75: 4C1 | AI75: = | AJ75: null | AK75: 5C1 | AL75: = | AM75: null
Q76: 50 | R76: BaseGame | S76: 35x | T76: = | U76: 255465 | V76: Pay | W76: = | X76: 255465000000 | Y76: 1C1 | Z76: = | AA76: 46265 | AB76: 2C1 | AC76: = | AD76: 3799 | AE76: 3C1 | AF76: = | AG76: null | AH76: 4C1 | AI76: = | AJ76: null | AK76: 5C1 | AL76: = | AM76: null
Q77: 50 | R77: BaseGame | S77: 40x | T77: = | U77: 105033 | V77: Pay | W77: = | X77: 108177524000 | Y77: 1C1 | Z77: = | AA77: 17059 | AB77: 2C1 | AC77: = | AD77: 7519 | AE77: 3C1 | AF77: = | AG77: null | AH77: 4C1 | AI77: = | AJ77: null | AK77: 5C1 | AL77: = | AM77: null
Q78: 50 | R78: BaseGame | S78: 45x | T78: = | U78: 570054 | V78: Pay | W78: = | X78: 712567500000 | Y78: 1C1 | Z78: = | AA78: 419574 | AB78: 2C1 | AC78: = | AD78: null | AE78: 3C1 | AF78: = | AG78: null | AH78: 4C1 | AI78: = | AJ78: null | AK78: 5C1 | AL78: = | AM78: null
Q79: 50 | R79: BaseGame | S79: 90x | T79: = | U79: 2937 | V79: Pay | W79: = | X79: 7342500000 | Y79: 1C1 | Z79: = | AA79: 1523 | AB79: 2C1 | AC79: = | AD79: 87 | AE79: 3C1 | AF79: = | AG79: null | AH79: 4C1 | AI79: = | AJ79: null | AK79: 5C1 | AL79: = | AM79: null
Q80: 50 | R80: BaseGame | S80: 100x | T80: = | U80: 8971 | V80: Pay | W80: = | X80: 22997918500 | Y80: 1C1 | Z80: = | AA80: 3782 | AB80: 2C1 | AC80: = | AD80: 2018 | AE80: 3C1 | AF80: = | AG80: null | AH80: 4C1 | AI80: = | AJ80: null | AK80: 5C1 | AL80: = | AM80: null
Q81: 50 | R81: BaseGame | S81: 180x | T81: = | U81: 5305 | V81: Pay | W81: = | X81: 26525000000 | Y81: 1C1 | Z81: = | AA81: 3192 | AB81: 2C1 | AC81: = | AD81: 190 | AE81: 3C1 | AF81: = | AG81: null | AH81: 4C1 | AI81: = | AJ81: null | AK81: 5C1 | AL81: = | AM81: null
Q82: 50 | R82: BaseGame | S82: 450x | T82: = | U82: 794 | V82: Pay | W82: = | X82: 9925000000 | Y82: 1C1 | Z82: = | AA82: 717 | AB82: 2C1 | AC82: = | AD82: null | AE82: 3C1 | AF82: = | AG82: null | AH82: 4C1 | AI82: = | AJ82: null | AK82: 5C1 | AL82: = | AM82: null
Q83: 50 | R83: BaseGame | S83: 500x | T83: = | U83: 502 | V83: Pay | W83: = | X83: 6313774500 | Y83: 1C1 | Z83: = | AA83: 438 | AB83: 2C1 | AC83: = | AD83: null | AE83: 3C1 | AF83: = | AG83: null | AH83: 4C1 | AI83: = | AJ83: null | AK83: 5C1 | AL83: = | AM83: null
Q84: 50 | R84: BaseGame | S84: 950x | T84: = | U84: 187 | V84: Pay | W84: = | X84: 4675000000 | Y84: 1C1 | Z84: = | AA84: 162 | AB84: 2C1 | AC84: = | AD84: null | AE84: 3C1 | AF84: = | AG84: null | AH84: 4C1 | AI84: = | AJ84: null | AK84: 5C1 | AL84: = | AM84: null
Q85: 50 | R85: BaseGame | S85: 1000x | T85: = | U85: 182 | V85: Pay | W85: = | X85: 4686938500 | Y85: 1C1 | Z85: = | AA85: 137 | AB85: 2C1 | AC85: = | AD85: null | AE85: 3C1 | AF85: = | AG85: null | AH85: 4C1 | AI85: = | AJ85: null | AK85: 5C1 | AL85: = | AM85: null
Q87: 100 | R87: BaseGame | S87: 0x | T87: = | U87: 1122629 | V87: Pay | W87: = | X87: 56131450000 | Y87: 1C1 | Z87: = | AA87: null | AB87: 2C1 | AC87: = | AD87: 387139 | AE87: 3C1 | AF87: = | AG87: null | AH87: 4C1 | AI87: = | AJ87: null | AK87: 5C1 | AL87: = | AM87: null
Q88: 100 | R88: BaseGame | S88: 1x | T88: = | U88: 3974590 | V88: Pay | W88: = | X88: 248578282500 | Y88: 1C1 | Z88: = | AA88: null | AB88: 2C1 | AC88: = | AD88: 2793621 | AE88: 3C1 | AF88: = | AG88: null | AH88: 4C1 | AI88: = | AJ88: null | AK88: 5C1 | AL88: = | AM88: null
Q89: 100 | R89: BaseGame | S89: 2x | T89: = | U89: 94342 | V89: Pay | W89: = | X89: 10958351000 | Y89: 1C1 | Z89: = | AA89: null | AB89: 2C1 | AC89: = | AD89: 11191 | AE89: 3C1 | AF89: = | AG89: null | AH89: 4C1 | AI89: = | AJ89: null | AK89: 5C1 | AL89: = | AM89: null
Q90: 100 | R90: BaseGame | S90: 4x | T90: = | U90: 3000201 | V90: Pay | W90: = | X90: 750050250000 | Y90: 1C1 | Z90: = | AA90: null | AB90: 2C1 | AC90: = | AD90: 804904 | AE90: 3C1 | AF90: = | AG90: null | AH90: 4C1 | AI90: = | AJ90: null | AK90: 5C1 | AL90: = | AM90: null
Q91: 100 | R91: BaseGame | S91: 5x | T91: = | U91: 5022261 | V91: Pay | W91: = | X91: 1316823119000 | Y91: 1C1 | Z91: = | AA91: null | AB91: 2C1 | AC91: = | AD91: 2839948 | AE91: 3C1 | AF91: = | AG91: null | AH91: 4C1 | AI91: = | AJ91: null | AK91: 5C1 | AL91: = | AM91: null
Q92: 100 | R92: BaseGame | S92: 6x | T92: = | U92: 5569 | V92: Pay | W92: = | X92: 1716502000 | Y92: 1C1 | Z92: = | AA92: null | AB92: 2C1 | AC92: = | AD92: 5569 | AE92: 3C1 | AF92: = | AG92: null | AH92: 4C1 | AI92: = | AJ92: null | AK92: 5C1 | AL92: = | AM92: null
Q93: 100 | R93: BaseGame | S93: 9x | T93: = | U93: 936309 | V93: Pay | W93: = | X93: 468154500000 | Y93: 1C1 | Z93: = | AA93: 237903 | AB93: 2C1 | AC93: = | AD93: 167169 | AE93: 3C1 | AF93: = | AG93: null | AH93: 4C1 | AI93: = | AJ93: null | AK93: 5C1 | AL93: = | AM93: null
Q94: 100 | R94: BaseGame | S94: 10x | T94: = | U94: 1500405 | V94: Pay | W94: = | X94: 788550916500 | Y94: 1C1 | Z94: = | AA94: 275070 | AB94: 2C1 | AC94: = | AD94: 810101 | AE94: 3C1 | AF94: = | AG94: null | AH94: 4C1 | AI94: = | AJ94: null | AK94: 5C1 | AL94: = | AM94: null
Q95: 100 | R95: BaseGame | S95: 15x | T95: = | U95: 1050970 | V95: Pay | W95: = | X95: 976086669500 | Y95: 1C1 | Z95: = | AA95: 456231 | AB95: 2C1 | AC95: = | AD95: 238363 | AE95: 3C1 | AF95: = | AG95: null | AH95: 4C1 | AI95: = | AJ95: null | AK95: 5C1 | AL95: = | AM95: null
Q96: 100 | R96: BaseGame | S96: 20x | T96: = | U96: 293575 | V96: Pay | W96: = | X96: 311257313500 | Y96: 1C1 | Z96: = | AA96: 146447 | AB96: 2C1 | AC96: = | AD96: 13355 | AE96: 3C1 | AF96: = | AG96: null | AH96: 4C1 | AI96: = | AJ96: null | AK96: 5C1 | AL96: = | AM96: null
Q97: 100 | R97: BaseGame | S97: 25x | T97: = | U97: 76564 | V97: Pay | W97: = | X97: 106142767000 | Y97: 1C1 | Z97: = | AA97: 38972 | AB97: 2C1 | AC97: = | AD97: 589 | AE97: 3C1 | AF97: = | AG97: null | AH97: 4C1 | AI97: = | AJ97: null | AK97: 5C1 | AL97: = | AM97: null
Q98: 100 | R98: BaseGame | S98: 30x | T98: = | U98: 38750 | V98: Pay | W98: = | X98: 59103304000 | Y98: 1C1 | Z98: = | AA98: 37940 | AB98: 2C1 | AC98: = | AD98: 4 | AE98: 3C1 | AF98: = | AG98: null | AH98: 4C1 | AI98: = | AJ98: null | AK98: 5C1 | AL98: = | AM98: null
Q99: 100 | R99: BaseGame | S99: 35x | T99: = | U99: 27821 | V99: Pay | W99: = | X99: 51721126500 | Y99: 1C1 | Z99: = | AA99: 27821 | AB99: 2C1 | AC99: = | AD99: null | AE99: 3C1 | AF99: = | AG99: null | AH99: 4C1 | AI99: = | AJ99: null | AK99: 5C1 | AL99: = | AM99: null
Q100: 100 | R100: BaseGame | S100: 40x | T100: = | U100: 77692 | V100: Pay | W100: = | X100: 157155241000 | Y100: 1C1 | Z100: = | AA100: 77692 | AB100: 2C1 | AC100: = | AD100: null | AE100: 3C1 | AF100: = | AG100: null | AH100: 4C1 | AI100: = | AJ100: null | AK100: 5C1 | AL100: = | AM100: null
Q101: 100 | R101: BaseGame | S101: 45x | T101: = | U101: 138685 | V101: Pay | W101: = | X101: 346626015000 | Y101: 1C1 | Z101: = | AA101: 51301 | AB101: 2C1 | AC101: = | AD101: 4228 | AE101: 3C1 | AF101: = | AG101: null | AH101: 4C1 | AI101: = | AJ101: null | AK101: 5C1 | AL101: = | AM101: null
Q102: 100 | R102: BaseGame | S102: 50x | T102: = | U102: 435531 | V102: Pay | W102: = | X102: 1121064046500 | Y102: 1C1 | Z102: = | AA102: 155697 | AB102: 2C1 | AC102: = | AD102: 118752 | AE102: 3C1 | AF102: = | AG102: null | AH102: 4C1 | AI102: = | AJ102: null | AK102: 5C1 | AL102: = | AM102: null
Q103: 100 | R103: BaseGame | S103: 90x | T103: = | U103: 5579 | V103: Pay | W103: = | X103: 27895000000 | Y103: 1C1 | Z103: = | AA103: 2615 | AB103: 2C1 | AC103: = | AD103: 341 | AE103: 3C1 | AF103: = | AG103: null | AH103: 4C1 | AI103: = | AJ103: null | AK103: 5C1 | AL103: = | AM103: null
...

Sheet Card_Info_Extra_testB
A1: Bet 1 | D1: Bet 5 | G1: Bet 10 | J1: Bet 50 | M1: Bet 100 | R1: Simulation
A2: 0.92512146 | D2: 0.92490444 | G2: 0.92491349 | J2: 0.92507843 | M2: 0.92465247
A3: Interval | B3: Weight | C3: Sheet | D3: Interval | E3: Weight | F3: Sheet | G3: Interval | H3: Weight | I3: Sheet | J3: Interval | K3: Weight | L3: Sheet | M3: Interval | N3: Weight | O3: Sheet | R3: Bet | S3: RTP | T3: Respin | U3: Scatter | V3: rounds | W3: Scatter+Respin | X3: Scatter+Respin PROB.
A4: -1 | B4: 790959 | C4: A | D4: -1 | E4: 802691 | F4: A | G4: -1 | H4: 807790 | I4: A | J4: -1 | K4: 788711 | L4: A | M4: -1 | N4: 821893 | O4: A | R4: 1 | S4: 0.924421 | T4: 0.122159 | U4: - | V4: 100000000 | W4: =SUM(AA11:AA24,AD11:AD24) -> 13938446 | X4: =W4/V4 -> 0.13938446
A5: 0 | B5: 97570 | C5: B | D5: 0 | E5: 97883 | F5: B | G5: 0 | H5: 37060 | I5: B | J5: 0 | K5: 97570 | L5: A | M5: 0 | N5: 11212 | O5: A | R5: 5 | S5: 0.925082 | T5: 0.06123 | U5: 0.224109 | V5: 100000000 | W5: =SUM(AA26:AA43,AD26:AD43) -> 6038039 | X5: =W5/V5 -> 0.06038039
A6: 1 | B6: 1523 | C6: B | D6: 1 | E6: 3000 | F6: B | G6: 1 | H6: 58950 | I6: B | J6: 1 | K6: 1500 | L6: B | M6: 1 | N6: 39741 | O6: B | R6: 10 | S6: 0.925132 | T6: 0.081793 | U6: 0.16207 | V6: 300000000 | W6: =SUM(AA45:AA62,AD45:AD62) -> 9640371 | X6: =W6/V6 -> 0.03213457
A7: 2 | B7: 0 | C7: B | D7: 2 | E7: 6000 | F7: B | G7: 2 | H7: 500 | I7: B | J7: 2 | K7: 0 | L7: B | M7: 2 | N7: 945 | O7: B | R7: 50 | S7: 0.925361 | T7: 0.049855 | U7: 0.337065 | V7: 100000000 | W7: =SUM(AA64:AA77,AD64:AD77) -> 5723247 | X7: =W7/V7 -> 0.05723247
A8: 3 | B8: 0 | C8: B | D8: 3 | E8: 0 | F8: B | G8: 3 | H8: 0 | I8: B | J8: 3 | K8: 0 | L8: B | M8: 3 | N8: 0 | O8: B | R8: 100 | S8: 0.924687 | T8: 0.131463 | U8: 0.220799 | V8: 100000000 | W8: =SUM(AA79:AA97,AD79:AD97) -> 9874309 | X8: =W8/V8 -> 0.09874309
A9: 4 | B9: 64244 | C9: B | D9: 4 | E9: 45000 | F9: B | G9: 4 | H9: 23100 | I9: B | J9: 4 | K9: 64200 | L9: B | M9: 4 | N9: 30000 | O9: B
A10: 5 | B10: 1729 | C10: B | D10: 5 | E10: 1545 | F10: B | G10: 5 | H10: 27525 | I10: B | J10: 5 | K10: 1729 | L10: B | M10: 5 | N10: 50250 | O10: B
A11: 6 | B11: 0 | C11: B | D11: 6 | E11: 0 | F11: B | G11: 6 | H11: 105 | I11: B | J11: 6 | K11: 0 | L11: B | M11: 6 | N11: 56 | O11: B | R11: BaseGame | S11: 0x | T11: = | U11: 9755188 | V11: Pay | W11: = | X11: 975518800 | Y11: 1C1 | Z11: = | AA11: null | AB11: 2C1 | AC11: = | AD11: 9755188 | AE11: 3C1 | AF11: = | AG11: null | AH11: 4C1 | AI11: = | AJ11: null | AK11: 5C1 | AL11: = | AM11: null
A12: 7 | B12: 0 | C12: B | D12: 7 | E12: 0 | F12: B | G12: 7 | H12: 0 | I12: B | J12: 7 | K12: 0 | L12: B | M12: 7 | N12: 0 | O12: B | R12: BaseGame | S12: 1x | T12: = | U12: 152207 | V12: Pay | W12: = | X12: 30441400 | Y12: 1C1 | Z12: = | AA12: null | AB12: 2C1 | AC12: = | AD12: 30555 | AE12: 3C1 | AF12: = | AG12: null | AH12: 4C1 | AI12: = | AJ12: null | AK12: 5C1 | AL12: = | AM12: null
A13: 8 | B13: 0 | C13: B | D13: 8 | E13: 0 | F13: B | G13: 8 | H13: 0 | I13: B | J13: 8 | K13: 0 | L13: B | M13: 8 | N13: 0 | O13: B | R13: BaseGame | S13: 4x | T13: = | U13: 6417437 | V13: Pay | W13: = | X13: 3208718500 | Y13: 1C1 | Z13: = | AA13: null | AB13: 2C1 | AC13: = | AD13: 2139248 | AE13: 3C1 | AF13: = | AG13: null | AH13: 4C1 | AI13: = | AJ13: null | AK13: 5C1 | AL13: = | AM13: null
A14: 9 | B14: 14775 | C14: B | D14: 9 | E14: 7650 | F14: B | G14: 9 | H14: 6773 | I14: B | J14: 9 | K14: 12900 | L14: B | M14: 9 | N14: 9375 | O14: B | R14: BaseGame | S14: 5x | T14: = | U14: 172541 | V14: Pay | W14: = | X14: 103524600 | Y14: 1C1 | Z14: = | AA14: null | AB14: 2C1 | AC14: = | AD14: 172541 | AE14: 3C1 | AF14: = | AG14: null | AH14: 4C1 | AI14: = | AJ14: null | AK14: 5C1 | AL14: = | AM14: null
A15: 10 | B15: 7500 | C15: B | D15: 10 | E15: 8700 | F15: B | G15: 10 | H15: 14284 | I15: B | J15: 10 | K15: 9269 | L15: B | M15: 10 | N15: 15000 | O15: B | R15: BaseGame | S15: 9x | T15: = | U15: 1478807 | V15: Pay | W15: = | X15: 1478807000 | Y15: 1C1 | Z15: = | AA15: null | AB15: 2C1 | AC15: = | AD15: 544867 | AE15: 3C1 | AF15: = | AG15: null | AH15: 4C1 | AI15: = | AJ15: null | AK15: 5C1 | AL15: = | AM15: null
A16: 15 | B16: 7500 | C16: B | D16: 15 | E16: 4305 | F16: B | G16: 15 | H16: 7368 | I16: B | J16: 15 | K16: 8982 | L16: B | M16: 15 | N16: 10500 | O16: B | R16: BaseGame | S16: 10x | T16: = | U16: 750491 | V16: Pay | W16: = | X16: 968719300 | Y16: 1C1 | Z16: = | AA16: null | AB16: 2C1 | AC16: = | AD16: 750491 | AE16: 3C1 | AF16: = | AG16: null | AH16: 4C1 | AI16: = | AJ16: null | AK16: 5C1 | AL16: = | AM16: null
A17: 20 | B17: 5100 | C17: B | D17: 20 | E17: 9450 | F17: B | G17: 20 | H17: 6600 | I17: B | J17: 20 | K17: 5131 | L17: B | M17: 20 | N17: 2609 | O17: B | R17: BaseGame | S17: 15x | T17: = | U17: 749839 | V17: Pay | W17: = | X17: 1451040000 | Y17: 1C1 | Z17: = | AA17: null | AB17: 2C1 | AC17: = | AD17: 262598 | AE17: 3C1 | AF17: = | AG17: null | AH17: 4C1 | AI17: = | AJ17: null | AK17: 5C1 | AL17: = | AM17: null
A18: 25 | B18: 1695 | C18: B | D18: 25 | E18: 2550 | F18: B | G18: 25 | H18: 1650 | I18: B | J18: 25 | K18: 1635 | L18: B | M18: 25 | N18: 777 | O18: B | R18: BaseGame | S18: 20x | T18: = | U18: 509765 | V18: Pay | W18: = | X18: 1244903600 | Y18: 1C1 | Z18: = | AA18: null | AB18: 2C1 | AC18: = | AD18: 46891 | AE18: 3C1 | AF18: = | AG18: null | AH18: 4C1 | AI18: = | AJ18: null | AK18: 5C1 | AL18: = | AM18: null
A19: 30 | B19: 0 | C19: B | D19: 30 | E19: 2700 | F19: B | G19: 30 | H19: 0 | I19: B | J19: 30 | K19: 0 | L19: B | M19: 30 | N19: 389 | O19: B | R19: BaseGame | S19: 25x | T19: = | U19: 169621 | V19: Pay | W19: = | X19: 503892600 | Y19: 1C1 | Z19: = | AA19: null | AB19: 2C1 | AC19: = | AD19: 18829 | AE19: 3C1 | AF19: = | AG19: null | AH19: 4C1 | AI19: = | AJ19: null | AK19: 5C1 | AL19: = | AM19: null
A20: 35 | B20: 0 | C20: B | D20: 35 | E20: 0 | F20: B | G20: 35 | H20: 0 | I20: B | J20: 35 | K20: 0 | L20: B | M20: 35 | N20: 278 | O20: B | R20: BaseGame | S20: 45x | T20: = | U20: 539156 | V20: Pay | W20: = | X20: 2695780000 | Y20: 1C1 | Z20: = | AA20: null | AB20: 2C1 | AC20: = | AD20: 59535 | AE20: 3C1 | AF20: = | AG20: null | AH20: 4C1 | AI20: = | AJ20: null | AK20: 5C1 | AL20: = | AM20: null
A21: 40 | B21: 0 | C21: B | D21: 40 | E21: 0 | F21: B | G21: 40 | H21: 0 | I21: B | J21: 40 | K21: 0 | L21: B | M21: 40 | N21: 777 | O21: B | R21: BaseGame | S21: 50x | T21: = | U21: 180209 | V21: Pay | W21: = | X21: 990081500 | Y21: 1C1 | Z21: = | AA21: null | AB21: 2C1 | AC21: = | AD21: 146376 | AE21: 3C1 | AF21: = | AG21: null | AH21: 4C1 | AI21: = | AJ21: null | AK21: 5C1 | AL21: = | AM21: null
A22: 45 | B22: 5400 | C22: B | D22: 45 | E22: 8265 | F22: B | G22: 45 | H22: 2610 | I22: B | J22: 45 | K22: 5470 | L22: B | M22: 45 | N22: 1388 | O22: B | R22: BaseGame | S22: 90x | T22: = | U22: 9852 | V22: Pay | W22: = | X22: 98520000 | Y22: 1C1 | Z22: = | AA22: null | AB22: 2C1 | AC22: = | AD22: 3425 | AE22: 3C1 | AF22: = | AG22: null | AH22: 4C1 | AI22: = | AJ22: null | AK22: 5C1 | AL22: = | AM22: null
A23: 50 | B23: 1800 | C23: B | D23: 50 | E23: 0 | F23: B | G23: 50 | H23: 5370 | I23: B | J23: 50 | K23: 2683 | L23: B | M23: 50 | N23: 4598 | O23: B | R23: BaseGame | S23: 100x | T23: = | U23: 10551 | V23: Pay | W23: = | X23: 112345800 | Y23: 1C1 | Z23: = | AA23: null | AB23: 2C1 | AC23: = | AD23: 7902 | AE23: 3C1 | AF23: = | AG23: null | AH23: 4C1 | AI23: = | AJ23: null | AK23: 5C1 | AL23: = | AM23: null
A24: 60 | B24: 0 | C24: B | D24: 60 | E24: 0 | F24: B | G24: 60 | H24: 0 | I24: B | J24: 60 | K24: 0 | L24: B | M24: 60 | N24: 0 | O24: B | R24: BaseGame | S24: 450x | T24: = | U24: 205 | V24: Pay | W24: = | X24: 10250000 | Y24: 1C1 | Z24: = | AA24: null | AB24: 2C1 | AC24: = | AD24: null | AE24: 3C1 | AF24: = | AG24: null | AH24: 4C1 | AI24: = | AJ24: null | AK24: 5C1 | AL24: = | AM24: null
A25: 70 | B25: 0 | C25: B | D25: 70 | E25: 0 | F25: B | G25: 70 | H25: 0 | I25: B | J25: 70 | K25: 0 | L25: B | M25: 70 | N25: 0 | O25: B
A26: 80 | B26: 0 | C26: B | D26: 80 | E26: 0 | F26: B | G26: 80 | H26: 0 | I26: B | J26: 80 | K26: 0 | L26: B | M26: 80 | N26: 0 | O26: B | R26: BaseGame | S26: 0x | T26: = | U26: 9789906 | V26: Pay | W26: = | X26: 3645464700 | Y26: 1C1 | Z26: = | AA26: null | AB26: 2C1 | AC26: = | AD26: 1451276 | AE26: 3C1 | AF26: = | AG26: null | AH26: 4C1 | AI26: = | AJ26: null | AK26: 5C1 | AL26: = | AM26: null
A27: 90 | B27: 98 | C27: B | D27: 90 | E27: 138 | F27: B | G27: 90 | H27: 110 | I27: B | J27: 90 | K27: 90 | L27: B | M27: 90 | N27: 56 | O27: B | R27: BaseGame | S27: 1x | T27: = | U27: 300187 | V27: Pay | W27: = | X27: 273465800 | Y27: 1C1 | Z27: = | AA27: null | AB27: 2C1 | AC27: = | AD27: 131738 | AE27: 3C1 | AF27: = | AG27: null | AH27: 4C1 | AI27: = | AJ27: null | AK27: 5C1 | AL27: = | AM27: null
A28: 100 | B28: 105 | C28: B | D28: 100 | E28: 68 | F28: B | G28: 100 | H28: 150 | I28: B | J28: 100 | K28: 120 | L28: B | M28: 100 | N28: 111 | O28: B | R28: BaseGame | S28: 2x | T28: = | U28: 599434 | V28: Pay | W28: = | X28: 766524100 | Y28: 1C1 | Z28: = | AA28: null | AB28: 2C1 | AC28: = | AD28: 599434 | AE28: 3C1 | AF28: = | AG28: null | AH28: 4C1 | AI28: = | AJ28: null | AK28: 5C1 | AL28: = | AM28: null
A29: 120 | B29: 0 | C29: B | D29: 120 | E29: 0 | F29: B | G29: 120 | H29: 0 | I29: B | J29: 120 | K29: 0 | L29: B | M29: 120 | N29: 0 | O29: B | R29: BaseGame | S29: 4x | T29: = | U29: 4500174 | V29: Pay | W29: = | X29: 10920661900 | Y29: 1C1 | Z29: = | AA29: 547632 | AB29: 2C1 | AC29: = | AD29: 395533 | AE29: 3C1 | AF29: = | AG29: null | AH29: 4C1 | AI29: = | AJ29: null | AK29: 5C1 | AL29: = | AM29: null
A30: 140 | B30: 0 | C30: B | D30: 140 | E30: 0 | F30: B | G30: 140 | H30: 2 | I30: B | J30: 140 | K30: 0 | L30: B | M30: 140 | N30: 0 | O30: B | R30: BaseGame | S30: 5x | T30: = | U30: 154433 | V30: Pay | W30: = | X30: 447120600 | Y30: 1C1 | Z30: = | AA30: 64460 | AB30: 2C1 | AC30: = | AD30: 12463 | AE30: 3C1 | AF30: = | AG30: null | AH30: 4C1 | AI30: = | AJ30: null | AK30: 5C1 | AL30: = | AM30: null
A31: 160 | B31: 0 | C31: B | D31: 160 | E31: 0 | F31: B | G31: 160 | H31: 0 | I31: B | J31: 160 | K31: 0 | L31: B | M31: 160 | N31: 0 | O31: B | R31: BaseGame | S31: 9x | T31: = | U31: 763866 | V31: Pay | W31: = | X31: 3819330000 | Y31: 1C1 | Z31: = | AA31: 168486 | AB31: 2C1 | AC31: = | AD31: 88079 | AE31: 3C1 | AF31: = | AG31: null | AH31: 4C1 | AI31: = | AJ31: null | AK31: 5C1 | AL31: = | AM31: null
A32: 180 | B32: 0 | C32: B | D32: 180 | E32: 30 | F32: B | G32: 180 | H32: 51 | I32: B | J32: 180 | K32: 0 | L32: B | M32: 180 | N32: 45 | O32: B | R32: BaseGame | S32: 10x | T32: = | U32: 869364 | V32: Pay | W32: = | X32: 5266796600 | Y32: 1C1 | Z32: = | AA32: 220318 | AB32: 2C1 | AC32: = | AD32: 440883 | AE32: 3C1 | AF32: = | AG32: null | AH32: 4C1 | AI32: = | AJ32: null | AK32: 5C1 | AL32: = | AM32: null
A33: 200 | B33: 0 | C33: B | D33: 200 | E33: 15 | F33: B | G33: 200 | H33: 0 | I33: B | J33: 200 | K33: 0 | L33: B | M33: 200 | N33: 0 | O33: B | R33: BaseGame | S33: 15x | T33: = | U33: 431354 | V33: Pay | W33: = | X33: 3955755700 | Y33: 1C1 | Z33: = | AA33: 277720 | AB33: 2C1 | AC33: = | AD33: 37460 | AE33: 3C1 | AF33: = | AG33: null | AH33: 4C1 | AI33: = | AJ33: null | AK33: 5C1 | AL33: = | AM33: null
A34: 250 | B34: 0 | C34: B | D34: 250 | E34: 0 | F34: B | G34: 250 | H34: 0 | I34: B | J34: 250 | K34: 0 | L34: B | M34: 250 | N34: 0 | O34: B | R34: BaseGame | S34: 20x | T34: = | U34: 946060 | V34: Pay | W34: = | X34: 10166434700 | Y34: 1C1 | Z34: = | AA34: 213479 | AB34: 2C1 | AC34: = | AD34: 496752 | AE34: 3C1 | AF34: = | AG34: null | AH34: 4C1 | AI34: = | AJ34: null | AK34: 5C1 | AL34: = | AM34: null
A35: 300 | B35: 0 | C35: B | D35: 300 | E35: 5 | F35: B | G35: 300 | H35: 0 | I35: B | J35: 300 | K35: 0 | L35: B | M35: 300 | N35: 0 | O35: B | R35: BaseGame | S35: 25x | T35: = | U35: 255080 | V35: Pay | W35: = | X35: 3641477900 | Y35: 1C1 | Z35: = | AA35: 228780 | AB35: 2C1 | AC35: = | AD35: 26300 | AE35: 3C1 | AF35: = | AG35: null | AH35: 4C1 | AI35: = | AJ35: null | AK35: 5C1 | AL35: = | AM35: null
A36: 350 | B36: 0 | C36: B | D36: 350 | E36: 0 | F36: B | G36: 350 | H36: 0 | I36: B | J36: 350 | K36: 0 | L36: B | M36: 350 | N36: 0 | O36: B | R36: BaseGame | S36: 30x | T36: = | U36: 270974 | V36: Pay | W36: = | X36: 4241809500 | Y36: 1C1 | Z36: = | AA36: 164626 | AB36: 2C1 | AC36: = | AD36: 106348 | AE36: 3C1 | AF36: = | AG36: null | AH36: 4C1 | AI36: = | AJ36: null | AK36: 5C1 | AL36: = | AM36: null
A37: 400 | B37: 0 | C37: B | D37: 400 | E37: 0 | F37: B | G37: 400 | H37: 0 | I37: B | J37: 400 | K37: 0 | L37: B | M37: 400 | N37: 0 | O37: B | R37: BaseGame | S37: 45x | T37: = | U37: 827600 | V37: Pay | W37: = | X37: 20566450800 | Y37: 1C1 | Z37: = | AA37: 345980 | AB37: 2C1 | AC37: = | AD37: 4746 | AE37: 3C1 | AF37: = | AG37: null | AH37: 4C1 | AI37: = | AJ37: null | AK37: 5C1 | AL37: = | AM37: null
A38: 450 | B38: 2 | C38: B | D38: 450 | E38: 0 | F38: B | G38: 450 | H38: 0 | I38: B | J38: 450 | K38: 0 | L38: B | M38: 450 | N38: 0 | O38: B | R38: BaseGame | S38: 90x | T38: = | U38: 13756 | V38: Pay | W38: = | X38: 687800000 | Y38: 1C1 | Z38: = | AA38: 6183 | AB38: 2C1 | AC38: = | AD38: 355 | AE38: 3C1 | AF38: = | AG38: null | AH38: 4C1 | AI38: = | AJ38: null | AK38: 5C1 | AL38: = | AM38: null
A39: 500 | B39: 0 | C39: B | D39: 500 | E39: 5 | F39: B | G39: 500 | H39: 2 | I39: B | J39: 500 | K39: 10 | L39: B | M39: 500 | N39: 0 | O39: B | R39: BaseGame | S39: 100x | T39: = | U39: 6789 | V39: Pay | W39: = | X39: 358070200 | Y39: 1C1 | Z39: = | AA39: 2584 | AB39: 2C1 | AC39: = | AD39: 2017 | AE39: 3C1 | AF39: = | AG39: null | AH39: 4C1 | AI39: = | AJ39: null | AK39: 5C1 | AL39: = | AM39: null
A40: 550 | B40: 0 | C40: B | D40: 550 | E40: 0 | F40: B | G40: 550 | H40: 0 | I40: B | J40: 550 | K40: 0 | L40: B | M40: 550 | N40: 0 | O40: B | R40: BaseGame | S40: 180x | T40: = | U40: 2943 | V40: Pay | W40: = | X40: 294300000 | Y40: 1C1 | Z40: = | AA40: 2440 | AB40: 2C1 | AC40: = | AD40: 154 | AE40: 3C1 | AF40: = | AG40: null | AH40: 4C1 | AI40: = | AJ40: null | AK40: 5C1 | AL40: = | AM40: null
... A42: 650 | B42: 0 | C42: B | D42: 650 | E42: 0 | F42: B | G42: 650 | H42: 0 | I42: B | J42: 650 | K42: 0 | L42: B | M42: 650 | N42: 0 | O42: B | R42: BaseGame | S42: 300x | T42: = | U42: 527 | V42: Pay | W42: = | X42: 80675500 | Y42: 1C1 | Z42: = | AA42: 371 | AB42: 2C1 | AC42: = | AD42: 156 | AE42: 3C1 | AF42: = | AG42: null | AH42: 4C1 | AI42: = | AJ42: null | AK42: 5C1 | AL42: = | AM42: null
A43: 700 | B43: 0 | C43: B | D43: 700 | E43: 0 | F43: B | G43: 700 | H43: 0 | I43: B | J43: 700 | K43: 0 | L43: B | M43: 700 | N43: 0 | O43: B | R43: BaseGame | S43: 500x | T43: = | U43: 445 | V43: Pay | W43: = | X43: 114929000 | Y43: 1C1 | Z43: = | AA43: null | AB43: 2C1 | AC43: = | AD43: null | AE43: 3C1 | AF43: = | AG43: null | AH43: 4C1 | AI43: = | AJ43: null | AK43: 5C1 | AL43: = | AM43: null
A44: 750 | B44: 0 | C44: B | D44: 750 | E44: 0 | F44: B | G44: 750 | H44: 0 | I44: B | J44: 750 | K44: 0 | L44: B | M44: 750 | N44: 0 | O44: B
A45: 800 | B45: 0 | C45: B | D45: 800 | E45: 0 | F45: B | G45: 800 | H45: 0 | I45: B | J45: 800 | K45: 0 | L45: B | M45: 800 | N45: 0 | O45: B | R45: BaseGame | S45: 0x | T45: = | U45: 3704880 | V45: Pay | W45: = | X45: 2629928000 | Y45: 1C1 | Z45: = | AA45: null | AB45: 2C1 | AC45: = | AD45: 399084 | AE45: 3C1 | AF45: = | AG45: null | AH45: 4C1 | AI45: = | AJ45: null | AK45: 5C1 | AL45: = | AM45: null
A46: 850 | B46: 0 | C46: B | D46: 850 | E46: 0 | F46: B | G46: 850 | H46: 0 | I46: B | J46: 850 | K46: 0 | L46: B | M46: 850 | N46: 0 | O46: B | R46: BaseGame | S46: 1x | T46: = | U46: 5893461 | V46: Pay | W46: = | X46: 9482343100 | Y46: 1C1 | Z46: = | AA46: null | AB46: 2C1 | AC46: = | AD46: 4084206 | AE46: 3C1 | AF46: = | AG46: null | AH46: 4C1 | AI46: = | AJ46: null | AK46: 5C1 | AL46: = | AM46: null
A47: 900 | B47: 0 | C47: B | D47: 900 | E47: 0 | F47: B | G47: 900 | H47: 0 | I47: B | J47: 900 | K47: 0 | L47: B | M47: 900 | N47: 0 | O47: B | R47: BaseGame | S47: 2x | T47: = | U47: 49986 | V47: Pay | W47: = | X47: 126072200 | Y47: 1C1 | Z47: = | AA47: null | AB47: 2C1 | AC47: = | AD47: 5318 | AE47: 3C1 | AF47: = | AG47: null | AH47: 4C1 | AI47: = | AJ47: null | AK47: 5C1 | AL47: = | AM47: null
A48: 950 | B48: 0 | C48: B | D48: 950 | E48: 0 | F48: B | G48: 950 | H48: 0 | I48: B | J48: 950 | K48: 0 | L48: B | M48: 950 | N48: 0 | O48: B | R48: BaseGame | S48: 4x | T48: = | U48: 2310725 | V48: Pay | W48: = | X48: 11553625000 | Y48: 1C1 | Z48: = | AA48: 238916 | AB48: 2C1 | AC48: = | AD48: 158598 | AE48: 3C1 | AF48: = | AG48: null | AH48: 4C1 | AI48: = | AJ48: null | AK48: 5C1 | AL48: = | AM48: null
A49: 1000 | B49: 0 | C49: B | D49: 1000 | E49: 0 | F49: B | G49: 1000 | H49: 0 | I49: B | J49: 1000 | K49: 0 | L49: B | M49: 1000 | N49: 0 | O49: B | R49: BaseGame | S49: 5x | T49: = | U49: 2752038 | V49: Pay | W49: = | X49: 15065424600 | Y49: 1C1 | Z49: = | AA49: 520178 | AB49: 2C1 | AC49: = | AD49: 1752753 | AE49: 3C1 | AF49: = | AG49: null | AH49: 4C1 | AI49: = | AJ49: null | AK49: 5C1 | AL49: = | AM49: null
A50: 2000 | B50: 0 | C50: B | D50: 2000 | E50: 0 | F50: B | G50: 2000 | H50: 0 | I50: B | J50: 2000 | K50: 0 | L50: B | M50: 2000 | N50: 0 | O50: B | R50: BaseGame | S50: 6x | T50: = | U50: 10698 | V50: Pay | W50: = | X50: 68446000 | Y50: 1C1 | Z50: = | AA50: 2038 | AB50: 2C1 | AC50: = | AD50: 8660 | AE50: 3C1 | AF50: = | AG50: null | AH50: 4C1 | AI50: = | AJ50: null | AK50: 5C1 | AL50: = | AM50: null
A51: 3000 | B51: 0 | C51: B | D51: 3000 | E51: 0 | F51: B | G51: 3000 | H51: 0 | I51: B | J51: 3000 | K51: 0 | L51: B | M51: 3000 | N51: 0 | O51: B | R51: BaseGame | S51: 9x | T51: = | U51: 677322 | V51: Pay | W51: = | X51: 6773220000 | Y51: 1C1 | Z51: = | AA51: 128906 | AB51: 2C1 | AC51: = | AD51: 65286 | AE51: 3C1 | AF51: = | AG51: null | AH51: 4C1 | AI51: = | AJ51: null | AK51: 5C1 | AL51: = | AM51: null
A52: 4000 | B52: 0 | C52: B | D52: 4000 | E52: 0 | F52: B | G52: 4000 | H52: 0 | I52: B | J52: 4000 | K52: 0 | L52: B | M52: 4000 | N52: 0 | O52: B | R52: BaseGame | S52: 10x | T52: = | U52: 1428870 | V52: Pay | W52: = | X52: 16423743700 | Y52: 1C1 | Z52: = | AA52: 312455 | AB52: 2C1 | AC52: = | AD52: 609988 | AE52: 3C1 | AF52: = | AG52: null | AH52: 4C1 | AI52: = | AJ52: null | AK52: 5C1 | AL52: = | AM52: null
A53: 5000 | B53: 0 | C53: B | D53: 5000 | E53: 0 | F53: B | G53: 5000 | H53: 0 | I53: B | J53: 5000 | K53: 0 | L53: B | M53: 5000 | N53: 0 | O53: B | R53: BaseGame | S53: 15x | T53: = | U53: 736776 | V53: Pay | W53: = | X53: 12638863200 | Y53: 1C1 | Z53: = | AA53: 414660 | AB53: 2C1 | AC53: = | AD53: 204066 | AE53: 3C1 | AF53: = | AG53: null | AH53: 4C1 | AI53: = | AJ53: null | AK53: 5C1 | AL53: = | AM53: null
A54: 6000 | B54: 0 | C54: B | D54: 6000 | E54: 0 | F54: B | G54: 6000 | H54: 0 | I54: B | J54: 6000 | K54: 0 | L54: B | M54: 6000 | N54: 0 | O54: B | R54: BaseGame | S54: 20x | T54: = | U54: 659490 | V54: Pay | W54: = | X54: 14317293400 | Y54: 1C1 | Z54: = | AA54: 252697 | AB54: 2C1 | AC54: = | AD54: 55226 | AE54: 3C1 | AF54: = | AG54: null | AH54: 4C1 | AI54: = | AJ54: null | AK54: 5C1 | AL54: = | AM54: null
A55: 7000 | B55: 0 | C55: B | D55: 7000 | E55: 0 | F55: B | G55: 7000 | H55: 0 | I55: B | J55: 7000 | K55: 0 | L55: B | M55: 7000 | N55: 0 | O55: B | R55: BaseGame | S55: 25x | T55: = | U55: 165080 | V55: Pay | W55: = | X55: 4491030300 | Y55: 1C1 | Z55: = | AA55: 60870 | AB55: 2C1 | AC55: = | AD55: 4100 | AE55: 3C1 | AF55: = | AG55: null | AH55: 4C1 | AI55: = | AJ55: null | AK55: 5C1 | AL55: = | AM55: null
R56: BaseGame | S56: 45x | T56: = | U56: 261103 | V56: Pay | W56: = | X56: 13041974100 | Y56: 1C1 | Z56: = | AA56: 71809 | AB56: 2C1 | AC56: = | AD56: 5036 | AE56: 3C1 | AF56: = | AG56: null | AH56: 4C1 | AI56: = | AJ56: null | AK56: 5C1 | AL56: = | AM56: null
R57: BaseGame | S57: 50x | T57: = | U57: 537945 | V57: Pay | W57: = | X57: 28350280200 | Y57: 1C1 | Z57: = | AA57: 133548 | AB57: 2C1 | AC57: = | AD57: 133078 | AE57: 3C1 | AF57: = | AG57: null | AH57: 4C1 | AI57: = | AJ57: null | AK57: 5C1 | AL57: = | AM57: null
R58: BaseGame | S58: 90x | T58: = | U58: 10958 | V58: Pay | W58: = | X58: 1095800000 | Y58: 1C1 | Z58: = | AA58: 4579 | AB58: 2C1 | AC58: = | AD58: 331 | AE58: 3C1 | AF58: = | AG58: null | AH58: 4C1 | AI58: = | AJ58: null | AK58: 5C1 | AL58: = | AM58: null
R59: BaseGame | S59: 100x | T59: = | U59: 15004 | V59: Pay | W59: = | X59: 1569806500 | Y59: 1C1 | Z59: = | AA59: 4991 | AB59: 2C1 | AC59: = | AD59: 4535 | AE59: 3C1 | AF59: = | AG59: null | AH59: 4C1 | AI59: = | AJ59: null | AK59: 5C1 | AL59: = | AM59: null
R60: BaseGame | S60: 140x | T60: = | U60: 218 | V60: Pay | W60: = | X60: 33200500 | Y60: 1C1 | Z60: = | AA60: 88 | AB60: 2C1 | AC60: = | AD60: 23 | AE60: 3C1 | AF60: = | AG60: null | AH60: 4C1 | AI60: = | AJ60: null | AK60: 5C1 | AL60: = | AM60: null
R61: BaseGame | S61: 180x | T61: = | U61: 5031 | V61: Pay | W61: = | X61: 1006200000 | Y61: 1C1 | Z61: = | AA61: 4343 | AB61: 2C1 | AC61: = | AD61: 5 | AE61: 3C1 | AF61: = | AG61: null | AH61: 4C1 | AI61: = | AJ61: null | AK61: 5C1 | AL61: = | AM61: null
R62: BaseGame | S62: 500x | T62: = | U62: 195 | V62: Pay | W62: = | X62: 99928500 | Y62: 1C1 | Z62: = | AA62: null | AB62: 2C1 | AC62: = | AD62: null | AE62: 3C1 | AF62: = | AG62: null | AH62: 4C1 | AI62: = | AJ62: null | AK62: 5C1 | AL62: = | AM62: null
R64: BaseGame | S64: 0x | T64: = | U64: 9762635 | V64: Pay | W64: = | X64: 48813175000 | Y64: 1C1 | Z64: = | AA64: null | AB64: 2C1 | AC64: = | AD64: 2028963 | AE64: 3C1 | AF64: = | AG64: null | AH64: 4C1 | AI64: = | AJ64: null | AK64: 5C1 | AL64: = | AM64: null
R65: BaseGame | S65: 1x | T65: = | U65: 149248 | V65: Pay | W65: = | X65: 1115452100 | Y65: 1C1 | Z65: = | AA65: null | AB65: 2C1 | AC65: = | AD65: 80834 | AE65: 3C1 | AF65: = | AG65: null | AH65: 4C1 | AI65: = | AJ65: null | AK65: 5C1 | AL65: = | AM65: null
R66: BaseGame | S66: 4x | T66: = | U66: 6417718 | V66: Pay | W66: = | X66: 140048110000 | Y66: 1C1 | Z66: = | AA66: null | AB66: 2C1 | AC66: = | AD66: 966167 | AE66: 3C1 | AF66: = | AG66: null | AH66: 4C1 | AI66: = | AJ66: null | AK66: 5C1 | AL66: = | AM66: null
R67: BaseGame | S67: 5x | T67: = | U67: 172384 | V67: Pay | W67: = | X67: 4588466100 | Y67: 1C1 | Z67: = | AA67: null | AB67: 2C1 | AC67: = | AD67: 6214 | AE67: 3C1 | AF67: = | AG67: null | AH67: 4C1 | AI67: = | AJ67: null | AK67: 5C1 | AL67: = | AM67: null
R68: BaseGame | S68: 9x | T68: = | U68: 1288594 | V68: Pay | W68: = | X68: 64429700000 | Y68: 1C1 | Z68: = | AA68: 423467 | AB68: 2C1 | AC68: = | AD68: 77630 | AE68: 3C1 | AF68: = | AG68: null | AH68: 4C1 | AI68: = | AJ68: null | AK68: 5C1 | AL68: = | AM68: null
R69: BaseGame | S69: 10x | T69: = | U69: 926559 | V69: Pay | W69: = | X69: 49449920300 | Y69: 1C1 | Z69: = | AA69: 267730 | AB69: 2C1 | AC69: = | AD69: 285394 | AE69: 3C1 | AF69: = | AG69: null | AH69: 4C1 | AI69: = | AJ69: null | AK69: 5C1 | AL69: = | AM69: null
R70: BaseGame | S70: 15x | T70: = | U70: 897978 | V70: Pay | W70: = | X70: 88717798000 | Y70: 1C1 | Z70: = | AA70: 338114 | AB70: 2C1 | AC70: = | AD70: 75936 | AE70: 3C1 | AF70: = | AG70: null | AH70: 4C1 | AI70: = | AJ70: null | AK70: 5C1 | AL70: = | AM70: null
R71: BaseGame | S71: 20x | T71: = | U71: 513910 | V71: Pay | W71: = | X71: 53597845800 | Y71: 1C1 | Z71: = | AA71: 147850 | AB71: 2C1 | AC71: = | AD71: 215059 | AE71: 3C1 | AF71: = | AG71: null | AH71: 4C1 | AI71: = | AJ71: null | AK71: 5C1 | AL71: = | AM71: null
R72: BaseGame | S72: 25x | T72: = | U72: 163483 | V72: Pay | W72: = | X72: 24508608000 | Y72: 1C1 | Z72: = | AA72: 151645 | AB72: 2C1 | AC72: = | AD72: 1993 | AE72: 3C1 | AF72: = | AG72: null | AH72: 4C1 | AI72: = | AJ72: null | AK72: 5C1 | AL72: = | AM72: null
R73: BaseGame | S73: 45x | T73: = | U73: 546551 | V73: Pay | W73: = | X73: 136637750000 | Y73: 1C1 | Z73: = | AA73: 430415 | AB73: 2C1 | AC73: = | AD73: null | AE73: 3C1 | AF73: = | AG73: null | AH73: 4C1 | AI73: = | AJ73: null | AK73: 5C1 | AL73: = | AM73: null
R74: BaseGame | S74: 50x | T74: = | U74: 268148 | V74: Pay | W74: = | X74: 68488388100 | Y74: 1C1 | Z74: = | AA74: 211855 | AB74: 2C1 | AC74: = | AD74: null | AE74: 3C1 | AF74: = | AG74: null | AH74: 4C1 | AI74: = | AJ74: null | AK74: 5C1 | AL74: = | AM74: null
R75: BaseGame | S75: 90x | T75: = | U75: 9068 | V75: Pay | W75: = | X75: 4534000000 | Y75: 1C1 | Z75: = | AA75: 5427 | AB75: 2C1 | AC75: = | AD75: 253 | AE75: 3C1 | AF75: = | AG75: null | AH75: 4C1 | AI75: = | AJ75: null | AK75: 5C1 | AL75: = | AM75: null
R76: BaseGame | S76: 100x | T76: = | U76: 11972 | V76: Pay | W76: = | X76: 6131559100 | Y76: 1C1 | Z76: = | AA76: 5840 | AB76: 2C1 | AC76: = | AD76: 2461 | AE76: 3C1 | AF76: = | AG76: null | AH76: 4C1 | AI76: = | AJ76: null | AK76: 5C1 | AL76: = | AM76: null
R77: BaseGame | S77: 500x | T77: = | U77: 1006 | V77: Pay | W77: = | X77: 2546268000 | Y77: 1C1 | Z77: = | AA77: null | AB77: 2C1 | AC77: = | AD77: null | AE77: 3C1 | AF77: = | AG77: null | AH77: 4C1 | AI77: = | AJ77: null | AK77: 5C1 | AL77: = | AM77: null
R79: BaseGame | S79: 0x | T79: = | U79: 1121719 | V79: Pay | W79: = | X79: 11217190000 | Y79: 1C1 | Z79: = | AA79: null | AB79: 2C1 | AC79: = | AD79: 385376 | AE79: 3C1 | AF79: = | AG79: null | AH79: 4C1 | AI79: = | AJ79: null | AK79: 5C1 | AL79: = | AM79: null
R80: BaseGame | S80: 1x | T80: = | U80: 3975177 | V80: Pay | W80: = | X80: 49724742900 | Y80: 1C1 | Z80: = | AA80: null | AB80: 2C1 | AC80: = | AD80: 2794915 | AE80: 3C1 | AF80: = | AG80: null | AH80: 4C1 | AI80: = | AJ80: null | AK80: 5C1 | AL80: = | AM80: null
R81: BaseGame | S81: 2x | T81: = | U81: 94704 | V81: Pay | W81: = | X81: 2199981900 | Y81: 1C1 | Z81: = | AA81: null | AB81: 2C1 | AC81: = | AD81: 11273 | AE81: 3C1 | AF81: = | AG81: null | AH81: 4C1 | AI81: = | AJ81: null | AK81: 5C1 | AL81: = | AM81: null
R82: BaseGame | S82: 4x | T82: = | U82: 3001560 | V82: Pay | W82: = | X82: 150078000000 | Y82: 1C1 | Z82: = | AA82: null | AB82: 2C1 | AC82: = | AD82: 805307 | AE82: 3C1 | AF82: = | AG82: null | AH82: 4C1 | AI82: = | AJ82: null | AK82: 5C1 | AL82: = | AM82: null
R83: BaseGame | S83: 5x | T83: = | U83: 5022013 | V83: Pay | W83: = | X83: 263347920800 | Y83: 1C1 | Z83: = | AA83: null | AB83: 2C1 | AC83: = | AD83: 2838755 | AE83: 3C1 | AF83: = | AG83: null | AH83: 4C1 | AI83: = | AJ83: null | AK83: 5C1 | AL83: = | AM83: null
R84: BaseGame | S84: 6x | T84: = | U84: 5615 | V84: Pay | W84: = | X84: 345949800 | Y84: 1C1 | Z84: = | AA84: null | AB84: 2C1 | AC84: = | AD84: 5615 | AE84: 3C1 | AF84: = | AG84: null | AH84: 4C1 | AI84: = | AJ84: null | AK84: 5C1 | AL84: = | AM84: null
R85: BaseGame | S85: 9x | T85: = | U85: 938563 | V85: Pay | W85: = | X85: 93856300000 | Y85: 1C1 | Z85: = | AA85: 293450 | AB85: 2C1 | AC85: = | AD85: 154163 | AE85: 3C1 | AF85: = | AG85: null | AH85: 4C1 | AI85: = | AJ85: null | AK85: 5C1 | AL85: = | AM85: null
R86: BaseGame | S86: 10x | T86: = | U86: 1498892 | V86: Pay | W86: = | X86: 157552328300 | Y86: 1C1 | Z86: = | AA86: 344838 | AB86: 2C1 | AC86: = | AD86: 763592 | AE86: 3C1 | AF86: = | AG86: null | AH86: 4C1 | AI86: = | AJ86: null | AK86: 5C1 | AL86: = | AM86: null
R87: BaseGame | S87: 15x | T87: = | U87: 1051183 | V87: Pay | W87: = | X87: 196403019700 | Y87: 1C1 | Z87: = | AA87: 530823 | AB87: 2C1 | AC87: = | AD87: 208437 | AE87: 3C1 | AF87: = | AG87: null | AH87: 4C1 | AI87: = | AJ87: null | AK87: 5C1 | AL87: = | AM87: null
R88: BaseGame | S88: 20x | T88: = | U88: 260783 | V88: Pay | W88: = | X88: 55036261200 | Y88: 1C1 | Z88: = | AA88: 149402 | AB88: 2C1 | AC88: = | AD88: 10079 | AE88: 3C1 | AF88: = | AG88: null | AH88: 4C1 | AI88: = | AJ88: null | AK88: 5C1 | AL88: = | AM88: null
R89: BaseGame | S89: 25x | T89: = | U89: 77667 | V89: Pay | W89: = | X89: 21720138600 | Y89: 1C1 | Z89: = | AA89: 45030 | AB89: 2C1 | AC89: = | AD89: 512 | AE89: 3C1 | AF89: = | AG89: null | AH89: 4C1 | AI89: = | AJ89: null | AK89: 5C1 | AL89: = | AM89: null
R90: BaseGame | S90: 30x | T90: = | U90: 38784 | V90: Pay | W90: = | X90: 11832087100 | Y90: 1C1 | Z90: = | AA90: 38191 | AB90: 2C1 | AC90: = | AD90: 4 | AE90: 3C1 | AF90: = | AG90: null | AH90: 4C1 | AI90: = | AJ90: null | AK90: 5C1 | AL90: = | AM90: null
R91: BaseGame | S91: 35x | T91: = | U91: 27648 | V91: Pay | W91: = | X91: 10282764500 | Y91: 1C1 | Z91: = | AA91: 27648 | AB91: 2C1 | AC91: = | AD91: null | AE91: 3C1 | AF91: = | AG91: null | AH91: 4C1 | AI91: = | AJ91: null | AK91: 5C1 | AL91: = | AM91: null
R92: BaseGame | S92: 40x | T92: = | U92: 77585 | V92: Pay | W92: = | X92: 31387208600 | Y92: 1C1 | Z92: = | AA92: 77585 | AB92: 2C1 | AC92: = | AD92: null | AE92: 3C1 | AF92: = | AG92: null | AH92: 4C1 | AI92: = | AJ92: null | AK92: 5C1 | AL92: = | AM92: null
R93: BaseGame | S93: 45x | T93: = | U93: 138722 | V93: Pay | W93: = | X93: 69341988000 | Y93: 1C1 | Z93: = | AA93: 61074 | AB93: 2C1 | AC93: = | AD93: 3879 | AE93: 3C1 | AF93: = | AG93: null | AH93: 4C1 | AI93: = | AJ93: null | AK93: 5C1 | AL93: = | AM93: null
R94: BaseGame | S94: 50x | T94: = | U94: 460680 | V94: Pay | W94: = | X94: 237022817400 | Y94: 1C1 | Z94: = | AA94: 196354 | AB94: 2C1 | AC94: = | AD94: 112050 | AE94: 3C1 | AF94: = | AG94: null | AH94: 4C1 | AI94: = | AJ94: null | AK94: 5C1 | AL94: = | AM94: null
R95: BaseGame | S95: 90x | T95: = | U95: 5554 | V95: Pay | W95: = | X95: 5554000000 | Y95: 1C1 | Z95: = | AA95: 3000 | AB95: 2C1 | AC95: = | AD95: 313 | AE95: 3C1 | AF95: = | AG95: null | AH95: 4C1 | AI95: = | AJ95: null | AK95: 5C1 | AL95: = | AM95: null
R96: BaseGame | S96: 100x | T96: = | U96: 11231 | V96: Pay | W96: = | X96: 11546093500 | Y96: 1C1 | Z96: = | AA96: 5083 | AB96: 2C1 | AC96: = | AD96: 3588 | AE96: 3C1 | AF96: = | AG96: null | AH96: 4C1 | AI96: = | AJ96: null | AK96: 5C1 | AL96: = | AM96: null
R97: BaseGame | S97: 180x | T97: = | U97: 4486 | V97: Pay | W97: = | X97: 8972000000 | Y97: 1C1 | Z97: = | AA97: 3969 | AB97: 2C1 | AC97: = | AD97: 4 | AE97: 3C1 | AF97: = | AG97: null | AH97: 4C1 | AI97: = | AJ97: null | AK97: 5C1 | AL97: = | AM97: null

Sheet Card_Bet1
C1: Hit% | F1: Mul | R1: =SUM(R3:R54) -> 1.3796901 | V1: =SUM(V3:V54) -> 0.9199948 | AB1: =SUM(AB3:AB54) -> 1.3873502 | AF1: =SUM(AF3:AF54) -> 0.92485711
B2: Interval | C2: A | D2: B | E2: C | F2: A | G2: B | H2: C | J2: Index | K2: Interval | L2: Sheet | M2: Mul | N2: Avg Mul | O2: Hit%_tune | P2: Hit%_ori | Q2: Jili Hit% | R2: RTP_tune | T2: Hit%_Weight_Final | U2: Hit%_Final | V2: RTP_Final | Y2: Hit%_tune | Z2: Hit%_ori | AA2: Jili Hit% | AB2: RTP_tune | AD2: Hit%_Weight_Final | AE2: Hit%_Final | AF2: RTP_Final
B3: -1 | C3: {=_xlfn.IFNA( _xlfn._xlws.FILTER( Sim_Mul_Bet1!$F$2:$F$100, (Sim_Mul_Bet1!$A$2:$A$100=C$2) * (Sim_Mul_Bet1!$C$2:$C$100=$B3),0 ), 0 )} -> 0.79597221 | D3: {=_xlfn.IFNA( _xlfn._xlws.FILTER( Sim_Mul_Bet1!$F$2:$F$100, (Sim_Mul_Bet1!$A$2:$A$100=D$2) * (Sim_Mul_Bet1!$C$2:$C$100=$B3),0 ), 0 )} -> 0.22225457 | E3: {=_xlfn.IFNA( _xlfn._xlws.FILTER( Sim_Mul_Bet1!$F$2:$F$100, (Sim_Mul_Bet1!$A$2:$A$100=E$2) * (Sim_Mul_Bet1!$C$2:$C$100=$B3),0 ), 0 )} -> 0 | F3: {=_xlfn.IFNA( _xlfn._xlws.FILTER( Sim_Mul_Bet1!$L$2:$L$100, (Sim_Mul_Bet1!$A$2:$A$100=F$2) * (Sim_Mul_Bet1!$C$2:$C$100=$B3),0 ), 0 )} -> 0 | G3: {=_xlfn.IFNA( _xlfn._xlws.FILTER( Sim_Mul_Bet1!$L$2:$L$100, (Sim_Mul_Bet1!$A$2:$A$100=G$2) * (Sim_Mul_Bet1!$C$2:$C$100=$B3),0 ), 0 )} -> 0 | H3: {=_xlfn.IFNA( _xlfn._xlws.FILTER( Sim_Mul_Bet1!$L$2:$L$100, (Sim_Mul_Bet1!$A$2:$A$100=H$2) * (Sim_Mul_Bet1!$C$2:$C$100=$B3),0 ), 0 )} -> 0 | J3: 0 | K3: -1 | L3: A | M3: =HLOOKUP(L3,$C$2:$E$54,J3+2,FALSE) -> 0.79597221 | N3: =HLOOKUP(L3,$F$2:$H$54,J3+2,FALSE) -> 0 | O3: =1-SUM(O4:O53) -> 0.7917287 | P3: =1-SUM(P4:P53) -> 0.86115247 | Q3: =1-SUM(Q4:Q54) -> 0.85905995 | R3: =N3*O3 -> 0 | T3: =1000000-SUM(T4:T54) -> 791728 | U3: {=T3:T54/SUM($T$3:$T$54)} -> 0.791728 | V3: =U3*N3/1.5 -> 0 | Y3: =1-SUM(Y4:Y53) -> 0.82889058 | Z3: =1-SUM(Z4:Z53) -> 0.88592705 | AA3: =1-SUM(AA4:AA54) -> 0.85905995 | AB3: =N3*Y3 -> 0 | AD3: =1000000-SUM(AD4:AD54) -> 828891 | AE3: {=AD3:AD54/SUM($T$3:$T$54)} -> 0.828891 | AF3: =AE3*N3/1.5 -> 0
B4: 0 | C4: {=_xlfn.IFNA( _xlfn._xlws.FILTER( Sim_Mul_Bet1!$F$2:$F$100, (Sim_Mul_Bet1!$A$2:$A$100=C$2) * (Sim_Mul_Bet1!$C$2:$C$100=$B4),0 ), 0 )} -> 0.05778729 | D4: {=_xlfn.IFNA( _xlfn._xlws.FILTER( Sim_Mul_Bet1!$F$2:$F$100, (Sim_Mul_Bet1!$A$2:$A$100=D$2) * (Sim_Mul_Bet1!$C$2:$C$100=$B4),0 ), 0 )} -> 0.02778646 | E4: {=_xlfn.IFNA( _xlfn._xlws.FILTER( Sim_Mul_Bet1!$F$2:$F$100, (Sim_Mul_Bet1!$A$2:$A$100=E$2) * (Sim_Mul_Bet1!$C$2:$C$100=$B4),0 ), 0 )} -> 0 | F4: {=_xlfn.IFNA( _xlfn._xlws.FILTER( Sim_Mul_Bet1!$L$2:$L$100, (Sim_Mul_Bet1!$A$2:$A$100=F$2) * (Sim_Mul_Bet1!$C$2:$C$100=$B4),0 ), 0 )} -> 1 | G4: {=_xlfn.IFNA( _xlfn._xlws.FILTER( Sim_Mul_Bet1!$L$2:$L$100, (Sim_Mul_Bet1!$A$2:$A$100=G$2) * (Sim_Mul_Bet1!$C$2:$C$100=$B4),0 ), 0 )} -> 1 | H4: {=_xlfn.IFNA( _xlfn._xlws.FILTER( Sim_Mul_Bet1!$L$2:$L$100, (Sim_Mul_Bet1!$A$2:$A$100=H$2) * (Sim_Mul_Bet1!$C$2:$C$100=$B4),0 ), 0 )} -> 0 | J4: 1 | K4: 0 | L4: B | M4: =HLOOKUP(L4,$C$2:$E$54,J4+2,FALSE) -> 0.02778646 | N4: =HLOOKUP(L4,$F$2:$H$54,J4+2,FALSE) -> 1 | O4: =P4*1.5 -> 0.097570091 | P4: 0.065046727 | Q4: 0.065046727 | R4: =N4*O4 -> 0.097570091 | T4: =ROUND(O4*1000000,0) -> 97570 | U4: 0.09757 | V4: =U4*N4/1.5 -> 0.065046667 | Y4: =Z4*1.5 -> 0.075 | Z4: 0.05 | AA4: 0.065046727 | AB4: =N4*Y4 -> 0.075 | AD4: =ROUND(Y4*1000000,0) -> 75000 | AE4: 0.075 | AF4: =AE4*N4/1.5 -> 0.05
B5: 1 | C5: {=_xlfn.IFNA( _xlfn._xlws.FILTER( Sim_Mul_Bet1!$F$2:$F$100, (Sim_Mul_Bet1!$A$2:$A$100=C$2) * (Sim_Mul_Bet1!$C$2:$C$100=$B5),0 ), 0 )} -> 0.00506731 | D5: {=_xlfn.IFNA( _xlfn._xlws.FILTER( Sim_Mul_Bet1!$F$2:$F$100, (Sim_Mul_Bet1!$A$2:$A$100=D$2) * (Sim_Mul_Bet1!$C$2:$C$100=$B5),0 ), 0 )} -> 0.06946658 | E5: {=_xlfn.IFNA( _xlfn._xlws.FILTER( Sim_Mul_Bet1!$F$2:$F$100, (Sim_Mul_Bet1!$A$2:$A$100=E$2) * (Sim_Mul_Bet1!$C$2:$C$100=$B5),0 ), 0 )} -> 0 | F5: {=_xlfn.IFNA( _xlfn._xlws.FILTER( Sim_Mul_Bet1!$L$2:$L$100, (Sim_Mul_Bet1!$A$2:$A$100=F$2) * (Sim_Mul_Bet1!$C$2:$C$100=$B5),0 ), 0 )} -> 2 | G5: {=_xlfn.IFNA( _xlfn._xlws.FILTER( Sim_Mul_Bet1!$L$2:$L$100, (Sim_Mul_Bet1!$A$2:$A$100=G$2) * (Sim_Mul_Bet1!$C$2:$C$100=$B5),0 ), 0 )} -> 2 | H5: {=_xlfn.IFNA( _xlfn._xlws.FILTER( Sim_Mul_Bet1!$L$2:$L$100, (Sim_Mul_Bet1!$A$2:$A$100=H$2) * (Sim_Mul_Bet1!$C$2:$C$100=$B5),0 ), 0 )} -> 0 | J5: 2 | K5: 1 | L5: B | M5: =HLOOKUP(L5,$C$2:$E$54,J5+2,FALSE) -> 0.06946658 | N5: =HLOOKUP(L5,$F$2:$H$54,J5+2,FALSE) -> 2 | O5: =P5*1.5 -> 0.0015232701 | P5: 0.0010155134 | Q5: 0.0010155134 | R5: =N5*O5 -> 0.0030465402 | T5: =ROUND(O5*1000000,0) -> 1523 | U5: 0.001523 | V5: =U5*N5/1.5 -> 0.0020306667 | Y5: =Z5*1.5 -> 0.00045 | Z5: 0.0003 | AA5: 0.0010155134 | AB5: =N5*Y5 -> 0.0009 | AD5: =ROUND(Y5*1000000,0) -> 450 | AE5: 0.00045 | AF5: =AE5*N5/1.5 -> 0.0006
B6: 2 | C6: {=_xlfn.IFNA( _xlfn._xlws.FILTER( Sim_Mul_Bet1!$F$2:$F$100, (Sim_Mul_Bet1!$A$2:$A$100=C$2) * (Sim_Mul_Bet1!$C$2:$C$100=$B6),0 ), 0 )} -> 0 | D6: {=_xlfn.IFNA( _xlfn._xlws.FILTER( Sim_Mul_Bet1!$F$2:$F$100, (Sim_Mul_Bet1!$A$2:$A$100=D$2) * (Sim_Mul_Bet1!$C$2:$C$100=$B6),0 ), 0 )} -> 0 | E6: {=_xlfn.IFNA( _xlfn._xlws.FILTER( Sim_Mul_Bet1!$F$2:$F$100, (Sim_Mul_Bet1!$A$2:$A$100=E$2) * (Sim_Mul_Bet1!$C$2:$C$100=$B6),0 ), 0 )} -> 0 | F6: {=_xlfn.IFNA( _xlfn._xlws.FILTER( Sim_Mul_Bet1!$L$2:$L$100, (Sim_Mul_Bet1!$A$2:$A$100=F$2) * (Sim_Mul_Bet1!$C$2:$C$100=$B6),0 ), 0 )} -> 0 | G6: {=_xlfn.IFNA( _xlfn._xlws.FILTER( Sim_Mul_Bet1!$L$2:$L$100, (Sim_Mul_Bet1!$A$2:$A$100=G$2) * (Sim_Mul_Bet1!$C$2:$C$100=$B6),0 ), 0 )} -> 0 | H6: {=_xlfn.IFNA( _xlfn._xlws.FILTER( Sim_Mul_Bet1!$L$2:$L$100, (Sim_Mul_Bet1!$A$2:$A$100=H$2) * (Sim_Mul_Bet1!$C$2:$C$100=$B6),0 ), 0 )} -> 0 | J6: 3 | K6: 2 | L6: B | M6: =HLOOKUP(L6,$C$2:$E$54,J6+2,FALSE) -> 0 | N6: =HLOOKUP(L6,$F$2:$H$54,J6+2,FALSE) -> 0 | O6: =P6*1.5 -> 0 | P6: 0 | Q6: 0 | R6: =N6*O6 -> 0 | T6: =ROUND(O6*1000000,0) -> 0 | U6: 0 | V6: =U6*N6/1.5 -> 0 | Y6: =Z6*1.5 -> 0 | Z6: 0 | AA6: 0 | AB6: =N6*Y6 -> 0 | AD6: =ROUND(Y6*1000000,0) -> 0 | AE6: 0 | AF6: =AE6*N6/1.5 -> 0
B7: 3 | C7: {=_xlfn.IFNA( _xlfn._xlws.FILTER( Sim_Mul_Bet1!$F$2:$F$100, (Sim_Mul_Bet1!$A$2:$A$100=C$2) * (Sim_Mul_Bet1!$C$2:$C$100=$B7),0 ), 0 )} -> 0 | D7: {=_xlfn.IFNA( _xlfn._xlws.FILTER( Sim_Mul_Bet1!$F$2:$F$100, (Sim_Mul_Bet1!$A$2:$A$100=D$2) * (Sim_Mul_Bet1!$C$2:$C$100=$B7),0 ), 0 )} -> 0 | E7: {=_xlfn.IFNA( _xlfn._xlws.FILTER( Sim_Mul_Bet1!$F$2:$F$100, (Sim_Mul_Bet1!$A$2:$A$100=E$2) * (Sim_Mul_Bet1!$C$2:$C$100=$B7),0 ), 0 )} -> 0 | F7: {=_xlfn.IFNA( _xlfn._xlws.FILTER( Sim_Mul_Bet1!$L$2:$L$100, (Sim_Mul_Bet1!$A$2:$A$100=F$2) * (Sim_Mul_Bet1!$C$2:$C$100=$B7),0 ), 0 )} -> 0 | G7: {=_xlfn.IFNA( _xlfn._xlws.FILTER( Sim_Mul_Bet1!$L$2:$L$100, (Sim_Mul_Bet1!$A$2:$A$100=G$2) * (Sim_Mul_Bet1!$C$2:$C$100=$B7),0 ), 0 )} -> 0 | H7: {=_xlfn.IFNA( _xlfn._xlws.FILTER( Sim_Mul_Bet1!$L$2:$L$100, (Sim_Mul_Bet1!$A$2:$A$100=H$2) * (Sim_Mul_Bet1!$C$2:$C$100=$B7),0 ), 0 )} -> 0 | J7: 4 | K7: 3 | L7: B | M7: =HLOOKUP(L7,$C$2:$E$54,J7+2,FALSE) -> 0 | N7: =HLOOKUP(L7,$F$2:$H$54,J7+2,FALSE) -> 0 | O7: =P7*1.5 -> 0 | P7: 0 | Q7: 0 | R7: =N7*O7 -> 0 | T7: =ROUND(O7*1000000,0) -> 0 | U7: 0 | V7: =U7*N7/1.5 -> 0 | Y7: =Z7*1.5 -> 0 | Z7: 0 | AA7: 0 | AB7: =N7*Y7 -> 0 | AD7: =ROUND(Y7*1000000,0) -> 0 | AE7: 0 | AF7: =AE7*N7/1.5 -> 0
B8: 4 | C8: {=_xlfn.IFNA( _xlfn._xlws.FILTER( Sim_Mul_Bet1!$F$2:$F$100, (Sim_Mul_Bet1!$A$2:$A$100=C$2) * (Sim_Mul_Bet1!$C$2:$C$100=$B8),0 ), 0 )} -> 0.07348217 | D8: {=_xlfn.IFNA( _xlfn._xlws.FILTER( Sim_Mul_Bet1!$F$2:$F$100, (Sim_Mul_Bet1!$A$2:$A$100=D$2) * (Sim_Mul_Bet1!$C$2:$C$100=$B8),0 ), 0 )} -> 0.08329281 | E8: {=_xlfn.IFNA( _xlfn._xlws.FILTER( Sim_Mul_Bet1!$F$2:$F$100, (Sim_Mul_Bet1!$A$2:$A$100=E$2) * (Sim_Mul_Bet1!$C$2:$C$100=$B8),0 ), 0 )} -> 0 | F8: {=_xlfn.IFNA( _xlfn._xlws.FILTER( Sim_Mul_Bet1!$L$2:$L$100, (Sim_Mul_Bet1!$A$2:$A$100=F$2) * (Sim_Mul_Bet1!$C$2:$C$100=$B8),0 ), 0 )} -> 5 | G8: {=_xlfn.IFNA( _xlfn._xlws.FILTER( Sim_Mul_Bet1!$L$2:$L$100, (Sim_Mul_Bet1!$A$2:$A$100=G$2) * (Sim_Mul_Bet1!$C$2:$C$100=$B8),0 ), 0 )} -> 5 | H8: {=_xlfn.IFNA( _xlfn._xlws.FILTER( Sim_Mul_Bet1!$L$2:$L$100, (Sim_Mul_Bet1!$A$2:$A$100=H$2) * (Sim_Mul_Bet1!$C$2:$C$100=$B8),0 ), 0 )} -> 0 | J8: 5 | K8: 4 | L8: B | M8: =HLOOKUP(L8,$C$2:$E$54,J8+2,FALSE) -> 0.08329281 | N8: =HLOOKUP(L8,$F$2:$H$54,J8+2,FALSE) -> 5 | O8: =P8*1.5 -> 0.064244375 | P8: 0.042829583 | Q8: 0.042829583 | R8: =N8*O8 -> 0.32122187 | T8: =ROUND(O8*1000000,0) -> 64244 | U8: 0.064244 | V8: =U8*N8/1.5 -> 0.21414667 | Y8: =Z8*1.5 -> 0.0375 | Z8: 0.025 | AA8: 0.042829583 | AB8: =N8*Y8 -> 0.1875 | AD8: =ROUND(Y8*1000000,0) -> 37500 | AE8: 0.0375 | AF8: =AE8*N8/1.5 -> 0.125
B9: 5 | C9: {=_xlfn.IFNA( _xlfn._xlws.FILTER( Sim_Mul_Bet1!$F$2:$F$100, (Sim_Mul_Bet1!$A$2:$A$100=C$2) * (Sim_Mul_Bet1!$C$2:$C$100=$B9),0 ), 0 )} -> 0.0007927 | D9: {=_xlfn.IFNA( _xlfn._xlws.FILTER( Sim_Mul_Bet1!$F$2:$F$100, (Sim_Mul_Bet1!$A$2:$A$100=D$2) * (Sim_Mul_Bet1!$C$2:$C$100=$B9),0 ), 0 )} -> 0.02778618 | E9: {=_xlfn.IFNA( _xlfn._xlws.FILTER( Sim_Mul_Bet1!$F$2:$F$100, (Sim_Mul_Bet1!$A$2:$A$100=E$2) * (Sim_Mul_Bet1!$C$2:$C$100=$B9),0 ), 0 )} -> 0 | F9: {=_xlfn.IFNA( _xlfn._xlws.FILTER( Sim_Mul_Bet1!$L$2:$L$100, (Sim_Mul_Bet1!$A$2:$A$100=F$2) * (Sim_Mul_Bet1!$C$2:$C$100=$B9),0 ), 0 )} -> 6 | G9: {=_xlfn.IFNA( _xlfn._xlws.FILTER( Sim_Mul_Bet1!$L$2:$L$100, (Sim_Mul_Bet1!$A$2:$A$100=G$2) * (Sim_Mul_Bet1!$C$2:$C$100=$B9),0 ), 0 )} -> 6 | H9: {=_xlfn.IFNA( _xlfn._xlws.FILTER( Sim_Mul_Bet1!$L$2:$L$100, (Sim_Mul_Bet1!$A$2:$A$100=H$2) * (Sim_Mul_Bet1!$C$2:$C$100=$B9),0 ), 0 )} -> 0 | J9: 6 | K9: 5 | L9: B | M9: =HLOOKUP(L9,$C$2:$E$54,J9+2,FALSE) -> 0.02778618 | N9: =HLOOKUP(L9,$F$2:$H$54,J9+2,FALSE) -> 6 | O9: =P9*1.5 -> 0.0017290662 | P9: 0.0011527108 | Q9: 0.0011527108 | R9: =N9*O9 -> 0.010374397 | T9: =ROUND(O9*1000000,0) -> 1729 | U9: 0.001729 | V9: =U9*N9/1.5 -> 0.006916 | Y9: =Z9*1.5 -> 0 | Z9: 0 | AA9: 0.0011527108 | AB9: =N9*Y9 -> 0 | AD9: =ROUND(Y9*1000000,0) -> 0 | AE9: 0 | AF9: =AE9*N9/1.5 -> 0
B10: 6 | C10: {=_xlfn.IFNA( _xlfn._xlws.FILTER( Sim_Mul_Bet1!$F$2:$F$100, (Sim_Mul_Bet1!$A$2:$A$100=C$2) * (Sim_Mul_Bet1!$C$2:$C$100=$B10),0 ), 0 )} -> 0 | D10: {=_xlfn.IFNA( _xlfn._xlws.FILTER( Sim_Mul_Bet1!$F$2:$F$100, (Sim_Mul_Bet1!$A$2:$A$100=D$2) * (Sim_Mul_Bet1!$C$2:$C$100=$B10),0 ), 0 )} -> 0 | E10: {=_xlfn.IFNA( _xlfn._xlws.FILTER( Sim_Mul_Bet1!$F$2:$F$100, (Sim_Mul_Bet1!$A$2:$A$100=E$2) * (Sim_Mul_Bet1!$C$2:$C$100=$B10),0 ), 0 )} -> 0 | F10: {=_xlfn.IFNA( _xlfn._xlws.FILTER( Sim_Mul_Bet1!$L$2:$L$100, (Sim_Mul_Bet1!$A$2:$A$100=F$2) * (Sim_Mul_Bet1!$C$2:$C$100=$B10),0 ), 0 )} -> 0 | G10: {=_xlfn.IFNA( _xlfn._xlws.FILTER( Sim_Mul_Bet1!$L$2:$L$100, (Sim_Mul_Bet1!$A$2:$A$100=G$2) * (Sim_Mul_Bet1!$C$2:$C$100=$B10),0 ), 0 )} -> 0 | H10: {=_xlfn.IFNA( _xlfn._xlws.FILTER( Sim_Mul_Bet1!$L$2:$L$100, (Sim_Mul_Bet1!$A$2:$A$100=H$2) * (Sim_Mul_Bet1!$C$2:$C$100=$B10),0 ), 0 )} -> 0 | J10: 7 | K10: 6 | L10: B | M10: =HLOOKUP(L10,$C$2:$E$54,J10+2,FALSE) -> 0 | N10: =HLOOKUP(L10,$F$2:$H$54,J10+2,FALSE) -> 0 | O10: =P10*1.5 -> 0 | P10: 0 | Q10: 0 | R10: =N10*O10 -> 0 | T10: =ROUND(O10*1000000,0) -> 0 | U10: 0 | V10: =U10*N10/1.5 -> 0 | Y10: =Z10*1.5 -> 0 | Z10: 0 | AA10: 0 | AB10: =N10*Y10 -> 0 | AD10: =ROUND(Y10*1000000,0) -> 0 | AE10: 0 | AF10: =AE10*N10/1.5 -> 0
B11: 7 | C11: {=_xlfn.IFNA( _xlfn._xlws.FILTER( Sim_Mul_Bet1!$F$2:$F$100, (Sim_Mul_Bet1!$A$2:$A$100=C$2) * (Sim_Mul_Bet1!$C$2:$C$100=$B11),0 ), 0 )} -> 0 | D11: {=_xlfn.IFNA( _xlfn._xlws.FILTER( Sim_Mul_Bet1!$F$2:$F$100, (Sim_Mul_Bet1!$A$2:$A$100=D$2) * (Sim_Mul_Bet1!$C$2:$C$100=$B11),0 ), 0 )} -> 0 | E11: {=_xlfn.IFNA( _xlfn._xlws.FILTER( Sim_Mul_Bet1!$F$2:$F$100, (Sim_Mul_Bet1!$A$2:$A$100=E$2) * (Sim_Mul_Bet1!$C$2:$C$100=$B11),0 ), 0 )} -> 0 | F11: {=_xlfn.IFNA( _xlfn._xlws.FILTER( Sim_Mul_Bet1!$L$2:$L$100, (Sim_Mul_Bet1!$A$2:$A$100=F$2) * (Sim_Mul_Bet1!$C$2:$C$100=$B11),0 ), 0 )} -> 0 | G11: {=_xlfn.IFNA( _xlfn._xlws.FILTER( Sim_Mul_Bet1!$L$2:$L$100, (Sim_Mul_Bet1!$A$2:$A$100=G$2) * (Sim_Mul_Bet1!$C$2:$C$100=$B11),0 ), 0 )} -> 0 | H11: {=_xlfn.IFNA( _xlfn._xlws.FILTER( Sim_Mul_Bet1!$L$2:$L$100, (Sim_Mul_Bet1!$A$2:$A$100=H$2) * (Sim_Mul_Bet1!$C$2:$C$100=$B11),0 ), 0 )} -> 0 | J11: 8 | K11: 7 | L11: B | M11: =HLOOKUP(L11,$C$2:$E$54,J11+2,FALSE) -> 0 | N11: =HLOOKUP(L11,$F$2:$H$54,J11+2,FALSE) -> 0 | O11: =P11*1.5 -> 0 | P11: 0 | Q11: 0 | R11: =N11*O11 -> 0 | T11: =ROUND(O11*1000000,0) -> 0 | U11: 0 | V11: =U11*N11/1.5 -> 0 | Y11: =Z11*1.5 -> 0 | Z11: 0 | AA11: 0 | AB11: =N11*Y11 -> 0 | AD11: =ROUND(Y11*1000000,0) -> 0 | AE11: 0 | AF11: =AE11*N11/1.5 -> 0
B12: 8 | C12: {=_xlfn.IFNA( _xlfn._xlws.FILTER( Sim_Mul_Bet1!$F$2:$F$100, (Sim_Mul_Bet1!$A$2:$A$100=C$2) * (Sim_Mul_Bet1!$C$2:$C$100=$B12),0 ), 0 )} -> 0 | D12: {=_xlfn.IFNA( _xlfn._xlws.FILTER( Sim_Mul_Bet1!$F$2:$F$100, (Sim_Mul_Bet1!$A$2:$A$100=D$2) * (Sim_Mul_Bet1!$C$2:$C$100=$B12),0 ), 0 )} -> 0 | E12: {=_xlfn.IFNA( _xlfn._xlws.FILTER( Sim_Mul_Bet1!$F$2:$F$100, (Sim_Mul_Bet1!$A$2:$A$100=E$2) * (Sim_Mul_Bet1!$C$2:$C$100=$B12),0 ), 0 )} -> 0 | F12: {=_xlfn.IFNA( _xlfn._xlws.FILTER( Sim_Mul_Bet1!$L$2:$L$100, (Sim_Mul_Bet1!$A$2:$A$100=F$2) * (Sim_Mul_Bet1!$C$2:$C$100=$B12),0 ), 0 )} -> 0 | G12: {=_xlfn.IFNA( _xlfn._xlws.FILTER( Sim_Mul_Bet1!$L$2:$L$100, (Sim_Mul_Bet1!$A$2:$A$100=G$2) * (Sim_Mul_Bet1!$C$2:$C$100=$B12),0 ), 0 )} -> 0 | H12: {=_xlfn.IFNA( _xlfn._xlws.FILTER( Sim_Mul_Bet1!$L$2:$L$100, (Sim_Mul_Bet1!$A$2:$A$100=H$2) * (Sim_Mul_Bet1!$C$2:$C$100=$B12),0 ), 0 )} -> 0 | J12: 9 | K12: 8 | L12: B | M12: =HLOOKUP(L12,$C$2:$E$54,J12+2,FALSE) -> 0 | N12: =HLOOKUP(L12,$F$2:$H$54,J12+2,FALSE) -> 0 | O12: =P12*1.5 -> 0 | P12: 0 | Q12: 0 | R12: =N12*O12 -> 0 | T12: =ROUND(O12*1000000,0) -> 0 | U12: 0 | V12: =U12*N12/1.5 -> 0 | Y12: =Z12*1.5 -> 0 | Z12: 0 | AA12: 0 | AB12: =N12*Y12 -> 0 | AD12: =ROUND(Y12*1000000,0) -> 0 | AE12: 0 | AF12: =AE12*N12/1.5 -> 0
B13: 9 | C13: {=_xlfn.IFNA( _xlfn._xlws.FILTER( Sim_Mul_Bet1!$F$2:$F$100, (Sim_Mul_Bet1!$A$2:$A$100=C$2) * (Sim_Mul_Bet1!$C$2:$C$100=$B13),0 ), 0 )} -> 0.05260601 | D13: {=_xlfn.IFNA( _xlfn._xlws.FILTER( Sim_Mul_Bet1!$F$2:$F$100, (Sim_Mul_Bet1!$A$2:$A$100=D$2) * (Sim_Mul_Bet1!$C$2:$C$100=$B13),0 ), 0 )} -> 0.08799973 | E13: {=_xlfn.IFNA( _xlfn._xlws.FILTER( Sim_Mul_Bet1!$F$2:$F$100, (Sim_Mul_Bet1!$A$2:$A$100=E$2) * (Sim_Mul_Bet1!$C$2:$C$100=$B13),0 ), 0 )} -> 0 | F13: {=_xlfn.IFNA( _xlfn._xlws.FILTER( Sim_Mul_Bet1!$L$2:$L$100, (Sim_Mul_Bet1!$A$2:$A$100=F$2) * (Sim_Mul_Bet1!$C$2:$C$100=$B13),0 ), 0 )} -> 10 | G13: {=_xlfn.IFNA( _xlfn._xlws.FILTER( Sim_Mul_Bet1!$L$2:$L$100, (Sim_Mul_Bet1!$A$2:$A$100=G$2) * (Sim_Mul_Bet1!$C$2:$C$100=$B13),0 ), 0 )} -> 10 | H13: {=_xlfn.IFNA( _xlfn._xlws.FILTER( Sim_Mul_Bet1!$L$2:$L$100, (Sim_Mul_Bet1!$A$2:$A$100=H$2) * (Sim_Mul_Bet1!$C$2:$C$100=$B13),0 ), 0 )} -> 0 | J13: 10 | K13: 9 | L13: B | M13: =HLOOKUP(L13,$C$2:$E$54,J13+2,FALSE) -> 0.08799973 | N13: =HLOOKUP(L13,$F$2:$H$54,J13+2,FALSE) -> 10 | O13: =P13*1.5 -> 0.0140055 | P13: 0.009337 | Q13: 0.0084216489 | R13: =N13*O13 -> 0.140055 | T13: =ROUND(O13*1000000,0) -> 14006 | U13: 0.014006 | V13: =U13*N13/1.5 -> 0.093373333 | Y13: =Z13*1.5 -> 0.03 | Z13: 0.02 | AA13: 0.0084216489 | AB13: =N13*Y13 -> 0.3 | AD13: =ROUND(Y13*1000000,0) -> 30000 | AE13: 0.03 | AF13: =AE13*N13/1.5 -> 0.2
B14: 10 | C14: {=_xlfn.IFNA( _xlfn._xlws.FILTER( Sim_Mul_Bet1!$F$2:$F$100, (Sim_Mul_Bet1!$A$2:$A$100=C$2) * (Sim_Mul_Bet1!$C$2:$C$100=$B14),0 ), 0 )} -> 0.00344485 | D14: {=_xlfn.IFNA( _xlfn._xlws.FILTER( Sim_Mul_Bet1!$F$2:$F$100, (Sim_Mul_Bet1!$A$2:$A$100=D$2) * (Sim_Mul_Bet1!$C$2:$C$100=$B14),0 ), 0 )} -> 0.05091928 | E14: {=_xlfn.IFNA( _xlfn._xlws.FILTER( Sim_Mul_Bet1!$F$2:$F$100, (Sim_Mul_Bet1!$A$2:$A$100=E$2) * (Sim_Mul_Bet1!$C$2:$C$100=$B14),0 ), 0 )} -> 0 | F14: {=_xlfn.IFNA( _xlfn._xlws.FILTER( Sim_Mul_Bet1!$L$2:$L$100, (Sim_Mul_Bet1!$A$2:$A$100=F$2) * (Sim_Mul_Bet1!$C$2:$C$100=$B14),0 ), 0 )} -> 12.127477 | G14: {=_xlfn.IFNA( _xlfn._xlws.FILTER( Sim_Mul_Bet1!$L$2:$L$100, (Sim_Mul_Bet1!$A$2:$A$100=G$2) * (Sim_Mul_Bet1!$C$2:$C$100=$B14),0 ), 0 )} -> 12.9095 | H14: {=_xlfn.IFNA( _xlfn._xlws.FILTER( Sim_Mul_Bet1!$L$2:$L$100, (Sim_Mul_Bet1!$A$2:$A$100=H$2) * (Sim_Mul_Bet1!$C$2:$C$100=$B14),0 ), 0 )} -> 0 | J14: 11 | K14: 10 | L14: B | M14: =HLOOKUP(L14,$C$2:$E$54,J14+2,FALSE) -> 0.05091928 | N14: =HLOOKUP(L14,$F$2:$H$54,J14+2,FALSE) -> 12.9095 | O14: =P14*1.5 -> 0.0075 | P14: 0.005 | Q14: 0.0061793549 | R14: =N14*O14 -> 0.096821249 | T14: =ROUND(O14*1000000,0) -> 7500 | U14: 0.0075 | V14: =U14*N14/1.5 -> 0.064547499 | Y14: =Z14*1.5 -> 0.0015 | Z14: 0.001 | AA14: 0.0061793549 | AB14: =N14*Y14 -> 0.01936425 | AD14: =ROUND(Y14*1000000,0) -> 1500 | AE14: 0.0015 | AF14: =AE14*N14/1.5 -> 0.0129095
B15: 15 | C15: {=_xlfn.IFNA( _xlfn._xlws.FILTER( Sim_Mul_Bet1!$F$2:$F$100, (Sim_Mul_Bet1!$A$2:$A$100=C$2) * (Sim_Mul_Bet1!$C$2:$C$100=$B15),0 ), 0 )} -> 0.00336342 | D15: {=_xlfn.IFNA( _xlfn._xlws.FILTER( Sim_Mul_Bet1!$F$2:$F$100, (Sim_Mul_Bet1!$A$2:$A$100=D$2) * (Sim_Mul_Bet1!$C$2:$C$100=$B15),0 ), 0 )} -> 0.05708653 | E15: {=_xlfn.IFNA( _xlfn._xlws.FILTER( Sim_Mul_Bet1!$F$2:$F$100, (Sim_Mul_Bet1!$A$2:$A$100=E$2) * (Sim_Mul_Bet1!$C$2:$C$100=$B15),0 ), 0 )} -> 0 | F15: {=_xlfn.IFNA( _xlfn._xlws.FILTER( Sim_Mul_Bet1!$L$2:$L$100, (Sim_Mul_Bet1!$A$2:$A$100=F$2) * (Sim_Mul_Bet1!$C$2:$C$100=$B15),0 ), 0 )} -> 19.963478 | G15: {=_xlfn.IFNA( _xlfn._xlws.FILTER( Sim_Mul_Bet1!$L$2:$L$100, (Sim_Mul_Bet1!$A$2:$A$100=G$2) * (Sim_Mul_Bet1!$C$2:$C$100=$B15),0 ), 0 )} -> 19.351528 | H15: {=_xlfn.IFNA( _xlfn._xlws.FILTER( Sim_Mul_Bet1!$L$2:$L$100, (Sim_Mul_Bet1!$A$2:$A$100=H$2) * (Sim_Mul_Bet1!$C$2:$C$100=$B15),0 ), 0 )} -> 0 | J15: 12 | K15: 15 | L15: B | M15: =HLOOKUP(L15,$C$2:$E$54,J15+2,FALSE) -> 0.05708653 | N15: =HLOOKUP(L15,$F$2:$H$54,J15+2,FALSE) -> 19.351528 | O15: =P15*1.5 -> 0.0075 | P15: 0.005 | Q15: 0.0059882886 | R15: =N15*O15 -> 0.14513646 | T15: =ROUND(O15*1000000,0) -> 7500 | U15: 0.0075 | V15: =U15*N15/1.5 -> 0.096757641 | Y15: =Z15*1.5 -> 0.018 | Z15: 0.012 | AA15: 0.0059882886 | AB15: =N15*Y15 -> 0.34832751 | AD15: =ROUND(Y15*1000000,0) -> 18000 | AE15: 0.018 | AF15: =AE15*N15/1.5 -> 0.23221834
... B54: 7000 | C54: {=_xlfn.IFNA( _xlfn._xlws.FILTER( Sim_Mul_Bet1!$F$2:$F$100, (Sim_Mul_Bet1!$A$2:$A$100=C$2) * (Sim_Mul_Bet1!$C$2:$C$100=$B54),0 ), 0 )} -> 0 | D54: {=_xlfn.IFNA( _xlfn._xlws.FILTER( Sim_Mul_Bet1!$F$2:$F$100, (Sim_Mul_Bet1!$A$2:$A$100=D$2) * (Sim_Mul_Bet1!$C$2:$C$100=$B54),0 ), 0 )} -> 0 | E54: {=_xlfn.IFNA( _xlfn._xlws.FILTER( Sim_Mul_Bet1!$F$2:$F$100, (Sim_Mul_Bet1!$A$2:$A$100=E$2) * (Sim_Mul_Bet1!$C$2:$C$100=$B54),0 ), 0 )} -> 0 | F54: {=_xlfn.IFNA( _xlfn._xlws.FILTER( Sim_Mul_Bet1!$L$2:$L$100, (Sim_Mul_Bet1!$A$2:$A$100=F$2) * (Sim_Mul_Bet1!$C$2:$C$100=$B54),0 ), 0 )} -> 0 | G54: {=_xlfn.IFNA( _xlfn._xlws.FILTER( Sim_Mul_Bet1!$L$2:$L$100, (Sim_Mul_Bet1!$A$2:$A$100=G$2) * (Sim_Mul_Bet1!$C$2:$C$100=$B54),0 ), 0 )} -> 0 | H54: {=_xlfn.IFNA( _xlfn._xlws.FILTER( Sim_Mul_Bet1!$L$2:$L$100, (Sim_Mul_Bet1!$A$2:$A$100=H$2) * (Sim_Mul_Bet1!$C$2:$C$100=$B54),0 ), 0 )} -> 0 | J54: 51 | K54: 7000 | L54: B | M54: =HLOOKUP(L54,$C$2:$E$54,J54+2,FALSE) -> 0 | N54: =HLOOKUP(L54,$F$2:$H$54,J54+2,FALSE) -> 0 | O54: =P54*1.5 -> 0 | P54: 0 | Q54: 0 | R54: =N54*O54 -> 0 | T54: =ROUND(O54*1000000,0) -> 0 | U54: 0 | V54: =U54*N54/1.5 -> 0 | Y54: =Z54*1.5 -> 0 | Z54: 0 | AA54: 0 | AB54: =N54*Y54 -> 0 | AD54: =ROUND(Y54*1000000,0) -> 0 | AE54: 0 | AF54: =AE54*N54/1.5 -> 0

Sheet Sim_Mul_Bet1
F1: Hit% | L1: 1
A2: A | B2: BaseGame | C2: -1 | D2: = | E2: 79597221 | F2: {=E2:E18/SUM(E2:E18)} -> 0.79597221
A3: A | B3: BaseGame | C3: 0 | D3: = | E3: 5778729 | F3: 0.05778729 | H3: Pay | I3: = | J3: 577872900 | L3: =J3/E3/100/$L$1 -> 1 | O3: 1C1 | P3: = | Q3: null | R3: 2C1 | S3: = | T3: 5778729 | U3: 3C1 | V3: = | W3: null | X3: 4C1 | Y3: = | Z3: null | AA3: 5C1 | AB3: = | AC3: null
A4: A | B4: BaseGame | C4: 1 | D4: = | E4: 506731 | F4: 0.00506731 | H4: Pay | I4: = | J4: 101346200 | L4: =J4/E4/100/$L$1 -> 2 | O4: 1C1 | P4: = | Q4: null | R4: 2C1 | S4: = | T4: 134795 | U4: 3C1 | V4: = | W4: null | X4: 4C1 | Y4: = | Z4: null | AA4: 5C1 | AB4: = | AC4: null
A5: A | B5: BaseGame | C5: 4 | D5: = | E5: 7348217 | F5: 0.07348217 | H5: Pay | I5: = | J5: 3674108500 | L5: =J5/E5/100/$L$1 -> 5 | O5: 1C1 | P5: = | Q5: null | R5: 2C1 | S5: = | T5: 1673259 | U5: 3C1 | V5: = | W5: null | X5: 4C1 | Y5: = | Z5: null | AA5: 5C1 | AB5: = | AC5: null
A6: A | B6: BaseGame | C6: 5 | D6: = | E6: 79270 | F6: 0.0007927 | H6: Pay | I6: = | J6: 47562000 | L6: =J6/E6/100/$L$1 -> 6 | O6: 1C1 | P6: = | Q6: null | R6: 2C1 | S6: = | T6: 79270 | U6: 3C1 | V6: = | W6: null | X6: 4C1 | Y6: = | Z6: null | AA6: 5C1 | AB6: = | AC6: null
A7: A | B7: BaseGame | C7: 9 | D7: = | E7: 5260601 | F7: 0.05260601 | H7: Pay | I7: = | J7: 5260601000 | L7: =J7/E7/100/$L$1 -> 10 | O7: 1C1 | P7: = | Q7: null | R7: 2C1 | S7: = | T7: 4137078 | U7: 3C1 | V7: = | W7: null | X7: 4C1 | Y7: = | Z7: null | AA7: 5C1 | AB7: = | AC7: null
A8: A | B8: BaseGame | C8: 10 | D8: = | E8: 344485 | F8: 0.00344485 | H8: Pay | I8: = | J8: 417773400 | L8: =J8/E8/100/$L$1 -> 12.127477 | O8: 1C1 | P8: = | Q8: null | R8: 2C1 | S8: = | T8: 344485 | U8: 3C1 | V8: = | W8: null | X8: 4C1 | Y8: = | Z8: null | AA8: 5C1 | AB8: = | AC8: null
A9: A | B9: BaseGame | C9: 15 | D9: = | E9: 336342 | F9: 0.00336342 | H9: Pay | I9: = | J9: 671455600 | L9: =J9/E9/100/$L$1 -> 19.963478 | O9: 1C1 | P9: = | Q9: null | R9: 2C1 | S9: = | T9: 9736 | U9: 3C1 | V9: = | W9: null | X9: 4C1 | Y9: = | Z9: null | AA9: 5C1 | AB9: = | AC9: null
A10: A | B10: BaseGame | C10: 20 | D10: = | E10: 432671 | F10: 0.00432671 | H10: Pay | I10: = | J10: 1066968700 | L10: =J10/E10/100/$L$1 -> 24.660047 | O10: 1C1 | P10: = | Q10: null | R10: 2C1 | S10: = | T10: 1529 | U10: 3C1 | V10: = | W10: null | X10: 4C1 | Y10: = | Z10: null | AA10: 5C1 | AB10: = | AC10: null
A11: A | B11: BaseGame | C11: 25 | D11: = | E11: 21366 | F11: 0.00021366 | H11: Pay | I11: = | J11: 64087200 | L11: =J11/E11/100/$L$1 -> 29.994945 | O11: 1C1 | P11: = | Q11: null | R11: 2C1 | S11: = | T11: 30 | U11: 3C1 | V11: = | W11: null | X11: 4C1 | Y11: = | Z11: null | AA11: 5C1 | AB11: = | AC11: null
A12: A | B12: BaseGame | C12: 45 | D12: = | E12: 174124 | F12: 0.00174124 | H12: Pay | I12: = | J12: 870620000 | L12: =J12/E12/100/$L$1 -> 50 | O12: 1C1 | P12: = | Q12: null | R12: 2C1 | S12: = | T12: 115195 | U12: 3C1 | V12: = | W12: null | X12: 4C1 | Y12: = | Z12: null | AA12: 5C1 | AB12: = | AC12: null
A13: A | B13: BaseGame | C13: 50 | D13: = | E13: 53310 | F13: 0.0005331 | H13: Pay | I13: = | J13: 281634900 | L13: =J13/E13/100/$L$1 -> 52.829657 | O13: 1C1 | P13: = | Q13: null | R13: 2C1 | S13: = | T13: 44823 | U13: 3C1 | V13: = | W13: null | X13: 4C1 | Y13: = | Z13: null | AA13: 5C1 | AB13: = | AC13: null
A14: A | B14: BaseGame | C14: 60 | D14: = | E14: 241 | F14: 2.41e-06 | H14: Pay | I14: = | J14: 1502700 | L14: =J14/E14/100/$L$1 -> 62.352697 | O14: 1C1 | P14: = | Q14: null | R14: 2C1 | S14: = | T14: 241 | U14: 3C1 | V14: = | W14: null | X14: 4C1 | Y14: = | Z14: null | AA14: 5C1 | AB14: = | AC14: null
... A16: A | B16: BaseGame | C16: 100 | D16: = | E16: 14816 | F16: 0.00014816 | H16: Pay | I16: = | J16: 154137500 | L16: =J16/E16/100/$L$1 -> 104.03449 | O16: 1C1 | P16: = | Q16: null | R16: 2C1 | S16: = | T16: 1415 | U16: 3C1 | V16: = | W16: null | X16: 4C1 | Y16: = | Z16: null | AA16: 5C1 | AB16: = | AC16: null
A17: A | B17: BaseGame | C17: 450 | D17: = | E17: 1735 | F17: 1.735e-05 | H17: Pay | I17: = | J17: 86750000 | L17: =J17/E17/100/$L$1 -> 500 | O17: 1C1 | P17: = | Q17: null | R17: 2C1 | S17: = | T17: null | U17: 3C1 | V17: = | W17: null | X17: 4C1 | Y17: = | Z17: null | AA17: 5C1 | AB17: = | AC17: null
A18: A | B18: BaseGame | C18: 500 | D18: = | E18: 517 | F18: 5.17e-06 | H18: Pay | I18: = | J18: 26408500 | L18: =J18/E18/100/$L$1 -> 510.80271 | O18: 1C1 | P18: = | Q18: null | R18: 2C1 | S18: = | T18: null | U18: 3C1 | V18: = | W18: null | X18: 4C1 | Y18: = | Z18: null | AA18: 5C1 | AB18: = | AC18: null
A21: B | B21: BaseGame | C21: -1 | D21: = | E21: 22225457 | F21: {=E21:E42/SUM(E21:E42)} -> 0.22225457
A22: B | B22: BaseGame | C22: 0 | D22: = | E22: 2778646 | F22: 0.02778646 | H22: Pay | I22: = | J22: 277864600 | L22: =J22/E22/100/$L$1 -> 1 | O22: 1C1 | P22: = | Q22: null | R22: 2C1 | S22: = | T22: 2778646 | U22: 3C1 | V22: = | W22: null | X22: 4C1 | Y22: = | Z22: null | AA22: 5C1 | AB22: = | AC22: null
A23: B | B23: BaseGame | C23: 1 | D23: = | E23: 6946658 | F23: 0.06946658 | H23: Pay | I23: = | J23: 1389331600 | L23: =J23/E23/100/$L$1 -> 2 | O23: 1C1 | P23: = | Q23: null | R23: 2C1 | S23: = | T23: 1389397 | U23: 3C1 | V23: = | W23: null | X23: 4C1 | Y23: = | Z23: null | AA23: 5C1 | AB23: = | AC23: null
A24: B | B24: BaseGame | C24: 4 | D24: = | E24: 8329281 | F24: 0.08329281 | H24: Pay | I24: = | J24: 4164640500 | L24: =J24/E24/100/$L$1 -> 5 | O24: 1C1 | P24: = | Q24: null | R24: 2C1 | S24: = | T24: 2779582 | U24: 3C1 | V24: = | W24: null | X24: 4C1 | Y24: = | Z24: null | AA24: 5C1 | AB24: = | AC24: null
A25: B | B25: BaseGame | C25: 5 | D25: = | E25: 2778618 | F25: 0.02778618 | H25: Pay | I25: = | J25: 1667170800 | L25: =J25/E25/100/$L$1 -> 6 | O25: 1C1 | P25: = | Q25: null | R25: 2C1 | S25: = | T25: 2778618 | U25: 3C1 | V25: = | W25: null | X25: 4C1 | Y25: = | Z25: null | AA25: 5C1 | AB25: = | AC25: null
A26: B | B26: BaseGame | C26: 9 | D26: = | E26: 8799973 | F26: 0.08799973 | H26: Pay | I26: = | J26: 8799973000 | L26: =J26/E26/100/$L$1 -> 10 | O26: 1C1 | P26: = | Q26: null | R26: 2C1 | S26: = | T26: 3241572 | U26: 3C1 | V26: = | W26: null | X26: 4C1 | Y26: = | Z26: null | AA26: 5C1 | AB26: = | AC26: null
A27: B | B27: BaseGame | C27: 10 | D27: = | E27: 5091928 | F27: 0.05091928 | H27: Pay | I27: = | J27: 6573424400 | L27: =J27/E27/100/$L$1 -> 12.9095 | O27: 1C1 | P27: = | Q27: null | R27: 2C1 | S27: = | T27: 5091928 | U27: 3C1 | V27: = | W27: null | X27: 4C1 | Y27: = | Z27: null | AA27: 5C1 | AB27: = | AC27: null
A28: B | B28: BaseGame | C28: 15 | D28: = | E28: 5708653 | F28: 0.05708653 | H28: Pay | I28: = | J28: 11047116000 | L28: =J28/E28/100/$L$1 -> 19.351528 | O28: 1C1 | P28: = | Q28: null | R28: 2C1 | S28: = | T28: 2006229 | U28: 3C1 | V28: = | W28: null | X28: 4C1 | Y28: = | Z28: null | AA28: 5C1 | AB28: = | AC28: null
A29: B | B29: BaseGame | C29: 20 | D29: = | E29: 7139482 | F29: 0.07139482 | H29: Pay | I29: = | J29: 17436248800 | L29: =J29/E29/100/$L$1 -> 24.422288 | O29: 1C1 | P29: = | Q29: null | R29: 2C1 | S29: = | T29: 656403 | U29: 3C1 | V29: = | W29: null | X29: 4C1 | Y29: = | Z29: null | AA29: 5C1 | AB29: = | AC29: null
A30: B | B30: BaseGame | C30: 25 | D30: = | E30: 1041965 | F30: 0.01041965 | H30: Pay | I30: = | J30: 3094709800 | L30: =J30/E30/100/$L$1 -> 29.700708 | O30: 1C1 | P30: = | Q30: null | R30: 2C1 | S30: = | T30: 116658 | U30: 3C1 | V30: = | W30: null | X30: 4C1 | Y30: = | Z30: null | AA30: 5C1 | AB30: = | AC30: null
A31: B | B31: BaseGame | C31: 45 | D31: = | E31: 4169275 | F31: 0.04169275 | H31: Pay | I31: = | J31: 20846375000 | L31: =J31/E31/100/$L$1 -> 50 | O31: 1C1 | P31: = | Q31: null | R31: 2C1 | S31: = | T31: 463653 | U31: 3C1 | V31: = | W31: null | X31: 4C1 | Y31: = | Z31: null | AA31: 5C1 | AB31: = | AC31: null
A32: B | B32: BaseGame | C32: 50 | D32: = | E32: 4934837 | F32: 0.04934837 | H32: Pay | I32: = | J32: 27109914900 | L32: =J32/E32/100/$L$1 -> 54.935786 | O32: 1C1 | P32: = | Q32: null | R32: 2C1 | S32: = | T32: 4010363 | U32: 3C1 | V32: = | W32: null | X32: 4C1 | Y32: = | Z32: null | AA32: 5C1 | AB32: = | AC32: null
A33: B | B33: BaseGame | C33: 60 | D33: = | E33: 1080380 | F33: 0.0108038 | H33: Pay | I33: = | J33: 6899016900 | L33: =J33/E33/100/$L$1 -> 63.857318 | O33: 1C1 | P33: = | Q33: null | R33: 2C1 | S33: = | T33: 1080380 | U33: 3C1 | V33: = | W33: null | X33: 4C1 | Y33: = | Z33: null | AA33: 5C1 | AB33: = | AC33: null
A34: B | B34: BaseGame | C34: 70 | D34: = | E34: 925893 | F34: 0.00925893 | H34: Pay | I34: = | J34: 6944197500 | L34: =J34/E34/100/$L$1 -> 75 | O34: 1C1 | P34: = | Q34: null | R34: 2C1 | S34: = | T34: null | U34: 3C1 | V34: = | W34: null | X34: 4C1 | Y34: = | Z34: null | AA34: 5C1 | AB34: = | AC34: null
A35: B | B35: BaseGame | C35: 90 | D35: = | E35: 1426818 | F35: 0.01426818 | H35: Pay | I35: = | J35: 14268180000 | L35: =J35/E35/100/$L$1 -> 100 | O35: 1C1 | P35: = | Q35: null | R35: 2C1 | S35: = | T35: 500547 | U35: 3C1 | V35: = | W35: null | X35: 4C1 | Y35: = | Z35: null | AA35: 5C1 | AB35: = | AC35: null
A36: B | B36: BaseGame | C36: 100 | D36: = | E36: 7252055 | F36: 0.07252055 | H36: Pay | I36: = | J36: 77242661000 | L36: =J36/E36/100/$L$1 -> 106.51141 | O36: 1C1 | P36: = | Q36: null | R36: 2C1 | S36: = | T36: 5400117 | U36: 3C1 | V36: = | W36: null | X36: 4C1 | Y36: = | Z36: null | AA36: 5C1 | AB36: = | AC36: null
A37: B | B37: BaseGame | C37: 140 | D37: = | E37: 694137 | F37: 0.00694137 | H37: Pay | I37: = | J37: 10689732600 | L37: =J37/E37/100/$L$1 -> 154.00033 | O37: 1C1 | P37: = | Q37: null | R37: 2C1 | S37: = | T37: 694137 | U37: 3C1 | V37: = | W37: null | X37: 4C1 | Y37: = | Z37: null | AA37: 5C1 | AB37: = | AC37: null
A38: B | B38: BaseGame | C38: 180 | D38: = | E38: 965367 | F38: 0.00965367 | H38: Pay | I38: = | J38: 19307340000 | L38: =J38/E38/100/$L$1 -> 200 | O38: 1C1 | P38: = | Q38: null | R38: 2C1 | S38: = | T38: 38785 | U38: 3C1 | V38: = | W38: null | X38: 4C1 | Y38: = | Z38: null | AA38: 5C1 | AB38: = | AC38: null
A39: B | B39: BaseGame | C39: 200 | D39: = | E39: 3085645 | F39: 0.03085645 | H39: Pay | I39: = | J39: 67588337500 | L39: =J39/E39/100/$L$1 -> 219.0412 | O39: 1C1 | P39: = | Q39: null | R39: 2C1 | S39: = | T39: 308596 | U39: 3C1 | V39: = | W39: null | X39: 4C1 | Y39: = | Z39: null | AA39: 5C1 | AB39: = | AC39: null
A40: B | B40: BaseGame | C40: 250 | D40: = | E40: 1847820 | F40: 0.0184782 | H40: Pay | I40: = | J40: 48967548000 | L40: =J40/E40/100/$L$1 -> 265.00172 | O40: 1C1 | P40: = | Q40: null | R40: 2C1 | S40: = | T40: null | U40: 3C1 | V40: = | W40: null | X40: 4C1 | Y40: = | Z40: null | AA40: 5C1 | AB40: = | AC40: null
A41: B | B41: BaseGame | C41: 450 | D41: = | E41: 926443 | F41: 0.00926443 | H41: Pay | I41: = | J41: 46322150000 | L41: =J41/E41/100/$L$1 -> 500 | O41: 1C1 | P41: = | Q41: null | R41: 2C1 | S41: = | T41: null | U41: 3C1 | V41: = | W41: null | X41: 4C1 | Y41: = | Z41: null | AA41: 5C1 | AB41: = | AC41: null
A42: B | B42: BaseGame | C42: 500 | D42: = | E42: 1850669 | F42: 0.01850669 | H42: Pay | I42: = | J42: 95306992500 | L42: =J42/E42/100/$L$1 -> 514.9867 | O42: 1C1 | P42: = | Q42: null | R42: 2C1 | S42: = | T42: null | U42: 3C1 | V42: = | W42: null | X42: 4C1 | Y42: = | Z42: null | AA42: 5C1 | AB42: = | AC42: null

Sheet Card_Bet5
C1: Hit% | F1: Mul | R1: =SUM(R3:R54) -> 1.3795295 | V1: =SUM(V3:V54) -> 0.91999777 | AB1: =SUM(AB3:AB54) -> 1.3873331 | AF1: =SUM(AF3:AF54) -> 0.92495866
B2: Interval | C2: A | D2: B | E2: C | F2: A | G2: B | H2: C | J2: Index | K2: Interval | L2: Sheet | M2: Mul | N2: Avg Mul | O2: Hit%_tune | P2: Hit%_ori | Q2: Jili Hit% | R2: RTP_tune | T2: Hit%_Weight_Final | U2: Hit%_Final | V2: RTP_Final | Y2: Hit%_tune | Z2: Hit%_ori | AA2: Jili Hit% | AB2: RTP_tune | AD2: Hit%_Weight_Final | AE2: Hit%_Final | AF2: RTP_Final
B3: -1 | C3: {=_xlfn.IFNA( _xlfn._xlws.FILTER( Sim_Mul_Bet5!$F$2:$F$100, (Sim_Mul_Bet5!$A$2:$A$100=C$2) * (Sim_Mul_Bet5!$C$2:$C$100=$B3),0 ), 0 )} -> 0.80605718 | D3: {=_xlfn.IFNA( _xlfn._xlws.FILTER( Sim_Mul_Bet5!$F$2:$F$100, (Sim_Mul_Bet5!$A$2:$A$100=D$2) * (Sim_Mul_Bet5!$C$2:$C$100=$B3),0 ), 0 )} -> 0.11104762 | E3: {=_xlfn.IFNA( _xlfn._xlws.FILTER( Sim_Mul_Bet5!$F$2:$F$100, (Sim_Mul_Bet5!$A$2:$A$100=E$2) * (Sim_Mul_Bet5!$C$2:$C$100=$B3),0 ), 0 )} -> 0 | F3: {=_xlfn.IFNA( _xlfn._xlws.FILTER( Sim_Mul_Bet5!$L$2:$L$100, (Sim_Mul_Bet5!$A$2:$A$100=F$2) * (Sim_Mul_Bet5!$C$2:$C$100=$B3),0 ), 0 )} -> 0 | G3: {=_xlfn.IFNA( _xlfn._xlws.FILTER( Sim_Mul_Bet5!$L$2:$L$100, (Sim_Mul_Bet5!$A$2:$A$100=G$2) * (Sim_Mul_Bet5!$C$2:$C$100=$B3),0 ), 0 )} -> 0 | H3: {=_xlfn.IFNA( _xlfn._xlws.FILTER( Sim_Mul_Bet5!$L$2:$L$100, (Sim_Mul_Bet5!$A$2:$A$100=H$2) * (Sim_Mul_Bet5!$C$2:$C$100=$B3),0 ), 0 )} -> 0 | J3: 0 | K3: -1 | L3: A | M3: =HLOOKUP(L3,$C$2:$E$54,J3+2,FALSE) -> 0.80605718 | N3: =HLOOKUP(L3,$F$2:$H$54,J3+2,FALSE) -> 0 | O3: =1-SUM(O4:O53) -> 0.80342917 | P3: =1-SUM(P4:P53) -> 0.86895278 | Q3: =1-SUM(Q4:Q54) -> 0.86813985 | R3: =N3*O3 -> 0 | T3: =1000000-SUM(T4:T54) -> 803427 | U3: {=T3:T54/SUM($T$3:$T$54)} -> 0.803427 | V3: =U3*N3/1.5 -> 0 | Y3: =1-SUM(Y4:Y53) -> 0.8735545 | Z3: =1-SUM(Z4:Z53) -> 0.915703 | AA3: =1-SUM(AA4:AA54) -> 0.86813985 | AB3: =N3*Y3 -> 0 | AD3: =1000000-SUM(AD4:AD54) -> 873554 | AE3: {=AD3:AD54/SUM($T$3:$T$54)} -> 0.873554 | AF3: =AE3*N3/1.5 -> 0
B4: 0 | C4: {=_xlfn.IFNA( _xlfn._xlws.FILTER( Sim_Mul_Bet5!$F$2:$F$100, (Sim_Mul_Bet5!$A$2:$A$100=C$2) * (Sim_Mul_Bet5!$C$2:$C$100=$B4),0 ), 0 )} -> 0.05882625 | D4: {=_xlfn.IFNA( _xlfn._xlws.FILTER( Sim_Mul_Bet5!$F$2:$F$100, (Sim_Mul_Bet5!$A$2:$A$100=D$2) * (Sim_Mul_Bet5!$C$2:$C$100=$B4),0 ), 0 )} -> 0.08152568 | E4: {=_xlfn.IFNA( _xlfn._xlws.FILTER( Sim_Mul_Bet5!$F$2:$F$100, (Sim_Mul_Bet5!$A$2:$A$100=E$2) * (Sim_Mul_Bet5!$C$2:$C$100=$B4),0 ), 0 )} -> 0 | F4: {=_xlfn.IFNA( _xlfn._xlws.FILTER( Sim_Mul_Bet5!$L$2:$L$100, (Sim_Mul_Bet5!$A$2:$A$100=F$2) * (Sim_Mul_Bet5!$C$2:$C$100=$B4),0 ), 0 )} -> 0.68645651 | G4: {=_xlfn.IFNA( _xlfn._xlws.FILTER( Sim_Mul_Bet5!$L$2:$L$100, (Sim_Mul_Bet5!$A$2:$A$100=G$2) * (Sim_Mul_Bet5!$C$2:$C$100=$B4),0 ), 0 )} -> 0.74434267 | H4: {=_xlfn.IFNA( _xlfn._xlws.FILTER( Sim_Mul_Bet5!$L$2:$L$100, (Sim_Mul_Bet5!$A$2:$A$100=H$2) * (Sim_Mul_Bet5!$C$2:$C$100=$B4),0 ), 0 )} -> 0 | J4: 1 | K4: 0 | L4: B | M4: =HLOOKUP(L4,$C$2:$E$54,J4+2,FALSE) -> 0.08152568 | N4: =HLOOKUP(L4,$F$2:$H$54,J4+2,FALSE) -> 0.74434267 | O4: =P4*1.5 -> 0.097882533 | P4: 0.065255022 | Q4: 0.065255022 | R4: =N4*O4 -> 0.072858145 | T4: =ROUND(O4*1000000,0) -> 97883 | U4: 0.097883 | V4: =U4*N4/1.5 -> 0.048572329 | Y4: =Z4*1.5 -> 0.045 | Z4: 0.03 | AA4: 0.065255022 | AB4: =N4*Y4 -> 0.03349542 | AD4: =ROUND(Y4*1000000,0) -> 45000 | AE4: 0.045 | AF4: =AE4*N4/1.5 -> 0.02233028
B5: 1 | C5: {=_xlfn.IFNA( _xlfn._xlws.FILTER( Sim_Mul_Bet5!$F$2:$F$100, (Sim_Mul_Bet5!$A$2:$A$100=C$2) * (Sim_Mul_Bet5!$C$2:$C$100=$B5),0 ), 0 )} -> 0.02351987 | D5: {=_xlfn.IFNA( _xlfn._xlws.FILTER( Sim_Mul_Bet5!$F$2:$F$100, (Sim_Mul_Bet5!$A$2:$A$100=D$2) * (Sim_Mul_Bet5!$C$2:$C$100=$B5),0 ), 0 )} -> 0.0619022 | E5: {=_xlfn.IFNA( _xlfn._xlws.FILTER( Sim_Mul_Bet5!$F$2:$F$100, (Sim_Mul_Bet5!$A$2:$A$100=E$2) * (Sim_Mul_Bet5!$C$2:$C$100=$B5),0 ), 0 )} -> 0 | F5: {=_xlfn.IFNA( _xlfn._xlws.FILTER( Sim_Mul_Bet5!$L$2:$L$100, (Sim_Mul_Bet5!$A$2:$A$100=F$2) * (Sim_Mul_Bet5!$C$2:$C$100=$B5),0 ), 0 )} -> 1.9826516 | G5: {=_xlfn.IFNA( _xlfn._xlws.FILTER( Sim_Mul_Bet5!$L$2:$L$100, (Sim_Mul_Bet5!$A$2:$A$100=G$2) * (Sim_Mul_Bet5!$C$2:$C$100=$B5),0 ), 0 )} -> 1.8223902 | H5: {=_xlfn.IFNA( _xlfn._xlws.FILTER( Sim_Mul_Bet5!$L$2:$L$100, (Sim_Mul_Bet5!$A$2:$A$100=H$2) * (Sim_Mul_Bet5!$C$2:$C$100=$B5),0 ), 0 )} -> 0 | J5: 2 | K5: 1 | L5: B | M5: =HLOOKUP(L5,$C$2:$E$54,J5+2,FALSE) -> 0.0619022 | N5: =HLOOKUP(L5,$F$2:$H$54,J5+2,FALSE) -> 1.8223902 | O5: =P5*1.5 -> 0.003 | P5: 0.002 | Q5: 0.0020542997 | R5: =N5*O5 -> 0.0054671705 | T5: =ROUND(O5*1000000,0) -> 3000 | U5: 0.003 | V5: =U5*N5/1.5 -> 0.0036447803 | Y5: =Z5*1.5 -> 0.00015 | Z5: 0.0001 | AA5: 0.0020542997 | AB5: =N5*Y5 -> 0.00027335852 | AD5: =ROUND(Y5*1000000,0) -> 150 | AE5: 0.00015 | AF5: =AE5*N5/1.5 -> 0.00018223902
B6: 2 | C6: {=_xlfn.IFNA( _xlfn._xlws.FILTER( Sim_Mul_Bet5!$F$2:$F$100, (Sim_Mul_Bet5!$A$2:$A$100=C$2) * (Sim_Mul_Bet5!$C$2:$C$100=$B6),0 ), 0 )} -> 0.00130263 | D6: {=_xlfn.IFNA( _xlfn._xlws.FILTER( Sim_Mul_Bet5!$F$2:$F$100, (Sim_Mul_Bet5!$A$2:$A$100=D$2) * (Sim_Mul_Bet5!$C$2:$C$100=$B6),0 ), 0 )} -> 0.02705141 | E6: {=_xlfn.IFNA( _xlfn._xlws.FILTER( Sim_Mul_Bet5!$F$2:$F$100, (Sim_Mul_Bet5!$A$2:$A$100=E$2) * (Sim_Mul_Bet5!$C$2:$C$100=$B6),0 ), 0 )} -> 0 | F6: {=_xlfn.IFNA( _xlfn._xlws.FILTER( Sim_Mul_Bet5!$L$2:$L$100, (Sim_Mul_Bet5!$A$2:$A$100=F$2) * (Sim_Mul_Bet5!$C$2:$C$100=$B6),0 ), 0 )} -> 2.591597 | G6: {=_xlfn.IFNA( _xlfn._xlws.FILTER( Sim_Mul_Bet5!$L$2:$L$100, (Sim_Mul_Bet5!$A$2:$A$100=G$2) * (Sim_Mul_Bet5!$C$2:$C$100=$B6),0 ), 0 )} -> 2.5574818 | H6: {=_xlfn.IFNA( _xlfn._xlws.FILTER( Sim_Mul_Bet5!$L$2:$L$100, (Sim_Mul_Bet5!$A$2:$A$100=H$2) * (Sim_Mul_Bet5!$C$2:$C$100=$B6),0 ), 0 )} -> 0 | J6: 3 | K6: 2 | L6: B | M6: =HLOOKUP(L6,$C$2:$E$54,J6+2,FALSE) -> 0.02705141 | N6: =HLOOKUP(L6,$F$2:$H$54,J6+2,FALSE) -> 2.5574818 | O6: =P6*1.5 -> 0.006 | P6: 0.004 | Q6: 0.0040659003 | R6: =N6*O6 -> 0.015344891 | T6: =ROUND(O6*1000000,0) -> 6000 | U6: 0.006 | V6: =U6*N6/1.5 -> 0.010229927 | Y6: =Z6*1.5 -> 0.00075 | Z6: 0.0005 | AA6: 0.0040659003 | AB6: =N6*Y6 -> 0.0019181113 | AD6: =ROUND(Y6*1000000,0) -> 750 | AE6: 0.00075 | AF6: =AE6*N6/1.5 -> 0.0012787409
B7: 3 | C7: {=_xlfn.IFNA( _xlfn._xlws.FILTER( Sim_Mul_Bet5!$F$2:$F$100, (Sim_Mul_Bet5!$A$2:$A$100=C$2) * (Sim_Mul_Bet5!$C$2:$C$100=$B7),0 ), 0 )} -> 0.01226215 | D7: {=_xlfn.IFNA( _xlfn._xlws.FILTER( Sim_Mul_Bet5!$F$2:$F$100, (Sim_Mul_Bet5!$A$2:$A$100=D$2) * (Sim_Mul_Bet5!$C$2:$C$100=$B7),0 ), 0 )} -> 0.0346246 | E7: {=_xlfn.IFNA( _xlfn._xlws.FILTER( Sim_Mul_Bet5!$F$2:$F$100, (Sim_Mul_Bet5!$A$2:$A$100=E$2) * (Sim_Mul_Bet5!$C$2:$C$100=$B7),0 ), 0 )} -> 0 | F7: {=_xlfn.IFNA( _xlfn._xlws.FILTER( Sim_Mul_Bet5!$L$2:$L$100, (Sim_Mul_Bet5!$A$2:$A$100=F$2) * (Sim_Mul_Bet5!$C$2:$C$100=$B7),0 ), 0 )} -> 3.997757 | G7: {=_xlfn.IFNA( _xlfn._xlws.FILTER( Sim_Mul_Bet5!$L$2:$L$100, (Sim_Mul_Bet5!$A$2:$A$100=G$2) * (Sim_Mul_Bet5!$C$2:$C$100=$B7),0 ), 0 )} -> 3.8194211 | H7: {=_xlfn.IFNA( _xlfn._xlws.FILTER( Sim_Mul_Bet5!$L$2:$L$100, (Sim_Mul_Bet5!$A$2:$A$100=H$2) * (Sim_Mul_Bet5!$C$2:$C$100=$B7),0 ), 0 )} -> 0 | J7: 4 | K7: 3 | L7: B | M7: =HLOOKUP(L7,$C$2:$E$54,J7+2,FALSE) -> 0.0346246 | N7: =HLOOKUP(L7,$F$2:$H$54,J7+2,FALSE) -> 3.8194211 | O7: =P7*1.5 -> 0 | P7: 0 | Q7: 0 | R7: =N7*O7 -> 0 | T7: =ROUND(O7*1000000,0) -> 0 | U7: 0 | V7: =U7*N7/1.5 -> 0 | Y7: =Z7*1.5 -> 0 | Z7: 0 | AA7: 0 | AB7: =N7*Y7 -> 0 | AD7: =ROUND(Y7*1000000,0) -> 0 | AE7: 0 | AF7: =AE7*N7/1.5 -> 0
B8: 4 | C8: {=_xlfn.IFNA( _xlfn._xlws.FILTER( Sim_Mul_Bet5!$F$2:$F$100, (Sim_Mul_Bet5!$A$2:$A$100=C$2) * (Sim_Mul_Bet5!$C$2:$C$100=$B8),0 ), 0 )} -> 0.0240556 | D8: {=_xlfn.IFNA( _xlfn._xlws.FILTER( Sim_Mul_Bet5!$F$2:$F$100, (Sim_Mul_Bet5!$A$2:$A$100=D$2) * (Sim_Mul_Bet5!$C$2:$C$100=$B8),0 ), 0 )} -> 0.05710653 | E8: {=_xlfn.IFNA( _xlfn._xlws.FILTER( Sim_Mul_Bet5!$F$2:$F$100, (Sim_Mul_Bet5!$A$2:$A$100=E$2) * (Sim_Mul_Bet5!$C$2:$C$100=$B8),0 ), 0 )} -> 0 | F8: {=_xlfn.IFNA( _xlfn._xlws.FILTER( Sim_Mul_Bet5!$L$2:$L$100, (Sim_Mul_Bet5!$A$2:$A$100=F$2) * (Sim_Mul_Bet5!$C$2:$C$100=$B8),0 ), 0 )} -> 4.9793729 | G8: {=_xlfn.IFNA( _xlfn._xlws.FILTER( Sim_Mul_Bet5!$L$2:$L$100, (Sim_Mul_Bet5!$A$2:$A$100=G$2) * (Sim_Mul_Bet5!$C$2:$C$100=$B8),0 ), 0 )} -> 4.8535341 | H8: {=_xlfn.IFNA( _xlfn._xlws.FILTER( Sim_Mul_Bet5!$L$2:$L$100, (Sim_Mul_Bet5!$A$2:$A$100=H$2) * (Sim_Mul_Bet5!$C$2:$C$100=$B8),0 ), 0 )} -> 0 | J8: 5 | K8: 4 | L8: B | M8: =HLOOKUP(L8,$C$2:$E$54,J8+2,FALSE) -> 0.05710653 | N8: =HLOOKUP(L8,$F$2:$H$54,J8+2,FALSE) -> 4.8535341 | O8: =P8*1.5 -> 0.045 | P8: 0.03 | Q8: 0.029879182 | R8: =N8*O8 -> 0.21840904 | T8: =ROUND(O8*1000000,0) -> 45000 | U8: 0.045 | V8: =U8*N8/1.5 -> 0.14560602 | Y8: =Z8*1.5 -> 0.0225 | Z8: 0.015 | AA8: 0.029879182 | AB8: =N8*Y8 -> 0.10920452 | AD8: =ROUND(Y8*1000000,0) -> 22500 | AE8: 0.0225 | AF8: =AE8*N8/1.5 -> 0.072803012
B9: 5 | C9: {=_xlfn.IFNA( _xlfn._xlws.FILTER( Sim_Mul_Bet5!$F$2:$F$100, (Sim_Mul_Bet5!$A$2:$A$100=C$2) * (Sim_Mul_Bet5!$C$2:$C$100=$B9),0 ), 0 )} -> 0.00120534 | D9: {=_xlfn.IFNA( _xlfn._xlws.FILTER( Sim_Mul_Bet5!$F$2:$F$100, (Sim_Mul_Bet5!$A$2:$A$100=D$2) * (Sim_Mul_Bet5!$C$2:$C$100=$B9),0 ), 0 )} -> 0.02077109 | E9: {=_xlfn.IFNA( _xlfn._xlws.FILTER( Sim_Mul_Bet5!$F$2:$F$100, (Sim_Mul_Bet5!$A$2:$A$100=E$2) * (Sim_Mul_Bet5!$C$2:$C$100=$B9),0 ), 0 )} -> 0 | F9: {=_xlfn.IFNA( _xlfn._xlws.FILTER( Sim_Mul_Bet5!$L$2:$L$100, (Sim_Mul_Bet5!$A$2:$A$100=F$2) * (Sim_Mul_Bet5!$C$2:$C$100=$B9),0 ), 0 )} -> 5.7606053 | G9: {=_xlfn.IFNA( _xlfn._xlws.FILTER( Sim_Mul_Bet5!$L$2:$L$100, (Sim_Mul_Bet5!$A$2:$A$100=G$2) * (Sim_Mul_Bet5!$C$2:$C$100=$B9),0 ), 0 )} -> 5.7904268 | H9: {=_xlfn.IFNA( _xlfn._xlws.FILTER( Sim_Mul_Bet5!$L$2:$L$100, (Sim_Mul_Bet5!$A$2:$A$100=H$2) * (Sim_Mul_Bet5!$C$2:$C$100=$B9),0 ), 0 )} -> 0 | J9: 6 | K9: 5 | L9: B | M9: =HLOOKUP(L9,$C$2:$E$54,J9+2,FALSE) -> 0.02077109 | N9: =HLOOKUP(L9,$F$2:$H$54,J9+2,FALSE) -> 5.7904268 | O9: =P9*1.5 -> 0.0015452996 | P9: 0.0010301998 | Q9: 0.0010301998 | R9: =N9*O9 -> 0.0089479445 | T9: =ROUND(O9*1000000,0) -> 1545 | U9: 0.001545 | V9: =U9*N9/1.5 -> 0.0059641396 | Y9: =Z9*1.5 -> 0.0015 | Z9: 0.001 | AA9: 0.0010301998 | AB9: =N9*Y9 -> 0.0086856402 | AD9: =ROUND(Y9*1000000,0) -> 1500 | AE9: 0.0015 | AF9: =AE9*N9/1.5 -> 0.0057904268
B10: 6 | C10: {=_xlfn.IFNA( _xlfn._xlws.FILTER( Sim_Mul_Bet5!$F$2:$F$100, (Sim_Mul_Bet5!$A$2:$A$100=C$2) * (Sim_Mul_Bet5!$C$2:$C$100=$B10),0 ), 0 )} -> 0.00014175 | D10: {=_xlfn.IFNA( _xlfn._xlws.FILTER( Sim_Mul_Bet5!$F$2:$F$100, (Sim_Mul_Bet5!$A$2:$A$100=D$2) * (Sim_Mul_Bet5!$C$2:$C$100=$B10),0 ), 0 )} -> 0.00261459 | E10: {=_xlfn.IFNA( _xlfn._xlws.FILTER( Sim_Mul_Bet5!$F$2:$F$100, (Sim_Mul_Bet5!$A$2:$A$100=E$2) * (Sim_Mul_Bet5!$C$2:$C$100=$B10),0 ), 0 )} -> 0 | F10: {=_xlfn.IFNA( _xlfn._xlws.FILTER( Sim_Mul_Bet5!$L$2:$L$100, (Sim_Mul_Bet5!$A$2:$A$100=F$2) * (Sim_Mul_Bet5!$C$2:$C$100=$B10),0 ), 0 )} -> 7 | G10: {=_xlfn.IFNA( _xlfn._xlws.FILTER( Sim_Mul_Bet5!$L$2:$L$100, (Sim_Mul_Bet5!$A$2:$A$100=G$2) * (Sim_Mul_Bet5!$C$2:$C$100=$B10),0 ), 0 )} -> 7 | H10: {=_xlfn.IFNA( _xlfn._xlws.FILTER( Sim_Mul_Bet5!$L$2:$L$100, (Sim_Mul_Bet5!$A$2:$A$100=H$2) * (Sim_Mul_Bet5!$C$2:$C$100=$B10),0 ), 0 )} -> 0 | J10: 7 | K10: 6 | L10: B | M10: =HLOOKUP(L10,$C$2:$E$54,J10+2,FALSE) -> 0.00261459 | N10: =HLOOKUP(L10,$F$2:$H$54,J10+2,FALSE) -> 7 | O10: =P10*1.5 -> 0 | P10: 0 | Q10: 0 | R10: =N10*O10 -> 0 | T10: =ROUND(O10*1000000,0) -> 0 | U10: 0 | V10: =U10*N10/1.5 -> 0 | Y10: =Z10*1.5 -> 0 | Z10: 0 | AA10: 0 | AB10: =N10*Y10 -> 0 | AD10: =ROUND(Y10*1000000,0) -> 0 | AE10: 0 | AF10: =AE10*N10/1.5 -> 0
B11: 7 | C11: {=_xlfn.IFNA( _xlfn._xlws.FILTER( Sim_Mul_Bet5!$F$2:$F$100, (Sim_Mul_Bet5!$A$2:$A$100=C$2) * (Sim_Mul_Bet5!$C$2:$C$100=$B11),0 ), 0 )} -> 1.714e-05 | D11: {=_xlfn.IFNA( _xlfn._xlws.FILTER( Sim_Mul_Bet5!$F$2:$F$100, (Sim_Mul_Bet5!$A$2:$A$100=D$2) * (Sim_Mul_Bet5!$C$2:$C$100=$B11),0 ), 0 )} -> 0.00260401 | E11: {=_xlfn.IFNA( _xlfn._xlws.FILTER( Sim_Mul_Bet5!$F$2:$F$100, (Sim_Mul_Bet5!$A$2:$A$100=E$2) * (Sim_Mul_Bet5!$C$2:$C$100=$B11),0 ), 0 )} -> 0 | F11: {=_xlfn.IFNA( _xlfn._xlws.FILTER( Sim_Mul_Bet5!$L$2:$L$100, (Sim_Mul_Bet5!$A$2:$A$100=F$2) * (Sim_Mul_Bet5!$C$2:$C$100=$B11),0 ), 0 )} -> 7.5556593 | G11: {=_xlfn.IFNA( _xlfn._xlws.FILTER( Sim_Mul_Bet5!$L$2:$L$100, (Sim_Mul_Bet5!$A$2:$A$100=G$2) * (Sim_Mul_Bet5!$C$2:$C$100=$B11),0 ), 0 )} -> 7.5989785 | H11: {=_xlfn.IFNA( _xlfn._xlws.FILTER( Sim_Mul_Bet5!$L$2:$L$100, (Sim_Mul_Bet5!$A$2:$A$100=H$2) * (Sim_Mul_Bet5!$C$2:$C$100=$B11),0 ), 0 )} -> 0 | J11: 8 | K11: 7 | L11: B | M11: =HLOOKUP(L11,$C$2:$E$54,J11+2,FALSE) -> 0.00260401 | N11: =HLOOKUP(L11,$F$2:$H$54,J11+2,FALSE) -> 7.5989785 | O11: =P11*1.5 -> 0 | P11: 0 | Q11: 0 | R11: =N11*O11 -> 0 | T11: =ROUND(O11*1000000,0) -> 0 | U11: 0 | V11: =U11*N11/1.5 -> 0 | Y11: =Z11*1.5 -> 0 | Z11: 0 | AA11: 0 | AB11: =N11*Y11 -> 0 | AD11: =ROUND(Y11*1000000,0) -> 0 | AE11: 0 | AF11: =AE11*N11/1.5 -> 0
B12: 8 | C12: {=_xlfn.IFNA( _xlfn._xlws.FILTER( Sim_Mul_Bet5!$F$2:$F$100, (Sim_Mul_Bet5!$A$2:$A$100=C$2) * (Sim_Mul_Bet5!$C$2:$C$100=$B12),0 ), 0 )} -> 0 | D12: {=_xlfn.IFNA( _xlfn._xlws.FILTER( Sim_Mul_Bet5!$F$2:$F$100, (Sim_Mul_Bet5!$A$2:$A$100=D$2) * (Sim_Mul_Bet5!$C$2:$C$100=$B12),0 ), 0 )} -> 0 | E12: {=_xlfn.IFNA( _xlfn._xlws.FILTER( Sim_Mul_Bet5!$F$2:$F$100, (Sim_Mul_Bet5!$A$2:$A$100=E$2) * (Sim_Mul_Bet5!$C$2:$C$100=$B12),0 ), 0 )} -> 0 | F12: {=_xlfn.IFNA( _xlfn._xlws.FILTER( Sim_Mul_Bet5!$L$2:$L$100, (Sim_Mul_Bet5!$A$2:$A$100=F$2) * (Sim_Mul_Bet5!$C$2:$C$100=$B12),0 ), 0 )} -> 0 | G12: {=_xlfn.IFNA( _xlfn._xlws.FILTER( Sim_Mul_Bet5!$L$2:$L$100, (Sim_Mul_Bet5!$A$2:$A$100=G$2) * (Sim_Mul_Bet5!$C$2:$C$100=$B12),0 ), 0 )} -> 0 | H12: {=_xlfn.IFNA( _xlfn._xlws.FILTER( Sim_Mul_Bet5!$L$2:$L$100, (Sim_Mul_Bet5!$A$2:$A$100=H$2) * (Sim_Mul_Bet5!$C$2:$C$100=$B12),0 ), 0 )} -> 0 | J12: 9 | K12: 8 | L12: B | M12: =HLOOKUP(L12,$C$2:$E$54,J12+2,FALSE) -> 0 | N12: =HLOOKUP(L12,$F$2:$H$54,J12+2,FALSE) -> 0 | O12: =P12*1.5 -> 0 | P12: 0 | Q12: 0 | R12: =N12*O12 -> 0 | T12: =ROUND(O12*1000000,0) -> 0 | U12: 0 | V12: =U12*N12/1.5 -> 0 | Y12: =Z12*1.5 -> 0 | Z12: 0 | AA12: 0 | AB12: =N12*Y12 -> 0 | AD12: =ROUND(Y12*1000000,0) -> 0 | AE12: 0 | AF12: =AE12*N12/1.5 -> 0
B13: 9 | C13: {=_xlfn.IFNA( _xlfn._xlws.FILTER( Sim_Mul_Bet5!$F$2:$F$100, (Sim_Mul_Bet5!$A$2:$A$100=C$2) * (Sim_Mul_Bet5!$C$2:$C$100=$B13),0 ), 0 )} -> 0.05054139 | D13: {=_xlfn.IFNA( _xlfn._xlws.FILTER( Sim_Mul_Bet5!$F$2:$F$100, (Sim_Mul_Bet5!$A$2:$A$100=D$2) * (Sim_Mul_Bet5!$C$2:$C$100=$B13),0 ), 0 )} -> 0.0314166 | E13: {=_xlfn.IFNA( _xlfn._xlws.FILTER( Sim_Mul_Bet5!$F$2:$F$100, (Sim_Mul_Bet5!$A$2:$A$100=E$2) * (Sim_Mul_Bet5!$C$2:$C$100=$B13),0 ), 0 )} -> 0 | F13: {=_xlfn.IFNA( _xlfn._xlws.FILTER( Sim_Mul_Bet5!$L$2:$L$100, (Sim_Mul_Bet5!$A$2:$A$100=F$2) * (Sim_Mul_Bet5!$C$2:$C$100=$B13),0 ), 0 )} -> 10 | G13: {=_xlfn.IFNA( _xlfn._xlws.FILTER( Sim_Mul_Bet5!$L$2:$L$100, (Sim_Mul_Bet5!$A$2:$A$100=G$2) * (Sim_Mul_Bet5!$C$2:$C$100=$B13),0 ), 0 )} -> 10 | H13: {=_xlfn.IFNA( _xlfn._xlws.FILTER( Sim_Mul_Bet5!$L$2:$L$100, (Sim_Mul_Bet5!$A$2:$A$100=H$2) * (Sim_Mul_Bet5!$C$2:$C$100=$B13),0 ), 0 )} -> 0 | J13: 10 | K13: 9 | L13: B | M13: =HLOOKUP(L13,$C$2:$E$54,J13+2,FALSE) -> 0.0314166 | N13: =HLOOKUP(L13,$F$2:$H$54,J13+2,FALSE) -> 10 | O13: =P13*1.5 -> 0.0069135 | P13: 0.004609 | Q13: 0.0050154462 | R13: =N13*O13 -> 0.069135 | T13: =ROUND(O13*1000000,0) -> 6914 | U13: 0.006914 | V13: =U13*N13/1.5 -> 0.046093333 | Y13: =Z13*1.5 -> 0.03 | Z13: 0.02 | AA13: 0.0050154462 | AB13: =N13*Y13 -> 0.3 | AD13: =ROUND(Y13*1000000,0) -> 30000 | AE13: 0.03 | AF13: =AE13*N13/1.5 -> 0.2
B14: 10 | C14: {=_xlfn.IFNA( _xlfn._xlws.FILTER( Sim_Mul_Bet5!$F$2:$F$100, (Sim_Mul_Bet5!$A$2:$A$100=C$2) * (Sim_Mul_Bet5!$C$2:$C$100=$B14),0 ), 0 )} -> 0.00851157 | D14: {=_xlfn.IFNA( _xlfn._xlws.FILTER( Sim_Mul_Bet5!$F$2:$F$100, (Sim_Mul_Bet5!$A$2:$A$100=D$2) * (Sim_Mul_Bet5!$C$2:$C$100=$B14),0 ), 0 )} -> 0.08720145 | E14: {=_xlfn.IFNA( _xlfn._xlws.FILTER( Sim_Mul_Bet5!$F$2:$F$100, (Sim_Mul_Bet5!$A$2:$A$100=E$2) * (Sim_Mul_Bet5!$C$2:$C$100=$B14),0 ), 0 )} -> 0 | F14: {=_xlfn.IFNA( _xlfn._xlws.FILTER( Sim_Mul_Bet5!$L$2:$L$100, (Sim_Mul_Bet5!$A$2:$A$100=F$2) * (Sim_Mul_Bet5!$C$2:$C$100=$B14),0 ), 0 )} -> 12.977314 | G14: {=_xlfn.IFNA( _xlfn._xlws.FILTER( Sim_Mul_Bet5!$L$2:$L$100, (Sim_Mul_Bet5!$A$2:$A$100=G$2) * (Sim_Mul_Bet5!$C$2:$C$100=$B14),0 ), 0 )} -> 12.116504 | H14: {=_xlfn.IFNA( _xlfn._xlws.FILTER( Sim_Mul_Bet5!$L$2:$L$100, (Sim_Mul_Bet5!$A$2:$A$100=H$2) * (Sim_Mul_Bet5!$C$2:$C$100=$B14),0 ), 0 )} -> 0 | J14: 11 | K14: 10 | L14: B | M14: =HLOOKUP(L14,$C$2:$E$54,J14+2,FALSE) -> 0.08720145 | N14: =HLOOKUP(L14,$F$2:$H$54,J14+2,FALSE) -> 12.116504 | O14: =P14*1.5 -> 0.0087 | P14: 0.0058 | Q14: 0.0058870494 | R14: =N14*O14 -> 0.10541358 | T14: =ROUND(O14*1000000,0) -> 8700 | U14: 0.0087 | V14: =U14*N14/1.5 -> 0.07027572 | Y14: =Z14*1.5 -> 0.00015 | Z14: 0.0001 | AA14: 0.0058870494 | AB14: =N14*Y14 -> 0.0018174755 | AD14: =ROUND(Y14*1000000,0) -> 150 | AE14: 0.00015 | AF14: =AE14*N14/1.5 -> 0.0012116504
B15: 15 | C15: {=_xlfn.IFNA( _xlfn._xlws.FILTER( Sim_Mul_Bet5!$F$2:$F$100, (Sim_Mul_Bet5!$A$2:$A$100=C$2) * (Sim_Mul_Bet5!$C$2:$C$100=$B15),0 ), 0 )} -> 0.00517188 | D15: {=_xlfn.IFNA( _xlfn._xlws.FILTER( Sim_Mul_Bet5!$F$2:$F$100, (Sim_Mul_Bet5!$A$2:$A$100=D$2) * (Sim_Mul_Bet5!$C$2:$C$100=$B15),0 ), 0 )} -> 0.03853947 | E15: {=_xlfn.IFNA( _xlfn._xlws.FILTER( Sim_Mul_Bet5!$F$2:$F$100, (Sim_Mul_Bet5!$A$2:$A$100=E$2) * (Sim_Mul_Bet5!$C$2:$C$100=$B15),0 ), 0 )} -> 0 | F15: {=_xlfn.IFNA( _xlfn._xlws.FILTER( Sim_Mul_Bet5!$L$2:$L$100, (Sim_Mul_Bet5!$A$2:$A$100=F$2) * (Sim_Mul_Bet5!$C$2:$C$100=$B15),0 ), 0 )} -> 19.71091 | G15: {=_xlfn.IFNA( _xlfn._xlws.FILTER( Sim_Mul_Bet5!$L$2:$L$100, (Sim_Mul_Bet5!$A$2:$A$100=G$2) * (Sim_Mul_Bet5!$C$2:$C$100=$B15),0 ), 0 )} -> 18.345823 | H15: {=_xlfn.IFNA( _xlfn._xlws.FILTER( Sim_Mul_Bet5!$L$2:$L$100, (Sim_Mul_Bet5!$A$2:$A$100=H$2) * (Sim_Mul_Bet5!$C$2:$C$100=$B15),0 ), 0 )} -> 0 | J15: 12 | K15: 15 | L15: B | M15: =HLOOKUP(L15,$C$2:$E$54,J15+2,FALSE) -> 0.03853947 | N15: =HLOOKUP(L15,$F$2:$H$54,J15+2,FALSE) -> 18.345823 | O15: =P15*1.5 -> 0.004305 | P15: 0.00287 | Q15: 0.002882526 | R15: =N15*O15 -> 0.078978767 | T15: =ROUND(O15*1000000,0) -> 4305 | U15: 0.004305 | V15: =U15*N15/1.5 -> 0.052652511 | Y15: =Z15*1.5 -> 0.012615 | Z15: 0.00841 | AA15: 0.002882526 | AB15: =N15*Y15 -> 0.23143255 | AD15: =ROUND(Y15*1000000,0) -> 12615 | AE15: 0.012615 | AF15: =AE15*N15/1.5 -> 0.15428837
... B54: 7000 | C54: {=_xlfn.IFNA( _xlfn._xlws.FILTER( Sim_Mul_Bet5!$F$2:$F$100, (Sim_Mul_Bet5!$A$2:$A$100=C$2) * (Sim_Mul_Bet5!$C$2:$C$100=$B54),0 ), 0 )} -> 0 | D54: {=_xlfn.IFNA( _xlfn._xlws.FILTER( Sim_Mul_Bet5!$F$2:$F$100, (Sim_Mul_Bet5!$A$2:$A$100=D$2) * (Sim_Mul_Bet5!$C$2:$C$100=$B54),0 ), 0 )} -> 0 | E54: {=_xlfn.IFNA( _xlfn._xlws.FILTER( Sim_Mul_Bet5!$F$2:$F$100, (Sim_Mul_Bet5!$A$2:$A$100=E$2) * (Sim_Mul_Bet5!$C$2:$C$100=$B54),0 ), 0 )} -> 0 | F54: {=_xlfn.IFNA( _xlfn._xlws.FILTER( Sim_Mul_Bet5!$L$2:$L$100, (Sim_Mul_Bet5!$A$2:$A$100=F$2) * (Sim_Mul_Bet5!$C$2:$C$100=$B54),0 ), 0 )} -> 0 | G54: {=_xlfn.IFNA( _xlfn._xlws.FILTER( Sim_Mul_Bet5!$L$2:$L$100, (Sim_Mul_Bet5!$A$2:$A$100=G$2) * (Sim_Mul_Bet5!$C$2:$C$100=$B54),0 ), 0 )} -> 0 | H54: {=_xlfn.IFNA( _xlfn._xlws.FILTER( Sim_Mul_Bet5!$L$2:$L$100, (Sim_Mul_Bet5!$A$2:$A$100=H$2) * (Sim_Mul_Bet5!$C$2:$C$100=$B54),0 ), 0 )} -> 0 | J54: 51 | K54: 7000 | L54: B | M54: =HLOOKUP(L54,$C$2:$E$54,J54+2,FALSE) -> 0 | N54: =HLOOKUP(L54,$F$2:$H$54,J54+2,FALSE) -> 0 | O54: =P54*1.5 -> 0 | P54: 0 | Q54: 0 | R54: =N54*O54 -> 0 | T54: =ROUND(O54*1000000,0) -> 0 | U54: 0 | V54: =U54*N54/1.5 -> 0 | Y54: =Z54*1.5 -> 0 | Z54: 0 | AA54: 0 | AB54: =N54*Y54 -> 0 | AD54: =ROUND(Y54*1000000,0) -> 0 | AE54: 0 | AF54: =AE54*N54/1.5 -> 0

Sheet Sim_Mul_Bet5
L1: 5
A2: A | B2: BaseGame | C2: -1 | D2: = | E2: 80605718 | F2: {=E2:E34/SUM(E2:E34)} -> 0.80605718
A3: A | B3: BaseGame | C3: 0 | D3: = | E3: 5882625 | F3: 0.05882625 | H3: Pay | I3: = | J3: 2019083100 | L3: =J3/E3/$L$1/100 -> 0.68645651 | O3: 1C1 | P3: = | Q3: null | R3: 2C1 | S3: = | T3: 770699 | U3: 3C1 | V3: = | W3: null | X3: 4C1 | Y3: = | Z3: null | AA3: 5C1 | AB3: = | AC3: null
A4: A | B4: BaseGame | C4: 1 | D4: = | E4: 2351987 | F4: 0.02351987 | H4: Pay | I4: = | J4: 2331585400 | L4: =J4/E4/$L$1/100 -> 1.9826516 | O4: 1C1 | P4: = | Q4: null | R4: 2C1 | S4: = | T4: 867669 | U4: 3C1 | V4: = | W4: null | X4: 4C1 | Y4: = | Z4: null | AA4: 5C1 | AB4: = | AC4: null
A5: A | B5: BaseGame | C5: 2 | D5: = | E5: 130263 | F5: 0.00130263 | H5: Pay | I5: = | J5: 168794600 | L5: =J5/E5/$L$1/100 -> 2.591597 | O5: 1C1 | P5: = | Q5: null | R5: 2C1 | S5: = | T5: 130263 | U5: 3C1 | V5: = | W5: null | X5: 4C1 | Y5: = | Z5: null | AA5: 5C1 | AB5: = | AC5: null
A6: A | B6: BaseGame | C6: 3 | D6: = | E6: 1226215 | F6: 0.01226215 | H6: Pay | I6: = | J6: 2451054800 | L6: =J6/E6/$L$1/100 -> 3.997757 | O6: 1C1 | P6: = | Q6: null | R6: 2C1 | S6: = | T6: 16519 | U6: 3C1 | V6: = | W6: null | X6: 4C1 | Y6: = | Z6: null | AA6: 5C1 | AB6: = | AC6: null
A7: A | B7: BaseGame | C7: 4 | D7: = | E7: 2405560 | F7: 0.0240556 | H7: Pay | I7: = | J7: 5989090100 | L7: =J7/E7/$L$1/100 -> 4.9793729 | O7: 1C1 | P7: = | Q7: 838295 | R7: 2C1 | S7: = | T7: 2251 | U7: 3C1 | V7: = | W7: null | X7: 4C1 | Y7: = | Z7: null | AA7: 5C1 | AB7: = | AC7: null
A8: A | B8: BaseGame | C8: 5 | D8: = | E8: 120534 | F8: 0.00120534 | H8: Pay | I8: = | J8: 347174400 | L8: =J8/E8/$L$1/100 -> 5.7606053 | O8: 1C1 | P8: = | Q8: 53427 | R8: 2C1 | S8: = | T8: 96 | U8: 3C1 | V8: = | W8: null | X8: 4C1 | Y8: = | Z8: null | AA8: 5C1 | AB8: = | AC8: null
A9: A | B9: BaseGame | C9: 6 | D9: = | E9: 14175 | F9: 0.00014175 | H9: Pay | I9: = | J9: 49612500 | L9: =J9/E9/$L$1/100 -> 7 | O9: 1C1 | P9: = | Q9: 14175 | R9: 2C1 | S9: = | T9: null | U9: 3C1 | V9: = | W9: null | X9: 4C1 | Y9: = | Z9: null | AA9: 5C1 | AB9: = | AC9: null
A10: A | B10: BaseGame | C10: 7 | D10: = | E10: 1714 | F10: 1.714e-05 | H10: Pay | I10: = | J10: 6475200 | L10: =J10/E10/$L$1/100 -> 7.5556593 | O10: 1C1 | P10: = | Q10: 1714 | R10: 2C1 | S10: = | T10: null | U10: 3C1 | V10: = | W10: null | X10: 4C1 | Y10: = | Z10: null | AA10: 5C1 | AB10: = | AC10: null
A11: A | B11: BaseGame | C11: 9 | D11: = | E11: 5054139 | F11: 0.05054139 | H11: Pay | I11: = | J11: 25270695000 | L11: =J11/E11/$L$1/100 -> 10 | O11: 1C1 | P11: = | Q11: 2513650 | R11: 2C1 | S11: = | T11: 2195404 | U11: 3C1 | V11: = | W11: null | X11: 4C1 | Y11: = | Z11: null | AA11: 5C1 | AB11: = | AC11: null
A12: A | B12: BaseGame | C12: 10 | D12: = | E12: 851157 | F12: 0.00851157 | H12: Pay | I12: = | J12: 5522865800 | L12: =J12/E12/$L$1/100 -> 12.977314 | O12: 1C1 | P12: = | Q12: 630031 | R12: 2C1 | S12: = | T12: 178855 | U12: 3C1 | V12: = | W12: null | X12: 4C1 | Y12: = | Z12: null | AA12: 5C1 | AB12: = | AC12: null
A13: A | B13: BaseGame | C13: 15 | D13: = | E13: 517188 | F13: 0.00517188 | H13: Pay | I13: = | J13: 5097123100 | L13: =J13/E13/$L$1/100 -> 19.71091 | O13: 1C1 | P13: = | Q13: 131706 | R13: 2C1 | S13: = | T13: 209233 | U13: 3C1 | V13: = | W13: null | X13: 4C1 | Y13: = | Z13: null | AA13: 5C1 | AB13: = | AC13: null
A14: A | B14: BaseGame | C14: 20 | D14: = | E14: 92199 | F14: 0.00092199 | H14: Pay | I14: = | J14: 977712500 | L14: =J14/E14/$L$1/100 -> 21.208744 | O14: 1C1 | P14: = | Q14: 13584 | R14: 2C1 | S14: = | T14: 43467 | U14: 3C1 | V14: = | W14: null | X14: 4C1 | Y14: = | Z14: null | AA14: 5C1 | AB14: = | AC14: null
A15: A | B15: BaseGame | C15: 25 | D15: = | E15: 63190 | F15: 0.0006319 | H15: Pay | I15: = | J15: 945635400 | L15: =J15/E15/$L$1/100 -> 29.929907 | O15: 1C1 | P15: = | Q15: 49693 | R15: 2C1 | S15: = | T15: 13497 | U15: 3C1 | V15: = | W15: null | X15: 4C1 | Y15: = | Z15: null | AA15: 5C1 | AB15: = | AC15: null
A16: A | B16: BaseGame | C16: 30 | D16: = | E16: 9196 | F16: 9.196e-05 | H16: Pay | I16: = | J16: 143970400 | L16: =J16/E16/$L$1/100 -> 31.311527 | O16: 1C1 | P16: = | Q16: 6416 | R16: 2C1 | S16: = | T16: 2780 | U16: 3C1 | V16: = | W16: null | X16: 4C1 | Y16: = | Z16: null | AA16: 5C1 | AB16: = | AC16: null
A17: A | B17: BaseGame | C17: 35 | D17: = | E17: 179825 | F17: 0.00179825 | H17: Pay | I17: = | J17: 3595904800 | L17: =J17/E17/$L$1/100 -> 39.99338 | O17: 1C1 | P17: = | Q17: 880 | R17: 2C1 | S17: = | T17: 608 | U17: 3C1 | V17: = | W17: null | X17: 4C1 | Y17: = | Z17: null | AA17: 5C1 | AB17: = | AC17: null
A18: A | B18: BaseGame | C18: 40 | D18: = | E18: 47108 | F18: 0.00047108 | H18: Pay | I18: = | J18: 976206900 | L18: =J18/E18/$L$1/100 -> 41.445483 | O18: 1C1 | P18: = | Q18: 144 | R18: 2C1 | S18: = | T18: 172 | U18: 3C1 | V18: = | W18: null | X18: 4C1 | Y18: = | Z18: null | AA18: 5C1 | AB18: = | AC18: null
A19: A | B19: BaseGame | C19: 45 | D19: = | E19: 344273 | F19: 0.00344273 | H19: Pay | I19: = | J19: 8606427000 | L19: =J19/E19/$L$1/100 -> 49.997688 | O19: 1C1 | P19: = | Q19: 167610 | R19: 2C1 | S19: = | T19: 36 | U19: 3C1 | V19: = | W19: null | X19: 4C1 | Y19: = | Z19: null | AA19: 5C1 | AB19: = | AC19: null
A20: A | B20: BaseGame | C20: 50 | D20: = | E20: 55783 | F20: 0.00055783 | H20: Pay | I20: = | J20: 1483396300 | L20: =J20/E20/$L$1/100 -> 53.184529 | O20: 1C1 | P20: = | Q20: 14709 | R20: 2C1 | S20: = | T20: 12 | U20: 3C1 | V20: = | W20: null | X20: 4C1 | Y20: = | Z20: null | AA20: 5C1 | AB20: = | AC20: null
A21: A | B21: BaseGame | C21: 60 | D21: = | E21: 975 | F21: 9.75e-06 | H21: Pay | I21: = | J21: 31705500 | L21: =J21/E21/$L$1/100 -> 65.036923 | O21: 1C1 | P21: = | Q21: 592 | R21: 2C1 | S21: = | T21: null | U21: 3C1 | V21: = | W21: null | X21: 4C1 | Y21: = | Z21: null | AA21: 5C1 | AB21: = | AC21: null
A22: A | B22: BaseGame | C22: 70 | D22: = | E22: 119 | F22: 1.19e-06 | H22: Pay | I22: = | J22: 4278200 | L22: =J22/E22/$L$1/100 -> 71.902521 | O22: 1C1 | P22: = | Q22: 119 | R22: 2C1 | S22: = | T22: null | U22: 3C1 | V22: = | W22: null | X22: 4C1 | Y22: = | Z22: null | AA22: 5C1 | AB22: = | AC22: null
A23: A | B23: BaseGame | C23: 90 | D23: = | E23: 19842 | F23: 0.00019842 | H23: Pay | I23: = | J23: 992100000 | L23: =J23/E23/$L$1/100 -> 100 | O23: 1C1 | P23: = | Q23: 8227 | R23: 2C1 | S23: = | T23: 11117 | U23: 3C1 | V23: = | W23: null | X23: 4C1 | Y23: = | Z23: null | AA23: 5C1 | AB23: = | AC23: null
A24: A | B24: BaseGame | C24: 100 | D24: = | E24: 4594 | F24: 4.594e-05 | H24: Pay | I24: = | J24: 239371600 | L24: =J24/E24/$L$1/100 -> 104.21054 | O24: 1C1 | P24: = | Q24: 1263 | R24: 2C1 | S24: = | T24: 3181 | U24: 3C1 | V24: = | W24: null | X24: 4C1 | Y24: = | Z24: null | AA24: 5C1 | AB24: = | AC24: null
A25: A | B25: BaseGame | C25: 120 | D25: = | E25: 32 | F25: 3.2e-07 | H25: Pay | I25: = | J25: 2008000 | L25: =J25/E25/$L$1/100 -> 125.5 | O25: 1C1 | P25: = | Q25: 16 | R25: 2C1 | S25: = | T25: 16 | U25: 3C1 | V25: = | W25: null | X25: 4C1 | Y25: = | Z25: null | AA25: 5C1 | AB25: = | AC25: null
A26: A | B26: BaseGame | C26: 140 | D26: = | E26: 47 | F26: 4.7e-07 | H26: Pay | I26: = | J26: 3535500 | L26: =J26/E26/$L$1/100 -> 150.44681 | O26: 1C1 | P26: = | Q26: 23 | R26: 2C1 | S26: = | T26: null | U26: 3C1 | V26: = | W26: null | X26: 4C1 | Y26: = | Z26: null | AA26: 5C1 | AB26: = | AC26: null
A27: A | B27: BaseGame | C27: 180 | D27: = | E27: 18148 | F27: 0.00018148 | H27: Pay | I27: = | J27: 1814800000 | L27: =J27/E27/$L$1/100 -> 200 | O27: 1C1 | P27: = | Q27: 8447 | R27: 2C1 | S27: = | T27: 1148 | U27: 3C1 | V27: = | W27: null | X27: 4C1 | Y27: = | Z27: null | AA27: 5C1 | AB27: = | AC27: null
A28: A | B28: BaseGame | C28: 200 | D28: = | E28: 2373 | F28: 2.373e-05 | H28: Pay | I28: = | J28: 243601000 | L28: =J28/E28/$L$1/100 -> 205.31058 | O28: 1C1 | P28: = | Q28: 829 | R28: 2C1 | S28: = | T28: 302 | U28: 3C1 | V28: = | W28: null | X28: 4C1 | Y28: = | Z28: null | AA28: 5C1 | AB28: = | AC28: null
A29: A | B29: BaseGame | C29: 350 | D29: = | E29: 879 | F29: 8.79e-06 | H29: Pay | I29: = | J29: 175800000 | L29: =J29/E29/$L$1/100 -> 400 | O29: 1C1 | P29: = | Q29: null | R29: 2C1 | S29: = | T29: null | U29: 3C1 | V29: = | W29: null | X29: 4C1 | Y29: = | Z29: null | AA29: 5C1 | AB29: = | AC29: null
A30: A | B30: BaseGame | C30: 400 | D30: = | E30: 109 | F30: 1.09e-06 | H30: Pay | I30: = | J30: 22152200 | L30: =J30/E30/$L$1/100 -> 406.46239 | O30: 1C1 | P30: = | Q30: null | R30: 2C1 | S30: = | T30: null | U30: 3C1 | V30: = | W30: null | X30: 4C1 | Y30: = | Z30: null | AA30: 5C1 | AB30: = | AC30: null
A31: A | B31: BaseGame | C31: 450 | D31: = | E31: 26 | F31: 2.6e-07 | H31: Pay | I31: = | J31: 6500000 | L31: =J31/E31/$L$1/100 -> 500 | O31: 1C1 | P31: = | Q31: null | R31: 2C1 | S31: = | T31: null | U31: 3C1 | V31: = | W31: null | X31: 4C1 | Y31: = | Z31: null | AA31: 5C1 | AB31: = | AC31: null
A32: A | B32: BaseGame | C32: 500 | D32: = | E32: 3 | F32: 3e-08 | H32: Pay | I32: = | J32: 800500 | L32: =J32/E32/$L$1/100 -> 533.66667 | O32: 1C1 | P32: = | Q32: null | R32: 2C1 | S32: = | T32: null | U32: 3C1 | V32: = | W32: null | X32: 4C1 | Y32: = | Z32: null | AA32: 5C1 | AB32: = | AC32: null
A33: A | B33: BaseGame | C33: 950 | D33: = | E33: 1 | F33: 1e-08 | H33: Pay | I33: = | J33: 500000 | L33: =J33/E33/$L$1/100 -> 1000 | O33: 1C1 | P33: = | Q33: null | R33: 2C1 | S33: = | T33: null | U33: 3C1 | V33: = | W33: null | X33: 4C1 | Y33: = | Z33: null | AA33: 5C1 | AB33: = | AC33: null
A34: A | B34: BaseGame | C34: 1000 | D34: = | E34: 3 | F34: 3e-08 | H34: Pay | I34: = | J34: 1532500 | L34: =J34/E34/$L$1/100 -> 1021.6667 | O34: 1C1 | P34: = | Q34: null | R34: 2C1 | S34: = | T34: null | U34: 3C1 | V34: = | W34: null | X34: 4C1 | Y34: = | Z34: null | AA34: 5C1 | AB34: = | AC34: null
A37: B | B37: BaseGame | C37: -1 | D37: = | E37: 11104762 | F37: {=E37:E74/SUM(E37:E74)} -> 0.11104762
A38: B | B38: BaseGame | C38: 0 | D38: = | E38: 8152568 | F38: 0.08152568 | H38: Pay | I38: = | J38: 3034152100 | L38: =J38/E38/$L$1/100 -> 0.74434267 | O38: 1C1 | P38: = | Q38: null | R38: 2C1 | S38: = | T38: 1207023 | U38: 3C1 | V38: = | W38: null | X38: 4C1 | Y38: = | Z38: null | AA38: 5C1 | AB38: = | AC38: null
A39: B | B39: BaseGame | C39: 1 | D39: = | E39: 6190220 | F39: 0.0619022 | H39: Pay | I39: = | J39: 5640498000 | L39: =J39/E39/$L$1/100 -> 1.8223902 | O39: 1C1 | P39: = | Q39: null | R39: 2C1 | S39: = | T39: 2718231 | U39: 3C1 | V39: = | W39: null | X39: 4C1 | Y39: = | Z39: null | AA39: 5C1 | AB39: = | AC39: null
A40: B | B40: BaseGame | C40: 2 | D40: = | E40: 2705141 | F40: 0.02705141 | H40: Pay | I40: = | J40: 3459174400 | L40: =J40/E40/$L$1/100 -> 2.5574818 | O40: 1C1 | P40: = | Q40: null | R40: 2C1 | S40: = | T40: 2705141 | U40: 3C1 | V40: = | W40: null | X40: 4C1 | Y40: = | Z40: null | AA40: 5C1 | AB40: = | AC40: null
A41: B | B41: BaseGame | C41: 3 | D41: = | E41: 3462460 | F41: 0.0346246 | H41: Pay | I41: = | J41: 6612296400 | L41: =J41/E41/$L$1/100 -> 3.8194211 | O41: 1C1 | P41: = | Q41: null | R41: 2C1 | S41: = | T41: 1376988 | U41: 3C1 | V41: = | W41: null | X41: 4C1 | Y41: = | Z41: null | AA41: 5C1 | AB41: = | AC41: null
A42: B | B42: BaseGame | C42: 4 | D42: = | E42: 5710653 | F42: 0.05710653 | H42: Pay | I42: = | J42: 13858424600 | L42: =J42/E42/$L$1/100 -> 4.8535341 | O42: 1C1 | P42: = | Q42: 695283 | R42: 2C1 | S42: = | T42: 502631 | U42: 3C1 | V42: = | W42: null | X42: 4C1 | Y42: = | Z42: null | AA42: 5C1 | AB42: = | AC42: null
A43: B | B43: BaseGame | C43: 5 | D43: = | E43: 2077109 | F43: 0.02077109 | H43: Pay | I43: = | J43: 6013673800 | L43: =J43/E43/$L$1/100 -> 5.7904268 | O43: 1C1 | P43: = | Q43: 867287 | R43: 2C1 | S43: = | T43: 166750 | U43: 3C1 | V43: = | W43: null | X43: 4C1 | Y43: = | Z43: null | AA43: 5C1 | AB43: = | AC43: null
A44: B | B44: BaseGame | C44: 6 | D44: = | E44: 261459 | F44: 0.00261459 | H44: Pay | I44: = | J44: 915106500 | L44: =J44/E44/$L$1/100 -> 7 | O44: 1C1 | P44: = | Q44: 261459 | R44: 2C1 | S44: = | T44: null | U44: 3C1 | V44: = | W44: null | X44: 4C1 | Y44: = | Z44: null | AA44: 5C1 | AB44: = | AC44: null
A45: B | B45: BaseGame | C45: 7 | D45: = | E45: 260401 | F45: 0.00260401 | H45: Pay | I45: = | J45: 989390800 | L45: =J45/E45/$L$1/100 -> 7.5989785 | O45: 1C1 | P45: = | Q45: 260401 | R45: 2C1 | S45: = | T45: null | U45: 3C1 | V45: = | W45: null | X45: 4C1 | Y45: = | Z45: null | AA45: 5C1 | AB45: = | AC45: null
A46: B | B46: BaseGame | C46: 9 | D46: = | E46: 3141660 | F46: 0.0314166 | H46: Pay | I46: = | J46: 15708300000 | L46: =J46/E46/$L$1/100 -> 10 | O46: 1C1 | P46: = | Q46: 692973 | R46: 2C1 | S46: = | T46: 363646 | U46: 3C1 | V46: = | W46: null | X46: 4C1 | Y46: = | Z46: null | AA46: 5C1 | AB46: = | AC46: null
A47: B | B47: BaseGame | C47: 10 | D47: = | E47: 8720145 | F47: 0.08720145 | H47: Pay | I47: = | J47: 52828833800 | L47: =J47/E47/$L$1/100 -> 12.116504 | O47: 1C1 | P47: = | Q47: 2213146 | R47: 2C1 | S47: = | T47: 4420158 | U47: 3C1 | V47: = | W47: null | X47: 4C1 | Y47: = | Z47: null | AA47: 5C1 | AB47: = | AC47: null
A48: B | B48: BaseGame | C48: 15 | D48: = | E48: 3853947 | F48: 0.03853947 | H48: Pay | I48: = | J48: 35351914400 | L48: =J48/E48/$L$1/100 -> 18.345823 | O48: 1C1 | P48: = | Q48: 2473326 | R48: 2C1 | S48: = | T48: 338619 | U48: 3C1 | V48: = | W48: null | X48: 4C1 | Y48: = | Z48: null | AA48: 5C1 | AB48: = | AC48: null
A49: B | B49: BaseGame | C49: 20 | D49: = | E49: 8337329 | F49: 0.08337329 | H49: Pay | I49: = | J49: 89591736700 | L49: =J49/E49/$L$1/100 -> 21.491712 | O49: 1C1 | P49: = | Q49: 1881473 | R49: 2C1 | S49: = | T49: 4372797 | U49: 3C1 | V49: = | W49: null | X49: 4C1 | Y49: = | Z49: null | AA49: 5C1 | AB49: = | AC49: null
A50: B | B50: BaseGame | C50: 25 | D50: = | E50: 1597375 | F50: 0.01597375 | H50: Pay | I50: = | J50: 22801611200 | L50: =J50/E50/$L$1/100 -> 28.548852 | O50: 1C1 | P50: = | Q50: 1433299 | R50: 2C1 | S50: = | T50: 164076 | U50: 3C1 | V50: = | W50: null | X50: 4C1 | Y50: = | Z50: null | AA50: 5C1 | AB50: = | AC50: null
A51: B | B51: BaseGame | C51: 30 | D51: = | E51: 3311786 | F51: 0.03311786 | H51: Pay | I51: = | J51: 51840678800 | L51: =J51/E51/$L$1/100 -> 31.306781 | O51: 1C1 | P51: = | Q51: 2014257 | R51: 2C1 | S51: = | T51: 1297529 | U51: 3C1 | V51: = | W51: null | X51: 4C1 | Y51: = | Z51: null | AA51: 5C1 | AB51: = | AC51: null
A52: B | B52: BaseGame | C52: 35 | D52: = | E52: 1376632 | F52: 0.01376632 | H52: Pay | I52: = | J52: 26967412100 | L52: =J52/E52/$L$1/100 -> 39.178825 | O52: 1C1 | P52: = | Q52: 519642 | R52: 2C1 | S52: = | T52: 46489 | U52: 3C1 | V52: = | W52: null | X52: 4C1 | Y52: = | Z52: null | AA52: 5C1 | AB52: = | AC52: null
A53: B | B53: BaseGame | C53: 40 | D53: = | E53: 2862632 | F53: 0.02862632 | H53: Pay | I53: = | J53: 59244063000 | L53: =J53/E53/$L$1/100 -> 41.391323 | O53: 1C1 | P53: = | Q53: 549554 | R53: 2C1 | S53: = | T53: 461289 | U53: 3C1 | V53: = | W53: null | X53: 4C1 | Y53: = | Z53: null | AA53: 5C1 | AB53: = | AC53: null
A54: B | B54: BaseGame | C54: 45 | D54: = | E54: 2008568 | F54: 0.02008568 | H54: Pay | I54: = | J54: 49914982400 | L54: =J54/E54/$L$1/100 -> 49.702059 | O54: 1C1 | P54: = | Q54: 838848 | R54: 2C1 | S54: = | T54: 11726 | U54: 3C1 | V54: = | W54: null | X54: 4C1 | Y54: = | Z54: null | AA54: 5C1 | AB54: = | AC54: null
A55: B | B55: BaseGame | C55: 50 | D55: = | E55: 4096979 | F55: 0.04096979 | H55: Pay | I55: = | J55: 107883072800 | L55: =J55/E55/$L$1/100 -> 52.664694 | O55: 1C1 | P55: = | Q55: 1809085 | R55: 2C1 | S55: = | T55: 89898 | U55: 3C1 | V55: = | W55: null | X55: 4C1 | Y55: = | Z55: null | AA55: 5C1 | AB55: = | AC55: null
A56: B | B56: BaseGame | C56: 60 | D56: = | E56: 627683 | F56: 0.00627683 | H56: Pay | I56: = | J56: 19568201400 | L56: =J56/E56/$L$1/100 -> 62.350586 | O56: 1C1 | P56: = | Q56: 390238 | R56: 2C1 | S56: = | T56: 5354 | U56: 3C1 | V56: = | W56: null | X56: 4C1 | Y56: = | Z56: null | AA56: 5C1 | AB56: = | AC56: null
A57: B | B57: BaseGame | C57: 70 | D57: = | E57: 260421 | F57: 0.00260421 | H57: Pay | I57: = | J57: 9299327300 | L57: =J57/E57/$L$1/100 -> 71.417645 | O57: 1C1 | P57: = | Q57: 260421 | R57: 2C1 | S57: = | T57: null | U57: 3C1 | V57: = | W57: null | X57: 4C1 | Y57: = | Z57: null | AA57: 5C1 | AB57: = | AC57: null
A58: B | B58: BaseGame | C58: 80 | D58: = | E58: 28712 | F58: 0.00028712 | H58: Pay | I58: = | J58: 1157091200 | L58: =J58/E58/$L$1/100 -> 80.599833 | O58: 1C1 | P58: = | Q58: 28712 | R58: 2C1 | S58: = | T58: null | U58: 3C1 | V58: = | W58: null | X58: 4C1 | Y58: = | Z58: null | AA58: 5C1 | AB58: = | AC58: null
A59: B | B59: BaseGame | C59: 90 | D59: = | E59: 1543406 | F59: 0.01543406 | H59: Pay | I59: = | J59: 77170300000 | L59: =J59/E59/$L$1/100 -> 100 | O59: 1C1 | P59: = | Q59: 693787 | R59: 2C1 | S59: = | T59: 40072 | U59: 3C1 | V59: = | W59: null | X59: 4C1 | Y59: = | Z59: null | AA59: 5C1 | AB59: = | AC59: null
A60: B | B60: BaseGame | C60: 100 | D60: = | E60: 5978076 | F60: 0.05978076 | H60: Pay | I60: = | J60: 315202359100 | L60: =J60/E60/$L$1/100 -> 105.45278 | O60: 1C1 | P60: = | Q60: 2212445 | R60: 2C1 | S60: = | T60: 1799138 | U60: 3C1 | V60: = | W60: null | X60: 4C1 | Y60: = | Z60: null | AA60: 5C1 | AB60: = | AC60: null
A61: B | B61: BaseGame | C61: 120 | D61: = | E61: 992810 | F61: 0.0099281 | H61: Pay | I61: = | J61: 61918083000 | L61: =J61/E61/$L$1/100 -> 124.733 | O61: 1C1 | P61: = | Q61: 579658 | R61: 2C1 | S61: = | T61: 413152 | U61: 3C1 | V61: = | W61: null | X61: 4C1 | Y61: = | Z61: null | AA61: 5C1 | AB61: = | AC61: null
A62: B | B62: BaseGame | C62: 140 | D62: = | E62: 488819 | F62: 0.00488819 | H62: Pay | I62: = | J62: 36952659100 | L62: =J62/E62/$L$1/100 -> 151.19158 | O62: 1C1 | P62: = | Q62: 130346 | R62: 2C1 | S62: = | T62: 11183 | U62: 3C1 | V62: = | W62: null | X62: 4C1 | Y62: = | Z62: null | AA62: 5C1 | AB62: = | AC62: null
A63: B | B63: BaseGame | C63: 160 | D63: = | E63: 28952 | F63: 0.00028952 | H63: Pay | I63: = | J63: 2324788800 | L63: =J63/E63/$L$1/100 -> 160.59608 | O63: 1C1 | P63: = | Q63: 28952 | R63: 2C1 | S63: = | T63: null | U63: 3C1 | V63: = | W63: null | X63: 4C1 | Y63: = | Z63: null | AA63: 5C1 | AB63: = | AC63: null
A64: B | B64: BaseGame | C64: 180 | D64: = | E64: 864563 | F64: 0.00864563 | H64: Pay | I64: = | J64: 86456300000 | L64: =J64/E64/$L$1/100 -> 200 | O64: 1C1 | P64: = | Q64: 707979 | R64: 2C1 | S64: = | T64: 40737 | U64: 3C1 | V64: = | W64: null | X64: 4C1 | Y64: = | Z64: null | AA64: 5C1 | AB64: = | AC64: null
A65: B | B65: BaseGame | C65: 200 | D65: = | E65: 6152911 | F65: 0.06152911 | H65: Pay | I65: = | J65: 645624372100 | L65: =J65/E65/$L$1/100 -> 209.85981 | O65: 1C1 | P65: = | Q65: 2949563 | R65: 2C1 | S65: = | T65: 2276640 | U65: 3C1 | V65: = | W65: null | X65: 4C1 | Y65: = | Z65: null | AA65: 5C1 | AB65: = | AC65: null
A66: B | B66: BaseGame | C66: 250 | D66: = | E66: 146095 | F66: 0.00146095 | H66: Pay | I66: = | J66: 19305869700 | L66: =J66/E66/$L$1/100 -> 264.292 | O66: 1C1 | P66: = | Q66: 144749 | R66: 2C1 | S66: = | T66: 1346 | U66: 3C1 | V66: = | W66: null | X66: 4C1 | Y66: = | Z66: null | AA66: 5C1 | AB66: = | AC66: null
A67: B | B67: BaseGame | C67: 300 | D67: = | E67: 342170 | F67: 0.0034217 | H67: Pay | I67: = | J67: 52391721400 | L67: =J67/E67/$L$1/100 -> 306.23212 | O67: 1C1 | P67: = | Q67: 231637 | R67: 2C1 | S67: = | T67: 110533 | U67: 3C1 | V67: = | W67: null | X67: 4C1 | Y67: = | Z67: null | AA67: 5C1 | AB67: = | AC67: null
A68: B | B68: BaseGame | C68: 350 | D68: = | E68: 131062 | F68: 0.00131062 | H68: Pay | I68: = | J68: 26212400000 | L68: =J68/E68/$L$1/100 -> 400 | O68: 1C1 | P68: = | Q68: 14410 | R68: 2C1 | S68: = | T68: 695 | U68: 3C1 | V68: = | W68: null | X68: 4C1 | Y68: = | Z68: null | AA68: 5C1 | AB68: = | AC68: null
A69: B | B69: BaseGame | C69: 400 | D69: = | E69: 1096680 | F69: 0.0109668 | H69: Pay | I69: = | J69: 224451178900 | L69: =J69/E69/$L$1/100 -> 409.32848 | O69: 1C1 | P69: = | Q69: 115874 | R69: 2C1 | S69: = | T69: 55107 | U69: 3C1 | V69: = | W69: null | X69: 4C1 | Y69: = | Z69: null | AA69: 5C1 | AB69: = | AC69: null
A70: B | B70: BaseGame | C70: 450 | D70: = | E70: 115752 | F70: 0.00115752 | H70: Pay | I70: = | J70: 28938000000 | L70: =J70/E70/$L$1/100 -> 500 | O70: 1C1 | P70: = | Q70: null | R70: 2C1 | S70: = | T70: null | U70: 3C1 | V70: = | W70: null | X70: 4C1 | Y70: = | Z70: null | AA70: 5C1 | AB70: = | AC70: null
A71: B | B71: BaseGame | C71: 500 | D71: = | E71: 695749 | F71: 0.00695749 | H71: Pay | I71: = | J71: 179266203500 | L71: =J71/E71/$L$1/100 -> 515.31861 | O71: 1C1 | P71: = | Q71: null | R71: 2C1 | S71: = | T71: null | U71: 3C1 | V71: = | W71: null | X71: 4C1 | Y71: = | Z71: null | AA71: 5C1 | AB71: = | AC71: null
A72: B | B72: BaseGame | C72: 550 | D72: = | E72: 231767 | F72: 0.00231767 | H72: Pay | I72: = | J72: 64083626500 | L72: =J72/E72/$L$1/100 -> 553.00044 | O72: 1C1 | P72: = | Q72: null | R72: 2C1 | S72: = | T72: null | U72: 3C1 | V72: = | W72: null | X72: 4C1 | Y72: = | Z72: null | AA72: 5C1 | AB72: = | AC72: null
A73: B | B73: BaseGame | C73: 950 | D73: = | E73: 115980 | F73: 0.0011598 | H73: Pay | I73: = | J73: 57990000000 | L73: =J73/E73/$L$1/100 -> 1000 | O73: 1C1 | P73: = | Q73: null | R73: 2C1 | S73: = | T73: null | U73: 3C1 | V73: = | W73: null | X73: 4C1 | Y73: = | Z73: null | AA73: 5C1 | AB73: = | AC73: null
A74: B | B74: BaseGame | C74: 1000 | D74: = | E74: 926566 | F74: 0.00926566 | H74: Pay | I74: = | J74: 474741788500 | L74: =J74/E74/$L$1/100 -> 1024.7339 | O74: 1C1 | P74: = | Q74: null | R74: 2C1 | S74: = | T74: null | U74: 3C1 | V74: = | W74: null | X74: 4C1 | Y74: = | Z74: null | AA74: 5C1 | AB74: = | AC74: null

Sheet Card_Bet10
C1: Hit% | F1: Mul | R1: =SUM(R3:R54) -> 1.3796052 | V1: =SUM(V3:V54) -> 0.91999349 | AB1: =SUM(AB3:AB54) -> 1.3873063 | AF1: =SUM(AF3:AF54) -> 0.92492162
B2: Interval | C2: A | D2: B | E2: C | F2: A | G2: B | H2: C | J2: Index | K2: Interval | L2: Sheet | M2: Mul | N2: Avg Mul | O2: Hit%_tune | P2: Hit%_ori | Q2: Jili Hit% | R2: RTP_tune | T2: Hit%_Weight_Final | U2: Hit%_Final | V2: RTP_Final | Y2: Hit%_tune | Z2: Hit%_ori | AA2: Jili Hit% | AB2: RTP_tune | AD2: Hit%_Weight_Final | AE2: Hit%_Final | AF2: RTP_Final
B3: -1 | C3: {=_xlfn.IFNA( _xlfn._xlws.FILTER( Sim_Mul_Bet10!$F$2:$F$100, (Sim_Mul_Bet10!$A$2:$A$100=C$2) * (Sim_Mul_Bet10!$C$2:$C$100=$B3),0 ), 0 )} -> 0.86992914 | D3: {=_xlfn.IFNA( _xlfn._xlws.FILTER( Sim_Mul_Bet10!$F$2:$F$100, (Sim_Mul_Bet10!$A$2:$A$100=D$2) * (Sim_Mul_Bet10!$C$2:$C$100=$B3),0 ), 0 )} -> 0.13335366 | E3: {=_xlfn.IFNA( _xlfn._xlws.FILTER( Sim_Mul_Bet10!$F$2:$F$100, (Sim_Mul_Bet10!$A$2:$A$100=E$2) * (Sim_Mul_Bet10!$C$2:$C$100=$B3),0 ), 0 )} -> 0 | F3: {=_xlfn.IFNA( _xlfn._xlws.FILTER( Sim_Mul_Bet10!$L$2:$L$100, (Sim_Mul_Bet10!$A$2:$A$100=F$2) * (Sim_Mul_Bet10!$C$2:$C$100=$B3),0 ), 0 )} -> 0 | G3: {=_xlfn.IFNA( _xlfn._xlws.FILTER( Sim_Mul_Bet10!$L$2:$L$100, (Sim_Mul_Bet10!$A$2:$A$100=G$2) * (Sim_Mul_Bet10!$C$2:$C$100=$B3),0 ), 0 )} -> 0 | H3: {=_xlfn.IFNA( _xlfn._xlws.FILTER( Sim_Mul_Bet10!$L$2:$L$100, (Sim_Mul_Bet10!$A$2:$A$100=H$2) * (Sim_Mul_Bet10!$C$2:$C$100=$B3),0 ), 0 )} -> 0 | J3: 0 | K3: -1 | L3: A | M3: =HLOOKUP(L3,$C$2:$E$54,J3+2,FALSE) -> 0.86992914 | N3: =HLOOKUP(L3,$F$2:$H$54,J3+2,FALSE) -> 0 | O3: =1-SUM(O4:O53) -> 0.80852959 | P3: =1-SUM(P4:P53) -> 0.87235306 | Q3: =1-SUM(Q4:Q54) -> 0.87097836 | R3: =N3*O3 -> 0 | T3: =1000000-SUM(T4:T54) -> 808528 | U3: {=T3:T54/SUM($T$3:$T$54)} -> 0.808528 | V3: =U3*N3/1.5 -> 0 | Y3: =1-SUM(Y4:Y53) -> 0.8821585 | Z3: =1-SUM(Z4:Z53) -> 0.921439 | AA3: =1-SUM(AA4:AA54) -> 0.87097836 | AB3: =N3*Y3 -> 0 | AD3: =1000000-SUM(AD4:AD54) -> 882158 | AE3: {=AD3:AD54/SUM($T$3:$T$54)} -> 0.882158 | AF3: =AE3*N3/1.5 -> 0
B4: 0 | C4: {=_xlfn.IFNA( _xlfn._xlws.FILTER( Sim_Mul_Bet10!$F$2:$F$100, (Sim_Mul_Bet10!$A$2:$A$100=C$2) * (Sim_Mul_Bet10!$C$2:$C$100=$B4),0 ), 0 )} -> 0.02588954 | D4: {=_xlfn.IFNA( _xlfn._xlws.FILTER( Sim_Mul_Bet10!$F$2:$F$100, (Sim_Mul_Bet10!$A$2:$A$100=D$2) * (Sim_Mul_Bet10!$C$2:$C$100=$B4),0 ), 0 )} -> 0.12459311 | E4: {=_xlfn.IFNA( _xlfn._xlws.FILTER( Sim_Mul_Bet10!$F$2:$F$100, (Sim_Mul_Bet10!$A$2:$A$100=E$2) * (Sim_Mul_Bet10!$C$2:$C$100=$B4),0 ), 0 )} -> 0 | F4: {=_xlfn.IFNA( _xlfn._xlws.FILTER( Sim_Mul_Bet10!$L$2:$L$100, (Sim_Mul_Bet10!$A$2:$A$100=F$2) * (Sim_Mul_Bet10!$C$2:$C$100=$B4),0 ), 0 )} -> 1 | G4: {=_xlfn.IFNA( _xlfn._xlws.FILTER( Sim_Mul_Bet10!$L$2:$L$100, (Sim_Mul_Bet10!$A$2:$A$100=G$2) * (Sim_Mul_Bet10!$C$2:$C$100=$B4),0 ), 0 )} -> 0.7102297 | H4: {=_xlfn.IFNA( _xlfn._xlws.FILTER( Sim_Mul_Bet10!$L$2:$L$100, (Sim_Mul_Bet10!$A$2:$A$100=H$2) * (Sim_Mul_Bet10!$C$2:$C$100=$B4),0 ), 0 )} -> 0 | J4: 1 | K4: 0 | L4: B | M4: =HLOOKUP(L4,$C$2:$E$54,J4+2,FALSE) -> 0.12459311 | N4: =HLOOKUP(L4,$F$2:$H$54,J4+2,FALSE) -> 0.7102297 | O4: =P4*1.5 -> 0.037060052 | P4: 0.024706702 | Q4: 0.024706702 | R4: =N4*O4 -> 0.02632115 | T4: =ROUND(O4*1000000,0) -> 37060 | U4: 0.03706 | V4: =U4*N4/1.5 -> 0.017547408 | Y4: =Z4*1.5 -> 0.015 | Z4: 0.01 | AA4: 0.024706702 | AB4: =N4*Y4 -> 0.010653445 | AD4: =ROUND(Y4*1000000,0) -> 15000 | AE4: 0.015 | AF4: =AE4*N4/1.5 -> 0.007102297
B5: 1 | C5: {=_xlfn.IFNA( _xlfn._xlws.FILTER( Sim_Mul_Bet10!$F$2:$F$100, (Sim_Mul_Bet10!$A$2:$A$100=C$2) * (Sim_Mul_Bet10!$C$2:$C$100=$B5),0 ), 0 )} -> 0.00770313 | D5: {=_xlfn.IFNA( _xlfn._xlws.FILTER( Sim_Mul_Bet10!$F$2:$F$100, (Sim_Mul_Bet10!$A$2:$A$100=D$2) * (Sim_Mul_Bet10!$C$2:$C$100=$B5),0 ), 0 )} -> 0.05424753 | E5: {=_xlfn.IFNA( _xlfn._xlws.FILTER( Sim_Mul_Bet10!$F$2:$F$100, (Sim_Mul_Bet10!$A$2:$A$100=E$2) * (Sim_Mul_Bet10!$C$2:$C$100=$B5),0 ), 0 )} -> 0 | F5: {=_xlfn.IFNA( _xlfn._xlws.FILTER( Sim_Mul_Bet10!$L$2:$L$100, (Sim_Mul_Bet10!$A$2:$A$100=F$2) * (Sim_Mul_Bet10!$C$2:$C$100=$B5),0 ), 0 )} -> 1.6628202 | G5: {=_xlfn.IFNA( _xlfn._xlws.FILTER( Sim_Mul_Bet10!$L$2:$L$100, (Sim_Mul_Bet10!$A$2:$A$100=G$2) * (Sim_Mul_Bet10!$C$2:$C$100=$B5),0 ), 0 )} -> 1.6092849 | H5: {=_xlfn.IFNA( _xlfn._xlws.FILTER( Sim_Mul_Bet10!$L$2:$L$100, (Sim_Mul_Bet10!$A$2:$A$100=H$2) * (Sim_Mul_Bet10!$C$2:$C$100=$B5),0 ), 0 )} -> 0 | J5: 2 | K5: 1 | L5: B | M5: =HLOOKUP(L5,$C$2:$E$54,J5+2,FALSE) -> 0.05424753 | N5: =HLOOKUP(L5,$F$2:$H$54,J5+2,FALSE) -> 1.6092849 | O5: =P5*1.5 -> 0.05895 | P5: 0.0393 | Q5: 0.039380396 | R5: =N5*O5 -> 0.094867343 | T5: =ROUND(O5*1000000,0) -> 58950 | U5: 0.05895 | V5: =U5*N5/1.5 -> 0.063244895 | Y5: =Z5*1.5 -> 0.03 | Z5: 0.02 | AA5: 0.039380396 | AB5: =N5*Y5 -> 0.048278546 | AD5: =ROUND(Y5*1000000,0) -> 30000 | AE5: 0.03 | AF5: =AE5*N5/1.5 -> 0.032185697
B6: 2 | C6: {=_xlfn.IFNA( _xlfn._xlws.FILTER( Sim_Mul_Bet10!$F$2:$F$100, (Sim_Mul_Bet10!$A$2:$A$100=C$2) * (Sim_Mul_Bet10!$C$2:$C$100=$B6),0 ), 0 )} -> 0.0118792 | D6: {=_xlfn.IFNA( _xlfn._xlws.FILTER( Sim_Mul_Bet10!$F$2:$F$100, (Sim_Mul_Bet10!$A$2:$A$100=D$2) * (Sim_Mul_Bet10!$C$2:$C$100=$B6),0 ), 0 )} -> 0.04976329 | E6: {=_xlfn.IFNA( _xlfn._xlws.FILTER( Sim_Mul_Bet10!$F$2:$F$100, (Sim_Mul_Bet10!$A$2:$A$100=E$2) * (Sim_Mul_Bet10!$C$2:$C$100=$B6),0 ), 0 )} -> 0 | F6: {=_xlfn.IFNA( _xlfn._xlws.FILTER( Sim_Mul_Bet10!$L$2:$L$100, (Sim_Mul_Bet10!$A$2:$A$100=F$2) * (Sim_Mul_Bet10!$C$2:$C$100=$B6),0 ), 0 )} -> 2.5040053 | G6: {=_xlfn.IFNA( _xlfn._xlws.FILTER( Sim_Mul_Bet10!$L$2:$L$100, (Sim_Mul_Bet10!$A$2:$A$100=G$2) * (Sim_Mul_Bet10!$C$2:$C$100=$B6),0 ), 0 )} -> 2.5227231 | H6: {=_xlfn.IFNA( _xlfn._xlws.FILTER( Sim_Mul_Bet10!$L$2:$L$100, (Sim_Mul_Bet10!$A$2:$A$100=H$2) * (Sim_Mul_Bet10!$C$2:$C$100=$B6),0 ), 0 )} -> 0 | J6: 3 | K6: 2 | L6: B | M6: =HLOOKUP(L6,$C$2:$E$54,J6+2,FALSE) -> 0.04976329 | N6: =HLOOKUP(L6,$F$2:$H$54,J6+2,FALSE) -> 2.5227231 | O6: =P6*1.5 -> 0.00049996357 | P6: 0.00033330904 | Q6: 0.00033330904 | R6: =N6*O6 -> 0.0012612697 | T6: =ROUND(O6*1000000,0) -> 500 | U6: 0.0005 | V6: =U6*N6/1.5 -> 0.00084090771 | Y6: =Z6*1.5 -> 0.00015 | Z6: 0.0001 | AA6: 0.00033330904 | AB6: =N6*Y6 -> 0.00037840847 | AD6: =ROUND(Y6*1000000,0) -> 150 | AE6: 0.00015 | AF6: =AE6*N6/1.5 -> 0.00025227231
B7: 3 | C7: {=_xlfn.IFNA( _xlfn._xlws.FILTER( Sim_Mul_Bet10!$F$2:$F$100, (Sim_Mul_Bet10!$A$2:$A$100=C$2) * (Sim_Mul_Bet10!$C$2:$C$100=$B7),0 ), 0 )} -> 0 | D7: {=_xlfn.IFNA( _xlfn._xlws.FILTER( Sim_Mul_Bet10!$F$2:$F$100, (Sim_Mul_Bet10!$A$2:$A$100=D$2) * (Sim_Mul_Bet10!$C$2:$C$100=$B7),0 ), 0 )} -> 0 | E7: {=_xlfn.IFNA( _xlfn._xlws.FILTER( Sim_Mul_Bet10!$F$2:$F$100, (Sim_Mul_Bet10!$A$2:$A$100=E$2) * (Sim_Mul_Bet10!$C$2:$C$100=$B7),0 ), 0 )} -> 0 | F7: {=_xlfn.IFNA( _xlfn._xlws.FILTER( Sim_Mul_Bet10!$L$2:$L$100, (Sim_Mul_Bet10!$A$2:$A$100=F$2) * (Sim_Mul_Bet10!$C$2:$C$100=$B7),0 ), 0 )} -> 0 | G7: {=_xlfn.IFNA( _xlfn._xlws.FILTER( Sim_Mul_Bet10!$L$2:$L$100, (Sim_Mul_Bet10!$A$2:$A$100=G$2) * (Sim_Mul_Bet10!$C$2:$C$100=$B7),0 ), 0 )} -> 0 | H7: {=_xlfn.IFNA( _xlfn._xlws.FILTER( Sim_Mul_Bet10!$L$2:$L$100, (Sim_Mul_Bet10!$A$2:$A$100=H$2) * (Sim_Mul_Bet10!$C$2:$C$100=$B7),0 ), 0 )} -> 0 | J7: 4 | K7: 3 | L7: B | M7: =HLOOKUP(L7,$C$2:$E$54,J7+2,FALSE) -> 0 | N7: =HLOOKUP(L7,$F$2:$H$54,J7+2,FALSE) -> 0 | O7: =P7*1.5 -> 0 | P7: 0 | Q7: 0 | R7: =N7*O7 -> 0 | T7: =ROUND(O7*1000000,0) -> 0 | U7: 0 | V7: =U7*N7/1.5 -> 0 | Y7: =Z7*1.5 -> 0 | Z7: 0 | AA7: 0 | AB7: =N7*Y7 -> 0 | AD7: =ROUND(Y7*1000000,0) -> 0 | AE7: 0 | AF7: =AE7*N7/1.5 -> 0
B8: 4 | C8: {=_xlfn.IFNA( _xlfn._xlws.FILTER( Sim_Mul_Bet10!$F$2:$F$100, (Sim_Mul_Bet10!$A$2:$A$100=C$2) * (Sim_Mul_Bet10!$C$2:$C$100=$B8),0 ), 0 )} -> 0.02150615 | D8: {=_xlfn.IFNA( _xlfn._xlws.FILTER( Sim_Mul_Bet10!$F$2:$F$100, (Sim_Mul_Bet10!$A$2:$A$100=D$2) * (Sim_Mul_Bet10!$C$2:$C$100=$B8),0 ), 0 )} -> 0.05371341 | E8: {=_xlfn.IFNA( _xlfn._xlws.FILTER( Sim_Mul_Bet10!$F$2:$F$100, (Sim_Mul_Bet10!$A$2:$A$100=E$2) * (Sim_Mul_Bet10!$C$2:$C$100=$B8),0 ), 0 )} -> 0 | F8: {=_xlfn.IFNA( _xlfn._xlws.FILTER( Sim_Mul_Bet10!$L$2:$L$100, (Sim_Mul_Bet10!$A$2:$A$100=F$2) * (Sim_Mul_Bet10!$C$2:$C$100=$B8),0 ), 0 )} -> 5 | G8: {=_xlfn.IFNA( _xlfn._xlws.FILTER( Sim_Mul_Bet10!$L$2:$L$100, (Sim_Mul_Bet10!$A$2:$A$100=G$2) * (Sim_Mul_Bet10!$C$2:$C$100=$B8),0 ), 0 )} -> 5 | H8: {=_xlfn.IFNA( _xlfn._xlws.FILTER( Sim_Mul_Bet10!$L$2:$L$100, (Sim_Mul_Bet10!$A$2:$A$100=H$2) * (Sim_Mul_Bet10!$C$2:$C$100=$B8),0 ), 0 )} -> 0 | J8: 5 | K8: 4 | L8: B | M8: =HLOOKUP(L8,$C$2:$E$54,J8+2,FALSE) -> 0.05371341 | N8: =HLOOKUP(L8,$F$2:$H$54,J8+2,FALSE) -> 5 | O8: =P8*1.5 -> 0.0231 | P8: 0.0154 | Q8: 0.015364602 | R8: =N8*O8 -> 0.1155 | T8: =ROUND(O8*1000000,0) -> 23100 | U8: 0.0231 | V8: =U8*N8/1.5 -> 0.077 | Y8: =Z8*1.5 -> 0.00756 | Z8: 0.00504 | AA8: 0.015364602 | AB8: =N8*Y8 -> 0.0378 | AD8: =ROUND(Y8*1000000,0) -> 7560 | AE8: 0.00756 | AF8: =AE8*N8/1.5 -> 0.0252
B9: 5 | C9: {=_xlfn.IFNA( _xlfn._xlws.FILTER( Sim_Mul_Bet10!$F$2:$F$100, (Sim_Mul_Bet10!$A$2:$A$100=C$2) * (Sim_Mul_Bet10!$C$2:$C$100=$B9),0 ), 0 )} -> 0.00560658 | D9: {=_xlfn.IFNA( _xlfn._xlws.FILTER( Sim_Mul_Bet10!$F$2:$F$100, (Sim_Mul_Bet10!$A$2:$A$100=D$2) * (Sim_Mul_Bet10!$C$2:$C$100=$B9),0 ), 0 )} -> 0.04786132 | E9: {=_xlfn.IFNA( _xlfn._xlws.FILTER( Sim_Mul_Bet10!$F$2:$F$100, (Sim_Mul_Bet10!$A$2:$A$100=E$2) * (Sim_Mul_Bet10!$C$2:$C$100=$B9),0 ), 0 )} -> 0 | F9: {=_xlfn.IFNA( _xlfn._xlws.FILTER( Sim_Mul_Bet10!$L$2:$L$100, (Sim_Mul_Bet10!$A$2:$A$100=F$2) * (Sim_Mul_Bet10!$C$2:$C$100=$B9),0 ), 0 )} -> 5.2352921 | G9: {=_xlfn.IFNA( _xlfn._xlws.FILTER( Sim_Mul_Bet10!$L$2:$L$100, (Sim_Mul_Bet10!$A$2:$A$100=G$2) * (Sim_Mul_Bet10!$C$2:$C$100=$B9),0 ), 0 )} -> 5.4740067 | H9: {=_xlfn.IFNA( _xlfn._xlws.FILTER( Sim_Mul_Bet10!$L$2:$L$100, (Sim_Mul_Bet10!$A$2:$A$100=H$2) * (Sim_Mul_Bet10!$C$2:$C$100=$B9),0 ), 0 )} -> 0 | J9: 6 | K9: 5 | L9: B | M9: =HLOOKUP(L9,$C$2:$E$54,J9+2,FALSE) -> 0.04786132 | N9: =HLOOKUP(L9,$F$2:$H$54,J9+2,FALSE) -> 5.4740067 | O9: =P9*1.5 -> 0.027525 | P9: 0.01835 | Q9: 0.018319853 | R9: =N9*O9 -> 0.15067203 | T9: =ROUND(O9*1000000,0) -> 27525 | U9: 0.027525 | V9: =U9*N9/1.5 -> 0.10044802 | Y9: =Z9*1.5 -> 0.01365 | Z9: 0.0091 | AA9: 0.018319853 | AB9: =N9*Y9 -> 0.074720191 | AD9: =ROUND(Y9*1000000,0) -> 13650 | AE9: 0.01365 | AF9: =AE9*N9/1.5 -> 0.049813461
B10: 6 | C10: {=_xlfn.IFNA( _xlfn._xlws.FILTER( Sim_Mul_Bet10!$F$2:$F$100, (Sim_Mul_Bet10!$A$2:$A$100=C$2) * (Sim_Mul_Bet10!$C$2:$C$100=$B10),0 ), 0 )} -> 5.683e-05 | D10: {=_xlfn.IFNA( _xlfn._xlws.FILTER( Sim_Mul_Bet10!$F$2:$F$100, (Sim_Mul_Bet10!$A$2:$A$100=D$2) * (Sim_Mul_Bet10!$C$2:$C$100=$B10),0 ), 0 )} -> 0.01099661 | E10: {=_xlfn.IFNA( _xlfn._xlws.FILTER( Sim_Mul_Bet10!$F$2:$F$100, (Sim_Mul_Bet10!$A$2:$A$100=E$2) * (Sim_Mul_Bet10!$C$2:$C$100=$B10),0 ), 0 )} -> 0 | F10: {=_xlfn.IFNA( _xlfn._xlws.FILTER( Sim_Mul_Bet10!$L$2:$L$100, (Sim_Mul_Bet10!$A$2:$A$100=F$2) * (Sim_Mul_Bet10!$C$2:$C$100=$B10),0 ), 0 )} -> 6.2196199 | G10: {=_xlfn.IFNA( _xlfn._xlws.FILTER( Sim_Mul_Bet10!$L$2:$L$100, (Sim_Mul_Bet10!$A$2:$A$100=G$2) * (Sim_Mul_Bet10!$C$2:$C$100=$B10),0 ), 0 )} -> 6.3975183 | H10: {=_xlfn.IFNA( _xlfn._xlws.FILTER( Sim_Mul_Bet10!$L$2:$L$100, (Sim_Mul_Bet10!$A$2:$A$100=H$2) * (Sim_Mul_Bet10!$C$2:$C$100=$B10),0 ), 0 )} -> 0 | J10: 7 | K10: 6 | L10: B | M10: =HLOOKUP(L10,$C$2:$E$54,J10+2,FALSE) -> 0.01099661 | N10: =HLOOKUP(L10,$F$2:$H$54,J10+2,FALSE) -> 6.3975183 | O10: =P10*1.5 -> 0.000105 | P10: 7e-05 | Q10: 7.961633e-05 | R10: =N10*O10 -> 0.00067173942 | T10: =ROUND(O10*1000000,0) -> 105 | U10: 0.000105 | V10: =U10*N10/1.5 -> 0.00044782628 | Y10: =Z10*1.5 -> 4.5e-05 | Z10: 3e-05 | AA10: 7.961633e-05 | AB10: =N10*Y10 -> 0.00028788832 | AD10: =ROUND(Y10*1000000,0) -> 45 | AE10: 4.5e-05 | AF10: =AE10*N10/1.5 -> 0.00019192555
B11: 7 | C11: {=_xlfn.IFNA( _xlfn._xlws.FILTER( Sim_Mul_Bet10!$F$2:$F$100, (Sim_Mul_Bet10!$A$2:$A$100=C$2) * (Sim_Mul_Bet10!$C$2:$C$100=$B11),0 ), 0 )} -> 0.00015318 | D11: {=_xlfn.IFNA( _xlfn._xlws.FILTER( Sim_Mul_Bet10!$F$2:$F$100, (Sim_Mul_Bet10!$A$2:$A$100=D$2) * (Sim_Mul_Bet10!$C$2:$C$100=$B11),0 ), 0 )} -> 0.00832338 | E11: {=_xlfn.IFNA( _xlfn._xlws.FILTER( Sim_Mul_Bet10!$F$2:$F$100, (Sim_Mul_Bet10!$A$2:$A$100=E$2) * (Sim_Mul_Bet10!$C$2:$C$100=$B11),0 ), 0 )} -> 0 | F11: {=_xlfn.IFNA( _xlfn._xlws.FILTER( Sim_Mul_Bet10!$L$2:$L$100, (Sim_Mul_Bet10!$A$2:$A$100=F$2) * (Sim_Mul_Bet10!$C$2:$C$100=$B11),0 ), 0 )} -> 7.5 | G11: {=_xlfn.IFNA( _xlfn._xlws.FILTER( Sim_Mul_Bet10!$L$2:$L$100, (Sim_Mul_Bet10!$A$2:$A$100=G$2) * (Sim_Mul_Bet10!$C$2:$C$100=$B11),0 ), 0 )} -> 7.5 | H11: {=_xlfn.IFNA( _xlfn._xlws.FILTER( Sim_Mul_Bet10!$L$2:$L$100, (Sim_Mul_Bet10!$A$2:$A$100=H$2) * (Sim_Mul_Bet10!$C$2:$C$100=$B11),0 ), 0 )} -> 0 | J11: 8 | K11: 7 | L11: B | M11: =HLOOKUP(L11,$C$2:$E$54,J11+2,FALSE) -> 0.00832338 | N11: =HLOOKUP(L11,$F$2:$H$54,J11+2,FALSE) -> 7.5 | O11: =P11*1.5 -> 0 | P11: 0 | Q11: 0 | R11: =N11*O11 -> 0 | T11: =ROUND(O11*1000000,0) -> 0 | U11: 0 | V11: =U11*N11/1.5 -> 0 | Y11: =Z11*1.5 -> 0 | Z11: 0 | AA11: 0 | AB11: =N11*Y11 -> 0 | AD11: =ROUND(Y11*1000000,0) -> 0 | AE11: 0 | AF11: =AE11*N11/1.5 -> 0
B12: 8 | C12: {=_xlfn.IFNA( _xlfn._xlws.FILTER( Sim_Mul_Bet10!$F$2:$F$100, (Sim_Mul_Bet10!$A$2:$A$100=C$2) * (Sim_Mul_Bet10!$C$2:$C$100=$B12),0 ), 0 )} -> 0 | D12: {=_xlfn.IFNA( _xlfn._xlws.FILTER( Sim_Mul_Bet10!$F$2:$F$100, (Sim_Mul_Bet10!$A$2:$A$100=D$2) * (Sim_Mul_Bet10!$C$2:$C$100=$B12),0 ), 0 )} -> 0 | E12: {=_xlfn.IFNA( _xlfn._xlws.FILTER( Sim_Mul_Bet10!$F$2:$F$100, (Sim_Mul_Bet10!$A$2:$A$100=E$2) * (Sim_Mul_Bet10!$C$2:$C$100=$B12),0 ), 0 )} -> 0 | F12: {=_xlfn.IFNA( _xlfn._xlws.FILTER( Sim_Mul_Bet10!$L$2:$L$100, (Sim_Mul_Bet10!$A$2:$A$100=F$2) * (Sim_Mul_Bet10!$C$2:$C$100=$B12),0 ), 0 )} -> 0 | G12: {=_xlfn.IFNA( _xlfn._xlws.FILTER( Sim_Mul_Bet10!$L$2:$L$100, (Sim_Mul_Bet10!$A$2:$A$100=G$2) * (Sim_Mul_Bet10!$C$2:$C$100=$B12),0 ), 0 )} -> 0 | H12: {=_xlfn.IFNA( _xlfn._xlws.FILTER( Sim_Mul_Bet10!$L$2:$L$100, (Sim_Mul_Bet10!$A$2:$A$100=H$2) * (Sim_Mul_Bet10!$C$2:$C$100=$B12),0 ), 0 )} -> 0 | J12: 9 | K12: 8 | L12: B | M12: =HLOOKUP(L12,$C$2:$E$54,J12+2,FALSE) -> 0 | N12: =HLOOKUP(L12,$F$2:$H$54,J12+2,FALSE) -> 0 | O12: =P12*1.5 -> 0 | P12: 0 | Q12: 0 | R12: =N12*O12 -> 0 | T12: =ROUND(O12*1000000,0) -> 0 | U12: 0 | V12: =U12*N12/1.5 -> 0 | Y12: =Z12*1.5 -> 0 | Z12: 0 | AA12: 0 | AB12: =N12*Y12 -> 0 | AD12: =ROUND(Y12*1000000,0) -> 0 | AE12: 0 | AF12: =AE12*N12/1.5 -> 0
B13: 9 | C13: {=_xlfn.IFNA( _xlfn._xlws.FILTER( Sim_Mul_Bet10!$F$2:$F$100, (Sim_Mul_Bet10!$A$2:$A$100=C$2) * (Sim_Mul_Bet10!$C$2:$C$100=$B13),0 ), 0 )} -> 0.02100839 | D13: {=_xlfn.IFNA( _xlfn._xlws.FILTER( Sim_Mul_Bet10!$F$2:$F$100, (Sim_Mul_Bet10!$A$2:$A$100=D$2) * (Sim_Mul_Bet10!$C$2:$C$100=$B13),0 ), 0 )} -> 0.03493296 | E13: {=_xlfn.IFNA( _xlfn._xlws.FILTER( Sim_Mul_Bet10!$F$2:$F$100, (Sim_Mul_Bet10!$A$2:$A$100=E$2) * (Sim_Mul_Bet10!$C$2:$C$100=$B13),0 ), 0 )} -> 0 | F13: {=_xlfn.IFNA( _xlfn._xlws.FILTER( Sim_Mul_Bet10!$L$2:$L$100, (Sim_Mul_Bet10!$A$2:$A$100=F$2) * (Sim_Mul_Bet10!$C$2:$C$100=$B13),0 ), 0 )} -> 10 | G13: {=_xlfn.IFNA( _xlfn._xlws.FILTER( Sim_Mul_Bet10!$L$2:$L$100, (Sim_Mul_Bet10!$A$2:$A$100=G$2) * (Sim_Mul_Bet10!$C$2:$C$100=$B13),0 ), 0 )} -> 10 | H13: {=_xlfn.IFNA( _xlfn._xlws.FILTER( Sim_Mul_Bet10!$L$2:$L$100, (Sim_Mul_Bet10!$A$2:$A$100=H$2) * (Sim_Mul_Bet10!$C$2:$C$100=$B13),0 ), 0 )} -> 0 | J13: 10 | K13: 9 | L13: B | M13: =HLOOKUP(L13,$C$2:$E$54,J13+2,FALSE) -> 0.03493296 | N13: =HLOOKUP(L13,$F$2:$H$54,J13+2,FALSE) -> 10 | O13: =P13*1.5 -> 0.0060345 | P13: 0.004023 | Q13: 0.0045151905 | R13: =N13*O13 -> 0.060345 | T13: =ROUND(O13*1000000,0) -> 6035 | U13: 0.006035 | V13: =U13*N13/1.5 -> 0.040233333 | Y13: =Z13*1.5 -> 0.01665 | Z13: 0.0111 | AA13: 0.0045151905 | AB13: =N13*Y13 -> 0.1665 | AD13: =ROUND(Y13*1000000,0) -> 16650 | AE13: 0.01665 | AF13: =AE13*N13/1.5 -> 0.111
B14: 10 | C14: {=_xlfn.IFNA( _xlfn._xlws.FILTER( Sim_Mul_Bet10!$F$2:$F$100, (Sim_Mul_Bet10!$A$2:$A$100=C$2) * (Sim_Mul_Bet10!$C$2:$C$100=$B14),0 ), 0 )} -> 0.01229946 | D14: {=_xlfn.IFNA( _xlfn._xlws.FILTER( Sim_Mul_Bet10!$F$2:$F$100, (Sim_Mul_Bet10!$A$2:$A$100=D$2) * (Sim_Mul_Bet10!$C$2:$C$100=$B14),0 ), 0 )} -> 0.09411912 | E14: {=_xlfn.IFNA( _xlfn._xlws.FILTER( Sim_Mul_Bet10!$F$2:$F$100, (Sim_Mul_Bet10!$A$2:$A$100=E$2) * (Sim_Mul_Bet10!$C$2:$C$100=$B14),0 ), 0 )} -> 0 | F14: {=_xlfn.IFNA( _xlfn._xlws.FILTER( Sim_Mul_Bet10!$L$2:$L$100, (Sim_Mul_Bet10!$A$2:$A$100=F$2) * (Sim_Mul_Bet10!$C$2:$C$100=$B14),0 ), 0 )} -> 13.04457 | G14: {=_xlfn.IFNA( _xlfn._xlws.FILTER( Sim_Mul_Bet10!$L$2:$L$100, (Sim_Mul_Bet10!$A$2:$A$100=G$2) * (Sim_Mul_Bet10!$C$2:$C$100=$B14),0 ), 0 )} -> 11.493492 | H14: {=_xlfn.IFNA( _xlfn._xlws.FILTER( Sim_Mul_Bet10!$L$2:$L$100, (Sim_Mul_Bet10!$A$2:$A$100=H$2) * (Sim_Mul_Bet10!$C$2:$C$100=$B14),0 ), 0 )} -> 0 | J14: 11 | K14: 10 | L14: B | M14: =HLOOKUP(L14,$C$2:$E$54,J14+2,FALSE) -> 0.09411912 | N14: =HLOOKUP(L14,$F$2:$H$54,J14+2,FALSE) -> 11.493492 | O14: =P14*1.5 -> 0.014284384 | P14: 0.0095229228 | Q14: 0.0095229228 | R14: =N14*O14 -> 0.16417746 | T14: =ROUND(O14*1000000,0) -> 14284 | U14: 0.014284 | V14: =U14*N14/1.5 -> 0.1094487 | Y14: =Z14*1.5 -> 0.00075 | Z14: 0.0005 | AA14: 0.0095229228 | AB14: =N14*Y14 -> 0.0086201193 | AD14: =ROUND(Y14*1000000,0) -> 750 | AE14: 0.00075 | AF14: =AE14*N14/1.5 -> 0.0057467462
B15: 15 | C15: {=_xlfn.IFNA( _xlfn._xlws.FILTER( Sim_Mul_Bet10!$F$2:$F$100, (Sim_Mul_Bet10!$A$2:$A$100=C$2) * (Sim_Mul_Bet10!$C$2:$C$100=$B15),0 ), 0 )} -> 0.01012501 | D15: {=_xlfn.IFNA( _xlfn._xlws.FILTER( Sim_Mul_Bet10!$F$2:$F$100, (Sim_Mul_Bet10!$A$2:$A$100=D$2) * (Sim_Mul_Bet10!$C$2:$C$100=$B15),0 ), 0 )} -> 0.04038646 | E15: {=_xlfn.IFNA( _xlfn._xlws.FILTER( Sim_Mul_Bet10!$F$2:$F$100, (Sim_Mul_Bet10!$A$2:$A$100=E$2) * (Sim_Mul_Bet10!$C$2:$C$100=$B15),0 ), 0 )} -> 0 | F15: {=_xlfn.IFNA( _xlfn._xlws.FILTER( Sim_Mul_Bet10!$L$2:$L$100, (Sim_Mul_Bet10!$A$2:$A$100=F$2) * (Sim_Mul_Bet10!$C$2:$C$100=$B15),0 ), 0 )} -> 18.582405 | G15: {=_xlfn.IFNA( _xlfn._xlws.FILTER( Sim_Mul_Bet10!$L$2:$L$100, (Sim_Mul_Bet10!$A$2:$A$100=G$2) * (Sim_Mul_Bet10!$C$2:$C$100=$B15),0 ), 0 )} -> 17.157205 | H15: {=_xlfn.IFNA( _xlfn._xlws.FILTER( Sim_Mul_Bet10!$L$2:$L$100, (Sim_Mul_Bet10!$A$2:$A$100=H$2) * (Sim_Mul_Bet10!$C$2:$C$100=$B15),0 ), 0 )} -> 0 | J15: 12 | K15: 15 | L15: B | M15: =HLOOKUP(L15,$C$2:$E$54,J15+2,FALSE) -> 0.04038646 | N15: =HLOOKUP(L15,$F$2:$H$54,J15+2,FALSE) -> 17.157205 | O15: =P15*1.5 -> 0.0073678841 | P15: 0.0049119227 | Q15: 0.0049119227 | R15: =N15*O15 -> 0.1264123 | T15: =ROUND(O15*1000000,0) -> 7368 | U15: 0.007368 | V15: =U15*N15/1.5 -> 0.084276193 | Y15: =Z15*1.5 -> 0.015 | Z15: 0.01 | AA15: 0.0049119227 | AB15: =N15*Y15 -> 0.25735808 | AD15: =ROUND(Y15*1000000,0) -> 15000 | AE15: 0.015 | AF15: =AE15*N15/1.5 -> 0.17157205
... B54: 7000 | C54: {=_xlfn.IFNA( _xlfn._xlws.FILTER( Sim_Mul_Bet10!$F$2:$F$100, (Sim_Mul_Bet10!$A$2:$A$100=C$2) * (Sim_Mul_Bet10!$C$2:$C$100=$B54),0 ), 0 )} -> 0 | D54: {=_xlfn.IFNA( _xlfn._xlws.FILTER( Sim_Mul_Bet10!$F$2:$F$100, (Sim_Mul_Bet10!$A$2:$A$100=D$2) * (Sim_Mul_Bet10!$C$2:$C$100=$B54),0 ), 0 )} -> 0 | E54: {=_xlfn.IFNA( _xlfn._xlws.FILTER( Sim_Mul_Bet10!$F$2:$F$100, (Sim_Mul_Bet10!$A$2:$A$100=E$2) * (Sim_Mul_Bet10!$C$2:$C$100=$B54),0 ), 0 )} -> 0 | F54: {=_xlfn.IFNA( _xlfn._xlws.FILTER( Sim_Mul_Bet10!$L$2:$L$100, (Sim_Mul_Bet10!$A$2:$A$100=F$2) * (Sim_Mul_Bet10!$C$2:$C$100=$B54),0 ), 0 )} -> 0 | G54: {=_xlfn.IFNA( _xlfn._xlws.FILTER( Sim_Mul_Bet10!$L$2:$L$100, (Sim_Mul_Bet10!$A$2:$A$100=G$2) * (Sim_Mul_Bet10!$C$2:$C$100=$B54),0 ), 0 )} -> 0 | H54: {=_xlfn.IFNA( _xlfn._xlws.FILTER( Sim_Mul_Bet10!$L$2:$L$100, (Sim_Mul_Bet10!$A$2:$A$100=H$2) * (Sim_Mul_Bet10!$C$2:$C$100=$B54),0 ), 0 )} -> 0 | J54: 51 | K54: 7000 | L54: B | M54: =HLOOKUP(L54,$C$2:$E$54,J54+2,FALSE) -> 0 | N54: =HLOOKUP(L54,$F$2:$H$54,J54+2,FALSE) -> 0 | O54: =P54*1.5 -> 0 | P54: 0 | Q54: 0 | R54: =N54*O54 -> 0 | T54: =ROUND(O54*1000000,0) -> 0 | U54: 0 | V54: =U54*N54/1.5 -> 0 | Y54: =Z54*1.5 -> 0 | Z54: 0 | AA54: 0 | AB54: =N54*Y54 -> 0 | AD54: =ROUND(Y54*1000000,0) -> 0 | AE54: 0 | AF54: =AE54*N54/1.5 -> 0

Sheet Sim_Mul_Bet10
L1: 10
A2: A | B2: BaseGame | C2: -1 | D2: = | E2: 86992914 | F2: {=E2:E34/SUM(E2:E34)} -> 0.86992914
A3: A | B3: BaseGame | C3: 0 | D3: = | E3: 2588954 | F3: 0.02588954 | H3: Pay | I3: = | J3: 2588954000 | L3: =J3/E3/100/$L$1 -> 1 | O3: 1C1 | P3: = | Q3: null | R3: 2C1 | S3: = | T3: 128414 | U3: 3C1 | V3: = | W3: null | X3: 4C1 | Y3: = | Z3: null | AA3: 5C1 | AB3: = | AC3: null
A4: A | B4: BaseGame | C4: 1 | D4: = | E4: 770313 | F4: 0.00770313 | H4: Pay | I4: = | J4: 1280892000 | L4: =J4/E4/100/$L$1 -> 1.6628202 | O4: 1C1 | P4: = | Q4: null | R4: 2C1 | S4: = | T4: 343852 | U4: 3C1 | V4: = | W4: null | X4: 4C1 | Y4: = | Z4: null | AA4: 5C1 | AB4: = | AC4: null
A5: A | B5: BaseGame | C5: 2 | D5: = | E5: 1187920 | F5: 0.0118792 | H5: Pay | I5: = | J5: 2974558000 | L5: =J5/E5/100/$L$1 -> 2.5040053 | O5: 1C1 | P5: = | Q5: null | R5: 2C1 | S5: = | T5: 4631 | U5: 3C1 | V5: = | W5: null | X5: 4C1 | Y5: = | Z5: null | AA5: 5C1 | AB5: = | AC5: null
A6: A | B6: BaseGame | C6: 4 | D6: = | E6: 2150615 | F6: 0.02150615 | H6: Pay | I6: = | J6: 10753075000 | L6: =J6/E6/100/$L$1 -> 5 | O6: 1C1 | P6: = | Q6: 628994 | R6: 2C1 | S6: = | T6: 109231 | U6: 3C1 | V6: = | W6: null | X6: 4C1 | Y6: = | Z6: null | AA6: 5C1 | AB6: = | AC6: null
A7: A | B7: BaseGame | C7: 5 | D7: = | E7: 560658 | F7: 0.00560658 | H7: Pay | I7: = | J7: 2935208400 | L7: =J7/E7/100/$L$1 -> 5.2352921 | O7: 1C1 | P7: = | Q7: 257433 | R7: 2C1 | S7: = | T7: 293504 | U7: 3C1 | V7: = | W7: null | X7: 4C1 | Y7: = | Z7: null | AA7: 5C1 | AB7: = | AC7: null
A8: A | B8: BaseGame | C8: 6 | D8: = | E8: 5683 | F8: 5.683e-05 | H8: Pay | I8: = | J8: 35346100 | L8: =J8/E8/100/$L$1 -> 6.2196199 | O8: 1C1 | P8: = | Q8: 1019 | R8: 2C1 | S8: = | T8: 4664 | U8: 3C1 | V8: = | W8: null | X8: 4C1 | Y8: = | Z8: null | AA8: 5C1 | AB8: = | AC8: null
A9: A | B9: BaseGame | C9: 7 | D9: = | E9: 15318 | F9: 0.00015318 | H9: Pay | I9: = | J9: 114885000 | L9: =J9/E9/100/$L$1 -> 7.5 | O9: 1C1 | P9: = | Q9: null | R9: 2C1 | S9: = | T9: null | U9: 3C1 | V9: = | W9: null | X9: 4C1 | Y9: = | Z9: null | AA9: 5C1 | AB9: = | AC9: null
A10: A | B10: BaseGame | C10: 9 | D10: = | E10: 2100839 | F10: 0.02100839 | H10: Pay | I10: = | J10: 21008390000 | L10: =J10/E10/100/$L$1 -> 10 | O10: 1C1 | P10: = | Q10: 379819 | R10: 2C1 | S10: = | T10: 68607 | U10: 3C1 | V10: = | W10: null | X10: 4C1 | Y10: = | Z10: null | AA10: 5C1 | AB10: = | AC10: null
A11: A | B11: BaseGame | C11: 10 | D11: = | E11: 1229946 | F11: 0.01229946 | H11: Pay | I11: = | J11: 16044116400 | L11: =J11/E11/100/$L$1 -> 13.04457 | O11: 1C1 | P11: = | Q11: 818765 | R11: 2C1 | S11: = | T11: 385825 | U11: 3C1 | V11: = | W11: null | X11: 4C1 | Y11: = | Z11: null | AA11: 5C1 | AB11: = | AC11: null
A12: A | B12: BaseGame | C12: 15 | D12: = | E12: 1012501 | F12: 0.01012501 | H12: Pay | I12: = | J12: 18814703300 | L12: =J12/E12/100/$L$1 -> 18.582405 | O12: 1C1 | P12: = | Q12: 401175 | R12: 2C1 | S12: = | T12: 29408 | U12: 3C1 | V12: = | W12: null | X12: 4C1 | Y12: = | Z12: null | AA12: 5C1 | AB12: = | AC12: null
A13: A | B13: BaseGame | C13: 20 | D13: = | E13: 224142 | F13: 0.00224142 | H13: Pay | I13: = | J13: 4861573300 | L13: =J13/E13/100/$L$1 -> 21.689703 | O13: 1C1 | P13: = | Q13: 55164 | R13: 2C1 | S13: = | T13: 1053 | U13: 3C1 | V13: = | W13: null | X13: 4C1 | Y13: = | Z13: null | AA13: 5C1 | AB13: = | AC13: null
A14: A | B14: BaseGame | C14: 25 | D14: = | E14: 260862 | F14: 0.00260862 | H14: Pay | I14: = | J14: 7781321600 | L14: =J14/E14/100/$L$1 -> 29.829265 | O14: 1C1 | P14: = | Q14: 244559 | R14: 2C1 | S14: = | T14: 75 | U14: 3C1 | V14: = | W14: null | X14: 4C1 | Y14: = | Z14: null | AA14: 5C1 | AB14: = | AC14: null
A15: A | B15: BaseGame | C15: 30 | D15: = | E15: 101587 | F15: 0.00101587 | H15: Pay | I15: = | J15: 3074463400 | L15: =J15/E15/100/$L$1 -> 30.264339 | O15: 1C1 | P15: = | Q15: 101166 | R15: 2C1 | S15: = | T15: null | U15: 3C1 | V15: = | W15: null | X15: 4C1 | Y15: = | Z15: null | AA15: 5C1 | AB15: = | AC15: null
A16: A | B16: BaseGame | C16: 35 | D16: = | E16: 1095 | F16: 1.095e-05 | H16: Pay | I16: = | J16: 43188000 | L16: =J16/E16/100/$L$1 -> 39.441096 | O16: 1C1 | P16: = | Q16: 1095 | R16: 2C1 | S16: = | T16: null | U16: 3C1 | V16: = | W16: null | X16: 4C1 | Y16: = | Z16: null | AA16: 5C1 | AB16: = | AC16: null
A17: A | B17: BaseGame | C17: 40 | D17: = | E17: 219 | F17: 2.19e-06 | H17: Pay | I17: = | J17: 8863400 | L17: =J17/E17/100/$L$1 -> 40.472146 | O17: 1C1 | P17: = | Q17: 219 | R17: 2C1 | S17: = | T17: null | U17: 3C1 | V17: = | W17: null | X17: 4C1 | Y17: = | Z17: null | AA17: 5C1 | AB17: = | AC17: null
A18: A | B18: BaseGame | C18: 45 | D18: = | E18: 296333 | F18: 0.00296333 | H18: Pay | I18: = | J18: 14816645500 | L18: =J18/E18/100/$L$1 -> 49.999985 | O18: 1C1 | P18: = | Q18: 53214 | R18: 2C1 | S18: = | T18: 56291 | U18: 3C1 | V18: = | W18: null | X18: 4C1 | Y18: = | Z18: null | AA18: 5C1 | AB18: = | AC18: null
A19: A | B19: BaseGame | C19: 50 | D19: = | E19: 404541 | F19: 0.00404541 | H19: Pay | I19: = | J19: 20704746000 | L19: =J19/E19/100/$L$1 -> 51.180835 | O19: 1C1 | P19: = | Q19: 22137 | R19: 2C1 | S19: = | T19: 349593 | U19: 3C1 | V19: = | W19: null | X19: 4C1 | Y19: = | Z19: null | AA19: 5C1 | AB19: = | AC19: null
A20: A | B20: BaseGame | C20: 60 | D20: = | E20: 1073 | F20: 1.073e-05 | H20: Pay | I20: = | J20: 65850100 | L20: =J20/E20/100/$L$1 -> 61.370084 | O20: 1C1 | P20: = | Q20: 103 | R20: 2C1 | S20: = | T20: 970 | U20: 3C1 | V20: = | W20: null | X20: 4C1 | Y20: = | Z20: null | AA20: 5C1 | AB20: = | AC20: null
A21: A | B21: BaseGame | C21: 70 | D21: = | E21: 1023 | F21: 1.023e-05 | H21: Pay | I21: = | J21: 76981000 | L21: =J21/E21/100/$L$1 -> 75.250244 | O21: 1C1 | P21: = | Q21: 14 | R21: 2C1 | S21: = | T21: null | U21: 3C1 | V21: = | W21: null | X21: 4C1 | Y21: = | Z21: null | AA21: 5C1 | AB21: = | AC21: null
A22: A | B22: BaseGame | C22: 80 | D22: = | E22: 2 | F22: 2e-08 | H22: Pay | I22: = | J22: 161100 | L22: =J22/E22/100/$L$1 -> 80.55 | O22: 1C1 | P22: = | Q22: 2 | R22: 2C1 | S22: = | T22: null | U22: 3C1 | V22: = | W22: null | X22: 4C1 | Y22: = | Z22: null | AA22: 5C1 | AB22: = | AC22: null
A23: A | B23: BaseGame | C23: 90 | D23: = | E23: 68543 | F23: 0.00068543 | H23: Pay | I23: = | J23: 6854300000 | L23: =J23/E23/100/$L$1 -> 100 | O23: 1C1 | P23: = | Q23: 2516 | R23: 2C1 | S23: = | T23: 457 | U23: 3C1 | V23: = | W23: null | X23: 4C1 | Y23: = | Z23: null | AA23: 5C1 | AB23: = | AC23: null
A24: A | B24: BaseGame | C24: 100 | D24: = | E24: 17362 | F24: 0.00017362 | H24: Pay | I24: = | J24: 1785172800 | L24: =J24/E24/100/$L$1 -> 102.82069 | O24: 1C1 | P24: = | Q24: 1032 | R24: 2C1 | S24: = | T24: 2898 | U24: 3C1 | V24: = | W24: null | X24: 4C1 | Y24: = | Z24: null | AA24: 5C1 | AB24: = | AC24: null
A25: A | B25: BaseGame | C25: 120 | D25: = | E25: 1 | F25: 1e-08 | H25: Pay | I25: = | J25: 120500 | L25: =J25/E25/100/$L$1 -> 120.5 | O25: 1C1 | P25: = | Q25: 1 | R25: 2C1 | S25: = | T25: null | U25: 3C1 | V25: = | W25: null | X25: 4C1 | Y25: = | Z25: null | AA25: 5C1 | AB25: = | AC25: null
A26: A | B26: BaseGame | C26: 140 | D26: = | E26: 414 | F26: 4.14e-06 | H26: Pay | I26: = | J26: 62269000 | L26: =J26/E26/100/$L$1 -> 150.40821 | O26: 1C1 | P26: = | Q26: null | R26: 2C1 | S26: = | T26: null | U26: 3C1 | V26: = | W26: null | X26: 4C1 | Y26: = | Z26: null | AA26: 5C1 | AB26: = | AC26: null
A27: A | B27: BaseGame | C27: 180 | D27: = | E27: 2857 | F27: 2.857e-05 | H27: Pay | I27: = | J27: 571400000 | L27: =J27/E27/100/$L$1 -> 200 | O27: 1C1 | P27: = | Q27: 2501 | R27: 2C1 | S27: = | T27: null | U27: 3C1 | V27: = | W27: null | X27: 4C1 | Y27: = | Z27: null | AA27: 5C1 | AB27: = | AC27: null
A28: A | B28: BaseGame | C28: 200 | D28: = | E28: 2870 | F28: 2.87e-05 | H28: Pay | I28: = | J28: 658994100 | L28: =J28/E28/100/$L$1 -> 229.61467 | O28: 1C1 | P28: = | Q28: 1104 | R28: 2C1 | S28: = | T28: null | U28: 3C1 | V28: = | W28: null | X28: 4C1 | Y28: = | Z28: null | AA28: 5C1 | AB28: = | AC28: null
A29: A | B29: BaseGame | C29: 250 | D29: = | E29: 439 | F29: 4.39e-06 | H29: Pay | I29: = | J29: 113848500 | L29: =J29/E29/100/$L$1 -> 259.33599 | O29: 1C1 | P29: = | Q29: null | R29: 2C1 | S29: = | T29: null | U29: 3C1 | V29: = | W29: null | X29: 4C1 | Y29: = | Z29: null | AA29: 5C1 | AB29: = | AC29: null
A30: A | B30: BaseGame | C30: 450 | D30: = | E30: 740 | F30: 7.4e-06 | H30: Pay | I30: = | J30: 370000000 | L30: =J30/E30/100/$L$1 -> 500 | O30: 1C1 | P30: = | Q30: null | R30: 2C1 | S30: = | T30: null | U30: 3C1 | V30: = | W30: null | X30: 4C1 | Y30: = | Z30: null | AA30: 5C1 | AB30: = | AC30: null
A31: A | B31: BaseGame | C31: 500 | D31: = | E31: 180 | F31: 1.8e-06 | H31: Pay | I31: = | J31: 92911000 | L31: =J31/E31/100/$L$1 -> 516.17222 | O31: 1C1 | P31: = | Q31: null | R31: 2C1 | S31: = | T31: null | U31: 3C1 | V31: = | W31: null | X31: 4C1 | Y31: = | Z31: null | AA31: 5C1 | AB31: = | AC31: null
A32: A | B32: BaseGame | C32: 550 | D32: = | E32: 6 | F32: 6e-08 | H32: Pay | I32: = | J32: 3330000 | L32: =J32/E32/100/$L$1 -> 555 | O32: 1C1 | P32: = | Q32: null | R32: 2C1 | S32: = | T32: null | U32: 3C1 | V32: = | W32: null | X32: 4C1 | Y32: = | Z32: null | AA32: 5C1 | AB32: = | AC32: null
A33: A | B33: BaseGame | C33: 950 | D33: = | E33: 37 | F33: 3.7e-07 | H33: Pay | I33: = | J33: 37000000 | L33: =J33/E33/100/$L$1 -> 1000 | O33: 1C1 | P33: = | Q33: null | R33: 2C1 | S33: = | T33: null | U33: 3C1 | V33: = | W33: null | X33: 4C1 | Y33: = | Z33: null | AA33: 5C1 | AB33: = | AC33: null
A34: A | B34: BaseGame | C34: 1000 | D34: = | E34: 13 | F34: 1.3e-07 | H34: Pay | I34: = | J34: 13307000 | L34: =J34/E34/100/$L$1 -> 1023.6154 | O34: 1C1 | P34: = | Q34: null | R34: 2C1 | S34: = | T34: null | U34: 3C1 | V34: = | W34: null | X34: 4C1 | Y34: = | Z34: null | AA34: 5C1 | AB34: = | AC34: null
A37: B | B37: BaseGame | C37: -1 | D37: = | E37: 13335366 | F37: {=E37:E71/SUM(E37:E71)} -> 0.13335366
A38: B | B38: BaseGame | C38: 0 | D38: = | E38: 12459311 | F38: 0.12459311 | H38: Pay | I38: = | J38: 8848972700 | L38: =J38/E38/100/$L$1 -> 0.7102297 | O38: 1C1 | P38: = | Q38: null | R38: 2C1 | S38: = | T38: 1346784 | U38: 3C1 | V38: = | W38: null | X38: 4C1 | Y38: = | Z38: null | AA38: 5C1 | AB38: = | AC38: null
A39: B | B39: BaseGame | C39: 1 | D39: = | E39: 5424753 | F39: 0.05424753 | H39: Pay | I39: = | J39: 8729972900 | L39: =J39/E39/100/$L$1 -> 1.6092849 | O39: 1C1 | P39: = | Q39: null | R39: 2C1 | S39: = | T39: 3757607 | U39: 3C1 | V39: = | W39: null | X39: 4C1 | Y39: = | Z39: null | AA39: 5C1 | AB39: = | AC39: null
A40: B | B40: BaseGame | C40: 2 | D40: = | E40: 4976329 | F40: 0.04976329 | H40: Pay | I40: = | J40: 12553900300 | L40: =J40/E40/100/$L$1 -> 2.5227231 | O40: 1C1 | P40: = | Q40: null | R40: 2C1 | S40: = | T40: 536239 | U40: 3C1 | V40: = | W40: null | X40: 4C1 | Y40: = | Z40: null | AA40: 5C1 | AB40: = | AC40: null
A41: B | B41: BaseGame | C41: 4 | D41: = | E41: 5371341 | F41: 0.05371341 | H41: Pay | I41: = | J41: 26856705000 | L41: =J41/E41/100/$L$1 -> 5 | O41: 1C1 | P41: = | Q41: 556219 | R41: 2C1 | S41: = | T41: 370980 | U41: 3C1 | V41: = | W41: null | X41: 4C1 | Y41: = | Z41: null | AA41: 5C1 | AB41: = | AC41: null
A42: B | B42: BaseGame | C42: 5 | D42: = | E42: 4786132 | F42: 0.04786132 | H42: Pay | I42: = | J42: 26199318600 | L42: =J42/E42/100/$L$1 -> 5.4740067 | O42: 1C1 | P42: = | Q42: 902634 | R42: 2C1 | S42: = | T42: 3050637 | U42: 3C1 | V42: = | W42: null | X42: 4C1 | Y42: = | Z42: null | AA42: 5C1 | AB42: = | AC42: null
A43: B | B43: BaseGame | C43: 6 | D43: = | E43: 1099661 | F43: 0.01099661 | H43: Pay | I43: = | J43: 7035101400 | L43: =J43/E43/100/$L$1 -> 6.3975183 | O43: 1C1 | P43: = | Q43: 207811 | R43: 2C1 | S43: = | T43: 891850 | U43: 3C1 | V43: = | W43: null | X43: 4C1 | Y43: = | Z43: null | AA43: 5C1 | AB43: = | AC43: null
A44: B | B44: BaseGame | C44: 7 | D44: = | E44: 832338 | F44: 0.00832338 | H44: Pay | I44: = | J44: 6242535000 | L44: =J44/E44/100/$L$1 -> 7.5 | O44: 1C1 | P44: = | Q44: null | R44: 2C1 | S44: = | T44: null | U44: 3C1 | V44: = | W44: null | X44: 4C1 | Y44: = | Z44: null | AA44: 5C1 | AB44: = | AC44: null
A45: B | B45: BaseGame | C45: 9 | D45: = | E45: 3493296 | F45: 0.03493296 | H45: Pay | I45: = | J45: 34932960000 | L45: =J45/E45/100/$L$1 -> 10 | O45: 1C1 | P45: = | Q45: 658548 | R45: 2C1 | S45: = | T45: 337289 | U45: 3C1 | V45: = | W45: null | X45: 4C1 | Y45: = | Z45: null | AA45: 5C1 | AB45: = | AC45: null
A46: B | B46: BaseGame | C46: 10 | D46: = | E46: 9411912 | F46: 0.09411912 | H46: Pay | I46: = | J46: 108175739500 | L46: =J46/E46/100/$L$1 -> 11.493492 | O46: 1C1 | P46: = | Q46: 2062588 | R46: 2C1 | S46: = | T46: 4015671 | U46: 3C1 | V46: = | W46: null | X46: 4C1 | Y46: = | Z46: null | AA46: 5C1 | AB46: = | AC46: null
A47: B | B47: BaseGame | C47: 15 | D47: = | E47: 4038646 | F47: 0.04038646 | H47: Pay | I47: = | J47: 69291878700 | L47: =J47/E47/100/$L$1 -> 17.157205 | O47: 1C1 | P47: = | Q47: 2269104 | R47: 2C1 | S47: = | T47: 1120805 | U47: 3C1 | V47: = | W47: null | X47: 4C1 | Y47: = | Z47: null | AA47: 5C1 | AB47: = | AC47: null
A48: B | B48: BaseGame | C48: 20 | D48: = | E48: 4521650 | F48: 0.0452165 | H48: Pay | I48: = | J48: 98158191200 | L48: =J48/E48/100/$L$1 -> 21.708489 | O48: 1C1 | P48: = | Q48: 1734629 | R48: 2C1 | S48: = | T48: 377114 | U48: 3C1 | V48: = | W48: null | X48: 4C1 | Y48: = | Z48: null | AA48: 5C1 | AB48: = | AC48: null
A49: B | B49: BaseGame | C49: 25 | D49: = | E49: 2909107 | F49: 0.02909107 | H49: Pay | I49: = | J49: 79143117300 | L49: =J49/E49/100/$L$1 -> 27.205296 | O49: 1C1 | P49: = | Q49: 1076606 | R49: 2C1 | S49: = | T49: 72452 | U49: 3C1 | V49: = | W49: null | X49: 4C1 | Y49: = | Z49: null | AA49: 5C1 | AB49: = | AC49: null
A50: B | B50: BaseGame | C50: 30 | D50: = | E50: 1637904 | F50: 0.01637904 | H50: Pay | I50: = | J50: 50616246300 | L50: =J50/E50/100/$L$1 -> 30.90306 | O50: 1C1 | P50: = | Q50: 1448293 | R50: 2C1 | S50: = | T50: 4263 | U50: 3C1 | V50: = | W50: null | X50: 4C1 | Y50: = | Z50: null | AA50: 5C1 | AB50: = | AC50: null
A51: B | B51: BaseGame | C51: 35 | D51: = | E51: 312103 | F51: 0.00312103 | H51: Pay | I51: = | J51: 11396791900 | L51: =J51/E51/100/$L$1 -> 36.516124 | O51: 1C1 | P51: = | Q51: 312103 | R51: 2C1 | S51: = | T51: null | U51: 3C1 | V51: = | W51: null | X51: 4C1 | Y51: = | Z51: null | AA51: 5C1 | AB51: = | AC51: null
A52: B | B52: BaseGame | C52: 40 | D52: = | E52: 208347 | F52: 0.00208347 | H52: Pay | I52: = | J52: 8481746000 | L52: =J52/E52/100/$L$1 -> 40.70971 | O52: 1C1 | P52: = | Q52: 208347 | R52: 2C1 | S52: = | T52: null | U52: 3C1 | V52: = | W52: null | X52: 4C1 | Y52: = | Z52: null | AA52: 5C1 | AB52: = | AC52: null
A53: B | B53: BaseGame | C53: 45 | D53: = | E53: 2103923 | F53: 0.02103923 | H53: Pay | I53: = | J53: 105087618800 | L53: =J53/E53/100/$L$1 -> 49.948415 | O53: 1C1 | P53: = | Q53: 578164 | R53: 2C1 | S53: = | T53: 41400 | U53: 3C1 | V53: = | W53: null | X53: 4C1 | Y53: = | Z53: null | AA53: 5C1 | AB53: = | AC53: null
A54: B | B54: BaseGame | C54: 50 | D54: = | E54: 6427882 | F54: 0.06427882 | H54: Pay | I54: = | J54: 338754479600 | L54: =J54/E54/100/$L$1 -> 52.700793 | O54: 1C1 | P54: = | Q54: 1597024 | R54: 2C1 | S54: = | T54: 1590816 | U54: 3C1 | V54: = | W54: null | X54: 4C1 | Y54: = | Z54: null | AA54: 5C1 | AB54: = | AC54: null
A55: B | B55: BaseGame | C55: 60 | D55: = | E55: 770301 | F55: 0.00770301 | H55: Pay | I55: = | J55: 48118594600 | L55: =J55/E55/100/$L$1 -> 62.467262 | O55: 1C1 | P55: = | Q55: 440138 | R55: 2C1 | S55: = | T55: 330163 | U55: 3C1 | V55: = | W55: null | X55: 4C1 | Y55: = | Z55: null | AA55: 5C1 | AB55: = | AC55: null
A56: B | B56: BaseGame | C56: 70 | D56: = | E56: 414340 | F56: 0.0041434 | H56: Pay | I56: = | J56: 31027699500 | L56: =J56/E56/100/$L$1 -> 74.884635 | O56: 1C1 | P56: = | Q56: 127857 | R56: 2C1 | S56: = | T56: 8793 | U56: 3C1 | V56: = | W56: null | X56: 4C1 | Y56: = | Z56: null | AA56: 5C1 | AB56: = | AC56: null
A57: B | B57: BaseGame | C57: 80 | D57: = | E57: 92397 | F57: 0.00092397 | H57: Pay | I57: = | J57: 7621044200 | L57: =J57/E57/100/$L$1 -> 82.481511 | O57: 1C1 | P57: = | Q57: 92397 | R57: 2C1 | S57: = | T57: null | U57: 3C1 | V57: = | W57: null | X57: 4C1 | Y57: = | Z57: null | AA57: 5C1 | AB57: = | AC57: null
A58: B | B58: BaseGame | C58: 90 | D58: = | E58: 1350080 | F58: 0.0135008 | H58: Pay | I58: = | J58: 135008000000 | L58: =J58/E58/100/$L$1 -> 100 | O58: 1C1 | P58: = | Q58: 566837 | R58: 2C1 | S58: = | T58: 41837 | U58: 3C1 | V58: = | W58: null | X58: 4C1 | Y58: = | Z58: null | AA58: 5C1 | AB58: = | AC58: null
A59: B | B59: BaseGame | C59: 100 | D59: = | E59: 6409540 | F59: 0.0640954 | H59: Pay | I59: = | J59: 670608468500 | L59: =J59/E59/100/$L$1 -> 104.62661 | O59: 1C1 | P59: = | Q59: 2128791 | R59: 2C1 | S59: = | T59: 1966981 | U59: 3C1 | V59: = | W59: null | X59: 4C1 | Y59: = | Z59: null | AA59: 5C1 | AB59: = | AC59: null
A60: B | B60: BaseGame | C60: 120 | D60: = | E60: 228243 | F60: 0.00228243 | H60: Pay | I60: = | J60: 28891913100 | L60: =J60/E60/100/$L$1 -> 126.58401 | O60: 1C1 | P60: = | Q60: 219416 | R60: 2C1 | S60: = | T60: 8827 | U60: 3C1 | V60: = | W60: null | X60: 4C1 | Y60: = | Z60: null | AA60: 5C1 | AB60: = | AC60: null
A61: B | B61: BaseGame | C61: 140 | D61: = | E61: 565491 | F61: 0.00565491 | H61: Pay | I61: = | J61: 86133382900 | L61: =J61/E61/100/$L$1 -> 152.3161 | O61: 1C1 | P61: = | Q61: 208014 | R61: 2C1 | S61: = | T61: 80074 | U61: 3C1 | V61: = | W61: null | X61: 4C1 | Y61: = | Z61: null | AA61: 5C1 | AB61: = | AC61: null
A62: B | B62: BaseGame | C62: 160 | D62: = | E62: 8853 | F62: 8.853e-05 | H62: Pay | I62: = | J62: 1420438900 | L62: =J62/E62/100/$L$1 -> 160.44718 | O62: 1C1 | P62: = | Q62: null | R62: 2C1 | S62: = | T62: 8853 | U62: 3C1 | V62: = | W62: null | X62: 4C1 | Y62: = | Z62: null | AA62: 5C1 | AB62: = | AC62: null
A63: B | B63: BaseGame | C63: 180 | D63: = | E63: 658209 | F63: 0.00658209 | H63: Pay | I63: = | J63: 131641800000 | L63: =J63/E63/100/$L$1 -> 200 | O63: 1C1 | P63: = | Q63: 565824 | R63: 2C1 | S63: = | T63: 567 | U63: 3C1 | V63: = | W63: null | X63: 4C1 | Y63: = | Z63: null | AA63: 5C1 | AB63: = | AC63: null
A64: B | B64: BaseGame | C64: 200 | D64: = | E64: 2715707 | F64: 0.02715707 | H64: Pay | I64: = | J64: 558144313600 | L64: =J64/E64/100/$L$1 -> 205.5245 | O64: 1C1 | P64: = | Q64: 1839367 | R64: 2C1 | S64: = | T64: 44158 | U64: 3C1 | V64: = | W64: null | X64: 4C1 | Y64: = | Z64: null | AA64: 5C1 | AB64: = | AC64: null
A65: B | B65: BaseGame | C65: 250 | D65: = | E65: 845776 | F65: 0.00845776 | H65: Pay | I65: = | J65: 221420755700 | L65: =J65/E65/100/$L$1 -> 261.79598 | O65: 1C1 | P65: = | Q65: 104330 | R65: 2C1 | S65: = | T65: null | U65: 3C1 | V65: = | W65: null | X65: 4C1 | Y65: = | Z65: null | AA65: 5C1 | AB65: = | AC65: null
A66: B | B66: BaseGame | C66: 300 | D66: = | E66: 92772 | F66: 0.00092772 | H66: Pay | I66: = | J66: 28060410000 | L66: =J66/E66/100/$L$1 -> 302.46637 | O66: 1C1 | P66: = | Q66: 92772 | R66: 2C1 | S66: = | T66: null | U66: 3C1 | V66: = | W66: null | X66: 4C1 | Y66: = | Z66: null | AA66: 5C1 | AB66: = | AC66: null
A67: B | B67: BaseGame | C67: 450 | D67: = | E67: 184453 | F67: 0.00184453 | H67: Pay | I67: = | J67: 92226500000 | L67: =J67/E67/100/$L$1 -> 500 | O67: 1C1 | P67: = | Q67: null | R67: 2C1 | S67: = | T67: null | U67: 3C1 | V67: = | W67: null | X67: 4C1 | Y67: = | Z67: null | AA67: 5C1 | AB67: = | AC67: null
A68: B | B68: BaseGame | C68: 500 | D68: = | E68: 1295867 | F68: 0.01295867 | H68: Pay | I68: = | J68: 665614098500 | L68: =J68/E68/100/$L$1 -> 513.64384 | O68: 1C1 | P68: = | Q68: null | R68: 2C1 | S68: = | T68: null | U68: 3C1 | V68: = | W68: null | X68: 4C1 | Y68: = | Z68: null | AA68: 5C1 | AB68: = | AC68: null
A69: B | B69: BaseGame | C69: 550 | D69: = | E69: 184420 | F69: 0.0018442 | H69: Pay | I69: = | J69: 101984432000 | L69: =J69/E69/100/$L$1 -> 553.00093 | O69: 1C1 | P69: = | Q69: null | R69: 2C1 | S69: = | T69: null | U69: 3C1 | V69: = | W69: null | X69: 4C1 | Y69: = | Z69: null | AA69: 5C1 | AB69: = | AC69: null
A70: B | B70: BaseGame | C70: 950 | D70: = | E70: 92028 | F70: 0.00092028 | H70: Pay | I70: = | J70: 92028000000 | L70: =J70/E70/100/$L$1 -> 1000 | O70: 1C1 | P70: = | Q70: null | R70: 2C1 | S70: = | T70: null | U70: 3C1 | V70: = | W70: null | X70: 4C1 | Y70: = | Z70: null | AA70: 5C1 | AB70: = | AC70: null
A71: B | B71: BaseGame | C71: 1000 | D71: = | E71: 741522 | F71: 0.00741522 | H71: Pay | I71: = | J71: 759884512000 | L71: =J71/E71/100/$L$1 -> 1024.7633 | O71: 1C1 | P71: = | Q71: null | R71: 2C1 | S71: = | T71: null | U71: 3C1 | V71: = | W71: null | X71: 4C1 | Y71: = | Z71: null | AA71: 5C1 | AB71: = | AC71: null

Sheet Card_Bet50
C1: Hit% | F1: Mul | R1: =SUM(R3:R54) -> 1.37843 | V1: =SUM(V3:V54) -> 0.91998901 | AB1: =SUM(AB3:AB54) -> 1.3875115 | AF1: =SUM(AF3:AF54) -> 0.9250086
B2: Interval | C2: A | D2: B | E2: C | F2: A | G2: B | H2: C | J2: Index | K2: Interval | L2: Sheet | M2: Mul | N2: Avg Mul | O2: Hit%_tune | P2: Hit%_ori | Q2: Jili Hit% | R2: RTP_tune | T2: Hit%_Weight_Final | U2: Hit%_Final | V2: RTP_Final | Y2: Hit%_tune | Z2: Hit%_ori | AA2: Jili Hit% | AB2: RTP_tune | AD2: Hit%_Weight_Final | AE2: Hit%_Final | AF2: RTP_Final
B3: -1 | C3: {=_xlfn.IFNA( _xlfn._xlws.FILTER( Sim_Mul_Bet50!$F$2:$F$100, (Sim_Mul_Bet50!$A$2:$A$100=C$2) * (Sim_Mul_Bet50!$C$2:$C$100=$B3),0 ), 0 )} -> 0.70458379 | D3: {=_xlfn.IFNA( _xlfn._xlws.FILTER( Sim_Mul_Bet50!$F$2:$F$100, (Sim_Mul_Bet50!$A$2:$A$100=D$2) * (Sim_Mul_Bet50!$C$2:$C$100=$B3),0 ), 0 )} -> 0.13995719 | E3: {=_xlfn.IFNA( _xlfn._xlws.FILTER( Sim_Mul_Bet50!$F$2:$F$100, (Sim_Mul_Bet50!$A$2:$A$100=E$2) * (Sim_Mul_Bet50!$C$2:$C$100=$B3),0 ), 0 )} -> 0 | F3: {=_xlfn.IFNA( _xlfn._xlws.FILTER( Sim_Mul_Bet50!$L$2:$L$100, (Sim_Mul_Bet50!$A$2:$A$100=F$2) * (Sim_Mul_Bet50!$C$2:$C$100=$B3),0 ), 0 )} -> 0 | G3: {=_xlfn.IFNA( _xlfn._xlws.FILTER( Sim_Mul_Bet50!$L$2:$L$100, (Sim_Mul_Bet50!$A$2:$A$100=G$2) * (Sim_Mul_Bet50!$C$2:$C$100=$B3),0 ), 0 )} -> 0 | H3: {=_xlfn.IFNA( _xlfn._xlws.FILTER( Sim_Mul_Bet50!$L$2:$L$100, (Sim_Mul_Bet50!$A$2:$A$100=H$2) * (Sim_Mul_Bet50!$C$2:$C$100=$B3),0 ), 0 )} -> 0 | J3: 0 | K3: -1 | L3: A | M3: =HLOOKUP(L3,$C$2:$E$54,J3+2,FALSE) -> 0.70458379 | N3: =HLOOKUP(L3,$F$2:$H$54,J3+2,FALSE) -> 0 | O3: =1-SUM(O4:O53) -> 0.80608382 | P3: =1-SUM(P4:P53) -> 0.87072254 | Q3: =1-SUM(Q4:Q54) -> 0.87113099 | R3: =N3*O3 -> 0 | T3: =1000000-SUM(T4:T54) -> 806081 | U3: {=T3:T54/SUM($T$3:$T$54)} -> 0.806081 | V3: =U3*N3/1.5 -> 0 | Y3: =1-SUM(Y4:Y53) -> 0.89606026 | Z3: =1-SUM(Z4:Z53) -> 0.93070684 | AA3: =1-SUM(AA4:AA54) -> 0.87113099 | AB3: =N3*Y3 -> 0 | AD3: =1000000-SUM(AD4:AD54) -> 896060 | AE3: {=AD3:AD54/SUM($T$3:$T$54)} -> 0.89606 | AF3: =AE3*N3/1.5 -> 0
B4: 0 | C4: {=_xlfn.IFNA( _xlfn._xlws.FILTER( Sim_Mul_Bet50!$F$2:$F$100, (Sim_Mul_Bet50!$A$2:$A$100=C$2) * (Sim_Mul_Bet50!$C$2:$C$100=$B4),0 ), 0 )} -> 0.06262314 | D4: {=_xlfn.IFNA( _xlfn._xlws.FILTER( Sim_Mul_Bet50!$F$2:$F$100, (Sim_Mul_Bet50!$A$2:$A$100=D$2) * (Sim_Mul_Bet50!$C$2:$C$100=$B4),0 ), 0 )} -> 0.20506682 | E4: {=_xlfn.IFNA( _xlfn._xlws.FILTER( Sim_Mul_Bet50!$F$2:$F$100, (Sim_Mul_Bet50!$A$2:$A$100=E$2) * (Sim_Mul_Bet50!$C$2:$C$100=$B4),0 ), 0 )} -> 0 | F4: {=_xlfn.IFNA( _xlfn._xlws.FILTER( Sim_Mul_Bet50!$L$2:$L$100, (Sim_Mul_Bet50!$A$2:$A$100=F$2) * (Sim_Mul_Bet50!$C$2:$C$100=$B4),0 ), 0 )} -> 1 | G4: {=_xlfn.IFNA( _xlfn._xlws.FILTER( Sim_Mul_Bet50!$L$2:$L$100, (Sim_Mul_Bet50!$A$2:$A$100=G$2) * (Sim_Mul_Bet50!$C$2:$C$100=$B4),0 ), 0 )} -> 0.43158647 | H4: {=_xlfn.IFNA( _xlfn._xlws.FILTER( Sim_Mul_Bet50!$L$2:$L$100, (Sim_Mul_Bet50!$A$2:$A$100=H$2) * (Sim_Mul_Bet50!$C$2:$C$100=$B4),0 ), 0 )} -> 0 | J4: 1 | K4: 0 | L4: A | M4: =HLOOKUP(L4,$C$2:$E$54,J4+2,FALSE) -> 0.06262314 | N4: =HLOOKUP(L4,$F$2:$H$54,J4+2,FALSE) -> 1 | O4: =P4*1.5 -> 0.074629508 | P4: 0.049753005 | Q4: 0.049753005 | R4: =N4*O4 -> 0.074629508 | T4: =ROUND(O4*1000000,0) -> 74630 | U4: 0.07463 | V4: =U4*N4/1.5 -> 0.049753333 | Y4: =Z4*1.5 -> 0.0225 | Z4: 0.015 | AA4: 0.049753005 | AB4: =N4*Y4 -> 0.0225 | AD4: =ROUND(Y4*1000000,0) -> 22500 | AE4: 0.0225 | AF4: =AE4*N4/1.5 -> 0.015
B5: 1 | C5: {=_xlfn.IFNA( _xlfn._xlws.FILTER( Sim_Mul_Bet50!$F$2:$F$100, (Sim_Mul_Bet50!$A$2:$A$100=C$2) * (Sim_Mul_Bet50!$C$2:$C$100=$B5),0 ), 0 )} -> 0.09367696 | D5: {=_xlfn.IFNA( _xlfn._xlws.FILTER( Sim_Mul_Bet50!$F$2:$F$100, (Sim_Mul_Bet50!$A$2:$A$100=D$2) * (Sim_Mul_Bet50!$C$2:$C$100=$B5),0 ), 0 )} -> 0.08219492 | E5: {=_xlfn.IFNA( _xlfn._xlws.FILTER( Sim_Mul_Bet50!$F$2:$F$100, (Sim_Mul_Bet50!$A$2:$A$100=E$2) * (Sim_Mul_Bet50!$C$2:$C$100=$B5),0 ), 0 )} -> 0 | F5: {=_xlfn.IFNA( _xlfn._xlws.FILTER( Sim_Mul_Bet50!$L$2:$L$100, (Sim_Mul_Bet50!$A$2:$A$100=F$2) * (Sim_Mul_Bet50!$C$2:$C$100=$B5),0 ), 0 )} -> 1.820779 | G5: {=_xlfn.IFNA( _xlfn._xlws.FILTER( Sim_Mul_Bet50!$L$2:$L$100, (Sim_Mul_Bet50!$A$2:$A$100=G$2) * (Sim_Mul_Bet50!$C$2:$C$100=$B5),0 ), 0 )} -> 1.4966779 | H5: {=_xlfn.IFNA( _xlfn._xlws.FILTER( Sim_Mul_Bet50!$L$2:$L$100, (Sim_Mul_Bet50!$A$2:$A$100=H$2) * (Sim_Mul_Bet50!$C$2:$C$100=$B5),0 ), 0 )} -> 0 | J5: 2 | K5: 1 | L5: B | M5: =HLOOKUP(L5,$C$2:$E$54,J5+2,FALSE) -> 0.08219492 | N5: =HLOOKUP(L5,$F$2:$H$54,J5+2,FALSE) -> 1.4966779 | O5: =P5*1.5 -> 0.023758118 | P5: 0.015838745 | Q5: 0.015838745 | R5: =N5*O5 -> 0.035558251 | T5: =ROUND(O5*1000000,0) -> 23758 | U5: 0.023758 | V5: =U5*N5/1.5 -> 0.023705383 | Y5: =Z5*1.5 -> 0.015 | Z5: 0.01 | AA5: 0.015838745 | AB5: =N5*Y5 -> 0.022450169 | AD5: =ROUND(Y5*1000000,0) -> 15000 | AE5: 0.015 | AF5: =AE5*N5/1.5 -> 0.014966779
B6: 2 | C6: {=_xlfn.IFNA( _xlfn._xlws.FILTER( Sim_Mul_Bet50!$F$2:$F$100, (Sim_Mul_Bet50!$A$2:$A$100=C$2) * (Sim_Mul_Bet50!$C$2:$C$100=$B6),0 ), 0 )} -> 0.0650569 | D6: {=_xlfn.IFNA( _xlfn._xlws.FILTER( Sim_Mul_Bet50!$F$2:$F$100, (Sim_Mul_Bet50!$A$2:$A$100=D$2) * (Sim_Mul_Bet50!$C$2:$C$100=$B6),0 ), 0 )} -> 0.08060753 | E6: {=_xlfn.IFNA( _xlfn._xlws.FILTER( Sim_Mul_Bet50!$F$2:$F$100, (Sim_Mul_Bet50!$A$2:$A$100=E$2) * (Sim_Mul_Bet50!$C$2:$C$100=$B6),0 ), 0 )} -> 0 | F6: {=_xlfn.IFNA( _xlfn._xlws.FILTER( Sim_Mul_Bet50!$L$2:$L$100, (Sim_Mul_Bet50!$A$2:$A$100=F$2) * (Sim_Mul_Bet50!$C$2:$C$100=$B6),0 ), 0 )} -> 2.1082503 | G6: {=_xlfn.IFNA( _xlfn._xlws.FILTER( Sim_Mul_Bet50!$L$2:$L$100, (Sim_Mul_Bet50!$A$2:$A$100=G$2) * (Sim_Mul_Bet50!$C$2:$C$100=$B6),0 ), 0 )} -> 2.232801 | H6: {=_xlfn.IFNA( _xlfn._xlws.FILTER( Sim_Mul_Bet50!$L$2:$L$100, (Sim_Mul_Bet50!$A$2:$A$100=H$2) * (Sim_Mul_Bet50!$C$2:$C$100=$B6),0 ), 0 )} -> 0 | J6: 3 | K6: 2 | L6: B | M6: =HLOOKUP(L6,$C$2:$E$54,J6+2,FALSE) -> 0.08060753 | N6: =HLOOKUP(L6,$F$2:$H$54,J6+2,FALSE) -> 2.232801 | O6: =P6*1.5 -> 0.0044821749 | P6: 0.0029881166 | Q6: 0.0029881166 | R6: =N6*O6 -> 0.010007805 | T6: =ROUND(O6*1000000,0) -> 4482 | U6: 0.004482 | V6: =U6*N6/1.5 -> 0.0066716095 | Y6: =Z6*1.5 -> 0.00075 | Z6: 0.0005 | AA6: 0.0029881166 | AB6: =N6*Y6 -> 0.0016746008 | AD6: =ROUND(Y6*1000000,0) -> 750 | AE6: 0.00075 | AF6: =AE6*N6/1.5 -> 0.0011164005
B7: 3 | C7: {=_xlfn.IFNA( _xlfn._xlws.FILTER( Sim_Mul_Bet50!$F$2:$F$100, (Sim_Mul_Bet50!$A$2:$A$100=C$2) * (Sim_Mul_Bet50!$C$2:$C$100=$B7),0 ), 0 )} -> 0.00892867 | D7: {=_xlfn.IFNA( _xlfn._xlws.FILTER( Sim_Mul_Bet50!$F$2:$F$100, (Sim_Mul_Bet50!$A$2:$A$100=D$2) * (Sim_Mul_Bet50!$C$2:$C$100=$B7),0 ), 0 )} -> 0.01761624 | E7: {=_xlfn.IFNA( _xlfn._xlws.FILTER( Sim_Mul_Bet50!$F$2:$F$100, (Sim_Mul_Bet50!$A$2:$A$100=E$2) * (Sim_Mul_Bet50!$C$2:$C$100=$B7),0 ), 0 )} -> 0 | F7: {=_xlfn.IFNA( _xlfn._xlws.FILTER( Sim_Mul_Bet50!$L$2:$L$100, (Sim_Mul_Bet50!$A$2:$A$100=F$2) * (Sim_Mul_Bet50!$C$2:$C$100=$B7),0 ), 0 )} -> 3.9348433 | G7: {=_xlfn.IFNA( _xlfn._xlws.FILTER( Sim_Mul_Bet50!$L$2:$L$100, (Sim_Mul_Bet50!$A$2:$A$100=G$2) * (Sim_Mul_Bet50!$C$2:$C$100=$B7),0 ), 0 )} -> 3.5633894 | H7: {=_xlfn.IFNA( _xlfn._xlws.FILTER( Sim_Mul_Bet50!$L$2:$L$100, (Sim_Mul_Bet50!$A$2:$A$100=H$2) * (Sim_Mul_Bet50!$C$2:$C$100=$B7),0 ), 0 )} -> 0 | J7: 4 | K7: 3 | L7: B | M7: =HLOOKUP(L7,$C$2:$E$54,J7+2,FALSE) -> 0.01761624 | N7: =HLOOKUP(L7,$F$2:$H$54,J7+2,FALSE) -> 3.5633894 | O7: =P7*1.5 -> 0.0012177007 | P7: 0.00081180047 | Q7: 0.00081180047 | R7: =N7*O7 -> 0.0043391418 | T7: =ROUND(O7*1000000,0) -> 1218 | U7: 0.001218 | V7: =U7*N7/1.5 -> 0.0028934722 | Y7: =Z7*1.5 -> 0.00015 | Z7: 0.0001 | AA7: 0.00081180047 | AB7: =N7*Y7 -> 0.00053450841 | AD7: =ROUND(Y7*1000000,0) -> 150 | AE7: 0.00015 | AF7: =AE7*N7/1.5 -> 0.00035633894
B8: 4 | C8: {=_xlfn.IFNA( _xlfn._xlws.FILTER( Sim_Mul_Bet50!$F$2:$F$100, (Sim_Mul_Bet50!$A$2:$A$100=C$2) * (Sim_Mul_Bet50!$C$2:$C$100=$B8),0 ), 0 )} -> 0.01325648 | D8: {=_xlfn.IFNA( _xlfn._xlws.FILTER( Sim_Mul_Bet50!$F$2:$F$100, (Sim_Mul_Bet50!$A$2:$A$100=D$2) * (Sim_Mul_Bet50!$C$2:$C$100=$B8),0 ), 0 )} -> 0.02680421 | E8: {=_xlfn.IFNA( _xlfn._xlws.FILTER( Sim_Mul_Bet50!$F$2:$F$100, (Sim_Mul_Bet50!$A$2:$A$100=E$2) * (Sim_Mul_Bet50!$C$2:$C$100=$B8),0 ), 0 )} -> 0 | F8: {=_xlfn.IFNA( _xlfn._xlws.FILTER( Sim_Mul_Bet50!$L$2:$L$100, (Sim_Mul_Bet50!$A$2:$A$100=F$2) * (Sim_Mul_Bet50!$C$2:$C$100=$B8),0 ), 0 )} -> 4.8959229 | G8: {=_xlfn.IFNA( _xlfn._xlws.FILTER( Sim_Mul_Bet50!$L$2:$L$100, (Sim_Mul_Bet50!$A$2:$A$100=G$2) * (Sim_Mul_Bet50!$C$2:$C$100=$B8),0 ), 0 )} -> 4.364606 | H8: {=_xlfn.IFNA( _xlfn._xlws.FILTER( Sim_Mul_Bet50!$L$2:$L$100, (Sim_Mul_Bet50!$A$2:$A$100=H$2) * (Sim_Mul_Bet50!$C$2:$C$100=$B8),0 ), 0 )} -> 0 | J8: 5 | K8: 4 | L8: B | M8: =HLOOKUP(L8,$C$2:$E$54,J8+2,FALSE) -> 0.02680421 | N8: =HLOOKUP(L8,$F$2:$H$54,J8+2,FALSE) -> 4.364606 | O8: =P8*1.5 -> 0.045 | P8: 0.03 | Q8: 0.029492538 | R8: =N8*O8 -> 0.19640727 | T8: =ROUND(O8*1000000,0) -> 45000 | U8: 0.045 | V8: =U8*N8/1.5 -> 0.13093818 | Y8: =Z8*1.5 -> 0.0135 | Z8: 0.009 | AA8: 0.029492538 | AB8: =N8*Y8 -> 0.058922181 | AD8: =ROUND(Y8*1000000,0) -> 13500 | AE8: 0.0135 | AF8: =AE8*N8/1.5 -> 0.039281454
B9: 5 | C9: {=_xlfn.IFNA( _xlfn._xlws.FILTER( Sim_Mul_Bet50!$F$2:$F$100, (Sim_Mul_Bet50!$A$2:$A$100=C$2) * (Sim_Mul_Bet50!$C$2:$C$100=$B9),0 ), 0 )} -> 0.00137543 | D9: {=_xlfn.IFNA( _xlfn._xlws.FILTER( Sim_Mul_Bet50!$F$2:$F$100, (Sim_Mul_Bet50!$A$2:$A$100=D$2) * (Sim_Mul_Bet50!$C$2:$C$100=$B9),0 ), 0 )} -> 0.01327226 | E9: {=_xlfn.IFNA( _xlfn._xlws.FILTER( Sim_Mul_Bet50!$F$2:$F$100, (Sim_Mul_Bet50!$A$2:$A$100=E$2) * (Sim_Mul_Bet50!$C$2:$C$100=$B9),0 ), 0 )} -> 0 | F9: {=_xlfn.IFNA( _xlfn._xlws.FILTER( Sim_Mul_Bet50!$L$2:$L$100, (Sim_Mul_Bet50!$A$2:$A$100=F$2) * (Sim_Mul_Bet50!$C$2:$C$100=$B9),0 ), 0 )} -> 5.370346 | G9: {=_xlfn.IFNA( _xlfn._xlws.FILTER( Sim_Mul_Bet50!$L$2:$L$100, (Sim_Mul_Bet50!$A$2:$A$100=G$2) * (Sim_Mul_Bet50!$C$2:$C$100=$B9),0 ), 0 )} -> 5.322555 | H9: {=_xlfn.IFNA( _xlfn._xlws.FILTER( Sim_Mul_Bet50!$L$2:$L$100, (Sim_Mul_Bet50!$A$2:$A$100=H$2) * (Sim_Mul_Bet50!$C$2:$C$100=$B9),0 ), 0 )} -> 0 | J9: 6 | K9: 5 | L9: B | M9: =HLOOKUP(L9,$C$2:$E$54,J9+2,FALSE) -> 0.01327226 | N9: =HLOOKUP(L9,$F$2:$H$54,J9+2,FALSE) -> 5.322555 | O9: =P9*1.5 -> 0.0014897402 | P9: 0.00099316015 | Q9: 0.00099316015 | R9: =N9*O9 -> 0.0079292243 | T9: =ROUND(O9*1000000,0) -> 1490 | U9: 0.00149 | V9: =U9*N9/1.5 -> 0.0052870713 | Y9: =Z9*1.5 -> 0.0014897402 | Z9: 0.00099316015 | AA9: 0.00099316015 | AB9: =N9*Y9 -> 0.0079292243 | AD9: =ROUND(Y9*1000000,0) -> 1490 | AE9: 0.00149 | AF9: =AE9*N9/1.5 -> 0.0052870713
B10: 6 | C10: {=_xlfn.IFNA( _xlfn._xlws.FILTER( Sim_Mul_Bet50!$F$2:$F$100, (Sim_Mul_Bet50!$A$2:$A$100=C$2) * (Sim_Mul_Bet50!$C$2:$C$100=$B10),0 ), 0 )} -> 1.879e-05 | D10: {=_xlfn.IFNA( _xlfn._xlws.FILTER( Sim_Mul_Bet50!$F$2:$F$100, (Sim_Mul_Bet50!$A$2:$A$100=D$2) * (Sim_Mul_Bet50!$C$2:$C$100=$B10),0 ), 0 )} -> 0.0011279 | E10: {=_xlfn.IFNA( _xlfn._xlws.FILTER( Sim_Mul_Bet50!$F$2:$F$100, (Sim_Mul_Bet50!$A$2:$A$100=E$2) * (Sim_Mul_Bet50!$C$2:$C$100=$B10),0 ), 0 )} -> 0 | F10: {=_xlfn.IFNA( _xlfn._xlws.FILTER( Sim_Mul_Bet50!$L$2:$L$100, (Sim_Mul_Bet50!$A$2:$A$100=F$2) * (Sim_Mul_Bet50!$C$2:$C$100=$B10),0 ), 0 )} -> 6.1233528 | G10: {=_xlfn.IFNA( _xlfn._xlws.FILTER( Sim_Mul_Bet50!$L$2:$L$100, (Sim_Mul_Bet50!$A$2:$A$100=G$2) * (Sim_Mul_Bet50!$C$2:$C$100=$B10),0 ), 0 )} -> 6.1195991 | H10: {=_xlfn.IFNA( _xlfn._xlws.FILTER( Sim_Mul_Bet50!$L$2:$L$100, (Sim_Mul_Bet50!$A$2:$A$100=H$2) * (Sim_Mul_Bet50!$C$2:$C$100=$B10),0 ), 0 )} -> 0 | J10: 7 | K10: 6 | L10: B | M10: =HLOOKUP(L10,$C$2:$E$54,J10+2,FALSE) -> 0.0011279 | N10: =HLOOKUP(L10,$F$2:$H$54,J10+2,FALSE) -> 6.1195991 | O10: =P10*1.5 -> 0 | P10: 0 | Q10: 0 | R10: =N10*O10 -> 0 | T10: =ROUND(O10*1000000,0) -> 0 | U10: 0 | V10: =U10*N10/1.5 -> 0 | Y10: =Z10*1.5 -> 0 | Z10: 0 | AA10: 0 | AB10: =N10*Y10 -> 0 | AD10: =ROUND(Y10*1000000,0) -> 0 | AE10: 0 | AF10: =AE10*N10/1.5 -> 0
B11: 7 | C11: {=_xlfn.IFNA( _xlfn._xlws.FILTER( Sim_Mul_Bet50!$F$2:$F$100, (Sim_Mul_Bet50!$A$2:$A$100=C$2) * (Sim_Mul_Bet50!$C$2:$C$100=$B11),0 ), 0 )} -> 0 | D11: {=_xlfn.IFNA( _xlfn._xlws.FILTER( Sim_Mul_Bet50!$F$2:$F$100, (Sim_Mul_Bet50!$A$2:$A$100=D$2) * (Sim_Mul_Bet50!$C$2:$C$100=$B11),0 ), 0 )} -> 0 | E11: {=_xlfn.IFNA( _xlfn._xlws.FILTER( Sim_Mul_Bet50!$F$2:$F$100, (Sim_Mul_Bet50!$A$2:$A$100=E$2) * (Sim_Mul_Bet50!$C$2:$C$100=$B11),0 ), 0 )} -> 0 | F11: {=_xlfn.IFNA( _xlfn._xlws.FILTER( Sim_Mul_Bet50!$L$2:$L$100, (Sim_Mul_Bet50!$A$2:$A$100=F$2) * (Sim_Mul_Bet50!$C$2:$C$100=$B11),0 ), 0 )} -> 0 | G11: {=_xlfn.IFNA( _xlfn._xlws.FILTER( Sim_Mul_Bet50!$L$2:$L$100, (Sim_Mul_Bet50!$A$2:$A$100=G$2) * (Sim_Mul_Bet50!$C$2:$C$100=$B11),0 ), 0 )} -> 0 | H11: {=_xlfn.IFNA( _xlfn._xlws.FILTER( Sim_Mul_Bet50!$L$2:$L$100, (Sim_Mul_Bet50!$A$2:$A$100=H$2) * (Sim_Mul_Bet50!$C$2:$C$100=$B11),0 ), 0 )} -> 0 | J11: 8 | K11: 7 | L11: B | M11: =HLOOKUP(L11,$C$2:$E$54,J11+2,FALSE) -> 0 | N11: =HLOOKUP(L11,$F$2:$H$54,J11+2,FALSE) -> 0 | O11: =P11*1.5 -> 0 | P11: 0 | Q11: 0 | R11: =N11*O11 -> 0 | T11: =ROUND(O11*1000000,0) -> 0 | U11: 0 | V11: =U11*N11/1.5 -> 0 | Y11: =Z11*1.5 -> 0 | Z11: 0 | AA11: 0 | AB11: =N11*Y11 -> 0 | AD11: =ROUND(Y11*1000000,0) -> 0 | AE11: 0 | AF11: =AE11*N11/1.5 -> 0
B12: 8 | C12: {=_xlfn.IFNA( _xlfn._xlws.FILTER( Sim_Mul_Bet50!$F$2:$F$100, (Sim_Mul_Bet50!$A$2:$A$100=C$2) * (Sim_Mul_Bet50!$C$2:$C$100=$B12),0 ), 0 )} -> 0 | D12: {=_xlfn.IFNA( _xlfn._xlws.FILTER( Sim_Mul_Bet50!$F$2:$F$100, (Sim_Mul_Bet50!$A$2:$A$100=D$2) * (Sim_Mul_Bet50!$C$2:$C$100=$B12),0 ), 0 )} -> 0 | E12: {=_xlfn.IFNA( _xlfn._xlws.FILTER( Sim_Mul_Bet50!$F$2:$F$100, (Sim_Mul_Bet50!$A$2:$A$100=E$2) * (Sim_Mul_Bet50!$C$2:$C$100=$B12),0 ), 0 )} -> 0 | F12: {=_xlfn.IFNA( _xlfn._xlws.FILTER( Sim_Mul_Bet50!$L$2:$L$100, (Sim_Mul_Bet50!$A$2:$A$100=F$2) * (Sim_Mul_Bet50!$C$2:$C$100=$B12),0 ), 0 )} -> 0 | G12: {=_xlfn.IFNA( _xlfn._xlws.FILTER( Sim_Mul_Bet50!$L$2:$L$100, (Sim_Mul_Bet50!$A$2:$A$100=G$2) * (Sim_Mul_Bet50!$C$2:$C$100=$B12),0 ), 0 )} -> 0 | H12: {=_xlfn.IFNA( _xlfn._xlws.FILTER( Sim_Mul_Bet50!$L$2:$L$100, (Sim_Mul_Bet50!$A$2:$A$100=H$2) * (Sim_Mul_Bet50!$C$2:$C$100=$B12),0 ), 0 )} -> 0 | J12: 9 | K12: 8 | L12: B | M12: =HLOOKUP(L12,$C$2:$E$54,J12+2,FALSE) -> 0 | N12: =HLOOKUP(L12,$F$2:$H$54,J12+2,FALSE) -> 0 | O12: =P12*1.5 -> 0 | P12: 0 | Q12: 0 | R12: =N12*O12 -> 0 | T12: =ROUND(O12*1000000,0) -> 0 | U12: 0 | V12: =U12*N12/1.5 -> 0 | Y12: =Z12*1.5 -> 0 | Z12: 0 | AA12: 0 | AB12: =N12*Y12 -> 0 | AD12: =ROUND(Y12*1000000,0) -> 0 | AE12: 0 | AF12: =AE12*N12/1.5 -> 0
B13: 9 | C13: {=_xlfn.IFNA( _xlfn._xlws.FILTER( Sim_Mul_Bet50!$F$2:$F$100, (Sim_Mul_Bet50!$A$2:$A$100=C$2) * (Sim_Mul_Bet50!$C$2:$C$100=$B13),0 ), 0 )} -> 0.01554148 | D13: {=_xlfn.IFNA( _xlfn._xlws.FILTER( Sim_Mul_Bet50!$F$2:$F$100, (Sim_Mul_Bet50!$A$2:$A$100=D$2) * (Sim_Mul_Bet50!$C$2:$C$100=$B13),0 ), 0 )} -> 0.02169989 | E13: {=_xlfn.IFNA( _xlfn._xlws.FILTER( Sim_Mul_Bet50!$F$2:$F$100, (Sim_Mul_Bet50!$A$2:$A$100=E$2) * (Sim_Mul_Bet50!$C$2:$C$100=$B13),0 ), 0 )} -> 0 | F13: {=_xlfn.IFNA( _xlfn._xlws.FILTER( Sim_Mul_Bet50!$L$2:$L$100, (Sim_Mul_Bet50!$A$2:$A$100=F$2) * (Sim_Mul_Bet50!$C$2:$C$100=$B13),0 ), 0 )} -> 10 | G13: {=_xlfn.IFNA( _xlfn._xlws.FILTER( Sim_Mul_Bet50!$L$2:$L$100, (Sim_Mul_Bet50!$A$2:$A$100=G$2) * (Sim_Mul_Bet50!$C$2:$C$100=$B13),0 ), 0 )} -> 10 | H13: {=_xlfn.IFNA( _xlfn._xlws.FILTER( Sim_Mul_Bet50!$L$2:$L$100, (Sim_Mul_Bet50!$A$2:$A$100=H$2) * (Sim_Mul_Bet50!$C$2:$C$100=$B13),0 ), 0 )} -> 0 | J13: 10 | K13: 9 | L13: B | M13: =HLOOKUP(L13,$C$2:$E$54,J13+2,FALSE) -> 0.02169989 | N13: =HLOOKUP(L13,$F$2:$H$54,J13+2,FALSE) -> 10 | O13: =P13*1.5 -> 0.005394 | P13: 0.003596 | Q13: 0.0039640044 | R13: =N13*O13 -> 0.05394 | T13: =ROUND(O13*1000000,0) -> 5394 | U13: 0.005394 | V13: =U13*N13/1.5 -> 0.03596 | Y13: =Z13*1.5 -> 0.018525 | Z13: 0.01235 | AA13: 0.0039640044 | AB13: =N13*Y13 -> 0.18525 | AD13: =ROUND(Y13*1000000,0) -> 18525 | AE13: 0.018525 | AF13: =AE13*N13/1.5 -> 0.1235
B14: 10 | C14: {=_xlfn.IFNA( _xlfn._xlws.FILTER( Sim_Mul_Bet50!$F$2:$F$100, (Sim_Mul_Bet50!$A$2:$A$100=C$2) * (Sim_Mul_Bet50!$C$2:$C$100=$B14),0 ), 0 )} -> 0.01102543 | D14: {=_xlfn.IFNA( _xlfn._xlws.FILTER( Sim_Mul_Bet50!$F$2:$F$100, (Sim_Mul_Bet50!$A$2:$A$100=D$2) * (Sim_Mul_Bet50!$C$2:$C$100=$B14),0 ), 0 )} -> 0.06795139 | E14: {=_xlfn.IFNA( _xlfn._xlws.FILTER( Sim_Mul_Bet50!$F$2:$F$100, (Sim_Mul_Bet50!$A$2:$A$100=E$2) * (Sim_Mul_Bet50!$C$2:$C$100=$B14),0 ), 0 )} -> 0 | F14: {=_xlfn.IFNA( _xlfn._xlws.FILTER( Sim_Mul_Bet50!$L$2:$L$100, (Sim_Mul_Bet50!$A$2:$A$100=F$2) * (Sim_Mul_Bet50!$C$2:$C$100=$B14),0 ), 0 )} -> 10.535268 | G14: {=_xlfn.IFNA( _xlfn._xlws.FILTER( Sim_Mul_Bet50!$L$2:$L$100, (Sim_Mul_Bet50!$A$2:$A$100=G$2) * (Sim_Mul_Bet50!$C$2:$C$100=$B14),0 ), 0 )} -> 10.673483 | H14: {=_xlfn.IFNA( _xlfn._xlws.FILTER( Sim_Mul_Bet50!$L$2:$L$100, (Sim_Mul_Bet50!$A$2:$A$100=H$2) * (Sim_Mul_Bet50!$C$2:$C$100=$B14),0 ), 0 )} -> 0 | J14: 11 | K14: 10 | L14: B | M14: =HLOOKUP(L14,$C$2:$E$54,J14+2,FALSE) -> 0.06795139 | N14: =HLOOKUP(L14,$F$2:$H$54,J14+2,FALSE) -> 10.673483 | O14: =P14*1.5 -> 0.009612063 | P14: 0.006408042 | Q14: 0.006408042 | R14: =N14*O14 -> 0.10259419 | T14: =ROUND(O14*1000000,0) -> 9612 | U14: 0.009612 | V14: =U14*N14/1.5 -> 0.068395676 | Y14: =Z14*1.5 -> 0.00045 | Z14: 0.0003 | AA14: 0.006408042 | AB14: =N14*Y14 -> 0.0048030671 | AD14: =ROUND(Y14*1000000,0) -> 450 | AE14: 0.00045 | AF14: =AE14*N14/1.5 -> 0.0032020448
B15: 15 | C15: {=_xlfn.IFNA( _xlfn._xlws.FILTER( Sim_Mul_Bet50!$F$2:$F$100, (Sim_Mul_Bet50!$A$2:$A$100=C$2) * (Sim_Mul_Bet50!$C$2:$C$100=$B15),0 ), 0 )} -> 0.01485891 | D15: {=_xlfn.IFNA( _xlfn._xlws.FILTER( Sim_Mul_Bet50!$F$2:$F$100, (Sim_Mul_Bet50!$A$2:$A$100=D$2) * (Sim_Mul_Bet50!$C$2:$C$100=$B15),0 ), 0 )} -> 0.01959592 | E15: {=_xlfn.IFNA( _xlfn._xlws.FILTER( Sim_Mul_Bet50!$F$2:$F$100, (Sim_Mul_Bet50!$A$2:$A$100=E$2) * (Sim_Mul_Bet50!$C$2:$C$100=$B15),0 ), 0 )} -> 0 | F15: {=_xlfn.IFNA( _xlfn._xlws.FILTER( Sim_Mul_Bet50!$L$2:$L$100, (Sim_Mul_Bet50!$A$2:$A$100=F$2) * (Sim_Mul_Bet50!$C$2:$C$100=$B15),0 ), 0 )} -> 19.999515 | G15: {=_xlfn.IFNA( _xlfn._xlws.FILTER( Sim_Mul_Bet50!$L$2:$L$100, (Sim_Mul_Bet50!$A$2:$A$100=G$2) * (Sim_Mul_Bet50!$C$2:$C$100=$B15),0 ), 0 )} -> 19.733584 | H15: {=_xlfn.IFNA( _xlfn._xlws.FILTER( Sim_Mul_Bet50!$L$2:$L$100, (Sim_Mul_Bet50!$A$2:$A$100=H$2) * (Sim_Mul_Bet50!$C$2:$C$100=$B15),0 ), 0 )} -> 0 | J15: 12 | K15: 15 | L15: B | M15: =HLOOKUP(L15,$C$2:$E$54,J15+2,FALSE) -> 0.01959592 | N15: =HLOOKUP(L15,$F$2:$H$54,J15+2,FALSE) -> 19.733584 | O15: =P15*1.5 -> 0.006825 | P15: 0.00455 | Q15: 0.0045253558 | R15: =N15*O15 -> 0.13468171 | T15: =ROUND(O15*1000000,0) -> 6825 | U15: 0.006825 | V15: =U15*N15/1.5 -> 0.089787807 | Y15: =Z15*1.5 -> 0.006 | Z15: 0.004 | AA15: 0.0045253558 | AB15: =N15*Y15 -> 0.1184015 | AD15: =ROUND(Y15*1000000,0) -> 6000 | AE15: 0.006 | AF15: =AE15*N15/1.5 -> 0.078934336
... B54: 7000 | C54: {=_xlfn.IFNA( _xlfn._xlws.FILTER( Sim_Mul_Bet50!$F$2:$F$100, (Sim_Mul_Bet50!$A$2:$A$100=C$2) * (Sim_Mul_Bet50!$C$2:$C$100=$B54),0 ), 0 )} -> 0 | D54: {=_xlfn.IFNA( _xlfn._xlws.FILTER( Sim_Mul_Bet50!$F$2:$F$100, (Sim_Mul_Bet50!$A$2:$A$100=D$2) * (Sim_Mul_Bet50!$C$2:$C$100=$B54),0 ), 0 )} -> 0 | E54: {=_xlfn.IFNA( _xlfn._xlws.FILTER( Sim_Mul_Bet50!$F$2:$F$100, (Sim_Mul_Bet50!$A$2:$A$100=E$2) * (Sim_Mul_Bet50!$C$2:$C$100=$B54),0 ), 0 )} -> 0 | F54: {=_xlfn.IFNA( _xlfn._xlws.FILTER( Sim_Mul_Bet50!$L$2:$L$100, (Sim_Mul_Bet50!$A$2:$A$100=F$2) * (Sim_Mul_Bet50!$C$2:$C$100=$B54),0 ), 0 )} -> 0 | G54: {=_xlfn.IFNA( _xlfn._xlws.FILTER( Sim_Mul_Bet50!$L$2:$L$100, (Sim_Mul_Bet50!$A$2:$A$100=G$2) * (Sim_Mul_Bet50!$C$2:$C$100=$B54),0 ), 0 )} -> 0 | H54: {=_xlfn.IFNA( _xlfn._xlws.FILTER( Sim_Mul_Bet50!$L$2:$L$100, (Sim_Mul_Bet50!$A$2:$A$100=H$2) * (Sim_Mul_Bet50!$C$2:$C$100=$B54),0 ), 0 )} -> 0 | J54: 51 | K54: 7000 | L54: B | M54: =HLOOKUP(L54,$C$2:$E$54,J54+2,FALSE) -> 0 | N54: =HLOOKUP(L54,$F$2:$H$54,J54+2,FALSE) -> 0 | O54: =P54*1.5 -> 0 | P54: 0 | Q54: 0 | R54: =N54*O54 -> 0 | T54: =ROUND(O54*1000000,0) -> 0 | U54: 0 | V54: =U54*N54/1.5 -> 0 | Y54: =Z54*1.5 -> 0 | Z54: 0 | AA54: 0 | AB54: =N54*Y54 -> 0 | AD54: =ROUND(Y54*1000000,0) -> 0 | AE54: 0 | AF54: =AE54*N54/1.5 -> 0

Sheet Sim_Mul_Bet50
