Workbook

Sheet Overview
A3: Model: | B3: 0.0.0.1
A4: Coin | B4: Multiway | C4: Pay Back 1 | D4: Pay Back 2
A5: 100 | B5: 1024 | C5: =Card!AF3 -> 0.92999946 | D5: =Card!AH3 -> 0.91999702
A7: Total Pay Back Percentage includes the following adjustments.
A8: Coin | B8: Description of feature
A9: 100 | B9: 3+ SC Free Spin Bonus
A11: Set1 | B11: Pay Back | C11: Hit% | D11: Pulls/Hit
B12: =Card!AF62 -> 0.26678737 | C12: =Card!AF57 -> 0.00849 | D12: =1/C12 -> 117.78563
A13: Set2 | B13: Pay Back | C13: Hit% | D13: Pulls/Hit
B14: =Card!AH62 -> 0.2728177 | C14: =Card!AH57 -> 0.00849 | D14: =1/C14 -> 117.78563
A16: Reel # | B16: 1 | C16: 2 | D16: 3 | E16: 4 | F16: 5
A17: Visible Window Size | B17: 4 | C17: 4 | D17: 4 | E17: 4 | F17: 4
A19: Feature：
A20: 1. Base Game中，為4*5盤面，1024 Ways Game。連線後消除所有連線的標誌後，剩餘標誌依照輪帶順序往下掉落。 2. 當連線的盤面每達成一次消除時，得分倍率往上提升。 3. 當連線的盤面消除到金框符號時，有機會在原地留下一個WW1，或是有機會將目前這格與額外2~4格取代成WW2。 4. 每一滾輪皆有機會出現C1，連線消除後也有機會出現C1，一輪可以出現超過1顆C1。
A31: Pay Table： | B31: All wins show for 100 credit bet.
A33: Scatter Pay： | B33: C1 *
A34: 3+ | B34: 0X
A35: *[C1]僅計算出現總數，對應倍數乘以押分。
B37: 1 | C37: 2 | D37: 3 | E37: 4 | F37: 5
A38: WW1 | B38: -- | C38: -- | D38: -- | E38: -- | F38: --
A39: WW2 | B39: -- | C39: -- | D39: -- | E39: -- | F39: --
A40: C1 | B40: 0 | C40: 0 | D40: 0 | E40: 0 | F40: 0
A41: M1 | B41: 0 | C41: 0 | D41: 50 | E41: 150 | F41: 250
A42: M2 | B42: 0 | C42: 0 | D42: 40 | E42: 120 | F42: 200
A43: M3 | B43: 0 | C43: 0 | D43: 30 | E43: 90 | F43: 150
A44: M4 | B44: 0 | C44: 0 | D44: 20 | E44: 60 | F44: 100
A45: A | B45: 0 | C45: 0 | D45: 10 | E45: 30 | F45: 50
A46: K | B46: 0 | C46: 0 | D46: 10 | E46: 30 | F46: 50
A47: Q | B47: 0 | C47: 0 | D47: 5 | E47: 15 | F47: 25
A48: J | B48: 0 | C48: 0 | D48: 5 | E48: 15 | F48: 25

Sheet Card
AD2: =SUMPRODUCT(AC65:AC115,AK6:AK56)/AB3 -> 0 | AF2: 新手 | AH2: 老手 | AJ2: 未啟用
A3: Lower | B3: Upper | C3: Simulator Cnt | F3: Simulator Pay | I3: Simulator Rate | L3: Simulator RTP | P3: Range | Q3: Base Game | Y3: Threshold | AB3: =10^9 -> 1000000000 | AE3: Final RTP 1 | AF3: =SUM(AE5:AE57)+AF57*(SUM(AE64:AE122)+AE57) -> 0.92999946 | AG3: Final RTP 2 | AH3: =SUM(AG5:AG57)+AH57*(SUM(AG64:AG122)+AG57) -> 0.91999702 | AI3: Final RTP 3 | AJ3: =SUM(AI5:AI57)+AJ57*(SUM(AI64:AI122)) -> 1.216331 | AM3: 新手 | AN3: 老手1 | AO3: 老手2
C4: A | D4: B | E4: C | F4: A | G4: B | H4: C | I4: A | J4: B | K4: C | L4: A | M4: B | N4: C | Q4: 使用的表 | R4: Rate | S4: Fix Num 1 | T4: Fix Num 2 | U4: Fix Num 3 | V4: Fix Rate 1 | W4: Fix Rate 2 | X4: Fix Rate 3 | Y4: Final Rate 1 | Z4: Final Rate 2 | AA4: Final Rate 3 | AB4: Weight 1 | AC4: Weight 2 | AD4: Weight 3 | AE4: Simulator RTP | AF4: Hit Rate | AG4: Simulator RTP | AH4: Hit Rate | AI4: Simulator RTP | AJ4: Hit Rate | AL4: Super Ace | AM4: 調性1 | AN4: 調性2 | AO4: 調性3
A5: -1 | B5: 0 | C5: 81444439 | D5: 44611398 | F5: 0 | G5: 0 | I5: {=_xlfn.LET(_xlpm.x, C5:C56, _xlpm.x/SUM(_xlpm.x))} -> 0.82275434 | J5: {=_xlfn.LET(_xlpm.x, D5:D56, _xlpm.x/SUM(_xlpm.x))} -> 0.44990451 | L5: {=F5:F56/C5:C56/[1]Overview!$A$5/5} -> 0 | M5: {=G5:G56/D5:D56/[1]Overview!$A$5/5} -> 0 | O5: =SUMPRODUCT(J5:J51,M5:M51) -> 9.1572377 | P5: ="("&$A5&", "&$B5&"]" -> (-1, 0] | Q5: B | R5: =_xlfn.XLOOKUP(Q5, $I$4:$K$4, I5:K5) -> 0.44990451 | S5: 1.986 | T5: 1.7108 | U5: 1.5 | V5: {=$R5:$R57*S5:S57} -> 0.89351035 | W5: {=$R5:$R57*T5:T57} -> 0.76969663 | X5: {=$R5:$R57*U5:U57} -> 0.67485676 | Y5: {=V5:V56/SUM(_xlfn.ANCHORARRAY(V5))} -> 0.71016486 | Z5: {=W5:W56/SUM(_xlfn.ANCHORARRAY(W5))} -> 0.74656841 | AA5: {=X5:X56/SUM(_xlfn.ANCHORARRAY(X5))} -> 0.72004258 | AB5: =INT($AB3-SUM(_xlfn.ANCHORARRAY(AB6))) -> 708422750 | AC5: =INT($AB3-SUM(_xlfn.ANCHORARRAY(AC6))) -> 746313311 | AD5: =INT($AB3-SUM(_xlfn.ANCHORARRAY(AD6))) -> 720611054 | AE5: =_xlfn.LET(_xlpm.x, _xlfn.XLOOKUP($Q5, $L$4:$N$4, $L5:$N5), IF(ISERROR(_xlpm.x), 0, _xlpm.x)*AB5/$AB$3) -> 0 | AF5: {=_xlfn.LET(_xlpm.x, AB5:AB57, _xlpm.x/SUM(_xlpm.x))} -> 0.70842275 | AG5: =_xlfn.LET(_xlpm.x, _xlfn.XLOOKUP($Q5, $L$4:$N$4, $L5:$N5), IF(ISERROR(_xlpm.x), 0, _xlpm.x)*AC5/$AB$3) -> 0 | AH5: {=_xlfn.LET(_xlpm.x, AC5:AC57, _xlpm.x/SUM(_xlpm.x))} -> 0.74631331 | AI5: =_xlfn.LET(_xlpm.x, _xlfn.XLOOKUP($Q5, $L$4:$N$4, $L5:$N5), IF(ISERROR(_xlpm.x), 0, _xlpm.x)*AD5/$AB$3) -> 0 | AJ5: {=_xlfn.LET(_xlpm.x, AD5:AD57, _xlpm.x/SUM(_xlpm.x))} -> 0.72061105 | AL5: 0.75950714 | AM5: {=(1-AF57)*AF5:AF56+AF57*AF64:AF115} -> 0.70240824 | AN5: {=(1-AH57)*AH5:AH56+AH57*AH64:AH115} -> 0.73997711 | AO5: {=(1-AJ57)*AJ5:AJ56+AJ57*AJ64:AJ115} -> 0.71449307
A6: 0 | B6: 1 | C6: 13113310 | D6: 18412850 | F6: 2531346475 | G6: 3398022375 | I6: 0.13247108 | J6: 0.185693 | L6: 0.38607285 | M6: 0.3690925 | P6: ="("&$A6&", "&$B6&"]" -> (0, 1] | Q6: B | R6: =_xlfn.SINGLE(_xlfn.XLOOKUP(Q6, $I$4:$K$4, I6:K6)) -> 0.185693 | S6: 1 | T6: 0.865 | U6: 0.68 | V6: 0.185693 | W6: 0.16062444 | X6: 0.12627124 | Y6: 0.14758938 | Z6: 0.15579792 | AA6: 0.13472588 | AB6: {=INT(Y6:Y57*$AB3)} -> 147589383 | AC6: {=INT(Z6:Z57*$AB3)} -> 155797920 | AD6: {=INT(AA6:AA57*$AB3)} -> 134725876 | AE6: =_xlfn.LET(_xlpm.x, _xlfn.XLOOKUP($Q6, $L$4:$N$4, $L6:$N6), IF(ISERROR(_xlpm.x), 0, _xlpm.x)*AB6/$AB$3) -> 0.054474134 | AF6: 0.14758938 | AG6: =_xlfn.LET(_xlpm.x, _xlfn.XLOOKUP($Q6, $L$4:$N$4, $L6:$N6), IF(ISERROR(_xlpm.x), 0, _xlpm.x)*AC6/$AB$3) -> 0.057503843 | AH6: 0.15579792 | AI6: =_xlfn.LET(_xlpm.x, _xlfn.XLOOKUP($Q6, $L$4:$N$4, $L6:$N6), IF(ISERROR(_xlpm.x), 0, _xlpm.x)*AD6/$AB$3) -> 0.04972631 | AJ6: 0.13472588 | AL6: 0.13313845 | AM6: 0.14633635 | AN6: 0.1544752 | AO6: 0.13358205
A7: 1 | B7: 2 | C7: 2076337 | D7: 4580344 | F7: 1560262150 | G7: 3412133350 | I7: 0.020975223 | J7: 0.046192621 | L7: 1.5028988 | M7: 1.4899027 | P7: ="("&$A7&", "&$B7&"]" -> (1, 2] | Q7: B | R7: =_xlfn.SINGLE(_xlfn.XLOOKUP(Q7, $I$4:$K$4, I7:K7)) -> 0.046192621 | S7: 1 | T7: 0.58 | U7: 0.8 | V7: 0.046192621 | W7: 0.02679172 | X7: 0.036954097 | Y7: 0.036714042 | Z7: 0.02598667 | AA7: 0.039428402 | AB7: 36714042 | AC7: 25986669 | AD7: 39428401 | AE7: =_xlfn.LET(_xlpm.x, _xlfn.XLOOKUP($Q7, $L$4:$N$4, $L7:$N7), IF(ISERROR(_xlpm.x), 0, _xlpm.x)*AB7/$AB$3) -> 0.054700349 | AF7: 0.036714042 | AG7: =_xlfn.LET(_xlpm.x, _xlfn.XLOOKUP($Q7, $L$4:$N$4, $L7:$N7), IF(ISERROR(_xlpm.x), 0, _xlpm.x)*AC7/$AB$3) -> 0.038717607 | AH7: 0.025986669 | AI7: =_xlfn.LET(_xlpm.x, _xlfn.XLOOKUP($Q7, $L$4:$N$4, $L7:$N7), IF(ISERROR(_xlpm.x), 0, _xlpm.x)*AD7/$AB$3) -> 0.058744479 | AJ7: 0.039428401 | AL7: 0.031854304 | AM7: 0.03640234 | AN7: 0.025766042 | AO7: 0.039093654
A8: 2 | B8: 3 | C8: 894630 | D8: 2912418 | F8: 1126665375 | G8: 3666796450 | I8: 0.009037581 | J8: 0.029371641 | L8: 2.5187293 | M8: 2.5180427 | P8: ="("&$A8&", "&$B8&"]" -> (2, 3] | Q8: B | R8: =_xlfn.SINGLE(_xlfn.XLOOKUP(Q8, $I$4:$K$4, I8:K8)) -> 0.029371641 | S8: 1 | T8: 0.52 | U8: 0.5 | V8: 0.029371641 | W8: 0.015273254 | X8: 0.014685821 | Y8: 0.023344674 | Z8: 0.014814315 | AA8: 0.015669127 | AB8: 23344673 | AC8: 14814315 | AD8: 15669126 | AE8: =_xlfn.LET(_xlpm.x, _xlfn.XLOOKUP($Q8, $L$4:$N$4, $L8:$N8), IF(ISERROR(_xlpm.x), 0, _xlpm.x)*AB8/$AB$3) -> 0.058782884 | AF8: 0.023344673 | AG8: =_xlfn.LET(_xlpm.x, _xlfn.XLOOKUP($Q8, $L$4:$N$4, $L8:$N8), IF(ISERROR(_xlpm.x), 0, _xlpm.x)*AC8/$AB$3) -> 0.037303078 | AH8: 0.014814315 | AI8: =_xlfn.LET(_xlpm.x, _xlfn.XLOOKUP($Q8, $L$4:$N$4, $L8:$N8), IF(ISERROR(_xlpm.x), 0, _xlpm.x)*AD8/$AB$3) -> 0.039455528 | AJ8: 0.015669126 | AL8: 0.017710586 | AM8: 0.023146477 | AN8: 0.014688541 | AO8: 0.015536095
A9: 3 | B9: 4 | C9: 457771 | D9: 1995806 | F9: 815422300 | G9: 3530115825 | I9: 0.0046244174 | J9: 0.020127639 | L9: 3.5625774 | M9: 3.537534 | P9: ="("&$A9&", "&$B9&"]" -> (3, 4] | Q9: B | R9: =_xlfn.SINGLE(_xlfn.XLOOKUP(Q9, $I$4:$K$4, I9:K9)) -> 0.020127639 | S9: 1.042 | T9: 0.53 | U9: 0.5 | V9: 0.020973 | W9: 0.010667649 | X9: 0.010063819 | Y9: 0.016669407 | Z9: 0.010347102 | AA9: 0.010737654 | AB9: 16669406 | AC9: 10347101 | AD9: 10737654 | AE9: =_xlfn.LET(_xlpm.x, _xlfn.XLOOKUP($Q9, $L$4:$N$4, $L9:$N9), IF(ISERROR(_xlpm.x), 0, _xlpm.x)*AB9/$AB$3) -> 0.058968591 | AF9: 0.016669406 | AG9: =_xlfn.LET(_xlpm.x, _xlfn.XLOOKUP($Q9, $L$4:$N$4, $L9:$N9), IF(ISERROR(_xlpm.x), 0, _xlpm.x)*AC9/$AB$3) -> 0.036603222 | AH9: 0.010347101 | AI9: =_xlfn.LET(_xlpm.x, _xlfn.XLOOKUP($Q9, $L$4:$N$4, $L9:$N9), IF(ISERROR(_xlpm.x), 0, _xlpm.x)*AD9/$AB$3) -> 0.037984816 | AJ9: 0.010737654 | AL9: 0.0116448 | AM9: 0.016527883 | AN9: 0.010259254 | AO9: 0.010646491
A10: 4 | B10: 5 | C10: 297012 | D10: 1826101 | F10: 670352000 | G10: 4129988800 | I10: 0.0030004248 | J10: 0.01841617 | L10: 4.5139725 | M10: 4.5232863 | P10: ="("&$A10&", "&$B10&"]" -> (4, 5] | Q10: B | R10: =_xlfn.SINGLE(_xlfn.XLOOKUP(Q10, $I$4:$K$4, I10:K10)) -> 0.01841617 | S10: 0.8 | T10: 0.5 | U10: 0.5 | V10: 0.014732936 | W10: 0.0092080848 | X10: 0.0092080848 | Y10: 0.011709784 | Z10: 0.0089313957 | AA10: 0.0098246228 | AB10: 11709784 | AC10: 8931395 | AD10: 9824622 | AE10: =_xlfn.LET(_xlpm.x, _xlfn.XLOOKUP($Q10, $L$4:$N$4, $L10:$N10), IF(ISERROR(_xlpm.x), 0, _xlpm.x)*AB10/$AB$3) -> 0.052966705 | AF10: 0.011709784 | AG10: =_xlfn.LET(_xlpm.x, _xlfn.XLOOKUP($Q10, $L$4:$N$4, $L10:$N10), IF(ISERROR(_xlpm.x), 0, _xlpm.x)*AC10/$AB$3) -> 0.040399256 | AH10: 0.008931395 | AI10: =_xlfn.LET(_xlpm.x, _xlfn.XLOOKUP($Q10, $L$4:$N$4, $L10:$N10), IF(ISERROR(_xlpm.x), 0, _xlpm.x)*AD10/$AB$3) -> 0.044439578 | AJ10: 0.009824622 | AL10: 0.0093752676 | AM10: 0.011610368 | AN10: 0.0088555675 | AO10: 0.009741211
A11: 5 | B11: 6 | C11: 177151 | D11: 1461544 | F11: 491783775 | G11: 4037335500 | I11: 0.0017895851 | J11: 0.014739624 | L11: 5.5521422 | M11: 5.524754 | P11: ="("&$A11&", "&$B11&"]" -> (5, 6] | Q11: B | R11: =_xlfn.SINGLE(_xlfn.XLOOKUP(Q11, $I$4:$K$4, I11:K11)) -> 0.014739624 | S11: 1 | T11: 0.3 | U11: 0.3 | V11: 0.014739624 | W11: 0.0044218872 | X11: 0.0044218872 | Y11: 0.0117151 | Z11: 0.0042890162 | AA11: 0.0047179598 | AB11: 11715099 | AC11: 4289016 | AD11: 4717959 | AE11: =_xlfn.LET(_xlpm.x, _xlfn.XLOOKUP($Q11, $L$4:$N$4, $L11:$N11), IF(ISERROR(_xlpm.x), 0, _xlpm.x)*AB11/$AB$3) -> 0.06472304 | AF11: 0.011715099 | AG11: =_xlfn.LET(_xlpm.x, _xlfn.XLOOKUP($Q11, $L$4:$N$4, $L11:$N11), IF(ISERROR(_xlpm.x), 0, _xlpm.x)*AC11/$AB$3) -> 0.023695758 | AH11: 0.004289016 | AI11: =_xlfn.LET(_xlpm.x, _xlfn.XLOOKUP($Q11, $L$4:$N$4, $L11:$N11), IF(ISERROR(_xlpm.x), 0, _xlpm.x)*AD11/$AB$3) -> 0.026065563 | AJ11: 0.004717959 | AL11: 0.004243089 | AM11: 0.011615638 | AN11: 0.0042526023 | AO11: 0.0046779035
A12: 6 | B12: 7 | C12: 124646 | D12: 1323139 | F12: 405090625 | G12: 4311237575 | I12: 0.0012591779 | J12: 0.013343814 | L12: 6.4998576 | M12: 6.5166813 | P12: ="("&$A12&", "&$B12&"]" -> (6, 7] | Q12: B | R12: =_xlfn.SINGLE(_xlfn.XLOOKUP(Q12, $I$4:$K$4, I12:K12)) -> 0.013343814 | S12: 0.8 | T12: 0.3 | U12: 0.8 | V12: 0.010675051 | W12: 0.0040031442 | X12: 0.010675051 | Y12: 0.0084845646 | Z12: 0.0038828558 | AA12: 0.011389812 | AB12: 8484564 | AC12: 3882855 | AD12: 11389811 | AE12: =_xlfn.LET(_xlpm.x, _xlfn.XLOOKUP($Q12, $L$4:$N$4, $L12:$N12), IF(ISERROR(_xlpm.x), 0, _xlpm.x)*AB12/$AB$3) -> 0.055291199 | AF12: 0.008484564 | AG12: =_xlfn.LET(_xlpm.x, _xlfn.XLOOKUP($Q12, $L$4:$N$4, $L12:$N12), IF(ISERROR(_xlpm.x), 0, _xlpm.x)*AC12/$AB$3) -> 0.025303328 | AH12: 0.003882855 | AI12: =_xlfn.LET(_xlpm.x, _xlfn.XLOOKUP($Q12, $L$4:$N$4, $L12:$N12), IF(ISERROR(_xlpm.x), 0, _xlpm.x)*AD12/$AB$3) -> 0.074223768 | AJ12: 0.011389811 | AL12: 0.0034818862 | AM12: 0.0084125301 | AN12: 0.0038498896 | AO12: 0.011293112
A13: 7 | B13: 8 | C13: 84482 | D13: 1121685 | F13: 319837600 | G13: 4225509550 | I13: 0.00085343988 | J13: 0.011312157 | L13: 7.5717336 | M13: 7.5342178 | P13: ="("&$A13&", "&$B13&"]" -> (7, 8] | Q13: B | R13: =_xlfn.SINGLE(_xlfn.XLOOKUP(Q13, $I$4:$K$4, I13:K13)) -> 0.011312157 | S13: 0.9 | T13: 0.3 | U13: 0.8 | V13: 0.010180941 | W13: 0.0033936471 | X13: 0.0090497256 | Y13: 0.0080918445 | Z13: 0.0032916731 | AA13: 0.0096556605 | AB13: 8091844 | AC13: 3291673 | AD13: 9655660 | AE13: =_xlfn.LET(_xlpm.x, _xlfn.XLOOKUP($Q13, $L$4:$N$4, $L13:$N13), IF(ISERROR(_xlpm.x), 0, _xlpm.x)*AB13/$AB$3) -> 0.060965715 | AF13: 0.008091844 | AG13: =_xlfn.LET(_xlpm.x, _xlfn.XLOOKUP($Q13, $L$4:$N$4, $L13:$N13), IF(ISERROR(_xlpm.x), 0, _xlpm.x)*AC13/$AB$3) -> 0.024800181 | AH13: 0.003291673 | AI13: =_xlfn.LET(_xlpm.x, _xlfn.XLOOKUP($Q13, $L$4:$N$4, $L13:$N13), IF(ISERROR(_xlpm.x), 0, _xlpm.x)*AD13/$AB$3) -> 0.072747846 | AJ13: 0.00965566 | AL13: 0.0031388401 | AM13: 0.0080231442 | AN13: 0.0032637267 | AO13: 0.0095736834
A14: 8 | B14: 9 | C14: 71204 | D14: 1089744 | F14: 303032850 | G14: 4639783525 | I14: 0.0007193051 | J14: 0.010990033 | L14: 8.5116805 | M14: 8.5153642 | P14: ="("&$A14&", "&$B14&"]" -> (8, 9] | Q14: B | R14: =_xlfn.SINGLE(_xlfn.XLOOKUP(Q14, $I$4:$K$4, I14:K14)) -> 0.010990033 | S14: 0.7 | T14: 0.28 | U14: 0.8 | V14: 0.0076930231 | W14: 0.0030772092 | X14: 0.0087920264 | Y14: 0.0061144392 | Z14: 0.0029847437 | AA14: 0.0093807068 | AB14: 6114439 | AC14: 2984743 | AD14: 9380706 | AE14: =_xlfn.LET(_xlpm.x, _xlfn.XLOOKUP($Q14, $L$4:$N$4, $L14:$N14), IF(ISERROR(_xlpm.x), 0, _xlpm.x)*AB14/$AB$3) -> 0.052066675 | AF14: 0.006114439 | AG14: =_xlfn.LET(_xlpm.x, _xlfn.XLOOKUP($Q14, $L$4:$N$4, $L14:$N14), IF(ISERROR(_xlpm.x), 0, _xlpm.x)*AC14/$AB$3) -> 0.025416174 | AH14: 0.002984743 | AI14: =_xlfn.LET(_xlpm.x, _xlfn.XLOOKUP($Q14, $L$4:$N$4, $L14:$N14), IF(ISERROR(_xlpm.x), 0, _xlpm.x)*AD14/$AB$3) -> 0.079880128 | AJ14: 0.009380706 | AL14: 0.0026829592 | AM14: 0.0060625274 | AN14: 0.0029594025 | AO14: 0.0093010638
A15: 9 | B15: 10 | C15: 48023 | D15: 944073 | F15: 228958500 | G15: 4499878525 | I15: 0.00048512989 | J15: 0.0095209457 | L15: 9.5353685 | M15: 9.5329038 | P15: ="("&$A15&", "&$B15&"]" -> (9, 10] | Q15: B | R15: =_xlfn.SINGLE(_xlfn.XLOOKUP(Q15, $I$4:$K$4, I15:K15)) -> 0.0095209457 | S15: 0.44 | T15: 0.32 | U15: 0.3 | V15: 0.0041892161 | W15: 0.0030467026 | X15: 0.0028562837 | Y15: 0.0033296023 | Z15: 0.0029551538 | AA15: 0.0030475295 | AB15: 3329602 | AC15: 2955153 | AD15: 3047529 | AE15: =_xlfn.LET(_xlpm.x, _xlfn.XLOOKUP($Q15, $L$4:$N$4, $L15:$N15), IF(ISERROR(_xlpm.x), 0, _xlpm.x)*AB15/$AB$3) -> 0.031740775 | AF15: 0.003329602 | AG15: =_xlfn.LET(_xlpm.x, _xlfn.XLOOKUP($Q15, $L$4:$N$4, $L15:$N15), IF(ISERROR(_xlpm.x), 0, _xlpm.x)*AC15/$AB$3) -> 0.028171189 | AH15: 0.002955153 | AI15: =_xlfn.LET(_xlpm.x, _xlfn.XLOOKUP($Q15, $L$4:$N$4, $L15:$N15), IF(ISERROR(_xlpm.x), 0, _xlpm.x)*AD15/$AB$3) -> 0.029051801 | AJ15: 0.003047529 | AL15: 0.0025624295 | AM15: 0.0033013337 | AN15: 0.0029300638 | AO15: 0.0030216555
A16: 10 | B16: 15 | C16: 117843 | D16: 3698851 | F16: 711361275 | G16: 22888608900 | I16: 0.0011904538 | J16: 0.037302793 | L16: 12.073034 | M16: 12.376064 | P16: ="("&$A16&", "&$B16&"]" -> (10, 15] | Q16: B | R16: =_xlfn.SINGLE(_xlfn.XLOOKUP(Q16, $I$4:$K$4, I16:K16)) -> 0.037302793 | S16: 0.3145 | T16: 0.14 | U16: 0.422 | V16: 0.011731728 | W16: 0.005222391 | X16: 0.015741779 | Y16: 0.0093244149 | Z16: 0.005065466 | AA16: 0.016795788 | AB16: 9324414 | AC16: 5065466 | AD16: 16795787 | AE16: =_xlfn.LET(_xlpm.x, _xlfn.XLOOKUP($Q16, $L$4:$N$4, $L16:$N16), IF(ISERROR(_xlpm.x), 0, _xlpm.x)*AB16/$AB$3) -> 0.11539955 | AF16: 0.009324414 | AG16: =_xlfn.LET(_xlpm.x, _xlfn.XLOOKUP($Q16, $L$4:$N$4, $L16:$N16), IF(ISERROR(_xlpm.x), 0, _xlpm.x)*AC16/$AB$3) -> 0.062690533 | AH16: 0.005065466 | AI16: =_xlfn.LET(_xlpm.x, _xlfn.XLOOKUP($Q16, $L$4:$N$4, $L16:$N16), IF(ISERROR(_xlpm.x), 0, _xlpm.x)*AD16/$AB$3) -> 0.20786574 | AJ16: 0.016795787 | AL16: 0.0055396749 | AM16: 0.0092452497 | AN16: 0.0059292089 | AO16: 0.016746832
A17: 15 | B17: 20 | C17: 45036 | D17: 2622561 | F17: 386935925 | G17: 22832281425 | I17: 0.00045495512 | J17: 0.026448443 | L17: 17.183405 | M17: 17.412202 | P17: ="("&$A17&", "&$B17&"]" -> (15, 20] | Q17: B | R17: =_xlfn.SINGLE(_xlfn.XLOOKUP(Q17, $I$4:$K$4, I17:K17)) -> 0.026448443 | S17: 0 | T17: 0.1 | U17: 0.01 | V17: 0 | W17: 0.0026448443 | X17: 0.00026448443 | Y17: 0 | Z17: 0.0025653707 | AA17: 0.00028219329 | AB17: 0 | AC17: 2565370 | AD17: 282193 | AE17: =_xlfn.LET(_xlpm.x, _xlfn.XLOOKUP($Q17, $L$4:$N$4, $L17:$N17), IF(ISERROR(_xlpm.x), 0, _xlpm.x)*AB17/$AB$3) -> 0 | AF17: 0 | AG17: =_xlfn.LET(_xlpm.x, _xlfn.XLOOKUP($Q17, $L$4:$N$4, $L17:$N17), IF(ISERROR(_xlpm.x), 0, _xlpm.x)*AC17/$AB$3) -> 0.044668742 | AH17: 0.00256537 | AI17: =_xlfn.LET(_xlpm.x, _xlfn.XLOOKUP($Q17, $L$4:$N$4, $L17:$N17), IF(ISERROR(_xlpm.x), 0, _xlpm.x)*AD17/$AB$3) -> 0.0049136016 | AJ17: 0.000282193 | AL17: 0.003905861 | AM17: 0 | AN17: 0.0035328161 | AO17: 0.00044430475
A18: 20 | B18: 25 | C18: 17393 | D18: 1975704 | F18: 193861550 | G18: 22152755175 | I18: 0.00017570465 | J18: 0.019924911 | L18: 22.291905 | M18: 22.425176 | P18: ="("&$A18&", "&$B18&"]" -> (20, 25] | Q18: B | R18: =_xlfn.SINGLE(_xlfn.XLOOKUP(Q18, $I$4:$K$4, I18:K18)) -> 0.019924911 | S18: 0 | T18: 0.07 | U18: 0.01 | V18: 0 | W18: 0.0013947438 | X18: 0.00019924911 | Y18: 0 | Z18: 0.0013528338 | AA18: 0.00021259007 | AB18: 0 | AC18: 1352833 | AD18: 212590 | AE18: =_xlfn.LET(_xlpm.x, _xlfn.XLOOKUP($Q18, $L$4:$N$4, $L18:$N18), IF(ISERROR(_xlpm.x), 0, _xlpm.x)*AB18/$AB$3) -> 0 | AF18: 0 | AG18: =_xlfn.LET(_xlpm.x, _xlfn.XLOOKUP($Q18, $L$4:$N$4, $L18:$N18), IF(ISERROR(_xlpm.x), 0, _xlpm.x)*AC18/$AB$3) -> 0.030337518 | AH18: 0.001352833 | AI18: =_xlfn.LET(_xlpm.x, _xlfn.XLOOKUP($Q18, $L$4:$N$4, $L18:$N18), IF(ISERROR(_xlpm.x), 0, _xlpm.x)*AD18/$AB$3) -> 0.0047673682 | AJ18: 0.00021259 | AL18: 0.0029427494 | AM18: 0.0012335986 | AN18: 0.0025176253 | AO18: 0.00041324573
... A35: 250 | B35: 300 | C35: 2 | D35: 60786 | F35: 267175 | G35: 8260336800 | I35: 2.0204064e-08 | J35: 0.00061302484 | L35: 267.175 | M35: 271.78419 | P35: ="("&$A35&", "&$B35&"]" -> (250, 300] | Q35: B | R35: =_xlfn.SINGLE(_xlfn.XLOOKUP(Q35, $I$4:$K$4, I35:K35)) -> 0.00061302484 | S35: 0 | T35: 0 | U35: 0 | V35: 0 | W35: 0 | X35: 0 | Y35: 0 | Z35: 0 | AA35: 0 | AB35: 0 | AC35: 0 | AD35: 0 | AE35: =_xlfn.LET(_xlpm.x, _xlfn.XLOOKUP($Q35, $L$4:$N$4, $L35:$N35), IF(ISERROR(_xlpm.x), 0, _xlpm.x)*AB35/$AB$3) -> 0 | AF35: 0 | AG35: =_xlfn.LET(_xlpm.x, _xlfn.XLOOKUP($Q35, $L$4:$N$4, $L35:$N35), IF(ISERROR(_xlpm.x), 0, _xlpm.x)*AC35/$AB$3) -> 0 | AH35: 0 | AI35: =_xlfn.LET(_xlpm.x, _xlfn.XLOOKUP($Q35, $L$4:$N$4, $L35:$N35), IF(ISERROR(_xlpm.x), 0, _xlpm.x)*AD35/$AB$3) -> 0 | AJ35: 0 | AL35: 2.3009877e-05 | AM35: 0 | AN35: 3.89691e-09 | AO35: 0
A36: 300 | B36: 350 | D36: 28345 | G36: 4564465400 | I36: 0 | J36: 0.00028585841 | L36: #DIV/0! | M36: 322.06494 | P36: ="("&$A36&", "&$B36&"]" -> (300, 350] | Q36: B | R36: =_xlfn.SINGLE(_xlfn.XLOOKUP(Q36, $I$4:$K$4, I36:K36)) -> 0.00028585841 | S36: 0 | T36: 0 | U36: 0 | V36: 0 | W36: 0 | X36: 0 | Y36: 0 | Z36: 0 | AA36: 0 | AB36: 0 | AC36: 0 | AD36: 0 | AE36: =_xlfn.LET(_xlpm.x, _xlfn.XLOOKUP($Q36, $L$4:$N$4, $L36:$N36), IF(ISERROR(_xlpm.x), 0, _xlpm.x)*AB36/$AB$3) -> 0 | AF36: 0 | AG36: =_xlfn.LET(_xlpm.x, _xlfn.XLOOKUP($Q36, $L$4:$N$4, $L36:$N36), IF(ISERROR(_xlpm.x), 0, _xlpm.x)*AC36/$AB$3) -> 0 | AH36: 0 | AI36: =_xlfn.LET(_xlpm.x, _xlfn.XLOOKUP($Q36, $L$4:$N$4, $L36:$N36), IF(ISERROR(_xlpm.x), 0, _xlpm.x)*AD36/$AB$3) -> 0 | AJ36: 0 | AL36: 1.2799948e-05 | AM36: 0 | AN36: 3.00546e-09 | AO36: 0
A37: 350 | B37: 400 | D37: 14283 | G37: 2664886025 | I37: 0 | J37: 0.00014404359 | L37: #DIV/0! | M37: 373.15494 | P37: ="("&$A37&", "&$B37&"]" -> (350, 400] | Q37: B | R37: =_xlfn.SINGLE(_xlfn.XLOOKUP(Q37, $I$4:$K$4, I37:K37)) -> 0.00014404359 | S37: 0 | T37: 0 | U37: 0 | V37: 0 | W37: 0 | X37: 0 | Y37: 0 | Z37: 0 | AA37: 0 | AB37: 0 | AC37: 0 | AD37: 0 | AE37: =_xlfn.LET(_xlpm.x, _xlfn.XLOOKUP($Q37, $L$4:$N$4, $L37:$N37), IF(ISERROR(_xlpm.x), 0, _xlpm.x)*AB37/$AB$3) -> 0 | AF37: 0 | AG37: =_xlfn.LET(_xlpm.x, _xlfn.XLOOKUP($Q37, $L$4:$N$4, $L37:$N37), IF(ISERROR(_xlpm.x), 0, _xlpm.x)*AC37/$AB$3) -> 0 | AH37: 0 | AI37: =_xlfn.LET(_xlpm.x, _xlfn.XLOOKUP($Q37, $L$4:$N$4, $L37:$N37), IF(ISERROR(_xlpm.x), 0, _xlpm.x)*AD37/$AB$3) -> 0 | AJ37: 0 | AL37: 6.1184503e-06 | AM37: 0 | AN37: 0 | AO37: 0
A38: 400 | B38: 450 | D38: 7594 | G38: 1604572700 | I38: 0 | J38: 7.6585244e-05 | L38: #DIV/0! | M38: 422.5896 | P38: ="("&$A38&", "&$B38&"]" -> (400, 450] | Q38: B | R38: =_xlfn.SINGLE(_xlfn.XLOOKUP(Q38, $I$4:$K$4, I38:K38)) -> 7.6585244e-05 | S38: 0 | T38: 0 | U38: 0 | V38: 0 | W38: 0 | X38: 0 | Y38: 0 | Z38: 0 | AA38: 0 | AB38: 0 | AC38: 0 | AD38: 0 | AE38: =_xlfn.LET(_xlpm.x, _xlfn.XLOOKUP($Q38, $L$4:$N$4, $L38:$N38), IF(ISERROR(_xlpm.x), 0, _xlpm.x)*AB38/$AB$3) -> 0 | AF38: 0 | AG38: =_xlfn.LET(_xlpm.x, _xlfn.XLOOKUP($Q38, $L$4:$N$4, $L38:$N38), IF(ISERROR(_xlpm.x), 0, _xlpm.x)*AC38/$AB$3) -> 0 | AH38: 0 | AI38: =_xlfn.LET(_xlpm.x, _xlfn.XLOOKUP($Q38, $L$4:$N$4, $L38:$N38), IF(ISERROR(_xlpm.x), 0, _xlpm.x)*AD38/$AB$3) -> 0 | AJ38: 0 | AL38: 4.4668441e-06 | AM38: 0 | AN38: 0 | AO38: 0
A39: 450 | B39: 500 | D39: 4278 | G39: 1012271950 | I39: 0 | J39: 4.3143492e-05 | L39: #DIV/0! | M39: 473.24542 | P39: ="("&$A39&", "&$B39&"]" -> (450, 500] | Q39: B | R39: =_xlfn.SINGLE(_xlfn.XLOOKUP(Q39, $I$4:$K$4, I39:K39)) -> 4.3143492e-05 | S39: 0 | T39: 0 | U39: 0 | V39: 0 | W39: 0 | X39: 0 | Y39: 0 | Z39: 0 | AA39: 0 | AB39: 0 | AC39: 0 | AD39: 0 | AE39: =_xlfn.LET(_xlpm.x, _xlfn.XLOOKUP($Q39, $L$4:$N$4, $L39:$N39), IF(ISERROR(_xlpm.x), 0, _xlpm.x)*AB39/$AB$3) -> 0 | AF39: 0 | AG39: =_xlfn.LET(_xlpm.x, _xlfn.XLOOKUP($Q39, $L$4:$N$4, $L39:$N39), IF(ISERROR(_xlpm.x), 0, _xlpm.x)*AC39/$AB$3) -> 0 | AH39: 0 | AI39: =_xlfn.LET(_xlpm.x, _xlfn.XLOOKUP($Q39, $L$4:$N$4, $L39:$N39), IF(ISERROR(_xlpm.x), 0, _xlpm.x)*AD39/$AB$3) -> 0 | AJ39: 0 | AL39: 2.2897268e-06 | AM39: 0 | AN39: 0 | AO39: 0
A40: 500 | B40: 550 | D40: 2588 | G40: 675360325 | I40: 0 | J40: 2.6099896e-05 | L40: #DIV/0! | M40: 521.91679 | P40: ="("&$A40&", "&$B40&"]" -> (500, 550] | Q40: B | R40: =_xlfn.SINGLE(_xlfn.XLOOKUP(Q40, $I$4:$K$4, I40:K40)) -> 2.6099896e-05 | S40: 0 | T40: 0 | U40: 0 | V40: 0 | W40: 0 | X40: 0 | Y40: 0 | Z40: 0 | AA40: 0 | AB40: 0 | AC40: 0 | AD40: 0 | AE40: =_xlfn.LET(_xlpm.x, _xlfn.XLOOKUP($Q40, $L$4:$N$4, $L40:$N40), IF(ISERROR(_xlpm.x), 0, _xlpm.x)*AB40/$AB$3) -> 0 | AF40: 0 | AG40: =_xlfn.LET(_xlpm.x, _xlfn.XLOOKUP($Q40, $L$4:$N$4, $L40:$N40), IF(ISERROR(_xlpm.x), 0, _xlpm.x)*AC40/$AB$3) -> 0 | AH40: 0 | AI40: =_xlfn.LET(_xlpm.x, _xlfn.XLOOKUP($Q40, $L$4:$N$4, $L40:$N40), IF(ISERROR(_xlpm.x), 0, _xlpm.x)*AD40/$AB$3) -> 0 | AJ40: 0 | AL40: 5.2551107e-07 | AM40: 0 | AN40: 0 | AO40: 0
A41: 550 | B41: 600 | D41: 1682 | G41: 481706800 | I41: 0 | J41: 1.6962916e-05 | L41: #DIV/0! | M41: 572.7786 | P41: ="("&$A41&", "&$B41&"]" -> (550, 600] | Q41: B | R41: =_xlfn.SINGLE(_xlfn.XLOOKUP(Q41, $I$4:$K$4, I41:K41)) -> 1.6962916e-05 | S41: 0 | T41: 0 | U41: 0 | V41: 0 | W41: 0 | X41: 0 | Y41: 0 | Z41: 0 | AA41: 0 | AB41: 0 | AC41: 0 | AD41: 0 | AE41: =_xlfn.LET(_xlpm.x, _xlfn.XLOOKUP($Q41, $L$4:$N$4, $L41:$N41), IF(ISERROR(_xlpm.x), 0, _xlpm.x)*AB41/$AB$3) -> 0 | AF41: 0 | AG41: =_xlfn.LET(_xlpm.x, _xlfn.XLOOKUP($Q41, $L$4:$N$4, $L41:$N41), IF(ISERROR(_xlpm.x), 0, _xlpm.x)*AC41/$AB$3) -> 0 | AH41: 0 | AI41: =_xlfn.LET(_xlpm.x, _xlfn.XLOOKUP($Q41, $L$4:$N$4, $L41:$N41), IF(ISERROR(_xlpm.x), 0, _xlpm.x)*AD41/$AB$3) -> 0 | AJ41: 0 | AL41: 5.2551107e-07 | AM41: 0 | AN41: 0 | AO41: 0
A42: 600 | B42: 650 | D42: 994 | G42: 309967200 | I42: 0 | J42: 1.0024458e-05 | L42: #DIV/0! | M42: 623.67646 | P42: ="("&$A42&", "&$B42&"]" -> (600, 650] | Q42: B | R42: =_xlfn.SINGLE(_xlfn.XLOOKUP(Q42, $I$4:$K$4, I42:K42)) -> 1.0024458e-05 | S42: 0 | T42: 0 | U42: 0 | V42: 0 | W42: 0 | X42: 0 | Y42: 0 | Z42: 0 | AA42: 0 | AB42: 0 | AC42: 0 | AD42: 0 | AE42: =_xlfn.LET(_xlpm.x, _xlfn.XLOOKUP($Q42, $L$4:$N$4, $L42:$N42), IF(ISERROR(_xlpm.x), 0, _xlpm.x)*AB42/$AB$3) -> 0 | AF42: 0 | AG42: =_xlfn.LET(_xlpm.x, _xlfn.XLOOKUP($Q42, $L$4:$N$4, $L42:$N42), IF(ISERROR(_xlpm.x), 0, _xlpm.x)*AC42/$AB$3) -> 0 | AH42: 0 | AI42: =_xlfn.LET(_xlpm.x, _xlfn.XLOOKUP($Q42, $L$4:$N$4, $L42:$N42), IF(ISERROR(_xlpm.x), 0, _xlpm.x)*AD42/$AB$3) -> 0 | AJ42: 0 | AL42: 3.7536505e-07 | AM42: 0 | AN42: 0 | AO42: 0
A43: 650 | B43: 700 | D43: 630 | G43: 211839550 | I43: 0 | J43: 6.3535296e-06 | L43: #DIV/0! | M43: 672.50651 | P43: ="("&$A43&", "&$B43&"]" -> (650, 700] | Q43: B | R43: =_xlfn.SINGLE(_xlfn.XLOOKUP(Q43, $I$4:$K$4, I43:K43)) -> 6.3535296e-06 | S43: 0 | T43: 0 | U43: 0 | V43: 0 | W43: 0 | X43: 0 | Y43: 0 | Z43: 0 | AA43: 0 | AB43: 0 | AC43: 0 | AD43: 0 | AE43: =_xlfn.LET(_xlpm.x, _xlfn.XLOOKUP($Q43, $L$4:$N$4, $L43:$N43), IF(ISERROR(_xlpm.x), 0, _xlpm.x)*AB43/$AB$3) -> 0 | AF43: 0 | AG43: =_xlfn.LET(_xlpm.x, _xlfn.XLOOKUP($Q43, $L$4:$N$4, $L43:$N43), IF(ISERROR(_xlpm.x), 0, _xlpm.x)*AC43/$AB$3) -> 0 | AH43: 0 | AI43: =_xlfn.LET(_xlpm.x, _xlfn.XLOOKUP($Q43, $L$4:$N$4, $L43:$N43), IF(ISERROR(_xlpm.x), 0, _xlpm.x)*AD43/$AB$3) -> 0 | AJ43: 0 | AL43: 3.0029204e-07 | AM43: 0 | AN43: 0 | AO43: 0
A44: 700 | B44: 750 | D44: 446 | G44: 161844225 | I44: 0 | J44: 4.4978956e-06 | L44: #DIV/0! | M44: 725.75886 | P44: ="("&$A44&", "&$B44&"]" -> (700, 750] | Q44: B | R44: =_xlfn.SINGLE(_xlfn.XLOOKUP(Q44, $I$4:$K$4, I44:K44)) -> 4.4978956e-06 | S44: 0 | T44: 0 | U44: 0 | V44: 0 | W44: 0 | X44: 0 | Y44: 0 | Z44: 0 | AA44: 0 | AB44: 0 | AC44: 0 | AD44: 0 | AE44: =_xlfn.LET(_xlpm.x, _xlfn.XLOOKUP($Q44, $L$4:$N$4, $L44:$N44), IF(ISERROR(_xlpm.x), 0, _xlpm.x)*AB44/$AB$3) -> 0 | AF44: 0 | AG44: =_xlfn.LET(_xlpm.x, _xlfn.XLOOKUP($Q44, $L$4:$N$4, $L44:$N44), IF(ISERROR(_xlpm.x), 0, _xlpm.x)*AC44/$AB$3) -> 0 | AH44: 0 | AI44: =_xlfn.LET(_xlpm.x, _xlfn.XLOOKUP($Q44, $L$4:$N$4, $L44:$N44), IF(ISERROR(_xlpm.x), 0, _xlpm.x)*AD44/$AB$3) -> 0 | AJ44: 0 | AL44: 7.5073009e-08 | AM44: 0 | AN44: 0 | AO44: 0
A45: 750 | B45: 800 | D45: 400 | G45: 154544850 | I45: 0 | J45: 4.0339871e-06 | L45: #DIV/0! | M45: 772.72425 | P45: ="("&$A45&", "&$B45&"]" -> (750, 800] | Q45: B | R45: =_xlfn.SINGLE(_xlfn.XLOOKUP(Q45, $I$4:$K$4, I45:K45)) -> 4.0339871e-06 | S45: 0 | T45: 0 | U45: 0 | V45: 0 | W45: 0 | X45: 0 | Y45: 0 | Z45: 0 | AA45: 0 | AB45: 0 | AC45: 0 | AD45: 0 | AE45: =_xlfn.LET(_xlpm.x, _xlfn.XLOOKUP($Q45, $L$4:$N$4, $L45:$N45), IF(ISERROR(_xlpm.x), 0, _xlpm.x)*AB45/$AB$3) -> 0 | AF45: 0 | AG45: =_xlfn.LET(_xlpm.x, _xlfn.XLOOKUP($Q45, $L$4:$N$4, $L45:$N45), IF(ISERROR(_xlpm.x), 0, _xlpm.x)*AC45/$AB$3) -> 0 | AH45: 0 | AI45: =_xlfn.LET(_xlpm.x, _xlfn.XLOOKUP($Q45, $L$4:$N$4, $L45:$N45), IF(ISERROR(_xlpm.x), 0, _xlpm.x)*AD45/$AB$3) -> 0 | AJ45: 0 | AL45: 1.5014602e-07 | AM45: 0 | AN45: 0 | AO45: 0
A46: 800 | B46: 850 | D46: 222 | G46: 91442900 | I46: 0 | J46: 2.2388628e-06 | L46: #DIV/0! | M46: 823.80991 | P46: ="("&$A46&", "&$B46&"]" -> (800, 850] | Q46: B | R46: =_xlfn.SINGLE(_xlfn.XLOOKUP(Q46, $I$4:$K$4, I46:K46)) -> 2.2388628e-06 | S46: 0 | T46: 0 | U46: 0 | V46: 0 | W46: 0 | X46: 0 | Y46: 0 | Z46: 0 | AA46: 0 | AB46: 0 | AC46: 0 | AD46: 0 | AE46: =_xlfn.LET(_xlpm.x, _xlfn.XLOOKUP($Q46, $L$4:$N$4, $L46:$N46), IF(ISERROR(_xlpm.x), 0, _xlpm.x)*AB46/$AB$3) -> 0 | AF46: 0 | AG46: =_xlfn.LET(_xlpm.x, _xlfn.XLOOKUP($Q46, $L$4:$N$4, $L46:$N46), IF(ISERROR(_xlpm.x), 0, _xlpm.x)*AC46/$AB$3) -> 0 | AH46: 0 | AI46: =_xlfn.LET(_xlpm.x, _xlfn.XLOOKUP($Q46, $L$4:$N$4, $L46:$N46), IF(ISERROR(_xlpm.x), 0, _xlpm.x)*AD46/$AB$3) -> 0 | AJ46: 0 | AL46: 1.5014602e-07 | AM46: 0 | AN46: 0 | AO46: 0
A47: 850 | B47: 900 | D47: 141 | G47: 61482425 | I47: 0 | J47: 1.4219804e-06 | L47: #DIV/0! | M47: 872.09113 | P47: ="("&$A47&", "&$B47&"]" -> (850, 900] | Q47: B | R47: =_xlfn.SINGLE(_xlfn.XLOOKUP(Q47, $I$4:$K$4, I47:K47)) -> 1.4219804e-06 | S47: 0 | T47: 0 | U47: 0 | V47: 0 | W47: 0 | X47: 0 | Y47: 0 | Z47: 0 | AA47: 0 | AB47: 0 | AC47: 0 | AD47: 0 | AE47: =_xlfn.LET(_xlpm.x, _xlfn.XLOOKUP($Q47, $L$4:$N$4, $L47:$N47), IF(ISERROR(_xlpm.x), 0, _xlpm.x)*AB47/$AB$3) -> 0 | AF47: 0 | AG47: =_xlfn.LET(_xlpm.x, _xlfn.XLOOKUP($Q47, $L$4:$N$4, $L47:$N47), IF(ISERROR(_xlpm.x), 0, _xlpm.x)*AC47/$AB$3) -> 0 | AH47: 0 | AI47: =_xlfn.LET(_xlpm.x, _xlfn.XLOOKUP($Q47, $L$4:$N$4, $L47:$N47), IF(ISERROR(_xlpm.x), 0, _xlpm.x)*AD47/$AB$3) -> 0 | AJ47: 0 | AL47: 7.5073009e-08 | AM47: 0 | AN47: 0 | AO47: 0
... A51: 2000 | B51: 3000 | D51: 1 | G51: 1044650 | I51: 0 | J51: 1.0084968e-08 | L51: #DIV/0! | M51: 2089.3 | P51: ="("&$A51&", "&$B51&"]" -> (2000, 3000] | Q51: B | R51: =_xlfn.SINGLE(_xlfn.XLOOKUP(Q51, $I$4:$K$4, I51:K51)) -> 1.0084968e-08 | S51: 0 | T51: 0 | U51: 0 | V51: 0 | W51: 0 | X51: 0 | Y51: 0 | Z51: 0 | AA51: 0 | AB51: 0 | AC51: 0 | AD51: 0 | AE51: =_xlfn.LET(_xlpm.x, _xlfn.XLOOKUP($Q51, $L$4:$N$4, $L51:$N51), IF(ISERROR(_xlpm.x), 0, _xlpm.x)*AB51/$AB$3) -> 0 | AF51: 0 | AG51: =_xlfn.LET(_xlpm.x, _xlfn.XLOOKUP($Q51, $L$4:$N$4, $L51:$N51), IF(ISERROR(_xlpm.x), 0, _xlpm.x)*AC51/$AB$3) -> 0 | AH51: 0 | AI51: =_xlfn.LET(_xlpm.x, _xlfn.XLOOKUP($Q51, $L$4:$N$4, $L51:$N51), IF(ISERROR(_xlpm.x), 0, _xlpm.x)*AD51/$AB$3) -> 0 | AJ51: 0 | AL51: 0 | AM51: 0 | AN51: 0 | AO51: 0
A52: 3000 | B52: 4000 | I52: 0 | J52: 0 | L52: #DIV/0! | M52: #DIV/0! | P52: ="("&$A52&", "&$B52&"]" -> (3000, 4000] | Q52: B | R52: =_xlfn.SINGLE(_xlfn.XLOOKUP(Q52, $I$4:$K$4, I52:K52)) -> 0 | S52: 0 | T52: 0 | U52: 0 | V52: 0 | W52: 0 | X52: 0 | Y52: 0 | Z52: 0 | AA52: 0 | AB52: 0 | AC52: 0 | AD52: 0 | AE52: =_xlfn.LET(_xlpm.x, _xlfn.XLOOKUP($Q52, $L$4:$N$4, $L52:$N52), IF(ISERROR(_xlpm.x), 0, _xlpm.x)*AB52/$AB$3) -> 0 | AF52: 0 | AG52: =_xlfn.LET(_xlpm.x, _xlfn.XLOOKUP($Q52, $L$4:$N$4, $L52:$N52), IF(ISERROR(_xlpm.x), 0, _xlpm.x)*AC52/$AB$3) -> 0 | AH52: 0 | AI52: =_xlfn.LET(_xlpm.x, _xlfn.XLOOKUP($Q52, $L$4:$N$4, $L52:$N52), IF(ISERROR(_xlpm.x), 0, _xlpm.x)*AD52/$AB$3) -> 0 | AJ52: 0 | AL52: 4.5043806e-07 | AM52: 0 | AN52: 0 | AO52: 0
A53: 4000 | B53: 5000 | I53: 0 | J53: 0 | L53: #DIV/0! | M53: #DIV/0! | P53: ="("&$A53&", "&$B53&"]" -> (4000, 5000] | Q53: B | R53: =_xlfn.SINGLE(_xlfn.XLOOKUP(Q53, $I$4:$K$4, I53:K53)) -> 0 | S53: 0 | T53: 0 | U53: 0 | V53: 0 | W53: 0 | X53: 0 | Y53: 0 | Z53: 0 | AA53: 0 | AB53: 0 | AC53: 0 | AD53: 0 | AE53: =_xlfn.LET(_xlpm.x, _xlfn.XLOOKUP($Q53, $L$4:$N$4, $L53:$N53), IF(ISERROR(_xlpm.x), 0, _xlpm.x)*AB53/$AB$3) -> 0 | AF53: 0 | AG53: =_xlfn.LET(_xlpm.x, _xlfn.XLOOKUP($Q53, $L$4:$N$4, $L53:$N53), IF(ISERROR(_xlpm.x), 0, _xlpm.x)*AC53/$AB$3) -> 0 | AH53: 0 | AI53: =_xlfn.LET(_xlpm.x, _xlfn.XLOOKUP($Q53, $L$4:$N$4, $L53:$N53), IF(ISERROR(_xlpm.x), 0, _xlpm.x)*AD53/$AB$3) -> 0 | AJ53: 0 | AL53: 1.1260951e-07 | AM53: 0 | AN53: 0 | AO53: 0
A54: 5000 | B54: 6000 | I54: 0 | J54: 0 | L54: #DIV/0! | M54: #DIV/0! | P54: ="("&$A54&", "&$B54&"]" -> (5000, 6000] | Q54: B | R54: =_xlfn.SINGLE(_xlfn.XLOOKUP(Q54, $I$4:$K$4, I54:K54)) -> 0 | S54: 0 | T54: 0 | U54: 0 | V54: 0 | W54: 0 | X54: 0 | Y54: 0 | Z54: 0 | AA54: 0 | AB54: 0 | AC54: 0 | AD54: 0 | AE54: =_xlfn.LET(_xlpm.x, _xlfn.XLOOKUP($Q54, $L$4:$N$4, $L54:$N54), IF(ISERROR(_xlpm.x), 0, _xlpm.x)*AB54/$AB$3) -> 0 | AF54: 0 | AG54: =_xlfn.LET(_xlpm.x, _xlfn.XLOOKUP($Q54, $L$4:$N$4, $L54:$N54), IF(ISERROR(_xlpm.x), 0, _xlpm.x)*AC54/$AB$3) -> 0 | AH54: 0 | AI54: =_xlfn.LET(_xlpm.x, _xlfn.XLOOKUP($Q54, $L$4:$N$4, $L54:$N54), IF(ISERROR(_xlpm.x), 0, _xlpm.x)*AD54/$AB$3) -> 0 | AJ54: 0 | AL54: 3.7536505e-08 | AM54: 0 | AN54: 0 | AO54: 0
A55: 6000 | B55: 7000 | I55: 0 | J55: 0 | L55: #DIV/0! | M55: #DIV/0! | P55: ="("&$A55&", "&$B55&"]" -> (6000, 7000] | Q55: B | R55: =_xlfn.SINGLE(_xlfn.XLOOKUP(Q55, $I$4:$K$4, I55:K55)) -> 0 | S55: 0 | T55: 0 | U55: 0 | V55: 0 | W55: 0 | X55: 0 | Y55: 0 | Z55: 0 | AA55: 0 | AB55: 0 | AC55: 0 | AD55: 0 | AE55: =_xlfn.LET(_xlpm.x, _xlfn.XLOOKUP($Q55, $L$4:$N$4, $L55:$N55), IF(ISERROR(_xlpm.x), 0, _xlpm.x)*AB55/$AB$3) -> 0 | AF55: 0 | AG55: =_xlfn.LET(_xlpm.x, _xlfn.XLOOKUP($Q55, $L$4:$N$4, $L55:$N55), IF(ISERROR(_xlpm.x), 0, _xlpm.x)*AC55/$AB$3) -> 0 | AH55: 0 | AI55: =_xlfn.LET(_xlpm.x, _xlfn.XLOOKUP($Q55, $L$4:$N$4, $L55:$N55), IF(ISERROR(_xlpm.x), 0, _xlpm.x)*AD55/$AB$3) -> 0 | AJ55: 0 | AL55: 0 | AM55: 0 | AN55: 0 | AO55: 0
A56: 7000 | B56: 8000 | I56: 0 | J56: 0 | L56: #DIV/0! | M56: #DIV/0! | P56: ="("&$A56&", "&$B56&"]" -> (7000, 8000] | Q56: B | R56: =_xlfn.SINGLE(_xlfn.XLOOKUP(Q56, $I$4:$K$4, I56:K56)) -> 0 | S56: 0 | T56: 0 | U56: 0 | V56: 0 | W56: 0 | X56: 0 | Y56: 0 | Z56: 0 | AA56: 0 | AB56: 0 | AC56: 0 | AD56: 0 | AE56: =_xlfn.LET(_xlpm.x, _xlfn.XLOOKUP($Q56, $L$4:$N$4, $L56:$N56), IF(ISERROR(_xlpm.x), 0, _xlpm.x)*AB56/$AB$3) -> 0 | AF56: 0 | AG56: =_xlfn.LET(_xlpm.x, _xlfn.XLOOKUP($Q56, $L$4:$N$4, $L56:$N56), IF(ISERROR(_xlpm.x), 0, _xlpm.x)*AC56/$AB$3) -> 0 | AH56: 0 | AI56: =_xlfn.LET(_xlpm.x, _xlfn.XLOOKUP($Q56, $L$4:$N$4, $L56:$N56), IF(ISERROR(_xlpm.x), 0, _xlpm.x)*AD56/$AB$3) -> 0 | AJ56: 0 | AL56: 3.7536505e-08 | AM56: 0 | AN56: 0 | AO56: 0
A57: FG Trigger | B57: =C57/SUM(C5:C57) -> 0.01010016 | C57: 1010016 | D57: 842518 | F57: 184759625 | G57: 12104979525 | P57: FG Trigger | Q57: A | R57: =0.00849 -> 0.00849 | S57: 1 | T57: 1 | U57: 1 | V57: 0.00849 | W57: 0.00849 | X57: 0.00849 | Y57: =V57 -> 0.00849 | Z57: =V57 -> 0.00849 | AA57: =V57 -> 0.00849 | AB57: 8490000 | AC57: 8490000 | AD57: 8490000 | AE57: =F57/C57/500*AB57/AB3 -> 0.0031061077 | AF57: 0.00849 | AG57: =F57/C57/500*AB57/AB3 -> 0.0031061077 | AH57: 0.00849 | AI57: =F57/C57/500*AB57/AB3 -> 0.0031061077 | AJ57: 0.00849
A58: 0.001
AF61: 新手 | AH61: 老手 | AJ61: 未啟用
A62: Lower | B62: Upper | C62: Simulator Cnt | F62: Simulator Pay | I62: Simulator Rate | L62: Simulator RTP | P62: Range | Q62: Free Game | Y62: Threshold | AB62: =10^9 -> 1000000000 | AE62: Free Game 1 RTP | AF62: =SUM(AE64:AE122)*AF57 -> 0.26678737 | AG62: Free Game 2 RTP | AH62: =SUM(AG64:AG122)*AH57 -> 0.2728177 | AI62: Free Game 3 RTP | AJ62: =SUM(AI64:AI122)*AJ57 -> 0.30013259
C63: D | D63: E | E63: F | F63: D | G63: E | H63: F | I63: D | J63: E | K63: F | L63: D | M63: E | N63: F | Q63: 使用的表 | R63: Rate | S63: Fix Num 1 | T63: Fix Num 2 | U63: Fix Num 3 | V63: Fix Rate 1 | W63: Fix Rate 2 | X63: Fix Rate 3 | Y63: Final Rate 1 | Z63: Final Rate 2 | AA63: Final Rate 3 | AB63: Weight 1 | AC63: Weight 2 | AD63: Weight 3 | AE63: Simulator RTP | AF63: Hit Rate | AG63: Simulator RTP | AH63: Hit Rate | AI63: Simulator RTP | AJ63: Hit Rate
A64: -1 | B64: 0 | D64: 316 | G64: 0 | I64: {=_xlfn.LET(_xlpm.x, C64:C122, _xlpm.x/SUM(_xlpm.x))} -> #DIV/0! | J64: {=_xlfn.LET(_xlpm.x, D64:D122, _xlpm.x/SUM(_xlpm.x))} -> 0.00031286633 | L64: {=F64:F122/C64:C122/[1]Overview!$A$5/5} -> #DIV/0! | M64: {=G64:G122/D64:D122/[1]Overview!$A$5/5} -> 0 | P64: ="("&$A64&", "&$B64&"]" -> (-1, 0] | Q64: E | R64: =_xlfn.SINGLE(_xlfn.XLOOKUP(Q64, $I$63:$K$63, I64:K64)) -> 0.00031286633 | S64: 0 | T64: 0 | U64: 0 | V64: {=$R64:$R122*S64:S122} -> 0 | W64: {=$R64:$R122*T64:T122} -> 0 | X64: {=$R64:$R122*U64:U122} -> 0 | Y64: {=_xlfn.LET(_xlpm.x,_xlfn.ANCHORARRAY( V64), _xlpm.x/SUM(_xlpm.x))} -> 0 | Z64: {=_xlfn.LET(_xlpm.x,_xlfn.ANCHORARRAY( W64), _xlpm.x/SUM(_xlpm.x))} -> 0 | AA64: {=_xlfn.LET(_xlpm.x,_xlfn.ANCHORARRAY( X64), _xlpm.x/SUM(_xlpm.x))} -> 0 | AB64: =INT(Y64*$AB$62) -> 0 | AC64: =INT(Z64*$AB$62) -> 0 | AD64: =INT(AA64*$AB$62) -> 0 | AE64: =_xlfn.LET(_xlpm.x, _xlfn.XLOOKUP($Q64, $L$63:$N$63, $L64:$N64), IF(ISERROR(_xlpm.x), 0, _xlpm.x)*AB64/$AB$62) -> 0 | AF64: {=_xlfn.LET(_xlpm.x, AB64:AB122, _xlpm.x/SUM(_xlpm.x))} -> 0 | AG64: =_xlfn.LET(_xlpm.x, _xlfn.XLOOKUP($Q64, $L$63:$N$63, $L64:$N64), IF(ISERROR(_xlpm.x), 0, _xlpm.x)*AC64/$AB$62) -> 0 | AH64: {=_xlfn.LET(_xlpm.x, AC64:AC122, _xlpm.x/SUM(_xlpm.x))} -> 0 | AI64: =_xlfn.LET(_xlpm.x, _xlfn.XLOOKUP($Q64, $L$63:$N$63, $L64:$N64), IF(ISERROR(_xlpm.x), 0, _xlpm.x)*AD64/$AB$62) -> 0 | AJ64: {=_xlfn.LET(_xlpm.x, AD64:AD122, _xlpm.x/SUM(_xlpm.x))} -> 0
A65: 0 | B65: 1 | D65: 2222 | G65: 676000 | I65: #DIV/0! | J65: 0.0021999651 | L65: #DIV/0! | M65: 0.60846085 | P65: ="("&$A65&", "&$B65&"]" -> (0, 1] | Q65: E | R65: =_xlfn.SINGLE(_xlfn.XLOOKUP(Q65, $I$63:$K$63, I65:K65)) -> 0.0021999651 | S65: 0 | T65: 0 | U65: 0 | V65: 0 | W65: 0 | X65: 0 | Y65: 0 | Z65: 0 | AA65: 0 | AB65: =INT(Y65*$AB$62) -> 0 | AC65: =INT(Z65*$AB$62) -> 0 | AD65: =INT(AA65*$AB$62) -> 0 | AE65: =_xlfn.LET(_xlpm.x, _xlfn.XLOOKUP($Q65, $L$63:$N$63, $L65:$N65), IF(ISERROR(_xlpm.x), 0, _xlpm.x)*AB65/$AB$62) -> 0 | AF65: 0 | AG65: =_xlfn.LET(_xlpm.x, _xlfn.XLOOKUP($Q65, $L$63:$N$63, $L65:$N65), IF(ISERROR(_xlpm.x), 0, _xlpm.x)*AC65/$AB$62) -> 0 | AH65: 0 | AI65: =_xlfn.LET(_xlpm.x, _xlfn.XLOOKUP($Q65, $L$63:$N$63, $L65:$N65), IF(ISERROR(_xlpm.x), 0, _xlpm.x)*AD65/$AB$62) -> 0 | AJ65: 0
A66: 1 | B66: 2 | D66: 2756 | G66: 2169950 | I66: #DIV/0! | J66: 0.0027286696 | L66: #DIV/0! | M66: 1.5747097 | P66: ="("&$A66&", "&$B66&"]" -> (1, 2] | Q66: E | R66: =_xlfn.SINGLE(_xlfn.XLOOKUP(Q66, $I$63:$K$63, I66:K66)) -> 0.0027286696 | S66: 0 | T66: 0 | U66: 0 | V66: 0 | W66: 0 | X66: 0 | Y66: 0 | Z66: 0 | AA66: 0 | AB66: =INT(Y66*$AB$62) -> 0 | AC66: =INT(Z66*$AB$62) -> 0 | AD66: =INT(AA66*$AB$62) -> 0 | AE66: =_xlfn.LET(_xlpm.x, _xlfn.XLOOKUP($Q66, $L$63:$N$63, $L66:$N66), IF(ISERROR(_xlpm.x), 0, _xlpm.x)*AB66/$AB$62) -> 0 | AF66: 0 | AG66: =_xlfn.LET(_xlpm.x, _xlfn.XLOOKUP($Q66, $L$63:$N$63, $L66:$N66), IF(ISERROR(_xlpm.x), 0, _xlpm.x)*AC66/$AB$62) -> 0 | AH66: 0 | AI66: =_xlfn.LET(_xlpm.x, _xlfn.XLOOKUP($Q66, $L$63:$N$63, $L66:$N66), IF(ISERROR(_xlpm.x), 0, _xlpm.x)*AD66/$AB$62) -> 0 | AJ66: 0
A67: 2 | B67: 3 | D67: 3023 | G67: 3886500 | I67: #DIV/0! | J67: 0.0029930219 | L67: #DIV/0! | M67: 2.5712868 | P67: ="("&$A67&", "&$B67&"]" -> (2, 3] | Q67: E | R67: =_xlfn.SINGLE(_xlfn.XLOOKUP(Q67, $I$63:$K$63, I67:K67)) -> 0.0029930219 | S67: 0 | T67: 0 | U67: 0 | V67: 0 | W67: 0 | X67: 0 | Y67: 0 | Z67: 0 | AA67: 0 | AB67: =INT(Y67*$AB$62) -> 0 | AC67: =INT(Z67*$AB$62) -> 0 | AD67: =INT(AA67*$AB$62) -> 0 | AE67: =_xlfn.LET(_xlpm.x, _xlfn.XLOOKUP($Q67, $L$63:$N$63, $L67:$N67), IF(ISERROR(_xlpm.x), 0, _xlpm.x)*AB67/$AB$62) -> 0 | AF67: 0 | AG67: =_xlfn.LET(_xlpm.x, _xlfn.XLOOKUP($Q67, $L$63:$N$63, $L67:$N67), IF(ISERROR(_xlpm.x), 0, _xlpm.x)*AC67/$AB$62) -> 0 | AH67: 0 | AI67: =_xlfn.LET(_xlpm.x, _xlfn.XLOOKUP($Q67, $L$63:$N$63, $L67:$N67), IF(ISERROR(_xlpm.x), 0, _xlpm.x)*AD67/$AB$62) -> 0 | AJ67: 0
A68: 3 | B68: 4 | D68: 3095 | G68: 5503800 | I68: #DIV/0! | J68: 0.0030643079 | L68: #DIV/0! | M68: 3.5565751 | P68: ="("&$A68&", "&$B68&"]" -> (3, 4] | Q68: E | R68: =_xlfn.SINGLE(_xlfn.XLOOKUP(Q68, $I$63:$K$63, I68:K68)) -> 0.0030643079 | S68: 0 | T68: 0 | U68: 0 | V68: 0 | W68: 0 | X68: 0 | Y68: 0 | Z68: 0 | AA68: 0 | AB68: =INT(Y68*$AB$62) -> 0 | AC68: =INT(Z68*$AB$62) -> 0 | AD68: =INT(AA68*$AB$62) -> 0 | AE68: =_xlfn.LET(_xlpm.x, _xlfn.XLOOKUP($Q68, $L$63:$N$63, $L68:$N68), IF(ISERROR(_xlpm.x), 0, _xlpm.x)*AB68/$AB$62) -> 0 | AF68: 0 | AG68: =_xlfn.LET(_xlpm.x, _xlfn.XLOOKUP($Q68, $L$63:$N$63, $L68:$N68), IF(ISERROR(_xlpm.x), 0, _xlpm.x)*AC68/$AB$62) -> 0 | AH68: 0 | AI68: =_xlfn.LET(_xlpm.x, _xlfn.XLOOKUP($Q68, $L$63:$N$63, $L68:$N68), IF(ISERROR(_xlpm.x), 0, _xlpm.x)*AD68/$AB$62) -> 0 | AJ68: 0
A69: 4 | B69: 5 | D69: 3068 | G69: 7011850 | I69: #DIV/0! | J69: 0.0030375756 | L69: #DIV/0! | M69: 4.5709583 | P69: ="("&$A69&", "&$B69&"]" -> (4, 5] | Q69: E | R69: =_xlfn.SINGLE(_xlfn.XLOOKUP(Q69, $I$63:$K$63, I69:K69)) -> 0.0030375756 | S69: 0 | T69: 0 | U69: 0 | V69: 0 | W69: 0 | X69: 0 | Y69: 0 | Z69: 0 | AA69: 0 | AB69: =INT(Y69*$AB$62) -> 0 | AC69: =INT(Z69*$AB$62) -> 0 | AD69: =INT(AA69*$AB$62) -> 0 | AE69: =_xlfn.LET(_xlpm.x, _xlfn.XLOOKUP($Q69, $L$63:$N$63, $L69:$N69), IF(ISERROR(_xlpm.x), 0, _xlpm.x)*AB69/$AB$62) -> 0 | AF69: 0 | AG69: =_xlfn.LET(_xlpm.x, _xlfn.XLOOKUP($Q69, $L$63:$N$63, $L69:$N69), IF(ISERROR(_xlpm.x), 0, _xlpm.x)*AC69/$AB$62) -> 0 | AH69: 0 | AI69: =_xlfn.LET(_xlpm.x, _xlfn.XLOOKUP($Q69, $L$63:$N$63, $L69:$N69), IF(ISERROR(_xlpm.x), 0, _xlpm.x)*AD69/$AB$62) -> 0 | AJ69: 0
A70: 5 | B70: 6 | D70: 3185 | G70: 8850050 | I70: #DIV/0! | J70: 0.0031534154 | L70: #DIV/0! | M70: 5.5573312 | P70: ="("&$A70&", "&$B70&"]" -> (5, 6] | Q70: E | R70: =_xlfn.SINGLE(_xlfn.XLOOKUP(Q70, $I$63:$K$63, I70:K70)) -> 0.0031534154 | S70: 0 | T70: 0 | U70: 0 | V70: 0 | W70: 0 | X70: 0 | Y70: 0 | Z70: 0 | AA70: 0 | AB70: =INT(Y70*$AB$62) -> 0 | AC70: =INT(Z70*$AB$62) -> 0 | AD70: =INT(AA70*$AB$62) -> 0 | AE70: =_xlfn.LET(_xlpm.x, _xlfn.XLOOKUP($Q70, $L$63:$N$63, $L70:$N70), IF(ISERROR(_xlpm.x), 0, _xlpm.x)*AB70/$AB$62) -> 0 | AF70: 0 | AG70: =_xlfn.LET(_xlpm.x, _xlfn.XLOOKUP($Q70, $L$63:$N$63, $L70:$N70), IF(ISERROR(_xlpm.x), 0, _xlpm.x)*AC70/$AB$62) -> 0 | AH70: 0 | AI70: =_xlfn.LET(_xlpm.x, _xlfn.XLOOKUP($Q70, $L$63:$N$63, $L70:$N70), IF(ISERROR(_xlpm.x), 0, _xlpm.x)*AD70/$AB$62) -> 0 | AJ70: 0
A71: 6 | B71: 7 | D71: 3215 | G71: 10540600 | I71: #DIV/0! | J71: 0.0031831179 | L71: #DIV/0! | M71: 6.5571384 | P71: ="("&$A71&", "&$B71&"]" -> (6, 7] | Q71: E | R71: =_xlfn.SINGLE(_xlfn.XLOOKUP(Q71, $I$63:$K$63, I71:K71)) -> 0.0031831179 | S71: 0 | T71: 0 | U71: 0 | V71: 0 | W71: 0 | X71: 0 | Y71: 0 | Z71: 0 | AA71: 0 | AB71: =INT(Y71*$AB$62) -> 0 | AC71: =INT(Z71*$AB$62) -> 0 | AD71: =INT(AA71*$AB$62) -> 0 | AE71: =_xlfn.LET(_xlpm.x, _xlfn.XLOOKUP($Q71, $L$63:$N$63, $L71:$N71), IF(ISERROR(_xlpm.x), 0, _xlpm.x)*AB71/$AB$62) -> 0 | AF71: 0 | AG71: =_xlfn.LET(_xlpm.x, _xlfn.XLOOKUP($Q71, $L$63:$N$63, $L71:$N71), IF(ISERROR(_xlpm.x), 0, _xlpm.x)*AC71/$AB$62) -> 0 | AH71: 0 | AI71: =_xlfn.LET(_xlpm.x, _xlfn.XLOOKUP($Q71, $L$63:$N$63, $L71:$N71), IF(ISERROR(_xlpm.x), 0, _xlpm.x)*AD71/$AB$62) -> 0 | AJ71: 0
A72: 7 | B72: 8 | D72: 3055 | G72: 11542100 | I72: #DIV/0! | J72: 0.0030247046 | L72: #DIV/0! | M72: 7.5562029 | P72: ="("&$A72&", "&$B72&"]" -> (7, 8] | Q72: E | R72: =_xlfn.SINGLE(_xlfn.XLOOKUP(Q72, $I$63:$K$63, I72:K72)) -> 0.0030247046 | S72: 0 | T72: 0 | U72: 0 | V72: 0 | W72: 0 | X72: 0 | Y72: 0 | Z72: 0 | AA72: 0 | AB72: =INT(Y72*$AB$62) -> 0 | AC72: =INT(Z72*$AB$62) -> 0 | AD72: =INT(AA72*$AB$62) -> 0 | AE72: =_xlfn.LET(_xlpm.x, _xlfn.XLOOKUP($Q72, $L$63:$N$63, $L72:$N72), IF(ISERROR(_xlpm.x), 0, _xlpm.x)*AB72/$AB$62) -> 0 | AF72: 0 | AG72: =_xlfn.LET(_xlpm.x, _xlfn.XLOOKUP($Q72, $L$63:$N$63, $L72:$N72), IF(ISERROR(_xlpm.x), 0, _xlpm.x)*AC72/$AB$62) -> 0 | AH72: 0 | AI72: =_xlfn.LET(_xlpm.x, _xlfn.XLOOKUP($Q72, $L$63:$N$63, $L72:$N72), IF(ISERROR(_xlpm.x), 0, _xlpm.x)*AD72/$AB$62) -> 0 | AJ72: 0
A73: 8 | B73: 9 | D73: 3155 | G73: 13497550 | I73: #DIV/0! | J73: 0.0031237129 | L73: #DIV/0! | M73: 8.5562916 | P73: ="("&$A73&", "&$B73&"]" -> (8, 9] | Q73: E | R73: =_xlfn.SINGLE(_xlfn.XLOOKUP(Q73, $I$63:$K$63, I73:K73)) -> 0.0031237129 | S73: 0 | T73: 0 | U73: 0 | V73: 0 | W73: 0 | X73: 0 | Y73: 0 | Z73: 0 | AA73: 0 | AB73: =INT(Y73*$AB$62) -> 0 | AC73: =INT(Z73*$AB$62) -> 0 | AD73: =INT(AA73*$AB$62) -> 0 | AE73: =_xlfn.LET(_xlpm.x, _xlfn.XLOOKUP($Q73, $L$63:$N$63, $L73:$N73), IF(ISERROR(_xlpm.x), 0, _xlpm.x)*AB73/$AB$62) -> 0 | AF73: 0 | AG73: =_xlfn.LET(_xlpm.x, _xlfn.XLOOKUP($Q73, $L$63:$N$63, $L73:$N73), IF(ISERROR(_xlpm.x), 0, _xlpm.x)*AC73/$AB$62) -> 0 | AH73: 0 | AI73: =_xlfn.LET(_xlpm.x, _xlfn.XLOOKUP($Q73, $L$63:$N$63, $L73:$N73), IF(ISERROR(_xlpm.x), 0, _xlpm.x)*AD73/$AB$62) -> 0 | AJ73: 0
A74: 9 | B74: 10 | D74: 3289 | G74: 15750950 | I74: #DIV/0! | J74: 0.0032563841 | L74: #DIV/0! | M74: 9.5779568 | P74: ="("&$A74&", "&$B74&"]" -> (9, 10] | Q74: E | R74: =_xlfn.SINGLE(_xlfn.XLOOKUP(Q74, $I$63:$K$63, I74:K74)) -> 0.0032563841 | S74: 0 | T74: 0 | U74: 0 | V74: 0 | W74: 0 | X74: 0 | Y74: 0 | Z74: 0 | AA74: 0 | AB74: =INT(Y74*$AB$62) -> 0 | AC74: =INT(Z74*$AB$62) -> 0 | AD74: =INT(AA74*$AB$62) -> 0 | AE74: =_xlfn.LET(_xlpm.x, _xlfn.XLOOKUP($Q74, $L$63:$N$63, $L74:$N74), IF(ISERROR(_xlpm.x), 0, _xlpm.x)*AB74/$AB$62) -> 0 | AF74: 0 | AG74: =_xlfn.LET(_xlpm.x, _xlfn.XLOOKUP($Q74, $L$63:$N$63, $L74:$N74), IF(ISERROR(_xlpm.x), 0, _xlpm.x)*AC74/$AB$62) -> 0 | AH74: 0 | AI74: =_xlfn.LET(_xlpm.x, _xlfn.XLOOKUP($Q74, $L$63:$N$63, $L74:$N74), IF(ISERROR(_xlpm.x), 0, _xlpm.x)*AD74/$AB$62) -> 0 | AJ74: 0
A75: 10 | B75: 15 | D75: 16424 | G75: 103238050 | I75: #DIV/0! | J75: 0.016261129 | L75: #DIV/0! | M75: 12.571609 | P75: ="("&$A75&", "&$B75&"]" -> (10, 15] | Q75: E | R75: =_xlfn.SINGLE(_xlfn.XLOOKUP(Q75, $I$63:$K$63, I75:K75)) -> 0.016261129 | S75: 0 | T75: 1 | U75: 0.3 | V75: 0 | W75: 0.016261129 | X75: 0.0048783386 | Y75: 0 | Z75: 0.10680196 | AA75: 0.011029635 | AB75: =INT(Y75*$AB$62) -> 0 | AC75: =INT(Z75*$AB$62) -> 106801961 | AD75: =INT(AA75*$AB$62) -> 11029635 | AE75: =_xlfn.LET(_xlpm.x, _xlfn.XLOOKUP($Q75, $L$63:$N$63, $L75:$N75), IF(ISERROR(_xlpm.x), 0, _xlpm.x)*AB75/$AB$62) -> 0 | AF75: 0 | AG75: =_xlfn.LET(_xlpm.x, _xlfn.XLOOKUP($Q75, $L$63:$N$63, $L75:$N75), IF(ISERROR(_xlpm.x), 0, _xlpm.x)*AC75/$AB$62) -> 1.3426725 | AH75: 0.10680196 | AI75: =_xlfn.LET(_xlpm.x, _xlfn.XLOOKUP($Q75, $L$63:$N$63, $L75:$N75), IF(ISERROR(_xlpm.x), 0, _xlpm.x)*AD75/$AB$62) -> 0.13866025 | AJ75: 0.011029635
A76: 15 | B76: 20 | D76: 17312 | G76: 152147550 | I76: #DIV/0! | J76: 0.017140323 | L76: #DIV/0! | M76: 17.57712 | P76: ="("&$A76&", "&$B76&"]" -> (15, 20] | Q76: E | R76: =_xlfn.SINGLE(_xlfn.XLOOKUP(Q76, $I$63:$K$63, I76:K76)) -> 0.017140323 | S76: 0 | T76: 1.035 | U76: 0.5 | V76: 0 | W76: 0.017740234 | X76: 0.0085701613 | Y76: 0 | Z76: 0.11651662 | AA76: 0.019376628 | AB76: =INT(Y76*$AB$62) -> 0 | AC76: =INT(Z76*$AB$62) -> 116516621 | AD76: =INT(AA76*$AB$62) -> 19376628 | AE76: =_xlfn.LET(_xlpm.x, _xlfn.XLOOKUP($Q76, $L$63:$N$63, $L76:$N76), IF(ISERROR(_xlpm.x), 0, _xlpm.x)*AB76/$AB$62) -> 0 | AF76: 0 | AG76: =_xlfn.LET(_xlpm.x, _xlfn.XLOOKUP($Q76, $L$63:$N$63, $L76:$N76), IF(ISERROR(_xlpm.x), 0, _xlpm.x)*AC76/$AB$62) -> 2.0480266 | AH76: 0.11651662 | AI76: =_xlfn.LET(_xlpm.x, _xlfn.XLOOKUP($Q76, $L$63:$N$63, $L76:$N76), IF(ISERROR(_xlpm.x), 0, _xlpm.x)*AD76/$AB$62) -> 0.34058531 | AJ76: 0.019376628
... A111: 3000 | B111: 4000 | D111: 14 | G111: 23546150 | I111: #DIV/0! | J111: 1.3861167e-05 | L111: #DIV/0! | M111: 3363.7357 | P111: ="("&$A111&", "&$B111&"]" -> (3000, 4000] | Q111: E | R111: =_xlfn.SINGLE(_xlfn.XLOOKUP(Q111, $I$63:$K$63, I111:K111)) -> 1.3861167e-05 | S111: 0 | T111: 0 | U111: 0 | V111: 0 | W111: 0 | X111: 0 | Y111: 0 | Z111: 0 | AA111: 0 | AB111: =INT(Y111*$AB$62) -> 0 | AC111: =INT(Z111*$AB$62) -> 0 | AD111: =INT(AA111*$AB$62) -> 0 | AE111: =_xlfn.LET(_xlpm.x, _xlfn.XLOOKUP($Q111, $L$63:$N$63, $L111:$N111), IF(ISERROR(_xlpm.x), 0, _xlpm.x)*AB111/$AB$62) -> 0 | AF111: 0 | AG111: =_xlfn.LET(_xlpm.x, _xlfn.XLOOKUP($Q111, $L$63:$N$63, $L111:$N111), IF(ISERROR(_xlpm.x), 0, _xlpm.x)*AC111/$AB$62) -> 0 | AH111: 0 | AI111: =_xlfn.LET(_xlpm.x, _xlfn.XLOOKUP($Q111, $L$63:$N$63, $L111:$N111), IF(ISERROR(_xlpm.x), 0, _xlpm.x)*AD111/$AB$62) -> 0 | AJ111: 0
A112: 4000 | B112: 5000 | I112: #DIV/0! | J112: 0 | L112: #DIV/0! | M112: #DIV/0! | P112: ="("&$A112&", "&$B112&"]" -> (4000, 5000] | Q112: E | R112: =_xlfn.SINGLE(_xlfn.XLOOKUP(Q112, $I$63:$K$63, I112:K112)) -> 0 | S112: 0 | T112: 0 | U112: 0 | V112: 0 | W112: 0 | X112: 0 | Y112: 0 | Z112: 0 | AA112: 0 | AB112: =INT(Y112*$AB$62) -> 0 | AC112: =INT(Z112*$AB$62) -> 0 | AD112: =INT(AA112*$AB$62) -> 0 | AE112: =_xlfn.LET(_xlpm.x, _xlfn.XLOOKUP($Q112, $L$63:$N$63, $L112:$N112), IF(ISERROR(_xlpm.x), 0, _xlpm.x)*AB112/$AB$62) -> 0 | AF112: 0 | AG112: =_xlfn.LET(_xlpm.x, _xlfn.XLOOKUP($Q112, $L$63:$N$63, $L112:$N112), IF(ISERROR(_xlpm.x), 0, _xlpm.x)*AC112/$AB$62) -> 0 | AH112: 0 | AI112: =_xlfn.LET(_xlpm.x, _xlfn.XLOOKUP($Q112, $L$63:$N$63, $L112:$N112), IF(ISERROR(_xlpm.x), 0, _xlpm.x)*AD112/$AB$62) -> 0 | AJ112: 0
A113: 5000 | B113: 6000 | I113: #DIV/0! | J113: 0 | L113: #DIV/0! | M113: #DIV/0! | P113: ="("&$A113&", "&$B113&"]" -> (5000, 6000] | Q113: E | R113: =_xlfn.SINGLE(_xlfn.XLOOKUP(Q113, $I$63:$K$63, I113:K113)) -> 0 | S113: 0 | T113: 0 | U113: 0 | V113: 0 | W113: 0 | X113: 0 | Y113: 0 | Z113: 0 | AA113: 0 | AB113: =INT(Y113*$AB$62) -> 0 | AC113: =INT(Z113*$AB$62) -> 0 | AD113: =INT(AA113*$AB$62) -> 0 | AE113: =_xlfn.LET(_xlpm.x, _xlfn.XLOOKUP($Q113, $L$63:$N$63, $L113:$N113), IF(ISERROR(_xlpm.x), 0, _xlpm.x)*AB113/$AB$62) -> 0 | AF113: 0 | AG113: =_xlfn.LET(_xlpm.x, _xlfn.XLOOKUP($Q113, $L$63:$N$63, $L113:$N113), IF(ISERROR(_xlpm.x), 0, _xlpm.x)*AC113/$AB$62) -> 0 | AH113: 0 | AI113: =_xlfn.LET(_xlpm.x, _xlfn.XLOOKUP($Q113, $L$63:$N$63, $L113:$N113), IF(ISERROR(_xlpm.x), 0, _xlpm.x)*AD113/$AB$62) -> 0 | AJ113: 0
A114: 6000 | B114: 7000 | I114: #DIV/0! | J114: 0 | L114: #DIV/0! | M114: #DIV/0! | P114: ="("&$A114&", "&$B114&"]" -> (6000, 7000] | Q114: E | R114: =_xlfn.SINGLE(_xlfn.XLOOKUP(Q114, $I$63:$K$63, I114:K114)) -> 0 | S114: 0 | T114: 0 | U114: 0 | V114: 0 | W114: 0 | X114: 0 | Y114: 0 | Z114: 0 | AA114: 0 | AB114: =INT(Y114*$AB$62) -> 0 | AC114: =INT(Z114*$AB$62) -> 0 | AD114: =INT(AA114*$AB$62) -> 0 | AE114: =_xlfn.LET(_xlpm.x, _xlfn.XLOOKUP($Q114, $L$63:$N$63, $L114:$N114), IF(ISERROR(_xlpm.x), 0, _xlpm.x)*AB114/$AB$62) -> 0 | AF114: 0 | AG114: =_xlfn.LET(_xlpm.x, _xlfn.XLOOKUP($Q114, $L$63:$N$63, $L114:$N114), IF(ISERROR(_xlpm.x), 0, _xlpm.x)*AC114/$AB$62) -> 0 | AH114: 0 | AI114: =_xlfn.LET(_xlpm.x, _xlfn.XLOOKUP($Q114, $L$63:$N$63, $L114:$N114), IF(ISERROR(_xlpm.x), 0, _xlpm.x)*AD114/$AB$62) -> 0 | AJ114: 0
A115: 7000 | B115: 8000 | I115: #DIV/0! | J115: 0 | L115: #DIV/0! | M115: #DIV/0! | P115: ="("&$A115&", "&$B115&"]" -> (7000, 8000] | Q115: E | R115: =_xlfn.SINGLE(_xlfn.XLOOKUP(Q115, $I$63:$K$63, I115:K115)) -> 0 | S115: 0 | T115: 0 | U115: 0 | V115: 0 | W115: 0 | X115: 0 | Y115: 0 | Z115: 0 | AA115: 0 | AB115: =INT(Y115*$AB$62) -> 0 | AC115: =INT(Z115*$AB$62) -> 0 | AD115: =INT(AA115*$AB$62) -> 0 | AE115: =_xlfn.LET(_xlpm.x, _xlfn.XLOOKUP($Q115, $L$63:$N$63, $L115:$N115), IF(ISERROR(_xlpm.x), 0, _xlpm.x)*AB115/$AB$62) -> 0 | AF115: 0 | AG115: =_xlfn.LET(_xlpm.x, _xlfn.XLOOKUP($Q115, $L$63:$N$63, $L115:$N115), IF(ISERROR(_xlpm.x), 0, _xlpm.x)*AC115/$AB$62) -> 0 | AH115: 0 | AI115: =_xlfn.LET(_xlpm.x, _xlfn.XLOOKUP($Q115, $L$63:$N$63, $L115:$N115), IF(ISERROR(_xlpm.x), 0, _xlpm.x)*AD115/$AB$62) -> 0 | AJ115: 0
I116: #DIV/0! | J116: 0 | L116: #DIV/0! | M116: #DIV/0! | P116: ="("&$A116&", "&$B116&"]" -> (, ] | Q116: E | R116: =_xlfn.SINGLE(_xlfn.XLOOKUP(Q116, $I$63:$K$63, I116:K116)) -> 0 | S116: 0 | T116: 0 | U116: 0 | V116: 0 | W116: 0 | X116: 0 | Y116: 0 | Z116: 0 | AA116: 0 | AB116: =INT(Y116*$AB$62) -> 0 | AC116: =INT(Z116*$AB$62) -> 0 | AD116: =INT(AA116*$AB$62) -> 0 | AE116: =_xlfn.LET(_xlpm.x, _xlfn.XLOOKUP($Q116, $L$63:$N$63, $L116:$N116), IF(ISERROR(_xlpm.x), 0, _xlpm.x)*AB116/$AB$62) -> 0 | AF116: 0 | AG116: =_xlfn.LET(_xlpm.x, _xlfn.XLOOKUP($Q116, $L$63:$N$63, $L116:$N116), IF(ISERROR(_xlpm.x), 0, _xlpm.x)*AC116/$AB$62) -> 0 | AH116: 0 | AI116: =_xlfn.LET(_xlpm.x, _xlfn.XLOOKUP($Q116, $L$63:$N$63, $L116:$N116), IF(ISERROR(_xlpm.x), 0, _xlpm.x)*AD116/$AB$62) -> 0 | AJ116: 0
I117: #DIV/0! | J117: 0 | L117: #DIV/0! | M117: #DIV/0! | P117: ="("&$A117&", "&$B117&"]" -> (, ] | Q117: E | R117: =_xlfn.SINGLE(_xlfn.XLOOKUP(Q117, $I$63:$K$63, I117:K117)) -> 0 | S117: 0 | T117: 0 | U117: 0 | V117: 0 | W117: 0 | X117: 0 | Y117: 0 | Z117: 0 | AA117: 0 | AB117: =INT(Y117*$AB$62) -> 0 | AC117: =INT(Z117*$AB$62) -> 0 | AD117: =INT(AA117*$AB$62) -> 0 | AE117: =_xlfn.LET(_xlpm.x, _xlfn.XLOOKUP($Q117, $L$63:$N$63, $L117:$N117), IF(ISERROR(_xlpm.x), 0, _xlpm.x)*AB117/$AB$62) -> 0 | AF117: 0 | AG117: =_xlfn.LET(_xlpm.x, _xlfn.XLOOKUP($Q117, $L$63:$N$63, $L117:$N117), IF(ISERROR(_xlpm.x), 0, _xlpm.x)*AC117/$AB$62) -> 0 | AH117: 0 | AI117: =_xlfn.LET(_xlpm.x, _xlfn.XLOOKUP($Q117, $L$63:$N$63, $L117:$N117), IF(ISERROR(_xlpm.x), 0, _xlpm.x)*AD117/$AB$62) -> 0 | AJ117: 0
I118: #DIV/0! | J118: 0 | L118: #DIV/0! | M118: #DIV/0! | P118: ="("&$A118&", "&$B118&"]" -> (, ] | Q118: E | R118: =_xlfn.SINGLE(_xlfn.XLOOKUP(Q118, $I$63:$K$63, I118:K118)) -> 0 | S118: 0 | T118: 0 | U118: 0 | V118: 0 | W118: 0 | X118: 0 | Y118: 0 | Z118: 0 | AA118: 0 | AB118: =INT(Y118*$AB$62) -> 0 | AC118: =INT(Z118*$AB$62) -> 0 | AD118: =INT(AA118*$AB$62) -> 0 | AE118: =_xlfn.LET(_xlpm.x, _xlfn.XLOOKUP($Q118, $L$63:$N$63, $L118:$N118), IF(ISERROR(_xlpm.x), 0, _xlpm.x)*AB118/$AB$62) -> 0 | AF118: 0 | AG118: =_xlfn.LET(_xlpm.x, _xlfn.XLOOKUP($Q118, $L$63:$N$63, $L118:$N118), IF(ISERROR(_xlpm.x), 0, _xlpm.x)*AC118/$AB$62) -> 0 | AH118: 0 | AI118: =_xlfn.LET(_xlpm.x, _xlfn.XLOOKUP($Q118, $L$63:$N$63, $L118:$N118), IF(ISERROR(_xlpm.x), 0, _xlpm.x)*AD118/$AB$62) -> 0 | AJ118: 0
I119: #DIV/0! | J119: 0 | L119: #DIV/0! | M119: #DIV/0! | P119: ="("&$A119&", "&$B119&"]" -> (, ] | Q119: E | R119: =_xlfn.SINGLE(_xlfn.XLOOKUP(Q119, $I$63:$K$63, I119:K119)) -> 0 | S119: 0 | T119: 0 | U119: 0 | V119: 0 | W119: 0 | X119: 0 | Y119: 0 | Z119: 0 | AA119: 0 | AB119: =INT(Y119*$AB$62) -> 0 | AC119: =INT(Z119*$AB$62) -> 0 | AD119: =INT(AA119*$AB$62) -> 0 | AE119: =_xlfn.LET(_xlpm.x, _xlfn.XLOOKUP($Q119, $L$63:$N$63, $L119:$N119), IF(ISERROR(_xlpm.x), 0, _xlpm.x)*AB119/$AB$62) -> 0 | AF119: 0 | AG119: =_xlfn.LET(_xlpm.x, _xlfn.XLOOKUP($Q119, $L$63:$N$63, $L119:$N119), IF(ISERROR(_xlpm.x), 0, _xlpm.x)*AC119/$AB$62) -> 0 | AH119: 0 | AI119: =_xlfn.LET(_xlpm.x, _xlfn.XLOOKUP($Q119, $L$63:$N$63, $L119:$N119), IF(ISERROR(_xlpm.x), 0, _xlpm.x)*AD119/$AB$62) -> 0 | AJ119: 0
I120: #DIV/0! | J120: 0 | L120: #DIV/0! | M120: #DIV/0! | P120: ="("&$A120&", "&$B120&"]" -> (, ] | Q120: E | R120: =_xlfn.SINGLE(_xlfn.XLOOKUP(Q120, $I$63:$K$63, I120:K120)) -> 0 | S120: 0 | T120: 0 | U120: 0 | V120: 0 | W120: 0 | X120: 0 | Y120: 0 | Z120: 0 | AA120: 0 | AB120: =INT(Y120*$AB$62) -> 0 | AC120: =INT(Z120*$AB$62) -> 0 | AD120: =INT(AA120*$AB$62) -> 0 | AE120: =_xlfn.LET(_xlpm.x, _xlfn.XLOOKUP($Q120, $L$63:$N$63, $L120:$N120), IF(ISERROR(_xlpm.x), 0, _xlpm.x)*AB120/$AB$62) -> 0 | AF120: 0 | AG120: =_xlfn.LET(_xlpm.x, _xlfn.XLOOKUP($Q120, $L$63:$N$63, $L120:$N120), IF(ISERROR(_xlpm.x), 0, _xlpm.x)*AC120/$AB$62) -> 0 | AH120: 0 | AI120: =_xlfn.LET(_xlpm.x, _xlfn.XLOOKUP($Q120, $L$63:$N$63, $L120:$N120), IF(ISERROR(_xlpm.x), 0, _xlpm.x)*AD120/$AB$62) -> 0 | AJ120: 0
I121: #DIV/0! | J121: 0 | L121: #DIV/0! | M121: #DIV/0! | P121: ="("&$A121&", "&$B121&"]" -> (, ] | Q121: E | R121: =_xlfn.SINGLE(_xlfn.XLOOKUP(Q121, $I$63:$K$63, I121:K121)) -> 0 | S121: 0 | T121: 0 | U121: 0 | V121: 0 | W121: 0 | X121: 0 | Y121: 0 | Z121: 0 | AA121: 0 | AB121: =INT(Y121*$AB$62) -> 0 | AC121: =INT(Z121*$AB$62) -> 0 | AD121: =INT(AA121*$AB$62) -> 0 | AE121: =_xlfn.LET(_xlpm.x, _xlfn.XLOOKUP($Q121, $L$63:$N$63, $L121:$N121), IF(ISERROR(_xlpm.x), 0, _xlpm.x)*AB121/$AB$62) -> 0 | AF121: 0 | AG121: =_xlfn.LET(_xlpm.x, _xlfn.XLOOKUP($Q121, $L$63:$N$63, $L121:$N121), IF(ISERROR(_xlpm.x), 0, _xlpm.x)*AC121/$AB$62) -> 0 | AH121: 0 | AI121: =_xlfn.LET(_xlpm.x, _xlfn.XLOOKUP($Q121, $L$63:$N$63, $L121:$N121), IF(ISERROR(_xlpm.x), 0, _xlpm.x)*AD121/$AB$62) -> 0 | AJ121: 0
I122: #DIV/0! | J122: 0 | L122: #DIV/0! | M122: #DIV/0! | P122: ="("&$A122&", "&$B122&"]" -> (, ] | Q122: E | R122: =_xlfn.SINGLE(_xlfn.XLOOKUP(Q122, $I$63:$K$63, I122:K122)) -> 0 | S122: 0 | T122: 0 | U122: 0 | V122: 0 | W122: 0 | X122: 0 | Y122: 0 | Z122: 0 | AA122: 0 | AB122: =INT(Y122*$AB$62) -> 0 | AC122: =INT(Z122*$AB$62) -> 0 | AD122: =INT(AA122*$AB$62) -> 0 | AE122: =_xlfn.LET(_xlpm.x, _xlfn.XLOOKUP($Q122, $L$63:$N$63, $L122:$N122), IF(ISERROR(_xlpm.x), 0, _xlpm.x)*AB122/$AB$62) -> 0 | AF122: 0 | AG122: =_xlfn.LET(_xlpm.x, _xlfn.XLOOKUP($Q122, $L$63:$N$63, $L122:$N122), IF(ISERROR(_xlpm.x), 0, _xlpm.x)*AC122/$AB$62) -> 0 | AH122: 0 | AI122: =_xlfn.LET(_xlpm.x, _xlfn.XLOOKUP($Q122, $L$63:$N$63, $L122:$N122), IF(ISERROR(_xlpm.x), 0, _xlpm.x)*AD122/$AB$62) -> 0 | AJ122: 0
F123: =SUM(F64:F115)/10^8/500 -> 0 | G123: =SUM(G64:G115)/10^8/500 -> 2.1230494
AD125: =40.5*0.925 -> 37.4625
AF126: 新老手 | AH126: 未啟用 | AJ126: 未啟用 | AK126: =40.5*0.92 -> 37.26
A127: Lower | B127: Upper | C127: Simulator Cnt | F127: Simulator Pay | I127: Simulator Rate | L127: Simulator RTP | P127: Range | Q127: Buy Feature | Y127: Threshold | AB127: =10^9 -> 1000000000 | AE127: Buy Feature 1 RTP | AF127: =SUM(AE129:AE187) -> 37.462395 | AG127: Buy Feature 2 RTP | AH127: =SUM(AG129:AG187) -> 39.904524 | AI127: Buy Feature 3 RTP | AJ127: =SUM(AI129:AI187) -> 39.137849 | AM127: 新老手 | AN127: 老手1 | AO127: 老手2
C128: D | D128: E | E128: F | F128: D | G128: E | H128: F | I128: D | J128: E | K128: F | L128: D | M128: E | N128: F | Q128: 使用的表 | R128: Rate | S128: Fix Num 1 | T128: Fix Num 2 | U128: Fix Num 3 | V128: Fix Rate 1 | W128: Fix Rate 2 | X128: Fix Rate 3 | Y128: Final Rate 1 | Z128: Final Rate 2 | AA128: Final Rate 3 | AB128: Weight 1 | AC128: Weight 2 | AD128: Weight 3 | AE128: Simulator RTP | AF128: Hit Rate | AG128: Simulator RTP | AH128: Hit Rate | AI128: Simulator RTP | AJ128: Hit Rate | AL128: Super Ace (BUY) | AM128: 調性1 | AN128: 調性2 | AO128: 調性3
A129: -1 | B129: 0 | D129: {=D64:D115} -> 316 | G129: {=G64:G115} -> 0 | I129: {=_xlfn.LET(_xlpm.x, C129:C187, _xlpm.x/SUM(_xlpm.x))} -> #DIV/0! | J129: {=_xlfn.LET(_xlpm.x, D129:D187, _xlpm.x/SUM(_xlpm.x))} -> 0.00031286633 | L129: {=F129:F187/C129:C187/[1]Overview!$A$5/5} -> #DIV/0! | M129: {=G129:G187/D129:D187/[1]Overview!$A$5/5} -> 0 | P129: ="("&$A129&", "&$B129&"]" -> (-1, 0] | Q129: E | R129: =_xlfn.SINGLE(_xlfn.XLOOKUP(Q129, $I$63:$K$63, I129:K129)) -> 0.00031286633 | S129: 0 | T129: 0 | U129: 0 | V129: {=$R129:$R187*S129:S187} -> 0 | W129: {=$R129:$R187*T129:T187} -> 0 | X129: {=$R129:$R187*U129:U187} -> 0 | Y129: {=_xlfn.LET(_xlpm.x,_xlfn.ANCHORARRAY( V129), _xlpm.x/SUM(_xlpm.x))} -> 0 | Z129: {=_xlfn.LET(_xlpm.x,_xlfn.ANCHORARRAY( W129), _xlpm.x/SUM(_xlpm.x))} -> 0 | AA129: {=_xlfn.LET(_xlpm.x,_xlfn.ANCHORARRAY( X129), _xlpm.x/SUM(_xlpm.x))} -> 0 | AB129: =INT(Y129*$AB$62) -> 0 | AC129: =INT(Z129*$AB$62) -> 0 | AD129: =INT(AA129*$AB$62) -> 0 | AE129: =_xlfn.LET(_xlpm.x, _xlfn.XLOOKUP($Q129, $L$63:$N$63, $L129:$N129), IF(ISERROR(_xlpm.x), 0, _xlpm.x)*AB129/$AB$62) -> 0 | AF129: {=_xlfn.LET(_xlpm.x, AB129:AB187, _xlpm.x/SUM(_xlpm.x))} -> 0 | AG129: =_xlfn.LET(_xlpm.x, _xlfn.XLOOKUP($Q129, $L$63:$N$63, $L129:$N129), IF(ISERROR(_xlpm.x), 0, _xlpm.x)*AC129/$AB$62) -> 0 | AH129: {=_xlfn.LET(_xlpm.x, AC129:AC187, _xlpm.x/SUM(_xlpm.x))} -> 0 | AI129: =_xlfn.LET(_xlpm.x, _xlfn.XLOOKUP($Q129, $L$63:$N$63, $L129:$N129), IF(ISERROR(_xlpm.x), 0, _xlpm.x)*AD129/$AB$62) -> 0 | AJ129: {=_xlfn.LET(_xlpm.x, AD129:AD187, _xlpm.x/SUM(_xlpm.x))} -> 0 | AL129: 0 | AM129: {=AF129:AF180} -> 0 | AN129: {=AH129:AH180} -> 0 | AO129: {=AJ129:AJ180} -> 0
A130: 0 | B130: 1 | D130: 2222 | G130: 676000 | I130: #DIV/0! | J130: 0.0021999651 | L130: #DIV/0! | M130: 0.60846085 | P130: ="("&$A130&", "&$B130&"]" -> (0, 1] | Q130: E | R130: =_xlfn.SINGLE(_xlfn.XLOOKUP(Q130, $I$63:$K$63, I130:K130)) -> 0.0021999651 | S130: 0 | T130: 0 | U130: 0 | V130: 0 | W130: 0 | X130: 0 | Y130: 0 | Z130: 0 | AA130: 0 | AB130: =INT(Y130*$AB$62) -> 0 | AC130: =INT(Z130*$AB$62) -> 0 | AD130: =INT(AA130*$AB$62) -> 0 | AE130: =_xlfn.LET(_xlpm.x, _xlfn.XLOOKUP($Q130, $L$63:$N$63, $L130:$N130), IF(ISERROR(_xlpm.x), 0, _xlpm.x)*AB130/$AB$62) -> 0 | AF130: 0 | AG130: =_xlfn.LET(_xlpm.x, _xlfn.XLOOKUP($Q130, $L$63:$N$63, $L130:$N130), IF(ISERROR(_xlpm.x), 0, _xlpm.x)*AC130/$AB$62) -> 0 | AH130: 0 | AI130: =_xlfn.LET(_xlpm.x, _xlfn.XLOOKUP($Q130, $L$63:$N$63, $L130:$N130), IF(ISERROR(_xlpm.x), 0, _xlpm.x)*AD130/$AB$62) -> 0 | AJ130: 0 | AL130: 0 | AM130: 0 | AN130: 0 | AO130: 0
A131: 1 | B131: 2 | D131: 2756 | G131: 2169950 | I131: #DIV/0! | J131: 0.0027286696 | L131: #DIV/0! | M131: 1.5747097 | P131: ="("&$A131&", "&$B131&"]" -> (1, 2] | Q131: E | R131: =_xlfn.SINGLE(_xlfn.XLOOKUP(Q131, $I$63:$K$63, I131:K131)) -> 0.0027286696 | S131: 0 | T131: 0 | U131: 0 | V131: 0 | W131: 0 | X131: 0 | Y131: 0 | Z131: 0 | AA131: 0 | AB131: =INT(Y131*$AB$62) -> 0 | AC131: =INT(Z131*$AB$62) -> 0 | AD131: =INT(AA131*$AB$62) -> 0 | AE131: =_xlfn.LET(_xlpm.x, _xlfn.XLOOKUP($Q131, $L$63:$N$63, $L131:$N131), IF(ISERROR(_xlpm.x), 0, _xlpm.x)*AB131/$AB$62) -> 0 | AF131: 0 | AG131: =_xlfn.LET(_xlpm.x, _xlfn.XLOOKUP($Q131, $L$63:$N$63, $L131:$N131), IF(ISERROR(_xlpm.x), 0, _xlpm.x)*AC131/$AB$62) -> 0 | AH131: 0 | AI131: =_xlfn.LET(_xlpm.x, _xlfn.XLOOKUP($Q131, $L$63:$N$63, $L131:$N131), IF(ISERROR(_xlpm.x), 0, _xlpm.x)*AD131/$AB$62) -> 0 | AJ131: 0 | AL131: 0 | AM131: 0 | AN131: 0 | AO131: 0
A132: 2 | B132: 3 | D132: 3023 | G132: 3886500 | I132: #DIV/0! | J132: 0.0029930219 | L132: #DIV/0! | M132: 2.5712868 | P132: ="("&$A132&", "&$B132&"]" -> (2, 3] | Q132: E | R132: =_xlfn.SINGLE(_xlfn.XLOOKUP(Q132, $I$63:$K$63, I132:K132)) -> 0.0029930219 | S132: 0 | T132: 0 | U132: 0 | V132: 0 | W132: 0 | X132: 0 | Y132: 0 | Z132: 0 | AA132: 0 | AB132: =INT(Y132*$AB$62) -> 0 | AC132: =INT(Z132*$AB$62) -> 0 | AD132: =INT(AA132*$AB$62) -> 0 | AE132: =_xlfn.LET(_xlpm.x, _xlfn.XLOOKUP($Q132, $L$63:$N$63, $L132:$N132), IF(ISERROR(_xlpm.x), 0, _xlpm.x)*AB132/$AB$62) -> 0 | AF132: 0 | AG132: =_xlfn.LET(_xlpm.x, _xlfn.XLOOKUP($Q132, $L$63:$N$63, $L132:$N132), IF(ISERROR(_xlpm.x), 0, _xlpm.x)*AC132/$AB$62) -> 0 | AH132: 0 | AI132: =_xlfn.LET(_xlpm.x, _xlfn.XLOOKUP($Q132, $L$63:$N$63, $L132:$N132), IF(ISERROR(_xlpm.x), 0, _xlpm.x)*AD132/$AB$62) -> 0 | AJ132: 0 | AL132: 0 | AM132: 0 | AN132: 0 | AO132: 0
A133: 3 | B133: 4 | D133: 3095 | G133: 5503800 | I133: #DIV/0! | J133: 0.0030643079 | L133: #DIV/0! | M133: 3.5565751 | P133: ="("&$A133&", "&$B133&"]" -> (3, 4] | Q133: E | R133: =_xlfn.SINGLE(_xlfn.XLOOKUP(Q133, $I$63:$K$63, I133:K133)) -> 0.0030643079 | S133: 0 | T133: 0 | U133: 0 | V133: 0 | W133: 0 | X133: 0 | Y133: 0 | Z133: 0 | AA133: 0 | AB133: =INT(Y133*$AB$62) -> 0 | AC133: =INT(Z133*$AB$62) -> 0 | AD133: =INT(AA133*$AB$62) -> 0 | AE133: =_xlfn.LET(_xlpm.x, _xlfn.XLOOKUP($Q133, $L$63:$N$63, $L133:$N133), IF(ISERROR(_xlpm.x), 0, _xlpm.x)*AB133/$AB$62) -> 0 | AF133: 0 | AG133: =_xlfn.LET(_xlpm.x, _xlfn.XLOOKUP($Q133, $L$63:$N$63, $L133:$N133), IF(ISERROR(_xlpm.x), 0, _xlpm.x)*AC133/$AB$62) -> 0 | AH133: 0 | AI133: =_xlfn.LET(_xlpm.x, _xlfn.XLOOKUP($Q133, $L$63:$N$63, $L133:$N133), IF(ISERROR(_xlpm.x), 0, _xlpm.x)*AD133/$AB$62) -> 0 | AJ133: 0 | AL133: 0 | AM133: 0 | AN133: 0 | AO133: 0
A134: 4 | B134: 5 | D134: 3068 | G134: 7011850 | I134: #DIV/0! | J134: 0.0030375756 | L134: #DIV/0! | M134: 4.5709583 | P134: ="("&$A134&", "&$B134&"]" -> (4, 5] | Q134: E | R134: =_xlfn.SINGLE(_xlfn.XLOOKUP(Q134, $I$63:$K$63, I134:K134)) -> 0.0030375756 | S134: 2 | T134: 0.003 | U134: 0 | V134: 0.0060751513 | W134: 9.1127269e-06 | X134: 0 | Y134: 0.0089914937 | Z134: 7.7956993e-05 | AA134: 0 | AB134: =INT(Y134*$AB$62) -> 8991493 | AC134: =INT(Z134*$AB$62) -> 77956 | AD134: =INT(AA134*$AB$62) -> 0 | AE134: =_xlfn.LET(_xlpm.x, _xlfn.XLOOKUP($Q134, $L$63:$N$63, $L134:$N134), IF(ISERROR(_xlpm.x), 0, _xlpm.x)*AB134/$AB$62) -> 0.041099739 | AF134: 0.0089914931 | AG134: =_xlfn.LET(_xlpm.x, _xlfn.XLOOKUP($Q134, $L$63:$N$63, $L134:$N134), IF(ISERROR(_xlpm.x), 0, _xlpm.x)*AC134/$AB$62) -> 0.00035633362 | AH134: 7.7956001e-05 | AI134: =_xlfn.LET(_xlpm.x, _xlfn.XLOOKUP($Q134, $L$63:$N$63, $L134:$N134), IF(ISERROR(_xlpm.x), 0, _xlpm.x)*AD134/$AB$62) -> 0 | AJ134: 0 | AL134: 0.0024770547 | AM134: 0.0089914931 | AN134: 7.7956001e-05 | AO134: 0
A135: 5 | B135: 6 | D135: 3185 | G135: 8850050 | I135: #DIV/0! | J135: 0.0031534154 | L135: #DIV/0! | M135: 5.5573312 | P135: ="("&$A135&", "&$B135&"]" -> (5, 6] | Q135: E | R135: =_xlfn.SINGLE(_xlfn.XLOOKUP(Q135, $I$63:$K$63, I135:K135)) -> 0.0031534154 | S135: 4.8 | T135: 0.024 | U135: 0 | V135: 0.015136394 | W135: 7.5681969e-05 | X135: 0 | Y135: 0.022402535 | Z135: 0.00064743943 | AA135: 0 | AB135: =INT(Y135*$AB$62) -> 22402535 | AC135: =INT(Z135*$AB$62) -> 647439 | AD135: =INT(AA135*$AB$62) -> 0 | AE135: =_xlfn.LET(_xlpm.x, _xlfn.XLOOKUP($Q135, $L$63:$N$63, $L135:$N135), IF(ISERROR(_xlpm.x), 0, _xlpm.x)*AB135/$AB$62) -> 0.12449831 | AF135: 0.022402535 | AG135: =_xlfn.LET(_xlpm.x, _xlfn.XLOOKUP($Q135, $L$63:$N$63, $L135:$N135), IF(ISERROR(_xlpm.x), 0, _xlpm.x)*AC135/$AB$62) -> 0.003598033 | AH135: 0.00064743901 | AI135: =_xlfn.LET(_xlpm.x, _xlfn.XLOOKUP($Q135, $L$63:$N$63, $L135:$N135), IF(ISERROR(_xlpm.x), 0, _xlpm.x)*AD135/$AB$62) -> 0 | AJ135: 0 | AL135: 0.022541197 | AM135: 0.022402535 | AN135: 0.00064743901 | AO135: 0
A136: 6 | B136: 7 | D136: 3215 | G136: 10540600 | I136: #DIV/0! | J136: 0.0031831179 | L136: #DIV/0! | M136: 6.5571384 | P136: ="("&$A136&", "&$B136&"]" -> (6, 7] | Q136: E | R136: =_xlfn.SINGLE(_xlfn.XLOOKUP(Q136, $I$63:$K$63, I136:K136)) -> 0.0031831179 | S136: 6 | T136: 0.0315 | U136: 0 | V136: 0.019098707 | W136: 0.00010026821 | X136: 0 | Y136: 0.028266935 | Z136: 0.00085776832 | AA136: 0 | AB136: =INT(Y136*$AB$62) -> 28266935 | AC136: =INT(Z136*$AB$62) -> 857768 | AD136: =INT(AA136*$AB$62) -> 0 | AE136: =_xlfn.LET(_xlpm.x, _xlfn.XLOOKUP($Q136, $L$63:$N$63, $L136:$N136), IF(ISERROR(_xlpm.x), 0, _xlpm.x)*AB136/$AB$62) -> 0.18535021 | AF136: 0.028266935 | AG136: =_xlfn.LET(_xlpm.x, _xlfn.XLOOKUP($Q136, $L$63:$N$63, $L136:$N136), IF(ISERROR(_xlpm.x), 0, _xlpm.x)*AC136/$AB$62) -> 0.0056245035 | AH136: 0.00085776801 | AI136: =_xlfn.LET(_xlpm.x, _xlfn.XLOOKUP($Q136, $L$63:$N$63, $L136:$N136), IF(ISERROR(_xlpm.x), 0, _xlpm.x)*AD136/$AB$62) -> 0 | AJ136: 0 | AL136: 0.02457499 | AM136: 0.028266935 | AN136: 0.00085776801 | AO136: 0
A137: 7 | B137: 8 | D137: 3055 | G137: 11542100 | I137: #DIV/0! | J137: 0.0030247046 | L137: #DIV/0! | M137: 7.5562029 | P137: ="("&$A137&", "&$B137&"]" -> (7, 8] | Q137: E | R137: =_xlfn.SINGLE(_xlfn.XLOOKUP(Q137, $I$63:$K$63, I137:K137)) -> 0.0030247046 | S137: 6 | T137: 0.038 | U137: 0.1 | V137: 0.018148227 | W137: 0.00011493877 | X137: 0.00030247046 | Y137: 0.026860182 | Z137: 0.00098327111 | AA137: 0.00060593737 | AB137: =INT(Y137*$AB$62) -> 26860182 | AC137: =INT(Z137*$AB$62) -> 983271 | AD137: =INT(AA137*$AB$62) -> 605937 | AE137: =_xlfn.LET(_xlpm.x, _xlfn.XLOOKUP($Q137, $L$63:$N$63, $L137:$N137), IF(ISERROR(_xlpm.x), 0, _xlpm.x)*AB137/$AB$62) -> 0.20296099 | AF137: 0.026860182 | AG137: =_xlfn.LET(_xlpm.x, _xlfn.XLOOKUP($Q137, $L$63:$N$63, $L137:$N137), IF(ISERROR(_xlpm.x), 0, _xlpm.x)*AC137/$AB$62) -> 0.0074297952 | AH137: 0.00098327102 | AI137: =_xlfn.LET(_xlpm.x, _xlfn.XLOOKUP($Q137, $L$63:$N$63, $L137:$N137), IF(ISERROR(_xlpm.x), 0, _xlpm.x)*AD137/$AB$62) -> 0.0045785829 | AJ137: 0.00060593701 | AL137: 0.026308928 | AM137: 0.026860182 | AN137: 0.00098327102 | AO137: 0.00060593701
A138: 8 | B138: 9 | D138: 3155 | G138: 13497550 | I138: #DIV/0! | J138: 0.0031237129 | L138: #DIV/0! | M138: 8.5562916 | P138: ="("&$A138&", "&$B138&"]" -> (8, 9] | Q138: E | R138: =_xlfn.SINGLE(_xlfn.XLOOKUP(Q138, $I$63:$K$63, I138:K138)) -> 0.0031237129 | S138: 6 | T138: 0.0425 | U138: 0.2 | V138: 0.018742277 | W138: 0.0001327578 | X138: 0.00062474258 | Y138: 0.027739403 | Z138: 0.0011357082 | AA138: 0.0012515433 | AB138: =INT(Y138*$AB$62) -> 27739402 | AC138: =INT(Z138*$AB$62) -> 1135708 | AD138: =INT(AA138*$AB$62) -> 1251543 | AE138: =_xlfn.LET(_xlpm.x, _xlfn.XLOOKUP($Q138, $L$63:$N$63, $L138:$N138), IF(ISERROR(_xlpm.x), 0, _xlpm.x)*AB138/$AB$62) -> 0.23734641 | AF138: 0.027739402 | AG138: =_xlfn.LET(_xlpm.x, _xlfn.XLOOKUP($Q138, $L$63:$N$63, $L138:$N138), IF(ISERROR(_xlpm.x), 0, _xlpm.x)*AC138/$AB$62) -> 0.0097174488 | AH138: 0.001135708 | AI138: =_xlfn.LET(_xlpm.x, _xlfn.XLOOKUP($Q138, $L$63:$N$63, $L138:$N138), IF(ISERROR(_xlpm.x), 0, _xlpm.x)*AD138/$AB$62) -> 0.010708567 | AJ138: 0.001251543 | AL138: 0.026061222 | AM138: 0.027739402 | AN138: 0.001135708 | AO138: 0.001251543
A139: 9 | B139: 10 | D139: 3289 | G139: 15750950 | I139: #DIV/0! | J139: 0.0032563841 | L139: #DIV/0! | M139: 9.5779568 | P139: ="("&$A139&", "&$B139&"]" -> (9, 10] | Q139: E | R139: =_xlfn.SINGLE(_xlfn.XLOOKUP(Q139, $I$63:$K$63, I139:K139)) -> 0.0032563841 | S139: 6 | T139: 0.0515 | U139: 0.3 | V139: 0.019538304 | W139: 0.00016770378 | X139: 0.00097691522 | Y139: 0.028917558 | Z139: 0.0014346619 | AA139: 0.0019570488 | AB139: =INT(Y139*$AB$62) -> 28917558 | AC139: =INT(Z139*$AB$62) -> 1434661 | AD139: =INT(AA139*$AB$62) -> 1957048 | AE139: =_xlfn.LET(_xlpm.x, _xlfn.XLOOKUP($Q139, $L$63:$N$63, $L139:$N139), IF(ISERROR(_xlpm.x), 0, _xlpm.x)*AB139/$AB$62) -> 0.27697112 | AF139: 0.028917558 | AG139: =_xlfn.LET(_xlpm.x, _xlfn.XLOOKUP($Q139, $L$63:$N$63, $L139:$N139), IF(ISERROR(_xlpm.x), 0, _xlpm.x)*AC139/$AB$62) -> 0.013741121 | AH139: 0.001434661 | AI139: =_xlfn.LET(_xlpm.x, _xlfn.XLOOKUP($Q139, $L$63:$N$63, $L139:$N139), IF(ISERROR(_xlpm.x), 0, _xlpm.x)*AD139/$AB$62) -> 0.018744521 | AJ139: 0.001957048 | AL139: 0.026595745 | AM139: 0.028917558 | AN139: 0.001434661 | AO139: 0.001957048
A140: 10 | B140: 15 | D140: 16424 | G140: 103238050 | I140: #DIV/0! | J140: 0.016261129 | L140: #DIV/0! | M140: 12.571609 | P140: ="("&$A140&", "&$B140&"]" -> (10, 15] | Q140: E | R140: =_xlfn.SINGLE(_xlfn.XLOOKUP(Q140, $I$63:$K$63, I140:K140)) -> 0.016261129 | S140: 5.3274375 | T140: 0.06815 | U140: 0.2 | V140: 0.086630146 | W140: 0.0011081959 | X140: 0.0032522257 | Y140: 0.12821646 | Z140: 0.0094803259 | AA140: 0.0065151656 | AB140: =INT(Y140*$AB$62) -> 128216463 | AC140: =INT(Z140*$AB$62) -> 9480325 | AD140: =INT(AA140*$AB$62) -> 6515165 | AE140: =_xlfn.LET(_xlpm.x, _xlfn.XLOOKUP($Q140, $L$63:$N$63, $L140:$N140), IF(ISERROR(_xlpm.x), 0, _xlpm.x)*AB140/$AB$62) -> 1.6118872 | AF140: 0.12821646 | AG140: =_xlfn.LET(_xlpm.x, _xlfn.XLOOKUP($Q140, $L$63:$N$63, $L140:$N140), IF(ISERROR(_xlpm.x), 0, _xlpm.x)*AC140/$AB$62) -> 0.11918294 | AH140: 0.0094803252 | AI140: =_xlfn.LET(_xlpm.x, _xlfn.XLOOKUP($Q140, $L$63:$N$63, $L140:$N140), IF(ISERROR(_xlpm.x), 0, _xlpm.x)*AD140/$AB$62) -> 0.081906104 | AJ140: 0.0065151651 | AL140: 0.12287495 | AM140: 0.12821646 | AN140: 0.0094803252 | AO140: 0.0065151651
A141: 15 | B141: 20 | D141: 17312 | G141: 152147550 | I141: #DIV/0! | J141: 0.017140323 | L141: #DIV/0! | M141: 17.57712 | P141: ="("&$A141&", "&$B141&"]" -> (15, 20] | Q141: E | R141: =_xlfn.SINGLE(_xlfn.XLOOKUP(Q141, $I$63:$K$63, I141:K141)) -> 0.017140323 | S141: 4.286373 | T141: 0.09 | U141: 0.4 | V141: 0.073469816 | W141: 0.001542629 | X141: 0.006856129 | Y141: 0.10873859 | Z141: 0.013196787 | AA141: 0.013734845 | AB141: =INT(Y141*$AB$62) -> 108738589 | AC141: =INT(Z141*$AB$62) -> 13196787 | AD141: =INT(AA141*$AB$62) -> 13734844 | AE141: =_xlfn.LET(_xlpm.x, _xlfn.XLOOKUP($Q141, $L$63:$N$63, $L141:$N141), IF(ISERROR(_xlpm.x), 0, _xlpm.x)*AB141/$AB$62) -> 1.9113112 | AF141: 0.10873859 | AG141: =_xlfn.LET(_xlpm.x, _xlfn.XLOOKUP($Q141, $L$63:$N$63, $L141:$N141), IF(ISERROR(_xlpm.x), 0, _xlpm.x)*AC141/$AB$62) -> 0.23196151 | AH141: 0.013196787 | AI141: =_xlfn.LET(_xlpm.x, _xlfn.XLOOKUP($Q141, $L$63:$N$63, $L141:$N141), IF(ISERROR(_xlpm.x), 0, _xlpm.x)*AD141/$AB$62) -> 0.241419 | AJ141: 0.013734844 | AL141: 0.10741291 | AM141: 0.10873859 | AN141: 0.013196787 | AO141: 0.013734844
... A176: 3000 | B176: 4000 | D176: 14 | G176: 23546150 | I176: #DIV/0! | J176: 1.3861167e-05 | L176: #DIV/0! | M176: 3363.7357 | P176: ="("&$A176&", "&$B176&"]" -> (3000, 4000] | Q176: E | R176: =_xlfn.SINGLE(_xlfn.XLOOKUP(Q176, $I$63:$K$63, I176:K176)) -> 1.3861167e-05 | S176: 0 | T176: 0 | U176: 0 | V176: 0 | W176: 0 | X176: 0 | Y176: 0 | Z176: 0 | AA176: 0 | AB176: =INT(Y176*$AB$62) -> 0 | AC176: =INT(Z176*$AB$62) -> 0 | AD176: =INT(AA176*$AB$62) -> 0 | AE176: =_xlfn.LET(_xlpm.x, _xlfn.XLOOKUP($Q176, $L$63:$N$63, $L176:$N176), IF(ISERROR(_xlpm.x), 0, _xlpm.x)*AB176/$AB$62) -> 0 | AF176: 0 | AG176: =_xlfn.LET(_xlpm.x, _xlfn.XLOOKUP($Q176, $L$63:$N$63, $L176:$N176), IF(ISERROR(_xlpm.x), 0, _xlpm.x)*AC176/$AB$62) -> 0 | AH176: 0 | AI176: =_xlfn.LET(_xlpm.x, _xlfn.XLOOKUP($Q176, $L$63:$N$63, $L176:$N176), IF(ISERROR(_xlpm.x), 0, _xlpm.x)*AD176/$AB$62) -> 0 | AJ176: 0 | AL176: 0 | AM176: 0 | AN176: 0 | AO176: 0
A177: 4000 | B177: 5000 | D177: 0 | G177: 0 | I177: #DIV/0! | J177: 0 | L177: #DIV/0! | M177: #DIV/0! | P177: ="("&$A177&", "&$B177&"]" -> (4000, 5000] | Q177: E | R177: =_xlfn.SINGLE(_xlfn.XLOOKUP(Q177, $I$63:$K$63, I177:K177)) -> 0 | S177: 0 | T177: 0 | U177: 0 | V177: 0 | W177: 0 | X177: 0 | Y177: 0 | Z177: 0 | AA177: 0 | AB177: =INT(Y177*$AB$62) -> 0 | AC177: =INT(Z177*$AB$62) -> 0 | AD177: =INT(AA177*$AB$62) -> 0 | AE177: =_xlfn.LET(_xlpm.x, _xlfn.XLOOKUP($Q177, $L$63:$N$63, $L177:$N177), IF(ISERROR(_xlpm.x), 0, _xlpm.x)*AB177/$AB$62) -> 0 | AF177: 0 | AG177: =_xlfn.LET(_xlpm.x, _xlfn.XLOOKUP($Q177, $L$63:$N$63, $L177:$N177), IF(ISERROR(_xlpm.x), 0, _xlpm.x)*AC177/$AB$62) -> 0 | AH177: 0 | AI177: =_xlfn.LET(_xlpm.x, _xlfn.XLOOKUP($Q177, $L$63:$N$63, $L177:$N177), IF(ISERROR(_xlpm.x), 0, _xlpm.x)*AD177/$AB$62) -> 0 | AJ177: 0 | AL177: 0 | AM177: 0 | AN177: 0 | AO177: 0
A178: 5000 | B178: 6000 | D178: 0 | G178: 0 | I178: #DIV/0! | J178: 0 | L178: #DIV/0! | M178: #DIV/0! | P178: ="("&$A178&", "&$B178&"]" -> (5000, 6000] | Q178: E | R178: =_xlfn.SINGLE(_xlfn.XLOOKUP(Q178, $I$63:$K$63, I178:K178)) -> 0 | S178: 0 | T178: 0 | U178: 0 | V178: 0 | W178: 0 | X178: 0 | Y178: 0 | Z178: 0 | AA178: 0 | AB178: =INT(Y178*$AB$62) -> 0 | AC178: =INT(Z178*$AB$62) -> 0 | AD178: =INT(AA178*$AB$62) -> 0 | AE178: =_xlfn.LET(_xlpm.x, _xlfn.XLOOKUP($Q178, $L$63:$N$63, $L178:$N178), IF(ISERROR(_xlpm.x), 0, _xlpm.x)*AB178/$AB$62) -> 0 | AF178: 0 | AG178: =_xlfn.LET(_xlpm.x, _xlfn.XLOOKUP($Q178, $L$63:$N$63, $L178:$N178), IF(ISERROR(_xlpm.x), 0, _xlpm.x)*AC178/$AB$62) -> 0 | AH178: 0 | AI178: =_xlfn.LET(_xlpm.x, _xlfn.XLOOKUP($Q178, $L$63:$N$63, $L178:$N178), IF(ISERROR(_xlpm.x), 0, _xlpm.x)*AD178/$AB$62) -> 0 | AJ178: 0 | AM178: 0 | AN178: 0 | AO178: 0
A179: 6000 | B179: 7000 | D179: 0 | G179: 0 | I179: #DIV/0! | J179: 0 | L179: #DIV/0! | M179: #DIV/0! | P179: ="("&$A179&", "&$B179&"]" -> (6000, 7000] | Q179: E | R179: =_xlfn.SINGLE(_xlfn.XLOOKUP(Q179, $I$63:$K$63, I179:K179)) -> 0 | S179: 0 | T179: 0 | U179: 0 | V179: 0 | W179: 0 | X179: 0 | Y179: 0 | Z179: 0 | AA179: 0 | AB179: =INT(Y179*$AB$62) -> 0 | AC179: =INT(Z179*$AB$62) -> 0 | AD179: =INT(AA179*$AB$62) -> 0 | AE179: =_xlfn.LET(_xlpm.x, _xlfn.XLOOKUP($Q179, $L$63:$N$63, $L179:$N179), IF(ISERROR(_xlpm.x), 0, _xlpm.x)*AB179/$AB$62) -> 0 | AF179: 0 | AG179: =_xlfn.LET(_xlpm.x, _xlfn.XLOOKUP($Q179, $L$63:$N$63, $L179:$N179), IF(ISERROR(_xlpm.x), 0, _xlpm.x)*AC179/$AB$62) -> 0 | AH179: 0 | AI179: =_xlfn.LET(_xlpm.x, _xlfn.XLOOKUP($Q179, $L$63:$N$63, $L179:$N179), IF(ISERROR(_xlpm.x), 0, _xlpm.x)*AD179/$AB$62) -> 0 | AJ179: 0 | AM179: 0 | AN179: 0 | AO179: 0
A180: 7000 | B180: 8000 | D180: 0 | G180: 0 | I180: #DIV/0! | J180: 0 | L180: #DIV/0! | M180: #DIV/0! | P180: ="("&$A180&", "&$B180&"]" -> (7000, 8000] | Q180: E | R180: =_xlfn.SINGLE(_xlfn.XLOOKUP(Q180, $I$63:$K$63, I180:K180)) -> 0 | S180: 0 | T180: 0 | U180: 0 | V180: 0 | W180: 0 | X180: 0 | Y180: 0 | Z180: 0 | AA180: 0 | AB180: =INT(Y180*$AB$62) -> 0 | AC180: =INT(Z180*$AB$62) -> 0 | AD180: =INT(AA180*$AB$62) -> 0 | AE180: =_xlfn.LET(_xlpm.x, _xlfn.XLOOKUP($Q180, $L$63:$N$63, $L180:$N180), IF(ISERROR(_xlpm.x), 0, _xlpm.x)*AB180/$AB$62) -> 0 | AF180: 0 | AG180: =_xlfn.LET(_xlpm.x, _xlfn.XLOOKUP($Q180, $L$63:$N$63, $L180:$N180), IF(ISERROR(_xlpm.x), 0, _xlpm.x)*AC180/$AB$62) -> 0 | AH180: 0 | AI180: =_xlfn.LET(_xlpm.x, _xlfn.XLOOKUP($Q180, $L$63:$N$63, $L180:$N180), IF(ISERROR(_xlpm.x), 0, _xlpm.x)*AD180/$AB$62) -> 0 | AJ180: 0 | AM180: 0 | AN180: 0 | AO180: 0
I181: #DIV/0! | J181: 0 | L181: #DIV/0! | M181: #DIV/0! | P181: ="("&$A181&", "&$B181&"]" -> (, ] | Q181: E | R181: =_xlfn.SINGLE(_xlfn.XLOOKUP(Q181, $I$63:$K$63, I181:K181)) -> 0 | S181: 0 | T181: 0 | U181: 0 | V181: 0 | W181: 0 | X181: 0 | Y181: 0 | Z181: 0 | AA181: 0 | AB181: =INT(Y181*$AB$62) -> 0 | AC181: =INT(Z181*$AB$62) -> 0 | AD181: =INT(AA181*$AB$62) -> 0 | AE181: =_xlfn.LET(_xlpm.x, _xlfn.XLOOKUP($Q181, $L$63:$N$63, $L181:$N181), IF(ISERROR(_xlpm.x), 0, _xlpm.x)*AB181/$AB$62) -> 0 | AF181: 0 | AG181: =_xlfn.LET(_xlpm.x, _xlfn.XLOOKUP($Q181, $L$63:$N$63, $L181:$N181), IF(ISERROR(_xlpm.x), 0, _xlpm.x)*AC181/$AB$62) -> 0 | AH181: 0 | AI181: =_xlfn.LET(_xlpm.x, _xlfn.XLOOKUP($Q181, $L$63:$N$63, $L181:$N181), IF(ISERROR(_xlpm.x), 0, _xlpm.x)*AD181/$AB$62) -> 0 | AJ181: 0
I182: #DIV/0! | J182: 0 | L182: #DIV/0! | M182: #DIV/0! | P182: ="("&$A182&", "&$B182&"]" -> (, ] | Q182: E | R182: =_xlfn.SINGLE(_xlfn.XLOOKUP(Q182, $I$63:$K$63, I182:K182)) -> 0 | S182: 0 | T182: 0 | U182: 0 | V182: 0 | W182: 0 | X182: 0 | Y182: 0 | Z182: 0 | AA182: 0 | AB182: =INT(Y182*$AB$62) -> 0 | AC182: =INT(Z182*$AB$62) -> 0 | AD182: =INT(AA182*$AB$62) -> 0 | AE182: =_xlfn.LET(_xlpm.x, _xlfn.XLOOKUP($Q182, $L$63:$N$63, $L182:$N182), IF(ISERROR(_xlpm.x), 0, _xlpm.x)*AB182/$AB$62) -> 0 | AF182: 0 | AG182: =_xlfn.LET(_xlpm.x, _xlfn.XLOOKUP($Q182, $L$63:$N$63, $L182:$N182), IF(ISERROR(_xlpm.x), 0, _xlpm.x)*AC182/$AB$62) -> 0 | AH182: 0 | AI182: =_xlfn.LET(_xlpm.x, _xlfn.XLOOKUP($Q182, $L$63:$N$63, $L182:$N182), IF(ISERROR(_xlpm.x), 0, _xlpm.x)*AD182/$AB$62) -> 0 | AJ182: 0
I183: #DIV/0! | J183: 0 | L183: #DIV/0! | M183: #DIV/0! | P183: ="("&$A183&", "&$B183&"]" -> (, ] | Q183: E | R183: =_xlfn.SINGLE(_xlfn.XLOOKUP(Q183, $I$63:$K$63, I183:K183)) -> 0 | S183: 0 | T183: 0 | U183: 0 | V183: 0 | W183: 0 | X183: 0 | Y183: 0 | Z183: 0 | AA183: 0 | AB183: =INT(Y183*$AB$62) -> 0 | AC183: =INT(Z183*$AB$62) -> 0 | AD183: =INT(AA183*$AB$62) -> 0 | AE183: =_xlfn.LET(_xlpm.x, _xlfn.XLOOKUP($Q183, $L$63:$N$63, $L183:$N183), IF(ISERROR(_xlpm.x), 0, _xlpm.x)*AB183/$AB$62) -> 0 | AF183: 0 | AG183: =_xlfn.LET(_xlpm.x, _xlfn.XLOOKUP($Q183, $L$63:$N$63, $L183:$N183), IF(ISERROR(_xlpm.x), 0, _xlpm.x)*AC183/$AB$62) -> 0 | AH183: 0 | AI183: =_xlfn.LET(_xlpm.x, _xlfn.XLOOKUP($Q183, $L$63:$N$63, $L183:$N183), IF(ISERROR(_xlpm.x), 0, _xlpm.x)*AD183/$AB$62) -> 0 | AJ183: 0
I184: #DIV/0! | J184: 0 | L184: #DIV/0! | M184: #DIV/0! | P184: ="("&$A184&", "&$B184&"]" -> (, ] | Q184: E | R184: =_xlfn.SINGLE(_xlfn.XLOOKUP(Q184, $I$63:$K$63, I184:K184)) -> 0 | S184: 0 | T184: 0 | U184: 0 | V184: 0 | W184: 0 | X184: 0 | Y184: 0 | Z184: 0 | AA184: 0 | AB184: =INT(Y184*$AB$62) -> 0 | AC184: =INT(Z184*$AB$62) -> 0 | AD184: =INT(AA184*$AB$62) -> 0 | AE184: =_xlfn.LET(_xlpm.x, _xlfn.XLOOKUP($Q184, $L$63:$N$63, $L184:$N184), IF(ISERROR(_xlpm.x), 0, _xlpm.x)*AB184/$AB$62) -> 0 | AF184: 0 | AG184: =_xlfn.LET(_xlpm.x, _xlfn.XLOOKUP($Q184, $L$63:$N$63, $L184:$N184), IF(ISERROR(_xlpm.x), 0, _xlpm.x)*AC184/$AB$62) -> 0 | AH184: 0 | AI184: =_xlfn.LET(_xlpm.x, _xlfn.XLOOKUP($Q184, $L$63:$N$63, $L184:$N184), IF(ISERROR(_xlpm.x), 0, _xlpm.x)*AD184/$AB$62) -> 0 | AJ184: 0
I185: #DIV/0! | J185: 0 | L185: #DIV/0! | M185: #DIV/0! | P185: ="("&$A185&", "&$B185&"]" -> (, ] | Q185: E | R185: =_xlfn.SINGLE(_xlfn.XLOOKUP(Q185, $I$63:$K$63, I185:K185)) -> 0 | S185: 0 | T185: 0 | U185: 0 | V185: 0 | W185: 0 | X185: 0 | Y185: 0 | Z185: 0 | AA185: 0 | AB185: =INT(Y185*$AB$62) -> 0 | AC185: =INT(Z185*$AB$62) -> 0 | AD185: =INT(AA185*$AB$62) -> 0 | AE185: =_xlfn.LET(_xlpm.x, _xlfn.XLOOKUP($Q185, $L$63:$N$63, $L185:$N185), IF(ISERROR(_xlpm.x), 0, _xlpm.x)*AB185/$AB$62) -> 0 | AF185: 0 | AG185: =_xlfn.LET(_xlpm.x, _xlfn.XLOOKUP($Q185, $L$63:$N$63, $L185:$N185), IF(ISERROR(_xlpm.x), 0, _xlpm.x)*AC185/$AB$62) -> 0 | AH185: 0 | AI185: =_xlfn.LET(_xlpm.x, _xlfn.XLOOKUP($Q185, $L$63:$N$63, $L185:$N185), IF(ISERROR(_xlpm.x), 0, _xlpm.x)*AD185/$AB$62) -> 0 | AJ185: 0
I186: #DIV/0! | J186: 0 | L186: #DIV/0! | M186: #DIV/0! | P186: ="("&$A186&", "&$B186&"]" -> (, ] | Q186: E | R186: =_xlfn.SINGLE(_xlfn.XLOOKUP(Q186, $I$63:$K$63, I186:K186)) -> 0 | S186: 0 | T186: 0 | U186: 0 | V186: 0 | W186: 0 | X186: 0 | Y186: 0 | Z186: 0 | AA186: 0 | AB186: =INT(Y186*$AB$62) -> 0 | AC186: =INT(Z186*$AB$62) -> 0 | AD186: =INT(AA186*$AB$62) -> 0 | AE186: =_xlfn.LET(_xlpm.x, _xlfn.XLOOKUP($Q186, $L$63:$N$63, $L186:$N186), IF(ISERROR(_xlpm.x), 0, _xlpm.x)*AB186/$AB$62) -> 0 | AF186: 0 | AG186: =_xlfn.LET(_xlpm.x, _xlfn.XLOOKUP($Q186, $L$63:$N$63, $L186:$N186), IF(ISERROR(_xlpm.x), 0, _xlpm.x)*AC186/$AB$62) -> 0 | AH186: 0 | AI186: =_xlfn.LET(_xlpm.x, _xlfn.XLOOKUP($Q186, $L$63:$N$63, $L186:$N186), IF(ISERROR(_xlpm.x), 0, _xlpm.x)*AD186/$AB$62) -> 0 | AJ186: 0
I187: #DIV/0! | J187: 0 | L187: #DIV/0! | M187: #DIV/0! | P187: ="("&$A187&", "&$B187&"]" -> (, ] | Q187: E | R187: =_xlfn.SINGLE(_xlfn.XLOOKUP(Q187, $I$63:$K$63, I187:K187)) -> 0 | S187: 0 | T187: 0 | U187: 0 | V187: 0 | W187: 0 | X187: 0 | Y187: 0 | Z187: 0 | AA187: 0 | AB187: =INT(Y187*$AB$62) -> 0 | AC187: =INT(Z187*$AB$62) -> 0 | AD187: =INT(AA187*$AB$62) -> 0 | AE187: =_xlfn.LET(_xlpm.x, _xlfn.XLOOKUP($Q187, $L$63:$N$63, $L187:$N187), IF(ISERROR(_xlpm.x), 0, _xlpm.x)*AB187/$AB$62) -> 0 | AF187: 0 | AG187: =_xlfn.LET(_xlpm.x, _xlfn.XLOOKUP($Q187, $L$63:$N$63, $L187:$N187), IF(ISERROR(_xlpm.x), 0, _xlpm.x)*AC187/$AB$62) -> 0 | AH187: 0 | AI187: =_xlfn.LET(_xlpm.x, _xlfn.XLOOKUP($Q187, $L$63:$N$63, $L187:$N187), IF(ISERROR(_xlpm.x), 0, _xlpm.x)*AD187/$AB$62) -> 0 | AJ187: 0
AE190: =250*0.925 -> 231.25
AF191: 新老手 | AH191: 未啟用 | AJ191: 未啟用 | AK191: =250*0.92 -> 230
A192: Lower | B192: Upper | C192: Simulator Cnt | F192: Simulator Pay | I192: Simulator Rate | L192: Simulator RTP | P192: Range | Q192: Buy Super Feature | Y192: Threshold | AB192: =10^9 -> 1000000000 | AE192: Buy Feature 1 RTP | AF192: =SUM(AE194:AE252) -> 231.25171 | AG192: Buy Feature 2 RTP | AH192: =SUM(AG194:AG252) -> 58.437775 | AI192: Buy Feature 3 RTP | AJ192: =SUM(AI194:AI252) -> 46.143121 | AM192: 新老手
C193: G | D193: H | E193: I | F193: G | G193: H | H193: I | I193: G | J193: H | K193: I | L193: G | M193: H | N193: I | Q193: 使用的表 | R193: Rate | S193: Fix Num 1 | T193: Fix Num 2 | U193: Fix Num 3 | V193: Fix Rate 1 | W193: Fix Rate 2 | X193: Fix Rate 3 | Y193: Final Rate 1 | Z193: Final Rate 2 | AA193: Final Rate 3 | AB193: Weight 1 | AC193: Weight 2 | AD193: Weight 3 | AE193: Simulator RTP | AF193: Hit Rate | AG193: Simulator RTP | AH193: Hit Rate | AI193: Simulator RTP | AJ193: Hit Rate | AM193: 調性1
...

Sheet OP Jack Pot
A1: 新手 | F1: 老手 | K1: Buy Feature | P1: Buy Super Feature
B2: Num | C2: Normal Bet | G2: Num | H2: Base Game | L2: Num | M2: Base Game | Q2: Num | R2: Base Game
A3: bgC1Count | B3: 0 | C3: 68973231 | F3: bgC1Count | G3: 0 | H3: 69402436 | K3: bgC1Count | L3: 0 | M3: 0 | P3: bgC1Count | Q3: 0 | R3: 0 | S3: =SUMPRODUCT(R3:R17,Q3:Q17)/SUM(R3:R9) -> 4.9352015
A4: bgC1Count | B4: 1 | C4: 26114515 | F4: bgC1Count | G4: 1 | H4: 25844647 | K4: bgC1Count | L4: 1 | M4: 0 | P4: bgC1Count | Q4: 1 | R4: 0
A5: bgC1Count | B5: 2 | C5: 4065821 | F5: bgC1Count | G5: 2 | H5: 3905458 | K5: bgC1Count | L5: 2 | M5: 0 | P5: bgC1Count | Q5: 2 | R5: 0
A6: bgC1Count | B6: 3 | C6: 795808 | F6: bgC1Count | G6: 3 | H6: 797096 | K6: bgC1Count | L6: 3 | M6: 4994541 | P6: bgC1Count | Q6: 3 | R6: 1997776
A7: bgC1Count | B7: 4 | C7: 48889 | F7: bgC1Count | G7: 4 | H7: 48596 | K7: bgC1Count | L7: 4 | M7: 5125 | P7: bgC1Count | Q7: 4 | R7: 2085
A8: bgC1Count | B8: 5 | C8: 1686 | F8: bgC1Count | G8: 5 | H8: 1709 | K8: bgC1Count | L8: 5 | M8: 320 | P8: bgC1Count | Q8: 5 | R8: 133
A9: bgC1Count | B9: 6 | C9: 50 | F9: bgC1Count | G9: 6 | H9: 58 | K9: bgC1Count | L9: 6 | M9: 14 | P9: bgC1Count | Q9: 6 | R9: 6
A11: fgC1Count | B11: 0 | C11: 5773921 | F11: fgC1Count | G11: 0 | H11: 5788195 | K11: fgC1Count | L11: 0 | M11: 34194899 | P11: fgC1Count | Q11: 0 | R11: 16483814
A12: fgC1Count | B12: 1 | C12: 2338724 | F12: fgC1Count | G12: 1 | H12: 2339282 | K12: fgC1Count | L12: 1 | M12: 13798140 | P12: fgC1Count | Q12: 1 | R12: 3221899
A13: fgC1Count | B13: 2 | C13: 409449 | F13: fgC1Count | G13: 2 | H13: 406313 | K13: fgC1Count | L13: 2 | M13: 2396261 | P13: fgC1Count | Q13: 2 | R13: 315063
A14: fgC1Count | B14: 3 | C14: 13453 | F14: fgC1Count | G14: 3 | H14: 13765 | K14: fgC1Count | L14: 3 | M14: 89848 | P14: fgC1Count | Q14: 3 | R14: 4798
A15: fgC1Count | B15: 4 | C15: 938 | F15: fgC1Count | G15: 4 | H15: 980 | K15: fgC1Count | L15: 4 | M15: 6949 | P15: fgC1Count | Q15: 4 | R15: 369
A16: fgC1Count | B16: 5 | C16: 46 | F16: fgC1Count | G16: 5 | H16: 52 | K16: fgC1Count | L16: 5 | M16: 493 | P16: fgC1Count | Q16: 5 | R16: 23
A17: fgC1Count | B17: 6 | C17: 4 | F17: fgC1Count | G17: 6 | H17: 3 | K17: fgC1Count | L17: 6 | M17: 35 | P17: fgC1Count | Q17: 6 | R17: 4
A18: SC Trig | C18: =_xlfn.FLOOR.MATH(SUM(C4:C9,C12:C17)/SUM(C3:C9)*10^10) -> 3378938300 | F18: SC Trig | H18: =_xlfn.FLOOR.MATH(SUM(H4:H9,H12:H17)/SUM(H3:H9)*10^10) -> 3335795900 | K18: SC Trig | M18: =_xlfn.FLOOR.MATH(SUM(M4:M9,M12:M17)/SUM(M3:M9)*10^10) -> 42583452000 | P18: SC Trig | R18: =_xlfn.FLOOR.MATH(SUM(R4:R9,R12:R17)/SUM(R3:R9)*10^10) -> 27710780000

Sheet Description
B2: Base Game
B3: 1. 在Base Game中每次Spin時，按照卡片系統對應到的表不斷抽取直到抽取出對應區間。
C4: 種類 | F4: ID
C5: Base Game Symbol - High | F5: B
C6: Base Game Symbol - Low | F6: A
B7: 2. 初始盤面依照選到的Base Game Symbol中5個轉輪表，並依照"Symbol Weight"權重決定RNG，再依照權重決定MY的Symbol。
B8: 3. 若有連線，則消除連線標誌，並從輪帶中隨機抽取一格來補上空格。
B9: 4. 當Combo隨著消除上升時，得分倍率也會跟著上升，倍數為X1、X2、X3、X5、X10，達到X10時就不會再上升了。
B10: 5. 隨機百搭判定:
C11: (1) 當連線的盤面有消除到至少一個金框符號(M1G~JG)，會進行以下的判定。
C12: (2) 每次的SPIN都會有一個是否已經出現隨機百搭的FLAG，當這個FLAG還沒觸發過時每次的Combo只要有消除到金框符號時都會進行一次判定，當FLAG被使用過之後後續的Combo就不用走這個判定。
C13: (3) 當消到金框符號時，根據Random Wild的權重，如果骰到2~4，則會將目前這格取代為WW2，並且額外複製2~4個WW2，並取代掉R2~R5當中隨機的格子，不會蓋掉原本是C1、WW1、WW2的格子。
C14: (4) 當有多個金框符號都被使用到時，一樣走上面的判定，但是最多只會有其中一個金框符號觸發隨機百搭，其餘都是取代成WW1。
C15: (5) 順序是: 消除→補格子→所有金框符號瞇牌→所有金框那格變成WW1或WW2→如果有複製WW2，等前面的步驟跑完了再處理要蓋掉哪些格子。
B16: 6. 每一次連線消除後，有機會掉落C1，同一輪中可以出現超過1個C1。
B17: 7. C1在連線消除過程中，並不會連線消除，直到已經無法再連線時，才會計算場上C1，決定是否進入Free Spins。
B19: Free Game
B20: 1. 進入Free Game後依照卡片系統對應表獲得指定場數的高表與低表，獲得的順序隨機排列，持續抽取直到抽取出對應區間。
C21: D | G21: E
C22: 高表場數 | D22: 低表場數 | E22: Weight | G22: 高表場數 | H22: 低表場數 | I22: Weight
C23: 0 | D23: 10 | E23: 1 | G23: 0 | H23: 10 | I23: 0
C24: 3 | D24: 7 | E24: 0 | G24: 3 | H24: 7 | I24: 0
C25: 4 | D25: 6 | E25: 0 | G25: 4 | H25: 6 | I25: 0
C26: 5 | D26: 5 | E26: 0 | G26: 5 | H26: 5 | I26: 0
C27: 6 | D27: 4 | E27: 0 | G27: 6 | H27: 4 | I27: 0
C28: 10 | D28: 0 | E28: 0 | G28: 10 | H28: 0 | I28: 1
B29: 2. 在Free Game中每次Spin時，如果這次是高表則使用"Free Game Symbol - High"的表，如果這次是低表則使用"Free Game Symbol - Low"的表，依照"Symbol Weight"權重決定RNG，並依照權重決定MY的Symbol。
C30: 高表Symbol輪帶 | E30: Weight
C31: A | E31: 1
C32: K | E32: 1
C33: Q | E33: 1
C34: J | E34: 1
B35: 3. 在Free Game中獲得3顆以上C1時，固定增加5場，其中會有1場高表與4場低表，獲得的順序也是隨機排列。
B36: 4. 若有連線，則消除連線標誌，並從輪帶中隨機抽取一格來補上空格。
B37: 5. 當Combo隨著消除上升時，得分倍率也會跟著上升，倍數為X2、X4、X6、X10、X20，達到X20時就不會再上升了。
B38: 6. 隨機百搭判定:
C39: (1) 當連線的盤面有消除到至少一個金框符號(M1G~JG)，會進行以下的判定。
C40: (2) 每次的SPIN都會有一個是否已經出現隨機百搭的FLAG，當這個FLAG還沒觸發過時每次的Combo只要有消除到金框符號時都會進行一次判定，當FLAG被使用過之後後續的Combo就不用走這個判定。
C41: (3) 當消到金框符號時，根據Random Wild的權重，如果骰到2~4，則會將目前這格取代為WW2，並且額外複製2~4個WW2，並取代掉R2~R5當中隨機的格子，不會蓋掉原本是C1、WW1、WW2的格子。
C42: (4) 當有多個金框符號都被使用到時，一樣走上面的判定，但是最多只會有其中一個金框符號觸發隨機百搭，其餘都是取代成WW1。
C43: (5) 順序是: 消除→補格子→所有金框符號瞇牌→所有金框那格變成WW1或WW2→如果有複製WW2，等前面的步驟跑完了再處理要蓋掉哪些格子。
B44: 7. 每一次連線消除後，有機會掉落C1，同一輪中可以出現超過1個C1。
B45: 8. C1在連線消除過程中，並不會連線消除，直到已經無法再連線時，才會計算場上C1，決定是否進入Retrigger。
B46: 9. Free Game最大場次為50場。
B48: Buy Feature
B49: 1. 購買Buy Feature之後使用"Buy Feature Symbol"的輪帶，並依照"Symbol Weight"中"Buy Feature Symbol"的權重決定初始盤面RNG。
B50: 2. 其餘的流程皆與"Base Game"的2~7相同
B51: 3. 進入Free Game後依照權重獲得指定場數的高表與低表，獲得的順序隨機排列，持續抽取直到抽取出對應區間。
C52: D | G52: E
C53: 高表場數 | D53: 低表場數 | E53: Weight | G53: 高表場數 | H53: 低表場數 | I53: Weight
C54: 0 | D54: 10 | E54: 1 | G54: 0 | H54: 10 | I54: 0
C55: 3 | D55: 7 | E55: 0 | G55: 3 | H55: 7 | I55: 0
C56: 4 | D56: 6 | E56: 0 | G56: 4 | H56: 6 | I56: 0
C57: 5 | D57: 5 | E57: 0 | G57: 5 | H57: 5 | I57: 0
C58: 6 | D58: 4 | E58: 0 | G58: 6 | H58: 4 | I58: 0
C59: 10 | D59: 0 | E59: 0 | G59: 10 | H59: 0 | I59: 1
B60: 4.其餘的流程皆與"Free Game"的2~9相同。
B62: Super Buy Feature
B63: 1. 購買Super Buy Feature之後使用"Buy Feature Symbol"的輪帶，並依照"Symbol Weight"中"Buy Feature Symbol"的權重決定初始盤面RNG。
B64: 2. 其餘的流程皆與"Base Game"的2~7相同
B65: 3. 進入Super Free Game後使用Super Free Game Symbol抽取初始盤面RNG和掉落RNG，持續抽取直到抽取出對應區間。
B66: 4. 隨機百搭判定:
C67: (1) 當連線的盤面有消除到至少一個金框符號(M1G~JG)，會進行以下的判定。
C68: (2) 當消到金框符號時，根據Random Wild的權重，如果骰到2~4，則會將目前這格取代為WW2，並且額外複製2~4個WW2，並取代掉R2~R5當中隨機的格子，不會蓋掉原本是C1、WW1、WW2、金框符號的格子。
C69: (3) 當有多個金框符號都被使用到時，一樣走上面的判定，但是最多只會有其中一個金框符號觸發隨機百搭，其餘都是取代成WW1。
C70: (4) 順序是: 消除→補格子→所有金框符號瞇牌→其中一格金框變成WW2→複製WW2，等前面的步驟跑完了再處理要蓋掉哪些格子。
B71: 5.其餘的流程皆與"Free Game"的3~5,7~9相同。

Sheet Symbol Weight
A1: Symbol
A2: Base Game Symbol - High | H2: Base Game Symbol - Low | O2: Free Game Symbol - High | V2: Free Game Symbol - Low | AC2: Buy Feature Symbol | AJ2: Super Buy Feature Symbol
B4: R1 | C4: R2 | D4: R3 | E4: R4 | F4: R5 | I4: R1 | J4: R2 | K4: R3 | L4: R4 | M4: R5 | P4: R1 | Q4: R2 | R4: R3 | S4: R4 | T4: R5 | W4: R1 | X4: R2 | Y4: R3 | Z4: R4 | AA4: R5 | AD4: R1 | AE4: R2 | AF4: R3 | AG4: R4 | AH4: R5 | AK4: R1 | AL4: R2 | AM4: R3 | AN4: R4 | AO4: R5
A5: 0 | B5: 1 | C5: 1 | D5: 1 | E5: 1 | F5: 1 | H5: 0 | I5: 1 | J5: 1 | K5: 1 | L5: 1 | M5: 1 | O5: 0 | P5: 1 | Q5: 1 | R5: 1 | S5: 1 | T5: 1 | V5: 0 | W5: 1 | X5: 1 | Y5: 1 | Z5: 1 | AA5: 1 | AC5: 0 | AD5: 1 | AE5: 1 | AF5: 1 | AG5: 1 | AH5: 1 | AJ5: 0 | AK5: 1 | AL5: 1 | AM5: 1 | AN5: 1 | AO5: 1
A6: 1 | B6: 1 | C6: 1 | D6: 1 | E6: 1 | F6: 1 | H6: 1 | I6: 1 | J6: 1 | K6: 1 | L6: 1 | M6: 1 | O6: 1 | P6: 1 | Q6: 1 | R6: 1 | S6: 1 | T6: 1 | V6: 1 | W6: 1 | X6: 1 | Y6: 1 | Z6: 1 | AA6: 1 | AC6: 1 | AD6: 1 | AE6: 1 | AF6: 1 | AG6: 1 | AH6: 1 | AJ6: 1 | AK6: 1 | AL6: 1 | AM6: 1 | AN6: 1 | AO6: 1
A7: 2 | B7: 1 | C7: 1 | D7: 1 | E7: 1 | F7: 1 | H7: 2 | I7: 1 | J7: 1 | K7: 1 | L7: 1 | M7: 1 | O7: 2 | P7: 1 | Q7: 1 | R7: 1 | S7: 1 | T7: 1 | V7: 2 | W7: 1 | X7: 1 | Y7: 1 | Z7: 1 | AA7: 1 | AC7: 2 | AD7: 1 | AE7: 1 | AF7: 1 | AG7: 1 | AH7: 1 | AJ7: 2 | AK7: 1 | AL7: 1 | AM7: 1 | AN7: 1 | AO7: 1
A8: 3 | B8: 1 | C8: 1 | D8: 1 | E8: 1 | F8: 1 | H8: 3 | I8: 1 | J8: 1 | K8: 1 | L8: 1 | M8: 1 | O8: 3 | P8: 1 | Q8: 1 | R8: 1 | S8: 1 | T8: 1 | V8: 3 | W8: 1 | X8: 1 | Y8: 1 | Z8: 1 | AA8: 1 | AC8: 3 | AD8: 1 | AE8: 1 | AF8: 1 | AG8: 1 | AH8: 1 | AJ8: 3 | AK8: 1 | AL8: 1 | AM8: 1 | AN8: 1 | AO8: 1
A9: 4 | B9: 1 | C9: 1 | D9: 1 | E9: 1 | F9: 1 | H9: 4 | I9: 1 | J9: 1 | K9: 1 | L9: 1 | M9: 1 | O9: 4 | P9: 1 | Q9: 1 | R9: 1 | S9: 1 | T9: 1 | V9: 4 | W9: 1 | X9: 1 | Y9: 1 | Z9: 1 | AA9: 1 | AC9: 4 | AD9: 0 | AE9: 0 | AF9: 0 | AG9: 1 | AH9: 1 | AJ9: 4 | AK9: 1 | AL9: 1 | AM9: 1 | AN9: 1 | AO9: 1
A10: 5 | B10: 1 | C10: 1 | D10: 1 | E10: 1 | F10: 1 | H10: 5 | I10: 1 | J10: 1 | K10: 1 | L10: 1 | M10: 1 | O10: 5 | P10: 1 | Q10: 1 | R10: 1 | S10: 1 | T10: 1 | V10: 5 | W10: 1 | X10: 1 | Y10: 1 | Z10: 1 | AA10: 1 | AC10: 5 | AD10: 0 | AE10: 0 | AF10: 0 | AG10: 1 | AH10: 1 | AJ10: 5 | AK10: 1 | AL10: 1 | AM10: 1 | AN10: 1 | AO10: 1
A11: 6 | B11: 1 | C11: 1 | D11: 1 | E11: 1 | F11: 1 | H11: 6 | I11: 1 | J11: 1 | K11: 1 | L11: 1 | M11: 1 | O11: 6 | P11: 1 | Q11: 1 | R11: 1 | S11: 1 | T11: 1 | V11: 6 | W11: 1 | X11: 1 | Y11: 1 | Z11: 1 | AA11: 1 | AC11: 6 | AD11: 0 | AE11: 0 | AF11: 0 | AG11: 1 | AH11: 1 | AJ11: 6 | AK11: 1 | AL11: 1 | AM11: 1 | AN11: 1 | AO11: 1
A12: 7 | B12: 1 | C12: 1 | D12: 1 | E12: 1 | F12: 1 | H12: 7 | I12: 1 | J12: 1 | K12: 1 | L12: 1 | M12: 1 | O12: 7 | P12: 1 | Q12: 1 | R12: 1 | S12: 1 | T12: 1 | V12: 7 | W12: 1 | X12: 1 | Y12: 1 | Z12: 1 | AA12: 1 | AC12: 7 | AD12: 0 | AE12: 0 | AF12: 0 | AG12: 1 | AH12: 1 | AJ12: 7 | AK12: 1 | AL12: 1 | AM12: 1 | AN12: 1 | AO12: 1
A13: 8 | B13: 1 | C13: 1 | D13: 1 | E13: 1 | F13: 1 | H13: 8 | I13: 1 | J13: 1 | K13: 1 | L13: 1 | M13: 1 | O13: 8 | P13: 1 | Q13: 1 | R13: 1 | S13: 1 | T13: 1 | V13: 8 | W13: 1 | X13: 1 | Y13: 1 | Z13: 1 | AA13: 1 | AC13: 8 | AD13: 0 | AE13: 0 | AF13: 0 | AG13: 1 | AH13: 1 | AJ13: 8 | AK13: 1 | AL13: 1 | AM13: 1 | AN13: 1 | AO13: 1
A14: 9 | B14: 1 | C14: 1 | D14: 1 | E14: 1 | F14: 1 | H14: 9 | I14: 1 | J14: 1 | K14: 1 | L14: 1 | M14: 1 | O14: 9 | P14: 1 | Q14: 1 | R14: 1 | S14: 1 | T14: 1 | V14: 9 | W14: 1 | X14: 1 | Y14: 1 | Z14: 1 | AA14: 1 | AC14: 9 | AD14: 0 | AE14: 0 | AF14: 0 | AG14: 1 | AH14: 1 | AJ14: 9 | AK14: 1 | AL14: 1 | AM14: 1 | AN14: 1 | AO14: 1
A15: 10 | B15: 1 | C15: 1 | D15: 1 | E15: 1 | F15: 1 | H15: 10 | I15: 1 | J15: 1 | K15: 1 | L15: 1 | M15: 1 | O15: 10 | P15: 1 | Q15: 1 | R15: 1 | S15: 1 | T15: 1 | V15: 10 | W15: 1 | X15: 1 | Y15: 1 | Z15: 1 | AA15: 1 | AC15: 10 | AD15: 0 | AE15: 0 | AF15: 0 | AG15: 1 | AH15: 1 | AJ15: 10 | AK15: 1 | AL15: 1 | AM15: 1 | AN15: 1 | AO15: 1
A16: 11 | B16: 1 | C16: 1 | D16: 1 | E16: 1 | F16: 1 | H16: 11 | I16: 1 | J16: 1 | K16: 1 | L16: 1 | M16: 1 | O16: 11 | P16: 1 | Q16: 1 | R16: 1 | S16: 1 | T16: 1 | V16: 11 | W16: 1 | X16: 1 | Y16: 1 | Z16: 1 | AA16: 1 | AC16: 11 | AD16: 0 | AE16: 0 | AF16: 0 | AG16: 1 | AH16: 1 | AJ16: 11 | AK16: 1 | AL16: 1 | AM16: 1 | AN16: 1 | AO16: 1
... A404: 399 | B404: 1 | C404: 1 | D404: 1 | E404: 1 | F404: 1 | H404: 399 | I404: 1 | J404: 1 | K404: 1 | L404: 1 | M404: 1 | O404: 399 | P404: 1 | Q404: 1 | R404: 1 | S404: 1 | T404: 1 | V404: 399 | W404: 1 | X404: 1 | Y404: 1 | Z404: 1 | AA404: 1 | AC404: 399 | AD404: 0 | AE404: 0 | AF404: 0 | AG404: 1 | AH404: 1 | AJ404: 399 | AK404: 1 | AL404: 1 | AM404: 1 | AN404: 1 | AO404: 1

Sheet Base Game Symbol - High
J2: Symbol | Q2: ID | W2: Description | AC2: Random Wild | AD2: Weight
A3: Symbol | B3: Description | C3: R1 | D3: R2 | E3: R3 | F3: R4 | G3: R5 | H3: ID | J3: Line # | K3: R1 | L3: R2 | M3: R3 | N3: R4 | O3: R5 | Q3: R1 | R3: R2 | S3: R3 | T3: R4 | U3: R5 | W3: R1 | X3: R2 | Y3: R3 | Z3: R4 | AA3: R5 | AC3: 0 | AD3: 26128
A4: WW1 | B4: Wild1 | C4: =COUNTIF(K:K,$A4) -> 0 | D4: =COUNTIF(L:L,$A4) -> 0 | E4: =COUNTIF(M:M,$A4) -> 0 | F4: =COUNTIF(N:N,$A4) -> 0 | G4: =COUNTIF(O:O,$A4) -> 0 | H4: 0 | J4: 0 | K4: K | L4: M1G | M4: J | N4: J | O4: J | Q4: =IF(K4="","",VLOOKUP(K4,$A:$H,8,FALSE)) -> 8 | R4: =IF(L4="","",VLOOKUP(L4,$A:$H,8,FALSE)) -> 11 | S4: =IF(M4="","",VLOOKUP(M4,$A:$H,8,FALSE)) -> 10 | T4: =IF(N4="","",VLOOKUP(N4,$A:$H,8,FALSE)) -> 10 | U4: =IF(O4="","",VLOOKUP(O4,$A:$H,8,FALSE)) -> 10 | W4: =IF(K4="","",VLOOKUP(K4,$A:$H,2,FALSE)) -> K | X4: =IF(L4="","",VLOOKUP(L4,$A:$H,2,FALSE)) -> M1G | Y4: =IF(M4="","",VLOOKUP(M4,$A:$H,2,FALSE)) -> J | Z4: =IF(N4="","",VLOOKUP(N4,$A:$H,2,FALSE)) -> J | AA4: =IF(O4="","",VLOOKUP(O4,$A:$H,2,FALSE)) -> J | AC4: 2 | AD4: 4404
A5: WW2 | B5: Wild2 | C5: =COUNTIF(K:K,$A5) -> 0 | D5: =COUNTIF(L:L,$A5) -> 0 | E5: =COUNTIF(M:M,$A5) -> 0 | F5: =COUNTIF(N:N,$A5) -> 0 | G5: =COUNTIF(O:O,$A5) -> 0 | H5: 1 | J5: 1 | K5: K | L5: M1 | M5: AG | N5: M4 | O5: Q | Q5: =IF(K5="","",VLOOKUP(K5,$A:$H,8,FALSE)) -> 8 | R5: =IF(L5="","",VLOOKUP(L5,$A:$H,8,FALSE)) -> 3 | S5: =IF(M5="","",VLOOKUP(M5,$A:$H,8,FALSE)) -> 15 | T5: =IF(N5="","",VLOOKUP(N5,$A:$H,8,FALSE)) -> 6 | U5: =IF(O5="","",VLOOKUP(O5,$A:$H,8,FALSE)) -> 9 | W5: =IF(K5="","",VLOOKUP(K5,$A:$H,2,FALSE)) -> K | X5: =IF(L5="","",VLOOKUP(L5,$A:$H,2,FALSE)) -> M1 | Y5: =IF(M5="","",VLOOKUP(M5,$A:$H,2,FALSE)) -> AG | Z5: =IF(N5="","",VLOOKUP(N5,$A:$H,2,FALSE)) -> M4 | AA5: =IF(O5="","",VLOOKUP(O5,$A:$H,2,FALSE)) -> Q | AC5: 3 | AD5: 1101
A6: C1 | B6: Scatter | C6: =COUNTIF(K:K,$A6) -> 5 | D6: =COUNTIF(L:L,$A6) -> 8 | E6: =COUNTIF(M:M,$A6) -> 8 | F6: =COUNTIF(N:N,$A6) -> 4 | G6: =COUNTIF(O:O,$A6) -> 4 | H6: 2 | J6: 2 | K6: Q | L6: Q | M6: M2 | N6: M1G | O6: J | Q6: =IF(K6="","",VLOOKUP(K6,$A:$H,8,FALSE)) -> 9 | R6: =IF(L6="","",VLOOKUP(L6,$A:$H,8,FALSE)) -> 9 | S6: =IF(M6="","",VLOOKUP(M6,$A:$H,8,FALSE)) -> 4 | T6: =IF(N6="","",VLOOKUP(N6,$A:$H,8,FALSE)) -> 11 | U6: =IF(O6="","",VLOOKUP(O6,$A:$H,8,FALSE)) -> 10 | W6: =IF(K6="","",VLOOKUP(K6,$A:$H,2,FALSE)) -> Q | X6: =IF(L6="","",VLOOKUP(L6,$A:$H,2,FALSE)) -> Q | Y6: =IF(M6="","",VLOOKUP(M6,$A:$H,2,FALSE)) -> M2 | Z6: =IF(N6="","",VLOOKUP(N6,$A:$H,2,FALSE)) -> M1G | AA6: =IF(O6="","",VLOOKUP(O6,$A:$H,2,FALSE)) -> J | AC6: 4 | AD6: 367
A7: M1 | B7: M1 | C7: =COUNTIF(K:K,$A7) -> 27 | D7: =COUNTIF(L:L,$A7) -> 22 | E7: =COUNTIF(M:M,$A7) -> 24 | F7: =COUNTIF(N:N,$A7) -> 28 | G7: =COUNTIF(O:O,$A7) -> 32 | H7: 3 | J7: 3 | K7: A | L7: KG | M7: A | N7: A | O7: J | Q7: =IF(K7="","",VLOOKUP(K7,$A:$H,8,FALSE)) -> 7 | R7: =IF(L7="","",VLOOKUP(L7,$A:$H,8,FALSE)) -> 16 | S7: =IF(M7="","",VLOOKUP(M7,$A:$H,8,FALSE)) -> 7 | T7: =IF(N7="","",VLOOKUP(N7,$A:$H,8,FALSE)) -> 7 | U7: =IF(O7="","",VLOOKUP(O7,$A:$H,8,FALSE)) -> 10 | W7: =IF(K7="","",VLOOKUP(K7,$A:$H,2,FALSE)) -> A | X7: =IF(L7="","",VLOOKUP(L7,$A:$H,2,FALSE)) -> KG | Y7: =IF(M7="","",VLOOKUP(M7,$A:$H,2,FALSE)) -> A | Z7: =IF(N7="","",VLOOKUP(N7,$A:$H,2,FALSE)) -> A | AA7: =IF(O7="","",VLOOKUP(O7,$A:$H,2,FALSE)) -> J
A8: M2 | B8: M2 | C8: =COUNTIF(K:K,$A8) -> 36 | D8: =COUNTIF(L:L,$A8) -> 32 | E8: =COUNTIF(M:M,$A8) -> 23 | F8: =COUNTIF(N:N,$A8) -> 37 | G8: =COUNTIF(O:O,$A8) -> 32 | H8: 4 | J8: 4 | K8: M2 | L8: Q | M8: M4 | N8: M3 | O8: J | Q8: =IF(K8="","",VLOOKUP(K8,$A:$H,8,FALSE)) -> 4 | R8: =IF(L8="","",VLOOKUP(L8,$A:$H,8,FALSE)) -> 9 | S8: =IF(M8="","",VLOOKUP(M8,$A:$H,8,FALSE)) -> 6 | T8: =IF(N8="","",VLOOKUP(N8,$A:$H,8,FALSE)) -> 5 | U8: =IF(O8="","",VLOOKUP(O8,$A:$H,8,FALSE)) -> 10 | W8: =IF(K8="","",VLOOKUP(K8,$A:$H,2,FALSE)) -> M2 | X8: =IF(L8="","",VLOOKUP(L8,$A:$H,2,FALSE)) -> Q | Y8: =IF(M8="","",VLOOKUP(M8,$A:$H,2,FALSE)) -> M4 | Z8: =IF(N8="","",VLOOKUP(N8,$A:$H,2,FALSE)) -> M3 | AA8: =IF(O8="","",VLOOKUP(O8,$A:$H,2,FALSE)) -> J | AC8: Multiplier
A9: M3 | B9: M3 | C9: =COUNTIF(K:K,$A9) -> 32 | D9: =COUNTIF(L:L,$A9) -> 26 | E9: =COUNTIF(M:M,$A9) -> 35 | F9: =COUNTIF(N:N,$A9) -> 26 | G9: =COUNTIF(O:O,$A9) -> 62 | H9: 5 | J9: 5 | K9: J | L9: K | M9: M4G | N9: J | O9: M1 | Q9: =IF(K9="","",VLOOKUP(K9,$A:$H,8,FALSE)) -> 10 | R9: =IF(L9="","",VLOOKUP(L9,$A:$H,8,FALSE)) -> 8 | S9: =IF(M9="","",VLOOKUP(M9,$A:$H,8,FALSE)) -> 14 | T9: =IF(N9="","",VLOOKUP(N9,$A:$H,8,FALSE)) -> 10 | U9: =IF(O9="","",VLOOKUP(O9,$A:$H,8,FALSE)) -> 3 | W9: =IF(K9="","",VLOOKUP(K9,$A:$H,2,FALSE)) -> J | X9: =IF(L9="","",VLOOKUP(L9,$A:$H,2,FALSE)) -> K | Y9: =IF(M9="","",VLOOKUP(M9,$A:$H,2,FALSE)) -> M4G | Z9: =IF(N9="","",VLOOKUP(N9,$A:$H,2,FALSE)) -> J | AA9: =IF(O9="","",VLOOKUP(O9,$A:$H,2,FALSE)) -> M1 | AC9: X1
A10: M4 | B10: M4 | C10: =COUNTIF(K:K,$A10) -> 38 | D10: =COUNTIF(L:L,$A10) -> 42 | E10: =COUNTIF(M:M,$A10) -> 35 | F10: =COUNTIF(N:N,$A10) -> 58 | G10: =COUNTIF(O:O,$A10) -> 21 | H10: 6 | J10: 6 | K10: Q | L10: Q | M10: M2 | N10: A | O10: A | Q10: =IF(K10="","",VLOOKUP(K10,$A:$H,8,FALSE)) -> 9 | R10: =IF(L10="","",VLOOKUP(L10,$A:$H,8,FALSE)) -> 9 | S10: =IF(M10="","",VLOOKUP(M10,$A:$H,8,FALSE)) -> 4 | T10: =IF(N10="","",VLOOKUP(N10,$A:$H,8,FALSE)) -> 7 | U10: =IF(O10="","",VLOOKUP(O10,$A:$H,8,FALSE)) -> 7 | W10: =IF(K10="","",VLOOKUP(K10,$A:$H,2,FALSE)) -> Q | X10: =IF(L10="","",VLOOKUP(L10,$A:$H,2,FALSE)) -> Q | Y10: =IF(M10="","",VLOOKUP(M10,$A:$H,2,FALSE)) -> M2 | Z10: =IF(N10="","",VLOOKUP(N10,$A:$H,2,FALSE)) -> A | AA10: =IF(O10="","",VLOOKUP(O10,$A:$H,2,FALSE)) -> A | AC10: X2
A11: A | B11: A | C11: =COUNTIF(K:K,$A11) -> 72 | D11: =COUNTIF(L:L,$A11) -> 60 | E11: =COUNTIF(M:M,$A11) -> 52 | F11: =COUNTIF(N:N,$A11) -> 24 | G11: =COUNTIF(O:O,$A11) -> 48 | H11: 7 | J11: 7 | K11: M4 | L11: JG | M11: C1 | N11: KG | O11: J | Q11: =IF(K11="","",VLOOKUP(K11,$A:$H,8,FALSE)) -> 6 | R11: =IF(L11="","",VLOOKUP(L11,$A:$H,8,FALSE)) -> 18 | S11: =IF(M11="","",VLOOKUP(M11,$A:$H,8,FALSE)) -> 2 | T11: =IF(N11="","",VLOOKUP(N11,$A:$H,8,FALSE)) -> 16 | U11: =IF(O11="","",VLOOKUP(O11,$A:$H,8,FALSE)) -> 10 | W11: =IF(K11="","",VLOOKUP(K11,$A:$H,2,FALSE)) -> M4 | X11: =IF(L11="","",VLOOKUP(L11,$A:$H,2,FALSE)) -> JG | Y11: =IF(M11="","",VLOOKUP(M11,$A:$H,2,FALSE)) -> Scatter | Z11: =IF(N11="","",VLOOKUP(N11,$A:$H,2,FALSE)) -> KG | AA11: =IF(O11="","",VLOOKUP(O11,$A:$H,2,FALSE)) -> J | AC11: X3
A12: K | B12: K | C12: =COUNTIF(K:K,$A12) -> 63 | D12: =COUNTIF(L:L,$A12) -> 40 | E12: =COUNTIF(M:M,$A12) -> 40 | F12: =COUNTIF(N:N,$A12) -> 69 | G12: =COUNTIF(O:O,$A12) -> 56 | H12: 8 | J12: 8 | K12: M3 | L12: M1 | M12: A | N12: A | O12: K | Q12: =IF(K12="","",VLOOKUP(K12,$A:$H,8,FALSE)) -> 5 | R12: =IF(L12="","",VLOOKUP(L12,$A:$H,8,FALSE)) -> 3 | S12: =IF(M12="","",VLOOKUP(M12,$A:$H,8,FALSE)) -> 7 | T12: =IF(N12="","",VLOOKUP(N12,$A:$H,8,FALSE)) -> 7 | U12: =IF(O12="","",VLOOKUP(O12,$A:$H,8,FALSE)) -> 8 | W12: =IF(K12="","",VLOOKUP(K12,$A:$H,2,FALSE)) -> M3 | X12: =IF(L12="","",VLOOKUP(L12,$A:$H,2,FALSE)) -> M1 | Y12: =IF(M12="","",VLOOKUP(M12,$A:$H,2,FALSE)) -> A | Z12: =IF(N12="","",VLOOKUP(N12,$A:$H,2,FALSE)) -> A | AA12: =IF(O12="","",VLOOKUP(O12,$A:$H,2,FALSE)) -> K | AC12: X5
A13: Q | B13: Q | C13: =COUNTIF(K:K,$A13) -> 63 | D13: =COUNTIF(L:L,$A13) -> 32 | E13: =COUNTIF(M:M,$A13) -> 57 | F13: =COUNTIF(N:N,$A13) -> 60 | G13: =COUNTIF(O:O,$A13) -> 60 | H13: 9 | J13: 9 | K13: A | L13: J | M13: M1G | N13: K | O13: M1 | Q13: =IF(K13="","",VLOOKUP(K13,$A:$H,8,FALSE)) -> 7 | R13: =IF(L13="","",VLOOKUP(L13,$A:$H,8,FALSE)) -> 10 | S13: =IF(M13="","",VLOOKUP(M13,$A:$H,8,FALSE)) -> 11 | T13: =IF(N13="","",VLOOKUP(N13,$A:$H,8,FALSE)) -> 8 | U13: =IF(O13="","",VLOOKUP(O13,$A:$H,8,FALSE)) -> 3 | W13: =IF(K13="","",VLOOKUP(K13,$A:$H,2,FALSE)) -> A | X13: =IF(L13="","",VLOOKUP(L13,$A:$H,2,FALSE)) -> J | Y13: =IF(M13="","",VLOOKUP(M13,$A:$H,2,FALSE)) -> M1G | Z13: =IF(N13="","",VLOOKUP(N13,$A:$H,2,FALSE)) -> K | AA13: =IF(O13="","",VLOOKUP(O13,$A:$H,2,FALSE)) -> M1 | AC13: X10
A14: J | B14: J | C14: =COUNTIF(K:K,$A14) -> 64 | D14: =COUNTIF(L:L,$A14) -> 33 | E14: =COUNTIF(M:M,$A14) -> 37 | F14: =COUNTIF(N:N,$A14) -> 30 | G14: =COUNTIF(O:O,$A14) -> 85 | H14: 10 | J14: 10 | K14: Q | L14: QG | M14: J | N14: M2 | O14: J | Q14: =IF(K14="","",VLOOKUP(K14,$A:$H,8,FALSE)) -> 9 | R14: =IF(L14="","",VLOOKUP(L14,$A:$H,8,FALSE)) -> 17 | S14: =IF(M14="","",VLOOKUP(M14,$A:$H,8,FALSE)) -> 10 | T14: =IF(N14="","",VLOOKUP(N14,$A:$H,8,FALSE)) -> 4 | U14: =IF(O14="","",VLOOKUP(O14,$A:$H,8,FALSE)) -> 10 | W14: =IF(K14="","",VLOOKUP(K14,$A:$H,2,FALSE)) -> Q | X14: =IF(L14="","",VLOOKUP(L14,$A:$H,2,FALSE)) -> QG | Y14: =IF(M14="","",VLOOKUP(M14,$A:$H,2,FALSE)) -> J | Z14: =IF(N14="","",VLOOKUP(N14,$A:$H,2,FALSE)) -> M2 | AA14: =IF(O14="","",VLOOKUP(O14,$A:$H,2,FALSE)) -> J
A15: M1G | B15: M1G | C15: =COUNTIF(K:K,$A15) -> 0 | D15: =COUNTIF(L:L,$A15) -> 2 | E15: =COUNTIF(M:M,$A15) -> 3 | F15: =COUNTIF(N:N,$A15) -> 3 | G15: =COUNTIF(O:O,$A15) -> 0 | H15: 11 | J15: 11 | K15: A | L15: M3 | M15: Q | N15: A | O15: M4 | Q15: =IF(K15="","",VLOOKUP(K15,$A:$H,8,FALSE)) -> 7 | R15: =IF(L15="","",VLOOKUP(L15,$A:$H,8,FALSE)) -> 5 | S15: =IF(M15="","",VLOOKUP(M15,$A:$H,8,FALSE)) -> 9 | T15: =IF(N15="","",VLOOKUP(N15,$A:$H,8,FALSE)) -> 7 | U15: =IF(O15="","",VLOOKUP(O15,$A:$H,8,FALSE)) -> 6 | W15: =IF(K15="","",VLOOKUP(K15,$A:$H,2,FALSE)) -> A | X15: =IF(L15="","",VLOOKUP(L15,$A:$H,2,FALSE)) -> M3 | Y15: =IF(M15="","",VLOOKUP(M15,$A:$H,2,FALSE)) -> Q | Z15: =IF(N15="","",VLOOKUP(N15,$A:$H,2,FALSE)) -> A | AA15: =IF(O15="","",VLOOKUP(O15,$A:$H,2,FALSE)) -> M4
A16: M2G | B16: M2G | C16: =COUNTIF(K:K,$A16) -> 0 | D16: =COUNTIF(L:L,$A16) -> 7 | E16: =COUNTIF(M:M,$A16) -> 2 | F16: =COUNTIF(N:N,$A16) -> 4 | G16: =COUNTIF(O:O,$A16) -> 0 | H16: 12 | J16: 12 | K16: J | L16: M1G | M16: JG | N16: AG | O16: M3 | Q16: =IF(K16="","",VLOOKUP(K16,$A:$H,8,FALSE)) -> 10 | R16: =IF(L16="","",VLOOKUP(L16,$A:$H,8,FALSE)) -> 11 | S16: =IF(M16="","",VLOOKUP(M16,$A:$H,8,FALSE)) -> 18 | T16: =IF(N16="","",VLOOKUP(N16,$A:$H,8,FALSE)) -> 15 | U16: =IF(O16="","",VLOOKUP(O16,$A:$H,8,FALSE)) -> 5 | W16: =IF(K16="","",VLOOKUP(K16,$A:$H,2,FALSE)) -> J | X16: =IF(L16="","",VLOOKUP(L16,$A:$H,2,FALSE)) -> M1G | Y16: =IF(M16="","",VLOOKUP(M16,$A:$H,2,FALSE)) -> JG | Z16: =IF(N16="","",VLOOKUP(N16,$A:$H,2,FALSE)) -> AG | AA16: =IF(O16="","",VLOOKUP(O16,$A:$H,2,FALSE)) -> M3
A17: M3G | B17: M3G | C17: =COUNTIF(K:K,$A17) -> 0 | D17: =COUNTIF(L:L,$A17) -> 4 | E17: =COUNTIF(M:M,$A17) -> 8 | F17: =COUNTIF(N:N,$A17) -> 4 | G17: =COUNTIF(O:O,$A17) -> 0 | H17: 13 | J17: 13 | K17: M2 | L17: K | M17: A | N17: K | O17: J | Q17: =IF(K17="","",VLOOKUP(K17,$A:$H,8,FALSE)) -> 4 | R17: =IF(L17="","",VLOOKUP(L17,$A:$H,8,FALSE)) -> 8 | S17: =IF(M17="","",VLOOKUP(M17,$A:$H,8,FALSE)) -> 7 | T17: =IF(N17="","",VLOOKUP(N17,$A:$H,8,FALSE)) -> 8 | U17: =IF(O17="","",VLOOKUP(O17,$A:$H,8,FALSE)) -> 10 | W17: =IF(K17="","",VLOOKUP(K17,$A:$H,2,FALSE)) -> M2 | X17: =IF(L17="","",VLOOKUP(L17,$A:$H,2,FALSE)) -> K | Y17: =IF(M17="","",VLOOKUP(M17,$A:$H,2,FALSE)) -> A | Z17: =IF(N17="","",VLOOKUP(N17,$A:$H,2,FALSE)) -> K | AA17: =IF(O17="","",VLOOKUP(O17,$A:$H,2,FALSE)) -> J
A18: M4G | B18: M4G | C18: =COUNTIF(K:K,$A18) -> 0 | D18: =COUNTIF(L:L,$A18) -> 16 | E18: =COUNTIF(M:M,$A18) -> 8 | F18: =COUNTIF(N:N,$A18) -> 9 | G18: =COUNTIF(O:O,$A18) -> 0 | H18: 14 | J18: 14 | K18: Q | L18: M3 | M18: J | N18: A | O18: M1 | Q18: =IF(K18="","",VLOOKUP(K18,$A:$H,8,FALSE)) -> 9 | R18: =IF(L18="","",VLOOKUP(L18,$A:$H,8,FALSE)) -> 5 | S18: =IF(M18="","",VLOOKUP(M18,$A:$H,8,FALSE)) -> 10 | T18: =IF(N18="","",VLOOKUP(N18,$A:$H,8,FALSE)) -> 7 | U18: =IF(O18="","",VLOOKUP(O18,$A:$H,8,FALSE)) -> 3 | W18: =IF(K18="","",VLOOKUP(K18,$A:$H,2,FALSE)) -> Q | X18: =IF(L18="","",VLOOKUP(L18,$A:$H,2,FALSE)) -> M3 | Y18: =IF(M18="","",VLOOKUP(M18,$A:$H,2,FALSE)) -> J | Z18: =IF(N18="","",VLOOKUP(N18,$A:$H,2,FALSE)) -> A | AA18: =IF(O18="","",VLOOKUP(O18,$A:$H,2,FALSE)) -> M1
A19: AG | B19: AG | C19: =COUNTIF(K:K,$A19) -> 0 | D19: =COUNTIF(L:L,$A19) -> 20 | E19: =COUNTIF(M:M,$A19) -> 14 | F19: =COUNTIF(N:N,$A19) -> 7 | G19: =COUNTIF(O:O,$A19) -> 0 | H19: 15 | J19: 15 | K19: C1 | L19: Q | M19: AG | N19: M2G | O19: J | Q19: =IF(K19="","",VLOOKUP(K19,$A:$H,8,FALSE)) -> 2 | R19: =IF(L19="","",VLOOKUP(L19,$A:$H,8,FALSE)) -> 9 | S19: =IF(M19="","",VLOOKUP(M19,$A:$H,8,FALSE)) -> 15 | T19: =IF(N19="","",VLOOKUP(N19,$A:$H,8,FALSE)) -> 12 | U19: =IF(O19="","",VLOOKUP(O19,$A:$H,8,FALSE)) -> 10 | W19: =IF(K19="","",VLOOKUP(K19,$A:$H,2,FALSE)) -> Scatter | X19: =IF(L19="","",VLOOKUP(L19,$A:$H,2,FALSE)) -> Q | Y19: =IF(M19="","",VLOOKUP(M19,$A:$H,2,FALSE)) -> AG | Z19: =IF(N19="","",VLOOKUP(N19,$A:$H,2,FALSE)) -> M2G | AA19: =IF(O19="","",VLOOKUP(O19,$A:$H,2,FALSE)) -> J
A20: KG | B20: KG | C20: =COUNTIF(K:K,$A20) -> 0 | D20: =COUNTIF(L:L,$A20) -> 16 | E20: =COUNTIF(M:M,$A20) -> 16 | F20: =COUNTIF(N:N,$A20) -> 17 | G20: =COUNTIF(O:O,$A20) -> 0 | H20: 16 | J20: 16 | K20: J | L20: J | M20: A | N20: K | O20: M1 | Q20: =IF(K20="","",VLOOKUP(K20,$A:$H,8,FALSE)) -> 10 | R20: =IF(L20="","",VLOOKUP(L20,$A:$H,8,FALSE)) -> 10 | S20: =IF(M20="","",VLOOKUP(M20,$A:$H,8,FALSE)) -> 7 | T20: =IF(N20="","",VLOOKUP(N20,$A:$H,8,FALSE)) -> 8 | U20: =IF(O20="","",VLOOKUP(O20,$A:$H,8,FALSE)) -> 3 | W20: =IF(K20="","",VLOOKUP(K20,$A:$H,2,FALSE)) -> J | X20: =IF(L20="","",VLOOKUP(L20,$A:$H,2,FALSE)) -> J | Y20: =IF(M20="","",VLOOKUP(M20,$A:$H,2,FALSE)) -> A | Z20: =IF(N20="","",VLOOKUP(N20,$A:$H,2,FALSE)) -> K | AA20: =IF(O20="","",VLOOKUP(O20,$A:$H,2,FALSE)) -> M1
A21: QG | B21: QG | C21: =COUNTIF(K:K,$A21) -> 0 | D21: =COUNTIF(L:L,$A21) -> 15 | E21: =COUNTIF(M:M,$A21) -> 19 | F21: =COUNTIF(N:N,$A21) -> 11 | G21: =COUNTIF(O:O,$A21) -> 0 | H21: 17 | J21: 17 | K21: A | L21: AG | M21: J | N21: K | O21: J | Q21: =IF(K21="","",VLOOKUP(K21,$A:$H,8,FALSE)) -> 7 | R21: =IF(L21="","",VLOOKUP(L21,$A:$H,8,FALSE)) -> 15 | S21: =IF(M21="","",VLOOKUP(M21,$A:$H,8,FALSE)) -> 10 | T21: =IF(N21="","",VLOOKUP(N21,$A:$H,8,FALSE)) -> 8 | U21: =IF(O21="","",VLOOKUP(O21,$A:$H,8,FALSE)) -> 10 | W21: =IF(K21="","",VLOOKUP(K21,$A:$H,2,FALSE)) -> A | X21: =IF(L21="","",VLOOKUP(L21,$A:$H,2,FALSE)) -> AG | Y21: =IF(M21="","",VLOOKUP(M21,$A:$H,2,FALSE)) -> J | Z21: =IF(N21="","",VLOOKUP(N21,$A:$H,2,FALSE)) -> K | AA21: =IF(O21="","",VLOOKUP(O21,$A:$H,2,FALSE)) -> J
A22: JG | B22: JG | C22: =COUNTIF(K:K,$A22) -> 0 | D22: =COUNTIF(L:L,$A22) -> 25 | E22: =COUNTIF(M:M,$A22) -> 19 | F22: =COUNTIF(N:N,$A22) -> 9 | G22: =COUNTIF(O:O,$A22) -> 0 | H22: 18 | J22: 18 | K22: Q | L22: K | M22: JG | N22: M4 | O22: M2 | Q22: =IF(K22="","",VLOOKUP(K22,$A:$H,8,FALSE)) -> 9 | R22: =IF(L22="","",VLOOKUP(L22,$A:$H,8,FALSE)) -> 8 | S22: =IF(M22="","",VLOOKUP(M22,$A:$H,8,FALSE)) -> 18 | T22: =IF(N22="","",VLOOKUP(N22,$A:$H,8,FALSE)) -> 6 | U22: =IF(O22="","",VLOOKUP(O22,$A:$H,8,FALSE)) -> 4 | W22: =IF(K22="","",VLOOKUP(K22,$A:$H,2,FALSE)) -> Q | X22: =IF(L22="","",VLOOKUP(L22,$A:$H,2,FALSE)) -> K | Y22: =IF(M22="","",VLOOKUP(M22,$A:$H,2,FALSE)) -> JG | Z22: =IF(N22="","",VLOOKUP(N22,$A:$H,2,FALSE)) -> M4 | AA22: =IF(O22="","",VLOOKUP(O22,$A:$H,2,FALSE)) -> M2
A23: -- | C23: =SUM(C4:C22) -> 400 | D23: =SUM(D4:D22) -> 400 | E23: =SUM(E4:E22) -> 400 | F23: =SUM(F4:F22) -> 400 | G23: =SUM(G4:G22) -> 400 | J23: 19 | K23: A | L23: J | M23: J | N23: K | O23: M3 | Q23: =IF(K23="","",VLOOKUP(K23,$A:$H,8,FALSE)) -> 7 | R23: =IF(L23="","",VLOOKUP(L23,$A:$H,8,FALSE)) -> 10 | S23: =IF(M23="","",VLOOKUP(M23,$A:$H,8,FALSE)) -> 10 | T23: =IF(N23="","",VLOOKUP(N23,$A:$H,8,FALSE)) -> 8 | U23: =IF(O23="","",VLOOKUP(O23,$A:$H,8,FALSE)) -> 5 | W23: =IF(K23="","",VLOOKUP(K23,$A:$H,2,FALSE)) -> A | X23: =IF(L23="","",VLOOKUP(L23,$A:$H,2,FALSE)) -> J | Y23: =IF(M23="","",VLOOKUP(M23,$A:$H,2,FALSE)) -> J | Z23: =IF(N23="","",VLOOKUP(N23,$A:$H,2,FALSE)) -> K | AA23: =IF(O23="","",VLOOKUP(O23,$A:$H,2,FALSE)) -> M3
J24: 20 | K24: M1 | L24: M3 | M24: A | N24: KG | O24: Q | Q24: =IF(K24="","",VLOOKUP(K24,$A:$H,8,FALSE)) -> 3 | R24: =IF(L24="","",VLOOKUP(L24,$A:$H,8,FALSE)) -> 5 | S24: =IF(M24="","",VLOOKUP(M24,$A:$H,8,FALSE)) -> 7 | T24: =IF(N24="","",VLOOKUP(N24,$A:$H,8,FALSE)) -> 16 | U24: =IF(O24="","",VLOOKUP(O24,$A:$H,8,FALSE)) -> 9 | W24: =IF(K24="","",VLOOKUP(K24,$A:$H,2,FALSE)) -> M1 | X24: =IF(L24="","",VLOOKUP(L24,$A:$H,2,FALSE)) -> M3 | Y24: =IF(M24="","",VLOOKUP(M24,$A:$H,2,FALSE)) -> A | Z24: =IF(N24="","",VLOOKUP(N24,$A:$H,2,FALSE)) -> KG | AA24: =IF(O24="","",VLOOKUP(O24,$A:$H,2,FALSE)) -> Q
J25: 21 | K25: M4 | L25: M3G | M25: M4 | N25: A | O25: M2 | Q25: =IF(K25="","",VLOOKUP(K25,$A:$H,8,FALSE)) -> 6 | R25: =IF(L25="","",VLOOKUP(L25,$A:$H,8,FALSE)) -> 13 | S25: =IF(M25="","",VLOOKUP(M25,$A:$H,8,FALSE)) -> 6 | T25: =IF(N25="","",VLOOKUP(N25,$A:$H,8,FALSE)) -> 7 | U25: =IF(O25="","",VLOOKUP(O25,$A:$H,8,FALSE)) -> 4 | W25: =IF(K25="","",VLOOKUP(K25,$A:$H,2,FALSE)) -> M4 | X25: =IF(L25="","",VLOOKUP(L25,$A:$H,2,FALSE)) -> M3G | Y25: =IF(M25="","",VLOOKUP(M25,$A:$H,2,FALSE)) -> M4 | Z25: =IF(N25="","",VLOOKUP(N25,$A:$H,2,FALSE)) -> A | AA25: =IF(O25="","",VLOOKUP(O25,$A:$H,2,FALSE)) -> M2
J26: 22 | K26: A | L26: Q | M26: M4 | N26: Q | O26: J | Q26: =IF(K26="","",VLOOKUP(K26,$A:$H,8,FALSE)) -> 7 | R26: =IF(L26="","",VLOOKUP(L26,$A:$H,8,FALSE)) -> 9 | S26: =IF(M26="","",VLOOKUP(M26,$A:$H,8,FALSE)) -> 6 | T26: =IF(N26="","",VLOOKUP(N26,$A:$H,8,FALSE)) -> 9 | U26: =IF(O26="","",VLOOKUP(O26,$A:$H,8,FALSE)) -> 10 | W26: =IF(K26="","",VLOOKUP(K26,$A:$H,2,FALSE)) -> A | X26: =IF(L26="","",VLOOKUP(L26,$A:$H,2,FALSE)) -> Q | Y26: =IF(M26="","",VLOOKUP(M26,$A:$H,2,FALSE)) -> M4 | Z26: =IF(N26="","",VLOOKUP(N26,$A:$H,2,FALSE)) -> Q | AA26: =IF(O26="","",VLOOKUP(O26,$A:$H,2,FALSE)) -> J
J27: 23 | K27: A | L27: AG | M27: A | N27: M4 | O27: M3 | Q27: =IF(K27="","",VLOOKUP(K27,$A:$H,8,FALSE)) -> 7 | R27: =IF(L27="","",VLOOKUP(L27,$A:$H,8,FALSE)) -> 15 | S27: =IF(M27="","",VLOOKUP(M27,$A:$H,8,FALSE)) -> 7 | T27: =IF(N27="","",VLOOKUP(N27,$A:$H,8,FALSE)) -> 6 | U27: =IF(O27="","",VLOOKUP(O27,$A:$H,8,FALSE)) -> 5 | W27: =IF(K27="","",VLOOKUP(K27,$A:$H,2,FALSE)) -> A | X27: =IF(L27="","",VLOOKUP(L27,$A:$H,2,FALSE)) -> AG | Y27: =IF(M27="","",VLOOKUP(M27,$A:$H,2,FALSE)) -> A | Z27: =IF(N27="","",VLOOKUP(N27,$A:$H,2,FALSE)) -> M4 | AA27: =IF(O27="","",VLOOKUP(O27,$A:$H,2,FALSE)) -> M3
J28: 24 | K28: K | L28: K | M28: M4G | N28: K | O28: J | Q28: =IF(K28="","",VLOOKUP(K28,$A:$H,8,FALSE)) -> 8 | R28: =IF(L28="","",VLOOKUP(L28,$A:$H,8,FALSE)) -> 8 | S28: =IF(M28="","",VLOOKUP(M28,$A:$H,8,FALSE)) -> 14 | T28: =IF(N28="","",VLOOKUP(N28,$A:$H,8,FALSE)) -> 8 | U28: =IF(O28="","",VLOOKUP(O28,$A:$H,8,FALSE)) -> 10 | W28: =IF(K28="","",VLOOKUP(K28,$A:$H,2,FALSE)) -> K | X28: =IF(L28="","",VLOOKUP(L28,$A:$H,2,FALSE)) -> K | Y28: =IF(M28="","",VLOOKUP(M28,$A:$H,2,FALSE)) -> M4G | Z28: =IF(N28="","",VLOOKUP(N28,$A:$H,2,FALSE)) -> K | AA28: =IF(O28="","",VLOOKUP(O28,$A:$H,2,FALSE)) -> J
J29: 25 | K29: M2 | L29: QG | M29: J | N29: J | O29: M3 | Q29: =IF(K29="","",VLOOKUP(K29,$A:$H,8,FALSE)) -> 4 | R29: =IF(L29="","",VLOOKUP(L29,$A:$H,8,FALSE)) -> 17 | S29: =IF(M29="","",VLOOKUP(M29,$A:$H,8,FALSE)) -> 10 | T29: =IF(N29="","",VLOOKUP(N29,$A:$H,8,FALSE)) -> 10 | U29: =IF(O29="","",VLOOKUP(O29,$A:$H,8,FALSE)) -> 5 | W29: =IF(K29="","",VLOOKUP(K29,$A:$H,2,FALSE)) -> M2 | X29: =IF(L29="","",VLOOKUP(L29,$A:$H,2,FALSE)) -> QG | Y29: =IF(M29="","",VLOOKUP(M29,$A:$H,2,FALSE)) -> J | Z29: =IF(N29="","",VLOOKUP(N29,$A:$H,2,FALSE)) -> J | AA29: =IF(O29="","",VLOOKUP(O29,$A:$H,2,FALSE)) -> M3
J30: 26 | K30: M1 | L30: M4 | M30: J | N30: M1 | O30: M3 | Q30: =IF(K30="","",VLOOKUP(K30,$A:$H,8,FALSE)) -> 3 | R30: =IF(L30="","",VLOOKUP(L30,$A:$H,8,FALSE)) -> 6 | S30: =IF(M30="","",VLOOKUP(M30,$A:$H,8,FALSE)) -> 10 | T30: =IF(N30="","",VLOOKUP(N30,$A:$H,8,FALSE)) -> 3 | U30: =IF(O30="","",VLOOKUP(O30,$A:$H,8,FALSE)) -> 5 | W30: =IF(K30="","",VLOOKUP(K30,$A:$H,2,FALSE)) -> M1 | X30: =IF(L30="","",VLOOKUP(L30,$A:$H,2,FALSE)) -> M4 | Y30: =IF(M30="","",VLOOKUP(M30,$A:$H,2,FALSE)) -> J | Z30: =IF(N30="","",VLOOKUP(N30,$A:$H,2,FALSE)) -> M1 | AA30: =IF(O30="","",VLOOKUP(O30,$A:$H,2,FALSE)) -> M3
J31: 27 | K31: Q | L31: J | M31: JG | N31: J | O31: M4 | Q31: =IF(K31="","",VLOOKUP(K31,$A:$H,8,FALSE)) -> 9 | R31: =IF(L31="","",VLOOKUP(L31,$A:$H,8,FALSE)) -> 10 | S31: =IF(M31="","",VLOOKUP(M31,$A:$H,8,FALSE)) -> 18 | T31: =IF(N31="","",VLOOKUP(N31,$A:$H,8,FALSE)) -> 10 | U31: =IF(O31="","",VLOOKUP(O31,$A:$H,8,FALSE)) -> 6 | W31: =IF(K31="","",VLOOKUP(K31,$A:$H,2,FALSE)) -> Q | X31: =IF(L31="","",VLOOKUP(L31,$A:$H,2,FALSE)) -> J | Y31: =IF(M31="","",VLOOKUP(M31,$A:$H,2,FALSE)) -> JG | Z31: =IF(N31="","",VLOOKUP(N31,$A:$H,2,FALSE)) -> J | AA31: =IF(O31="","",VLOOKUP(O31,$A:$H,2,FALSE)) -> M4
J32: 28 | K32: K | L32: KG | M32: M1 | N32: JG | O32: J | Q32: =IF(K32="","",VLOOKUP(K32,$A:$H,8,FALSE)) -> 8 | R32: =IF(L32="","",VLOOKUP(L32,$A:$H,8,FALSE)) -> 16 | S32: =IF(M32="","",VLOOKUP(M32,$A:$H,8,FALSE)) -> 3 | T32: =IF(N32="","",VLOOKUP(N32,$A:$H,8,FALSE)) -> 18 | U32: =IF(O32="","",VLOOKUP(O32,$A:$H,8,FALSE)) -> 10 | W32: =IF(K32="","",VLOOKUP(K32,$A:$H,2,FALSE)) -> K | X32: =IF(L32="","",VLOOKUP(L32,$A:$H,2,FALSE)) -> KG | Y32: =IF(M32="","",VLOOKUP(M32,$A:$H,2,FALSE)) -> M1 | Z32: =IF(N32="","",VLOOKUP(N32,$A:$H,2,FALSE)) -> JG | AA32: =IF(O32="","",VLOOKUP(O32,$A:$H,2,FALSE)) -> J
J33: 29 | K33: A | L33: M3 | M33: M4 | N33: Q | O33: J | Q33: =IF(K33="","",VLOOKUP(K33,$A:$H,8,FALSE)) -> 7 | R33: =IF(L33="","",VLOOKUP(L33,$A:$H,8,FALSE)) -> 5 | S33: =IF(M33="","",VLOOKUP(M33,$A:$H,8,FALSE)) -> 6 | T33: =IF(N33="","",VLOOKUP(N33,$A:$H,8,FALSE)) -> 9 | U33: =IF(O33="","",VLOOKUP(O33,$A:$H,8,FALSE)) -> 10 | W33: =IF(K33="","",VLOOKUP(K33,$A:$H,2,FALSE)) -> A | X33: =IF(L33="","",VLOOKUP(L33,$A:$H,2,FALSE)) -> M3 | Y33: =IF(M33="","",VLOOKUP(M33,$A:$H,2,FALSE)) -> M4 | Z33: =IF(N33="","",VLOOKUP(N33,$A:$H,2,FALSE)) -> Q | AA33: =IF(O33="","",VLOOKUP(O33,$A:$H,2,FALSE)) -> J
J34: 30 | K34: M3 | L34: M2G | M34: A | N34: M2 | O34: M3 | Q34: =IF(K34="","",VLOOKUP(K34,$A:$H,8,FALSE)) -> 5 | R34: =IF(L34="","",VLOOKUP(L34,$A:$H,8,FALSE)) -> 12 | S34: =IF(M34="","",VLOOKUP(M34,$A:$H,8,FALSE)) -> 7 | T34: =IF(N34="","",VLOOKUP(N34,$A:$H,8,FALSE)) -> 4 | U34: =IF(O34="","",VLOOKUP(O34,$A:$H,8,FALSE)) -> 5 | W34: =IF(K34="","",VLOOKUP(K34,$A:$H,2,FALSE)) -> M3 | X34: =IF(L34="","",VLOOKUP(L34,$A:$H,2,FALSE)) -> M2G | Y34: =IF(M34="","",VLOOKUP(M34,$A:$H,2,FALSE)) -> A | Z34: =IF(N34="","",VLOOKUP(N34,$A:$H,2,FALSE)) -> M2 | AA34: =IF(O34="","",VLOOKUP(O34,$A:$H,2,FALSE)) -> M3
J35: 31 | K35: J | L35: Q | M35: M4G | N35: JG | O35: Q | Q35: =IF(K35="","",VLOOKUP(K35,$A:$H,8,FALSE)) -> 10 | R35: =IF(L35="","",VLOOKUP(L35,$A:$H,8,FALSE)) -> 9 | S35: =IF(M35="","",VLOOKUP(M35,$A:$H,8,FALSE)) -> 14 | T35: =IF(N35="","",VLOOKUP(N35,$A:$H,8,FALSE)) -> 18 | U35: =IF(O35="","",VLOOKUP(O35,$A:$H,8,FALSE)) -> 9 | W35: =IF(K35="","",VLOOKUP(K35,$A:$H,2,FALSE)) -> J | X35: =IF(L35="","",VLOOKUP(L35,$A:$H,2,FALSE)) -> Q | Y35: =IF(M35="","",VLOOKUP(M35,$A:$H,2,FALSE)) -> M4G | Z35: =IF(N35="","",VLOOKUP(N35,$A:$H,2,FALSE)) -> JG | AA35: =IF(O35="","",VLOOKUP(O35,$A:$H,2,FALSE)) -> Q
... J403: 399 | K403: K | L403: KG | M403: AG | N403: M4 | O403: M3 | Q403: =IF(K403="","",VLOOKUP(K403,$A:$H,8,FALSE)) -> 8 | R403: =IF(L403="","",VLOOKUP(L403,$A:$H,8,FALSE)) -> 16 | S403: =IF(M403="","",VLOOKUP(M403,$A:$H,8,FALSE)) -> 15 | T403: =IF(N403="","",VLOOKUP(N403,$A:$H,8,FALSE)) -> 6 | U403: =IF(O403="","",VLOOKUP(O403,$A:$H,8,FALSE)) -> 5 | W403: =IF(K403="","",VLOOKUP(K403,$A:$H,2,FALSE)) -> K | X403: =IF(L403="","",VLOOKUP(L403,$A:$H,2,FALSE)) -> KG | Y403: =IF(M403="","",VLOOKUP(M403,$A:$H,2,FALSE)) -> AG | Z403: =IF(N403="","",VLOOKUP(N403,$A:$H,2,FALSE)) -> M4 | AA403: =IF(O403="","",VLOOKUP(O403,$A:$H,2,FALSE)) -> M3

Sheet Base Game Symbol - Low
J2: Symbol | Q2: ID | W2: Description | AC2: Random Wild | AD2: Weight
A3: Symbol | B3: Description | C3: R1 | D3: R2 | E3: R3 | F3: R4 | G3: R5 | H3: ID | J3: Line # | K3: R1 | L3: R2 | M3: R3 | N3: R4 | O3: R5 | Q3: R1 | R3: R2 | S3: R3 | T3: R4 | U3: R5 | W3: R1 | X3: R2 | Y3: R3 | Z3: R4 | AA3: R5 | AC3: 0 | AD3: 1
A4: WW1 | B4: Wild1 | C4: =COUNTIF(K:K,$A4) -> 0 | D4: =COUNTIF(L:L,$A4) -> 0 | E4: =COUNTIF(M:M,$A4) -> 0 | F4: =COUNTIF(N:N,$A4) -> 0 | G4: =COUNTIF(O:O,$A4) -> 0 | H4: 0 | J4: 0 | K4: J | L4: A | M4: M2G | N4: Q | O4: M4 | Q4: =IF(K4="","",VLOOKUP(K4,$A:$H,8,FALSE)) -> 10 | R4: =IF(L4="","",VLOOKUP(L4,$A:$H,8,FALSE)) -> 7 | S4: =IF(M4="","",VLOOKUP(M4,$A:$H,8,FALSE)) -> 12 | T4: =IF(N4="","",VLOOKUP(N4,$A:$H,8,FALSE)) -> 9 | U4: =IF(O4="","",VLOOKUP(O4,$A:$H,8,FALSE)) -> 6 | W4: =IF(K4="","",VLOOKUP(K4,$A:$H,2,FALSE)) -> J | X4: =IF(L4="","",VLOOKUP(L4,$A:$H,2,FALSE)) -> A | Y4: =IF(M4="","",VLOOKUP(M4,$A:$H,2,FALSE)) -> M2G | Z4: =IF(N4="","",VLOOKUP(N4,$A:$H,2,FALSE)) -> Q | AA4: =IF(O4="","",VLOOKUP(O4,$A:$H,2,FALSE)) -> M4 | AC4: 2 | AD4: 0
A5: WW2 | B5: Wild2 | C5: =COUNTIF(K:K,$A5) -> 0 | D5: =COUNTIF(L:L,$A5) -> 0 | E5: =COUNTIF(M:M,$A5) -> 0 | F5: =COUNTIF(N:N,$A5) -> 0 | G5: =COUNTIF(O:O,$A5) -> 0 | H5: 1 | J5: 1 | K5: A | L5: AG | M5: M1 | N5: A | O5: M3 | Q5: =IF(K5="","",VLOOKUP(K5,$A:$H,8,FALSE)) -> 7 | R5: =IF(L5="","",VLOOKUP(L5,$A:$H,8,FALSE)) -> 15 | S5: =IF(M5="","",VLOOKUP(M5,$A:$H,8,FALSE)) -> 3 | T5: =IF(N5="","",VLOOKUP(N5,$A:$H,8,FALSE)) -> 7 | U5: =IF(O5="","",VLOOKUP(O5,$A:$H,8,FALSE)) -> 5 | W5: =IF(K5="","",VLOOKUP(K5,$A:$H,2,FALSE)) -> A | X5: =IF(L5="","",VLOOKUP(L5,$A:$H,2,FALSE)) -> AG | Y5: =IF(M5="","",VLOOKUP(M5,$A:$H,2,FALSE)) -> M1 | Z5: =IF(N5="","",VLOOKUP(N5,$A:$H,2,FALSE)) -> A | AA5: =IF(O5="","",VLOOKUP(O5,$A:$H,2,FALSE)) -> M3 | AC5: 3 | AD5: 0
A6: C1 | B6: Scatter | C6: =COUNTIF(K:K,$A6) -> 9 | D6: =COUNTIF(L:L,$A6) -> 11 | E6: =COUNTIF(M:M,$A6) -> 13 | F6: =COUNTIF(N:N,$A6) -> 14 | G6: =COUNTIF(O:O,$A6) -> 4 | H6: 2 | J6: 2 | K6: A | L6: M4 | M6: M3 | N6: J | O6: A | Q6: =IF(K6="","",VLOOKUP(K6,$A:$H,8,FALSE)) -> 7 | R6: =IF(L6="","",VLOOKUP(L6,$A:$H,8,FALSE)) -> 6 | S6: =IF(M6="","",VLOOKUP(M6,$A:$H,8,FALSE)) -> 5 | T6: =IF(N6="","",VLOOKUP(N6,$A:$H,8,FALSE)) -> 10 | U6: =IF(O6="","",VLOOKUP(O6,$A:$H,8,FALSE)) -> 7 | W6: =IF(K6="","",VLOOKUP(K6,$A:$H,2,FALSE)) -> A | X6: =IF(L6="","",VLOOKUP(L6,$A:$H,2,FALSE)) -> M4 | Y6: =IF(M6="","",VLOOKUP(M6,$A:$H,2,FALSE)) -> M3 | Z6: =IF(N6="","",VLOOKUP(N6,$A:$H,2,FALSE)) -> J | AA6: =IF(O6="","",VLOOKUP(O6,$A:$H,2,FALSE)) -> A | AC6: 4 | AD6: 0
A7: M1 | B7: M1 | C7: =COUNTIF(K:K,$A7) -> 65 | D7: =COUNTIF(L:L,$A7) -> 11 | E7: =COUNTIF(M:M,$A7) -> 17 | F7: =COUNTIF(N:N,$A7) -> 6 | G7: =COUNTIF(O:O,$A7) -> 20 | H7: 3 | J7: 3 | K7: M2 | L7: A | M7: C1 | N7: K | O7: A | Q7: =IF(K7="","",VLOOKUP(K7,$A:$H,8,FALSE)) -> 4 | R7: =IF(L7="","",VLOOKUP(L7,$A:$H,8,FALSE)) -> 7 | S7: =IF(M7="","",VLOOKUP(M7,$A:$H,8,FALSE)) -> 2 | T7: =IF(N7="","",VLOOKUP(N7,$A:$H,8,FALSE)) -> 8 | U7: =IF(O7="","",VLOOKUP(O7,$A:$H,8,FALSE)) -> 7 | W7: =IF(K7="","",VLOOKUP(K7,$A:$H,2,FALSE)) -> M2 | X7: =IF(L7="","",VLOOKUP(L7,$A:$H,2,FALSE)) -> A | Y7: =IF(M7="","",VLOOKUP(M7,$A:$H,2,FALSE)) -> Scatter | Z7: =IF(N7="","",VLOOKUP(N7,$A:$H,2,FALSE)) -> K | AA7: =IF(O7="","",VLOOKUP(O7,$A:$H,2,FALSE)) -> A
A8: M2 | B8: M2 | C8: =COUNTIF(K:K,$A8) -> 49 | D8: =COUNTIF(L:L,$A8) -> 38 | E8: =COUNTIF(M:M,$A8) -> 21 | F8: =COUNTIF(N:N,$A8) -> 8 | G8: =COUNTIF(O:O,$A8) -> 37 | H8: 4 | J8: 4 | K8: M1 | L8: K | M8: Q | N8: M3G | O8: Q | Q8: =IF(K8="","",VLOOKUP(K8,$A:$H,8,FALSE)) -> 3 | R8: =IF(L8="","",VLOOKUP(L8,$A:$H,8,FALSE)) -> 8 | S8: =IF(M8="","",VLOOKUP(M8,$A:$H,8,FALSE)) -> 9 | T8: =IF(N8="","",VLOOKUP(N8,$A:$H,8,FALSE)) -> 13 | U8: =IF(O8="","",VLOOKUP(O8,$A:$H,8,FALSE)) -> 9 | W8: =IF(K8="","",VLOOKUP(K8,$A:$H,2,FALSE)) -> M1 | X8: =IF(L8="","",VLOOKUP(L8,$A:$H,2,FALSE)) -> K | Y8: =IF(M8="","",VLOOKUP(M8,$A:$H,2,FALSE)) -> Q | Z8: =IF(N8="","",VLOOKUP(N8,$A:$H,2,FALSE)) -> M3G | AA8: =IF(O8="","",VLOOKUP(O8,$A:$H,2,FALSE)) -> Q | AC8: Multiplier
A9: M3 | B9: M3 | C9: =COUNTIF(K:K,$A9) -> 2 | D9: =COUNTIF(L:L,$A9) -> 22 | E9: =COUNTIF(M:M,$A9) -> 93 | F9: =COUNTIF(N:N,$A9) -> 23 | G9: =COUNTIF(O:O,$A9) -> 55 | H9: 5 | J9: 5 | K9: K | L9: M4 | M9: M3 | N9: M4G | O9: Q | Q9: =IF(K9="","",VLOOKUP(K9,$A:$H,8,FALSE)) -> 8 | R9: =IF(L9="","",VLOOKUP(L9,$A:$H,8,FALSE)) -> 6 | S9: =IF(M9="","",VLOOKUP(M9,$A:$H,8,FALSE)) -> 5 | T9: =IF(N9="","",VLOOKUP(N9,$A:$H,8,FALSE)) -> 14 | U9: =IF(O9="","",VLOOKUP(O9,$A:$H,8,FALSE)) -> 9 | W9: =IF(K9="","",VLOOKUP(K9,$A:$H,2,FALSE)) -> K | X9: =IF(L9="","",VLOOKUP(L9,$A:$H,2,FALSE)) -> M4 | Y9: =IF(M9="","",VLOOKUP(M9,$A:$H,2,FALSE)) -> M3 | Z9: =IF(N9="","",VLOOKUP(N9,$A:$H,2,FALSE)) -> M4G | AA9: =IF(O9="","",VLOOKUP(O9,$A:$H,2,FALSE)) -> Q | AC9: X1
A10: M4 | B10: M4 | C10: =COUNTIF(K:K,$A10) -> 1 | D10: =COUNTIF(L:L,$A10) -> 88 | E10: =COUNTIF(M:M,$A10) -> 32 | F10: =COUNTIF(N:N,$A10) -> 75 | G10: =COUNTIF(O:O,$A10) -> 35 | H10: 6 | J10: 6 | K10: M1 | L10: A | M10: K | N10: Q | O10: K | Q10: =IF(K10="","",VLOOKUP(K10,$A:$H,8,FALSE)) -> 3 | R10: =IF(L10="","",VLOOKUP(L10,$A:$H,8,FALSE)) -> 7 | S10: =IF(M10="","",VLOOKUP(M10,$A:$H,8,FALSE)) -> 8 | T10: =IF(N10="","",VLOOKUP(N10,$A:$H,8,FALSE)) -> 9 | U10: =IF(O10="","",VLOOKUP(O10,$A:$H,8,FALSE)) -> 8 | W10: =IF(K10="","",VLOOKUP(K10,$A:$H,2,FALSE)) -> M1 | X10: =IF(L10="","",VLOOKUP(L10,$A:$H,2,FALSE)) -> A | Y10: =IF(M10="","",VLOOKUP(M10,$A:$H,2,FALSE)) -> K | Z10: =IF(N10="","",VLOOKUP(N10,$A:$H,2,FALSE)) -> Q | AA10: =IF(O10="","",VLOOKUP(O10,$A:$H,2,FALSE)) -> K | AC10: X2
A11: A | B11: A | C11: =COUNTIF(K:K,$A11) -> 83 | D11: =COUNTIF(L:L,$A11) -> 83 | E11: =COUNTIF(M:M,$A11) -> 11 | F11: =COUNTIF(N:N,$A11) -> 22 | G11: =COUNTIF(O:O,$A11) -> 52 | H11: 7 | J11: 7 | K11: J | L11: A | M11: M3 | N11: QG | O11: M2 | Q11: =IF(K11="","",VLOOKUP(K11,$A:$H,8,FALSE)) -> 10 | R11: =IF(L11="","",VLOOKUP(L11,$A:$H,8,FALSE)) -> 7 | S11: =IF(M11="","",VLOOKUP(M11,$A:$H,8,FALSE)) -> 5 | T11: =IF(N11="","",VLOOKUP(N11,$A:$H,8,FALSE)) -> 17 | U11: =IF(O11="","",VLOOKUP(O11,$A:$H,8,FALSE)) -> 4 | W11: =IF(K11="","",VLOOKUP(K11,$A:$H,2,FALSE)) -> J | X11: =IF(L11="","",VLOOKUP(L11,$A:$H,2,FALSE)) -> A | Y11: =IF(M11="","",VLOOKUP(M11,$A:$H,2,FALSE)) -> M3 | Z11: =IF(N11="","",VLOOKUP(N11,$A:$H,2,FALSE)) -> QG | AA11: =IF(O11="","",VLOOKUP(O11,$A:$H,2,FALSE)) -> M2 | AC11: X3
A12: K | B12: K | C12: =COUNTIF(K:K,$A12) -> 91 | D12: =COUNTIF(L:L,$A12) -> 30 | E12: =COUNTIF(M:M,$A12) -> 13 | F12: =COUNTIF(N:N,$A12) -> 66 | G12: =COUNTIF(O:O,$A12) -> 38 | H12: 8 | J12: 8 | K12: M1 | L12: AG | M12: J | N12: Q | O12: M2 | Q12: =IF(K12="","",VLOOKUP(K12,$A:$H,8,FALSE)) -> 3 | R12: =IF(L12="","",VLOOKUP(L12,$A:$H,8,FALSE)) -> 15 | S12: =IF(M12="","",VLOOKUP(M12,$A:$H,8,FALSE)) -> 10 | T12: =IF(N12="","",VLOOKUP(N12,$A:$H,8,FALSE)) -> 9 | U12: =IF(O12="","",VLOOKUP(O12,$A:$H,8,FALSE)) -> 4 | W12: =IF(K12="","",VLOOKUP(K12,$A:$H,2,FALSE)) -> M1 | X12: =IF(L12="","",VLOOKUP(L12,$A:$H,2,FALSE)) -> AG | Y12: =IF(M12="","",VLOOKUP(M12,$A:$H,2,FALSE)) -> J | Z12: =IF(N12="","",VLOOKUP(N12,$A:$H,2,FALSE)) -> Q | AA12: =IF(O12="","",VLOOKUP(O12,$A:$H,2,FALSE)) -> M2 | AC12: X5
A13: Q | B13: Q | C13: =COUNTIF(K:K,$A13) -> 8 | D13: =COUNTIF(L:L,$A13) -> 51 | E13: =COUNTIF(M:M,$A13) -> 82 | F13: =COUNTIF(N:N,$A13) -> 92 | G13: =COUNTIF(O:O,$A13) -> 78 | H13: 9 | J13: 9 | K13: M1 | L13: M4 | M13: Q | N13: C1 | O13: K | Q13: =IF(K13="","",VLOOKUP(K13,$A:$H,8,FALSE)) -> 3 | R13: =IF(L13="","",VLOOKUP(L13,$A:$H,8,FALSE)) -> 6 | S13: =IF(M13="","",VLOOKUP(M13,$A:$H,8,FALSE)) -> 9 | T13: =IF(N13="","",VLOOKUP(N13,$A:$H,8,FALSE)) -> 2 | U13: =IF(O13="","",VLOOKUP(O13,$A:$H,8,FALSE)) -> 8 | W13: =IF(K13="","",VLOOKUP(K13,$A:$H,2,FALSE)) -> M1 | X13: =IF(L13="","",VLOOKUP(L13,$A:$H,2,FALSE)) -> M4 | Y13: =IF(M13="","",VLOOKUP(M13,$A:$H,2,FALSE)) -> Q | Z13: =IF(N13="","",VLOOKUP(N13,$A:$H,2,FALSE)) -> Scatter | AA13: =IF(O13="","",VLOOKUP(O13,$A:$H,2,FALSE)) -> K | AC13: X10
A14: J | B14: J | C14: =COUNTIF(K:K,$A14) -> 92 | D14: =COUNTIF(L:L,$A14) -> 8 | E14: =COUNTIF(M:M,$A14) -> 75 | F14: =COUNTIF(N:N,$A14) -> 27 | G14: =COUNTIF(O:O,$A14) -> 81 | H14: 10 | J14: 10 | K14: K | L14: A | M14: M3 | N14: M4G | O14: A | Q14: =IF(K14="","",VLOOKUP(K14,$A:$H,8,FALSE)) -> 8 | R14: =IF(L14="","",VLOOKUP(L14,$A:$H,8,FALSE)) -> 7 | S14: =IF(M14="","",VLOOKUP(M14,$A:$H,8,FALSE)) -> 5 | T14: =IF(N14="","",VLOOKUP(N14,$A:$H,8,FALSE)) -> 14 | U14: =IF(O14="","",VLOOKUP(O14,$A:$H,8,FALSE)) -> 7 | W14: =IF(K14="","",VLOOKUP(K14,$A:$H,2,FALSE)) -> K | X14: =IF(L14="","",VLOOKUP(L14,$A:$H,2,FALSE)) -> A | Y14: =IF(M14="","",VLOOKUP(M14,$A:$H,2,FALSE)) -> M3 | Z14: =IF(N14="","",VLOOKUP(N14,$A:$H,2,FALSE)) -> M4G | AA14: =IF(O14="","",VLOOKUP(O14,$A:$H,2,FALSE)) -> A
A15: M1G | B15: M1G | C15: =COUNTIF(K:K,$A15) -> 0 | D15: =COUNTIF(L:L,$A15) -> 1 | E15: =COUNTIF(M:M,$A15) -> 5 | F15: =COUNTIF(N:N,$A15) -> 2 | G15: =COUNTIF(O:O,$A15) -> 0 | H15: 11 | J15: 11 | K15: A | L15: M2 | M15: QG | N15: J | O15: J | Q15: =IF(K15="","",VLOOKUP(K15,$A:$H,8,FALSE)) -> 7 | R15: =IF(L15="","",VLOOKUP(L15,$A:$H,8,FALSE)) -> 4 | S15: =IF(M15="","",VLOOKUP(M15,$A:$H,8,FALSE)) -> 17 | T15: =IF(N15="","",VLOOKUP(N15,$A:$H,8,FALSE)) -> 10 | U15: =IF(O15="","",VLOOKUP(O15,$A:$H,8,FALSE)) -> 10 | W15: =IF(K15="","",VLOOKUP(K15,$A:$H,2,FALSE)) -> A | X15: =IF(L15="","",VLOOKUP(L15,$A:$H,2,FALSE)) -> M2 | Y15: =IF(M15="","",VLOOKUP(M15,$A:$H,2,FALSE)) -> QG | Z15: =IF(N15="","",VLOOKUP(N15,$A:$H,2,FALSE)) -> J | AA15: =IF(O15="","",VLOOKUP(O15,$A:$H,2,FALSE)) -> J
A16: M2G | B16: M2G | C16: =COUNTIF(K:K,$A16) -> 0 | D16: =COUNTIF(L:L,$A16) -> 6 | E16: =COUNTIF(M:M,$A16) -> 2 | F16: =COUNTIF(N:N,$A16) -> 2 | G16: =COUNTIF(O:O,$A16) -> 0 | H16: 12 | J16: 12 | K16: J | L16: Q | M16: M3 | N16: QG | O16: K | Q16: =IF(K16="","",VLOOKUP(K16,$A:$H,8,FALSE)) -> 10 | R16: =IF(L16="","",VLOOKUP(L16,$A:$H,8,FALSE)) -> 9 | S16: =IF(M16="","",VLOOKUP(M16,$A:$H,8,FALSE)) -> 5 | T16: =IF(N16="","",VLOOKUP(N16,$A:$H,8,FALSE)) -> 17 | U16: =IF(O16="","",VLOOKUP(O16,$A:$H,8,FALSE)) -> 8 | W16: =IF(K16="","",VLOOKUP(K16,$A:$H,2,FALSE)) -> J | X16: =IF(L16="","",VLOOKUP(L16,$A:$H,2,FALSE)) -> Q | Y16: =IF(M16="","",VLOOKUP(M16,$A:$H,2,FALSE)) -> M3 | Z16: =IF(N16="","",VLOOKUP(N16,$A:$H,2,FALSE)) -> QG | AA16: =IF(O16="","",VLOOKUP(O16,$A:$H,2,FALSE)) -> K
A17: M3G | B17: M3G | C17: =COUNTIF(K:K,$A17) -> 0 | D17: =COUNTIF(L:L,$A17) -> 2 | E17: =COUNTIF(M:M,$A17) -> 16 | F17: =COUNTIF(N:N,$A17) -> 13 | G17: =COUNTIF(O:O,$A17) -> 0 | H17: 13 | J17: 13 | K17: J | L17: M4 | M17: M2 | N17: M4 | O17: J | Q17: =IF(K17="","",VLOOKUP(K17,$A:$H,8,FALSE)) -> 10 | R17: =IF(L17="","",VLOOKUP(L17,$A:$H,8,FALSE)) -> 6 | S17: =IF(M17="","",VLOOKUP(M17,$A:$H,8,FALSE)) -> 4 | T17: =IF(N17="","",VLOOKUP(N17,$A:$H,8,FALSE)) -> 6 | U17: =IF(O17="","",VLOOKUP(O17,$A:$H,8,FALSE)) -> 10 | W17: =IF(K17="","",VLOOKUP(K17,$A:$H,2,FALSE)) -> J | X17: =IF(L17="","",VLOOKUP(L17,$A:$H,2,FALSE)) -> M4 | Y17: =IF(M17="","",VLOOKUP(M17,$A:$H,2,FALSE)) -> M2 | Z17: =IF(N17="","",VLOOKUP(N17,$A:$H,2,FALSE)) -> M4 | AA17: =IF(O17="","",VLOOKUP(O17,$A:$H,2,FALSE)) -> J
A18: M4G | B18: M4G | C18: =COUNTIF(K:K,$A18) -> 0 | D18: =COUNTIF(L:L,$A18) -> 32 | E18: =COUNTIF(M:M,$A18) -> 6 | F18: =COUNTIF(N:N,$A18) -> 8 | G18: =COUNTIF(O:O,$A18) -> 0 | H18: 14 | J18: 14 | K18: J | L18: C1 | M18: Q | N18: K | O18: M1 | Q18: =IF(K18="","",VLOOKUP(K18,$A:$H,8,FALSE)) -> 10 | R18: =IF(L18="","",VLOOKUP(L18,$A:$H,8,FALSE)) -> 2 | S18: =IF(M18="","",VLOOKUP(M18,$A:$H,8,FALSE)) -> 9 | T18: =IF(N18="","",VLOOKUP(N18,$A:$H,8,FALSE)) -> 8 | U18: =IF(O18="","",VLOOKUP(O18,$A:$H,8,FALSE)) -> 3 | W18: =IF(K18="","",VLOOKUP(K18,$A:$H,2,FALSE)) -> J | X18: =IF(L18="","",VLOOKUP(L18,$A:$H,2,FALSE)) -> Scatter | Y18: =IF(M18="","",VLOOKUP(M18,$A:$H,2,FALSE)) -> Q | Z18: =IF(N18="","",VLOOKUP(N18,$A:$H,2,FALSE)) -> K | AA18: =IF(O18="","",VLOOKUP(O18,$A:$H,2,FALSE)) -> M1
A19: AG | B19: AG | C19: =COUNTIF(K:K,$A19) -> 0 | D19: =COUNTIF(L:L,$A19) -> 7 | E19: =COUNTIF(M:M,$A19) -> 2 | F19: =COUNTIF(N:N,$A19) -> 11 | G19: =COUNTIF(O:O,$A19) -> 0 | H19: 15 | J19: 15 | K19: A | L19: Q | M19: Q | N19: QG | O19: M4 | Q19: =IF(K19="","",VLOOKUP(K19,$A:$H,8,FALSE)) -> 7 | R19: =IF(L19="","",VLOOKUP(L19,$A:$H,8,FALSE)) -> 9 | S19: =IF(M19="","",VLOOKUP(M19,$A:$H,8,FALSE)) -> 9 | T19: =IF(N19="","",VLOOKUP(N19,$A:$H,8,FALSE)) -> 17 | U19: =IF(O19="","",VLOOKUP(O19,$A:$H,8,FALSE)) -> 6 | W19: =IF(K19="","",VLOOKUP(K19,$A:$H,2,FALSE)) -> A | X19: =IF(L19="","",VLOOKUP(L19,$A:$H,2,FALSE)) -> Q | Y19: =IF(M19="","",VLOOKUP(M19,$A:$H,2,FALSE)) -> Q | Z19: =IF(N19="","",VLOOKUP(N19,$A:$H,2,FALSE)) -> QG | AA19: =IF(O19="","",VLOOKUP(O19,$A:$H,2,FALSE)) -> M4
A20: KG | B20: KG | C20: =COUNTIF(K:K,$A20) -> 0 | D20: =COUNTIF(L:L,$A20) -> 3 | E20: =COUNTIF(M:M,$A20) -> 1 | F20: =COUNTIF(N:N,$A20) -> 5 | G20: =COUNTIF(O:O,$A20) -> 0 | H20: 16 | J20: 16 | K20: M1 | L20: A | M20: Q | N20: J | O20: Q | Q20: =IF(K20="","",VLOOKUP(K20,$A:$H,8,FALSE)) -> 3 | R20: =IF(L20="","",VLOOKUP(L20,$A:$H,8,FALSE)) -> 7 | S20: =IF(M20="","",VLOOKUP(M20,$A:$H,8,FALSE)) -> 9 | T20: =IF(N20="","",VLOOKUP(N20,$A:$H,8,FALSE)) -> 10 | U20: =IF(O20="","",VLOOKUP(O20,$A:$H,8,FALSE)) -> 9 | W20: =IF(K20="","",VLOOKUP(K20,$A:$H,2,FALSE)) -> M1 | X20: =IF(L20="","",VLOOKUP(L20,$A:$H,2,FALSE)) -> A | Y20: =IF(M20="","",VLOOKUP(M20,$A:$H,2,FALSE)) -> Q | Z20: =IF(N20="","",VLOOKUP(N20,$A:$H,2,FALSE)) -> J | AA20: =IF(O20="","",VLOOKUP(O20,$A:$H,2,FALSE)) -> Q
A21: QG | B21: QG | C21: =COUNTIF(K:K,$A21) -> 0 | D21: =COUNTIF(L:L,$A21) -> 4 | E21: =COUNTIF(M:M,$A21) -> 4 | F21: =COUNTIF(N:N,$A21) -> 19 | G21: =COUNTIF(O:O,$A21) -> 0 | H21: 17 | J21: 17 | K21: J | L21: A | M21: QG | N21: Q | O21: M4 | Q21: =IF(K21="","",VLOOKUP(K21,$A:$H,8,FALSE)) -> 10 | R21: =IF(L21="","",VLOOKUP(L21,$A:$H,8,FALSE)) -> 7 | S21: =IF(M21="","",VLOOKUP(M21,$A:$H,8,FALSE)) -> 17 | T21: =IF(N21="","",VLOOKUP(N21,$A:$H,8,FALSE)) -> 9 | U21: =IF(O21="","",VLOOKUP(O21,$A:$H,8,FALSE)) -> 6 | W21: =IF(K21="","",VLOOKUP(K21,$A:$H,2,FALSE)) -> J | X21: =IF(L21="","",VLOOKUP(L21,$A:$H,2,FALSE)) -> A | Y21: =IF(M21="","",VLOOKUP(M21,$A:$H,2,FALSE)) -> QG | Z21: =IF(N21="","",VLOOKUP(N21,$A:$H,2,FALSE)) -> Q | AA21: =IF(O21="","",VLOOKUP(O21,$A:$H,2,FALSE)) -> M4
A22: JG | B22: JG | C22: =COUNTIF(K:K,$A22) -> 0 | D22: =COUNTIF(L:L,$A22) -> 3 | E22: =COUNTIF(M:M,$A22) -> 7 | F22: =COUNTIF(N:N,$A22) -> 7 | G22: =COUNTIF(O:O,$A22) -> 0 | H22: 18 | J22: 18 | K22: J | L22: K | M22: AG | N22: M4 | O22: M3 | Q22: =IF(K22="","",VLOOKUP(K22,$A:$H,8,FALSE)) -> 10 | R22: =IF(L22="","",VLOOKUP(L22,$A:$H,8,FALSE)) -> 8 | S22: =IF(M22="","",VLOOKUP(M22,$A:$H,8,FALSE)) -> 15 | T22: =IF(N22="","",VLOOKUP(N22,$A:$H,8,FALSE)) -> 6 | U22: =IF(O22="","",VLOOKUP(O22,$A:$H,8,FALSE)) -> 5 | W22: =IF(K22="","",VLOOKUP(K22,$A:$H,2,FALSE)) -> J | X22: =IF(L22="","",VLOOKUP(L22,$A:$H,2,FALSE)) -> K | Y22: =IF(M22="","",VLOOKUP(M22,$A:$H,2,FALSE)) -> AG | Z22: =IF(N22="","",VLOOKUP(N22,$A:$H,2,FALSE)) -> M4 | AA22: =IF(O22="","",VLOOKUP(O22,$A:$H,2,FALSE)) -> M3
A23: -- | C23: =SUM(C4:C22) -> 400 | D23: =SUM(D4:D22) -> 400 | E23: =SUM(E4:E22) -> 400 | F23: =SUM(F4:F22) -> 400 | G23: =SUM(G4:G22) -> 400 | J23: 19 | K23: Q | L23: Q | M23: Q | N23: K | O23: J | Q23: =IF(K23="","",VLOOKUP(K23,$A:$H,8,FALSE)) -> 9 | R23: =IF(L23="","",VLOOKUP(L23,$A:$H,8,FALSE)) -> 9 | S23: =IF(M23="","",VLOOKUP(M23,$A:$H,8,FALSE)) -> 9 | T23: =IF(N23="","",VLOOKUP(N23,$A:$H,8,FALSE)) -> 8 | U23: =IF(O23="","",VLOOKUP(O23,$A:$H,8,FALSE)) -> 10 | W23: =IF(K23="","",VLOOKUP(K23,$A:$H,2,FALSE)) -> Q | X23: =IF(L23="","",VLOOKUP(L23,$A:$H,2,FALSE)) -> Q | Y23: =IF(M23="","",VLOOKUP(M23,$A:$H,2,FALSE)) -> Q | Z23: =IF(N23="","",VLOOKUP(N23,$A:$H,2,FALSE)) -> K | AA23: =IF(O23="","",VLOOKUP(O23,$A:$H,2,FALSE)) -> J
J24: 20 | K24: M2 | L24: Q | M24: M3 | N24: K | O24: J | Q24: =IF(K24="","",VLOOKUP(K24,$A:$H,8,FALSE)) -> 4 | R24: =IF(L24="","",VLOOKUP(L24,$A:$H,8,FALSE)) -> 9 | S24: =IF(M24="","",VLOOKUP(M24,$A:$H,8,FALSE)) -> 5 | T24: =IF(N24="","",VLOOKUP(N24,$A:$H,8,FALSE)) -> 8 | U24: =IF(O24="","",VLOOKUP(O24,$A:$H,8,FALSE)) -> 10 | W24: =IF(K24="","",VLOOKUP(K24,$A:$H,2,FALSE)) -> M2 | X24: =IF(L24="","",VLOOKUP(L24,$A:$H,2,FALSE)) -> Q | Y24: =IF(M24="","",VLOOKUP(M24,$A:$H,2,FALSE)) -> M3 | Z24: =IF(N24="","",VLOOKUP(N24,$A:$H,2,FALSE)) -> K | AA24: =IF(O24="","",VLOOKUP(O24,$A:$H,2,FALSE)) -> J
J25: 21 | K25: A | L25: M4 | M25: J | N25: C1 | O25: A | Q25: =IF(K25="","",VLOOKUP(K25,$A:$H,8,FALSE)) -> 7 | R25: =IF(L25="","",VLOOKUP(L25,$A:$H,8,FALSE)) -> 6 | S25: =IF(M25="","",VLOOKUP(M25,$A:$H,8,FALSE)) -> 10 | T25: =IF(N25="","",VLOOKUP(N25,$A:$H,8,FALSE)) -> 2 | U25: =IF(O25="","",VLOOKUP(O25,$A:$H,8,FALSE)) -> 7 | W25: =IF(K25="","",VLOOKUP(K25,$A:$H,2,FALSE)) -> A | X25: =IF(L25="","",VLOOKUP(L25,$A:$H,2,FALSE)) -> M4 | Y25: =IF(M25="","",VLOOKUP(M25,$A:$H,2,FALSE)) -> J | Z25: =IF(N25="","",VLOOKUP(N25,$A:$H,2,FALSE)) -> Scatter | AA25: =IF(O25="","",VLOOKUP(O25,$A:$H,2,FALSE)) -> A
J26: 22 | K26: J | L26: M2 | M26: Q | N26: A | O26: M4 | Q26: =IF(K26="","",VLOOKUP(K26,$A:$H,8,FALSE)) -> 10 | R26: =IF(L26="","",VLOOKUP(L26,$A:$H,8,FALSE)) -> 4 | S26: =IF(M26="","",VLOOKUP(M26,$A:$H,8,FALSE)) -> 9 | T26: =IF(N26="","",VLOOKUP(N26,$A:$H,8,FALSE)) -> 7 | U26: =IF(O26="","",VLOOKUP(O26,$A:$H,8,FALSE)) -> 6 | W26: =IF(K26="","",VLOOKUP(K26,$A:$H,2,FALSE)) -> J | X26: =IF(L26="","",VLOOKUP(L26,$A:$H,2,FALSE)) -> M2 | Y26: =IF(M26="","",VLOOKUP(M26,$A:$H,2,FALSE)) -> Q | Z26: =IF(N26="","",VLOOKUP(N26,$A:$H,2,FALSE)) -> A | AA26: =IF(O26="","",VLOOKUP(O26,$A:$H,2,FALSE)) -> M4
J27: 23 | K27: K | L27: Q | M27: M3G | N27: Q | O27: M1 | Q27: =IF(K27="","",VLOOKUP(K27,$A:$H,8,FALSE)) -> 8 | R27: =IF(L27="","",VLOOKUP(L27,$A:$H,8,FALSE)) -> 9 | S27: =IF(M27="","",VLOOKUP(M27,$A:$H,8,FALSE)) -> 13 | T27: =IF(N27="","",VLOOKUP(N27,$A:$H,8,FALSE)) -> 9 | U27: =IF(O27="","",VLOOKUP(O27,$A:$H,8,FALSE)) -> 3 | W27: =IF(K27="","",VLOOKUP(K27,$A:$H,2,FALSE)) -> K | X27: =IF(L27="","",VLOOKUP(L27,$A:$H,2,FALSE)) -> Q | Y27: =IF(M27="","",VLOOKUP(M27,$A:$H,2,FALSE)) -> M3G | Z27: =IF(N27="","",VLOOKUP(N27,$A:$H,2,FALSE)) -> Q | AA27: =IF(O27="","",VLOOKUP(O27,$A:$H,2,FALSE)) -> M1
J28: 24 | K28: K | L28: AG | M28: M4 | N28: M4 | O28: A | Q28: =IF(K28="","",VLOOKUP(K28,$A:$H,8,FALSE)) -> 8 | R28: =IF(L28="","",VLOOKUP(L28,$A:$H,8,FALSE)) -> 15 | S28: =IF(M28="","",VLOOKUP(M28,$A:$H,8,FALSE)) -> 6 | T28: =IF(N28="","",VLOOKUP(N28,$A:$H,8,FALSE)) -> 6 | U28: =IF(O28="","",VLOOKUP(O28,$A:$H,8,FALSE)) -> 7 | W28: =IF(K28="","",VLOOKUP(K28,$A:$H,2,FALSE)) -> K | X28: =IF(L28="","",VLOOKUP(L28,$A:$H,2,FALSE)) -> AG | Y28: =IF(M28="","",VLOOKUP(M28,$A:$H,2,FALSE)) -> M4 | Z28: =IF(N28="","",VLOOKUP(N28,$A:$H,2,FALSE)) -> M4 | AA28: =IF(O28="","",VLOOKUP(O28,$A:$H,2,FALSE)) -> A
J29: 25 | K29: K | L29: A | M29: Q | N29: A | O29: A | Q29: =IF(K29="","",VLOOKUP(K29,$A:$H,8,FALSE)) -> 8 | R29: =IF(L29="","",VLOOKUP(L29,$A:$H,8,FALSE)) -> 7 | S29: =IF(M29="","",VLOOKUP(M29,$A:$H,8,FALSE)) -> 9 | T29: =IF(N29="","",VLOOKUP(N29,$A:$H,8,FALSE)) -> 7 | U29: =IF(O29="","",VLOOKUP(O29,$A:$H,8,FALSE)) -> 7 | W29: =IF(K29="","",VLOOKUP(K29,$A:$H,2,FALSE)) -> K | X29: =IF(L29="","",VLOOKUP(L29,$A:$H,2,FALSE)) -> A | Y29: =IF(M29="","",VLOOKUP(M29,$A:$H,2,FALSE)) -> Q | Z29: =IF(N29="","",VLOOKUP(N29,$A:$H,2,FALSE)) -> A | AA29: =IF(O29="","",VLOOKUP(O29,$A:$H,2,FALSE)) -> A
J30: 26 | K30: J | L30: M4G | M30: M2 | N30: K | O30: Q | Q30: =IF(K30="","",VLOOKUP(K30,$A:$H,8,FALSE)) -> 10 | R30: =IF(L30="","",VLOOKUP(L30,$A:$H,8,FALSE)) -> 14 | S30: =IF(M30="","",VLOOKUP(M30,$A:$H,8,FALSE)) -> 4 | T30: =IF(N30="","",VLOOKUP(N30,$A:$H,8,FALSE)) -> 8 | U30: =IF(O30="","",VLOOKUP(O30,$A:$H,8,FALSE)) -> 9 | W30: =IF(K30="","",VLOOKUP(K30,$A:$H,2,FALSE)) -> J | X30: =IF(L30="","",VLOOKUP(L30,$A:$H,2,FALSE)) -> M4G | Y30: =IF(M30="","",VLOOKUP(M30,$A:$H,2,FALSE)) -> M2 | Z30: =IF(N30="","",VLOOKUP(N30,$A:$H,2,FALSE)) -> K | AA30: =IF(O30="","",VLOOKUP(O30,$A:$H,2,FALSE)) -> Q
J31: 27 | K31: K | L31: Q | M31: J | N31: Q | O31: A | Q31: =IF(K31="","",VLOOKUP(K31,$A:$H,8,FALSE)) -> 8 | R31: =IF(L31="","",VLOOKUP(L31,$A:$H,8,FALSE)) -> 9 | S31: =IF(M31="","",VLOOKUP(M31,$A:$H,8,FALSE)) -> 10 | T31: =IF(N31="","",VLOOKUP(N31,$A:$H,8,FALSE)) -> 9 | U31: =IF(O31="","",VLOOKUP(O31,$A:$H,8,FALSE)) -> 7 | W31: =IF(K31="","",VLOOKUP(K31,$A:$H,2,FALSE)) -> K | X31: =IF(L31="","",VLOOKUP(L31,$A:$H,2,FALSE)) -> Q | Y31: =IF(M31="","",VLOOKUP(M31,$A:$H,2,FALSE)) -> J | Z31: =IF(N31="","",VLOOKUP(N31,$A:$H,2,FALSE)) -> Q | AA31: =IF(O31="","",VLOOKUP(O31,$A:$H,2,FALSE)) -> A
J32: 28 | K32: M2 | L32: M4G | M32: M1 | N32: K | O32: Q | Q32: =IF(K32="","",VLOOKUP(K32,$A:$H,8,FALSE)) -> 4 | R32: =IF(L32="","",VLOOKUP(L32,$A:$H,8,FALSE)) -> 14 | S32: =IF(M32="","",VLOOKUP(M32,$A:$H,8,FALSE)) -> 3 | T32: =IF(N32="","",VLOOKUP(N32,$A:$H,8,FALSE)) -> 8 | U32: =IF(O32="","",VLOOKUP(O32,$A:$H,8,FALSE)) -> 9 | W32: =IF(K32="","",VLOOKUP(K32,$A:$H,2,FALSE)) -> M2 | X32: =IF(L32="","",VLOOKUP(L32,$A:$H,2,FALSE)) -> M4G | Y32: =IF(M32="","",VLOOKUP(M32,$A:$H,2,FALSE)) -> M1 | Z32: =IF(N32="","",VLOOKUP(N32,$A:$H,2,FALSE)) -> K | AA32: =IF(O32="","",VLOOKUP(O32,$A:$H,2,FALSE)) -> Q
J33: 29 | K33: K | L33: M4 | M33: M3 | N33: Q | O33: J | Q33: =IF(K33="","",VLOOKUP(K33,$A:$H,8,FALSE)) -> 8 | R33: =IF(L33="","",VLOOKUP(L33,$A:$H,8,FALSE)) -> 6 | S33: =IF(M33="","",VLOOKUP(M33,$A:$H,8,FALSE)) -> 5 | T33: =IF(N33="","",VLOOKUP(N33,$A:$H,8,FALSE)) -> 9 | U33: =IF(O33="","",VLOOKUP(O33,$A:$H,8,FALSE)) -> 10 | W33: =IF(K33="","",VLOOKUP(K33,$A:$H,2,FALSE)) -> K | X33: =IF(L33="","",VLOOKUP(L33,$A:$H,2,FALSE)) -> M4 | Y33: =IF(M33="","",VLOOKUP(M33,$A:$H,2,FALSE)) -> M3 | Z33: =IF(N33="","",VLOOKUP(N33,$A:$H,2,FALSE)) -> Q | AA33: =IF(O33="","",VLOOKUP(O33,$A:$H,2,FALSE)) -> J
J34: 30 | K34: K | L34: Q | M34: M3 | N34: M3G | O34: M1 | Q34: =IF(K34="","",VLOOKUP(K34,$A:$H,8,FALSE)) -> 8 | R34: =IF(L34="","",VLOOKUP(L34,$A:$H,8,FALSE)) -> 9 | S34: =IF(M34="","",VLOOKUP(M34,$A:$H,8,FALSE)) -> 5 | T34: =IF(N34="","",VLOOKUP(N34,$A:$H,8,FALSE)) -> 13 | U34: =IF(O34="","",VLOOKUP(O34,$A:$H,8,FALSE)) -> 3 | W34: =IF(K34="","",VLOOKUP(K34,$A:$H,2,FALSE)) -> K | X34: =IF(L34="","",VLOOKUP(L34,$A:$H,2,FALSE)) -> Q | Y34: =IF(M34="","",VLOOKUP(M34,$A:$H,2,FALSE)) -> M3 | Z34: =IF(N34="","",VLOOKUP(N34,$A:$H,2,FALSE)) -> M3G | AA34: =IF(O34="","",VLOOKUP(O34,$A:$H,2,FALSE)) -> M1
J35: 31 | K35: J | L35: M2 | M35: M4 | N35: J | O35: M2 | Q35: =IF(K35="","",VLOOKUP(K35,$A:$H,8,FALSE)) -> 10 | R35: =IF(L35="","",VLOOKUP(L35,$A:$H,8,FALSE)) -> 4 | S35: =IF(M35="","",VLOOKUP(M35,$A:$H,8,FALSE)) -> 6 | T35: =IF(N35="","",VLOOKUP(N35,$A:$H,8,FALSE)) -> 10 | U35: =IF(O35="","",VLOOKUP(O35,$A:$H,8,FALSE)) -> 4 | W35: =IF(K35="","",VLOOKUP(K35,$A:$H,2,FALSE)) -> J | X35: =IF(L35="","",VLOOKUP(L35,$A:$H,2,FALSE)) -> M2 | Y35: =IF(M35="","",VLOOKUP(M35,$A:$H,2,FALSE)) -> M4 | Z35: =IF(N35="","",VLOOKUP(N35,$A:$H,2,FALSE)) -> J | AA35: =IF(O35="","",VLOOKUP(O35,$A:$H,2,FALSE)) -> M2
... J403: 399 | K403: K | L403: K | M403: M4 | N403: M3 | O403: M4 | Q403: =IF(K403="","",VLOOKUP(K403,$A:$H,8,FALSE)) -> 8 | R403: =IF(L403="","",VLOOKUP(L403,$A:$H,8,FALSE)) -> 8 | S403: =IF(M403="","",VLOOKUP(M403,$A:$H,8,FALSE)) -> 6 | T403: =IF(N403="","",VLOOKUP(N403,$A:$H,8,FALSE)) -> 5 | U403: =IF(O403="","",VLOOKUP(O403,$A:$H,8,FALSE)) -> 6 | W403: =IF(K403="","",VLOOKUP(K403,$A:$H,2,FALSE)) -> K | X403: =IF(L403="","",VLOOKUP(L403,$A:$H,2,FALSE)) -> K | Y403: =IF(M403="","",VLOOKUP(M403,$A:$H,2,FALSE)) -> M4 | Z403: =IF(N403="","",VLOOKUP(N403,$A:$H,2,FALSE)) -> M3 | AA403: =IF(O403="","",VLOOKUP(O403,$A:$H,2,FALSE)) -> M4

Sheet Free Game Overview
A4: Coin | B4: Multiway | C4: Pay Back
A5: 100 | B5: 1024 | C5: =Card!AH62 -> 0.2728177
A8: Reel # | B8: 1 | C8: 2 | D8: 3 | E8: 4 | F8: 5
A9: Visible Window Size | B9: 4 | C9: 4 | D9: 4 | E9: 4 | F9: 4
A11: Feature：
A12: 1. Base Game最終盤面三個以上C1則觸發10場免費遊戲。 2. 進入Free Game後，得分倍率往上提升，其餘消除特色皆與Base Game相同。 3. Free Game單次Spin最終盤面中若再出現三個以上C1可以再觸發5場免費遊戲，最大場次50場。
A23: Pay Table： | B23: All wins show for 100 credit bet.
A25: Scatter Pay： | B25: C1 *
A26: 3+ | B26: 0X
A27: *[C1]僅計算出現總數，對應倍數乘以押分。
B29: WW1 * | C29: WW2 *
A30: 5 | B30: -- | C30: --
A31: 4 | B31: -- | C31: --
A32: 3 | B32: -- | C32: --
B33: W1 | C33: W2 | D33: W3 | E33: W4
A34: 5 | B34: 250 | C34: 200 | D34: 150 | E34: 100
A35: 4 | B35: 150 | C35: 120 | D35: 90 | E35: 60
A36: 3 | B36: 50 | C36: 40 | D36: 30 | E36: 20
B37: WA | C37: WK | D37: WQ | E37: WJ
A38: 5 | B38: 50 | C38: 50 | D38: 25 | E38: 25
A39: 4 | B39: 30 | C39: 30 | D39: 15 | E39: 15
A40: 3 | B40: 10 | C40: 10 | D40: 5 | E40: 5

Sheet Free Game Symbol - High - A
J2: Symbol | Q2: ID | W2: Description | AC2: Random Wild | AD2: Weight
A3: Symbol | B3: Description | C3: R1 | D3: R2 | E3: R3 | F3: R4 | G3: R5 | H3: ID | J3: Line # | K3: R1 | L3: R2 | M3: R3 | N3: R4 | O3: R5 | Q3: R1 | R3: R2 | S3: R3 | T3: R4 | U3: R5 | W3: R1 | X3: R2 | Y3: R3 | Z3: R4 | AA3: R5 | AC3: 0 | AD3: 13128
A4: WW1 | B4: Wild1 | C4: =COUNTIF(K:K,$A4) -> 0 | D4: =COUNTIF(L:L,$A4) -> 0 | E4: =COUNTIF(M:M,$A4) -> 0 | F4: =COUNTIF(N:N,$A4) -> 0 | G4: =COUNTIF(O:O,$A4) -> 0 | H4: 0 | J4: 0 | K4: K | L4: M1G | M4: J | N4: J | O4: J | Q4: =IF(K4="","",VLOOKUP(K4,$A:$H,8,FALSE)) -> 8 | R4: =IF(L4="","",VLOOKUP(L4,$A:$H,8,FALSE)) -> 11 | S4: =IF(M4="","",VLOOKUP(M4,$A:$H,8,FALSE)) -> 10 | T4: =IF(N4="","",VLOOKUP(N4,$A:$H,8,FALSE)) -> 10 | U4: =IF(O4="","",VLOOKUP(O4,$A:$H,8,FALSE)) -> 10 | W4: =IF(K4="","",VLOOKUP(K4,$A:$H,2,FALSE)) -> K | X4: =IF(L4="","",VLOOKUP(L4,$A:$H,2,FALSE)) -> M1G | Y4: =IF(M4="","",VLOOKUP(M4,$A:$H,2,FALSE)) -> J | Z4: =IF(N4="","",VLOOKUP(N4,$A:$H,2,FALSE)) -> J | AA4: =IF(O4="","",VLOOKUP(O4,$A:$H,2,FALSE)) -> J | AC4: 2 | AD4: 2000
A5: WW2 | B5: Wild2 | C5: =COUNTIF(K:K,$A5) -> 0 | D5: =COUNTIF(L:L,$A5) -> 0 | E5: =COUNTIF(M:M,$A5) -> 0 | F5: =COUNTIF(N:N,$A5) -> 0 | G5: =COUNTIF(O:O,$A5) -> 0 | H5: 1 | J5: 1 | K5: K | L5: M1 | M5: AG | N5: M4 | O5: Q | Q5: =IF(K5="","",VLOOKUP(K5,$A:$H,8,FALSE)) -> 8 | R5: =IF(L5="","",VLOOKUP(L5,$A:$H,8,FALSE)) -> 3 | S5: =IF(M5="","",VLOOKUP(M5,$A:$H,8,FALSE)) -> 15 | T5: =IF(N5="","",VLOOKUP(N5,$A:$H,8,FALSE)) -> 6 | U5: =IF(O5="","",VLOOKUP(O5,$A:$H,8,FALSE)) -> 9 | W5: =IF(K5="","",VLOOKUP(K5,$A:$H,2,FALSE)) -> K | X5: =IF(L5="","",VLOOKUP(L5,$A:$H,2,FALSE)) -> M1 | Y5: =IF(M5="","",VLOOKUP(M5,$A:$H,2,FALSE)) -> AG | Z5: =IF(N5="","",VLOOKUP(N5,$A:$H,2,FALSE)) -> M4 | AA5: =IF(O5="","",VLOOKUP(O5,$A:$H,2,FALSE)) -> Q | AC5: 3 | AD5: 500
A6: C1 | B6: Scatter | C6: =COUNTIF(K:K,$A6) -> 5 | D6: =COUNTIF(L:L,$A6) -> 8 | E6: =COUNTIF(M:M,$A6) -> 8 | F6: =COUNTIF(N:N,$A6) -> 4 | G6: =COUNTIF(O:O,$A6) -> 4 | H6: 2 | J6: 2 | K6: Q | L6: Q | M6: M2 | N6: M1G | O6: J | Q6: =IF(K6="","",VLOOKUP(K6,$A:$H,8,FALSE)) -> 9 | R6: =IF(L6="","",VLOOKUP(L6,$A:$H,8,FALSE)) -> 9 | S6: =IF(M6="","",VLOOKUP(M6,$A:$H,8,FALSE)) -> 4 | T6: =IF(N6="","",VLOOKUP(N6,$A:$H,8,FALSE)) -> 11 | U6: =IF(O6="","",VLOOKUP(O6,$A:$H,8,FALSE)) -> 10 | W6: =IF(K6="","",VLOOKUP(K6,$A:$H,2,FALSE)) -> Q | X6: =IF(L6="","",VLOOKUP(L6,$A:$H,2,FALSE)) -> Q | Y6: =IF(M6="","",VLOOKUP(M6,$A:$H,2,FALSE)) -> M2 | Z6: =IF(N6="","",VLOOKUP(N6,$A:$H,2,FALSE)) -> M1G | AA6: =IF(O6="","",VLOOKUP(O6,$A:$H,2,FALSE)) -> J | AC6: 4 | AD6: 200
A7: M1 | B7: M1 | C7: =COUNTIF(K:K,$A7) -> 27 | D7: =COUNTIF(L:L,$A7) -> 22 | E7: =COUNTIF(M:M,$A7) -> 24 | F7: =COUNTIF(N:N,$A7) -> 28 | G7: =COUNTIF(O:O,$A7) -> 32 | H7: 3 | J7: 3 | K7: A | L7: KG | M7: A | N7: A | O7: J | Q7: =IF(K7="","",VLOOKUP(K7,$A:$H,8,FALSE)) -> 7 | R7: =IF(L7="","",VLOOKUP(L7,$A:$H,8,FALSE)) -> 16 | S7: =IF(M7="","",VLOOKUP(M7,$A:$H,8,FALSE)) -> 7 | T7: =IF(N7="","",VLOOKUP(N7,$A:$H,8,FALSE)) -> 7 | U7: =IF(O7="","",VLOOKUP(O7,$A:$H,8,FALSE)) -> 10 | W7: =IF(K7="","",VLOOKUP(K7,$A:$H,2,FALSE)) -> A | X7: =IF(L7="","",VLOOKUP(L7,$A:$H,2,FALSE)) -> KG | Y7: =IF(M7="","",VLOOKUP(M7,$A:$H,2,FALSE)) -> A | Z7: =IF(N7="","",VLOOKUP(N7,$A:$H,2,FALSE)) -> A | AA7: =IF(O7="","",VLOOKUP(O7,$A:$H,2,FALSE)) -> J
A8: M2 | B8: M2 | C8: =COUNTIF(K:K,$A8) -> 36 | D8: =COUNTIF(L:L,$A8) -> 32 | E8: =COUNTIF(M:M,$A8) -> 23 | F8: =COUNTIF(N:N,$A8) -> 37 | G8: =COUNTIF(O:O,$A8) -> 32 | H8: 4 | J8: 4 | K8: M2 | L8: Q | M8: M4 | N8: M3 | O8: J | Q8: =IF(K8="","",VLOOKUP(K8,$A:$H,8,FALSE)) -> 4 | R8: =IF(L8="","",VLOOKUP(L8,$A:$H,8,FALSE)) -> 9 | S8: =IF(M8="","",VLOOKUP(M8,$A:$H,8,FALSE)) -> 6 | T8: =IF(N8="","",VLOOKUP(N8,$A:$H,8,FALSE)) -> 5 | U8: =IF(O8="","",VLOOKUP(O8,$A:$H,8,FALSE)) -> 10 | W8: =IF(K8="","",VLOOKUP(K8,$A:$H,2,FALSE)) -> M2 | X8: =IF(L8="","",VLOOKUP(L8,$A:$H,2,FALSE)) -> Q | Y8: =IF(M8="","",VLOOKUP(M8,$A:$H,2,FALSE)) -> M4 | Z8: =IF(N8="","",VLOOKUP(N8,$A:$H,2,FALSE)) -> M3 | AA8: =IF(O8="","",VLOOKUP(O8,$A:$H,2,FALSE)) -> J | AC8: Multiplier
A9: M3 | B9: M3 | C9: =COUNTIF(K:K,$A9) -> 32 | D9: =COUNTIF(L:L,$A9) -> 26 | E9: =COUNTIF(M:M,$A9) -> 35 | F9: =COUNTIF(N:N,$A9) -> 26 | G9: =COUNTIF(O:O,$A9) -> 62 | H9: 5 | J9: 5 | K9: J | L9: K | M9: M4G | N9: J | O9: M1 | Q9: =IF(K9="","",VLOOKUP(K9,$A:$H,8,FALSE)) -> 10 | R9: =IF(L9="","",VLOOKUP(L9,$A:$H,8,FALSE)) -> 8 | S9: =IF(M9="","",VLOOKUP(M9,$A:$H,8,FALSE)) -> 14 | T9: =IF(N9="","",VLOOKUP(N9,$A:$H,8,FALSE)) -> 10 | U9: =IF(O9="","",VLOOKUP(O9,$A:$H,8,FALSE)) -> 3 | W9: =IF(K9="","",VLOOKUP(K9,$A:$H,2,FALSE)) -> J | X9: =IF(L9="","",VLOOKUP(L9,$A:$H,2,FALSE)) -> K | Y9: =IF(M9="","",VLOOKUP(M9,$A:$H,2,FALSE)) -> M4G | Z9: =IF(N9="","",VLOOKUP(N9,$A:$H,2,FALSE)) -> J | AA9: =IF(O9="","",VLOOKUP(O9,$A:$H,2,FALSE)) -> M1 | AC9: X2
A10: M4 | B10: M4 | C10: =COUNTIF(K:K,$A10) -> 38 | D10: =COUNTIF(L:L,$A10) -> 42 | E10: =COUNTIF(M:M,$A10) -> 35 | F10: =COUNTIF(N:N,$A10) -> 58 | G10: =COUNTIF(O:O,$A10) -> 21 | H10: 6 | J10: 6 | K10: Q | L10: Q | M10: M2 | N10: A | O10: A | Q10: =IF(K10="","",VLOOKUP(K10,$A:$H,8,FALSE)) -> 9 | R10: =IF(L10="","",VLOOKUP(L10,$A:$H,8,FALSE)) -> 9 | S10: =IF(M10="","",VLOOKUP(M10,$A:$H,8,FALSE)) -> 4 | T10: =IF(N10="","",VLOOKUP(N10,$A:$H,8,FALSE)) -> 7 | U10: =IF(O10="","",VLOOKUP(O10,$A:$H,8,FALSE)) -> 7 | W10: =IF(K10="","",VLOOKUP(K10,$A:$H,2,FALSE)) -> Q | X10: =IF(L10="","",VLOOKUP(L10,$A:$H,2,FALSE)) -> Q | Y10: =IF(M10="","",VLOOKUP(M10,$A:$H,2,FALSE)) -> M2 | Z10: =IF(N10="","",VLOOKUP(N10,$A:$H,2,FALSE)) -> A | AA10: =IF(O10="","",VLOOKUP(O10,$A:$H,2,FALSE)) -> A | AC10: X4
A11: A | B11: A | C11: =COUNTIF(K:K,$A11) -> 72 | D11: =COUNTIF(L:L,$A11) -> 60 | E11: =COUNTIF(M:M,$A11) -> 52 | F11: =COUNTIF(N:N,$A11) -> 24 | G11: =COUNTIF(O:O,$A11) -> 48 | H11: 7 | J11: 7 | K11: M4 | L11: JG | M11: C1 | N11: KG | O11: J | Q11: =IF(K11="","",VLOOKUP(K11,$A:$H,8,FALSE)) -> 6 | R11: =IF(L11="","",VLOOKUP(L11,$A:$H,8,FALSE)) -> 18 | S11: =IF(M11="","",VLOOKUP(M11,$A:$H,8,FALSE)) -> 2 | T11: =IF(N11="","",VLOOKUP(N11,$A:$H,8,FALSE)) -> 16 | U11: =IF(O11="","",VLOOKUP(O11,$A:$H,8,FALSE)) -> 10 | W11: =IF(K11="","",VLOOKUP(K11,$A:$H,2,FALSE)) -> M4 | X11: =IF(L11="","",VLOOKUP(L11,$A:$H,2,FALSE)) -> JG | Y11: =IF(M11="","",VLOOKUP(M11,$A:$H,2,FALSE)) -> Scatter | Z11: =IF(N11="","",VLOOKUP(N11,$A:$H,2,FALSE)) -> KG | AA11: =IF(O11="","",VLOOKUP(O11,$A:$H,2,FALSE)) -> J | AC11: X6
A12: K | B12: K | C12: =COUNTIF(K:K,$A12) -> 63 | D12: =COUNTIF(L:L,$A12) -> 40 | E12: =COUNTIF(M:M,$A12) -> 40 | F12: =COUNTIF(N:N,$A12) -> 69 | G12: =COUNTIF(O:O,$A12) -> 56 | H12: 8 | J12: 8 | K12: M3 | L12: M1 | M12: A | N12: A | O12: K | Q12: =IF(K12="","",VLOOKUP(K12,$A:$H,8,FALSE)) -> 5 | R12: =IF(L12="","",VLOOKUP(L12,$A:$H,8,FALSE)) -> 3 | S12: =IF(M12="","",VLOOKUP(M12,$A:$H,8,FALSE)) -> 7 | T12: =IF(N12="","",VLOOKUP(N12,$A:$H,8,FALSE)) -> 7 | U12: =IF(O12="","",VLOOKUP(O12,$A:$H,8,FALSE)) -> 8 | W12: =IF(K12="","",VLOOKUP(K12,$A:$H,2,FALSE)) -> M3 | X12: =IF(L12="","",VLOOKUP(L12,$A:$H,2,FALSE)) -> M1 | Y12: =IF(M12="","",VLOOKUP(M12,$A:$H,2,FALSE)) -> A | Z12: =IF(N12="","",VLOOKUP(N12,$A:$H,2,FALSE)) -> A | AA12: =IF(O12="","",VLOOKUP(O12,$A:$H,2,FALSE)) -> K | AC12: X10
A13: Q | B13: Q | C13: =COUNTIF(K:K,$A13) -> 63 | D13: =COUNTIF(L:L,$A13) -> 32 | E13: =COUNTIF(M:M,$A13) -> 57 | F13: =COUNTIF(N:N,$A13) -> 60 | G13: =COUNTIF(O:O,$A13) -> 60 | H13: 9 | J13: 9 | K13: A | L13: J | M13: M1G | N13: K | O13: M1 | Q13: =IF(K13="","",VLOOKUP(K13,$A:$H,8,FALSE)) -> 7 | R13: =IF(L13="","",VLOOKUP(L13,$A:$H,8,FALSE)) -> 10 | S13: =IF(M13="","",VLOOKUP(M13,$A:$H,8,FALSE)) -> 11 | T13: =IF(N13="","",VLOOKUP(N13,$A:$H,8,FALSE)) -> 8 | U13: =IF(O13="","",VLOOKUP(O13,$A:$H,8,FALSE)) -> 3 | W13: =IF(K13="","",VLOOKUP(K13,$A:$H,2,FALSE)) -> A | X13: =IF(L13="","",VLOOKUP(L13,$A:$H,2,FALSE)) -> J | Y13: =IF(M13="","",VLOOKUP(M13,$A:$H,2,FALSE)) -> M1G | Z13: =IF(N13="","",VLOOKUP(N13,$A:$H,2,FALSE)) -> K | AA13: =IF(O13="","",VLOOKUP(O13,$A:$H,2,FALSE)) -> M1 | AC13: X20
A14: J | B14: J | C14: =COUNTIF(K:K,$A14) -> 64 | D14: =COUNTIF(L:L,$A14) -> 33 | E14: =COUNTIF(M:M,$A14) -> 37 | F14: =COUNTIF(N:N,$A14) -> 30 | G14: =COUNTIF(O:O,$A14) -> 85 | H14: 10 | J14: 10 | K14: Q | L14: QG | M14: J | N14: M2 | O14: J | Q14: =IF(K14="","",VLOOKUP(K14,$A:$H,8,FALSE)) -> 9 | R14: =IF(L14="","",VLOOKUP(L14,$A:$H,8,FALSE)) -> 17 | S14: =IF(M14="","",VLOOKUP(M14,$A:$H,8,FALSE)) -> 10 | T14: =IF(N14="","",VLOOKUP(N14,$A:$H,8,FALSE)) -> 4 | U14: =IF(O14="","",VLOOKUP(O14,$A:$H,8,FALSE)) -> 10 | W14: =IF(K14="","",VLOOKUP(K14,$A:$H,2,FALSE)) -> Q | X14: =IF(L14="","",VLOOKUP(L14,$A:$H,2,FALSE)) -> QG | Y14: =IF(M14="","",VLOOKUP(M14,$A:$H,2,FALSE)) -> J | Z14: =IF(N14="","",VLOOKUP(N14,$A:$H,2,FALSE)) -> M2 | AA14: =IF(O14="","",VLOOKUP(O14,$A:$H,2,FALSE)) -> J
A15: M1G | B15: M1G | C15: =COUNTIF(K:K,$A15) -> 0 | D15: =COUNTIF(L:L,$A15) -> 2 | E15: =COUNTIF(M:M,$A15) -> 3 | F15: =COUNTIF(N:N,$A15) -> 3 | G15: =COUNTIF(O:O,$A15) -> 0 | H15: 11 | J15: 11 | K15: A | L15: M3 | M15: Q | N15: A | O15: M4 | Q15: =IF(K15="","",VLOOKUP(K15,$A:$H,8,FALSE)) -> 7 | R15: =IF(L15="","",VLOOKUP(L15,$A:$H,8,FALSE)) -> 5 | S15: =IF(M15="","",VLOOKUP(M15,$A:$H,8,FALSE)) -> 9 | T15: =IF(N15="","",VLOOKUP(N15,$A:$H,8,FALSE)) -> 7 | U15: =IF(O15="","",VLOOKUP(O15,$A:$H,8,FALSE)) -> 6 | W15: =IF(K15="","",VLOOKUP(K15,$A:$H,2,FALSE)) -> A | X15: =IF(L15="","",VLOOKUP(L15,$A:$H,2,FALSE)) -> M3 | Y15: =IF(M15="","",VLOOKUP(M15,$A:$H,2,FALSE)) -> Q | Z15: =IF(N15="","",VLOOKUP(N15,$A:$H,2,FALSE)) -> A | AA15: =IF(O15="","",VLOOKUP(O15,$A:$H,2,FALSE)) -> M4
A16: M2G | B16: M2G | C16: =COUNTIF(K:K,$A16) -> 0 | D16: =COUNTIF(L:L,$A16) -> 7 | E16: =COUNTIF(M:M,$A16) -> 2 | F16: =COUNTIF(N:N,$A16) -> 4 | G16: =COUNTIF(O:O,$A16) -> 0 | H16: 12 | J16: 12 | K16: J | L16: M1G | M16: JG | N16: AG | O16: M3 | Q16: =IF(K16="","",VLOOKUP(K16,$A:$H,8,FALSE)) -> 10 | R16: =IF(L16="","",VLOOKUP(L16,$A:$H,8,FALSE)) -> 11 | S16: =IF(M16="","",VLOOKUP(M16,$A:$H,8,FALSE)) -> 18 | T16: =IF(N16="","",VLOOKUP(N16,$A:$H,8,FALSE)) -> 15 | U16: =IF(O16="","",VLOOKUP(O16,$A:$H,8,FALSE)) -> 5 | W16: =IF(K16="","",VLOOKUP(K16,$A:$H,2,FALSE)) -> J | X16: =IF(L16="","",VLOOKUP(L16,$A:$H,2,FALSE)) -> M1G | Y16: =IF(M16="","",VLOOKUP(M16,$A:$H,2,FALSE)) -> JG | Z16: =IF(N16="","",VLOOKUP(N16,$A:$H,2,FALSE)) -> AG | AA16: =IF(O16="","",VLOOKUP(O16,$A:$H,2,FALSE)) -> M3
A17: M3G | B17: M3G | C17: =COUNTIF(K:K,$A17) -> 0 | D17: =COUNTIF(L:L,$A17) -> 4 | E17: =COUNTIF(M:M,$A17) -> 8 | F17: =COUNTIF(N:N,$A17) -> 4 | G17: =COUNTIF(O:O,$A17) -> 0 | H17: 13 | J17: 13 | K17: M2 | L17: K | M17: A | N17: K | O17: J | Q17: =IF(K17="","",VLOOKUP(K17,$A:$H,8,FALSE)) -> 4 | R17: =IF(L17="","",VLOOKUP(L17,$A:$H,8,FALSE)) -> 8 | S17: =IF(M17="","",VLOOKUP(M17,$A:$H,8,FALSE)) -> 7 | T17: =IF(N17="","",VLOOKUP(N17,$A:$H,8,FALSE)) -> 8 | U17: =IF(O17="","",VLOOKUP(O17,$A:$H,8,FALSE)) -> 10 | W17: =IF(K17="","",VLOOKUP(K17,$A:$H,2,FALSE)) -> M2 | X17: =IF(L17="","",VLOOKUP(L17,$A:$H,2,FALSE)) -> K | Y17: =IF(M17="","",VLOOKUP(M17,$A:$H,2,FALSE)) -> A | Z17: =IF(N17="","",VLOOKUP(N17,$A:$H,2,FALSE)) -> K | AA17: =IF(O17="","",VLOOKUP(O17,$A:$H,2,FALSE)) -> J
A18: M4G | B18: M4G | C18: =COUNTIF(K:K,$A18) -> 0 | D18: =COUNTIF(L:L,$A18) -> 16 | E18: =COUNTIF(M:M,$A18) -> 8 | F18: =COUNTIF(N:N,$A18) -> 9 | G18: =COUNTIF(O:O,$A18) -> 0 | H18: 14 | J18: 14 | K18: Q | L18: M3 | M18: J | N18: A | O18: M1 | Q18: =IF(K18="","",VLOOKUP(K18,$A:$H,8,FALSE)) -> 9 | R18: =IF(L18="","",VLOOKUP(L18,$A:$H,8,FALSE)) -> 5 | S18: =IF(M18="","",VLOOKUP(M18,$A:$H,8,FALSE)) -> 10 | T18: =IF(N18="","",VLOOKUP(N18,$A:$H,8,FALSE)) -> 7 | U18: =IF(O18="","",VLOOKUP(O18,$A:$H,8,FALSE)) -> 3 | W18: =IF(K18="","",VLOOKUP(K18,$A:$H,2,FALSE)) -> Q | X18: =IF(L18="","",VLOOKUP(L18,$A:$H,2,FALSE)) -> M3 | Y18: =IF(M18="","",VLOOKUP(M18,$A:$H,2,FALSE)) -> J | Z18: =IF(N18="","",VLOOKUP(N18,$A:$H,2,FALSE)) -> A | AA18: =IF(O18="","",VLOOKUP(O18,$A:$H,2,FALSE)) -> M1
A19: AG | B19: AG | C19: =COUNTIF(K:K,$A19) -> 0 | D19: =COUNTIF(L:L,$A19) -> 20 | E19: =COUNTIF(M:M,$A19) -> 14 | F19: =COUNTIF(N:N,$A19) -> 7 | G19: =COUNTIF(O:O,$A19) -> 0 | H19: 15 | J19: 15 | K19: C1 | L19: Q | M19: AG | N19: M2G | O19: J | Q19: =IF(K19="","",VLOOKUP(K19,$A:$H,8,FALSE)) -> 2 | R19: =IF(L19="","",VLOOKUP(L19,$A:$H,8,FALSE)) -> 9 | S19: =IF(M19="","",VLOOKUP(M19,$A:$H,8,FALSE)) -> 15 | T19: =IF(N19="","",VLOOKUP(N19,$A:$H,8,FALSE)) -> 12 | U19: =IF(O19="","",VLOOKUP(O19,$A:$H,8,FALSE)) -> 10 | W19: =IF(K19="","",VLOOKUP(K19,$A:$H,2,FALSE)) -> Scatter | X19: =IF(L19="","",VLOOKUP(L19,$A:$H,2,FALSE)) -> Q | Y19: =IF(M19="","",VLOOKUP(M19,$A:$H,2,FALSE)) -> AG | Z19: =IF(N19="","",VLOOKUP(N19,$A:$H,2,FALSE)) -> M2G | AA19: =IF(O19="","",VLOOKUP(O19,$A:$H,2,FALSE)) -> J
A20: KG | B20: KG | C20: =COUNTIF(K:K,$A20) -> 0 | D20: =COUNTIF(L:L,$A20) -> 16 | E20: =COUNTIF(M:M,$A20) -> 16 | F20: =COUNTIF(N:N,$A20) -> 17 | G20: =COUNTIF(O:O,$A20) -> 0 | H20: 16 | J20: 16 | K20: J | L20: J | M20: A | N20: K | O20: M1 | Q20: =IF(K20="","",VLOOKUP(K20,$A:$H,8,FALSE)) -> 10 | R20: =IF(L20="","",VLOOKUP(L20,$A:$H,8,FALSE)) -> 10 | S20: =IF(M20="","",VLOOKUP(M20,$A:$H,8,FALSE)) -> 7 | T20: =IF(N20="","",VLOOKUP(N20,$A:$H,8,FALSE)) -> 8 | U20: =IF(O20="","",VLOOKUP(O20,$A:$H,8,FALSE)) -> 3 | W20: =IF(K20="","",VLOOKUP(K20,$A:$H,2,FALSE)) -> J | X20: =IF(L20="","",VLOOKUP(L20,$A:$H,2,FALSE)) -> J | Y20: =IF(M20="","",VLOOKUP(M20,$A:$H,2,FALSE)) -> A | Z20: =IF(N20="","",VLOOKUP(N20,$A:$H,2,FALSE)) -> K | AA20: =IF(O20="","",VLOOKUP(O20,$A:$H,2,FALSE)) -> M1
A21: QG | B21: QG | C21: =COUNTIF(K:K,$A21) -> 0 | D21: =COUNTIF(L:L,$A21) -> 15 | E21: =COUNTIF(M:M,$A21) -> 19 | F21: =COUNTIF(N:N,$A21) -> 11 | G21: =COUNTIF(O:O,$A21) -> 0 | H21: 17 | J21: 17 | K21: A | L21: AG | M21: J | N21: K | O21: J | Q21: =IF(K21="","",VLOOKUP(K21,$A:$H,8,FALSE)) -> 7 | R21: =IF(L21="","",VLOOKUP(L21,$A:$H,8,FALSE)) -> 15 | S21: =IF(M21="","",VLOOKUP(M21,$A:$H,8,FALSE)) -> 10 | T21: =IF(N21="","",VLOOKUP(N21,$A:$H,8,FALSE)) -> 8 | U21: =IF(O21="","",VLOOKUP(O21,$A:$H,8,FALSE)) -> 10 | W21: =IF(K21="","",VLOOKUP(K21,$A:$H,2,FALSE)) -> A | X21: =IF(L21="","",VLOOKUP(L21,$A:$H,2,FALSE)) -> AG | Y21: =IF(M21="","",VLOOKUP(M21,$A:$H,2,FALSE)) -> J | Z21: =IF(N21="","",VLOOKUP(N21,$A:$H,2,FALSE)) -> K | AA21: =IF(O21="","",VLOOKUP(O21,$A:$H,2,FALSE)) -> J
A22: JG | B22: JG | C22: =COUNTIF(K:K,$A22) -> 0 | D22: =COUNTIF(L:L,$A22) -> 25 | E22: =COUNTIF(M:M,$A22) -> 19 | F22: =COUNTIF(N:N,$A22) -> 9 | G22: =COUNTIF(O:O,$A22) -> 0 | H22: 18 | J22: 18 | K22: Q | L22: K | M22: JG | N22: M4 | O22: M2 | Q22: =IF(K22="","",VLOOKUP(K22,$A:$H,8,FALSE)) -> 9 | R22: =IF(L22="","",VLOOKUP(L22,$A:$H,8,FALSE)) -> 8 | S22: =IF(M22="","",VLOOKUP(M22,$A:$H,8,FALSE)) -> 18 | T22: =IF(N22="","",VLOOKUP(N22,$A:$H,8,FALSE)) -> 6 | U22: =IF(O22="","",VLOOKUP(O22,$A:$H,8,FALSE)) -> 4 | W22: =IF(K22="","",VLOOKUP(K22,$A:$H,2,FALSE)) -> Q | X22: =IF(L22="","",VLOOKUP(L22,$A:$H,2,FALSE)) -> K | Y22: =IF(M22="","",VLOOKUP(M22,$A:$H,2,FALSE)) -> JG | Z22: =IF(N22="","",VLOOKUP(N22,$A:$H,2,FALSE)) -> M4 | AA22: =IF(O22="","",VLOOKUP(O22,$A:$H,2,FALSE)) -> M2
A23: -- | C23: =SUM(C4:C22) -> 400 | D23: =SUM(D4:D22) -> 400 | E23: =SUM(E4:E22) -> 400 | F23: =SUM(F4:F22) -> 400 | G23: =SUM(G4:G22) -> 400 | J23: 19 | K23: A | L23: J | M23: J | N23: K | O23: M3 | Q23: =IF(K23="","",VLOOKUP(K23,$A:$H,8,FALSE)) -> 7 | R23: =IF(L23="","",VLOOKUP(L23,$A:$H,8,FALSE)) -> 10 | S23: =IF(M23="","",VLOOKUP(M23,$A:$H,8,FALSE)) -> 10 | T23: =IF(N23="","",VLOOKUP(N23,$A:$H,8,FALSE)) -> 8 | U23: =IF(O23="","",VLOOKUP(O23,$A:$H,8,FALSE)) -> 5 | W23: =IF(K23="","",VLOOKUP(K23,$A:$H,2,FALSE)) -> A | X23: =IF(L23="","",VLOOKUP(L23,$A:$H,2,FALSE)) -> J | Y23: =IF(M23="","",VLOOKUP(M23,$A:$H,2,FALSE)) -> J | Z23: =IF(N23="","",VLOOKUP(N23,$A:$H,2,FALSE)) -> K | AA23: =IF(O23="","",VLOOKUP(O23,$A:$H,2,FALSE)) -> M3
J24: 20 | K24: M1 | L24: M3 | M24: A | N24: KG | O24: Q | Q24: =IF(K24="","",VLOOKUP(K24,$A:$H,8,FALSE)) -> 3 | R24: =IF(L24="","",VLOOKUP(L24,$A:$H,8,FALSE)) -> 5 | S24: =IF(M24="","",VLOOKUP(M24,$A:$H,8,FALSE)) -> 7 | T24: =IF(N24="","",VLOOKUP(N24,$A:$H,8,FALSE)) -> 16 | U24: =IF(O24="","",VLOOKUP(O24,$A:$H,8,FALSE)) -> 9 | W24: =IF(K24="","",VLOOKUP(K24,$A:$H,2,FALSE)) -> M1 | X24: =IF(L24="","",VLOOKUP(L24,$A:$H,2,FALSE)) -> M3 | Y24: =IF(M24="","",VLOOKUP(M24,$A:$H,2,FALSE)) -> A | Z24: =IF(N24="","",VLOOKUP(N24,$A:$H,2,FALSE)) -> KG | AA24: =IF(O24="","",VLOOKUP(O24,$A:$H,2,FALSE)) -> Q
J25: 21 | K25: M4 | L25: M3G | M25: M4 | N25: A | O25: M2 | Q25: =IF(K25="","",VLOOKUP(K25,$A:$H,8,FALSE)) -> 6 | R25: =IF(L25="","",VLOOKUP(L25,$A:$H,8,FALSE)) -> 13 | S25: =IF(M25="","",VLOOKUP(M25,$A:$H,8,FALSE)) -> 6 | T25: =IF(N25="","",VLOOKUP(N25,$A:$H,8,FALSE)) -> 7 | U25: =IF(O25="","",VLOOKUP(O25,$A:$H,8,FALSE)) -> 4 | W25: =IF(K25="","",VLOOKUP(K25,$A:$H,2,FALSE)) -> M4 | X25: =IF(L25="","",VLOOKUP(L25,$A:$H,2,FALSE)) -> M3G | Y25: =IF(M25="","",VLOOKUP(M25,$A:$H,2,FALSE)) -> M4 | Z25: =IF(N25="","",VLOOKUP(N25,$A:$H,2,FALSE)) -> A | AA25: =IF(O25="","",VLOOKUP(O25,$A:$H,2,FALSE)) -> M2
J26: 22 | K26: A | L26: Q | M26: M4 | N26: Q | O26: J | Q26: =IF(K26="","",VLOOKUP(K26,$A:$H,8,FALSE)) -> 7 | R26: =IF(L26="","",VLOOKUP(L26,$A:$H,8,FALSE)) -> 9 | S26: =IF(M26="","",VLOOKUP(M26,$A:$H,8,FALSE)) -> 6 | T26: =IF(N26="","",VLOOKUP(N26,$A:$H,8,FALSE)) -> 9 | U26: =IF(O26="","",VLOOKUP(O26,$A:$H,8,FALSE)) -> 10 | W26: =IF(K26="","",VLOOKUP(K26,$A:$H,2,FALSE)) -> A | X26: =IF(L26="","",VLOOKUP(L26,$A:$H,2,FALSE)) -> Q | Y26: =IF(M26="","",VLOOKUP(M26,$A:$H,2,FALSE)) -> M4 | Z26: =IF(N26="","",VLOOKUP(N26,$A:$H,2,FALSE)) -> Q | AA26: =IF(O26="","",VLOOKUP(O26,$A:$H,2,FALSE)) -> J
J27: 23 | K27: A | L27: AG | M27: A | N27: M4 | O27: M3 | Q27: =IF(K27="","",VLOOKUP(K27,$A:$H,8,FALSE)) -> 7 | R27: =IF(L27="","",VLOOKUP(L27,$A:$H,8,FALSE)) -> 15 | S27: =IF(M27="","",VLOOKUP(M27,$A:$H,8,FALSE)) -> 7 | T27: =IF(N27="","",VLOOKUP(N27,$A:$H,8,FALSE)) -> 6 | U27: =IF(O27="","",VLOOKUP(O27,$A:$H,8,FALSE)) -> 5 | W27: =IF(K27="","",VLOOKUP(K27,$A:$H,2,FALSE)) -> A | X27: =IF(L27="","",VLOOKUP(L27,$A:$H,2,FALSE)) -> AG | Y27: =IF(M27="","",VLOOKUP(M27,$A:$H,2,FALSE)) -> A | Z27: =IF(N27="","",VLOOKUP(N27,$A:$H,2,FALSE)) -> M4 | AA27: =IF(O27="","",VLOOKUP(O27,$A:$H,2,FALSE)) -> M3
J28: 24 | K28: K | L28: K | M28: M4G | N28: K | O28: J | Q28: =IF(K28="","",VLOOKUP(K28,$A:$H,8,FALSE)) -> 8 | R28: =IF(L28="","",VLOOKUP(L28,$A:$H,8,FALSE)) -> 8 | S28: =IF(M28="","",VLOOKUP(M28,$A:$H,8,FALSE)) -> 14 | T28: =IF(N28="","",VLOOKUP(N28,$A:$H,8,FALSE)) -> 8 | U28: =IF(O28="","",VLOOKUP(O28,$A:$H,8,FALSE)) -> 10 | W28: =IF(K28="","",VLOOKUP(K28,$A:$H,2,FALSE)) -> K | X28: =IF(L28="","",VLOOKUP(L28,$A:$H,2,FALSE)) -> K | Y28: =IF(M28="","",VLOOKUP(M28,$A:$H,2,FALSE)) -> M4G | Z28: =IF(N28="","",VLOOKUP(N28,$A:$H,2,FALSE)) -> K | AA28: =IF(O28="","",VLOOKUP(O28,$A:$H,2,FALSE)) -> J
J29: 25 | K29: M2 | L29: QG | M29: J | N29: J | O29: M3 | Q29: =IF(K29="","",VLOOKUP(K29,$A:$H,8,FALSE)) -> 4 | R29: =IF(L29="","",VLOOKUP(L29,$A:$H,8,FALSE)) -> 17 | S29: =IF(M29="","",VLOOKUP(M29,$A:$H,8,FALSE)) -> 10 | T29: =IF(N29="","",VLOOKUP(N29,$A:$H,8,FALSE)) -> 10 | U29: =IF(O29="","",VLOOKUP(O29,$A:$H,8,FALSE)) -> 5 | W29: =IF(K29="","",VLOOKUP(K29,$A:$H,2,FALSE)) -> M2 | X29: =IF(L29="","",VLOOKUP(L29,$A:$H,2,FALSE)) -> QG | Y29: =IF(M29="","",VLOOKUP(M29,$A:$H,2,FALSE)) -> J | Z29: =IF(N29="","",VLOOKUP(N29,$A:$H,2,FALSE)) -> J | AA29: =IF(O29="","",VLOOKUP(O29,$A:$H,2,FALSE)) -> M3
J30: 26 | K30: M1 | L30: M4 | M30: J | N30: M1 | O30: M3 | Q30: =IF(K30="","",VLOOKUP(K30,$A:$H,8,FALSE)) -> 3 | R30: =IF(L30="","",VLOOKUP(L30,$A:$H,8,FALSE)) -> 6 | S30: =IF(M30="","",VLOOKUP(M30,$A:$H,8,FALSE)) -> 10 | T30: =IF(N30="","",VLOOKUP(N30,$A:$H,8,FALSE)) -> 3 | U30: =IF(O30="","",VLOOKUP(O30,$A:$H,8,FALSE)) -> 5 | W30: =IF(K30="","",VLOOKUP(K30,$A:$H,2,FALSE)) -> M1 | X30: =IF(L30="","",VLOOKUP(L30,$A:$H,2,FALSE)) -> M4 | Y30: =IF(M30="","",VLOOKUP(M30,$A:$H,2,FALSE)) -> J | Z30: =IF(N30="","",VLOOKUP(N30,$A:$H,2,FALSE)) -> M1 | AA30: =IF(O30="","",VLOOKUP(O30,$A:$H,2,FALSE)) -> M3
J31: 27 | K31: Q | L31: J | M31: JG | N31: J | O31: M4 | Q31: =IF(K31="","",VLOOKUP(K31,$A:$H,8,FALSE)) -> 9 | R31: =IF(L31="","",VLOOKUP(L31,$A:$H,8,FALSE)) -> 10 | S31: =IF(M31="","",VLOOKUP(M31,$A:$H,8,FALSE)) -> 18 | T31: =IF(N31="","",VLOOKUP(N31,$A:$H,8,FALSE)) -> 10 | U31: =IF(O31="","",VLOOKUP(O31,$A:$H,8,FALSE)) -> 6 | W31: =IF(K31="","",VLOOKUP(K31,$A:$H,2,FALSE)) -> Q | X31: =IF(L31="","",VLOOKUP(L31,$A:$H,2,FALSE)) -> J | Y31: =IF(M31="","",VLOOKUP(M31,$A:$H,2,FALSE)) -> JG | Z31: =IF(N31="","",VLOOKUP(N31,$A:$H,2,FALSE)) -> J | AA31: =IF(O31="","",VLOOKUP(O31,$A:$H,2,FALSE)) -> M4
J32: 28 | K32: K | L32: KG | M32: M1 | N32: JG | O32: J | Q32: =IF(K32="","",VLOOKUP(K32,$A:$H,8,FALSE)) -> 8 | R32: =IF(L32="","",VLOOKUP(L32,$A:$H,8,FALSE)) -> 16 | S32: =IF(M32="","",VLOOKUP(M32,$A:$H,8,FALSE)) -> 3 | T32: =IF(N32="","",VLOOKUP(N32,$A:$H,8,FALSE)) -> 18 | U32: =IF(O32="","",VLOOKUP(O32,$A:$H,8,FALSE)) -> 10 | W32: =IF(K32="","",VLOOKUP(K32,$A:$H,2,FALSE)) -> K | X32: =IF(L32="","",VLOOKUP(L32,$A:$H,2,FALSE)) -> KG | Y32: =IF(M32="","",VLOOKUP(M32,$A:$H,2,FALSE)) -> M1 | Z32: =IF(N32="","",VLOOKUP(N32,$A:$H,2,FALSE)) -> JG | AA32: =IF(O32="","",VLOOKUP(O32,$A:$H,2,FALSE)) -> J
J33: 29 | K33: A | L33: M3 | M33: M4 | N33: Q | O33: J | Q33: =IF(K33="","",VLOOKUP(K33,$A:$H,8,FALSE)) -> 7 | R33: =IF(L33="","",VLOOKUP(L33,$A:$H,8,FALSE)) -> 5 | S33: =IF(M33="","",VLOOKUP(M33,$A:$H,8,FALSE)) -> 6 | T33: =IF(N33="","",VLOOKUP(N33,$A:$H,8,FALSE)) -> 9 | U33: =IF(O33="","",VLOOKUP(O33,$A:$H,8,FALSE)) -> 10 | W33: =IF(K33="","",VLOOKUP(K33,$A:$H,2,FALSE)) -> A | X33: =IF(L33="","",VLOOKUP(L33,$A:$H,2,FALSE)) -> M3 | Y33: =IF(M33="","",VLOOKUP(M33,$A:$H,2,FALSE)) -> M4 | Z33: =IF(N33="","",VLOOKUP(N33,$A:$H,2,FALSE)) -> Q | AA33: =IF(O33="","",VLOOKUP(O33,$A:$H,2,FALSE)) -> J
J34: 30 | K34: M3 | L34: M2G | M34: A | N34: M2 | O34: M3 | Q34: =IF(K34="","",VLOOKUP(K34,$A:$H,8,FALSE)) -> 5 | R34: =IF(L34="","",VLOOKUP(L34,$A:$H,8,FALSE)) -> 12 | S34: =IF(M34="","",VLOOKUP(M34,$A:$H,8,FALSE)) -> 7 | T34: =IF(N34="","",VLOOKUP(N34,$A:$H,8,FALSE)) -> 4 | U34: =IF(O34="","",VLOOKUP(O34,$A:$H,8,FALSE)) -> 5 | W34: =IF(K34="","",VLOOKUP(K34,$A:$H,2,FALSE)) -> M3 | X34: =IF(L34="","",VLOOKUP(L34,$A:$H,2,FALSE)) -> M2G | Y34: =IF(M34="","",VLOOKUP(M34,$A:$H,2,FALSE)) -> A | Z34: =IF(N34="","",VLOOKUP(N34,$A:$H,2,FALSE)) -> M2 | AA34: =IF(O34="","",VLOOKUP(O34,$A:$H,2,FALSE)) -> M3
J35: 31 | K35: J | L35: Q | M35: M4G | N35: JG | O35: Q | Q35: =IF(K35="","",VLOOKUP(K35,$A:$H,8,FALSE)) -> 10 | R35: =IF(L35="","",VLOOKUP(L35,$A:$H,8,FALSE)) -> 9 | S35: =IF(M35="","",VLOOKUP(M35,$A:$H,8,FALSE)) -> 14 | T35: =IF(N35="","",VLOOKUP(N35,$A:$H,8,FALSE)) -> 18 | U35: =IF(O35="","",VLOOKUP(O35,$A:$H,8,FALSE)) -> 9 | W35: =IF(K35="","",VLOOKUP(K35,$A:$H,2,FALSE)) -> J | X35: =IF(L35="","",VLOOKUP(L35,$A:$H,2,FALSE)) -> Q | Y35: =IF(M35="","",VLOOKUP(M35,$A:$H,2,FALSE)) -> M4G | Z35: =IF(N35="","",VLOOKUP(N35,$A:$H,2,FALSE)) -> JG | AA35: =IF(O35="","",VLOOKUP(O35,$A:$H,2,FALSE)) -> Q
... J403: 399 | K403: K | L403: KG | M403: AG | N403: M4 | O403: M3 | Q403: =IF(K403="","",VLOOKUP(K403,$A:$H,8,FALSE)) -> 8 | R403: =IF(L403="","",VLOOKUP(L403,$A:$H,8,FALSE)) -> 16 | S403: =IF(M403="","",VLOOKUP(M403,$A:$H,8,FALSE)) -> 15 | T403: =IF(N403="","",VLOOKUP(N403,$A:$H,8,FALSE)) -> 6 | U403: =IF(O403="","",VLOOKUP(O403,$A:$H,8,FALSE)) -> 5 | W403: =IF(K403="","",VLOOKUP(K403,$A:$H,2,FALSE)) -> K | X403: =IF(L403="","",VLOOKUP(L403,$A:$H,2,FALSE)) -> KG | Y403: =IF(M403="","",VLOOKUP(M403,$A:$H,2,FALSE)) -> AG | Z403: =IF(N403="","",VLOOKUP(N403,$A:$H,2,FALSE)) -> M4 | AA403: =IF(O403="","",VLOOKUP(O403,$A:$H,2,FALSE)) -> M3

Sheet Free Game Symbol - High - K
J2: Symbol | Q2: ID | W2: Description | AC2: Random Wild | AD2: Weight
A3: Symbol | B3: Description | C3: R1 | D3: R2 | E3: R3 | F3: R4 | G3: R5 | H3: ID | J3: Line # | K3: R1 | L3: R2 | M3: R3 | N3: R4 | O3: R5 | Q3: R1 | R3: R2 | S3: R3 | T3: R4 | U3: R5 | W3: R1 | X3: R2 | Y3: R3 | Z3: R4 | AA3: R5 | AC3: 0 | AD3: 13128
A4: WW1 | B4: Wild1 | C4: =COUNTIF(K:K,$A4) -> 0 | D4: =COUNTIF(L:L,$A4) -> 0 | E4: =COUNTIF(M:M,$A4) -> 0 | F4: =COUNTIF(N:N,$A4) -> 0 | G4: =COUNTIF(O:O,$A4) -> 0 | H4: 0 | J4: 0 | K4: K | L4: M1G | M4: J | N4: J | O4: J | Q4: =IF(K4="","",VLOOKUP(K4,$A:$H,8,FALSE)) -> 8 | R4: =IF(L4="","",VLOOKUP(L4,$A:$H,8,FALSE)) -> 11 | S4: =IF(M4="","",VLOOKUP(M4,$A:$H,8,FALSE)) -> 10 | T4: =IF(N4="","",VLOOKUP(N4,$A:$H,8,FALSE)) -> 10 | U4: =IF(O4="","",VLOOKUP(O4,$A:$H,8,FALSE)) -> 10 | W4: =IF(K4="","",VLOOKUP(K4,$A:$H,2,FALSE)) -> K | X4: =IF(L4="","",VLOOKUP(L4,$A:$H,2,FALSE)) -> M1G | Y4: =IF(M4="","",VLOOKUP(M4,$A:$H,2,FALSE)) -> J | Z4: =IF(N4="","",VLOOKUP(N4,$A:$H,2,FALSE)) -> J | AA4: =IF(O4="","",VLOOKUP(O4,$A:$H,2,FALSE)) -> J | AC4: 2 | AD4: 2000
A5: WW2 | B5: Wild2 | C5: =COUNTIF(K:K,$A5) -> 0 | D5: =COUNTIF(L:L,$A5) -> 0 | E5: =COUNTIF(M:M,$A5) -> 0 | F5: =COUNTIF(N:N,$A5) -> 0 | G5: =COUNTIF(O:O,$A5) -> 0 | H5: 1 | J5: 1 | K5: K | L5: M1 | M5: AG | N5: M4 | O5: Q | Q5: =IF(K5="","",VLOOKUP(K5,$A:$H,8,FALSE)) -> 8 | R5: =IF(L5="","",VLOOKUP(L5,$A:$H,8,FALSE)) -> 3 | S5: =IF(M5="","",VLOOKUP(M5,$A:$H,8,FALSE)) -> 15 | T5: =IF(N5="","",VLOOKUP(N5,$A:$H,8,FALSE)) -> 6 | U5: =IF(O5="","",VLOOKUP(O5,$A:$H,8,FALSE)) -> 9 | W5: =IF(K5="","",VLOOKUP(K5,$A:$H,2,FALSE)) -> K | X5: =IF(L5="","",VLOOKUP(L5,$A:$H,2,FALSE)) -> M1 | Y5: =IF(M5="","",VLOOKUP(M5,$A:$H,2,FALSE)) -> AG | Z5: =IF(N5="","",VLOOKUP(N5,$A:$H,2,FALSE)) -> M4 | AA5: =IF(O5="","",VLOOKUP(O5,$A:$H,2,FALSE)) -> Q | AC5: 3 | AD5: 500
A6: C1 | B6: Scatter | C6: =COUNTIF(K:K,$A6) -> 5 | D6: =COUNTIF(L:L,$A6) -> 8 | E6: =COUNTIF(M:M,$A6) -> 8 | F6: =COUNTIF(N:N,$A6) -> 4 | G6: =COUNTIF(O:O,$A6) -> 4 | H6: 2 | J6: 2 | K6: Q | L6: Q | M6: M2 | N6: M1G | O6: J | Q6: =IF(K6="","",VLOOKUP(K6,$A:$H,8,FALSE)) -> 9 | R6: =IF(L6="","",VLOOKUP(L6,$A:$H,8,FALSE)) -> 9 | S6: =IF(M6="","",VLOOKUP(M6,$A:$H,8,FALSE)) -> 4 | T6: =IF(N6="","",VLOOKUP(N6,$A:$H,8,FALSE)) -> 11 | U6: =IF(O6="","",VLOOKUP(O6,$A:$H,8,FALSE)) -> 10 | W6: =IF(K6="","",VLOOKUP(K6,$A:$H,2,FALSE)) -> Q | X6: =IF(L6="","",VLOOKUP(L6,$A:$H,2,FALSE)) -> Q | Y6: =IF(M6="","",VLOOKUP(M6,$A:$H,2,FALSE)) -> M2 | Z6: =IF(N6="","",VLOOKUP(N6,$A:$H,2,FALSE)) -> M1G | AA6: =IF(O6="","",VLOOKUP(O6,$A:$H,2,FALSE)) -> J | AC6: 4 | AD6: 200
A7: M1 | B7: M1 | C7: =COUNTIF(K:K,$A7) -> 27 | D7: =COUNTIF(L:L,$A7) -> 22 | E7: =COUNTIF(M:M,$A7) -> 24 | F7: =COUNTIF(N:N,$A7) -> 28 | G7: =COUNTIF(O:O,$A7) -> 32 | H7: 3 | J7: 3 | K7: A | L7: KG | M7: A | N7: A | O7: J | Q7: =IF(K7="","",VLOOKUP(K7,$A:$H,8,FALSE)) -> 7 | R7: =IF(L7="","",VLOOKUP(L7,$A:$H,8,FALSE)) -> 16 | S7: =IF(M7="","",VLOOKUP(M7,$A:$H,8,FALSE)) -> 7 | T7: =IF(N7="","",VLOOKUP(N7,$A:$H,8,FALSE)) -> 7 | U7: =IF(O7="","",VLOOKUP(O7,$A:$H,8,FALSE)) -> 10 | W7: =IF(K7="","",VLOOKUP(K7,$A:$H,2,FALSE)) -> A | X7: =IF(L7="","",VLOOKUP(L7,$A:$H,2,FALSE)) -> KG | Y7: =IF(M7="","",VLOOKUP(M7,$A:$H,2,FALSE)) -> A | Z7: =IF(N7="","",VLOOKUP(N7,$A:$H,2,FALSE)) -> A | AA7: =IF(O7="","",VLOOKUP(O7,$A:$H,2,FALSE)) -> J
A8: M2 | B8: M2 | C8: =COUNTIF(K:K,$A8) -> 36 | D8: =COUNTIF(L:L,$A8) -> 32 | E8: =COUNTIF(M:M,$A8) -> 23 | F8: =COUNTIF(N:N,$A8) -> 37 | G8: =COUNTIF(O:O,$A8) -> 32 | H8: 4 | J8: 4 | K8: M2 | L8: Q | M8: M4 | N8: M3 | O8: J | Q8: =IF(K8="","",VLOOKUP(K8,$A:$H,8,FALSE)) -> 4 | R8: =IF(L8="","",VLOOKUP(L8,$A:$H,8,FALSE)) -> 9 | S8: =IF(M8="","",VLOOKUP(M8,$A:$H,8,FALSE)) -> 6 | T8: =IF(N8="","",VLOOKUP(N8,$A:$H,8,FALSE)) -> 5 | U8: =IF(O8="","",VLOOKUP(O8,$A:$H,8,FALSE)) -> 10 | W8: =IF(K8="","",VLOOKUP(K8,$A:$H,2,FALSE)) -> M2 | X8: =IF(L8="","",VLOOKUP(L8,$A:$H,2,FALSE)) -> Q | Y8: =IF(M8="","",VLOOKUP(M8,$A:$H,2,FALSE)) -> M4 | Z8: =IF(N8="","",VLOOKUP(N8,$A:$H,2,FALSE)) -> M3 | AA8: =IF(O8="","",VLOOKUP(O8,$A:$H,2,FALSE)) -> J | AC8: Multiplier
A9: M3 | B9: M3 | C9: =COUNTIF(K:K,$A9) -> 32 | D9: =COUNTIF(L:L,$A9) -> 26 | E9: =COUNTIF(M:M,$A9) -> 35 | F9: =COUNTIF(N:N,$A9) -> 26 | G9: =COUNTIF(O:O,$A9) -> 62 | H9: 5 | J9: 5 | K9: J | L9: K | M9: M4G | N9: J | O9: M1 | Q9: =IF(K9="","",VLOOKUP(K9,$A:$H,8,FALSE)) -> 10 | R9: =IF(L9="","",VLOOKUP(L9,$A:$H,8,FALSE)) -> 8 | S9: =IF(M9="","",VLOOKUP(M9,$A:$H,8,FALSE)) -> 14 | T9: =IF(N9="","",VLOOKUP(N9,$A:$H,8,FALSE)) -> 10 | U9: =IF(O9="","",VLOOKUP(O9,$A:$H,8,FALSE)) -> 3 | W9: =IF(K9="","",VLOOKUP(K9,$A:$H,2,FALSE)) -> J | X9: =IF(L9="","",VLOOKUP(L9,$A:$H,2,FALSE)) -> K | Y9: =IF(M9="","",VLOOKUP(M9,$A:$H,2,FALSE)) -> M4G | Z9: =IF(N9="","",VLOOKUP(N9,$A:$H,2,FALSE)) -> J | AA9: =IF(O9="","",VLOOKUP(O9,$A:$H,2,FALSE)) -> M1 | AC9: X2
A10: M4 | B10: M4 | C10: =COUNTIF(K:K,$A10) -> 38 | D10: =COUNTIF(L:L,$A10) -> 42 | E10: =COUNTIF(M:M,$A10) -> 35 | F10: =COUNTIF(N:N,$A10) -> 58 | G10: =COUNTIF(O:O,$A10) -> 21 | H10: 6 | J10: 6 | K10: Q | L10: Q | M10: M2 | N10: A | O10: A | Q10: =IF(K10="","",VLOOKUP(K10,$A:$H,8,FALSE)) -> 9 | R10: =IF(L10="","",VLOOKUP(L10,$A:$H,8,FALSE)) -> 9 | S10: =IF(M10="","",VLOOKUP(M10,$A:$H,8,FALSE)) -> 4 | T10: =IF(N10="","",VLOOKUP(N10,$A:$H,8,FALSE)) -> 7 | U10: =IF(O10="","",VLOOKUP(O10,$A:$H,8,FALSE)) -> 7 | W10: =IF(K10="","",VLOOKUP(K10,$A:$H,2,FALSE)) -> Q | X10: =IF(L10="","",VLOOKUP(L10,$A:$H,2,FALSE)) -> Q | Y10: =IF(M10="","",VLOOKUP(M10,$A:$H,2,FALSE)) -> M2 | Z10: =IF(N10="","",VLOOKUP(N10,$A:$H,2,FALSE)) -> A | AA10: =IF(O10="","",VLOOKUP(O10,$A:$H,2,FALSE)) -> A | AC10: X4
A11: A | B11: A | C11: =COUNTIF(K:K,$A11) -> 72 | D11: =COUNTIF(L:L,$A11) -> 60 | E11: =COUNTIF(M:M,$A11) -> 52 | F11: =COUNTIF(N:N,$A11) -> 24 | G11: =COUNTIF(O:O,$A11) -> 48 | H11: 7 | J11: 7 | K11: M4 | L11: JG | M11: C1 | N11: KG | O11: J | Q11: =IF(K11="","",VLOOKUP(K11,$A:$H,8,FALSE)) -> 6 | R11: =IF(L11="","",VLOOKUP(L11,$A:$H,8,FALSE)) -> 18 | S11: =IF(M11="","",VLOOKUP(M11,$A:$H,8,FALSE)) -> 2 | T11: =IF(N11="","",VLOOKUP(N11,$A:$H,8,FALSE)) -> 16 | U11: =IF(O11="","",VLOOKUP(O11,$A:$H,8,FALSE)) -> 10 | W11: =IF(K11="","",VLOOKUP(K11,$A:$H,2,FALSE)) -> M4 | X11: =IF(L11="","",VLOOKUP(L11,$A:$H,2,FALSE)) -> JG | Y11: =IF(M11="","",VLOOKUP(M11,$A:$H,2,FALSE)) -> Scatter | Z11: =IF(N11="","",VLOOKUP(N11,$A:$H,2,FALSE)) -> KG | AA11: =IF(O11="","",VLOOKUP(O11,$A:$H,2,FALSE)) -> J | AC11: X6
A12: K | B12: K | C12: =COUNTIF(K:K,$A12) -> 63 | D12: =COUNTIF(L:L,$A12) -> 40 | E12: =COUNTIF(M:M,$A12) -> 40 | F12: =COUNTIF(N:N,$A12) -> 69 | G12: =COUNTIF(O:O,$A12) -> 56 | H12: 8 | J12: 8 | K12: M3 | L12: M1 | M12: A | N12: A | O12: K | Q12: =IF(K12="","",VLOOKUP(K12,$A:$H,8,FALSE)) -> 5 | R12: =IF(L12="","",VLOOKUP(L12,$A:$H,8,FALSE)) -> 3 | S12: =IF(M12="","",VLOOKUP(M12,$A:$H,8,FALSE)) -> 7 | T12: =IF(N12="","",VLOOKUP(N12,$A:$H,8,FALSE)) -> 7 | U12: =IF(O12="","",VLOOKUP(O12,$A:$H,8,FALSE)) -> 8 | W12: =IF(K12="","",VLOOKUP(K12,$A:$H,2,FALSE)) -> M3 | X12: =IF(L12="","",VLOOKUP(L12,$A:$H,2,FALSE)) -> M1 | Y12: =IF(M12="","",VLOOKUP(M12,$A:$H,2,FALSE)) -> A | Z12: =IF(N12="","",VLOOKUP(N12,$A:$H,2,FALSE)) -> A | AA12: =IF(O12="","",VLOOKUP(O12,$A:$H,2,FALSE)) -> K | AC12: X10
A13: Q | B13: Q | C13: =COUNTIF(K:K,$A13) -> 63 | D13: =COUNTIF(L:L,$A13) -> 32 | E13: =COUNTIF(M:M,$A13) -> 57 | F13: =COUNTIF(N:N,$A13) -> 60 | G13: =COUNTIF(O:O,$A13) -> 60 | H13: 9 | J13: 9 | K13: A | L13: J | M13: M1G | N13: K | O13: M1 | Q13: =IF(K13="","",VLOOKUP(K13,$A:$H,8,FALSE)) -> 7 | R13: =IF(L13="","",VLOOKUP(L13,$A:$H,8,FALSE)) -> 10 | S13: =IF(M13="","",VLOOKUP(M13,$A:$H,8,FALSE)) -> 11 | T13: =IF(N13="","",VLOOKUP(N13,$A:$H,8,FALSE)) -> 8 | U13: =IF(O13="","",VLOOKUP(O13,$A:$H,8,FALSE)) -> 3 | W13: =IF(K13="","",VLOOKUP(K13,$A:$H,2,FALSE)) -> A | X13: =IF(L13="","",VLOOKUP(L13,$A:$H,2,FALSE)) -> J | Y13: =IF(M13="","",VLOOKUP(M13,$A:$H,2,FALSE)) -> M1G | Z13: =IF(N13="","",VLOOKUP(N13,$A:$H,2,FALSE)) -> K | AA13: =IF(O13="","",VLOOKUP(O13,$A:$H,2,FALSE)) -> M1 | AC13: X20
A14: J | B14: J | C14: =COUNTIF(K:K,$A14) -> 64 | D14: =COUNTIF(L:L,$A14) -> 33 | E14: =COUNTIF(M:M,$A14) -> 37 | F14: =COUNTIF(N:N,$A14) -> 30 | G14: =COUNTIF(O:O,$A14) -> 85 | H14: 10 | J14: 10 | K14: Q | L14: QG | M14: J | N14: M2 | O14: J | Q14: =IF(K14="","",VLOOKUP(K14,$A:$H,8,FALSE)) -> 9 | R14: =IF(L14="","",VLOOKUP(L14,$A:$H,8,FALSE)) -> 17 | S14: =IF(M14="","",VLOOKUP(M14,$A:$H,8,FALSE)) -> 10 | T14: =IF(N14="","",VLOOKUP(N14,$A:$H,8,FALSE)) -> 4 | U14: =IF(O14="","",VLOOKUP(O14,$A:$H,8,FALSE)) -> 10 | W14: =IF(K14="","",VLOOKUP(K14,$A:$H,2,FALSE)) -> Q | X14: =IF(L14="","",VLOOKUP(L14,$A:$H,2,FALSE)) -> QG | Y14: =IF(M14="","",VLOOKUP(M14,$A:$H,2,FALSE)) -> J | Z14: =IF(N14="","",VLOOKUP(N14,$A:$H,2,FALSE)) -> M2 | AA14: =IF(O14="","",VLOOKUP(O14,$A:$H,2,FALSE)) -> J
A15: M1G | B15: M1G | C15: =COUNTIF(K:K,$A15) -> 0 | D15: =COUNTIF(L:L,$A15) -> 2 | E15: =COUNTIF(M:M,$A15) -> 3 | F15: =COUNTIF(N:N,$A15) -> 3 | G15: =COUNTIF(O:O,$A15) -> 0 | H15: 11 | J15: 11 | K15: A | L15: M3 | M15: Q | N15: A | O15: M4 | Q15: =IF(K15="","",VLOOKUP(K15,$A:$H,8,FALSE)) -> 7 | R15: =IF(L15="","",VLOOKUP(L15,$A:$H,8,FALSE)) -> 5 | S15: =IF(M15="","",VLOOKUP(M15,$A:$H,8,FALSE)) -> 9 | T15: =IF(N15="","",VLOOKUP(N15,$A:$H,8,FALSE)) -> 7 | U15: =IF(O15="","",VLOOKUP(O15,$A:$H,8,FALSE)) -> 6 | W15: =IF(K15="","",VLOOKUP(K15,$A:$H,2,FALSE)) -> A | X15: =IF(L15="","",VLOOKUP(L15,$A:$H,2,FALSE)) -> M3 | Y15: =IF(M15="","",VLOOKUP(M15,$A:$H,2,FALSE)) -> Q | Z15: =IF(N15="","",VLOOKUP(N15,$A:$H,2,FALSE)) -> A | AA15: =IF(O15="","",VLOOKUP(O15,$A:$H,2,FALSE)) -> M4
A16: M2G | B16: M2G | C16: =COUNTIF(K:K,$A16) -> 0 | D16: =COUNTIF(L:L,$A16) -> 7 | E16: =COUNTIF(M:M,$A16) -> 2 | F16: =COUNTIF(N:N,$A16) -> 4 | G16: =COUNTIF(O:O,$A16) -> 0 | H16: 12 | J16: 12 | K16: J | L16: M1G | M16: JG | N16: AG | O16: M3 | Q16: =IF(K16="","",VLOOKUP(K16,$A:$H,8,FALSE)) -> 10 | R16: =IF(L16="","",VLOOKUP(L16,$A:$H,8,FALSE)) -> 11 | S16: =IF(M16="","",VLOOKUP(M16,$A:$H,8,FALSE)) -> 18 | T16: =IF(N16="","",VLOOKUP(N16,$A:$H,8,FALSE)) -> 15 | U16: =IF(O16="","",VLOOKUP(O16,$A:$H,8,FALSE)) -> 5 | W16: =IF(K16="","",VLOOKUP(K16,$A:$H,2,FALSE)) -> J | X16: =IF(L16="","",VLOOKUP(L16,$A:$H,2,FALSE)) -> M1G | Y16: =IF(M16="","",VLOOKUP(M16,$A:$H,2,FALSE)) -> JG | Z16: =IF(N16="","",VLOOKUP(N16,$A:$H,2,FALSE)) -> AG | AA16: =IF(O16="","",VLOOKUP(O16,$A:$H,2,FALSE)) -> M3
A17: M3G | B17: M3G | C17: =COUNTIF(K:K,$A17) -> 0 | D17: =COUNTIF(L:L,$A17) -> 4 | E17: =COUNTIF(M:M,$A17) -> 8 | F17: =COUNTIF(N:N,$A17) -> 4 | G17: =COUNTIF(O:O,$A17) -> 0 | H17: 13 | J17: 13 | K17: M2 | L17: K | M17: A | N17: K | O17: J | Q17: =IF(K17="","",VLOOKUP(K17,$A:$H,8,FALSE)) -> 4 | R17: =IF(L17="","",VLOOKUP(L17,$A:$H,8,FALSE)) -> 8 | S17: =IF(M17="","",VLOOKUP(M17,$A:$H,8,FALSE)) -> 7 | T17: =IF(N17="","",VLOOKUP(N17,$A:$H,8,FALSE)) -> 8 | U17: =IF(O17="","",VLOOKUP(O17,$A:$H,8,FALSE)) -> 10 | W17: =IF(K17="","",VLOOKUP(K17,$A:$H,2,FALSE)) -> M2 | X17: =IF(L17="","",VLOOKUP(L17,$A:$H,2,FALSE)) -> K | Y17: =IF(M17="","",VLOOKUP(M17,$A:$H,2,FALSE)) -> A | Z17: =IF(N17="","",VLOOKUP(N17,$A:$H,2,FALSE)) -> K | AA17: =IF(O17="","",VLOOKUP(O17,$A:$H,2,FALSE)) -> J
A18: M4G | B18: M4G | C18: =COUNTIF(K:K,$A18) -> 0 | D18: =COUNTIF(L:L,$A18) -> 16 | E18: =COUNTIF(M:M,$A18) -> 8 | F18: =COUNTIF(N:N,$A18) -> 9 | G18: =COUNTIF(O:O,$A18) -> 0 | H18: 14 | J18: 14 | K18: Q | L18: M3 | M18: J | N18: A | O18: M1 | Q18: =IF(K18="","",VLOOKUP(K18,$A:$H,8,FALSE)) -> 9 | R18: =IF(L18="","",VLOOKUP(L18,$A:$H,8,FALSE)) -> 5 | S18: =IF(M18="","",VLOOKUP(M18,$A:$H,8,FALSE)) -> 10 | T18: =IF(N18="","",VLOOKUP(N18,$A:$H,8,FALSE)) -> 7 | U18: =IF(O18="","",VLOOKUP(O18,$A:$H,8,FALSE)) -> 3 | W18: =IF(K18="","",VLOOKUP(K18,$A:$H,2,FALSE)) -> Q | X18: =IF(L18="","",VLOOKUP(L18,$A:$H,2,FALSE)) -> M3 | Y18: =IF(M18="","",VLOOKUP(M18,$A:$H,2,FALSE)) -> J | Z18: =IF(N18="","",VLOOKUP(N18,$A:$H,2,FALSE)) -> A | AA18: =IF(O18="","",VLOOKUP(O18,$A:$H,2,FALSE)) -> M1
A19: AG | B19: AG | C19: =COUNTIF(K:K,$A19) -> 0 | D19: =COUNTIF(L:L,$A19) -> 20 | E19: =COUNTIF(M:M,$A19) -> 14 | F19: =COUNTIF(N:N,$A19) -> 7 | G19: =COUNTIF(O:O,$A19) -> 0 | H19: 15 | J19: 15 | K19: C1 | L19: Q | M19: AG | N19: M2G | O19: J | Q19: =IF(K19="","",VLOOKUP(K19,$A:$H,8,FALSE)) -> 2 | R19: =IF(L19="","",VLOOKUP(L19,$A:$H,8,FALSE)) -> 9 | S19: =IF(M19="","",VLOOKUP(M19,$A:$H,8,FALSE)) -> 15 | T19: =IF(N19="","",VLOOKUP(N19,$A:$H,8,FALSE)) -> 12 | U19: =IF(O19="","",VLOOKUP(O19,$A:$H,8,FALSE)) -> 10 | W19: =IF(K19="","",VLOOKUP(K19,$A:$H,2,FALSE)) -> Scatter | X19: =IF(L19="","",VLOOKUP(L19,$A:$H,2,FALSE)) -> Q | Y19: =IF(M19="","",VLOOKUP(M19,$A:$H,2,FALSE)) -> AG | Z19: =IF(N19="","",VLOOKUP(N19,$A:$H,2,FALSE)) -> M2G | AA19: =IF(O19="","",VLOOKUP(O19,$A:$H,2,FALSE)) -> J
A20: KG | B20: KG | C20: =COUNTIF(K:K,$A20) -> 0 | D20: =COUNTIF(L:L,$A20) -> 16 | E20: =COUNTIF(M:M,$A20) -> 16 | F20: =COUNTIF(N:N,$A20) -> 17 | G20: =COUNTIF(O:O,$A20) -> 0 | H20: 16 | J20: 16 | K20: J | L20: J | M20: A | N20: K | O20: M1 | Q20: =IF(K20="","",VLOOKUP(K20,$A:$H,8,FALSE)) -> 10 | R20: =IF(L20="","",VLOOKUP(L20,$A:$H,8,FALSE)) -> 10 | S20: =IF(M20="","",VLOOKUP(M20,$A:$H,8,FALSE)) -> 7 | T20: =IF(N20="","",VLOOKUP(N20,$A:$H,8,FALSE)) -> 8 | U20: =IF(O20="","",VLOOKUP(O20,$A:$H,8,FALSE)) -> 3 | W20: =IF(K20="","",VLOOKUP(K20,$A:$H,2,FALSE)) -> J | X20: =IF(L20="","",VLOOKUP(L20,$A:$H,2,FALSE)) -> J | Y20: =IF(M20="","",VLOOKUP(M20,$A:$H,2,FALSE)) -> A | Z20: =IF(N20="","",VLOOKUP(N20,$A:$H,2,FALSE)) -> K | AA20: =IF(O20="","",VLOOKUP(O20,$A:$H,2,FALSE)) -> M1
A21: QG | B21: QG | C21: =COUNTIF(K:K,$A21) -> 0 | D21: =COUNTIF(L:L,$A21) -> 15 | E21: =COUNTIF(M:M,$A21) -> 19 | F21: =COUNTIF(N:N,$A21) -> 11 | G21: =COUNTIF(O:O,$A21) -> 0 | H21: 17 | J21: 17 | K21: A | L21: AG | M21: J | N21: K | O21: J | Q21: =IF(K21="","",VLOOKUP(K21,$A:$H,8,FALSE)) -> 7 | R21: =IF(L21="","",VLOOKUP(L21,$A:$H,8,FALSE)) -> 15 | S21: =IF(M21="","",VLOOKUP(M21,$A:$H,8,FALSE)) -> 10 | T21: =IF(N21="","",VLOOKUP(N21,$A:$H,8,FALSE)) -> 8 | U21: =IF(O21="","",VLOOKUP(O21,$A:$H,8,FALSE)) -> 10 | W21: =IF(K21="","",VLOOKUP(K21,$A:$H,2,FALSE)) -> A | X21: =IF(L21="","",VLOOKUP(L21,$A:$H,2,FALSE)) -> AG | Y21: =IF(M21="","",VLOOKUP(M21,$A:$H,2,FALSE)) -> J | Z21: =IF(N21="","",VLOOKUP(N21,$A:$H,2,FALSE)) -> K | AA21: =IF(O21="","",VLOOKUP(O21,$A:$H,2,FALSE)) -> J
A22: JG | B22: JG | C22: =COUNTIF(K:K,$A22) -> 0 | D22: =COUNTIF(L:L,$A22) -> 25 | E22: =COUNTIF(M:M,$A22) -> 19 | F22: =COUNTIF(N:N,$A22) -> 9 | G22: =COUNTIF(O:O,$A22) -> 0 | H22: 18 | J22: 18 | K22: Q | L22: K | M22: JG | N22: M4 | O22: M2 | Q22: =IF(K22="","",VLOOKUP(K22,$A:$H,8,FALSE)) -> 9 | R22: =IF(L22="","",VLOOKUP(L22,$A:$H,8,FALSE)) -> 8 | S22: =IF(M22="","",VLOOKUP(M22,$A:$H,8,FALSE)) -> 18 | T22: =IF(N22="","",VLOOKUP(N22,$A:$H,8,FALSE)) -> 6 | U22: =IF(O22="","",VLOOKUP(O22,$A:$H,8,FALSE)) -> 4 | W22: =IF(K22="","",VLOOKUP(K22,$A:$H,2,FALSE)) -> Q | X22: =IF(L22="","",VLOOKUP(L22,$A:$H,2,FALSE)) -> K | Y22: =IF(M22="","",VLOOKUP(M22,$A:$H,2,FALSE)) -> JG | Z22: =IF(N22="","",VLOOKUP(N22,$A:$H,2,FALSE)) -> M4 | AA22: =IF(O22="","",VLOOKUP(O22,$A:$H,2,FALSE)) -> M2
A23: -- | C23: =SUM(C4:C22) -> 400 | D23: =SUM(D4:D22) -> 400 | E23: =SUM(E4:E22) -> 400 | F23: =SUM(F4:F22) -> 400 | G23: =SUM(G4:G22) -> 400 | J23: 19 | K23: A | L23: J | M23: J | N23: K | O23: M3 | Q23: =IF(K23="","",VLOOKUP(K23,$A:$H,8,FALSE)) -> 7 | R23: =IF(L23="","",VLOOKUP(L23,$A:$H,8,FALSE)) -> 10 | S23: =IF(M23="","",VLOOKUP(M23,$A:$H,8,FALSE)) -> 10 | T23: =IF(N23="","",VLOOKUP(N23,$A:$H,8,FALSE)) -> 8 | U23: =IF(O23="","",VLOOKUP(O23,$A:$H,8,FALSE)) -> 5 | W23: =IF(K23="","",VLOOKUP(K23,$A:$H,2,FALSE)) -> A | X23: =IF(L23="","",VLOOKUP(L23,$A:$H,2,FALSE)) -> J | Y23: =IF(M23="","",VLOOKUP(M23,$A:$H,2,FALSE)) -> J | Z23: =IF(N23="","",VLOOKUP(N23,$A:$H,2,FALSE)) -> K | AA23: =IF(O23="","",VLOOKUP(O23,$A:$H,2,FALSE)) -> M3
J24: 20 | K24: M1 | L24: M3 | M24: A | N24: KG | O24: Q | Q24: =IF(K24="","",VLOOKUP(K24,$A:$H,8,FALSE)) -> 3 | R24: =IF(L24="","",VLOOKUP(L24,$A:$H,8,FALSE)) -> 5 | S24: =IF(M24="","",VLOOKUP(M24,$A:$H,8,FALSE)) -> 7 | T24: =IF(N24="","",VLOOKUP(N24,$A:$H,8,FALSE)) -> 16 | U24: =IF(O24="","",VLOOKUP(O24,$A:$H,8,FALSE)) -> 9 | W24: =IF(K24="","",VLOOKUP(K24,$A:$H,2,FALSE)) -> M1 | X24: =IF(L24="","",VLOOKUP(L24,$A:$H,2,FALSE)) -> M3 | Y24: =IF(M24="","",VLOOKUP(M24,$A:$H,2,FALSE)) -> A | Z24: =IF(N24="","",VLOOKUP(N24,$A:$H,2,FALSE)) -> KG | AA24: =IF(O24="","",VLOOKUP(O24,$A:$H,2,FALSE)) -> Q
J25: 21 | K25: M4 | L25: M3G | M25: M4 | N25: A | O25: M2 | Q25: =IF(K25="","",VLOOKUP(K25,$A:$H,8,FALSE)) -> 6 | R25: =IF(L25="","",VLOOKUP(L25,$A:$H,8,FALSE)) -> 13 | S25: =IF(M25="","",VLOOKUP(M25,$A:$H,8,FALSE)) -> 6 | T25: =IF(N25="","",VLOOKUP(N25,$A:$H,8,FALSE)) -> 7 | U25: =IF(O25="","",VLOOKUP(O25,$A:$H,8,FALSE)) -> 4 | W25: =IF(K25="","",VLOOKUP(K25,$A:$H,2,FALSE)) -> M4 | X25: =IF(L25="","",VLOOKUP(L25,$A:$H,2,FALSE)) -> M3G | Y25: =IF(M25="","",VLOOKUP(M25,$A:$H,2,FALSE)) -> M4 | Z25: =IF(N25="","",VLOOKUP(N25,$A:$H,2,FALSE)) -> A | AA25: =IF(O25="","",VLOOKUP(O25,$A:$H,2,FALSE)) -> M2
J26: 22 | K26: A | L26: Q | M26: M4 | N26: Q | O26: J | Q26: =IF(K26="","",VLOOKUP(K26,$A:$H,8,FALSE)) -> 7 | R26: =IF(L26="","",VLOOKUP(L26,$A:$H,8,FALSE)) -> 9 | S26: =IF(M26="","",VLOOKUP(M26,$A:$H,8,FALSE)) -> 6 | T26: =IF(N26="","",VLOOKUP(N26,$A:$H,8,FALSE)) -> 9 | U26: =IF(O26="","",VLOOKUP(O26,$A:$H,8,FALSE)) -> 10 | W26: =IF(K26="","",VLOOKUP(K26,$A:$H,2,FALSE)) -> A | X26: =IF(L26="","",VLOOKUP(L26,$A:$H,2,FALSE)) -> Q | Y26: =IF(M26="","",VLOOKUP(M26,$A:$H,2,FALSE)) -> M4 | Z26: =IF(N26="","",VLOOKUP(N26,$A:$H,2,FALSE)) -> Q | AA26: =IF(O26="","",VLOOKUP(O26,$A:$H,2,FALSE)) -> J
J27: 23 | K27: A | L27: AG | M27: A | N27: M4 | O27: M3 | Q27: =IF(K27="","",VLOOKUP(K27,$A:$H,8,FALSE)) -> 7 | R27: =IF(L27="","",VLOOKUP(L27,$A:$H,8,FALSE)) -> 15 | S27: =IF(M27="","",VLOOKUP(M27,$A:$H,8,FALSE)) -> 7 | T27: =IF(N27="","",VLOOKUP(N27,$A:$H,8,FALSE)) -> 6 | U27: =IF(O27="","",VLOOKUP(O27,$A:$H,8,FALSE)) -> 5 | W27: =IF(K27="","",VLOOKUP(K27,$A:$H,2,FALSE)) -> A | X27: =IF(L27="","",VLOOKUP(L27,$A:$H,2,FALSE)) -> AG | Y27: =IF(M27="","",VLOOKUP(M27,$A:$H,2,FALSE)) -> A | Z27: =IF(N27="","",VLOOKUP(N27,$A:$H,2,FALSE)) -> M4 | AA27: =IF(O27="","",VLOOKUP(O27,$A:$H,2,FALSE)) -> M3
J28: 24 | K28: K | L28: K | M28: M4G | N28: K | O28: J | Q28: =IF(K28="","",VLOOKUP(K28,$A:$H,8,FALSE)) -> 8 | R28: =IF(L28="","",VLOOKUP(L28,$A:$H,8,FALSE)) -> 8 | S28: =IF(M28="","",VLOOKUP(M28,$A:$H,8,FALSE)) -> 14 | T28: =IF(N28="","",VLOOKUP(N28,$A:$H,8,FALSE)) -> 8 | U28: =IF(O28="","",VLOOKUP(O28,$A:$H,8,FALSE)) -> 10 | W28: =IF(K28="","",VLOOKUP(K28,$A:$H,2,FALSE)) -> K | X28: =IF(L28="","",VLOOKUP(L28,$A:$H,2,FALSE)) -> K | Y28: =IF(M28="","",VLOOKUP(M28,$A:$H,2,FALSE)) -> M4G | Z28: =IF(N28="","",VLOOKUP(N28,$A:$H,2,FALSE)) -> K | AA28: =IF(O28="","",VLOOKUP(O28,$A:$H,2,FALSE)) -> J
J29: 25 | K29: M2 | L29: QG | M29: J | N29: J | O29: M3 | Q29: =IF(K29="","",VLOOKUP(K29,$A:$H,8,FALSE)) -> 4 | R29: =IF(L29="","",VLOOKUP(L29,$A:$H,8,FALSE)) -> 17 | S29: =IF(M29="","",VLOOKUP(M29,$A:$H,8,FALSE)) -> 10 | T29: =IF(N29="","",VLOOKUP(N29,$A:$H,8,FALSE)) -> 10 | U29: =IF(O29="","",VLOOKUP(O29,$A:$H,8,FALSE)) -> 5 | W29: =IF(K29="","",VLOOKUP(K29,$A:$H,2,FALSE)) -> M2 | X29: =IF(L29="","",VLOOKUP(L29,$A:$H,2,FALSE)) -> QG | Y29: =IF(M29="","",VLOOKUP(M29,$A:$H,2,FALSE)) -> J | Z29: =IF(N29="","",VLOOKUP(N29,$A:$H,2,FALSE)) -> J | AA29: =IF(O29="","",VLOOKUP(O29,$A:$H,2,FALSE)) -> M3
J30: 26 | K30: M1 | L30: M4 | M30: J | N30: M1 | O30: M3 | Q30: =IF(K30="","",VLOOKUP(K30,$A:$H,8,FALSE)) -> 3 | R30: =IF(L30="","",VLOOKUP(L30,$A:$H,8,FALSE)) -> 6 | S30: =IF(M30="","",VLOOKUP(M30,$A:$H,8,FALSE)) -> 10 | T30: =IF(N30="","",VLOOKUP(N30,$A:$H,8,FALSE)) -> 3 | U30: =IF(O30="","",VLOOKUP(O30,$A:$H,8,FALSE)) -> 5 | W30: =IF(K30="","",VLOOKUP(K30,$A:$H,2,FALSE)) -> M1 | X30: =IF(L30="","",VLOOKUP(L30,$A:$H,2,FALSE)) -> M4 | Y30: =IF(M30="","",VLOOKUP(M30,$A:$H,2,FALSE)) -> J | Z30: =IF(N30="","",VLOOKUP(N30,$A:$H,2,FALSE)) -> M1 | AA30: =IF(O30="","",VLOOKUP(O30,$A:$H,2,FALSE)) -> M3
J31: 27 | K31: Q | L31: J | M31: JG | N31: J | O31: M4 | Q31: =IF(K31="","",VLOOKUP(K31,$A:$H,8,FALSE)) -> 9 | R31: =IF(L31="","",VLOOKUP(L31,$A:$H,8,FALSE)) -> 10 | S31: =IF(M31="","",VLOOKUP(M31,$A:$H,8,FALSE)) -> 18 | T31: =IF(N31="","",VLOOKUP(N31,$A:$H,8,FALSE)) -> 10 | U31: =IF(O31="","",VLOOKUP(O31,$A:$H,8,FALSE)) -> 6 | W31: =IF(K31="","",VLOOKUP(K31,$A:$H,2,FALSE)) -> Q | X31: =IF(L31="","",VLOOKUP(L31,$A:$H,2,FALSE)) -> J | Y31: =IF(M31="","",VLOOKUP(M31,$A:$H,2,FALSE)) -> JG | Z31: =IF(N31="","",VLOOKUP(N31,$A:$H,2,FALSE)) -> J | AA31: =IF(O31="","",VLOOKUP(O31,$A:$H,2,FALSE)) -> M4
J32: 28 | K32: K | L32: KG | M32: M1 | N32: JG | O32: J | Q32: =IF(K32="","",VLOOKUP(K32,$A:$H,8,FALSE)) -> 8 | R32: =IF(L32="","",VLOOKUP(L32,$A:$H,8,FALSE)) -> 16 | S32: =IF(M32="","",VLOOKUP(M32,$A:$H,8,FALSE)) -> 3 | T32: =IF(N32="","",VLOOKUP(N32,$A:$H,8,FALSE)) -> 18 | U32: =IF(O32="","",VLOOKUP(O32,$A:$H,8,FALSE)) -> 10 | W32: =IF(K32="","",VLOOKUP(K32,$A:$H,2,FALSE)) -> K | X32: =IF(L32="","",VLOOKUP(L32,$A:$H,2,FALSE)) -> KG | Y32: =IF(M32="","",VLOOKUP(M32,$A:$H,2,FALSE)) -> M1 | Z32: =IF(N32="","",VLOOKUP(N32,$A:$H,2,FALSE)) -> JG | AA32: =IF(O32="","",VLOOKUP(O32,$A:$H,2,FALSE)) -> J
J33: 29 | K33: A | L33: M3 | M33: M4 | N33: Q | O33: J | Q33: =IF(K33="","",VLOOKUP(K33,$A:$H,8,FALSE)) -> 7 | R33: =IF(L33="","",VLOOKUP(L33,$A:$H,8,FALSE)) -> 5 | S33: =IF(M33="","",VLOOKUP(M33,$A:$H,8,FALSE)) -> 6 | T33: =IF(N33="","",VLOOKUP(N33,$A:$H,8,FALSE)) -> 9 | U33: =IF(O33="","",VLOOKUP(O33,$A:$H,8,FALSE)) -> 10 | W33: =IF(K33="","",VLOOKUP(K33,$A:$H,2,FALSE)) -> A | X33: =IF(L33="","",VLOOKUP(L33,$A:$H,2,FALSE)) -> M3 | Y33: =IF(M33="","",VLOOKUP(M33,$A:$H,2,FALSE)) -> M4 | Z33: =IF(N33="","",VLOOKUP(N33,$A:$H,2,FALSE)) -> Q | AA33: =IF(O33="","",VLOOKUP(O33,$A:$H,2,FALSE)) -> J
J34: 30 | K34: M3 | L34: M2G | M34: A | N34: M2 | O34: M3 | Q34: =IF(K34="","",VLOOKUP(K34,$A:$H,8,FALSE)) -> 5 | R34: =IF(L34="","",VLOOKUP(L34,$A:$H,8,FALSE)) -> 12 | S34: =IF(M34="","",VLOOKUP(M34,$A:$H,8,FALSE)) -> 7 | T34: =IF(N34="","",VLOOKUP(N34,$A:$H,8,FALSE)) -> 4 | U34: =IF(O34="","",VLOOKUP(O34,$A:$H,8,FALSE)) -> 5 | W34: =IF(K34="","",VLOOKUP(K34,$A:$H,2,FALSE)) -> M3 | X34: =IF(L34="","",VLOOKUP(L34,$A:$H,2,FALSE)) -> M2G | Y34: =IF(M34="","",VLOOKUP(M34,$A:$H,2,FALSE)) -> A | Z34: =IF(N34="","",VLOOKUP(N34,$A:$H,2,FALSE)) -> M2 | AA34: =IF(O34="","",VLOOKUP(O34,$A:$H,2,FALSE)) -> M3
J35: 31 | K35: J | L35: Q | M35: M4G | N35: JG | O35: Q | Q35: =IF(K35="","",VLOOKUP(K35,$A:$H,8,FALSE)) -> 10 | R35: =IF(L35="","",VLOOKUP(L35,$A:$H,8,FALSE)) -> 9 | S35: =IF(M35="","",VLOOKUP(M35,$A:$H,8,FALSE)) -> 14 | T35: =IF(N35="","",VLOOKUP(N35,$A:$H,8,FALSE)) -> 18 | U35: =IF(O35="","",VLOOKUP(O35,$A:$H,8,FALSE)) -> 9 | W35: =IF(K35="","",VLOOKUP(K35,$A:$H,2,FALSE)) -> J | X35: =IF(L35="","",VLOOKUP(L35,$A:$H,2,FALSE)) -> Q | Y35: =IF(M35="","",VLOOKUP(M35,$A:$H,2,FALSE)) -> M4G | Z35: =IF(N35="","",VLOOKUP(N35,$A:$H,2,FALSE)) -> JG | AA35: =IF(O35="","",VLOOKUP(O35,$A:$H,2,FALSE)) -> Q
... J403: 399 | K403: K | L403: KG | M403: AG | N403: M4 | O403: M3 | Q403: =IF(K403="","",VLOOKUP(K403,$A:$H,8,FALSE)) -> 8 | R403: =IF(L403="","",VLOOKUP(L403,$A:$H,8,FALSE)) -> 16 | S403: =IF(M403="","",VLOOKUP(M403,$A:$H,8,FALSE)) -> 15 | T403: =IF(N403="","",VLOOKUP(N403,$A:$H,8,FALSE)) -> 6 | U403: =IF(O403="","",VLOOKUP(O403,$A:$H,8,FALSE)) -> 5 | W403: =IF(K403="","",VLOOKUP(K403,$A:$H,2,FALSE)) -> K | X403: =IF(L403="","",VLOOKUP(L403,$A:$H,2,FALSE)) -> KG | Y403: =IF(M403="","",VLOOKUP(M403,$A:$H,2,FALSE)) -> AG | Z403: =IF(N403="","",VLOOKUP(N403,$A:$H,2,FALSE)) -> M4 | AA403: =IF(O403="","",VLOOKUP(O403,$A:$H,2,FALSE)) -> M3

Sheet Free Game Symbol - High - Q
J2: Symbol | Q2: ID | W2: Description | AC2: Random Wild | AD2: Weight
A3: Symbol | B3: Description | C3: R1 | D3: R2 | E3: R3 | F3: R4 | G3: R5 | H3: ID | J3: Line # | K3: R1 | L3: R2 | M3: R3 | N3: R4 | O3: R5 | Q3: R1 | R3: R2 | S3: R3 | T3: R4 | U3: R5 | W3: R1 | X3: R2 | Y3: R3 | Z3: R4 | AA3: R5 | AC3: 0 | AD3: 13128
A4: WW1 | B4: Wild1 | C4: =COUNTIF(K:K,$A4) -> 0 | D4: =COUNTIF(L:L,$A4) -> 0 | E4: =COUNTIF(M:M,$A4) -> 0 | F4: =COUNTIF(N:N,$A4) -> 0 | G4: =COUNTIF(O:O,$A4) -> 0 | H4: 0 | J4: 0 | K4: K | L4: M1G | M4: J | N4: J | O4: J | Q4: =IF(K4="","",VLOOKUP(K4,$A:$H,8,FALSE)) -> 8 | R4: =IF(L4="","",VLOOKUP(L4,$A:$H,8,FALSE)) -> 11 | S4: =IF(M4="","",VLOOKUP(M4,$A:$H,8,FALSE)) -> 10 | T4: =IF(N4="","",VLOOKUP(N4,$A:$H,8,FALSE)) -> 10 | U4: =IF(O4="","",VLOOKUP(O4,$A:$H,8,FALSE)) -> 10 | W4: =IF(K4="","",VLOOKUP(K4,$A:$H,2,FALSE)) -> K | X4: =IF(L4="","",VLOOKUP(L4,$A:$H,2,FALSE)) -> M1G | Y4: =IF(M4="","",VLOOKUP(M4,$A:$H,2,FALSE)) -> J | Z4: =IF(N4="","",VLOOKUP(N4,$A:$H,2,FALSE)) -> J | AA4: =IF(O4="","",VLOOKUP(O4,$A:$H,2,FALSE)) -> J | AC4: 2 | AD4: 2000
A5: WW2 | B5: Wild2 | C5: =COUNTIF(K:K,$A5) -> 0 | D5: =COUNTIF(L:L,$A5) -> 0 | E5: =COUNTIF(M:M,$A5) -> 0 | F5: =COUNTIF(N:N,$A5) -> 0 | G5: =COUNTIF(O:O,$A5) -> 0 | H5: 1 | J5: 1 | K5: K | L5: M1 | M5: AG | N5: M4 | O5: Q | Q5: =IF(K5="","",VLOOKUP(K5,$A:$H,8,FALSE)) -> 8 | R5: =IF(L5="","",VLOOKUP(L5,$A:$H,8,FALSE)) -> 3 | S5: =IF(M5="","",VLOOKUP(M5,$A:$H,8,FALSE)) -> 15 | T5: =IF(N5="","",VLOOKUP(N5,$A:$H,8,FALSE)) -> 6 | U5: =IF(O5="","",VLOOKUP(O5,$A:$H,8,FALSE)) -> 9 | W5: =IF(K5="","",VLOOKUP(K5,$A:$H,2,FALSE)) -> K | X5: =IF(L5="","",VLOOKUP(L5,$A:$H,2,FALSE)) -> M1 | Y5: =IF(M5="","",VLOOKUP(M5,$A:$H,2,FALSE)) -> AG | Z5: =IF(N5="","",VLOOKUP(N5,$A:$H,2,FALSE)) -> M4 | AA5: =IF(O5="","",VLOOKUP(O5,$A:$H,2,FALSE)) -> Q | AC5: 3 | AD5: 500
A6: C1 | B6: Scatter | C6: =COUNTIF(K:K,$A6) -> 5 | D6: =COUNTIF(L:L,$A6) -> 8 | E6: =COUNTIF(M:M,$A6) -> 8 | F6: =COUNTIF(N:N,$A6) -> 4 | G6: =COUNTIF(O:O,$A6) -> 4 | H6: 2 | J6: 2 | K6: Q | L6: Q | M6: M2 | N6: M1G | O6: J | Q6: =IF(K6="","",VLOOKUP(K6,$A:$H,8,FALSE)) -> 9 | R6: =IF(L6="","",VLOOKUP(L6,$A:$H,8,FALSE)) -> 9 | S6: =IF(M6="","",VLOOKUP(M6,$A:$H,8,FALSE)) -> 4 | T6: =IF(N6="","",VLOOKUP(N6,$A:$H,8,FALSE)) -> 11 | U6: =IF(O6="","",VLOOKUP(O6,$A:$H,8,FALSE)) -> 10 | W6: =IF(K6="","",VLOOKUP(K6,$A:$H,2,FALSE)) -> Q | X6: =IF(L6="","",VLOOKUP(L6,$A:$H,2,FALSE)) -> Q | Y6: =IF(M6="","",VLOOKUP(M6,$A:$H,2,FALSE)) -> M2 | Z6: =IF(N6="","",VLOOKUP(N6,$A:$H,2,FALSE)) -> M1G | AA6: =IF(O6="","",VLOOKUP(O6,$A:$H,2,FALSE)) -> J | AC6: 4 | AD6: 200
A7: M1 | B7: M1 | C7: =COUNTIF(K:K,$A7) -> 27 | D7: =COUNTIF(L:L,$A7) -> 22 | E7: =COUNTIF(M:M,$A7) -> 24 | F7: =COUNTIF(N:N,$A7) -> 28 | G7: =COUNTIF(O:O,$A7) -> 32 | H7: 3 | J7: 3 | K7: A | L7: KG | M7: A | N7: A | O7: J | Q7: =IF(K7="","",VLOOKUP(K7,$A:$H,8,FALSE)) -> 7 | R7: =IF(L7="","",VLOOKUP(L7,$A:$H,8,FALSE)) -> 16 | S7: =IF(M7="","",VLOOKUP(M7,$A:$H,8,FALSE)) -> 7 | T7: =IF(N7="","",VLOOKUP(N7,$A:$H,8,FALSE)) -> 7 | U7: =IF(O7="","",VLOOKUP(O7,$A:$H,8,FALSE)) -> 10 | W7: =IF(K7="","",VLOOKUP(K7,$A:$H,2,FALSE)) -> A | X7: =IF(L7="","",VLOOKUP(L7,$A:$H,2,FALSE)) -> KG | Y7: =IF(M7="","",VLOOKUP(M7,$A:$H,2,FALSE)) -> A | Z7: =IF(N7="","",VLOOKUP(N7,$A:$H,2,FALSE)) -> A | AA7: =IF(O7="","",VLOOKUP(O7,$A:$H,2,FALSE)) -> J
A8: M2 | B8: M2 | C8: =COUNTIF(K:K,$A8) -> 36 | D8: =COUNTIF(L:L,$A8) -> 32 | E8: =COUNTIF(M:M,$A8) -> 23 | F8: =COUNTIF(N:N,$A8) -> 37 | G8: =COUNTIF(O:O,$A8) -> 32 | H8: 4 | J8: 4 | K8: M2 | L8: Q | M8: M4 | N8: M3 | O8: J | Q8: =IF(K8="","",VLOOKUP(K8,$A:$H,8,FALSE)) -> 4 | R8: =IF(L8="","",VLOOKUP(L8,$A:$H,8,FALSE)) -> 9 | S8: =IF(M8="","",VLOOKUP(M8,$A:$H,8,FALSE)) -> 6 | T8: =IF(N8="","",VLOOKUP(N8,$A:$H,8,FALSE)) -> 5 | U8: =IF(O8="","",VLOOKUP(O8,$A:$H,8,FALSE)) -> 10 | W8: =IF(K8="","",VLOOKUP(K8,$A:$H,2,FALSE)) -> M2 | X8: =IF(L8="","",VLOOKUP(L8,$A:$H,2,FALSE)) -> Q | Y8: =IF(M8="","",VLOOKUP(M8,$A:$H,2,FALSE)) -> M4 | Z8: =IF(N8="","",VLOOKUP(N8,$A:$H,2,FALSE)) -> M3 | AA8: =IF(O8="","",VLOOKUP(O8,$A:$H,2,FALSE)) -> J | AC8: Multiplier
A9: M3 | B9: M3 | C9: =COUNTIF(K:K,$A9) -> 32 | D9: =COUNTIF(L:L,$A9) -> 26 | E9: =COUNTIF(M:M,$A9) -> 35 | F9: =COUNTIF(N:N,$A9) -> 26 | G9: =COUNTIF(O:O,$A9) -> 62 | H9: 5 | J9: 5 | K9: J | L9: K | M9: M4G | N9: J | O9: M1 | Q9: =IF(K9="","",VLOOKUP(K9,$A:$H,8,FALSE)) -> 10 | R9: =IF(L9="","",VLOOKUP(L9,$A:$H,8,FALSE)) -> 8 | S9: =IF(M9="","",VLOOKUP(M9,$A:$H,8,FALSE)) -> 14 | T9: =IF(N9="","",VLOOKUP(N9,$A:$H,8,FALSE)) -> 10 | U9: =IF(O9="","",VLOOKUP(O9,$A:$H,8,FALSE)) -> 3 | W9: =IF(K9="","",VLOOKUP(K9,$A:$H,2,FALSE)) -> J | X9: =IF(L9="","",VLOOKUP(L9,$A:$H,2,FALSE)) -> K | Y9: =IF(M9="","",VLOOKUP(M9,$A:$H,2,FALSE)) -> M4G | Z9: =IF(N9="","",VLOOKUP(N9,$A:$H,2,FALSE)) -> J | AA9: =IF(O9="","",VLOOKUP(O9,$A:$H,2,FALSE)) -> M1 | AC9: X2
A10: M4 | B10: M4 | C10: =COUNTIF(K:K,$A10) -> 38 | D10: =COUNTIF(L:L,$A10) -> 42 | E10: =COUNTIF(M:M,$A10) -> 35 | F10: =COUNTIF(N:N,$A10) -> 58 | G10: =COUNTIF(O:O,$A10) -> 21 | H10: 6 | J10: 6 | K10: Q | L10: Q | M10: M2 | N10: A | O10: A | Q10: =IF(K10="","",VLOOKUP(K10,$A:$H,8,FALSE)) -> 9 | R10: =IF(L10="","",VLOOKUP(L10,$A:$H,8,FALSE)) -> 9 | S10: =IF(M10="","",VLOOKUP(M10,$A:$H,8,FALSE)) -> 4 | T10: =IF(N10="","",VLOOKUP(N10,$A:$H,8,FALSE)) -> 7 | U10: =IF(O10="","",VLOOKUP(O10,$A:$H,8,FALSE)) -> 7 | W10: =IF(K10="","",VLOOKUP(K10,$A:$H,2,FALSE)) -> Q | X10: =IF(L10="","",VLOOKUP(L10,$A:$H,2,FALSE)) -> Q | Y10: =IF(M10="","",VLOOKUP(M10,$A:$H,2,FALSE)) -> M2 | Z10: =IF(N10="","",VLOOKUP(N10,$A:$H,2,FALSE)) -> A | AA10: =IF(O10="","",VLOOKUP(O10,$A:$H,2,FALSE)) -> A | AC10: X4
A11: A | B11: A | C11: =COUNTIF(K:K,$A11) -> 72 | D11: =COUNTIF(L:L,$A11) -> 60 | E11: =COUNTIF(M:M,$A11) -> 52 | F11: =COUNTIF(N:N,$A11) -> 24 | G11: =COUNTIF(O:O,$A11) -> 48 | H11: 7 | J11: 7 | K11: M4 | L11: JG | M11: C1 | N11: KG | O11: J | Q11: =IF(K11="","",VLOOKUP(K11,$A:$H,8,FALSE)) -> 6 | R11: =IF(L11="","",VLOOKUP(L11,$A:$H,8,FALSE)) -> 18 | S11: =IF(M11="","",VLOOKUP(M11,$A:$H,8,FALSE)) -> 2 | T11: =IF(N11="","",VLOOKUP(N11,$A:$H,8,FALSE)) -> 16 | U11: =IF(O11="","",VLOOKUP(O11,$A:$H,8,FALSE)) -> 10 | W11: =IF(K11="","",VLOOKUP(K11,$A:$H,2,FALSE)) -> M4 | X11: =IF(L11="","",VLOOKUP(L11,$A:$H,2,FALSE)) -> JG | Y11: =IF(M11="","",VLOOKUP(M11,$A:$H,2,FALSE)) -> Scatter | Z11: =IF(N11="","",VLOOKUP(N11,$A:$H,2,FALSE)) -> KG | AA11: =IF(O11="","",VLOOKUP(O11,$A:$H,2,FALSE)) -> J | AC11: X6
A12: K | B12: K | C12: =COUNTIF(K:K,$A12) -> 63 | D12: =COUNTIF(L:L,$A12) -> 40 | E12: =COUNTIF(M:M,$A12) -> 40 | F12: =COUNTIF(N:N,$A12) -> 69 | G12: =COUNTIF(O:O,$A12) -> 56 | H12: 8 | J12: 8 | K12: M3 | L12: M1 | M12: A | N12: A | O12: K | Q12: =IF(K12="","",VLOOKUP(K12,$A:$H,8,FALSE)) -> 5 | R12: =IF(L12="","",VLOOKUP(L12,$A:$H,8,FALSE)) -> 3 | S12: =IF(M12="","",VLOOKUP(M12,$A:$H,8,FALSE)) -> 7 | T12: =IF(N12="","",VLOOKUP(N12,$A:$H,8,FALSE)) -> 7 | U12: =IF(O12="","",VLOOKUP(O12,$A:$H,8,FALSE)) -> 8 | W12: =IF(K12="","",VLOOKUP(K12,$A:$H,2,FALSE)) -> M3 | X12: =IF(L12="","",VLOOKUP(L12,$A:$H,2,FALSE)) -> M1 | Y12: =IF(M12="","",VLOOKUP(M12,$A:$H,2,FALSE)) -> A | Z12: =IF(N12="","",VLOOKUP(N12,$A:$H,2,FALSE)) -> A | AA12: =IF(O12="","",VLOOKUP(O12,$A:$H,2,FALSE)) -> K | AC12: X10
A13: Q | B13: Q | C13: =COUNTIF(K:K,$A13) -> 63 | D13: =COUNTIF(L:L,$A13) -> 32 | E13: =COUNTIF(M:M,$A13) -> 57 | F13: =COUNTIF(N:N,$A13) -> 60 | G13: =COUNTIF(O:O,$A13) -> 60 | H13: 9 | J13: 9 | K13: A | L13: J | M13: M1G | N13: K | O13: M1 | Q13: =IF(K13="","",VLOOKUP(K13,$A:$H,8,FALSE)) -> 7 | R13: =IF(L13="","",VLOOKUP(L13,$A:$H,8,FALSE)) -> 10 | S13: =IF(M13="","",VLOOKUP(M13,$A:$H,8,FALSE)) -> 11 | T13: =IF(N13="","",VLOOKUP(N13,$A:$H,8,FALSE)) -> 8 | U13: =IF(O13="","",VLOOKUP(O13,$A:$H,8,FALSE)) -> 3 | W13: =IF(K13="","",VLOOKUP(K13,$A:$H,2,FALSE)) -> A | X13: =IF(L13="","",VLOOKUP(L13,$A:$H,2,FALSE)) -> J | Y13: =IF(M13="","",VLOOKUP(M13,$A:$H,2,FALSE)) -> M1G | Z13: =IF(N13="","",VLOOKUP(N13,$A:$H,2,FALSE)) -> K | AA13: =IF(O13="","",VLOOKUP(O13,$A:$H,2,FALSE)) -> M1 | AC13: X20
A14: J | B14: J | C14: =COUNTIF(K:K,$A14) -> 64 | D14: =COUNTIF(L:L,$A14) -> 33 | E14: =COUNTIF(M:M,$A14) -> 37 | F14: =COUNTIF(N:N,$A14) -> 30 | G14: =COUNTIF(O:O,$A14) -> 85 | H14: 10 | J14: 10 | K14: Q | L14: QG | M14: J | N14: M2 | O14: J | Q14: =IF(K14="","",VLOOKUP(K14,$A:$H,8,FALSE)) -> 9 | R14: =IF(L14="","",VLOOKUP(L14,$A:$H,8,FALSE)) -> 17 | S14: =IF(M14="","",VLOOKUP(M14,$A:$H,8,FALSE)) -> 10 | T14: =IF(N14="","",VLOOKUP(N14,$A:$H,8,FALSE)) -> 4 | U14: =IF(O14="","",VLOOKUP(O14,$A:$H,8,FALSE)) -> 10 | W14: =IF(K14="","",VLOOKUP(K14,$A:$H,2,FALSE)) -> Q | X14: =IF(L14="","",VLOOKUP(L14,$A:$H,2,FALSE)) -> QG | Y14: =IF(M14="","",VLOOKUP(M14,$A:$H,2,FALSE)) -> J | Z14: =IF(N14="","",VLOOKUP(N14,$A:$H,2,FALSE)) -> M2 | AA14: =IF(O14="","",VLOOKUP(O14,$A:$H,2,FALSE)) -> J
A15: M1G | B15: M1G | C15: =COUNTIF(K:K,$A15) -> 0 | D15: =COUNTIF(L:L,$A15) -> 2 | E15: =COUNTIF(M:M,$A15) -> 3 | F15: =COUNTIF(N:N,$A15) -> 3 | G15: =COUNTIF(O:O,$A15) -> 0 | H15: 11 | J15: 11 | K15: A | L15: M3 | M15: Q | N15: A | O15: M4 | Q15: =IF(K15="","",VLOOKUP(K15,$A:$H,8,FALSE)) -> 7 | R15: =IF(L15="","",VLOOKUP(L15,$A:$H,8,FALSE)) -> 5 | S15: =IF(M15="","",VLOOKUP(M15,$A:$H,8,FALSE)) -> 9 | T15: =IF(N15="","",VLOOKUP(N15,$A:$H,8,FALSE)) -> 7 | U15: =IF(O15="","",VLOOKUP(O15,$A:$H,8,FALSE)) -> 6 | W15: =IF(K15="","",VLOOKUP(K15,$A:$H,2,FALSE)) -> A | X15: =IF(L15="","",VLOOKUP(L15,$A:$H,2,FALSE)) -> M3 | Y15: =IF(M15="","",VLOOKUP(M15,$A:$H,2,FALSE)) -> Q | Z15: =IF(N15="","",VLOOKUP(N15,$A:$H,2,FALSE)) -> A | AA15: =IF(O15="","",VLOOKUP(O15,$A:$H,2,FALSE)) -> M4
A16: M2G | B16: M2G | C16: =COUNTIF(K:K,$A16) -> 0 | D16: =COUNTIF(L:L,$A16) -> 7 | E16: =COUNTIF(M:M,$A16) -> 2 | F16: =COUNTIF(N:N,$A16) -> 4 | G16: =COUNTIF(O:O,$A16) -> 0 | H16: 12 | J16: 12 | K16: J | L16: M1G | M16: JG | N16: AG | O16: M3 | Q16: =IF(K16="","",VLOOKUP(K16,$A:$H,8,FALSE)) -> 10 | R16: =IF(L16="","",VLOOKUP(L16,$A:$H,8,FALSE)) -> 11 | S16: =IF(M16="","",VLOOKUP(M16,$A:$H,8,FALSE)) -> 18 | T16: =IF(N16="","",VLOOKUP(N16,$A:$H,8,FALSE)) -> 15 | U16: =IF(O16="","",VLOOKUP(O16,$A:$H,8,FALSE)) -> 5 | W16: =IF(K16="","",VLOOKUP(K16,$A:$H,2,FALSE)) -> J | X16: =IF(L16="","",VLOOKUP(L16,$A:$H,2,FALSE)) -> M1G | Y16: =IF(M16="","",VLOOKUP(M16,$A:$H,2,FALSE)) -> JG | Z16: =IF(N16="","",VLOOKUP(N16,$A:$H,2,FALSE)) -> AG | AA16: =IF(O16="","",VLOOKUP(O16,$A:$H,2,FALSE)) -> M3
A17: M3G | B17: M3G | C17: =COUNTIF(K:K,$A17) -> 0 | D17: =COUNTIF(L:L,$A17) -> 4 | E17: =COUNTIF(M:M,$A17) -> 8 | F17: =COUNTIF(N:N,$A17) -> 4 | G17: =COUNTIF(O:O,$A17) -> 0 | H17: 13 | J17: 13 | K17: M2 | L17: K | M17: A | N17: K | O17: J | Q17: =IF(K17="","",VLOOKUP(K17,$A:$H,8,FALSE)) -> 4 | R17: =IF(L17="","",VLOOKUP(L17,$A:$H,8,FALSE)) -> 8 | S17: =IF(M17="","",VLOOKUP(M17,$A:$H,8,FALSE)) -> 7 | T17: =IF(N17="","",VLOOKUP(N17,$A:$H,8,FALSE)) -> 8 | U17: =IF(O17="","",VLOOKUP(O17,$A:$H,8,FALSE)) -> 10 | W17: =IF(K17="","",VLOOKUP(K17,$A:$H,2,FALSE)) -> M2 | X17: =IF(L17="","",VLOOKUP(L17,$A:$H,2,FALSE)) -> K | Y17: =IF(M17="","",VLOOKUP(M17,$A:$H,2,FALSE)) -> A | Z17: =IF(N17="","",VLOOKUP(N17,$A:$H,2,FALSE)) -> K | AA17: =IF(O17="","",VLOOKUP(O17,$A:$H,2,FALSE)) -> J
