Workbook

Sheet Overview
A2: Model: | B2: H026192
A3: Version: | B3: 0.0.1.1
A6: Base Bet
A7: 100
A10: Coin in | B10: Price(x) | C10: Total RTP | D10: Bet Type
A11: {=B11:B12*A7} -> 100 | B11: 1 | C11: =SUM(B17:B18) -> 0 | D11: Normal Bet
A12: 7500 | B12: 75 | C12: =SUM(B21:B22) -> 0 | D12: Buy Feature
A15: Total Pay Back Percentage includes the following adjustments.
A16: Bet Type | B16: Pay Back | C16: Hit% | D16: Pulls/Hit | E16: Description
A17: =D11 -> Normal Bet | C17: =1/D17 -> #DIV/0! | E17: Base Game
E18: Free Game
A20: Bet Type | B20: Pay Back | C20: Hit% | D20: Pulls/Hit | E20: Description
A21: =D12 -> Buy Feature | C21: =1/D21 -> 1 | D21: 1 | E21: Base Game
E22: Free Game
A25: Reel # | B25: 1 | C25: 2 | D25: 3 | E25: 4 | F25: 5
A26: Visible Window Size | B26: 3 | C26: 3 | D26: 3 | E26: 3 | F26: 3
A29: Free Spins Setting
A30: C1 Num. | B30: Base Game | C30: Free Game
A31: 3 | B31: 15 | C31: 15
A32: 4 | B32: 17 | C32: 17
A33: 5 | B33: 19 | C33: 19
A34: The maximum of free spins is 50.
A36: Pay Table： | B36: ="All wins show for "&A7&" credit bet." -> All wins show for 100 credit bet.
A37: Symbol | B37: Description | C37: 3 | D37: 4 | E37: 5 | F37: Id
A38: WW | B38: Wild | C38: 0 | D38: 0 | E38: 0 | F38: 0
A39: C1 | B39: Scatter | C39: 0 | D39: 0 | E39: 0 | F39: 1
A40: M1 | B40: M1 | C40: 250 | D40: 1250 | E40: 5000 | F40: 2
A41: M2 | B41: M2 | C41: 100 | D41: 500 | E41: 2000 | F41: 3
A42: M3 | B42: M3 | C42: 75 | D42: 250 | E42: 1000 | F42: 4
A43: M4 | B43: M4 | C43: 50 | D43: 200 | E43: 750 | F43: 5
A44: M5 | B44: M5 | C44: 25 | D44: 100 | E44: 500 | F44: 6
A45: A | B45: A | C45: 10 | D45: 50 | E45: 250 | F45: 7
A46: K | B46: K | C46: 10 | D46: 50 | E46: 250 | F46: 8
A47: Q | B47: Q | C47: 10 | D47: 50 | E47: 250 | F47: 9
A48: J | B48: J | C48: 10 | D48: 50 | E48: 250 | F48: 10
A49: G1 | B49: Gold M1 | C49: 250 | D49: 1250 | E49: 5000 | F49: 11
... A57: GJ | B57: Gold J | C57: 10 | D57: 50 | E57: 250 | F57: 19

Sheet Description
B3: 7. BG 流程對應
B5: 7.1 BG 開局流程
B7: BG 每局的主要參數流程如下：
B8: 1. 先用 Table Selection Weight - Base Game 選出 BG table。
B9: 2. 再用該 strip 的 Symbol Weight R1~R5 抽停輪位置。
B10: 3. 依 Symbol ID R1~R5 生成初始盤面。
B11: 4. 盤面上的金框會先判定是否觸發 Used Special Pool Weight。
B12: 5. 若命中特殊池，該金框用 Multiple Selection Weight - Special Pool 抽倍率。
B13: 6. 若沒命中特殊池：
B14: - 且是 BG_Symbol (2) 則第 3 輪金框用 Multiple Selection Weight - Reel3 Before Eliminate
B15: - 其他輪金框用 Multiple Selection Weight - Before Eliminate
B16: 7. 再用 Eliminate Table Weight 決定本局是掉落表 A 或 B。
... B83: 5. BG_Symbol (3): 觸發 FG 用的表。得分少、C1 多，盡量不要有倍數百搭參與 → 控制進 FG 時的得分

Sheet Parameter
B3: Line | I3: Table Selection Weight - Base Game (Weight/Total) | N3: Multiple Selection Weight - Special Pool (Weight/Total) | AC3: Used Special Pool Weight (Weight/10000)
B4: ID | C4: R1 | D4: R2 | E4: R3 | F4: R4 | G4: R5 | I4: Worksheet Name | J4: Weight | K4: RTP | N4: Worksheet Name \ Multiple | O4: 0 | P4: 2 | Q4: 3 | R4: 5 | S4: 8 | T4: 10 | U4: 15 | V4: 20 | W4: 25 | X4: 35 | Y4: 50 | Z4: 80 | AA4: 100 | AC4: Worksheet Name \ Multiple | AD4: 1 | AE4: 2 | AF4: 3 | AG4: 4 | AH4: 5 | AI4: 6 | AJ4: 7 | AK4: 8 | AL4: 9
B5: {=_xlfn.SEQUENCE(20,,0)} -> 0 | C5: 1 | D5: 1 | E5: 1 | F5: 1 | G5: 1 | I5: BG_Symbol | J5: =10000-J6-J7 -> 5999 | L5: {=J5:J7/J8} -> 0.5999 | N5: BG_Symbol | O5: 0 | P5: 0 | Q5: 0 | R5: 0 | S5: 0 | T5: =10000-SUM(U5:AA5) -> 3400 | U5: 1200 | V5: 2400 | W5: 500 | X5: 200 | Y5: 200 | Z5: 1200 | AA5: 900 | AB5: {=SUMPRODUCT(O5:AA5/SUM(O5:AA5),$O$4:$AA$4)} -> 31.55 | AC5: BG_Symbol | AD5: 500 | AE5: 1000 | AF5: 1500 | AG5: 3000 | AH5: 10000 | AI5: 10000 | AJ5: 10000 | AK5: 10000 | AL5: 10000
B6: 1 | C6: 0 | D6: 0 | E6: 0 | F6: 0 | G6: 0 | I6: BG_Symbol (2) | J6: 1001 | L6: 0.1001 | N6: BG_Symbol (2) | O6: 0 | P6: 0 | Q6: 0 | R6: 0 | S6: 0 | T6: =10000-SUM(U6:AA6) -> 4450 | U6: 600 | V6: 2400 | W6: 250 | X6: 100 | Y6: 100 | Z6: 1200 | AA6: 900 | AB6: {=SUMPRODUCT(O6:AA6/SUM(O6:AA6),$O$4:$AA$4)} -> 30.225 | AC6: BG_Symbol (2) | AD6: 0 | AE6: 0 | AF6: 1000 | AG6: 1500 | AH6: 2500 | AI6: 5000 | AJ6: 10000 | AK6: 10000 | AL6: 10000
B7: 2 | C7: 2 | D7: 2 | E7: 2 | F7: 2 | G7: 2 | I7: BG_Symbol (3) | J7: 3000 | L7: 0.3 | N7: BG_Symbol (3) | O7: 0 | P7: 0 | Q7: 0 | R7: 0 | S7: 0 | T7: =10000-SUM(U7:AA7) -> 10000 | U7: 0 | V7: 0 | W7: 0 | X7: 0 | Y7: 0 | Z7: 0 | AA7: 0 | AB7: {=SUMPRODUCT(O7:AA7/SUM(O7:AA7),$O$4:$AA$4)} -> 10 | AC7: BG_Symbol (3) | AD7: 0 | AE7: 0 | AF7: 0 | AG7: 0 | AH7: 0 | AI7: 0 | AJ7: 0 | AK7: 0 | AL7: 0
B8: 3 | C8: 0 | D8: 1 | E8: 2 | F8: 1 | G8: 0 | J8: =SUM(J5:J7) -> 10000 | K8: =SUMPRODUCT(K5:K7,_xlfn.ANCHORARRAY(L5)) -> 0 | N8: FG_Symbol | O8: 0 | P8: 0 | Q8: 0 | R8: 0 | S8: 0 | T8: =10000-SUM(U8:AA8) -> 3900 | U8: 1500 | V8: 2500 | W8: 100 | X8: 100 | Y8: 100 | Z8: 1000 | AA8: 800 | AB8: {=SUMPRODUCT(O8:AA8/SUM(O8:AA8),$O$4:$AA$4)} -> 28.25 | AC8: FG_Symbol | AD8: 0 | AE8: 0 | AF8: 1000 | AG8: 1500 | AH8: 2500 | AI8: 4000 | AJ8: 10000 | AK8: 10000 | AL8: 10000
B9: 4 | C9: 2 | D9: 1 | E9: 0 | F9: 1 | G9: 2 | N9: FG_Symbol (2) | O9: 0 | P9: 0 | Q9: 0 | R9: 0 | S9: 0 | T9: =10000-SUM(U9:AA9) -> 3900 | U9: 1500 | V9: 2500 | W9: 100 | X9: 100 | Y9: 100 | Z9: 1000 | AA9: 800 | AB9: {=SUMPRODUCT(O9:AA9/SUM(O9:AA9),$O$4:$AA$4)} -> 28.25 | AC9: FG_Symbol (2) | AD9: 0 | AE9: 0 | AF9: 1000 | AG9: 1500 | AH9: 2500 | AI9: 4000 | AJ9: 10000 | AK9: 10000 | AL9: 10000
B10: 5 | C10: 0 | D10: 0 | E10: 1 | F10: 0 | G10: 0 | I10: Table Selection Weight - Free Game (Weight/Total) | N10: FG_Symbol (3) | O10: 0 | P10: 0 | Q10: 0 | R10: 0 | S10: 0 | T10: =10000-SUM(U10:AA10) -> 3900 | U10: 1500 | V10: 2500 | W10: 100 | X10: 100 | Y10: 100 | Z10: 1000 | AA10: 800 | AB10: {=SUMPRODUCT(O10:AA10/SUM(O10:AA10),$O$4:$AA$4)} -> 28.25 | AC10: FG_Symbol (3) | AD10: 0 | AE10: 0 | AF10: 1000 | AG10: 1500 | AH10: 2500 | AI10: 4000 | AJ10: 10000 | AK10: 10000 | AL10: 10000
B11: 6 | C11: 2 | D11: 2 | E11: 1 | F11: 2 | G11: 2 | I11: Worksheet Name | J11: Weight | K11: RTP | N11: BF_Symbol | O11: 0 | P11: 0 | Q11: 0 | R11: 0 | S11: 0 | T11: =10000-SUM(U11:AA11) -> 10000 | U11: 0 | V11: 0 | W11: 0 | X11: 0 | Y11: 0 | Z11: 0 | AA11: 0 | AB11: {=SUMPRODUCT(O11:AA11/SUM(O11:AA11),$O$4:$AA$4)} -> 10 | AC11: BF_Symbol | AD11: 0 | AE11: 0 | AF11: 0 | AG11: 0 | AH11: 0 | AI11: 0 | AJ11: 0 | AK11: 0 | AL11: 0
B12: 7 | C12: 1 | D12: 2 | E12: 2 | F12: 2 | G12: 1 | I12: FG_Symbol | J12: =10000-SUM(J13:J14) -> 10000 | L12: {=J12:J14/SUM(J15)} -> 1
B13: 8 | C13: 1 | D13: 0 | E13: 0 | F13: 0 | G13: 1 | I13: FG_Symbol (2) | J13: 0 | L13: 0
B14: 9 | C14: 0 | D14: 1 | E14: 1 | F14: 1 | G14: 0 | I14: FG_Symbol (3) | J14: 0 | L14: 0 | N14: Multiple Selection Weight - Reel3 Before Eliminate (Weight/Total)
B15: 10 | C15: 2 | D15: 1 | E15: 1 | F15: 1 | G15: 2 | J15: =SUM(J12:J14) -> 10000 | K15: =SUMPRODUCT(K12:K14,_xlfn.ANCHORARRAY(L12)) -> 0 | N15: Worksheet Name \ Multiple | O15: 0 | P15: 2 | Q15: 3 | R15: 5 | S15: 8 | T15: 10 | U15: 15 | V15: 20 | W15: 25 | X15: 35 | Y15: 50 | Z15: 80 | AA15: 100
B16: 11 | C16: 1 | D16: 1 | E16: 0 | F16: 1 | G16: 1 | N16: BG_Symbol | O16: =10000-SUM(P16:AA16) -> 8100 | P16: 600 | Q16: 500 | R16: 400 | S16: 400 | T16: 0 | U16: 0 | V16: 0 | W16: 0 | X16: 0 | Y16: 0 | Z16: 0 | AA16: 0 | AB16: {=SUMPRODUCT(O16:AA16/SUM(O16:AA16),$O$4:$AA$4)} -> 0.79
B17: 12 | C17: 1 | D17: 1 | E17: 2 | F17: 1 | G17: 1 | I17: Table Selection Weight - Buy Feature (Weight/Total) | N17: BG_Symbol (2) | O17: =10000-SUM(P17:AA17) -> 0 | P17: =10000-SUM(Q17:AA17) -> 3200 | Q17: 2600 | R17: 2100 | S17: 2100 | T17: 0 | U17: 0 | V17: 0 | W17: 0 | X17: 0 | Y17: 0 | Z17: 0 | AA17: 0 | AB17: {=SUMPRODUCT(O17:AA17/SUM(O17:AA17),$O$4:$AA$4)} -> 4.15
B18: 13 | C18: 1 | D18: 0 | E18: 1 | F18: 0 | G18: 1 | I18: Worksheet Name | J18: Weight | K18: RTP | N18: BG_Symbol (3) | O18: =10000-SUM(P18:AA18) -> 8100 | P18: 800 | Q18: 700 | R18: 400 | S18: 0 | T18: 0 | U18: 0 | V18: 0 | W18: 0 | X18: 0 | Y18: 0 | Z18: 0 | AA18: 0 | AB18: {=SUMPRODUCT(O18:AA18/SUM(O18:AA18),$O$4:$AA$4)} -> 0.57
B19: 14 | C19: 1 | D19: 2 | E19: 1 | F19: 2 | G19: 1 | I19: FG_Symbol | J19: =10000-SUM(J20:J21) -> 10000 | L19: {=J19:J21/SUM(J22)} -> 1 | N19: FG_Symbol | O19: =10000-SUM(P19:AA19) -> 0 | P19: =10000-SUM(Q19:AA19) -> 6440 | Q19: 2600 | R19: 660 | S19: 300 | T19: 0 | U19: 0 | V19: 0 | W19: 0 | X19: 0 | Y19: 0 | Z19: 0 | AA19: 0 | AB19: {=SUMPRODUCT(O19:AA19/SUM(O19:AA19),$O$4:$AA$4)} -> 2.638
B20: 15 | C20: 0 | D20: 1 | E20: 0 | F20: 1 | G20: 0 | I20: FG_Symbol (2) | J20: 0 | L20: 0 | N20: FG_Symbol (2) | O20: =10000-SUM(P20:AA20) -> 0 | P20: =10000-SUM(Q20:AA20) -> 6440 | Q20: 2600 | R20: 660 | S20: 300 | T20: 0 | U20: 0 | V20: 0 | W20: 0 | X20: 0 | Y20: 0 | Z20: 0 | AA20: 0 | AB20: {=SUMPRODUCT(O20:AA20/SUM(O20:AA20),$O$4:$AA$4)} -> 2.638
B21: 16 | C21: 2 | D21: 1 | E21: 2 | F21: 1 | G21: 2 | I21: FG_Symbol (3) | J21: 0 | L21: 0 | N21: FG_Symbol (3) | O21: =10000-SUM(P21:AA21) -> 0 | P21: =10000-SUM(Q21:AA21) -> 6440 | Q21: 2600 | R21: 660 | S21: 300 | T21: 0 | U21: 0 | V21: 0 | W21: 0 | X21: 0 | Y21: 0 | Z21: 0 | AA21: 0 | AB21: {=SUMPRODUCT(O21:AA21/SUM(O21:AA21),$O$4:$AA$4)} -> 2.638
B22: 17 | C22: 0 | D22: 0 | E22: 1 | F22: 2 | G22: 2 | J22: =SUM(J19:J21) -> 10000 | K22: =SUMPRODUCT(K19:K21,_xlfn.ANCHORARRAY(L19)) -> 0 | N22: BF_Symbol | O22: =10000-SUM(P22:AA22) -> 8100 | P22: 800 | Q22: 700 | R22: 400 | S22: 0 | T22: 0 | U22: 0 | V22: 0 | W22: 0 | X22: 0 | Y22: 0 | Z22: 0 | AA22: 0 | AB22: {=SUMPRODUCT(O22:AA22/SUM(O22:AA22),$O$4:$AA$4)} -> 0.57
B23: 18 | C23: 2 | D23: 2 | E23: 1 | F23: 0 | G23: 0
B24: 19 | C24: 0 | D24: 2 | E24: 0 | F24: 2 | G24: 0 | I24: Multiplier Range
I25: Multiplier | N25: Multiple Selection Weight - Reel3 After Eliminate (Weight/Total)
I26: 0 | N26: Worksheet Name \ Multiple | O26: 0 | P26: 2 | Q26: 3 | R26: 5 | S26: 8 | T26: 10 | U26: 15 | V26: 20 | W26: 25 | X26: 35 | Y26: 50 | Z26: 80 | AA26: 100
I27: 2 | N27: BG_Symbol | O27: =10000-SUM(P27:AA27) -> 8700 | P27: 500 | Q27: 400 | R27: 200 | S27: 200 | T27: 0 | U27: 0 | V27: 0 | W27: 0 | X27: 0 | Y27: 0 | Z27: 0 | AA27: 0 | AB27: {=SUMPRODUCT(O27:AA27/SUM(O27:AA27),$O$4:$AA$4)} -> 0.48
I28: 3 | N28: BG_Symbol (2) | O28: =10000-SUM(P28:AA28) -> 0 | P28: =10000-SUM(Q28:AA28) -> 4400 | Q28: 2600 | R28: 1500 | S28: 1500 | T28: 0 | U28: 0 | V28: 0 | W28: 0 | X28: 0 | Y28: 0 | Z28: 0 | AA28: 0 | AB28: {=SUMPRODUCT(O28:AA28/SUM(O28:AA28),$O$4:$AA$4)} -> 3.61
I29: 5 | N29: BG_Symbol (3) | O29: =10000-SUM(P29:AA29) -> 8100 | P29: 800 | Q29: 700 | R29: 400 | S29: 0 | T29: 0 | U29: 0 | V29: 0 | W29: 0 | X29: 0 | Y29: 0 | Z29: 0 | AA29: 0 | AB29: {=SUMPRODUCT(O29:AA29/SUM(O29:AA29),$O$4:$AA$4)} -> 0.57
I30: 8 | N30: FG_Symbol | O30: =10000-SUM(P30:AA30) -> 0 | P30: =10000-SUM(Q30:AA30) -> 7100 | Q30: 2500 | R30: 300 | S30: 100 | T30: 0 | U30: 0 | V30: 0 | W30: 0 | X30: 0 | Y30: 0 | Z30: 0 | AA30: 0 | AB30: {=SUMPRODUCT(O30:AA30/SUM(O30:AA30),$O$4:$AA$4)} -> 2.4
I31: 10 | N31: FG_Symbol (2) | O31: =10000-SUM(P31:AA31) -> 0 | P31: =10000-SUM(Q31:AA31) -> 7100 | Q31: 2500 | R31: 300 | S31: 100 | T31: 0 | U31: 0 | V31: 0 | W31: 0 | X31: 0 | Y31: 0 | Z31: 0 | AA31: 0 | AB31: {=SUMPRODUCT(O31:AA31/SUM(O31:AA31),$O$4:$AA$4)} -> 2.4
I32: 15 | N32: FG_Symbol (3) | O32: =10000-SUM(P32:AA32) -> 0 | P32: =10000-SUM(Q32:AA32) -> 7100 | Q32: 2500 | R32: 300 | S32: 100 | T32: 0 | U32: 0 | V32: 0 | W32: 0 | X32: 0 | Y32: 0 | Z32: 0 | AA32: 0 | AB32: {=SUMPRODUCT(O32:AA32/SUM(O32:AA32),$O$4:$AA$4)} -> 2.4
I33: 20 | N33: BF_Symbol | O33: =10000-SUM(P33:AA33) -> 8100 | P33: 800 | Q33: 700 | R33: 400 | S33: 0 | T33: 0 | U33: 0 | V33: 0 | W33: 0 | X33: 0 | Y33: 0 | Z33: 0 | AA33: 0 | AB33: {=SUMPRODUCT(O33:AA33/SUM(O33:AA33),$O$4:$AA$4)} -> 0.57
I34: 25
I35: 35 | T35: 10 | U35: 60 | V35: 30 | W35: 20 | X35: 20 | Y35: 10 | Z35: 50
I36: 50 | N36: Multiple Selection Weight - Before Eliminate (Weight/Total)
I37: 80 | N37: Worksheet Name \ Multiple | O37: 0 | P37: 2 | Q37: 3 | R37: 5 | S37: 8 | T37: 10 | U37: 15 | V37: 20 | W37: 25 | X37: 35 | Y37: 50 | Z37: 80 | AA37: 100
I38: 100 | N38: BG_Symbol | O38: =10000-SUM(P38:AA38) -> 8100 | P38: 600 | Q38: 500 | R38: 400 | S38: 400 | T38: 0 | U38: 0 | V38: 0 | W38: 0 | X38: 0 | Y38: 0 | Z38: 0 | AA38: 0 | AB38: {=SUMPRODUCT(O38:AA38/SUM(O38:AA38),$O$4:$AA$4)} -> 0.79
N39: BG_Symbol (2) | O39: =10000-SUM(P39:AA39) -> 8100 | P39: 600 | Q39: 500 | R39: 400 | S39: 400 | T39: 0 | U39: 0 | V39: 0 | W39: 0 | X39: 0 | Y39: 0 | Z39: 0 | AA39: 0 | AB39: {=SUMPRODUCT(O39:AA39/SUM(O39:AA39),$O$4:$AA$4)} -> 0.79
N40: BG_Symbol (3) | O40: =10000-SUM(P40:AA40) -> 8100 | P40: 800 | Q40: 700 | R40: 400 | S40: 0 | T40: 0 | U40: 0 | V40: 0 | W40: 0 | X40: 0 | Y40: 0 | Z40: 0 | AA40: 0 | AB40: {=SUMPRODUCT(O40:AA40/SUM(O40:AA40),$O$4:$AA$4)} -> 0.57
I41: Eliminate Table Weight | N41: FG_Symbol | O41: =10000-SUM(P41:AA41) -> 6500 | P41: 2100 | Q41: 1000 | R41: 200 | S41: 200 | T41: 0 | U41: 0 | V41: 0 | W41: 0 | X41: 0 | Y41: 0 | Z41: 0 | AA41: 0 | AB41: {=SUMPRODUCT(O41:AA41/SUM(O41:AA41),$O$4:$AA$4)} -> 0.98
J42: A | K42: B | N42: FG_Symbol (2) | O42: =10000-SUM(P42:AA42) -> 6500 | P42: 2100 | Q42: 1000 | R42: 200 | S42: 200 | T42: 0 | U42: 0 | V42: 0 | W42: 0 | X42: 0 | Y42: 0 | Z42: 0 | AA42: 0 | AB42: {=SUMPRODUCT(O42:AA42/SUM(O42:AA42),$O$4:$AA$4)} -> 0.98
I43: Base Game | J43: 10 | K43: 0 | N43: FG_Symbol (3) | O43: =10000-SUM(P43:AA43) -> 6500 | P43: 2100 | Q43: 1000 | R43: 200 | S43: 200 | T43: 0 | U43: 0 | V43: 0 | W43: 0 | X43: 0 | Y43: 0 | Z43: 0 | AA43: 0 | AB43: {=SUMPRODUCT(O43:AA43/SUM(O43:AA43),$O$4:$AA$4)} -> 0.98
I44: Free Game | J44: 10 | K44: 0 | N44: BF_Symbol | O44: =10000-SUM(P44:AA44) -> 8100 | P44: 800 | Q44: 700 | R44: 400 | S44: 0 | T44: 0 | U44: 0 | V44: 0 | W44: 0 | X44: 0 | Y44: 0 | Z44: 0 | AA44: 0 | AB44: {=SUMPRODUCT(O44:AA44/SUM(O44:AA44),$O$4:$AA$4)} -> 0.57
N47: Multiple Selection Weight - After Eliminate (Weight/Total)
N48: Worksheet Name \ Multiple | O48: 0 | P48: 2 | Q48: 3 | R48: 5 | S48: 8 | T48: 10 | U48: 15 | V48: 20 | W48: 25 | X48: 35 | Y48: 50 | Z48: 80 | AA48: 100
N49: BG_Symbol | O49: =10000-SUM(P49:AA49) -> 8700 | P49: 500 | Q49: 400 | R49: 200 | S49: 200 | T49: 0 | U49: 0 | V49: 0 | W49: 0 | X49: 0 | Y49: 0 | Z49: 0 | AA49: 0 | AB49: {=SUMPRODUCT(O49:AA49/SUM(O49:AA49),$O$4:$AA$4)} -> 0.48
N50: BG_Symbol (2) | O50: =10000-SUM(P50:AA50) -> 8700 | P50: 500 | Q50: 400 | R50: 200 | S50: 200 | T50: 0 | U50: 0 | V50: 0 | W50: 0 | X50: 0 | Y50: 0 | Z50: 0 | AA50: 0 | AB50: {=SUMPRODUCT(O50:AA50/SUM(O50:AA50),$O$4:$AA$4)} -> 0.48
N51: BG_Symbol (3) | O51: =10000-SUM(P51:AA51) -> 8100 | P51: 800 | Q51: 700 | R51: 400 | S51: 0 | T51: 0 | U51: 0 | V51: 0 | W51: 0 | X51: 0 | Y51: 0 | Z51: 0 | AA51: 0 | AB51: {=SUMPRODUCT(O51:AA51/SUM(O51:AA51),$O$4:$AA$4)} -> 0.57
N52: FG_Symbol | O52: =10000-SUM(P52:AA52) -> 6700 | P52: 2300 | Q52: 800 | R52: 100 | S52: 100 | T52: 0 | U52: 0 | V52: 0 | W52: 0 | X52: 0 | Y52: 0 | Z52: 0 | AA52: 0 | AB52: {=SUMPRODUCT(O52:AA52/SUM(O52:AA52),$O$4:$AA$4)} -> 0.83
N53: FG_Symbol (2) | O53: =10000-SUM(P53:AA53) -> 6700 | P53: 2300 | Q53: 800 | R53: 100 | S53: 100 | T53: 0 | U53: 0 | V53: 0 | W53: 0 | X53: 0 | Y53: 0 | Z53: 0 | AA53: 0 | AB53: {=SUMPRODUCT(O53:AA53/SUM(O53:AA53),$O$4:$AA$4)} -> 0.83
N54: FG_Symbol (3) | O54: =10000-SUM(P54:AA54) -> 6700 | P54: 2300 | Q54: 800 | R54: 100 | S54: 100 | T54: 0 | U54: 0 | V54: 0 | W54: 0 | X54: 0 | Y54: 0 | Z54: 0 | AA54: 0 | AB54: {=SUMPRODUCT(O54:AA54/SUM(O54:AA54),$O$4:$AA$4)} -> 0.83
N55: BF_Symbol | O55: =10000-SUM(P55:AA55) -> 8100 | P55: 800 | Q55: 700 | R55: 400 | S55: 0 | T55: 0 | U55: 0 | V55: 0 | W55: 0 | X55: 0 | Y55: 0 | Z55: 0 | AA55: 0 | AB55: {=SUMPRODUCT(O55:AA55/SUM(O55:AA55),$O$4:$AA$4)} -> 0.57

Sheet Multiplier_Weight
B3: {=Multiplier_Weight_Oldhand!H14:H79} -> Range | C3: Weight_BG | D3: cum | E3: Weight_FG | F3: Weight_BF
B4: (-1, 0] | C4: {=Multiplier_Weight_Oldhand!L15:L79} -> 740278469 | D4: =SUM($C$4:C4) -> 740278469 | E4: {=Multiplier_Weight_Oldhand!L87:L150} -> 0 | F4: 0 | H4: 746296 | I4: {=_xlfn.ANCHORARRAY(C4)/SUM(_xlfn.ANCHORARRAY(C4))} -> 0.74027847 | J4: {=H4:H67/SUM(H4:H67)} -> 0.746296 | L4: 0 | M4: {=_xlfn.ANCHORARRAY(E4)/SUM(_xlfn.ANCHORARRAY(E4))} -> 0 | N4: {=L4:L67/SUM(L4:L67)} -> 0
B5: (0, 1] | C5: 168065068 | D5: =SUM($C$4:C5) -> 908343537 | E5: 0 | F5: 0 | H5: 168324 | I5: 0.16806507 | J5: 0.168324 | L5: 0 | M5: 0 | N5: 0
B6: (1, 2] | C6: 36253475 | D6: =SUM($C$4:C6) -> 944597012 | E6: 0 | F6: 0 | H6: 36147 | I6: 0.036253475 | J6: 0.036147 | L6: 0 | M6: 0 | N6: 0
B7: (2, 3] | C7: 16477087 | D7: =SUM($C$4:C7) -> 961074099 | E7: 0 | F7: 0 | H7: 16571 | I7: 0.016477087 | J7: 0.016571 | L7: 0 | M7: 0 | N7: 0
B8: (3, 4] | C8: 7840052 | D8: =SUM($C$4:C8) -> 968914151 | E8: 0 | F8: 0 | H8: 7879 | I8: 0.007840052 | J8: 0.007879 | L8: 0 | M8: 0 | N8: 0
B9: (4, 5] | C9: 5404149 | D9: =SUM($C$4:C9) -> 974318300 | E9: 0 | F9: 0 | H9: 5318 | I9: 0.005404149 | J9: 0.005318 | L9: 0 | M9: 0 | N9: 0
B10: (5, 6] | C10: 4037019 | D10: =SUM($C$4:C10) -> 978355319 | E10: 0 | F10: 0 | H10: 4051 | I10: 0.004037019 | J10: 0.004051 | L10: 0 | M10: 0 | N10: 0
B11: (6, 7] | C11: 2596321 | D11: =SUM($C$4:C11) -> 980951640 | E11: 0 | F11: 0 | H11: 2617 | I11: 0.002596321 | J11: 0.002617 | L11: 0 | M11: 0 | N11: 0
B12: (7, 8] | C12: 2902852 | D12: =SUM($C$4:C12) -> 983854492 | E12: 0 | F12: 0 | H12: 2899 | I12: 0.002902852 | J12: 0.002899 | L12: 0 | M12: 0 | N12: 0
B13: (8, 9] | C13: 1921952 | D13: =SUM($C$4:C13) -> 985776444 | E13: 0 | F13: 0 | H13: 1900 | I13: 0.001921952 | J13: 0.0019 | L13: 0 | M13: 0 | N13: 0
B14: (9, 10] | C14: 1837145 | D14: =SUM($C$4:C14) -> 987613589 | E14: 0 | F14: 0 | H14: 1896 | I14: 0.001837145 | J14: 0.001896 | L14: 0 | M14: 0 | N14: 0
B15: (10, 15] | C15: 6120411 | D15: =SUM($C$4:C15) -> 993734000 | E15: 0 | F15: 0 | H15: 6101 | I15: 0.006120411 | J15: 0.006101 | L15: 0 | M15: 0 | N15: 0
B16: (15, 20] | C16: 0 | D16: =SUM($C$4:C16) -> 993734000 | E16: 0 | F16: 0 | H16: 0 | I16: 0 | J16: 0 | L16: 0 | M16: 0 | N16: 0
... B67: (100000, 9999999] | C67: 0 | D67: =SUM($C$4:C67) -> 993734000 | E67: 0 | F67: 0 | H67: 0 | I67: 0 | J67: 0 | L67: 0 | M67: 0 | N67: 0
B68: Free Game | C68: 6266000 | D68: =SUM($C$4:C68) -> 1000000000 | I68: 0.006266

Sheet 工作表2
B2: 金框出現率(B1)
B3: Cnt | C3: PG | D3: OP
B4: 0 | C4: 0.12890728 | D4: 0.1798 | G4: 0 | H4: {=G4:G13/10000} -> 0
B5: 1 | C5: 0.30351325 | D5: 0.3534 | G5: {=TRANSPOSE(Parameter!AD5:AL5)} -> 500 | H5: 0.05
B6: 2 | C6: 0.30338117 | D6: 0.2963 | G6: 1000 | H6: 0.1
B7: 3 | C7: 0.18173814 | D7: 0.1327 | G7: 1500 | H7: 0.15
B8: 4 | C8: 0.063705204 | D8: 0.0333 | G8: 3000 | H8: 0.3
B9: 5 | C9: 0.014748613 | D9: 0.0044 | G9: 10000 | H9: 1
B10: 6 | C10: 0.0036101083 | D10: 0.0002 | G10: 10000 | H10: 1
B11: 7 | C11: 0.0003962314 | D11: 0 | G11: 10000 | H11: 1
B12: 8 | C12: 0 | D12: 0 | G12: 10000 | H12: 1
B13: 9 | C13: 0 | D13: 0 | G13: 10000 | H13: 1
B16: 倍數出現率 | I16: =1/I17 -> 12.225686
C17: PG | D17: OP | I17: =SUMPRODUCT(H4:H13,D4:D13) -> 0.081795
B18: 0 | C18: 0.86973562 | D18: {=J18:J30} -> 0.74374605 | F18: {=TRANSPOSE(Parameter!O16:AA16)} -> 8100 | G18: {=TRANSPOSE(Parameter!O5:AA5)} -> 0 | H18: {=_xlfn.ANCHORARRAY(F18)/SUM(_xlfn.ANCHORARRAY(F18))*(1-I17)} -> 0.74374605 | I18: {=_xlfn.ANCHORARRAY(G18)/SUM(_xlfn.ANCHORARRAY(G18))*I17} -> 0 | J18: {=H18:H22} -> 0.74374605
B19: 2 | C19: 0.034690102 | D19: 0.0550923 | F19: 600 | G19: 0 | H19: 0.0550923 | I19: 0 | J19: 0.0550923
B20: 3 | C20: 0.028506743 | D20: 0.04591025 | F20: 500 | G20: 0 | H20: 0.04591025 | I20: 0 | J20: 0.04591025
B21: 5 | C21: 0.019109986 | D21: 0.0367282 | F21: 400 | G21: 0 | H21: 0.0367282 | I21: 0 | J21: 0.0367282
B22: 8 | C22: 0.018111885 | D22: 0.0367282 | F22: 400 | G22: 0 | H22: 0.0367282 | I22: 0 | J22: 0.0367282
B23: 10 | C23: 0.014849798 | D23: 0.0278103 | F23: 0 | G23: 3400 | H23: 0 | I23: 0.0278103 | J23: {=I23:I30} -> 0.0278103
B24: 15 | C24: 0.0087881591 | D24: 0.0098154 | F24: 0 | G24: 1200 | H24: 0 | I24: 0.0098154 | J24: 0.0098154
B25: 20 | C25: 0.0045523151 | D25: 0.0196308 | F25: 0 | G25: 2400 | H25: 0 | I25: 0.0196308 | J25: 0.0196308
B26: 25 | C26: 0.0013876041 | D26: 0.00408975 | F26: 0 | G26: 500 | H26: 0 | I26: 0.00408975 | J26: 0.00408975
B27: 35 | C27: 0.00019475145 | D27: 0.0016359 | F27: 0 | G27: 200 | H27: 0 | I27: 0.0016359 | J27: 0.0016359
B28: 50 | C28: 2.4343931e-05 | D28: 0.0016359 | F28: 0 | G28: 200 | H28: 0 | I28: 0.0016359 | J28: 0.0016359
B29: 80 | C29: 4.8687862e-05 | D29: 0.0098154 | F29: 0 | G29: 1200 | H29: 0 | I29: 0.0098154 | J29: 0.0098154
B30: 100 | C30: 0 | D30: 0.00736155 | F30: 0 | G30: 900 | H30: 0 | I30: 0.00736155 | J30: 0.00736155
C31: =SUMPRODUCT(C18:C30,B18:B30) -> 0.81333074 | D31: =SUMPRODUCT(D18:D30,B18:B30) -> 3.3060142
B34: 金框出現率(B2)
B35: Cnt | C35: PG | D35: OP
B36: 0 | C36: 0.12890728 | D36: 0 | G36: 0 | H36: {=G36:G45/10000} -> 0
B37: 1 | C37: 0.30351325 | D37: 0 | G37: {=TRANSPOSE(Parameter!AD6:AL6)} -> 0 | H37: 0
B38: 2 | C38: 0.30338117 | D38: 0 | G38: 0 | H38: 0
B39: 3 | C39: 0.18173814 | D39: 0.1796 | G39: 1000 | H39: 0.1
B40: 4 | C40: 0.063705204 | D40: 0.3822 | G40: 1500 | H40: 0.15
B41: 5 | C41: 0.014748613 | D41: 0.2992 | G41: 2500 | H41: 0.25
B42: 6 | C42: 0.0036101083 | D42: 0.1134 | G42: 5000 | H42: 0.5
B43: 7 | C43: 0.0003962314 | D43: 0.023 | G43: 10000 | H43: 1
B44: 8 | C44: 0 | D44: 0.0024 | G44: 10000 | H44: 1
B45: 9 | C45: 0 | D45: 0.0001 | G45: 10000 | H45: 1
B48: 倍數出現率 | I48: =1/I49 -> 4.3049636
C49: PG | D49: OP | I49: =SUMPRODUCT(H36:H45,D36:D45) -> 0.23229
B50: 0 | C50: 0.86973562 | D50: {=J50:J62} -> 0 | F50: {=TRANSPOSE(Parameter!O17:AA17)} -> 0 | G50: {=TRANSPOSE(Parameter!O6:AA6)} -> 0 | H50: {=_xlfn.ANCHORARRAY(F50)/SUM(_xlfn.ANCHORARRAY(F50))*(1-I49)} -> 0 | I50: {=_xlfn.ANCHORARRAY(G50)/SUM(_xlfn.ANCHORARRAY(G50))*I49} -> 0 | J50: {=H50:H54} -> 0
B51: 2 | C51: 0.034690102 | D51: 0.2456672 | F51: 3200 | G51: 0 | H51: 0.2456672 | I51: 0 | J51: 0.2456672
B52: 3 | C52: 0.028506743 | D52: 0.1996046 | F52: 2600 | G52: 0 | H52: 0.1996046 | I52: 0 | J52: 0.1996046
B53: 5 | C53: 0.019109986 | D53: 0.1612191 | F53: 2100 | G53: 0 | H53: 0.1612191 | I53: 0 | J53: 0.1612191
B54: 8 | C54: 0.018111885 | D54: 0.1612191 | F54: 2100 | G54: 0 | H54: 0.1612191 | I54: 0 | J54: 0.1612191
B55: 10 | C55: 0.014849798 | D55: 0.10336905 | F55: 0 | G55: 4450 | H55: 0 | I55: 0.10336905 | J55: {=I55:I62} -> 0.10336905
B56: 15 | C56: 0.0087881591 | D56: 0.0139374 | F56: 0 | G56: 600 | H56: 0 | I56: 0.0139374 | J56: 0.0139374
B57: 20 | C57: 0.0045523151 | D57: 0.0557496 | F57: 0 | G57: 2400 | H57: 0 | I57: 0.0557496 | J57: 0.0557496
B58: 25 | C58: 0.0013876041 | D58: 0.00580725 | F58: 0 | G58: 250 | H58: 0 | I58: 0.00580725 | J58: 0.00580725
B59: 35 | C59: 0.00019475145 | D59: 0.0023229 | F59: 0 | G59: 100 | H59: 0 | I59: 0.0023229 | J59: 0.0023229
B60: 50 | C60: 2.4343931e-05 | D60: 0.0023229 | F60: 0 | G60: 100 | H60: 0 | I60: 0.0023229 | J60: 0.0023229
B61: 80 | C61: 4.8687862e-05 | D61: 0.0278748 | F61: 0 | G61: 1200 | H61: 0 | I61: 0.0278748 | J61: 0.0278748
B62: 100 | C62: 0 | D62: 0.0209061 | F62: 0 | G62: 900 | H62: 0 | I62: 0.0209061 | J62: 0.0209061
C63: =SUMPRODUCT(C50:C62,B50:B62) -> 0.81333074 | D63: =SUMPRODUCT(D50:D62,B50:B62) -> 10.206962
B66: 金框出現率(F2)
B67: Cnt | C67: PG | D67: OP
B68: 0 | C68: 0.056827151 | D68: 0 | G68: 0 | H68: {=G68:G77/10000} -> 0
B69: 1 | C69: 0.14601421 | D69: 0 | G69: {=TRANSPOSE(Parameter!AD8:AL8)} -> 0 | H69: 0
B70: 2 | C70: 0.23993686 | D70: 0.0118 | G70: 0 | H70: 0
B71: 3 | C71: 0.24072612 | D71: 0.2377 | G71: 1000 | H71: 0.1
B72: 4 | C72: 0.17363852 | D72: 0.3927 | G72: 1500 | H72: 0.15
B73: 5 | C73: 0.10023678 | D73: 0.2575 | G73: 2500 | H73: 0.25
B74: 6 | C74: 0.031570639 | D74: 0.0827 | G74: 4000 | H74: 0.4
B75: 7 | C75: 0.010260458 | D75: 0.0158 | G75: 10000 | H75: 1
B76: 8 | C76: 0.00078926598 | D76: 0.0017 | G76: 10000 | H76: 1
B77: 9 | C77: 0 | D77: 0.0001 | G77: 10000 | H77: 1
B80: 倍數出現率 | I80: =1/I81 -> 5.0574015
C81: PG | D81: OP | I81: =SUMPRODUCT(H68:H77,D68:D77) -> 0.19773
B82: 0 | C82: 0.64345873 | D82: {=J82:J94} -> 0 | F82: {=TRANSPOSE(Parameter!O19:AA19)} -> 0 | G82: {=TRANSPOSE(Parameter!O8:AA8)} -> 0 | H82: {=_xlfn.ANCHORARRAY(F82)/SUM(_xlfn.ANCHORARRAY(F82))*(1-I81)} -> 0 | I82: {=_xlfn.ANCHORARRAY(G82)/SUM(_xlfn.ANCHORARRAY(G82))*I81} -> 0 | J82: {=H82:H86} -> 0
B83: 2 | C83: 0.21617069 | D83: 0.51666188 | F83: 6440 | G83: 0 | H83: 0.51666188 | I83: 0 | J83: 0.51666188
B84: 3 | C84: 0.085906794 | D84: 0.2085902 | F84: 2600 | G84: 0 | H84: 0.2085902 | I84: 0 | J84: 0.2085902
B85: 5 | C85: 0.02189781 | D85: 0.05294982 | F85: 660 | G85: 0 | H85: 0.05294982 | I85: 0 | J85: 0.05294982
B86: 8 | C86: 0.010668164 | D86: 0.0240681 | F86: 300 | G86: 0 | H86: 0.0240681 | I86: 0 | J86: 0.0240681
B87: 10 | C87: 0.010106682 | D87: 0.0771147 | F87: 0 | G87: 3900 | H87: 0 | I87: 0.0771147 | J87: {=I87:I94} -> 0.0771147
B88: 15 | C88: 0.0058955643 | D88: 0.0296595 | F88: 0 | G88: 1500 | H88: 0 | I88: 0.0296595 | J88: 0.0296595
B89: 20 | C89: 0.0028074116 | D89: 0.0494325 | F89: 0 | G89: 2500 | H89: 0 | I89: 0.0494325 | J89: 0.0494325
B90: 25 | C90: 0.00056148231 | D90: 0.0019773 | F90: 0 | G90: 100 | H90: 0 | I90: 0.0019773 | J90: 0.0019773
B91: 35 | C91: 0.00056148231 | D91: 0.0019773 | F91: 0 | G91: 100 | H91: 0 | I91: 0.0019773 | J91: 0.0019773
B92: 50 | C92: 0.00084222347 | D92: 0.0019773 | F92: 0 | G92: 100 | H92: 0 | I92: 0.0019773 | J92: 0.0019773
B93: 80 | C93: 0.00084222347 | D93: 0.019773 | F93: 0 | G93: 1000 | H93: 0 | I93: 0.019773 | J93: 0.019773
B94: 100 | C94: 0.00028074116 | D94: 0.0158184 | F94: 0 | G94: 800 | H94: 0 | I94: 0.0158184 | J94: 0.0158184
C95: =SUMPRODUCT(C82:C94,B82:B94) -> 1.3017967 | D95: =SUMPRODUCT(D82:D94,B82:B94) -> 7.7022608

Sheet Multiplier_Weight_Newbie
A2: Threshold | B2: 1000000000
A3: Coin in | B3: =Overview!A7 -> 100
C5: RTP
B6: Bet | C6: Base Game | D6: Free Game | E6: Total | F6: Hit Rate | G6: FG Period | H6: Avg Multi
A7: Normal Bet | B7: {=Overview!B11:B12} -> 1 | C7: =SUM(N15:N79) -> #DIV/0! | D7: =SUM(_xlfn.ANCHORARRAY(N87))*M79 -> #DIV/0! | E7: =SUM(C7:D7) -> #DIV/0! | F7: =M79 -> #DIV/0! | G7: =1/F7 -> #DIV/0! | H7: =D7*G7 -> #DIV/0!
B8: 75
A11: Base Game
A13: Simulator | B13: =10^8 -> 100000000 | H13: Calculate
A14: Lower | B14: Upper | C14: Cnt | D14: Pay | E14: Hit Rate | F14: Avg. Multi. | H14: Range | I14: Fix Num | J14: Fix Rate | K14: Final Rate | L14: Weight | M14: Hit Rate | N14: Simulator RTP | O14: 1.1
A15: -1 | B15: 0 | E15: {=_xlfn.LET(_xlpm.x, C15:C78, _xlpm.x/SUM(_xlpm.x))} -> #DIV/0! | F15: {=_xlfn.LET(_xlpm.x, D15:D80/C15:C80/B3, IF(ISERR(_xlpm.x), 0, _xlpm.x))} -> 0 | H15: ="("&$A15&", "&$B15&"]" -> (-1, 0] | I15: 1 | J15: {=E15:E79*I15:I79} -> #DIV/0! | K15: {=J15:J78/SUM(_xlfn.ANCHORARRAY(J15))} -> #DIV/0! | L15: =INT($B$2-SUM(_xlfn.ANCHORARRAY(L16))) -> #DIV/0! | M15: {=_xlfn.LET(_xlpm.x, L15:L79, _xlpm.x/SUM(_xlpm.x))} -> #DIV/0! | N15: {=M15:M79*F15:F79} -> #DIV/0! | O15: {=I15:I78*O14} -> 1.1
A16: 0 | B16: 1 | E16: #DIV/0! | F16: 0 | H16: ="("&$A16&", "&$B16&"]" -> (0, 1] | I16: 1 | J16: #DIV/0! | K16: #DIV/0! | L16: {=INT(K16:K79*$B$2)} -> #DIV/0! | M16: #DIV/0! | N16: #DIV/0! | O16: 1.1
A17: 1 | B17: 2 | E17: #DIV/0! | F17: 0 | H17: ="("&$A17&", "&$B17&"]" -> (1, 2] | I17: 1 | J17: #DIV/0! | K17: #DIV/0! | L17: #DIV/0! | M17: #DIV/0! | N17: #DIV/0! | O17: 1.1
A18: 2 | B18: 3 | E18: #DIV/0! | F18: 0 | H18: ="("&$A18&", "&$B18&"]" -> (2, 3] | I18: 1 | J18: #DIV/0! | K18: #DIV/0! | L18: #DIV/0! | M18: #DIV/0! | N18: #DIV/0! | O18: 1.1
A19: 3 | B19: 4 | E19: #DIV/0! | F19: 0 | H19: ="("&$A19&", "&$B19&"]" -> (3, 4] | I19: 1 | J19: #DIV/0! | K19: #DIV/0! | L19: #DIV/0! | M19: #DIV/0! | N19: #DIV/0! | O19: 1.1
A20: 4 | B20: 5 | E20: #DIV/0! | F20: 0 | H20: ="("&$A20&", "&$B20&"]" -> (4, 5] | I20: 1 | J20: #DIV/0! | K20: #DIV/0! | L20: #DIV/0! | M20: #DIV/0! | N20: #DIV/0! | O20: 1.1
A21: 5 | B21: 6 | E21: #DIV/0! | F21: 0 | H21: ="("&$A21&", "&$B21&"]" -> (5, 6] | I21: 1 | J21: #DIV/0! | K21: #DIV/0! | L21: #DIV/0! | M21: #DIV/0! | N21: #DIV/0! | O21: 1.1
A22: 6 | B22: 7 | E22: #DIV/0! | F22: 0 | H22: ="("&$A22&", "&$B22&"]" -> (6, 7] | I22: 1 | J22: #DIV/0! | K22: #DIV/0! | L22: #DIV/0! | M22: #DIV/0! | N22: #DIV/0! | O22: 1.1
A23: 7 | B23: 8 | E23: #DIV/0! | F23: 0 | H23: ="("&$A23&", "&$B23&"]" -> (7, 8] | I23: 1 | J23: #DIV/0! | K23: #DIV/0! | L23: #DIV/0! | M23: #DIV/0! | N23: #DIV/0! | O23: 1.1
A24: 8 | B24: 9 | E24: #DIV/0! | F24: 0 | H24: ="("&$A24&", "&$B24&"]" -> (8, 9] | I24: 1 | J24: #DIV/0! | K24: #DIV/0! | L24: #DIV/0! | M24: #DIV/0! | N24: #DIV/0! | O24: 1.1
A25: 9 | B25: 10 | E25: #DIV/0! | F25: 0 | H25: ="("&$A25&", "&$B25&"]" -> (9, 10] | I25: 1 | J25: #DIV/0! | K25: #DIV/0! | L25: #DIV/0! | M25: #DIV/0! | N25: #DIV/0! | O25: 1.1
A26: 10 | B26: 15 | E26: #DIV/0! | F26: 0 | G26: =SUM($L$15:L25)-1000 -> #DIV/0! | H26: ="("&$A26&", "&$B26&"]" -> (10, 15] | I26: 1 | J26: #DIV/0! | K26: #DIV/0! | L26: #DIV/0! | M26: #DIV/0! | N26: #DIV/0! | O26: 1.1
A27: 15 | B27: 20 | E27: #DIV/0! | F27: 0 | G27: =SUM($L$15:L26)-1000 -> #DIV/0! | H27: ="("&$A27&", "&$B27&"]" -> (15, 20] | I27: 1 | J27: #DIV/0! | K27: #DIV/0! | L27: #DIV/0! | M27: #DIV/0! | N27: #DIV/0! | O27: 1.1
A28: 20 | B28: 25 | E28: #DIV/0! | F28: 0 | G28: =SUM($L$15:L27)-1000 -> #DIV/0! | H28: ="("&$A28&", "&$B28&"]" -> (20, 25] | I28: 1 | J28: #DIV/0! | K28: #DIV/0! | L28: #DIV/0! | M28: #DIV/0! | N28: #DIV/0! | O28: 1.1
A29: 25 | B29: 30 | E29: #DIV/0! | F29: 0 | G29: =SUM($L$15:L28)-1000 -> #DIV/0! | H29: ="("&$A29&", "&$B29&"]" -> (25, 30] | I29: 1 | J29: #DIV/0! | K29: #DIV/0! | L29: #DIV/0! | M29: #DIV/0! | N29: #DIV/0! | O29: 1.1
A30: 30 | B30: 35 | E30: #DIV/0! | F30: 0 | G30: =SUM($L$15:L29)-1000 -> #DIV/0! | H30: ="("&$A30&", "&$B30&"]" -> (30, 35] | I30: 1 | J30: #DIV/0! | K30: #DIV/0! | L30: #DIV/0! | M30: #DIV/0! | N30: #DIV/0! | O30: 1.1
A31: 35 | B31: 40 | E31: #DIV/0! | F31: 0 | G31: =SUM($L$15:L30)-1000 -> #DIV/0! | H31: ="("&$A31&", "&$B31&"]" -> (35, 40] | I31: 1 | J31: #DIV/0! | K31: #DIV/0! | L31: #DIV/0! | M31: #DIV/0! | N31: #DIV/0! | O31: 1.1
A32: 40 | B32: 45 | E32: #DIV/0! | F32: 0 | G32: =SUM($L$15:L31)-1000 -> #DIV/0! | H32: ="("&$A32&", "&$B32&"]" -> (40, 45] | I32: 1 | J32: #DIV/0! | K32: #DIV/0! | L32: #DIV/0! | M32: #DIV/0! | N32: #DIV/0! | O32: 1.1
A33: 45 | B33: 50 | E33: #DIV/0! | F33: 0 | G33: =SUM($L$15:L32)-1000 -> #DIV/0! | H33: ="("&$A33&", "&$B33&"]" -> (45, 50] | I33: 1 | J33: #DIV/0! | K33: #DIV/0! | L33: #DIV/0! | M33: #DIV/0! | N33: #DIV/0! | O33: 1.1
A34: 50 | B34: 60 | E34: #DIV/0! | F34: 0 | G34: =SUM($L$15:L33)-1000 -> #DIV/0! | H34: ="("&$A34&", "&$B34&"]" -> (50, 60] | I34: 1 | J34: #DIV/0! | K34: #DIV/0! | L34: #DIV/0! | M34: #DIV/0! | N34: #DIV/0! | O34: 1.1
A35: 60 | B35: 70 | E35: #DIV/0! | F35: 0 | H35: ="("&$A35&", "&$B35&"]" -> (60, 70] | I35: 1 | J35: #DIV/0! | K35: #DIV/0! | L35: #DIV/0! | M35: #DIV/0! | N35: #DIV/0! | O35: 1.1
A36: 70 | B36: 80 | E36: #DIV/0! | F36: 0 | H36: ="("&$A36&", "&$B36&"]" -> (70, 80] | I36: 1 | J36: #DIV/0! | K36: #DIV/0! | L36: #DIV/0! | M36: #DIV/0! | N36: #DIV/0! | O36: 1.1
A37: 80 | B37: 90 | E37: #DIV/0! | F37: 0 | H37: ="("&$A37&", "&$B37&"]" -> (80, 90] | I37: 1 | J37: #DIV/0! | K37: #DIV/0! | L37: #DIV/0! | M37: #DIV/0! | N37: #DIV/0! | O37: 1.1
A38: 90 | B38: 100 | E38: #DIV/0! | F38: 0 | H38: ="("&$A38&", "&$B38&"]" -> (90, 100] | I38: 1 | J38: #DIV/0! | K38: #DIV/0! | L38: #DIV/0! | M38: #DIV/0! | N38: #DIV/0! | O38: 1.1
A39: 100 | B39: 120 | E39: #DIV/0! | F39: 0 | H39: ="("&$A39&", "&$B39&"]" -> (100, 120] | I39: 1 | J39: #DIV/0! | K39: #DIV/0! | L39: #DIV/0! | M39: #DIV/0! | N39: #DIV/0! | O39: 1.1
A40: 120 | B40: 140 | E40: #DIV/0! | F40: 0 | H40: ="("&$A40&", "&$B40&"]" -> (120, 140] | I40: 1 | J40: #DIV/0! | K40: #DIV/0! | L40: #DIV/0! | M40: #DIV/0! | N40: #DIV/0! | O40: 1.1
A41: 140 | B41: 160 | E41: #DIV/0! | F41: 0 | H41: ="("&$A41&", "&$B41&"]" -> (140, 160] | I41: 1 | J41: #DIV/0! | K41: #DIV/0! | L41: #DIV/0! | M41: #DIV/0! | N41: #DIV/0! | O41: 1.1
A42: 160 | B42: 180 | E42: #DIV/0! | F42: 0 | H42: ="("&$A42&", "&$B42&"]" -> (160, 180] | I42: 1 | J42: #DIV/0! | K42: #DIV/0! | L42: #DIV/0! | M42: #DIV/0! | N42: #DIV/0! | O42: 1.1
A43: 180 | B43: 200 | E43: #DIV/0! | F43: 0 | H43: ="("&$A43&", "&$B43&"]" -> (180, 200] | I43: 1 | J43: #DIV/0! | K43: #DIV/0! | L43: #DIV/0! | M43: #DIV/0! | N43: #DIV/0! | O43: 1.1
A44: 200 | B44: 250 | E44: #DIV/0! | F44: 0 | H44: ="("&$A44&", "&$B44&"]" -> (200, 250] | I44: 1 | J44: #DIV/0! | K44: #DIV/0! | L44: #DIV/0! | M44: #DIV/0! | N44: #DIV/0! | O44: 1.1
A45: 250 | B45: 300 | E45: #DIV/0! | F45: 0 | H45: ="("&$A45&", "&$B45&"]" -> (250, 300] | I45: 1 | J45: #DIV/0! | K45: #DIV/0! | L45: #DIV/0! | M45: #DIV/0! | N45: #DIV/0! | O45: 1.1
A46: 300 | B46: 350 | E46: #DIV/0! | F46: 0 | H46: ="("&$A46&", "&$B46&"]" -> (300, 350] | I46: 1 | J46: #DIV/0! | K46: #DIV/0! | L46: #DIV/0! | M46: #DIV/0! | N46: #DIV/0! | O46: 1.1
... A78: 100000 | B78: 9999999 | E78: #DIV/0! | F78: 0 | H78: ="("&$A78&", "&$B78&"]" -> (100000, 9999999] | I78: 1 | J78: #DIV/0! | K78: #DIV/0! | L78: #DIV/0! | M78: #DIV/0! | N78: #DIV/0! | O78: 1.1
A79: Free Game | C79: =E79*B13 -> 0 | F79: 0 | G79: =SUM($L$15:L79)-100 -> #DIV/0! | H79: Free Game | I79: 1 | J79: 0 | K79: =J79 -> 0 | L79: 0 | M79: #DIV/0! | N79: #DIV/0!
F80: 0
A83: Free Game
A85: Simulator | B85: 10000000 | H85: Calculate
A86: Lower | B86: Upper | C86: Cnt | D86: Pay | E86: Hit Rate | F86: Avg. Multi. | H86: Range | I86: Fix Num | J86: Fix Rate | K86: Final Rate | L86: Weight | M86: Hit Rate | N86: Simulator RTP | O86: 1.1
A87: -1 | B87: 0 | E87: {=_xlfn.LET(_xlpm.x, C87:C150, _xlpm.x/SUM(_xlpm.x))} -> #DIV/0! | F87: {=_xlfn.LET(_xlpm.x, D87:D150/C87:C150/B3, IF(ISERR(_xlpm.x), 0, _xlpm.x))} -> 0 | H87: ="("&$A87&", "&$B87&"]" -> (-1, 0] | I87: 1 | J87: {=_xlfn.ANCHORARRAY(E87)*I87:I150} -> #DIV/0! | K87: {=J87:J150/SUM(_xlfn.ANCHORARRAY(J87))} -> #DIV/0! | L87: 0 | M87: {=_xlfn.LET(_xlpm.x, L87:L150, _xlpm.x/SUM(_xlpm.x))} -> #DIV/0! | N87: {=M87:M150*_xlfn.ANCHORARRAY(F87)} -> #DIV/0! | O87: {=I87:I150*O86} -> 1.1
A88: 0 | B88: 1 | E88: #DIV/0! | F88: 0 | H88: ="("&$A88&", "&$B88&"]" -> (0, 1] | I88: 1 | J88: #DIV/0! | K88: #DIV/0! | L88: 0 | M88: #DIV/0! | N88: #DIV/0! | O88: 1.1
A89: 1 | B89: 2 | E89: #DIV/0! | F89: 0 | H89: ="("&$A89&", "&$B89&"]" -> (1, 2] | I89: 1 | J89: #DIV/0! | K89: #DIV/0! | L89: 0 | M89: #DIV/0! | N89: #DIV/0! | O89: 1.1
A90: 2 | B90: 3 | E90: #DIV/0! | F90: 0 | H90: ="("&$A90&", "&$B90&"]" -> (2, 3] | I90: 1 | J90: #DIV/0! | K90: #DIV/0! | L90: 0 | M90: #DIV/0! | N90: #DIV/0! | O90: 1.1
A91: 3 | B91: 4 | E91: #DIV/0! | F91: 0 | H91: ="("&$A91&", "&$B91&"]" -> (3, 4] | I91: 1 | J91: #DIV/0! | K91: #DIV/0! | L91: 0 | M91: #DIV/0! | N91: #DIV/0! | O91: 1.1
A92: 4 | B92: 5 | E92: #DIV/0! | F92: 0 | H92: ="("&$A92&", "&$B92&"]" -> (4, 5] | I92: 1 | J92: #DIV/0! | K92: #DIV/0! | L92: 0 | M92: #DIV/0! | N92: #DIV/0! | O92: 1.1
A93: 5 | B93: 6 | E93: #DIV/0! | F93: 0 | H93: ="("&$A93&", "&$B93&"]" -> (5, 6] | I93: 1 | J93: #DIV/0! | K93: #DIV/0! | L93: 0 | M93: #DIV/0! | N93: #DIV/0! | O93: 1.1
A94: 6 | B94: 7 | E94: #DIV/0! | F94: 0 | H94: ="("&$A94&", "&$B94&"]" -> (6, 7] | I94: 1 | J94: #DIV/0! | K94: #DIV/0! | L94: 0 | M94: #DIV/0! | N94: #DIV/0! | O94: 1.1
A95: 7 | B95: 8 | E95: #DIV/0! | F95: 0 | H95: ="("&$A95&", "&$B95&"]" -> (7, 8] | I95: 1 | J95: #DIV/0! | K95: #DIV/0! | L95: 0 | M95: #DIV/0! | N95: #DIV/0! | O95: 1.1
A96: 8 | B96: 9 | E96: #DIV/0! | F96: 0 | H96: ="("&$A96&", "&$B96&"]" -> (8, 9] | I96: 1 | J96: #DIV/0! | K96: #DIV/0! | L96: 0 | M96: #DIV/0! | N96: #DIV/0! | O96: 1.1
A97: 9 | B97: 10 | E97: #DIV/0! | F97: 0 | H97: ="("&$A97&", "&$B97&"]" -> (9, 10] | I97: 1 | J97: #DIV/0! | K97: #DIV/0! | L97: 0 | M97: #DIV/0! | N97: #DIV/0! | O97: 1.1
A98: 10 | B98: 15 | E98: #DIV/0! | F98: 0 | H98: ="("&$A98&", "&$B98&"]" -> (10, 15] | I98: 1 | J98: #DIV/0! | K98: #DIV/0! | L98: =$B$2-SUM(_xlfn.ANCHORARRAY(L99)) -> #DIV/0! | M98: #DIV/0! | N98: #DIV/0! | O98: 1.1
A99: 15 | B99: 20 | E99: #DIV/0! | F99: 0 | H99: ="("&$A99&", "&$B99&"]" -> (15, 20] | I99: 1 | J99: #DIV/0! | K99: #DIV/0! | L99: {=INT(K99:K150*$B$2)} -> #DIV/0! | M99: #DIV/0! | N99: #DIV/0! | O99: 1.1
A100: 20 | B100: 25 | E100: #DIV/0! | F100: 0 | H100: ="("&$A100&", "&$B100&"]" -> (20, 25] | I100: 1 | J100: #DIV/0! | K100: #DIV/0! | L100: #DIV/0! | M100: #DIV/0! | N100: #DIV/0! | O100: 1.1
A101: 25 | B101: 30 | E101: #DIV/0! | F101: 0 | H101: ="("&$A101&", "&$B101&"]" -> (25, 30] | I101: 1 | J101: #DIV/0! | K101: #DIV/0! | L101: #DIV/0! | M101: #DIV/0! | N101: #DIV/0! | O101: 1.1
A102: 30 | B102: 35 | E102: #DIV/0! | F102: 0 | H102: ="("&$A102&", "&$B102&"]" -> (30, 35] | I102: 1 | J102: #DIV/0! | K102: #DIV/0! | L102: #DIV/0! | M102: #DIV/0! | N102: #DIV/0! | O102: 1.1
A103: 35 | B103: 40 | E103: #DIV/0! | F103: 0 | H103: ="("&$A103&", "&$B103&"]" -> (35, 40] | I103: 1 | J103: #DIV/0! | K103: #DIV/0! | L103: #DIV/0! | M103: #DIV/0! | N103: #DIV/0! | O103: 1.1
A104: 40 | B104: 45 | E104: #DIV/0! | F104: 0 | H104: ="("&$A104&", "&$B104&"]" -> (40, 45] | I104: 1 | J104: #DIV/0! | K104: #DIV/0! | L104: #DIV/0! | M104: #DIV/0! | N104: #DIV/0! | O104: 1.1
A105: 45 | B105: 50 | E105: #DIV/0! | F105: 0 | H105: ="("&$A105&", "&$B105&"]" -> (45, 50] | I105: 1 | J105: #DIV/0! | K105: #DIV/0! | L105: #DIV/0! | M105: #DIV/0! | N105: #DIV/0! | O105: 1.1
A106: 50 | B106: 60 | E106: #DIV/0! | F106: 0 | H106: ="("&$A106&", "&$B106&"]" -> (50, 60] | I106: 1 | J106: #DIV/0! | K106: #DIV/0! | L106: #DIV/0! | M106: #DIV/0! | N106: #DIV/0! | O106: 1.1
A107: 60 | B107: 70 | E107: #DIV/0! | F107: 0 | H107: ="("&$A107&", "&$B107&"]" -> (60, 70] | I107: 1 | J107: #DIV/0! | K107: #DIV/0! | L107: #DIV/0! | M107: #DIV/0! | N107: #DIV/0! | O107: 1.1
A108: 70 | B108: 80 | E108: #DIV/0! | F108: 0 | H108: ="("&$A108&", "&$B108&"]" -> (70, 80] | I108: 1 | J108: #DIV/0! | K108: #DIV/0! | L108: #DIV/0! | M108: #DIV/0! | N108: #DIV/0! | O108: 1.1
A109: 80 | B109: 90 | E109: #DIV/0! | F109: 0 | H109: ="("&$A109&", "&$B109&"]" -> (80, 90] | I109: 1 | J109: #DIV/0! | K109: #DIV/0! | L109: #DIV/0! | M109: #DIV/0! | N109: #DIV/0! | O109: 1.1
A110: 90 | B110: 100 | E110: #DIV/0! | F110: 0 | H110: ="("&$A110&", "&$B110&"]" -> (90, 100] | I110: 1 | J110: #DIV/0! | K110: #DIV/0! | L110: #DIV/0! | M110: #DIV/0! | N110: #DIV/0! | O110: 1.1
A111: 100 | B111: 120 | E111: #DIV/0! | F111: 0 | H111: ="("&$A111&", "&$B111&"]" -> (100, 120] | I111: 1 | J111: #DIV/0! | K111: #DIV/0! | L111: #DIV/0! | M111: #DIV/0! | N111: #DIV/0! | O111: 1.1
... A150: 100000 | B150: 9999999 | E150: #DIV/0! | F150: 0 | H150: ="("&$A150&", "&$B150&"]" -> (100000, 9999999] | I150: 1 | J150: #DIV/0! | K150: #DIV/0! | L150: #DIV/0! | M150: #DIV/0! | N150: #DIV/0! | O150: 1.1

Sheet Multiplier_Weight_Oldhand
A2: Threshold | B2: 1000000000
A3: Coin in | B3: =Overview!A7 -> 100
C5: RTP
B6: Bet | C6: Base Game | D6: Free Game | E6: Total | F6: Hit Rate | G6: FG Period | H6: Avg Multi
A7: Normal Bet | B7: {=Overview!B11:B12} -> 1 | C7: =SUM(N15:N79) -> 0.39055499 | D7: =SUM(_xlfn.ANCHORARRAY(N87))*M79 -> 0.76715504 | E7: =SUM(C7:D7) -> 1.15771 | F7: =M79 -> 0.006266 | G7: =1/F7 -> 159.59145 | H7: =D7*G7 -> 122.43138
A8: Buy Feature | B8: 75 | C8: =N80 -> 0 | D8: =SUM(_xlfn.ANCHORARRAY(N157))/B8 -> 6.6445586 | E8: =SUM(C8:D8) -> 6.6445586 | F8: =E80 -> 1 | G8: =1/F8 -> 1 | H8: =D8*G8*B8 -> 498.3419
A11: Base Game
A13: Simulator | B13: =10^8 -> 100000000 | H13: Calculate | P13: Compare | U13: 0.71068527
A14: Lower | B14: Upper | C14: Cnt | D14: Pay | E14: Hit Rate | F14: Avg. Multi. | H14: Range | I14: Fix Num | J14: Fix Rate | K14: Final Rate | L14: Weight | M14: Hit Rate | N14: Simulator RTP | O14: 0.95 | P14: 目前 | Q14: 賞金大對決 | R14: 差異 | T14: Range | U14: 賞金大對決 | V14: 糖果
A15: -1 | B15: 0 | C15: 724391 | D15: 0 | E15: {=_xlfn.LET(_xlpm.x, C15:C78, _xlpm.x/SUM(_xlpm.x))} -> 0.72666765 | F15: {=_xlfn.LET(_xlpm.x, D15:D80/C15:C80/B3, IF(ISERR(_xlpm.x), 0, _xlpm.x))} -> 0 | H15: ="("&$A15&", "&$B15&"]" -> (-1, 0] | I15: 1 | J15: {=E15:E79*I15:I79} -> 0.72666765 | K15: {=J15:J78/SUM(_xlfn.ANCHORARRAY(J15))} -> 0.7401621 | L15: =INT($B$2-SUM(_xlfn.ANCHORARRAY(L16))) -> 740278469 | M15: {=_xlfn.LET(_xlpm.x, L15:L79, _xlpm.x/SUM(_xlpm.x))} -> 0.74027847 | N15: {=M15:M79*F15:F79} -> 0 | O15: {=I15:I78*O14} -> 0.95 | P15: {=M15:M78} -> 0.74027847 | Q15: {=_xlfn.XLOOKUP(Q14,U14:W14,U15:W78)} -> 0.71593622 | R15: {=_xlfn.LET(_xlpm.x, Q15:Q78/M15:M78, IF(ISERR(_xlpm.x), 0, ROUND(_xlpm.x,2)))} -> 0.97 | T15: ="("&$A15&", "&$B15&"]" -> (-1, 0] | U15: 0.71593622
A16: 0 | B16: 1 | C16: 164484 | D16: 6793075 | E16: 0.16500095 | F16: 0.41299306 | H16: ="("&$A16&", "&$B16&"]" -> (0, 1] | I16: 1 | J16: 0.16500095 | K16: 0.16806507 | L16: {=INT(K16:K79*$B$2)} -> 168065068 | M16: 0.16806507 | N16: 0.069409706 | O16: 0.95 | P16: 0.16806507 | Q16: 0.19096725 | R16: 1.14 | T16: ="("&$A16&", "&$B16&"]" -> (0, 1] | U16: 0.19096725
A17: 1 | B17: 2 | C17: 35481 | D17: 5292945 | E17: 0.035592511 | F17: 1.4917688 | H17: ="("&$A17&", "&$B17&"]" -> (1, 2] | I17: 1 | J17: 0.035592511 | K17: 0.036253476 | L17: 36253475 | M17: 0.036253475 | N17: 0.054081804 | O17: 0.95 | P17: 0.036253475 | Q17: 0.032464432 | R17: 0.9 | T17: ="("&$A17&", "&$B17&"]" -> (1, 2] | U17: 0.032464432
A18: 2 | B18: 3 | C18: 16126 | D18: 4066310 | E18: 0.016176682 | F18: 2.5215863 | H18: ="("&$A18&", "&$B18&"]" -> (2, 3] | I18: 1 | J18: 0.016176682 | K18: 0.016477088 | L18: 16477087 | M18: 0.016477087 | N18: 0.041548396 | O18: 0.95 | P18: 0.016477087 | Q18: 0.014990929 | R18: 0.91 | T18: ="("&$A18&", "&$B18&"]" -> (2, 3] | U18: 0.014990929
A19: 3 | B19: 4 | C19: 7673 | D19: 2744615 | E19: 0.0076971151 | F19: 3.5769777 | H19: ="("&$A19&", "&$B19&"]" -> (3, 4] | I19: 1 | J19: 0.0076971151 | K19: 0.007840053 | L19: 7840052 | M19: 0.007840052 | N19: 0.028043691 | O19: 0.95 | P19: 0.007840052 | Q19: 0.0080206245 | R19: 1.02 | T19: ="("&$A19&", "&$B19&"]" -> (3, 4] | U19: 0.0080206245
A20: 4 | B20: 5 | C20: 5289 | D20: 2441570 | E20: 0.0053056225 | F20: 4.6163169 | H20: ="("&$A20&", "&$B20&"]" -> (4, 5] | I20: 1 | J20: 0.0053056225 | K20: 0.0054041496 | L20: 5404149 | M20: 0.005404149 | N20: 0.024947264 | O20: 0.95 | P20: 0.005404149 | Q20: 0.0067793373 | R20: 1.25 | T20: ="("&$A20&", "&$B20&"]" -> (4, 5] | U20: 0.0067793373
A21: 5 | B21: 6 | C21: 3951 | D21: 2214305 | E21: 0.0039634174 | F21: 5.6044166 | H21: ="("&$A21&", "&$B21&"]" -> (5, 6] | I21: 1 | J21: 0.0039634174 | K21: 0.0040370193 | L21: 4037019 | M21: 0.004037019 | N21: 0.022625136 | O21: 0.95 | P21: 0.004037019 | Q21: 0.0043922467 | R21: 1.09 | T21: ="("&$A21&", "&$B21&"]" -> (5, 6] | U21: 0.0043922467
A22: 6 | B22: 7 | C22: 2541 | D22: 1670120 | E22: 0.002548986 | F22: 6.5726879 | H22: ="("&$A22&", "&$B22&"]" -> (6, 7] | I22: 1 | J22: 0.002548986 | K22: 0.0025963215 | L22: 2596321 | M22: 0.002596321 | N22: 0.017064808 | O22: 0.95 | P22: 0.002596321 | Q22: 0.0046786976 | R22: 1.8 | T22: ="("&$A22&", "&$B22&"]" -> (6, 7] | U22: 0.0046786976
A23: 7 | B23: 8 | C23: 2841 | D23: 2175740 | E23: 0.0028499288 | F23: 7.6583597 | H23: ="("&$A23&", "&$B23&"]" -> (7, 8] | I23: 1 | J23: 0.0028499288 | K23: 0.0029028529 | L23: 2902852 | M23: 0.002902852 | N23: 0.022231085 | O23: 0.95 | P23: 0.002902852 | Q23: 0.0040103122 | R23: 1.38 | T23: ="("&$A23&", "&$B23&"]" -> (7, 8] | U23: 0.0040103122
A24: 8 | B24: 9 | C24: 1881 | D24: 1620565 | E24: 0.0018869117 | F24: 8.6154439 | H24: ="("&$A24&", "&$B24&"]" -> (8, 9] | I24: 1 | J24: 0.0018869117 | K24: 0.0019219523 | L24: 1921952 | M24: 0.001921952 | N24: 0.01655847 | O24: 0.95 | P24: 0.001921952 | Q24: 0.0035328941 | R24: 1.84 | T24: ="("&$A24&", "&$B24&"]" -> (8, 9] | U24: 0.0035328941
A25: 9 | B25: 10 | C25: 1798 | D25: 1744480 | E25: 0.0018036508 | F25: 9.7023359 | H25: ="("&$A25&", "&$B25&"]" -> (9, 10] | I25: 1 | J25: 0.0018036508 | K25: 0.0018371452 | L25: 1837145 | M25: 0.001837145 | N25: 0.017824598 | O25: 0.95 | P25: 0.001837145 | Q25: 0.0012412871 | R25: 0.68 | T25: ="("&$A25&", "&$B25&"]" -> (9, 10] | U25: 0.0012412871
A26: 10 | B26: 15 | C26: 5990 | D26: 7459035 | E26: 0.0060088257 | F26: 12.452479 | G26: =SUM($L$15:L25)-1000 -> 987612589 | H26: ="("&$A26&", "&$B26&"]" -> (10, 15] | I26: 1 | J26: 0.0060088257 | K26: 0.0061204115 | L26: 6120411 | M26: 0.006120411 | N26: 0.07621429 | O26: 0.95 | P26: 0.006120411 | Q26: 0.0046786976 | R26: 0.76 | T26: ="("&$A26&", "&$B26&"]" -> (10, 15] | U26: 0.0046786976
A27: 15 | B27: 20 | C27: 4007 | D27: 7050070 | E27: 0.0040195934 | F27: 17.594385 | G27: =SUM($L$15:L26)-1000 -> 993733000 | H27: ="("&$A27&", "&$B27&"]" -> (15, 20] | I27: 0 | J27: 0 | K27: 0 | L27: 0 | M27: 0 | N27: 0 | O27: 0 | P27: 0 | Q27: 0.0024825742 | R27: 0 | T27: ="("&$A27&", "&$B27&"]" -> (15, 20] | U27: 0.0024825742
A28: 20 | B28: 25 | C28: 2755 | D28: 6227820 | E28: 0.0027636585 | F28: 22.605517 | G28: =SUM($L$15:L27)-1000 -> 993733000 | H28: ="("&$A28&", "&$B28&"]" -> (20, 25] | I28: 0 | J28: 0 | K28: 0 | L28: 0 | M28: 0 | N28: 0 | O28: 0 | P28: 0 | Q28: 0.00095483625 | R28: 0 | T28: ="("&$A28&", "&$B28&"]" -> (20, 25] | U28: 0.00095483625
A29: 25 | B29: 30 | C29: 2166 | D29: 5974070 | E29: 0.0021728074 | F29: 27.581117 | G29: =SUM($L$15:L28)-1000 -> 993733000 | H29: ="("&$A29&", "&$B29&"]" -> (25, 30] | I29: 0 | J29: 0 | K29: 0 | L29: 0 | M29: 0 | N29: 0 | O29: 0 | P29: 0 | Q29: 0.0011458035 | R29: 0 | T29: ="("&$A29&", "&$B29&"]" -> (25, 30] | U29: 0.0011458035
A30: 30 | B30: 35 | C30: 1524 | D30: 4962115 | E30: 0.0015287897 | F30: 32.55981 | G30: =SUM($L$15:L29)-1000 -> 993733000 | H30: ="("&$A30&", "&$B30&"]" -> (30, 35] | I30: 0 | J30: 0 | K30: 0 | L30: 0 | M30: 0 | N30: 0 | O30: 0 | P30: 0 | Q30: 0.0013367707 | R30: 0 | T30: ="("&$A30&", "&$B30&"]" -> (30, 35] | U30: 0.0013367707
A31: 35 | B31: 40 | C31: 1404 | D31: 5290095 | E31: 0.0014084126 | F31: 37.678739 | G31: =SUM($L$15:L30)-1000 -> 993733000 | H31: ="("&$A31&", "&$B31&"]" -> (35, 40] | I31: 0 | J31: 0 | K31: 0 | L31: 0 | M31: 0 | N31: 0 | O31: 0 | P31: 0 | Q31: 0.00095483625 | R31: 0 | T31: ="("&$A31&", "&$B31&"]" -> (35, 40] | U31: 0.00095483625
A32: 40 | B32: 45 | C32: 1062 | D32: 4537870 | E32: 0.0010653377 | F32: 42.729473 | G32: =SUM($L$15:L31)-1000 -> 993733000 | H32: ="("&$A32&", "&$B32&"]" -> (40, 45] | I32: 0 | J32: 0 | K32: 0 | L32: 0 | M32: 0 | N32: 0 | O32: 0 | P32: 0 | Q32: 0 | R32: 0 | T32: ="("&$A32&", "&$B32&"]" -> (40, 45] | U32: 0
A33: 45 | B33: 50 | C33: 898 | D33: 4301205 | E33: 0.00090082228 | F33: 47.897606 | G33: =SUM($L$15:L32)-1000 -> 993733000 | H33: ="("&$A33&", "&$B33&"]" -> (45, 50] | I33: 0 | J33: 0 | K33: 0 | L33: 0 | M33: 0 | N33: 0 | O33: 0 | P33: 0 | Q33: 0.00057290175 | R33: 0 | T33: ="("&$A33&", "&$B33&"]" -> (45, 50] | U33: 0.00057290175
A34: 50 | B34: 60 | C34: 1594 | D34: 8835000 | E34: 0.0015990097 | F34: 55.4266 | G34: =SUM($L$15:L33)-1000 -> 993733000 | H34: ="("&$A34&", "&$B34&"]" -> (50, 60] | I34: 0 | J34: 0 | K34: 0 | L34: 0 | M34: 0 | N34: 0 | O34: 0 | P34: 0 | Q34: 9.5483625e-05 | R34: 0 | T34: ="("&$A34&", "&$B34&"]" -> (50, 60] | U34: 9.5483625e-05
A35: 60 | B35: 70 | C35: 1145 | D35: 7455825 | E35: 0.0011485986 | F35: 65.116376 | H35: ="("&$A35&", "&$B35&"]" -> (60, 70] | I35: 0 | J35: 0 | K35: 0 | L35: 0 | M35: 0 | N35: 0 | O35: 0 | P35: 0 | Q35: 0.00019096725 | R35: 0 | T35: ="("&$A35&", "&$B35&"]" -> (60, 70] | U35: 0.00019096725
A36: 70 | B36: 80 | C36: 990 | D36: 7468905 | E36: 0.00099311142 | F36: 75.443485 | H36: ="("&$A36&", "&$B36&"]" -> (70, 80] | I36: 0 | J36: 0 | K36: 0 | L36: 0 | M36: 0 | N36: 0 | O36: 0 | P36: 0 | Q36: 0.00019096725 | R36: 0 | T36: ="("&$A36&", "&$B36&"]" -> (70, 80] | U36: 0.00019096725
A37: 80 | B37: 90 | C37: 686 | D37: 5848215 | E37: 0.00068815599 | F37: 85.250948 | H37: ="("&$A37&", "&$B37&"]" -> (80, 90] | I37: 0 | J37: 0 | K37: 0 | L37: 0 | M37: 0 | N37: 0 | O37: 0 | P37: 0 | Q37: 0.00019096725 | R37: 0 | T37: ="("&$A37&", "&$B37&"]" -> (80, 90] | U37: 0.00019096725
A38: 90 | B38: 100 | C38: 591 | D38: 5632880 | E38: 0.00059285742 | F38: 95.310998 | H38: ="("&$A38&", "&$B38&"]" -> (90, 100] | I38: 0 | J38: 0 | K38: 0 | L38: 0 | M38: 0 | N38: 0 | O38: 0 | P38: 0 | Q38: 0 | R38: 0 | T38: ="("&$A38&", "&$B38&"]" -> (90, 100] | U38: 0
A39: 100 | B39: 120 | C39: 965 | D39: 10627980 | E39: 0.00096803285 | F39: 110.13451 | G39: =SUM(M46:M69) -> 0 | H39: ="("&$A39&", "&$B39&"]" -> (100, 120] | I39: 0 | J39: 0 | K39: 0 | L39: 0 | M39: 0 | N39: 0 | O39: 0 | P39: 0 | Q39: 0 | R39: 0 | T39: ="("&$A39&", "&$B39&"]" -> (100, 120] | U39: 0
A40: 120 | B40: 140 | C40: 687 | D40: 8922710 | E40: 0.00068915914 | F40: 129.87933 | G40: =1/G39 -> #DIV/0! | H40: ="("&$A40&", "&$B40&"]" -> (120, 140] | I40: 0 | J40: 0 | K40: 0 | L40: 0 | M40: 0 | N40: 0 | O40: 0 | P40: 0 | Q40: 0 | R40: 0 | T40: ="("&$A40&", "&$B40&"]" -> (120, 140] | U40: 0
A41: 140 | B41: 160 | C41: 579 | D41: 8719640 | E41: 0.00058081971 | F41: 150.59827 | H41: ="("&$A41&", "&$B41&"]" -> (140, 160] | I41: 0 | J41: 0 | K41: 0 | L41: 0 | M41: 0 | N41: 0 | O41: 0 | P41: 0 | Q41: 0 | R41: 0 | T41: ="("&$A41&", "&$B41&"]" -> (140, 160] | U41: 0
A42: 160 | B42: 180 | C42: 434 | D42: 7409365 | E42: 0.000435364 | F42: 170.7227 | H42: ="("&$A42&", "&$B42&"]" -> (160, 180] | I42: 0 | J42: 0 | K42: 0 | L42: 0 | M42: 0 | N42: 0 | O42: 0 | P42: 0 | Q42: 0 | R42: 0 | T42: ="("&$A42&", "&$B42&"]" -> (160, 180] | U42: 0
A43: 180 | B43: 200 | C43: 384 | D43: 7315430 | E43: 0.00038520685 | F43: 190.50599 | H43: ="("&$A43&", "&$B43&"]" -> (180, 200] | I43: 0 | J43: 0 | K43: 0 | L43: 0 | M43: 0 | N43: 0 | O43: 0 | P43: 0 | Q43: 0 | R43: 0 | T43: ="("&$A43&", "&$B43&"]" -> (180, 200] | U43: 0
A44: 200 | B44: 250 | C44: 689 | D44: 15443900 | E44: 0.00069116542 | F44: 224.14949 | H44: ="("&$A44&", "&$B44&"]" -> (200, 250] | I44: 0 | J44: 0 | K44: 0 | L44: 0 | M44: 0 | N44: 0 | O44: 0 | P44: 0 | Q44: 0 | R44: 0 | T44: ="("&$A44&", "&$B44&"]" -> (200, 250] | U44: 0
A45: 250 | B45: 300 | C45: 438 | D45: 12037700 | E45: 0.00043937657 | F45: 274.83333 | H45: ="("&$A45&", "&$B45&"]" -> (250, 300] | I45: 0 | J45: 0 | K45: 0 | L45: 0 | M45: 0 | N45: 0 | O45: 0 | P45: 0 | Q45: 0 | R45: 0 | T45: ="("&$A45&", "&$B45&"]" -> (250, 300] | U45: 0
A46: 300 | B46: 350 | C46: 319 | D46: 10328085 | E46: 0.00032000257 | F46: 323.76442 | H46: ="("&$A46&", "&$B46&"]" -> (300, 350] | I46: 0 | J46: 0 | K46: 0 | L46: 0 | M46: 0 | N46: 0 | O46: 0 | P46: 0 | Q46: 0.00019096725 | R46: 0 | T46: ="("&$A46&", "&$B46&"]" -> (300, 350] | U46: 0.00019096725
A47: 350 | B47: 400 | C47: 224 | D47: 8402535 | E47: 0.000224704 | F47: 375.11317 | H47: ="("&$A47&", "&$B47&"]" -> (350, 400] | I47: 0 | J47: 0 | K47: 0 | L47: 0 | M47: 0 | N47: 0 | O47: 0 | P47: 0 | Q47: 0 | R47: 0 | T47: ="("&$A47&", "&$B47&"]" -> (350, 400] | U47: 0
A48: 400 | B48: 450 | C48: 148 | D48: 6276820 | E48: 0.00014846514 | F48: 424.10946 | H48: ="("&$A48&", "&$B48&"]" -> (400, 450] | I48: 0 | J48: 0 | K48: 0 | L48: 0 | M48: 0 | N48: 0 | O48: 0 | P48: 0 | Q48: 0 | R48: 0 | T48: ="("&$A48&", "&$B48&"]" -> (400, 450] | U48: 0
A49: 450 | B49: 500 | C49: 114 | D49: 5428680 | E49: 0.00011435828 | F49: 476.2 | H49: ="("&$A49&", "&$B49&"]" -> (450, 500] | I49: 0 | J49: 0 | K49: 0 | L49: 0 | M49: 0 | N49: 0 | O49: 0 | P49: 0 | Q49: 0 | R49: 0 | T49: ="("&$A49&", "&$B49&"]" -> (450, 500] | U49: 0
A50: 500 | B50: 550 | C50: 102 | D50: 5337415 | E50: 0.00010232057 | F50: 523.27598 | H50: ="("&$A50&", "&$B50&"]" -> (500, 550] | I50: 0 | J50: 0 | K50: 0 | L50: 0 | M50: 0 | N50: 0 | O50: 0 | P50: 0 | Q50: 0 | R50: 0 | T50: ="("&$A50&", "&$B50&"]" -> (500, 550] | U50: 0
A51: 550 | B51: 600 | C51: 83 | D51: 4773965 | E51: 8.3260856e-05 | F51: 575.17651 | H51: ="("&$A51&", "&$B51&"]" -> (550, 600] | I51: 0 | J51: 0 | K51: 0 | L51: 0 | M51: 0 | N51: 0 | O51: 0 | P51: 0 | Q51: 0 | R51: 0 | T51: ="("&$A51&", "&$B51&"]" -> (550, 600] | U51: 0
A52: 600 | B52: 650 | C52: 49 | D52: 3051935 | E52: 4.9153999e-05 | F52: 622.84388 | H52: ="("&$A52&", "&$B52&"]" -> (600, 650] | I52: 0 | J52: 0 | K52: 0 | L52: 0 | M52: 0 | N52: 0 | O52: 0 | P52: 0 | Q52: 0 | R52: 0 | T52: ="("&$A52&", "&$B52&"]" -> (600, 650] | U52: 0
... A62: 3000 | B62: 4000 | C62: 8 | D62: 2621960 | E62: 8.0251428e-06 | F62: 3277.45 | H62: ="("&$A62&", "&$B62&"]" -> (3000, 4000] | I62: 0 | J62: 0 | K62: 0 | L62: 0 | M62: 0 | N62: 0 | O62: 0 | P62: 0 | Q62: 0 | R62: 0 | T62: ="("&$A62&", "&$B62&"]" -> (3000, 4000] | U62: 0
A63: 4000 | B63: 5000 | C63: 4 | D63: 1834000 | E63: 4.0125714e-06 | F63: 4585 | G63: =1/M63 -> #DIV/0! | H63: ="("&$A63&", "&$B63&"]" -> (4000, 5000] | I63: 0 | J63: 0 | K63: 0 | L63: 0 | M63: 0 | N63: 0 | O63: 0 | P63: 0 | Q63: 0 | R63: 0 | T63: ="("&$A63&", "&$B63&"]" -> (4000, 5000] | U63: 0
A64: 5000 | B64: 6000 | C64: 1 | D64: 517235 | E64: 1.0031428e-06 | F64: 5172.35 | H64: ="("&$A64&", "&$B64&"]" -> (5000, 6000] | I64: 0 | J64: 0 | K64: 0 | L64: 0 | M64: 0 | N64: 0 | O64: 0 | P64: 0 | Q64: 0 | R64: 0 | T64: ="("&$A64&", "&$B64&"]" -> (5000, 6000] | U64: 0 | Z64: no | AA64: 0.003121
A65: 6000 | B65: 7000 | C65: 2 | D65: 1268580 | E65: 2.0062857e-06 | F65: 6342.9 | H65: ="("&$A65&", "&$B65&"]" -> (6000, 7000] | I65: 0 | J65: 0 | K65: 0 | L65: 0 | M65: 0 | N65: 0 | O65: 0 | P65: 0 | Q65: 0 | R65: 0 | T65: ="("&$A65&", "&$B65&"]" -> (6000, 7000] | U65: 0 | Z65: yes | AA65: 0.006266
A66: 7000 | B66: 8000 | C66: 0 | D66: 0 | E66: 0 | F66: 0 | H66: ="("&$A66&", "&$B66&"]" -> (7000, 8000] | I66: 0 | J66: 0 | K66: 0 | L66: 0 | M66: 0 | N66: 0 | O66: 0 | P66: 0 | Q66: 0 | R66: 0 | T66: ="("&$A66&", "&$B66&"]" -> (7000, 8000] | U66: 0
A67: 8000 | B67: 9000 | C67: 0 | D67: 0 | E67: 0 | F67: 0 | H67: ="("&$A67&", "&$B67&"]" -> (8000, 9000] | I67: 0 | J67: 0 | K67: 0 | L67: 0 | M67: 0 | N67: 0 | O67: 0 | P67: 0 | Q67: 0 | R67: 0 | T67: ="("&$A67&", "&$B67&"]" -> (8000, 9000] | U67: 0
A68: 9000 | B68: 10000 | C68: 0 | D68: 0 | E68: 0 | F68: 0 | H68: ="("&$A68&", "&$B68&"]" -> (9000, 10000] | I68: 0 | J68: 0 | K68: 0 | L68: 0 | M68: 0 | N68: 0 | O68: 0 | P68: 0 | Q68: 0 | R68: 0 | T68: ="("&$A68&", "&$B68&"]" -> (9000, 10000] | U68: 0
A69: 10000 | B69: 20000 | C69: 0 | D69: 0 | E69: 0 | F69: 0 | H69: ="("&$A69&", "&$B69&"]" -> (10000, 20000] | I69: 0 | J69: 0 | K69: 0 | L69: 0 | M69: 0 | N69: 0 | O69: 0 | P69: 0 | Q69: 0 | R69: 0 | T69: ="("&$A69&", "&$B69&"]" -> (10000, 20000] | U69: 0
A70: 20000 | B70: 30000 | C70: 0 | D70: 0 | E70: 0 | F70: 0 | H70: ="("&$A70&", "&$B70&"]" -> (20000, 30000] | I70: 0 | J70: 0 | K70: 0 | L70: 0 | M70: 0 | N70: 0 | O70: 0 | P70: 0 | Q70: 0 | R70: 0 | T70: ="("&$A70&", "&$B70&"]" -> (20000, 30000] | U70: 0
A71: 30000 | B71: 40000 | C71: 1 | D71: 3258185 | E71: 1.0031428e-06 | F71: 32581.85 | H71: ="("&$A71&", "&$B71&"]" -> (30000, 40000] | I71: 0 | J71: 0 | K71: 0 | L71: 0 | M71: 0 | N71: 0 | O71: 0 | P71: 0 | Q71: 0 | R71: 0 | T71: ="("&$A71&", "&$B71&"]" -> (30000, 40000] | U71: 0
A72: 40000 | B72: 50000 | C72: 0 | D72: 0 | E72: 0 | F72: 0 | H72: ="("&$A72&", "&$B72&"]" -> (40000, 50000] | I72: 0 | J72: 0 | K72: 0 | L72: 0 | M72: 0 | N72: 0 | O72: 0 | P72: 0 | Q72: 0 | R72: 0 | T72: ="("&$A72&", "&$B72&"]" -> (40000, 50000] | U72: 0
A73: 50000 | B73: 60000 | C73: 0 | D73: 0 | E73: 0 | F73: 0 | H73: ="("&$A73&", "&$B73&"]" -> (50000, 60000] | I73: 0 | J73: 0 | K73: 0 | L73: 0 | M73: 0 | N73: 0 | O73: 0 | P73: 0 | Q73: 0 | R73: 0 | T73: ="("&$A73&", "&$B73&"]" -> (50000, 60000] | U73: 0
A74: 60000 | B74: 70000 | C74: 0 | D74: 0 | E74: 0 | F74: 0 | H74: ="("&$A74&", "&$B74&"]" -> (60000, 70000] | I74: 0 | J74: 0 | K74: 0 | L74: 0 | M74: 0 | N74: 0 | O74: 0 | P74: 0 | Q74: 0 | R74: 0 | T74: ="("&$A74&", "&$B74&"]" -> (60000, 70000] | U74: 0
A75: 70000 | B75: 80000 | C75: 0 | D75: 0 | E75: 0 | F75: 0 | H75: ="("&$A75&", "&$B75&"]" -> (70000, 80000] | I75: 0 | J75: 0 | K75: 0 | L75: 0 | M75: 0 | N75: 0 | O75: 0 | P75: 0 | Q75: 0 | R75: 0 | T75: ="("&$A75&", "&$B75&"]" -> (70000, 80000] | U75: 0
A76: 80000 | B76: 90000 | C76: 0 | D76: 0 | E76: 0 | F76: 0 | H76: ="("&$A76&", "&$B76&"]" -> (80000, 90000] | I76: 0 | J76: 0 | K76: 0 | L76: 0 | M76: 0 | N76: 0 | O76: 0 | P76: 0 | Q76: 0 | R76: 0 | T76: ="("&$A76&", "&$B76&"]" -> (80000, 90000] | U76: 0
A77: 90000 | B77: 100000 | C77: 0 | D77: 0 | E77: 0 | F77: 0 | H77: ="("&$A77&", "&$B77&"]" -> (90000, 100000] | I77: 0 | J77: 0 | K77: 0 | L77: 0 | M77: 0 | N77: 0 | O77: 0 | P77: 0 | Q77: 0 | R77: 0 | T77: ="("&$A77&", "&$B77&"]" -> (90000, 100000] | U77: 0
A78: 100000 | B78: 9999999 | C78: 0 | D78: 0 | E78: 0 | F78: 0 | H78: ="("&$A78&", "&$B78&"]" -> (100000, 9999999] | I78: 0 | J78: 0 | K78: 0 | L78: 0 | M78: 0 | N78: 0 | O78: 0 | P78: 0 | Q78: 0 | R78: 0 | T78: ="("&$A78&", "&$B78&"]" -> (100000, 9999999] | U78: 0
A79: Free Game | C79: =E79*B13 -> 313300 | D79: 28725 | E79: 0.003133 | F79: 0.00091685286 | G79: =SUM($L$15:L79)-1000 -> 999999000 | H79: Free Game | I79: 2 | J79: 0.006266 | K79: =J79 -> 0.006266 | L79: 6266000 | M79: 0.006266 | N79: 5.745e-06
A80: Buy Feature | C80: 10000000 | D80: 0 | E80: 1 | F80: 0 | H80: Buy Feature | M80: =E80 -> 1 | N80: =F80/B8 -> 0
A83: Free Game
A85: Simulator | B85: 10000000 | H85: Calculate | P85: Compare
A86: Lower | B86: Upper | C86: Cnt | D86: Pay | E86: Hit Rate | F86: Avg. Multi. | H86: Range | I86: Fix Num | J86: Fix Rate | K86: Final Rate | L86: Weight | M86: Hit Rate | N86: Simulator RTP | O86: 1.1 | P86: 目前 | Q86: 糖果 | R86: 差異 | T86: {=_xlfn.LET(_xlpm.x, $T$14:$W$14, IF(_xlpm.x="", "", _xlpm.x))} -> Range | U86: 賞金大對決 | V86: 糖果
A87: -1 | B87: 0 | C87: 0 | D87: 0 | E87: {=_xlfn.LET(_xlpm.x, C87:C150, _xlpm.x/SUM(_xlpm.x))} -> 0 | F87: {=_xlfn.LET(_xlpm.x, D87:D150/C87:C150/B3, IF(ISERR(_xlpm.x), 0, _xlpm.x))} -> 0 | H87: ="("&$A87&", "&$B87&"]" -> (-1, 0] | I87: 0 | J87: {=_xlfn.ANCHORARRAY(E87)*I87:I150} -> 0 | K87: {=J87:J150/SUM(_xlfn.ANCHORARRAY(J87))} -> 0 | L87: 0 | M87: {=_xlfn.LET(_xlpm.x, L87:L150, _xlpm.x/SUM(_xlpm.x))} -> 0 | N87: {=M87:M150*_xlfn.ANCHORARRAY(F87)} -> 0 | O87: {=I87:I150*O86} -> 0 | P87: {=_xlfn.ANCHORARRAY(M87)} -> 0 | Q87: {=_xlfn.XLOOKUP(Q86,U86:W86,U87:W150)} -> 0 | R87: {=_xlfn.LET(_xlpm.x, Q87:Q150/M87:M150, IF(ISERR(_xlpm.x), 0, ROUND(_xlpm.x,2)))} -> 0 | T87: ="("&$A87&", "&$B87&"]" -> (-1, 0] | U87: 0.74581006 | V87: 0
A88: 0 | B88: 1 | C88: 2 | D88: 150 | E88: 0.0006385696 | F88: 0.75 | H88: ="("&$A88&", "&$B88&"]" -> (0, 1] | I88: 0 | J88: 0 | K88: 0 | L88: 0 | M88: 0 | N88: 0 | O88: 0 | P88: 0 | Q88: 0 | R88: 0 | T88: ="("&$A88&", "&$B88&"]" -> (0, 1] | U88: 0.025139665 | V88: 0
A89: 1 | B89: 2 | C89: 1 | D89: 120 | E89: 0.0003192848 | F89: 1.2 | H89: ="("&$A89&", "&$B89&"]" -> (1, 2] | I89: 0 | J89: 0 | K89: 0 | L89: 0 | M89: 0 | N89: 0 | O89: 0 | P89: 0 | Q89: 0 | R89: 0 | T89: ="("&$A89&", "&$B89&"]" -> (1, 2] | U89: 0.030726257 | V89: 0
A90: 2 | B90: 3 | C90: 4 | D90: 1065 | E90: 0.0012771392 | F90: 2.6625 | H90: ="("&$A90&", "&$B90&"]" -> (2, 3] | I90: 0 | J90: 0 | K90: 0 | L90: 0 | M90: 0 | N90: 0 | O90: 0 | P90: 0 | Q90: 0 | R90: 0 | T90: ="("&$A90&", "&$B90&"]" -> (2, 3] | U90: 0 | V90: 0
A91: 3 | B91: 4 | C91: 3 | D91: 1090 | E91: 0.00095785441 | F91: 3.6333333 | H91: ="("&$A91&", "&$B91&"]" -> (3, 4] | I91: 0 | J91: 0 | K91: 0 | L91: 0 | M91: 0 | N91: 0 | O91: 0 | P91: 0 | Q91: 0 | R91: 0 | T91: ="("&$A91&", "&$B91&"]" -> (3, 4] | U91: 0.030726257 | V91: 0
A92: 4 | B92: 5 | C92: 1 | D92: 420 | E92: 0.0003192848 | F92: 4.2 | H92: ="("&$A92&", "&$B92&"]" -> (4, 5] | I92: 0 | J92: 0 | K92: 0 | L92: 0 | M92: 0 | N92: 0 | O92: 0 | P92: 0 | Q92: 0 | R92: 0 | T92: ="("&$A92&", "&$B92&"]" -> (4, 5] | U92: 0.025139665 | V92: 0
A93: 5 | B93: 6 | C93: 2 | D93: 1155 | E93: 0.0006385696 | F93: 5.775 | H93: ="("&$A93&", "&$B93&"]" -> (5, 6] | I93: 0 | J93: 0 | K93: 0 | L93: 0 | M93: 0 | N93: 0 | O93: 0 | P93: 0 | Q93: 0 | R93: 0 | T93: ="("&$A93&", "&$B93&"]" -> (5, 6] | U93: 0.011173184 | V93: 0
A94: 6 | B94: 7 | C94: 2 | D94: 1355 | E94: 0.0006385696 | F94: 6.775 | H94: ="("&$A94&", "&$B94&"]" -> (6, 7] | I94: 0 | J94: 0 | K94: 0 | L94: 0 | M94: 0 | N94: 0 | O94: 0 | P94: 0 | Q94: 0 | R94: 0 | T94: ="("&$A94&", "&$B94&"]" -> (6, 7] | U94: 0.0083798883 | V94: 0
A95: 7 | B95: 8 | C95: 1 | D95: 725 | E95: 0.0003192848 | F95: 7.25 | H95: ="("&$A95&", "&$B95&"]" -> (7, 8] | I95: 0 | J95: 0 | K95: 0 | L95: 0 | M95: 0 | N95: 0 | O95: 0 | P95: 0 | Q95: 0 | R95: 0 | T95: ="("&$A95&", "&$B95&"]" -> (7, 8] | U95: 0.016759777 | V95: 0
A96: 8 | B96: 9 | C96: 2 | D96: 1710 | E96: 0.0006385696 | F96: 8.55 | H96: ="("&$A96&", "&$B96&"]" -> (8, 9] | I96: 0 | J96: 0 | K96: 0 | L96: 0 | M96: 0 | N96: 0 | O96: 0 | P96: 0 | Q96: 0 | R96: 0 | T96: ="("&$A96&", "&$B96&"]" -> (8, 9] | U96: 0 | V96: 0
A97: 9 | B97: 10 | C97: 4 | D97: 3825 | E97: 0.0012771392 | F97: 9.5625 | H97: ="("&$A97&", "&$B97&"]" -> (9, 10] | I97: 0 | J97: 0 | K97: 0 | L97: 0 | M97: 0 | N97: 0 | O97: 0 | P97: 0 | Q97: 0 | R97: 0 | T97: ="("&$A97&", "&$B97&"]" -> (9, 10] | U97: 0.0027932961 | V97: 0
A98: 10 | B98: 15 | C98: 10 | D98: 12065 | E98: 0.003192848 | F98: 12.065 | H98: ="("&$A98&", "&$B98&"]" -> (10, 15] | I98: 0 | J98: 0 | K98: 0 | L98: 0 | M98: 0 | N98: 0 | O98: 0 | P98: 0 | Q98: 0.093836279 | R98: 0 | T98: ="("&$A98&", "&$B98&"]" -> (10, 15] | U98: 0.044692737 | V98: 0.093836279
A99: 15 | B99: 20 | C99: 18 | D99: 32170 | E99: 0.0057471264 | F99: 17.872222 | H99: ="("&$A99&", "&$B99&"]" -> (15, 20] | I99: 0 | J99: 0 | K99: 0 | L99: 0 | M99: 0 | N99: 0 | O99: 0 | P99: 0 | Q99: 0.081863958 | R99: 0 | T99: ="("&$A99&", "&$B99&"]" -> (15, 20] | U99: 0.01396648 | V99: 0.081863958
... A104: 40 | B104: 45 | C104: 13 | D104: 54945 | E104: 0.0041507024 | F104: 42.265385 | H104: ="("&$A104&", "&$B104&"]" -> (40, 45] | I104: 0 | J104: 0 | K104: 0 | L104: 0 | M104: 0 | N104: 0 | O104: 0 | P104: 0 | Q104: 0.039837827 | R104: 0 | T104: ="("&$A104&", "&$B104&"]" -> (40, 45] | U104: 0.0055865922 | V104: 0.039837827
A105: 45 | B105: 50 | C105: 18 | D105: 83990 | E105: 0.0057471264 | F105: 46.661111 | H105: ="("&$A105&", "&$B105&"]" -> (45, 50] | I105: 1 | J105: 0.0057471264 | K105: 0.023684211 | L105: =1000000000-SUM(_xlfn.ANCHORARRAY(L106)) -> 23684215 | M105: 0.023684215 | N105: 1.1051318 | O105: 1.1 | P105: 0.023684215 | Q105: 0.039474207 | R105: 1.67 | T105: ="("&$A105&", "&$B105&"]" -> (45, 50] | U105: 0 | V105: 0.039474207
A106: 50 | B106: 60 | C106: 42 | D106: 230855 | E106: 0.013409962 | F106: 54.965476 | H106: ="("&$A106&", "&$B106&"]" -> (50, 60] | I106: 1 | J106: 0.013409962 | K106: 0.055263158 | L106: {=INT(K106:K150*$B$2)} -> 55263157 | M106: 0.055263157 | N106: 3.0375657 | O106: 1.1 | P106: 0.055263157 | Q106: 0.066493726 | R106: 1.2 | T106: ="("&$A106&", "&$B106&"]" -> (50, 60] | U106: 0 | V106: 0.066493726
A107: 60 | B107: 70 | C107: 45 | D107: 294970 | E107: 0.014367816 | F107: 65.548889 | H107: ="("&$A107&", "&$B107&"]" -> (60, 70] | I107: 1 | J107: 0.014367816 | K107: 0.059210526 | L107: 59210526 | M107: 0.059210526 | N107: 3.8811842 | O107: 1.1 | P107: 0.059210526 | Q107: 0.055811325 | R107: 0.94 | T107: ="("&$A107&", "&$B107&"]" -> (60, 70] | U107: 0 | V107: 0.055811325
A108: 70 | B108: 80 | C108: 52 | D108: 386290 | E108: 0.01660281 | F108: 74.286538 | H108: ="("&$A108&", "&$B108&"]" -> (70, 80] | I108: 1 | J108: 0.01660281 | K108: 0.068421053 | L108: 68421052 | M108: 0.068421052 | N108: 5.0827631 | O108: 1.1 | P108: 0.068421052 | Q108: 0.047531103 | R108: 0.69 | T108: ="("&$A108&", "&$B108&"]" -> (70, 80] | U108: 0 | V108: 0.047531103
A109: 80 | B109: 90 | C109: 56 | D109: 477100 | E109: 0.017879949 | F109: 85.196429 | H109: ="("&$A109&", "&$B109&"]" -> (80, 90] | I109: 1 | J109: 0.017879949 | K109: 0.073684211 | L109: 73684210 | M109: 0.07368421 | N109: 6.2776315 | O109: 1.1 | P109: 0.07368421 | Q109: 0.039823511 | R109: 0.54 | T109: ="("&$A109&", "&$B109&"]" -> (80, 90] | U109: 0 | V109: 0.039823511
A110: 90 | B110: 100 | C110: 47 | D110: 443795 | E110: 0.015006386 | F110: 94.424468 | H110: ="("&$A110&", "&$B110&"]" -> (90, 100] | I110: 1 | J110: 0.015006386 | K110: 0.061842105 | L110: 61842105 | M110: 0.061842105 | N110: 5.8394079 | O110: 1.1 | P110: 0.061842105 | Q110: 0.033762229 | R110: 0.55 | T110: ="("&$A110&", "&$B110&"]" -> (90, 100] | U110: 0.0055865922 | V110: 0.033762229
A111: 100 | B111: 120 | C111: 106 | D111: 1163150 | E111: 0.033844189 | F111: 109.73113 | H111: ="("&$A111&", "&$B111&"]" -> (100, 120] | I111: 1 | J111: 0.033844189 | K111: 0.13947368 | L111: 139473684 | M111: 0.13947368 | N111: 15.304605 | O111: 1.1 | P111: 0.13947368 | Q111: 0.052066328 | R111: 0.37 | T111: ="("&$A111&", "&$B111&"]" -> (100, 120] | U111: 0 | V111: 0.052066328
A112: 120 | B112: 140 | C112: 104 | D112: 1344540 | E112: 0.033205619 | F112: 129.28269 | H112: ="("&$A112&", "&$B112&"]" -> (120, 140] | I112: 1 | J112: 0.033205619 | K112: 0.13684211 | L112: 136842105 | M112: 0.1368421 | N112: 17.691316 | O112: 1.1 | P112: 0.1368421 | Q112: 0.03854941 | R112: 0.28 | T112: ="("&$A112&", "&$B112&"]" -> (120, 140] | U112: 0 | V112: 0.03854941
A113: 140 | B113: 160 | C113: 103 | D113: 1540590 | E113: 0.032886335 | F113: 149.57184 | H113: ="("&$A113&", "&$B113&"]" -> (140, 160] | I113: 1 | J113: 0.032886335 | K113: 0.13552632 | L113: 135526315 | M113: 0.13552632 | N113: 20.270921 | O113: 1.1 | P113: 0.13552632 | Q113: 0.028302207 | R113: 0.21 | T113: ="("&$A113&", "&$B113&"]" -> (140, 160] | U113: 0 | V113: 0.028302207
A114: 160 | B114: 180 | C114: 104 | D114: 1765260 | E114: 0.033205619 | F114: 169.73654 | H114: ="("&$A114&", "&$B114&"]" -> (160, 180] | I114: 1 | J114: 0.033205619 | K114: 0.13684211 | L114: 136842105 | M114: 0.1368421 | N114: 23.227105 | O114: 1.1 | P114: 0.1368421 | Q114: 0.020817941 | R114: 0.15 | T114: ="("&$A114&", "&$B114&"]" -> (160, 180] | U114: 0.0027932961 | V114: 0.020817941
A115: 180 | B115: 200 | C115: 83 | D115: 1574245 | E115: 0.026500639 | F115: 189.66807 | H115: ="("&$A115&", "&$B115&"]" -> (180, 200] | I115: 1 | J115: 0.026500639 | K115: 0.10921053 | L115: 109210526 | M115: 0.10921053 | N115: 20.71375 | O115: 1.1 | P115: 0.10921053 | Q115: 0.024458433 | R115: 0.22 | T115: ="("&$A115&", "&$B115&"]" -> (180, 200] | U115: 0 | V115: 0.024458433
A116: 200 | B116: 250 | C116: 231 | D116: 5199690 | E116: 0.073754789 | F116: 225.09481 | H116: ="("&$A116&", "&$B116&"]" -> (200, 250] | I116: 0 | J116: 0 | K116: 0 | L116: 0 | M116: 0 | N116: 0 | O116: 0 | P116: 0 | Q116: 0.033126381 | R116: 0 | T116: ="("&$A116&", "&$B116&"]" -> (200, 250] | U116: 0 | V116: 0.033126381
A117: 250 | B117: 300 | C117: 219 | D117: 6001540 | E117: 0.069923372 | F117: 274.04292 | H117: ="("&$A117&", "&$B117&"]" -> (250, 300] | I117: 0 | J117: 0 | K117: 0 | L117: 0 | M117: 0 | N117: 0 | O117: 0 | P117: 0 | Q117: 0.017490249 | R117: 0 | T117: ="("&$A117&", "&$B117&"]" -> (250, 300] | U117: 0 | V117: 0.017490249
A118: 300 | B118: 350 | C118: 210 | D118: 6772635 | E118: 0.067049808 | F118: 322.50643 | H118: ="("&$A118&", "&$B118&"]" -> (300, 350] | I118: 0 | J118: 0 | K118: 0 | L118: 0 | M118: 0 | N118: 0 | O118: 0 | P118: 0 | Q118: 0.014174724 | R118: 0 | T118: ="("&$A118&", "&$B118&"]" -> (300, 350] | U118: 0 | V118: 0.014174724
... A134: 3000 | B134: 4000 | C134: 10 | D134: 3387590 | E134: 0.003192848 | F134: 3387.59 | H134: ="("&$A134&", "&$B134&"]" -> (3000, 4000] | I134: 0 | J134: 0 | K134: 0 | L134: 0 | M134: 0 | N134: 0 | O134: 0 | P134: 0 | Q134: 0 | R134: 0 | T134: ="("&$A134&", "&$B134&"]" -> (3000, 4000] | U134: 0 | V134: 0
A135: 4000 | B135: 5000 | C135: 2 | D135: 923840 | E135: 0.0006385696 | F135: 4619.2 | G135: =1/SUM(M135:M141) -> #DIV/0! | H135: ="("&$A135&", "&$B135&"]" -> (4000, 5000] | I135: 0 | J135: 0 | K135: 0 | L135: 0 | M135: 0 | N135: 0 | O135: 0 | P135: 0 | Q135: 0 | R135: 0 | T135: ="("&$A135&", "&$B135&"]" -> (4000, 5000] | U135: 0 | V135: 0
A136: 5000 | B136: 6000 | C136: 0 | D136: 0 | E136: 0 | F136: 0 | G136: =G135/E79 -> #DIV/0! | H136: ="("&$A136&", "&$B136&"]" -> (5000, 6000] | I136: 0 | J136: 0 | K136: 0 | L136: 0 | M136: 0 | N136: 0 | O136: 0 | P136: 0 | Q136: 0 | R136: 0 | T136: ="("&$A136&", "&$B136&"]" -> (5000, 6000] | U136: 0 | V136: 0
...

Sheet 工作表1
B2: +-平均值(列) | AQ2: 黃金底板
I3: >0 變大 斷爛
I4: <0 變大 平均 | AR4: Rate | AS4: 0.3
AK5: 200 | AL5: 200 | AM5: 200 | AN5: 200 | AO5: 200 | AP5: 200
B6: R1 | C6: R2 | D6: R3 | E6: R4 | F6: R5 | G6: R6 | I6: R1 | J6: R2 | K6: R3 | L6: R4 | M6: R5 | N6: R6 | P6: R1 | Q6: R2 | R6: R3 | S6: R4 | T6: R5 | U6: R6 | W6: R1 | X6: R2 | Y6: R3 | Z6: R4 | AA6: R5 | AB6: R6 | AD6: R1 | AE6: R2 | AF6: R3 | AG6: R4 | AH6: R5 | AI6: R6 | AK6: R1 | AL6: R2 | AM6: R3 | AN6: R4 | AO6: R5 | AP6: R6 | AR6: R1 | AS6: R2 | AT6: R3 | AU6: R4 | AV6: R5 | AW6: R6
A7: M1 | B7: 2 | C7: 31 | D7: 6 | E7: 38 | F7: 38 | G7: 1 | I7: -0.5 | J7: -0.5 | K7: -0.5 | L7: -0.5 | M7: -0.5 | N7: -0.5 | P7: {=_xlfn.LET(_xlpm.x, B7:G7, _xlpm.val, INT(_xlpm.x+(_xlpm.x-AVERAGE(_xlpm.x))*I7:N7), IF(_xlpm.val<0, 0, _xlpm.val))} -> 10 | Q7: 25 | R7: 12 | S7: 28 | T7: 28 | U7: 10 | W7: 1 | X7: 1 | Y7: 1 | Z7: 1 | AA7: 1 | AB7: 1 | AD7: {=P7:U14*W7:AB14} -> 10 | AE7: 25 | AF7: 12 | AG7: 28 | AH7: 28 | AI7: 10 | AK7: {=_xlfn.LET(_xlpm.x, AD7:AD14, INT(_xlpm.x/SUM(_xlpm.x)*200))} -> 10 | AL7: {=_xlfn.LET(_xlpm.x, AE7:AE14, INT(_xlpm.x/SUM(_xlpm.x)*200))} -> 26 | AM7: {=_xlfn.LET(_xlpm.x, AF7:AF14, INT(_xlpm.x/SUM(_xlpm.x)*200))} -> 12 | AN7: {=_xlfn.LET(_xlpm.x, AG7:AG14, INT(_xlpm.x/SUM(_xlpm.x)*200))} -> 29 | AO7: {=_xlfn.LET(_xlpm.x, AH7:AH14, INT(_xlpm.x/SUM(_xlpm.x)*200))} -> 29 | AP7: {=_xlfn.LET(_xlpm.x, AI7:AI14, INT(_xlpm.x/SUM(_xlpm.x)*200))} -> 10 | AR7: {=P7:Q14} -> 10 | AS7: 25 | AT7: {=R7:S14-_xlfn.ANCHORARRAY(AT15)} -> 9 | AU7: 20 | AV7: {=T7:U14} -> 28 | AW7: 10 | AY7: {=AR7:AW14+AR15:AW22} -> 10 | AZ7: 25 | BA7: 12 | BB7: 28 | BC7: 28 | BD7: 10 | BG7: 16 | BH7: {=BG7:BG14-_xlfn.ANCHORARRAY(BH15)} -> 12
A8: M2 | B8: 34 | C8: 4 | D8: 35 | E8: 8 | F8: 3 | G8: 33 | I8: -0.5 | J8: -0.5 | K8: -0.5 | L8: -0.5 | M8: -0.5 | N8: -0.5 | P8: {=_xlfn.LET(_xlpm.x, B8:G8, _xlpm.val, INT(_xlpm.x+(_xlpm.x-AVERAGE(_xlpm.x))*I8:N8), IF(_xlpm.val<0, 0, _xlpm.val))} -> 26 | Q8: 11 | R8: 27 | S8: 13 | T8: 11 | U8: 26 | W8: 1 | X8: 1 | Y8: 1 | Z8: 1 | AA8: 1 | AB8: 1 | AD8: 26 | AE8: 11 | AF8: 27 | AG8: 13 | AH8: 11 | AI8: 26 | AK8: 27 | AL8: 11 | AM8: 27 | AN8: 13 | AO8: 11 | AP8: 26 | AR8: 26 | AS8: 11 | AT8: 19 | AU8: 10 | AV8: 11 | AW8: 26 | AY8: 26 | AZ8: 11 | BA8: 27 | BB8: 13 | BC8: 11 | BD8: 26 | BG8: 16 | BH8: 12
A9: M3 | B9: 10 | C9: 46 | D9: 6 | E9: 44 | F9: 45 | G9: 4 | I9: -0.5 | J9: -0.5 | K9: -0.5 | L9: -0.5 | M9: -0.5 | N9: -0.5 | P9: {=_xlfn.LET(_xlpm.x, B9:G9, _xlpm.val, INT(_xlpm.x+(_xlpm.x-AVERAGE(_xlpm.x))*I9:N9), IF(_xlpm.val<0, 0, _xlpm.val))} -> 17 | Q9: 35 | R9: 15 | S9: 34 | T9: 35 | U9: 14 | W9: 1 | X9: 1 | Y9: 1 | Z9: 1 | AA9: 1 | AB9: 1 | AD9: 17 | AE9: 35 | AF9: 15 | AG9: 34 | AH9: 35 | AI9: 14 | AK9: 17 | AL9: 36 | AM9: 15 | AN9: 35 | AO9: 36 | AP9: 14 | AR9: 17 | AS9: 35 | AT9: 11 | AU9: 24 | AV9: 35 | AW9: 14 | AY9: 17 | AZ9: 35 | BA9: 15 | BB9: 34 | BC9: 35 | BD9: 14 | BG9: 16 | BH9: 12
A10: M4 | B10: 48 | C10: 13 | D10: 44 | E10: 7 | F10: 3 | G10: 45 | I10: -0.5 | J10: -0.5 | K10: -0.5 | L10: -0.5 | M10: -0.5 | N10: -0.5 | P10: {=_xlfn.LET(_xlpm.x, B10:G10, _xlpm.val, INT(_xlpm.x+(_xlpm.x-AVERAGE(_xlpm.x))*I10:N10), IF(_xlpm.val<0, 0, _xlpm.val))} -> 37 | Q10: 19 | R10: 35 | S10: 16 | T10: 14 | U10: 35 | W10: 1 | X10: 1 | Y10: 1 | Z10: 1 | AA10: 1 | AB10: 1 | AD10: 37 | AE10: 19 | AF10: 35 | AG10: 16 | AH10: 14 | AI10: 35 | AK10: 38 | AL10: 19 | AM10: 36 | AN10: 16 | AO10: 14 | AP10: 36 | AR10: 37 | AS10: 19 | AT10: 25 | AU10: 12 | AV10: 14 | AW10: 35 | AY10: 37 | AZ10: 19 | BA10: 35 | BB10: 16 | BC10: 14 | BD10: 35 | BG10: 30 | BH10: 22
A11: A | B11: 23 | C11: 50 | D11: 6 | E11: 48 | F11: 54 | G11: 9 | I11: -0.5 | J11: -0.5 | K11: -0.5 | L11: -0.5 | M11: -0.5 | N11: -0.5 | P11: {=_xlfn.LET(_xlpm.x, B11:G11, _xlpm.val, INT(_xlpm.x+(_xlpm.x-AVERAGE(_xlpm.x))*I11:N11), IF(_xlpm.val<0, 0, _xlpm.val))} -> 27 | Q11: 40 | R11: 18 | S11: 39 | T11: 42 | U11: 20 | W11: 1 | X11: 1 | Y11: 1 | Z11: 1 | AA11: 1 | AB11: 1 | AD11: 27 | AE11: 40 | AF11: 18 | AG11: 39 | AH11: 42 | AI11: 20 | AK11: 28 | AL11: 41 | AM11: 18 | AN11: 40 | AO11: 43 | AP11: 20 | AR11: 27 | AS11: 40 | AT11: 13 | AU11: 28 | AV11: 42 | AW11: 20 | AY11: 27 | AZ11: 40 | BA11: 18 | BB11: 39 | BC11: 42 | BD11: 20 | BG11: 24 | BH11: 18
A12: K | B12: 16 | C12: 40 | D12: 7 | E12: 39 | F12: 45 | G12: 6 | I12: -0.5 | J12: -0.5 | K12: -0.5 | L12: -0.5 | M12: -0.5 | N12: -0.5 | P12: {=_xlfn.LET(_xlpm.x, B12:G12, _xlpm.val, INT(_xlpm.x+(_xlpm.x-AVERAGE(_xlpm.x))*I12:N12), IF(_xlpm.val<0, 0, _xlpm.val))} -> 20 | Q12: 32 | R12: 16 | S12: 32 | T12: 35 | U12: 15 | W12: 1 | X12: 1 | Y12: 1 | Z12: 1 | AA12: 1 | AB12: 1 | AD12: 20 | AE12: 32 | AF12: 16 | AG12: 32 | AH12: 35 | AI12: 15 | AK12: 20 | AL12: 33 | AM12: 16 | AN12: 33 | AO12: 36 | AP12: 15 | AR12: 20 | AS12: 32 | AT12: 12 | AU12: 23 | AV12: 35 | AW12: 15 | AY12: 20 | AZ12: 32 | BA12: 16 | BB12: 32 | BC12: 35 | BD12: 15 | BG12: 30 | BH12: 22
A13: Q | B13: 32 | C13: 9 | D13: 45 | E13: 6 | F13: 3 | G13: 47 | I13: -0.5 | J13: -0.5 | K13: -0.5 | L13: -0.5 | M13: -0.5 | N13: -0.5 | P13: {=_xlfn.LET(_xlpm.x, B13:G13, _xlpm.val, INT(_xlpm.x+(_xlpm.x-AVERAGE(_xlpm.x))*I13:N13), IF(_xlpm.val<0, 0, _xlpm.val))} -> 27 | Q13: 16 | R13: 34 | S13: 14 | T13: 13 | U13: 35 | W13: 1 | X13: 1 | Y13: 1 | Z13: 1 | AA13: 1 | AB13: 1 | AD13: 27 | AE13: 16 | AF13: 34 | AG13: 14 | AH13: 13 | AI13: 35 | AK13: 28 | AL13: 16 | AM13: 35 | AN13: 14 | AO13: 13 | AP13: 36 | AR13: 27 | AS13: 16 | AT13: 24 | AU13: 10 | AV13: 13 | AW13: 35 | AY13: 27 | AZ13: 16 | BA13: 34 | BB13: 14 | BC13: 13 | BD13: 35 | BG13: 30 | BH13: 22
A14: J | B14: 32 | C14: 4 | D14: 48 | E14: 7 | F14: 6 | G14: 52 | I14: -0.5 | J14: -0.5 | K14: -0.5 | L14: -0.5 | M14: -0.5 | N14: -0.5 | P14: {=_xlfn.LET(_xlpm.x, B14:G14, _xlpm.val, INT(_xlpm.x+(_xlpm.x-AVERAGE(_xlpm.x))*I14:N14), IF(_xlpm.val<0, 0, _xlpm.val))} -> 28 | Q14: 14 | R14: 36 | S14: 15 | T14: 15 | U14: 38 | W14: 1 | X14: 1 | Y14: 1 | Z14: 1 | AA14: 1 | AB14: 1 | AD14: 28 | AE14: 14 | AF14: 36 | AG14: 15 | AH14: 15 | AI14: 38 | AK14: 29 | AL14: 14 | AM14: 37 | AN14: 15 | AO14: 15 | AP14: 39 | AR14: 28 | AS14: 14 | AT14: 26 | AU14: 11 | AV14: 15 | AW14: 38 | AY14: 28 | AZ14: 14 | BA14: 36 | BB14: 15 | BC14: 15 | BD14: 38 | BG14: 24 | BH14: 18
B15: =SUM(B7:B14) -> 197 | C15: =SUM(C7:C14) -> 197 | D15: =SUM(D7:D14) -> 197 | E15: =SUM(E7:E14) -> 197 | F15: =SUM(F7:F14) -> 197 | G15: =SUM(G7:G14) -> 197 | P15: =SUM(P7:P14) -> 192 | Q15: =SUM(Q7:Q14) -> 192 | R15: =SUM(R7:R14) -> 193 | S15: =SUM(S7:S14) -> 191 | T15: =SUM(T7:T14) -> 193 | U15: =SUM(U7:U14) -> 193 | AD15: =SUM(AD7:AD14) -> 192 | AE15: =SUM(AE7:AE14) -> 192 | AF15: =SUM(AF7:AF14) -> 193 | AG15: =SUM(AG7:AG14) -> 191 | AH15: =SUM(AH7:AH14) -> 193 | AI15: =SUM(AI7:AI14) -> 193 | AK15: =SUM(AK7:AK14) -> 197 | AL15: =SUM(AL7:AL14) -> 196 | AM15: =SUM(AM7:AM14) -> 196 | AN15: =SUM(AN7:AN14) -> 195 | AO15: =SUM(AO7:AO14) -> 197 | AP15: =SUM(AP7:AP14) -> 196 | AR15: 0 | AS15: 0 | AT15: {=INT(AS4*R7:S14)} -> 3 | AU15: 8 | AV15: 0 | AW15: 0 | BH15: {=INT(BG7:BG14*0.27)} -> 4
AR16: 0 | AS16: 0 | AT16: 8 | AU16: 3 | AV16: 0 | AW16: 0 | BH16: 4
I17: R1 | J17: R2 | K17: R3 | L17: R4 | M17: R5 | N17: R6 | AR17: 0 | AS17: 0 | AT17: 4 | AU17: 10 | AV17: 0 | AW17: 0 | BH17: 4
B18: {=BG_Symbol!C7:G14+BG_Symbol!C15:G22} -> 4 | C18: 15 | D18: 5 | E18: 25 | F18: 23 | I18: {=_xlfn.LET(_xlpm.x, I7:N14, _xlfn.IFS(_xlpm.x<0, "平均", _xlpm.x<1, "斷", TRUE, "斷爛"))} -> 平均 | J18: 平均 | K18: 平均 | L18: 平均 | M18: 平均 | N18: 平均 | AR18: 0 | AS18: 0 | AT18: 10 | AU18: 4 | AV18: 0 | AW18: 0 | BH18: 8
B19: 4 | C19: 16 | D19: 5 | E19: 25 | F19: 22 | I19: 平均 | J19: 平均 | K19: 平均 | L19: 平均 | M19: 平均 | N19: 平均 | AR19: 0 | AS19: 0 | AT19: 5 | AU19: 11 | AV19: 0 | AW19: 0 | BH19: 6
B20: 43 | C20: 25 | D20: 41 | E20: 18 | F20: 22 | I20: 平均 | J20: 平均 | K20: 平均 | L20: 平均 | M20: 平均 | N20: 平均 | AR20: 0 | AS20: 0 | AT20: 4 | AU20: 9 | AV20: 0 | AW20: 0 | BH20: 8
B21: 43 | C21: 29 | D21: 44 | E21: 17 | F21: 22 | I21: 平均 | J21: 平均 | K21: 平均 | L21: 平均 | M21: 平均 | N21: 平均 | AR21: 0 | AS21: 0 | AT21: 10 | AU21: 4 | AV21: 0 | AW21: 0 | BH21: 8
B22: 47 | C22: 29 | D22: 44 | E22: 17 | F22: 22 | I22: 平均 | J22: 平均 | K22: 平均 | L22: 平均 | M22: 平均 | N22: 平均 | AR22: 0 | AS22: 0 | AT22: 10 | AU22: 4 | AV22: 0 | AW22: 0 | BH22: 6
B23: 47 | C23: 29 | D23: 44 | E23: 17 | F23: 22 | I23: 平均 | J23: 平均 | K23: 平均 | L23: 平均 | M23: 平均 | N23: 平均
B24: 4 | C24: 19 | D24: 8 | E24: 23 | F24: 22 | I24: 平均 | J24: 平均 | K24: 平均 | L24: 平均 | M24: 平均 | N24: 平均
B25: 4 | C25: 16 | D25: 4 | E25: 24 | F25: 22 | I25: 平均 | J25: 平均 | K25: 平均 | L25: 平均 | M25: 平均 | N25: 平均
B29: N-X
P30: N | Q30: 50
P31: F | Q31: 1.2 | AR31: Rate | AS31: 0.3
AK32: 200 | AL32: 200 | AM32: 200 | AN32: 200 | AO32: 200 | AP32: 200
B33: R1 | C33: R2 | D33: R3 | E33: R4 | F33: R5 | G33: R6 | P33: R1 | Q33: R2 | R33: R3 | S33: R4 | T33: R5 | U33: R6 | W33: R1 | X33: R2 | Y33: R3 | Z33: R4 | AA33: R5 | AB33: R6 | AD33: R1 | AE33: R2 | AF33: R3 | AG33: R4 | AH33: R5 | AI33: R6 | AK33: R1 | AL33: R2 | AM33: R3 | AN33: R4 | AO33: R5 | AP33: R6 | AR33: R1 | AS33: R2 | AT33: R3 | AU33: R4 | AV33: R5 | AW33: R6
A34: M1 | B34: 2 | C34: 31 | D34: 6 | E34: 38 | F34: 38 | G34: 1 | P34: {=_xlfn.LET(_xlpm.x, INT($Q$30-B34:G41*Q31), IF(_xlpm.x<0, 0, _xlpm.x))} -> 47 | Q34: 12 | R34: 42 | S34: 4 | T34: 4 | U34: 48 | W34: 1 | X34: 1 | Y34: 1 | Z34: 1 | AA34: 1 | AB34: 1 | AD34: {=P34:U41*W34:AB41} -> 47 | AE34: 12 | AF34: 42 | AG34: 4 | AH34: 4 | AI34: 48 | AK34: {=_xlfn.LET(_xlpm.x, AD34:AD41, INT(_xlpm.x/SUM(_xlpm.x)*200))} -> 55 | AL34: {=_xlfn.LET(_xlpm.x, AE34:AE41, INT(_xlpm.x/SUM(_xlpm.x)*200))} -> 13 | AM34: {=_xlfn.LET(_xlpm.x, AF34:AF41, INT(_xlpm.x/SUM(_xlpm.x)*200))} -> 48 | AN34: {=_xlfn.LET(_xlpm.x, AG34:AG41, INT(_xlpm.x/SUM(_xlpm.x)*200))} -> 4 | AO34: {=_xlfn.LET(_xlpm.x, AH34:AH41, INT(_xlpm.x/SUM(_xlpm.x)*200))} -> 4 | AP34: {=_xlfn.LET(_xlpm.x, AI34:AI41, INT(_xlpm.x/SUM(_xlpm.x)*200))} -> 52 | AR34: {=AK34:AL41} -> 55 | AS34: 13 | AT34: {=AM34:AN41-_xlfn.ANCHORARRAY(AT42)} -> 36 | AU34: 3 | AV34: {=AO34:AP41} -> 4 | AW34: 52 | AY34: {=AR34:AW41+AR42:AW49} -> 55 | AZ34: 13 | BA34: 48 | BB34: 4 | BC34: 4 | BD34: 52
A35: M2 | B35: 34 | C35: 4 | D35: 35 | E35: 8 | F35: 3 | G35: 33 | P35: 9 | Q35: 45 | R35: 8 | S35: 40 | T35: 46 | U35: 10 | W35: 1 | X35: 1 | Y35: 1 | Z35: 1 | AA35: 1 | AB35: 1 | AD35: 9 | AE35: 45 | AF35: 8 | AG35: 40 | AH35: 46 | AI35: 10 | AK35: 10 | AL35: 50 | AM35: 9 | AN35: 46 | AO35: 50 | AP35: 10 | AR35: 10 | AS35: 50 | AT35: 7 | AU35: 34 | AV35: 50 | AW35: 10 | AY35: 10 | AZ35: 50 | BA35: 9 | BB35: 46 | BC35: 50 | BD35: 10
A36: M3 | B36: 10 | C36: 46 | D36: 6 | E36: 44 | F36: 45 | G36: 4 | P36: 38 | Q36: 0 | R36: 42 | S36: 0 | T36: 0 | U36: 45 | W36: 1 | X36: 1 | Y36: 1 | Z36: 1 | AA36: 1 | AB36: 1 | AD36: 38 | AE36: 0 | AF36: 42 | AG36: 0 | AH36: 0 | AI36: 45 | AK36: 45 | AL36: 0 | AM36: 48 | AN36: 0 | AO36: 0 | AP36: 48 | AR36: 45 | AS36: 0 | AT36: 36 | AU36: 0 | AV36: 0 | AW36: 48 | AY36: 45 | AZ36: 0 | BA36: 48 | BB36: 0 | BC36: 0 | BD36: 48
A37: M4 | B37: 48 | C37: 13 | D37: 44 | E37: 7 | F37: 3 | G37: 45 | P37: 0 | Q37: 34 | R37: 0 | S37: 41 | T37: 46 | U37: 0 | W37: 1 | X37: 1 | Y37: 1 | Z37: 1 | AA37: 1 | AB37: 1 | AD37: 0 | AE37: 34 | AF37: 0 | AG37: 41 | AH37: 46 | AI37: 0 | AK37: 0 | AL37: 38 | AM37: 0 | AN37: 47 | AO37: 50 | AP37: 0 | AR37: 0 | AS37: 38 | AT37: 0 | AU37: 35 | AV37: 50 | AW37: 0 | AY37: 0 | AZ37: 38 | BA37: 0 | BB37: 47 | BC37: 50 | BD37: 0
A38: A | B38: 23 | C38: 50 | D38: 6 | E38: 48 | F38: 54 | G38: 9 | P38: 22 | Q38: 0 | R38: 42 | S38: 0 | T38: 0 | U38: 39 | W38: 1 | X38: 1 | Y38: 1 | Z38: 1 | AA38: 1 | AB38: 1 | AD38: 22 | AE38: 0 | AF38: 42 | AG38: 0 | AH38: 0 | AI38: 39 | AK38: 26 | AL38: 0 | AM38: 48 | AN38: 0 | AO38: 0 | AP38: 42 | AR38: 26 | AS38: 0 | AT38: 36 | AU38: 0 | AV38: 0 | AW38: 42 | AY38: 26 | AZ38: 0 | BA38: 48 | BB38: 0 | BC38: 0 | BD38: 42
A39: K | B39: 16 | C39: 40 | D39: 7 | E39: 39 | F39: 45 | G39: 6 | P39: 30 | Q39: 2 | R39: 41 | S39: 3 | T39: 0 | U39: 42 | W39: 1 | X39: 1 | Y39: 1 | Z39: 1 | AA39: 1 | AB39: 1 | AD39: 30 | AE39: 2 | AF39: 41 | AG39: 3 | AH39: 0 | AI39: 42 | AK39: 35 | AL39: 2 | AM39: 46 | AN39: 3 | AO39: 0 | AP39: 45 | AR39: 35 | AS39: 2 | AT39: 34 | AU39: 3 | AV39: 0 | AW39: 45 | AY39: 35 | AZ39: 2 | BA39: 46 | BB39: 3 | BC39: 0 | BD39: 45
A40: Q | B40: 32 | C40: 9 | D40: 45 | E40: 6 | F40: 3 | G40: 47 | P40: 11 | Q40: 39 | R40: 0 | S40: 42 | T40: 46 | U40: 0 | W40: 1 | X40: 1 | Y40: 1 | Z40: 1 | AA40: 1 | AB40: 1 | AD40: 11 | AE40: 39 | AF40: 0 | AG40: 42 | AH40: 46 | AI40: 0 | AK40: 13 | AL40: 44 | AM40: 0 | AN40: 49 | AO40: 50 | AP40: 0 | AR40: 13 | AS40: 44 | AT40: 0 | AU40: 37 | AV40: 50 | AW40: 0 | AY40: 13 | AZ40: 44 | BA40: 0 | BB40: 49 | BC40: 50 | BD40: 0
A41: J | B41: 32 | C41: 4 | D41: 48 | E41: 7 | F41: 6 | G41: 52 | P41: 11 | Q41: 45 | R41: 0 | S41: 41 | T41: 42 | U41: 0 | W41: 1 | X41: 1 | Y41: 1 | Z41: 1 | AA41: 1 | AB41: 1 | AD41: 11 | AE41: 45 | AF41: 0 | AG41: 41 | AH41: 42 | AI41: 0 | AK41: 13 | AL41: 50 | AM41: 0 | AN41: 47 | AO41: 45 | AP41: 0 | AR41: 13 | AS41: 50 | AT41: 0 | AU41: 35 | AV41: 45 | AW41: 0 | AY41: 13 | AZ41: 50 | BA41: 0 | BB41: 47 | BC41: 45 | BD41: 0
B42: =SUM(B34:B41) -> 197 | C42: =SUM(C34:C41) -> 197 | D42: =SUM(D34:D41) -> 197 | E42: =SUM(E34:E41) -> 197 | F42: =SUM(F34:F41) -> 197 | G42: =SUM(G34:G41) -> 197 | P42: =SUM(P34:P41) -> 168 | Q42: =SUM(Q34:Q41) -> 177 | R42: =SUM(R34:R41) -> 175 | S42: =SUM(S34:S41) -> 171 | T42: =SUM(T34:T41) -> 184 | U42: =SUM(U34:U41) -> 184 | AD42: =SUM(AD34:AD41) -> 168 | AE42: =SUM(AE34:AE41) -> 177 | AF42: =SUM(AF34:AF41) -> 175 | AG42: =SUM(AG34:AG41) -> 171 | AH42: =SUM(AH34:AH41) -> 184 | AI42: =SUM(AI34:AI41) -> 184 | AK42: =SUM(AK34:AK41) -> 197 | AL42: =SUM(AL34:AL41) -> 197 | AM42: =SUM(AM34:AM41) -> 199 | AN42: =SUM(AN34:AN41) -> 196 | AO42: =SUM(AO34:AO41) -> 199 | AP42: =SUM(AP34:AP41) -> 197 | AR42: 0 | AS42: 0 | AT42: {=INT(AS31*R34:S41)} -> 12 | AU42: 1 | AV42: 0 | AW42: 0
AR43: 0 | AS43: 0 | AT43: 2 | AU43: 12 | AV43: 0 | AW43: 0
AR44: 0 | AS44: 0 | AT44: 12 | AU44: 0 | AV44: 0 | AW44: 0
AR45: 0 | AS45: 0 | AT45: 0 | AU45: 12 | AV45: 0 | AW45: 0
AR46: 0 | AS46: 0 | AT46: 12 | AU46: 0 | AV46: 0 | AW46: 0
B47: M1 | C47: {=#REF!+#REF!} -> #REF! | D47: {=INT(_xlfn.ANCHORARRAY(C47)/10)} -> #REF! | E47: 9 | F47: {=E47:E54-_xlfn.ANCHORARRAY(F55)} -> 7 | AR47: 0 | AS47: 0 | AT47: 12 | AU47: 0 | AV47: 0 | AW47: 0
B48: M2 | E48: 9 | F48: 7 | AR48: 0 | AS48: 0 | AT48: 0 | AU48: 12 | AV48: 0 | AW48: 0
B49: M3 | E49: 14 | F49: 11 | AR49: 0 | AS49: 0 | AT49: 0 | AU49: 12 | AV49: 0 | AW49: 0
B50: M4 | E50: 15 | F50: 11
B51: A | E51: 21 | F51: 16
B52: K | E52: 17 | F52: 13
B53: Q | E53: 15 | F53: 11
B54: J | E54: 15 | F54: 11
F55: {=INT(E47:E54*0.27)} -> 2
F56: 2
F57: 3
F58: 4
F59: 5
F60: 4
F61: 4
F62: 4

Sheet OP Jackpot
B3: NB-Newbie-A
B4: BGC1Screen | E4: =SUM(D4:D5)/C4 -> #DIV/0!
B5: FGC1Screen
B7: NB-Newbie-B
B8: BGC1Screen | E8: =SUM(D8:D9)/C8 -> #DIV/0!
B9: FGC1Screen
B11: NB-Oldhand-A
B12: BGC1Screen | E12: =SUM(D12:D13)/C12 -> #DIV/0!
B13: FGC1Screen
B15: NB-Oldhand-B
B16: BGC1Screen | E16: =SUM(D16:D17)/C16 -> #DIV/0!
B17: FGC1Screen
B19: BF-A
B20: BGC1Screen | E20: =SUM(D20:D21)/C20 -> #DIV/0!
B21: FGC1Screen
B23: BF-B
B24: BGC1Screen | E24: =SUM(D24:D25)/C24 -> #DIV/0!
B25: FGC1Screen
B28: Threshold | C28: 10000000000
B30: NB-Newbie-A | C30: =ROUND(E4*$C$28, 0) -> #DIV/0!
B31: NB-Newbie-B | C31: =ROUND(E8*$C$28, 0) -> #DIV/0!
B32: NB-Oldhand-A | C32: =ROUND(E12*$C$28, 0) -> #DIV/0!
B33: NB-Oldhand-B | C33: =ROUND(E16*$C$28, 0) -> #DIV/0!
B34: BF-A | C34: =ROUND(E20*$C$28, 0) -> #DIV/0!
B35: BF-B | C35: =ROUND(E24*$C$28, 0) -> #DIV/0!

Sheet BG_Symbol
J2: Symbol | Q2: Symbol ID | W2: Symbol Weight | AC2: Eliminate Wheel Weight A | AJ2: Eliminate Wheel Weight B
A3: Symbol | B3: Description | C3: R1 | D3: R2 | E3: R3 | F3: R4 | G3: R5 | H3: ID | K3: R1 | L3: R2 | M3: R3 | N3: R4 | O3: R5 | Q3: R1 | R3: R2 | S3: R3 | T3: R4 | U3: R5 | W3: R1 | X3: R2 | Y3: R3 | Z3: R4 | AA3: R5
A4: {=Overview!A38:B57} -> WW | B4: Wild | C4: =COUNTIF(K:K, $A4) -> 0 | D4: =COUNTIF(L:L, $A4) -> 0 | E4: =COUNTIF(M:M, $A4) -> 0 | F4: =COUNTIF(N:N, $A4) -> 0 | G4: =COUNTIF(O:O, $A4) -> 0 | H4: {=Overview!F38:F57} -> 0 | J4: {=_xlfn.SEQUENCE(MAX(COUNTA(K:K), COUNTA(L:L), COUNTA(M:M), COUNTA(N:N), COUNTA(O:O))-1,,0)} -> 0 | K4: M5 | L4: M5 | M4: M5 | N4: GK | O4: M4 | Q4: {=_xlfn.LET(_xlpm.x, K4:O304, IF(_xlpm.x="", "", _xlfn.XLOOKUP(_xlpm.x, $A$4:$A$23,_xlfn.ANCHORARRAY( H4))))} -> 6 | R4: 6 | S4: 6 | T4: 17 | U4: 5 | W4: 1 | X4: 1 | Y4: 1 | Z4: 1 | AA4: 1 | AC4: 1 Combo | AJ4: 1 Combo
A5: C1 | B5: Scatter | C5: =COUNTIF(K:K, $A5) -> 0 | D5: =COUNTIF(L:L, $A5) -> 6 | E5: =COUNTIF(M:M, $A5) -> 0 | F5: =COUNTIF(N:N, $A5) -> 9 | G5: =COUNTIF(O:O, $A5) -> 0 | H5: 1 | J5: 1 | K5: K | L5: M1 | M5: K | N5: Q | O5: M2 | Q5: 8 | R5: 2 | S5: 8 | T5: 9 | U5: 3 | W5: 1 | X5: 1 | Y5: 1 | Z5: 1 | AA5: 1 | AC5: Symbol | AD5: R1 | AE5: R2 | AF5: R3 | AG5: R4 | AH5: R5 | AJ5: Symbol | AK5: R1 | AL5: R2 | AM5: R3 | AN5: R4 | AO5: R5
A6: M1 | B6: M1 | C6: =COUNTIF(K:K, $A6) -> 4 | D6: =COUNTIF(L:L, $A6) -> 11 | E6: =COUNTIF(M:M, $A6) -> 5 | F6: =COUNTIF(N:N, $A6) -> 21 | G6: =COUNTIF(O:O, $A6) -> 23 | H6: 2 | J6: 2 | K6: M4 | L6: G4 | M6: GK | N6: M3 | O6: M2 | Q6: 5 | R6: 14 | S6: 17 | T6: 4 | U6: 3 | W6: 1 | X6: 1 | Y6: 1 | Z6: 1 | AA6: 1 | AC6: {=$A$4:$A$23} -> WW | AD6: 0 | AE6: 0 | AF6: 0 | AG6: 0 | AH6: 0 | AJ6: {=$A$4:$A$23} -> WW | AK6: 0 | AL6: 0 | AM6: 0 | AN6: 0 | AO6: 0
A7: M2 | B7: M2 | C7: =COUNTIF(K:K, $A7) -> 4 | D7: =COUNTIF(L:L, $A7) -> 11 | E7: =COUNTIF(M:M, $A7) -> 5 | F7: =COUNTIF(N:N, $A7) -> 21 | G7: =COUNTIF(O:O, $A7) -> 23 | H7: 3 | J7: 3 | K7: A | L7: A | M7: M4 | N7: M3 | O7: J | Q7: 7 | R7: 7 | S7: 5 | T7: 4 | U7: 10 | W7: 1 | X7: 1 | Y7: 1 | Z7: 1 | AA7: 1 | AC7: C1 | AD7: 0 | AE7: 6 | AF7: 0 | AG7: 9 | AH7: 0 | AJ7: C1 | AK7: 0 | AL7: 6 | AM7: 0 | AN7: 9 | AO7: 0
A8: M3 | B8: M3 | C8: =COUNTIF(K:K, $A8) -> 4 | D8: =COUNTIF(L:L, $A8) -> 11 | E8: =COUNTIF(M:M, $A8) -> 5 | F8: =COUNTIF(N:N, $A8) -> 21 | G8: =COUNTIF(O:O, $A8) -> 22 | H8: 4 | J8: 4 | K8: K | L8: M5 | M8: M2 | N8: GK | O8: K | Q8: 8 | R8: 6 | S8: 3 | T8: 17 | U8: 8 | W8: 1 | X8: 1 | Y8: 1 | Z8: 1 | AA8: 1 | AC8: M1 | AD8: 4 | AE8: 11 | AF8: 5 | AG8: 21 | AH8: 23 | AJ8: M1 | AK8: 4 | AL8: 11 | AM8: 5 | AN8: 21 | AO8: 23
A9: M4 | B9: M4 | C9: =COUNTIF(K:K, $A9) -> 43 | D9: =COUNTIF(L:L, $A9) -> 20 | E9: =COUNTIF(M:M, $A9) -> 41 | F9: =COUNTIF(N:N, $A9) -> 14 | G9: =COUNTIF(O:O, $A9) -> 22 | H9: 5 | J9: 5 | K9: A | L9: G2 | M9: A | N9: GQ | O9: J | Q9: 7 | R9: 12 | S9: 7 | T9: 18 | U9: 10 | W9: 1 | X9: 1 | Y9: 1 | Z9: 1 | AA9: 1 | AC9: M2 | AD9: 4 | AE9: 11 | AF9: 5 | AG9: 21 | AH9: 23 | AJ9: M2 | AK9: 4 | AL9: 11 | AM9: 5 | AN9: 21 | AO9: 23
A10: M5 | B10: M5 | C10: =COUNTIF(K:K, $A10) -> 43 | D10: =COUNTIF(L:L, $A10) -> 21 | E10: =COUNTIF(M:M, $A10) -> 41 | F10: =COUNTIF(N:N, $A10) -> 14 | G10: =COUNTIF(O:O, $A10) -> 22 | H10: 6 | J10: 6 | K10: K | L10: A | M10: G5 | N10: M5 | O10: A | Q10: 8 | R10: 7 | S10: 15 | T10: 6 | U10: 7 | W10: 1 | X10: 1 | Y10: 1 | Z10: 1 | AA10: 1 | AC10: M3 | AD10: 4 | AE10: 11 | AF10: 5 | AG10: 21 | AH10: 22 | AJ10: M3 | AK10: 4 | AL10: 11 | AM10: 5 | AN10: 21 | AO10: 22
A11: A | B11: A | C11: =COUNTIF(K:K, $A11) -> 47 | D11: =COUNTIF(L:L, $A11) -> 21 | E11: =COUNTIF(M:M, $A11) -> 41 | F11: =COUNTIF(N:N, $A11) -> 14 | G11: =COUNTIF(O:O, $A11) -> 22 | H11: 7 | J11: 7 | K11: K | L11: A | M11: Q | N11: M1 | O11: A | Q11: 8 | R11: 7 | S11: 9 | T11: 2 | U11: 7 | W11: 1 | X11: 1 | Y11: 1 | Z11: 1 | AA11: 1 | AC11: M4 | AD11: 43 | AE11: 20 | AF11: 41 | AG11: 14 | AH11: 22 | AJ11: M4 | AK11: 43 | AL11: 20 | AM11: 41 | AN11: 14 | AO11: 22
A12: K | B12: K | C12: =COUNTIF(K:K, $A12) -> 47 | D12: =COUNTIF(L:L, $A12) -> 21 | E12: =COUNTIF(M:M, $A12) -> 41 | F12: =COUNTIF(N:N, $A12) -> 14 | G12: =COUNTIF(O:O, $A12) -> 22 | H12: 8 | J12: 8 | K12: A | L12: A | M12: K | N12: G2 | O12: M4 | Q12: 7 | R12: 7 | S12: 8 | T12: 12 | U12: 5 | W12: 1 | X12: 1 | Y12: 1 | Z12: 1 | AA12: 1 | AC12: M5 | AD12: 43 | AE12: 21 | AF12: 41 | AG12: 14 | AH12: 22 | AJ12: M5 | AK12: 43 | AL12: 21 | AM12: 41 | AN12: 14 | AO12: 22
A13: Q | B13: Q | C13: =COUNTIF(K:K, $A13) -> 4 | D13: =COUNTIF(L:L, $A13) -> 11 | E13: =COUNTIF(M:M, $A13) -> 5 | F13: =COUNTIF(N:N, $A13) -> 20 | G13: =COUNTIF(O:O, $A13) -> 22 | H13: 9 | J13: 9 | K13: M5 | L13: M4 | M13: K | N13: A | O13: Q | Q13: 6 | R13: 5 | S13: 8 | T13: 7 | U13: 9 | W13: 1 | X13: 1 | Y13: 1 | Z13: 1 | AA13: 1 | AC13: A | AD13: 47 | AE13: 21 | AF13: 41 | AG13: 14 | AH13: 22 | AJ13: A | AK13: 47 | AL13: 21 | AM13: 41 | AN13: 14 | AO13: 22
A14: J | B14: J | C14: =COUNTIF(K:K, $A14) -> 4 | D14: =COUNTIF(L:L, $A14) -> 11 | E14: =COUNTIF(M:M, $A14) -> 4 | F14: =COUNTIF(N:N, $A14) -> 20 | G14: =COUNTIF(O:O, $A14) -> 22 | H14: 10 | J14: 10 | K14: A | L14: J | M14: M5 | N14: G5 | O14: K | Q14: 7 | R14: 10 | S14: 6 | T14: 15 | U14: 8 | W14: 1 | X14: 1 | Y14: 1 | Z14: 1 | AA14: 1 | AC14: K | AD14: 47 | AE14: 21 | AF14: 41 | AG14: 14 | AH14: 22 | AJ14: K | AK14: 47 | AL14: 21 | AM14: 41 | AN14: 14 | AO14: 22
A15: G1 | B15: Gold M1 | C15: =COUNTIF(K:K, $A15) -> 0 | D15: =COUNTIF(L:L, $A15) -> 4 | E15: =COUNTIF(M:M, $A15) -> 0 | F15: =COUNTIF(N:N, $A15) -> 4 | G15: =COUNTIF(O:O, $A15) -> 0 | H15: 11 | J15: 11 | K15: M5 | L15: A | M15: A | N15: K | O15: M1 | Q15: 6 | R15: 7 | S15: 7 | T15: 8 | U15: 2 | W15: 1 | X15: 1 | Y15: 1 | Z15: 1 | AA15: 1 | AC15: Q | AD15: 4 | AE15: 11 | AF15: 5 | AG15: 20 | AH15: 22 | AJ15: Q | AK15: 4 | AL15: 11 | AM15: 5 | AN15: 20 | AO15: 22
A16: G2 | B16: Gold M2 | C16: =COUNTIF(K:K, $A16) -> 0 | D16: =COUNTIF(L:L, $A16) -> 5 | E16: =COUNTIF(M:M, $A16) -> 0 | F16: =COUNTIF(N:N, $A16) -> 4 | G16: =COUNTIF(O:O, $A16) -> 0 | H16: 12 | J16: 12 | K16: A | L16: G1 | M16: A | N16: K | O16: M2 | Q16: 7 | R16: 11 | S16: 7 | T16: 8 | U16: 3 | W16: 1 | X16: 1 | Y16: 1 | Z16: 1 | AA16: 1 | AC16: J | AD16: 4 | AE16: 11 | AF16: 4 | AG16: 20 | AH16: 22 | AJ16: J | AK16: 4 | AL16: 11 | AM16: 4 | AN16: 20 | AO16: 22
A17: G3 | B17: Gold M3 | C17: =COUNTIF(K:K, $A17) -> 0 | D17: =COUNTIF(L:L, $A17) -> 5 | E17: =COUNTIF(M:M, $A17) -> 0 | F17: =COUNTIF(N:N, $A17) -> 4 | G17: =COUNTIF(O:O, $A17) -> 0 | H17: 13 | J17: 13 | K17: K | L17: M1 | M17: A | N17: M3 | O17: Q | Q17: 8 | R17: 2 | S17: 7 | T17: 4 | U17: 9 | W17: 1 | X17: 1 | Y17: 1 | Z17: 1 | AA17: 1 | AC17: G1 | AD17: 0 | AE17: 4 | AF17: 0 | AG17: 4 | AH17: 0 | AJ17: G1 | AK17: 0 | AL17: 4 | AM17: 0 | AN17: 4 | AO17: 0
A18: G4 | B18: Gold M4 | C18: =COUNTIF(K:K, $A18) -> 0 | D18: =COUNTIF(L:L, $A18) -> 8 | E18: =COUNTIF(M:M, $A18) -> 3 | F18: =COUNTIF(N:N, $A18) -> 3 | G18: =COUNTIF(O:O, $A18) -> 0 | H18: 14 | J18: 14 | K18: M5 | L18: A | M18: G4 | N18: K | O18: Q | Q18: 6 | R18: 7 | S18: 14 | T18: 8 | U18: 9 | W18: 1 | X18: 1 | Y18: 1 | Z18: 1 | AA18: 1 | AC18: G2 | AD18: 0 | AE18: 5 | AF18: 0 | AG18: 4 | AH18: 0 | AJ18: G2 | AK18: 0 | AL18: 5 | AM18: 0 | AN18: 4 | AO18: 0
... A23: GJ | B23: Gold J | C23: =COUNTIF(K:K, $A23) -> 0 | D23: =COUNTIF(L:L, $A23) -> 5 | E23: =COUNTIF(M:M, $A23) -> 0 | F23: =COUNTIF(N:N, $A23) -> 4 | G23: =COUNTIF(O:O, $A23) -> 0 | H23: 19 | J23: 19 | K23: M4 | L23: M5 | M23: GA | N23: G4 | O23: M1 | Q23: 5 | R23: 6 | S23: 16 | T23: 14 | U23: 2 | W23: 1 | X23: 1 | Y23: 1 | Z23: 1 | AA23: 1 | AC23: GK | AD23: 0 | AE23: 8 | AF23: 3 | AG23: 3 | AH23: 0 | AJ23: GK | AK23: 0 | AL23: 8 | AM23: 3 | AN23: 3 | AO23: 0
C24: =SUM(C4:C23) -> 200 | D24: =SUM(D4:D23) -> 200 | E24: =SUM(E4:E23) -> 200 | F24: =SUM(F4:F23) -> 200 | G24: =SUM(G4:G23) -> 200 | J24: 20 | K24: A | L24: K | M24: A | N24: M4 | O24: Q | Q24: 7 | R24: 8 | S24: 7 | T24: 5 | U24: 9 | W24: 1 | X24: 1 | Y24: 1 | Z24: 1 | AA24: 1 | AC24: GQ | AD24: 0 | AE24: 5 | AF24: 0 | AG24: 4 | AH24: 0 | AJ24: GQ | AK24: 0 | AL24: 5 | AM24: 0 | AN24: 4 | AO24: 0
J25: 21 | K25: M4 | L25: A | M25: Q | N25: M4 | O25: J | Q25: 5 | R25: 7 | S25: 9 | T25: 5 | U25: 10 | W25: 1 | X25: 1 | Y25: 1 | Z25: 1 | AA25: 1 | AC25: GJ | AD25: 0 | AE25: 5 | AF25: 0 | AG25: 4 | AH25: 0 | AJ25: GJ | AK25: 0 | AL25: 5 | AM25: 0 | AN25: 4 | AO25: 0
A26: Symbol | B26: Description | C26: R1 | D26: R2 | E26: R3 | F26: R4 | G26: R5 | H26: ID | J26: 22 | K26: Q | L26: Q | M26: M4 | N26: Q | O26: K | Q26: 9 | R26: 9 | S26: 5 | T26: 9 | U26: 8 | W26: 1 | X26: 1 | Y26: 1 | Z26: 1 | AA26: 1 | AD26: =SUM(AD6:AD25) -> 200 | AE26: =SUM(AE6:AE25) -> 200 | AF26: =SUM(AF6:AF25) -> 200 | AG26: =SUM(AG6:AG25) -> 200 | AH26: =SUM(AH6:AH25) -> 200 | AK26: =SUM(AK6:AK25) -> 200 | AL26: =SUM(AL6:AL25) -> 200 | AM26: =SUM(AM6:AM25) -> 200 | AN26: =SUM(AN6:AN25) -> 200 | AO26: =SUM(AO6:AO25) -> 200
A27: {=_xlfn.ANCHORARRAY(A4)} -> WW | B27: Wild | C27: {=C4:G23/C24:G24} -> 0 | D27: 0 | E27: 0 | F27: 0 | G27: 0 | H27: {=_xlfn.ANCHORARRAY(H4)} -> 0 | J27: 23 | K27: M4 | L27: M5 | M27: K | N27: M1 | O27: M2 | Q27: 5 | R27: 6 | S27: 8 | T27: 2 | U27: 3 | W27: 1 | X27: 1 | Y27: 1 | Z27: 1 | AA27: 1
A28: C1 | B28: Scatter | C28: 0 | D28: 0.03 | E28: 0 | F28: 0.045 | G28: 0 | H28: 1 | J28: 24 | K28: K | L28: K | M28: M4 | N28: Q | O28: M1 | Q28: 8 | R28: 8 | S28: 5 | T28: 9 | U28: 2 | W28: 1 | X28: 1 | Y28: 1 | Z28: 1 | AA28: 1 | AC28: 2 Combo | AJ28: 2 Combo
A29: M1 | B29: M1 | C29: 0.02 | D29: 0.055 | E29: 0.025 | F29: 0.105 | G29: 0.115 | H29: 2 | J29: 25 | K29: M4 | L29: GJ | M29: A | N29: Q | O29: A | Q29: 5 | R29: 19 | S29: 7 | T29: 9 | U29: 7 | W29: 1 | X29: 1 | Y29: 1 | Z29: 1 | AA29: 1 | AC29: Symbol | AD29: R1 | AE29: R2 | AF29: R3 | AG29: R4 | AH29: R5 | AJ29: Symbol | AK29: R1 | AL29: R2 | AM29: R3 | AN29: R4 | AO29: R5
A30: M2 | B30: M2 | C30: 0.02 | D30: 0.055 | E30: 0.025 | F30: 0.105 | G30: 0.115 | H30: 3 | J30: 26 | K30: M2 | L30: G5 | M30: M4 | N30: Q | O30: M4 | Q30: 3 | R30: 15 | S30: 5 | T30: 9 | U30: 5 | W30: 1 | X30: 1 | Y30: 1 | Z30: 1 | AA30: 1 | AC30: {=$A$4:$A$23} -> WW | AD30: 0 | AE30: 0 | AF30: 0 | AG30: 0 | AH30: 0 | AJ30: {=$A$4:$A$23} -> WW | AK30: 0 | AL30: 0 | AM30: 0 | AN30: 0 | AO30: 0
A31: M3 | B31: M3 | C31: 0.02 | D31: 0.055 | E31: 0.025 | F31: 0.105 | G31: 0.11 | H31: 4 | J31: 27 | K31: M4 | L31: A | M31: K | N31: J | O31: M1 | Q31: 5 | R31: 7 | S31: 8 | T31: 10 | U31: 2 | W31: 1 | X31: 1 | Y31: 1 | Z31: 1 | AA31: 1 | AC31: C1 | AD31: 0 | AE31: 6 | AF31: 0 | AG31: 9 | AH31: 0 | AJ31: C1 | AK31: 0 | AL31: 6 | AM31: 0 | AN31: 9 | AO31: 0
A32: M4 | B32: M4 | C32: 0.215 | D32: 0.1 | E32: 0.205 | F32: 0.07 | G32: 0.11 | H32: 5 | J32: 28 | K32: A | L32: J | M32: M4 | N32: G4 | O32: M5 | Q32: 7 | R32: 10 | S32: 5 | T32: 14 | U32: 6 | W32: 1 | X32: 1 | Y32: 1 | Z32: 1 | AA32: 1 | AC32: M1 | AD32: 4 | AE32: 11 | AF32: 5 | AG32: 21 | AH32: 23 | AJ32: M1 | AK32: 4 | AL32: 11 | AM32: 5 | AN32: 21 | AO32: 23
A33: M5 | B33: M5 | C33: 0.215 | D33: 0.105 | E33: 0.205 | F33: 0.07 | G33: 0.11 | H33: 6 | J33: 29 | K33: M4 | L33: M5 | M33: K | N33: K | O33: M2 | Q33: 5 | R33: 6 | S33: 8 | T33: 8 | U33: 3 | W33: 1 | X33: 1 | Y33: 1 | Z33: 1 | AA33: 1 | AC33: M2 | AD33: 4 | AE33: 11 | AF33: 5 | AG33: 21 | AH33: 23 | AJ33: M2 | AK33: 4 | AL33: 11 | AM33: 5 | AN33: 21 | AO33: 23
A34: A | B34: A | C34: 0.235 | D34: 0.105 | E34: 0.205 | F34: 0.07 | G34: 0.11 | H34: 7 | J34: 30 | K34: M5 | L34: GQ | M34: A | N34: M1 | O34: Q | Q34: 6 | R34: 18 | S34: 7 | T34: 2 | U34: 9 | W34: 1 | X34: 1 | Y34: 1 | Z34: 1 | AA34: 1 | AC34: M3 | AD34: 4 | AE34: 11 | AF34: 5 | AG34: 21 | AH34: 22 | AJ34: M3 | AK34: 4 | AL34: 11 | AM34: 5 | AN34: 21 | AO34: 22
A35: K | B35: K | C35: 0.235 | D35: 0.105 | E35: 0.205 | F35: 0.07 | G35: 0.11 | H35: 8 | J35: 31 | K35: M4 | L35: A | M35: K | N35: M2 | O35: J | Q35: 5 | R35: 7 | S35: 8 | T35: 3 | U35: 10 | W35: 1 | X35: 1 | Y35: 1 | Z35: 1 | AA35: 1 | AC35: M4 | AD35: 43 | AE35: 20 | AF35: 41 | AG35: 14 | AH35: 22 | AJ35: M4 | AK35: 43 | AL35: 20 | AM35: 41 | AN35: 14 | AO35: 22
A36: Q | B36: Q | C36: 0.02 | D36: 0.055 | E36: 0.025 | F36: 0.1 | G36: 0.11 | H36: 9 | J36: 32 | K36: A | L36: M1 | M36: K | N36: M2 | O36: M4 | Q36: 7 | R36: 2 | S36: 8 | T36: 3 | U36: 5 | W36: 1 | X36: 1 | Y36: 1 | Z36: 1 | AA36: 1 | AC36: M5 | AD36: 43 | AE36: 21 | AF36: 41 | AG36: 14 | AH36: 22 | AJ36: M5 | AK36: 43 | AL36: 21 | AM36: 41 | AN36: 14 | AO36: 22
A37: J | B37: J | C37: 0.02 | D37: 0.055 | E37: 0.02 | F37: 0.1 | G37: 0.11 | H37: 10 | J37: 33 | K37: M5 | L37: A | M37: K | N37: M2 | O37: M5 | Q37: 6 | R37: 7 | S37: 8 | T37: 3 | U37: 6 | W37: 1 | X37: 1 | Y37: 1 | Z37: 1 | AA37: 1 | AC37: A | AD37: 47 | AE37: 21 | AF37: 41 | AG37: 14 | AH37: 22 | AJ37: A | AK37: 47 | AL37: 21 | AM37: 41 | AN37: 14 | AO37: 22
A38: G1 | B38: Gold M1 | C38: 0 | D38: 0.02 | E38: 0 | F38: 0.02 | G38: 0 | H38: 11 | J38: 34 | K38: K | L38: M5 | M38: A | N38: Q | O38: M3 | Q38: 8 | R38: 6 | S38: 7 | T38: 9 | U38: 4 | W38: 1 | X38: 1 | Y38: 1 | Z38: 1 | AA38: 1 | AC38: K | AD38: 47 | AE38: 21 | AF38: 41 | AG38: 14 | AH38: 22 | AJ38: K | AK38: 47 | AL38: 21 | AM38: 41 | AN38: 14 | AO38: 22
A39: G2 | B39: Gold M2 | C39: 0 | D39: 0.025 | E39: 0 | F39: 0.02 | G39: 0 | H39: 12 | J39: 35 | K39: A | L39: Q | M39: A | N39: M4 | O39: M3 | Q39: 7 | R39: 9 | S39: 7 | T39: 5 | U39: 4 | W39: 1 | X39: 1 | Y39: 1 | Z39: 1 | AA39: 1 | AC39: Q | AD39: 4 | AE39: 11 | AF39: 5 | AG39: 20 | AH39: 22 | AJ39: Q | AK39: 4 | AL39: 11 | AM39: 5 | AN39: 20 | AO39: 22
A40: G3 | B40: Gold M3 | C40: 0 | D40: 0.025 | E40: 0 | F40: 0.02 | G40: 0 | H40: 13 | J40: 36 | K40: M5 | L40: J | M40: M5 | N40: M4 | O40: J | Q40: 6 | R40: 10 | S40: 6 | T40: 5 | U40: 10 | W40: 1 | X40: 1 | Y40: 1 | Z40: 1 | AA40: 1 | AC40: J | AD40: 4 | AE40: 11 | AF40: 4 | AG40: 20 | AH40: 22 | AJ40: J | AK40: 4 | AL40: 11 | AM40: 4 | AN40: 20 | AO40: 22
A41: G4 | B41: Gold M4 | C41: 0 | D41: 0.04 | E41: 0.015 | F41: 0.015 | G41: 0 | H41: 14 | J41: 37 | K41: M5 | L41: J | M41: K | N41: M3 | O41: J | Q41: 6 | R41: 10 | S41: 8 | T41: 4 | U41: 10 | W41: 1 | X41: 1 | Y41: 1 | Z41: 1 | AA41: 1 | AC41: G1 | AD41: 0 | AE41: 4 | AF41: 0 | AG41: 4 | AH41: 0 | AJ41: G1 | AK41: 0 | AL41: 4 | AM41: 0 | AN41: 4 | AO41: 0
A42: G5 | B42: Gold M5 | C42: 0 | D42: 0.04 | E42: 0.015 | F42: 0.015 | G42: 0 | H42: 15 | J42: 38 | K42: M5 | L42: M5 | M42: K | N42: GJ | O42: M3 | Q42: 6 | R42: 6 | S42: 8 | T42: 19 | U42: 4 | W42: 1 | X42: 1 | Y42: 1 | Z42: 1 | AA42: 1 | AC42: G2 | AD42: 0 | AE42: 5 | AF42: 0 | AG42: 4 | AH42: 0 | AJ42: G2 | AK42: 0 | AL42: 5 | AM42: 0 | AN42: 4 | AO42: 0
... A46: GJ | B46: Gold J | C46: 0 | D46: 0.025 | E46: 0 | F46: 0.02 | G46: 0 | H46: 19 | J46: 42 | K46: M5 | L46: M4 | M46: A | N46: M1 | O46: M3 | Q46: 6 | R46: 5 | S46: 7 | T46: 2 | U46: 4 | W46: 1 | X46: 1 | Y46: 1 | Z46: 1 | AA46: 1 | AC46: GA | AD46: 0 | AE46: 8 | AF46: 3 | AG46: 3 | AH46: 0 | AJ46: GA | AK46: 0 | AL46: 8 | AM46: 3 | AN46: 3 | AO46: 0
J47: 43 | K47: K | L47: GA | M47: M2 | N47: C1 | O47: Q | Q47: 8 | R47: 16 | S47: 3 | T47: 1 | U47: 9 | W47: 1 | X47: 1 | Y47: 1 | Z47: 1 | AA47: 1 | AC47: GK | AD47: 0 | AE47: 8 | AF47: 3 | AG47: 3 | AH47: 0 | AJ47: GK | AK47: 0 | AL47: 8 | AM47: 3 | AN47: 3 | AO47: 0
J48: 44 | K48: A | L48: M4 | M48: M1 | N48: A | O48: M2 | Q48: 7 | R48: 5 | S48: 2 | T48: 7 | U48: 3 | W48: 1 | X48: 1 | Y48: 1 | Z48: 1 | AA48: 1 | AC48: GQ | AD48: 0 | AE48: 5 | AF48: 0 | AG48: 4 | AH48: 0 | AJ48: GQ | AK48: 0 | AL48: 5 | AM48: 0 | AN48: 4 | AO48: 0
J49: 45 | K49: A | L49: K | M49: M1 | N49: G1 | O49: A | Q49: 7 | R49: 8 | S49: 2 | T49: 11 | U49: 7 | W49: 1 | X49: 1 | Y49: 1 | Z49: 1 | AA49: 1 | AC49: GJ | AD49: 0 | AE49: 5 | AF49: 0 | AG49: 4 | AH49: 0 | AJ49: GJ | AK49: 0 | AL49: 5 | AM49: 0 | AN49: 4 | AO49: 0
J50: 46 | K50: K | L50: M2 | M50: M5 | N50: M3 | O50: M4 | Q50: 8 | R50: 3 | S50: 6 | T50: 4 | U50: 5 | W50: 1 | X50: 1 | Y50: 1 | Z50: 1 | AA50: 1 | AD50: =SUM(AD30:AD49) -> 200 | AE50: =SUM(AE30:AE49) -> 200 | AF50: =SUM(AF30:AF49) -> 200 | AG50: =SUM(AG30:AG49) -> 200 | AH50: =SUM(AH30:AH49) -> 200 | AK50: =SUM(AK30:AK49) -> 200 | AL50: =SUM(AL30:AL49) -> 200 | AM50: =SUM(AM30:AM49) -> 200 | AN50: =SUM(AN30:AN49) -> 200 | AO50: =SUM(AO30:AO49) -> 200
J51: 47 | K51: K | L51: A | M51: M5 | N51: G2 | O51: K | Q51: 8 | R51: 7 | S51: 6 | T51: 12 | U51: 8 | W51: 1 | X51: 1 | Y51: 1 | Z51: 1 | AA51: 1
C52: M4 | D52: K | E52: M2 | F52: M3 | J52: 48 | K52: M5 | L52: M4 | M52: G4 | N52: M3 | O52: Q | Q52: 6 | R52: 5 | S52: 14 | T52: 4 | U52: 9 | W52: 1 | X52: 1 | Y52: 1 | Z52: 1 | AA52: 1 | AC52: 3+ Combo | AJ52: 3+ Combo
C53: M3 | D53: M4 | E53: Q | F53: Q | J53: 49 | K53: A | L53: K | M53: M4 | N53: Q | O53: K | Q53: 7 | R53: 8 | S53: 5 | T53: 9 | U53: 8 | W53: 1 | X53: 1 | Y53: 1 | Z53: 1 | AA53: 1 | AC53: Symbol | AD53: R1 | AE53: R2 | AF53: R3 | AG53: R4 | AH53: R5 | AJ53: Symbol | AK53: R1 | AL53: R2 | AM53: R3 | AN53: R4 | AO53: R5
C54: M2 | D54: M1 | E54: M4 | F54: GK | J54: 50 | K54: K | L54: G4 | M54: M3 | N54: Q | O54: J | Q54: 8 | R54: 14 | S54: 4 | T54: 9 | U54: 10 | W54: 1 | X54: 1 | Y54: 1 | Z54: 1 | AA54: 1 | AC54: {=$A$4:$A$23} -> WW | AD54: 0 | AE54: 0 | AF54: 0 | AG54: 0 | AH54: 0 | AJ54: {=$A$4:$A$23} -> WW | AK54: 0 | AL54: 0 | AM54: 0 | AN54: 0 | AO54: 0
J55: 51 | K55: M5 | L55: GK | M55: A | N55: G3 | O55: M5 | Q55: 6 | R55: 17 | S55: 7 | T55: 13 | U55: 6 | W55: 1 | X55: 1 | Y55: 1 | Z55: 1 | AA55: 1 | AC55: C1 | AD55: 0 | AE55: 6 | AF55: 0 | AG55: 9 | AH55: 0 | AJ55: C1 | AK55: 0 | AL55: 6 | AM55: 0 | AN55: 9 | AO55: 0
J56: 52 | K56: A | L56: A | M56: J | N56: M2 | O56: A | Q56: 7 | R56: 7 | S56: 10 | T56: 3 | U56: 7 | W56: 1 | X56: 1 | Y56: 1 | Z56: 1 | AA56: 1 | AC56: M1 | AD56: 4 | AE56: 11 | AF56: 5 | AG56: 21 | AH56: 23 | AJ56: M1 | AK56: 4 | AL56: 11 | AM56: 5 | AN56: 21 | AO56: 23
J57: 53 | K57: M4 | L57: G2 | M57: A | N57: G2 | O57: A | Q57: 5 | R57: 12 | S57: 7 | T57: 12 | U57: 7 | W57: 1 | X57: 1 | Y57: 1 | Z57: 1 | AA57: 1 | AC57: M2 | AD57: 4 | AE57: 11 | AF57: 5 | AG57: 21 | AH57: 23 | AJ57: M2 | AK57: 4 | AL57: 11 | AM57: 5 | AN57: 21 | AO57: 23
J58: 54 | K58: M4 | L58: GJ | M58: M5 | N58: K | O58: M2 | Q58: 5 | R58: 19 | S58: 6 | T58: 8 | U58: 3 | W58: 1 | X58: 1 | Y58: 1 | Z58: 1 | AA58: 1 | AC58: M3 | AD58: 4 | AE58: 11 | AF58: 5 | AG58: 21 | AH58: 22 | AJ58: M3 | AK58: 4 | AL58: 11 | AM58: 5 | AN58: 21 | AO58: 22
J59: 55 | K59: M4 | L59: M5 | M59: GA | N59: J | O59: Q | Q59: 5 | R59: 6 | S59: 16 | T59: 10 | U59: 9 | W59: 1 | X59: 1 | Y59: 1 | Z59: 1 | AA59: 1 | AC59: M4 | AD59: 43 | AE59: 20 | AF59: 41 | AG59: 14 | AH59: 22 | AJ59: M4 | AK59: 43 | AL59: 20 | AM59: 41 | AN59: 14 | AO59: 22
J60: 56 | K60: M2 | L60: M1 | M60: K | N60: M2 | O60: M2 | Q60: 3 | R60: 2 | S60: 8 | T60: 3 | U60: 3 | W60: 1 | X60: 1 | Y60: 1 | Z60: 1 | AA60: 1 | AC60: M5 | AD60: 43 | AE60: 21 | AF60: 41 | AG60: 14 | AH60: 22 | AJ60: M5 | AK60: 43 | AL60: 21 | AM60: 41 | AN60: 14 | AO60: 22
J61: 57 | K61: M1 | L61: Q | M61: M1 | N61: M1 | O61: J | Q61: 2 | R61: 9 | S61: 2 | T61: 2 | U61: 10 | W61: 1 | X61: 1 | Y61: 1 | Z61: 1 | AA61: 1 | AC61: A | AD61: 47 | AE61: 21 | AF61: 41 | AG61: 14 | AH61: 22 | AJ61: A | AK61: 47 | AL61: 21 | AM61: 41 | AN61: 14 | AO61: 22
J62: 58 | K62: M5 | L62: Q | M62: M4 | N62: M1 | O62: M4 | Q62: 6 | R62: 9 | S62: 5 | T62: 2 | U62: 5 | W62: 1 | X62: 1 | Y62: 1 | Z62: 1 | AA62: 1 | AC62: K | AD62: 47 | AE62: 21 | AF62: 41 | AG62: 14 | AH62: 22 | AJ62: K | AK62: 47 | AL62: 21 | AM62: 41 | AN62: 14 | AO62: 22
J63: 59 | K63: K | L63: G5 | M63: M4 | N63: K | O63: M4 | Q63: 8 | R63: 15 | S63: 5 | T63: 8 | U63: 5 | W63: 1 | X63: 1 | Y63: 1 | Z63: 1 | AA63: 1 | AC63: Q | AD63: 4 | AE63: 11 | AF63: 5 | AG63: 20 | AH63: 22 | AJ63: Q | AK63: 4 | AL63: 11 | AM63: 5 | AN63: 20 | AO63: 22
J64: 60 | K64: M4 | L64: M4 | M64: M4 | N64: K | O64: K | Q64: 5 | R64: 5 | S64: 5 | T64: 8 | U64: 8 | W64: 1 | X64: 1 | Y64: 1 | Z64: 1 | AA64: 1 | AC64: J | AD64: 4 | AE64: 11 | AF64: 4 | AG64: 20 | AH64: 22 | AJ64: J | AK64: 4 | AL64: 11 | AM64: 4 | AN64: 20 | AO64: 22
J65: 61 | K65: M4 | L65: A | M65: A | N65: M2 | O65: M2 | Q65: 5 | R65: 7 | S65: 7 | T65: 3 | U65: 3 | W65: 1 | X65: 1 | Y65: 1 | Z65: 1 | AA65: 1 | AC65: G1 | AD65: 0 | AE65: 4 | AF65: 0 | AG65: 4 | AH65: 0 | AJ65: G1 | AK65: 0 | AL65: 4 | AM65: 0 | AN65: 4 | AO65: 0
J66: 62 | K66: M1 | L66: M2 | M66: M2 | N66: J | O66: M5 | Q66: 2 | R66: 3 | S66: 3 | T66: 10 | U66: 6 | W66: 1 | X66: 1 | Y66: 1 | Z66: 1 | AA66: 1 | AC66: G2 | AD66: 0 | AE66: 5 | AF66: 0 | AG66: 4 | AH66: 0 | AJ66: G2 | AK66: 0 | AL66: 5 | AM66: 0 | AN66: 4 | AO66: 0
... J73: 69 | K73: J | L73: C1 | M73: K | N73: GJ | O73: M1 | Q73: 10 | R73: 1 | S73: 8 | T73: 19 | U73: 2 | W73: 1 | X73: 1 | Y73: 1 | Z73: 1 | AA73: 1 | AC73: GJ | AD73: 0 | AE73: 5 | AF73: 0 | AG73: 4 | AH73: 0 | AJ73: GJ | AK73: 0 | AL73: 5 | AM73: 0 | AN73: 4 | AO73: 0
J74: 70 | K74: A | L74: J | M74: M4 | N74: M1 | O74: M4 | Q74: 7 | R74: 10 | S74: 5 | T74: 2 | U74: 5 | W74: 1 | X74: 1 | Y74: 1 | Z74: 1 | AA74: 1 | AD74: =SUM(AD54:AD73) -> 200 | AE74: =SUM(AE54:AE73) -> 200 | AF74: =SUM(AF54:AF73) -> 200 | AG74: =SUM(AG54:AG73) -> 200 | AH74: =SUM(AH54:AH73) -> 200 | AK74: =SUM(AK54:AK73) -> 200 | AL74: =SUM(AL54:AL73) -> 200 | AM74: =SUM(AM54:AM73) -> 200 | AN74: =SUM(AN54:AN73) -> 200 | AO74: =SUM(AO54:AO73) -> 200
J75: 71 | K75: M5 | L75: K | M75: M3 | N75: G2 | O75: A | Q75: 6 | R75: 8 | S75: 4 | T75: 12 | U75: 7 | W75: 1 | X75: 1 | Y75: 1 | Z75: 1 | AA75: 1
J76: 72 | K76: K | L76: K | M76: M4 | N76: M1 | O76: K | Q76: 8 | R76: 8 | S76: 5 | T76: 2 | U76: 8 | W76: 1 | X76: 1 | Y76: 1 | Z76: 1 | AA76: 1
J77: 73 | K77: M5 | L77: M4 | M77: A | N77: M4 | O77: A | Q77: 6 | R77: 5 | S77: 7 | T77: 5 | U77: 7 | W77: 1 | X77: 1 | Y77: 1 | Z77: 1 | AA77: 1
J78: 74 | K78: K | L78: M4 | M78: M4 | N78: C1 | O78: A | Q78: 8 | R78: 5 | S78: 5 | T78: 1 | U78: 7 | W78: 1 | X78: 1 | Y78: 1 | Z78: 1 | AA78: 1
J79: 75 | K79: M5 | L79: J | M79: M5 | N79: Q | O79: M3 | Q79: 6 | R79: 10 | S79: 6 | T79: 9 | U79: 4 | W79: 1 | X79: 1 | Y79: 1 | Z79: 1 | AA79: 1
J80: 76 | K80: K | L80: M3 | M80: Q | N80: Q | O80: M5 | Q80: 8 | R80: 4 | S80: 9 | T80: 9 | U80: 6 | W80: 1 | X80: 1 | Y80: 1 | Z80: 1 | AA80: 1
J81: 77 | K81: M5 | L81: A | M81: M5 | N81: J | O81: Q | Q81: 6 | R81: 7 | S81: 6 | T81: 10 | U81: 9 | W81: 1 | X81: 1 | Y81: 1 | Z81: 1 | AA81: 1
J82: 78 | K82: M5 | L82: Q | M82: K | N82: M2 | O82: K | Q82: 6 | R82: 9 | S82: 8 | T82: 3 | U82: 8 | W82: 1 | X82: 1 | Y82: 1 | Z82: 1 | AA82: 1
J83: 79 | K83: M5 | L83: M4 | M83: M5 | N83: A | O83: K | Q83: 6 | R83: 5 | S83: 6 | T83: 7 | U83: 8 | W83: 1 | X83: 1 | Y83: 1 | Z83: 1 | AA83: 1
J84: 80 | K84: K | L84: GA | M84: K | N84: M4 | O84: M3 | Q84: 8 | R84: 16 | S84: 8 | T84: 5 | U84: 4 | W84: 1 | X84: 1 | Y84: 1 | Z84: 1 | AA84: 1
J85: 81 | K85: A | L85: M3 | M85: M3 | N85: C1 | O85: J | Q85: 7 | R85: 4 | S85: 4 | T85: 1 | U85: 10 | W85: 1 | X85: 1 | Y85: 1 | Z85: 1 | AA85: 1
J86: 82 | K86: M1 | L86: M5 | M86: K | N86: J | O86: A | Q86: 2 | R86: 6 | S86: 8 | T86: 10 | U86: 7 | W86: 1 | X86: 1 | Y86: 1 | Z86: 1 | AA86: 1
... J203: 199 | K203: K | L203: C1 | M203: M5 | N203: GA | O203: Q | Q203: 8 | R203: 1 | S203: 6 | T203: 16 | U203: 9 | W203: 1 | X203: 1 | Y203: 1 | Z203: 1 | AA203: 1

Sheet BG_Symbol (2)
J2: Symbol | Q2: Symbol ID | W2: Symbol Weight | AC2: Eliminate Wheel Weight A | AJ2: Eliminate Wheel Weight B
A3: Symbol | B3: Description | C3: R1 | D3: R2 | E3: R3 | F3: R4 | G3: R5 | H3: ID | K3: R1 | L3: R2 | M3: R3 | N3: R4 | O3: R5 | Q3: R1 | R3: R2 | S3: R3 | T3: R4 | U3: R5 | W3: R1 | X3: R2 | Y3: R3 | Z3: R4 | AA3: R5
A4: {=Overview!A38:B57} -> WW | B4: Wild | C4: =COUNTIF(K:K, $A4) -> 0 | D4: =COUNTIF(L:L, $A4) -> 0 | E4: =COUNTIF(M:M, $A4) -> 0 | F4: =COUNTIF(N:N, $A4) -> 0 | G4: =COUNTIF(O:O, $A4) -> 0 | H4: {=Overview!F38:F57} -> 0 | J4: {=_xlfn.SEQUENCE(MAX(COUNTA(K:K), COUNTA(L:L), COUNTA(M:M), COUNTA(N:N), COUNTA(O:O))-1,,0)} -> 0 | K4: K | L4: Q | M4: GA | N4: J | O4: M1 | Q4: {=_xlfn.LET(_xlpm.x, K4:O304, IF(_xlpm.x="", "", _xlfn.XLOOKUP(_xlpm.x, $A$4:$A$23,_xlfn.ANCHORARRAY( H4))))} -> 8 | R4: 9 | S4: 16 | T4: 10 | U4: 2 | W4: 1 | X4: 1 | Y4: 1 | Z4: 1 | AA4: 1 | AC4: 1 Combo | AJ4: 1 Combo
A5: C1 | B5: Scatter | C5: =COUNTIF(K:K, $A5) -> 0 | D5: =COUNTIF(L:L, $A5) -> 6 | E5: =COUNTIF(M:M, $A5) -> 0 | F5: =COUNTIF(N:N, $A5) -> 9 | G5: =COUNTIF(O:O, $A5) -> 0 | H5: 1 | J5: 1 | K5: A | L5: A | M5: GQ | N5: M1 | O5: M3 | Q5: 7 | R5: 7 | S5: 18 | T5: 2 | U5: 4 | W5: 1 | X5: 1 | Y5: 1 | Z5: 1 | AA5: 1 | AC5: Symbol | AD5: R1 | AE5: R2 | AF5: R3 | AG5: R4 | AH5: R5 | AJ5: Symbol | AK5: R1 | AL5: R2 | AM5: R3 | AN5: R4 | AO5: R5
A6: M1 | B6: M1 | C6: =COUNTIF(K:K, $A6) -> 4 | D6: =COUNTIF(L:L, $A6) -> 11 | E6: =COUNTIF(M:M, $A6) -> 0 | F6: =COUNTIF(N:N, $A6) -> 22 | G6: =COUNTIF(O:O, $A6) -> 28 | H6: 2 | J6: 2 | K6: M1 | L6: GA | M6: G4 | N6: M3 | O6: M2 | Q6: 2 | R6: 16 | S6: 14 | T6: 4 | U6: 3 | W6: 1 | X6: 1 | Y6: 1 | Z6: 1 | AA6: 1 | AC6: {=$A$4:$A$23} -> WW | AD6: 0 | AE6: 0 | AF6: 0 | AG6: 0 | AH6: 0 | AJ6: {=$A$4:$A$23} -> WW | AK6: 0 | AL6: 0 | AM6: 0 | AN6: 0 | AO6: 0
A7: M2 | B7: M2 | C7: =COUNTIF(K:K, $A7) -> 4 | D7: =COUNTIF(L:L, $A7) -> 11 | E7: =COUNTIF(M:M, $A7) -> 0 | F7: =COUNTIF(N:N, $A7) -> 22 | G7: =COUNTIF(O:O, $A7) -> 27 | H7: 3 | J7: 3 | K7: M4 | L7: Q | M7: G5 | N7: M3 | O7: M2 | Q7: 5 | R7: 9 | S7: 15 | T7: 4 | U7: 3 | W7: 1 | X7: 1 | Y7: 1 | Z7: 1 | AA7: 1 | AC7: C1 | AD7: 0 | AE7: 6 | AF7: 0 | AG7: 9 | AH7: 0 | AJ7: C1 | AK7: 0 | AL7: 6 | AM7: 0 | AN7: 9 | AO7: 0
A8: M3 | B8: M3 | C8: =COUNTIF(K:K, $A8) -> 4 | D8: =COUNTIF(L:L, $A8) -> 11 | E8: =COUNTIF(M:M, $A8) -> 0 | F8: =COUNTIF(N:N, $A8) -> 22 | G8: =COUNTIF(O:O, $A8) -> 27 | H8: 4 | J8: 4 | K8: K | L8: GA | M8: G4 | N8: M2 | O8: K | Q8: 8 | R8: 16 | S8: 14 | T8: 3 | U8: 8 | W8: 1 | X8: 1 | Y8: 1 | Z8: 1 | AA8: 1 | AC8: M1 | AD8: 4 | AE8: 11 | AF8: 0 | AG8: 22 | AH8: 28 | AJ8: M1 | AK8: 4 | AL8: 11 | AM8: 0 | AN8: 22 | AO8: 28
A9: M4 | B9: M4 | C9: =COUNTIF(K:K, $A9) -> 43 | D9: =COUNTIF(L:L, $A9) -> 19 | E9: =COUNTIF(M:M, $A9) -> 0 | F9: =COUNTIF(N:N, $A9) -> 12 | G9: =COUNTIF(O:O, $A9) -> 16 | H9: 5 | J9: 5 | K9: M5 | L9: M3 | M9: GK | N9: M2 | O9: M2 | Q9: 6 | R9: 4 | S9: 17 | T9: 3 | U9: 3 | W9: 1 | X9: 1 | Y9: 1 | Z9: 1 | AA9: 1 | AC9: M2 | AD9: 4 | AE9: 11 | AF9: 0 | AG9: 22 | AH9: 27 | AJ9: M2 | AK9: 4 | AL9: 11 | AM9: 0 | AN9: 22 | AO9: 27
A10: M5 | B10: M5 | C10: =COUNTIF(K:K, $A10) -> 43 | D10: =COUNTIF(L:L, $A10) -> 20 | E10: =COUNTIF(M:M, $A10) -> 0 | F10: =COUNTIF(N:N, $A10) -> 12 | G10: =COUNTIF(O:O, $A10) -> 16 | H10: 6 | J10: 6 | K10: K | L10: M4 | M10: GA | N10: J | O10: A | Q10: 8 | R10: 5 | S10: 16 | T10: 10 | U10: 7 | W10: 1 | X10: 1 | Y10: 1 | Z10: 1 | AA10: 1 | AC10: M3 | AD10: 4 | AE10: 11 | AF10: 0 | AG10: 22 | AH10: 27 | AJ10: M3 | AK10: 4 | AL10: 11 | AM10: 0 | AN10: 22 | AO10: 27
A11: A | B11: A | C11: =COUNTIF(K:K, $A11) -> 47 | D11: =COUNTIF(L:L, $A11) -> 20 | E11: =COUNTIF(M:M, $A11) -> 0 | F11: =COUNTIF(N:N, $A11) -> 12 | G11: =COUNTIF(O:O, $A11) -> 16 | H11: 7 | J11: 7 | K11: M5 | L11: G3 | M11: G5 | N11: J | O11: M5 | Q11: 6 | R11: 13 | S11: 15 | T11: 10 | U11: 6 | W11: 1 | X11: 1 | Y11: 1 | Z11: 1 | AA11: 1 | AC11: M4 | AD11: 43 | AE11: 19 | AF11: 0 | AG11: 12 | AH11: 16 | AJ11: M4 | AK11: 43 | AL11: 19 | AM11: 0 | AN11: 12 | AO11: 16
A12: K | B12: K | C12: =COUNTIF(K:K, $A12) -> 47 | D12: =COUNTIF(L:L, $A12) -> 20 | E12: =COUNTIF(M:M, $A12) -> 0 | F12: =COUNTIF(N:N, $A12) -> 12 | G12: =COUNTIF(O:O, $A12) -> 16 | H12: 8 | J12: 8 | K12: M4 | L12: A | M12: GK | N12: M5 | O12: M5 | Q12: 5 | R12: 7 | S12: 17 | T12: 6 | U12: 6 | W12: 1 | X12: 1 | Y12: 1 | Z12: 1 | AA12: 1 | AC12: M5 | AD12: 43 | AE12: 20 | AF12: 0 | AG12: 12 | AH12: 16 | AJ12: M5 | AK12: 43 | AL12: 20 | AM12: 0 | AN12: 12 | AO12: 16
A13: Q | B13: Q | C13: =COUNTIF(K:K, $A13) -> 4 | D13: =COUNTIF(L:L, $A13) -> 11 | E13: =COUNTIF(M:M, $A13) -> 0 | F13: =COUNTIF(N:N, $A13) -> 21 | G13: =COUNTIF(O:O, $A13) -> 27 | H13: 9 | J13: 9 | K13: K | L13: GJ | M13: G5 | N13: GJ | O13: M1 | Q13: 8 | R13: 19 | S13: 15 | T13: 19 | U13: 2 | W13: 1 | X13: 1 | Y13: 1 | Z13: 1 | AA13: 1 | AC13: A | AD13: 47 | AE13: 20 | AF13: 0 | AG13: 12 | AH13: 16 | AJ13: A | AK13: 47 | AL13: 20 | AM13: 0 | AN13: 12 | AO13: 16
A14: J | B14: J | C14: =COUNTIF(K:K, $A14) -> 4 | D14: =COUNTIF(L:L, $A14) -> 11 | E14: =COUNTIF(M:M, $A14) -> 0 | F14: =COUNTIF(N:N, $A14) -> 21 | G14: =COUNTIF(O:O, $A14) -> 27 | H14: 10 | J14: 10 | K14: Q | L14: G2 | M14: GA | N14: M1 | O14: K | Q14: 9 | R14: 12 | S14: 16 | T14: 2 | U14: 8 | W14: 1 | X14: 1 | Y14: 1 | Z14: 1 | AA14: 1 | AC14: K | AD14: 47 | AE14: 20 | AF14: 0 | AG14: 12 | AH14: 16 | AJ14: K | AK14: 47 | AL14: 20 | AM14: 0 | AN14: 12 | AO14: 16
A15: G1 | B15: Gold M1 | C15: =COUNTIF(K:K, $A15) -> 0 | D15: =COUNTIF(L:L, $A15) -> 4 | E15: =COUNTIF(M:M, $A15) -> 5 | F15: =COUNTIF(N:N, $A15) -> 5 | G15: =COUNTIF(O:O, $A15) -> 0 | H15: 11 | J15: 11 | K15: A | L15: G5 | M15: G4 | N15: A | O15: K | Q15: 7 | R15: 15 | S15: 14 | T15: 7 | U15: 8 | W15: 1 | X15: 1 | Y15: 1 | Z15: 1 | AA15: 1 | AC15: Q | AD15: 4 | AE15: 11 | AF15: 0 | AG15: 21 | AH15: 27 | AJ15: Q | AK15: 4 | AL15: 11 | AM15: 0 | AN15: 21 | AO15: 27
A16: G2 | B16: Gold M2 | C16: =COUNTIF(K:K, $A16) -> 0 | D16: =COUNTIF(L:L, $A16) -> 5 | E16: =COUNTIF(M:M, $A16) -> 5 | F16: =COUNTIF(N:N, $A16) -> 5 | G16: =COUNTIF(O:O, $A16) -> 0 | H16: 12 | J16: 12 | K16: Q | L16: M4 | M16: GK | N16: GA | O16: Q | Q16: 9 | R16: 5 | S16: 17 | T16: 16 | U16: 9 | W16: 1 | X16: 1 | Y16: 1 | Z16: 1 | AA16: 1 | AC16: J | AD16: 4 | AE16: 11 | AF16: 0 | AG16: 21 | AH16: 27 | AJ16: J | AK16: 4 | AL16: 11 | AM16: 0 | AN16: 21 | AO16: 27
A17: G3 | B17: Gold M3 | C17: =COUNTIF(K:K, $A17) -> 0 | D17: =COUNTIF(L:L, $A17) -> 5 | E17: =COUNTIF(M:M, $A17) -> 5 | F17: =COUNTIF(N:N, $A17) -> 5 | G17: =COUNTIF(O:O, $A17) -> 0 | H17: 13 | J17: 13 | K17: K | L17: A | M17: G5 | N17: K | O17: M2 | Q17: 8 | R17: 7 | S17: 15 | T17: 8 | U17: 3 | W17: 1 | X17: 1 | Y17: 1 | Z17: 1 | AA17: 1 | AC17: G1 | AD17: 0 | AE17: 4 | AF17: 5 | AG17: 5 | AH17: 0 | AJ17: G1 | AK17: 0 | AL17: 4 | AM17: 5 | AN17: 5 | AO17: 0
A18: G4 | B18: Gold M4 | C18: =COUNTIF(K:K, $A18) -> 0 | D18: =COUNTIF(L:L, $A18) -> 9 | E18: =COUNTIF(M:M, $A18) -> 44 | F18: =COUNTIF(N:N, $A18) -> 3 | G18: =COUNTIF(O:O, $A18) -> 0 | H18: 14 | J18: 14 | K18: A | L18: GA | M18: G4 | N18: A | O18: J | Q18: 7 | R18: 16 | S18: 14 | T18: 7 | U18: 10 | W18: 1 | X18: 1 | Y18: 1 | Z18: 1 | AA18: 1 | AC18: G2 | AD18: 0 | AE18: 5 | AF18: 5 | AG18: 5 | AH18: 0 | AJ18: G2 | AK18: 0 | AL18: 5 | AM18: 5 | AN18: 5 | AO18: 0
... A23: GJ | B23: Gold J | C23: =COUNTIF(K:K, $A23) -> 0 | D23: =COUNTIF(L:L, $A23) -> 5 | E23: =COUNTIF(M:M, $A23) -> 4 | F23: =COUNTIF(N:N, $A23) -> 4 | G23: =COUNTIF(O:O, $A23) -> 0 | H23: 19 | J23: 19 | K23: M4 | L23: M3 | M23: GK | N23: Q | O23: M1 | Q23: 5 | R23: 4 | S23: 17 | T23: 9 | U23: 2 | W23: 1 | X23: 1 | Y23: 1 | Z23: 1 | AA23: 1 | AC23: GK | AD23: 0 | AE23: 9 | AF23: 44 | AG23: 3 | AH23: 0 | AJ23: GK | AK23: 0 | AL23: 9 | AM23: 44 | AN23: 3 | AO23: 0
C24: =SUM(C4:C23) -> 200 | D24: =SUM(D4:D23) -> 200 | E24: =SUM(E4:E23) -> 200 | F24: =SUM(F4:F23) -> 200 | G24: =SUM(G4:G23) -> 200 | J24: 20 | K24: M5 | L24: G1 | M24: G4 | N24: M3 | O24: Q | Q24: 6 | R24: 11 | S24: 14 | T24: 4 | U24: 9 | W24: 1 | X24: 1 | Y24: 1 | Z24: 1 | AA24: 1 | AC24: GQ | AD24: 0 | AE24: 5 | AF24: 5 | AG24: 4 | AH24: 0 | AJ24: GQ | AK24: 0 | AL24: 5 | AM24: 5 | AN24: 4 | AO24: 0
J25: 21 | K25: M3 | L25: GK | M25: GK | N25: C1 | O25: J | Q25: 4 | R25: 17 | S25: 17 | T25: 1 | U25: 10 | W25: 1 | X25: 1 | Y25: 1 | Z25: 1 | AA25: 1 | AC25: GJ | AD25: 0 | AE25: 5 | AF25: 4 | AG25: 4 | AH25: 0 | AJ25: GJ | AK25: 0 | AL25: 5 | AM25: 4 | AN25: 4 | AO25: 0
A26: Symbol | B26: Description | C26: R1 | D26: R2 | E26: R3 | F26: R4 | G26: R5 | H26: ID | J26: 22 | K26: K | L26: M2 | M26: GJ | N26: G5 | O26: M3 | Q26: 8 | R26: 3 | S26: 19 | T26: 15 | U26: 4 | W26: 1 | X26: 1 | Y26: 1 | Z26: 1 | AA26: 1 | AD26: =SUM(AD6:AD25) -> 200 | AE26: =SUM(AE6:AE25) -> 200 | AF26: =SUM(AF6:AF25) -> 200 | AG26: =SUM(AG6:AG25) -> 200 | AH26: =SUM(AH6:AH25) -> 200 | AK26: =SUM(AK6:AK25) -> 200 | AL26: =SUM(AL6:AL25) -> 200 | AM26: =SUM(AM6:AM25) -> 200 | AN26: =SUM(AN6:AN25) -> 200 | AO26: =SUM(AO6:AO25) -> 200
A27: {=_xlfn.ANCHORARRAY(A4)} -> WW | B27: Wild | C27: {=C4:G23/C24:G24} -> 0 | D27: 0 | E27: 0 | F27: 0 | G27: 0 | H27: {=_xlfn.ANCHORARRAY(H4)} -> 0 | J27: 23 | K27: M4 | L27: Q | M27: G4 | N27: J | O27: M2 | Q27: 5 | R27: 9 | S27: 14 | T27: 10 | U27: 3 | W27: 1 | X27: 1 | Y27: 1 | Z27: 1 | AA27: 1
A28: C1 | B28: Scatter | C28: 0 | D28: 0.03 | E28: 0 | F28: 0.045 | G28: 0 | H28: 1 | J28: 24 | K28: M5 | L28: G5 | M28: G5 | N28: K | O28: M1 | Q28: 6 | R28: 15 | S28: 15 | T28: 8 | U28: 2 | W28: 1 | X28: 1 | Y28: 1 | Z28: 1 | AA28: 1 | AC28: 2 Combo | AJ28: 2 Combo
A29: M1 | B29: M1 | C29: 0.02 | D29: 0.055 | E29: 0 | F29: 0.11 | G29: 0.14 | H29: 2 | J29: 25 | K29: J | L29: M2 | M29: GK | N29: Q | O29: M3 | Q29: 10 | R29: 3 | S29: 17 | T29: 9 | U29: 4 | W29: 1 | X29: 1 | Y29: 1 | Z29: 1 | AA29: 1 | AC29: Symbol | AD29: R1 | AE29: R2 | AF29: R3 | AG29: R4 | AH29: R5 | AJ29: Symbol | AK29: R1 | AL29: R2 | AM29: R3 | AN29: R4 | AO29: R5
A30: M2 | B30: M2 | C30: 0.02 | D30: 0.055 | E30: 0 | F30: 0.11 | G30: 0.135 | H30: 3 | J30: 26 | K30: M5 | L30: K | M30: G4 | N30: M5 | O30: M1 | Q30: 6 | R30: 8 | S30: 14 | T30: 6 | U30: 2 | W30: 1 | X30: 1 | Y30: 1 | Z30: 1 | AA30: 1 | AC30: {=$A$4:$A$23} -> WW | AD30: 0 | AE30: 0 | AF30: 0 | AG30: 0 | AH30: 0 | AJ30: {=$A$4:$A$23} -> WW | AK30: 0 | AL30: 0 | AM30: 0 | AN30: 0 | AO30: 0
A31: M3 | B31: M3 | C31: 0.02 | D31: 0.055 | E31: 0 | F31: 0.11 | G31: 0.135 | H31: 4 | J31: 27 | K31: M1 | L31: K | M31: GJ | N31: M1 | O31: M3 | Q31: 2 | R31: 8 | S31: 19 | T31: 2 | U31: 4 | W31: 1 | X31: 1 | Y31: 1 | Z31: 1 | AA31: 1 | AC31: C1 | AD31: 0 | AE31: 6 | AF31: 0 | AG31: 9 | AH31: 0 | AJ31: C1 | AK31: 0 | AL31: 6 | AM31: 0 | AN31: 9 | AO31: 0
A32: M4 | B32: M4 | C32: 0.215 | D32: 0.095 | E32: 0 | F32: 0.06 | G32: 0.08 | H32: 5 | J32: 28 | K32: M5 | L32: J | M32: GA | N32: C1 | O32: M1 | Q32: 6 | R32: 10 | S32: 16 | T32: 1 | U32: 2 | W32: 1 | X32: 1 | Y32: 1 | Z32: 1 | AA32: 1 | AC32: M1 | AD32: 4 | AE32: 11 | AF32: 0 | AG32: 22 | AH32: 28 | AJ32: M1 | AK32: 4 | AL32: 11 | AM32: 0 | AN32: 22 | AO32: 28
A33: M5 | B33: M5 | C33: 0.215 | D33: 0.1 | E33: 0 | F33: 0.06 | G33: 0.08 | H33: 6 | J33: 29 | K33: M5 | L33: J | M33: G4 | N33: M3 | O33: M2 | Q33: 6 | R33: 10 | S33: 14 | T33: 4 | U33: 3 | W33: 1 | X33: 1 | Y33: 1 | Z33: 1 | AA33: 1 | AC33: M2 | AD33: 4 | AE33: 11 | AF33: 0 | AG33: 22 | AH33: 27 | AJ33: M2 | AK33: 4 | AL33: 11 | AM33: 0 | AN33: 22 | AO33: 27
A34: A | B34: A | C34: 0.235 | D34: 0.1 | E34: 0 | F34: 0.06 | G34: 0.08 | H34: 7 | J34: 30 | K34: M5 | L34: M2 | M34: G3 | N34: G1 | O34: M1 | Q34: 6 | R34: 3 | S34: 13 | T34: 11 | U34: 2 | W34: 1 | X34: 1 | Y34: 1 | Z34: 1 | AA34: 1 | AC34: M3 | AD34: 4 | AE34: 11 | AF34: 0 | AG34: 22 | AH34: 27 | AJ34: M3 | AK34: 4 | AL34: 11 | AM34: 0 | AN34: 22 | AO34: 27
A35: K | B35: K | C35: 0.235 | D35: 0.1 | E35: 0 | F35: 0.06 | G35: 0.08 | H35: 8 | J35: 31 | K35: K | L35: K | M35: G4 | N35: A | O35: M1 | Q35: 8 | R35: 8 | S35: 14 | T35: 7 | U35: 2 | W35: 1 | X35: 1 | Y35: 1 | Z35: 1 | AA35: 1 | AC35: M4 | AD35: 43 | AE35: 19 | AF35: 0 | AG35: 12 | AH35: 16 | AJ35: M4 | AK35: 43 | AL35: 19 | AM35: 0 | AN35: 12 | AO35: 16
A36: Q | B36: Q | C36: 0.02 | D36: 0.055 | E36: 0 | F36: 0.105 | G36: 0.135 | H36: 9 | J36: 32 | K36: A | L36: GJ | M36: G5 | N36: M3 | O36: Q | Q36: 7 | R36: 19 | S36: 15 | T36: 4 | U36: 9 | W36: 1 | X36: 1 | Y36: 1 | Z36: 1 | AA36: 1 | AC36: M5 | AD36: 43 | AE36: 20 | AF36: 0 | AG36: 12 | AH36: 16 | AJ36: M5 | AK36: 43 | AL36: 20 | AM36: 0 | AN36: 12 | AO36: 16
A37: J | B37: J | C37: 0.02 | D37: 0.055 | E37: 0 | F37: 0.105 | G37: 0.135 | H37: 10 | J37: 33 | K37: M5 | L37: K | M37: GK | N37: GK | O37: J | Q37: 6 | R37: 8 | S37: 17 | T37: 17 | U37: 10 | W37: 1 | X37: 1 | Y37: 1 | Z37: 1 | AA37: 1 | AC37: A | AD37: 47 | AE37: 20 | AF37: 0 | AG37: 12 | AH37: 16 | AJ37: A | AK37: 47 | AL37: 20 | AM37: 0 | AN37: 12 | AO37: 16
A38: G1 | B38: Gold M1 | C38: 0 | D38: 0.02 | E38: 0.025 | F38: 0.025 | G38: 0 | H38: 11 | J38: 34 | K38: M4 | L38: M4 | M38: GA | N38: M1 | O38: K | Q38: 5 | R38: 5 | S38: 16 | T38: 2 | U38: 8 | W38: 1 | X38: 1 | Y38: 1 | Z38: 1 | AA38: 1 | AC38: K | AD38: 47 | AE38: 20 | AF38: 0 | AG38: 12 | AH38: 16 | AJ38: K | AK38: 47 | AL38: 20 | AM38: 0 | AN38: 12 | AO38: 16
A39: G2 | B39: Gold M2 | C39: 0 | D39: 0.025 | E39: 0.025 | F39: 0.025 | G39: 0 | H39: 12 | J39: 35 | K39: K | L39: M3 | M39: G5 | N39: M4 | O39: M4 | Q39: 8 | R39: 4 | S39: 15 | T39: 5 | U39: 5 | W39: 1 | X39: 1 | Y39: 1 | Z39: 1 | AA39: 1 | AC39: Q | AD39: 4 | AE39: 11 | AF39: 0 | AG39: 21 | AH39: 27 | AJ39: Q | AK39: 4 | AL39: 11 | AM39: 0 | AN39: 21 | AO39: 27
A40: G3 | B40: Gold M3 | C40: 0 | D40: 0.025 | E40: 0.025 | F40: 0.025 | G40: 0 | H40: 13 | J40: 36 | K40: M4 | L40: M3 | M40: G4 | N40: M4 | O40: M3 | Q40: 5 | R40: 4 | S40: 14 | T40: 5 | U40: 4 | W40: 1 | X40: 1 | Y40: 1 | Z40: 1 | AA40: 1 | AC40: J | AD40: 4 | AE40: 11 | AF40: 0 | AG40: 21 | AH40: 27 | AJ40: J | AK40: 4 | AL40: 11 | AM40: 0 | AN40: 21 | AO40: 27
A41: G4 | B41: Gold M4 | C41: 0 | D41: 0.045 | E41: 0.22 | F41: 0.015 | G41: 0 | H41: 14 | J41: 37 | K41: M5 | L41: G5 | M41: GK | N41: G1 | O41: M4 | Q41: 6 | R41: 15 | S41: 17 | T41: 11 | U41: 5 | W41: 1 | X41: 1 | Y41: 1 | Z41: 1 | AA41: 1 | AC41: G1 | AD41: 0 | AE41: 4 | AF41: 5 | AG41: 5 | AH41: 0 | AJ41: G1 | AK41: 0 | AL41: 4 | AM41: 5 | AN41: 5 | AO41: 0
A42: G5 | B42: Gold M5 | C42: 0 | D42: 0.045 | E42: 0.22 | F42: 0.015 | G42: 0 | H42: 15 | J42: 38 | K42: M4 | L42: G3 | M42: GA | N42: Q | O42: M2 | Q42: 5 | R42: 13 | S42: 16 | T42: 9 | U42: 3 | W42: 1 | X42: 1 | Y42: 1 | Z42: 1 | AA42: 1 | AC42: G2 | AD42: 0 | AE42: 5 | AF42: 5 | AG42: 5 | AH42: 0 | AJ42: G2 | AK42: 0 | AL42: 5 | AM42: 5 | AN42: 5 | AO42: 0
... A46: GJ | B46: Gold J | C46: 0 | D46: 0.025 | E46: 0.02 | F46: 0.02 | G46: 0 | H46: 19 | J46: 42 | K46: A | L46: M4 | M46: G4 | N46: K | O46: K | Q46: 7 | R46: 5 | S46: 14 | T46: 8 | U46: 8 | W46: 1 | X46: 1 | Y46: 1 | Z46: 1 | AA46: 1 | AC46: GA | AD46: 0 | AE46: 9 | AF46: 44 | AG46: 3 | AH46: 0 | AJ46: GA | AK46: 0 | AL46: 9 | AM46: 44 | AN46: 3 | AO46: 0
J47: 43 | K47: M4 | L47: GK | M47: GA | N47: J | O47: M4 | Q47: 5 | R47: 17 | S47: 16 | T47: 10 | U47: 5 | W47: 1 | X47: 1 | Y47: 1 | Z47: 1 | AA47: 1 | AC47: GK | AD47: 0 | AE47: 9 | AF47: 44 | AG47: 3 | AH47: 0 | AJ47: GK | AK47: 0 | AL47: 9 | AM47: 44 | AN47: 3 | AO47: 0
J48: 44 | K48: M5 | L48: C1 | M48: G5 | N48: M5 | O48: M1 | Q48: 6 | R48: 1 | S48: 15 | T48: 6 | U48: 2 | W48: 1 | X48: 1 | Y48: 1 | Z48: 1 | AA48: 1 | AC48: GQ | AD48: 0 | AE48: 5 | AF48: 5 | AG48: 4 | AH48: 0 | AJ48: GQ | AK48: 0 | AL48: 5 | AM48: 5 | AN48: 4 | AO48: 0
J49: 45 | K49: M4 | L49: G5 | M49: GK | N49: M5 | O49: M2 | Q49: 5 | R49: 15 | S49: 17 | T49: 6 | U49: 3 | W49: 1 | X49: 1 | Y49: 1 | Z49: 1 | AA49: 1 | AC49: GJ | AD49: 0 | AE49: 5 | AF49: 4 | AG49: 4 | AH49: 0 | AJ49: GJ | AK49: 0 | AL49: 5 | AM49: 4 | AN49: 4 | AO49: 0
J50: 46 | K50: M3 | L50: M5 | M50: G4 | N50: M2 | O50: A | Q50: 4 | R50: 6 | S50: 14 | T50: 3 | U50: 7 | W50: 1 | X50: 1 | Y50: 1 | Z50: 1 | AA50: 1 | AD50: =SUM(AD30:AD49) -> 200 | AE50: =SUM(AE30:AE49) -> 200 | AF50: =SUM(AF30:AF49) -> 200 | AG50: =SUM(AG30:AG49) -> 200 | AH50: =SUM(AH30:AH49) -> 200 | AK50: =SUM(AK30:AK49) -> 200 | AL50: =SUM(AL30:AL49) -> 200 | AM50: =SUM(AM30:AM49) -> 200 | AN50: =SUM(AN30:AN49) -> 200 | AO50: =SUM(AO30:AO49) -> 200
J51: 47 | K51: M4 | L51: G4 | M51: GK | N51: Q | O51: A | Q51: 5 | R51: 14 | S51: 17 | T51: 9 | U51: 7 | W51: 1 | X51: 1 | Y51: 1 | Z51: 1 | AA51: 1
J52: 48 | K52: M5 | L52: GA | M52: GA | N52: M2 | O52: M4 | Q52: 6 | R52: 16 | S52: 16 | T52: 3 | U52: 5 | W52: 1 | X52: 1 | Y52: 1 | Z52: 1 | AA52: 1 | AC52: 3+ Combo | AJ52: 3+ Combo
J53: 49 | K53: K | L53: GQ | M53: G5 | N53: M5 | O53: A | Q53: 8 | R53: 18 | S53: 15 | T53: 6 | U53: 7 | W53: 1 | X53: 1 | Y53: 1 | Z53: 1 | AA53: 1 | AC53: Symbol | AD53: R1 | AE53: R2 | AF53: R3 | AG53: R4 | AH53: R5 | AJ53: Symbol | AK53: R1 | AL53: R2 | AM53: R3 | AN53: R4 | AO53: R5
J54: 50 | K54: A | L54: A | M54: G3 | N54: M5 | O54: M2 | Q54: 7 | R54: 7 | S54: 13 | T54: 6 | U54: 3 | W54: 1 | X54: 1 | Y54: 1 | Z54: 1 | AA54: 1 | AC54: {=$A$4:$A$23} -> WW | AD54: 0 | AE54: 0 | AF54: 0 | AG54: 0 | AH54: 0 | AJ54: {=$A$4:$A$23} -> WW | AK54: 0 | AL54: 0 | AM54: 0 | AN54: 0 | AO54: 0
J55: 51 | K55: K | L55: A | M55: G5 | N55: G3 | O55: M4 | Q55: 8 | R55: 7 | S55: 15 | T55: 13 | U55: 5 | W55: 1 | X55: 1 | Y55: 1 | Z55: 1 | AA55: 1 | AC55: C1 | AD55: 0 | AE55: 6 | AF55: 0 | AG55: 9 | AH55: 0 | AJ55: C1 | AK55: 0 | AL55: 6 | AM55: 0 | AN55: 9 | AO55: 0
J56: 52 | K56: K | L56: GQ | M56: G4 | N56: J | O56: J | Q56: 8 | R56: 18 | S56: 14 | T56: 10 | U56: 10 | W56: 1 | X56: 1 | Y56: 1 | Z56: 1 | AA56: 1 | AC56: M1 | AD56: 4 | AE56: 11 | AF56: 0 | AG56: 22 | AH56: 28 | AJ56: M1 | AK56: 4 | AL56: 11 | AM56: 0 | AN56: 22 | AO56: 28
J57: 53 | K57: M4 | L57: A | M57: G5 | N57: G2 | O57: M3 | Q57: 5 | R57: 7 | S57: 15 | T57: 12 | U57: 4 | W57: 1 | X57: 1 | Y57: 1 | Z57: 1 | AA57: 1 | AC57: M2 | AD57: 4 | AE57: 11 | AF57: 0 | AG57: 22 | AH57: 27 | AJ57: M2 | AK57: 4 | AL57: 11 | AM57: 0 | AN57: 22 | AO57: 27
J58: 54 | K58: K | L58: G5 | M58: GA | N58: A | O58: M4 | Q58: 8 | R58: 15 | S58: 16 | T58: 7 | U58: 5 | W58: 1 | X58: 1 | Y58: 1 | Z58: 1 | AA58: 1 | AC58: M3 | AD58: 4 | AE58: 11 | AF58: 0 | AG58: 22 | AH58: 27 | AJ58: M3 | AK58: 4 | AL58: 11 | AM58: 0 | AN58: 22 | AO58: 27
J59: 55 | K59: A | L59: K | M59: G5 | N59: G3 | O59: M2 | Q59: 7 | R59: 8 | S59: 15 | T59: 13 | U59: 3 | W59: 1 | X59: 1 | Y59: 1 | Z59: 1 | AA59: 1 | AC59: M4 | AD59: 43 | AE59: 19 | AF59: 0 | AG59: 12 | AH59: 16 | AJ59: M4 | AK59: 43 | AL59: 19 | AM59: 0 | AN59: 12 | AO59: 16
J60: 56 | K60: M4 | L60: A | M60: G1 | N60: M2 | O60: M5 | Q60: 5 | R60: 7 | S60: 11 | T60: 3 | U60: 6 | W60: 1 | X60: 1 | Y60: 1 | Z60: 1 | AA60: 1 | AC60: M5 | AD60: 43 | AE60: 20 | AF60: 0 | AG60: 12 | AH60: 16 | AJ60: M5 | AK60: 43 | AL60: 20 | AM60: 0 | AN60: 12 | AO60: 16
J61: 57 | K61: M4 | L61: M1 | M61: GK | N61: M2 | O61: M5 | Q61: 5 | R61: 2 | S61: 17 | T61: 3 | U61: 6 | W61: 1 | X61: 1 | Y61: 1 | Z61: 1 | AA61: 1 | AC61: A | AD61: 47 | AE61: 20 | AF61: 0 | AG61: 12 | AH61: 16 | AJ61: A | AK61: 47 | AL61: 20 | AM61: 0 | AN61: 12 | AO61: 16
J62: 58 | K62: M4 | L62: M1 | M62: G2 | N62: M2 | O62: M1 | Q62: 5 | R62: 2 | S62: 12 | T62: 3 | U62: 2 | W62: 1 | X62: 1 | Y62: 1 | Z62: 1 | AA62: 1 | AC62: K | AD62: 47 | AE62: 20 | AF62: 0 | AG62: 12 | AH62: 16 | AJ62: K | AK62: 47 | AL62: 20 | AM62: 0 | AN62: 12 | AO62: 16
J63: 59 | K63: A | L63: M5 | M63: G1 | N63: G4 | O63: A | Q63: 7 | R63: 6 | S63: 11 | T63: 14 | U63: 7 | W63: 1 | X63: 1 | Y63: 1 | Z63: 1 | AA63: 1 | AC63: Q | AD63: 4 | AE63: 11 | AF63: 0 | AG63: 21 | AH63: 27 | AJ63: Q | AK63: 4 | AL63: 11 | AM63: 0 | AN63: 21 | AO63: 27
J64: 60 | K64: M4 | L64: G2 | M64: G3 | N64: M1 | O64: Q | Q64: 5 | R64: 12 | S64: 13 | T64: 2 | U64: 9 | W64: 1 | X64: 1 | Y64: 1 | Z64: 1 | AA64: 1 | AC64: J | AD64: 4 | AE64: 11 | AF64: 0 | AG64: 21 | AH64: 27 | AJ64: J | AK64: 4 | AL64: 11 | AM64: 0 | AN64: 21 | AO64: 27
J65: 61 | K65: A | L65: A | M65: GK | N65: M5 | O65: M1 | Q65: 7 | R65: 7 | S65: 17 | T65: 6 | U65: 2 | W65: 1 | X65: 1 | Y65: 1 | Z65: 1 | AA65: 1 | AC65: G1 | AD65: 0 | AE65: 4 | AF65: 5 | AG65: 5 | AH65: 0 | AJ65: G1 | AK65: 0 | AL65: 4 | AM65: 5 | AN65: 5 | AO65: 0
J66: 62 | K66: K | L66: G5 | M66: G4 | N66: M1 | O66: J | Q66: 8 | R66: 15 | S66: 14 | T66: 2 | U66: 10 | W66: 1 | X66: 1 | Y66: 1 | Z66: 1 | AA66: 1 | AC66: G2 | AD66: 0 | AE66: 5 | AF66: 5 | AG66: 5 | AH66: 0 | AJ66: G2 | AK66: 0 | AL66: 5 | AM66: 5 | AN66: 5 | AO66: 0
... J73: 69 | K73: M1 | L73: M1 | M73: GA | N73: M1 | O73: A | Q73: 2 | R73: 2 | S73: 16 | T73: 2 | U73: 7 | W73: 1 | X73: 1 | Y73: 1 | Z73: 1 | AA73: 1 | AC73: GJ | AD73: 0 | AE73: 5 | AF73: 4 | AG73: 4 | AH73: 0 | AJ73: GJ | AK73: 0 | AL73: 5 | AM73: 4 | AN73: 4 | AO73: 0
J74: 70 | K74: M4 | L74: M1 | M74: G4 | N74: A | O74: A | Q74: 5 | R74: 2 | S74: 14 | T74: 7 | U74: 7 | W74: 1 | X74: 1 | Y74: 1 | Z74: 1 | AA74: 1 | AD74: =SUM(AD54:AD73) -> 200 | AE74: =SUM(AE54:AE73) -> 200 | AF74: =SUM(AF54:AF73) -> 200 | AG74: =SUM(AG54:AG73) -> 200 | AH74: =SUM(AH54:AH73) -> 200 | AK74: =SUM(AK54:AK73) -> 200 | AL74: =SUM(AL54:AL73) -> 200 | AM74: =SUM(AM54:AM73) -> 200 | AN74: =SUM(AN54:AN73) -> 200 | AO74: =SUM(AO54:AO73) -> 200
J75: 71 | K75: M5 | L75: J | M75: GA | N75: M3 | O75: M2 | Q75: 6 | R75: 10 | S75: 16 | T75: 4 | U75: 3 | W75: 1 | X75: 1 | Y75: 1 | Z75: 1 | AA75: 1
J76: 72 | K76: K | L76: A | M76: G2 | N76: M1 | O76: M3 | Q76: 8 | R76: 7 | S76: 12 | T76: 2 | U76: 4 | W76: 1 | X76: 1 | Y76: 1 | Z76: 1 | AA76: 1
J77: 73 | K77: K | L77: M3 | M77: GK | N77: M1 | O77: M5 | Q77: 8 | R77: 4 | S77: 17 | T77: 2 | U77: 6 | W77: 1 | X77: 1 | Y77: 1 | Z77: 1 | AA77: 1
J78: 74 | K78: M5 | L78: M4 | M78: G4 | N78: C1 | O78: M3 | Q78: 6 | R78: 5 | S78: 14 | T78: 1 | U78: 4 | W78: 1 | X78: 1 | Y78: 1 | Z78: 1 | AA78: 1
J79: 75 | K79: M5 | L79: M4 | M79: G5 | N79: GJ | O79: J | Q79: 6 | R79: 5 | S79: 15 | T79: 19 | U79: 10 | W79: 1 | X79: 1 | Y79: 1 | Z79: 1 | AA79: 1
J80: 76 | K80: A | L80: G4 | M80: GA | N80: Q | O80: Q | Q80: 7 | R80: 14 | S80: 16 | T80: 9 | U80: 9 | W80: 1 | X80: 1 | Y80: 1 | Z80: 1 | AA80: 1
J81: 77 | K81: K | L81: M2 | M81: G4 | N81: M2 | O81: Q | Q81: 8 | R81: 3 | S81: 14 | T81: 3 | U81: 9 | W81: 1 | X81: 1 | Y81: 1 | Z81: 1 | AA81: 1
J82: 78 | K82: A | L82: M2 | M82: GK | N82: M4 | O82: M2 | Q82: 7 | R82: 3 | S82: 17 | T82: 5 | U82: 3 | W82: 1 | X82: 1 | Y82: 1 | Z82: 1 | AA82: 1
J83: 79 | K83: J | L83: M4 | M83: GA | N83: Q | O83: Q | Q83: 10 | R83: 5 | S83: 16 | T83: 9 | U83: 9 | W83: 1 | X83: 1 | Y83: 1 | Z83: 1 | AA83: 1
J84: 80 | K84: K | L84: M5 | M84: G5 | N84: Q | O84: M3 | Q84: 8 | R84: 6 | S84: 15 | T84: 9 | U84: 4 | W84: 1 | X84: 1 | Y84: 1 | Z84: 1 | AA84: 1
J85: 81 | K85: M5 | L85: M1 | M85: GA | N85: Q | O85: J | Q85: 6 | R85: 2 | S85: 16 | T85: 9 | U85: 10 | W85: 1 | X85: 1 | Y85: 1 | Z85: 1 | AA85: 1
J86: 82 | K86: M5 | L86: G5 | M86: GQ | N86: M1 | O86: M5 | Q86: 6 | R86: 15 | S86: 18 | T86: 2 | U86: 6 | W86: 1 | X86: 1 | Y86: 1 | Z86: 1 | AA86: 1
... J203: 199 | K203: A | L203: M5 | M203: GA | N203: K | O203: J | Q203: 7 | R203: 6 | S203: 16 | T203: 8 | U203: 10 | W203: 1 | X203: 1 | Y203: 1 | Z203: 1 | AA203: 1

Sheet BG_Symbol (3)
J2: Symbol | Q2: Symbol ID | W2: Symbol Weight | AC2: Eliminate Wheel Weight A | AJ2: Eliminate Wheel Weight B
A3: Symbol | B3: Description | C3: R1 | D3: R2 | E3: R3 | F3: R4 | G3: R5 | H3: ID | K3: R1 | L3: R2 | M3: R3 | N3: R4 | O3: R5 | Q3: R1 | R3: R2 | S3: R3 | T3: R4 | U3: R5 | W3: R1 | X3: R2 | Y3: R3 | Z3: R4 | AA3: R5
A4: {=Overview!A38:B57} -> WW | B4: Wild | C4: =COUNTIF(K:K, $A4) -> 0 | D4: =COUNTIF(L:L, $A4) -> 0 | E4: =COUNTIF(M:M, $A4) -> 0 | F4: =COUNTIF(N:N, $A4) -> 0 | G4: =COUNTIF(O:O, $A4) -> 0 | H4: {=Overview!F38:F57} -> 0 | J4: {=_xlfn.SEQUENCE(MAX(COUNTA(K:K), COUNTA(L:L), COUNTA(M:M), COUNTA(N:N), COUNTA(O:O))-1,,0)} -> 0 | K4: M2 | L4: M3 | M4: M3 | N4: M5 | O4: K | Q4: {=_xlfn.LET(_xlpm.x, K4:O304, IF(_xlpm.x="", "", _xlfn.XLOOKUP(_xlpm.x, $A$4:$A$23,_xlfn.ANCHORARRAY( H4))))} -> 3 | R4: 4 | S4: 4 | T4: 6 | U4: 8 | W4: 1 | X4: 1 | Y4: 1 | Z4: 1 | AA4: 1 | AC4: 1 Combo | AJ4: 1 Combo
A5: C1 | B5: Scatter | C5: =COUNTIF(K:K, $A5) -> 6 | D5: =COUNTIF(L:L, $A5) -> 6 | E5: =COUNTIF(M:M, $A5) -> 6 | F5: =COUNTIF(N:N, $A5) -> 9 | G5: =COUNTIF(O:O, $A5) -> 9 | H5: 1 | J5: 1 | K5: K | L5: GJ | M5: M2 | N5: A | O5: J | Q5: 8 | R5: 19 | S5: 3 | T5: 7 | U5: 10 | W5: 1 | X5: 1 | Y5: 1 | Z5: 1 | AA5: 1 | AC5: Symbol | AD5: R1 | AE5: R2 | AF5: R3 | AG5: R4 | AH5: R5 | AJ5: Symbol | AK5: R1 | AL5: R2 | AM5: R3 | AN5: R4 | AO5: R5
A6: M1 | B6: M1 | C6: =COUNTIF(K:K, $A6) -> 4 | D6: =COUNTIF(L:L, $A6) -> 17 | E6: =COUNTIF(M:M, $A6) -> 4 | F6: =COUNTIF(N:N, $A6) -> 21 | G6: =COUNTIF(O:O, $A6) -> 22 | H6: 2 | J6: 2 | K6: K | L6: G2 | M6: C1 | N6: J | O6: C1 | Q6: 8 | R6: 12 | S6: 1 | T6: 10 | U6: 1 | W6: 1 | X6: 1 | Y6: 1 | Z6: 1 | AA6: 1 | AC6: {=$A$4:$A$23} -> WW | AD6: 0 | AE6: 0 | AF6: 0 | AG6: 0 | AH6: 0 | AJ6: {=$A$4:$A$23} -> WW | AK6: 0 | AL6: 0 | AM6: 0 | AN6: 0 | AO6: 0
A7: M2 | B7: M2 | C7: =COUNTIF(K:K, $A7) -> 4 | D7: =COUNTIF(L:L, $A7) -> 18 | E7: =COUNTIF(M:M, $A7) -> 4 | F7: =COUNTIF(N:N, $A7) -> 20 | G7: =COUNTIF(O:O, $A7) -> 22 | H7: 3 | J7: 3 | K7: M5 | L7: G5 | M7: K | N7: M2 | O7: M2 | Q7: 6 | R7: 15 | S7: 8 | T7: 3 | U7: 3 | W7: 1 | X7: 1 | Y7: 1 | Z7: 1 | AA7: 1 | AC7: C1 | AD7: 6 | AE7: 6 | AF7: 6 | AG7: 9 | AH7: 9 | AJ7: C1 | AK7: 6 | AL7: 6 | AM7: 6 | AN7: 9 | AO7: 9
A8: M3 | B8: M3 | C8: =COUNTIF(K:K, $A8) -> 4 | D8: =COUNTIF(L:L, $A8) -> 18 | E8: =COUNTIF(M:M, $A8) -> 4 | F8: =COUNTIF(N:N, $A8) -> 20 | G8: =COUNTIF(O:O, $A8) -> 21 | H8: 4 | J8: 4 | K8: K | L8: G5 | M8: M4 | N8: G3 | O8: M2 | Q8: 8 | R8: 15 | S8: 5 | T8: 13 | U8: 3 | W8: 1 | X8: 1 | Y8: 1 | Z8: 1 | AA8: 1 | AC8: M1 | AD8: 4 | AE8: 17 | AF8: 4 | AG8: 21 | AH8: 22 | AJ8: M1 | AK8: 4 | AL8: 17 | AM8: 4 | AN8: 21 | AO8: 22
A9: M4 | B9: M4 | C9: =COUNTIF(K:K, $A9) -> 40 | D9: =COUNTIF(L:L, $A9) -> 14 | E9: =COUNTIF(M:M, $A9) -> 41 | F9: =COUNTIF(N:N, $A9) -> 14 | G9: =COUNTIF(O:O, $A9) -> 21 | H9: 5 | J9: 5 | K9: A | L9: GK | M9: A | N9: J | O9: J | Q9: 7 | R9: 17 | S9: 7 | T9: 10 | U9: 10 | W9: 1 | X9: 1 | Y9: 1 | Z9: 1 | AA9: 1 | AC9: M2 | AD9: 4 | AE9: 18 | AF9: 4 | AG9: 20 | AH9: 22 | AJ9: M2 | AK9: 4 | AL9: 18 | AM9: 4 | AN9: 20 | AO9: 22
A10: M5 | B10: M5 | C10: =COUNTIF(K:K, $A10) -> 40 | D10: =COUNTIF(L:L, $A10) -> 14 | E10: =COUNTIF(M:M, $A10) -> 41 | F10: =COUNTIF(N:N, $A10) -> 14 | G10: =COUNTIF(O:O, $A10) -> 21 | H10: 6 | J10: 6 | K10: M5 | L10: M5 | M10: M4 | N10: J | O10: M4 | Q10: 6 | R10: 6 | S10: 5 | T10: 10 | U10: 5 | W10: 1 | X10: 1 | Y10: 1 | Z10: 1 | AA10: 1 | AC10: M3 | AD10: 4 | AE10: 18 | AF10: 4 | AG10: 20 | AH10: 21 | AJ10: M3 | AK10: 4 | AL10: 18 | AM10: 4 | AN10: 20 | AO10: 21
A11: A | B11: A | C11: =COUNTIF(K:K, $A11) -> 47 | D11: =COUNTIF(L:L, $A11) -> 13 | E11: =COUNTIF(M:M, $A11) -> 41 | F11: =COUNTIF(N:N, $A11) -> 14 | G11: =COUNTIF(O:O, $A11) -> 21 | H11: 7 | J11: 7 | K11: M5 | L11: M5 | M11: A | N11: A | O11: M5 | Q11: 6 | R11: 6 | S11: 7 | T11: 7 | U11: 6 | W11: 1 | X11: 1 | Y11: 1 | Z11: 1 | AA11: 1 | AC11: M4 | AD11: 40 | AE11: 14 | AF11: 41 | AG11: 14 | AH11: 21 | AJ11: M4 | AK11: 40 | AL11: 14 | AM11: 41 | AN11: 14 | AO11: 21
A12: K | B12: K | C12: =COUNTIF(K:K, $A12) -> 47 | D12: =COUNTIF(L:L, $A12) -> 13 | E12: =COUNTIF(M:M, $A12) -> 41 | F12: =COUNTIF(N:N, $A12) -> 14 | G12: =COUNTIF(O:O, $A12) -> 21 | H12: 8 | J12: 8 | K12: A | L12: G2 | M12: G5 | N12: M3 | O12: Q | Q12: 7 | R12: 12 | S12: 15 | T12: 4 | U12: 9 | W12: 1 | X12: 1 | Y12: 1 | Z12: 1 | AA12: 1 | AC12: M5 | AD12: 40 | AE12: 14 | AF12: 41 | AG12: 14 | AH12: 21 | AJ12: M5 | AK12: 40 | AL12: 14 | AM12: 41 | AN12: 14 | AO12: 21
A13: Q | B13: Q | C13: =COUNTIF(K:K, $A13) -> 4 | D13: =COUNTIF(L:L, $A13) -> 17 | E13: =COUNTIF(M:M, $A13) -> 3 | F13: =COUNTIF(N:N, $A13) -> 21 | G13: =COUNTIF(O:O, $A13) -> 21 | H13: 9 | J13: 9 | K13: M5 | L13: C1 | M13: A | N13: M5 | O13: Q | Q13: 6 | R13: 1 | S13: 7 | T13: 6 | U13: 9 | W13: 1 | X13: 1 | Y13: 1 | Z13: 1 | AA13: 1 | AC13: A | AD13: 47 | AE13: 13 | AF13: 41 | AG13: 14 | AH13: 21 | AJ13: A | AK13: 47 | AL13: 13 | AM13: 41 | AN13: 14 | AO13: 21
A14: J | B14: J | C14: =COUNTIF(K:K, $A14) -> 4 | D14: =COUNTIF(L:L, $A14) -> 17 | E14: =COUNTIF(M:M, $A14) -> 3 | F14: =COUNTIF(N:N, $A14) -> 21 | G14: =COUNTIF(O:O, $A14) -> 21 | H14: 10 | J14: 10 | K14: K | L14: A | M14: K | N14: M2 | O14: M1 | Q14: 8 | R14: 7 | S14: 8 | T14: 3 | U14: 2 | W14: 1 | X14: 1 | Y14: 1 | Z14: 1 | AA14: 1 | AC14: K | AD14: 47 | AE14: 13 | AF14: 41 | AG14: 14 | AH14: 21 | AJ14: K | AK14: 47 | AL14: 13 | AM14: 41 | AN14: 14 | AO14: 21
A15: G1 | B15: Gold M1 | C15: =COUNTIF(K:K, $A15) -> 0 | D15: =COUNTIF(L:L, $A15) -> 7 | E15: =COUNTIF(M:M, $A15) -> 0 | F15: =COUNTIF(N:N, $A15) -> 4 | G15: =COUNTIF(O:O, $A15) -> 0 | H15: 11 | J15: 11 | K15: M5 | L15: GJ | M15: M5 | N15: M3 | O15: M3 | Q15: 6 | R15: 19 | S15: 6 | T15: 4 | U15: 4 | W15: 1 | X15: 1 | Y15: 1 | Z15: 1 | AA15: 1 | AC15: Q | AD15: 4 | AE15: 17 | AF15: 3 | AG15: 21 | AH15: 21 | AJ15: Q | AK15: 4 | AL15: 17 | AM15: 3 | AN15: 21 | AO15: 21
A16: G2 | B16: Gold M2 | C16: =COUNTIF(K:K, $A16) -> 0 | D16: =COUNTIF(L:L, $A16) -> 7 | E16: =COUNTIF(M:M, $A16) -> 0 | F16: =COUNTIF(N:N, $A16) -> 4 | G16: =COUNTIF(O:O, $A16) -> 0 | H16: 12 | J16: 12 | K16: M4 | L16: GQ | M16: M5 | N16: J | O16: M3 | Q16: 5 | R16: 18 | S16: 6 | T16: 10 | U16: 4 | W16: 1 | X16: 1 | Y16: 1 | Z16: 1 | AA16: 1 | AC16: J | AD16: 4 | AE16: 17 | AF16: 3 | AG16: 21 | AH16: 21 | AJ16: J | AK16: 4 | AL16: 17 | AM16: 3 | AN16: 21 | AO16: 21
A17: G3 | B17: Gold M3 | C17: =COUNTIF(K:K, $A17) -> 0 | D17: =COUNTIF(L:L, $A17) -> 7 | E17: =COUNTIF(M:M, $A17) -> 0 | F17: =COUNTIF(N:N, $A17) -> 4 | G17: =COUNTIF(O:O, $A17) -> 0 | H17: 13 | J17: 13 | K17: M4 | L17: M5 | M17: M1 | N17: J | O17: M2 | Q17: 5 | R17: 6 | S17: 2 | T17: 10 | U17: 3 | W17: 1 | X17: 1 | Y17: 1 | Z17: 1 | AA17: 1 | AC17: G1 | AD17: 0 | AE17: 7 | AF17: 0 | AG17: 4 | AH17: 0 | AJ17: G1 | AK17: 0 | AL17: 7 | AM17: 0 | AN17: 4 | AO17: 0
A18: G4 | B18: Gold M4 | C18: =COUNTIF(K:K, $A18) -> 0 | D18: =COUNTIF(L:L, $A18) -> 4 | E18: =COUNTIF(M:M, $A18) -> 3 | F18: =COUNTIF(N:N, $A18) -> 3 | G18: =COUNTIF(O:O, $A18) -> 0 | H18: 14 | J18: 14 | K18: M5 | L18: G1 | M18: K | N18: K | O18: M2 | Q18: 6 | R18: 11 | S18: 8 | T18: 8 | U18: 3 | W18: 1 | X18: 1 | Y18: 1 | Z18: 1 | AA18: 1 | AC18: G2 | AD18: 0 | AE18: 7 | AF18: 0 | AG18: 4 | AH18: 0 | AJ18: G2 | AK18: 0 | AL18: 7 | AM18: 0 | AN18: 4 | AO18: 0
... A23: GJ | B23: Gold J | C23: =COUNTIF(K:K, $A23) -> 0 | D23: =COUNTIF(L:L, $A23) -> 8 | E23: =COUNTIF(M:M, $A23) -> 0 | F23: =COUNTIF(N:N, $A23) -> 4 | G23: =COUNTIF(O:O, $A23) -> 0 | H23: 19 | J23: 19 | K23: M5 | L23: M4 | M23: M5 | N23: GA | O23: M1 | Q23: 6 | R23: 5 | S23: 6 | T23: 16 | U23: 2 | W23: 1 | X23: 1 | Y23: 1 | Z23: 1 | AA23: 1 | AC23: GK | AD23: 0 | AE23: 4 | AF23: 3 | AG23: 3 | AH23: 0 | AJ23: GK | AK23: 0 | AL23: 4 | AM23: 3 | AN23: 3 | AO23: 0
C24: =SUM(C4:C23) -> 200 | D24: =SUM(D4:D23) -> 200 | E24: =SUM(E4:E23) -> 200 | F24: =SUM(F4:F23) -> 200 | G24: =SUM(G4:G23) -> 200 | J24: 20 | K24: A | L24: GK | M24: A | N24: Q | O24: M4 | Q24: 7 | R24: 17 | S24: 7 | T24: 9 | U24: 5 | W24: 1 | X24: 1 | Y24: 1 | Z24: 1 | AA24: 1 | AC24: GQ | AD24: 0 | AE24: 8 | AF24: 0 | AG24: 4 | AH24: 0 | AJ24: GQ | AK24: 0 | AL24: 8 | AM24: 0 | AN24: 4 | AO24: 0
J25: 21 | K25: K | L25: GK | M25: M3 | N25: M1 | O25: M1 | Q25: 8 | R25: 17 | S25: 4 | T25: 2 | U25: 2 | W25: 1 | X25: 1 | Y25: 1 | Z25: 1 | AA25: 1 | AC25: GJ | AD25: 0 | AE25: 8 | AF25: 0 | AG25: 4 | AH25: 0 | AJ25: GJ | AK25: 0 | AL25: 8 | AM25: 0 | AN25: 4 | AO25: 0
A26: Symbol | B26: Description | C26: R1 | D26: R2 | E26: R3 | F26: R4 | G26: R5 | H26: ID | J26: 22 | K26: K | L26: M2 | M26: K | N26: A | O26: M4 | Q26: 8 | R26: 3 | S26: 8 | T26: 7 | U26: 5 | W26: 1 | X26: 1 | Y26: 1 | Z26: 1 | AA26: 1 | AD26: =SUM(AD6:AD25) -> 200 | AE26: =SUM(AE6:AE25) -> 200 | AF26: =SUM(AF6:AF25) -> 200 | AG26: =SUM(AG6:AG25) -> 200 | AH26: =SUM(AH6:AH25) -> 200 | AK26: =SUM(AK6:AK25) -> 200 | AL26: =SUM(AL6:AL25) -> 200 | AM26: =SUM(AM6:AM25) -> 200 | AN26: =SUM(AN6:AN25) -> 200 | AO26: =SUM(AO6:AO25) -> 200
A27: {=_xlfn.ANCHORARRAY(A4)} -> WW | B27: Wild | C27: {=C4:G23/C24:G24} -> 0 | D27: 0 | E27: 0 | F27: 0 | G27: 0 | H27: {=_xlfn.ANCHORARRAY(H4)} -> 0 | J27: 23 | K27: K | L27: M3 | M27: M5 | N27: C1 | O27: M5 | Q27: 8 | R27: 4 | S27: 6 | T27: 1 | U27: 6 | W27: 1 | X27: 1 | Y27: 1 | Z27: 1 | AA27: 1
A28: C1 | B28: Scatter | C28: 0.03 | D28: 0.03 | E28: 0.03 | F28: 0.045 | G28: 0.045 | H28: 1 | J28: 24 | K28: M4 | L28: M3 | M28: Q | N28: GJ | O28: K | Q28: 5 | R28: 4 | S28: 9 | T28: 19 | U28: 8 | W28: 1 | X28: 1 | Y28: 1 | Z28: 1 | AA28: 1 | AC28: 2 Combo | AJ28: 2 Combo
A29: M1 | B29: M1 | C29: 0.02 | D29: 0.085 | E29: 0.02 | F29: 0.105 | G29: 0.11 | H29: 2 | J29: 25 | K29: K | L29: K | M29: K | N29: M3 | O29: M3 | Q29: 8 | R29: 8 | S29: 8 | T29: 4 | U29: 4 | W29: 1 | X29: 1 | Y29: 1 | Z29: 1 | AA29: 1 | AC29: Symbol | AD29: R1 | AE29: R2 | AF29: R3 | AG29: R4 | AH29: R5 | AJ29: Symbol | AK29: R1 | AL29: R2 | AM29: R3 | AN29: R4 | AO29: R5
A30: M2 | B30: M2 | C30: 0.02 | D30: 0.09 | E30: 0.02 | F30: 0.1 | G30: 0.11 | H30: 3 | J30: 26 | K30: A | L30: K | M30: M5 | N30: J | O30: M5 | Q30: 7 | R30: 8 | S30: 6 | T30: 10 | U30: 6 | W30: 1 | X30: 1 | Y30: 1 | Z30: 1 | AA30: 1 | AC30: {=$A$4:$A$23} -> WW | AD30: 0 | AE30: 0 | AF30: 0 | AG30: 0 | AH30: 0 | AJ30: {=$A$4:$A$23} -> WW | AK30: 0 | AL30: 0 | AM30: 0 | AN30: 0 | AO30: 0
A31: M3 | B31: M3 | C31: 0.02 | D31: 0.09 | E31: 0.02 | F31: 0.1 | G31: 0.105 | H31: 4 | J31: 27 | K31: M4 | L31: GQ | M31: A | N31: GJ | O31: Q | Q31: 5 | R31: 18 | S31: 7 | T31: 19 | U31: 9 | W31: 1 | X31: 1 | Y31: 1 | Z31: 1 | AA31: 1 | AC31: C1 | AD31: 3 | AE31: 3 | AF31: 3 | AG31: 6 | AH31: 6 | AJ31: C1 | AK31: 3 | AL31: 3 | AM31: 3 | AN31: 6 | AO31: 6
A32: M4 | B32: M4 | C32: 0.2 | D32: 0.07 | E32: 0.205 | F32: 0.07 | G32: 0.105 | H32: 5 | J32: 28 | K32: K | L32: G4 | M32: M5 | N32: G1 | O32: Q | Q32: 8 | R32: 14 | S32: 6 | T32: 11 | U32: 9 | W32: 1 | X32: 1 | Y32: 1 | Z32: 1 | AA32: 1 | AC32: M1 | AD32: 4 | AE32: 17 | AF32: 4 | AG32: 21 | AH32: 22 | AJ32: M1 | AK32: 4 | AL32: 17 | AM32: 4 | AN32: 21 | AO32: 22
A33: M5 | B33: M5 | C33: 0.2 | D33: 0.07 | E33: 0.205 | F33: 0.07 | G33: 0.105 | H33: 6 | J33: 29 | K33: M1 | L33: G3 | M33: M4 | N33: M2 | O33: M1 | Q33: 2 | R33: 13 | S33: 5 | T33: 3 | U33: 2 | W33: 1 | X33: 1 | Y33: 1 | Z33: 1 | AA33: 1 | AC33: M2 | AD33: 4 | AE33: 18 | AF33: 4 | AG33: 20 | AH33: 22 | AJ33: M2 | AK33: 4 | AL33: 18 | AM33: 4 | AN33: 20 | AO33: 22
A34: A | B34: A | C34: 0.235 | D34: 0.065 | E34: 0.205 | F34: 0.07 | G34: 0.105 | H34: 7 | J34: 30 | K34: K | L34: J | M34: K | N34: M1 | O34: M1 | Q34: 8 | R34: 10 | S34: 8 | T34: 2 | U34: 2 | W34: 1 | X34: 1 | Y34: 1 | Z34: 1 | AA34: 1 | AC34: M3 | AD34: 4 | AE34: 18 | AF34: 4 | AG34: 20 | AH34: 21 | AJ34: M3 | AK34: 4 | AL34: 18 | AM34: 4 | AN34: 20 | AO34: 21
A35: K | B35: K | C35: 0.235 | D35: 0.065 | E35: 0.205 | F35: 0.07 | G35: 0.105 | H35: 8 | J35: 31 | K35: M4 | L35: J | M35: A | N35: M5 | O35: C1 | Q35: 5 | R35: 10 | S35: 7 | T35: 6 | U35: 1 | W35: 1 | X35: 1 | Y35: 1 | Z35: 1 | AA35: 1 | AC35: M4 | AD35: 40 | AE35: 14 | AF35: 41 | AG35: 14 | AH35: 21 | AJ35: M4 | AK35: 40 | AL35: 14 | AM35: 41 | AN35: 14 | AO35: 21
A36: Q | B36: Q | C36: 0.02 | D36: 0.085 | E36: 0.015 | F36: 0.105 | G36: 0.105 | H36: 9 | J36: 32 | K36: A | L36: M4 | M36: M3 | N36: M5 | O36: Q | Q36: 7 | R36: 5 | S36: 4 | T36: 6 | U36: 9 | W36: 1 | X36: 1 | Y36: 1 | Z36: 1 | AA36: 1 | AC36: M5 | AD36: 40 | AE36: 14 | AF36: 41 | AG36: 14 | AH36: 21 | AJ36: M5 | AK36: 40 | AL36: 14 | AM36: 41 | AN36: 14 | AO36: 21
A37: J | B37: J | C37: 0.02 | D37: 0.085 | E37: 0.015 | F37: 0.105 | G37: 0.105 | H37: 10 | J37: 33 | K37: M4 | L37: K | M37: K | N37: GA | O37: K | Q37: 5 | R37: 8 | S37: 8 | T37: 16 | U37: 8 | W37: 1 | X37: 1 | Y37: 1 | Z37: 1 | AA37: 1 | AC37: A | AD37: 47 | AE37: 13 | AF37: 41 | AG37: 14 | AH37: 21 | AJ37: A | AK37: 47 | AL37: 13 | AM37: 41 | AN37: 14 | AO37: 21
A38: G1 | B38: Gold M1 | C38: 0 | D38: 0.035 | E38: 0 | F38: 0.02 | G38: 0 | H38: 11 | J38: 34 | K38: M5 | L38: G2 | M38: M4 | N38: K | O38: M2 | Q38: 6 | R38: 12 | S38: 5 | T38: 8 | U38: 3 | W38: 1 | X38: 1 | Y38: 1 | Z38: 1 | AA38: 1 | AC38: K | AD38: 47 | AE38: 13 | AF38: 41 | AG38: 14 | AH38: 21 | AJ38: K | AK38: 47 | AL38: 13 | AM38: 41 | AN38: 14 | AO38: 21
A39: G2 | B39: Gold M2 | C39: 0 | D39: 0.035 | E39: 0 | F39: 0.02 | G39: 0 | H39: 12 | J39: 35 | K39: M5 | L39: A | M39: M5 | N39: M1 | O39: J | Q39: 6 | R39: 7 | S39: 6 | T39: 2 | U39: 10 | W39: 1 | X39: 1 | Y39: 1 | Z39: 1 | AA39: 1 | AC39: Q | AD39: 4 | AE39: 17 | AF39: 3 | AG39: 21 | AH39: 21 | AJ39: Q | AK39: 4 | AL39: 17 | AM39: 3 | AN39: 21 | AO39: 21
A40: G3 | B40: Gold M3 | C40: 0 | D40: 0.035 | E40: 0 | F40: 0.02 | G40: 0 | H40: 13 | J40: 36 | K40: A | L40: GA | M40: K | N40: G4 | O40: M1 | Q40: 7 | R40: 16 | S40: 8 | T40: 14 | U40: 2 | W40: 1 | X40: 1 | Y40: 1 | Z40: 1 | AA40: 1 | AC40: J | AD40: 4 | AE40: 17 | AF40: 3 | AG40: 21 | AH40: 21 | AJ40: J | AK40: 4 | AL40: 17 | AM40: 3 | AN40: 21 | AO40: 21
A41: G4 | B41: Gold M4 | C41: 0 | D41: 0.02 | E41: 0.015 | F41: 0.015 | G41: 0 | H41: 14 | J41: 37 | K41: M4 | L41: GA | M41: A | N41: C1 | O41: Q | Q41: 5 | R41: 16 | S41: 7 | T41: 1 | U41: 9 | W41: 1 | X41: 1 | Y41: 1 | Z41: 1 | AA41: 1 | AC41: G1 | AD41: 0 | AE41: 7 | AF41: 0 | AG41: 4 | AH41: 0 | AJ41: G1 | AK41: 0 | AL41: 7 | AM41: 0 | AN41: 4 | AO41: 0
A42: G5 | B42: Gold M5 | C42: 0 | D42: 0.02 | E42: 0.015 | F42: 0.015 | G42: 0 | H42: 15 | J42: 38 | K42: M4 | L42: J | M42: J | N42: M5 | O42: M4 | Q42: 5 | R42: 10 | S42: 10 | T42: 6 | U42: 5 | W42: 1 | X42: 1 | Y42: 1 | Z42: 1 | AA42: 1 | AC42: G2 | AD42: 0 | AE42: 7 | AF42: 0 | AG42: 4 | AH42: 0 | AJ42: G2 | AK42: 0 | AL42: 7 | AM42: 0 | AN42: 4 | AO42: 0
... A46: GJ | B46: Gold J | C46: 0 | D46: 0.04 | E46: 0 | F46: 0.02 | G46: 0 | H46: 19 | J46: 42 | K46: M5 | L46: M5 | M46: A | N46: M2 | O46: J | Q46: 6 | R46: 6 | S46: 7 | T46: 3 | U46: 10 | W46: 1 | X46: 1 | Y46: 1 | Z46: 1 | AA46: 1 | AC46: GA | AD46: 0 | AE46: 4 | AF46: 3 | AG46: 3 | AH46: 0 | AJ46: GA | AK46: 0 | AL46: 4 | AM46: 3 | AN46: 3 | AO46: 0
J47: 43 | K47: M5 | L47: GQ | M47: K | N47: M2 | O47: C1 | Q47: 6 | R47: 18 | S47: 8 | T47: 3 | U47: 1 | W47: 1 | X47: 1 | Y47: 1 | Z47: 1 | AA47: 1 | AC47: GK | AD47: 0 | AE47: 4 | AF47: 3 | AG47: 3 | AH47: 0 | AJ47: GK | AK47: 0 | AL47: 4 | AM47: 3 | AN47: 3 | AO47: 0
J48: 44 | K48: M4 | L48: C1 | M48: A | N48: M1 | O48: M4 | Q48: 5 | R48: 1 | S48: 7 | T48: 2 | U48: 5 | W48: 1 | X48: 1 | Y48: 1 | Z48: 1 | AA48: 1 | AC48: GQ | AD48: 0 | AE48: 8 | AF48: 0 | AG48: 4 | AH48: 0 | AJ48: GQ | AK48: 0 | AL48: 8 | AM48: 0 | AN48: 4 | AO48: 0
J49: 45 | K49: K | L49: M3 | M49: M5 | N49: J | O49: M3 | Q49: 8 | R49: 4 | S49: 6 | T49: 10 | U49: 4 | W49: 1 | X49: 1 | Y49: 1 | Z49: 1 | AA49: 1 | AC49: GJ | AD49: 0 | AE49: 8 | AF49: 0 | AG49: 4 | AH49: 0 | AJ49: GJ | AK49: 0 | AL49: 8 | AM49: 0 | AN49: 4 | AO49: 0
J50: 46 | K50: A | L50: M1 | M50: A | N50: M2 | O50: J | Q50: 7 | R50: 2 | S50: 7 | T50: 3 | U50: 10 | W50: 1 | X50: 1 | Y50: 1 | Z50: 1 | AA50: 1 | AD50: =SUM(AD30:AD49) -> 197 | AE50: =SUM(AE30:AE49) -> 197 | AF50: =SUM(AF30:AF49) -> 197 | AG50: =SUM(AG30:AG49) -> 197 | AH50: =SUM(AH30:AH49) -> 197 | AK50: =SUM(AK30:AK49) -> 197 | AL50: =SUM(AL30:AL49) -> 197 | AM50: =SUM(AM30:AM49) -> 197 | AN50: =SUM(AN30:AN49) -> 197 | AO50: =SUM(AO30:AO49) -> 197
J51: 47 | K51: C1 | L51: M1 | M51: M2 | N51: M1 | O51: Q | Q51: 1 | R51: 2 | S51: 3 | T51: 2 | U51: 9 | W51: 1 | X51: 1 | Y51: 1 | Z51: 1 | AA51: 1
J52: 48 | K52: K | L52: M4 | M52: A | N52: A | O52: M1 | Q52: 8 | R52: 5 | S52: 7 | T52: 7 | U52: 2 | W52: 1 | X52: 1 | Y52: 1 | Z52: 1 | AA52: 1 | AC52: 3+ Combo | AJ52: 3+ Combo
J53: 49 | K53: A | L53: K | M53: A | N53: Q | O53: A | Q53: 7 | R53: 8 | S53: 7 | T53: 9 | U53: 7 | W53: 1 | X53: 1 | Y53: 1 | Z53: 1 | AA53: 1 | AC53: Symbol | AD53: R1 | AE53: R2 | AF53: R3 | AG53: R4 | AH53: R5 | AJ53: Symbol | AK53: R1 | AL53: R2 | AM53: R3 | AN53: R4 | AO53: R5
J54: 50 | K54: A | L54: K | M54: A | N54: Q | O54: M3 | Q54: 7 | R54: 8 | S54: 7 | T54: 9 | U54: 4 | W54: 1 | X54: 1 | Y54: 1 | Z54: 1 | AA54: 1 | AC54: {=$A$4:$A$23} -> WW | AD54: 0 | AE54: 0 | AF54: 0 | AG54: 0 | AH54: 0 | AJ54: {=$A$4:$A$23} -> WW | AK54: 0 | AL54: 0 | AM54: 0 | AN54: 0 | AO54: 0
J55: 51 | K55: M5 | L55: K | M55: K | N55: G4 | O55: M1 | Q55: 6 | R55: 8 | S55: 8 | T55: 14 | U55: 2 | W55: 1 | X55: 1 | Y55: 1 | Z55: 1 | AA55: 1 | AC55: C1 | AD55: 1 | AE55: 1 | AF55: 1 | AG55: 3 | AH55: 3 | AJ55: C1 | AK55: 1 | AL55: 1 | AM55: 1 | AN55: 3 | AO55: 3
J56: 52 | K56: K | L56: Q | M56: A | N56: M3 | O56: M4 | Q56: 8 | R56: 9 | S56: 7 | T56: 4 | U56: 5 | W56: 1 | X56: 1 | Y56: 1 | Z56: 1 | AA56: 1 | AC56: M1 | AD56: 4 | AE56: 17 | AF56: 4 | AG56: 21 | AH56: 22 | AJ56: M1 | AK56: 4 | AL56: 17 | AM56: 4 | AN56: 21 | AO56: 22
J57: 53 | K57: A | L57: Q | M57: M5 | N57: M3 | O57: M2 | Q57: 7 | R57: 9 | S57: 6 | T57: 4 | U57: 3 | W57: 1 | X57: 1 | Y57: 1 | Z57: 1 | AA57: 1 | AC57: M2 | AD57: 4 | AE57: 18 | AF57: 4 | AG57: 20 | AH57: 22 | AJ57: M2 | AK57: 4 | AL57: 18 | AM57: 4 | AN57: 20 | AO57: 22
J58: 54 | K58: A | L58: M3 | M58: K | N58: G1 | O58: M1 | Q58: 7 | R58: 4 | S58: 8 | T58: 11 | U58: 2 | W58: 1 | X58: 1 | Y58: 1 | Z58: 1 | AA58: 1 | AC58: M3 | AD58: 4 | AE58: 18 | AF58: 4 | AG58: 20 | AH58: 21 | AJ58: M3 | AK58: 4 | AL58: 18 | AM58: 4 | AN58: 20 | AO58: 21
J59: 55 | K59: A | L59: M3 | M59: K | N59: M3 | O59: K | Q59: 7 | R59: 4 | S59: 8 | T59: 4 | U59: 8 | W59: 1 | X59: 1 | Y59: 1 | Z59: 1 | AA59: 1 | AC59: M4 | AD59: 40 | AE59: 14 | AF59: 41 | AG59: 14 | AH59: 21 | AJ59: M4 | AK59: 40 | AL59: 14 | AM59: 41 | AN59: 14 | AO59: 21
J60: 56 | K60: M4 | L60: G4 | M60: K | N60: K | O60: J | Q60: 5 | R60: 14 | S60: 8 | T60: 8 | U60: 10 | W60: 1 | X60: 1 | Y60: 1 | Z60: 1 | AA60: 1 | AC60: M5 | AD60: 40 | AE60: 14 | AF60: 41 | AG60: 14 | AH60: 21 | AJ60: M5 | AK60: 40 | AL60: 14 | AM60: 41 | AN60: 14 | AO60: 21
J61: 57 | K61: M5 | L61: G4 | M61: M5 | N61: M3 | O61: J | Q61: 6 | R61: 14 | S61: 6 | T61: 4 | U61: 10 | W61: 1 | X61: 1 | Y61: 1 | Z61: 1 | AA61: 1 | AC61: A | AD61: 47 | AE61: 13 | AF61: 41 | AG61: 14 | AH61: 21 | AJ61: A | AK61: 47 | AL61: 13 | AM61: 41 | AN61: 14 | AO61: 21
J62: 58 | K62: J | L62: Q | M62: M5 | N62: GK | O62: M2 | Q62: 10 | R62: 9 | S62: 6 | T62: 17 | U62: 3 | W62: 1 | X62: 1 | Y62: 1 | Z62: 1 | AA62: 1 | AC62: K | AD62: 47 | AE62: 13 | AF62: 41 | AG62: 14 | AH62: 21 | AJ62: K | AK62: 47 | AL62: 13 | AM62: 41 | AN62: 14 | AO62: 21
J63: 59 | K63: K | L63: G3 | M63: C1 | N63: GQ | O63: M4 | Q63: 8 | R63: 13 | S63: 1 | T63: 18 | U63: 5 | W63: 1 | X63: 1 | Y63: 1 | Z63: 1 | AA63: 1 | AC63: Q | AD63: 4 | AE63: 17 | AF63: 3 | AG63: 21 | AH63: 21 | AJ63: Q | AK63: 4 | AL63: 17 | AM63: 3 | AN63: 21 | AO63: 21
J64: 60 | K64: M5 | L64: Q | M64: M4 | N64: M3 | O64: Q | Q64: 6 | R64: 9 | S64: 5 | T64: 4 | U64: 9 | W64: 1 | X64: 1 | Y64: 1 | Z64: 1 | AA64: 1 | AC64: J | AD64: 4 | AE64: 17 | AF64: 3 | AG64: 21 | AH64: 21 | AJ64: J | AK64: 4 | AL64: 17 | AM64: 3 | AN64: 21 | AO64: 21
J65: 61 | K65: A | L65: J | M65: G4 | N65: M2 | O65: K | Q65: 7 | R65: 10 | S65: 14 | T65: 3 | U65: 8 | W65: 1 | X65: 1 | Y65: 1 | Z65: 1 | AA65: 1 | AC65: G1 | AD65: 0 | AE65: 7 | AF65: 0 | AG65: 4 | AH65: 0 | AJ65: G1 | AK65: 0 | AL65: 7 | AM65: 0 | AN65: 4 | AO65: 0
J66: 62 | K66: M1 | L66: M2 | M66: M4 | N66: Q | O66: Q | Q66: 2 | R66: 3 | S66: 5 | T66: 9 | U66: 9 | W66: 1 | X66: 1 | Y66: 1 | Z66: 1 | AA66: 1 | AC66: G2 | AD66: 0 | AE66: 7 | AF66: 0 | AG66: 4 | AH66: 0 | AJ66: G2 | AK66: 0 | AL66: 7 | AM66: 0 | AN66: 4 | AO66: 0
... J73: 69 | K73: J | L73: GJ | M73: M5 | N73: M5 | O73: A | Q73: 10 | R73: 19 | S73: 6 | T73: 6 | U73: 7 | W73: 1 | X73: 1 | Y73: 1 | Z73: 1 | AA73: 1 | AC73: GJ | AD73: 0 | AE73: 8 | AF73: 0 | AG73: 4 | AH73: 0 | AJ73: GJ | AK73: 0 | AL73: 8 | AM73: 0 | AN73: 4 | AO73: 0
J74: 70 | K74: K | L74: Q | M74: A | N74: M2 | O74: M3 | Q74: 8 | R74: 9 | S74: 7 | T74: 3 | U74: 4 | W74: 1 | X74: 1 | Y74: 1 | Z74: 1 | AA74: 1 | AD74: =SUM(AD54:AD73) -> 195 | AE74: =SUM(AE54:AE73) -> 195 | AF74: =SUM(AF54:AF73) -> 195 | AG74: =SUM(AG54:AG73) -> 194 | AH74: =SUM(AH54:AH73) -> 194 | AK74: =SUM(AK54:AK73) -> 195 | AL74: =SUM(AL54:AL73) -> 195 | AM74: =SUM(AM54:AM73) -> 195 | AN74: =SUM(AN54:AN73) -> 194 | AO74: =SUM(AO54:AO73) -> 194
J75: 71 | K75: M4 | L75: M2 | M75: M5 | N75: C1 | O75: J | Q75: 5 | R75: 3 | S75: 6 | T75: 1 | U75: 10 | W75: 1 | X75: 1 | Y75: 1 | Z75: 1 | AA75: 1
J76: 72 | K76: Q | L76: M2 | M76: G4 | N76: G1 | O76: A | Q76: 9 | R76: 3 | S76: 14 | T76: 11 | U76: 7 | W76: 1 | X76: 1 | Y76: 1 | Z76: 1 | AA76: 1
J77: 73 | K77: M4 | L77: G4 | M77: M4 | N77: M1 | O77: M3 | Q77: 5 | R77: 14 | S77: 5 | T77: 2 | U77: 4 | W77: 1 | X77: 1 | Y77: 1 | Z77: 1 | AA77: 1
J78: 74 | K78: A | L78: M1 | M78: M5 | N78: Q | O78: J | Q78: 7 | R78: 2 | S78: 6 | T78: 9 | U78: 10 | W78: 1 | X78: 1 | Y78: 1 | Z78: 1 | AA78: 1
J79: 75 | K79: A | L79: J | M79: A | N79: G3 | O79: A | Q79: 7 | R79: 10 | S79: 7 | T79: 13 | U79: 7 | W79: 1 | X79: 1 | Y79: 1 | Z79: 1 | AA79: 1
J80: 76 | K80: K | L80: M1 | M80: J | N80: A | O80: M4 | Q80: 8 | R80: 2 | S80: 10 | T80: 7 | U80: 5 | W80: 1 | X80: 1 | Y80: 1 | Z80: 1 | AA80: 1
J81: 77 | K81: A | L81: M5 | M81: M4 | N81: K | O81: A | Q81: 7 | R81: 6 | S81: 5 | T81: 8 | U81: 7 | W81: 1 | X81: 1 | Y81: 1 | Z81: 1 | AA81: 1
J82: 78 | K82: M4 | L82: G2 | M82: K | N82: M3 | O82: M4 | Q82: 5 | R82: 12 | S82: 8 | T82: 4 | U82: 5 | W82: 1 | X82: 1 | Y82: 1 | Z82: 1 | AA82: 1
J83: 79 | K83: M5 | L83: J | M83: M5 | N83: M2 | O83: M1 | Q83: 6 | R83: 10 | S83: 6 | T83: 3 | U83: 2 | W83: 1 | X83: 1 | Y83: 1 | Z83: 1 | AA83: 1
J84: 80 | K84: K | L84: J | M84: GK | N84: C1 | O84: J | Q84: 8 | R84: 10 | S84: 17 | T84: 1 | U84: 10 | W84: 1 | X84: 1 | Y84: 1 | Z84: 1 | AA84: 1
J85: 81 | K85: A | L85: A | M85: A | N85: A | O85: K | Q85: 7 | R85: 7 | S85: 7 | T85: 7 | U85: 8 | W85: 1 | X85: 1 | Y85: 1 | Z85: 1 | AA85: 1
J86: 82 | K86: M3 | L86: M4 | M86: M3 | N86: A | O86: M1 | Q86: 4 | R86: 5 | S86: 4 | T86: 7 | U86: 2 | W86: 1 | X86: 1 | Y86: 1 | Z86: 1 | AA86: 1
... J203: 199 | K203: A | L203: G2 | M203: K | N203: G2 | O203: M3 | Q203: 7 | R203: 12 | S203: 8 | T203: 12 | U203: 4 | W203: 1 | X203: 1 | Y203: 1 | Z203: 1 | AA203: 1

Sheet FG_Symbol
J2: Symbol | Q2: Symbol ID | W2: Symbol Weight | AC2: Eliminate Wheel Weight A | AJ2: Eliminate Wheel Weight B
A3: Symbol | B3: Description | C3: R1 | D3: R2 | E3: R3 | F3: R4 | G3: R5 | H3: ID | K3: R1 | L3: R2 | M3: R3 | N3: R4 | O3: R5 | Q3: R1 | R3: R2 | S3: R3 | T3: R4 | U3: R5 | W3: R1 | X3: R2 | Y3: R3 | Z3: R4 | AA3: R5
A4: {=Overview!A38:B57} -> WW | B4: Wild | C4: =COUNTIF(K:K, $A4) -> 0 | D4: =COUNTIF(L:L, $A4) -> 0 | E4: =COUNTIF(M:M, $A4) -> 0 | F4: =COUNTIF(N:N, $A4) -> 0 | G4: =COUNTIF(O:O, $A4) -> 0 | H4: {=Overview!F38:F57} -> 0 | J4: {=_xlfn.SEQUENCE(MAX(COUNTA(K:K), COUNTA(L:L), COUNTA(M:M), COUNTA(N:N), COUNTA(O:O))-1,,0)} -> 0 | K4: A | L4: M5 | M4: G4 | N4: GK | O4: K | Q4: {=_xlfn.LET(_xlpm.x, K4:O304, IF(_xlpm.x="", "", _xlfn.XLOOKUP(_xlpm.x, $A$4:$A$23,_xlfn.ANCHORARRAY( H4))))} -> 7 | R4: 6 | S4: 14 | T4: 17 | U4: 8 | W4: 1 | X4: 1 | Y4: 1 | Z4: 1 | AA4: 1 | AC4: 1 Combo | AJ4: 1 Combo
A5: C1 | B5: Scatter | C5: =COUNTIF(K:K, $A5) -> 2 | D5: =COUNTIF(L:L, $A5) -> 2 | E5: =COUNTIF(M:M, $A5) -> 2 | F5: =COUNTIF(N:N, $A5) -> 3 | G5: =COUNTIF(O:O, $A5) -> 3 | H5: 1 | J5: 1 | K5: M3 | L5: G5 | M5: G5 | N5: K | O5: A | Q5: 4 | R5: 15 | S5: 15 | T5: 8 | U5: 7 | W5: 1 | X5: 1 | Y5: 1 | Z5: 1 | AA5: 1 | AC5: Symbol | AD5: R1 | AE5: R2 | AF5: R3 | AG5: R4 | AH5: R5 | AJ5: Symbol | AK5: R1 | AL5: R2 | AM5: R3 | AN5: R4 | AO5: R5
A6: M1 | B6: M1 | C6: =COUNTIF(K:K, $A6) -> 3 | D6: =COUNTIF(L:L, $A6) -> 10 | E6: =COUNTIF(M:M, $A6) -> 0 | F6: =COUNTIF(N:N, $A6) -> 3 | G6: =COUNTIF(O:O, $A6) -> 9 | H6: 2 | J6: 2 | K6: M5 | L6: M4 | M6: GK | N6: J | O6: K | Q6: 6 | R6: 5 | S6: 17 | T6: 10 | U6: 8 | W6: 1 | X6: 1 | Y6: 1 | Z6: 1 | AA6: 1 | AC6: {=$A$4:$A$23} -> WW | AD6: 0 | AE6: 0 | AF6: 0 | AG6: 0 | AH6: 0 | AJ6: {=$A$4:$A$23} -> WW | AK6: 0 | AL6: 0 | AM6: 0 | AN6: 0 | AO6: 0
A7: M2 | B7: M2 | C7: =COUNTIF(K:K, $A7) -> 3 | D7: =COUNTIF(L:L, $A7) -> 12 | E7: =COUNTIF(M:M, $A7) -> 0 | F7: =COUNTIF(N:N, $A7) -> 3 | G7: =COUNTIF(O:O, $A7) -> 8 | H7: 3 | J7: 3 | K7: A | L7: A | M7: G4 | N7: M4 | O7: M5 | Q7: 7 | R7: 7 | S7: 14 | T7: 5 | U7: 6 | W7: 1 | X7: 1 | Y7: 1 | Z7: 1 | AA7: 1 | AC7: C1 | AD7: 1 | AE7: 1 | AF7: 1 | AG7: 1 | AH7: 1 | AJ7: C1 | AK7: 1 | AL7: 1 | AM7: 1 | AN7: 1 | AO7: 1
A8: M3 | B8: M3 | C8: =COUNTIF(K:K, $A8) -> 7 | D8: =COUNTIF(L:L, $A8) -> 13 | E8: =COUNTIF(M:M, $A8) -> 0 | F8: =COUNTIF(N:N, $A8) -> 7 | G8: =COUNTIF(O:O, $A8) -> 14 | H8: 4 | J8: 4 | K8: Q | L8: M4 | M8: GA | N8: J | O8: M4 | Q8: 9 | R8: 5 | S8: 16 | T8: 10 | U8: 5 | W8: 1 | X8: 1 | Y8: 1 | Z8: 1 | AA8: 1 | AC8: M1 | AD8: 3 | AE8: 10 | AF8: 0 | AG8: 3 | AH8: 9 | AJ8: M1 | AK8: 3 | AL8: 10 | AM8: 0 | AN8: 3 | AO8: 9
A9: M4 | B9: M4 | C9: =COUNTIF(K:K, $A9) -> 43 | D9: =COUNTIF(L:L, $A9) -> 22 | E9: =COUNTIF(M:M, $A9) -> 0 | F9: =COUNTIF(N:N, $A9) -> 31 | G9: =COUNTIF(O:O, $A9) -> 36 | H9: 5 | J9: 5 | K9: K | L9: A | M9: GK | N9: K | O9: M5 | Q9: 8 | R9: 7 | S9: 17 | T9: 8 | U9: 6 | W9: 1 | X9: 1 | Y9: 1 | Z9: 1 | AA9: 1 | AC9: M2 | AD9: 3 | AE9: 12 | AF9: 0 | AG9: 3 | AH9: 8 | AJ9: M2 | AK9: 3 | AL9: 12 | AM9: 0 | AN9: 3 | AO9: 8
A10: M5 | B10: M5 | C10: =COUNTIF(K:K, $A10) -> 42 | D10: =COUNTIF(L:L, $A10) -> 22 | E10: =COUNTIF(M:M, $A10) -> 0 | F10: =COUNTIF(N:N, $A10) -> 27 | G10: =COUNTIF(O:O, $A10) -> 34 | H10: 6 | J10: 6 | K10: M3 | L10: Q | M10: GA | N10: G4 | O10: M4 | Q10: 4 | R10: 9 | S10: 16 | T10: 14 | U10: 5 | W10: 1 | X10: 1 | Y10: 1 | Z10: 1 | AA10: 1 | AC10: M3 | AD10: 7 | AE10: 13 | AF10: 0 | AG10: 7 | AH10: 14 | AJ10: M3 | AK10: 7 | AL10: 13 | AM10: 0 | AN10: 7 | AO10: 14
A11: A | B11: A | C11: =COUNTIF(K:K, $A11) -> 43 | D11: =COUNTIF(L:L, $A11) -> 27 | E11: =COUNTIF(M:M, $A11) -> 0 | F11: =COUNTIF(N:N, $A11) -> 31 | G11: =COUNTIF(O:O, $A11) -> 35 | H11: 7 | J11: 7 | K11: M5 | L11: GQ | M11: GK | N11: GK | O11: M5 | Q11: 6 | R11: 18 | S11: 17 | T11: 17 | U11: 6 | W11: 1 | X11: 1 | Y11: 1 | Z11: 1 | AA11: 1 | AC11: M4 | AD11: 43 | AE11: 22 | AF11: 0 | AG11: 31 | AH11: 36 | AJ11: M4 | AK11: 43 | AL11: 22 | AM11: 0 | AN11: 31 | AO11: 36
A12: K | B12: K | C12: =COUNTIF(K:K, $A12) -> 43 | D12: =COUNTIF(L:L, $A12) -> 24 | E12: =COUNTIF(M:M, $A12) -> 0 | F12: =COUNTIF(N:N, $A12) -> 32 | G12: =COUNTIF(O:O, $A12) -> 34 | H12: 8 | J12: 8 | K12: J | L12: M2 | M12: GA | N12: A | O12: A | Q12: 10 | R12: 3 | S12: 16 | T12: 7 | U12: 7 | W12: 1 | X12: 1 | Y12: 1 | Z12: 1 | AA12: 1 | AC12: M5 | AD12: 42 | AE12: 22 | AF12: 0 | AG12: 27 | AH12: 34 | AJ12: M5 | AK12: 42 | AL12: 22 | AM12: 0 | AN12: 27 | AO12: 34
A13: Q | B13: Q | C13: =COUNTIF(K:K, $A13) -> 7 | D13: =COUNTIF(L:L, $A13) -> 12 | E13: =COUNTIF(M:M, $A13) -> 0 | F13: =COUNTIF(N:N, $A13) -> 6 | G13: =COUNTIF(O:O, $A13) -> 13 | H13: 9 | J13: 9 | K13: M1 | L13: GA | M13: G5 | N13: G4 | O13: Q | Q13: 2 | R13: 16 | S13: 15 | T13: 14 | U13: 9 | W13: 1 | X13: 1 | Y13: 1 | Z13: 1 | AA13: 1 | AC13: A | AD13: 43 | AE13: 27 | AF13: 0 | AG13: 31 | AH13: 35 | AJ13: A | AK13: 43 | AL13: 27 | AM13: 0 | AN13: 31 | AO13: 35
A14: J | B14: J | C14: =COUNTIF(K:K, $A14) -> 7 | D14: =COUNTIF(L:L, $A14) -> 8 | E14: =COUNTIF(M:M, $A14) -> 0 | F14: =COUNTIF(N:N, $A14) -> 7 | G14: =COUNTIF(O:O, $A14) -> 14 | H14: 10 | J14: 10 | K14: A | L14: K | M14: GA | N14: M4 | O14: M1 | Q14: 7 | R14: 8 | S14: 16 | T14: 5 | U14: 2 | W14: 1 | X14: 1 | Y14: 1 | Z14: 1 | AA14: 1 | AC14: K | AD14: 43 | AE14: 24 | AF14: 0 | AG14: 32 | AH14: 34 | AJ14: K | AK14: 43 | AL14: 24 | AM14: 0 | AN14: 32 | AO14: 34
A15: G1 | B15: Gold M1 | C15: =COUNTIF(K:K, $A15) -> 0 | D15: =COUNTIF(L:L, $A15) -> 2 | E15: =COUNTIF(M:M, $A15) -> 3 | F15: =COUNTIF(N:N, $A15) -> 1 | G15: =COUNTIF(O:O, $A15) -> 0 | H15: 11 | J15: 11 | K15: M5 | L15: GK | M15: GJ | N15: J | O15: Q | Q15: 6 | R15: 17 | S15: 19 | T15: 10 | U15: 9 | W15: 1 | X15: 1 | Y15: 1 | Z15: 1 | AA15: 1 | AC15: Q | AD15: 7 | AE15: 12 | AF15: 0 | AG15: 6 | AH15: 13 | AJ15: Q | AK15: 7 | AL15: 12 | AM15: 0 | AN15: 6 | AO15: 13
A16: G2 | B16: Gold M2 | C16: =COUNTIF(K:K, $A16) -> 0 | D16: =COUNTIF(L:L, $A16) -> 3 | E16: =COUNTIF(M:M, $A16) -> 1 | F16: =COUNTIF(N:N, $A16) -> 1 | G16: =COUNTIF(O:O, $A16) -> 0 | H16: 12 | J16: 12 | K16: J | L16: M5 | M16: G3 | N16: M2 | O16: M3 | Q16: 10 | R16: 6 | S16: 13 | T16: 3 | U16: 4 | W16: 1 | X16: 1 | Y16: 1 | Z16: 1 | AA16: 1 | AC16: J | AD16: 7 | AE16: 8 | AF16: 0 | AG16: 7 | AH16: 14 | AJ16: J | AK16: 7 | AL16: 8 | AM16: 0 | AN16: 7 | AO16: 14
A17: G3 | B17: Gold M3 | C17: =COUNTIF(K:K, $A17) -> 0 | D17: =COUNTIF(L:L, $A17) -> 3 | E17: =COUNTIF(M:M, $A17) -> 8 | F17: =COUNTIF(N:N, $A17) -> 2 | G17: =COUNTIF(O:O, $A17) -> 0 | H17: 13 | J17: 13 | K17: M4 | L17: G4 | M17: GA | N17: K | O17: K | Q17: 5 | R17: 14 | S17: 16 | T17: 8 | U17: 8 | W17: 1 | X17: 1 | Y17: 1 | Z17: 1 | AA17: 1 | AC17: G1 | AD17: 0 | AE17: 2 | AF17: 3 | AG17: 1 | AH17: 0 | AJ17: G1 | AK17: 0 | AL17: 2 | AM17: 3 | AN17: 1 | AO17: 0
A18: G4 | B18: Gold M4 | C18: =COUNTIF(K:K, $A18) -> 0 | D18: =COUNTIF(L:L, $A18) -> 8 | E18: =COUNTIF(M:M, $A18) -> 43 | F18: =COUNTIF(N:N, $A18) -> 11 | G18: =COUNTIF(O:O, $A18) -> 0 | H18: 14 | J18: 14 | K18: M5 | L18: M3 | M18: G4 | N18: M4 | O18: J | Q18: 6 | R18: 4 | S18: 14 | T18: 5 | U18: 10 | W18: 1 | X18: 1 | Y18: 1 | Z18: 1 | AA18: 1 | AC18: G2 | AD18: 0 | AE18: 3 | AF18: 1 | AG18: 1 | AH18: 0 | AJ18: G2 | AK18: 0 | AL18: 3 | AM18: 1 | AN18: 1 | AO18: 0
... A23: GJ | B23: Gold J | C23: =COUNTIF(K:K, $A23) -> 0 | D23: =COUNTIF(L:L, $A23) -> 2 | E23: =COUNTIF(M:M, $A23) -> 9 | F23: =COUNTIF(N:N, $A23) -> 2 | G23: =COUNTIF(O:O, $A23) -> 0 | H23: 19 | J23: 19 | K23: M2 | L23: J | M23: G4 | N23: K | O23: Q | Q23: 3 | R23: 10 | S23: 14 | T23: 8 | U23: 9 | W23: 1 | X23: 1 | Y23: 1 | Z23: 1 | AA23: 1 | AC23: GK | AD23: 0 | AE23: 9 | AF23: 44 | AG23: 10 | AH23: 0 | AJ23: GK | AK23: 0 | AL23: 9 | AM23: 44 | AN23: 10 | AO23: 0
C24: =SUM(C4:C23) -> 200 | D24: =SUM(D4:D23) -> 200 | E24: =SUM(E4:E23) -> 200 | F24: =SUM(F4:F23) -> 200 | G24: =SUM(G4:G23) -> 200 | J24: 20 | K24: C1 | L24: M2 | M24: GA | N24: M5 | O24: A | Q24: 1 | R24: 3 | S24: 16 | T24: 6 | U24: 7 | W24: 1 | X24: 1 | Y24: 1 | Z24: 1 | AA24: 1 | AC24: GQ | AD24: 0 | AE24: 3 | AF24: 6 | AG24: 1 | AH24: 0 | AJ24: GQ | AK24: 0 | AL24: 3 | AM24: 6 | AN24: 1 | AO24: 0
J25: 21 | K25: K | L25: A | M25: GK | N25: A | O25: Q | Q25: 8 | R25: 7 | S25: 17 | T25: 7 | U25: 9 | W25: 1 | X25: 1 | Y25: 1 | Z25: 1 | AA25: 1 | AC25: GJ | AD25: 0 | AE25: 2 | AF25: 9 | AG25: 2 | AH25: 0 | AJ25: GJ | AK25: 0 | AL25: 2 | AM25: 9 | AN25: 2 | AO25: 0
A26: Symbol | B26: Description | C26: R1 | D26: R2 | E26: R3 | F26: R4 | G26: R5 | H26: ID | J26: 22 | K26: M5 | L26: M5 | M26: GJ | N26: M2 | O26: K | Q26: 6 | R26: 6 | S26: 19 | T26: 3 | U26: 8 | W26: 1 | X26: 1 | Y26: 1 | Z26: 1 | AA26: 1 | AD26: =SUM(AD6:AD25) -> 199 | AE26: =SUM(AE6:AE25) -> 199 | AF26: =SUM(AF6:AF25) -> 199 | AG26: =SUM(AG6:AG25) -> 198 | AH26: =SUM(AH6:AH25) -> 198 | AK26: =SUM(AK6:AK25) -> 199 | AL26: =SUM(AL6:AL25) -> 199 | AM26: =SUM(AM6:AM25) -> 199 | AN26: =SUM(AN6:AN25) -> 198 | AO26: =SUM(AO6:AO25) -> 198
A27: {=_xlfn.ANCHORARRAY(A4)} -> WW | B27: Wild | C27: {=C4:G23/C24:G24} -> 0 | D27: 0 | E27: 0 | F27: 0 | G27: 0 | H27: {=_xlfn.ANCHORARRAY(H4)} -> 0 | J27: 23 | K27: A | L27: Q | M27: GK | N27: G4 | O27: M2 | Q27: 7 | R27: 9 | S27: 17 | T27: 14 | U27: 3 | W27: 1 | X27: 1 | Y27: 1 | Z27: 1 | AA27: 1
A28: C1 | B28: Scatter | C28: 0.01 | D28: 0.01 | E28: 0.01 | F28: 0.015 | G28: 0.015 | H28: 1 | J28: 24 | K28: M5 | L28: A | M28: GA | N28: K | O28: A | Q28: 6 | R28: 7 | S28: 16 | T28: 8 | U28: 7 | W28: 1 | X28: 1 | Y28: 1 | Z28: 1 | AA28: 1 | AC28: 2 Combo | AJ28: 2 Combo
A29: M1 | B29: M1 | C29: 0.015 | D29: 0.05 | E29: 0 | F29: 0.015 | G29: 0.045 | H29: 2 | J29: 25 | K29: Q | L29: M4 | M29: G4 | N29: A | O29: M3 | Q29: 9 | R29: 5 | S29: 14 | T29: 7 | U29: 4 | W29: 1 | X29: 1 | Y29: 1 | Z29: 1 | AA29: 1 | AC29: Symbol | AD29: R1 | AE29: R2 | AF29: R3 | AG29: R4 | AH29: R5 | AJ29: Symbol | AK29: R1 | AL29: R2 | AM29: R3 | AN29: R4 | AO29: R5
A30: M2 | B30: M2 | C30: 0.015 | D30: 0.06 | E30: 0 | F30: 0.015 | G30: 0.04 | H30: 3 | J30: 26 | K30: A | L30: A | M30: GJ | N30: G4 | O30: M1 | Q30: 7 | R30: 7 | S30: 19 | T30: 14 | U30: 2 | W30: 1 | X30: 1 | Y30: 1 | Z30: 1 | AA30: 1 | AC30: {=$A$4:$A$23} -> WW | AD30: 0 | AE30: 0 | AF30: 0 | AG30: 0 | AH30: 0 | AJ30: {=$A$4:$A$23} -> WW | AK30: 0 | AL30: 0 | AM30: 0 | AN30: 0 | AO30: 0
A31: M3 | B31: M3 | C31: 0.035 | D31: 0.065 | E31: 0 | F31: 0.035 | G31: 0.07 | H31: 4 | J31: 27 | K31: M5 | L31: M2 | M31: GK | N31: GA | O31: J | Q31: 6 | R31: 3 | S31: 17 | T31: 16 | U31: 10 | W31: 1 | X31: 1 | Y31: 1 | Z31: 1 | AA31: 1 | AC31: C1 | AD31: 1 | AE31: 1 | AF31: 1 | AG31: 1 | AH31: 1 | AJ31: C1 | AK31: 1 | AL31: 1 | AM31: 1 | AN31: 1 | AO31: 1
A32: M4 | B32: M4 | C32: 0.215 | D32: 0.11 | E32: 0 | F32: 0.155 | G32: 0.18 | H32: 5 | J32: 28 | K32: K | L32: A | M32: GA | N32: M5 | O32: A | Q32: 8 | R32: 7 | S32: 16 | T32: 6 | U32: 7 | W32: 1 | X32: 1 | Y32: 1 | Z32: 1 | AA32: 1 | AC32: M1 | AD32: 3 | AE32: 10 | AF32: 0 | AG32: 3 | AH32: 9 | AJ32: M1 | AK32: 3 | AL32: 10 | AM32: 0 | AN32: 3 | AO32: 9
A33: M5 | B33: M5 | C33: 0.21 | D33: 0.11 | E33: 0 | F33: 0.135 | G33: 0.17 | H33: 6 | J33: 29 | K33: M4 | L33: K | M33: GK | N33: G5 | O33: M1 | Q33: 5 | R33: 8 | S33: 17 | T33: 15 | U33: 2 | W33: 1 | X33: 1 | Y33: 1 | Z33: 1 | AA33: 1 | AC33: M2 | AD33: 3 | AE33: 12 | AF33: 0 | AG33: 3 | AH33: 8 | AJ33: M2 | AK33: 3 | AL33: 12 | AM33: 0 | AN33: 3 | AO33: 8
A34: A | B34: A | C34: 0.215 | D34: 0.135 | E34: 0 | F34: 0.155 | G34: 0.175 | H34: 7 | J34: 30 | K34: J | L34: GA | M34: GA | N34: K | O34: M4 | Q34: 10 | R34: 16 | S34: 16 | T34: 8 | U34: 5 | W34: 1 | X34: 1 | Y34: 1 | Z34: 1 | AA34: 1 | AC34: M3 | AD34: 7 | AE34: 13 | AF34: 0 | AG34: 7 | AH34: 14 | AJ34: M3 | AK34: 7 | AL34: 13 | AM34: 0 | AN34: 7 | AO34: 14
A35: K | B35: K | C35: 0.215 | D35: 0.12 | E35: 0 | F35: 0.16 | G35: 0.17 | H35: 8 | J35: 31 | K35: M4 | L35: M5 | M35: GK | N35: M5 | O35: K | Q35: 5 | R35: 6 | S35: 17 | T35: 6 | U35: 8 | W35: 1 | X35: 1 | Y35: 1 | Z35: 1 | AA35: 1 | AC35: M4 | AD35: 43 | AE35: 22 | AF35: 0 | AG35: 31 | AH35: 36 | AJ35: M4 | AK35: 43 | AL35: 22 | AM35: 0 | AN35: 31 | AO35: 36
A36: Q | B36: Q | C36: 0.035 | D36: 0.06 | E36: 0 | F36: 0.03 | G36: 0.065 | H36: 9 | J36: 32 | K36: M5 | L36: M3 | M36: G3 | N36: G5 | O36: M3 | Q36: 6 | R36: 4 | S36: 13 | T36: 15 | U36: 4 | W36: 1 | X36: 1 | Y36: 1 | Z36: 1 | AA36: 1 | AC36: M5 | AD36: 42 | AE36: 22 | AF36: 0 | AG36: 27 | AH36: 34 | AJ36: M5 | AK36: 42 | AL36: 22 | AM36: 0 | AN36: 27 | AO36: 34
A37: J | B37: J | C37: 0.035 | D37: 0.04 | E37: 0 | F37: 0.035 | G37: 0.07 | H37: 10 | J37: 33 | K37: K | L37: GQ | M37: GA | N37: A | O37: M1 | Q37: 8 | R37: 18 | S37: 16 | T37: 7 | U37: 2 | W37: 1 | X37: 1 | Y37: 1 | Z37: 1 | AA37: 1 | AC37: A | AD37: 43 | AE37: 27 | AF37: 0 | AG37: 31 | AH37: 35 | AJ37: A | AK37: 43 | AL37: 27 | AM37: 0 | AN37: 31 | AO37: 35
A38: G1 | B38: Gold M1 | C38: 0 | D38: 0.01 | E38: 0.015 | F38: 0.005 | G38: 0 | H38: 11 | J38: 34 | K38: A | L38: M4 | M38: GQ | N38: GK | O38: M5 | Q38: 7 | R38: 5 | S38: 18 | T38: 17 | U38: 6 | W38: 1 | X38: 1 | Y38: 1 | Z38: 1 | AA38: 1 | AC38: K | AD38: 43 | AE38: 24 | AF38: 0 | AG38: 32 | AH38: 34 | AJ38: K | AK38: 43 | AL38: 24 | AM38: 0 | AN38: 32 | AO38: 34
A39: G2 | B39: Gold M2 | C39: 0 | D39: 0.015 | E39: 0.005 | F39: 0.005 | G39: 0 | H39: 12 | J39: 35 | K39: M5 | L39: M3 | M39: G5 | N39: M3 | O39: M4 | Q39: 6 | R39: 4 | S39: 15 | T39: 4 | U39: 5 | W39: 1 | X39: 1 | Y39: 1 | Z39: 1 | AA39: 1 | AC39: Q | AD39: 7 | AE39: 12 | AF39: 0 | AG39: 6 | AH39: 13 | AJ39: Q | AK39: 7 | AL39: 12 | AM39: 0 | AN39: 6 | AO39: 13
A40: G3 | B40: Gold M3 | C40: 0 | D40: 0.015 | E40: 0.04 | F40: 0.01 | G40: 0 | H40: 13 | J40: 36 | K40: M4 | L40: M4 | M40: GA | N40: K | O40: A | Q40: 5 | R40: 5 | S40: 16 | T40: 8 | U40: 7 | W40: 1 | X40: 1 | Y40: 1 | Z40: 1 | AA40: 1 | AC40: J | AD40: 7 | AE40: 8 | AF40: 0 | AG40: 7 | AH40: 14 | AJ40: J | AK40: 7 | AL40: 8 | AM40: 0 | AN40: 7 | AO40: 14
A41: G4 | B41: Gold M4 | C41: 0 | D41: 0.04 | E41: 0.215 | F41: 0.055 | G41: 0 | H41: 14 | J41: 37 | K41: M5 | L41: M5 | M41: GJ | N41: G1 | O41: M5 | Q41: 6 | R41: 6 | S41: 19 | T41: 11 | U41: 6 | W41: 1 | X41: 1 | Y41: 1 | Z41: 1 | AA41: 1 | AC41: G1 | AD41: 0 | AE41: 2 | AF41: 3 | AG41: 1 | AH41: 0 | AJ41: G1 | AK41: 0 | AL41: 2 | AM41: 3 | AN41: 1 | AO41: 0
A42: G5 | B42: Gold M5 | C42: 0 | D42: 0.04 | E42: 0.21 | F42: 0.06 | G42: 0 | H42: 15 | J42: 38 | K42: K | L42: A | M42: G4 | N42: K | O42: K | Q42: 8 | R42: 7 | S42: 14 | T42: 8 | U42: 8 | W42: 1 | X42: 1 | Y42: 1 | Z42: 1 | AA42: 1 | AC42: G2 | AD42: 0 | AE42: 3 | AF42: 1 | AG42: 1 | AH42: 0 | AJ42: G2 | AK42: 0 | AL42: 3 | AM42: 1 | AN42: 1 | AO42: 0
... A46: GJ | B46: Gold J | C46: 0 | D46: 0.01 | E46: 0.045 | F46: 0.01 | G46: 0 | H46: 19 | J46: 42 | K46: K | L46: M2 | M46: GA | N46: K | O46: M4 | Q46: 8 | R46: 3 | S46: 16 | T46: 8 | U46: 5 | W46: 1 | X46: 1 | Y46: 1 | Z46: 1 | AA46: 1 | AC46: GA | AD46: 0 | AE46: 10 | AF46: 42 | AG46: 10 | AH46: 0 | AJ46: GA | AK46: 0 | AL46: 10 | AM46: 42 | AN46: 10 | AO46: 0
J47: 43 | K47: M5 | L47: M3 | M47: G5 | N47: M4 | O47: K | Q47: 6 | R47: 4 | S47: 15 | T47: 5 | U47: 8 | W47: 1 | X47: 1 | Y47: 1 | Z47: 1 | AA47: 1 | AC47: GK | AD47: 0 | AE47: 9 | AF47: 44 | AG47: 10 | AH47: 0 | AJ47: GK | AK47: 0 | AL47: 9 | AM47: 44 | AN47: 10 | AO47: 0
J48: 44 | K48: M2 | L48: A | M48: GK | N48: A | O48: M5 | Q48: 3 | R48: 7 | S48: 17 | T48: 7 | U48: 6 | W48: 1 | X48: 1 | Y48: 1 | Z48: 1 | AA48: 1 | AC48: GQ | AD48: 0 | AE48: 3 | AF48: 6 | AG48: 1 | AH48: 0 | AJ48: GQ | AK48: 0 | AL48: 3 | AM48: 6 | AN48: 1 | AO48: 0
J49: 45 | K49: A | L49: M5 | M49: GA | N49: G5 | O49: M3 | Q49: 7 | R49: 6 | S49: 16 | T49: 15 | U49: 4 | W49: 1 | X49: 1 | Y49: 1 | Z49: 1 | AA49: 1 | AC49: GJ | AD49: 0 | AE49: 2 | AF49: 9 | AG49: 2 | AH49: 0 | AJ49: GJ | AK49: 0 | AL49: 2 | AM49: 9 | AN49: 2 | AO49: 0
J50: 46 | K50: M5 | L50: G5 | M50: G5 | N50: A | O50: A | Q50: 6 | R50: 15 | S50: 15 | T50: 7 | U50: 7 | W50: 1 | X50: 1 | Y50: 1 | Z50: 1 | AA50: 1 | AD50: =SUM(AD30:AD49) -> 199 | AE50: =SUM(AE30:AE49) -> 199 | AF50: =SUM(AF30:AF49) -> 199 | AG50: =SUM(AG30:AG49) -> 198 | AH50: =SUM(AH30:AH49) -> 198 | AK50: =SUM(AK30:AK49) -> 199 | AL50: =SUM(AL30:AL49) -> 199 | AM50: =SUM(AM30:AM49) -> 199 | AN50: =SUM(AN30:AN49) -> 198 | AO50: =SUM(AO30:AO49) -> 198
J51: 47 | K51: K | L51: K | M51: GA | N51: M3 | O51: J | Q51: 8 | R51: 8 | S51: 16 | T51: 4 | U51: 10 | W51: 1 | X51: 1 | Y51: 1 | Z51: 1 | AA51: 1
J52: 48 | K52: M4 | L52: M5 | M52: GK | N52: GK | O52: M1 | Q52: 5 | R52: 6 | S52: 17 | T52: 17 | U52: 2 | W52: 1 | X52: 1 | Y52: 1 | Z52: 1 | AA52: 1 | AC52: 3+ Combo | AJ52: 3+ Combo
J53: 49 | K53: M5 | L53: K | M53: G4 | N53: K | O53: A | Q53: 6 | R53: 8 | S53: 14 | T53: 8 | U53: 7 | W53: 1 | X53: 1 | Y53: 1 | Z53: 1 | AA53: 1 | AC53: Symbol | AD53: R1 | AE53: R2 | AF53: R3 | AG53: R4 | AH53: R5 | AJ53: Symbol | AK53: R1 | AL53: R2 | AM53: R3 | AN53: R4 | AO53: R5
J54: 50 | K54: A | L54: A | M54: GA | N54: M4 | O54: K | Q54: 7 | R54: 7 | S54: 16 | T54: 5 | U54: 8 | W54: 1 | X54: 1 | Y54: 1 | Z54: 1 | AA54: 1 | AC54: {=$A$4:$A$23} -> WW | AD54: 0 | AE54: 0 | AF54: 0 | AG54: 0 | AH54: 0 | AJ54: {=$A$4:$A$23} -> WW | AK54: 0 | AL54: 0 | AM54: 0 | AN54: 0 | AO54: 0
J55: 51 | K55: M4 | L55: M2 | M55: GK | N55: G4 | O55: A | Q55: 5 | R55: 3 | S55: 17 | T55: 14 | U55: 7 | W55: 1 | X55: 1 | Y55: 1 | Z55: 1 | AA55: 1 | AC55: C1 | AD55: 1 | AE55: 1 | AF55: 1 | AG55: 1 | AH55: 1 | AJ55: C1 | AK55: 1 | AL55: 1 | AM55: 1 | AN55: 1 | AO55: 1
J56: 52 | K56: K | L56: A | M56: G4 | N56: M5 | O56: K | Q56: 8 | R56: 7 | S56: 14 | T56: 6 | U56: 8 | W56: 1 | X56: 1 | Y56: 1 | Z56: 1 | AA56: 1 | AC56: M1 | AD56: 3 | AE56: 10 | AF56: 0 | AG56: 3 | AH56: 9 | AJ56: M1 | AK56: 3 | AL56: 10 | AM56: 0 | AN56: 3 | AO56: 9
J57: 53 | K57: A | L57: G4 | M57: C1 | N57: M3 | O57: M4 | Q57: 7 | R57: 14 | S57: 1 | T57: 4 | U57: 5 | W57: 1 | X57: 1 | Y57: 1 | Z57: 1 | AA57: 1 | AC57: M2 | AD57: 3 | AE57: 12 | AF57: 0 | AG57: 3 | AH57: 8 | AJ57: M2 | AK57: 3 | AL57: 12 | AM57: 0 | AN57: 3 | AO57: 8
J58: 54 | K58: M4 | L58: Q | M58: GK | N58: K | O58: A | Q58: 5 | R58: 9 | S58: 17 | T58: 8 | U58: 7 | W58: 1 | X58: 1 | Y58: 1 | Z58: 1 | AA58: 1 | AC58: M3 | AD58: 7 | AE58: 13 | AF58: 0 | AG58: 7 | AH58: 14 | AJ58: M3 | AK58: 7 | AL58: 13 | AM58: 0 | AN58: 7 | AO58: 14
J59: 55 | K59: A | L59: M3 | M59: G4 | N59: Q | O59: K | Q59: 7 | R59: 4 | S59: 14 | T59: 9 | U59: 8 | W59: 1 | X59: 1 | Y59: 1 | Z59: 1 | AA59: 1 | AC59: M4 | AD59: 43 | AE59: 22 | AF59: 0 | AG59: 31 | AH59: 36 | AJ59: M4 | AK59: 43 | AL59: 22 | AM59: 0 | AN59: 31 | AO59: 36
J60: 56 | K60: M3 | L60: M2 | M60: GQ | N60: M5 | O60: M5 | Q60: 4 | R60: 3 | S60: 18 | T60: 6 | U60: 6 | W60: 1 | X60: 1 | Y60: 1 | Z60: 1 | AA60: 1 | AC60: M5 | AD60: 42 | AE60: 22 | AF60: 0 | AG60: 27 | AH60: 34 | AJ60: M5 | AK60: 42 | AL60: 22 | AM60: 0 | AN60: 27 | AO60: 34
J61: 57 | K61: M4 | L61: K | M61: G4 | N61: G4 | O61: K | Q61: 5 | R61: 8 | S61: 14 | T61: 14 | U61: 8 | W61: 1 | X61: 1 | Y61: 1 | Z61: 1 | AA61: 1 | AC61: A | AD61: 43 | AE61: 27 | AF61: 0 | AG61: 31 | AH61: 35 | AJ61: A | AK61: 43 | AL61: 27 | AM61: 0 | AN61: 31 | AO61: 35
J62: 58 | K62: M5 | L62: C1 | M62: G5 | N62: Q | O62: M4 | Q62: 6 | R62: 1 | S62: 15 | T62: 9 | U62: 5 | W62: 1 | X62: 1 | Y62: 1 | Z62: 1 | AA62: 1 | AC62: K | AD62: 43 | AE62: 24 | AF62: 0 | AG62: 32 | AH62: 34 | AJ62: K | AK62: 43 | AL62: 24 | AM62: 0 | AN62: 32 | AO62: 34
J63: 59 | K63: C1 | L63: M2 | M63: G4 | N63: M1 | O63: A | Q63: 1 | R63: 3 | S63: 14 | T63: 2 | U63: 7 | W63: 1 | X63: 1 | Y63: 1 | Z63: 1 | AA63: 1 | AC63: Q | AD63: 7 | AE63: 12 | AF63: 0 | AG63: 6 | AH63: 13 | AJ63: Q | AK63: 7 | AL63: 12 | AM63: 0 | AN63: 6 | AO63: 13
J64: 60 | K64: K | L64: J | M64: GK | N64: Q | O64: M4 | Q64: 8 | R64: 10 | S64: 17 | T64: 9 | U64: 5 | W64: 1 | X64: 1 | Y64: 1 | Z64: 1 | AA64: 1 | AC64: J | AD64: 7 | AE64: 8 | AF64: 0 | AG64: 7 | AH64: 14 | AJ64: J | AK64: 7 | AL64: 8 | AM64: 0 | AN64: 7 | AO64: 14
J65: 61 | K65: M5 | L65: A | M65: GA | N65: GA | O65: M3 | Q65: 6 | R65: 7 | S65: 16 | T65: 16 | U65: 4 | W65: 1 | X65: 1 | Y65: 1 | Z65: 1 | AA65: 1 | AC65: G1 | AD65: 0 | AE65: 2 | AF65: 3 | AG65: 1 | AH65: 0 | AJ65: G1 | AK65: 0 | AL65: 2 | AM65: 3 | AN65: 1 | AO65: 0
J66: 62 | K66: K | L66: G4 | M66: G4 | N66: M5 | O66: J | Q66: 8 | R66: 14 | S66: 14 | T66: 6 | U66: 10 | W66: 1 | X66: 1 | Y66: 1 | Z66: 1 | AA66: 1 | AC66: G2 | AD66: 0 | AE66: 3 | AF66: 1 | AG66: 1 | AH66: 0 | AJ66: G2 | AK66: 0 | AL66: 3 | AM66: 1 | AN66: 1 | AO66: 0
... J73: 69 | K73: M5 | L73: Q | M73: GK | N73: J | O73: M5 | Q73: 6 | R73: 9 | S73: 17 | T73: 10 | U73: 6 | W73: 1 | X73: 1 | Y73: 1 | Z73: 1 | AA73: 1 | AC73: GJ | AD73: 0 | AE73: 2 | AF73: 9 | AG73: 2 | AH73: 0 | AJ73: GJ | AK73: 0 | AL73: 2 | AM73: 9 | AN73: 2 | AO73: 0
J74: 70 | K74: K | L74: M4 | M74: G5 | N74: A | O74: M4 | Q74: 8 | R74: 5 | S74: 15 | T74: 7 | U74: 5 | W74: 1 | X74: 1 | Y74: 1 | Z74: 1 | AA74: 1 | AD74: =SUM(AD54:AD73) -> 199 | AE74: =SUM(AE54:AE73) -> 199 | AF74: =SUM(AF54:AF73) -> 199 | AG74: =SUM(AG54:AG73) -> 198 | AH74: =SUM(AH54:AH73) -> 198 | AK74: =SUM(AK54:AK73) -> 199 | AL74: =SUM(AL54:AL73) -> 199 | AM74: =SUM(AM54:AM73) -> 199 | AN74: =SUM(AN54:AN73) -> 198 | AO74: =SUM(AO54:AO73) -> 198
J75: 71 | K75: J | L75: GA | M75: GA | N75: M5 | O75: Q | Q75: 10 | R75: 16 | S75: 16 | T75: 6 | U75: 9 | W75: 1 | X75: 1 | Y75: 1 | Z75: 1 | AA75: 1
J76: 72 | K76: A | L76: A | M76: G5 | N76: K | O76: M5 | Q76: 7 | R76: 7 | S76: 15 | T76: 8 | U76: 6 | W76: 1 | X76: 1 | Y76: 1 | Z76: 1 | AA76: 1
J77: 73 | K77: M5 | L77: J | M77: G1 | N77: G3 | O77: M4 | Q77: 6 | R77: 10 | S77: 11 | T77: 13 | U77: 5 | W77: 1 | X77: 1 | Y77: 1 | Z77: 1 | AA77: 1
J78: 74 | K78: A | L78: M4 | M78: G5 | N78: K | O78: A | Q78: 7 | R78: 5 | S78: 15 | T78: 8 | U78: 7 | W78: 1 | X78: 1 | Y78: 1 | Z78: 1 | AA78: 1
J79: 75 | K79: K | L79: M2 | M79: G4 | N79: M4 | O79: M4 | Q79: 8 | R79: 3 | S79: 14 | T79: 5 | U79: 5 | W79: 1 | X79: 1 | Y79: 1 | Z79: 1 | AA79: 1
J80: 76 | K80: A | L80: A | M80: GA | N80: A | O80: M5 | Q80: 7 | R80: 7 | S80: 16 | T80: 7 | U80: 6 | W80: 1 | X80: 1 | Y80: 1 | Z80: 1 | AA80: 1
J81: 77 | K81: K | L81: M4 | M81: G4 | N81: M4 | O81: A | Q81: 8 | R81: 5 | S81: 14 | T81: 5 | U81: 7 | W81: 1 | X81: 1 | Y81: 1 | Z81: 1 | AA81: 1
J82: 78 | K82: A | L82: G3 | M82: GA | N82: GA | O82: J | Q82: 7 | R82: 13 | S82: 16 | T82: 16 | U82: 10 | W82: 1 | X82: 1 | Y82: 1 | Z82: 1 | AA82: 1
J83: 79 | K83: M4 | L83: M5 | M83: GJ | N83: M4 | O83: M1 | Q83: 5 | R83: 6 | S83: 19 | T83: 5 | U83: 2 | W83: 1 | X83: 1 | Y83: 1 | Z83: 1 | AA83: 1
J84: 80 | K84: M3 | L84: GJ | M84: G5 | N84: K | O84: M3 | Q84: 4 | R84: 19 | S84: 15 | T84: 8 | U84: 4 | W84: 1 | X84: 1 | Y84: 1 | Z84: 1 | AA84: 1
J85: 81 | K85: J | L85: G4 | M85: GK | N85: GA | O85: A | Q85: 10 | R85: 14 | S85: 17 | T85: 16 | U85: 7 | W85: 1 | X85: 1 | Y85: 1 | Z85: 1 | AA85: 1
J86: 82 | K86: M4 | L86: K | M86: GJ | N86: J | O86: K | Q86: 5 | R86: 8 | S86: 19 | T86: 10 | U86: 8 | W86: 1 | X86: 1 | Y86: 1 | Z86: 1 | AA86: 1
... J203: 199 | K203: M4 | L203: M4 | M203: G4 | N203: M4 | O203: M4 | Q203: 5 | R203: 5 | S203: 14 | T203: 5 | U203: 5 | W203: 1 | X203: 1 | Y203: 1 | Z203: 1 | AA203: 1

Sheet FG_Symbol (2)
J2: Symbol | Q2: Symbol ID | W2: Symbol Weight | AC2: Eliminate Wheel Weight A | AJ2: Eliminate Wheel Weight B
A3: Symbol | B3: Description | C3: R1 | D3: R2 | E3: R3 | F3: R4 | G3: R5 | H3: ID | K3: R1 | L3: R2 | M3: R3 | N3: R4 | O3: R5 | Q3: R1 | R3: R2 | S3: R3 | T3: R4 | U3: R5 | W3: R1 | X3: R2 | Y3: R3 | Z3: R4 | AA3: R5
A4: {=Overview!A38:B57} -> WW | B4: Wild | C4: =COUNTIF(K:K, $A4) -> 0 | D4: =COUNTIF(L:L, $A4) -> 0 | E4: =COUNTIF(M:M, $A4) -> 0 | F4: =COUNTIF(N:N, $A4) -> 0 | G4: =COUNTIF(O:O, $A4) -> 0 | H4: {=Overview!F38:F57} -> 0 | J4: {=_xlfn.SEQUENCE(MAX(COUNTA(K:K), COUNTA(L:L), COUNTA(M:M), COUNTA(N:N), COUNTA(O:O))-1,,0)} -> 0 | K4: A | L4: M5 | M4: G4 | N4: M5 | O4: A | Q4: {=_xlfn.LET(_xlpm.x, K4:O304, IF(_xlpm.x="", "", _xlfn.XLOOKUP(_xlpm.x, $A$4:$A$23,_xlfn.ANCHORARRAY( H4))))} -> 7 | R4: 6 | S4: 14 | T4: 6 | U4: 7 | W4: 1 | X4: 1 | Y4: 1 | Z4: 1 | AA4: 1 | AC4: 1 Combo | AJ4: 1 Combo
A5: C1 | B5: Scatter | C5: =COUNTIF(K:K, $A5) -> 3 | D5: =COUNTIF(L:L, $A5) -> 3 | E5: =COUNTIF(M:M, $A5) -> 3 | F5: =COUNTIF(N:N, $A5) -> 5 | G5: =COUNTIF(O:O, $A5) -> 5 | H5: 1 | J5: 1 | K5: M5 | L5: GJ | M5: GK | N5: M4 | O5: M2 | Q5: 6 | R5: 19 | S5: 17 | T5: 5 | U5: 3 | W5: 1 | X5: 1 | Y5: 1 | Z5: 1 | AA5: 1 | AC5: Symbol | AD5: R1 | AE5: R2 | AF5: R3 | AG5: R4 | AH5: R5 | AJ5: Symbol | AK5: R1 | AL5: R2 | AM5: R3 | AN5: R4 | AO5: R5
A6: M1 | B6: M1 | C6: =COUNTIF(K:K, $A6) -> 3 | D6: =COUNTIF(L:L, $A6) -> 10 | E6: =COUNTIF(M:M, $A6) -> 0 | F6: =COUNTIF(N:N, $A6) -> 3 | G6: =COUNTIF(O:O, $A6) -> 9 | H6: 2 | J6: 2 | K6: A | L6: GA | M6: G4 | N6: J | O6: M4 | Q6: 7 | R6: 16 | S6: 14 | T6: 10 | U6: 5 | W6: 1 | X6: 1 | Y6: 1 | Z6: 1 | AA6: 1 | AC6: {=$A$4:$A$23} -> WW | AD6: 0 | AE6: 0 | AF6: 0 | AG6: 0 | AH6: 0 | AJ6: {=$A$4:$A$23} -> WW | AK6: 0 | AL6: 0 | AM6: 0 | AN6: 0 | AO6: 0
A7: M2 | B7: M2 | C7: =COUNTIF(K:K, $A7) -> 3 | D7: =COUNTIF(L:L, $A7) -> 12 | E7: =COUNTIF(M:M, $A7) -> 0 | F7: =COUNTIF(N:N, $A7) -> 3 | G7: =COUNTIF(O:O, $A7) -> 8 | H7: 3 | J7: 3 | K7: K | L7: M5 | M7: G5 | N7: A | O7: M5 | Q7: 8 | R7: 6 | S7: 15 | T7: 7 | U7: 6 | W7: 1 | X7: 1 | Y7: 1 | Z7: 1 | AA7: 1 | AC7: C1 | AD7: 1 | AE7: 1 | AF7: 1 | AG7: 1 | AH7: 1 | AJ7: C1 | AK7: 1 | AL7: 1 | AM7: 1 | AN7: 1 | AO7: 1
A8: M3 | B8: M3 | C8: =COUNTIF(K:K, $A8) -> 7 | D8: =COUNTIF(L:L, $A8) -> 13 | E8: =COUNTIF(M:M, $A8) -> 0 | F8: =COUNTIF(N:N, $A8) -> 7 | G8: =COUNTIF(O:O, $A8) -> 14 | H8: 4 | J8: 4 | K8: M5 | L8: G5 | M8: GA | N8: K | O8: M3 | Q8: 6 | R8: 15 | S8: 16 | T8: 8 | U8: 4 | W8: 1 | X8: 1 | Y8: 1 | Z8: 1 | AA8: 1 | AC8: M1 | AD8: 3 | AE8: 10 | AF8: 0 | AG8: 3 | AH8: 9 | AJ8: M1 | AK8: 3 | AL8: 10 | AM8: 0 | AN8: 3 | AO8: 9
A9: M4 | B9: M4 | C9: =COUNTIF(K:K, $A9) -> 43 | D9: =COUNTIF(L:L, $A9) -> 23 | E9: =COUNTIF(M:M, $A9) -> 0 | F9: =COUNTIF(N:N, $A9) -> 33 | G9: =COUNTIF(O:O, $A9) -> 35 | H9: 5 | J9: 5 | K9: C1 | L9: K | M9: G4 | N9: G5 | O9: M1 | Q9: 1 | R9: 8 | S9: 14 | T9: 15 | U9: 2 | W9: 1 | X9: 1 | Y9: 1 | Z9: 1 | AA9: 1 | AC9: M2 | AD9: 3 | AE9: 12 | AF9: 0 | AG9: 3 | AH9: 8 | AJ9: M2 | AK9: 3 | AL9: 12 | AM9: 0 | AN9: 3 | AO9: 8
A10: M5 | B10: M5 | C10: =COUNTIF(K:K, $A10) -> 42 | D10: =COUNTIF(L:L, $A10) -> 23 | E10: =COUNTIF(M:M, $A10) -> 0 | F10: =COUNTIF(N:N, $A10) -> 33 | G10: =COUNTIF(O:O, $A10) -> 34 | H10: 6 | J10: 6 | K10: A | L10: M1 | M10: G5 | N10: M4 | O10: K | Q10: 7 | R10: 2 | S10: 15 | T10: 5 | U10: 8 | W10: 1 | X10: 1 | Y10: 1 | Z10: 1 | AA10: 1 | AC10: M3 | AD10: 7 | AE10: 13 | AF10: 0 | AG10: 7 | AH10: 14 | AJ10: M3 | AK10: 7 | AL10: 13 | AM10: 0 | AN10: 7 | AO10: 14
A11: A | B11: A | C11: =COUNTIF(K:K, $A11) -> 43 | D11: =COUNTIF(L:L, $A11) -> 27 | E11: =COUNTIF(M:M, $A11) -> 0 | F11: =COUNTIF(N:N, $A11) -> 33 | G11: =COUNTIF(O:O, $A11) -> 34 | H11: 7 | J11: 7 | K11: K | L11: G4 | M11: GK | N11: M2 | O11: A | Q11: 8 | R11: 14 | S11: 17 | T11: 3 | U11: 7 | W11: 1 | X11: 1 | Y11: 1 | Z11: 1 | AA11: 1 | AC11: M4 | AD11: 43 | AE11: 23 | AF11: 0 | AG11: 33 | AH11: 35 | AJ11: M4 | AK11: 43 | AL11: 23 | AM11: 0 | AN11: 33 | AO11: 35
A12: K | B12: K | C12: =COUNTIF(K:K, $A12) -> 43 | D12: =COUNTIF(L:L, $A12) -> 25 | E12: =COUNTIF(M:M, $A12) -> 0 | F12: =COUNTIF(N:N, $A12) -> 34 | G12: =COUNTIF(O:O, $A12) -> 34 | H12: 8 | J12: 8 | K12: A | L12: K | M12: G3 | N12: G5 | O12: J | Q12: 7 | R12: 8 | S12: 13 | T12: 15 | U12: 10 | W12: 1 | X12: 1 | Y12: 1 | Z12: 1 | AA12: 1 | AC12: M5 | AD12: 42 | AE12: 23 | AF12: 0 | AG12: 33 | AH12: 34 | AJ12: M5 | AK12: 42 | AL12: 23 | AM12: 0 | AN12: 33 | AO12: 34
A13: Q | B13: Q | C13: =COUNTIF(K:K, $A13) -> 7 | D13: =COUNTIF(L:L, $A13) -> 12 | E13: =COUNTIF(M:M, $A13) -> 0 | F13: =COUNTIF(N:N, $A13) -> 6 | G13: =COUNTIF(O:O, $A13) -> 13 | H13: 9 | J13: 9 | K13: J | L13: M1 | M13: G5 | N13: GQ | O13: M3 | Q13: 10 | R13: 2 | S13: 15 | T13: 18 | U13: 4 | W13: 1 | X13: 1 | Y13: 1 | Z13: 1 | AA13: 1 | AC13: A | AD13: 43 | AE13: 27 | AF13: 0 | AG13: 33 | AH13: 34 | AJ13: A | AK13: 43 | AL13: 27 | AM13: 0 | AN13: 33 | AO13: 34
A14: J | B14: J | C14: =COUNTIF(K:K, $A14) -> 6 | D14: =COUNTIF(L:L, $A14) -> 8 | E14: =COUNTIF(M:M, $A14) -> 0 | F14: =COUNTIF(N:N, $A14) -> 7 | G14: =COUNTIF(O:O, $A14) -> 14 | H14: 10 | J14: 10 | K14: M4 | L14: M5 | M14: GA | N14: G5 | O14: J | Q14: 5 | R14: 6 | S14: 16 | T14: 15 | U14: 10 | W14: 1 | X14: 1 | Y14: 1 | Z14: 1 | AA14: 1 | AC14: K | AD14: 43 | AE14: 25 | AF14: 0 | AG14: 34 | AH14: 34 | AJ14: K | AK14: 43 | AL14: 25 | AM14: 0 | AN14: 34 | AO14: 34
A15: G1 | B15: Gold M1 | C15: =COUNTIF(K:K, $A15) -> 0 | D15: =COUNTIF(L:L, $A15) -> 2 | E15: =COUNTIF(M:M, $A15) -> 3 | F15: =COUNTIF(N:N, $A15) -> 1 | G15: =COUNTIF(O:O, $A15) -> 0 | H15: 11 | J15: 11 | K15: K | L15: M4 | M15: G4 | N15: G4 | O15: K | Q15: 8 | R15: 5 | S15: 14 | T15: 14 | U15: 8 | W15: 1 | X15: 1 | Y15: 1 | Z15: 1 | AA15: 1 | AC15: Q | AD15: 7 | AE15: 12 | AF15: 0 | AG15: 6 | AH15: 13 | AJ15: Q | AK15: 7 | AL15: 12 | AM15: 0 | AN15: 6 | AO15: 13
A16: G2 | B16: Gold M2 | C16: =COUNTIF(K:K, $A16) -> 0 | D16: =COUNTIF(L:L, $A16) -> 3 | E16: =COUNTIF(M:M, $A16) -> 1 | F16: =COUNTIF(N:N, $A16) -> 1 | G16: =COUNTIF(O:O, $A16) -> 0 | H16: 12 | J16: 12 | K16: M4 | L16: M2 | M16: GK | N16: M4 | O16: A | Q16: 5 | R16: 3 | S16: 17 | T16: 5 | U16: 7 | W16: 1 | X16: 1 | Y16: 1 | Z16: 1 | AA16: 1 | AC16: J | AD16: 6 | AE16: 8 | AF16: 0 | AG16: 7 | AH16: 14 | AJ16: J | AK16: 6 | AL16: 8 | AM16: 0 | AN16: 7 | AO16: 14
A17: G3 | B17: Gold M3 | C17: =COUNTIF(K:K, $A17) -> 0 | D17: =COUNTIF(L:L, $A17) -> 3 | E17: =COUNTIF(M:M, $A17) -> 8 | F17: =COUNTIF(N:N, $A17) -> 2 | G17: =COUNTIF(O:O, $A17) -> 0 | H17: 13 | J17: 13 | K17: M5 | L17: K | M17: G4 | N17: Q | O17: M4 | Q17: 6 | R17: 8 | S17: 14 | T17: 9 | U17: 5 | W17: 1 | X17: 1 | Y17: 1 | Z17: 1 | AA17: 1 | AC17: G1 | AD17: 0 | AE17: 2 | AF17: 3 | AG17: 1 | AH17: 0 | AJ17: G1 | AK17: 0 | AL17: 2 | AM17: 3 | AN17: 1 | AO17: 0
A18: G4 | B18: Gold M4 | C18: =COUNTIF(K:K, $A18) -> 0 | D18: =COUNTIF(L:L, $A18) -> 7 | E18: =COUNTIF(M:M, $A18) -> 43 | F18: =COUNTIF(N:N, $A18) -> 8 | G18: =COUNTIF(O:O, $A18) -> 0 | H18: 14 | J18: 14 | K18: A | L18: A | M18: GA | N18: A | O18: M5 | Q18: 7 | R18: 7 | S18: 16 | T18: 7 | U18: 6 | W18: 1 | X18: 1 | Y18: 1 | Z18: 1 | AA18: 1 | AC18: G2 | AD18: 0 | AE18: 3 | AF18: 1 | AG18: 1 | AH18: 0 | AJ18: G2 | AK18: 0 | AL18: 3 | AM18: 1 | AN18: 1 | AO18: 0
... A23: GJ | B23: Gold J | C23: =COUNTIF(K:K, $A23) -> 0 | D23: =COUNTIF(L:L, $A23) -> 2 | E23: =COUNTIF(M:M, $A23) -> 9 | F23: =COUNTIF(N:N, $A23) -> 2 | G23: =COUNTIF(O:O, $A23) -> 0 | H23: 19 | J23: 19 | K23: M3 | L23: M5 | M23: GQ | N23: K | O23: Q | Q23: 4 | R23: 6 | S23: 18 | T23: 8 | U23: 9 | W23: 1 | X23: 1 | Y23: 1 | Z23: 1 | AA23: 1 | AC23: GK | AD23: 0 | AE23: 7 | AF23: 43 | AG23: 6 | AH23: 0 | AJ23: GK | AK23: 0 | AL23: 7 | AM23: 43 | AN23: 6 | AO23: 0
C24: =SUM(C4:C23) -> 200 | D24: =SUM(D4:D23) -> 200 | E24: =SUM(E4:E23) -> 200 | F24: =SUM(F4:F23) -> 200 | G24: =SUM(G4:G23) -> 200 | J24: 20 | K24: A | L24: A | M24: G5 | N24: G2 | O24: K | Q24: 7 | R24: 7 | S24: 15 | T24: 12 | U24: 8 | W24: 1 | X24: 1 | Y24: 1 | Z24: 1 | AA24: 1 | AC24: GQ | AD24: 0 | AE24: 3 | AF24: 6 | AG24: 1 | AH24: 0 | AJ24: GQ | AK24: 0 | AL24: 3 | AM24: 6 | AN24: 1 | AO24: 0
J25: 21 | K25: M5 | L25: G2 | M25: GA | N25: M5 | O25: M5 | Q25: 6 | R25: 12 | S25: 16 | T25: 6 | U25: 6 | W25: 1 | X25: 1 | Y25: 1 | Z25: 1 | AA25: 1 | AC25: GJ | AD25: 0 | AE25: 2 | AF25: 9 | AG25: 2 | AH25: 0 | AJ25: GJ | AK25: 0 | AL25: 2 | AM25: 9 | AN25: 2 | AO25: 0
A26: Symbol | B26: Description | C26: R1 | D26: R2 | E26: R3 | F26: R4 | G26: R5 | H26: ID | J26: 22 | K26: M4 | L26: K | M26: G4 | N26: K | O26: M4 | Q26: 5 | R26: 8 | S26: 14 | T26: 8 | U26: 5 | W26: 1 | X26: 1 | Y26: 1 | Z26: 1 | AA26: 1 | AD26: =SUM(AD6:AD25) -> 198 | AE26: =SUM(AE6:AE25) -> 198 | AF26: =SUM(AF6:AF25) -> 198 | AG26: =SUM(AG6:AG25) -> 196 | AH26: =SUM(AH6:AH25) -> 196 | AK26: =SUM(AK6:AK25) -> 198 | AL26: =SUM(AL6:AL25) -> 198 | AM26: =SUM(AM6:AM25) -> 198 | AN26: =SUM(AN6:AN25) -> 196 | AO26: =SUM(AO6:AO25) -> 196
A27: {=_xlfn.ANCHORARRAY(A4)} -> WW | B27: Wild | C27: {=C4:G23/C24:G24} -> 0 | D27: 0 | E27: 0 | F27: 0 | G27: 0 | H27: {=_xlfn.ANCHORARRAY(H4)} -> 0 | J27: 23 | K27: M5 | L27: M5 | M27: G5 | N27: GK | O27: A | Q27: 6 | R27: 6 | S27: 15 | T27: 17 | U27: 7 | W27: 1 | X27: 1 | Y27: 1 | Z27: 1 | AA27: 1
A28: C1 | B28: Scatter | C28: 0.015 | D28: 0.015 | E28: 0.015 | F28: 0.025 | G28: 0.025 | H28: 1 | J28: 24 | K28: A | L28: M3 | M28: GA | N28: K | O28: M1 | Q28: 7 | R28: 4 | S28: 16 | T28: 8 | U28: 2 | W28: 1 | X28: 1 | Y28: 1 | Z28: 1 | AA28: 1 | AC28: 2 Combo | AJ28: 2 Combo
A29: M1 | B29: M1 | C29: 0.015 | D29: 0.05 | E29: 0 | F29: 0.015 | G29: 0.045 | H29: 2 | J29: 25 | K29: K | L29: M5 | M29: G4 | N29: A | O29: A | Q29: 8 | R29: 6 | S29: 14 | T29: 7 | U29: 7 | W29: 1 | X29: 1 | Y29: 1 | Z29: 1 | AA29: 1 | AC29: Symbol | AD29: R1 | AE29: R2 | AF29: R3 | AG29: R4 | AH29: R5 | AJ29: Symbol | AK29: R1 | AL29: R2 | AM29: R3 | AN29: R4 | AO29: R5
A30: M2 | B30: M2 | C30: 0.015 | D30: 0.06 | E30: 0 | F30: 0.015 | G30: 0.04 | H30: 3 | J30: 26 | K30: M4 | L30: K | M30: G5 | N30: K | O30: M4 | Q30: 5 | R30: 8 | S30: 15 | T30: 8 | U30: 5 | W30: 1 | X30: 1 | Y30: 1 | Z30: 1 | AA30: 1 | AC30: {=$A$4:$A$23} -> WW | AD30: 0 | AE30: 0 | AF30: 0 | AG30: 0 | AH30: 0 | AJ30: {=$A$4:$A$23} -> WW | AK30: 0 | AL30: 0 | AM30: 0 | AN30: 0 | AO30: 0
A31: M3 | B31: M3 | C31: 0.035 | D31: 0.065 | E31: 0 | F31: 0.035 | G31: 0.07 | H31: 4 | J31: 27 | K31: M5 | L31: A | M31: GA | N31: A | O31: A | Q31: 6 | R31: 7 | S31: 16 | T31: 7 | U31: 7 | W31: 1 | X31: 1 | Y31: 1 | Z31: 1 | AA31: 1 | AC31: C1 | AD31: 1 | AE31: 1 | AF31: 1 | AG31: 1 | AH31: 1 | AJ31: C1 | AK31: 1 | AL31: 1 | AM31: 1 | AN31: 1 | AO31: 1
A32: M4 | B32: M4 | C32: 0.215 | D32: 0.115 | E32: 0 | F32: 0.165 | G32: 0.175 | H32: 5 | J32: 28 | K32: K | L32: Q | M32: GJ | N32: M5 | O32: M3 | Q32: 8 | R32: 9 | S32: 19 | T32: 6 | U32: 4 | W32: 1 | X32: 1 | Y32: 1 | Z32: 1 | AA32: 1 | AC32: M1 | AD32: 3 | AE32: 10 | AF32: 0 | AG32: 3 | AH32: 9 | AJ32: M1 | AK32: 3 | AL32: 10 | AM32: 0 | AN32: 3 | AO32: 9
A33: M5 | B33: M5 | C33: 0.21 | D33: 0.115 | E33: 0 | F33: 0.165 | G33: 0.17 | H33: 6 | J33: 29 | K33: M4 | L33: M3 | M33: GA | N33: GA | O33: K | Q33: 5 | R33: 4 | S33: 16 | T33: 16 | U33: 8 | W33: 1 | X33: 1 | Y33: 1 | Z33: 1 | AA33: 1 | AC33: M2 | AD33: 3 | AE33: 12 | AF33: 0 | AG33: 3 | AH33: 8 | AJ33: M2 | AK33: 3 | AL33: 12 | AM33: 0 | AN33: 3 | AO33: 8
A34: A | B34: A | C34: 0.215 | D34: 0.135 | E34: 0 | F34: 0.165 | G34: 0.17 | H34: 7 | J34: 30 | K34: A | L34: Q | M34: G3 | N34: M4 | O34: M5 | Q34: 7 | R34: 9 | S34: 13 | T34: 5 | U34: 6 | W34: 1 | X34: 1 | Y34: 1 | Z34: 1 | AA34: 1 | AC34: M3 | AD34: 7 | AE34: 13 | AF34: 0 | AG34: 7 | AH34: 14 | AJ34: M3 | AK34: 7 | AL34: 13 | AM34: 0 | AN34: 7 | AO34: 14
A35: K | B35: K | C35: 0.215 | D35: 0.125 | E35: 0 | F35: 0.17 | G35: 0.17 | H35: 8 | J35: 31 | K35: K | L35: GK | M35: G5 | N35: G5 | O35: A | Q35: 8 | R35: 17 | S35: 15 | T35: 15 | U35: 7 | W35: 1 | X35: 1 | Y35: 1 | Z35: 1 | AA35: 1 | AC35: M4 | AD35: 43 | AE35: 23 | AF35: 0 | AG35: 33 | AH35: 35 | AJ35: M4 | AK35: 43 | AL35: 23 | AM35: 0 | AN35: 33 | AO35: 35
A36: Q | B36: Q | C36: 0.035 | D36: 0.06 | E36: 0 | F36: 0.03 | G36: 0.065 | H36: 9 | J36: 32 | K36: A | L36: A | M36: GK | N36: K | O36: Q | Q36: 7 | R36: 7 | S36: 17 | T36: 8 | U36: 9 | W36: 1 | X36: 1 | Y36: 1 | Z36: 1 | AA36: 1 | AC36: M5 | AD36: 42 | AE36: 23 | AF36: 0 | AG36: 33 | AH36: 34 | AJ36: M5 | AK36: 42 | AL36: 23 | AM36: 0 | AN36: 33 | AO36: 34
A37: J | B37: J | C37: 0.03 | D37: 0.04 | E37: 0 | F37: 0.035 | G37: 0.07 | H37: 10 | J37: 33 | K37: M5 | L37: M4 | M37: GA | N37: M4 | O37: J | Q37: 6 | R37: 5 | S37: 16 | T37: 5 | U37: 10 | W37: 1 | X37: 1 | Y37: 1 | Z37: 1 | AA37: 1 | AC37: A | AD37: 43 | AE37: 27 | AF37: 0 | AG37: 33 | AH37: 34 | AJ37: A | AK37: 43 | AL37: 27 | AM37: 0 | AN37: 33 | AO37: 34
A38: G1 | B38: Gold M1 | C38: 0 | D38: 0.01 | E38: 0.015 | F38: 0.005 | G38: 0 | H38: 11 | J38: 34 | K38: M4 | L38: M3 | M38: G5 | N38: A | O38: A | Q38: 5 | R38: 4 | S38: 15 | T38: 7 | U38: 7 | W38: 1 | X38: 1 | Y38: 1 | Z38: 1 | AA38: 1 | AC38: K | AD38: 43 | AE38: 25 | AF38: 0 | AG38: 34 | AH38: 34 | AJ38: K | AK38: 43 | AL38: 25 | AM38: 0 | AN38: 34 | AO38: 34
A39: G2 | B39: Gold M2 | C39: 0 | D39: 0.015 | E39: 0.005 | F39: 0.005 | G39: 0 | H39: 12 | J39: 35 | K39: K | L39: M2 | M39: GA | N39: GK | O39: M4 | Q39: 8 | R39: 3 | S39: 16 | T39: 17 | U39: 5 | W39: 1 | X39: 1 | Y39: 1 | Z39: 1 | AA39: 1 | AC39: Q | AD39: 7 | AE39: 12 | AF39: 0 | AG39: 6 | AH39: 13 | AJ39: Q | AK39: 7 | AL39: 12 | AM39: 0 | AN39: 6 | AO39: 13
A40: G3 | B40: Gold M3 | C40: 0 | D40: 0.015 | E40: 0.04 | F40: 0.01 | G40: 0 | H40: 13 | J40: 36 | K40: M5 | L40: C1 | M40: GK | N40: J | O40: M5 | Q40: 6 | R40: 1 | S40: 17 | T40: 10 | U40: 6 | W40: 1 | X40: 1 | Y40: 1 | Z40: 1 | AA40: 1 | AC40: J | AD40: 6 | AE40: 8 | AF40: 0 | AG40: 7 | AH40: 14 | AJ40: J | AK40: 6 | AL40: 8 | AM40: 0 | AN40: 7 | AO40: 14
A41: G4 | B41: Gold M4 | C41: 0 | D41: 0.035 | E41: 0.215 | F41: 0.04 | G41: 0 | H41: 14 | J41: 37 | K41: K | L41: G5 | M41: G5 | N41: M5 | O41: M3 | Q41: 8 | R41: 15 | S41: 15 | T41: 6 | U41: 4 | W41: 1 | X41: 1 | Y41: 1 | Z41: 1 | AA41: 1 | AC41: G1 | AD41: 0 | AE41: 2 | AF41: 3 | AG41: 1 | AH41: 0 | AJ41: G1 | AK41: 0 | AL41: 2 | AM41: 3 | AN41: 1 | AO41: 0
A42: G5 | B42: Gold M5 | C42: 0 | D42: 0.035 | E42: 0.21 | F42: 0.045 | G42: 0 | H42: 15 | J42: 38 | K42: M4 | L42: M4 | M42: GJ | N42: M3 | O42: Q | Q42: 5 | R42: 5 | S42: 19 | T42: 4 | U42: 9 | W42: 1 | X42: 1 | Y42: 1 | Z42: 1 | AA42: 1 | AC42: G2 | AD42: 0 | AE42: 3 | AF42: 1 | AG42: 1 | AH42: 0 | AJ42: G2 | AK42: 0 | AL42: 3 | AM42: 1 | AN42: 1 | AO42: 0
... A46: GJ | B46: Gold J | C46: 0 | D46: 0.01 | E46: 0.045 | F46: 0.01 | G46: 0 | H46: 19 | J46: 42 | K46: M4 | L46: A | M46: GK | N46: M5 | O46: K | Q46: 5 | R46: 7 | S46: 17 | T46: 6 | U46: 8 | W46: 1 | X46: 1 | Y46: 1 | Z46: 1 | AA46: 1 | AC46: GA | AD46: 0 | AE46: 10 | AF46: 42 | AG46: 6 | AH46: 0 | AJ46: GA | AK46: 0 | AL46: 10 | AM46: 42 | AN46: 6 | AO46: 0
J47: 43 | K47: K | L47: J | M47: GA | N47: J | O47: M4 | Q47: 8 | R47: 10 | S47: 16 | T47: 10 | U47: 5 | W47: 1 | X47: 1 | Y47: 1 | Z47: 1 | AA47: 1 | AC47: GK | AD47: 0 | AE47: 7 | AF47: 43 | AG47: 6 | AH47: 0 | AJ47: GK | AK47: 0 | AL47: 7 | AM47: 43 | AN47: 6 | AO47: 0
J48: 44 | K48: A | L48: M5 | M48: G5 | N48: K | O48: K | Q48: 7 | R48: 6 | S48: 15 | T48: 8 | U48: 8 | W48: 1 | X48: 1 | Y48: 1 | Z48: 1 | AA48: 1 | AC48: GQ | AD48: 0 | AE48: 3 | AF48: 6 | AG48: 1 | AH48: 0 | AJ48: GQ | AK48: 0 | AL48: 3 | AM48: 6 | AN48: 1 | AO48: 0
J49: 45 | K49: M5 | L49: M4 | M49: G4 | N49: M5 | O49: J | Q49: 6 | R49: 5 | S49: 14 | T49: 6 | U49: 10 | W49: 1 | X49: 1 | Y49: 1 | Z49: 1 | AA49: 1 | AC49: GJ | AD49: 0 | AE49: 2 | AF49: 9 | AG49: 2 | AH49: 0 | AJ49: GJ | AK49: 0 | AL49: 2 | AM49: 9 | AN49: 2 | AO49: 0
J50: 46 | K50: K | L50: Q | M50: GJ | N50: GA | O50: M4 | Q50: 8 | R50: 9 | S50: 19 | T50: 16 | U50: 5 | W50: 1 | X50: 1 | Y50: 1 | Z50: 1 | AA50: 1 | AD50: =SUM(AD30:AD49) -> 198 | AE50: =SUM(AE30:AE49) -> 198 | AF50: =SUM(AF30:AF49) -> 198 | AG50: =SUM(AG30:AG49) -> 196 | AH50: =SUM(AH30:AH49) -> 196 | AK50: =SUM(AK30:AK49) -> 198 | AL50: =SUM(AL30:AL49) -> 198 | AM50: =SUM(AM30:AM49) -> 198 | AN50: =SUM(AN30:AN49) -> 196 | AO50: =SUM(AO30:AO49) -> 196
J51: 47 | K51: M4 | L51: M5 | M51: GA | N51: K | O51: M5 | Q51: 5 | R51: 6 | S51: 16 | T51: 8 | U51: 6 | W51: 1 | X51: 1 | Y51: 1 | Z51: 1 | AA51: 1
J52: 48 | K52: J | L52: M2 | M52: GK | N52: G4 | O52: M3 | Q52: 10 | R52: 3 | S52: 17 | T52: 14 | U52: 4 | W52: 1 | X52: 1 | Y52: 1 | Z52: 1 | AA52: 1 | AC52: 3+ Combo | AJ52: 3+ Combo
J53: 49 | K53: K | L53: A | M53: G5 | N53: G5 | O53: A | Q53: 8 | R53: 7 | S53: 15 | T53: 15 | U53: 7 | W53: 1 | X53: 1 | Y53: 1 | Z53: 1 | AA53: 1 | AC53: Symbol | AD53: R1 | AE53: R2 | AF53: R3 | AG53: R4 | AH53: R5 | AJ53: Symbol | AK53: R1 | AL53: R2 | AM53: R3 | AN53: R4 | AO53: R5
J54: 50 | K54: Q | L54: G5 | M54: G3 | N54: GK | O54: M1 | Q54: 9 | R54: 15 | S54: 13 | T54: 17 | U54: 2 | W54: 1 | X54: 1 | Y54: 1 | Z54: 1 | AA54: 1 | AC54: {=$A$4:$A$23} -> WW | AD54: 0 | AE54: 0 | AF54: 0 | AG54: 0 | AH54: 0 | AJ54: {=$A$4:$A$23} -> WW | AK54: 0 | AL54: 0 | AM54: 0 | AN54: 0 | AO54: 0
J55: 51 | K55: M4 | L55: M2 | M55: G4 | N55: M5 | O55: M5 | Q55: 5 | R55: 3 | S55: 14 | T55: 6 | U55: 6 | W55: 1 | X55: 1 | Y55: 1 | Z55: 1 | AA55: 1 | AC55: C1 | AD55: 1 | AE55: 1 | AF55: 1 | AG55: 1 | AH55: 1 | AJ55: C1 | AK55: 1 | AL55: 1 | AM55: 1 | AN55: 1 | AO55: 1
J56: 52 | K56: K | L56: M4 | M56: G3 | N56: K | O56: A | Q56: 8 | R56: 5 | S56: 13 | T56: 8 | U56: 7 | W56: 1 | X56: 1 | Y56: 1 | Z56: 1 | AA56: 1 | AC56: M1 | AD56: 3 | AE56: 10 | AF56: 0 | AG56: 3 | AH56: 9 | AJ56: M1 | AK56: 3 | AL56: 10 | AM56: 0 | AN56: 3 | AO56: 9
J57: 53 | K57: M1 | L57: G1 | M57: GK | N57: GA | O57: M4 | Q57: 2 | R57: 11 | S57: 17 | T57: 16 | U57: 5 | W57: 1 | X57: 1 | Y57: 1 | Z57: 1 | AA57: 1 | AC57: M2 | AD57: 3 | AE57: 12 | AF57: 0 | AG57: 3 | AH57: 8 | AJ57: M2 | AK57: 3 | AL57: 12 | AM57: 0 | AN57: 3 | AO57: 8
J58: 54 | K58: K | L58: C1 | M58: G4 | N58: GK | O58: K | Q58: 8 | R58: 1 | S58: 14 | T58: 17 | U58: 8 | W58: 1 | X58: 1 | Y58: 1 | Z58: 1 | AA58: 1 | AC58: M3 | AD58: 7 | AE58: 13 | AF58: 0 | AG58: 7 | AH58: 14 | AJ58: M3 | AK58: 7 | AL58: 13 | AM58: 0 | AN58: 7 | AO58: 14
J59: 55 | K59: M5 | L59: GA | M59: G5 | N59: K | O59: Q | Q59: 6 | R59: 16 | S59: 15 | T59: 8 | U59: 9 | W59: 1 | X59: 1 | Y59: 1 | Z59: 1 | AA59: 1 | AC59: M4 | AD59: 43 | AE59: 23 | AF59: 0 | AG59: 33 | AH59: 35 | AJ59: M4 | AK59: 43 | AL59: 23 | AM59: 0 | AN59: 33 | AO59: 35
J60: 56 | K60: M3 | L60: M4 | M60: GK | N60: M5 | O60: K | Q60: 4 | R60: 5 | S60: 17 | T60: 6 | U60: 8 | W60: 1 | X60: 1 | Y60: 1 | Z60: 1 | AA60: 1 | AC60: M5 | AD60: 42 | AE60: 23 | AF60: 0 | AG60: 33 | AH60: 34 | AJ60: M5 | AK60: 42 | AL60: 23 | AM60: 0 | AN60: 33 | AO60: 34
J61: 57 | K61: K | L61: M5 | M61: G5 | N61: M1 | O61: M3 | Q61: 8 | R61: 6 | S61: 15 | T61: 2 | U61: 4 | W61: 1 | X61: 1 | Y61: 1 | Z61: 1 | AA61: 1 | AC61: A | AD61: 43 | AE61: 27 | AF61: 0 | AG61: 33 | AH61: 34 | AJ61: A | AK61: 43 | AL61: 27 | AM61: 0 | AN61: 33 | AO61: 34
J62: 58 | K62: M5 | L62: G4 | M62: GA | N62: G4 | O62: J | Q62: 6 | R62: 14 | S62: 16 | T62: 14 | U62: 10 | W62: 1 | X62: 1 | Y62: 1 | Z62: 1 | AA62: 1 | AC62: K | AD62: 43 | AE62: 25 | AF62: 0 | AG62: 34 | AH62: 34 | AJ62: K | AK62: 43 | AL62: 25 | AM62: 0 | AN62: 34 | AO62: 34
J63: 59 | K63: K | L63: M1 | M63: G5 | N63: K | O63: M3 | Q63: 8 | R63: 2 | S63: 15 | T63: 8 | U63: 4 | W63: 1 | X63: 1 | Y63: 1 | Z63: 1 | AA63: 1 | AC63: Q | AD63: 7 | AE63: 12 | AF63: 0 | AG63: 6 | AH63: 13 | AJ63: Q | AK63: 7 | AL63: 12 | AM63: 0 | AN63: 6 | AO63: 13
J64: 60 | K64: M4 | L64: G2 | M64: GK | N64: M5 | O64: A | Q64: 5 | R64: 12 | S64: 17 | T64: 6 | U64: 7 | W64: 1 | X64: 1 | Y64: 1 | Z64: 1 | AA64: 1 | AC64: J | AD64: 6 | AE64: 8 | AF64: 0 | AG64: 7 | AH64: 14 | AJ64: J | AK64: 6 | AL64: 8 | AM64: 0 | AN64: 7 | AO64: 14
J65: 61 | K65: M5 | L65: M5 | M65: G3 | N65: M4 | O65: K | Q65: 6 | R65: 6 | S65: 13 | T65: 5 | U65: 8 | W65: 1 | X65: 1 | Y65: 1 | Z65: 1 | AA65: 1 | AC65: G1 | AD65: 0 | AE65: 2 | AF65: 3 | AG65: 1 | AH65: 0 | AJ65: G1 | AK65: 0 | AL65: 2 | AM65: 3 | AN65: 1 | AO65: 0
J66: 62 | K66: A | L66: GQ | M66: GK | N66: M5 | O66: M5 | Q66: 7 | R66: 18 | S66: 17 | T66: 6 | U66: 6 | W66: 1 | X66: 1 | Y66: 1 | Z66: 1 | AA66: 1 | AC66: G2 | AD66: 0 | AE66: 3 | AF66: 1 | AG66: 1 | AH66: 0 | AJ66: G2 | AK66: 0 | AL66: 3 | AM66: 1 | AN66: 1 | AO66: 0
... J73: 69 | K73: K | L73: M4 | M73: G5 | N73: K | O73: M4 | Q73: 8 | R73: 5 | S73: 15 | T73: 8 | U73: 5 | W73: 1 | X73: 1 | Y73: 1 | Z73: 1 | AA73: 1 | AC73: GJ | AD73: 0 | AE73: 2 | AF73: 9 | AG73: 2 | AH73: 0 | AJ73: GJ | AK73: 0 | AL73: 2 | AM73: 9 | AN73: 2 | AO73: 0
J74: 70 | K74: M4 | L74: M5 | M74: GK | N74: M5 | O74: M1 | Q74: 5 | R74: 6 | S74: 17 | T74: 6 | U74: 2 | W74: 1 | X74: 1 | Y74: 1 | Z74: 1 | AA74: 1 | AD74: =SUM(AD54:AD73) -> 198 | AE74: =SUM(AE54:AE73) -> 198 | AF74: =SUM(AF54:AF73) -> 198 | AG74: =SUM(AG54:AG73) -> 196 | AH74: =SUM(AH54:AH73) -> 196 | AK74: =SUM(AK54:AK73) -> 198 | AL74: =SUM(AL54:AL73) -> 198 | AM74: =SUM(AM54:AM73) -> 198 | AN74: =SUM(AN54:AN73) -> 196 | AO74: =SUM(AO54:AO73) -> 196
J75: 71 | K75: K | L75: M3 | M75: G3 | N75: M4 | O75: M2 | Q75: 8 | R75: 4 | S75: 13 | T75: 5 | U75: 3 | W75: 1 | X75: 1 | Y75: 1 | Z75: 1 | AA75: 1
J76: 72 | K76: M1 | L76: GK | M76: GK | N76: K | O76: A | Q76: 2 | R76: 17 | S76: 17 | T76: 8 | U76: 7 | W76: 1 | X76: 1 | Y76: 1 | Z76: 1 | AA76: 1
J77: 73 | K77: Q | L77: M3 | M77: G1 | N77: M5 | O77: C1 | Q77: 9 | R77: 4 | S77: 11 | T77: 6 | U77: 1 | W77: 1 | X77: 1 | Y77: 1 | Z77: 1 | AA77: 1
J78: 74 | K78: M5 | L78: M1 | M78: G4 | N78: A | O78: Q | Q78: 6 | R78: 2 | S78: 14 | T78: 7 | U78: 9 | W78: 1 | X78: 1 | Y78: 1 | Z78: 1 | AA78: 1
J79: 75 | K79: K | L79: M4 | M79: GA | N79: K | O79: M5 | Q79: 8 | R79: 5 | S79: 16 | T79: 8 | U79: 6 | W79: 1 | X79: 1 | Y79: 1 | Z79: 1 | AA79: 1
J80: 76 | K80: A | L80: M5 | M80: G3 | N80: M4 | O80: M4 | Q80: 7 | R80: 6 | S80: 13 | T80: 5 | U80: 5 | W80: 1 | X80: 1 | Y80: 1 | Z80: 1 | AA80: 1
J81: 77 | K81: M5 | L81: A | M81: G4 | N81: M3 | O81: A | Q81: 6 | R81: 7 | S81: 14 | T81: 4 | U81: 7 | W81: 1 | X81: 1 | Y81: 1 | Z81: 1 | AA81: 1
J82: 78 | K82: A | L82: GQ | M82: GA | N82: M4 | O82: K | Q82: 7 | R82: 18 | S82: 16 | T82: 5 | U82: 8 | W82: 1 | X82: 1 | Y82: 1 | Z82: 1 | AA82: 1
J83: 79 | K83: M5 | L83: M4 | M83: G4 | N83: K | O83: M1 | Q83: 6 | R83: 5 | S83: 14 | T83: 8 | U83: 2 | W83: 1 | X83: 1 | Y83: 1 | Z83: 1 | AA83: 1
J84: 80 | K84: K | L84: Q | M84: GK | N84: M4 | O84: K | Q84: 8 | R84: 9 | S84: 17 | T84: 5 | U84: 8 | W84: 1 | X84: 1 | Y84: 1 | Z84: 1 | AA84: 1
J85: 81 | K85: M4 | L85: M5 | M85: G5 | N85: K | O85: M3 | Q85: 5 | R85: 6 | S85: 15 | T85: 8 | U85: 4 | W85: 1 | X85: 1 | Y85: 1 | Z85: 1 | AA85: 1
J86: 82 | K86: K | L86: A | M86: G4 | N86: M4 | O86: M4 | Q86: 8 | R86: 7 | S86: 14 | T86: 5 | U86: 5 | W86: 1 | X86: 1 | Y86: 1 | Z86: 1 | AA86: 1
... J203: 199 | K203: M3 | L203: K | M203: GK | N203: A | O203: A | Q203: 4 | R203: 8 | S203: 17 | T203: 7 | U203: 7 | W203: 1 | X203: 1 | Y203: 1 | Z203: 1 | AA203: 1

Sheet FG_Symbol (3)
J2: Symbol | Q2: Symbol ID | W2: Symbol Weight | AC2: Eliminate Wheel Weight A | AJ2: Eliminate Wheel Weight B
