Workbook

Sheet Overview
A2: Model: | B2: H016194
A3: Version: | B3: 6.4.0.0
A6: Base Bet | B6: Multiway
A7: 100 | B7: 1024
A10: Coin in | B10: Price(x) | C10: Total RTP | D10: Bet Type
A11: =B11*$A$7 -> 100 | B11: 1 | C11: =B17+B18 -> 0.93999999 | D11: Normal Bet
A12: =B12*$A$7 -> 4050 | B12: 40.5 | C12: =B21+B22 -> 0.92499999 | D12: Buy Feature
A13: =B13*A7 -> 25000 | B13: 250 | C13: =B25+B26 -> 0.92499999 | D13: Super Buy
A15: Total Pay Back Percentage includes the following adjustments.
A16: Bet Type | B16: Pay Back | C16: Hit% | D16: Pulls/Hit | E16: Description
A17: =D11 -> Normal Bet | B17: =Detail!C7 -> 0.64999999 | C17: =1/D17 -> 0.0076923077 | D17: =Detail!G7 -> 130 | E17: Base Game
B18: =Detail!D7 -> 0.29 | E18: Free Game
A20: Bet Type | B20: Pay Back | C20: Hit% | D20: Pulls/Hit | E20: Description
A21: =D12 -> Buy Feature | B21: =Detail!C8 -> 0 | C21: =1/D21 -> 1 | D21: 1 | E21: Base Game
B22: =Detail!D8 -> 0.92499999 | E22: Free Game
A24: Bet Type | B24: Pay Back | C24: Hit% | D24: Pulls/Hit | E24: Description
A25: =D13 -> Super Buy | B25: =Detail!C9 -> 0 | C25: =IFERROR(1/D25,0) -> 1 | D25: 1 | E25: Base Game
B26: =Detail!D9 -> 0.92499999 | E26: Free Game

Sheet Multiplier_Weight
A2: Range | B2: Weight_NB_BG_Newbie | C2: Weight_NB_FG_Newbie | D2: Weight_NB_BG | E2: Weight_NB_FG | F2: Weight_BF | G2: Weight_SF
A3: (-1, 0] | B3: =Detail_Newbie!K15 -> 748474171 | C3: =Detail_Newbie!K86 -> 0 | D3: =Detail!K15 -> 780374874 | E3: =Detail!K86 -> 0 | F3: =Detail!K163 -> 0 | G3: =Detail!K234 -> 0
A4: (0, 1] | B4: =Detail_Newbie!K16 -> 141274773 | C4: =Detail_Newbie!K87 -> 0 | D4: =Detail!K16 -> 122295421 | E4: =Detail!K87 -> 0 | F4: =Detail!K164 -> 0 | G4: =Detail!K235 -> 0
A5: (1, 2] | B5: =Detail_Newbie!K17 -> 35403536 | C5: =Detail_Newbie!K88 -> 0 | D5: =Detail!K17 -> 30647302 | E5: =Detail!K88 -> 0 | F5: =Detail!K165 -> 0 | G5: =Detail!K236 -> 0
A6: (2, 3] | B6: =Detail_Newbie!K18 -> 19721991 | C6: =Detail_Newbie!K89 -> 0 | D6: =Detail!K18 -> 17072470 | E6: =Detail!K89 -> 0 | F6: =Detail!K166 -> 0 | G6: =Detail!K237 -> 0
A7: (3, 4] | B7: =Detail_Newbie!K19 -> 12447907 | C7: =Detail_Newbie!K90 -> 0 | D7: =Detail!K19 -> 10775613 | E7: =Detail!K90 -> 0 | F7: =Detail!K167 -> 0 | G7: =Detail!K238 -> 0
A8: (4, 5] | B8: =Detail_Newbie!K20 -> 10078705 | C8: =Detail_Newbie!K91 -> 0 | D8: =Detail!K20 -> 8724697 | E8: =Detail!K91 -> 0 | F8: =Detail!K168 -> 0 | G8: =Detail!K239 -> 0
A9: (5, 6] | B9: =Detail_Newbie!K21 -> 4130093 | C9: =Detail_Newbie!K92 -> 27989937 | D9: =Detail!K21 -> 3575241 | E9: =Detail!K92 -> 34366617 | F9: =Detail!K169 -> 34499126 | G9: =Detail!K240 -> 0
A10: (6, 7] | B10: =Detail_Newbie!K22 -> 3534591 | C10: =Detail_Newbie!K93 -> 24287702 | D10: =Detail!K22 -> 3059741 | E10: =Detail!K93 -> 29563828 | F10: =Detail!K170 -> 29674200 | G10: =Detail!K241 -> 0
A11: (7, 8] | B11: =Detail_Newbie!K23 -> 3073557 | C11: =Detail_Newbie!K94 -> 26217804 | D11: =Detail!K23 -> 2660645 | E11: =Detail!K94 -> 31635636 | F11: =Detail!K171 -> 31749801 | G11: =Detail!K242 -> 0
A12: (8, 9] | B12: =Detail_Newbie!K24 -> 2618927 | C12: =Detail_Newbie!K95 -> 25303013 | D12: =Detail!K24 -> 2267090 | E12: =Detail!K95 -> 30268903 | F12: =Detail!K172 -> 30374449 | G12: =Detail!K243 -> 0
A13: (9, 10] | B13: =Detail_Newbie!K25 -> 2574104 | C13: =Detail_Newbie!K96 -> 27271779 | D13: =Detail!K25 -> 2228289 | E13: =Detail!K96 -> 32342055 | F13: =Detail!K173 -> 32450850 | G13: =Detail!K244 -> 0
A14: (10, 15] | B14: =Detail_Newbie!K26 -> 9592060 | C14: =Detail_Newbie!K97 -> 121586766 | D14: =Detail!K26 -> 8303428 | E14: =Detail!K97 -> 140499777 | F14: =Detail!K174 -> 140920893 | G14: =Detail!K245 -> 0
... A66: (100000, 9999999] | B66: =Detail_Newbie!K78 -> 0 | C66: =Detail_Newbie!K149 -> 0 | D66: =Detail!K78 -> 0 | E66: =Detail!K149 -> 0 | F66: =Detail!K226 -> 0 | G66: =Detail!K297 -> 0
A67: Free Game | B67: =Detail_Newbie!K79 -> 7751938 | C67: 0 | D67: =Detail!K79 -> 7751938 | E67: 0 | F67: 0 | G67: =0 -> 0

Sheet Detail
A2: Threshold | B2: 1000000000
A3: Coin in | B3: =Overview!A7 -> 100
C5: RTP
B6: Bet | C6: Base Game | D6: Free Game | E6: Total | F6: Hit Rate | G6: FG Period | H6: Avg Multi | I6: BG | J6: FG
A7: Normal Bet | B7: =Overview!B11 -> 1 | C7: =SUM(M15:M79) -> 0.64999999 | D7: =SUM(M86:M149)*F7 -> 0.29 | E7: =SUM(C7:D7) -> 0.93999999 | F7: =L79 -> 0.0076923077 | G7: =1/F7 -> 130 | H7: =D7*G7 -> 37.7 | I7: =IFERROR(LOOKUP(2,1/(K15:K78<>0),P15:P78),0) -> 70 | J7: =IFERROR(LOOKUP(2,1/(K86:K149<>0),P86:P149),0) -> 2000
A8: Buy Feature | B8: =Overview!B12 -> 40.5 | C8: =M156/B8 -> 0 | D8: =SUM(M163:M226)/B8 -> 0.92499999 | E8: =SUM(C8:D8) -> 0.92499999 | F8: =D156 -> 1 | G8: =1/F8 -> 1 | H8: =D8*G8*B8 -> 37.4625 | J8: =IFERROR(LOOKUP(2,1/(K163:K226<>0),P163:P226),0) -> 2000
A9: Super Buy | B9: 250 | C9: =0 -> 0 | D9: =IFERROR(SUM(M234:M297)/B9,0) -> 0.92499999 | E9: =SUM(C9:D9) -> 0.92499999 | F9: =1 -> 1 | G9: =IFERROR(1/F9,0) -> 1 | H9: =D9*G9*B9 -> 231.25 | J9: =IFERROR(LOOKUP(2,1/(K234:K297<>0),P234:P297),0) -> 4000
A11: Normal Bet | B11: Base Game | G11: Normal Bet | H11: Base Game | O11: Normal Bet | P11: Base Game
A13: Simulate | B13: 1000000000 | G13: Calculate
A14: Range | B14: Cnt | C14: Pay | D14: Hit Rate | E14: Avg. Multi. | G14: Range | H14: Fix Num | I14: Fix Rate | J14: Final Rate | K14: Weight | L14: Hit Rate | M14: Simulator RTP | O14: Lower | P14: Upper | Q14: 目前 | R14: 競品 | T14: 目前 | U14: 差異
A15: ="("&$O15&", "&$P15&"]" -> (-1, 0] | B15: 631527917 | C15: 0 | D15: =IFERROR(B15/SUM($B$15:$B$78),0) -> 0.63152792 | E15: =IFERROR(C15/B15/$B$3,0) -> 0 | G15: ="("&$O15&", "&$P15&"]" -> (-1, 0] | H15: 1.2356934 | I15: =D15*H15 -> 0.78037487 | J15: =IFERROR(I15/SUM($I$15:$I$78),0) -> 0.78037487 | K15: =INT(J15*$B$2) -> 780374874 | L15: =IFERROR(K15/SUM($K$15:$K$79),0) -> 0.77437199 | M15: =L15*E15 -> 0 | O15: -1 | P15: 0 | Q15: =L15 -> 0.77437199 | R15: 0.76387345 | U15: =IFERROR(ROUND(T15/L15,2),0) -> 0
A16: ="("&$O16&", "&$P16&"]" -> (0, 1] | B16: 168741642 | C16: 6991084375 | D16: =IFERROR(B16/SUM($B$15:$B$78),0) -> 0.16874164 | E16: =IFERROR(C16/B16/$B$3,0) -> 0.414307 | G16: ="("&$O16&", "&$P16&"]" -> (0, 1] | H16: 0.7247495 | I16: =D16*H16 -> 0.12229542 | J16: =IFERROR(I16/SUM($I$15:$I$78),0) -> 0.12229542 | K16: =INT(J16*$B$2) -> 122295421 | L16: =IFERROR(K16/SUM($K$15:$K$79),0) -> 0.12135469 | M16: =L16*E16 -> 0.050278097 | O16: 0 | P16: 1 | Q16: =L16 -> 0.12135469 | R16: 0.13400021 | U16: =IFERROR(ROUND(T16/L16,2),0) -> 0
A17: ="("&$O17&", "&$P17&"]" -> (1, 2] | B17: 49179091 | C17: 7386239950 | D17: =IFERROR(B17/SUM($B$15:$B$78),0) -> 0.049179091 | E17: =IFERROR(C17/B17/$B$3,0) -> 1.5019066 | G17: ="("&$O17&", "&$P17&"]" -> (1, 2] | H17: 0.62317748 | I17: =D17*H17 -> 0.030647302 | J17: =IFERROR(I17/SUM($I$15:$I$78),0) -> 0.030647302 | K17: =INT(J17*$B$2) -> 30647302 | L17: =IFERROR(K17/SUM($K$15:$K$79),0) -> 0.030411554 | M17: =L17*E17 -> 0.045675312 | O17: 1 | P17: 2 | Q17: =L17 -> 0.030411554 | R17: 0.033580526 | U17: =IFERROR(ROUND(T17/L17,2),0) -> 0
A18: ="("&$O18&", "&$P18&"]" -> (2, 3] | B18: 27802915 | C18: 7026127570 | D18: =IFERROR(B18/SUM($B$15:$B$78),0) -> 0.027802915 | E18: =IFERROR(C18/B18/$B$3,0) -> 2.527119 | G18: ="("&$O18&", "&$P18&"]" -> (2, 3] | H18: 0.61405324 | I18: =D18*H18 -> 0.01707247 | J18: =IFERROR(I18/SUM($I$15:$I$78),0) -> 0.01707247 | K18: =INT(J18*$B$2) -> 17072470 | L18: =IFERROR(K18/SUM($K$15:$K$79),0) -> 0.016941143 | M18: =L18*E18 -> 0.042812286 | O18: 2 | P18: 3 | Q18: =L18 -> 0.016941143 | R18: 0.01870646 | U18: =IFERROR(ROUND(T18/L18,2),0) -> 0
A19: ="("&$O19&", "&$P19&"]" -> (3, 4] | B19: 18076094 | C19: 6434648930 | D19: =IFERROR(B19/SUM($B$15:$B$78),0) -> 0.018076094 | E19: =IFERROR(C19/B19/$B$3,0) -> 3.5597563 | G19: ="("&$O19&", "&$P19&"]" -> (3, 4] | H19: 0.59612508 | I19: =D19*H19 -> 0.010775613 | J19: =IFERROR(I19/SUM($I$15:$I$78),0) -> 0.010775613 | K19: =INT(J19*$B$2) -> 10775613 | L19: =IFERROR(K19/SUM($K$15:$K$79),0) -> 0.010692724 | M19: =L19*E19 -> 0.03806349 | O19: 3 | P19: 4 | Q19: =L19 -> 0.010692724 | R19: 0.011806935 | U19: =IFERROR(ROUND(T19/L19,2),0) -> 0
A20: ="("&$O20&", "&$P20&"]" -> (4, 5] | B20: 13913831 | C20: 6300738315 | D20: =IFERROR(B20/SUM($B$15:$B$78),0) -> 0.013913831 | E20: =IFERROR(C20/B20/$B$3,0) -> 4.5283993 | G20: ="("&$O20&", "&$P20&"]" -> (4, 5] | H20: 0.6270521 | I20: =D20*H20 -> 0.008724697 | J20: =IFERROR(I20/SUM($I$15:$I$78),0) -> 0.008724697 | K20: =INT(J20*$B$2) -> 8724697 | L20: =IFERROR(K20/SUM($K$15:$K$79),0) -> 0.0086575839 | M20: =L20*E20 -> 0.039204997 | O20: 4 | P20: 5 | Q20: =L20 -> 0.0086575839 | R20: 0.0095597301 | U20: =IFERROR(ROUND(T20/L20,2),0) -> 0
A21: ="("&$O21&", "&$P21&"]" -> (5, 6] | B21: 10559309 | C21: 5858454015 | D21: =IFERROR(B21/SUM($B$15:$B$78),0) -> 0.010559309 | E21: =IFERROR(C21/B21/$B$3,0) -> 5.5481415 | G21: ="("&$O21&", "&$P21&"]" -> (5, 6] | H21: 0.33858664 | I21: =D21*H21 -> 0.003575241 | J21: =IFERROR(I21/SUM($I$15:$I$78),0) -> 0.003575241 | K21: =INT(J21*$B$2) -> 3575241 | L21: =IFERROR(K21/SUM($K$15:$K$79),0) -> 0.0035477391 | M21: =L21*E21 -> 0.019683359 | O21: 5 | P21: 6 | Q21: =L21 -> 0.0035477391 | R21: 0.0039174243 | U21: =IFERROR(ROUND(T21/L21,2),0) -> 0
A22: ="("&$O22&", "&$P22&"]" -> (6, 7] | B22: 8233456 | C22: 5364354110 | D22: =IFERROR(B22/SUM($B$15:$B$78),0) -> 0.008233456 | E22: =IFERROR(C22/B22/$B$3,0) -> 6.5153128 | G22: ="("&$O22&", "&$P22&"]" -> (6, 7] | H22: 0.37162292 | I22: =D22*H22 -> 0.003059741 | J22: =IFERROR(I22/SUM($I$15:$I$78),0) -> 0.003059741 | K22: =INT(J22*$B$2) -> 3059741 | L22: =IFERROR(K22/SUM($K$15:$K$79),0) -> 0.0030362045 | M22: =L22*E22 -> 0.019781822 | O22: 6 | P22: 7 | Q22: =L22 -> 0.0030362045 | R22: 0.0033525864 | U22: =IFERROR(ROUND(T22/L22,2),0) -> 0
A23: ="("&$O23&", "&$P23&"]" -> (7, 8] | B23: 7402250 | C23: 5582946445 | D23: =IFERROR(B23/SUM($B$15:$B$78),0) -> 0.00740225 | E23: =IFERROR(C23/B23/$B$3,0) -> 7.542229 | G23: ="("&$O23&", "&$P23&"]" -> (7, 8] | H23: 0.35943733 | I23: =D23*H23 -> 0.002660645 | J23: =IFERROR(I23/SUM($I$15:$I$78),0) -> 0.002660645 | K23: =INT(J23*$B$2) -> 2660645 | L23: =IFERROR(K23/SUM($K$15:$K$79),0) -> 0.0026401785 | M23: =L23*E23 -> 0.019912831 | O23: 7 | P23: 8 | Q23: =L23 -> 0.0026401785 | R23: 0.0029152925 | U23: =IFERROR(ROUND(T23/L23,2),0) -> 0
A24: ="("&$O24&", "&$P24&"]" -> (8, 9] | B24: 6145959 | C24: 5236519725 | D24: =IFERROR(B24/SUM($B$15:$B$78),0) -> 0.006145959 | E24: =IFERROR(C24/B24/$B$3,0) -> 8.5202647 | G24: ="("&$O24&", "&$P24&"]" -> (8, 9] | H24: 0.3688749 | I24: =D24*H24 -> 0.00226709 | J24: =IFERROR(I24/SUM($I$15:$I$78),0) -> 0.00226709 | K24: =INT(J24*$B$2) -> 2267090 | L24: =IFERROR(K24/SUM($K$15:$K$79),0) -> 0.0022496508 | M24: =L24*E24 -> 0.019167621 | O24: 8 | P24: 9 | Q24: =L24 -> 0.0022496508 | R24: 0.0024840722 | U24: =IFERROR(ROUND(T24/L24,2),0) -> 0
A25: ="("&$O25&", "&$P25&"]" -> (9, 10] | B25: 5019063 | C25: 4784548545 | D25: =IFERROR(B25/SUM($B$15:$B$78),0) -> 0.005019063 | E25: =IFERROR(C25/B25/$B$3,0) -> 9.5327525 | G25: ="("&$O25&", "&$P25&"]" -> (9, 10] | H25: 0.44396514 | I25: =D25*H25 -> 0.002228289 | J25: =IFERROR(I25/SUM($I$15:$I$78),0) -> 0.002228289 | K25: =INT(J25*$B$2) -> 2228289 | L25: =IFERROR(K25/SUM($K$15:$K$79),0) -> 0.0022111483 | M25: =L25*E25 -> 0.02107833 | O25: 9 | P25: 10 | Q25: =L25 -> 0.0022111483 | R25: 0.0024415575 | U25: =IFERROR(ROUND(T25/L25,2),0) -> 0
A26: ="("&$O26&", "&$P26&"]" -> (10, 15] | B26: 17254137 | C26: 21231801930 | D26: =IFERROR(B26/SUM($B$15:$B$78),0) -> 0.017254137 | E26: =IFERROR(C26/B26/$B$3,0) -> 12.30534 | G26: ="("&$O26&", "&$P26&"]" -> (10, 15] | H26: 0.48124273 | I26: =D26*H26 -> 0.008303428 | J26: =IFERROR(I26/SUM($I$15:$I$78),0) -> 0.008303428 | K26: =INT(J26*$B$2) -> 8303428 | L26: =IFERROR(K26/SUM($K$15:$K$79),0) -> 0.0082395555 | M26: =L26*E26 -> 0.10139053 | O26: 10 | P26: 15 | Q26: =L26 -> 0.0082395555 | R26: 0.0045490711 | U26: =IFERROR(ROUND(T26/L26,2),0) -> 0
... A78: ="("&$O78&", "&$P78&"]" -> (100000, 9999999] | B78: 0 | C78: 0 | D78: =IFERROR(B78/SUM($B$15:$B$78),0) -> 0 | E78: =IFERROR(C78/B78/$B$3,0) -> 0 | G78: ="("&$O78&", "&$P78&"]" -> (100000, 9999999] | H78: 0 | I78: =D78*H78 -> 0 | J78: =IFERROR(I78/SUM($I$15:$I$78),0) -> 0 | K78: =INT(J78*$B$2) -> 0 | L78: =IFERROR(K78/SUM($K$15:$K$79),0) -> 0 | M78: =L78*E78 -> 0 | O78: 100000 | P78: 9999999 | Q78: =L78 -> 0 | R78: 0 | U78: =IFERROR(ROUND(T78/L78,2),0) -> 0
A79: Free Game | B79: 8997512 | C79: 2594257240 | D79: =B79/B13 -> 0.008997512 | E79: =IFERROR(C79/B79/$B$3,0) -> 2.8833051 | G79: Free Game | H79: 0.86156462 | I79: =D79*H79 -> 0.007751938 | J79: =I79 -> 0.007751938 | K79: =INT(J79*$B$2) -> 7751938 | L79: =IFERROR(K79/SUM($K$15:$K$79),0) -> 0.0076923077 | M79: =L79*E79 -> 0.02217927
A82: Normal Bet | B82: Free Game | G82: Normal Bet | H82: Free Game | O82: Normal Bet | P82: Free Game
A84: Simulate | G84: Calculate
A85: Range | B85: Cnt | C85: Pay | D85: Hit Rate | E85: Avg. Multi. | G85: Range | H85: Fix Num | I85: Fix Rate | J85: Final Rate | K85: Weight | L85: Hit Rate | M85: Simulator RTP | O85: Lower | P85: Upper | Q85: 目前 | R85: 競品 | T85: 目前 | U85: 差異
A86: ="("&$O86&", "&$P86&"]" -> (-1, 0] | B86: 17757 | C86: 0 | D86: =IFERROR(B86/SUM($B$86:$B$149),0) -> 0.0019679053 | E86: =IFERROR(C86/B86/$B$3,0) -> 0 | G86: ="("&$O86&", "&$P86&"]" -> (-1, 0] | H86: 0 | I86: =D86*H86 -> 0 | J86: =IFERROR(I86/SUM($I$86:$I$149),0) -> 0 | K86: =INT(J86*$B$2) -> 0 | L86: =IFERROR(K86/SUM($K$86:$K$149),0) -> 0 | M86: =L86*E86 -> 0 | O86: -1 | P86: 0 | Q86: =L86 -> 0 | R86: 0 | U86: =IFERROR(ROUND(T86/L86,2),0) -> 0
A87: ="("&$O87&", "&$P87&"]" -> (0, 1] | B87: 51825 | C87: 2951940 | D87: =IFERROR(B87/SUM($B$86:$B$149),0) -> 0.0057434641 | E87: =IFERROR(C87/B87/$B$3,0) -> 0.56959768 | G87: ="("&$O87&", "&$P87&"]" -> (0, 1] | H87: 0 | I87: =D87*H87 -> 0 | J87: =IFERROR(I87/SUM($I$86:$I$149),0) -> 0 | K87: =INT(J87*$B$2) -> 0 | L87: =IFERROR(K87/SUM($K$86:$K$149),0) -> 0 | M87: =L87*E87 -> 0 | O87: 0 | P87: 1 | Q87: =L87 -> 0 | R87: 0 | U87: =IFERROR(ROUND(T87/L87,2),0) -> 0
A88: ="("&$O88&", "&$P88&"]" -> (1, 2] | B88: 50461 | C88: 7896650 | D88: =IFERROR(B88/SUM($B$86:$B$149),0) -> 0.0055922999 | E88: =IFERROR(C88/B88/$B$3,0) -> 1.5649016 | G88: ="("&$O88&", "&$P88&"]" -> (1, 2] | H88: 0 | I88: =D88*H88 -> 0 | J88: =IFERROR(I88/SUM($I$86:$I$149),0) -> 0 | K88: =INT(J88*$B$2) -> 0 | L88: =IFERROR(K88/SUM($K$86:$K$149),0) -> 0 | M88: =L88*E88 -> 0 | O88: 1 | P88: 2 | Q88: =L88 -> 0 | R88: 0 | U88: =IFERROR(ROUND(T88/L88,2),0) -> 0
A89: ="("&$O89&", "&$P89&"]" -> (2, 3] | B89: 50095 | C89: 12863820 | D89: =IFERROR(B89/SUM($B$86:$B$149),0) -> 0.0055517383 | E89: =IFERROR(C89/B89/$B$3,0) -> 2.567885 | G89: ="("&$O89&", "&$P89&"]" -> (2, 3] | H89: 0 | I89: =D89*H89 -> 0 | J89: =IFERROR(I89/SUM($I$86:$I$149),0) -> 0 | K89: =INT(J89*$B$2) -> 0 | L89: =IFERROR(K89/SUM($K$86:$K$149),0) -> 0 | M89: =L89*E89 -> 0 | O89: 2 | P89: 3 | Q89: =L89 -> 0 | R89: 0 | U89: =IFERROR(ROUND(T89/L89,2),0) -> 0
A90: ="("&$O90&", "&$P90&"]" -> (3, 4] | B90: 47166 | C90: 16819970 | D90: =IFERROR(B90/SUM($B$86:$B$149),0) -> 0.0052271342 | E90: =IFERROR(C90/B90/$B$3,0) -> 3.5661218 | G90: ="("&$O90&", "&$P90&"]" -> (3, 4] | H90: 0 | I90: =D90*H90 -> 0 | J90: =IFERROR(I90/SUM($I$86:$I$149),0) -> 0 | K90: =INT(J90*$B$2) -> 0 | L90: =IFERROR(K90/SUM($K$86:$K$149),0) -> 0 | M90: =L90*E90 -> 0 | O90: 3 | P90: 4 | Q90: =L90 -> 0 | R90: 0 | U90: =IFERROR(ROUND(T90/L90,2),0) -> 0
A91: ="("&$O91&", "&$P91&"]" -> (4, 5] | B91: 47329 | C91: 21614690 | D91: =IFERROR(B91/SUM($B$86:$B$149),0) -> 0.0052451985 | E91: =IFERROR(C91/B91/$B$3,0) -> 4.5669019 | G91: ="("&$O91&", "&$P91&"]" -> (4, 5] | H91: 0 | I91: =D91*H91 -> 0 | J91: =IFERROR(I91/SUM($I$86:$I$149),0) -> 0 | K91: =INT(J91*$B$2) -> 0 | L91: =IFERROR(K91/SUM($K$86:$K$149),0) -> 0 | M91: =L91*E91 -> 0 | O91: 4 | P91: 5 | Q91: =L91 -> 0 | R91: 0.0035688794 | U91: =IFERROR(ROUND(T91/L91,2),0) -> 0
A92: ="("&$O92&", "&$P92&"]" -> (5, 6] | B92: 46826 | C92: 26050370 | D92: =IFERROR(B92/SUM($B$86:$B$149),0) -> 0.005189454 | E92: =IFERROR(C92/B92/$B$3,0) -> 5.5632277 | G92: ="("&$O92&", "&$P92&"]" -> (5, 6] | H92: 6.6223956 | I92: =D92*H92 -> 0.034366617 | J92: =IFERROR(I92/SUM($I$86:$I$149),0) -> 0.034366617 | K92: =INT(J92*$B$2) -> 34366617 | L92: =IFERROR(K92/SUM($K$86:$K$149),0) -> 0.034366617 | M92: =L92*E92 -> 0.19118932 | O92: 5 | P92: 6 | Q92: =L92 -> 0.034366617 | R92: 0.035688794 | U92: =IFERROR(ROUND(T92/L92,2),0) -> 0
A93: ="("&$O93&", "&$P93&"]" -> (6, 7] | B93: 45678 | C93: 29965010 | D93: =IFERROR(B93/SUM($B$86:$B$149),0) -> 0.0050622278 | E93: =IFERROR(C93/B93/$B$3,0) -> 6.560053 | G93: ="("&$O93&", "&$P93&"]" -> (6, 7] | H93: 5.8400825 | I93: =D93*H93 -> 0.029563828 | J93: =IFERROR(I93/SUM($I$86:$I$149),0) -> 0.029563828 | K93: =INT(J93*$B$2) -> 29563828 | L93: =IFERROR(K93/SUM($K$86:$K$149),0) -> 0.029563828 | M93: =L93*E93 -> 0.19394028 | O93: 6 | P93: 7 | Q93: =L93 -> 0.029563828 | R93: 0.030692363 | U93: =IFERROR(ROUND(T93/L93,2),0) -> 0
A94: ="("&$O94&", "&$P94&"]" -> (7, 8] | B94: 45247 | C94: 34232610 | D94: =IFERROR(B94/SUM($B$86:$B$149),0) -> 0.0050144626 | E94: =IFERROR(C94/B94/$B$3,0) -> 7.5657193 | G94: ="("&$O94&", "&$P94&"]" -> (7, 8] | H94: 6.3088787 | I94: =D94*H94 -> 0.031635636 | J94: =IFERROR(I94/SUM($I$86:$I$149),0) -> 0.031635636 | K94: =INT(J94*$B$2) -> 31635636 | L94: =IFERROR(K94/SUM($K$86:$K$149),0) -> 0.031635636 | M94: =L94*E94 -> 0.23934634 | O94: 7 | P94: 8 | Q94: =L94 -> 0.031635636 | R94: 0.03283369 | U94: =IFERROR(ROUND(T94/L94,2),0) -> 0
A95: ="("&$O95&", "&$P95&"]" -> (8, 9] | B95: 45343 | C95: 38819360 | D95: =IFERROR(B95/SUM($B$86:$B$149),0) -> 0.0050251017 | E95: =IFERROR(C95/B95/$B$3,0) -> 8.5612686 | G95: ="("&$O95&", "&$P95&"]" -> (8, 9] | H95: 6.0235404 | I95: =D95*H95 -> 0.030268903 | J95: =IFERROR(I95/SUM($I$86:$I$149),0) -> 0.030268903 | K95: =INT(J95*$B$2) -> 30268903 | L95: =IFERROR(K95/SUM($K$86:$K$149),0) -> 0.030268903 | M95: =L95*E95 -> 0.25914021 | O95: 8 | P95: 9 | Q95: =L95 -> 0.030268903 | R95: 0.031406138 | U95: =IFERROR(ROUND(T95/L95,2),0) -> 0
A96: ="("&$O96&", "&$P96&"]" -> (9, 10] | B96: 45213 | C96: 43226590 | D96: =IFERROR(B96/SUM($B$86:$B$149),0) -> 0.0050106945 | E96: =IFERROR(C96/B96/$B$3,0) -> 9.5606551 | G96: ="("&$O96&", "&$P96&"]" -> (9, 10] | H96: 6.4546052 | I96: =D96*H96 -> 0.032342055 | J96: =IFERROR(I96/SUM($I$86:$I$149),0) -> 0.032342055 | K96: =INT(J96*$B$2) -> 32342055 | L96: =IFERROR(K96/SUM($K$86:$K$149),0) -> 0.032342055 | M96: =L96*E96 -> 0.30921123 | O96: 9 | P96: 10 | Q96: =L96 -> 0.032342055 | R96: 0.033547466 | U96: =IFERROR(ROUND(T96/L96,2),0) -> 0
A97: ="("&$O97&", "&$P97&"]" -> (10, 15] | B97: 221826 | C97: 278316430 | D97: =IFERROR(B97/SUM($B$86:$B$149),0) -> 0.024583689 | E97: =IFERROR(C97/B97/$B$3,0) -> 12.54661 | G97: ="("&$O97&", "&$P97&"]" -> (10, 15] | H97: 5.7151625 | I97: =D97*H97 -> 0.14049978 | J97: =IFERROR(I97/SUM($I$86:$I$149),0) -> 0.14049978 | K97: =INT(J97*$B$2) -> 140499777 | L97: =IFERROR(K97/SUM($K$86:$K$149),0) -> 0.14049978 | M97: =L97*E97 -> 1.7627959 | O97: 10 | P97: 15 | Q97: =L97 -> 0.14049978 | R97: 0.14561028 | U97: =IFERROR(ROUND(T97/L97,2),0) -> 0
... A149: ="("&$O149&", "&$P149&"]" -> (100000, 9999999] | B149: 0 | C149: 0 | D149: =IFERROR(B149/SUM($B$86:$B$149),0) -> 0 | E149: =IFERROR(C149/B149/$B$3,0) -> 0 | G149: ="("&$O149&", "&$P149&"]" -> (100000, 9999999] | H149: 0 | I149: =D149*H149 -> 0 | J149: =IFERROR(I149/SUM($I$86:$I$149),0) -> 0 | K149: =INT(J149*$B$2) -> 0 | L149: =IFERROR(K149/SUM($K$86:$K$149),0) -> 0 | M149: =L149*E149 -> 0 | O149: 100000 | P149: 9999999 | Q149: =L149 -> 0 | R149: 0 | U149: =IFERROR(ROUND(T149/L149,2),0) -> 0
A152: Buy Feature | B152: Base Game | G152: Buy Feature | H152: Base Game | O152: Buy Feature | P152: Base Game
A154: Simulate | G154: Calculate
A155: Range | B155: Cnt | C155: Pay | D155: Hit Rate | E155: Avg. Multi. | G155: Range | H155: Fix Num | I155: Fix Rate | J155: Final Rate | K155: Weight | L155: Hit Rate | M155: Simulator RTP | R155: 競品
A156: Buy Feature | B156: 8364049 | C156: 0 | D156: 1 | E156: =C156/B156/B3 -> 0 | G156: Buy Feature | H156: 1 | I156: =D156*H156 -> 1 | J156: =I156/SUM(I156) -> 1 | K156: =INT(J156*$B$2) -> 1000000000 | L156: =IFERROR(K156/SUM(K156),0) -> 1 | M156: =L156*E156 -> 0
A159: Buy Feature | B159: Free Game | G159: Buy Feature | H159: Free Game | O159: Buy Feature | P159: Free Game
A161: Simulate | G161: Calculate
A162: Range | B162: Cnt | C162: Pay | D162: Hit Rate | E162: Avg. Multi. | G162: Range | H162: Fix Num | I162: Fix Rate | J162: Final Rate | K162: Weight | L162: Hit Rate | M162: Simulator RTP | O162: Lower | P162: Upper | Q162: 目前 | R162: 競品 | T162: 目前 | U162: 差異
A163: ="("&$O163&", "&$P163&"]" -> (-1, 0] | B163: 19037 | C163: 0 | D163: =IFERROR(B163/SUM($B$163:$B$226),0) -> 0.0019037 | E163: =IFERROR(C163/B163/$B$3,0) -> 0 | G163: ="("&$O163&", "&$P163&"]" -> (-1, 0] | H163: 0 | I163: =D163*H163 -> 0 | J163: =IFERROR(I163/SUM($I$163:$I$226),0) -> 0 | K163: =INT(J163*$B$2) -> 0 | L163: =IFERROR(K163/SUM($K$163:$K$226),0) -> 0 | M163: =L163*E163 -> 0 | O163: -1 | P163: 0 | Q163: =L163 -> 0 | R163: 0 | U163: =IFERROR(ROUND(T163/L163,2),0) -> 0
A164: ="("&$O164&", "&$P164&"]" -> (0, 1] | B164: 57592 | C164: 3284900 | D164: =IFERROR(B164/SUM($B$163:$B$226),0) -> 0.0057592 | E164: =IFERROR(C164/B164/$B$3,0) -> 0.57037436 | G164: ="("&$O164&", "&$P164&"]" -> (0, 1] | H164: 0 | I164: =D164*H164 -> 0 | J164: =IFERROR(I164/SUM($I$163:$I$226),0) -> 0 | K164: =INT(J164*$B$2) -> 0 | L164: =IFERROR(K164/SUM($K$163:$K$226),0) -> 0 | M164: =L164*E164 -> 0 | O164: 0 | P164: 1 | Q164: =L164 -> 0 | R164: 0 | U164: =IFERROR(ROUND(T164/L164,2),0) -> 0
A165: ="("&$O165&", "&$P165&"]" -> (1, 2] | B165: 56319 | C165: 8816440 | D165: =IFERROR(B165/SUM($B$163:$B$226),0) -> 0.0056319 | E165: =IFERROR(C165/B165/$B$3,0) -> 1.5654468 | G165: ="("&$O165&", "&$P165&"]" -> (1, 2] | H165: 0 | I165: =D165*H165 -> 0 | J165: =IFERROR(I165/SUM($I$163:$I$226),0) -> 0 | K165: =INT(J165*$B$2) -> 0 | L165: =IFERROR(K165/SUM($K$163:$K$226),0) -> 0 | M165: =L165*E165 -> 0 | O165: 1 | P165: 2 | Q165: =L165 -> 0 | R165: 0 | U165: =IFERROR(ROUND(T165/L165,2),0) -> 0
A166: ="("&$O166&", "&$P166&"]" -> (2, 3] | B166: 55568 | C166: 14253470 | D166: =IFERROR(B166/SUM($B$163:$B$226),0) -> 0.0055568 | E166: =IFERROR(C166/B166/$B$3,0) -> 2.56505 | G166: ="("&$O166&", "&$P166&"]" -> (2, 3] | H166: 0 | I166: =D166*H166 -> 0 | J166: =IFERROR(I166/SUM($I$163:$I$226),0) -> 0 | K166: =INT(J166*$B$2) -> 0 | L166: =IFERROR(K166/SUM($K$163:$K$226),0) -> 0 | M166: =L166*E166 -> 0 | O166: 2 | P166: 3 | Q166: =L166 -> 0 | R166: 0 | U166: =IFERROR(ROUND(T166/L166,2),0) -> 0
A167: ="("&$O167&", "&$P167&"]" -> (3, 4] | B167: 52694 | C167: 18785910 | D167: =IFERROR(B167/SUM($B$163:$B$226),0) -> 0.0052694 | E167: =IFERROR(C167/B167/$B$3,0) -> 3.5650947 | G167: ="("&$O167&", "&$P167&"]" -> (3, 4] | H167: 0 | I167: =D167*H167 -> 0 | J167: =IFERROR(I167/SUM($I$163:$I$226),0) -> 0 | K167: =INT(J167*$B$2) -> 0 | L167: =IFERROR(K167/SUM($K$163:$K$226),0) -> 0 | M167: =L167*E167 -> 0 | O167: 3 | P167: 4 | Q167: =L167 -> 0 | R167: 0 | U167: =IFERROR(ROUND(T167/L167,2),0) -> 0
A168: ="("&$O168&", "&$P168&"]" -> (4, 5] | B168: 52697 | C168: 24073710 | D168: =IFERROR(B168/SUM($B$163:$B$226),0) -> 0.0052697 | E168: =IFERROR(C168/B168/$B$3,0) -> 4.5683265 | G168: ="("&$O168&", "&$P168&"]" -> (4, 5] | H168: 0 | I168: =D168*H168 -> 0 | J168: =IFERROR(I168/SUM($I$163:$I$226),0) -> 0 | K168: =INT(J168*$B$2) -> 0 | L168: =IFERROR(K168/SUM($K$163:$K$226),0) -> 0 | M168: =L168*E168 -> 0 | O168: 4 | P168: 5 | Q168: =L168 -> 0 | R168: 0.0035688794 | U168: =IFERROR(ROUND(T168/L168,2),0) -> 0
A169: ="("&$O169&", "&$P169&"]" -> (5, 6] | B169: 52164 | C169: 29011430 | D169: =IFERROR(B169/SUM($B$163:$B$226),0) -> 0.0052164 | E169: =IFERROR(C169/B169/$B$3,0) -> 5.5615808 | G169: ="("&$O169&", "&$P169&"]" -> (5, 6] | H169: 6.6135891 | I169: =D169*H169 -> 0.034499126 | J169: =IFERROR(I169/SUM($I$163:$I$226),0) -> 0.034499126 | K169: =INT(J169*$B$2) -> 34499126 | L169: =IFERROR(K169/SUM($K$163:$K$226),0) -> 0.034499126 | M169: =L169*E169 -> 0.19186968 | O169: 5 | P169: 6 | Q169: =L169 -> 0.034499126 | R169: 0.035688794 | U169: =IFERROR(ROUND(T169/L169,2),0) -> 0
A170: ="("&$O170&", "&$P170&"]" -> (6, 7] | B170: 50376 | C170: 33049440 | D170: =IFERROR(B170/SUM($B$163:$B$226),0) -> 0.0050376 | E170: =IFERROR(C170/B170/$B$3,0) -> 6.5605526 | G170: ="("&$O170&", "&$P170&"]" -> (6, 7] | H170: 5.8905431 | I170: =D170*H170 -> 0.0296742 | J170: =IFERROR(I170/SUM($I$163:$I$226),0) -> 0.0296742 | K170: =INT(J170*$B$2) -> 29674200 | L170: =IFERROR(K170/SUM($K$163:$K$226),0) -> 0.0296742 | M170: =L170*E170 -> 0.19467915 | O170: 6 | P170: 7 | Q170: =L170 -> 0.0296742 | R170: 0.030692363 | U170: =IFERROR(ROUND(T170/L170,2),0) -> 0
A171: ="("&$O171&", "&$P171&"]" -> (7, 8] | B171: 49425 | C171: 37370570 | D171: =IFERROR(B171/SUM($B$163:$B$226),0) -> 0.0049425 | E171: =IFERROR(C171/B171/$B$3,0) -> 7.5610663 | G171: ="("&$O171&", "&$P171&"]" -> (7, 8] | H171: 6.4238343 | I171: =D171*H171 -> 0.031749801 | J171: =IFERROR(I171/SUM($I$163:$I$226),0) -> 0.031749801 | K171: =INT(J171*$B$2) -> 31749801 | L171: =IFERROR(K171/SUM($K$163:$K$226),0) -> 0.031749801 | M171: =L171*E171 -> 0.24006235 | O171: 7 | P171: 8 | Q171: =L171 -> 0.031749801 | R171: 0.03283369 | U171: =IFERROR(ROUND(T171/L171,2),0) -> 0
A172: ="("&$O172&", "&$P172&"]" -> (8, 9] | B172: 50055 | C172: 42852930 | D172: =IFERROR(B172/SUM($B$163:$B$226),0) -> 0.0050055 | E172: =IFERROR(C172/B172/$B$3,0) -> 8.5611687 | G172: ="("&$O172&", "&$P172&"]" -> (8, 9] | H172: 6.0682148 | I172: =D172*H172 -> 0.030374449 | J172: =IFERROR(I172/SUM($I$163:$I$226),0) -> 0.030374449 | K172: =INT(J172*$B$2) -> 30374449 | L172: =IFERROR(K172/SUM($K$163:$K$226),0) -> 0.030374449 | M172: =L172*E172 -> 0.26004078 | O172: 8 | P172: 9 | Q172: =L172 -> 0.030374449 | R172: 0.031406138 | U172: =IFERROR(ROUND(T172/L172,2),0) -> 0
A173: ="("&$O173&", "&$P173&"]" -> (9, 10] | B173: 49809 | C173: 47617220 | D173: =IFERROR(B173/SUM($B$163:$B$226),0) -> 0.0049809 | E173: =IFERROR(C173/B173/$B$3,0) -> 9.5599631 | G173: ="("&$O173&", "&$P173&"]" -> (9, 10] | H173: 6.5150575 | I173: =D173*H173 -> 0.03245085 | J173: =IFERROR(I173/SUM($I$163:$I$226),0) -> 0.03245085 | K173: =INT(J173*$B$2) -> 32450850 | L173: =IFERROR(K173/SUM($K$163:$K$226),0) -> 0.03245085 | M173: =L173*E173 -> 0.31022893 | O173: 9 | P173: 10 | Q173: =L173 -> 0.03245085 | R173: 0.033547466 | U173: =IFERROR(ROUND(T173/L173,2),0) -> 0
A174: ="("&$O174&", "&$P174&"]" -> (10, 15] | B174: 246542 | C174: 309425910 | D174: =IFERROR(B174/SUM($B$163:$B$226),0) -> 0.0246542 | E174: =IFERROR(C174/B174/$B$3,0) -> 12.550637 | G174: ="("&$O174&", "&$P174&"]" -> (10, 15] | H174: 5.715898 | I174: =D174*H174 -> 0.14092089 | J174: =IFERROR(I174/SUM($I$163:$I$226),0) -> 0.14092089 | K174: =INT(J174*$B$2) -> 140920893 | L174: =IFERROR(K174/SUM($K$163:$K$226),0) -> 0.14092089 | M174: =L174*E174 -> 1.7686469 | O174: 10 | P174: 15 | Q174: =L174 -> 0.14092089 | R174: 0.14561028 | U174: =IFERROR(ROUND(T174/L174,2),0) -> 0
... A226: ="("&$O226&", "&$P226&"]" -> (100000, 9999999] | B226: 0 | C226: 0 | D226: =IFERROR(B226/SUM($B$163:$B$226),0) -> 0 | E226: =IFERROR(C226/B226/$B$3,0) -> 0 | G226: ="("&$O226&", "&$P226&"]" -> (100000, 9999999] | H226: 0 | I226: =D226*H226 -> 0 | J226: =IFERROR(I226/SUM($I$163:$I$226),0) -> 0 | K226: =INT(J226*$B$2) -> 0 | L226: =IFERROR(K226/SUM($K$163:$K$226),0) -> 0 | M226: =L226*E226 -> 0 | O226: 100000 | P226: 9999999 | Q226: =L226 -> 0 | R226: 0 | U226: =IFERROR(ROUND(T226/L226,2),0) -> 0
A230: Super Buy | B230: Free Game | G230: Super Buy | H230: Free Game | O230: Super Buy | P230: Free Game
A232: Simulate | G232: Calculate
A233: Range | B233: Cnt | C233: Pay | D233: Hit Rate | E233: Avg. Multi. | G233: Range | H233: Fix Num | I233: Fix Rate | J233: Final Rate | K233: Weight | L233: Hit Rate | M233: Simulator RTP | O233: Lower | P233: Upper | Q233: 目前 | R233: 競品 | T233: 目前 | U233: 差異
A234: ="("&$O234&", "&$P234&"]" -> (-1, 0] | B234: 195754 | C234: 0 | D234: =IFERROR(B234/SUM($B$234:$B$297),0) -> 0.00195754 | E234: =IFERROR(C234/B234/$B$3,0) -> 0 | G234: ="("&$O234&", "&$P234&"]" -> (-1, 0] | H234: 0 | I234: =D234*H234 -> 0 | J234: =IFERROR(I234/SUM($I$234:$I$297),0) -> 0 | K234: =INT(J234*$B$2) -> 0 | L234: =IFERROR(K234/SUM($K$234:$K$297),0) -> 0 | M234: =L234*E234 -> 0 | O234: -1 | P234: 0 | Q234: =L234 -> 0 | R234: 0 | U234: =IFERROR(ROUND(T234/L234,2),0) -> 0
A235: ="("&$O235&", "&$P235&"]" -> (0, 1] | B235: 478729 | C235: 26543430 | D235: =IFERROR(B235/SUM($B$234:$B$297),0) -> 0.00478729 | E235: =IFERROR(C235/B235/$B$3,0) -> 0.55445628 | G235: ="("&$O235&", "&$P235&"]" -> (0, 1] | H235: 0 | I235: =D235*H235 -> 0 | J235: =IFERROR(I235/SUM($I$234:$I$297),0) -> 0 | K235: =INT(J235*$B$2) -> 0 | L235: =IFERROR(K235/SUM($K$234:$K$297),0) -> 0 | M235: =L235*E235 -> 0 | O235: 0 | P235: 1 | Q235: =L235 -> 0 | R235: 0 | U235: =IFERROR(ROUND(T235/L235,2),0) -> 0
A236: ="("&$O236&", "&$P236&"]" -> (1, 2] | B236: 384230 | C236: 59742040 | D236: =IFERROR(B236/SUM($B$234:$B$297),0) -> 0.0038423 | E236: =IFERROR(C236/B236/$B$3,0) -> 1.554851 | G236: ="("&$O236&", "&$P236&"]" -> (1, 2] | H236: 0 | I236: =D236*H236 -> 0 | J236: =IFERROR(I236/SUM($I$234:$I$297),0) -> 0 | K236: =INT(J236*$B$2) -> 0 | L236: =IFERROR(K236/SUM($K$234:$K$297),0) -> 0 | M236: =L236*E236 -> 0 | O236: 1 | P236: 2 | Q236: =L236 -> 0 | R236: 0 | U236: =IFERROR(ROUND(T236/L236,2),0) -> 0
A237: ="("&$O237&", "&$P237&"]" -> (2, 3] | B237: 328172 | C237: 83924660 | D237: =IFERROR(B237/SUM($B$234:$B$297),0) -> 0.00328172 | E237: =IFERROR(C237/B237/$B$3,0) -> 2.5573376 | G237: ="("&$O237&", "&$P237&"]" -> (2, 3] | H237: 0 | I237: =D237*H237 -> 0 | J237: =IFERROR(I237/SUM($I$234:$I$297),0) -> 0 | K237: =INT(J237*$B$2) -> 0 | L237: =IFERROR(K237/SUM($K$234:$K$297),0) -> 0 | M237: =L237*E237 -> 0 | O237: 2 | P237: 3 | Q237: =L237 -> 0 | R237: 0 | U237: =IFERROR(ROUND(T237/L237,2),0) -> 0
A238: ="("&$O238&", "&$P238&"]" -> (3, 4] | B238: 272197 | C238: 96997270 | D238: =IFERROR(B238/SUM($B$234:$B$297),0) -> 0.00272197 | E238: =IFERROR(C238/B238/$B$3,0) -> 3.5634952 | G238: ="("&$O238&", "&$P238&"]" -> (3, 4] | H238: 0 | I238: =D238*H238 -> 0 | J238: =IFERROR(I238/SUM($I$234:$I$297),0) -> 0 | K238: =INT(J238*$B$2) -> 0 | L238: =IFERROR(K238/SUM($K$234:$K$297),0) -> 0 | M238: =L238*E238 -> 0 | O238: 3 | P238: 4 | Q238: =L238 -> 0 | R238: 0 | U238: =IFERROR(ROUND(T238/L238,2),0) -> 0
A239: ="("&$O239&", "&$P239&"]" -> (4, 5] | B239: 249956 | C239: 114125840 | D239: =IFERROR(B239/SUM($B$234:$B$297),0) -> 0.00249956 | E239: =IFERROR(C239/B239/$B$3,0) -> 4.5658372 | G239: ="("&$O239&", "&$P239&"]" -> (4, 5] | H239: 0 | I239: =D239*H239 -> 0 | J239: =IFERROR(I239/SUM($I$234:$I$297),0) -> 0 | K239: =INT(J239*$B$2) -> 0 | L239: =IFERROR(K239/SUM($K$234:$K$297),0) -> 0 | M239: =L239*E239 -> 0 | O239: 4 | P239: 5 | Q239: =L239 -> 0 | R239: 0 | U239: =IFERROR(ROUND(T239/L239,2),0) -> 0
A240: ="("&$O240&", "&$P240&"]" -> (5, 6] | B240: 225348 | C240: 125291520 | D240: =IFERROR(B240/SUM($B$234:$B$297),0) -> 0.00225348 | E240: =IFERROR(C240/B240/$B$3,0) -> 5.5599127 | G240: ="("&$O240&", "&$P240&"]" -> (5, 6] | H240: 0 | I240: =D240*H240 -> 0 | J240: =IFERROR(I240/SUM($I$234:$I$297),0) -> 0 | K240: =INT(J240*$B$2) -> 0 | L240: =IFERROR(K240/SUM($K$234:$K$297),0) -> 0 | M240: =L240*E240 -> 0 | O240: 5 | P240: 6 | Q240: =L240 -> 0 | R240: 0 | U240: =IFERROR(ROUND(T240/L240,2),0) -> 0
A241: ="("&$O241&", "&$P241&"]" -> (6, 7] | B241: 201930 | C241: 132377980 | D241: =IFERROR(B241/SUM($B$234:$B$297),0) -> 0.0020193 | E241: =IFERROR(C241/B241/$B$3,0) -> 6.5556371 | G241: ="("&$O241&", "&$P241&"]" -> (6, 7] | H241: 0 | I241: =D241*H241 -> 0 | J241: =IFERROR(I241/SUM($I$234:$I$297),0) -> 0 | K241: =INT(J241*$B$2) -> 0 | L241: =IFERROR(K241/SUM($K$234:$K$297),0) -> 0 | M241: =L241*E241 -> 0 | O241: 6 | P241: 7 | Q241: =L241 -> 0 | R241: 0 | U241: =IFERROR(ROUND(T241/L241,2),0) -> 0
A242: ="("&$O242&", "&$P242&"]" -> (7, 8] | B242: 187701 | C242: 141943340 | D242: =IFERROR(B242/SUM($B$234:$B$297),0) -> 0.00187701 | E242: =IFERROR(C242/B242/$B$3,0) -> 7.5622048 | G242: ="("&$O242&", "&$P242&"]" -> (7, 8] | H242: 0 | I242: =D242*H242 -> 0 | J242: =IFERROR(I242/SUM($I$234:$I$297),0) -> 0 | K242: =INT(J242*$B$2) -> 0 | L242: =IFERROR(K242/SUM($K$234:$K$297),0) -> 0 | M242: =L242*E242 -> 0 | O242: 7 | P242: 8 | Q242: =L242 -> 0 | R242: 0 | U242: =IFERROR(ROUND(T242/L242,2),0) -> 0
A243: ="("&$O243&", "&$P243&"]" -> (8, 9] | B243: 185327 | C243: 158606340 | D243: =IFERROR(B243/SUM($B$234:$B$297),0) -> 0.00185327 | E243: =IFERROR(C243/B243/$B$3,0) -> 8.5581885 | G243: ="("&$O243&", "&$P243&"]" -> (8, 9] | H243: 0 | I243: =D243*H243 -> 0 | J243: =IFERROR(I243/SUM($I$234:$I$297),0) -> 0 | K243: =INT(J243*$B$2) -> 0 | L243: =IFERROR(K243/SUM($K$234:$K$297),0) -> 0 | M243: =L243*E243 -> 0 | O243: 8 | P243: 9 | Q243: =L243 -> 0 | R243: 0 | U243: =IFERROR(ROUND(T243/L243,2),0) -> 0
A244: ="("&$O244&", "&$P244&"]" -> (9, 10] | B244: 175947 | C244: 168184880 | D244: =IFERROR(B244/SUM($B$234:$B$297),0) -> 0.00175947 | E244: =IFERROR(C244/B244/$B$3,0) -> 9.5588376 | G244: ="("&$O244&", "&$P244&"]" -> (9, 10] | H244: 0 | I244: =D244*H244 -> 0 | J244: =IFERROR(I244/SUM($I$234:$I$297),0) -> 0 | K244: =INT(J244*$B$2) -> 0 | L244: =IFERROR(K244/SUM($K$234:$K$297),0) -> 0 | M244: =L244*E244 -> 0 | O244: 9 | P244: 10 | Q244: =L244 -> 0 | R244: 0 | U244: =IFERROR(ROUND(T244/L244,2),0) -> 0
A245: ="("&$O245&", "&$P245&"]" -> (10, 15] | B245: 770394 | C245: 961955270 | D245: =IFERROR(B245/SUM($B$234:$B$297),0) -> 0.00770394 | E245: =IFERROR(C245/B245/$B$3,0) -> 12.486536 | G245: ="("&$O245&", "&$P245&"]" -> (10, 15] | H245: 0 | I245: =D245*H245 -> 0 | J245: =IFERROR(I245/SUM($I$234:$I$297),0) -> 0 | K245: =INT(J245*$B$2) -> 0 | L245: =IFERROR(K245/SUM($K$234:$K$297),0) -> 0 | M245: =L245*E245 -> 0 | O245: 10 | P245: 15 | Q245: =L245 -> 0 | R245: 0 | U245: =IFERROR(ROUND(T245/L245,2),0) -> 0
... A297: ="("&$O297&", "&$P297&"]" -> (100000, 9999999] | B297: 0 | C297: 0 | D297: =IFERROR(B297/SUM($B$234:$B$297),0) -> 0 | E297: =IFERROR(C297/B297/$B$3,0) -> 0 | G297: ="("&$O297&", "&$P297&"]" -> (100000, 9999999] | H297: 0 | I297: =D297*H297 -> 0 | J297: =IFERROR(I297/SUM($I$234:$I$297),0) -> 0 | K297: =INT(J297*$B$2) -> 0 | L297: =IFERROR(K297/SUM($K$234:$K$297),0) -> 0 | M297: =L297*E297 -> 0 | O297: 100000 | P297: 9999999 | Q297: =L297 -> 0 | R297: 0 | U297: =IFERROR(ROUND(T297/L297,2),0) -> 0

Sheet Detail_Newbie
A2: Threshold | B2: 1000000000
A3: Coin in | B3: =Overview!A7 -> 100
C5: RTP
B6: Bet | C6: Base Game | D6: Free Game | E6: Total | F6: Hit Rate | G6: FG Period | H6: Avg Multi | I6: BG | J6: FG
A7: Normal Bet | B7: =Overview!B11 -> 1 | C7: =SUM(M15:M79) -> 0.65 | D7: =SUM(M86:M149)*F7 -> 0.28 | E7: =SUM(C7:D7) -> 0.93 | F7: =L79 -> 0.0076923077 | G7: =1/F7 -> 130 | H7: =D7*G7 -> 36.4 | I7: =IFERROR(LOOKUP(2,1/(K15:K78<>0),P15:P78),0) -> 30 | J7: =IFERROR(LOOKUP(2,1/(K86:K149<>0),P86:P149),0) -> 120
A11: Normal Bet | B11: Base Game | G11: Normal Bet | H11: Base Game | O11: Normal Bet | P11: Base Game
A13: Simulate | B13: 1000000000 | G13: Calculate
A14: Range | B14: Cnt | C14: Pay | D14: Hit Rate | E14: Avg. Multi. | G14: Range | H14: Fix Num | I14: Fix Rate | J14: Final Rate | K14: Weight | L14: Hit Rate | M14: Simulator RTP | O14: Lower | P14: Upper | Q14: 目前 | R14: 競品 | T14: 目前 | U14: 差異
A15: ="("&$O15&", "&$P15&"]" -> (-1, 0] | B15: 631527917 | C15: 0 | D15: =IFERROR(B15/SUM($B$15:$B$78),0) -> 0.63152792 | E15: =IFERROR(C15/B15/$B$3,0) -> 0 | G15: ="("&$O15&", "&$P15&"]" -> (-1, 0] | H15: 1.1851799 | I15: =D15*H15 -> 0.74847417 | J15: =IFERROR(I15/SUM($I$15:$I$78),0) -> 0.74847417 | K15: =INT(J15*$B$2) -> 748474171 | L15: =IFERROR(K15/SUM($K$15:$K$79),0) -> 0.74271668 | M15: =L15*E15 -> 0 | O15: -1 | P15: 0 | Q15: =L15 -> 0.74271668 | R15: 0.723799 | U15: =IFERROR(ROUND(T15/L15,2),0) -> 0
A16: ="("&$O16&", "&$P16&"]" -> (0, 1] | B16: 168741642 | C16: 6991084375 | D16: =IFERROR(B16/SUM($B$15:$B$78),0) -> 0.16874164 | E16: =IFERROR(C16/B16/$B$3,0) -> 0.414307 | G16: ="("&$O16&", "&$P16&"]" -> (0, 1] | H16: 0.83722531 | I16: =D16*H16 -> 0.14127477 | J16: =IFERROR(I16/SUM($I$15:$I$78),0) -> 0.14127477 | K16: =INT(J16*$B$2) -> 141274773 | L16: =IFERROR(K16/SUM($K$15:$K$79),0) -> 0.14018804 | M16: =L16*E16 -> 0.058080888 | O16: 0 | P16: 1 | Q16: =L16 -> 0.14018804 | R16: 0.154266 | U16: =IFERROR(ROUND(T16/L16,2),0) -> 0
A17: ="("&$O17&", "&$P17&"]" -> (1, 2] | B17: 49179091 | C17: 7386239950 | D17: =IFERROR(B17/SUM($B$15:$B$78),0) -> 0.049179091 | E17: =IFERROR(C17/B17/$B$3,0) -> 1.5019066 | G17: ="("&$O17&", "&$P17&"]" -> (1, 2] | H17: 0.71989 | I17: =D17*H17 -> 0.035403536 | J17: =IFERROR(I17/SUM($I$15:$I$78),0) -> 0.035403536 | K17: =INT(J17*$B$2) -> 35403536 | L17: =IFERROR(K17/SUM($K$15:$K$79),0) -> 0.035131201 | M17: =L17*E17 -> 0.052763781 | O17: 1 | P17: 2 | Q17: =L17 -> 0.035131201 | R17: 0.045428 | U17: =IFERROR(ROUND(T17/L17,2),0) -> 0
A18: ="("&$O18&", "&$P18&"]" -> (2, 3] | B18: 27802915 | C18: 7026127570 | D18: =IFERROR(B18/SUM($B$15:$B$78),0) -> 0.027802915 | E18: =IFERROR(C18/B18/$B$3,0) -> 2.527119 | G18: ="("&$O18&", "&$P18&"]" -> (2, 3] | H18: 0.70934976 | I18: =D18*H18 -> 0.019721991 | J18: =IFERROR(I18/SUM($I$15:$I$78),0) -> 0.019721991 | K18: =INT(J18*$B$2) -> 19721991 | L18: =IFERROR(K18/SUM($K$15:$K$79),0) -> 0.019570283 | M18: =L18*E18 -> 0.049456436 | O18: 2 | P18: 3 | Q18: =L18 -> 0.019570283 | R18: 0.02091 | U18: =IFERROR(ROUND(T18/L18,2),0) -> 0
A19: ="("&$O19&", "&$P19&"]" -> (3, 4] | B19: 18076094 | C19: 6434648930 | D19: =IFERROR(B19/SUM($B$15:$B$78),0) -> 0.018076094 | E19: =IFERROR(C19/B19/$B$3,0) -> 3.5597563 | G19: ="("&$O19&", "&$P19&"]" -> (3, 4] | H19: 0.6886392 | I19: =D19*H19 -> 0.012447907 | J19: =IFERROR(I19/SUM($I$15:$I$78),0) -> 0.012447907 | K19: =INT(J19*$B$2) -> 12447907 | L19: =IFERROR(K19/SUM($K$15:$K$79),0) -> 0.012352154 | M19: =L19*E19 -> 0.043970657 | O19: 3 | P19: 4 | Q19: =L19 -> 0.012352154 | R19: 0.012886 | U19: =IFERROR(ROUND(T19/L19,2),0) -> 0
A20: ="("&$O20&", "&$P20&"]" -> (4, 5] | B20: 13913831 | C20: 6300738315 | D20: =IFERROR(B20/SUM($B$15:$B$78),0) -> 0.013913831 | E20: =IFERROR(C20/B20/$B$3,0) -> 4.5283993 | G20: ="("&$O20&", "&$P20&"]" -> (4, 5] | H20: 0.72436592 | I20: =D20*H20 -> 0.010078705 | J20: =IFERROR(I20/SUM($I$15:$I$78),0) -> 0.010078705 | K20: =INT(J20*$B$2) -> 10078705 | L20: =IFERROR(K20/SUM($K$15:$K$79),0) -> 0.010001176 | M20: =L20*E20 -> 0.045289321 | O20: 4 | P20: 5 | Q20: =L20 -> 0.010001176 | R20: 0.008406 | U20: =IFERROR(ROUND(T20/L20,2),0) -> 0
A21: ="("&$O21&", "&$P21&"]" -> (5, 6] | B21: 10559309 | C21: 5858454015 | D21: =IFERROR(B21/SUM($B$15:$B$78),0) -> 0.010559309 | E21: =IFERROR(C21/B21/$B$3,0) -> 5.5481415 | G21: ="("&$O21&", "&$P21&"]" -> (5, 6] | H21: 0.39113289 | I21: =D21*H21 -> 0.004130093 | J21: =IFERROR(I21/SUM($I$15:$I$78),0) -> 0.004130093 | K21: =INT(J21*$B$2) -> 4130093 | L21: =IFERROR(K21/SUM($K$15:$K$79),0) -> 0.0040983231 | M21: =L21*E21 -> 0.022738076 | O21: 5 | P21: 6 | Q21: =L21 -> 0.0040983231 | R21: 0.006517 | U21: =IFERROR(ROUND(T21/L21,2),0) -> 0
A22: ="("&$O22&", "&$P22&"]" -> (6, 7] | B22: 8233456 | C22: 5364354110 | D22: =IFERROR(B22/SUM($B$15:$B$78),0) -> 0.008233456 | E22: =IFERROR(C22/B22/$B$3,0) -> 6.5153128 | G22: ="("&$O22&", "&$P22&"]" -> (6, 7] | H22: 0.42929615 | I22: =D22*H22 -> 0.003534591 | J22: =IFERROR(I22/SUM($I$15:$I$78),0) -> 0.003534591 | K22: =INT(J22*$B$2) -> 3534591 | L22: =IFERROR(K22/SUM($K$15:$K$79),0) -> 0.0035074018 | M22: =L22*E22 -> 0.02285182 | O22: 6 | P22: 7 | Q22: =L22 -> 0.0035074018 | R22: 0.003524 | U22: =IFERROR(ROUND(T22/L22,2),0) -> 0
A23: ="("&$O23&", "&$P23&"]" -> (7, 8] | B23: 7402250 | C23: 5582946445 | D23: =IFERROR(B23/SUM($B$15:$B$78),0) -> 0.00740225 | E23: =IFERROR(C23/B23/$B$3,0) -> 7.542229 | G23: ="("&$O23&", "&$P23&"]" -> (7, 8] | H23: 0.41521929 | I23: =D23*H23 -> 0.003073557 | J23: =IFERROR(I23/SUM($I$15:$I$78),0) -> 0.003073557 | K23: =INT(J23*$B$2) -> 3073557 | L23: =IFERROR(K23/SUM($K$15:$K$79),0) -> 0.0030499143 | M23: =L23*E23 -> 0.023003152 | O23: 7 | P23: 8 | Q23: =L23 -> 0.0030499143 | R23: 0.00397 | U23: =IFERROR(ROUND(T23/L23,2),0) -> 0
A24: ="("&$O24&", "&$P24&"]" -> (8, 9] | B24: 6145959 | C24: 5236519725 | D24: =IFERROR(B24/SUM($B$15:$B$78),0) -> 0.006145959 | E24: =IFERROR(C24/B24/$B$3,0) -> 8.5202647 | G24: ="("&$O24&", "&$P24&"]" -> (8, 9] | H24: 0.42612178 | I24: =D24*H24 -> 0.002618927 | J24: =IFERROR(I24/SUM($I$15:$I$78),0) -> 0.002618927 | K24: =INT(J24*$B$2) -> 2618927 | L24: =IFERROR(K24/SUM($K$15:$K$79),0) -> 0.0025987814 | M24: =L24*E24 -> 0.022142305 | O24: 8 | P24: 9 | Q24: =L24 -> 0.0025987814 | R24: 0.003227 | U24: =IFERROR(ROUND(T24/L24,2),0) -> 0
A25: ="("&$O25&", "&$P25&"]" -> (9, 10] | B25: 5019063 | C25: 4784548545 | D25: =IFERROR(B25/SUM($B$15:$B$78),0) -> 0.005019063 | E25: =IFERROR(C25/B25/$B$3,0) -> 9.5327525 | G25: ="("&$O25&", "&$P25&"]" -> (9, 10] | H25: 0.51286545 | I25: =D25*H25 -> 0.002574104 | J25: =IFERROR(I25/SUM($I$15:$I$78),0) -> 0.002574104 | K25: =INT(J25*$B$2) -> 2574104 | L25: =IFERROR(K25/SUM($K$15:$K$79),0) -> 0.0025543032 | M25: =L25*E25 -> 0.02434954 | O25: 9 | P25: 10 | Q25: =L25 -> 0.0025543032 | R25: 0.002102 | U25: =IFERROR(ROUND(T25/L25,2),0) -> 0
A26: ="("&$O26&", "&$P26&"]" -> (10, 15] | B26: 17254137 | C26: 21231801930 | D26: =IFERROR(B26/SUM($B$15:$B$78),0) -> 0.017254137 | E26: =IFERROR(C26/B26/$B$3,0) -> 12.30534 | G26: ="("&$O26&", "&$P26&"]" -> (10, 15] | H26: 0.55592812 | I26: =D26*H26 -> 0.00959206 | J26: =IFERROR(I26/SUM($I$15:$I$78),0) -> 0.00959206 | K26: =INT(J26*$B$2) -> 9592060 | L26: =IFERROR(K26/SUM($K$15:$K$79),0) -> 0.0095182749 | M26: =L26*E26 -> 0.11712561 | O26: 10 | P26: 15 | Q26: =L26 -> 0.0095182749 | R26: 0.006432 | U26: =IFERROR(ROUND(T26/L26,2),0) -> 0
... A78: ="("&$O78&", "&$P78&"]" -> (100000, 9999999] | B78: 0 | C78: 0 | D78: =IFERROR(B78/SUM($B$15:$B$78),0) -> 0 | E78: =IFERROR(C78/B78/$B$3,0) -> 0 | G78: ="("&$O78&", "&$P78&"]" -> (100000, 9999999] | H78: 0 | I78: =D78*H78 -> 0 | J78: =IFERROR(I78/SUM($I$15:$I$78),0) -> 0 | K78: =INT(J78*$B$2) -> 0 | L78: =IFERROR(K78/SUM($K$15:$K$79),0) -> 0 | M78: =L78*E78 -> 0 | O78: 100000 | P78: 9999999 | Q78: =L78 -> 0 | R78: 0 | U78: =IFERROR(ROUND(T78/L78,2),0) -> 0
A79: Free Game | B79: 8837552 | C79: 1910155240 | D79: =B79/B13 -> 0.008837552 | E79: =IFERROR(C79/B79/$B$3,0) -> 2.1614076 | G79: Free Game | H79: 0.87715897 | I79: =D79*H79 -> 0.007751938 | J79: =I79 -> 0.007751938 | K79: =INT(J79*$B$2) -> 7751938 | L79: =IFERROR(K79/SUM($K$15:$K$79),0) -> 0.0076923077 | M79: =L79*E79 -> 0.016626213
A82: Normal Bet | B82: Free Game | G82: Normal Bet | H82: Free Game | O82: Normal Bet | P82: Free Game
A84: Simulate | G84: Calculate
A85: Range | B85: Cnt | C85: Pay | D85: Hit Rate | E85: Avg. Multi. | G85: Range | H85: Fix Num | I85: Fix Rate | J85: Final Rate | K85: Weight | L85: Hit Rate | M85: Simulator RTP | O85: Lower | P85: Upper | Q85: 目前 | R85: 競品 | T85: 目前 | U85: 差異
A86: ="("&$O86&", "&$P86&"]" -> (-1, 0] | B86: 17757 | C86: 0 | D86: =IFERROR(B86/SUM($B$86:$B$149),0) -> 0.0019679053 | E86: =IFERROR(C86/B86/$B$3,0) -> 0 | G86: ="("&$O86&", "&$P86&"]" -> (-1, 0] | H86: 0 | I86: =D86*H86 -> 0 | J86: =IFERROR(I86/SUM($I$86:$I$149),0) -> 0 | K86: =INT(J86*$B$2) -> 0 | L86: =IFERROR(K86/SUM($K$86:$K$149),0) -> 0 | M86: =L86*E86 -> 0 | O86: -1 | P86: 0 | Q86: =L86 -> 0 | R86: 0.02069 | U86: =IFERROR(ROUND(T86/L86,2),0) -> 0
A87: ="("&$O87&", "&$P87&"]" -> (0, 1] | B87: 51825 | C87: 2951940 | D87: =IFERROR(B87/SUM($B$86:$B$149),0) -> 0.0057434641 | E87: =IFERROR(C87/B87/$B$3,0) -> 0.56959768 | G87: ="("&$O87&", "&$P87&"]" -> (0, 1] | H87: 0 | I87: =D87*H87 -> 0 | J87: =IFERROR(I87/SUM($I$86:$I$149),0) -> 0 | K87: =INT(J87*$B$2) -> 0 | L87: =IFERROR(K87/SUM($K$86:$K$149),0) -> 0 | M87: =L87*E87 -> 0 | O87: 0 | P87: 1 | Q87: =L87 -> 0 | R87: 0.006897 | U87: =IFERROR(ROUND(T87/L87,2),0) -> 0
A88: ="("&$O88&", "&$P88&"]" -> (1, 2] | B88: 50461 | C88: 7896650 | D88: =IFERROR(B88/SUM($B$86:$B$149),0) -> 0.0055922999 | E88: =IFERROR(C88/B88/$B$3,0) -> 1.5649016 | G88: ="("&$O88&", "&$P88&"]" -> (1, 2] | H88: 0 | I88: =D88*H88 -> 0 | J88: =IFERROR(I88/SUM($I$86:$I$149),0) -> 0 | K88: =INT(J88*$B$2) -> 0 | L88: =IFERROR(K88/SUM($K$86:$K$149),0) -> 0 | M88: =L88*E88 -> 0 | O88: 1 | P88: 2 | Q88: =L88 -> 0 | R88: 0.006897 | U88: =IFERROR(ROUND(T88/L88,2),0) -> 0
A89: ="("&$O89&", "&$P89&"]" -> (2, 3] | B89: 50095 | C89: 12863820 | D89: =IFERROR(B89/SUM($B$86:$B$149),0) -> 0.0055517383 | E89: =IFERROR(C89/B89/$B$3,0) -> 2.567885 | G89: ="("&$O89&", "&$P89&"]" -> (2, 3] | H89: 0 | I89: =D89*H89 -> 0 | J89: =IFERROR(I89/SUM($I$86:$I$149),0) -> 0 | K89: =INT(J89*$B$2) -> 0 | L89: =IFERROR(K89/SUM($K$86:$K$149),0) -> 0 | M89: =L89*E89 -> 0 | O89: 2 | P89: 3 | Q89: =L89 -> 0 | R89: 0.006897 | U89: =IFERROR(ROUND(T89/L89,2),0) -> 0
A90: ="("&$O90&", "&$P90&"]" -> (3, 4] | B90: 47166 | C90: 16819970 | D90: =IFERROR(B90/SUM($B$86:$B$149),0) -> 0.0052271342 | E90: =IFERROR(C90/B90/$B$3,0) -> 3.5661218 | G90: ="("&$O90&", "&$P90&"]" -> (3, 4] | H90: 0 | I90: =D90*H90 -> 0 | J90: =IFERROR(I90/SUM($I$86:$I$149),0) -> 0 | K90: =INT(J90*$B$2) -> 0 | L90: =IFERROR(K90/SUM($K$86:$K$149),0) -> 0 | M90: =L90*E90 -> 0 | O90: 3 | P90: 4 | Q90: =L90 -> 0 | R90: 0.006897 | U90: =IFERROR(ROUND(T90/L90,2),0) -> 0
A91: ="("&$O91&", "&$P91&"]" -> (4, 5] | B91: 47329 | C91: 21614690 | D91: =IFERROR(B91/SUM($B$86:$B$149),0) -> 0.0052451985 | E91: =IFERROR(C91/B91/$B$3,0) -> 4.5669019 | G91: ="("&$O91&", "&$P91&"]" -> (4, 5] | H91: 0 | I91: =D91*H91 -> 0 | J91: =IFERROR(I91/SUM($I$86:$I$149),0) -> 0 | K91: =INT(J91*$B$2) -> 0 | L91: =IFERROR(K91/SUM($K$86:$K$149),0) -> 0 | M91: =L91*E91 -> 0 | O91: 4 | P91: 5 | Q91: =L91 -> 0 | R91: 0.006897 | U91: =IFERROR(ROUND(T91/L91,2),0) -> 0
A92: ="("&$O92&", "&$P92&"]" -> (5, 6] | B92: 46826 | C92: 26050370 | D92: =IFERROR(B92/SUM($B$86:$B$149),0) -> 0.005189454 | E92: =IFERROR(C92/B92/$B$3,0) -> 5.5632277 | G92: ="("&$O92&", "&$P92&"]" -> (5, 6] | H92: 5.3936189 | I92: =D92*H92 -> 0.027989937 | J92: =IFERROR(I92/SUM($I$86:$I$149),0) -> 0.027989937 | K92: =INT(J92*$B$2) -> 27989937 | L92: =IFERROR(K92/SUM($K$86:$K$149),0) -> 0.027989937 | M92: =L92*E92 -> 0.15571439 | O92: 5 | P92: 6 | Q92: =L92 -> 0.027989937 | R92: 0.006897 | U92: =IFERROR(ROUND(T92/L92,2),0) -> 0
A93: ="("&$O93&", "&$P93&"]" -> (6, 7] | B93: 45678 | C93: 29965010 | D93: =IFERROR(B93/SUM($B$86:$B$149),0) -> 0.0050622278 | E93: =IFERROR(C93/B93/$B$3,0) -> 6.560053 | G93: ="("&$O93&", "&$P93&"]" -> (6, 7] | H93: 4.7978287 | I93: =D93*H93 -> 0.024287702 | J93: =IFERROR(I93/SUM($I$86:$I$149),0) -> 0.024287702 | K93: =INT(J93*$B$2) -> 24287702 | L93: =IFERROR(K93/SUM($K$86:$K$149),0) -> 0.024287702 | M93: =L93*E93 -> 0.15932861 | O93: 6 | P93: 7 | Q93: =L93 -> 0.024287702 | R93: 0.02069 | U93: =IFERROR(ROUND(T93/L93,2),0) -> 0
A94: ="("&$O94&", "&$P94&"]" -> (7, 8] | B94: 45247 | C94: 34232610 | D94: =IFERROR(B94/SUM($B$86:$B$149),0) -> 0.0050144626 | E94: =IFERROR(C94/B94/$B$3,0) -> 7.5657193 | G94: ="("&$O94&", "&$P94&"]" -> (7, 8] | H94: 5.2284375 | I94: =D94*H94 -> 0.026217804 | J94: =IFERROR(I94/SUM($I$86:$I$149),0) -> 0.026217804 | K94: =INT(J94*$B$2) -> 26217804 | L94: =IFERROR(K94/SUM($K$86:$K$149),0) -> 0.026217804 | M94: =L94*E94 -> 0.19835655 | O94: 7 | P94: 8 | Q94: =L94 -> 0.026217804 | R94: 0 | U94: =IFERROR(ROUND(T94/L94,2),0) -> 0
A95: ="("&$O95&", "&$P95&"]" -> (8, 9] | B95: 45343 | C95: 38819360 | D95: =IFERROR(B95/SUM($B$86:$B$149),0) -> 0.0050251017 | E95: =IFERROR(C95/B95/$B$3,0) -> 8.5612686 | G95: ="("&$O95&", "&$P95&"]" -> (8, 9] | H95: 5.0353236 | I95: =D95*H95 -> 0.025303013 | J95: =IFERROR(I95/SUM($I$86:$I$149),0) -> 0.025303013 | K95: =INT(J95*$B$2) -> 25303013 | L95: =IFERROR(K95/SUM($K$86:$K$149),0) -> 0.025303013 | M95: =L95*E95 -> 0.21662589 | O95: 8 | P95: 9 | Q95: =L95 -> 0.025303013 | R95: 0.006897 | U95: =IFERROR(ROUND(T95/L95,2),0) -> 0
A96: ="("&$O96&", "&$P96&"]" -> (9, 10] | B96: 45213 | C96: 43226590 | D96: =IFERROR(B96/SUM($B$86:$B$149),0) -> 0.0050106945 | E96: =IFERROR(C96/B96/$B$3,0) -> 9.5606551 | G96: ="("&$O96&", "&$P96&"]" -> (9, 10] | H96: 5.4427143 | I96: =D96*H96 -> 0.027271779 | J96: =IFERROR(I96/SUM($I$86:$I$149),0) -> 0.027271779 | K96: =INT(J96*$B$2) -> 27271779 | L96: =IFERROR(K96/SUM($K$86:$K$149),0) -> 0.027271779 | M96: =L96*E96 -> 0.26073607 | O96: 9 | P96: 10 | Q96: =L96 -> 0.027271779 | R96: 0 | U96: =IFERROR(ROUND(T96/L96,2),0) -> 0
A97: ="("&$O97&", "&$P97&"]" -> (10, 15] | B97: 221826 | C97: 278316430 | D97: =IFERROR(B97/SUM($B$86:$B$149),0) -> 0.024583689 | E97: =IFERROR(C97/B97/$B$3,0) -> 12.54661 | G97: ="("&$O97&", "&$P97&"]" -> (10, 15] | H97: 4.9458308 | I97: =D97*H97 -> 0.12158677 | J97: =IFERROR(I97/SUM($I$86:$I$149),0) -> 0.12158677 | K97: =INT(J97*$B$2) -> 121586766 | L97: =IFERROR(K97/SUM($K$86:$K$149),0) -> 0.12158677 | M97: =L97*E97 -> 1.5255017 | O97: 10 | P97: 15 | Q97: =L97 -> 0.12158677 | R97: 0.062069 | U97: =IFERROR(ROUND(T97/L97,2),0) -> 0
... A149: ="("&$O149&", "&$P149&"]" -> (100000, 9999999] | B149: 0 | C149: 0 | D149: =IFERROR(B149/SUM($B$86:$B$149),0) -> 0 | E149: =IFERROR(C149/B149/$B$3,0) -> 0 | G149: ="("&$O149&", "&$P149&"]" -> (100000, 9999999] | H149: 0 | I149: =D149*H149 -> 0 | J149: =IFERROR(I149/SUM($I$86:$I$149),0) -> 0 | K149: =INT(J149*$B$2) -> 0 | L149: =IFERROR(K149/SUM($K$86:$K$149),0) -> 0 | M149: =L149*E149 -> 0 | O149: 100000 | P149: 9999999 | Q149: =L149 -> 0 | R149: 0 | U149: =IFERROR(ROUND(T149/L149,2),0) -> 0

Sheet OP Jackpot
B2: Threshold | C2: 10000000000
B4: Bet Type | C4: SCR
B5: NB_Newbie | C5: 1,920,848,730
B6: NB | C6: 1,923,568,544
B7: BF | C7: 3,103,313,635
B8: SF
