Workbook

Sheet Overview
A2: Model: | B2: H028192A
A3: Version: | B3: 1.0.0.5
A6: Base Bet | B6: Multiway
A7: 100 | B7: =PRODUCT(B26:G26) -> 32400
A10: Coin in | B10: Price(x) | C10: Total RTP | D10: Bet Type
A11: {=B11:B12*A7} -> 100 | B11: 1 | D11: Normal Bet
A12: 7500 | B12: 75 | D12: Buy Feature
A15: Total Pay Back Percentage includes the following adjustments.
A16: Bet Type | B16: Pay Back | C16: Hit% | D16: Pulls/Hit | E16: Description
A17: =D10 -> Bet Type | C17: =1/D17 -> #DIV/0! | E17: Base Game
E18: Free Game
A20: Bet Type | B20: Pay Back | C20: Hit% | D20: Pulls/Hit | E20: Description
A21: =D12 -> Buy Feature | C21: =1/D21 -> 1 | D21: 1 | E21: Base Game
E22: Free Game
A25: Reel # | B25: 1 | C25: 2 | D25: 3 | E25: 4 | F25: 5 | G25: 6
A26: Visible Window Size | B26: 5 | C26: 6 | D26: 6 | E26: 6 | F26: 6 | G26: 5
A29: Free Spins Setting
A30: C1 Num | B30: Add Free Spin
A31: 4 | B31: 8
A32: 5 | B32: 10
A33: 6 | B33: 12
A34: 7 | B34: 14
A35: 8 | B35: 16
A36: … | B36: …
A37: The maximum of free spins is 50.
A40: Pay Table： | B40: ="All wins show for "&A7&" credit bet." -> All wins show for 100 credit bet.
A41: Symbol | B41: Description | C41: 3 | D41: 4 | E41: 5 | F41: 6 | G41: Id
A42: WW | B42: Wild | C42: 0 | D42: 0 | E42: 0 | F42: 0 | G42: 0
A43: C1 | B43: Scatter | C43: 0 | D43: 0 | E43: 0 | F43: 0 | G43: 1
A44: M1 | B44: M1 | C44: 150 | D44: 200 | E44: 250 | F44: 400 | G44: 2
A45: M2 | B45: M2 | C45: 100 | D45: 125 | E45: 150 | F45: 250 | G45: 3
A46: M3 | B46: M3 | C46: 50 | D46: 125 | E46: 150 | F46: 200 | G46: 4
A47: M4 | B47: M4 | C47: 40 | D47: 75 | E47: 100 | F47: 150 | G47: 5
A48: M5 | B48: M5 | C48: 30 | D48: 50 | E48: 60 | F48: 75 | G48: 6
A49: M6 | B49: M6 | C49: 30 | D49: 50 | E49: 60 | F49: 75 | G49: 7
A50: A | B50: A | C50: 20 | D50: 30 | E50: 40 | F50: 50 | G50: 8
A51: K | B51: K | C51: 20 | D51: 30 | E51: 40 | F51: 50 | G51: 9
A52: Q | B52: Q | C52: 5 | D52: 10 | E52: 15 | F52: 20 | G52: 10
A53: J | B53: J | C53: 5 | D53: 10 | E53: 15 | F53: 20 | G53: 11
... A67: GM | B67: Golden Mystery | C67: 0 | D67: 0 | E67: 0 | F67: 0 | G67: 25

Sheet Description
B2: 1. 初始盤面(Combo 0)依照BaseGam權種Weights抽選BaseGameSymbol (Free Game Symbol) 中的轉輪表。 Table Selection Weight - Base Game / Free Game
B4: 2. 使用Mega way參數決定R1-R6的長度形狀然後利用BG Reel Weight / FG Reel Weight 抽選輪帶表(例:Mega way[1,3,1]->[M1,A,K])
B6: 3. MY符號透過MY Weight決定MY,GM轉換符號，一次Spin只需抽選一次
B8: 4. 初始盤面抽選完後使用Post Scatter決定要替換幾顆C1到版面上，替後N顆需要從7條轉輪抽選N條每條替換1顆，被替換的輪帶會從最短長度的符號進行替換，若有重複的最短長度符號則隨機抽選其中一個(例 : [1,3,1]->[M1,A,K]->[M1,A,C1])
B10: 5.FreeGame額外產生的場次透過Retrigger抽選 Table Selection Weight - Retrigger
B12: 6. Buy Feature透過Base Game Symbol_FB抽選

Sheet Parameter
B3: Table Selection Weight - Base Game (Weight/Total)
B4: Worksheet Name | C4: Weight
B5: BG_Symbol | C5: 1500
B6: BG_Symbol (2) | C6: 1200
B9: Table Selection Weight - Free Game (Weight/Total)
B10: Worksheet Name | C10: Weight
B11: FG_Symbol | C11: 800
B12: FG_Symbol (2) | C12: 300
B13: FG_Symbol (3) | C13: 400
B16: Table Selection Weight - Retrigger (Weight/Total)
B17: Worksheet Name | C17: Weight
B18: FG_Symbol | C18: 400
B19: FG_Symbol (2) | C19: 0
B20: FG_Symbol (3) | C20: 800

Sheet Multiplier_Weight
B2: A | C2: Newbie | D2: Newbie | E2: Oldhand | F2: Oldhand | G2: Oldhand
B3: Range | C3: Weight_NB_BG | D3: Weight_NB_FG | E3: Weight_NB_BG | F3: Weight_NB_FG | G3: Weight_BF_FG
B4: (-1, 0] | C4: {=_xlfn.ANCHORARRAY(Multiplier_Weight_Newbie!L15)} -> 691253713 | D4: {=_xlfn.ANCHORARRAY(Multiplier_Weight_Newbie!L87)} -> 0 | E4: {=_xlfn.ANCHORARRAY(Multiplier_Weight_Oldhand!L15)} -> 706833174 | F4: {=_xlfn.ANCHORARRAY(Multiplier_Weight_Oldhand!L87)} -> 0 | G4: {=_xlfn.ANCHORARRAY(Multiplier_Weight_Oldhand!L157)} -> 0
B5: (0, 1] | C5: 183427816 | D5: 0 | E5: 197850114 | F5: 0 | G5: 0
B6: (1, 2] | C6: 45729236 | D6: 0 | E6: 36993576 | F6: 0 | G6: 0
B7: (2, 3] | C7: 18697578 | D7: 0 | E7: 12449200 | F7: 0 | G7: 0
B8: (3, 4] | C8: 13283710 | D8: 0 | E8: 7164081 | F8: 0 | G8: 0
B9: (4, 5] | C9: 9169344 | D9: 0 | E9: 4945149 | F9: 0 | G9: 0
B10: (5, 6] | C10: 6408899 | D10: 0 | E10: 3456404 | F10: 0 | G10: 0
B11: (6, 7] | C11: 6852265 | D11: 0 | E11: 2463678 | F11: 0 | G11: 0
B12: (7, 8] | C12: 2551314 | D12: 0 | E12: 1289960 | F12: 0 | G12: 0
B13: (8, 9] | C13: 2102920 | D13: 0 | E13: 1046892 | F13: 0 | G13: 0
B14: (9, 10] | C14: 1719045 | D14: 0 | E14: 855788 | F14: 0 | G14: 0
B15: (10, 15] | C15: 1547168 | D15: 0 | E15: 2086021 | F15: 0 | G15: 0
B16: (15, 20] | C16: 2989200 | D16: 0 | E16: 3761602 | F16: 0 | G16: 93302689
... B67: (100000, 9999999] | C67: 0 | D67: 0 | E67: 0 | F67: 0 | G67: 0
B68: Free Game | C68: 6853371 | E68: 6396479

Sheet Multiplier_Weight_Newbie
A2: Threshold | B2: 1000000000
A3: Coin in | B3: =Overview!A7 -> 100
C5: RTP
B6: Bet | C6: Base Game | D6: Free Game | E6: Total | F6: Hit Rate | G6: FG Period | H6: Avg Multi | I6: BG | J6: FG
A7: Normal Bet | B7: {=Overview!B11:B11} -> 1 | C7: =SUM(N15:N79) -> 0.48883559 | D7: =SUM(_xlfn.ANCHORARRAY(N87))*F7 -> 0.4462816 | E7: =SUM(C7:D7) -> 0.93511719 | F7: =M79 -> 0.0069045643 | G7: =1/F7 -> 144.83173 | H7: =D7*G7 -> 64.635737 | I7: {=LOOKUP(2,1/(L15:L78<>0),B15:B78)} -> 20 | J7: {=LOOKUP(2,1/(_xlfn.ANCHORARRAY(L87)<>0),B15:B78)} -> 140
A11: Base Game
A13: Simulator | B13: 1000000000 | H13: Calculate
A14: Lower | B14: Upper | C14: Cnt | D14: Pay | E14: Hit Rate | F14: Avg. Multi. | H14: Range | I14: Fix Num | J14: Fix Rate | K14: Final Rate | L14: Weight | M14: Hit Rate | N14: Simulator RTP
A15: -1 | B15: 0 | C15: 65390071 | D15: 0 | E15: {=_xlfn.LET(_xlpm.x, C15:C78, _xlpm.x/SUM(_xlpm.x))} -> 0.66407191 | F15: {=_xlfn.LET(_xlpm.x, D15:D80/C15:C80/B3, IF(ISERR(_xlpm.x), 0, _xlpm.x))} -> 0 | G15: 1e-06 | H15: ="("&$A15&", "&$B15&"]" -> (-1, 0] | I15: 0.5 | J15: {=E15:E79*I15:I79} -> 0.33203595 | K15: {=J15:J78/SUM(_xlfn.ANCHORARRAY(J15))} -> 0.69125371 | L15: {=INT(K15:K79*$B$2)} -> 691253713 | M15: {=_xlfn.LET(_xlpm.x, L15:L79, _xlpm.x/SUM(_xlpm.x))} -> 0.69641724 | N15: {=M15:M79*F15:F79} -> 0
A16: 0 | B16: 1 | C16: 17351600 | D16: 712785570 | E16: 0.17621498 | F16: 0.41078954 | G16: 0 | H16: ="("&$A16&", "&$B16&"]" -> (0, 1] | I16: 0.5 | J16: 0.08810749 | K16: 0.18342782 | L16: 183427816 | M16: 0.18479799 | N16: 0.075913079
A17: 1 | B17: 2 | C17: 5407273 | D17: 802609240 | E17: 0.054913812 | F17: 1.4843143 | G17: =1+G16*G15 -> 1 | H17: ="("&$A17&", "&$B17&"]" -> (1, 2] | I17: 0.4 | J17: 0.021965525 | K17: 0.045729237 | L17: 45729236 | M17: 0.046070824 | N17: 0.068383582
A18: 2 | B18: 3 | C18: 2729510 | D18: 691016145 | E18: 0.027719666 | F18: 2.5316491 | H18: ="("&$A18&", "&$B18&"]" -> (2, 3] | I18: 0.324 | J18: 0.0089811717 | K18: 0.018697578 | L18: 18697578 | M18: 0.018837245 | N18: 0.047689294
A19: 3 | B19: 4 | C19: 1570738 | D19: 556155520 | E19: 0.015951703 | F19: 3.5407275 | H19: ="("&$A19&", "&$B19&"]" -> (3, 4] | I19: 0.4 | J19: 0.0063806811 | K19: 0.013283711 | L19: 13283710 | M19: 0.013382937 | N19: 0.047385332
A20: 4 | B20: 5 | C20: 1084233 | D20: 494968815 | E20: 0.011010979 | F20: 4.5651517 | H20: ="("&$A20&", "&$B20&"]" -> (4, 5] | I20: 0.4 | J20: 0.0044043915 | K20: 0.0091693442 | L20: 9169344 | M20: 0.0092378372 | N20: 0.042172128
A21: 5 | B21: 6 | C21: 757823 | D21: 422988420 | E21: 0.0076961067 | F21: 5.5816255 | G21: 1.79 | H21: ="("&$A21&", "&$B21&"]" -> (5, 6] | I21: 0.4 | J21: 0.0030784427 | K21: 0.0064088991 | L21: 6408899 | M21: 0.0064567722 | N21: 0.036039285
A22: 6 | B22: 7 | C22: 540166 | D22: 351987175 | E22: 0.0054856809 | F22: 6.5162779 | G22: 1.24 | H22: ="("&$A22&", "&$B22&"]" -> (6, 7] | I22: 0.6 | J22: 0.0032914086 | K22: 0.0068522651 | L22: 6852265 | M22: 0.0069034501 | N22: 0.044984799
A23: 7 | B23: 8 | C23: 471377 | D23: 355806505 | E23: 0.004787091 | F23: 7.5482364 | G23: 1.02 | H23: ="("&$A23&", "&$B23&"]" -> (7, 8] | I23: 0.256 | J23: 0.0012254953 | K23: 0.0025513146 | L23: 2551314 | M23: 0.0025703718 | N23: 0.019401774
A24: 8 | B24: 9 | C24: 382555 | D24: 329270680 | E24: 0.0038850551 | F24: 8.6071462 | G24: 1.26 | H24: ="("&$A24&", "&$B24&"]" -> (8, 9] | I24: 0.26 | J24: 0.0010101143 | K24: 0.0021029207 | L24: 2102920 | M24: 0.0021186284 | N24: 0.018235344
A25: 9 | B25: 10 | C25: 312722 | D25: 299181170 | E25: 0.0031758628 | F25: 9.567001 | G25: 1.21 | H25: ="("&$A25&", "&$B25&"]" -> (9, 10] | I25: 0.26 | J25: 0.00082572433 | K25: 0.0017190458 | L25: 1719045 | M25: 0.0017318859 | N25: 0.016568955
A26: 10 | B26: 15 | C26: 914728 | D26: 1123098055 | E26: 0.0092895628 | F26: 12.277946 | G26: 0.48 | H26: ="("&$A26&", "&$B26&"]" -> (10, 15] | I26: 0.08 | J26: 0.00074316502 | K26: 0.0015471685 | L26: 1547168 | M26: 0.001558725 | N26: 0.019137941
A27: 15 | B27: 20 | C27: 471279 | D27: 819221540 | E27: 0.0047860958 | F27: 17.382942 | G27: 1.13 | H27: ="("&$A27&", "&$B27&"]" -> (15, 20] | I27: 0.3 | J27: 0.0014358287 | K27: 0.0029892002 | L27: 2989200 | M27: 0.0030115287 | N27: 0.052349229
A28: 20 | B28: 25 | C28: 278340 | D28: 623999005 | E28: 0.0028266948 | F28: 22.418589 | G28: 0.54 | H28: ="("&$A28&", "&$B28&"]" -> (20, 25] | I28: 0 | J28: 0 | K28: 0 | L28: 0 | M28: 0 | N28: 0
A29: 25 | B29: 30 | C29: 187951 | D29: 515280570 | E29: 0.0019087451 | F29: 27.415687 | G29: 0.2 | H29: ="("&$A29&", "&$B29&"]" -> (25, 30] | I29: 0 | J29: 0 | K29: 0 | L29: 0 | M29: 0 | N29: 0
A30: 30 | B30: 35 | C30: 123190 | D30: 399019550 | E30: 0.0012510618 | F30: 32.39058 | G30: 0.22 | H30: ="("&$A30&", "&$B30&"]" -> (30, 35] | I30: 0 | J30: 0 | K30: 0 | L30: 0 | M30: 0 | N30: 0
A31: 35 | B31: 40 | C31: 97176 | D31: 363839415 | E31: 0.00098687539 | F31: 37.441283 | G31: 0.33 | H31: ="("&$A31&", "&$B31&"]" -> (35, 40] | I31: 0 | J31: 0 | K31: 0 | L31: 0 | M31: 0 | N31: 0
A32: 40 | B32: 45 | C32: 69470 | D32: 294779905 | E32: 0.00070550582 | F32: 42.432691 | G32: 0.16 | H32: ="("&$A32&", "&$B32&"]" -> (40, 45] | I32: 0 | J32: 0 | K32: 0 | L32: 0 | M32: 0 | N32: 0
... A78: 100000 | B78: 9999999 | C78: 0 | D78: 0 | E78: 0 | F78: 0 | G78: 0 | H78: ="("&$A78&", "&$B78&"]" -> (100000, 9999999] | I78: 0 | J78: 0 | K78: 0 | L78: 0 | M78: 0 | N78: 0
A79: Free Game | C79: =E79*B13 -> 22844570 | D79: 190196215 | E79: 0.02284457 | F79: 0.08325664 | H79: Free Game | I79: 0.3 | J79: 0.006853371 | K79: =J79 -> 0.006853371 | L79: 6853371 | M79: 0.0069045643 | N79: 0.00057485083
A80: Buy Feature | C80: 10000000 | E80: 1 | F80: 0 | H80: Buy Feature | M80: =E80 -> 1 | N80: =F80/#REF! -> #REF!
K81: =1/K79 -> 145.91359
A83: Free Game
A85: Simulator | B85: =B13 -> 1000000000 | H85: Calculate
A86: Lower | B86: Upper | C86: Cnt | D86: Pay | E86: Hit Rate | F86: Avg. Multi. | H86: Range | I86: Fix Num | J86: Fix Rate | K86: Final Rate | L86: Weight | M86: Hit Rate | N86: Simulator RTP
A87: -1 | B87: 0 | C87: 6070 | D87: 0 | E87: {=_xlfn.LET(_xlpm.x, C87:C150, _xlpm.x/SUM(_xlpm.x))} -> 0.0026641655 | F87: {=_xlfn.LET(_xlpm.x, D87:D150/C87:C150/B3, IF(ISERR(_xlpm.x), 0, _xlpm.x))} -> 0 | G87: 1e-05 | H87: ="("&$A87&", "&$B87&"]" -> (-1, 0] | I87: 0 | J87: {=_xlfn.ANCHORARRAY(E87)*I87:I150} -> 0 | K87: {=J87:J150/SUM(_xlfn.ANCHORARRAY(J87))} -> 0 | L87: {=INT(_xlfn.ANCHORARRAY(K87)*$B$2)} -> 0 | M87: {=_xlfn.LET(_xlpm.x, L87:L150, _xlpm.x/SUM(_xlpm.x))} -> 0 | N87: {=M87:M150*_xlfn.ANCHORARRAY(F87)} -> 0
A88: 0 | B88: 1 | C88: 13289 | D88: 1090600 | E88: 0.0058326351 | F88: 0.82067876 | G88: 0 | H88: ="("&$A88&", "&$B88&"]" -> (0, 1] | I88: 0 | J88: 0 | K88: 0 | L88: 0 | M88: 0 | N88: 0
A89: 1 | B89: 2 | C89: 20810 | D89: 3233730 | E89: 0.0091336546 | F89: 1.5539308 | G89: =1+G88*G87 -> 1 | H89: ="("&$A89&", "&$B89&"]" -> (1, 2] | I89: 0 | J89: 0 | K89: 0 | L89: 0 | M89: 0 | N89: 0
A90: 2 | B90: 3 | C90: 21254 | D90: 5431450 | E90: 0.0093285293 | F90: 2.5554954 | H90: ="("&$A90&", "&$B90&"]" -> (2, 3] | I90: 0 | J90: 0 | K90: 0 | L90: 0 | M90: 0 | N90: 0
A91: 3 | B91: 4 | C91: 21645 | D91: 7695990 | E91: 0.009500142 | F91: 3.5555509 | H91: ="("&$A91&", "&$B91&"]" -> (3, 4] | I91: 0 | J91: 0 | K91: 0 | L91: 0 | M91: 0 | N91: 0
A92: 4 | B92: 5 | C92: 21438 | D92: 9764380 | E92: 0.0094092882 | F92: 4.5547066 | H92: ="("&$A92&", "&$B92&"]" -> (4, 5] | I92: 0 | J92: 0 | K92: 0 | L92: 0 | M92: 0 | N92: 0
A93: 5 | B93: 6 | C93: 21633 | D93: 12019590 | E93: 0.0094948751 | F93: 5.5561365 | H93: ="("&$A93&", "&$B93&"]" -> (5, 6] | I93: 0 | J93: 0 | K93: 0 | L93: 0 | M93: 0 | N93: 0
A94: 6 | B94: 7 | C94: 20646 | D94: 13512875 | E94: 0.0090616739 | F94: 6.5450329 | H94: ="("&$A94&", "&$B94&"]" -> (6, 7] | I94: 0 | J94: 0 | K94: 0 | L94: 0 | M94: 0 | N94: 0
A95: 7 | B95: 8 | C95: 20886 | D95: 15764920 | E95: 0.0091670116 | F95: 7.5480801 | H95: ="("&$A95&", "&$B95&"]" -> (7, 8] | I95: 0 | J95: 0 | K95: 0 | L95: 0 | M95: 0 | N95: 0
A96: 8 | B96: 9 | C96: 20446 | D96: 17486945 | E96: 0.0089738925 | F96: 8.5527463 | H96: ="("&$A96&", "&$B96&"]" -> (8, 9] | I96: 0 | J96: 0 | K96: 0 | L96: 0 | M96: 0 | N96: 0
A97: 9 | B97: 10 | C97: 19920 | D97: 19030345 | E97: 0.0087430274 | F97: 9.553386 | H97: ="("&$A97&", "&$B97&"]" -> (9, 10] | I97: 0 | J97: 0 | K97: 0 | L97: 0 | M97: 0 | N97: 0
A98: 10 | B98: 15 | C98: 95890 | D98: 120087185 | E98: 0.042086792 | F98: 12.523432 | H98: ="("&$A98&", "&$B98&"]" -> (10, 15] | I98: 0 | J98: 0 | K98: 0 | L98: 0 | M98: 0 | N98: 0
A99: 15 | B99: 20 | C99: 89276 | D99: 156417885 | E99: 0.039183861 | F99: 17.520709 | H99: ="("&$A99&", "&$B99&"]" -> (15, 20] | I99: 0 | J99: 0 | K99: 0 | L99: 0 | M99: 0 | N99: 0
A100: 20 | B100: 25 | C100: 82338 | D100: 185300895 | E100: 0.036138724 | F100: 22.504906 | H100: ="("&$A100&", "&$B100&"]" -> (20, 25] | I100: 0 | J100: 0 | K100: 0 | L100: 0 | M100: 0 | N100: 0
A101: 25 | B101: 30 | C101: 76062 | D101: 209282100 | E101: 0.033384144 | F101: 27.514672 | H101: ="("&$A101&", "&$B101&"]" -> (25, 30] | I101: 0 | J101: 0 | K101: 0 | L101: 0 | M101: 0 | N101: 0
... A105: 45 | B105: 50 | C105: 57512 | D105: 273347815 | E105: 0.025242419 | F105: 47.528831 | H105: ="("&$A105&", "&$B105&"]" -> (45, 50] | I105: 3 | J105: 0.075727258 | K105: 0.17786054 | L105: 177860539 | M105: 0.17786054 | N105: 8.4535036
A106: 50 | B106: 60 | C106: 104777 | D106: 575637135 | E106: 0.045987359 | F106: 54.939265 | G106: 2.12 | H106: ="("&$A106&", "&$B106&"]" -> (50, 60] | I106: 1.5 | J106: 0.068981038 | K106: 0.1620157 | L106: 162015699 | M106: 0.1620157 | N106: 8.9010234
A107: 60 | B107: 70 | C107: 92873 | D107: 603037995 | E107: 0.04076261 | F107: 64.931465 | G107: 5.94 | H107: ="("&$A107&", "&$B107&"]" -> (60, 70] | I107: 1.4 | J107: 0.057067654 | K107: 0.13403474 | L107: 134034744 | M107: 0.13403474 | N107: 8.7030723
A108: 70 | B108: 80 | C108: 83293 | D108: 624248335 | E108: 0.036557881 | F108: 74.946074 | G108: 5.07 | H108: ="("&$A108&", "&$B108&"]" -> (70, 80] | I108: 1.2 | J108: 0.043869457 | K108: 0.10303615 | L108: 103036152 | M108: 0.10303615 | N108: 7.7221551
A109: 80 | B109: 90 | C109: 74862 | D109: 635978325 | E109: 0.032857456 | F109: 84.953424 | G109: 2.49 | H109: ="("&$A109&", "&$B109&"]" -> (80, 90] | I109: 1.2 | J109: 0.039428947 | K109: 0.092606731 | L109: 92606730 | M109: 0.09260673 | N109: 7.8672589
A110: 90 | B110: 100 | C110: 67374 | D110: 639750200 | E110: 0.02957092 | F110: 94.955057 | G110: 2.13 | H110: ="("&$A110&", "&$B110&"]" -> (90, 100] | I110: 0.93 | J110: 0.027500956 | K110: 0.064591469 | L110: 64591468 | M110: 0.064591468 | N110: 6.1332865
A111: 100 | B111: 120 | C111: 117138 | D111: 1285241290 | E111: 0.051412688 | F111: 109.72027 | G111: 1.6 | H111: ="("&$A111&", "&$B111&"]" -> (100, 120] | I111: 0.38 | J111: 0.019536821 | K111: 0.045886114 | L111: 45886114 | M111: 0.045886114 | N111: 5.0346368
A112: 120 | B112: 140 | C112: 98023 | D112: 1271812335 | E112: 0.043022981 | F112: 129.74632 | G112: 0.68 | H112: ="("&$A112&", "&$B112&"]" -> (120, 140] | I112: 0.28 | J112: 0.012046435 | K112: 0.02829345 | L112: 28293449 | M112: 0.028293449 | N112: 3.6709709
A113: 140 | B113: 160 | C113: 83073 | D113: 1244282160 | E113: 0.036461321 | F113: 149.78178 | G113: 1.03 | H113: ="("&$A113&", "&$B113&"]" -> (140, 160] | I113: 0 | J113: 0 | K113: 0 | L113: 0 | M113: 0 | N113: 0
A114: 160 | B114: 180 | C114: 71278 | D114: 1210416050 | E114: 0.031284413 | F114: 169.81622 | G114: 0.3 | H114: ="("&$A114&", "&$B114&"]" -> (160, 180] | I114: 0 | J114: 0 | K114: 0 | L114: 0 | M114: 0 | N114: 0
A115: 180 | B115: 200 | C115: 61850 | D115: 1174015420 | E115: 0.027146398 | F115: 189.81656 | G115: 0.26 | H115: ="("&$A115&", "&$B115&"]" -> (180, 200] | I115: 0 | J115: 0 | K115: 0 | L115: 0 | M115: 0 | N115: 0
A116: 200 | B116: 250 | C116: 123505 | D116: 2763375860 | E116: 0.054207209 | F116: 223.74607 | G116: 0.3 | H116: ="("&$A116&", "&$B116&"]" -> (200, 250] | I116: 0 | J116: 0 | K116: 0 | L116: 0 | M116: 0 | N116: 0
A117: 250 | B117: 300 | C117: 91171 | D117: 2497132705 | E117: 0.04001559 | F117: 273.8955 | G117: 0.09 | H117: ="("&$A117&", "&$B117&"]" -> (250, 300] | I117: 0 | J117: 0 | K117: 0 | L117: 0 | M117: 0 | N117: 0
... A150: 100000 | B150: 9999999 | C150: 0 | D150: 0 | E150: 0 | F150: 0 | G150: 0 | H150: ="("&$A150&", "&$B150&"]" -> (100000, 9999999] | I150: 0 | J150: 0 | K150: 0 | L150: 0 | M150: 0 | N150: 0

Sheet Multiplier_Weight_Oldhand
A2: Threshold | B2: 1000000000
A3: Coin in | B3: =Overview!A7 -> 100
C5: RTP
B6: Bet | C6: Base Game | D6: Free Game | E6: Total | F6: Hit Rate | G6: FG Period | H6: Avg Multi | I6: BG | J6: FG
A7: Normal Bet | B7: {=Overview!B11:B12} -> 1 | C7: =SUM(N15:N79) -> 0.50693161 | D7: =SUM(_xlfn.ANCHORARRAY(N87))*F7 -> 0.41676154 | E7: =SUM(C7:D7) -> 0.92369316 | F7: =M79 -> 0.0064478501 | G7: =1/F7 -> 155.09045 | H7: =D7*G7 -> 64.635737 | I7: {=LOOKUP(2,1/(L15:L78<>0),B15:B78)} -> 40 | J7: {=LOOKUP(2,1/(_xlfn.ANCHORARRAY(L87)<>0),B15:B78)} -> 140
A8: Buy Feature | B8: 75 | C8: =N80 -> 0 | D8: =SUM(_xlfn.ANCHORARRAY(N157))/B8 -> 0.93768387 | E8: =SUM(C8:D8) -> 0.93768387 | F8: =E80 -> 1 | G8: =1/F8 -> 1 | H8: =D8*G8*B8 -> 70.32629 | J8: {=LOOKUP(2,1/(_xlfn.ANCHORARRAY(L157)<>0),B15:B78)} -> 3000
A11: Base Game
A13: Simulator | B13: 1000000000 | H13: Calculate
A14: Lower | B14: Upper | C14: Cnt | D14: Pay | E14: Hit Rate | F14: Avg. Multi. | H14: Range | I14: Fix Num | J14: Fix Rate | K14: Final Rate | L14: Weight | M14: Hit Rate | N14: Simulator RTP | P14: 目前 | Q14: 目前 | R14: 競品 | S14: 差異
A15: -1 | B15: 0 | C15: 65390071 | D15: 0 | E15: {=_xlfn.LET(_xlpm.x, C15:C78, _xlpm.x/SUM(_xlpm.x))} -> 0.66407191 | F15: {=_xlfn.LET(_xlpm.x, D15:D80/C15:C80/B3, IF(ISERR(_xlpm.x), 0, _xlpm.x))} -> 0 | G15: 1e-06 | H15: ="("&$A15&", "&$B15&"]" -> (-1, 0] | I15: 0.474 | J15: {=E15:E79*I15:I79} -> 0.31477008 | K15: {=J15:J78/SUM(_xlfn.ANCHORARRAY(J15))} -> 0.70683317 | L15: {=INT(K15:K79*$B$2)} -> 706833174 | M15: {=_xlfn.LET(_xlpm.x, L15:L79, _xlpm.x/SUM(_xlpm.x))} -> 0.71250986 | N15: {=M15:M79*F15:F79} -> 0 | P15: {=M15:M78} -> 0.71250986 | S15: {=_xlfn.LET(_xlpm.x, Q15:Q78/M15:M78, IF(ISERR(_xlpm.x), 0, ROUND(_xlpm.x,2)))} -> 0
A16: 0 | B16: 1 | C16: 17351600 | D16: 712785570 | E16: 0.17621498 | F16: 0.41078954 | G16: 0 | H16: ="("&$A16&", "&$B16&"]" -> (0, 1] | I16: 0.5 | J16: 0.08810749 | K16: 0.19785011 | L16: 197850114 | M16: 0.19943908 | N16: 0.081927487 | P16: 0.19943908 | S16: 0
A17: 1 | B17: 2 | C17: 5407273 | D17: 802609240 | E17: 0.054913812 | F17: 1.4843143 | G17: =1+G16*G15 -> 1 | H17: ="("&$A17&", "&$B17&"]" -> (1, 2] | I17: 0.3 | J17: 0.016474144 | K17: 0.036993577 | L17: 36993576 | M17: 0.037290677 | N17: 0.055351084 | P17: 0.037290677 | S17: 0
A18: 2 | B18: 3 | C18: 2729510 | D18: 691016145 | E18: 0.027719666 | F18: 2.5316491 | H18: ="("&$A18&", "&$B18&"]" -> (2, 3] | I18: 0.2 | J18: 0.0055439332 | K18: 0.0124492 | L18: 12449200 | M18: 0.012549181 | N18: 0.031770124 | P18: 0.012549181 | S18: 0
A19: 3 | B19: 4 | C19: 1570738 | D19: 556155520 | E19: 0.015951703 | F19: 3.5407275 | H19: ="("&$A19&", "&$B19&"]" -> (3, 4] | I19: 0.2 | J19: 0.0031903406 | K19: 0.0071640815 | L19: 7164081 | M19: 0.0072216168 | N19: 0.025569777 | P19: 0.0072216168 | S19: 0
A20: 4 | B20: 5 | C20: 1084233 | D20: 494968815 | E20: 0.011010979 | F20: 4.5651517 | H20: ="("&$A20&", "&$B20&"]" -> (4, 5] | I20: 0.2 | J20: 0.0022021957 | K20: 0.0049451491 | L20: 4945149 | M20: 0.0049848643 | N20: 0.022756662 | P20: 0.0049848643 | S20: 0
A21: 5 | B21: 6 | C21: 757823 | D21: 422988420 | E21: 0.0076961067 | F21: 5.5816255 | G21: 1.79 | H21: ="("&$A21&", "&$B21&"]" -> (5, 6] | I21: 0.2 | J21: 0.0015392213 | K21: 0.0034564044 | L21: 3456404 | M21: 0.0034841629 | N21: 0.019447293 | P21: 0.0034841629 | S21: 0
A22: 6 | B22: 7 | C22: 540166 | D22: 351987175 | E22: 0.0054856809 | F22: 6.5162779 | G22: 1.24 | H22: ="("&$A22&", "&$B22&"]" -> (6, 7] | I22: 0.2 | J22: 0.0010971362 | K22: 0.0024636784 | L22: 2463678 | M22: 0.0024834642 | N22: 0.016182943 | P22: 0.0024834642 | S22: 0
A23: 7 | B23: 8 | C23: 471377 | D23: 355806505 | E23: 0.004787091 | F23: 7.5482364 | G23: 1.02 | H23: ="("&$A23&", "&$B23&"]" -> (7, 8] | I23: 0.12 | J23: 0.00057445093 | K23: 0.0012899605 | L23: 1289960 | M23: 0.0013003199 | N23: 0.0098151218 | P23: 0.0013003199 | S23: 0
A24: 8 | B24: 9 | C24: 382555 | D24: 329270680 | E24: 0.0038850551 | F24: 8.6071462 | G24: 1.26 | H24: ="("&$A24&", "&$B24&"]" -> (8, 9] | I24: 0.12 | J24: 0.00046620661 | K24: 0.0010468921 | L24: 1046892 | M24: 0.0010552998 | N24: 0.0090831192 | P24: 0.0010552998 | S24: 0
A25: 9 | B25: 10 | C25: 312722 | D25: 299181170 | E25: 0.0031758628 | F25: 9.567001 | G25: 1.21 | H25: ="("&$A25&", "&$B25&"]" -> (9, 10] | I25: 0.12 | J25: 0.00038110354 | K25: 0.00085578852 | L25: 855788 | M25: 0.00086266097 | N25: 0.0082530784 | P25: 0.00086266097 | S25: 0
A26: 10 | B26: 15 | C26: 914728 | D26: 1123098055 | E26: 0.0092895628 | F26: 12.277946 | G26: 0.48 | H26: ="("&$A26&", "&$B26&"]" -> (10, 15] | I26: 0.1 | J26: 0.00092895628 | K26: 0.0020860213 | L26: 2086021 | M26: 0.0021027742 | N26: 0.025817747 | P26: 0.0021027742 | S26: 0
A27: 15 | B27: 20 | C27: 471279 | D27: 819221540 | E27: 0.0047860958 | F27: 17.382942 | G27: 1.13 | H27: ="("&$A27&", "&$B27&"]" -> (15, 20] | I27: 0.35 | J27: 0.0016751335 | K27: 0.0037616026 | L27: 3761602 | M27: 0.003791812 | N27: 0.065912847 | P27: 0.003791812 | S27: 0
A28: 20 | B28: 25 | C28: 278340 | D28: 623999005 | E28: 0.0028266948 | F28: 22.418589 | G28: 0.54 | H28: ="("&$A28&", "&$B28&"]" -> (20, 25] | I28: 0.15 | J28: 0.00042400422 | K28: 0.00095212431 | L28: 952124 | M28: 0.00095977066 | N28: 0.021516704 | P28: 0.00095977066 | S28: 0
A29: 25 | B29: 30 | C29: 187951 | D29: 515280570 | E29: 0.0019087451 | F29: 27.415687 | G29: 0.2 | H29: ="("&$A29&", "&$B29&"]" -> (25, 30] | I29: 0.2 | J29: 0.00038174902 | K29: 0.00085723799 | L29: 857237 | M29: 0.0008641216 | N29: 0.023690487 | P29: 0.0008641216 | S29: 0
A30: 30 | B30: 35 | C30: 123190 | D30: 399019550 | E30: 0.0012510618 | F30: 32.39058 | G30: 0.22 | H30: ="("&$A30&", "&$B30&"]" -> (30, 35] | I30: 0.7 | J30: 0.00087574324 | K30: 0.0019665286 | L30: 1966528 | M30: 0.0019823215 | N30: 0.064208542 | P30: 0.0019823215 | S30: 0
A31: 35 | B31: 40 | C31: 97176 | D31: 363839415 | E31: 0.00098687539 | F31: 37.441283 | G31: 0.33 | H31: ="("&$A31&", "&$B31&"]" -> (35, 40] | I31: 0.3 | J31: 0.00029606262 | K31: 0.00066482455 | L31: 664824 | M31: 0.0006701633 | N31: 0.025091774 | P31: 0.0006701633 | S31: 0
A32: 40 | B32: 45 | C32: 69470 | D32: 294779905 | E32: 0.00070550582 | F32: 42.432691 | G32: 0.16 | H32: ="("&$A32&", "&$B32&"]" -> (40, 45] | I32: 0 | J32: 0 | K32: 0 | L32: 0 | M32: 0 | N32: 0 | P32: 0 | S32: 0
... A78: 100000 | B78: 9999999 | C78: 0 | D78: 0 | E78: 0 | F78: 0 | G78: 0 | H78: ="("&$A78&", "&$B78&"]" -> (100000, 9999999] | I78: 0 | J78: 0 | K78: 0 | L78: 0 | M78: 0 | N78: 0 | P78: 0 | S78: 0
A79: Free Game | C79: =E79*B13 -> 22844570 | D79: 190196215 | E79: 0.02284457 | F79: 0.08325664 | H79: Free Game | I79: 0.28 | J79: 0.0063964796 | K79: =J79 -> 0.0063964796 | L79: 6396479 | M79: 0.0064478501 | N79: 0.00053682634
A80: Buy Feature | C80: 10000000 | E80: 1 | F80: 0 | H80: Buy Feature | M80: =E80 -> 1 | N80: =F80/B8 -> 0
A83: Free Game
A85: Simulator | B85: =B13 -> 1000000000 | H85: Calculate
A86: Lower | B86: Upper | C86: Cnt | D86: Pay | E86: Hit Rate | F86: Avg. Multi. | H86: Range | I86: Fix Num | J86: Fix Rate | K86: Final Rate | L86: Weight | M86: Hit Rate | N86: Simulator RTP | P86: 目前 | Q86: 目前 | R86: 競品 | S86: 差異
A87: -1 | B87: 0 | C87: 6070 | D87: 0 | E87: {=_xlfn.LET(_xlpm.x, C87:C150, _xlpm.x/SUM(_xlpm.x))} -> 0.0026641655 | F87: {=_xlfn.LET(_xlpm.x, D87:D150/C87:C150/B3, IF(ISERR(_xlpm.x), 0, _xlpm.x))} -> 0 | G87: 1e-05 | H87: ="("&$A87&", "&$B87&"]" -> (-1, 0] | I87: 0 | J87: {=_xlfn.ANCHORARRAY(E87)*I87:I150} -> 0 | K87: {=J87:J150/SUM(_xlfn.ANCHORARRAY(J87))} -> 0 | L87: {=INT(_xlfn.ANCHORARRAY(K87)*$B$2)} -> 0 | M87: {=_xlfn.LET(_xlpm.x, L87:L150, _xlpm.x/SUM(_xlpm.x))} -> 0 | N87: {=M87:M150*_xlfn.ANCHORARRAY(F87)} -> 0 | P87: {=_xlfn.ANCHORARRAY(M87)} -> 0 | S87: {=_xlfn.LET(_xlpm.x, Q87:Q150/M87:M150, IF(ISERR(_xlpm.x), 0, ROUND(_xlpm.x,2)))} -> 0
A88: 0 | B88: 1 | C88: 13289 | D88: 1090600 | E88: 0.0058326351 | F88: 0.82067876 | G88: 0 | H88: ="("&$A88&", "&$B88&"]" -> (0, 1] | I88: 0 | J88: 0 | K88: 0 | L88: 0 | M88: 0 | N88: 0 | P88: 0 | S88: 0
A89: 1 | B89: 2 | C89: 20810 | D89: 3233730 | E89: 0.0091336546 | F89: 1.5539308 | G89: =1+G88*G87 -> 1 | H89: ="("&$A89&", "&$B89&"]" -> (1, 2] | I89: 0 | J89: 0 | K89: 0 | L89: 0 | M89: 0 | N89: 0 | P89: 0 | S89: 0
A90: 2 | B90: 3 | C90: 21254 | D90: 5431450 | E90: 0.0093285293 | F90: 2.5554954 | H90: ="("&$A90&", "&$B90&"]" -> (2, 3] | I90: 0 | J90: 0 | K90: 0 | L90: 0 | M90: 0 | N90: 0 | P90: 0 | S90: 0
A91: 3 | B91: 4 | C91: 21645 | D91: 7695990 | E91: 0.009500142 | F91: 3.5555509 | H91: ="("&$A91&", "&$B91&"]" -> (3, 4] | I91: 0 | J91: 0 | K91: 0 | L91: 0 | M91: 0 | N91: 0 | P91: 0 | S91: 0
A92: 4 | B92: 5 | C92: 21438 | D92: 9764380 | E92: 0.0094092882 | F92: 4.5547066 | H92: ="("&$A92&", "&$B92&"]" -> (4, 5] | I92: 0 | J92: 0 | K92: 0 | L92: 0 | M92: 0 | N92: 0 | P92: 0 | S92: 0
A93: 5 | B93: 6 | C93: 21633 | D93: 12019590 | E93: 0.0094948751 | F93: 5.5561365 | H93: ="("&$A93&", "&$B93&"]" -> (5, 6] | I93: 0 | J93: 0 | K93: 0 | L93: 0 | M93: 0 | N93: 0 | P93: 0 | S93: 0
A94: 6 | B94: 7 | C94: 20646 | D94: 13512875 | E94: 0.0090616739 | F94: 6.5450329 | H94: ="("&$A94&", "&$B94&"]" -> (6, 7] | I94: 0 | J94: 0 | K94: 0 | L94: 0 | M94: 0 | N94: 0 | P94: 0 | S94: 0
A95: 7 | B95: 8 | C95: 20886 | D95: 15764920 | E95: 0.0091670116 | F95: 7.5480801 | H95: ="("&$A95&", "&$B95&"]" -> (7, 8] | I95: 0 | J95: 0 | K95: 0 | L95: 0 | M95: 0 | N95: 0 | P95: 0 | S95: 0
A96: 8 | B96: 9 | C96: 20446 | D96: 17486945 | E96: 0.0089738925 | F96: 8.5527463 | H96: ="("&$A96&", "&$B96&"]" -> (8, 9] | I96: 0 | J96: 0 | K96: 0 | L96: 0 | M96: 0 | N96: 0 | P96: 0 | S96: 0
A97: 9 | B97: 10 | C97: 19920 | D97: 19030345 | E97: 0.0087430274 | F97: 9.553386 | H97: ="("&$A97&", "&$B97&"]" -> (9, 10] | I97: 0 | J97: 0 | K97: 0 | L97: 0 | M97: 0 | N97: 0 | P97: 0 | S97: 0
A98: 10 | B98: 15 | C98: 95890 | D98: 120087185 | E98: 0.042086792 | F98: 12.523432 | H98: ="("&$A98&", "&$B98&"]" -> (10, 15] | I98: 0 | J98: 0 | K98: 0 | L98: 0 | M98: 0 | N98: 0 | P98: 0 | S98: 0
A99: 15 | B99: 20 | C99: 89276 | D99: 156417885 | E99: 0.039183861 | F99: 17.520709 | H99: ="("&$A99&", "&$B99&"]" -> (15, 20] | I99: 0 | J99: 0 | K99: 0 | L99: 0 | M99: 0 | N99: 0 | P99: 0 | S99: 0
A100: 20 | B100: 25 | C100: 82338 | D100: 185300895 | E100: 0.036138724 | F100: 22.504906 | H100: ="("&$A100&", "&$B100&"]" -> (20, 25] | I100: 0 | J100: 0 | K100: 0 | L100: 0 | M100: 0 | N100: 0 | P100: 0 | S100: 0
A101: 25 | B101: 30 | C101: 76062 | D101: 209282100 | E101: 0.033384144 | F101: 27.514672 | H101: ="("&$A101&", "&$B101&"]" -> (25, 30] | I101: 0 | J101: 0 | K101: 0 | L101: 0 | M101: 0 | N101: 0 | P101: 0 | S101: 0
... A105: 45 | B105: 50 | C105: 57512 | D105: 273347815 | E105: 0.025242419 | F105: 47.528831 | H105: ="("&$A105&", "&$B105&"]" -> (45, 50] | I105: 3 | J105: 0.075727258 | K105: 0.17786054 | L105: 177860539 | M105: 0.17786054 | N105: 8.4535036 | P105: 0.17786054 | S105: 0
A106: 50 | B106: 60 | C106: 104777 | D106: 575637135 | E106: 0.045987359 | F106: 54.939265 | G106: 2.12 | H106: ="("&$A106&", "&$B106&"]" -> (50, 60] | I106: 1.5 | J106: 0.068981038 | K106: 0.1620157 | L106: 162015699 | M106: 0.1620157 | N106: 8.9010234 | P106: 0.1620157 | S106: 0
A107: 60 | B107: 70 | C107: 92873 | D107: 603037995 | E107: 0.04076261 | F107: 64.931465 | G107: 5.94 | H107: ="("&$A107&", "&$B107&"]" -> (60, 70] | I107: 1.4 | J107: 0.057067654 | K107: 0.13403474 | L107: 134034744 | M107: 0.13403474 | N107: 8.7030723 | P107: 0.13403474 | S107: 0
A108: 70 | B108: 80 | C108: 83293 | D108: 624248335 | E108: 0.036557881 | F108: 74.946074 | G108: 5.07 | H108: ="("&$A108&", "&$B108&"]" -> (70, 80] | I108: 1.2 | J108: 0.043869457 | K108: 0.10303615 | L108: 103036152 | M108: 0.10303615 | N108: 7.7221551 | P108: 0.10303615 | S108: 0
A109: 80 | B109: 90 | C109: 74862 | D109: 635978325 | E109: 0.032857456 | F109: 84.953424 | G109: 2.49 | H109: ="("&$A109&", "&$B109&"]" -> (80, 90] | I109: 1.2 | J109: 0.039428947 | K109: 0.092606731 | L109: 92606730 | M109: 0.09260673 | N109: 7.8672589 | P109: 0.09260673 | S109: 0
A110: 90 | B110: 100 | C110: 67374 | D110: 639750200 | E110: 0.02957092 | F110: 94.955057 | G110: 2.13 | H110: ="("&$A110&", "&$B110&"]" -> (90, 100] | I110: 0.93 | J110: 0.027500956 | K110: 0.064591469 | L110: 64591468 | M110: 0.064591468 | N110: 6.1332865 | P110: 0.064591468 | S110: 0
A111: 100 | B111: 120 | C111: 117138 | D111: 1285241290 | E111: 0.051412688 | F111: 109.72027 | G111: 1.6 | H111: ="("&$A111&", "&$B111&"]" -> (100, 120] | I111: 0.38 | J111: 0.019536821 | K111: 0.045886114 | L111: 45886114 | M111: 0.045886114 | N111: 5.0346368 | P111: 0.045886114 | S111: 0
A112: 120 | B112: 140 | C112: 98023 | D112: 1271812335 | E112: 0.043022981 | F112: 129.74632 | G112: 0.68 | H112: ="("&$A112&", "&$B112&"]" -> (120, 140] | I112: 0.28 | J112: 0.012046435 | K112: 0.02829345 | L112: 28293449 | M112: 0.028293449 | N112: 3.6709709 | P112: 0.028293449 | S112: 0
A113: 140 | B113: 160 | C113: 83073 | D113: 1244282160 | E113: 0.036461321 | F113: 149.78178 | G113: 1.03 | H113: ="("&$A113&", "&$B113&"]" -> (140, 160] | I113: 0 | J113: 0 | K113: 0 | L113: 0 | M113: 0 | N113: 0 | P113: 0 | S113: 0
A114: 160 | B114: 180 | C114: 71278 | D114: 1210416050 | E114: 0.031284413 | F114: 169.81622 | G114: 0.3 | H114: ="("&$A114&", "&$B114&"]" -> (160, 180] | I114: 0 | J114: 0 | K114: 0 | L114: 0 | M114: 0 | N114: 0 | P114: 0 | S114: 0
A115: 180 | B115: 200 | C115: 61850 | D115: 1174015420 | E115: 0.027146398 | F115: 189.81656 | G115: 0.26 | H115: ="("&$A115&", "&$B115&"]" -> (180, 200] | I115: 0 | J115: 0 | K115: 0 | L115: 0 | M115: 0 | N115: 0 | P115: 0 | S115: 0
A116: 200 | B116: 250 | C116: 123505 | D116: 2763375860 | E116: 0.054207209 | F116: 223.74607 | G116: 0.3 | H116: ="("&$A116&", "&$B116&"]" -> (200, 250] | I116: 0 | J116: 0 | K116: 0 | L116: 0 | M116: 0 | N116: 0 | P116: 0 | S116: 0
A117: 250 | B117: 300 | C117: 91171 | D117: 2497132705 | E117: 0.04001559 | F117: 273.8955 | G117: 0.09 | H117: ="("&$A117&", "&$B117&"]" -> (250, 300] | I117: 0 | J117: 0 | K117: 0 | L117: 0 | M117: 0 | N117: 0 | P117: 0 | S117: 0
... A150: 100000 | B150: 9999999 | C150: 0 | D150: 0 | E150: 0 | F150: 0 | G150: 0 | H150: ="("&$A150&", "&$B150&"]" -> (100000, 9999999] | I150: 0 | J150: 0 | K150: 0 | L150: 0 | M150: 0 | N150: 0 | P150: 0 | S150: 0
A153: Buy Feature
A155: Simulator | B155: 10000000 | H155: Calculate
A156: Lower | B156: Upper | C156: Cnt | D156: Pay | E156: Hit Rate | F156: Avg. Multi. | H156: Range | I156: Fix Num | J156: Fix Rate | K156: Final Rate | L156: Weight | M156: Hit Rate | N156: Simulator RTP | P156: 目前 | Q156: 目前 | R156: 競品 | S156: 差異
A157: -1 | B157: 0 | C157: {=C87:D150} -> 6070 | D157: 0 | E157: {=_xlfn.LET(_xlpm.x, C157:C220, _xlpm.x/SUM(_xlpm.x))} -> 0.0026641655 | F157: {=_xlfn.LET(_xlpm.x, D157:D220/C157:C220/B3, IF(ISERR(_xlpm.x), 0, _xlpm.x))} -> 0 | G157: 1e-06 | H157: ="("&$A157&", "&$B157&"]" -> (-1, 0] | I157: 0 | J157: {=_xlfn.ANCHORARRAY(E157)*I157:I220} -> 0 | K157: {=J157:J220/SUM(_xlfn.ANCHORARRAY(J157))} -> 0 | L157: {=INT(_xlfn.ANCHORARRAY(K157)*$B$2)} -> 0 | M157: {=_xlfn.LET(_xlpm.x, L157:L220, _xlpm.x/SUM(_xlpm.x))} -> 0 | N157: {=M157:M220*_xlfn.ANCHORARRAY(F157)} -> 0 | P157: {=_xlfn.ANCHORARRAY(M157)} -> 0 | S157: {=_xlfn.LET(_xlpm.x, Q157:Q220/M157:M220, IF(ISERR(_xlpm.x), 0, ROUND(_xlpm.x,2)))} -> 0
A158: 0 | B158: 1 | C158: 13289 | D158: 1090600 | E158: 0.0058326351 | F158: 0.82067876 | G158: 0 | H158: ="("&$A158&", "&$B158&"]" -> (0, 1] | I158: 0 | J158: 0 | K158: 0 | L158: 0 | M158: 0 | N158: 0 | P158: 0 | S158: 0
A159: 1 | B159: 2 | C159: 20810 | D159: 3233730 | E159: 0.0091336546 | F159: 1.5539308 | G159: =1+G158*G157 -> 1 | H159: ="("&$A159&", "&$B159&"]" -> (1, 2] | I159: 0 | J159: 0 | K159: 0 | L159: 0 | M159: 0 | N159: 0 | P159: 0 | S159: 0
A160: 2 | B160: 3 | C160: 21254 | D160: 5431450 | E160: 0.0093285293 | F160: 2.5554954 | H160: ="("&$A160&", "&$B160&"]" -> (2, 3] | I160: 0 | J160: 0 | K160: 0 | L160: 0 | M160: 0 | N160: 0 | P160: 0 | S160: 0
A161: 3 | B161: 4 | C161: 21645 | D161: 7695990 | E161: 0.009500142 | F161: 3.5555509 | H161: ="("&$A161&", "&$B161&"]" -> (3, 4] | I161: 0 | J161: 0 | K161: 0 | L161: 0 | M161: 0 | N161: 0 | P161: 0 | S161: 0
A162: 4 | B162: 5 | C162: 21438 | D162: 9764380 | E162: 0.0094092882 | F162: 4.5547066 | H162: ="("&$A162&", "&$B162&"]" -> (4, 5] | I162: 0 | J162: 0 | K162: 0 | L162: 0 | M162: 0 | N162: 0 | P162: 0 | S162: 0
A163: 5 | B163: 6 | C163: 21633 | D163: 12019590 | E163: 0.0094948751 | F163: 5.5561365 | H163: ="("&$A163&", "&$B163&"]" -> (5, 6] | I163: 0 | J163: 0 | K163: 0 | L163: 0 | M163: 0 | N163: 0 | P163: 0 | S163: 0
A164: 6 | B164: 7 | C164: 20646 | D164: 13512875 | E164: 0.0090616739 | F164: 6.5450329 | H164: ="("&$A164&", "&$B164&"]" -> (6, 7] | I164: 0 | J164: 0 | K164: 0 | L164: 0 | M164: 0 | N164: 0 | P164: 0 | S164: 0
A165: 7 | B165: 8 | C165: 20886 | D165: 15764920 | E165: 0.0091670116 | F165: 7.5480801 | H165: ="("&$A165&", "&$B165&"]" -> (7, 8] | I165: 0 | J165: 0 | K165: 0 | L165: 0 | M165: 0 | N165: 0 | P165: 0 | S165: 0
A166: 8 | B166: 9 | C166: 20446 | D166: 17486945 | E166: 0.0089738925 | F166: 8.5527463 | H166: ="("&$A166&", "&$B166&"]" -> (8, 9] | I166: 0 | J166: 0 | K166: 0 | L166: 0 | M166: 0 | N166: 0 | P166: 0 | S166: 0
A167: 9 | B167: 10 | C167: 19920 | D167: 19030345 | E167: 0.0087430274 | F167: 9.553386 | H167: ="("&$A167&", "&$B167&"]" -> (9, 10] | I167: 0 | J167: 0 | K167: 0 | L167: 0 | M167: 0 | N167: 0 | P167: 0 | S167: 0
A168: 10 | B168: 15 | C168: 95890 | D168: 120087185 | E168: 0.042086792 | F168: 12.523432 | H168: ="("&$A168&", "&$B168&"]" -> (10, 15] | I168: 0 | J168: 0 | K168: 0 | L168: 0 | M168: 0 | N168: 0 | P168: 0 | S168: 0
A169: 15 | B169: 20 | C169: 89276 | D169: 156417885 | E169: 0.039183861 | F169: 17.520709 | H169: ="("&$A169&", "&$B169&"]" -> (15, 20] | I169: 2.5 | J169: 0.097959653 | K169: 0.09330269 | L169: 93302689 | M169: 0.09330269 | N169: 1.6347293 | P169: 0.09330269 | S169: 0
A170: 20 | B170: 25 | C170: 82338 | D170: 185300895 | E170: 0.036138724 | F170: 22.504906 | H170: ="("&$A170&", "&$B170&"]" -> (20, 25] | I170: 2.5 | J170: 0.090346811 | K170: 0.086051759 | L170: 86051759 | M170: 0.08605176 | N170: 1.9365868 | P170: 0.08605176 | S170: 0
A171: 25 | B171: 30 | C171: 76062 | D171: 209282100 | E171: 0.033384144 | F171: 27.514672 | H171: ="("&$A171&", "&$B171&"]" -> (25, 30] | I171: 2.5 | J171: 0.08346036 | K171: 0.079492688 | L171: 79492687 | M171: 0.079492688 | N171: 2.1872153 | P171: 0.079492688 | S171: 0
... A175: 45 | B175: 50 | C175: 57512 | D175: 273347815 | E175: 0.025242419 | F175: 47.528831 | H175: ="("&$A175&", "&$B175&"]" -> (45, 50] | I175: 3 | J175: 0.075727258 | K175: 0.072127214 | L175: 72127213 | M175: 0.072127214 | N175: 3.4281222 | P175: 0.072127214 | S175: 0
A176: 50 | B176: 60 | C176: 104777 | D176: 575637135 | E176: 0.045987359 | F176: 54.939265 | G176: 1.91 | H176: ="("&$A176&", "&$B176&"]" -> (50, 60] | I176: 2 | J176: 0.091974717 | K176: 0.087602275 | L176: 87602275 | M176: 0.087602276 | N176: 4.8128047 | P176: 0.087602276 | S176: 0
A177: 60 | B177: 70 | C177: 92873 | D177: 603037995 | E177: 0.04076261 | F177: 64.931465 | G177: 5.94 | H177: ="("&$A177&", "&$B177&"]" -> (60, 70] | I177: 1.8 | J177: 0.073372697 | K177: 0.069884588 | L177: 69884588 | M177: 0.069884589 | N177: 4.5377088 | P177: 0.069884589 | S177: 0
A178: 70 | B178: 80 | C178: 83293 | D178: 624248335 | E178: 0.036557881 | F178: 74.946074 | G178: 5.07 | H178: ="("&$A178&", "&$B178&"]" -> (70, 80] | I178: 1.6 | J178: 0.058492609 | K178: 0.055711893 | L178: 55711893 | M178: 0.055711894 | N178: 4.1753877 | P178: 0.055711894 | S178: 0
A179: 80 | B179: 90 | C179: 74862 | D179: 635978325 | E179: 0.032857456 | F179: 84.953424 | G179: 2.24 | H179: ="("&$A179&", "&$B179&"]" -> (80, 90] | I179: 0.8 | J179: 0.026285965 | K179: 0.02503634 | L179: 25036340 | M179: 0.02503634 | N179: 2.1269228 | P179: 0.02503634 | S179: 0
A180: 90 | B180: 100 | C180: 67374 | D180: 639750200 | E180: 0.02957092 | F180: 94.955057 | G180: 1.91 | H180: ="("&$A180&", "&$B180&"]" -> (90, 100] | I180: 0.8 | J180: 0.023656736 | K180: 0.022532104 | L180: 22532104 | M180: 0.022532104 | N180: 2.1395373 | P180: 0.022532104 | S180: 0
A181: 100 | B181: 120 | C181: 117138 | D181: 1285241290 | E181: 0.051412688 | F181: 109.72027 | G181: 2.04 | H181: ="("&$A181&", "&$B181&"]" -> (100, 120] | I181: 0.8 | J181: 0.04113015 | K181: 0.039174839 | L181: 39174839 | M181: 0.03917484 | N181: 4.298274 | P181: 0.03917484 | S181: 0
A182: 120 | B182: 140 | C182: 98023 | D182: 1271812335 | E182: 0.043022981 | F182: 129.74632 | G182: 0.94 | H182: ="("&$A182&", "&$B182&"]" -> (120, 140] | I182: 0.8 | J182: 0.034418385 | K182: 0.032782148 | L182: 32782148 | M182: 0.032782149 | N182: 4.2533631 | P182: 0.032782149 | S182: 0
A183: 140 | B183: 160 | C183: 83073 | D183: 1244282160 | E183: 0.036461321 | F183: 149.78178 | G183: 1.45 | H183: ="("&$A183&", "&$B183&"]" -> (140, 160] | I183: 1 | J183: 0.036461321 | K183: 0.034727964 | L183: 34727964 | M183: 0.034727965 | N183: 5.2016163 | P183: 0.034727965 | S183: 0
A184: 160 | B184: 180 | C184: 71278 | D184: 1210416050 | E184: 0.031284413 | F184: 169.81622 | G184: 0.71 | H184: ="("&$A184&", "&$B184&"]" -> (160, 180] | I184: 0.6195 | J184: 0.019380694 | K184: 0.018459343 | L184: 18459343 | M184: 0.018459343 | N184: 3.1346959 | P184: 0.018459343 | S184: 0
A185: 180 | B185: 200 | C185: 61850 | D185: 1174015420 | E185: 0.027146398 | F185: 189.81656 | G185: 0.62 | H185: ="("&$A185&", "&$B185&"]" -> (180, 200] | I185: 0.6 | J185: 0.016287839 | K185: 0.015513521 | L185: 15513521 | M185: 0.015513521 | N185: 2.9447232 | P185: 0.015513521 | S185: 0
A186: 200 | B186: 250 | C186: 123505 | D186: 2763375860 | E186: 0.054207209 | F186: 223.74607 | G186: 0.5 | H186: ="("&$A186&", "&$B186&"]" -> (200, 250] | I186: 0.5 | J186: 0.027103604 | K186: 0.02581511 | L186: 25815109 | M186: 0.025815109 | N186: 5.7760293 | P186: 0.025815109 | S186: 0
A187: 250 | B187: 300 | C187: 91171 | D187: 2497132705 | E187: 0.04001559 | F187: 273.8955 | G187: 0.21 | H187: ="("&$A187&", "&$B187&"]" -> (250, 300] | I187: 0.09 | J187: 0.0036014031 | K187: 0.0034301938 | L187: 3430193 | M187: 0.0034301931 | N187: 0.93951446 | P187: 0.0034301931 | S187: 0
... A220: 100000 | B220: 9999999 | C220: 0 | D220: 0 | E220: 0 | F220: 0 | G220: 0 | H220: ="("&$A220&", "&$B220&"]" -> (100000, 9999999] | I220: 0 | J220: 0 | K220: 0 | L220: 0 | M220: 0 | N220: 0 | P220: 0 | S220: 0

Sheet OP Jackpot
B2: Threshold | C2: 10000000000
B4: Status | C4: Bet Type | D4: Screen | E4: Spin | F4: C1 cnt | G4: SCR
B5: Newbie | C5: Normal Bet | D5: BG | G5: =SUM(F5:F6)/E5*$C$2 -> #DIV/0!
D6: FG
B7: Oldhand | C7: Normal Bet | D7: BG | G7: =SUM(F7:F8)/E7*$C$2 -> #DIV/0!
D8: FG
B9: - | C9: Buy Feature | D9: BG | E9: =F9 -> 0 | G9: =SUM(F9:F10)/E9*$C$2 -> #DIV/0!
D10: FG

Sheet BG_Symbol
L2: Symbol | U2: Symbol ID | AC2: Symbol Weight | AK2: Drop Weights Weight (1 Combo)
A3: Symbol | B3: Description | C3: R1 | D3: R2 | E3: R3 | F3: R4 | G3: R5 | H3: R6 | I3: R7 | J3: ID | L3: Line # | M3: R1 | N3: R2 | O3: R3 | P3: R4 | Q3: R5 | R3: R6 | S3: R7 | U3: R1 | V3: R2 | W3: R3 | X3: R4 | Y3: R5 | Z3: R6 | AA3: R7 | AC3: R1 | AD3: R2 | AE3: R3 | AF3: R4 | AG3: R5 | AH3: R6 | AI3: R7 | AK3: Symbol | AL3: R1 | AM3: R2 | AN3: R3 | AO3: R4 | AP3: R5 | AQ3: R6 | AR3: R7 | AS3: ID
A4: {=Overview!$A$42:$B$67} -> WW | B4: Wild | C4: =COUNTIF(M$4:M$304,$A4) -> 0 | D4: =COUNTIF(N$4:N$304,$A4) -> 0 | E4: =COUNTIF(O$4:O$304,$A4) -> 0 | F4: =COUNTIF(P$4:P$304,$A4) -> 0 | G4: =COUNTIF(Q$4:Q$304,$A4) -> 0 | H4: =COUNTIF(R$4:R$304,$A4) -> 0 | I4: =COUNTIF(S$4:S$304,$A4) -> 0 | J4: 0 | L4: 0 | M4: M6 | N4: A | O4: M4 | P4: M3 | Q4: J | R4: Q | S4: M4 | U4: =VLOOKUP(M4, $A$4:$J$29, 9, 0) -> 6 | V4: =VLOOKUP(N4, $A$4:$J$29, 9, 0) -> 5 | W4: =VLOOKUP(O4, $A$4:$J$29, 9, 0) -> 15 | X4: =VLOOKUP(P4, $A$4:$J$29, 9, 0) -> 16 | Y4: =VLOOKUP(Q4, $A$4:$J$29, 9, 0) -> 5 | Z4: =VLOOKUP(R4, $A$4:$J$29, 9, 0) -> 15 | AA4: =VLOOKUP(S4, $A$4:$J$29, 9, 0) -> 15 | AC4: 1 | AD4: 1 | AE4: 1 | AF4: 1 | AG4: 1 | AH4: 1 | AI4: 3 | AK4: WW | AL4: 0 | AM4: 0 | AN4: 0 | AO4: 0 | AP4: 0 | AQ4: 0 | AR4: 0 | AS4: 0
A5: C1 | B5: Scatter | C5: =COUNTIF(M$4:M$304,$A5) -> 0 | D5: =COUNTIF(N$4:N$304,$A5) -> 0 | E5: =COUNTIF(O$4:O$304,$A5) -> 0 | F5: =COUNTIF(P$4:P$304,$A5) -> 0 | G5: =COUNTIF(Q$4:Q$304,$A5) -> 0 | H5: =COUNTIF(R$4:R$304,$A5) -> 0 | I5: =COUNTIF(S$4:S$304,$A5) -> 0 | J5: 1 | L5: 1 | M5: J | N5: M5 | O5: A | P5: M3 | Q5: J | R5: Q | S5: M4 | U5: =VLOOKUP(M5, $A$4:$J$29, 9, 0) -> 5 | V5: =VLOOKUP(N5, $A$4:$J$29, 9, 0) -> 17 | W5: =VLOOKUP(O5, $A$4:$J$29, 9, 0) -> 5 | X5: =VLOOKUP(P5, $A$4:$J$29, 9, 0) -> 16 | Y5: =VLOOKUP(Q5, $A$4:$J$29, 9, 0) -> 5 | Z5: =VLOOKUP(R5, $A$4:$J$29, 9, 0) -> 15 | AA5: =VLOOKUP(S5, $A$4:$J$29, 9, 0) -> 15 | AC5: 1 | AD5: 1 | AE5: 1 | AF5: 1 | AG5: 1 | AH5: 1 | AI5: 1 | AK5: C1 | AL5: 10 | AM5: 10 | AN5: 10 | AO5: 10 | AP5: 10 | AQ5: 10 | AR5: 5 | AS5: 1
A6: M1 | B6: M1 | C6: =COUNTIF(M$4:M$304,$A6) -> 1 | D6: =COUNTIF(N$4:N$304,$A6) -> 1 | E6: =COUNTIF(O$4:O$304,$A6) -> 2 | F6: =COUNTIF(P$4:P$304,$A6) -> 1 | G6: =COUNTIF(Q$4:Q$304,$A6) -> 1 | H6: =COUNTIF(R$4:R$304,$A6) -> 2 | I6: =COUNTIF(S$4:S$304,$A6) -> 4 | J6: 2 | L6: 2 | M6: J | N6: Q | O6: J | P6: G3 | Q6: K | R6: Q | S6: M4 | U6: =VLOOKUP(M6, $A$4:$J$29, 9, 0) -> 5 | V6: =VLOOKUP(N6, $A$4:$J$29, 9, 0) -> 15 | W6: =VLOOKUP(O6, $A$4:$J$29, 9, 0) -> 5 | X6: =VLOOKUP(P6, $A$4:$J$29, 9, 0) -> 0 | Y6: =VLOOKUP(Q6, $A$4:$J$29, 9, 0) -> 13 | Z6: =VLOOKUP(R6, $A$4:$J$29, 9, 0) -> 15 | AA6: =VLOOKUP(S6, $A$4:$J$29, 9, 0) -> 15 | AC6: 1 | AD6: 1 | AE6: 1 | AF6: 1 | AG6: 1 | AH6: 1 | AI6: 1 | AK6: M1 | AL6: 8 | AM6: 8 | AN6: 8 | AO6: 8 | AP6: 8 | AQ6: 8 | AR6: 8 | AS6: 2
A7: M2 | B7: M2 | C7: =COUNTIF(M$4:M$304,$A7) -> 1 | D7: =COUNTIF(N$4:N$304,$A7) -> 5 | E7: =COUNTIF(O$4:O$304,$A7) -> 6 | F7: =COUNTIF(P$4:P$304,$A7) -> 10 | G7: =COUNTIF(Q$4:Q$304,$A7) -> 2 | H7: =COUNTIF(R$4:R$304,$A7) -> 5 | I7: =COUNTIF(S$4:S$304,$A7) -> 11 | J7: 3 | L7: 3 | M7: TE | N7: M5 | O7: J | P7: M5 | Q7: G3 | R7: TE | S7: M2 | U7: =VLOOKUP(M7, $A$4:$J$29, 9, 0) -> 12 | V7: =VLOOKUP(N7, $A$4:$J$29, 9, 0) -> 17 | W7: =VLOOKUP(O7, $A$4:$J$29, 9, 0) -> 5 | X7: =VLOOKUP(P7, $A$4:$J$29, 9, 0) -> 17 | Y7: =VLOOKUP(Q7, $A$4:$J$29, 9, 0) -> 0 | Z7: =VLOOKUP(R7, $A$4:$J$29, 9, 0) -> 12 | AA7: =VLOOKUP(S7, $A$4:$J$29, 9, 0) -> 11 | AC7: 1 | AD7: 1 | AE7: 1 | AF7: 1 | AG7: 1 | AH7: 1 | AI7: 1 | AK7: M2 | AL7: 10 | AM7: 13 | AN7: 10 | AO7: 5 | AP7: 20 | AQ7: 5 | AR7: 10 | AS7: 3
A8: M3 | B8: M3 | C8: =COUNTIF(M$4:M$304,$A8) -> 11 | D8: =COUNTIF(N$4:N$304,$A8) -> 4 | E8: =COUNTIF(O$4:O$304,$A8) -> 8 | F8: =COUNTIF(P$4:P$304,$A8) -> 5 | G8: =COUNTIF(Q$4:Q$304,$A8) -> 7 | H8: =COUNTIF(R$4:R$304,$A8) -> 4 | I8: =COUNTIF(S$4:S$304,$A8) -> 16 | J8: 4 | L8: 4 | M8: TE | N8: M4 | O8: A | P8: M2 | Q8: M4 | R8: TE | S8: M2 | U8: =VLOOKUP(M8, $A$4:$J$29, 9, 0) -> 12 | V8: =VLOOKUP(N8, $A$4:$J$29, 9, 0) -> 15 | W8: =VLOOKUP(O8, $A$4:$J$29, 9, 0) -> 5 | X8: =VLOOKUP(P8, $A$4:$J$29, 9, 0) -> 11 | Y8: =VLOOKUP(Q8, $A$4:$J$29, 9, 0) -> 15 | Z8: =VLOOKUP(R8, $A$4:$J$29, 9, 0) -> 12 | AA8: =VLOOKUP(S8, $A$4:$J$29, 9, 0) -> 11 | AC8: 1 | AD8: 1 | AE8: 1 | AF8: 1 | AG8: 1 | AH8: 1 | AI8: 3 | AK8: M3 | AL8: 15 | AM8: 10 | AN8: 15 | AO8: 5 | AP8: 18 | AQ8: 20 | AR8: 10 | AS8: 4
A9: M4 | B9: M4 | C9: =COUNTIF(M$4:M$304,$A9) -> 10 | D9: =COUNTIF(N$4:N$304,$A9) -> 6 | E9: =COUNTIF(O$4:O$304,$A9) -> 16 | F9: =COUNTIF(P$4:P$304,$A9) -> 6 | G9: =COUNTIF(Q$4:Q$304,$A9) -> 17 | H9: =COUNTIF(R$4:R$304,$A9) -> 2 | I9: =COUNTIF(S$4:S$304,$A9) -> 15 | J9: 5 | L9: 5 | M9: J | N9: Q | O9: K | P9: M2 | Q9: J | R9: TE | S9: M2 | U9: =VLOOKUP(M9, $A$4:$J$29, 9, 0) -> 5 | V9: =VLOOKUP(N9, $A$4:$J$29, 9, 0) -> 15 | W9: =VLOOKUP(O9, $A$4:$J$29, 9, 0) -> 13 | X9: =VLOOKUP(P9, $A$4:$J$29, 9, 0) -> 11 | Y9: =VLOOKUP(Q9, $A$4:$J$29, 9, 0) -> 5 | Z9: =VLOOKUP(R9, $A$4:$J$29, 9, 0) -> 12 | AA9: =VLOOKUP(S9, $A$4:$J$29, 9, 0) -> 11 | AC9: 1 | AD9: 1 | AE9: 1 | AF9: 1 | AG9: 1 | AH9: 1 | AI9: 1 | AK9: M4 | AL9: 10 | AM9: 20 | AN9: 20 | AO9: 20 | AP9: 10 | AQ9: 20 | AR9: 10 | AS9: 5
A10: M5 | B10: M5 | C10: =COUNTIF(M$4:M$304,$A10) -> 7 | D10: =COUNTIF(N$4:N$304,$A10) -> 16 | E10: =COUNTIF(O$4:O$304,$A10) -> 10 | F10: =COUNTIF(P$4:P$304,$A10) -> 19 | G10: =COUNTIF(Q$4:Q$304,$A10) -> 5 | H10: =COUNTIF(R$4:R$304,$A10) -> 25 | I10: =COUNTIF(S$4:S$304,$A10) -> 17 | J10: 6 | L10: 6 | M10: A | N10: Q | O10: K | P10: M3 | Q10: J | R10: M4 | S10: M5 | U10: =VLOOKUP(M10, $A$4:$J$29, 9, 0) -> 5 | V10: =VLOOKUP(N10, $A$4:$J$29, 9, 0) -> 15 | W10: =VLOOKUP(O10, $A$4:$J$29, 9, 0) -> 13 | X10: =VLOOKUP(P10, $A$4:$J$29, 9, 0) -> 16 | Y10: =VLOOKUP(Q10, $A$4:$J$29, 9, 0) -> 5 | Z10: =VLOOKUP(R10, $A$4:$J$29, 9, 0) -> 15 | AA10: =VLOOKUP(S10, $A$4:$J$29, 9, 0) -> 17 | AC10: 1 | AD10: 1 | AE10: 1 | AF10: 1 | AG10: 1 | AH10: 1 | AI10: 1 | AK10: M5 | AL10: 50 | AM10: 50 | AN10: 50 | AO10: 50 | AP10: 50 | AQ10: 50 | AR10: 10 | AS10: 6
A11: M6 | B11: M6 | C11: =COUNTIF(M$4:M$304,$A11) -> 15 | D11: =COUNTIF(N$4:N$304,$A11) -> 9 | E11: =COUNTIF(O$4:O$304,$A11) -> 12 | F11: =COUNTIF(P$4:P$304,$A11) -> 6 | G11: =COUNTIF(Q$4:Q$304,$A11) -> 21 | H11: =COUNTIF(R$4:R$304,$A11) -> 1 | I11: =COUNTIF(S$4:S$304,$A11) -> 6 | J11: 7 | L11: 7 | M11: K | N11: M5 | O11: M5 | P11: Q | Q11: TE | R11: A | S11: TE | U11: =VLOOKUP(M11, $A$4:$J$29, 9, 0) -> 13 | V11: =VLOOKUP(N11, $A$4:$J$29, 9, 0) -> 17 | W11: =VLOOKUP(O11, $A$4:$J$29, 9, 0) -> 17 | X11: =VLOOKUP(P11, $A$4:$J$29, 9, 0) -> 15 | Y11: =VLOOKUP(Q11, $A$4:$J$29, 9, 0) -> 12 | Z11: =VLOOKUP(R11, $A$4:$J$29, 9, 0) -> 5 | AA11: =VLOOKUP(S11, $A$4:$J$29, 9, 0) -> 12 | AC11: 1 | AD11: 1 | AE11: 1 | AF11: 1 | AG11: 1 | AH11: 1 | AI11: 1 | AK11: M6 | AL11: 50 | AM11: 50 | AN11: 50 | AO11: 50 | AP11: 50 | AQ11: 50 | AR11: 10 | AS11: 7
A12: A | B12: A | C12: =COUNTIF(M$4:M$304,$A12) -> 11 | D12: =COUNTIF(N$4:N$304,$A12) -> 16 | E12: =COUNTIF(O$4:O$304,$A12) -> 10 | F12: =COUNTIF(P$4:P$304,$A12) -> 20 | G12: =COUNTIF(Q$4:Q$304,$A12) -> 2 | H12: =COUNTIF(R$4:R$304,$A12) -> 31 | I12: =COUNTIF(S$4:S$304,$A12) -> 5 | J12: 8 | L12: 8 | M12: M6 | N12: G3 | O12: M4 | P12: M5 | Q12: M4 | R12: M5 | S12: TE | U12: =VLOOKUP(M12, $A$4:$J$29, 9, 0) -> 6 | V12: =VLOOKUP(N12, $A$4:$J$29, 9, 0) -> 0 | W12: =VLOOKUP(O12, $A$4:$J$29, 9, 0) -> 15 | X12: =VLOOKUP(P12, $A$4:$J$29, 9, 0) -> 17 | Y12: =VLOOKUP(Q12, $A$4:$J$29, 9, 0) -> 15 | Z12: =VLOOKUP(R12, $A$4:$J$29, 9, 0) -> 17 | AA12: =VLOOKUP(S12, $A$4:$J$29, 9, 0) -> 12 | AC12: 1 | AD12: 1 | AE12: 1 | AF12: 1 | AG12: 1 | AH12: 1 | AI12: 3 | AK12: A | AL12: 10 | AM12: 10 | AN12: 40 | AO12: 1 | AP12: 40 | AQ12: 1 | AR12: 10 | AS12: 8
A13: K | B13: K | C13: =COUNTIF(M$4:M$304,$A13) -> 16 | D13: =COUNTIF(N$4:N$304,$A13) -> 9 | E13: =COUNTIF(O$4:O$304,$A13) -> 12 | F13: =COUNTIF(P$4:P$304,$A13) -> 5 | G13: =COUNTIF(Q$4:Q$304,$A13) -> 16 | H13: =COUNTIF(R$4:R$304,$A13) -> 4 | I13: =COUNTIF(S$4:S$304,$A13) -> 13 | J13: 9 | L13: 9 | M13: J | N13: M3 | O13: M4 | P13: TE | Q13: M4 | R13: M5 | S13: A | U13: =VLOOKUP(M13, $A$4:$J$29, 9, 0) -> 5 | V13: =VLOOKUP(N13, $A$4:$J$29, 9, 0) -> 16 | W13: =VLOOKUP(O13, $A$4:$J$29, 9, 0) -> 15 | X13: =VLOOKUP(P13, $A$4:$J$29, 9, 0) -> 12 | Y13: =VLOOKUP(Q13, $A$4:$J$29, 9, 0) -> 15 | Z13: =VLOOKUP(R13, $A$4:$J$29, 9, 0) -> 17 | AA13: =VLOOKUP(S13, $A$4:$J$29, 9, 0) -> 5 | AC13: 1 | AD13: 1 | AE13: 1 | AF13: 1 | AG13: 1 | AH13: 1 | AI13: 1 | AK13: K | AL13: 40 | AM13: 8 | AN13: 25 | AO13: 10 | AP13: 1 | AQ13: 40 | AR13: 10 | AS13: 9
A14: Q | B14: Q | C14: =COUNTIF(M$4:M$304,$A14) -> 3 | D14: =COUNTIF(N$4:N$304,$A14) -> 17 | E14: =COUNTIF(O$4:O$304,$A14) -> 4 | F14: =COUNTIF(P$4:P$304,$A14) -> 19 | G14: =COUNTIF(Q$4:Q$304,$A14) -> 2 | H14: =COUNTIF(R$4:R$304,$A14) -> 22 | I14: =COUNTIF(S$4:S$304,$A14) -> 15 | J14: 10 | L14: 10 | M14: J | N14: M3 | O14: M4 | P14: TE | Q14: J | R14: TE | S14: M4 | U14: =VLOOKUP(M14, $A$4:$J$29, 9, 0) -> 5 | V14: =VLOOKUP(N14, $A$4:$J$29, 9, 0) -> 16 | W14: =VLOOKUP(O14, $A$4:$J$29, 9, 0) -> 15 | X14: =VLOOKUP(P14, $A$4:$J$29, 9, 0) -> 12 | Y14: =VLOOKUP(Q14, $A$4:$J$29, 9, 0) -> 5 | Z14: =VLOOKUP(R14, $A$4:$J$29, 9, 0) -> 12 | AA14: =VLOOKUP(S14, $A$4:$J$29, 9, 0) -> 15 | AC14: 1 | AD14: 1 | AE14: 1 | AF14: 1 | AG14: 1 | AH14: 1 | AI14: 1 | AK14: Q | AL14: 10 | AM14: 40 | AN14: 40 | AO14: 10 | AP14: 40 | AQ14: 1 | AR14: 10 | AS14: 10
A15: J | B15: J | C15: =COUNTIF(M$4:M$304,$A15) -> 25 | D15: =COUNTIF(N$4:N$304,$A15) -> 1 | E15: =COUNTIF(O$4:O$304,$A15) -> 20 | F15: =COUNTIF(P$4:P$304,$A15) -> 6 | G15: =COUNTIF(Q$4:Q$304,$A15) -> 27 | H15: =COUNTIF(R$4:R$304,$A15) -> 5 | I15: =COUNTIF(S$4:S$304,$A15) -> 5 | J15: 11 | L15: 11 | M15: M3 | N15: Q | O15: M6 | P15: M6 | Q15: M6 | R15: TE | S15: TE | U15: =VLOOKUP(M15, $A$4:$J$29, 9, 0) -> 16 | V15: =VLOOKUP(N15, $A$4:$J$29, 9, 0) -> 15 | W15: =VLOOKUP(O15, $A$4:$J$29, 9, 0) -> 6 | X15: =VLOOKUP(P15, $A$4:$J$29, 9, 0) -> 6 | Y15: =VLOOKUP(Q15, $A$4:$J$29, 9, 0) -> 6 | Z15: =VLOOKUP(R15, $A$4:$J$29, 9, 0) -> 12 | AA15: =VLOOKUP(S15, $A$4:$J$29, 9, 0) -> 12 | AC15: 1 | AD15: 1 | AE15: 1 | AF15: 1 | AG15: 1 | AH15: 1 | AI15: 1 | AK15: J | AL15: 40 | AM15: 40 | AN15: 40 | AO15: 1 | AP15: 1 | AQ15: 1 | AR15: 10 | AS15: 11
A16: TE | B16: TE | C16: =COUNTIF(M$4:M$304,$A16) -> 19 | D16: =COUNTIF(N$4:N$304,$A16) -> 15 | E16: =COUNTIF(O$4:O$304,$A16) -> 6 | F16: =COUNTIF(P$4:P$304,$A16) -> 13 | G16: =COUNTIF(Q$4:Q$304,$A16) -> 10 | H16: =COUNTIF(R$4:R$304,$A16) -> 18 | I16: =COUNTIF(S$4:S$304,$A16) -> 12 | J16: 12 | L16: 12 | M16: M6 | N16: Q | O16: J | P16: Q | Q16: M6 | R16: TE | S16: TE | U16: =VLOOKUP(M16, $A$4:$J$29, 9, 0) -> 6 | V16: =VLOOKUP(N16, $A$4:$J$29, 9, 0) -> 15 | W16: =VLOOKUP(O16, $A$4:$J$29, 9, 0) -> 5 | X16: =VLOOKUP(P16, $A$4:$J$29, 9, 0) -> 15 | Y16: =VLOOKUP(Q16, $A$4:$J$29, 9, 0) -> 6 | Z16: =VLOOKUP(R16, $A$4:$J$29, 9, 0) -> 12 | AA16: =VLOOKUP(S16, $A$4:$J$29, 9, 0) -> 12 | AC16: 1 | AD16: 1 | AE16: 1 | AF16: 1 | AG16: 1 | AH16: 1 | AI16: 3 | AK16: TE | AL16: 5 | AM16: 40 | AN16: 20 | AO16: 1 | AP16: 1 | AQ16: 1 | AR16: 10 | AS16: 12
... A29: GM | B29: Golden Mystery | C29: =COUNTIF(M$4:M$304,$A29) -> 0 | D29: =COUNTIF(N$4:N$304,$A29) -> 1 | E29: =COUNTIF(O$4:O$304,$A29) -> 1 | F29: =COUNTIF(P$4:P$304,$A29) -> 1 | G29: =COUNTIF(Q$4:Q$304,$A29) -> 1 | H29: =COUNTIF(R$4:R$304,$A29) -> 0 | I29: =COUNTIF(S$4:S$304,$A29) -> 0 | J29: 25 | L29: 25 | M29: J | N29: M5 | O29: M4 | P29: M3 | Q29: Q | R29: A | S29: M2 | U29: =VLOOKUP(M29, $A$4:$J$29, 9, 0) -> 5 | V29: =VLOOKUP(N29, $A$4:$J$29, 9, 0) -> 17 | W29: =VLOOKUP(O29, $A$4:$J$29, 9, 0) -> 15 | X29: =VLOOKUP(P29, $A$4:$J$29, 9, 0) -> 16 | Y29: =VLOOKUP(Q29, $A$4:$J$29, 9, 0) -> 15 | Z29: =VLOOKUP(R29, $A$4:$J$29, 9, 0) -> 5 | AA29: =VLOOKUP(S29, $A$4:$J$29, 9, 0) -> 11 | AC29: 1 | AD29: 1 | AE29: 1 | AF29: 1 | AG29: 1 | AH29: 1 | AI29: 1 | AK29: GM | AL29: 0 | AM29: 1 | AN29: 1 | AO29: 1 | AP29: 1 | AQ29: 0 | AR29: 0 | AS29: 25
C30: =SUM(C4:C29) -> 121 | D30: =SUM(D4:D29) -> 121 | E30: =SUM(E4:E29) -> 121 | F30: =SUM(F4:F29) -> 121 | G30: =SUM(G4:G29) -> 121 | H30: =SUM(H4:H29) -> 121 | I30: =SUM(I4:I29) -> 121 | L30: 26 | M30: K | N30: M5 | O30: TE | P30: Q | Q30: K | R30: M5 | S30: M2 | U30: =VLOOKUP(M30, $A$4:$J$29, 9, 0) -> 13 | V30: =VLOOKUP(N30, $A$4:$J$29, 9, 0) -> 17 | W30: =VLOOKUP(O30, $A$4:$J$29, 9, 0) -> 12 | X30: =VLOOKUP(P30, $A$4:$J$29, 9, 0) -> 15 | Y30: =VLOOKUP(Q30, $A$4:$J$29, 9, 0) -> 13 | Z30: =VLOOKUP(R30, $A$4:$J$29, 9, 0) -> 17 | AA30: =VLOOKUP(S30, $A$4:$J$29, 9, 0) -> 11 | AC30: 1 | AD30: 1 | AE30: 1 | AF30: 1 | AG30: 1 | AH30: 1 | AI30: 1
L31: 27 | M31: M4 | N31: G2 | O31: TE | P31: Q | Q31: M1 | R31: M5 | S31: K | U31: =VLOOKUP(M31, $A$4:$J$29, 9, 0) -> 15 | V31: =VLOOKUP(N31, $A$4:$J$29, 9, 0) -> 0 | W31: =VLOOKUP(O31, $A$4:$J$29, 9, 0) -> 12 | X31: =VLOOKUP(P31, $A$4:$J$29, 9, 0) -> 15 | Y31: =VLOOKUP(Q31, $A$4:$J$29, 9, 0) -> 4 | Z31: =VLOOKUP(R31, $A$4:$J$29, 9, 0) -> 17 | AA31: =VLOOKUP(S31, $A$4:$J$29, 9, 0) -> 13 | AC31: 1 | AD31: 1 | AE31: 1 | AF31: 1 | AG31: 1 | AH31: 1 | AI31: 1 | AK31: Drop Weights Weight (2 Combo)
B32: Mega way | C32: R1 | D32: R2 | E32: R3 | F32: R4 | G32: R5 | H32: R6 | L32: 28 | M32: TE | N32: M2 | O32: M2 | P32: Q | Q32: J | R32: M5 | S32: K | U32: =VLOOKUP(M32, $A$4:$J$29, 9, 0) -> 12 | V32: =VLOOKUP(N32, $A$4:$J$29, 9, 0) -> 11 | W32: =VLOOKUP(O32, $A$4:$J$29, 9, 0) -> 11 | X32: =VLOOKUP(P32, $A$4:$J$29, 9, 0) -> 15 | Y32: =VLOOKUP(Q32, $A$4:$J$29, 9, 0) -> 5 | Z32: =VLOOKUP(R32, $A$4:$J$29, 9, 0) -> 17 | AA32: =VLOOKUP(S32, $A$4:$J$29, 9, 0) -> 13 | AC32: 1 | AD32: 1 | AE32: 1 | AF32: 1 | AG32: 1 | AH32: 1 | AI32: 3 | AK32: Symbol | AL32: R1 | AM32: R2 | AN32: R3 | AO32: R4 | AP32: R5 | AQ32: R6 | AR32: R7 | AS32: ID
B33: [4,1] | C33: 0 | D33: 390 | E33: 390 | F33: 185 | G33: 120 | H33: 0 | L33: 29 | M33: TE | N33: M2 | O33: G2 | P33: M5 | Q33: J | R33: TE | S33: A | U33: =VLOOKUP(M33, $A$4:$J$29, 9, 0) -> 12 | V33: =VLOOKUP(N33, $A$4:$J$29, 9, 0) -> 11 | W33: =VLOOKUP(O33, $A$4:$J$29, 9, 0) -> 0 | X33: =VLOOKUP(P33, $A$4:$J$29, 9, 0) -> 17 | Y33: =VLOOKUP(Q33, $A$4:$J$29, 9, 0) -> 5 | Z33: =VLOOKUP(R33, $A$4:$J$29, 9, 0) -> 12 | AA33: =VLOOKUP(S33, $A$4:$J$29, 9, 0) -> 5 | AC33: 1 | AD33: 1 | AE33: 1 | AF33: 1 | AG33: 1 | AH33: 1 | AI33: 1 | AK33: WW | AL33: 0 | AM33: 0 | AN33: 0 | AO33: 0 | AP33: 0 | AQ33: 0 | AR33: 0 | AS33: 0
B34: [1,4] | C34: 0 | D34: 390 | E34: 390 | F34: 185 | G34: 120 | H34: 0 | L34: 30 | M34: J | N34: M3 | O34: G3 | P34: M5 | Q34: M2 | R34: M5 | S34: A | U34: =VLOOKUP(M34, $A$4:$J$29, 9, 0) -> 5 | V34: =VLOOKUP(N34, $A$4:$J$29, 9, 0) -> 16 | W34: =VLOOKUP(O34, $A$4:$J$29, 9, 0) -> 0 | X34: =VLOOKUP(P34, $A$4:$J$29, 9, 0) -> 17 | Y34: =VLOOKUP(Q34, $A$4:$J$29, 9, 0) -> 11 | Z34: =VLOOKUP(R34, $A$4:$J$29, 9, 0) -> 17 | AA34: =VLOOKUP(S34, $A$4:$J$29, 9, 0) -> 5 | AC34: 1 | AD34: 1 | AE34: 1 | AF34: 1 | AG34: 1 | AH34: 1 | AI34: 1 | AK34: C1 | AL34: 0 | AM34: 0 | AN34: 0 | AO34: 0 | AP34: 0 | AQ34: 0 | AR34: 0 | AS34: 1
B35: [3,2] | C35: 0 | D35: 2035 | E35: 2010 | F35: 1125 | G35: 860 | H35: 0 | L35: 31 | M35: K | N35: M3 | O35: M3 | P35: A | Q35: M6 | R35: M5 | S35: M1 | U35: =VLOOKUP(M35, $A$4:$J$29, 9, 0) -> 13 | V35: =VLOOKUP(N35, $A$4:$J$29, 9, 0) -> 16 | W35: =VLOOKUP(O35, $A$4:$J$29, 9, 0) -> 16 | X35: =VLOOKUP(P35, $A$4:$J$29, 9, 0) -> 5 | Y35: =VLOOKUP(Q35, $A$4:$J$29, 9, 0) -> 6 | Z35: =VLOOKUP(R35, $A$4:$J$29, 9, 0) -> 17 | AA35: =VLOOKUP(S35, $A$4:$J$29, 9, 0) -> 4 | AC35: 1 | AD35: 1 | AE35: 1 | AF35: 1 | AG35: 1 | AH35: 1 | AI35: 1 | AK35: M1 | AL35: 8 | AM35: 8 | AN35: 8 | AO35: 8 | AP35: 8 | AQ35: 8 | AR35: 8 | AS35: 2
B36: [2,3] | C36: 0 | D36: 2035 | E36: 2010 | F36: 1125 | G36: 860 | H36: 0 | L36: 32 | M36: K | N36: A | O36: A | P36: M2 | Q36: M6 | R36: Q | S36: M1 | U36: =VLOOKUP(M36, $A$4:$J$29, 9, 0) -> 13 | V36: =VLOOKUP(N36, $A$4:$J$29, 9, 0) -> 5 | W36: =VLOOKUP(O36, $A$4:$J$29, 9, 0) -> 5 | X36: =VLOOKUP(P36, $A$4:$J$29, 9, 0) -> 11 | Y36: =VLOOKUP(Q36, $A$4:$J$29, 9, 0) -> 6 | Z36: =VLOOKUP(R36, $A$4:$J$29, 9, 0) -> 15 | AA36: =VLOOKUP(S36, $A$4:$J$29, 9, 0) -> 4 | AC36: 1 | AD36: 1 | AE36: 1 | AF36: 1 | AG36: 1 | AH36: 1 | AI36: 3 | AK36: M2 | AL36: 10 | AM36: 13 | AN36: 10 | AO36: 5 | AP36: 20 | AQ36: 5 | AR36: 10 | AS36: 3
B37: [3,1,1] | C37: 0 | D37: 290 | E37: 283 | F37: 803 | G37: 520 | H37: 0 | L37: 33 | M37: M6 | N37: A | O37: J | P37: M2 | Q37: M5 | R37: M6 | S37: M2 | U37: =VLOOKUP(M37, $A$4:$J$29, 9, 0) -> 6 | V37: =VLOOKUP(N37, $A$4:$J$29, 9, 0) -> 5 | W37: =VLOOKUP(O37, $A$4:$J$29, 9, 0) -> 5 | X37: =VLOOKUP(P37, $A$4:$J$29, 9, 0) -> 11 | Y37: =VLOOKUP(Q37, $A$4:$J$29, 9, 0) -> 17 | Z37: =VLOOKUP(R37, $A$4:$J$29, 9, 0) -> 6 | AA37: =VLOOKUP(S37, $A$4:$J$29, 9, 0) -> 11 | AC37: 1 | AD37: 1 | AE37: 1 | AF37: 1 | AG37: 1 | AH37: 1 | AI37: 1 | AK37: M3 | AL37: 15 | AM37: 10 | AN37: 15 | AO37: 5 | AP37: 18 | AQ37: 20 | AR37: 10 | AS37: 4
B38: [1,3,1] | C38: 0 | D38: 290 | E38: 283 | F38: 803 | G38: 520 | H38: 0 | L38: 34 | M38: TE | N38: M5 | O38: M6 | P38: M5 | Q38: M4 | R38: TE | S38: M2 | U38: =VLOOKUP(M38, $A$4:$J$29, 9, 0) -> 12 | V38: =VLOOKUP(N38, $A$4:$J$29, 9, 0) -> 17 | W38: =VLOOKUP(O38, $A$4:$J$29, 9, 0) -> 6 | X38: =VLOOKUP(P38, $A$4:$J$29, 9, 0) -> 17 | Y38: =VLOOKUP(Q38, $A$4:$J$29, 9, 0) -> 15 | Z38: =VLOOKUP(R38, $A$4:$J$29, 9, 0) -> 12 | AA38: =VLOOKUP(S38, $A$4:$J$29, 9, 0) -> 11 | AC38: 1 | AD38: 1 | AE38: 1 | AF38: 1 | AG38: 1 | AH38: 1 | AI38: 1 | AK38: M4 | AL38: 10 | AM38: 20 | AN38: 20 | AO38: 20 | AP38: 10 | AQ38: 20 | AR38: 10 | AS38: 5
B39: [1,1,3] | C39: 0 | D39: 290 | E39: 283 | F39: 803 | G39: 520 | H39: 0 | L39: 35 | M39: TE | N39: TE | O39: K | P39: A | Q39: G2 | R39: TE | S39: TE | U39: =VLOOKUP(M39, $A$4:$J$29, 9, 0) -> 12 | V39: =VLOOKUP(N39, $A$4:$J$29, 9, 0) -> 12 | W39: =VLOOKUP(O39, $A$4:$J$29, 9, 0) -> 13 | X39: =VLOOKUP(P39, $A$4:$J$29, 9, 0) -> 5 | Y39: =VLOOKUP(Q39, $A$4:$J$29, 9, 0) -> 0 | Z39: =VLOOKUP(R39, $A$4:$J$29, 9, 0) -> 12 | AA39: =VLOOKUP(S39, $A$4:$J$29, 9, 0) -> 12 | AC39: 1 | AD39: 1 | AE39: 1 | AF39: 1 | AG39: 1 | AH39: 1 | AI39: 1 | AK39: M5 | AL39: 50 | AM39: 50 | AN39: 50 | AO39: 50 | AP39: 50 | AQ39: 50 | AR39: 10 | AS39: 6
B40: [2,2,1] | C40: 0 | D40: 880 | E40: 830 | F40: 850 | G40: 1250 | H40: 0 | L40: 36 | M40: M4 | N40: TE | O40: M3 | P40: A | Q40: J | R40: TE | S40: M3 | U40: =VLOOKUP(M40, $A$4:$J$29, 9, 0) -> 15 | V40: =VLOOKUP(N40, $A$4:$J$29, 9, 0) -> 12 | W40: =VLOOKUP(O40, $A$4:$J$29, 9, 0) -> 16 | X40: =VLOOKUP(P40, $A$4:$J$29, 9, 0) -> 5 | Y40: =VLOOKUP(Q40, $A$4:$J$29, 9, 0) -> 5 | Z40: =VLOOKUP(R40, $A$4:$J$29, 9, 0) -> 12 | AA40: =VLOOKUP(S40, $A$4:$J$29, 9, 0) -> 16 | AC40: 1 | AD40: 1 | AE40: 1 | AF40: 1 | AG40: 1 | AH40: 1 | AI40: 3 | AK40: M6 | AL40: 50 | AM40: 50 | AN40: 50 | AO40: 50 | AP40: 50 | AQ40: 50 | AR40: 10 | AS40: 7
B41: [2,1,2] | C41: 0 | D41: 880 | E41: 830 | F41: 850 | G41: 1250 | H41: 0 | L41: 37 | M41: M3 | N41: GT | O41: M3 | P41: Q | Q41: J | R41: M5 | S41: M3 | U41: =VLOOKUP(M41, $A$4:$J$29, 9, 0) -> 16 | V41: =VLOOKUP(N41, $A$4:$J$29, 9, 0) -> 0 | W41: =VLOOKUP(O41, $A$4:$J$29, 9, 0) -> 16 | X41: =VLOOKUP(P41, $A$4:$J$29, 9, 0) -> 15 | Y41: =VLOOKUP(Q41, $A$4:$J$29, 9, 0) -> 5 | Z41: =VLOOKUP(R41, $A$4:$J$29, 9, 0) -> 17 | AA41: =VLOOKUP(S41, $A$4:$J$29, 9, 0) -> 16 | AC41: 1 | AD41: 1 | AE41: 1 | AF41: 1 | AG41: 1 | AH41: 1 | AI41: 1 | AK41: A | AL41: 10 | AM41: 10 | AN41: 40 | AO41: 1 | AP41: 40 | AQ41: 1 | AR41: 10 | AS41: 7
B42: [1,2,2] | C42: 0 | D42: 880 | E42: 830 | F42: 850 | G42: 1250 | H42: 0 | L42: 38 | M42: M3 | N42: M6 | O42: G6 | P42: Q | Q42: K | R42: M5 | S42: M3 | U42: =VLOOKUP(M42, $A$4:$J$29, 9, 0) -> 16 | V42: =VLOOKUP(N42, $A$4:$J$29, 9, 0) -> 6 | W42: =VLOOKUP(O42, $A$4:$J$29, 9, 0) -> 0 | X42: =VLOOKUP(P42, $A$4:$J$29, 9, 0) -> 15 | Y42: =VLOOKUP(Q42, $A$4:$J$29, 9, 0) -> 13 | Z42: =VLOOKUP(R42, $A$4:$J$29, 9, 0) -> 17 | AA42: =VLOOKUP(S42, $A$4:$J$29, 9, 0) -> 16 | AC42: 1 | AD42: 1 | AE42: 1 | AF42: 1 | AG42: 1 | AH42: 1 | AI42: 1 | AK42: K | AL42: 40 | AM42: 8 | AN42: 25 | AO42: 10 | AP42: 1 | AQ42: 40 | AR42: 10 | AS42: 8
B43: [2,1,1,1] | C43: 0 | D43: 292 | E43: 305 | F43: 514 | G43: 608 | H43: 0 | L43: 39 | M43: M5 | N43: M4 | O43: M6 | P43: M4 | Q43: K | R43: Q | S43: M5 | U43: =VLOOKUP(M43, $A$4:$J$29, 9, 0) -> 17 | V43: =VLOOKUP(N43, $A$4:$J$29, 9, 0) -> 15 | W43: =VLOOKUP(O43, $A$4:$J$29, 9, 0) -> 6 | X43: =VLOOKUP(P43, $A$4:$J$29, 9, 0) -> 15 | Y43: =VLOOKUP(Q43, $A$4:$J$29, 9, 0) -> 13 | Z43: =VLOOKUP(R43, $A$4:$J$29, 9, 0) -> 15 | AA43: =VLOOKUP(S43, $A$4:$J$29, 9, 0) -> 17 | AC43: 1 | AD43: 1 | AE43: 1 | AF43: 1 | AG43: 1 | AH43: 1 | AI43: 1 | AK43: Q | AL43: 10 | AM43: 40 | AN43: 40 | AO43: 10 | AP43: 40 | AQ43: 1 | AR43: 10 | AS43: 9
B44: [1,2,1,1] | C44: 0 | D44: 292 | E44: 305 | F44: 514 | G44: 608 | H44: 0 | L44: 40 | M44: M6 | N44: G4 | O44: TE | P44: M4 | Q44: M3 | R44: A | S44: M5 | U44: =VLOOKUP(M44, $A$4:$J$29, 9, 0) -> 6 | V44: =VLOOKUP(N44, $A$4:$J$29, 9, 0) -> 0 | W44: =VLOOKUP(O44, $A$4:$J$29, 9, 0) -> 12 | X44: =VLOOKUP(P44, $A$4:$J$29, 9, 0) -> 15 | Y44: =VLOOKUP(Q44, $A$4:$J$29, 9, 0) -> 16 | Z44: =VLOOKUP(R44, $A$4:$J$29, 9, 0) -> 5 | AA44: =VLOOKUP(S44, $A$4:$J$29, 9, 0) -> 17 | AC44: 1 | AD44: 1 | AE44: 1 | AF44: 1 | AG44: 1 | AH44: 1 | AI44: 3 | AK44: J | AL44: 40 | AM44: 40 | AN44: 40 | AO44: 1 | AP44: 1 | AQ44: 1 | AR44: 10 | AS44: 10
... B47: [1,1,1,1,1] | C47: 1 | D47: 470 | E47: 640 | F47: 360 | G47: 290 | H47: 1 | L47: 43 | M47: M3 | N47: Q | O47: G4 | P47: M5 | Q47: M6 | R47: M2 | S47: M3 | U47: =VLOOKUP(M47, $A$4:$J$29, 9, 0) -> 16 | V47: =VLOOKUP(N47, $A$4:$J$29, 9, 0) -> 15 | W47: =VLOOKUP(O47, $A$4:$J$29, 9, 0) -> 0 | X47: =VLOOKUP(P47, $A$4:$J$29, 9, 0) -> 17 | Y47: =VLOOKUP(Q47, $A$4:$J$29, 9, 0) -> 6 | Z47: =VLOOKUP(R47, $A$4:$J$29, 9, 0) -> 11 | AA47: =VLOOKUP(S47, $A$4:$J$29, 9, 0) -> 16 | AC47: 1 | AD47: 1 | AE47: 1 | AF47: 1 | AG47: 1 | AH47: 1 | AI47: 3 | AK47: G2 | AL47: 0 | AM47: 4 | AN47: 4 | AO47: 2 | AP47: 2 | AQ47: 0 | AR47: 0 | AS47: 13
L48: 44 | M48: M3 | N48: GQ | O48: MY | P48: A | Q48: M6 | R48: Q | S48: M3 | U48: =VLOOKUP(M48, $A$4:$J$29, 9, 0) -> 16 | V48: =VLOOKUP(N48, $A$4:$J$29, 9, 0) -> 0 | W48: =VLOOKUP(O48, $A$4:$J$29, 9, 0) -> 2 | X48: =VLOOKUP(P48, $A$4:$J$29, 9, 0) -> 5 | Y48: =VLOOKUP(Q48, $A$4:$J$29, 9, 0) -> 6 | Z48: =VLOOKUP(R48, $A$4:$J$29, 9, 0) -> 15 | AA48: =VLOOKUP(S48, $A$4:$J$29, 9, 0) -> 16 | AC48: 1 | AD48: 1 | AE48: 1 | AF48: 1 | AG48: 1 | AH48: 1 | AI48: 1 | AK48: G3 | AL48: 0 | AM48: 5 | AN48: 5 | AO48: 2 | AP48: 2 | AQ48: 0 | AR48: 0 | AS48: 14
L49: 45 | M49: M6 | N49: G6 | O49: M2 | P49: TE | Q49: M4 | R49: Q | S49: M6 | U49: =VLOOKUP(M49, $A$4:$J$29, 9, 0) -> 6 | V49: =VLOOKUP(N49, $A$4:$J$29, 9, 0) -> 0 | W49: =VLOOKUP(O49, $A$4:$J$29, 9, 0) -> 11 | X49: =VLOOKUP(P49, $A$4:$J$29, 9, 0) -> 12 | Y49: =VLOOKUP(Q49, $A$4:$J$29, 9, 0) -> 15 | Z49: =VLOOKUP(R49, $A$4:$J$29, 9, 0) -> 15 | AA49: =VLOOKUP(S49, $A$4:$J$29, 9, 0) -> 6 | AC49: 1 | AD49: 1 | AE49: 1 | AF49: 1 | AG49: 1 | AH49: 1 | AI49: 3 | AK49: G4 | AL49: 0 | AM49: 5 | AN49: 5 | AO49: 5 | AP49: 8 | AQ49: 0 | AR49: 0 | AS49: 15
B50: MY Weight | C50: Weight | L50: 46 | M50: A | N50: M6 | O50: M6 | P50: M4 | Q50: Q | R50: Q | S50: M5 | U50: =VLOOKUP(M50, $A$4:$J$29, 9, 0) -> 5 | V50: =VLOOKUP(N50, $A$4:$J$29, 9, 0) -> 6 | W50: =VLOOKUP(O50, $A$4:$J$29, 9, 0) -> 6 | X50: =VLOOKUP(P50, $A$4:$J$29, 9, 0) -> 15 | Y50: =VLOOKUP(Q50, $A$4:$J$29, 9, 0) -> 15 | Z50: =VLOOKUP(R50, $A$4:$J$29, 9, 0) -> 15 | AA50: =VLOOKUP(S50, $A$4:$J$29, 9, 0) -> 17 | AC50: 1 | AD50: 1 | AE50: 1 | AF50: 1 | AG50: 1 | AH50: 1 | AI50: 1 | AK50: G5 | AL50: 0 | AM50: 15 | AN50: 15 | AO50: 10 | AP50: 15 | AQ50: 0 | AR50: 0 | AS50: 16
B51: WW | C51: 0 | L51: 47 | M51: M5 | N51: A | O51: G5 | P51: M4 | Q51: M4 | R51: M5 | S51: M2 | U51: =VLOOKUP(M51, $A$4:$J$29, 9, 0) -> 17 | V51: =VLOOKUP(N51, $A$4:$J$29, 9, 0) -> 5 | W51: =VLOOKUP(O51, $A$4:$J$29, 9, 0) -> 0 | X51: =VLOOKUP(P51, $A$4:$J$29, 9, 0) -> 15 | Y51: =VLOOKUP(Q51, $A$4:$J$29, 9, 0) -> 15 | Z51: =VLOOKUP(R51, $A$4:$J$29, 9, 0) -> 17 | AA51: =VLOOKUP(S51, $A$4:$J$29, 9, 0) -> 11 | AC51: 1 | AD51: 1 | AE51: 1 | AF51: 1 | AG51: 1 | AH51: 1 | AI51: 1 | AK51: G6 | AL51: 0 | AM51: 10 | AN51: 15 | AO51: 15 | AP51: 10 | AQ51: 0 | AR51: 0 | AS51: 17
B52: C1 | C52: 0 | L52: 48 | M52: TE | N52: TE | O52: G6 | P52: TE | Q52: M3 | R52: Q | S52: TE | U52: =VLOOKUP(M52, $A$4:$J$29, 9, 0) -> 12 | V52: =VLOOKUP(N52, $A$4:$J$29, 9, 0) -> 12 | W52: =VLOOKUP(O52, $A$4:$J$29, 9, 0) -> 0 | X52: =VLOOKUP(P52, $A$4:$J$29, 9, 0) -> 12 | Y52: =VLOOKUP(Q52, $A$4:$J$29, 9, 0) -> 16 | Z52: =VLOOKUP(R52, $A$4:$J$29, 9, 0) -> 15 | AA52: =VLOOKUP(S52, $A$4:$J$29, 9, 0) -> 12 | AC52: 1 | AD52: 1 | AE52: 1 | AF52: 1 | AG52: 1 | AH52: 1 | AI52: 3 | AK52: GA | AL52: 0 | AM52: 12 | AN52: 12 | AO52: 4 | AP52: 6 | AQ52: 0 | AR52: 0 | AS52: 17
B53: M1 | C53: 2 | L53: 49 | M53: M3 | N53: TE | O53: M6 | P53: A | Q53: M3 | R53: Q | S53: TE | U53: =VLOOKUP(M53, $A$4:$J$29, 9, 0) -> 16 | V53: =VLOOKUP(N53, $A$4:$J$29, 9, 0) -> 12 | W53: =VLOOKUP(O53, $A$4:$J$29, 9, 0) -> 6 | X53: =VLOOKUP(P53, $A$4:$J$29, 9, 0) -> 5 | Y53: =VLOOKUP(Q53, $A$4:$J$29, 9, 0) -> 16 | Z53: =VLOOKUP(R53, $A$4:$J$29, 9, 0) -> 15 | AA53: =VLOOKUP(S53, $A$4:$J$29, 9, 0) -> 12 | AC53: 1 | AD53: 1 | AE53: 1 | AF53: 1 | AG53: 1 | AH53: 1 | AI53: 1 | AK53: GK | AL53: 0 | AM53: 8 | AN53: 12 | AO53: 4 | AP53: 4 | AQ53: 0 | AR53: 0 | AS53: 18
B54: M2 | C54: 3 | L54: 50 | M54: M3 | N54: Q | O54: J | P54: M5 | Q54: GT | R54: M5 | S54: TE | U54: =VLOOKUP(M54, $A$4:$J$29, 9, 0) -> 16 | V54: =VLOOKUP(N54, $A$4:$J$29, 9, 0) -> 15 | W54: =VLOOKUP(O54, $A$4:$J$29, 9, 0) -> 5 | X54: =VLOOKUP(P54, $A$4:$J$29, 9, 0) -> 17 | Y54: =VLOOKUP(Q54, $A$4:$J$29, 9, 0) -> 0 | Z54: =VLOOKUP(R54, $A$4:$J$29, 9, 0) -> 17 | AA54: =VLOOKUP(S54, $A$4:$J$29, 9, 0) -> 12 | AC54: 1 | AD54: 1 | AE54: 1 | AF54: 1 | AG54: 1 | AH54: 1 | AI54: 1 | AK54: GQ | AL54: 0 | AM54: 10 | AN54: 6 | AO54: 2 | AP54: 8 | AQ54: 0 | AR54: 0 | AS54: 19
B55: M3 | C55: 5 | L55: 51 | M55: M2 | N55: A | O55: M2 | P55: M2 | Q55: TE | R55: M5 | S55: M6 | U55: =VLOOKUP(M55, $A$4:$J$29, 9, 0) -> 11 | V55: =VLOOKUP(N55, $A$4:$J$29, 9, 0) -> 5 | W55: =VLOOKUP(O55, $A$4:$J$29, 9, 0) -> 11 | X55: =VLOOKUP(P55, $A$4:$J$29, 9, 0) -> 11 | Y55: =VLOOKUP(Q55, $A$4:$J$29, 9, 0) -> 12 | Z55: =VLOOKUP(R55, $A$4:$J$29, 9, 0) -> 17 | AA55: =VLOOKUP(S55, $A$4:$J$29, 9, 0) -> 6 | AC55: 1 | AD55: 1 | AE55: 1 | AF55: 1 | AG55: 1 | AH55: 1 | AI55: 3 | AK55: GJ | AL55: 0 | AM55: 5 | AN55: 6 | AO55: 2 | AP55: 4 | AQ55: 0 | AR55: 0 | AS55: 20
B56: M4 | C56: 8 | L56: 52 | M56: TE | N56: M4 | O56: Q | P56: GQ | Q56: TE | R56: Q | S56: M4 | U56: =VLOOKUP(M56, $A$4:$J$29, 9, 0) -> 12 | V56: =VLOOKUP(N56, $A$4:$J$29, 9, 0) -> 15 | W56: =VLOOKUP(O56, $A$4:$J$29, 9, 0) -> 15 | X56: =VLOOKUP(P56, $A$4:$J$29, 9, 0) -> 0 | Y56: =VLOOKUP(Q56, $A$4:$J$29, 9, 0) -> 12 | Z56: =VLOOKUP(R56, $A$4:$J$29, 9, 0) -> 15 | AA56: =VLOOKUP(S56, $A$4:$J$29, 9, 0) -> 15 | AC56: 1 | AD56: 1 | AE56: 1 | AF56: 1 | AG56: 1 | AH56: 1 | AI56: 1 | AK56: GT | AL56: 0 | AM56: 4 | AN56: 6 | AO56: 2 | AP56: 4 | AQ56: 0 | AR56: 0 | AS56: 21
B57: M5 | C57: 12 | L57: 53 | M57: J | N57: M4 | O57: GQ | P57: M5 | Q57: J | R57: M5 | S57: M4 | U57: =VLOOKUP(M57, $A$4:$J$29, 9, 0) -> 5 | V57: =VLOOKUP(N57, $A$4:$J$29, 9, 0) -> 15 | W57: =VLOOKUP(O57, $A$4:$J$29, 9, 0) -> 0 | X57: =VLOOKUP(P57, $A$4:$J$29, 9, 0) -> 17 | Y57: =VLOOKUP(Q57, $A$4:$J$29, 9, 0) -> 5 | Z57: =VLOOKUP(R57, $A$4:$J$29, 9, 0) -> 17 | AA57: =VLOOKUP(S57, $A$4:$J$29, 9, 0) -> 15 | AC57: 1 | AD57: 1 | AE57: 1 | AF57: 1 | AG57: 1 | AH57: 1 | AI57: 1 | AK57: MY | AL57: 0 | AM57: 10 | AN57: 10 | AO57: 10 | AP57: 10 | AQ57: 0 | AR57: 0 | AS57: 24
B58: M6 | C58: 10 | L58: 54 | M58: M3 | N58: GJ | O58: J | P58: M5 | Q58: M4 | R58: TE | S58: M4 | U58: =VLOOKUP(M58, $A$4:$J$29, 9, 0) -> 16 | V58: =VLOOKUP(N58, $A$4:$J$29, 9, 0) -> 0 | W58: =VLOOKUP(O58, $A$4:$J$29, 9, 0) -> 5 | X58: =VLOOKUP(P58, $A$4:$J$29, 9, 0) -> 17 | Y58: =VLOOKUP(Q58, $A$4:$J$29, 9, 0) -> 15 | Z58: =VLOOKUP(R58, $A$4:$J$29, 9, 0) -> 12 | AA58: =VLOOKUP(S58, $A$4:$J$29, 9, 0) -> 15 | AC58: 1 | AD58: 1 | AE58: 1 | AF58: 1 | AG58: 1 | AH58: 1 | AI58: 2 | AK58: GM | AL58: 0 | AM58: 1 | AN58: 1 | AO58: 1 | AP58: 1 | AQ58: 0 | AR58: 0 | AS58: 25
B59: A | C59: 10 | L59: 55 | M59: M3 | N59: GK | O59: J | P59: A | Q59: M4 | R59: TE | S59: A | U59: =VLOOKUP(M59, $A$4:$J$29, 9, 0) -> 16 | V59: =VLOOKUP(N59, $A$4:$J$29, 9, 0) -> 0 | W59: =VLOOKUP(O59, $A$4:$J$29, 9, 0) -> 5 | X59: =VLOOKUP(P59, $A$4:$J$29, 9, 0) -> 5 | Y59: =VLOOKUP(Q59, $A$4:$J$29, 9, 0) -> 15 | Z59: =VLOOKUP(R59, $A$4:$J$29, 9, 0) -> 12 | AA59: =VLOOKUP(S59, $A$4:$J$29, 9, 0) -> 5 | AC59: 1 | AD59: 1 | AE59: 1 | AF59: 1 | AG59: 1 | AH59: 1 | AI59: 1
B60: K | C60: 10 | L60: 56 | M60: Q | N60: K | O60: J | P60: A | Q60: J | R60: TE | S60: M5 | U60: =VLOOKUP(M60, $A$4:$J$29, 9, 0) -> 15 | V60: =VLOOKUP(N60, $A$4:$J$29, 9, 0) -> 13 | W60: =VLOOKUP(O60, $A$4:$J$29, 9, 0) -> 5 | X60: =VLOOKUP(P60, $A$4:$J$29, 9, 0) -> 5 | Y60: =VLOOKUP(Q60, $A$4:$J$29, 9, 0) -> 5 | Z60: =VLOOKUP(R60, $A$4:$J$29, 9, 0) -> 12 | AA60: =VLOOKUP(S60, $A$4:$J$29, 9, 0) -> 17 | AC60: 1 | AD60: 1 | AE60: 1 | AF60: 1 | AG60: 1 | AH60: 1 | AI60: 1 | AK60: Drop Weights Weight (3 Combo)
B61: Q | C61: 10 | L61: 57 | M61: TE | N61: K | O61: M6 | P61: A | Q61: M4 | R61: A | S61: M5 | U61: =VLOOKUP(M61, $A$4:$J$29, 9, 0) -> 12 | V61: =VLOOKUP(N61, $A$4:$J$29, 9, 0) -> 13 | W61: =VLOOKUP(O61, $A$4:$J$29, 9, 0) -> 6 | X61: =VLOOKUP(P61, $A$4:$J$29, 9, 0) -> 5 | Y61: =VLOOKUP(Q61, $A$4:$J$29, 9, 0) -> 15 | Z61: =VLOOKUP(R61, $A$4:$J$29, 9, 0) -> 5 | AA61: =VLOOKUP(S61, $A$4:$J$29, 9, 0) -> 17 | AC61: 1 | AD61: 1 | AE61: 1 | AF61: 1 | AG61: 1 | AH61: 1 | AI61: 1 | AK61: Symbol | AL61: R1 | AM61: R2 | AN61: R3 | AO61: R4 | AP61: R5 | AQ61: R6 | AR61: R7 | AS61: ID
B62: J | C62: 10 | L62: 58 | M62: M6 | N62: M5 | O62: M6 | P62: M6 | Q62: J | R62: M5 | S62: J | U62: =VLOOKUP(M62, $A$4:$J$29, 9, 0) -> 6 | V62: =VLOOKUP(N62, $A$4:$J$29, 9, 0) -> 17 | W62: =VLOOKUP(O62, $A$4:$J$29, 9, 0) -> 6 | X62: =VLOOKUP(P62, $A$4:$J$29, 9, 0) -> 6 | Y62: =VLOOKUP(Q62, $A$4:$J$29, 9, 0) -> 5 | Z62: =VLOOKUP(R62, $A$4:$J$29, 9, 0) -> 17 | AA62: =VLOOKUP(S62, $A$4:$J$29, 9, 0) -> 5 | AC62: 1 | AD62: 1 | AE62: 1 | AF62: 1 | AG62: 1 | AH62: 1 | AI62: 1 | AK62: WW | AL62: 0 | AM62: 0 | AN62: 0 | AO62: 0 | AP62: 0 | AQ62: 0 | AR62: 0 | AS62: 0
B63: TE | C63: 10 | L63: 59 | M63: M6 | N63: GT | O63: K | P63: M6 | Q63: TE | R63: M5 | S63: Q | U63: =VLOOKUP(M63, $A$4:$J$29, 9, 0) -> 6 | V63: =VLOOKUP(N63, $A$4:$J$29, 9, 0) -> 0 | W63: =VLOOKUP(O63, $A$4:$J$29, 9, 0) -> 13 | X63: =VLOOKUP(P63, $A$4:$J$29, 9, 0) -> 6 | Y63: =VLOOKUP(Q63, $A$4:$J$29, 9, 0) -> 12 | Z63: =VLOOKUP(R63, $A$4:$J$29, 9, 0) -> 17 | AA63: =VLOOKUP(S63, $A$4:$J$29, 9, 0) -> 15 | AC63: 1 | AD63: 1 | AE63: 1 | AF63: 1 | AG63: 1 | AH63: 1 | AI63: 3 | AK63: C1 | AL63: 0 | AM63: 0 | AN63: 0 | AO63: 0 | AP63: 0 | AQ63: 0 | AR63: 0 | AS63: 1
L64: 60 | M64: J | N64: TE | O64: M5 | P64: A | Q64: TE | R64: A | S64: Q | U64: =VLOOKUP(M64, $A$4:$J$29, 9, 0) -> 5 | V64: =VLOOKUP(N64, $A$4:$J$29, 9, 0) -> 12 | W64: =VLOOKUP(O64, $A$4:$J$29, 9, 0) -> 17 | X64: =VLOOKUP(P64, $A$4:$J$29, 9, 0) -> 5 | Y64: =VLOOKUP(Q64, $A$4:$J$29, 9, 0) -> 12 | Z64: =VLOOKUP(R64, $A$4:$J$29, 9, 0) -> 5 | AA64: =VLOOKUP(S64, $A$4:$J$29, 9, 0) -> 15 | AC64: 1 | AD64: 1 | AE64: 1 | AF64: 1 | AG64: 1 | AH64: 1 | AI64: 1 | AK64: M1 | AL64: 6 | AM64: 6 | AN64: 6 | AO64: 6 | AP64: 6 | AQ64: 6 | AR64: 4 | AS64: 2
L65: 61 | M65: A | N65: TE | O65: M5 | P65: Q | Q65: M6 | R65: A | S65: Q | U65: =VLOOKUP(M65, $A$4:$J$29, 9, 0) -> 5 | V65: =VLOOKUP(N65, $A$4:$J$29, 9, 0) -> 12 | W65: =VLOOKUP(O65, $A$4:$J$29, 9, 0) -> 17 | X65: =VLOOKUP(P65, $A$4:$J$29, 9, 0) -> 15 | Y65: =VLOOKUP(Q65, $A$4:$J$29, 9, 0) -> 6 | Z65: =VLOOKUP(R65, $A$4:$J$29, 9, 0) -> 5 | AA65: =VLOOKUP(S65, $A$4:$J$29, 9, 0) -> 15 | AC65: 1 | AD65: 1 | AE65: 1 | AF65: 1 | AG65: 1 | AH65: 1 | AI65: 1 | AK65: M2 | AL65: 10 | AM65: 13 | AN65: 10 | AO65: 5 | AP65: 20 | AQ65: 5 | AR65: 10 | AS65: 3
B66: Post Scatter | C66: Weight | L66: 62 | M66: A | N66: K | O66: TE | P66: TE | Q66: M6 | R66: Q | S66: J | U66: =VLOOKUP(M66, $A$4:$J$29, 9, 0) -> 5 | V66: =VLOOKUP(N66, $A$4:$J$29, 9, 0) -> 13 | W66: =VLOOKUP(O66, $A$4:$J$29, 9, 0) -> 12 | X66: =VLOOKUP(P66, $A$4:$J$29, 9, 0) -> 12 | Y66: =VLOOKUP(Q66, $A$4:$J$29, 9, 0) -> 6 | Z66: =VLOOKUP(R66, $A$4:$J$29, 9, 0) -> 15 | AA66: =VLOOKUP(S66, $A$4:$J$29, 9, 0) -> 5 | AC66: 1 | AD66: 1 | AE66: 1 | AF66: 1 | AG66: 1 | AH66: 1 | AI66: 1 | AK66: M3 | AL66: 12 | AM66: 10 | AN66: 15 | AO66: 5 | AP66: 18 | AQ66: 20 | AR66: 10 | AS66: 4
B67: 0 | C67: 1000 | L67: 63 | M67: MY | N67: MY | O67: MY | P67: MY | Q67: MY | R67: MY | S67: MY | U67: =VLOOKUP(M67, $A$4:$J$29, 9, 0) -> 2 | V67: =VLOOKUP(N67, $A$4:$J$29, 9, 0) -> 2 | W67: =VLOOKUP(O67, $A$4:$J$29, 9, 0) -> 2 | X67: =VLOOKUP(P67, $A$4:$J$29, 9, 0) -> 2 | Y67: =VLOOKUP(Q67, $A$4:$J$29, 9, 0) -> 2 | Z67: =VLOOKUP(R67, $A$4:$J$29, 9, 0) -> 2 | AA67: =VLOOKUP(S67, $A$4:$J$29, 9, 0) -> 2 | AC67: 1 | AD67: 1 | AE67: 1 | AF67: 1 | AG67: 1 | AH67: 1 | AI67: 1 | AK67: M4 | AL67: 10 | AM67: 20 | AN67: 20 | AO67: 20 | AP67: 10 | AQ67: 20 | AR67: 10 | AS67: 5
B68: 1 | C68: 50 | L68: 64 | M68: MY | N68: MY | O68: MY | P68: MY | Q68: MY | R68: MY | S68: MY | U68: =VLOOKUP(M68, $A$4:$J$29, 9, 0) -> 2 | V68: =VLOOKUP(N68, $A$4:$J$29, 9, 0) -> 2 | W68: =VLOOKUP(O68, $A$4:$J$29, 9, 0) -> 2 | X68: =VLOOKUP(P68, $A$4:$J$29, 9, 0) -> 2 | Y68: =VLOOKUP(Q68, $A$4:$J$29, 9, 0) -> 2 | Z68: =VLOOKUP(R68, $A$4:$J$29, 9, 0) -> 2 | AA68: =VLOOKUP(S68, $A$4:$J$29, 9, 0) -> 2 | AC68: 1 | AD68: 1 | AE68: 1 | AF68: 1 | AG68: 1 | AH68: 1 | AI68: 3 | AK68: M5 | AL68: 50 | AM68: 50 | AN68: 50 | AO68: 50 | AP68: 50 | AQ68: 50 | AR68: 10 | AS68: 6
B69: 2 | C69: 20 | L69: 65 | M69: M6 | N69: M5 | O69: Q | P69: M5 | Q69: A | R69: M5 | S69: Q | U69: =VLOOKUP(M69, $A$4:$J$29, 9, 0) -> 6 | V69: =VLOOKUP(N69, $A$4:$J$29, 9, 0) -> 17 | W69: =VLOOKUP(O69, $A$4:$J$29, 9, 0) -> 15 | X69: =VLOOKUP(P69, $A$4:$J$29, 9, 0) -> 17 | Y69: =VLOOKUP(Q69, $A$4:$J$29, 9, 0) -> 5 | Z69: =VLOOKUP(R69, $A$4:$J$29, 9, 0) -> 17 | AA69: =VLOOKUP(S69, $A$4:$J$29, 9, 0) -> 15 | AC69: 1 | AD69: 1 | AE69: 1 | AF69: 1 | AG69: 1 | AH69: 1 | AI69: 1 | AK69: M6 | AL69: 50 | AM69: 50 | AN69: 50 | AO69: 50 | AP69: 50 | AQ69: 50 | AR69: 10 | AS69: 7
B70: 3 | C70: 10 | L70: 66 | M70: A | N70: Q | O70: J | P70: M5 | Q70: K | R70: A | S70: Q | U70: =VLOOKUP(M70, $A$4:$J$29, 9, 0) -> 5 | V70: =VLOOKUP(N70, $A$4:$J$29, 9, 0) -> 15 | W70: =VLOOKUP(O70, $A$4:$J$29, 9, 0) -> 5 | X70: =VLOOKUP(P70, $A$4:$J$29, 9, 0) -> 17 | Y70: =VLOOKUP(Q70, $A$4:$J$29, 9, 0) -> 13 | Z70: =VLOOKUP(R70, $A$4:$J$29, 9, 0) -> 5 | AA70: =VLOOKUP(S70, $A$4:$J$29, 9, 0) -> 15 | AC70: 1 | AD70: 1 | AE70: 1 | AF70: 1 | AG70: 1 | AH70: 1 | AI70: 1 | AK70: A | AL70: 10 | AM70: 10 | AN70: 40 | AO70: 1 | AP70: 40 | AQ70: 1 | AR70: 10 | AS70: 8
B71: 4 | C71: 1 | L71: 67 | M71: K | N71: GM | O71: GM | P71: GM | Q71: GM | R71: A | S71: M4 | U71: =VLOOKUP(M71, $A$4:$J$29, 9, 0) -> 13 | V71: =VLOOKUP(N71, $A$4:$J$29, 9, 0) -> 0 | W71: =VLOOKUP(O71, $A$4:$J$29, 9, 0) -> 0 | X71: =VLOOKUP(P71, $A$4:$J$29, 9, 0) -> 0 | Y71: =VLOOKUP(Q71, $A$4:$J$29, 9, 0) -> 0 | Z71: =VLOOKUP(R71, $A$4:$J$29, 9, 0) -> 5 | AA71: =VLOOKUP(S71, $A$4:$J$29, 9, 0) -> 15 | AC71: 1 | AD71: 1 | AE71: 1 | AF71: 1 | AG71: 1 | AH71: 1 | AI71: 1 | AK71: K | AL71: 40 | AM71: 8 | AN71: 25 | AO71: 10 | AP71: 1 | AQ71: 40 | AR71: 10 | AS71: 9
B72: 5 | C72: 0 | L72: 68 | M72: K | N72: TE | O72: A | P72: J | Q72: M3 | R72: M5 | S72: M4 | U72: =VLOOKUP(M72, $A$4:$J$29, 9, 0) -> 13 | V72: =VLOOKUP(N72, $A$4:$J$29, 9, 0) -> 12 | W72: =VLOOKUP(O72, $A$4:$J$29, 9, 0) -> 5 | X72: =VLOOKUP(P72, $A$4:$J$29, 9, 0) -> 5 | Y72: =VLOOKUP(Q72, $A$4:$J$29, 9, 0) -> 16 | Z72: =VLOOKUP(R72, $A$4:$J$29, 9, 0) -> 17 | AA72: =VLOOKUP(S72, $A$4:$J$29, 9, 0) -> 15 | AC72: 1 | AD72: 1 | AE72: 1 | AF72: 1 | AG72: 1 | AH72: 1 | AI72: 1 | AK72: Q | AL72: 10 | AM72: 30 | AN72: 30 | AO72: 10 | AP72: 40 | AQ72: 1 | AR72: 10 | AS72: 10
B73: 6 | C73: 0 | L73: 69 | M73: TE | N73: M5 | O73: A | P73: A | Q73: J | R73: A | S73: M4 | U73: =VLOOKUP(M73, $A$4:$J$29, 9, 0) -> 12 | V73: =VLOOKUP(N73, $A$4:$J$29, 9, 0) -> 17 | W73: =VLOOKUP(O73, $A$4:$J$29, 9, 0) -> 5 | X73: =VLOOKUP(P73, $A$4:$J$29, 9, 0) -> 5 | Y73: =VLOOKUP(Q73, $A$4:$J$29, 9, 0) -> 5 | Z73: =VLOOKUP(R73, $A$4:$J$29, 9, 0) -> 5 | AA73: =VLOOKUP(S73, $A$4:$J$29, 9, 0) -> 15 | AC73: 1 | AD73: 1 | AE73: 1 | AF73: 1 | AG73: 1 | AH73: 1 | AI73: 1 | AK73: J | AL73: 40 | AM73: 30 | AN73: 30 | AO73: 1 | AP73: 1 | AQ73: 1 | AR73: 10 | AS73: 11
B74: 7 | C74: 0 | L74: 70 | M74: M1 | N74: G5 | O74: M4 | P74: M5 | Q74: M4 | R74: A | S74: M5 | U74: =VLOOKUP(M74, $A$4:$J$29, 9, 0) -> 4 | V74: =VLOOKUP(N74, $A$4:$J$29, 9, 0) -> 0 | W74: =VLOOKUP(O74, $A$4:$J$29, 9, 0) -> 15 | X74: =VLOOKUP(P74, $A$4:$J$29, 9, 0) -> 17 | Y74: =VLOOKUP(Q74, $A$4:$J$29, 9, 0) -> 15 | Z74: =VLOOKUP(R74, $A$4:$J$29, 9, 0) -> 5 | AA74: =VLOOKUP(S74, $A$4:$J$29, 9, 0) -> 17 | AC74: 1 | AD74: 1 | AE74: 1 | AF74: 1 | AG74: 1 | AH74: 1 | AI74: 3 | AK74: TE | AL74: 5 | AM74: 40 | AN74: 20 | AO74: 1 | AP74: 1 | AQ74: 1 | AR74: 10 | AS74: 12
L75: 71 | M75: M4 | N75: Q | O75: M6 | P75: M2 | Q75: J | R75: M2 | S75: M5 | U75: =VLOOKUP(M75, $A$4:$J$29, 9, 0) -> 15 | V75: =VLOOKUP(N75, $A$4:$J$29, 9, 0) -> 15 | W75: =VLOOKUP(O75, $A$4:$J$29, 9, 0) -> 6 | X75: =VLOOKUP(P75, $A$4:$J$29, 9, 0) -> 11 | Y75: =VLOOKUP(Q75, $A$4:$J$29, 9, 0) -> 5 | Z75: =VLOOKUP(R75, $A$4:$J$29, 9, 0) -> 11 | AA75: =VLOOKUP(S75, $A$4:$J$29, 9, 0) -> 17 | AC75: 1 | AD75: 1 | AE75: 1 | AF75: 1 | AG75: 1 | AH75: 1 | AI75: 1 | AK75: G1 | AL75: 0 | AM75: 1 | AN75: 1 | AO75: 1 | AP75: 1 | AQ75: 0 | AR75: 0 | AS75: 13
L76: 72 | M76: J | N76: M4 | O76: M6 | P76: M4 | Q76: J | R76: M3 | S76: M5 | U76: =VLOOKUP(M76, $A$4:$J$29, 9, 0) -> 5 | V76: =VLOOKUP(N76, $A$4:$J$29, 9, 0) -> 15 | W76: =VLOOKUP(O76, $A$4:$J$29, 9, 0) -> 6 | X76: =VLOOKUP(P76, $A$4:$J$29, 9, 0) -> 15 | Y76: =VLOOKUP(Q76, $A$4:$J$29, 9, 0) -> 5 | Z76: =VLOOKUP(R76, $A$4:$J$29, 9, 0) -> 16 | AA76: =VLOOKUP(S76, $A$4:$J$29, 9, 0) -> 17 | AC76: 1 | AD76: 1 | AE76: 1 | AF76: 1 | AG76: 1 | AH76: 1 | AI76: 1 | AK76: G2 | AL76: 0 | AM76: 4 | AN76: 4 | AO76: 2 | AP76: 2 | AQ76: 0 | AR76: 0 | AS76: 14
L77: 73 | M77: J | N77: M6 | O77: M6 | P77: M1 | Q77: GK | R77: A | S77: K | U77: =VLOOKUP(M77, $A$4:$J$29, 9, 0) -> 5 | V77: =VLOOKUP(N77, $A$4:$J$29, 9, 0) -> 6 | W77: =VLOOKUP(O77, $A$4:$J$29, 9, 0) -> 6 | X77: =VLOOKUP(P77, $A$4:$J$29, 9, 0) -> 4 | Y77: =VLOOKUP(Q77, $A$4:$J$29, 9, 0) -> 0 | Z77: =VLOOKUP(R77, $A$4:$J$29, 9, 0) -> 5 | AA77: =VLOOKUP(S77, $A$4:$J$29, 9, 0) -> 13 | AC77: 1 | AD77: 1 | AE77: 1 | AF77: 1 | AG77: 1 | AH77: 1 | AI77: 2 | AK77: G3 | AL77: 0 | AM77: 5 | AN77: 5 | AO77: 2 | AP77: 2 | AQ77: 0 | AR77: 0 | AS77: 15
L78: 74 | M78: M5 | N78: A | O78: J | P78: M5 | Q78: K | R78: A | S78: M3 | U78: =VLOOKUP(M78, $A$4:$J$29, 9, 0) -> 17 | V78: =VLOOKUP(N78, $A$4:$J$29, 9, 0) -> 5 | W78: =VLOOKUP(O78, $A$4:$J$29, 9, 0) -> 5 | X78: =VLOOKUP(P78, $A$4:$J$29, 9, 0) -> 17 | Y78: =VLOOKUP(Q78, $A$4:$J$29, 9, 0) -> 13 | Z78: =VLOOKUP(R78, $A$4:$J$29, 9, 0) -> 5 | AA78: =VLOOKUP(S78, $A$4:$J$29, 9, 0) -> 16 | AC78: 1 | AD78: 1 | AE78: 1 | AF78: 1 | AG78: 1 | AH78: 1 | AI78: 1 | AK78: G4 | AL78: 0 | AM78: 5 | AN78: 5 | AO78: 5 | AP78: 8 | AQ78: 0 | AR78: 0 | AS78: 16
L79: 75 | M79: A | N79: TE | O79: M5 | P79: M6 | Q79: K | R79: M5 | S79: Q | U79: =VLOOKUP(M79, $A$4:$J$29, 9, 0) -> 5 | V79: =VLOOKUP(N79, $A$4:$J$29, 9, 0) -> 12 | W79: =VLOOKUP(O79, $A$4:$J$29, 9, 0) -> 17 | X79: =VLOOKUP(P79, $A$4:$J$29, 9, 0) -> 6 | Y79: =VLOOKUP(Q79, $A$4:$J$29, 9, 0) -> 13 | Z79: =VLOOKUP(R79, $A$4:$J$29, 9, 0) -> 17 | AA79: =VLOOKUP(S79, $A$4:$J$29, 9, 0) -> 15 | AC79: 1 | AD79: 1 | AE79: 1 | AF79: 1 | AG79: 1 | AH79: 1 | AI79: 1 | AK79: G5 | AL79: 0 | AM79: 8 | AN79: 8 | AO79: 5 | AP79: 8 | AQ79: 0 | AR79: 0 | AS79: 17
L80: 76 | M80: M6 | N80: TE | O80: M3 | P80: GK | Q80: TE | R80: Q | S80: Q | U80: =VLOOKUP(M80, $A$4:$J$29, 9, 0) -> 6 | V80: =VLOOKUP(N80, $A$4:$J$29, 9, 0) -> 12 | W80: =VLOOKUP(O80, $A$4:$J$29, 9, 0) -> 16 | X80: =VLOOKUP(P80, $A$4:$J$29, 9, 0) -> 0 | Y80: =VLOOKUP(Q80, $A$4:$J$29, 9, 0) -> 12 | Z80: =VLOOKUP(R80, $A$4:$J$29, 9, 0) -> 15 | AA80: =VLOOKUP(S80, $A$4:$J$29, 9, 0) -> 15 | AC80: 1 | AD80: 1 | AE80: 1 | AF80: 1 | AG80: 1 | AH80: 1 | AI80: 1 | AK80: G6 | AL80: 0 | AM80: 5 | AN80: 12 | AO80: 12 | AP80: 5 | AQ80: 0 | AR80: 0 | AS80: 18
L81: 77 | M81: M5 | N81: G6 | O81: M3 | P81: K | Q81: TE | R81: Q | S81: M4 | U81: =VLOOKUP(M81, $A$4:$J$29, 9, 0) -> 17 | V81: =VLOOKUP(N81, $A$4:$J$29, 9, 0) -> 0 | W81: =VLOOKUP(O81, $A$4:$J$29, 9, 0) -> 16 | X81: =VLOOKUP(P81, $A$4:$J$29, 9, 0) -> 13 | Y81: =VLOOKUP(Q81, $A$4:$J$29, 9, 0) -> 12 | Z81: =VLOOKUP(R81, $A$4:$J$29, 9, 0) -> 15 | AA81: =VLOOKUP(S81, $A$4:$J$29, 9, 0) -> 15 | AC81: 1 | AD81: 1 | AE81: 1 | AF81: 1 | AG81: 1 | AH81: 1 | AI81: 3 | AK81: GA | AL81: 0 | AM81: 6 | AN81: 6 | AO81: 4 | AP81: 6 | AQ81: 0 | AR81: 0 | AS81: 19
L82: 78 | M82: M4 | N82: M5 | O82: K | P82: M5 | Q82: M4 | R82: A | S82: Q | U82: =VLOOKUP(M82, $A$4:$J$29, 9, 0) -> 15 | V82: =VLOOKUP(N82, $A$4:$J$29, 9, 0) -> 17 | W82: =VLOOKUP(O82, $A$4:$J$29, 9, 0) -> 13 | X82: =VLOOKUP(P82, $A$4:$J$29, 9, 0) -> 17 | Y82: =VLOOKUP(Q82, $A$4:$J$29, 9, 0) -> 15 | Z82: =VLOOKUP(R82, $A$4:$J$29, 9, 0) -> 5 | AA82: =VLOOKUP(S82, $A$4:$J$29, 9, 0) -> 15 | AC82: 1 | AD82: 1 | AE82: 1 | AF82: 1 | AG82: 1 | AH82: 1 | AI82: 1 | AK82: GK | AL82: 0 | AM82: 8 | AN82: 6 | AO82: 4 | AP82: 4 | AQ82: 0 | AR82: 0 | AS82: 20
L83: 79 | M83: K | N83: M5 | O83: Q | P83: GQ | Q83: G4 | R83: A | S83: Q | U83: =VLOOKUP(M83, $A$4:$J$29, 9, 0) -> 13 | V83: =VLOOKUP(N83, $A$4:$J$29, 9, 0) -> 17 | W83: =VLOOKUP(O83, $A$4:$J$29, 9, 0) -> 15 | X83: =VLOOKUP(P83, $A$4:$J$29, 9, 0) -> 0 | Y83: =VLOOKUP(Q83, $A$4:$J$29, 9, 0) -> 0 | Z83: =VLOOKUP(R83, $A$4:$J$29, 9, 0) -> 5 | AA83: =VLOOKUP(S83, $A$4:$J$29, 9, 0) -> 15 | AC83: 1 | AD83: 1 | AE83: 1 | AF83: 1 | AG83: 1 | AH83: 1 | AI83: 1 | AK83: GQ | AL83: 0 | AM83: 10 | AN83: 6 | AO83: 2 | AP83: 8 | AQ83: 0 | AR83: 0 | AS83: 21
L84: 80 | M84: K | N84: G5 | O84: GK | P84: Q | Q84: K | R84: K | S84: Q | U84: =VLOOKUP(M84, $A$4:$J$29, 9, 0) -> 13 | V84: =VLOOKUP(N84, $A$4:$J$29, 9, 0) -> 0 | W84: =VLOOKUP(O84, $A$4:$J$29, 9, 0) -> 0 | X84: =VLOOKUP(P84, $A$4:$J$29, 9, 0) -> 15 | Y84: =VLOOKUP(Q84, $A$4:$J$29, 9, 0) -> 13 | Z84: =VLOOKUP(R84, $A$4:$J$29, 9, 0) -> 13 | AA84: =VLOOKUP(S84, $A$4:$J$29, 9, 0) -> 15 | AC84: 1 | AD84: 1 | AE84: 1 | AF84: 1 | AG84: 1 | AH84: 1 | AI84: 3 | AK84: GJ | AL84: 0 | AM84: 5 | AN84: 6 | AO84: 2 | AP84: 4 | AQ84: 0 | AR84: 0 | AS84: 22
L85: 81 | M85: TE | N85: A | O85: J | P85: Q | Q85: K | R85: M2 | S85: M2 | U85: =VLOOKUP(M85, $A$4:$J$29, 9, 0) -> 12 | V85: =VLOOKUP(N85, $A$4:$J$29, 9, 0) -> 5 | W85: =VLOOKUP(O85, $A$4:$J$29, 9, 0) -> 5 | X85: =VLOOKUP(P85, $A$4:$J$29, 9, 0) -> 15 | Y85: =VLOOKUP(Q85, $A$4:$J$29, 9, 0) -> 13 | Z85: =VLOOKUP(R85, $A$4:$J$29, 9, 0) -> 11 | AA85: =VLOOKUP(S85, $A$4:$J$29, 9, 0) -> 11 | AC85: 1 | AD85: 1 | AE85: 1 | AF85: 1 | AG85: 1 | AH85: 1 | AI85: 1 | AK85: GT | AL85: 0 | AM85: 4 | AN85: 6 | AO85: 2 | AP85: 4 | AQ85: 0 | AR85: 0 | AS85: 23
L86: 82 | M86: TE | N86: K | O86: M1 | P86: A | Q86: A | R86: M2 | S86: M4 | U86: =VLOOKUP(M86, $A$4:$J$29, 9, 0) -> 12 | V86: =VLOOKUP(N86, $A$4:$J$29, 9, 0) -> 13 | W86: =VLOOKUP(O86, $A$4:$J$29, 9, 0) -> 4 | X86: =VLOOKUP(P86, $A$4:$J$29, 9, 0) -> 5 | Y86: =VLOOKUP(Q86, $A$4:$J$29, 9, 0) -> 5 | Z86: =VLOOKUP(R86, $A$4:$J$29, 9, 0) -> 11 | AA86: =VLOOKUP(S86, $A$4:$J$29, 9, 0) -> 15 | AC86: 1 | AD86: 1 | AE86: 1 | AF86: 1 | AG86: 1 | AH86: 1 | AI86: 1 | AK86: MY | AL86: 0 | AM86: 5 | AN86: 5 | AO86: 5 | AP86: 5 | AQ86: 0 | AR86: 0 | AS86: 24
L87: 83 | M87: K | N87: M4 | O87: M1 | P87: Q | Q87: M6 | R87: M5 | S87: M2 | U87: =VLOOKUP(M87, $A$4:$J$29, 9, 0) -> 13 | V87: =VLOOKUP(N87, $A$4:$J$29, 9, 0) -> 15 | W87: =VLOOKUP(O87, $A$4:$J$29, 9, 0) -> 4 | X87: =VLOOKUP(P87, $A$4:$J$29, 9, 0) -> 15 | Y87: =VLOOKUP(Q87, $A$4:$J$29, 9, 0) -> 6 | Z87: =VLOOKUP(R87, $A$4:$J$29, 9, 0) -> 17 | AA87: =VLOOKUP(S87, $A$4:$J$29, 9, 0) -> 11 | AC87: 1 | AD87: 1 | AE87: 1 | AF87: 1 | AG87: 1 | AH87: 1 | AI87: 3 | AK87: GM | AL87: 0 | AM87: 1 | AN87: 1 | AO87: 1 | AP87: 1 | AQ87: 0 | AR87: 0 | AS87: 25
L88: 84 | M88: K | N88: GA | O88: M5 | P88: Q | Q88: M6 | R88: A | S88: M6 | U88: =VLOOKUP(M88, $A$4:$J$29, 9, 0) -> 13 | V88: =VLOOKUP(N88, $A$4:$J$29, 9, 0) -> 0 | W88: =VLOOKUP(O88, $A$4:$J$29, 9, 0) -> 17 | X88: =VLOOKUP(P88, $A$4:$J$29, 9, 0) -> 15 | Y88: =VLOOKUP(Q88, $A$4:$J$29, 9, 0) -> 6 | Z88: =VLOOKUP(R88, $A$4:$J$29, 9, 0) -> 5 | AA88: =VLOOKUP(S88, $A$4:$J$29, 9, 0) -> 6 | AC88: 1 | AD88: 1 | AE88: 1 | AF88: 1 | AG88: 1 | AH88: 1 | AI88: 1
L89: 85 | M89: M4 | N89: A | O89: K | P89: GA | Q89: J | R89: A | S89: M6 | U89: =VLOOKUP(M89, $A$4:$J$29, 9, 0) -> 15 | V89: =VLOOKUP(N89, $A$4:$J$29, 9, 0) -> 5 | W89: =VLOOKUP(O89, $A$4:$J$29, 9, 0) -> 13 | X89: =VLOOKUP(P89, $A$4:$J$29, 9, 0) -> 0 | Y89: =VLOOKUP(Q89, $A$4:$J$29, 9, 0) -> 5 | Z89: =VLOOKUP(R89, $A$4:$J$29, 9, 0) -> 5 | AA89: =VLOOKUP(S89, $A$4:$J$29, 9, 0) -> 6 | AC89: 1 | AD89: 1 | AE89: 1 | AF89: 1 | AG89: 1 | AH89: 1 | AI89: 1 | AK89: Drop Weights Weight (4 Combo)
L90: 86 | M90: A | N90: A | O90: TE | P90: A | Q90: J | R90: A | S90: M5 | U90: =VLOOKUP(M90, $A$4:$J$29, 9, 0) -> 5 | V90: =VLOOKUP(N90, $A$4:$J$29, 9, 0) -> 5 | W90: =VLOOKUP(O90, $A$4:$J$29, 9, 0) -> 12 | X90: =VLOOKUP(P90, $A$4:$J$29, 9, 0) -> 5 | Y90: =VLOOKUP(Q90, $A$4:$J$29, 9, 0) -> 5 | Z90: =VLOOKUP(R90, $A$4:$J$29, 9, 0) -> 5 | AA90: =VLOOKUP(S90, $A$4:$J$29, 9, 0) -> 17 | AC90: 1 | AD90: 1 | AE90: 1 | AF90: 1 | AG90: 1 | AH90: 1 | AI90: 1 | AK90: Symbol | AL90: R1 | AM90: R2 | AN90: R3 | AO90: R4 | AP90: R5 | AQ90: R6 | AR90: R7 | AS90: ID
L91: 87 | M91: A | N91: M5 | O91: J | P91: A | Q91: M4 | R91: TE | S91: K | U91: =VLOOKUP(M91, $A$4:$J$29, 9, 0) -> 5 | V91: =VLOOKUP(N91, $A$4:$J$29, 9, 0) -> 17 | W91: =VLOOKUP(O91, $A$4:$J$29, 9, 0) -> 5 | X91: =VLOOKUP(P91, $A$4:$J$29, 9, 0) -> 5 | Y91: =VLOOKUP(Q91, $A$4:$J$29, 9, 0) -> 15 | Z91: =VLOOKUP(R91, $A$4:$J$29, 9, 0) -> 12 | AA91: =VLOOKUP(S91, $A$4:$J$29, 9, 0) -> 13 | AC91: 1 | AD91: 1 | AE91: 1 | AF91: 1 | AG91: 1 | AH91: 1 | AI91: 3 | AK91: WW | AL91: 0 | AM91: 0 | AN91: 0 | AO91: 0 | AP91: 0 | AQ91: 0 | AR91: 0 | AS91: 0
L92: 88 | M92: M4 | N92: M5 | O92: A | P92: Q | Q92: M6 | R92: A | S92: M3 | U92: =VLOOKUP(M92, $A$4:$J$29, 9, 0) -> 15 | V92: =VLOOKUP(N92, $A$4:$J$29, 9, 0) -> 17 | W92: =VLOOKUP(O92, $A$4:$J$29, 9, 0) -> 5 | X92: =VLOOKUP(P92, $A$4:$J$29, 9, 0) -> 15 | Y92: =VLOOKUP(Q92, $A$4:$J$29, 9, 0) -> 6 | Z92: =VLOOKUP(R92, $A$4:$J$29, 9, 0) -> 5 | AA92: =VLOOKUP(S92, $A$4:$J$29, 9, 0) -> 16 | AC92: 1 | AD92: 1 | AE92: 1 | AF92: 1 | AG92: 1 | AH92: 1 | AI92: 1 | AK92: C1 | AL92: 0 | AM92: 0 | AN92: 0 | AO92: 0 | AP92: 0 | AQ92: 0 | AR92: 0 | AS92: 1
L93: 89 | M93: M4 | N93: M6 | O93: A | P93: Q | Q93: J | R93: A | S93: M3 | U93: =VLOOKUP(M93, $A$4:$J$29, 9, 0) -> 15 | V93: =VLOOKUP(N93, $A$4:$J$29, 9, 0) -> 6 | W93: =VLOOKUP(O93, $A$4:$J$29, 9, 0) -> 5 | X93: =VLOOKUP(P93, $A$4:$J$29, 9, 0) -> 15 | Y93: =VLOOKUP(Q93, $A$4:$J$29, 9, 0) -> 5 | Z93: =VLOOKUP(R93, $A$4:$J$29, 9, 0) -> 5 | AA93: =VLOOKUP(S93, $A$4:$J$29, 9, 0) -> 16 | AC93: 1 | AD93: 1 | AE93: 1 | AF93: 1 | AG93: 1 | AH93: 1 | AI93: 1 | AK93: M1 | AL93: 4 | AM93: 4 | AN93: 4 | AO93: 4 | AP93: 4 | AQ93: 4 | AR93: 3 | AS93: 2
L94: 90 | M94: A | N94: K | O94: M4 | P94: TE | Q94: J | R94: A | S94: M5 | U94: =VLOOKUP(M94, $A$4:$J$29, 9, 0) -> 5 | V94: =VLOOKUP(N94, $A$4:$J$29, 9, 0) -> 13 | W94: =VLOOKUP(O94, $A$4:$J$29, 9, 0) -> 15 | X94: =VLOOKUP(P94, $A$4:$J$29, 9, 0) -> 12 | Y94: =VLOOKUP(Q94, $A$4:$J$29, 9, 0) -> 5 | Z94: =VLOOKUP(R94, $A$4:$J$29, 9, 0) -> 5 | AA94: =VLOOKUP(S94, $A$4:$J$29, 9, 0) -> 17 | AC94: 1 | AD94: 1 | AE94: 1 | AF94: 1 | AG94: 1 | AH94: 1 | AI94: 1 | AK94: M2 | AL94: 5 | AM94: 13 | AN94: 5 | AO94: 5 | AP94: 10 | AQ94: 5 | AR94: 10 | AS94: 3
L95: 91 | M95: M4 | N95: M5 | O95: M4 | P95: M2 | Q95: GJ | R95: J | S95: M6 | U95: =VLOOKUP(M95, $A$4:$J$29, 9, 0) -> 15 | V95: =VLOOKUP(N95, $A$4:$J$29, 9, 0) -> 17 | W95: =VLOOKUP(O95, $A$4:$J$29, 9, 0) -> 15 | X95: =VLOOKUP(P95, $A$4:$J$29, 9, 0) -> 11 | Y95: =VLOOKUP(Q95, $A$4:$J$29, 9, 0) -> 0 | Z95: =VLOOKUP(R95, $A$4:$J$29, 9, 0) -> 5 | AA95: =VLOOKUP(S95, $A$4:$J$29, 9, 0) -> 6 | AC95: 1 | AD95: 1 | AE95: 1 | AF95: 1 | AG95: 1 | AH95: 1 | AI95: 3 | AK95: M3 | AL95: 12 | AM95: 5 | AN95: 12 | AO95: 5 | AP95: 12 | AQ95: 10 | AR95: 10 | AS95: 4
L96: 92 | M96: J | N96: Q | O96: K | P96: M2 | Q96: TE | R96: J | S96: M6 | U96: =VLOOKUP(M96, $A$4:$J$29, 9, 0) -> 5 | V96: =VLOOKUP(N96, $A$4:$J$29, 9, 0) -> 15 | W96: =VLOOKUP(O96, $A$4:$J$29, 9, 0) -> 13 | X96: =VLOOKUP(P96, $A$4:$J$29, 9, 0) -> 11 | Y96: =VLOOKUP(Q96, $A$4:$J$29, 9, 0) -> 12 | Z96: =VLOOKUP(R96, $A$4:$J$29, 9, 0) -> 5 | AA96: =VLOOKUP(S96, $A$4:$J$29, 9, 0) -> 6 | AC96: 1 | AD96: 1 | AE96: 1 | AF96: 1 | AG96: 1 | AH96: 1 | AI96: 1 | AK96: M4 | AL96: 5 | AM96: 20 | AN96: 10 | AO96: 5 | AP96: 5 | AQ96: 10 | AR96: 10 | AS96: 5
L97: 93 | M97: TE | N97: Q | O97: M4 | P97: M2 | Q97: J | R97: M1 | S97: K | U97: =VLOOKUP(M97, $A$4:$J$29, 9, 0) -> 12 | V97: =VLOOKUP(N97, $A$4:$J$29, 9, 0) -> 15 | W97: =VLOOKUP(O97, $A$4:$J$29, 9, 0) -> 15 | X97: =VLOOKUP(P97, $A$4:$J$29, 9, 0) -> 11 | Y97: =VLOOKUP(Q97, $A$4:$J$29, 9, 0) -> 5 | Z97: =VLOOKUP(R97, $A$4:$J$29, 9, 0) -> 4 | AA97: =VLOOKUP(S97, $A$4:$J$29, 9, 0) -> 13 | AC97: 1 | AD97: 1 | AE97: 1 | AF97: 1 | AG97: 1 | AH97: 1 | AI97: 1 | AK97: M5 | AL97: 25 | AM97: 12 | AN97: 25 | AO97: 12 | AP97: 25 | AQ97: 20 | AR97: 10 | AS97: 6
L98: 94 | M98: M6 | N98: Q | O98: M4 | P98: TE | Q98: J | R98: M1 | S98: K | U98: =VLOOKUP(M98, $A$4:$J$29, 9, 0) -> 6 | V98: =VLOOKUP(N98, $A$4:$J$29, 9, 0) -> 15 | W98: =VLOOKUP(O98, $A$4:$J$29, 9, 0) -> 15 | X98: =VLOOKUP(P98, $A$4:$J$29, 9, 0) -> 12 | Y98: =VLOOKUP(Q98, $A$4:$J$29, 9, 0) -> 5 | Z98: =VLOOKUP(R98, $A$4:$J$29, 9, 0) -> 4 | AA98: =VLOOKUP(S98, $A$4:$J$29, 9, 0) -> 13 | AC98: 1 | AD98: 1 | AE98: 1 | AF98: 1 | AG98: 1 | AH98: 1 | AI98: 3 | AK98: M6 | AL98: 25 | AM98: 12 | AN98: 25 | AO98: 12 | AP98: 25 | AQ98: 20 | AR98: 10 | AS98: 7
L99: 95 | M99: TE | N99: M5 | O99: M4 | P99: TE | Q99: M6 | R99: K | S99: K | U99: =VLOOKUP(M99, $A$4:$J$29, 9, 0) -> 12 | V99: =VLOOKUP(N99, $A$4:$J$29, 9, 0) -> 17 | W99: =VLOOKUP(O99, $A$4:$J$29, 9, 0) -> 15 | X99: =VLOOKUP(P99, $A$4:$J$29, 9, 0) -> 12 | Y99: =VLOOKUP(Q99, $A$4:$J$29, 9, 0) -> 6 | Z99: =VLOOKUP(R99, $A$4:$J$29, 9, 0) -> 13 | AA99: =VLOOKUP(S99, $A$4:$J$29, 9, 0) -> 13 | AC99: 1 | AD99: 1 | AE99: 1 | AF99: 1 | AG99: 1 | AH99: 1 | AI99: 1 | AK99: A | AL99: 10 | AM99: 10 | AN99: 40 | AO99: 1 | AP99: 40 | AQ99: 1 | AR99: 10 | AS99: 8
L100: 96 | M100: K | N100: G5 | O100: A | P100: J | Q100: J | R100: K | S100: J | U100: =VLOOKUP(M100, $A$4:$J$29, 9, 0) -> 13 | V100: =VLOOKUP(N100, $A$4:$J$29, 9, 0) -> 0 | W100: =VLOOKUP(O100, $A$4:$J$29, 9, 0) -> 5 | X100: =VLOOKUP(P100, $A$4:$J$29, 9, 0) -> 5 | Y100: =VLOOKUP(Q100, $A$4:$J$29, 9, 0) -> 5 | Z100: =VLOOKUP(R100, $A$4:$J$29, 9, 0) -> 13 | AA100: =VLOOKUP(S100, $A$4:$J$29, 9, 0) -> 5 | AC100: 1 | AD100: 1 | AE100: 1 | AF100: 1 | AG100: 1 | AH100: 1 | AI100: 1 | AK100: K | AL100: 40 | AM100: 8 | AN100: 25 | AO100: 10 | AP100: 1 | AQ100: 40 | AR100: 10 | AS100: 9
L101: 97 | M101: J | N101: G6 | O101: A | P101: K | Q101: M5 | R101: TE | S101: J | U101: =VLOOKUP(M101, $A$4:$J$29, 9, 0) -> 5 | V101: =VLOOKUP(N101, $A$4:$J$29, 9, 0) -> 0 | W101: =VLOOKUP(O101, $A$4:$J$29, 9, 0) -> 5 | X101: =VLOOKUP(P101, $A$4:$J$29, 9, 0) -> 13 | Y101: =VLOOKUP(Q101, $A$4:$J$29, 9, 0) -> 17 | Z101: =VLOOKUP(R101, $A$4:$J$29, 9, 0) -> 12 | AA101: =VLOOKUP(S101, $A$4:$J$29, 9, 0) -> 5 | AC101: 1 | AD101: 1 | AE101: 1 | AF101: 1 | AG101: 1 | AH101: 1 | AI101: 1 | AK101: Q | AL101: 10 | AM101: 30 | AN101: 30 | AO101: 10 | AP101: 40 | AQ101: 1 | AR101: 10 | AS101: 10
L102: 98 | M102: J | N102: Q | O102: GA | P102: K | Q102: K | R102: TE | S102: J | U102: =VLOOKUP(M102, $A$4:$J$29, 9, 0) -> 5 | V102: =VLOOKUP(N102, $A$4:$J$29, 9, 0) -> 15 | W102: =VLOOKUP(O102, $A$4:$J$29, 9, 0) -> 0 | X102: =VLOOKUP(P102, $A$4:$J$29, 9, 0) -> 13 | Y102: =VLOOKUP(Q102, $A$4:$J$29, 9, 0) -> 13 | Z102: =VLOOKUP(R102, $A$4:$J$29, 9, 0) -> 12 | AA102: =VLOOKUP(S102, $A$4:$J$29, 9, 0) -> 5 | AC102: 1 | AD102: 1 | AE102: 1 | AF102: 1 | AG102: 1 | AH102: 1 | AI102: 3 | AK102: J | AL102: 30 | AM102: 30 | AN102: 30 | AO102: 1 | AP102: 1 | AQ102: 1 | AR102: 10 | AS102: 11
... L116: 112 | M116: J | N116: K | O116: J | P116: M6 | Q116: M5 | R116: J | S116: Q | U116: =VLOOKUP(M116, $A$4:$J$29, 9, 0) -> 5 | V116: =VLOOKUP(N116, $A$4:$J$29, 9, 0) -> 13 | W116: =VLOOKUP(O116, $A$4:$J$29, 9, 0) -> 5 | X116: =VLOOKUP(P116, $A$4:$J$29, 9, 0) -> 6 | Y116: =VLOOKUP(Q116, $A$4:$J$29, 9, 0) -> 17 | Z116: =VLOOKUP(R116, $A$4:$J$29, 9, 0) -> 5 | AA116: =VLOOKUP(S116, $A$4:$J$29, 9, 0) -> 15 | AC116: 1 | AD116: 1 | AE116: 1 | AF116: 1 | AG116: 1 | AH116: 1 | AI116: 1 | AK116: GM | AL116: 0 | AM116: 1 | AN116: 1 | AO116: 1 | AP116: 1 | AQ116: 0 | AR116: 0 | AS116: 25
L117: 113 | M117: M6 | N117: Q | O117: J | P117: A | Q117: J | R117: J | S117: Q | U117: =VLOOKUP(M117, $A$4:$J$29, 9, 0) -> 6 | V117: =VLOOKUP(N117, $A$4:$J$29, 9, 0) -> 15 | W117: =VLOOKUP(O117, $A$4:$J$29, 9, 0) -> 5 | X117: =VLOOKUP(P117, $A$4:$J$29, 9, 0) -> 5 | Y117: =VLOOKUP(Q117, $A$4:$J$29, 9, 0) -> 5 | Z117: =VLOOKUP(R117, $A$4:$J$29, 9, 0) -> 5 | AA117: =VLOOKUP(S117, $A$4:$J$29, 9, 0) -> 15 | AC117: 1 | AD117: 1 | AE117: 1 | AF117: 1 | AG117: 1 | AH117: 1 | AI117: 1
L118: 114 | M118: M3 | N118: M2 | O118: M3 | P118: TE | Q118: J | R118: Q | S118: M3 | U118: =VLOOKUP(M118, $A$4:$J$29, 9, 0) -> 16 | V118: =VLOOKUP(N118, $A$4:$J$29, 9, 0) -> 11 | W118: =VLOOKUP(O118, $A$4:$J$29, 9, 0) -> 16 | X118: =VLOOKUP(P118, $A$4:$J$29, 9, 0) -> 12 | Y118: =VLOOKUP(Q118, $A$4:$J$29, 9, 0) -> 5 | Z118: =VLOOKUP(R118, $A$4:$J$29, 9, 0) -> 15 | AA118: =VLOOKUP(S118, $A$4:$J$29, 9, 0) -> 16 | AC118: 1 | AD118: 1 | AE118: 1 | AF118: 1 | AG118: 1 | AH118: 1 | AI118: 1 | AK118: Drop Weights Weight (5+ Combo)
L119: 115 | M119: J | N119: M2 | O119: M3 | P119: TE | Q119: M4 | R119: Q | S119: M3 | U119: =VLOOKUP(M119, $A$4:$J$29, 9, 0) -> 5 | V119: =VLOOKUP(N119, $A$4:$J$29, 9, 0) -> 11 | W119: =VLOOKUP(O119, $A$4:$J$29, 9, 0) -> 16 | X119: =VLOOKUP(P119, $A$4:$J$29, 9, 0) -> 12 | Y119: =VLOOKUP(Q119, $A$4:$J$29, 9, 0) -> 15 | Z119: =VLOOKUP(R119, $A$4:$J$29, 9, 0) -> 15 | AA119: =VLOOKUP(S119, $A$4:$J$29, 9, 0) -> 16 | AC119: 1 | AD119: 1 | AE119: 1 | AF119: 1 | AG119: 1 | AH119: 1 | AI119: 3 | AK119: Symbol | AL119: R1 | AM119: R2 | AN119: R3 | AO119: R4 | AP119: R5 | AQ119: R6 | AR119: R7 | AS119: ID
L120: 116 | M120: M5 | N120: M2 | O120: Q | P120: TE | Q120: M4 | R120: TE | S120: M3 | U120: =VLOOKUP(M120, $A$4:$J$29, 9, 0) -> 17 | V120: =VLOOKUP(N120, $A$4:$J$29, 9, 0) -> 11 | W120: =VLOOKUP(O120, $A$4:$J$29, 9, 0) -> 15 | X120: =VLOOKUP(P120, $A$4:$J$29, 9, 0) -> 12 | Y120: =VLOOKUP(Q120, $A$4:$J$29, 9, 0) -> 15 | Z120: =VLOOKUP(R120, $A$4:$J$29, 9, 0) -> 12 | AA120: =VLOOKUP(S120, $A$4:$J$29, 9, 0) -> 16 | AC120: 1 | AD120: 1 | AE120: 1 | AF120: 1 | AG120: 1 | AH120: 1 | AI120: 1 | AK120: WW | AL120: 0 | AM120: 0 | AN120: 0 | AO120: 0 | AP120: 0 | AQ120: 0 | AR120: 0 | AS120: 0
L121: 117 | M121: M5 | N121: Q | O121: GT | P121: A | Q121: M4 | R121: Q | S121: TE | U121: =VLOOKUP(M121, $A$4:$J$29, 9, 0) -> 17 | V121: =VLOOKUP(N121, $A$4:$J$29, 9, 0) -> 15 | W121: =VLOOKUP(O121, $A$4:$J$29, 9, 0) -> 0 | X121: =VLOOKUP(P121, $A$4:$J$29, 9, 0) -> 5 | Y121: =VLOOKUP(Q121, $A$4:$J$29, 9, 0) -> 15 | Z121: =VLOOKUP(R121, $A$4:$J$29, 9, 0) -> 15 | AA121: =VLOOKUP(S121, $A$4:$J$29, 9, 0) -> 12 | AC121: 1 | AD121: 1 | AE121: 1 | AF121: 1 | AG121: 1 | AH121: 1 | AI121: 1 | AK121: C1 | AL121: 0 | AM121: 0 | AN121: 0 | AO121: 0 | AP121: 0 | AQ121: 0 | AR121: 0 | AS121: 1
L122: 118 | M122: A | N122: M6 | O122: TE | P122: M2 | Q122: M5 | R122: M3 | S122: TE | U122: =VLOOKUP(M122, $A$4:$J$29, 9, 0) -> 5 | V122: =VLOOKUP(N122, $A$4:$J$29, 9, 0) -> 6 | W122: =VLOOKUP(O122, $A$4:$J$29, 9, 0) -> 12 | X122: =VLOOKUP(P122, $A$4:$J$29, 9, 0) -> 11 | Y122: =VLOOKUP(Q122, $A$4:$J$29, 9, 0) -> 17 | Z122: =VLOOKUP(R122, $A$4:$J$29, 9, 0) -> 16 | AA122: =VLOOKUP(S122, $A$4:$J$29, 9, 0) -> 12 | AC122: 1 | AD122: 1 | AE122: 1 | AF122: 1 | AG122: 1 | AH122: 1 | AI122: 3 | AK122: M1 | AL122: 1 | AM122: 1 | AN122: 1 | AO122: 1 | AP122: 1 | AQ122: 1 | AR122: 0 | AS122: 2
L123: 119 | M123: J | N123: M6 | O123: M3 | P123: J | Q123: TE | R123: A | S123: TE | U123: =VLOOKUP(M123, $A$4:$J$29, 9, 0) -> 5 | V123: =VLOOKUP(N123, $A$4:$J$29, 9, 0) -> 6 | W123: =VLOOKUP(O123, $A$4:$J$29, 9, 0) -> 16 | X123: =VLOOKUP(P123, $A$4:$J$29, 9, 0) -> 5 | Y123: =VLOOKUP(Q123, $A$4:$J$29, 9, 0) -> 12 | Z123: =VLOOKUP(R123, $A$4:$J$29, 9, 0) -> 5 | AA123: =VLOOKUP(S123, $A$4:$J$29, 9, 0) -> 12 | AC123: 1 | AD123: 1 | AE123: 1 | AF123: 1 | AG123: 1 | AH123: 1 | AI123: 1 | AK123: M2 | AL123: 1 | AM123: 70 | AN123: 1 | AO123: 70 | AP123: 1 | AQ123: 1 | AR123: 0 | AS123: 3
L124: 120 | M124: J | N124: K | O124: M4 | P124: J | Q124: TE | R124: A | S124: K | U124: =VLOOKUP(M124, $A$4:$J$29, 9, 0) -> 5 | V124: =VLOOKUP(N124, $A$4:$J$29, 9, 0) -> 13 | W124: =VLOOKUP(O124, $A$4:$J$29, 9, 0) -> 15 | X124: =VLOOKUP(P124, $A$4:$J$29, 9, 0) -> 5 | Y124: =VLOOKUP(Q124, $A$4:$J$29, 9, 0) -> 12 | Z124: =VLOOKUP(R124, $A$4:$J$29, 9, 0) -> 5 | AA124: =VLOOKUP(S124, $A$4:$J$29, 9, 0) -> 13 | AC124: 1 | AD124: 1 | AE124: 1 | AF124: 1 | AG124: 1 | AH124: 1 | AI124: 1 | AK124: M3 | AL124: 1 | AM124: 1 | AN124: 5 | AO124: 1 | AP124: 1 | AQ124: 70 | AR124: 1 | AS124: 4
AK125: M4 | AL125: 1 | AM125: 70 | AN125: 1 | AO125: 1 | AP125: 1 | AQ125: 70 | AR125: 1 | AS125: 5
AK126: M5 | AL126: 5 | AM126: 1 | AN126: 70 | AO126: 1 | AP126: 70 | AQ126: 1 | AR126: 1 | AS126: 6
AK127: M6 | AL127: 1 | AM127: 70 | AN127: 1 | AO127: 1 | AP127: 1 | AQ127: 70 | AR127: 1 | AS127: 7
AK128: A | AL128: 1 | AM128: 1 | AN128: 1 | AO128: 1 | AP128: 70 | AQ128: 1 | AR128: 1 | AS128: 8
...

Sheet BG_Symbol (2)
L2: Symbol | U2: Symbol ID | AC2: Symbol Weight | AK2: Drop Weights Weight (1 Combo)
A3: Symbol | B3: Description | C3: R1 | D3: R2 | E3: R3 | F3: R4 | G3: R5 | H3: R6 | I3: R7 | J3: ID | L3: Line # | M3: R1 | N3: R2 | O3: R3 | P3: R4 | Q3: R5 | R3: R6 | S3: R7 | U3: R1 | V3: R2 | W3: R3 | X3: R4 | Y3: R5 | Z3: R6 | AA3: R7 | AC3: R1 | AD3: R2 | AE3: R3 | AF3: R4 | AG3: R5 | AH3: R6 | AI3: R7 | AK3: Symbol | AL3: R1 | AM3: R2 | AN3: R3 | AO3: R4 | AP3: R5 | AQ3: R6 | AR3: R7 | AS3: ID
A4: {=Overview!$A$42:$B$67} -> WW | B4: Wild | C4: =COUNTIF(M$4:M$304,$A4) -> 0 | D4: =COUNTIF(N$4:N$304,$A4) -> 0 | E4: =COUNTIF(O$4:O$304,$A4) -> 0 | F4: =COUNTIF(P$4:P$304,$A4) -> 0 | G4: =COUNTIF(Q$4:Q$304,$A4) -> 0 | H4: =COUNTIF(R$4:R$304,$A4) -> 0 | I4: =COUNTIF(S$4:S$304,$A4) -> 0 | J4: 0 | L4: 0 | M4: M6 | N4: M6 | O4: K | P4: M5 | Q4: M4 | R4: A | S4: A | U4: =VLOOKUP(M4, $A$4:$J$29, 9, 0) -> 7 | V4: =VLOOKUP(N4, $A$4:$J$29, 9, 0) -> 7 | W4: =VLOOKUP(O4, $A$4:$J$29, 9, 0) -> 7 | X4: =VLOOKUP(P4, $A$4:$J$29, 9, 0) -> 14 | Y4: =VLOOKUP(Q4, $A$4:$J$29, 9, 0) -> 10 | Z4: =VLOOKUP(R4, $A$4:$J$29, 9, 0) -> 11 | AA4: =VLOOKUP(S4, $A$4:$J$29, 9, 0) -> 11 | AC4: 1 | AD4: 1 | AE4: 1 | AF4: 1 | AG4: 1 | AH4: 1 | AI4: 3 | AK4: WW | AL4: 0 | AM4: 0 | AN4: 0 | AO4: 0 | AP4: 0 | AQ4: 0 | AR4: 0 | AS4: 0
A5: C1 | B5: Scatter | C5: =COUNTIF(M$4:M$304,$A5) -> 0 | D5: =COUNTIF(N$4:N$304,$A5) -> 0 | E5: =COUNTIF(O$4:O$304,$A5) -> 0 | F5: =COUNTIF(P$4:P$304,$A5) -> 0 | G5: =COUNTIF(Q$4:Q$304,$A5) -> 0 | H5: =COUNTIF(R$4:R$304,$A5) -> 0 | I5: =COUNTIF(S$4:S$304,$A5) -> 0 | J5: 1 | L5: 1 | M5: K | N5: J | O5: K | P5: A | Q5: G4 | R5: K | S5: A | U5: =VLOOKUP(M5, $A$4:$J$29, 9, 0) -> 7 | V5: =VLOOKUP(N5, $A$4:$J$29, 9, 0) -> 15 | W5: =VLOOKUP(O5, $A$4:$J$29, 9, 0) -> 7 | X5: =VLOOKUP(P5, $A$4:$J$29, 9, 0) -> 11 | Y5: =VLOOKUP(Q5, $A$4:$J$29, 9, 0) -> 0 | Z5: =VLOOKUP(R5, $A$4:$J$29, 9, 0) -> 7 | AA5: =VLOOKUP(S5, $A$4:$J$29, 9, 0) -> 11 | AC5: 1 | AD5: 1 | AE5: 1 | AF5: 1 | AG5: 1 | AH5: 1 | AI5: 1 | AK5: C1 | AL5: 10 | AM5: 10 | AN5: 10 | AO5: 10 | AP5: 10 | AQ5: 10 | AR5: 5 | AS5: 1
A6: M1 | B6: M1 | C6: =COUNTIF(M$4:M$304,$A6) -> 0 | D6: =COUNTIF(N$4:N$304,$A6) -> 0 | E6: =COUNTIF(O$4:O$304,$A6) -> 0 | F6: =COUNTIF(P$4:P$304,$A6) -> 0 | G6: =COUNTIF(Q$4:Q$304,$A6) -> 0 | H6: =COUNTIF(R$4:R$304,$A6) -> 0 | I6: =COUNTIF(S$4:S$304,$A6) -> 0 | J6: 2 | L6: 2 | M6: J | N6: TE | O6: M2 | P6: A | Q6: M5 | R6: M5 | S6: A | U6: =VLOOKUP(M6, $A$4:$J$29, 9, 0) -> 15 | V6: =VLOOKUP(N6, $A$4:$J$29, 9, 0) -> 19 | W6: =VLOOKUP(O6, $A$4:$J$29, 9, 0) -> 12 | X6: =VLOOKUP(P6, $A$4:$J$29, 9, 0) -> 11 | Y6: =VLOOKUP(Q6, $A$4:$J$29, 9, 0) -> 14 | Z6: =VLOOKUP(R6, $A$4:$J$29, 9, 0) -> 14 | AA6: =VLOOKUP(S6, $A$4:$J$29, 9, 0) -> 11 | AC6: 1 | AD6: 1 | AE6: 1 | AF6: 1 | AG6: 1 | AH6: 1 | AI6: 1 | AK6: M1 | AL6: 8 | AM6: 8 | AN6: 8 | AO6: 8 | AP6: 8 | AQ6: 8 | AR6: 8 | AS6: 2
A7: M2 | B7: M2 | C7: =COUNTIF(M$4:M$304,$A7) -> 1 | D7: =COUNTIF(N$4:N$304,$A7) -> 12 | E7: =COUNTIF(O$4:O$304,$A7) -> 7 | F7: =COUNTIF(P$4:P$304,$A7) -> 3 | G7: =COUNTIF(Q$4:Q$304,$A7) -> 9 | H7: =COUNTIF(R$4:R$304,$A7) -> 0 | I7: =COUNTIF(S$4:S$304,$A7) -> 12 | J7: 3 | L7: 3 | M7: TE | N7: Q | O7: A | P7: A | Q7: M5 | R7: TE | S7: A | U7: =VLOOKUP(M7, $A$4:$J$29, 9, 0) -> 19 | V7: =VLOOKUP(N7, $A$4:$J$29, 9, 0) -> 12 | W7: =VLOOKUP(O7, $A$4:$J$29, 9, 0) -> 11 | X7: =VLOOKUP(P7, $A$4:$J$29, 9, 0) -> 11 | Y7: =VLOOKUP(Q7, $A$4:$J$29, 9, 0) -> 14 | Z7: =VLOOKUP(R7, $A$4:$J$29, 9, 0) -> 19 | AA7: =VLOOKUP(S7, $A$4:$J$29, 9, 0) -> 11 | AC7: 1 | AD7: 1 | AE7: 1 | AF7: 1 | AG7: 1 | AH7: 1 | AI7: 1 | AK7: M2 | AL7: 10 | AM7: 13 | AN7: 10 | AO7: 5 | AP7: 20 | AQ7: 5 | AR7: 10 | AS7: 3
A8: M3 | B8: M3 | C8: =COUNTIF(M$4:M$304,$A8) -> 3 | D8: =COUNTIF(N$4:N$304,$A8) -> 1 | E8: =COUNTIF(O$4:O$304,$A8) -> 3 | F8: =COUNTIF(P$4:P$304,$A8) -> 8 | G8: =COUNTIF(Q$4:Q$304,$A8) -> 3 | H8: =COUNTIF(R$4:R$304,$A8) -> 3 | I8: =COUNTIF(S$4:S$304,$A8) -> 14 | J8: 4 | L8: 4 | M8: K | N8: TE | O8: G3 | P8: Q | Q8: K | R8: TE | S8: M2 | U8: =VLOOKUP(M8, $A$4:$J$29, 9, 0) -> 7 | V8: =VLOOKUP(N8, $A$4:$J$29, 9, 0) -> 19 | W8: =VLOOKUP(O8, $A$4:$J$29, 9, 0) -> 0 | X8: =VLOOKUP(P8, $A$4:$J$29, 9, 0) -> 12 | Y8: =VLOOKUP(Q8, $A$4:$J$29, 9, 0) -> 7 | Z8: =VLOOKUP(R8, $A$4:$J$29, 9, 0) -> 19 | AA8: =VLOOKUP(S8, $A$4:$J$29, 9, 0) -> 12 | AC8: 1 | AD8: 1 | AE8: 1 | AF8: 1 | AG8: 1 | AH8: 1 | AI8: 3 | AK8: M3 | AL8: 15 | AM8: 10 | AN8: 15 | AO8: 5 | AP8: 18 | AQ8: 20 | AR8: 10 | AS8: 4
A9: M4 | B9: M4 | C9: =COUNTIF(M$4:M$304,$A9) -> 8 | D9: =COUNTIF(N$4:N$304,$A9) -> 1 | E9: =COUNTIF(O$4:O$304,$A9) -> 16 | F9: =COUNTIF(P$4:P$304,$A9) -> 3 | G9: =COUNTIF(Q$4:Q$304,$A9) -> 15 | H9: =COUNTIF(R$4:R$304,$A9) -> 5 | I9: =COUNTIF(S$4:S$304,$A9) -> 10 | J9: 5 | L9: 5 | M9: J | N9: M2 | O9: M3 | P9: Q | Q9: K | R9: M5 | S9: M2 | U9: =VLOOKUP(M9, $A$4:$J$29, 9, 0) -> 15 | V9: =VLOOKUP(N9, $A$4:$J$29, 9, 0) -> 12 | W9: =VLOOKUP(O9, $A$4:$J$29, 9, 0) -> 14 | X9: =VLOOKUP(P9, $A$4:$J$29, 9, 0) -> 12 | Y9: =VLOOKUP(Q9, $A$4:$J$29, 9, 0) -> 7 | Z9: =VLOOKUP(R9, $A$4:$J$29, 9, 0) -> 14 | AA9: =VLOOKUP(S9, $A$4:$J$29, 9, 0) -> 12 | AC9: 1 | AD9: 1 | AE9: 1 | AF9: 1 | AG9: 1 | AH9: 1 | AI9: 1 | AK9: M4 | AL9: 10 | AM9: 20 | AN9: 20 | AO9: 20 | AP9: 10 | AQ9: 20 | AR9: 10 | AS9: 5
A10: M5 | B10: M5 | C10: =COUNTIF(M$4:M$304,$A10) -> 8 | D10: =COUNTIF(N$4:N$304,$A10) -> 17 | E10: =COUNTIF(O$4:O$304,$A10) -> 1 | F10: =COUNTIF(P$4:P$304,$A10) -> 26 | G10: =COUNTIF(Q$4:Q$304,$A10) -> 6 | H10: =COUNTIF(R$4:R$304,$A10) -> 27 | I10: =COUNTIF(S$4:S$304,$A10) -> 14 | J10: 6 | L10: 6 | M10: K | N10: M2 | O10: A | P10: Q | Q10: M6 | R10: M5 | S10: M2 | U10: =VLOOKUP(M10, $A$4:$J$29, 9, 0) -> 7 | V10: =VLOOKUP(N10, $A$4:$J$29, 9, 0) -> 12 | W10: =VLOOKUP(O10, $A$4:$J$29, 9, 0) -> 11 | X10: =VLOOKUP(P10, $A$4:$J$29, 9, 0) -> 12 | Y10: =VLOOKUP(Q10, $A$4:$J$29, 9, 0) -> 7 | Z10: =VLOOKUP(R10, $A$4:$J$29, 9, 0) -> 14 | AA10: =VLOOKUP(S10, $A$4:$J$29, 9, 0) -> 12 | AC10: 1 | AD10: 1 | AE10: 1 | AF10: 1 | AG10: 1 | AH10: 1 | AI10: 1 | AK10: M5 | AL10: 50 | AM10: 50 | AN10: 50 | AO10: 50 | AP10: 50 | AQ10: 50 | AR10: 10 | AS10: 6
A11: M6 | B11: M6 | C11: =COUNTIF(M$4:M$304,$A11) -> 13 | D11: =COUNTIF(N$4:N$304,$A11) -> 10 | E11: =COUNTIF(O$4:O$304,$A11) -> 1 | F11: =COUNTIF(P$4:P$304,$A11) -> 3 | G11: =COUNTIF(Q$4:Q$304,$A11) -> 28 | H11: =COUNTIF(R$4:R$304,$A11) -> 3 | I11: =COUNTIF(S$4:S$304,$A11) -> 7 | J11: 7 | L11: 7 | M11: TE | N11: M6 | O11: K | P11: TE | Q11: J | R11: M5 | S11: M2 | U11: =VLOOKUP(M11, $A$4:$J$29, 9, 0) -> 19 | V11: =VLOOKUP(N11, $A$4:$J$29, 9, 0) -> 7 | W11: =VLOOKUP(O11, $A$4:$J$29, 9, 0) -> 7 | X11: =VLOOKUP(P11, $A$4:$J$29, 9, 0) -> 19 | Y11: =VLOOKUP(Q11, $A$4:$J$29, 9, 0) -> 15 | Z11: =VLOOKUP(R11, $A$4:$J$29, 9, 0) -> 14 | AA11: =VLOOKUP(S11, $A$4:$J$29, 9, 0) -> 12 | AC11: 1 | AD11: 1 | AE11: 1 | AF11: 1 | AG11: 1 | AH11: 1 | AI11: 1 | AK11: M6 | AL11: 50 | AM11: 50 | AN11: 50 | AO11: 50 | AP11: 50 | AQ11: 50 | AR11: 10 | AS11: 7
A12: A | B12: A | C12: =COUNTIF(M$4:M$304,$A12) -> 2 | D12: =COUNTIF(N$4:N$304,$A12) -> 12 | E12: =COUNTIF(O$4:O$304,$A12) -> 21 | F12: =COUNTIF(P$4:P$304,$A12) -> 10 | G12: =COUNTIF(Q$4:Q$304,$A12) -> 3 | H12: =COUNTIF(R$4:R$304,$A12) -> 29 | I12: =COUNTIF(S$4:S$304,$A12) -> 11 | J12: 8 | L12: 8 | M12: M5 | N12: M6 | O12: K | P12: M5 | Q12: J | R12: M6 | S12: M3 | U12: =VLOOKUP(M12, $A$4:$J$29, 9, 0) -> 14 | V12: =VLOOKUP(N12, $A$4:$J$29, 9, 0) -> 7 | W12: =VLOOKUP(O12, $A$4:$J$29, 9, 0) -> 7 | X12: =VLOOKUP(P12, $A$4:$J$29, 9, 0) -> 14 | Y12: =VLOOKUP(Q12, $A$4:$J$29, 9, 0) -> 15 | Z12: =VLOOKUP(R12, $A$4:$J$29, 9, 0) -> 7 | AA12: =VLOOKUP(S12, $A$4:$J$29, 9, 0) -> 14 | AC12: 1 | AD12: 1 | AE12: 1 | AF12: 1 | AG12: 1 | AH12: 1 | AI12: 3 | AK12: A | AL12: 10 | AM12: 10 | AN12: 40 | AO12: 1 | AP12: 40 | AQ12: 1 | AR12: 10 | AS12: 8
A13: K | B13: K | C13: =COUNTIF(M$4:M$304,$A13) -> 19 | D13: =COUNTIF(N$4:N$304,$A13) -> 2 | E13: =COUNTIF(O$4:O$304,$A13) -> 19 | F13: =COUNTIF(P$4:P$304,$A13) -> 4 | G13: =COUNTIF(Q$4:Q$304,$A13) -> 16 | H13: =COUNTIF(R$4:R$304,$A13) -> 7 | I13: =COUNTIF(S$4:S$304,$A13) -> 7 | J13: 9 | L13: 9 | M13: J | N13: G5 | O13: M3 | P13: Q | Q13: M6 | R13: M5 | S13: M3 | U13: =VLOOKUP(M13, $A$4:$J$29, 9, 0) -> 15 | V13: =VLOOKUP(N13, $A$4:$J$29, 9, 0) -> 0 | W13: =VLOOKUP(O13, $A$4:$J$29, 9, 0) -> 14 | X13: =VLOOKUP(P13, $A$4:$J$29, 9, 0) -> 12 | Y13: =VLOOKUP(Q13, $A$4:$J$29, 9, 0) -> 7 | Z13: =VLOOKUP(R13, $A$4:$J$29, 9, 0) -> 14 | AA13: =VLOOKUP(S13, $A$4:$J$29, 9, 0) -> 14 | AC13: 1 | AD13: 1 | AE13: 1 | AF13: 1 | AG13: 1 | AH13: 1 | AI13: 1 | AK13: K | AL13: 40 | AM13: 8 | AN13: 25 | AO13: 10 | AP13: 1 | AQ13: 40 | AR13: 10 | AS13: 9
A14: Q | B14: Q | C14: =COUNTIF(M$4:M$304,$A14) -> 14 | D14: =COUNTIF(N$4:N$304,$A14) -> 27 | E14: =COUNTIF(O$4:O$304,$A14) -> 2 | F14: =COUNTIF(P$4:P$304,$A14) -> 25 | G14: =COUNTIF(Q$4:Q$304,$A14) -> 7 | H14: =COUNTIF(R$4:R$304,$A14) -> 24 | I14: =COUNTIF(S$4:S$304,$A14) -> 12 | J14: 10 | L14: 10 | M14: J | N14: M5 | O14: J | P14: G5 | Q14: M6 | R14: M5 | S14: M3 | U14: =VLOOKUP(M14, $A$4:$J$29, 9, 0) -> 15 | V14: =VLOOKUP(N14, $A$4:$J$29, 9, 0) -> 14 | W14: =VLOOKUP(O14, $A$4:$J$29, 9, 0) -> 15 | X14: =VLOOKUP(P14, $A$4:$J$29, 9, 0) -> 0 | Y14: =VLOOKUP(Q14, $A$4:$J$29, 9, 0) -> 7 | Z14: =VLOOKUP(R14, $A$4:$J$29, 9, 0) -> 14 | AA14: =VLOOKUP(S14, $A$4:$J$29, 9, 0) -> 14 | AC14: 1 | AD14: 1 | AE14: 1 | AF14: 1 | AG14: 1 | AH14: 1 | AI14: 1 | AK14: Q | AL14: 10 | AM14: 40 | AN14: 40 | AO14: 10 | AP14: 40 | AQ14: 1 | AR14: 10 | AS14: 10
A15: J | B15: J | C15: =COUNTIF(M$4:M$304,$A15) -> 23 | D15: =COUNTIF(N$4:N$304,$A15) -> 5 | E15: =COUNTIF(O$4:O$304,$A15) -> 35 | F15: =COUNTIF(P$4:P$304,$A15) -> 6 | G15: =COUNTIF(Q$4:Q$304,$A15) -> 20 | H15: =COUNTIF(R$4:R$304,$A15) -> 2 | I15: =COUNTIF(S$4:S$304,$A15) -> 15 | J15: 11 | L15: 11 | M15: TE | N15: M5 | O15: J | P15: GA | Q15: K | R15: M6 | S15: M3 | U15: =VLOOKUP(M15, $A$4:$J$29, 9, 0) -> 19 | V15: =VLOOKUP(N15, $A$4:$J$29, 9, 0) -> 14 | W15: =VLOOKUP(O15, $A$4:$J$29, 9, 0) -> 15 | X15: =VLOOKUP(P15, $A$4:$J$29, 9, 0) -> 0 | Y15: =VLOOKUP(Q15, $A$4:$J$29, 9, 0) -> 7 | Z15: =VLOOKUP(R15, $A$4:$J$29, 9, 0) -> 7 | AA15: =VLOOKUP(S15, $A$4:$J$29, 9, 0) -> 14 | AC15: 1 | AD15: 1 | AE15: 1 | AF15: 1 | AG15: 1 | AH15: 1 | AI15: 1 | AK15: J | AL15: 40 | AM15: 40 | AN15: 40 | AO15: 1 | AP15: 1 | AQ15: 1 | AR15: 10 | AS15: 11
A16: TE | B16: TE | C16: =COUNTIF(M$4:M$304,$A16) -> 30 | D16: =COUNTIF(N$4:N$304,$A16) -> 16 | E16: =COUNTIF(O$4:O$304,$A16) -> 5 | F16: =COUNTIF(P$4:P$304,$A16) -> 19 | G16: =COUNTIF(Q$4:Q$304,$A16) -> 5 | H16: =COUNTIF(R$4:R$304,$A16) -> 21 | I16: =COUNTIF(S$4:S$304,$A16) -> 19 | J16: 12 | L16: 12 | M16: TE | N16: Q | O16: G2 | P16: A | Q16: K | R16: M6 | S16: M4 | U16: =VLOOKUP(M16, $A$4:$J$29, 9, 0) -> 19 | V16: =VLOOKUP(N16, $A$4:$J$29, 9, 0) -> 12 | W16: =VLOOKUP(O16, $A$4:$J$29, 9, 0) -> 0 | X16: =VLOOKUP(P16, $A$4:$J$29, 9, 0) -> 11 | Y16: =VLOOKUP(Q16, $A$4:$J$29, 9, 0) -> 7 | Z16: =VLOOKUP(R16, $A$4:$J$29, 9, 0) -> 7 | AA16: =VLOOKUP(S16, $A$4:$J$29, 9, 0) -> 10 | AC16: 1 | AD16: 1 | AE16: 1 | AF16: 1 | AG16: 1 | AH16: 1 | AI16: 3 | AK16: TE | AL16: 5 | AM16: 40 | AN16: 20 | AO16: 1 | AP16: 1 | AQ16: 1 | AR16: 10 | AS16: 12
... A29: GM | B29: Golden Mystery | C29: =COUNTIF(M$4:M$304,$A29) -> 0 | D29: =COUNTIF(N$4:N$304,$A29) -> 1 | E29: =COUNTIF(O$4:O$304,$A29) -> 0 | F29: =COUNTIF(P$4:P$304,$A29) -> 0 | G29: =COUNTIF(Q$4:Q$304,$A29) -> 0 | H29: =COUNTIF(R$4:R$304,$A29) -> 0 | I29: =COUNTIF(S$4:S$304,$A29) -> 0 | J29: 25 | L29: 25 | M29: M6 | N29: M6 | O29: J | P29: M5 | Q29: TE | R29: M5 | S29: TE | U29: =VLOOKUP(M29, $A$4:$J$29, 9, 0) -> 7 | V29: =VLOOKUP(N29, $A$4:$J$29, 9, 0) -> 7 | W29: =VLOOKUP(O29, $A$4:$J$29, 9, 0) -> 15 | X29: =VLOOKUP(P29, $A$4:$J$29, 9, 0) -> 14 | Y29: =VLOOKUP(Q29, $A$4:$J$29, 9, 0) -> 19 | Z29: =VLOOKUP(R29, $A$4:$J$29, 9, 0) -> 14 | AA29: =VLOOKUP(S29, $A$4:$J$29, 9, 0) -> 19 | AC29: 1 | AD29: 1 | AE29: 1 | AF29: 1 | AG29: 1 | AH29: 1 | AI29: 1 | AK29: GM | AL29: 0 | AM29: 1 | AN29: 1 | AO29: 1 | AP29: 1 | AQ29: 0 | AR29: 0 | AS29: 25
C30: =SUM(C4:C29) -> 121 | D30: =SUM(D4:D29) -> 121 | E30: =SUM(E4:E29) -> 121 | F30: =SUM(F4:F29) -> 121 | G30: =SUM(G4:G29) -> 121 | H30: =SUM(H4:H29) -> 121 | I30: =SUM(I4:I29) -> 121 | L30: 26 | M30: J | N30: M6 | O30: M6 | P30: Q | Q30: Q | R30: Q | S30: TE | U30: =VLOOKUP(M30, $A$4:$J$29, 9, 0) -> 15 | V30: =VLOOKUP(N30, $A$4:$J$29, 9, 0) -> 7 | W30: =VLOOKUP(O30, $A$4:$J$29, 9, 0) -> 7 | X30: =VLOOKUP(P30, $A$4:$J$29, 9, 0) -> 12 | Y30: =VLOOKUP(Q30, $A$4:$J$29, 9, 0) -> 12 | Z30: =VLOOKUP(R30, $A$4:$J$29, 9, 0) -> 12 | AA30: =VLOOKUP(S30, $A$4:$J$29, 9, 0) -> 19 | AC30: 1 | AD30: 1 | AE30: 1 | AF30: 1 | AG30: 1 | AH30: 1 | AI30: 1
L31: 27 | M31: J | N31: A | O31: M3 | P31: Q | Q31: Q | R31: M5 | S31: TE | U31: =VLOOKUP(M31, $A$4:$J$29, 9, 0) -> 15 | V31: =VLOOKUP(N31, $A$4:$J$29, 9, 0) -> 11 | W31: =VLOOKUP(O31, $A$4:$J$29, 9, 0) -> 14 | X31: =VLOOKUP(P31, $A$4:$J$29, 9, 0) -> 12 | Y31: =VLOOKUP(Q31, $A$4:$J$29, 9, 0) -> 12 | Z31: =VLOOKUP(R31, $A$4:$J$29, 9, 0) -> 14 | AA31: =VLOOKUP(S31, $A$4:$J$29, 9, 0) -> 19 | AC31: 1 | AD31: 1 | AE31: 1 | AF31: 1 | AG31: 1 | AH31: 1 | AI31: 1 | AK31: Drop Weights Weight (2 Combo)
B32: Mega way | C32: R1 | D32: R2 | E32: R3 | F32: R4 | G32: R5 | H32: R6 | L32: 28 | M32: Q | N32: A | O32: G4 | P32: G3 | Q32: M6 | R32: A | S32: J | U32: =VLOOKUP(M32, $A$4:$J$29, 9, 0) -> 12 | V32: =VLOOKUP(N32, $A$4:$J$29, 9, 0) -> 11 | W32: =VLOOKUP(O32, $A$4:$J$29, 9, 0) -> 0 | X32: =VLOOKUP(P32, $A$4:$J$29, 9, 0) -> 0 | Y32: =VLOOKUP(Q32, $A$4:$J$29, 9, 0) -> 7 | Z32: =VLOOKUP(R32, $A$4:$J$29, 9, 0) -> 11 | AA32: =VLOOKUP(S32, $A$4:$J$29, 9, 0) -> 15 | AC32: 1 | AD32: 1 | AE32: 1 | AF32: 1 | AG32: 1 | AH32: 1 | AI32: 3 | AK32: Symbol | AL32: R1 | AM32: R2 | AN32: R3 | AO32: R4 | AP32: R5 | AQ32: R6 | AR32: R7 | AS32: ID
B33: [4,1] | C33: 0 | D33: 390 | E33: 390 | F33: 185 | G33: 120 | H33: 0 | L33: 29 | M33: Q | N33: A | O33: M4 | P33: Q | Q33: M6 | R33: Q | S33: J | U33: =VLOOKUP(M33, $A$4:$J$29, 9, 0) -> 12 | V33: =VLOOKUP(N33, $A$4:$J$29, 9, 0) -> 11 | W33: =VLOOKUP(O33, $A$4:$J$29, 9, 0) -> 10 | X33: =VLOOKUP(P33, $A$4:$J$29, 9, 0) -> 12 | Y33: =VLOOKUP(Q33, $A$4:$J$29, 9, 0) -> 7 | Z33: =VLOOKUP(R33, $A$4:$J$29, 9, 0) -> 12 | AA33: =VLOOKUP(S33, $A$4:$J$29, 9, 0) -> 15 | AC33: 1 | AD33: 1 | AE33: 1 | AF33: 1 | AG33: 1 | AH33: 1 | AI33: 1 | AK33: WW | AL33: 0 | AM33: 0 | AN33: 0 | AO33: 0 | AP33: 0 | AQ33: 0 | AR33: 0 | AS33: 0
B34: [1,4] | C34: 0 | D34: 390 | E34: 390 | F34: 185 | G34: 120 | H34: 0 | L34: 30 | M34: M4 | N34: J | O34: J | P34: K | Q34: K | R34: Q | S34: J | U34: =VLOOKUP(M34, $A$4:$J$29, 9, 0) -> 10 | V34: =VLOOKUP(N34, $A$4:$J$29, 9, 0) -> 15 | W34: =VLOOKUP(O34, $A$4:$J$29, 9, 0) -> 15 | X34: =VLOOKUP(P34, $A$4:$J$29, 9, 0) -> 7 | Y34: =VLOOKUP(Q34, $A$4:$J$29, 9, 0) -> 7 | Z34: =VLOOKUP(R34, $A$4:$J$29, 9, 0) -> 12 | AA34: =VLOOKUP(S34, $A$4:$J$29, 9, 0) -> 15 | AC34: 1 | AD34: 1 | AE34: 1 | AF34: 1 | AG34: 1 | AH34: 1 | AI34: 1 | AK34: C1 | AL34: 0 | AM34: 0 | AN34: 0 | AO34: 0 | AP34: 0 | AQ34: 0 | AR34: 0 | AS34: 1
B35: [3,2] | C35: 0 | D35: 2035 | E35: 2010 | F35: 1125 | G35: 860 | H35: 0 | L35: 31 | M35: M6 | N35: Q | O35: J | P35: GK | Q35: TE | R35: TE | S35: J | U35: =VLOOKUP(M35, $A$4:$J$29, 9, 0) -> 7 | V35: =VLOOKUP(N35, $A$4:$J$29, 9, 0) -> 12 | W35: =VLOOKUP(O35, $A$4:$J$29, 9, 0) -> 15 | X35: =VLOOKUP(P35, $A$4:$J$29, 9, 0) -> 0 | Y35: =VLOOKUP(Q35, $A$4:$J$29, 9, 0) -> 19 | Z35: =VLOOKUP(R35, $A$4:$J$29, 9, 0) -> 19 | AA35: =VLOOKUP(S35, $A$4:$J$29, 9, 0) -> 15 | AC35: 1 | AD35: 1 | AE35: 1 | AF35: 1 | AG35: 1 | AH35: 1 | AI35: 1 | AK35: M1 | AL35: 1 | AM35: 1 | AN35: 1 | AO35: 1 | AP35: 1 | AQ35: 1 | AR35: 0 | AS35: 2
B36: [2,3] | C36: 0 | D36: 2035 | E36: 2010 | F36: 1125 | G36: 860 | H36: 0 | L36: 32 | M36: M6 | N36: Q | O36: A | P36: A | Q36: TE | R36: J | S36: M5 | U36: =VLOOKUP(M36, $A$4:$J$29, 9, 0) -> 7 | V36: =VLOOKUP(N36, $A$4:$J$29, 9, 0) -> 12 | W36: =VLOOKUP(O36, $A$4:$J$29, 9, 0) -> 11 | X36: =VLOOKUP(P36, $A$4:$J$29, 9, 0) -> 11 | Y36: =VLOOKUP(Q36, $A$4:$J$29, 9, 0) -> 19 | Z36: =VLOOKUP(R36, $A$4:$J$29, 9, 0) -> 15 | AA36: =VLOOKUP(S36, $A$4:$J$29, 9, 0) -> 14 | AC36: 1 | AD36: 1 | AE36: 1 | AF36: 1 | AG36: 1 | AH36: 1 | AI36: 3 | AK36: M2 | AL36: 1 | AM36: 70 | AN36: 1 | AO36: 70 | AP36: 1 | AQ36: 1 | AR36: 0 | AS36: 3
B37: [3,1,1] | C37: 0 | D37: 290 | E37: 283 | F37: 803 | G37: 520 | H37: 0 | L37: 33 | M37: J | N37: Q | O37: J | P37: Q | Q37: K | R37: A | S37: M5 | U37: =VLOOKUP(M37, $A$4:$J$29, 9, 0) -> 15 | V37: =VLOOKUP(N37, $A$4:$J$29, 9, 0) -> 12 | W37: =VLOOKUP(O37, $A$4:$J$29, 9, 0) -> 15 | X37: =VLOOKUP(P37, $A$4:$J$29, 9, 0) -> 12 | Y37: =VLOOKUP(Q37, $A$4:$J$29, 9, 0) -> 7 | Z37: =VLOOKUP(R37, $A$4:$J$29, 9, 0) -> 11 | AA37: =VLOOKUP(S37, $A$4:$J$29, 9, 0) -> 14 | AC37: 1 | AD37: 1 | AE37: 1 | AF37: 1 | AG37: 1 | AH37: 1 | AI37: 1 | AK37: M3 | AL37: 1 | AM37: 1 | AN37: 5 | AO37: 1 | AP37: 1 | AQ37: 70 | AR37: 1 | AS37: 4
B38: [1,3,1] | C38: 0 | D38: 290 | E38: 283 | F38: 803 | G38: 520 | H38: 0 | L38: 34 | M38: K | N38: M5 | O38: M4 | P38: TE | Q38: K | R38: A | S38: M5 | U38: =VLOOKUP(M38, $A$4:$J$29, 9, 0) -> 7 | V38: =VLOOKUP(N38, $A$4:$J$29, 9, 0) -> 14 | W38: =VLOOKUP(O38, $A$4:$J$29, 9, 0) -> 10 | X38: =VLOOKUP(P38, $A$4:$J$29, 9, 0) -> 19 | Y38: =VLOOKUP(Q38, $A$4:$J$29, 9, 0) -> 7 | Z38: =VLOOKUP(R38, $A$4:$J$29, 9, 0) -> 11 | AA38: =VLOOKUP(S38, $A$4:$J$29, 9, 0) -> 14 | AC38: 1 | AD38: 1 | AE38: 1 | AF38: 1 | AG38: 1 | AH38: 1 | AI38: 1 | AK38: M4 | AL38: 1 | AM38: 70 | AN38: 1 | AO38: 1 | AP38: 1 | AQ38: 70 | AR38: 1 | AS38: 5
B39: [1,1,3] | C39: 0 | D39: 290 | E39: 283 | F39: 803 | G39: 520 | H39: 0 | L39: 35 | M39: M5 | N39: GK | O39: M4 | P39: M5 | Q39: M6 | R39: A | S39: M5 | U39: =VLOOKUP(M39, $A$4:$J$29, 9, 0) -> 14 | V39: =VLOOKUP(N39, $A$4:$J$29, 9, 0) -> 0 | W39: =VLOOKUP(O39, $A$4:$J$29, 9, 0) -> 10 | X39: =VLOOKUP(P39, $A$4:$J$29, 9, 0) -> 14 | Y39: =VLOOKUP(Q39, $A$4:$J$29, 9, 0) -> 7 | Z39: =VLOOKUP(R39, $A$4:$J$29, 9, 0) -> 11 | AA39: =VLOOKUP(S39, $A$4:$J$29, 9, 0) -> 14 | AC39: 1 | AD39: 1 | AE39: 1 | AF39: 1 | AG39: 1 | AH39: 1 | AI39: 1 | AK39: M5 | AL39: 5 | AM39: 1 | AN39: 70 | AO39: 1 | AP39: 70 | AQ39: 1 | AR39: 1 | AS39: 6
B40: [2,2,1] | C40: 0 | D40: 880 | E40: 830 | F40: 850 | G40: 1250 | H40: 0 | L40: 36 | M40: TE | N40: TE | O40: J | P40: M5 | Q40: M4 | R40: K | S40: M6 | U40: =VLOOKUP(M40, $A$4:$J$29, 9, 0) -> 19 | V40: =VLOOKUP(N40, $A$4:$J$29, 9, 0) -> 19 | W40: =VLOOKUP(O40, $A$4:$J$29, 9, 0) -> 15 | X40: =VLOOKUP(P40, $A$4:$J$29, 9, 0) -> 14 | Y40: =VLOOKUP(Q40, $A$4:$J$29, 9, 0) -> 10 | Z40: =VLOOKUP(R40, $A$4:$J$29, 9, 0) -> 7 | AA40: =VLOOKUP(S40, $A$4:$J$29, 9, 0) -> 7 | AC40: 1 | AD40: 1 | AE40: 1 | AF40: 1 | AG40: 1 | AH40: 1 | AI40: 3 | AK40: M6 | AL40: 1 | AM40: 70 | AN40: 1 | AO40: 1 | AP40: 1 | AQ40: 70 | AR40: 1 | AS40: 7
B41: [2,1,2] | C41: 0 | D41: 880 | E41: 830 | F41: 850 | G41: 1250 | H41: 0 | L41: 37 | M41: M6 | N41: TE | O41: J | P41: M5 | Q41: J | R41: K | S41: M6 | U41: =VLOOKUP(M41, $A$4:$J$29, 9, 0) -> 7 | V41: =VLOOKUP(N41, $A$4:$J$29, 9, 0) -> 19 | W41: =VLOOKUP(O41, $A$4:$J$29, 9, 0) -> 15 | X41: =VLOOKUP(P41, $A$4:$J$29, 9, 0) -> 14 | Y41: =VLOOKUP(Q41, $A$4:$J$29, 9, 0) -> 15 | Z41: =VLOOKUP(R41, $A$4:$J$29, 9, 0) -> 7 | AA41: =VLOOKUP(S41, $A$4:$J$29, 9, 0) -> 7 | AC41: 1 | AD41: 1 | AE41: 1 | AF41: 1 | AG41: 1 | AH41: 1 | AI41: 1 | AK41: A | AL41: 1 | AM41: 1 | AN41: 1 | AO41: 1 | AP41: 70 | AQ41: 1 | AR41: 1 | AS41: 7
B42: [1,2,2] | C42: 0 | D42: 880 | E42: 830 | F42: 850 | G42: 1250 | H42: 0 | L42: 38 | M42: M6 | N42: TE | O42: M4 | P42: Q | Q42: J | R42: A | S42: M6 | U42: =VLOOKUP(M42, $A$4:$J$29, 9, 0) -> 7 | V42: =VLOOKUP(N42, $A$4:$J$29, 9, 0) -> 19 | W42: =VLOOKUP(O42, $A$4:$J$29, 9, 0) -> 10 | X42: =VLOOKUP(P42, $A$4:$J$29, 9, 0) -> 12 | Y42: =VLOOKUP(Q42, $A$4:$J$29, 9, 0) -> 15 | Z42: =VLOOKUP(R42, $A$4:$J$29, 9, 0) -> 11 | AA42: =VLOOKUP(S42, $A$4:$J$29, 9, 0) -> 7 | AC42: 1 | AD42: 1 | AE42: 1 | AF42: 1 | AG42: 1 | AH42: 1 | AI42: 1 | AK42: K | AL42: 1 | AM42: 1 | AN42: 1 | AO42: 70 | AP42: 1 | AQ42: 70 | AR42: 1 | AS42: 8
B43: [2,1,1,1] | C43: 0 | D43: 292 | E43: 305 | F43: 514 | G43: 608 | H43: 0 | L43: 39 | M43: J | N43: GA | O43: TE | P43: M5 | Q43: M4 | R43: A | S43: M6 | U43: =VLOOKUP(M43, $A$4:$J$29, 9, 0) -> 15 | V43: =VLOOKUP(N43, $A$4:$J$29, 9, 0) -> 0 | W43: =VLOOKUP(O43, $A$4:$J$29, 9, 0) -> 19 | X43: =VLOOKUP(P43, $A$4:$J$29, 9, 0) -> 14 | Y43: =VLOOKUP(Q43, $A$4:$J$29, 9, 0) -> 10 | Z43: =VLOOKUP(R43, $A$4:$J$29, 9, 0) -> 11 | AA43: =VLOOKUP(S43, $A$4:$J$29, 9, 0) -> 7 | AC43: 1 | AD43: 1 | AE43: 1 | AF43: 1 | AG43: 1 | AH43: 1 | AI43: 1 | AK43: Q | AL43: 1 | AM43: 1 | AN43: 5 | AO43: 1 | AP43: 1 | AQ43: 1 | AR43: 3 | AS43: 9
B44: [1,2,1,1] | C44: 0 | D44: 292 | E44: 305 | F44: 514 | G44: 608 | H44: 0 | L44: 40 | M44: TE | N44: A | O44: J | P44: TE | Q44: M4 | R44: Q | S44: M5 | U44: =VLOOKUP(M44, $A$4:$J$29, 9, 0) -> 19 | V44: =VLOOKUP(N44, $A$4:$J$29, 9, 0) -> 11 | W44: =VLOOKUP(O44, $A$4:$J$29, 9, 0) -> 15 | X44: =VLOOKUP(P44, $A$4:$J$29, 9, 0) -> 19 | Y44: =VLOOKUP(Q44, $A$4:$J$29, 9, 0) -> 10 | Z44: =VLOOKUP(R44, $A$4:$J$29, 9, 0) -> 12 | AA44: =VLOOKUP(S44, $A$4:$J$29, 9, 0) -> 14 | AC44: 1 | AD44: 1 | AE44: 1 | AF44: 1 | AG44: 1 | AH44: 1 | AI44: 3 | AK44: J | AL44: 1 | AM44: 70 | AN44: 1 | AO44: 1 | AP44: 1 | AQ44: 1 | AR44: 1 | AS44: 10
... B47: [1,1,1,1,1] | C47: 1 | D47: 470 | E47: 640 | F47: 360 | G47: 290 | H47: 1 | L47: 43 | M47: TE | N47: M2 | O47: A | P47: Q | Q47: M6 | R47: A | S47: M2 | U47: =VLOOKUP(M47, $A$4:$J$29, 9, 0) -> 19 | V47: =VLOOKUP(N47, $A$4:$J$29, 9, 0) -> 12 | W47: =VLOOKUP(O47, $A$4:$J$29, 9, 0) -> 11 | X47: =VLOOKUP(P47, $A$4:$J$29, 9, 0) -> 12 | Y47: =VLOOKUP(Q47, $A$4:$J$29, 9, 0) -> 7 | Z47: =VLOOKUP(R47, $A$4:$J$29, 9, 0) -> 11 | AA47: =VLOOKUP(S47, $A$4:$J$29, 9, 0) -> 12 | AC47: 1 | AD47: 1 | AE47: 1 | AF47: 1 | AG47: 1 | AH47: 1 | AI47: 3 | AK47: G2 | AL47: 0 | AM47: 1 | AN47: 1 | AO47: 1 | AP47: 1 | AQ47: 0 | AR47: 0 | AS47: 13
L48: 44 | M48: K | N48: G4 | O48: K | P48: Q | Q48: M6 | R48: K | S48: M2 | U48: =VLOOKUP(M48, $A$4:$J$29, 9, 0) -> 7 | V48: =VLOOKUP(N48, $A$4:$J$29, 9, 0) -> 0 | W48: =VLOOKUP(O48, $A$4:$J$29, 9, 0) -> 7 | X48: =VLOOKUP(P48, $A$4:$J$29, 9, 0) -> 12 | Y48: =VLOOKUP(Q48, $A$4:$J$29, 9, 0) -> 7 | Z48: =VLOOKUP(R48, $A$4:$J$29, 9, 0) -> 7 | AA48: =VLOOKUP(S48, $A$4:$J$29, 9, 0) -> 12 | AC48: 1 | AD48: 1 | AE48: 1 | AF48: 1 | AG48: 1 | AH48: 1 | AI48: 1 | AK48: G3 | AL48: 0 | AM48: 1 | AN48: 1 | AO48: 1 | AP48: 1 | AQ48: 0 | AR48: 0 | AS48: 14
L49: 45 | M49: K | N49: Q | O49: GK | P49: M2 | Q49: J | R49: K | S49: M4 | U49: =VLOOKUP(M49, $A$4:$J$29, 9, 0) -> 7 | V49: =VLOOKUP(N49, $A$4:$J$29, 9, 0) -> 12 | W49: =VLOOKUP(O49, $A$4:$J$29, 9, 0) -> 0 | X49: =VLOOKUP(P49, $A$4:$J$29, 9, 0) -> 12 | Y49: =VLOOKUP(Q49, $A$4:$J$29, 9, 0) -> 15 | Z49: =VLOOKUP(R49, $A$4:$J$29, 9, 0) -> 7 | AA49: =VLOOKUP(S49, $A$4:$J$29, 9, 0) -> 10 | AC49: 1 | AD49: 1 | AE49: 1 | AF49: 1 | AG49: 1 | AH49: 1 | AI49: 3 | AK49: G4 | AL49: 0 | AM49: 1 | AN49: 1 | AO49: 1 | AP49: 1 | AQ49: 0 | AR49: 0 | AS49: 15
B50: MY Weight | C50: Weight | L50: 46 | M50: J | N50: A | O50: M2 | P50: M2 | Q50: J | R50: M5 | S50: M4 | U50: =VLOOKUP(M50, $A$4:$J$29, 9, 0) -> 15 | V50: =VLOOKUP(N50, $A$4:$J$29, 9, 0) -> 11 | W50: =VLOOKUP(O50, $A$4:$J$29, 9, 0) -> 12 | X50: =VLOOKUP(P50, $A$4:$J$29, 9, 0) -> 12 | Y50: =VLOOKUP(Q50, $A$4:$J$29, 9, 0) -> 15 | Z50: =VLOOKUP(R50, $A$4:$J$29, 9, 0) -> 14 | AA50: =VLOOKUP(S50, $A$4:$J$29, 9, 0) -> 10 | AC50: 1 | AD50: 1 | AE50: 1 | AF50: 1 | AG50: 1 | AH50: 1 | AI50: 1 | AK50: G5 | AL50: 0 | AM50: 1 | AN50: 1 | AO50: 1 | AP50: 2 | AQ50: 0 | AR50: 0 | AS50: 16
B51: WW | C51: 0 | L51: 47 | M51: Q | N51: Q | O51: A | P51: M2 | Q51: M6 | R51: M5 | S51: M4 | U51: =VLOOKUP(M51, $A$4:$J$29, 9, 0) -> 12 | V51: =VLOOKUP(N51, $A$4:$J$29, 9, 0) -> 12 | W51: =VLOOKUP(O51, $A$4:$J$29, 9, 0) -> 11 | X51: =VLOOKUP(P51, $A$4:$J$29, 9, 0) -> 12 | Y51: =VLOOKUP(Q51, $A$4:$J$29, 9, 0) -> 7 | Z51: =VLOOKUP(R51, $A$4:$J$29, 9, 0) -> 14 | AA51: =VLOOKUP(S51, $A$4:$J$29, 9, 0) -> 10 | AC51: 1 | AD51: 1 | AE51: 1 | AF51: 1 | AG51: 1 | AH51: 1 | AI51: 1 | AK51: G6 | AL51: 0 | AM51: 1 | AN51: 1 | AO51: 1 | AP51: 1 | AQ51: 0 | AR51: 0 | AS51: 17
B52: C1 | C52: 0 | L52: 48 | M52: TE | N52: Q | O52: A | P52: M5 | Q52: M6 | R52: Q | S52: M3 | U52: =VLOOKUP(M52, $A$4:$J$29, 9, 0) -> 19 | V52: =VLOOKUP(N52, $A$4:$J$29, 9, 0) -> 12 | W52: =VLOOKUP(O52, $A$4:$J$29, 9, 0) -> 11 | X52: =VLOOKUP(P52, $A$4:$J$29, 9, 0) -> 14 | Y52: =VLOOKUP(Q52, $A$4:$J$29, 9, 0) -> 7 | Z52: =VLOOKUP(R52, $A$4:$J$29, 9, 0) -> 12 | AA52: =VLOOKUP(S52, $A$4:$J$29, 9, 0) -> 14 | AC52: 1 | AD52: 1 | AE52: 1 | AF52: 1 | AG52: 1 | AH52: 1 | AI52: 3 | AK52: GA | AL52: 0 | AM52: 1 | AN52: 1 | AO52: 1 | AP52: 1 | AQ52: 0 | AR52: 0 | AS52: 17
B53: M1 | C53: 2 | L53: 49 | M53: J | N53: M5 | O53: J | P53: M5 | Q53: Q | R53: Q | S53: M3 | U53: =VLOOKUP(M53, $A$4:$J$29, 9, 0) -> 15 | V53: =VLOOKUP(N53, $A$4:$J$29, 9, 0) -> 14 | W53: =VLOOKUP(O53, $A$4:$J$29, 9, 0) -> 15 | X53: =VLOOKUP(P53, $A$4:$J$29, 9, 0) -> 14 | Y53: =VLOOKUP(Q53, $A$4:$J$29, 9, 0) -> 12 | Z53: =VLOOKUP(R53, $A$4:$J$29, 9, 0) -> 12 | AA53: =VLOOKUP(S53, $A$4:$J$29, 9, 0) -> 14 | AC53: 1 | AD53: 1 | AE53: 1 | AF53: 1 | AG53: 1 | AH53: 1 | AI53: 1 | AK53: GK | AL53: 0 | AM53: 1 | AN53: 1 | AO53: 1 | AP53: 1 | AQ53: 0 | AR53: 0 | AS53: 18
B54: M2 | C54: 3 | L54: 50 | M54: M6 | N54: M5 | O54: J | P54: M3 | Q54: M2 | R54: TE | S54: M3 | U54: =VLOOKUP(M54, $A$4:$J$29, 9, 0) -> 7 | V54: =VLOOKUP(N54, $A$4:$J$29, 9, 0) -> 14 | W54: =VLOOKUP(O54, $A$4:$J$29, 9, 0) -> 15 | X54: =VLOOKUP(P54, $A$4:$J$29, 9, 0) -> 14 | Y54: =VLOOKUP(Q54, $A$4:$J$29, 9, 0) -> 12 | Z54: =VLOOKUP(R54, $A$4:$J$29, 9, 0) -> 19 | AA54: =VLOOKUP(S54, $A$4:$J$29, 9, 0) -> 14 | AC54: 1 | AD54: 1 | AE54: 1 | AF54: 1 | AG54: 1 | AH54: 1 | AI54: 1 | AK54: GQ | AL54: 0 | AM54: 1 | AN54: 1 | AO54: 1 | AP54: 1 | AQ54: 0 | AR54: 0 | AS54: 19
B55: M3 | C55: 5 | L55: 51 | M55: K | N55: G5 | O55: M5 | P55: M3 | Q55: M2 | R55: TE | S55: M5 | U55: =VLOOKUP(M55, $A$4:$J$29, 9, 0) -> 7 | V55: =VLOOKUP(N55, $A$4:$J$29, 9, 0) -> 0 | W55: =VLOOKUP(O55, $A$4:$J$29, 9, 0) -> 14 | X55: =VLOOKUP(P55, $A$4:$J$29, 9, 0) -> 14 | Y55: =VLOOKUP(Q55, $A$4:$J$29, 9, 0) -> 12 | Z55: =VLOOKUP(R55, $A$4:$J$29, 9, 0) -> 19 | AA55: =VLOOKUP(S55, $A$4:$J$29, 9, 0) -> 14 | AC55: 1 | AD55: 1 | AE55: 1 | AF55: 1 | AG55: 1 | AH55: 1 | AI55: 3 | AK55: GJ | AL55: 0 | AM55: 1 | AN55: 1 | AO55: 1 | AP55: 1 | AQ55: 0 | AR55: 0 | AS55: 20
B56: M4 | C56: 8 | L56: 52 | M56: J | N56: Q | O56: K | P56: J | Q56: J | R56: A | S56: M5 | U56: =VLOOKUP(M56, $A$4:$J$29, 9, 0) -> 15 | V56: =VLOOKUP(N56, $A$4:$J$29, 9, 0) -> 12 | W56: =VLOOKUP(O56, $A$4:$J$29, 9, 0) -> 7 | X56: =VLOOKUP(P56, $A$4:$J$29, 9, 0) -> 15 | Y56: =VLOOKUP(Q56, $A$4:$J$29, 9, 0) -> 15 | Z56: =VLOOKUP(R56, $A$4:$J$29, 9, 0) -> 11 | AA56: =VLOOKUP(S56, $A$4:$J$29, 9, 0) -> 14 | AC56: 1 | AD56: 1 | AE56: 1 | AF56: 1 | AG56: 1 | AH56: 1 | AI56: 1 | AK56: GT | AL56: 0 | AM56: 1 | AN56: 1 | AO56: 1 | AP56: 1 | AQ56: 0 | AR56: 0 | AS56: 21
B57: M5 | C57: 12 | L57: 53 | M57: J | N57: Q | O57: K | P57: J | Q57: A | R57: Q | S57: M5 | U57: =VLOOKUP(M57, $A$4:$J$29, 9, 0) -> 15 | V57: =VLOOKUP(N57, $A$4:$J$29, 9, 0) -> 12 | W57: =VLOOKUP(O57, $A$4:$J$29, 9, 0) -> 7 | X57: =VLOOKUP(P57, $A$4:$J$29, 9, 0) -> 15 | Y57: =VLOOKUP(Q57, $A$4:$J$29, 9, 0) -> 11 | Z57: =VLOOKUP(R57, $A$4:$J$29, 9, 0) -> 12 | AA57: =VLOOKUP(S57, $A$4:$J$29, 9, 0) -> 14 | AC57: 1 | AD57: 1 | AE57: 1 | AF57: 1 | AG57: 1 | AH57: 1 | AI57: 1 | AK57: MY | AL57: 0 | AM57: 0 | AN57: 0 | AO57: 0 | AP57: 0 | AQ57: 0 | AR57: 0 | AS57: 24
B58: M6 | C58: 10 | L58: 54 | M58: M4 | N58: TE | O58: M4 | P58: M5 | Q58: A | R58: Q | S58: M6 | U58: =VLOOKUP(M58, $A$4:$J$29, 9, 0) -> 10 | V58: =VLOOKUP(N58, $A$4:$J$29, 9, 0) -> 19 | W58: =VLOOKUP(O58, $A$4:$J$29, 9, 0) -> 10 | X58: =VLOOKUP(P58, $A$4:$J$29, 9, 0) -> 14 | Y58: =VLOOKUP(Q58, $A$4:$J$29, 9, 0) -> 11 | Z58: =VLOOKUP(R58, $A$4:$J$29, 9, 0) -> 12 | AA58: =VLOOKUP(S58, $A$4:$J$29, 9, 0) -> 7 | AC58: 1 | AD58: 1 | AE58: 1 | AF58: 1 | AG58: 1 | AH58: 1 | AI58: 2 | AK58: GM | AL58: 0 | AM58: 1 | AN58: 1 | AO58: 1 | AP58: 1 | AQ58: 0 | AR58: 0 | AS58: 25
B59: A | C59: 10 | L59: 55 | M59: M4 | N59: J | O59: J | P59: M5 | Q59: M2 | R59: M5 | S59: M6 | U59: =VLOOKUP(M59, $A$4:$J$29, 9, 0) -> 10 | V59: =VLOOKUP(N59, $A$4:$J$29, 9, 0) -> 15 | W59: =VLOOKUP(O59, $A$4:$J$29, 9, 0) -> 15 | X59: =VLOOKUP(P59, $A$4:$J$29, 9, 0) -> 14 | Y59: =VLOOKUP(Q59, $A$4:$J$29, 9, 0) -> 12 | Z59: =VLOOKUP(R59, $A$4:$J$29, 9, 0) -> 14 | AA59: =VLOOKUP(S59, $A$4:$J$29, 9, 0) -> 7 | AC59: 1 | AD59: 1 | AE59: 1 | AF59: 1 | AG59: 1 | AH59: 1 | AI59: 1
B60: K | C60: 10 | L60: 56 | M60: TE | N60: J | O60: J | P60: G5 | Q60: M2 | R60: A | S60: M6 | U60: =VLOOKUP(M60, $A$4:$J$29, 9, 0) -> 19 | V60: =VLOOKUP(N60, $A$4:$J$29, 9, 0) -> 15 | W60: =VLOOKUP(O60, $A$4:$J$29, 9, 0) -> 15 | X60: =VLOOKUP(P60, $A$4:$J$29, 9, 0) -> 0 | Y60: =VLOOKUP(Q60, $A$4:$J$29, 9, 0) -> 12 | Z60: =VLOOKUP(R60, $A$4:$J$29, 9, 0) -> 11 | AA60: =VLOOKUP(S60, $A$4:$J$29, 9, 0) -> 7 | AC60: 1 | AD60: 1 | AE60: 1 | AF60: 1 | AG60: 1 | AH60: 1 | AI60: 1 | AK60: Drop Weights Weight (3 Combo)
B61: Q | C61: 10 | L61: 57 | M61: TE | N61: Q | O61: TE | P61: M4 | Q61: J | R61: K | S61: K | U61: =VLOOKUP(M61, $A$4:$J$29, 9, 0) -> 19 | V61: =VLOOKUP(N61, $A$4:$J$29, 9, 0) -> 12 | W61: =VLOOKUP(O61, $A$4:$J$29, 9, 0) -> 19 | X61: =VLOOKUP(P61, $A$4:$J$29, 9, 0) -> 10 | Y61: =VLOOKUP(Q61, $A$4:$J$29, 9, 0) -> 15 | Z61: =VLOOKUP(R61, $A$4:$J$29, 9, 0) -> 7 | AA61: =VLOOKUP(S61, $A$4:$J$29, 9, 0) -> 7 | AC61: 1 | AD61: 1 | AE61: 1 | AF61: 1 | AG61: 1 | AH61: 1 | AI61: 1 | AK61: Symbol | AL61: R1 | AM61: R2 | AN61: R3 | AO61: R4 | AP61: R5 | AQ61: R6 | AR61: R7 | AS61: ID
B62: J | C62: 10 | L62: 58 | M62: M6 | N62: G2 | O62: A | P62: A | Q62: J | R62: A | S62: K | U62: =VLOOKUP(M62, $A$4:$J$29, 9, 0) -> 7 | V62: =VLOOKUP(N62, $A$4:$J$29, 9, 0) -> 0 | W62: =VLOOKUP(O62, $A$4:$J$29, 9, 0) -> 11 | X62: =VLOOKUP(P62, $A$4:$J$29, 9, 0) -> 11 | Y62: =VLOOKUP(Q62, $A$4:$J$29, 9, 0) -> 15 | Z62: =VLOOKUP(R62, $A$4:$J$29, 9, 0) -> 11 | AA62: =VLOOKUP(S62, $A$4:$J$29, 9, 0) -> 7 | AC62: 1 | AD62: 1 | AE62: 1 | AF62: 1 | AG62: 1 | AH62: 1 | AI62: 1 | AK62: WW | AL62: 0 | AM62: 0 | AN62: 0 | AO62: 0 | AP62: 0 | AQ62: 0 | AR62: 0 | AS62: 0
B63: TE | C63: 10 | L63: 59 | M63: K | N63: M5 | O63: TE | P63: M3 | Q63: M6 | R63: M5 | S63: M3 | U63: =VLOOKUP(M63, $A$4:$J$29, 9, 0) -> 7 | V63: =VLOOKUP(N63, $A$4:$J$29, 9, 0) -> 14 | W63: =VLOOKUP(O63, $A$4:$J$29, 9, 0) -> 19 | X63: =VLOOKUP(P63, $A$4:$J$29, 9, 0) -> 14 | Y63: =VLOOKUP(Q63, $A$4:$J$29, 9, 0) -> 7 | Z63: =VLOOKUP(R63, $A$4:$J$29, 9, 0) -> 14 | AA63: =VLOOKUP(S63, $A$4:$J$29, 9, 0) -> 14 | AC63: 1 | AD63: 1 | AE63: 1 | AF63: 1 | AG63: 1 | AH63: 1 | AI63: 3 | AK63: C1 | AL63: 0 | AM63: 0 | AN63: 0 | AO63: 0 | AP63: 0 | AQ63: 0 | AR63: 0 | AS63: 1
L64: 60 | M64: K | N64: G5 | O64: GT | P64: M3 | Q64: J | R64: A | S64: M3 | U64: =VLOOKUP(M64, $A$4:$J$29, 9, 0) -> 7 | V64: =VLOOKUP(N64, $A$4:$J$29, 9, 0) -> 0 | W64: =VLOOKUP(O64, $A$4:$J$29, 9, 0) -> 0 | X64: =VLOOKUP(P64, $A$4:$J$29, 9, 0) -> 14 | Y64: =VLOOKUP(Q64, $A$4:$J$29, 9, 0) -> 15 | Z64: =VLOOKUP(R64, $A$4:$J$29, 9, 0) -> 11 | AA64: =VLOOKUP(S64, $A$4:$J$29, 9, 0) -> 14 | AC64: 1 | AD64: 1 | AE64: 1 | AF64: 1 | AG64: 1 | AH64: 1 | AI64: 1 | AK64: M1 | AL64: 1 | AM64: 1 | AN64: 1 | AO64: 1 | AP64: 1 | AQ64: 1 | AR64: 0 | AS64: 2
L65: 61 | M65: J | N65: A | O65: K | P65: M3 | Q65: J | R65: A | S65: M3 | U65: =VLOOKUP(M65, $A$4:$J$29, 9, 0) -> 15 | V65: =VLOOKUP(N65, $A$4:$J$29, 9, 0) -> 11 | W65: =VLOOKUP(O65, $A$4:$J$29, 9, 0) -> 7 | X65: =VLOOKUP(P65, $A$4:$J$29, 9, 0) -> 14 | Y65: =VLOOKUP(Q65, $A$4:$J$29, 9, 0) -> 15 | Z65: =VLOOKUP(R65, $A$4:$J$29, 9, 0) -> 11 | AA65: =VLOOKUP(S65, $A$4:$J$29, 9, 0) -> 14 | AC65: 1 | AD65: 1 | AE65: 1 | AF65: 1 | AG65: 1 | AH65: 1 | AI65: 1 | AK65: M2 | AL65: 1 | AM65: 70 | AN65: 1 | AO65: 70 | AP65: 1 | AQ65: 1 | AR65: 0 | AS65: 3
B66: Post Scatter | C66: Weight | L66: 62 | M66: K | N66: A | O66: K | P66: Q | Q66: K | R66: K | S66: K | U66: =VLOOKUP(M66, $A$4:$J$29, 9, 0) -> 7 | V66: =VLOOKUP(N66, $A$4:$J$29, 9, 0) -> 11 | W66: =VLOOKUP(O66, $A$4:$J$29, 9, 0) -> 7 | X66: =VLOOKUP(P66, $A$4:$J$29, 9, 0) -> 12 | Y66: =VLOOKUP(Q66, $A$4:$J$29, 9, 0) -> 7 | Z66: =VLOOKUP(R66, $A$4:$J$29, 9, 0) -> 7 | AA66: =VLOOKUP(S66, $A$4:$J$29, 9, 0) -> 7 | AC66: 1 | AD66: 1 | AE66: 1 | AF66: 1 | AG66: 1 | AH66: 1 | AI66: 1 | AK66: M3 | AL66: 1 | AM66: 1 | AN66: 5 | AO66: 1 | AP66: 1 | AQ66: 70 | AR66: 1 | AS66: 4
B67: 0 | C67: 100 | L67: 63 | M67: TE | N67: M5 | O67: K | P67: Q | Q67: M4 | R67: TE | S67: K | U67: =VLOOKUP(M67, $A$4:$J$29, 9, 0) -> 19 | V67: =VLOOKUP(N67, $A$4:$J$29, 9, 0) -> 14 | W67: =VLOOKUP(O67, $A$4:$J$29, 9, 0) -> 7 | X67: =VLOOKUP(P67, $A$4:$J$29, 9, 0) -> 12 | Y67: =VLOOKUP(Q67, $A$4:$J$29, 9, 0) -> 10 | Z67: =VLOOKUP(R67, $A$4:$J$29, 9, 0) -> 19 | AA67: =VLOOKUP(S67, $A$4:$J$29, 9, 0) -> 7 | AC67: 1 | AD67: 1 | AE67: 1 | AF67: 1 | AG67: 1 | AH67: 1 | AI67: 1 | AK67: M4 | AL67: 1 | AM67: 70 | AN67: 1 | AO67: 1 | AP67: 1 | AQ67: 70 | AR67: 1 | AS67: 5
B68: 1 | C68: 0 | L68: 64 | M68: M3 | N68: Q | O68: M4 | P68: TE | Q68: M6 | R68: TE | S68: J | U68: =VLOOKUP(M68, $A$4:$J$29, 9, 0) -> 14 | V68: =VLOOKUP(N68, $A$4:$J$29, 9, 0) -> 12 | W68: =VLOOKUP(O68, $A$4:$J$29, 9, 0) -> 10 | X68: =VLOOKUP(P68, $A$4:$J$29, 9, 0) -> 19 | Y68: =VLOOKUP(Q68, $A$4:$J$29, 9, 0) -> 7 | Z68: =VLOOKUP(R68, $A$4:$J$29, 9, 0) -> 19 | AA68: =VLOOKUP(S68, $A$4:$J$29, 9, 0) -> 15 | AC68: 1 | AD68: 1 | AE68: 1 | AF68: 1 | AG68: 1 | AH68: 1 | AI68: 3 | AK68: M5 | AL68: 5 | AM68: 1 | AN68: 70 | AO68: 1 | AP68: 70 | AQ68: 1 | AR68: 1 | AS68: 6
B69: 2 | C69: 20 | L69: 65 | M69: Q | N69: Q | O69: A | P69: TE | Q69: M6 | R69: Q | S69: J | U69: =VLOOKUP(M69, $A$4:$J$29, 9, 0) -> 12 | V69: =VLOOKUP(N69, $A$4:$J$29, 9, 0) -> 12 | W69: =VLOOKUP(O69, $A$4:$J$29, 9, 0) -> 11 | X69: =VLOOKUP(P69, $A$4:$J$29, 9, 0) -> 19 | Y69: =VLOOKUP(Q69, $A$4:$J$29, 9, 0) -> 7 | Z69: =VLOOKUP(R69, $A$4:$J$29, 9, 0) -> 12 | AA69: =VLOOKUP(S69, $A$4:$J$29, 9, 0) -> 15 | AC69: 1 | AD69: 1 | AE69: 1 | AF69: 1 | AG69: 1 | AH69: 1 | AI69: 1 | AK69: M6 | AL69: 1 | AM69: 70 | AN69: 1 | AO69: 1 | AP69: 1 | AQ69: 70 | AR69: 1 | AS69: 7
B70: 3 | C70: 100 | L70: 66 | M70: Q | N70: TE | O70: A | P70: TE | Q70: M4 | R70: A | S70: J | U70: =VLOOKUP(M70, $A$4:$J$29, 9, 0) -> 12 | V70: =VLOOKUP(N70, $A$4:$J$29, 9, 0) -> 19 | W70: =VLOOKUP(O70, $A$4:$J$29, 9, 0) -> 11 | X70: =VLOOKUP(P70, $A$4:$J$29, 9, 0) -> 19 | Y70: =VLOOKUP(Q70, $A$4:$J$29, 9, 0) -> 10 | Z70: =VLOOKUP(R70, $A$4:$J$29, 9, 0) -> 11 | AA70: =VLOOKUP(S70, $A$4:$J$29, 9, 0) -> 15 | AC70: 1 | AD70: 1 | AE70: 1 | AF70: 1 | AG70: 1 | AH70: 1 | AI70: 1 | AK70: A | AL70: 1 | AM70: 1 | AN70: 1 | AO70: 1 | AP70: 70 | AQ70: 1 | AR70: 1 | AS70: 8
B71: 4 | C71: 5 | L71: 67 | M71: M4 | N71: Q | O71: A | P71: K | Q71: M4 | R71: M5 | S71: TE | U71: =VLOOKUP(M71, $A$4:$J$29, 9, 0) -> 10 | V71: =VLOOKUP(N71, $A$4:$J$29, 9, 0) -> 12 | W71: =VLOOKUP(O71, $A$4:$J$29, 9, 0) -> 11 | X71: =VLOOKUP(P71, $A$4:$J$29, 9, 0) -> 7 | Y71: =VLOOKUP(Q71, $A$4:$J$29, 9, 0) -> 10 | Z71: =VLOOKUP(R71, $A$4:$J$29, 9, 0) -> 14 | AA71: =VLOOKUP(S71, $A$4:$J$29, 9, 0) -> 19 | AC71: 1 | AD71: 1 | AE71: 1 | AF71: 1 | AG71: 1 | AH71: 1 | AI71: 1 | AK71: K | AL71: 1 | AM71: 1 | AN71: 1 | AO71: 70 | AP71: 1 | AQ71: 70 | AR71: 1 | AS71: 9
B72: 5 | C72: 0 | L72: 68 | M72: M4 | N72: Q | O72: J | P72: G5 | Q72: G5 | R72: M5 | S72: M2 | U72: =VLOOKUP(M72, $A$4:$J$29, 9, 0) -> 10 | V72: =VLOOKUP(N72, $A$4:$J$29, 9, 0) -> 12 | W72: =VLOOKUP(O72, $A$4:$J$29, 9, 0) -> 15 | X72: =VLOOKUP(P72, $A$4:$J$29, 9, 0) -> 0 | Y72: =VLOOKUP(Q72, $A$4:$J$29, 9, 0) -> 0 | Z72: =VLOOKUP(R72, $A$4:$J$29, 9, 0) -> 14 | AA72: =VLOOKUP(S72, $A$4:$J$29, 9, 0) -> 12 | AC72: 1 | AD72: 1 | AE72: 1 | AF72: 1 | AG72: 1 | AH72: 1 | AI72: 1 | AK72: Q | AL72: 1 | AM72: 1 | AN72: 5 | AO72: 1 | AP72: 1 | AQ72: 1 | AR72: 3 | AS72: 10
B73: 6 | C73: 0 | L73: 69 | M73: K | N73: Q | O73: J | P73: M5 | Q73: M5 | R73: TE | S73: M2 | U73: =VLOOKUP(M73, $A$4:$J$29, 9, 0) -> 7 | V73: =VLOOKUP(N73, $A$4:$J$29, 9, 0) -> 12 | W73: =VLOOKUP(O73, $A$4:$J$29, 9, 0) -> 15 | X73: =VLOOKUP(P73, $A$4:$J$29, 9, 0) -> 14 | Y73: =VLOOKUP(Q73, $A$4:$J$29, 9, 0) -> 14 | Z73: =VLOOKUP(R73, $A$4:$J$29, 9, 0) -> 19 | AA73: =VLOOKUP(S73, $A$4:$J$29, 9, 0) -> 12 | AC73: 1 | AD73: 1 | AE73: 1 | AF73: 1 | AG73: 1 | AH73: 1 | AI73: 1 | AK73: J | AL73: 1 | AM73: 70 | AN73: 1 | AO73: 1 | AP73: 1 | AQ73: 1 | AR73: 1 | AS73: 11
B74: 7 | C74: 0 | L74: 70 | M74: TE | N74: GJ | O74: J | P74: M5 | Q74: M4 | R74: J | S74: M3 | U74: =VLOOKUP(M74, $A$4:$J$29, 9, 0) -> 19 | V74: =VLOOKUP(N74, $A$4:$J$29, 9, 0) -> 0 | W74: =VLOOKUP(O74, $A$4:$J$29, 9, 0) -> 15 | X74: =VLOOKUP(P74, $A$4:$J$29, 9, 0) -> 14 | Y74: =VLOOKUP(Q74, $A$4:$J$29, 9, 0) -> 10 | Z74: =VLOOKUP(R74, $A$4:$J$29, 9, 0) -> 15 | AA74: =VLOOKUP(S74, $A$4:$J$29, 9, 0) -> 14 | AC74: 1 | AD74: 1 | AE74: 1 | AF74: 1 | AG74: 1 | AH74: 1 | AI74: 3 | AK74: TE | AL74: 70 | AM74: 1 | AN74: 1 | AO74: 1 | AP74: 1 | AQ74: 1 | AR74: 1 | AS74: 12
L75: 71 | M75: TE | N75: J | O75: K | P75: A | Q75: A | R75: A | S75: M3 | U75: =VLOOKUP(M75, $A$4:$J$29, 9, 0) -> 19 | V75: =VLOOKUP(N75, $A$4:$J$29, 9, 0) -> 15 | W75: =VLOOKUP(O75, $A$4:$J$29, 9, 0) -> 7 | X75: =VLOOKUP(P75, $A$4:$J$29, 9, 0) -> 11 | Y75: =VLOOKUP(Q75, $A$4:$J$29, 9, 0) -> 11 | Z75: =VLOOKUP(R75, $A$4:$J$29, 9, 0) -> 11 | AA75: =VLOOKUP(S75, $A$4:$J$29, 9, 0) -> 14 | AC75: 1 | AD75: 1 | AE75: 1 | AF75: 1 | AG75: 1 | AH75: 1 | AI75: 1 | AK75: G1 | AL75: 0 | AM75: 0 | AN75: 0 | AO75: 0 | AP75: 0 | AQ75: 0 | AR75: 0 | AS75: 13
L76: 72 | M76: K | N76: G6 | O76: M4 | P76: M5 | Q76: M4 | R76: A | S76: M3 | U76: =VLOOKUP(M76, $A$4:$J$29, 9, 0) -> 7 | V76: =VLOOKUP(N76, $A$4:$J$29, 9, 0) -> 0 | W76: =VLOOKUP(O76, $A$4:$J$29, 9, 0) -> 10 | X76: =VLOOKUP(P76, $A$4:$J$29, 9, 0) -> 14 | Y76: =VLOOKUP(Q76, $A$4:$J$29, 9, 0) -> 10 | Z76: =VLOOKUP(R76, $A$4:$J$29, 9, 0) -> 11 | AA76: =VLOOKUP(S76, $A$4:$J$29, 9, 0) -> 14 | AC76: 1 | AD76: 1 | AE76: 1 | AF76: 1 | AG76: 1 | AH76: 1 | AI76: 1 | AK76: G2 | AL76: 0 | AM76: 1 | AN76: 1 | AO76: 1 | AP76: 1 | AQ76: 0 | AR76: 0 | AS76: 14
L77: 73 | M77: J | N77: A | O77: J | P77: J | Q77: M3 | R77: M3 | S77: Q | U77: =VLOOKUP(M77, $A$4:$J$29, 9, 0) -> 15 | V77: =VLOOKUP(N77, $A$4:$J$29, 9, 0) -> 11 | W77: =VLOOKUP(O77, $A$4:$J$29, 9, 0) -> 15 | X77: =VLOOKUP(P77, $A$4:$J$29, 9, 0) -> 15 | Y77: =VLOOKUP(Q77, $A$4:$J$29, 9, 0) -> 14 | Z77: =VLOOKUP(R77, $A$4:$J$29, 9, 0) -> 14 | AA77: =VLOOKUP(S77, $A$4:$J$29, 9, 0) -> 12 | AC77: 1 | AD77: 1 | AE77: 1 | AF77: 1 | AG77: 1 | AH77: 1 | AI77: 2 | AK77: G3 | AL77: 0 | AM77: 1 | AN77: 1 | AO77: 1 | AP77: 1 | AQ77: 0 | AR77: 0 | AS77: 15
L78: 74 | M78: M5 | N78: MY | O78: J | P78: J | Q78: M3 | R78: M3 | S78: Q | U78: =VLOOKUP(M78, $A$4:$J$29, 9, 0) -> 14 | V78: =VLOOKUP(N78, $A$4:$J$29, 9, 0) -> 0 | W78: =VLOOKUP(O78, $A$4:$J$29, 9, 0) -> 15 | X78: =VLOOKUP(P78, $A$4:$J$29, 9, 0) -> 15 | Y78: =VLOOKUP(Q78, $A$4:$J$29, 9, 0) -> 14 | Z78: =VLOOKUP(R78, $A$4:$J$29, 9, 0) -> 14 | AA78: =VLOOKUP(S78, $A$4:$J$29, 9, 0) -> 12 | AC78: 1 | AD78: 1 | AE78: 1 | AF78: 1 | AG78: 1 | AH78: 1 | AI78: 1 | AK78: G4 | AL78: 0 | AM78: 1 | AN78: 1 | AO78: 1 | AP78: 1 | AQ78: 0 | AR78: 0 | AS78: 16
L79: 75 | M79: TE | N79: MY | O79: A | P79: GJ | Q79: G3 | R79: M3 | S79: Q | U79: =VLOOKUP(M79, $A$4:$J$29, 9, 0) -> 19 | V79: =VLOOKUP(N79, $A$4:$J$29, 9, 0) -> 0 | W79: =VLOOKUP(O79, $A$4:$J$29, 9, 0) -> 11 | X79: =VLOOKUP(P79, $A$4:$J$29, 9, 0) -> 0 | Y79: =VLOOKUP(Q79, $A$4:$J$29, 9, 0) -> 0 | Z79: =VLOOKUP(R79, $A$4:$J$29, 9, 0) -> 14 | AA79: =VLOOKUP(S79, $A$4:$J$29, 9, 0) -> 12 | AC79: 1 | AD79: 1 | AE79: 1 | AF79: 1 | AG79: 1 | AH79: 1 | AI79: 1 | AK79: G5 | AL79: 0 | AM79: 1 | AN79: 1 | AO79: 1 | AP79: 2 | AQ79: 0 | AR79: 0 | AS79: 17
L80: 76 | M80: TE | N80: M6 | O80: K | P80: TE | Q80: M5 | R80: M5 | S80: M3 | U80: =VLOOKUP(M80, $A$4:$J$29, 9, 0) -> 19 | V80: =VLOOKUP(N80, $A$4:$J$29, 9, 0) -> 7 | W80: =VLOOKUP(O80, $A$4:$J$29, 9, 0) -> 7 | X80: =VLOOKUP(P80, $A$4:$J$29, 9, 0) -> 19 | Y80: =VLOOKUP(Q80, $A$4:$J$29, 9, 0) -> 14 | Z80: =VLOOKUP(R80, $A$4:$J$29, 9, 0) -> 14 | AA80: =VLOOKUP(S80, $A$4:$J$29, 9, 0) -> 14 | AC80: 1 | AD80: 1 | AE80: 1 | AF80: 1 | AG80: 1 | AH80: 1 | AI80: 1 | AK80: G6 | AL80: 0 | AM80: 1 | AN80: 1 | AO80: 1 | AP80: 1 | AQ80: 0 | AR80: 0 | AS80: 18
L81: 77 | M81: Q | N81: M6 | O81: K | P81: TE | Q81: M5 | R81: M5 | S81: TE | U81: =VLOOKUP(M81, $A$4:$J$29, 9, 0) -> 12 | V81: =VLOOKUP(N81, $A$4:$J$29, 9, 0) -> 7 | W81: =VLOOKUP(O81, $A$4:$J$29, 9, 0) -> 7 | X81: =VLOOKUP(P81, $A$4:$J$29, 9, 0) -> 19 | Y81: =VLOOKUP(Q81, $A$4:$J$29, 9, 0) -> 14 | Z81: =VLOOKUP(R81, $A$4:$J$29, 9, 0) -> 14 | AA81: =VLOOKUP(S81, $A$4:$J$29, 9, 0) -> 19 | AC81: 1 | AD81: 1 | AE81: 1 | AF81: 1 | AG81: 1 | AH81: 1 | AI81: 3 | AK81: GA | AL81: 0 | AM81: 1 | AN81: 1 | AO81: 1 | AP81: 1 | AQ81: 0 | AR81: 0 | AS81: 19
L82: 78 | M82: J | N82: M2 | O82: K | P82: A | Q82: M6 | R82: M5 | S82: TE | U82: =VLOOKUP(M82, $A$4:$J$29, 9, 0) -> 15 | V82: =VLOOKUP(N82, $A$4:$J$29, 9, 0) -> 12 | W82: =VLOOKUP(O82, $A$4:$J$29, 9, 0) -> 7 | X82: =VLOOKUP(P82, $A$4:$J$29, 9, 0) -> 11 | Y82: =VLOOKUP(Q82, $A$4:$J$29, 9, 0) -> 7 | Z82: =VLOOKUP(R82, $A$4:$J$29, 9, 0) -> 14 | AA82: =VLOOKUP(S82, $A$4:$J$29, 9, 0) -> 19 | AC82: 1 | AD82: 1 | AE82: 1 | AF82: 1 | AG82: 1 | AH82: 1 | AI82: 1 | AK82: GK | AL82: 0 | AM82: 1 | AN82: 1 | AO82: 1 | AP82: 1 | AQ82: 0 | AR82: 0 | AS82: 20
L83: 79 | M83: M5 | N83: M2 | O83: M4 | P83: G4 | Q83: M6 | R83: TE | S83: TE | U83: =VLOOKUP(M83, $A$4:$J$29, 9, 0) -> 14 | V83: =VLOOKUP(N83, $A$4:$J$29, 9, 0) -> 12 | W83: =VLOOKUP(O83, $A$4:$J$29, 9, 0) -> 10 | X83: =VLOOKUP(P83, $A$4:$J$29, 9, 0) -> 0 | Y83: =VLOOKUP(Q83, $A$4:$J$29, 9, 0) -> 7 | Z83: =VLOOKUP(R83, $A$4:$J$29, 9, 0) -> 19 | AA83: =VLOOKUP(S83, $A$4:$J$29, 9, 0) -> 19 | AC83: 1 | AD83: 1 | AE83: 1 | AF83: 1 | AG83: 1 | AH83: 1 | AI83: 1 | AK83: GQ | AL83: 0 | AM83: 1 | AN83: 1 | AO83: 1 | AP83: 1 | AQ83: 0 | AR83: 0 | AS83: 21
L84: 80 | M84: M5 | N84: K | O84: J | P84: M4 | Q84: G6 | R84: Q | S84: A | U84: =VLOOKUP(M84, $A$4:$J$29, 9, 0) -> 14 | V84: =VLOOKUP(N84, $A$4:$J$29, 9, 0) -> 7 | W84: =VLOOKUP(O84, $A$4:$J$29, 9, 0) -> 15 | X84: =VLOOKUP(P84, $A$4:$J$29, 9, 0) -> 10 | Y84: =VLOOKUP(Q84, $A$4:$J$29, 9, 0) -> 0 | Z84: =VLOOKUP(R84, $A$4:$J$29, 9, 0) -> 12 | AA84: =VLOOKUP(S84, $A$4:$J$29, 9, 0) -> 11 | AC84: 1 | AD84: 1 | AE84: 1 | AF84: 1 | AG84: 1 | AH84: 1 | AI84: 3 | AK84: GJ | AL84: 0 | AM84: 1 | AN84: 1 | AO84: 1 | AP84: 1 | AQ84: 0 | AR84: 0 | AS84: 22
L85: 81 | M85: J | N85: K | O85: M2 | P85: M5 | Q85: J | R85: Q | S85: A | U85: =VLOOKUP(M85, $A$4:$J$29, 9, 0) -> 15 | V85: =VLOOKUP(N85, $A$4:$J$29, 9, 0) -> 7 | W85: =VLOOKUP(O85, $A$4:$J$29, 9, 0) -> 12 | X85: =VLOOKUP(P85, $A$4:$J$29, 9, 0) -> 14 | Y85: =VLOOKUP(Q85, $A$4:$J$29, 9, 0) -> 15 | Z85: =VLOOKUP(R85, $A$4:$J$29, 9, 0) -> 12 | AA85: =VLOOKUP(S85, $A$4:$J$29, 9, 0) -> 11 | AC85: 1 | AD85: 1 | AE85: 1 | AF85: 1 | AG85: 1 | AH85: 1 | AI85: 1 | AK85: GT | AL85: 0 | AM85: 1 | AN85: 1 | AO85: 1 | AP85: 1 | AQ85: 0 | AR85: 0 | AS85: 23
L86: 82 | M86: TE | N86: Q | O86: M2 | P86: Q | Q86: J | R86: A | S86: A | U86: =VLOOKUP(M86, $A$4:$J$29, 9, 0) -> 19 | V86: =VLOOKUP(N86, $A$4:$J$29, 9, 0) -> 12 | W86: =VLOOKUP(O86, $A$4:$J$29, 9, 0) -> 12 | X86: =VLOOKUP(P86, $A$4:$J$29, 9, 0) -> 12 | Y86: =VLOOKUP(Q86, $A$4:$J$29, 9, 0) -> 15 | Z86: =VLOOKUP(R86, $A$4:$J$29, 9, 0) -> 11 | AA86: =VLOOKUP(S86, $A$4:$J$29, 9, 0) -> 11 | AC86: 1 | AD86: 1 | AE86: 1 | AF86: 1 | AG86: 1 | AH86: 1 | AI86: 1 | AK86: MY | AL86: 0 | AM86: 0 | AN86: 0 | AO86: 0 | AP86: 0 | AQ86: 0 | AR86: 0 | AS86: 24
L87: 83 | M87: J | N87: Q | O87: M2 | P87: M4 | Q87: M6 | R87: TE | S87: Q | U87: =VLOOKUP(M87, $A$4:$J$29, 9, 0) -> 15 | V87: =VLOOKUP(N87, $A$4:$J$29, 9, 0) -> 12 | W87: =VLOOKUP(O87, $A$4:$J$29, 9, 0) -> 12 | X87: =VLOOKUP(P87, $A$4:$J$29, 9, 0) -> 10 | Y87: =VLOOKUP(Q87, $A$4:$J$29, 9, 0) -> 7 | Z87: =VLOOKUP(R87, $A$4:$J$29, 9, 0) -> 19 | AA87: =VLOOKUP(S87, $A$4:$J$29, 9, 0) -> 12 | AC87: 1 | AD87: 1 | AE87: 1 | AF87: 1 | AG87: 1 | AH87: 1 | AI87: 3 | AK87: GM | AL87: 0 | AM87: 1 | AN87: 1 | AO87: 1 | AP87: 1 | AQ87: 0 | AR87: 0 | AS87: 25
L88: 84 | M88: J | N88: M5 | O88: M4 | P88: Q | Q88: M2 | R88: TE | S88: Q | U88: =VLOOKUP(M88, $A$4:$J$29, 9, 0) -> 15 | V88: =VLOOKUP(N88, $A$4:$J$29, 9, 0) -> 14 | W88: =VLOOKUP(O88, $A$4:$J$29, 9, 0) -> 10 | X88: =VLOOKUP(P88, $A$4:$J$29, 9, 0) -> 12 | Y88: =VLOOKUP(Q88, $A$4:$J$29, 9, 0) -> 12 | Z88: =VLOOKUP(R88, $A$4:$J$29, 9, 0) -> 19 | AA88: =VLOOKUP(S88, $A$4:$J$29, 9, 0) -> 12 | AC88: 1 | AD88: 1 | AE88: 1 | AF88: 1 | AG88: 1 | AH88: 1 | AI88: 1
L89: 85 | M89: TE | N89: A | O89: GA | P89: Q | Q89: K | R89: A | S89: Q | U89: =VLOOKUP(M89, $A$4:$J$29, 9, 0) -> 19 | V89: =VLOOKUP(N89, $A$4:$J$29, 9, 0) -> 11 | W89: =VLOOKUP(O89, $A$4:$J$29, 9, 0) -> 0 | X89: =VLOOKUP(P89, $A$4:$J$29, 9, 0) -> 12 | Y89: =VLOOKUP(Q89, $A$4:$J$29, 9, 0) -> 7 | Z89: =VLOOKUP(R89, $A$4:$J$29, 9, 0) -> 11 | AA89: =VLOOKUP(S89, $A$4:$J$29, 9, 0) -> 12 | AC89: 1 | AD89: 1 | AE89: 1 | AF89: 1 | AG89: 1 | AH89: 1 | AI89: 1 | AK89: Drop Weights Weight (4 Combo)
L90: 86 | M90: TE | N90: TE | O90: A | P90: Q | Q90: M4 | R90: M5 | S90: TE | U90: =VLOOKUP(M90, $A$4:$J$29, 9, 0) -> 19 | V90: =VLOOKUP(N90, $A$4:$J$29, 9, 0) -> 19 | W90: =VLOOKUP(O90, $A$4:$J$29, 9, 0) -> 11 | X90: =VLOOKUP(P90, $A$4:$J$29, 9, 0) -> 12 | Y90: =VLOOKUP(Q90, $A$4:$J$29, 9, 0) -> 10 | Z90: =VLOOKUP(R90, $A$4:$J$29, 9, 0) -> 14 | AA90: =VLOOKUP(S90, $A$4:$J$29, 9, 0) -> 19 | AC90: 1 | AD90: 1 | AE90: 1 | AF90: 1 | AG90: 1 | AH90: 1 | AI90: 1 | AK90: Symbol | AL90: R1 | AM90: R2 | AN90: R3 | AO90: R4 | AP90: R5 | AQ90: R6 | AR90: R7 | AS90: ID
L91: 87 | M91: TE | N91: TE | O91: A | P91: TE | Q91: Q | R91: A | S91: M5 | U91: =VLOOKUP(M91, $A$4:$J$29, 9, 0) -> 19 | V91: =VLOOKUP(N91, $A$4:$J$29, 9, 0) -> 19 | W91: =VLOOKUP(O91, $A$4:$J$29, 9, 0) -> 11 | X91: =VLOOKUP(P91, $A$4:$J$29, 9, 0) -> 19 | Y91: =VLOOKUP(Q91, $A$4:$J$29, 9, 0) -> 12 | Z91: =VLOOKUP(R91, $A$4:$J$29, 9, 0) -> 11 | AA91: =VLOOKUP(S91, $A$4:$J$29, 9, 0) -> 14 | AC91: 1 | AD91: 1 | AE91: 1 | AF91: 1 | AG91: 1 | AH91: 1 | AI91: 3 | AK91: WW | AL91: 0 | AM91: 0 | AN91: 0 | AO91: 0 | AP91: 0 | AQ91: 0 | AR91: 0 | AS91: 0
L92: 88 | M92: TE | N92: M3 | O92: J | P92: TE | Q92: Q | R92: A | S92: M5 | U92: =VLOOKUP(M92, $A$4:$J$29, 9, 0) -> 19 | V92: =VLOOKUP(N92, $A$4:$J$29, 9, 0) -> 14 | W92: =VLOOKUP(O92, $A$4:$J$29, 9, 0) -> 15 | X92: =VLOOKUP(P92, $A$4:$J$29, 9, 0) -> 19 | Y92: =VLOOKUP(Q92, $A$4:$J$29, 9, 0) -> 12 | Z92: =VLOOKUP(R92, $A$4:$J$29, 9, 0) -> 11 | AA92: =VLOOKUP(S92, $A$4:$J$29, 9, 0) -> 14 | AC92: 1 | AD92: 1 | AE92: 1 | AF92: 1 | AG92: 1 | AH92: 1 | AI92: 1 | AK92: C1 | AL92: 0 | AM92: 0 | AN92: 0 | AO92: 0 | AP92: 0 | AQ92: 0 | AR92: 0 | AS92: 1
L93: 89 | M93: J | N93: M2 | O93: J | P93: TE | Q93: K | R93: A | S93: M5 | U93: =VLOOKUP(M93, $A$4:$J$29, 9, 0) -> 15 | V93: =VLOOKUP(N93, $A$4:$J$29, 9, 0) -> 12 | W93: =VLOOKUP(O93, $A$4:$J$29, 9, 0) -> 15 | X93: =VLOOKUP(P93, $A$4:$J$29, 9, 0) -> 19 | Y93: =VLOOKUP(Q93, $A$4:$J$29, 9, 0) -> 7 | Z93: =VLOOKUP(R93, $A$4:$J$29, 9, 0) -> 11 | AA93: =VLOOKUP(S93, $A$4:$J$29, 9, 0) -> 14 | AC93: 1 | AD93: 1 | AE93: 1 | AF93: 1 | AG93: 1 | AH93: 1 | AI93: 1 | AK93: M1 | AL93: 1 | AM93: 1 | AN93: 1 | AO93: 1 | AP93: 1 | AQ93: 1 | AR93: 0 | AS93: 2
L94: 90 | M94: A | N94: M2 | O94: M4 | P94: M5 | Q94: K | R94: Q | S94: M5 | U94: =VLOOKUP(M94, $A$4:$J$29, 9, 0) -> 11 | V94: =VLOOKUP(N94, $A$4:$J$29, 9, 0) -> 12 | W94: =VLOOKUP(O94, $A$4:$J$29, 9, 0) -> 10 | X94: =VLOOKUP(P94, $A$4:$J$29, 9, 0) -> 14 | Y94: =VLOOKUP(Q94, $A$4:$J$29, 9, 0) -> 7 | Z94: =VLOOKUP(R94, $A$4:$J$29, 9, 0) -> 12 | AA94: =VLOOKUP(S94, $A$4:$J$29, 9, 0) -> 14 | AC94: 1 | AD94: 1 | AE94: 1 | AF94: 1 | AG94: 1 | AH94: 1 | AI94: 1 | AK94: M2 | AL94: 1 | AM94: 70 | AN94: 1 | AO94: 70 | AP94: 1 | AQ94: 1 | AR94: 0 | AS94: 3
L95: 91 | M95: J | N95: A | O95: J | P95: M5 | Q95: GK | R95: Q | S95: TE | U95: =VLOOKUP(M95, $A$4:$J$29, 9, 0) -> 15 | V95: =VLOOKUP(N95, $A$4:$J$29, 9, 0) -> 11 | W95: =VLOOKUP(O95, $A$4:$J$29, 9, 0) -> 15 | X95: =VLOOKUP(P95, $A$4:$J$29, 9, 0) -> 14 | Y95: =VLOOKUP(Q95, $A$4:$J$29, 9, 0) -> 0 | Z95: =VLOOKUP(R95, $A$4:$J$29, 9, 0) -> 12 | AA95: =VLOOKUP(S95, $A$4:$J$29, 9, 0) -> 19 | AC95: 1 | AD95: 1 | AE95: 1 | AF95: 1 | AG95: 1 | AH95: 1 | AI95: 3 | AK95: M3 | AL95: 1 | AM95: 1 | AN95: 5 | AO95: 1 | AP95: 1 | AQ95: 70 | AR95: 1 | AS95: 4
L96: 92 | M96: M5 | N96: M5 | O96: J | P96: M5 | Q96: J | R96: M5 | S96: TE | U96: =VLOOKUP(M96, $A$4:$J$29, 9, 0) -> 14 | V96: =VLOOKUP(N96, $A$4:$J$29, 9, 0) -> 14 | W96: =VLOOKUP(O96, $A$4:$J$29, 9, 0) -> 15 | X96: =VLOOKUP(P96, $A$4:$J$29, 9, 0) -> 14 | Y96: =VLOOKUP(Q96, $A$4:$J$29, 9, 0) -> 15 | Z96: =VLOOKUP(R96, $A$4:$J$29, 9, 0) -> 14 | AA96: =VLOOKUP(S96, $A$4:$J$29, 9, 0) -> 19 | AC96: 1 | AD96: 1 | AE96: 1 | AF96: 1 | AG96: 1 | AH96: 1 | AI96: 1 | AK96: M4 | AL96: 1 | AM96: 70 | AN96: 1 | AO96: 1 | AP96: 1 | AQ96: 70 | AR96: 1 | AS96: 5
L97: 93 | M97: A | N97: M4 | O97: TE | P97: TE | Q97: K | R97: M5 | S97: TE | U97: =VLOOKUP(M97, $A$4:$J$29, 9, 0) -> 11 | V97: =VLOOKUP(N97, $A$4:$J$29, 9, 0) -> 10 | W97: =VLOOKUP(O97, $A$4:$J$29, 9, 0) -> 19 | X97: =VLOOKUP(P97, $A$4:$J$29, 9, 0) -> 19 | Y97: =VLOOKUP(Q97, $A$4:$J$29, 9, 0) -> 7 | Z97: =VLOOKUP(R97, $A$4:$J$29, 9, 0) -> 14 | AA97: =VLOOKUP(S97, $A$4:$J$29, 9, 0) -> 19 | AC97: 1 | AD97: 1 | AE97: 1 | AF97: 1 | AG97: 1 | AH97: 1 | AI97: 1 | AK97: M5 | AL97: 5 | AM97: 1 | AN97: 70 | AO97: 1 | AP97: 70 | AQ97: 1 | AR97: 1 | AS97: 6
L98: 94 | M98: K | N98: G2 | O98: J | P98: TE | Q98: K | R98: M5 | S98: J | U98: =VLOOKUP(M98, $A$4:$J$29, 9, 0) -> 7 | V98: =VLOOKUP(N98, $A$4:$J$29, 9, 0) -> 0 | W98: =VLOOKUP(O98, $A$4:$J$29, 9, 0) -> 15 | X98: =VLOOKUP(P98, $A$4:$J$29, 9, 0) -> 19 | Y98: =VLOOKUP(Q98, $A$4:$J$29, 9, 0) -> 7 | Z98: =VLOOKUP(R98, $A$4:$J$29, 9, 0) -> 14 | AA98: =VLOOKUP(S98, $A$4:$J$29, 9, 0) -> 15 | AC98: 1 | AD98: 1 | AE98: 1 | AF98: 1 | AG98: 1 | AH98: 1 | AI98: 3 | AK98: M6 | AL98: 1 | AM98: 70 | AN98: 1 | AO98: 1 | AP98: 1 | AQ98: 70 | AR98: 1 | AS98: 7
L99: 95 | M99: K | N99: M5 | O99: J | P99: G6 | Q99: K | R99: TE | S99: J | U99: =VLOOKUP(M99, $A$4:$J$29, 9, 0) -> 7 | V99: =VLOOKUP(N99, $A$4:$J$29, 9, 0) -> 14 | W99: =VLOOKUP(O99, $A$4:$J$29, 9, 0) -> 15 | X99: =VLOOKUP(P99, $A$4:$J$29, 9, 0) -> 0 | Y99: =VLOOKUP(Q99, $A$4:$J$29, 9, 0) -> 7 | Z99: =VLOOKUP(R99, $A$4:$J$29, 9, 0) -> 19 | AA99: =VLOOKUP(S99, $A$4:$J$29, 9, 0) -> 15 | AC99: 1 | AD99: 1 | AE99: 1 | AF99: 1 | AG99: 1 | AH99: 1 | AI99: 1 | AK99: A | AL99: 1 | AM99: 1 | AN99: 1 | AO99: 1 | AP99: 70 | AQ99: 1 | AR99: 1 | AS99: 8
L100: 96 | M100: Q | N100: M5 | O100: J | P100: M6 | Q100: M6 | R100: M4 | S100: J | U100: =VLOOKUP(M100, $A$4:$J$29, 9, 0) -> 12 | V100: =VLOOKUP(N100, $A$4:$J$29, 9, 0) -> 14 | W100: =VLOOKUP(O100, $A$4:$J$29, 9, 0) -> 15 | X100: =VLOOKUP(P100, $A$4:$J$29, 9, 0) -> 7 | Y100: =VLOOKUP(Q100, $A$4:$J$29, 9, 0) -> 7 | Z100: =VLOOKUP(R100, $A$4:$J$29, 9, 0) -> 10 | AA100: =VLOOKUP(S100, $A$4:$J$29, 9, 0) -> 15 | AC100: 1 | AD100: 1 | AE100: 1 | AF100: 1 | AG100: 1 | AH100: 1 | AI100: 1 | AK100: K | AL100: 1 | AM100: 1 | AN100: 1 | AO100: 70 | AP100: 1 | AQ100: 70 | AR100: 1 | AS100: 9
L101: 97 | M101: TE | N101: M2 | O101: A | P101: M6 | Q101: M4 | R101: M4 | S101: TE | U101: =VLOOKUP(M101, $A$4:$J$29, 9, 0) -> 19 | V101: =VLOOKUP(N101, $A$4:$J$29, 9, 0) -> 12 | W101: =VLOOKUP(O101, $A$4:$J$29, 9, 0) -> 11 | X101: =VLOOKUP(P101, $A$4:$J$29, 9, 0) -> 7 | Y101: =VLOOKUP(Q101, $A$4:$J$29, 9, 0) -> 10 | Z101: =VLOOKUP(R101, $A$4:$J$29, 9, 0) -> 10 | AA101: =VLOOKUP(S101, $A$4:$J$29, 9, 0) -> 19 | AC101: 1 | AD101: 1 | AE101: 1 | AF101: 1 | AG101: 1 | AH101: 1 | AI101: 1 | AK101: Q | AL101: 1 | AM101: 1 | AN101: 5 | AO101: 1 | AP101: 1 | AQ101: 1 | AR101: 3 | AS101: 10
L102: 98 | M102: M3 | N102: M6 | O102: Q | P102: Q | Q102: J | R102: TE | S102: M4 | U102: =VLOOKUP(M102, $A$4:$J$29, 9, 0) -> 14 | V102: =VLOOKUP(N102, $A$4:$J$29, 9, 0) -> 7 | W102: =VLOOKUP(O102, $A$4:$J$29, 9, 0) -> 12 | X102: =VLOOKUP(P102, $A$4:$J$29, 9, 0) -> 12 | Y102: =VLOOKUP(Q102, $A$4:$J$29, 9, 0) -> 15 | Z102: =VLOOKUP(R102, $A$4:$J$29, 9, 0) -> 19 | AA102: =VLOOKUP(S102, $A$4:$J$29, 9, 0) -> 10 | AC102: 1 | AD102: 1 | AE102: 1 | AF102: 1 | AG102: 1 | AH102: 1 | AI102: 3 | AK102: J | AL102: 1 | AM102: 70 | AN102: 1 | AO102: 1 | AP102: 1 | AQ102: 1 | AR102: 1 | AS102: 11
... L116: 112 | M116: TE | N116: Q | O116: J | P116: GT | Q116: M6 | R116: Q | S116: M2 | U116: =VLOOKUP(M116, $A$4:$J$29, 9, 0) -> 19 | V116: =VLOOKUP(N116, $A$4:$J$29, 9, 0) -> 12 | W116: =VLOOKUP(O116, $A$4:$J$29, 9, 0) -> 15 | X116: =VLOOKUP(P116, $A$4:$J$29, 9, 0) -> 0 | Y116: =VLOOKUP(Q116, $A$4:$J$29, 9, 0) -> 7 | Z116: =VLOOKUP(R116, $A$4:$J$29, 9, 0) -> 12 | AA116: =VLOOKUP(S116, $A$4:$J$29, 9, 0) -> 12 | AC116: 1 | AD116: 1 | AE116: 1 | AF116: 1 | AG116: 1 | AH116: 1 | AI116: 1 | AK116: GM | AL116: 0 | AM116: 1 | AN116: 1 | AO116: 1 | AP116: 1 | AQ116: 0 | AR116: 0 | AS116: 25
L117: 113 | M117: TE | N117: M2 | O117: A | P117: J | Q117: M6 | R117: Q | S117: Q | U117: =VLOOKUP(M117, $A$4:$J$29, 9, 0) -> 19 | V117: =VLOOKUP(N117, $A$4:$J$29, 9, 0) -> 12 | W117: =VLOOKUP(O117, $A$4:$J$29, 9, 0) -> 11 | X117: =VLOOKUP(P117, $A$4:$J$29, 9, 0) -> 15 | Y117: =VLOOKUP(Q117, $A$4:$J$29, 9, 0) -> 7 | Z117: =VLOOKUP(R117, $A$4:$J$29, 9, 0) -> 12 | AA117: =VLOOKUP(S117, $A$4:$J$29, 9, 0) -> 12 | AC117: 1 | AD117: 1 | AE117: 1 | AF117: 1 | AG117: 1 | AH117: 1 | AI117: 1
L118: 114 | M118: Q | N118: M2 | O118: K | P118: K | Q118: M4 | R118: A | S118: Q | U118: =VLOOKUP(M118, $A$4:$J$29, 9, 0) -> 12 | V118: =VLOOKUP(N118, $A$4:$J$29, 9, 0) -> 12 | W118: =VLOOKUP(O118, $A$4:$J$29, 9, 0) -> 7 | X118: =VLOOKUP(P118, $A$4:$J$29, 9, 0) -> 7 | Y118: =VLOOKUP(Q118, $A$4:$J$29, 9, 0) -> 10 | Z118: =VLOOKUP(R118, $A$4:$J$29, 9, 0) -> 11 | AA118: =VLOOKUP(S118, $A$4:$J$29, 9, 0) -> 12 | AC118: 1 | AD118: 1 | AE118: 1 | AF118: 1 | AG118: 1 | AH118: 1 | AI118: 1 | AK118: Drop Weights Weight (5+ Combo)
L119: 115 | M119: TE | N119: M6 | O119: M4 | P119: G5 | Q119: G2 | R119: A | S119: TE | U119: =VLOOKUP(M119, $A$4:$J$29, 9, 0) -> 19 | V119: =VLOOKUP(N119, $A$4:$J$29, 9, 0) -> 7 | W119: =VLOOKUP(O119, $A$4:$J$29, 9, 0) -> 10 | X119: =VLOOKUP(P119, $A$4:$J$29, 9, 0) -> 0 | Y119: =VLOOKUP(Q119, $A$4:$J$29, 9, 0) -> 0 | Z119: =VLOOKUP(R119, $A$4:$J$29, 9, 0) -> 11 | AA119: =VLOOKUP(S119, $A$4:$J$29, 9, 0) -> 19 | AC119: 1 | AD119: 1 | AE119: 1 | AF119: 1 | AG119: 1 | AH119: 1 | AI119: 3 | AK119: Symbol | AL119: R1 | AM119: R2 | AN119: R3 | AO119: R4 | AP119: R5 | AQ119: R6 | AR119: R7 | AS119: ID
L120: 116 | M120: TE | N120: TE | O120: A | P120: M5 | Q120: M2 | R120: Q | S120: TE | U120: =VLOOKUP(M120, $A$4:$J$29, 9, 0) -> 19 | V120: =VLOOKUP(N120, $A$4:$J$29, 9, 0) -> 19 | W120: =VLOOKUP(O120, $A$4:$J$29, 9, 0) -> 11 | X120: =VLOOKUP(P120, $A$4:$J$29, 9, 0) -> 14 | Y120: =VLOOKUP(Q120, $A$4:$J$29, 9, 0) -> 12 | Z120: =VLOOKUP(R120, $A$4:$J$29, 9, 0) -> 12 | AA120: =VLOOKUP(S120, $A$4:$J$29, 9, 0) -> 19 | AC120: 1 | AD120: 1 | AE120: 1 | AF120: 1 | AG120: 1 | AH120: 1 | AI120: 1 | AK120: WW | AL120: 0 | AM120: 0 | AN120: 0 | AO120: 0 | AP120: 0 | AQ120: 0 | AR120: 0 | AS120: 0
L121: 117 | M121: M5 | N121: TE | O121: A | P121: Q | Q121: M2 | R121: Q | S121: TE | U121: =VLOOKUP(M121, $A$4:$J$29, 9, 0) -> 14 | V121: =VLOOKUP(N121, $A$4:$J$29, 9, 0) -> 19 | W121: =VLOOKUP(O121, $A$4:$J$29, 9, 0) -> 11 | X121: =VLOOKUP(P121, $A$4:$J$29, 9, 0) -> 12 | Y121: =VLOOKUP(Q121, $A$4:$J$29, 9, 0) -> 12 | Z121: =VLOOKUP(R121, $A$4:$J$29, 9, 0) -> 12 | AA121: =VLOOKUP(S121, $A$4:$J$29, 9, 0) -> 19 | AC121: 1 | AD121: 1 | AE121: 1 | AF121: 1 | AG121: 1 | AH121: 1 | AI121: 1 | AK121: C1 | AL121: 0 | AM121: 0 | AN121: 0 | AO121: 0 | AP121: 0 | AQ121: 0 | AR121: 0 | AS121: 1
L122: 118 | M122: TE | N122: GQ | O122: J | P122: Q | Q122: M6 | R122: Q | S122: K | U122: =VLOOKUP(M122, $A$4:$J$29, 9, 0) -> 19 | V122: =VLOOKUP(N122, $A$4:$J$29, 9, 0) -> 0 | W122: =VLOOKUP(O122, $A$4:$J$29, 9, 0) -> 15 | X122: =VLOOKUP(P122, $A$4:$J$29, 9, 0) -> 12 | Y122: =VLOOKUP(Q122, $A$4:$J$29, 9, 0) -> 7 | Z122: =VLOOKUP(R122, $A$4:$J$29, 9, 0) -> 12 | AA122: =VLOOKUP(S122, $A$4:$J$29, 9, 0) -> 7 | AC122: 1 | AD122: 1 | AE122: 1 | AF122: 1 | AG122: 1 | AH122: 1 | AI122: 3 | AK122: M1 | AL122: 1 | AM122: 1 | AN122: 1 | AO122: 1 | AP122: 1 | AQ122: 1 | AR122: 0 | AS122: 2
L123: 119 | M123: K | N123: Q | O123: K | P123: M5 | Q123: M2 | R123: A | S123: K | U123: =VLOOKUP(M123, $A$4:$J$29, 9, 0) -> 7 | V123: =VLOOKUP(N123, $A$4:$J$29, 9, 0) -> 12 | W123: =VLOOKUP(O123, $A$4:$J$29, 9, 0) -> 7 | X123: =VLOOKUP(P123, $A$4:$J$29, 9, 0) -> 14 | Y123: =VLOOKUP(Q123, $A$4:$J$29, 9, 0) -> 12 | Z123: =VLOOKUP(R123, $A$4:$J$29, 9, 0) -> 11 | AA123: =VLOOKUP(S123, $A$4:$J$29, 9, 0) -> 7 | AC123: 1 | AD123: 1 | AE123: 1 | AF123: 1 | AG123: 1 | AH123: 1 | AI123: 1 | AK123: M2 | AL123: 1 | AM123: 70 | AN123: 1 | AO123: 70 | AP123: 1 | AQ123: 1 | AR123: 0 | AS123: 3
L124: 120 | M124: K | N124: TE | O124: A | P124: M5 | Q124: M6 | R124: Q | S124: K | U124: =VLOOKUP(M124, $A$4:$J$29, 9, 0) -> 7 | V124: =VLOOKUP(N124, $A$4:$J$29, 9, 0) -> 19 | W124: =VLOOKUP(O124, $A$4:$J$29, 9, 0) -> 11 | X124: =VLOOKUP(P124, $A$4:$J$29, 9, 0) -> 14 | Y124: =VLOOKUP(Q124, $A$4:$J$29, 9, 0) -> 7 | Z124: =VLOOKUP(R124, $A$4:$J$29, 9, 0) -> 12 | AA124: =VLOOKUP(S124, $A$4:$J$29, 9, 0) -> 7 | AC124: 1 | AD124: 1 | AE124: 1 | AF124: 1 | AG124: 1 | AH124: 1 | AI124: 1 | AK124: M3 | AL124: 1 | AM124: 1 | AN124: 5 | AO124: 1 | AP124: 1 | AQ124: 70 | AR124: 1 | AS124: 4
AK125: M4 | AL125: 1 | AM125: 70 | AN125: 1 | AO125: 1 | AP125: 1 | AQ125: 70 | AR125: 1 | AS125: 5
AK126: M5 | AL126: 5 | AM126: 1 | AN126: 70 | AO126: 1 | AP126: 70 | AQ126: 1 | AR126: 1 | AS126: 6
AK127: M6 | AL127: 1 | AM127: 70 | AN127: 1 | AO127: 1 | AP127: 1 | AQ127: 70 | AR127: 1 | AS127: 7
AK128: A | AL128: 1 | AM128: 1 | AN128: 1 | AO128: 1 | AP128: 70 | AQ128: 1 | AR128: 1 | AS128: 8
...

Sheet FG_Symbol
L2: Symbol | U2: Symbol ID | AC2: Symbol Weight | AK2: Drop Weights Weight (1 Combo)
A3: Symbol | B3: Description | C3: R1 | D3: R2 | E3: R3 | F3: R4 | G3: R5 | H3: R6 | I3: R7 | J3: ID | L3: Line # | M3: R1 | N3: R2 | O3: R3 | P3: R4 | Q3: R5 | R3: R6 | S3: R7 | U3: R1 | V3: R2 | W3: R3 | X3: R4 | Y3: R5 | Z3: R6 | AA3: R7 | AC3: R1 | AD3: R2 | AE3: R3 | AF3: R4 | AG3: R5 | AH3: R6 | AI3: R7 | AK3: Symbol | AL3: R1 | AM3: R2 | AN3: R3 | AO3: R4 | AP3: R5 | AQ3: R6 | AR3: R7 | AS3: ID
A4: {=Overview!$A$42:$B$67} -> WW | B4: Wild | C4: =COUNTIF(M$4:M$304,$A4) -> 0 | D4: =COUNTIF(N$4:N$304,$A4) -> 0 | E4: =COUNTIF(O$4:O$304,$A4) -> 0 | F4: =COUNTIF(P$4:P$304,$A4) -> 0 | G4: =COUNTIF(Q$4:Q$304,$A4) -> 0 | H4: =COUNTIF(R$4:R$304,$A4) -> 0 | I4: =COUNTIF(S$4:S$304,$A4) -> 0 | J4: 0 | L4: 0 | M4: M6 | N4: M6 | O4: K | P4: M5 | Q4: M4 | R4: A | S4: A | U4: =VLOOKUP(M4, $A$4:$J$29, 9, 0) -> 5 | V4: =VLOOKUP(N4, $A$4:$J$29, 9, 0) -> 5 | W4: =VLOOKUP(O4, $A$4:$J$29, 9, 0) -> 7 | X4: =VLOOKUP(P4, $A$4:$J$29, 9, 0) -> 14 | Y4: =VLOOKUP(Q4, $A$4:$J$29, 9, 0) -> 10 | Z4: =VLOOKUP(R4, $A$4:$J$29, 9, 0) -> 8 | AA4: =VLOOKUP(S4, $A$4:$J$29, 9, 0) -> 8 | AC4: 1 | AD4: 1 | AE4: 1 | AF4: 1 | AG4: 1 | AH4: 1 | AI4: 3 | AK4: WW | AL4: 0 | AM4: 0 | AN4: 0 | AO4: 0 | AP4: 0 | AQ4: 0 | AR4: 0 | AS4: 0
A5: C1 | B5: Scatter | C5: =COUNTIF(M$4:M$304,$A5) -> 0 | D5: =COUNTIF(N$4:N$304,$A5) -> 0 | E5: =COUNTIF(O$4:O$304,$A5) -> 0 | F5: =COUNTIF(P$4:P$304,$A5) -> 0 | G5: =COUNTIF(Q$4:Q$304,$A5) -> 0 | H5: =COUNTIF(R$4:R$304,$A5) -> 0 | I5: =COUNTIF(S$4:S$304,$A5) -> 0 | J5: 1 | L5: 1 | M5: K | N5: J | O5: K | P5: A | Q5: G4 | R5: K | S5: A | U5: =VLOOKUP(M5, $A$4:$J$29, 9, 0) -> 7 | V5: =VLOOKUP(N5, $A$4:$J$29, 9, 0) -> 15 | W5: =VLOOKUP(O5, $A$4:$J$29, 9, 0) -> 7 | X5: =VLOOKUP(P5, $A$4:$J$29, 9, 0) -> 8 | Y5: =VLOOKUP(Q5, $A$4:$J$29, 9, 0) -> 0 | Z5: =VLOOKUP(R5, $A$4:$J$29, 9, 0) -> 7 | AA5: =VLOOKUP(S5, $A$4:$J$29, 9, 0) -> 8 | AC5: 1 | AD5: 1 | AE5: 1 | AF5: 1 | AG5: 1 | AH5: 1 | AI5: 1 | AK5: C1 | AL5: 5 | AM5: 3 | AN5: 3 | AO5: 5 | AP5: 5 | AQ5: 5 | AR5: 0 | AS5: 1
A6: M1 | B6: M1 | C6: =COUNTIF(M$4:M$304,$A6) -> 2 | D6: =COUNTIF(N$4:N$304,$A6) -> 2 | E6: =COUNTIF(O$4:O$304,$A6) -> 2 | F6: =COUNTIF(P$4:P$304,$A6) -> 4 | G6: =COUNTIF(Q$4:Q$304,$A6) -> 2 | H6: =COUNTIF(R$4:R$304,$A6) -> 4 | I6: =COUNTIF(S$4:S$304,$A6) -> 6 | J6: 2 | L6: 2 | M6: J | N6: TE | O6: M2 | P6: A | Q6: M5 | R6: M5 | S6: A | U6: =VLOOKUP(M6, $A$4:$J$29, 9, 0) -> 15 | V6: =VLOOKUP(N6, $A$4:$J$29, 9, 0) -> 16 | W6: =VLOOKUP(O6, $A$4:$J$29, 9, 0) -> 12 | X6: =VLOOKUP(P6, $A$4:$J$29, 9, 0) -> 8 | Y6: =VLOOKUP(Q6, $A$4:$J$29, 9, 0) -> 14 | Z6: =VLOOKUP(R6, $A$4:$J$29, 9, 0) -> 14 | AA6: =VLOOKUP(S6, $A$4:$J$29, 9, 0) -> 8 | AC6: 1 | AD6: 1 | AE6: 1 | AF6: 1 | AG6: 1 | AH6: 1 | AI6: 1 | AK6: M1 | AL6: 40 | AM6: 40 | AN6: 20 | AO6: 40 | AP6: 40 | AQ6: 1 | AR6: 1 | AS6: 2
A7: M2 | B7: M2 | C7: =COUNTIF(M$4:M$304,$A7) -> 3 | D7: =COUNTIF(N$4:N$304,$A7) -> 10 | E7: =COUNTIF(O$4:O$304,$A7) -> 7 | F7: =COUNTIF(P$4:P$304,$A7) -> 3 | G7: =COUNTIF(Q$4:Q$304,$A7) -> 8 | H7: =COUNTIF(R$4:R$304,$A7) -> 0 | I7: =COUNTIF(S$4:S$304,$A7) -> 12 | J7: 3 | L7: 3 | M7: TE | N7: G1 | O7: M6 | P7: A | Q7: M5 | R7: TE | S7: A | U7: =VLOOKUP(M7, $A$4:$J$29, 9, 0) -> 16 | V7: =VLOOKUP(N7, $A$4:$J$29, 9, 0) -> 0 | W7: =VLOOKUP(O7, $A$4:$J$29, 9, 0) -> 5 | X7: =VLOOKUP(P7, $A$4:$J$29, 9, 0) -> 8 | Y7: =VLOOKUP(Q7, $A$4:$J$29, 9, 0) -> 14 | Z7: =VLOOKUP(R7, $A$4:$J$29, 9, 0) -> 16 | AA7: =VLOOKUP(S7, $A$4:$J$29, 9, 0) -> 8 | AC7: 1 | AD7: 1 | AE7: 1 | AF7: 1 | AG7: 1 | AH7: 1 | AI7: 1 | AK7: M2 | AL7: 10 | AM7: 32 | AN7: 40 | AO7: 40 | AP7: 1 | AQ7: 1 | AR7: 1 | AS7: 3
A8: M3 | B8: M3 | C8: =COUNTIF(M$4:M$304,$A8) -> 3 | D8: =COUNTIF(N$4:N$304,$A8) -> 3 | E8: =COUNTIF(O$4:O$304,$A8) -> 3 | F8: =COUNTIF(P$4:P$304,$A8) -> 8 | G8: =COUNTIF(Q$4:Q$304,$A8) -> 3 | H8: =COUNTIF(R$4:R$304,$A8) -> 3 | I8: =COUNTIF(S$4:S$304,$A8) -> 14 | J8: 4 | L8: 4 | M8: K | N8: TE | O8: G3 | P8: Q | Q8: K | R8: TE | S8: M2 | U8: =VLOOKUP(M8, $A$4:$J$29, 9, 0) -> 7 | V8: =VLOOKUP(N8, $A$4:$J$29, 9, 0) -> 16 | W8: =VLOOKUP(O8, $A$4:$J$29, 9, 0) -> 0 | X8: =VLOOKUP(P8, $A$4:$J$29, 9, 0) -> 11 | Y8: =VLOOKUP(Q8, $A$4:$J$29, 9, 0) -> 7 | Z8: =VLOOKUP(R8, $A$4:$J$29, 9, 0) -> 16 | AA8: =VLOOKUP(S8, $A$4:$J$29, 9, 0) -> 12 | AC8: 1 | AD8: 1 | AE8: 1 | AF8: 1 | AG8: 1 | AH8: 1 | AI8: 3 | AK8: M3 | AL8: 40 | AM8: 13 | AN8: 15 | AO8: 1 | AP8: 1 | AQ8: 40 | AR8: 1 | AS8: 4
A9: M4 | B9: M4 | C9: =COUNTIF(M$4:M$304,$A9) -> 8 | D9: =COUNTIF(N$4:N$304,$A9) -> 6 | E9: =COUNTIF(O$4:O$304,$A9) -> 14 | F9: =COUNTIF(P$4:P$304,$A9) -> 3 | G9: =COUNTIF(Q$4:Q$304,$A9) -> 15 | H9: =COUNTIF(R$4:R$304,$A9) -> 5 | I9: =COUNTIF(S$4:S$304,$A9) -> 10 | J9: 5 | L9: 5 | M9: J | N9: M2 | O9: M3 | P9: Q | Q9: K | R9: M5 | S9: M2 | U9: =VLOOKUP(M9, $A$4:$J$29, 9, 0) -> 15 | V9: =VLOOKUP(N9, $A$4:$J$29, 9, 0) -> 12 | W9: =VLOOKUP(O9, $A$4:$J$29, 9, 0) -> 14 | X9: =VLOOKUP(P9, $A$4:$J$29, 9, 0) -> 11 | Y9: =VLOOKUP(Q9, $A$4:$J$29, 9, 0) -> 7 | Z9: =VLOOKUP(R9, $A$4:$J$29, 9, 0) -> 14 | AA9: =VLOOKUP(S9, $A$4:$J$29, 9, 0) -> 12 | AC9: 1 | AD9: 1 | AE9: 1 | AF9: 1 | AG9: 1 | AH9: 1 | AI9: 1 | AK9: M4 | AL9: 10 | AM9: 40 | AN9: 40 | AO9: 40 | AP9: 8 | AQ9: 40 | AR9: 1 | AS9: 5
A10: M5 | B10: M5 | C10: =COUNTIF(M$4:M$304,$A10) -> 8 | D10: =COUNTIF(N$4:N$304,$A10) -> 12 | E10: =COUNTIF(O$4:O$304,$A10) -> 5 | F10: =COUNTIF(P$4:P$304,$A10) -> 24 | G10: =COUNTIF(Q$4:Q$304,$A10) -> 6 | H10: =COUNTIF(R$4:R$304,$A10) -> 27 | I10: =COUNTIF(S$4:S$304,$A10) -> 14 | J10: 6 | L10: 6 | M10: K | N10: M2 | O10: A | P10: Q | Q10: M6 | R10: M5 | S10: M2 | U10: =VLOOKUP(M10, $A$4:$J$29, 9, 0) -> 7 | V10: =VLOOKUP(N10, $A$4:$J$29, 9, 0) -> 12 | W10: =VLOOKUP(O10, $A$4:$J$29, 9, 0) -> 8 | X10: =VLOOKUP(P10, $A$4:$J$29, 9, 0) -> 11 | Y10: =VLOOKUP(Q10, $A$4:$J$29, 9, 0) -> 5 | Z10: =VLOOKUP(R10, $A$4:$J$29, 9, 0) -> 14 | AA10: =VLOOKUP(S10, $A$4:$J$29, 9, 0) -> 12 | AC10: 1 | AD10: 1 | AE10: 1 | AF10: 1 | AG10: 1 | AH10: 1 | AI10: 1 | AK10: M5 | AL10: 40 | AM10: 8 | AN10: 20 | AO10: 1 | AP10: 40 | AQ10: 1 | AR10: 1 | AS10: 6
A11: M6 | B11: M6 | C11: =COUNTIF(M$4:M$304,$A11) -> 13 | D11: =COUNTIF(N$4:N$304,$A11) -> 10 | E11: =COUNTIF(O$4:O$304,$A11) -> 10 | F11: =COUNTIF(P$4:P$304,$A11) -> 3 | G11: =COUNTIF(Q$4:Q$304,$A11) -> 27 | H11: =COUNTIF(R$4:R$304,$A11) -> 3 | I11: =COUNTIF(S$4:S$304,$A11) -> 5 | J11: 7 | L11: 7 | M11: TE | N11: M6 | O11: K | P11: TE | Q11: J | R11: M5 | S11: M2 | U11: =VLOOKUP(M11, $A$4:$J$29, 9, 0) -> 16 | V11: =VLOOKUP(N11, $A$4:$J$29, 9, 0) -> 5 | W11: =VLOOKUP(O11, $A$4:$J$29, 9, 0) -> 7 | X11: =VLOOKUP(P11, $A$4:$J$29, 9, 0) -> 16 | Y11: =VLOOKUP(Q11, $A$4:$J$29, 9, 0) -> 15 | Z11: =VLOOKUP(R11, $A$4:$J$29, 9, 0) -> 14 | AA11: =VLOOKUP(S11, $A$4:$J$29, 9, 0) -> 12 | AC11: 1 | AD11: 1 | AE11: 1 | AF11: 1 | AG11: 1 | AH11: 1 | AI11: 1 | AK11: M6 | AL11: 10 | AM11: 40 | AN11: 40 | AO11: 40 | AP11: 8 | AQ11: 40 | AR11: 1 | AS11: 7
A12: A | B12: A | C12: =COUNTIF(M$4:M$304,$A12) -> 8 | D12: =COUNTIF(N$4:N$304,$A12) -> 12 | E12: =COUNTIF(O$4:O$304,$A12) -> 11 | F12: =COUNTIF(P$4:P$304,$A12) -> 10 | G12: =COUNTIF(Q$4:Q$304,$A12) -> 2 | H12: =COUNTIF(R$4:R$304,$A12) -> 27 | I12: =COUNTIF(S$4:S$304,$A12) -> 8 | J12: 8 | L12: 8 | M12: M5 | N12: M6 | O12: K | P12: M5 | Q12: J | R12: M6 | S12: M3 | U12: =VLOOKUP(M12, $A$4:$J$29, 9, 0) -> 14 | V12: =VLOOKUP(N12, $A$4:$J$29, 9, 0) -> 5 | W12: =VLOOKUP(O12, $A$4:$J$29, 9, 0) -> 7 | X12: =VLOOKUP(P12, $A$4:$J$29, 9, 0) -> 14 | Y12: =VLOOKUP(Q12, $A$4:$J$29, 9, 0) -> 15 | Z12: =VLOOKUP(R12, $A$4:$J$29, 9, 0) -> 5 | AA12: =VLOOKUP(S12, $A$4:$J$29, 9, 0) -> 14 | AC12: 1 | AD12: 1 | AE12: 1 | AF12: 1 | AG12: 1 | AH12: 1 | AI12: 3 | AK12: A | AL12: 10 | AM12: 10 | AN12: 40 | AO12: 1 | AP12: 40 | AQ12: 1 | AR12: 1 | AS12: 8
A13: K | B13: K | C13: =COUNTIF(M$4:M$304,$A13) -> 17 | D13: =COUNTIF(N$4:N$304,$A13) -> 2 | E13: =COUNTIF(O$4:O$304,$A13) -> 18 | F13: =COUNTIF(P$4:P$304,$A13) -> 3 | G13: =COUNTIF(Q$4:Q$304,$A13) -> 16 | H13: =COUNTIF(R$4:R$304,$A13) -> 6 | I13: =COUNTIF(S$4:S$304,$A13) -> 7 | J13: 9 | L13: 9 | M13: A | N13: G5 | O13: M3 | P13: Q | Q13: M6 | R13: M5 | S13: M3 | U13: =VLOOKUP(M13, $A$4:$J$29, 9, 0) -> 8 | V13: =VLOOKUP(N13, $A$4:$J$29, 9, 0) -> 0 | W13: =VLOOKUP(O13, $A$4:$J$29, 9, 0) -> 14 | X13: =VLOOKUP(P13, $A$4:$J$29, 9, 0) -> 11 | Y13: =VLOOKUP(Q13, $A$4:$J$29, 9, 0) -> 5 | Z13: =VLOOKUP(R13, $A$4:$J$29, 9, 0) -> 14 | AA13: =VLOOKUP(S13, $A$4:$J$29, 9, 0) -> 14 | AC13: 1 | AD13: 1 | AE13: 1 | AF13: 1 | AG13: 1 | AH13: 1 | AI13: 1 | AK13: K | AL13: 40 | AM13: 8 | AN13: 25 | AO13: 10 | AP13: 1 | AQ13: 40 | AR13: 1 | AS13: 9
A14: Q | B14: Q | C14: =COUNTIF(M$4:M$304,$A14) -> 14 | D14: =COUNTIF(N$4:N$304,$A14) -> 23 | E14: =COUNTIF(O$4:O$304,$A14) -> 2 | F14: =COUNTIF(P$4:P$304,$A14) -> 24 | G14: =COUNTIF(Q$4:Q$304,$A14) -> 7 | H14: =COUNTIF(R$4:R$304,$A14) -> 22 | I14: =COUNTIF(S$4:S$304,$A14) -> 11 | J14: 10 | L14: 10 | M14: A | N14: M5 | O14: J | P14: G5 | Q14: M6 | R14: M5 | S14: M3 | U14: =VLOOKUP(M14, $A$4:$J$29, 9, 0) -> 8 | V14: =VLOOKUP(N14, $A$4:$J$29, 9, 0) -> 14 | W14: =VLOOKUP(O14, $A$4:$J$29, 9, 0) -> 15 | X14: =VLOOKUP(P14, $A$4:$J$29, 9, 0) -> 0 | Y14: =VLOOKUP(Q14, $A$4:$J$29, 9, 0) -> 5 | Z14: =VLOOKUP(R14, $A$4:$J$29, 9, 0) -> 14 | AA14: =VLOOKUP(S14, $A$4:$J$29, 9, 0) -> 14 | AC14: 1 | AD14: 1 | AE14: 1 | AF14: 1 | AG14: 1 | AH14: 1 | AI14: 1 | AK14: Q | AL14: 10 | AM14: 40 | AN14: 40 | AO14: 10 | AP14: 40 | AQ14: 1 | AR14: 1 | AS14: 10
A15: J | B15: J | C15: =COUNTIF(M$4:M$304,$A15) -> 17 | D15: =COUNTIF(N$4:N$304,$A15) -> 5 | E15: =COUNTIF(O$4:O$304,$A15) -> 29 | F15: =COUNTIF(P$4:P$304,$A15) -> 6 | G15: =COUNTIF(Q$4:Q$304,$A15) -> 19 | H15: =COUNTIF(R$4:R$304,$A15) -> 2 | I15: =COUNTIF(S$4:S$304,$A15) -> 15 | J15: 11 | L15: 11 | M15: TE | N15: M5 | O15: J | P15: GA | Q15: K | R15: M6 | S15: M3 | U15: =VLOOKUP(M15, $A$4:$J$29, 9, 0) -> 16 | V15: =VLOOKUP(N15, $A$4:$J$29, 9, 0) -> 14 | W15: =VLOOKUP(O15, $A$4:$J$29, 9, 0) -> 15 | X15: =VLOOKUP(P15, $A$4:$J$29, 9, 0) -> 0 | Y15: =VLOOKUP(Q15, $A$4:$J$29, 9, 0) -> 7 | Z15: =VLOOKUP(R15, $A$4:$J$29, 9, 0) -> 5 | AA15: =VLOOKUP(S15, $A$4:$J$29, 9, 0) -> 14 | AC15: 1 | AD15: 1 | AE15: 1 | AF15: 1 | AG15: 1 | AH15: 1 | AI15: 1 | AK15: J | AL15: 40 | AM15: 40 | AN15: 40 | AO15: 1 | AP15: 1 | AQ15: 1 | AR15: 1 | AS15: 11
A16: TE | B16: TE | C16: =COUNTIF(M$4:M$304,$A16) -> 26 | D16: =COUNTIF(N$4:N$304,$A16) -> 15 | E16: =COUNTIF(O$4:O$304,$A16) -> 5 | F16: =COUNTIF(P$4:P$304,$A16) -> 17 | G16: =COUNTIF(Q$4:Q$304,$A16) -> 5 | H16: =COUNTIF(R$4:R$304,$A16) -> 20 | I16: =COUNTIF(S$4:S$304,$A16) -> 16 | J16: 12 | L16: 12 | M16: TE | N16: Q | O16: G2 | P16: A | Q16: K | R16: M6 | S16: M4 | U16: =VLOOKUP(M16, $A$4:$J$29, 9, 0) -> 16 | V16: =VLOOKUP(N16, $A$4:$J$29, 9, 0) -> 11 | W16: =VLOOKUP(O16, $A$4:$J$29, 9, 0) -> 0 | X16: =VLOOKUP(P16, $A$4:$J$29, 9, 0) -> 8 | Y16: =VLOOKUP(Q16, $A$4:$J$29, 9, 0) -> 7 | Z16: =VLOOKUP(R16, $A$4:$J$29, 9, 0) -> 5 | AA16: =VLOOKUP(S16, $A$4:$J$29, 9, 0) -> 10 | AC16: 1 | AD16: 1 | AE16: 1 | AF16: 1 | AG16: 1 | AH16: 1 | AI16: 3 | AK16: TE | AL16: 5 | AM16: 40 | AN16: 20 | AO16: 1 | AP16: 1 | AQ16: 1 | AR16: 1 | AS16: 12
... A29: GM | B29: Golden Mystery | C29: =COUNTIF(M$4:M$304,$A29) -> 0 | D29: =COUNTIF(N$4:N$304,$A29) -> 1 | E29: =COUNTIF(O$4:O$304,$A29) -> 0 | F29: =COUNTIF(P$4:P$304,$A29) -> 0 | G29: =COUNTIF(Q$4:Q$304,$A29) -> 0 | H29: =COUNTIF(R$4:R$304,$A29) -> 0 | I29: =COUNTIF(S$4:S$304,$A29) -> 0 | J29: 25 | L29: 25 | M29: M6 | N29: M6 | O29: J | P29: M5 | Q29: TE | R29: M5 | S29: TE | U29: =VLOOKUP(M29, $A$4:$J$29, 9, 0) -> 5 | V29: =VLOOKUP(N29, $A$4:$J$29, 9, 0) -> 5 | W29: =VLOOKUP(O29, $A$4:$J$29, 9, 0) -> 15 | X29: =VLOOKUP(P29, $A$4:$J$29, 9, 0) -> 14 | Y29: =VLOOKUP(Q29, $A$4:$J$29, 9, 0) -> 16 | Z29: =VLOOKUP(R29, $A$4:$J$29, 9, 0) -> 14 | AA29: =VLOOKUP(S29, $A$4:$J$29, 9, 0) -> 16 | AC29: 1 | AD29: 1 | AE29: 1 | AF29: 1 | AG29: 1 | AH29: 1 | AI29: 1 | AK29: GM | AL29: 0 | AM29: 1 | AN29: 1 | AO29: 1 | AP29: 1 | AQ29: 0 | AR29: 0 | AS29: 25
C30: =SUM(C4:C29) -> 121 | D30: =SUM(D4:D29) -> 121 | E30: =SUM(E4:E29) -> 121 | F30: =SUM(F4:F29) -> 121 | G30: =SUM(G4:G29) -> 121 | H30: =SUM(H4:H29) -> 121 | I30: =SUM(I4:I29) -> 121 | L30: 26 | M30: J | N30: M6 | O30: M6 | P30: Q | Q30: Q | R30: Q | S30: TE | U30: =VLOOKUP(M30, $A$4:$J$29, 9, 0) -> 15 | V30: =VLOOKUP(N30, $A$4:$J$29, 9, 0) -> 5 | W30: =VLOOKUP(O30, $A$4:$J$29, 9, 0) -> 5 | X30: =VLOOKUP(P30, $A$4:$J$29, 9, 0) -> 11 | Y30: =VLOOKUP(Q30, $A$4:$J$29, 9, 0) -> 11 | Z30: =VLOOKUP(R30, $A$4:$J$29, 9, 0) -> 11 | AA30: =VLOOKUP(S30, $A$4:$J$29, 9, 0) -> 16 | AC30: 1 | AD30: 1 | AE30: 1 | AF30: 1 | AG30: 1 | AH30: 1 | AI30: 1
L31: 27 | M31: J | N31: A | O31: M3 | P31: M1 | Q31: Q | R31: M5 | S31: TE | U31: =VLOOKUP(M31, $A$4:$J$29, 9, 0) -> 15 | V31: =VLOOKUP(N31, $A$4:$J$29, 9, 0) -> 8 | W31: =VLOOKUP(O31, $A$4:$J$29, 9, 0) -> 14 | X31: =VLOOKUP(P31, $A$4:$J$29, 9, 0) -> 6 | Y31: =VLOOKUP(Q31, $A$4:$J$29, 9, 0) -> 11 | Z31: =VLOOKUP(R31, $A$4:$J$29, 9, 0) -> 14 | AA31: =VLOOKUP(S31, $A$4:$J$29, 9, 0) -> 16 | AC31: 1 | AD31: 1 | AE31: 1 | AF31: 1 | AG31: 1 | AH31: 1 | AI31: 1 | AK31: Drop Weights Weight (2 Combo)
B32: Mega way | C32: R1 | D32: R2 | E32: R3 | F32: R4 | G32: R5 | H32: R6 | L32: 28 | M32: Q | N32: A | O32: G4 | P32: G3 | Q32: M6 | R32: A | S32: J | U32: =VLOOKUP(M32, $A$4:$J$29, 9, 0) -> 11 | V32: =VLOOKUP(N32, $A$4:$J$29, 9, 0) -> 8 | W32: =VLOOKUP(O32, $A$4:$J$29, 9, 0) -> 0 | X32: =VLOOKUP(P32, $A$4:$J$29, 9, 0) -> 0 | Y32: =VLOOKUP(Q32, $A$4:$J$29, 9, 0) -> 5 | Z32: =VLOOKUP(R32, $A$4:$J$29, 9, 0) -> 8 | AA32: =VLOOKUP(S32, $A$4:$J$29, 9, 0) -> 15 | AC32: 1 | AD32: 1 | AE32: 1 | AF32: 1 | AG32: 1 | AH32: 1 | AI32: 3 | AK32: Symbol | AL32: R1 | AM32: R2 | AN32: R3 | AO32: R4 | AP32: R5 | AQ32: R6 | AR32: R7 | AS32: ID
B33: [4,1] | C33: 0 | D33: 105 | E33: 45 | F33: 175 | G33: 135 | H33: 0 | L33: 29 | M33: Q | N33: A | O33: M4 | P33: Q | Q33: M6 | R33: Q | S33: J | U33: =VLOOKUP(M33, $A$4:$J$29, 9, 0) -> 11 | V33: =VLOOKUP(N33, $A$4:$J$29, 9, 0) -> 8 | W33: =VLOOKUP(O33, $A$4:$J$29, 9, 0) -> 10 | X33: =VLOOKUP(P33, $A$4:$J$29, 9, 0) -> 11 | Y33: =VLOOKUP(Q33, $A$4:$J$29, 9, 0) -> 5 | Z33: =VLOOKUP(R33, $A$4:$J$29, 9, 0) -> 11 | AA33: =VLOOKUP(S33, $A$4:$J$29, 9, 0) -> 15 | AC33: 1 | AD33: 1 | AE33: 1 | AF33: 1 | AG33: 1 | AH33: 1 | AI33: 1 | AK33: WW | AL33: 0 | AM33: 0 | AN33: 0 | AO33: 0 | AP33: 0 | AQ33: 0 | AR33: 0 | AS33: 0
B34: [1,4] | C34: 0 | D34: 105 | E34: 45 | F34: 175 | G34: 135 | H34: 0 | L34: 30 | M34: M4 | N34: J | O34: M1 | P34: K | Q34: K | R34: Q | S34: J | U34: =VLOOKUP(M34, $A$4:$J$29, 9, 0) -> 10 | V34: =VLOOKUP(N34, $A$4:$J$29, 9, 0) -> 15 | W34: =VLOOKUP(O34, $A$4:$J$29, 9, 0) -> 6 | X34: =VLOOKUP(P34, $A$4:$J$29, 9, 0) -> 7 | Y34: =VLOOKUP(Q34, $A$4:$J$29, 9, 0) -> 7 | Z34: =VLOOKUP(R34, $A$4:$J$29, 9, 0) -> 11 | AA34: =VLOOKUP(S34, $A$4:$J$29, 9, 0) -> 15 | AC34: 1 | AD34: 1 | AE34: 1 | AF34: 1 | AG34: 1 | AH34: 1 | AI34: 1 | AK34: C1 | AL34: 5 | AM34: 5 | AN34: 5 | AO34: 5 | AP34: 5 | AQ34: 5 | AR34: 0 | AS34: 1
B35: [3,2] | C35: 0 | D35: 675 | E35: 195 | F35: 475 | G35: 1075 | H35: 0 | L35: 31 | M35: M6 | N35: Q | O35: J | P35: GK | Q35: TE | R35: TE | S35: J | U35: =VLOOKUP(M35, $A$4:$J$29, 9, 0) -> 5 | V35: =VLOOKUP(N35, $A$4:$J$29, 9, 0) -> 11 | W35: =VLOOKUP(O35, $A$4:$J$29, 9, 0) -> 15 | X35: =VLOOKUP(P35, $A$4:$J$29, 9, 0) -> 0 | Y35: =VLOOKUP(Q35, $A$4:$J$29, 9, 0) -> 16 | Z35: =VLOOKUP(R35, $A$4:$J$29, 9, 0) -> 16 | AA35: =VLOOKUP(S35, $A$4:$J$29, 9, 0) -> 15 | AC35: 1 | AD35: 1 | AE35: 1 | AF35: 1 | AG35: 1 | AH35: 1 | AI35: 1 | AK35: M1 | AL35: 15 | AM35: 42 | AN35: 20 | AO35: 10 | AP35: 40 | AQ35: 5 | AR35: 1 | AS35: 2
B36: [2,3] | C36: 0 | D36: 675 | E36: 195 | F36: 475 | G36: 1075 | H36: 0 | L36: 32 | M36: M6 | N36: Q | O36: M6 | P36: A | Q36: TE | R36: J | S36: M5 | U36: =VLOOKUP(M36, $A$4:$J$29, 9, 0) -> 5 | V36: =VLOOKUP(N36, $A$4:$J$29, 9, 0) -> 11 | W36: =VLOOKUP(O36, $A$4:$J$29, 9, 0) -> 5 | X36: =VLOOKUP(P36, $A$4:$J$29, 9, 0) -> 8 | Y36: =VLOOKUP(Q36, $A$4:$J$29, 9, 0) -> 16 | Z36: =VLOOKUP(R36, $A$4:$J$29, 9, 0) -> 15 | AA36: =VLOOKUP(S36, $A$4:$J$29, 9, 0) -> 14 | AC36: 1 | AD36: 1 | AE36: 1 | AF36: 1 | AG36: 1 | AH36: 1 | AI36: 3 | AK36: M2 | AL36: 40 | AM36: 15 | AN36: 40 | AO36: 42 | AP36: 40 | AQ36: 5 | AR36: 1 | AS36: 3
B37: [3,1,1] | C37: 0 | D37: 463 | E37: 303 | F37: 330 | G37: 727 | H37: 0 | L37: 33 | M37: J | N37: Q | O37: J | P37: Q | Q37: K | R37: A | S37: M5 | U37: =VLOOKUP(M37, $A$4:$J$29, 9, 0) -> 15 | V37: =VLOOKUP(N37, $A$4:$J$29, 9, 0) -> 11 | W37: =VLOOKUP(O37, $A$4:$J$29, 9, 0) -> 15 | X37: =VLOOKUP(P37, $A$4:$J$29, 9, 0) -> 11 | Y37: =VLOOKUP(Q37, $A$4:$J$29, 9, 0) -> 7 | Z37: =VLOOKUP(R37, $A$4:$J$29, 9, 0) -> 8 | AA37: =VLOOKUP(S37, $A$4:$J$29, 9, 0) -> 14 | AC37: 1 | AD37: 1 | AE37: 1 | AF37: 1 | AG37: 1 | AH37: 1 | AI37: 1 | AK37: M3 | AL37: 15 | AM37: 40 | AN37: 20 | AO37: 10 | AP37: 5 | AQ37: 40 | AR37: 1 | AS37: 4
B38: [1,3,1] | C38: 0 | D38: 463 | E38: 303 | F38: 330 | G38: 727 | H38: 0 | L38: 34 | M38: K | N38: M4 | O38: M4 | P38: TE | Q38: K | R38: A | S38: M5 | U38: =VLOOKUP(M38, $A$4:$J$29, 9, 0) -> 7 | V38: =VLOOKUP(N38, $A$4:$J$29, 9, 0) -> 10 | W38: =VLOOKUP(O38, $A$4:$J$29, 9, 0) -> 10 | X38: =VLOOKUP(P38, $A$4:$J$29, 9, 0) -> 16 | Y38: =VLOOKUP(Q38, $A$4:$J$29, 9, 0) -> 7 | Z38: =VLOOKUP(R38, $A$4:$J$29, 9, 0) -> 8 | AA38: =VLOOKUP(S38, $A$4:$J$29, 9, 0) -> 14 | AC38: 1 | AD38: 1 | AE38: 1 | AF38: 1 | AG38: 1 | AH38: 1 | AI38: 1 | AK38: M4 | AL38: 40 | AM38: 15 | AN38: 40 | AO38: 10 | AP38: 5 | AQ38: 40 | AR38: 1 | AS38: 5
B39: [1,1,3] | C39: 0 | D39: 463 | E39: 303 | F39: 330 | G39: 727 | H39: 0 | L39: 35 | M39: M5 | N39: GK | O39: M4 | P39: M5 | Q39: M6 | R39: A | S39: M5 | U39: =VLOOKUP(M39, $A$4:$J$29, 9, 0) -> 14 | V39: =VLOOKUP(N39, $A$4:$J$29, 9, 0) -> 0 | W39: =VLOOKUP(O39, $A$4:$J$29, 9, 0) -> 10 | X39: =VLOOKUP(P39, $A$4:$J$29, 9, 0) -> 14 | Y39: =VLOOKUP(Q39, $A$4:$J$29, 9, 0) -> 5 | Z39: =VLOOKUP(R39, $A$4:$J$29, 9, 0) -> 8 | AA39: =VLOOKUP(S39, $A$4:$J$29, 9, 0) -> 14 | AC39: 1 | AD39: 1 | AE39: 1 | AF39: 1 | AG39: 1 | AH39: 1 | AI39: 1 | AK39: M5 | AL39: 15 | AM39: 40 | AN39: 20 | AO39: 10 | AP39: 40 | AQ39: 5 | AR39: 1 | AS39: 6
B40: [2,2,1] | C40: 0 | D40: 910 | E40: 610 | F40: 1373 | G40: 973 | H40: 0 | L40: 36 | M40: TE | N40: TE | O40: M5 | P40: M5 | Q40: M4 | R40: K | S40: M6 | U40: =VLOOKUP(M40, $A$4:$J$29, 9, 0) -> 16 | V40: =VLOOKUP(N40, $A$4:$J$29, 9, 0) -> 16 | W40: =VLOOKUP(O40, $A$4:$J$29, 9, 0) -> 14 | X40: =VLOOKUP(P40, $A$4:$J$29, 9, 0) -> 14 | Y40: =VLOOKUP(Q40, $A$4:$J$29, 9, 0) -> 10 | Z40: =VLOOKUP(R40, $A$4:$J$29, 9, 0) -> 7 | AA40: =VLOOKUP(S40, $A$4:$J$29, 9, 0) -> 5 | AC40: 1 | AD40: 1 | AE40: 1 | AF40: 1 | AG40: 1 | AH40: 1 | AI40: 3 | AK40: M6 | AL40: 40 | AM40: 15 | AN40: 40 | AO40: 10 | AP40: 5 | AQ40: 40 | AR40: 1 | AS40: 7
B41: [2,1,2] | C41: 0 | D41: 910 | E41: 610 | F41: 1373 | G41: 973 | H41: 0 | L41: 37 | M41: M6 | N41: TE | O41: M5 | P41: M5 | Q41: J | R41: K | S41: M6 | U41: =VLOOKUP(M41, $A$4:$J$29, 9, 0) -> 5 | V41: =VLOOKUP(N41, $A$4:$J$29, 9, 0) -> 16 | W41: =VLOOKUP(O41, $A$4:$J$29, 9, 0) -> 14 | X41: =VLOOKUP(P41, $A$4:$J$29, 9, 0) -> 14 | Y41: =VLOOKUP(Q41, $A$4:$J$29, 9, 0) -> 15 | Z41: =VLOOKUP(R41, $A$4:$J$29, 9, 0) -> 7 | AA41: =VLOOKUP(S41, $A$4:$J$29, 9, 0) -> 5 | AC41: 1 | AD41: 1 | AE41: 1 | AF41: 1 | AG41: 1 | AH41: 1 | AI41: 1 | AK41: A | AL41: 40 | AM41: 15 | AN41: 40 | AO41: 10 | AP41: 10 | AQ41: 5 | AR41: 1 | AS41: 7
B42: [1,2,2] | C42: 0 | D42: 910 | E42: 610 | F42: 1373 | G42: 973 | H42: 0 | L42: 38 | M42: M6 | N42: TE | O42: M4 | P42: Q | Q42: M1 | R42: A | S42: M6 | U42: =VLOOKUP(M42, $A$4:$J$29, 9, 0) -> 5 | V42: =VLOOKUP(N42, $A$4:$J$29, 9, 0) -> 16 | W42: =VLOOKUP(O42, $A$4:$J$29, 9, 0) -> 10 | X42: =VLOOKUP(P42, $A$4:$J$29, 9, 0) -> 11 | Y42: =VLOOKUP(Q42, $A$4:$J$29, 9, 0) -> 6 | Z42: =VLOOKUP(R42, $A$4:$J$29, 9, 0) -> 8 | AA42: =VLOOKUP(S42, $A$4:$J$29, 9, 0) -> 5 | AC42: 1 | AD42: 1 | AE42: 1 | AF42: 1 | AG42: 1 | AH42: 1 | AI42: 1 | AK42: K | AL42: 15 | AM42: 40 | AN42: 20 | AO42: 40 | AP42: 40 | AQ42: 40 | AR42: 1 | AS42: 8
B43: [2,1,1,1] | C43: 0 | D43: 747 | E43: 1092 | F43: 780 | G43: 520 | H43: 0 | L43: 39 | M43: J | N43: GA | O43: TE | P43: M5 | Q43: M4 | R43: A | S43: M6 | U43: =VLOOKUP(M43, $A$4:$J$29, 9, 0) -> 15 | V43: =VLOOKUP(N43, $A$4:$J$29, 9, 0) -> 0 | W43: =VLOOKUP(O43, $A$4:$J$29, 9, 0) -> 16 | X43: =VLOOKUP(P43, $A$4:$J$29, 9, 0) -> 14 | Y43: =VLOOKUP(Q43, $A$4:$J$29, 9, 0) -> 10 | Z43: =VLOOKUP(R43, $A$4:$J$29, 9, 0) -> 8 | AA43: =VLOOKUP(S43, $A$4:$J$29, 9, 0) -> 5 | AC43: 1 | AD43: 1 | AE43: 1 | AF43: 1 | AG43: 1 | AH43: 1 | AI43: 1 | AK43: Q | AL43: 40 | AM43: 15 | AN43: 40 | AO43: 10 | AP43: 5 | AQ43: 5 | AR43: 1 | AS43: 9
B44: [1,2,1,1] | C44: 0 | D44: 747 | E44: 1092 | F44: 780 | G44: 520 | H44: 0 | L44: 40 | M44: TE | N44: A | O44: J | P44: TE | Q44: M4 | R44: Q | S44: M5 | U44: =VLOOKUP(M44, $A$4:$J$29, 9, 0) -> 16 | V44: =VLOOKUP(N44, $A$4:$J$29, 9, 0) -> 8 | W44: =VLOOKUP(O44, $A$4:$J$29, 9, 0) -> 15 | X44: =VLOOKUP(P44, $A$4:$J$29, 9, 0) -> 16 | Y44: =VLOOKUP(Q44, $A$4:$J$29, 9, 0) -> 10 | Z44: =VLOOKUP(R44, $A$4:$J$29, 9, 0) -> 11 | AA44: =VLOOKUP(S44, $A$4:$J$29, 9, 0) -> 14 | AC44: 1 | AD44: 1 | AE44: 1 | AF44: 1 | AG44: 1 | AH44: 1 | AI44: 3 | AK44: J | AL44: 15 | AM44: 40 | AN44: 35 | AO44: 10 | AP44: 5 | AQ44: 5 | AR44: 1 | AS44: 10
... B47: [1,1,1,1,1] | C47: 1 | D47: 1340 | E47: 2410 | F47: 470 | G47: 400 | H47: 1 | L47: 43 | M47: TE | N47: M2 | O47: M6 | P47: Q | Q47: M6 | R47: A | S47: M2 | U47: =VLOOKUP(M47, $A$4:$J$29, 9, 0) -> 16 | V47: =VLOOKUP(N47, $A$4:$J$29, 9, 0) -> 12 | W47: =VLOOKUP(O47, $A$4:$J$29, 9, 0) -> 5 | X47: =VLOOKUP(P47, $A$4:$J$29, 9, 0) -> 11 | Y47: =VLOOKUP(Q47, $A$4:$J$29, 9, 0) -> 5 | Z47: =VLOOKUP(R47, $A$4:$J$29, 9, 0) -> 8 | AA47: =VLOOKUP(S47, $A$4:$J$29, 9, 0) -> 12 | AC47: 1 | AD47: 1 | AE47: 1 | AF47: 1 | AG47: 1 | AH47: 1 | AI47: 3 | AK47: G2 | AL47: 0 | AM47: 2 | AN47: 2 | AO47: 2 | AP47: 2 | AQ47: 0 | AR47: 0 | AS47: 13
L48: 44 | M48: K | N48: G4 | O48: K | P48: Q | Q48: M6 | R48: K | S48: M2 | U48: =VLOOKUP(M48, $A$4:$J$29, 9, 0) -> 7 | V48: =VLOOKUP(N48, $A$4:$J$29, 9, 0) -> 0 | W48: =VLOOKUP(O48, $A$4:$J$29, 9, 0) -> 7 | X48: =VLOOKUP(P48, $A$4:$J$29, 9, 0) -> 11 | Y48: =VLOOKUP(Q48, $A$4:$J$29, 9, 0) -> 5 | Z48: =VLOOKUP(R48, $A$4:$J$29, 9, 0) -> 7 | AA48: =VLOOKUP(S48, $A$4:$J$29, 9, 0) -> 12 | AC48: 1 | AD48: 1 | AE48: 1 | AF48: 1 | AG48: 1 | AH48: 1 | AI48: 1 | AK48: G3 | AL48: 0 | AM48: 4 | AN48: 5 | AO48: 2 | AP48: 2 | AQ48: 0 | AR48: 0 | AS48: 14
L49: 45 | M49: K | N49: Q | O49: GK | P49: M2 | Q49: J | R49: K | S49: M4 | U49: =VLOOKUP(M49, $A$4:$J$29, 9, 0) -> 7 | V49: =VLOOKUP(N49, $A$4:$J$29, 9, 0) -> 11 | W49: =VLOOKUP(O49, $A$4:$J$29, 9, 0) -> 0 | X49: =VLOOKUP(P49, $A$4:$J$29, 9, 0) -> 12 | Y49: =VLOOKUP(Q49, $A$4:$J$29, 9, 0) -> 15 | Z49: =VLOOKUP(R49, $A$4:$J$29, 9, 0) -> 7 | AA49: =VLOOKUP(S49, $A$4:$J$29, 9, 0) -> 10 | AC49: 1 | AD49: 1 | AE49: 1 | AF49: 1 | AG49: 1 | AH49: 1 | AI49: 3 | AK49: G4 | AL49: 0 | AM49: 2 | AN49: 2 | AO49: 2 | AP49: 2 | AQ49: 0 | AR49: 0 | AS49: 15
B50: MY Weight | C50: Weight | L50: 46 | M50: J | N50: A | O50: M2 | P50: M2 | Q50: J | R50: M5 | S50: M4 | U50: =VLOOKUP(M50, $A$4:$J$29, 9, 0) -> 15 | V50: =VLOOKUP(N50, $A$4:$J$29, 9, 0) -> 8 | W50: =VLOOKUP(O50, $A$4:$J$29, 9, 0) -> 12 | X50: =VLOOKUP(P50, $A$4:$J$29, 9, 0) -> 12 | Y50: =VLOOKUP(Q50, $A$4:$J$29, 9, 0) -> 15 | Z50: =VLOOKUP(R50, $A$4:$J$29, 9, 0) -> 14 | AA50: =VLOOKUP(S50, $A$4:$J$29, 9, 0) -> 10 | AC50: 1 | AD50: 1 | AE50: 1 | AF50: 1 | AG50: 1 | AH50: 1 | AI50: 1 | AK50: G5 | AL50: 0 | AM50: 4 | AN50: 5 | AO50: 2 | AP50: 4 | AQ50: 0 | AR50: 0 | AS50: 16
B51: WW | C51: 0 | L51: 47 | M51: Q | N51: Q | O51: M6 | P51: M2 | Q51: M6 | R51: M5 | S51: M4 | U51: =VLOOKUP(M51, $A$4:$J$29, 9, 0) -> 11 | V51: =VLOOKUP(N51, $A$4:$J$29, 9, 0) -> 11 | W51: =VLOOKUP(O51, $A$4:$J$29, 9, 0) -> 5 | X51: =VLOOKUP(P51, $A$4:$J$29, 9, 0) -> 12 | Y51: =VLOOKUP(Q51, $A$4:$J$29, 9, 0) -> 5 | Z51: =VLOOKUP(R51, $A$4:$J$29, 9, 0) -> 14 | AA51: =VLOOKUP(S51, $A$4:$J$29, 9, 0) -> 10 | AC51: 1 | AD51: 1 | AE51: 1 | AF51: 1 | AG51: 1 | AH51: 1 | AI51: 1 | AK51: G6 | AL51: 0 | AM51: 4 | AN51: 5 | AO51: 2 | AP51: 4 | AQ51: 0 | AR51: 0 | AS51: 17
B52: C1 | C52: 0 | L52: 48 | M52: TE | N52: Q | O52: A | P52: M5 | Q52: M6 | R52: Q | S52: M3 | U52: =VLOOKUP(M52, $A$4:$J$29, 9, 0) -> 16 | V52: =VLOOKUP(N52, $A$4:$J$29, 9, 0) -> 11 | W52: =VLOOKUP(O52, $A$4:$J$29, 9, 0) -> 8 | X52: =VLOOKUP(P52, $A$4:$J$29, 9, 0) -> 14 | Y52: =VLOOKUP(Q52, $A$4:$J$29, 9, 0) -> 5 | Z52: =VLOOKUP(R52, $A$4:$J$29, 9, 0) -> 11 | AA52: =VLOOKUP(S52, $A$4:$J$29, 9, 0) -> 14 | AC52: 1 | AD52: 1 | AE52: 1 | AF52: 1 | AG52: 1 | AH52: 1 | AI52: 3 | AK52: GA | AL52: 0 | AM52: 4 | AN52: 2 | AO52: 2 | AP52: 4 | AQ52: 0 | AR52: 0 | AS52: 17
B53: M1 | C53: 2 | L53: 49 | M53: A | N53: M5 | O53: J | P53: M5 | Q53: Q | R53: Q | S53: M3 | U53: =VLOOKUP(M53, $A$4:$J$29, 9, 0) -> 8 | V53: =VLOOKUP(N53, $A$4:$J$29, 9, 0) -> 14 | W53: =VLOOKUP(O53, $A$4:$J$29, 9, 0) -> 15 | X53: =VLOOKUP(P53, $A$4:$J$29, 9, 0) -> 14 | Y53: =VLOOKUP(Q53, $A$4:$J$29, 9, 0) -> 11 | Z53: =VLOOKUP(R53, $A$4:$J$29, 9, 0) -> 11 | AA53: =VLOOKUP(S53, $A$4:$J$29, 9, 0) -> 14 | AC53: 1 | AD53: 1 | AE53: 1 | AF53: 1 | AG53: 1 | AH53: 1 | AI53: 1 | AK53: GK | AL53: 0 | AM53: 4 | AN53: 2 | AO53: 4 | AP53: 2 | AQ53: 0 | AR53: 0 | AS53: 18
B54: M2 | C54: 3 | L54: 50 | M54: M6 | N54: M5 | O54: J | P54: M3 | Q54: M2 | R54: TE | S54: M3 | U54: =VLOOKUP(M54, $A$4:$J$29, 9, 0) -> 5 | V54: =VLOOKUP(N54, $A$4:$J$29, 9, 0) -> 14 | W54: =VLOOKUP(O54, $A$4:$J$29, 9, 0) -> 15 | X54: =VLOOKUP(P54, $A$4:$J$29, 9, 0) -> 14 | Y54: =VLOOKUP(Q54, $A$4:$J$29, 9, 0) -> 12 | Z54: =VLOOKUP(R54, $A$4:$J$29, 9, 0) -> 16 | AA54: =VLOOKUP(S54, $A$4:$J$29, 9, 0) -> 14 | AC54: 1 | AD54: 1 | AE54: 1 | AF54: 1 | AG54: 1 | AH54: 1 | AI54: 1 | AK54: GQ | AL54: 0 | AM54: 4 | AN54: 5 | AO54: 2 | AP54: 2 | AQ54: 0 | AR54: 0 | AS54: 19
B55: M3 | C55: 5 | L55: 51 | M55: K | N55: G5 | O55: M5 | P55: M3 | Q55: M2 | R55: TE | S55: M5 | U55: =VLOOKUP(M55, $A$4:$J$29, 9, 0) -> 7 | V55: =VLOOKUP(N55, $A$4:$J$29, 9, 0) -> 0 | W55: =VLOOKUP(O55, $A$4:$J$29, 9, 0) -> 14 | X55: =VLOOKUP(P55, $A$4:$J$29, 9, 0) -> 14 | Y55: =VLOOKUP(Q55, $A$4:$J$29, 9, 0) -> 12 | Z55: =VLOOKUP(R55, $A$4:$J$29, 9, 0) -> 16 | AA55: =VLOOKUP(S55, $A$4:$J$29, 9, 0) -> 14 | AC55: 1 | AD55: 1 | AE55: 1 | AF55: 1 | AG55: 1 | AH55: 1 | AI55: 3 | AK55: GJ | AL55: 0 | AM55: 2 | AN55: 7 | AO55: 2 | AP55: 2 | AQ55: 0 | AR55: 0 | AS55: 20
B56: M4 | C56: 8 | L56: 52 | M56: J | N56: Q | O56: K | P56: J | Q56: J | R56: A | S56: M5 | U56: =VLOOKUP(M56, $A$4:$J$29, 9, 0) -> 15 | V56: =VLOOKUP(N56, $A$4:$J$29, 9, 0) -> 11 | W56: =VLOOKUP(O56, $A$4:$J$29, 9, 0) -> 7 | X56: =VLOOKUP(P56, $A$4:$J$29, 9, 0) -> 15 | Y56: =VLOOKUP(Q56, $A$4:$J$29, 9, 0) -> 15 | Z56: =VLOOKUP(R56, $A$4:$J$29, 9, 0) -> 8 | AA56: =VLOOKUP(S56, $A$4:$J$29, 9, 0) -> 14 | AC56: 1 | AD56: 1 | AE56: 1 | AF56: 1 | AG56: 1 | AH56: 1 | AI56: 1 | AK56: GT | AL56: 0 | AM56: 4 | AN56: 7 | AO56: 2 | AP56: 2 | AQ56: 0 | AR56: 0 | AS56: 21
B57: M5 | C57: 12 | L57: 53 | M57: J | N57: Q | O57: K | P57: J | Q57: A | R57: Q | S57: M5 | U57: =VLOOKUP(M57, $A$4:$J$29, 9, 0) -> 15 | V57: =VLOOKUP(N57, $A$4:$J$29, 9, 0) -> 11 | W57: =VLOOKUP(O57, $A$4:$J$29, 9, 0) -> 7 | X57: =VLOOKUP(P57, $A$4:$J$29, 9, 0) -> 15 | Y57: =VLOOKUP(Q57, $A$4:$J$29, 9, 0) -> 8 | Z57: =VLOOKUP(R57, $A$4:$J$29, 9, 0) -> 11 | AA57: =VLOOKUP(S57, $A$4:$J$29, 9, 0) -> 14 | AC57: 1 | AD57: 1 | AE57: 1 | AF57: 1 | AG57: 1 | AH57: 1 | AI57: 1 | AK57: MY | AL57: 0 | AM57: 10 | AN57: 10 | AO57: 10 | AP57: 10 | AQ57: 0 | AR57: 0 | AS57: 24
B58: M6 | C58: 10 | L58: 54 | M58: M4 | N58: TE | O58: M4 | P58: M5 | Q58: M1 | R58: Q | S58: M1 | U58: =VLOOKUP(M58, $A$4:$J$29, 9, 0) -> 10 | V58: =VLOOKUP(N58, $A$4:$J$29, 9, 0) -> 16 | W58: =VLOOKUP(O58, $A$4:$J$29, 9, 0) -> 10 | X58: =VLOOKUP(P58, $A$4:$J$29, 9, 0) -> 14 | Y58: =VLOOKUP(Q58, $A$4:$J$29, 9, 0) -> 6 | Z58: =VLOOKUP(R58, $A$4:$J$29, 9, 0) -> 11 | AA58: =VLOOKUP(S58, $A$4:$J$29, 9, 0) -> 6 | AC58: 1 | AD58: 1 | AE58: 1 | AF58: 1 | AG58: 1 | AH58: 1 | AI58: 3 | AK58: GM | AL58: 0 | AM58: 1 | AN58: 1 | AO58: 1 | AP58: 1 | AQ58: 0 | AR58: 0 | AS58: 25
B59: A | C59: 10 | L59: 55 | M59: M4 | N59: J | O59: J | P59: M5 | Q59: M2 | R59: M5 | S59: M1 | U59: =VLOOKUP(M59, $A$4:$J$29, 9, 0) -> 10 | V59: =VLOOKUP(N59, $A$4:$J$29, 9, 0) -> 15 | W59: =VLOOKUP(O59, $A$4:$J$29, 9, 0) -> 15 | X59: =VLOOKUP(P59, $A$4:$J$29, 9, 0) -> 14 | Y59: =VLOOKUP(Q59, $A$4:$J$29, 9, 0) -> 12 | Z59: =VLOOKUP(R59, $A$4:$J$29, 9, 0) -> 14 | AA59: =VLOOKUP(S59, $A$4:$J$29, 9, 0) -> 6 | AC59: 1 | AD59: 1 | AE59: 1 | AF59: 1 | AG59: 1 | AH59: 1 | AI59: 1
B60: K | C60: 10 | L60: 56 | M60: TE | N60: J | O60: J | P60: G5 | Q60: M2 | R60: A | S60: M6 | U60: =VLOOKUP(M60, $A$4:$J$29, 9, 0) -> 16 | V60: =VLOOKUP(N60, $A$4:$J$29, 9, 0) -> 15 | W60: =VLOOKUP(O60, $A$4:$J$29, 9, 0) -> 15 | X60: =VLOOKUP(P60, $A$4:$J$29, 9, 0) -> 0 | Y60: =VLOOKUP(Q60, $A$4:$J$29, 9, 0) -> 12 | Z60: =VLOOKUP(R60, $A$4:$J$29, 9, 0) -> 8 | AA60: =VLOOKUP(S60, $A$4:$J$29, 9, 0) -> 5 | AC60: 1 | AD60: 1 | AE60: 1 | AF60: 1 | AG60: 1 | AH60: 1 | AI60: 1 | AK60: Drop Weights Weight (3 Combo)
B61: Q | C61: 10 | L61: 57 | M61: TE | N61: M1 | O61: TE | P61: M4 | Q61: J | R61: M1 | S61: K | U61: =VLOOKUP(M61, $A$4:$J$29, 9, 0) -> 16 | V61: =VLOOKUP(N61, $A$4:$J$29, 9, 0) -> 6 | W61: =VLOOKUP(O61, $A$4:$J$29, 9, 0) -> 16 | X61: =VLOOKUP(P61, $A$4:$J$29, 9, 0) -> 10 | Y61: =VLOOKUP(Q61, $A$4:$J$29, 9, 0) -> 15 | Z61: =VLOOKUP(R61, $A$4:$J$29, 9, 0) -> 6 | AA61: =VLOOKUP(S61, $A$4:$J$29, 9, 0) -> 7 | AC61: 1 | AD61: 1 | AE61: 1 | AF61: 1 | AG61: 1 | AH61: 1 | AI61: 1 | AK61: Symbol | AL61: R1 | AM61: R2 | AN61: R3 | AO61: R4 | AP61: R5 | AQ61: R6 | AR61: R7 | AS61: ID
B62: J | C62: 10 | L62: 58 | M62: M6 | N62: G3 | O62: M6 | P62: A | Q62: J | R62: A | S62: K | U62: =VLOOKUP(M62, $A$4:$J$29, 9, 0) -> 5 | V62: =VLOOKUP(N62, $A$4:$J$29, 9, 0) -> 0 | W62: =VLOOKUP(O62, $A$4:$J$29, 9, 0) -> 5 | X62: =VLOOKUP(P62, $A$4:$J$29, 9, 0) -> 8 | Y62: =VLOOKUP(Q62, $A$4:$J$29, 9, 0) -> 15 | Z62: =VLOOKUP(R62, $A$4:$J$29, 9, 0) -> 8 | AA62: =VLOOKUP(S62, $A$4:$J$29, 9, 0) -> 7 | AC62: 1 | AD62: 1 | AE62: 1 | AF62: 1 | AG62: 1 | AH62: 1 | AI62: 1 | AK62: WW | AL62: 0 | AM62: 0 | AN62: 0 | AO62: 0 | AP62: 0 | AQ62: 0 | AR62: 0 | AS62: 0
B63: TE | C63: 10 | L63: 59 | M63: K | N63: M5 | O63: TE | P63: M3 | Q63: M6 | R63: M5 | S63: M3 | U63: =VLOOKUP(M63, $A$4:$J$29, 9, 0) -> 7 | V63: =VLOOKUP(N63, $A$4:$J$29, 9, 0) -> 14 | W63: =VLOOKUP(O63, $A$4:$J$29, 9, 0) -> 16 | X63: =VLOOKUP(P63, $A$4:$J$29, 9, 0) -> 14 | Y63: =VLOOKUP(Q63, $A$4:$J$29, 9, 0) -> 5 | Z63: =VLOOKUP(R63, $A$4:$J$29, 9, 0) -> 14 | AA63: =VLOOKUP(S63, $A$4:$J$29, 9, 0) -> 14 | AC63: 1 | AD63: 1 | AE63: 1 | AF63: 1 | AG63: 1 | AH63: 1 | AI63: 3 | AK63: C1 | AL63: 5 | AM63: 5 | AN63: 5 | AO63: 5 | AP63: 5 | AQ63: 5 | AR63: 0 | AS63: 1
L64: 60 | M64: K | N64: G5 | O64: GT | P64: M3 | Q64: J | R64: A | S64: M3 | U64: =VLOOKUP(M64, $A$4:$J$29, 9, 0) -> 7 | V64: =VLOOKUP(N64, $A$4:$J$29, 9, 0) -> 0 | W64: =VLOOKUP(O64, $A$4:$J$29, 9, 0) -> 0 | X64: =VLOOKUP(P64, $A$4:$J$29, 9, 0) -> 14 | Y64: =VLOOKUP(Q64, $A$4:$J$29, 9, 0) -> 15 | Z64: =VLOOKUP(R64, $A$4:$J$29, 9, 0) -> 8 | AA64: =VLOOKUP(S64, $A$4:$J$29, 9, 0) -> 14 | AC64: 1 | AD64: 1 | AE64: 1 | AF64: 1 | AG64: 1 | AH64: 1 | AI64: 1 | AK64: M1 | AL64: 40 | AM64: 1 | AN64: 10 | AO64: 1 | AP64: 40 | AQ64: 1 | AR64: 0 | AS64: 2
L65: 61 | M65: J | N65: A | O65: K | P65: M3 | Q65: J | R65: A | S65: M3 | U65: =VLOOKUP(M65, $A$4:$J$29, 9, 0) -> 15 | V65: =VLOOKUP(N65, $A$4:$J$29, 9, 0) -> 8 | W65: =VLOOKUP(O65, $A$4:$J$29, 9, 0) -> 7 | X65: =VLOOKUP(P65, $A$4:$J$29, 9, 0) -> 14 | Y65: =VLOOKUP(Q65, $A$4:$J$29, 9, 0) -> 15 | Z65: =VLOOKUP(R65, $A$4:$J$29, 9, 0) -> 8 | AA65: =VLOOKUP(S65, $A$4:$J$29, 9, 0) -> 14 | AC65: 1 | AD65: 1 | AE65: 1 | AF65: 1 | AG65: 1 | AH65: 1 | AI65: 1 | AK65: M2 | AL65: 1 | AM65: 40 | AN65: 1 | AO65: 40 | AP65: 1 | AQ65: 1 | AR65: 1 | AS65: 3
B66: Post Scatter | C66: Weight | L66: 62 | M66: K | N66: A | O66: K | P66: Q | Q66: K | R66: K | S66: K | U66: =VLOOKUP(M66, $A$4:$J$29, 9, 0) -> 7 | V66: =VLOOKUP(N66, $A$4:$J$29, 9, 0) -> 8 | W66: =VLOOKUP(O66, $A$4:$J$29, 9, 0) -> 7 | X66: =VLOOKUP(P66, $A$4:$J$29, 9, 0) -> 11 | Y66: =VLOOKUP(Q66, $A$4:$J$29, 9, 0) -> 7 | Z66: =VLOOKUP(R66, $A$4:$J$29, 9, 0) -> 7 | AA66: =VLOOKUP(S66, $A$4:$J$29, 9, 0) -> 7 | AC66: 1 | AD66: 1 | AE66: 1 | AF66: 1 | AG66: 1 | AH66: 1 | AI66: 1 | AK66: M3 | AL66: 40 | AM66: 40 | AN66: 40 | AO66: 1 | AP66: 1 | AQ66: 40 | AR66: 1 | AS66: 4
B67: 0 | C67: 1000 | L67: 63 | M67: TE | N67: M5 | O67: K | P67: Q | Q67: M4 | R67: TE | S67: K | U67: =VLOOKUP(M67, $A$4:$J$29, 9, 0) -> 16 | V67: =VLOOKUP(N67, $A$4:$J$29, 9, 0) -> 14 | W67: =VLOOKUP(O67, $A$4:$J$29, 9, 0) -> 7 | X67: =VLOOKUP(P67, $A$4:$J$29, 9, 0) -> 11 | Y67: =VLOOKUP(Q67, $A$4:$J$29, 9, 0) -> 10 | Z67: =VLOOKUP(R67, $A$4:$J$29, 9, 0) -> 16 | AA67: =VLOOKUP(S67, $A$4:$J$29, 9, 0) -> 7 | AC67: 1 | AD67: 1 | AE67: 1 | AF67: 1 | AG67: 1 | AH67: 1 | AI67: 1 | AK67: M4 | AL67: 1 | AM67: 40 | AN67: 1 | AO67: 1 | AP67: 1 | AQ67: 40 | AR67: 1 | AS67: 5
B68: 1 | C68: 120 | L68: 64 | M68: M3 | N68: Q | O68: M4 | P68: TE | Q68: M6 | R68: TE | S68: J | U68: =VLOOKUP(M68, $A$4:$J$29, 9, 0) -> 14 | V68: =VLOOKUP(N68, $A$4:$J$29, 9, 0) -> 11 | W68: =VLOOKUP(O68, $A$4:$J$29, 9, 0) -> 10 | X68: =VLOOKUP(P68, $A$4:$J$29, 9, 0) -> 16 | Y68: =VLOOKUP(Q68, $A$4:$J$29, 9, 0) -> 5 | Z68: =VLOOKUP(R68, $A$4:$J$29, 9, 0) -> 16 | AA68: =VLOOKUP(S68, $A$4:$J$29, 9, 0) -> 15 | AC68: 1 | AD68: 1 | AE68: 1 | AF68: 1 | AG68: 1 | AH68: 1 | AI68: 3 | AK68: M5 | AL68: 1 | AM68: 1 | AN68: 40 | AO68: 1 | AP68: 40 | AQ68: 1 | AR68: 1 | AS68: 6
B69: 2 | C69: 20 | L69: 65 | M69: Q | N69: Q | O69: A | P69: TE | Q69: M6 | R69: Q | S69: J | U69: =VLOOKUP(M69, $A$4:$J$29, 9, 0) -> 11 | V69: =VLOOKUP(N69, $A$4:$J$29, 9, 0) -> 11 | W69: =VLOOKUP(O69, $A$4:$J$29, 9, 0) -> 8 | X69: =VLOOKUP(P69, $A$4:$J$29, 9, 0) -> 16 | Y69: =VLOOKUP(Q69, $A$4:$J$29, 9, 0) -> 5 | Z69: =VLOOKUP(R69, $A$4:$J$29, 9, 0) -> 11 | AA69: =VLOOKUP(S69, $A$4:$J$29, 9, 0) -> 15 | AC69: 1 | AD69: 1 | AE69: 1 | AF69: 1 | AG69: 1 | AH69: 1 | AI69: 1 | AK69: M6 | AL69: 1 | AM69: 40 | AN69: 1 | AO69: 40 | AP69: 1 | AQ69: 1 | AR69: 1 | AS69: 7
B70: 3 | C70: 10 | L70: 66 | M70: Q | N70: TE | O70: A | P70: TE | Q70: M4 | R70: A | S70: J | U70: =VLOOKUP(M70, $A$4:$J$29, 9, 0) -> 11 | V70: =VLOOKUP(N70, $A$4:$J$29, 9, 0) -> 16 | W70: =VLOOKUP(O70, $A$4:$J$29, 9, 0) -> 8 | X70: =VLOOKUP(P70, $A$4:$J$29, 9, 0) -> 16 | Y70: =VLOOKUP(Q70, $A$4:$J$29, 9, 0) -> 10 | Z70: =VLOOKUP(R70, $A$4:$J$29, 9, 0) -> 8 | AA70: =VLOOKUP(S70, $A$4:$J$29, 9, 0) -> 15 | AC70: 1 | AD70: 1 | AE70: 1 | AF70: 1 | AG70: 1 | AH70: 1 | AI70: 1 | AK70: A | AL70: 1 | AM70: 1 | AN70: 1 | AO70: 1 | AP70: 35 | AQ70: 1 | AR70: 1 | AS70: 8
B71: 4 | C71: 1 | L71: 67 | M71: M4 | N71: Q | O71: A | P71: K | Q71: M4 | R71: M5 | S71: TE | U71: =VLOOKUP(M71, $A$4:$J$29, 9, 0) -> 10 | V71: =VLOOKUP(N71, $A$4:$J$29, 9, 0) -> 11 | W71: =VLOOKUP(O71, $A$4:$J$29, 9, 0) -> 8 | X71: =VLOOKUP(P71, $A$4:$J$29, 9, 0) -> 7 | Y71: =VLOOKUP(Q71, $A$4:$J$29, 9, 0) -> 10 | Z71: =VLOOKUP(R71, $A$4:$J$29, 9, 0) -> 14 | AA71: =VLOOKUP(S71, $A$4:$J$29, 9, 0) -> 16 | AC71: 1 | AD71: 1 | AE71: 1 | AF71: 1 | AG71: 1 | AH71: 1 | AI71: 1 | AK71: K | AL71: 1 | AM71: 40 | AN71: 1 | AO71: 40 | AP71: 1 | AQ71: 40 | AR71: 1 | AS71: 9
B72: 5 | C72: 0 | L72: 68 | M72: M4 | N72: Q | O72: M5 | P72: G5 | Q72: G5 | R72: M5 | S72: M2 | U72: =VLOOKUP(M72, $A$4:$J$29, 9, 0) -> 10 | V72: =VLOOKUP(N72, $A$4:$J$29, 9, 0) -> 11 | W72: =VLOOKUP(O72, $A$4:$J$29, 9, 0) -> 14 | X72: =VLOOKUP(P72, $A$4:$J$29, 9, 0) -> 0 | Y72: =VLOOKUP(Q72, $A$4:$J$29, 9, 0) -> 0 | Z72: =VLOOKUP(R72, $A$4:$J$29, 9, 0) -> 14 | AA72: =VLOOKUP(S72, $A$4:$J$29, 9, 0) -> 12 | AC72: 1 | AD72: 1 | AE72: 1 | AF72: 1 | AG72: 1 | AH72: 1 | AI72: 1 | AK72: Q | AL72: 60 | AM72: 40 | AN72: 35 | AO72: 1 | AP72: 1 | AQ72: 1 | AR72: 1 | AS72: 10
B73: 6 | C73: 0 | L73: 69 | M73: K | N73: Q | O73: J | P73: M5 | Q73: M5 | R73: TE | S73: M2 | U73: =VLOOKUP(M73, $A$4:$J$29, 9, 0) -> 7 | V73: =VLOOKUP(N73, $A$4:$J$29, 9, 0) -> 11 | W73: =VLOOKUP(O73, $A$4:$J$29, 9, 0) -> 15 | X73: =VLOOKUP(P73, $A$4:$J$29, 9, 0) -> 14 | Y73: =VLOOKUP(Q73, $A$4:$J$29, 9, 0) -> 14 | Z73: =VLOOKUP(R73, $A$4:$J$29, 9, 0) -> 16 | AA73: =VLOOKUP(S73, $A$4:$J$29, 9, 0) -> 12 | AC73: 1 | AD73: 1 | AE73: 1 | AF73: 1 | AG73: 1 | AH73: 1 | AI73: 1 | AK73: J | AL73: 1 | AM73: 40 | AN73: 1 | AO73: 1 | AP73: 1 | AQ73: 1 | AR73: 1 | AS73: 11
B74: 7 | C74: 0 | L74: 70 | M74: TE | N74: GJ | O74: J | P74: M5 | Q74: M4 | R74: J | S74: M3 | U74: =VLOOKUP(M74, $A$4:$J$29, 9, 0) -> 16 | V74: =VLOOKUP(N74, $A$4:$J$29, 9, 0) -> 0 | W74: =VLOOKUP(O74, $A$4:$J$29, 9, 0) -> 15 | X74: =VLOOKUP(P74, $A$4:$J$29, 9, 0) -> 14 | Y74: =VLOOKUP(Q74, $A$4:$J$29, 9, 0) -> 10 | Z74: =VLOOKUP(R74, $A$4:$J$29, 9, 0) -> 15 | AA74: =VLOOKUP(S74, $A$4:$J$29, 9, 0) -> 14 | AC74: 1 | AD74: 1 | AE74: 1 | AF74: 1 | AG74: 1 | AH74: 1 | AI74: 3 | AK74: TE | AL74: 40 | AM74: 1 | AN74: 1 | AO74: 1 | AP74: 1 | AQ74: 1 | AR74: 1 | AS74: 12
L75: 71 | M75: TE | N75: J | O75: K | P75: A | Q75: A | R75: A | S75: M3 | U75: =VLOOKUP(M75, $A$4:$J$29, 9, 0) -> 16 | V75: =VLOOKUP(N75, $A$4:$J$29, 9, 0) -> 15 | W75: =VLOOKUP(O75, $A$4:$J$29, 9, 0) -> 7 | X75: =VLOOKUP(P75, $A$4:$J$29, 9, 0) -> 8 | Y75: =VLOOKUP(Q75, $A$4:$J$29, 9, 0) -> 8 | Z75: =VLOOKUP(R75, $A$4:$J$29, 9, 0) -> 8 | AA75: =VLOOKUP(S75, $A$4:$J$29, 9, 0) -> 14 | AC75: 1 | AD75: 1 | AE75: 1 | AF75: 1 | AG75: 1 | AH75: 1 | AI75: 1 | AK75: G1 | AL75: 0 | AM75: 2 | AN75: 2 | AO75: 1 | AP75: 2 | AQ75: 0 | AR75: 0 | AS75: 13
L76: 72 | M76: K | N76: G6 | O76: M4 | P76: M5 | Q76: M4 | R76: A | S76: M3 | U76: =VLOOKUP(M76, $A$4:$J$29, 9, 0) -> 7 | V76: =VLOOKUP(N76, $A$4:$J$29, 9, 0) -> 0 | W76: =VLOOKUP(O76, $A$4:$J$29, 9, 0) -> 10 | X76: =VLOOKUP(P76, $A$4:$J$29, 9, 0) -> 14 | Y76: =VLOOKUP(Q76, $A$4:$J$29, 9, 0) -> 10 | Z76: =VLOOKUP(R76, $A$4:$J$29, 9, 0) -> 8 | AA76: =VLOOKUP(S76, $A$4:$J$29, 9, 0) -> 14 | AC76: 1 | AD76: 1 | AE76: 1 | AF76: 1 | AG76: 1 | AH76: 1 | AI76: 1 | AK76: G2 | AL76: 0 | AM76: 1 | AN76: 1 | AO76: 2 | AP76: 1 | AQ76: 0 | AR76: 0 | AS76: 14
L77: 73 | M77: J | N77: A | O77: J | P77: J | Q77: M3 | R77: M3 | S77: Q | U77: =VLOOKUP(M77, $A$4:$J$29, 9, 0) -> 15 | V77: =VLOOKUP(N77, $A$4:$J$29, 9, 0) -> 8 | W77: =VLOOKUP(O77, $A$4:$J$29, 9, 0) -> 15 | X77: =VLOOKUP(P77, $A$4:$J$29, 9, 0) -> 15 | Y77: =VLOOKUP(Q77, $A$4:$J$29, 9, 0) -> 14 | Z77: =VLOOKUP(R77, $A$4:$J$29, 9, 0) -> 14 | AA77: =VLOOKUP(S77, $A$4:$J$29, 9, 0) -> 11 | AC77: 1 | AD77: 1 | AE77: 1 | AF77: 1 | AG77: 1 | AH77: 1 | AI77: 2 | AK77: G3 | AL77: 0 | AM77: 2 | AN77: 2 | AO77: 1 | AP77: 1 | AQ77: 0 | AR77: 0 | AS77: 15
L78: 74 | M78: M5 | N78: MY | O78: J | P78: J | Q78: M3 | R78: M3 | S78: Q | U78: =VLOOKUP(M78, $A$4:$J$29, 9, 0) -> 14 | V78: =VLOOKUP(N78, $A$4:$J$29, 9, 0) -> 3 | W78: =VLOOKUP(O78, $A$4:$J$29, 9, 0) -> 15 | X78: =VLOOKUP(P78, $A$4:$J$29, 9, 0) -> 15 | Y78: =VLOOKUP(Q78, $A$4:$J$29, 9, 0) -> 14 | Z78: =VLOOKUP(R78, $A$4:$J$29, 9, 0) -> 14 | AA78: =VLOOKUP(S78, $A$4:$J$29, 9, 0) -> 11 | AC78: 1 | AD78: 1 | AE78: 1 | AF78: 1 | AG78: 1 | AH78: 1 | AI78: 1 | AK78: G4 | AL78: 0 | AM78: 1 | AN78: 1 | AO78: 1 | AP78: 1 | AQ78: 0 | AR78: 0 | AS78: 16
L79: 75 | M79: TE | N79: MY | O79: A | P79: GJ | Q79: G3 | R79: M3 | S79: Q | U79: =VLOOKUP(M79, $A$4:$J$29, 9, 0) -> 16 | V79: =VLOOKUP(N79, $A$4:$J$29, 9, 0) -> 3 | W79: =VLOOKUP(O79, $A$4:$J$29, 9, 0) -> 8 | X79: =VLOOKUP(P79, $A$4:$J$29, 9, 0) -> 0 | Y79: =VLOOKUP(Q79, $A$4:$J$29, 9, 0) -> 0 | Z79: =VLOOKUP(R79, $A$4:$J$29, 9, 0) -> 14 | AA79: =VLOOKUP(S79, $A$4:$J$29, 9, 0) -> 11 | AC79: 1 | AD79: 1 | AE79: 1 | AF79: 1 | AG79: 1 | AH79: 1 | AI79: 1 | AK79: G5 | AL79: 0 | AM79: 2 | AN79: 2 | AO79: 1 | AP79: 2 | AQ79: 0 | AR79: 0 | AS79: 17
L80: 76 | M80: TE | N80: M6 | O80: K | P80: TE | Q80: M5 | R80: M5 | S80: M3 | U80: =VLOOKUP(M80, $A$4:$J$29, 9, 0) -> 16 | V80: =VLOOKUP(N80, $A$4:$J$29, 9, 0) -> 5 | W80: =VLOOKUP(O80, $A$4:$J$29, 9, 0) -> 7 | X80: =VLOOKUP(P80, $A$4:$J$29, 9, 0) -> 16 | Y80: =VLOOKUP(Q80, $A$4:$J$29, 9, 0) -> 14 | Z80: =VLOOKUP(R80, $A$4:$J$29, 9, 0) -> 14 | AA80: =VLOOKUP(S80, $A$4:$J$29, 9, 0) -> 14 | AC80: 1 | AD80: 1 | AE80: 1 | AF80: 1 | AG80: 1 | AH80: 1 | AI80: 1 | AK80: G6 | AL80: 0 | AM80: 2 | AN80: 2 | AO80: 1 | AP80: 2 | AQ80: 0 | AR80: 0 | AS80: 18
L81: 77 | M81: Q | N81: M6 | O81: K | P81: TE | Q81: M5 | R81: M5 | S81: TE | U81: =VLOOKUP(M81, $A$4:$J$29, 9, 0) -> 11 | V81: =VLOOKUP(N81, $A$4:$J$29, 9, 0) -> 5 | W81: =VLOOKUP(O81, $A$4:$J$29, 9, 0) -> 7 | X81: =VLOOKUP(P81, $A$4:$J$29, 9, 0) -> 16 | Y81: =VLOOKUP(Q81, $A$4:$J$29, 9, 0) -> 14 | Z81: =VLOOKUP(R81, $A$4:$J$29, 9, 0) -> 14 | AA81: =VLOOKUP(S81, $A$4:$J$29, 9, 0) -> 16 | AC81: 1 | AD81: 1 | AE81: 1 | AF81: 1 | AG81: 1 | AH81: 1 | AI81: 3 | AK81: GA | AL81: 0 | AM81: 2 | AN81: 1 | AO81: 1 | AP81: 7 | AQ81: 0 | AR81: 0 | AS81: 19
L82: 78 | M82: A | N82: M2 | O82: K | P82: A | Q82: M6 | R82: M5 | S82: TE | U82: =VLOOKUP(M82, $A$4:$J$29, 9, 0) -> 8 | V82: =VLOOKUP(N82, $A$4:$J$29, 9, 0) -> 12 | W82: =VLOOKUP(O82, $A$4:$J$29, 9, 0) -> 7 | X82: =VLOOKUP(P82, $A$4:$J$29, 9, 0) -> 8 | Y82: =VLOOKUP(Q82, $A$4:$J$29, 9, 0) -> 5 | Z82: =VLOOKUP(R82, $A$4:$J$29, 9, 0) -> 14 | AA82: =VLOOKUP(S82, $A$4:$J$29, 9, 0) -> 16 | AC82: 1 | AD82: 1 | AE82: 1 | AF82: 1 | AG82: 1 | AH82: 1 | AI82: 1 | AK82: GK | AL82: 0 | AM82: 2 | AN82: 1 | AO82: 2 | AP82: 1 | AQ82: 0 | AR82: 0 | AS82: 20
L83: 79 | M83: M5 | N83: M2 | O83: M4 | P83: G4 | Q83: M6 | R83: TE | S83: TE | U83: =VLOOKUP(M83, $A$4:$J$29, 9, 0) -> 14 | V83: =VLOOKUP(N83, $A$4:$J$29, 9, 0) -> 12 | W83: =VLOOKUP(O83, $A$4:$J$29, 9, 0) -> 10 | X83: =VLOOKUP(P83, $A$4:$J$29, 9, 0) -> 0 | Y83: =VLOOKUP(Q83, $A$4:$J$29, 9, 0) -> 5 | Z83: =VLOOKUP(R83, $A$4:$J$29, 9, 0) -> 16 | AA83: =VLOOKUP(S83, $A$4:$J$29, 9, 0) -> 16 | AC83: 1 | AD83: 1 | AE83: 1 | AF83: 1 | AG83: 1 | AH83: 1 | AI83: 1 | AK83: GQ | AL83: 0 | AM83: 2 | AN83: 7 | AO83: 1 | AP83: 1 | AQ83: 0 | AR83: 0 | AS83: 21
L84: 80 | M84: M5 | N84: K | O84: J | P84: M4 | Q84: G6 | R84: Q | S84: M1 | U84: =VLOOKUP(M84, $A$4:$J$29, 9, 0) -> 14 | V84: =VLOOKUP(N84, $A$4:$J$29, 9, 0) -> 7 | W84: =VLOOKUP(O84, $A$4:$J$29, 9, 0) -> 15 | X84: =VLOOKUP(P84, $A$4:$J$29, 9, 0) -> 10 | Y84: =VLOOKUP(Q84, $A$4:$J$29, 9, 0) -> 0 | Z84: =VLOOKUP(R84, $A$4:$J$29, 9, 0) -> 11 | AA84: =VLOOKUP(S84, $A$4:$J$29, 9, 0) -> 6 | AC84: 1 | AD84: 1 | AE84: 1 | AF84: 1 | AG84: 1 | AH84: 1 | AI84: 3 | AK84: GJ | AL84: 0 | AM84: 1 | AN84: 1 | AO84: 1 | AP84: 1 | AQ84: 0 | AR84: 0 | AS84: 22
L85: 81 | M85: A | N85: K | O85: M2 | P85: M5 | Q85: J | R85: Q | S85: M1 | U85: =VLOOKUP(M85, $A$4:$J$29, 9, 0) -> 8 | V85: =VLOOKUP(N85, $A$4:$J$29, 9, 0) -> 7 | W85: =VLOOKUP(O85, $A$4:$J$29, 9, 0) -> 12 | X85: =VLOOKUP(P85, $A$4:$J$29, 9, 0) -> 14 | Y85: =VLOOKUP(Q85, $A$4:$J$29, 9, 0) -> 15 | Z85: =VLOOKUP(R85, $A$4:$J$29, 9, 0) -> 11 | AA85: =VLOOKUP(S85, $A$4:$J$29, 9, 0) -> 6 | AC85: 1 | AD85: 1 | AE85: 1 | AF85: 1 | AG85: 1 | AH85: 1 | AI85: 1 | AK85: GT | AL85: 0 | AM85: 2 | AN85: 1 | AO85: 1 | AP85: 1 | AQ85: 0 | AR85: 0 | AS85: 23
