Workbook
Name Bet_1: Overview!$A$6
Name Bet_2: Overview!$A$7
Name Bet_3: Overview!$A$8
Name Bet_4: Overview!$A$9

Sheet Overview
A2: Model: | B2: =C2&"-"&B3 -> H020192-1.0.1.4 | C2: H020192
A3: Version: | B3: 1.0.1.4
A4: Hold: | B4: =1-C6 -> 0.079999985
A5: Coin | B5: Payline | C5: Pay Back | D5: Hit% | E5: Big win | F5: Mega win | G5: Jumbo win | H5: RTP(New)
A6: 1 | B6: 5 | C6: ='Multiplier Weight'!O2 -> 0.92000001 | D6: =1-'Multiplier Weight'!N4 -> 0.11403224 | E6: =SUM('Multiplier Weight'!$N$12:$N$61)-F6-G6 -> 0.017704605 | F6: =SUM('Multiplier Weight'!$N$15:$N$61)-G6 -> 0.020362849 | G6: =SUM('Multiplier Weight'!$N$19:$N$61) -> 0.0037195306 | H6: ='Multiplier Weight (new_player)'!O2 -> 0.91999954
A7: 1.5 | B7: 5 | C7: ='Multiplier Weight'!O67 -> 0.91999674 | D7: =1-'Multiplier Weight'!N69 -> 0.11535027 | E7: =SUM('Multiplier Weight'!N79:N126)-F7-G7 -> 0.022973885 | F7: =SUM('Multiplier Weight'!N81:N126)-G7 -> 0.021163181 | G7: =SUM('Multiplier Weight'!N87:N126) -> 0.003685189 | H7: ='Multiplier Weight (new_player)'!O67 -> 0.92000351
A8: 8 | B8: 5 | C8: ='Multiplier Weight'!O132 -> 0.91999937 | D8: =1-'Multiplier Weight'!N134 -> 0.1458621 | E8: =SUM('Multiplier Weight'!N153:N191)-F8-G8 -> 0.0054962516 | F8: =SUM('Multiplier Weight'!N156:N191)-G8 -> 0.023092958 | G8: =SUM('Multiplier Weight'!N164:N191) -> 0.0041767057 | H8: ='Multiplier Weight (new_player)'!O132 -> 0.9199969
A9: 250 | B9: 5 | C9: ='Multiplier Weight'!O197 -> 0.91999585 | D9: =1-'Multiplier Weight'!N199 -> 1 | H9: --
A12: Reel # | B12: 1 | C12: 2 | D12: 3 | E12: 4
A13: Visible Window Size | B13: 3 | C13: 3 | D13: 3 | E13: 3
A18: Feature:
A19: Normal Bet : x1, multiple : 1x, 2x, 3x, 5x, 10x, 15x, 20x, 25x, 50x, 100x, 500x Extra Bet 1 : x1.5, multiple : 1x, 2x, 3x, 5x, 10x, 15x, 20x, 25x, 50x, 100x, 500x Extra Bet 2 : x8, multiple : 1x, 2x, 3x, 5x, 10x, 15x, 20x, 25x, 50x, 100x, 500x Super Feature Buy : x250, 5 Spins multiplier stay, multiple : 1x, 2x, 3x, 5x, 10x, 15x, 20x, 25x, 50x, 100x, 500x
A25: Pay Table： | B25: All wins show for 1 credit bet.
B26: WW | C26: C1*
A27: 5 | B27: 0 | C27: 0
A28: 4 | B28: 0 | C28: 0
A29: 3 | B29: 5 | C29: 0
B30: W1 | C30: W2 | D30: W3
A31: 5 | B31: 0 | C31: 0 | D31: 0
A32: 4 | B32: 0 | C32: 0 | D32: 0
A33: 3 | B33: 4 | C33: 3 | D33: 2.4
B34: WA | C34: WK | D34: WQ | E34: WJ
A35: 5 | B35: 0 | C35: 0 | D35: 0 | E35: 0
A36: 4 | B36: 0 | C36: 0 | D36: 0 | E36: 0
A37: 3 | B37: 2 | C37: 1.6 | D37: 1 | E37: 0.4
A40: For Pay Combo | B40: All wins show for 1 credit bet.
A41: WW | B41: =B29 -> 5
A42: W1 | B42: =B33 -> 4
A43: W2 | B43: =C33 -> 3
A44: W3 | B44: =D33 -> 2.4
A45: WA | B45: =B37 -> 2
A46: WK | B46: =C37 -> 1.6
A47: WQ | B47: =D37 -> 1
A48: WJ | B48: =E37 -> 0.4

Sheet Parameter
B1: Strip Table | F1: Normal Bet Weight | J1: Extra Bet 1 Weight | N1: Extra Bet 2 Weight | R1: Super Feature Buy Weight | V1: Normal Bet R4 | Y1: Extra Bet 1 R4 | AB1: Extra Bet 2 R4 | AE1: Super Feature Buy R4 | AH1: Reel 4 Multiple
B2: {=_xlfn.LET(_xlpm.x, 'Regular Symbol'!BW2:BY211, IF(_xlpm.x="", "", _xlpm.x))} -> R1 | C2: R2 | D2: R3 | F2: {=_xlfn.LET(_xlpm.x, 'Regular Symbol'!AA2:AC211, IF(_xlpm.x="", "", _xlpm.x))} -> R1 | G2: R2 | H2: R3 | J2: {=_xlfn.LET(_xlpm.x, 'Regular Symbol'!AM2:AO211, IF(_xlpm.x="", "", _xlpm.x))} -> R1 | K2: R2 | L2: R3 | N2: {=_xlfn.LET(_xlpm.x, 'Regular Symbol'!AY2:BA211, IF(_xlpm.x="", "", _xlpm.x))} -> R1 | O2: R2 | P2: R3 | R2: {=_xlfn.LET(_xlpm.x, 'Regular Symbol'!BK2:BM211, IF(_xlpm.x="", "", _xlpm.x))} -> R1 | S2: R2 | T2: R3 | V2: Normal | W2: Re-spin | Y2: Normal | Z2: Re-spin | AB2: Normal | AC2: Re-spin | AE2: Normal | AF2: Re-spin | AH2: {='Pay Combo Normal Bet'!$L$2:$N$14} -> R4 Multiplier | AI2: prob. | AJ2: weight
B3: 7 | C3: 0 | D3: 1 | F3: 1 | G3: 1 | H3: 1 | J3: 1 | K3: 1 | L3: 1 | N3: 1 | O3: 1 | P3: 1 | R3: 1 | S3: 1 | T3: 1 | V3: {='Reel 4 Symbol'!AC3:AD211} -> 18 | W3: 30 | Y3: {='Reel 4 Symbol'!AM3:AN211} -> 18 | Z3: 30 | AB3: {='Reel 4 Symbol'!AW3:AX211} -> 18 | AC3: 30 | AE3: {='Reel 4 Symbol'!BG3:BH211} -> 18 | AF3: 30 | AH3: 1 | AI3: 0.2247191 | AJ3: 220000000
B4: 5 | C4: 0 | D4: 1 | F4: 1 | G4: 1 | H4: 1 | J4: 1 | K4: 1 | L4: 1 | N4: 1 | O4: 1 | P4: 1 | R4: 1 | S4: 1 | T4: 1 | V4: 17 | W4: 17 | Y4: 17 | Z4: 17 | AB4: 17 | AC4: 17 | AE4: 17 | AF4: 17 | AH4: 2 | AI4: 0.2247191 | AJ4: 220000000
B5: 5 | C5: 0 | D5: 1 | F5: 1 | G5: 1 | H5: 1 | J5: 1 | K5: 1 | L5: 1 | N5: 1 | O5: 1 | P5: 1 | R5: 1 | S5: 1 | T5: 1 | V5: 16 | W5: 28 | Y5: 16 | Z5: 28 | AB5: 16 | AC5: 28 | AE5: 16 | AF5: 28 | AH5: 3 | AI5: 0.2247191 | AJ5: 220000000
B6: 0 | C6: 7 | D6: 0 | F6: 1 | G6: 1 | H6: 1 | J6: 1 | K6: 1 | L6: 1 | N6: 1 | O6: 1 | P6: 1 | R6: 1 | S6: 1 | T6: 1 | V6: 12 | W6: 12 | Y6: 12 | Z6: 12 | AB6: 12 | AC6: 12 | AE6: 12 | AF6: 12 | AH6: 5 | AI6: 0.06639428 | AJ6: 65000000
B7: 0 | C7: 7 | D7: 0 | F7: 1 | G7: 1 | H7: 1 | J7: 1 | K7: 1 | L7: 1 | N7: 1 | O7: 1 | P7: 1 | R7: 1 | S7: 1 | T7: 1 | V7: 13 | W7: 25 | Y7: 13 | Z7: 25 | AB7: 13 | AC7: 25 | AE7: 13 | AF7: 25 | AH7: 10 | AI7: 0.030643514 | AJ7: 30000000
B8: 0 | C8: 4 | D8: 0 | F8: 1 | G8: 1 | H8: 1 | J8: 1 | K8: 1 | L8: 1 | N8: 1 | O8: 1 | P8: 1 | R8: 1 | S8: 1 | T8: 1 | V8: 15 | W8: 15 | Y8: 15 | Z8: 15 | AB8: 15 | AC8: 15 | AE8: 15 | AF8: 15 | AH8: 15 | AI8: 0.010214505 | AJ8: 10000000
B9: 4 | C9: 4 | D9: 4 | F9: 1 | G9: 1 | H9: 1 | J9: 1 | K9: 1 | L9: 1 | N9: 1 | O9: 1 | P9: 1 | R9: 1 | S9: 1 | T9: 1 | V9: 14 | W9: 26 | Y9: 14 | Z9: 26 | AB9: 14 | AC9: 26 | AE9: 14 | AF9: 26 | AH9: 20 | AI9: 0.0051072523 | AJ9: 5000000
B10: 4 | C10: 4 | D10: 4 | F10: 1 | G10: 1 | H10: 1 | J10: 1 | K10: 1 | L10: 1 | N10: 1 | O10: 1 | P10: 1 | R10: 1 | S10: 1 | T10: 1 | V10: 11 | W10: 11 | Y10: 11 | Z10: 11 | AB10: 13 | AC10: 13 | AE10: 11 | AF10: 11 | AH10: 25 | AI10: 0.0020429009 | AJ10: 2000000
B11: 4 | C11: 2 | D11: 4 | F11: 1 | G11: 1 | H11: 1 | J11: 1 | K11: 1 | L11: 1 | N11: 1 | O11: 1 | P11: 1 | R11: 1 | S11: 1 | T11: 1 | V11: 10 | W11: 22 | Y11: 10 | Z11: 22 | AB11: 12 | AC11: 24 | AE11: 10 | AF11: 22 | AH11: 50 | AI11: 0.0020429009 | AJ11: 2000000
B12: 2 | C12: 2 | D12: 2 | F12: 1 | G12: 1 | H12: 1 | J12: 1 | K12: 1 | L12: 1 | N12: 1 | O12: 1 | P12: 1 | R12: 1 | S12: 1 | T12: 1 | V12: 19 | W12: 11 | Y12: 19 | Z12: 11 | AB12: 19 | AC12: 12 | AE12: 19 | AF12: 11 | AH12: 100 | AI12: 0.0020429009 | AJ12: 2000000
B13: 2 | C13: 2 | D13: 2 | F13: 1 | G13: 1 | H13: 1 | J13: 1 | K13: 1 | L13: 1 | N13: 1 | O13: 1 | P13: 1 | R13: 1 | S13: 1 | T13: 1 | V13: 9 | W13: 21 | Y13: 9 | Z13: 21 | AB13: 12 | AC13: 24 | AE13: 9 | AF13: 21 | AH13: 500 | AI13: 0.0030643514 | AJ13: 3000000
B14: 5 | C14: 5 | D14: 2 | F14: 1 | G14: 1 | H14: 1 | J14: 1 | K14: 1 | L14: 1 | N14: 1 | O14: 1 | P14: 1 | R14: 1 | S14: 1 | T14: 1 | V14: 8 | W14: 8 | Y14: 9 | Z14: 9 | AB14: 13 | AC14: 13 | AE14: 9 | AF14: 9 | AH14: Re-spin | AI14: 0.20429009 | AJ14: 200000000
B15: 5 | C15: 5 | D15: 5 | F15: 1 | G15: 1 | H15: 1 | J15: 1 | K15: 1 | L15: 1 | N15: 1 | O15: 1 | P15: 1 | R15: 1 | S15: 1 | T15: 1 | V15: 11 | W15: 23 | Y15: 11 | Z15: 23 | AB15: 14 | AC15: 26 | AE15: 11 | AF15: 23
B16: 1 | C16: 5 | D16: 5 | F16: 1 | G16: 1 | H16: 1 | J16: 1 | K16: 1 | L16: 1 | N16: 1 | O16: 1 | P16: 1 | R16: 1 | S16: 1 | T16: 1 | V16: 12 | W16: 12 | Y16: 12 | Z16: 12 | AB16: 12 | AC16: 12 | AE16: 12 | AF16: 12
B17: 1 | C17: 4 | D17: 5 | F17: 1 | G17: 1 | H17: 1 | J17: 1 | K17: 1 | L17: 1 | N17: 1 | O17: 1 | P17: 1 | R17: 1 | S17: 1 | T17: 1 | V17: 13 | W17: 25 | Y17: 13 | Z17: 25 | AB17: 13 | AC17: 25 | AE17: 13 | AF17: 25 | AH17: Re-spin times
B18: 1 | C18: 4 | D18: 1 | F18: 1 | G18: 1 | H18: 1 | J18: 1 | K18: 1 | L18: 1 | N18: 1 | O18: 1 | P18: 1 | R18: 1 | S18: 1 | T18: 1 | V18: 14 | W18: 14 | Y18: 14 | Z18: 14 | AB18: 14 | AC18: 14 | AE18: 14 | AF18: 14 | AH18: {='Pay Combo Normal Bet'!$Q$2:$S$13} -> Re-spin times | AI18: prob. | AJ18: weight
B19: 7 | C19: 4 | D19: 1 | F19: 1 | G19: 1 | H19: 1 | J19: 1 | K19: 1 | L19: 1 | N19: 1 | O19: 1 | P19: 1 | R19: 1 | S19: 1 | T19: 1 | V19: 15 | W19: 27 | Y19: 15 | Z19: 27 | AB19: 15 | AC19: 27 | AE19: 15 | AF19: 27 | AH19: 2 | AI19: 0.11111111 | AJ19: 120000000
B20: 7 | C20: 2 | D20: 1 | F20: 1 | G20: 1 | H20: 1 | J20: 1 | K20: 1 | L20: 1 | N20: 1 | O20: 1 | P20: 1 | R20: 1 | S20: 1 | T20: 1 | V20: 16 | W20: 16 | Y20: 16 | Z20: 16 | AB20: 16 | AC20: 16 | AE20: 16 | AF20: 16 | AH20: 3 | AI20: 0.11111111 | AJ20: 120000000
B21: 2 | C21: 2 | D21: 3 | F21: 1 | G21: 1 | H21: 1 | J21: 1 | K21: 1 | L21: 1 | N21: 1 | O21: 1 | P21: 1 | R21: 1 | S21: 1 | T21: 1 | V21: 17 | W21: 29 | Y21: 17 | Z21: 29 | AB21: 17 | AC21: 29 | AE21: 17 | AF21: 29 | AH21: 4 | AI21: 0.11111111 | AJ21: 120000000
B22: 2 | C22: 2 | D22: 3 | F22: 1 | G22: 1 | H22: 1 | J22: 1 | K22: 1 | L22: 1 | N22: 1 | O22: 1 | P22: 1 | R22: 1 | S22: 1 | T22: 1 | V22: 13 | W22: 13 | Y22: 13 | Z22: 13 | AB22: 13 | AC22: 13 | AE22: 13 | AF22: 13 | AH22: 5 | AI22: 0.11111111 | AJ22: 120000000
B23: 4 | C23: 4 | D23: 6 | F23: 1 | G23: 1 | H23: 1 | J23: 1 | K23: 1 | L23: 1 | N23: 1 | O23: 1 | P23: 1 | R23: 1 | S23: 1 | T23: 1 | V23: 12 | W23: 24 | Y23: 12 | Z23: 24 | AB23: 12 | AC23: 24 | AE23: 12 | AF23: 24 | AH23: 6 | AI23: 0.11111111 | AJ23: 120000000
B24: 4 | C24: 4 | D24: 6 | F24: 1 | G24: 1 | H24: 1 | J24: 1 | K24: 1 | L24: 1 | N24: 1 | O24: 1 | P24: 1 | R24: 1 | S24: 1 | T24: 1 | V24: 16 | W24: 16 | Y24: 16 | Z24: 16 | AB24: 16 | AC24: 16 | AE24: 16 | AF24: 16 | AH24: 7 | AI24: 0.074074074 | AJ24: 80000000
B25: 4 | C25: 0 | D25: 6 | F25: 1 | G25: 1 | H25: 1 | J25: 1 | K25: 1 | L25: 1 | N25: 1 | O25: 1 | P25: 1 | R25: 1 | S25: 1 | T25: 1 | V25: 15 | W25: 15 | Y25: 15 | Z25: 15 | AB25: 15 | AC25: 15 | AE25: 15 | AF25: 15 | AH25: 8 | AI25: 0.074074074 | AJ25: 80000000
B26: 3 | C26: 0 | D26: 4 | F26: 1 | G26: 1 | H26: 1 | J26: 1 | K26: 1 | L26: 1 | N26: 1 | O26: 1 | P26: 1 | R26: 1 | S26: 1 | T26: 1 | V26: 14 | W26: 14 | Y26: 14 | Z26: 14 | AB26: 14 | AC26: 14 | AE26: 14 | AF26: 14 | AH26: 9 | AI26: 0.074074074 | AJ26: 80000000
B27: 3 | C27: 0 | D27: 4 | F27: 1 | G27: 1 | H27: 1 | J27: 1 | K27: 1 | L27: 1 | N27: 1 | O27: 1 | P27: 1 | R27: 1 | S27: 1 | T27: 1 | V27: 11 | W27: 23 | Y27: 11 | Z27: 23 | AB27: 13 | AC27: 25 | AE27: 11 | AF27: 23 | AH27: 10 | AI27: 0.074074074 | AJ27: 80000000
B28: 6 | C28: 6 | D28: 4 | F28: 1 | G28: 1 | H28: 1 | J28: 1 | K28: 1 | L28: 1 | N28: 1 | O28: 1 | P28: 1 | R28: 1 | S28: 1 | T28: 1 | V28: 9 | W28: 9 | Y28: 9 | Z28: 9 | AB28: 12 | AC28: 12 | AE28: 9 | AF28: 9 | AH28: 20 | AI28: 0.074074074 | AJ28: 80000000
B29: 6 | C29: 6 | D29: 2 | F29: 1 | G29: 1 | H29: 1 | J29: 1 | K29: 1 | L29: 1 | N29: 1 | O29: 1 | P29: 1 | R29: 1 | S29: 1 | T29: 1 | V29: 19 | W29: 22 | Y29: 19 | Z29: 22 | AB29: 19 | AC29: 25 | AE29: 19 | AF29: 22 | AH29: 50 | AI29: 0.074074074 | AJ29: 80000000
B30: 1 | C30: 3 | D30: 2 | F30: 1 | G30: 1 | H30: 1 | J30: 1 | K30: 1 | L30: 1 | N30: 1 | O30: 1 | P30: 1 | R30: 1 | S30: 1 | T30: 1 | V30: 8 | W30: 8 | Y30: 9 | Z30: 9 | AB30: 12 | AC30: 12 | AE30: 9 | AF30: 9
B31: 1 | C31: 3 | D31: 7 | F31: 1 | G31: 1 | H31: 1 | J31: 1 | K31: 1 | L31: 1 | N31: 1 | O31: 1 | P31: 1 | R31: 1 | S31: 1 | T31: 1 | V31: 10 | W31: 22 | Y31: 10 | Z31: 22 | AB31: 13 | AC31: 13 | AE31: 10 | AF31: 22
B32: 7 | C32: 3 | D32: 7 | F32: 1 | G32: 1 | H32: 1 | J32: 1 | K32: 1 | L32: 1 | N32: 1 | O32: 1 | P32: 1 | R32: 1 | S32: 1 | T32: 1 | V32: 11 | W32: 11 | Y32: 11 | Z32: 11 | AB32: 12 | AC32: 12 | AE32: 11 | AF32: 11 | AH32: Multiple per Re-spin
B33: 7 | C33: 6 | D33: 7 | F33: 1 | G33: 1 | H33: 1 | J33: 1 | K33: 1 | L33: 1 | N33: 1 | O33: 1 | P33: 1 | R33: 1 | S33: 1 | T33: 1 | V33: 12 | W33: 24 | Y33: 12 | Z33: 24 | AB33: 12 | AC33: 24 | AE33: 12 | AF33: 24 | AH33: 倍數\nudge次數 | AI33: {='Pay Combo Normal Bet'!$AH$2:$AR$13} -> 2 | AJ33: 3 | AK33: 4 | AL33: 5 | AM33: 6 | AN33: 7 | AO33: 8 | AP33: 9 | AQ33: 10 | AR33: 20 | AS33: 50
B34: 2 | C34: 6 | D34: 0 | F34: 1 | G34: 1 | H34: 1 | J34: 1 | K34: 1 | L34: 1 | N34: 1 | O34: 1 | P34: 1 | R34: 1 | S34: 1 | T34: 1 | V34: 13 | W34: 13 | Y34: 13 | Z34: 13 | AB34: 13 | AC34: 13 | AE34: 13 | AF34: 13 | AH34: {='Pay Combo Normal Bet'!$V$3:$V$13} -> 1 | AI34: 0 | AJ34: 0 | AK34: 0 | AL34: 0 | AM34: 0 | AN34: 0 | AO34: 0 | AP34: 0 | AQ34: 265000000 | AR34: 265000000 | AS34: 265000000
B35: 2 | C35: 6 | D35: 0 | F35: 1 | G35: 1 | H35: 1 | J35: 1 | K35: 1 | L35: 1 | N35: 1 | O35: 1 | P35: 1 | R35: 1 | S35: 1 | T35: 1 | V35: 14 | W35: 26 | Y35: 14 | Z35: 26 | AB35: 14 | AC35: 26 | AE35: 14 | AF35: 26 | AH35: 2 | AI35: 0 | AJ35: 0 | AK35: 0 | AL35: 250000000 | AM35: 250000000 | AN35: 250000000 | AO35: 240000000 | AP35: 240000000 | AQ35: 240000000 | AR35: 240000000 | AS35: 240000000
B36: 5 | C36: 2 | D36: 0 | F36: 1 | G36: 1 | H36: 1 | J36: 1 | K36: 1 | L36: 1 | N36: 1 | O36: 1 | P36: 1 | R36: 1 | S36: 1 | T36: 1 | V36: 15 | W36: 15 | Y36: 15 | Z36: 15 | AB36: 15 | AC36: 15 | AE36: 15 | AF36: 15 | AH36: 3 | AI36: 0 | AJ36: 250000000 | AK36: 250000000 | AL36: 200000000 | AM36: 200000000 | AN36: 200000000 | AO36: 170000000 | AP36: 170000000 | AQ36: 170000000 | AR36: 170000000 | AS36: 170000000
B37: 5 | C37: 2 | D37: 6 | F37: 1 | G37: 1 | H37: 1 | J37: 1 | K37: 1 | L37: 1 | N37: 1 | O37: 1 | P37: 1 | R37: 1 | S37: 1 | T37: 1 | V37: 16 | W37: 28 | Y37: 16 | Z37: 28 | AB37: 16 | AC37: 28 | AE37: 16 | AF37: 28 | AH37: 5 | AI37: 150000000 | AJ37: 150000000 | AK37: 150000000 | AL37: 160000000 | AM37: 160000000 | AN37: 160000000 | AO37: 130000000 | AP37: 130000000 | AQ37: 130000000 | AR37: 130000000 | AS37: 130000000
B38: 1 | C38: 2 | D38: 6 | F38: 1 | G38: 1 | H38: 1 | J38: 1 | K38: 1 | L38: 1 | N38: 1 | O38: 1 | P38: 1 | R38: 1 | S38: 1 | T38: 1 | V38: 18 | W38: 18 | Y38: 18 | Z38: 18 | AB38: 18 | AC38: 18 | AE38: 18 | AF38: 18 | AH38: 10 | AI38: 100000000 | AJ38: 100000000 | AK38: 100000000 | AL38: 80000000 | AM38: 80000000 | AN38: 80000000 | AO38: 80000000 | AP38: 80000000 | AQ38: 80000000 | AR38: 80000000 | AS38: 80000000
B39: 1 | C39: 5 | D39: 6 | F39: 1 | G39: 1 | H39: 1 | J39: 1 | K39: 1 | L39: 1 | N39: 1 | O39: 1 | P39: 1 | R39: 1 | S39: 1 | T39: 1 | V39: 17 | W39: 17 | Y39: 17 | Z39: 17 | AB39: 17 | AC39: 17 | AE39: 17 | AF39: 17 | AH39: 15 | AI39: 80000000 | AJ39: 80000000 | AK39: 80000000 | AL39: 50000000 | AM39: 50000000 | AN39: 50000000 | AO39: 50000000 | AP39: 50000000 | AQ39: 50000000 | AR39: 50000000 | AS39: 50000000
B40: 7 | C40: 5 | D40: 6 | F40: 1 | G40: 1 | H40: 1 | J40: 1 | K40: 1 | L40: 1 | N40: 1 | O40: 1 | P40: 1 | R40: 1 | S40: 1 | T40: 1 | V40: 9 | W40: 9 | Y40: 9 | Z40: 9 | AB40: 15 | AC40: 27 | AE40: 9 | AF40: 9 | AH40: 20 | AI40: 20000000 | AJ40: 20000000 | AK40: 20000000 | AL40: 20000000 | AM40: 20000000 | AN40: 20000000 | AO40: 20000000 | AP40: 20000000 | AQ40: 20000000 | AR40: 20000000 | AS40: 20000000
B41: 7 | C41: 1 | D41: 4 | F41: 1 | G41: 1 | H41: 1 | J41: 1 | K41: 1 | L41: 1 | N41: 1 | O41: 1 | P41: 1 | R41: 1 | S41: 1 | T41: 1 | V41: 8 | W41: 20 | Y41: 10 | Z41: 22 | AB41: 14 | AC41: 14 | AE41: 10 | AF41: 22 | AH41: 25 | AI41: 15000000 | AJ41: 15000000 | AK41: 15000000 | AL41: 15000000 | AM41: 15000000 | AN41: 15000000 | AO41: 15000000 | AP41: 15000000 | AQ41: 15000000 | AR41: 15000000 | AS41: 15000000
B42: 2 | C42: 1 | D42: 4 | F42: 1 | G42: 1 | H42: 1 | J42: 1 | K42: 1 | L42: 1 | N42: 1 | O42: 1 | P42: 1 | R42: 1 | S42: 1 | T42: 1 | V42: 10 | W42: 10 | Y42: 10 | Z42: 10 | AB42: 13 | AC42: 25 | AE42: 10 | AF42: 10 | AH42: 50 | AI42: 15000000 | AJ42: 15000000 | AK42: 15000000 | AL42: 15000000 | AM42: 15000000 | AN42: 15000000 | AO42: 15000000 | AP42: 15000000 | AQ42: 15000000 | AR42: 15000000 | AS42: 15000000
B43: 2 | C43: 1 | D43: 7 | F43: 1 | G43: 1 | H43: 1 | J43: 1 | K43: 1 | L43: 1 | N43: 1 | O43: 1 | P43: 1 | R43: 1 | S43: 1 | T43: 1 | V43: 9 | W43: 9 | Y43: 9 | Z43: 9 | AB43: 12 | AC43: 12 | AE43: 9 | AF43: 9 | AH43: 100 | AI43: 10000000 | AJ43: 10000000 | AK43: 10000000 | AL43: 10000000 | AM43: 10000000 | AN43: 10000000 | AO43: 10000000 | AP43: 10000000 | AQ43: 10000000 | AR43: 10000000 | AS43: 10000000
B44: 6 | C44: 7 | D44: 7 | F44: 1 | G44: 1 | H44: 1 | J44: 1 | K44: 1 | L44: 1 | N44: 1 | O44: 1 | P44: 1 | R44: 1 | S44: 1 | T44: 1 | V44: 14 | W44: 14 | Y44: 14 | Z44: 14 | AB44: 14 | AC44: 14 | AE44: 14 | AF44: 14 | AH44: 500 | AI44: 10000000 | AJ44: 10000000 | AK44: 10000000 | AL44: 10000000 | AM44: 10000000 | AN44: 10000000 | AO44: 10000000 | AP44: 10000000 | AQ44: 10000000 | AR44: 10000000 | AS44: 10000000
B45: 6 | C45: 7 | D45: 7 | F45: 1 | G45: 1 | H45: 1 | J45: 1 | K45: 1 | L45: 1 | N45: 1 | O45: 1 | P45: 1 | R45: 1 | S45: 1 | T45: 1 | V45: 13 | W45: 25 | Y45: 13 | Z45: 25 | AB45: 13 | AC45: 25 | AE45: 13 | AF45: 25
B46: 6 | C46: 7 | D46: 3 | F46: 1 | G46: 1 | H46: 1 | J46: 1 | K46: 1 | L46: 1 | N46: 1 | O46: 1 | P46: 1 | R46: 1 | S46: 1 | T46: 1 | V46: 11 | W46: 11 | Y46: 11 | Z46: 11 | AB46: 12 | AC46: 12 | AE46: 11 | AF46: 11
B47: 5 | C47: 3 | D47: 3 | F47: 1 | G47: 1 | H47: 1 | J47: 1 | K47: 1 | L47: 1 | N47: 1 | O47: 1 | P47: 1 | R47: 1 | S47: 1 | T47: 1 | V47: 8 | W47: 20 | Y47: 9 | Z47: 21 | AB47: 12 | AC47: 24 | AE47: 9 | AF47: 21
B48: 1 | C48: 3 | D48: 6 | F48: 1 | G48: 1 | H48: 1 | J48: 1 | K48: 1 | L48: 1 | N48: 1 | O48: 1 | P48: 1 | R48: 1 | S48: 1 | T48: 1 | V48: 19 | W48: 12 | Y48: 19 | Z48: 12 | AB48: 19 | AC48: 12 | AE48: 19 | AF48: 12 | AH48: Reel 4 Multiple
B49: 1 | C49: 6 | D49: 6 | F49: 1 | G49: 1 | H49: 1 | J49: 1 | K49: 1 | L49: 1 | N49: 1 | O49: 1 | P49: 1 | R49: 1 | S49: 1 | T49: 1 | V49: 9 | W49: 21 | Y49: 9 | Z49: 21 | AB49: 13 | AC49: 25 | AE49: 9 | AF49: 21 | AH49: {='Pay Combo Extra Bet (1)'!L2:N14} -> R4 Multiplier | AI49: prob. | AJ49: weight
B50: 1 | C50: 6 | D50: 6 | F50: 1 | G50: 1 | H50: 1 | J50: 1 | K50: 1 | L50: 1 | N50: 1 | O50: 1 | P50: 1 | R50: 1 | S50: 1 | T50: 1 | V50: 10 | W50: 10 | Y50: 10 | Z50: 10 | AB50: 14 | AC50: 14 | AE50: 10 | AF50: 10 | AH50: 1 | AI50: 0 | AJ50: 0
B51: 7 | C51: 5 | D51: 2 | F51: 1 | G51: 1 | H51: 1 | J51: 1 | K51: 1 | L51: 1 | N51: 1 | O51: 1 | P51: 1 | R51: 1 | S51: 1 | T51: 1 | V51: 11 | W51: 23 | Y51: 11 | Z51: 23 | AB51: 15 | AC51: 15 | AE51: 11 | AF51: 23 | AH51: 2 | AI51: 0.28985507 | AJ51: 220000000
B52: 7 | C52: 5 | D52: 2 | F52: 1 | G52: 1 | H52: 1 | J52: 1 | K52: 1 | L52: 1 | N52: 1 | O52: 1 | P52: 1 | R52: 1 | S52: 1 | T52: 1 | V52: 12 | W52: 12 | Y52: 12 | Z52: 12 | AB52: 12 | AC52: 12 | AE52: 12 | AF52: 12 | AH52: 3 | AI52: 0.28985507 | AJ52: 220000000
B53: 0 | C53: 0 | D53: 2 | F53: 1 | G53: 1 | H53: 1 | J53: 1 | K53: 1 | L53: 1 | N53: 1 | O53: 1 | P53: 1 | R53: 1 | S53: 1 | T53: 1 | V53: 13 | W53: 25 | Y53: 13 | Z53: 25 | AB53: 13 | AC53: 25 | AE53: 13 | AF53: 25 | AH53: 5 | AI53: 0.085638999 | AJ53: 65000000
B54: 0 | C54: 0 | D54: 2 | F54: 1 | G54: 1 | H54: 1 | J54: 1 | K54: 1 | L54: 1 | N54: 1 | O54: 1 | P54: 1 | R54: 1 | S54: 1 | T54: 1 | V54: 14 | W54: 14 | Y54: 14 | Z54: 14 | AB54: 14 | AC54: 14 | AE54: 14 | AF54: 14 | AH54: 10 | AI54: 0.039525692 | AJ54: 30000000
B55: 0 | C55: 0 | D55: 4 | F55: 1 | G55: 1 | H55: 1 | J55: 1 | K55: 1 | L55: 1 | N55: 1 | O55: 1 | P55: 1 | R55: 1 | S55: 1 | T55: 1 | V55: 15 | W55: 27 | Y55: 15 | Z55: 27 | AB55: 15 | AC55: 27 | AE55: 15 | AF55: 27 | AH55: 15 | AI55: 0.013175231 | AJ55: 10000000
B56: 4 | C56: 6 | D56: 4 | F56: 1 | G56: 1 | H56: 1 | J56: 1 | K56: 1 | L56: 1 | N56: 1 | O56: 1 | P56: 1 | R56: 1 | S56: 1 | T56: 1 | V56: 16 | W56: 16 | Y56: 16 | Z56: 16 | AB56: 16 | AC56: 16 | AE56: 16 | AF56: 16 | AH56: 20 | AI56: 0.0065876153 | AJ56: 5000000
B57: 4 | C57: 6 | D57: 4 | F57: 1 | G57: 1 | H57: 1 | J57: 1 | K57: 1 | L57: 1 | N57: 1 | O57: 1 | P57: 1 | R57: 1 | S57: 1 | T57: 1 | V57: 17 | W57: 17 | Y57: 17 | Z57: 17 | AB57: 17 | AC57: 17 | AE57: 17 | AF57: 17 | AH57: 25 | AI57: 0.0026350461 | AJ57: 2000000
B58: 3 | C58: 4 | D58: 3 | F58: 1 | G58: 1 | H58: 1 | J58: 1 | K58: 1 | L58: 1 | N58: 1 | O58: 1 | P58: 1 | R58: 1 | S58: 1 | T58: 1 | V58: 18 | W58: 18 | Y58: 18 | Z58: 18 | AB58: 18 | AC58: 18 | AE58: 18 | AF58: 18 | AH58: 50 | AI58: 0.0026350461 | AJ58: 2000000
B59: 3 | C59: 4 | D59: 3 | F59: 1 | G59: 1 | H59: 1 | J59: 1 | K59: 1 | L59: 1 | N59: 1 | O59: 1 | P59: 1 | R59: 1 | S59: 1 | T59: 1 | V59: 10 | W59: 22 | Y59: 10 | Z59: 22 | AB59: 15 | AC59: 27 | AE59: 10 | AF59: 22 | AH59: 100 | AI59: 0.0026350461 | AJ59: 2000000
B60: 5 | C60: 4 | D60: 3 | F60: 1 | G60: 1 | H60: 1 | J60: 1 | K60: 1 | L60: 1 | N60: 1 | O60: 1 | P60: 1 | R60: 1 | S60: 1 | T60: 1 | V60: 9 | W60: 9 | Y60: 9 | Z60: 9 | AB60: 13 | AC60: 13 | AE60: 9 | AF60: 9 | AH60: 500 | AI60: 0.0039525692 | AJ60: 3000000
B61: 5 | C61: 2 | D61: 6 | F61: 1 | G61: 1 | H61: 1 | J61: 1 | K61: 1 | L61: 1 | N61: 1 | O61: 1 | P61: 1 | R61: 1 | S61: 1 | T61: 1 | V61: 10 | W61: 22 | Y61: 10 | Z61: 22 | AB61: 12 | AC61: 12 | AE61: 10 | AF61: 22 | AH61: Re-spin | AI61: 0.26350461 | AJ61: 200000000
B62: 3 | C62: 2 | D62: 6 | F62: 1 | G62: 1 | H62: 1 | J62: 1 | K62: 1 | L62: 1 | N62: 1 | O62: 1 | P62: 1 | R62: 1 | S62: 1 | T62: 1 | V62: 8 | W62: 8 | Y62: 10 | Z62: 10 | AB62: 12 | AC62: 24 | AE62: 10 | AF62: 10
B63: 3 | C63: 2 | D63: 6 | F63: 1 | G63: 1 | H63: 1 | J63: 1 | K63: 1 | L63: 1 | N63: 1 | O63: 1 | P63: 1 | R63: 1 | S63: 1 | T63: 1 | V63: 9 | W63: 9 | Y63: 9 | Z63: 9 | AB63: 16 | AC63: 16 | AE63: 9 | AF63: 9
B64: 5 | C64: 5 | D64: 2 | F64: 1 | G64: 1 | H64: 1 | J64: 1 | K64: 1 | L64: 1 | N64: 1 | O64: 1 | P64: 1 | R64: 1 | S64: 1 | T64: 1 | V64: 14 | W64: 14 | Y64: 14 | Z64: 14 | AB64: 14 | AC64: 14 | AE64: 14 | AF64: 14 | AH64: Re-spin times
B65: 5 | C65: 5 | D65: 2 | F65: 1 | G65: 1 | H65: 1 | J65: 1 | K65: 1 | L65: 1 | N65: 1 | O65: 1 | P65: 1 | R65: 1 | S65: 1 | T65: 1 | V65: 13 | W65: 25 | Y65: 13 | Z65: 25 | AB65: 13 | AC65: 25 | AE65: 13 | AF65: 25 | AH65: {='Pay Combo Extra Bet (1)'!Q2:S13} -> Re-spin times | AI65: prob. | AJ65: weight
B66: 5 | C66: 2 | D66: 2 | F66: 1 | G66: 1 | H66: 1 | J66: 1 | K66: 1 | L66: 1 | N66: 1 | O66: 1 | P66: 1 | R66: 1 | S66: 1 | T66: 1 | V66: 12 | W66: 12 | Y66: 12 | Z66: 12 | AB66: 12 | AC66: 12 | AE66: 12 | AF66: 12 | AH66: 2 | AI66: 0.11111111 | AJ66: 120000000
B67: 1 | C67: 2 | D67: 6 | F67: 1 | G67: 1 | H67: 1 | J67: 1 | K67: 1 | L67: 1 | N67: 1 | O67: 1 | P67: 1 | R67: 1 | S67: 1 | T67: 1 | V67: 10 | W67: 22 | Y67: 10 | Z67: 22 | AB67: 12 | AC67: 24 | AE67: 10 | AF67: 22 | AH67: 3 | AI67: 0.11111111 | AJ67: 120000000
B68: 1 | C68: 7 | D68: 6 | F68: 1 | G68: 1 | H68: 1 | J68: 1 | K68: 1 | L68: 1 | N68: 1 | O68: 1 | P68: 1 | R68: 1 | S68: 1 | T68: 1 | V68: 9 | W68: 9 | Y68: 9 | Z68: 9 | AB68: 13 | AC68: 13 | AE68: 9 | AF68: 9 | AH68: 4 | AI68: 0.11111111 | AJ68: 120000000
B69: 6 | C69: 7 | D69: 6 | F69: 1 | G69: 1 | H69: 1 | J69: 1 | K69: 1 | L69: 1 | N69: 1 | O69: 1 | P69: 1 | R69: 1 | S69: 1 | T69: 1 | V69: 19 | W69: 11 | Y69: 19 | Z69: 11 | AB69: 19 | AC69: 12 | AE69: 19 | AF69: 11 | AH69: 5 | AI69: 0.11111111 | AJ69: 120000000
B70: 6 | C70: 3 | D70: 2 | F70: 1 | G70: 1 | H70: 1 | J70: 1 | K70: 1 | L70: 1 | N70: 1 | O70: 1 | P70: 1 | R70: 1 | S70: 1 | T70: 1 | V70: 8 | W70: 8 | Y70: 11 | Z70: 11 | AB70: 12 | AC70: 24 | AE70: 11 | AF70: 11 | AH70: 6 | AI70: 0.11111111 | AJ70: 120000000
B71: 5 | C71: 3 | D71: 2 | F71: 1 | G71: 1 | H71: 1 | J71: 1 | K71: 1 | L71: 1 | N71: 1 | O71: 1 | P71: 1 | R71: 1 | S71: 1 | T71: 1 | V71: 11 | W71: 23 | Y71: 11 | Z71: 23 | AB71: 13 | AC71: 13 | AE71: 11 | AF71: 23 | AH71: 7 | AI71: 0.074074074 | AJ71: 80000000
B72: 5 | C72: 3 | D72: 2 | F72: 1 | G72: 1 | H72: 1 | J72: 1 | K72: 1 | L72: 1 | N72: 1 | O72: 1 | P72: 1 | R72: 1 | S72: 1 | T72: 1 | V72: 12 | W72: 12 | Y72: 12 | Z72: 12 | AB72: 12 | AC72: 12 | AE72: 12 | AF72: 12 | AH72: 8 | AI72: 0.074074074 | AJ72: 80000000
B73: 4 | C73: 0 | D73: 1 | F73: 1 | G73: 1 | H73: 1 | J73: 1 | K73: 1 | L73: 1 | N73: 1 | O73: 1 | P73: 1 | R73: 1 | S73: 1 | T73: 1 | V73: 13 | W73: 25 | Y73: 13 | Z73: 25 | AB73: 13 | AC73: 25 | AE73: 13 | AF73: 25 | AH73: 9 | AI73: 0.074074074 | AJ73: 80000000
B74: 4 | C74: 0 | D74: 1 | F74: 1 | G74: 1 | H74: 1 | J74: 1 | K74: 1 | L74: 1 | N74: 1 | O74: 1 | P74: 1 | R74: 1 | S74: 1 | T74: 1 | V74: 14 | W74: 14 | Y74: 14 | Z74: 14 | AB74: 14 | AC74: 14 | AE74: 14 | AF74: 14 | AH74: 10 | AI74: 0.074074074 | AJ74: 80000000
B75: 3 | C75: 0 | D75: 5 | F75: 1 | G75: 1 | H75: 1 | J75: 1 | K75: 1 | L75: 1 | N75: 1 | O75: 1 | P75: 1 | R75: 1 | S75: 1 | T75: 1 | V75: 15 | W75: 15 | Y75: 15 | Z75: 15 | AB75: 15 | AC75: 15 | AE75: 15 | AF75: 15 | AH75: 20 | AI75: 0.074074074 | AJ75: 80000000
B76: 3 | C76: 2 | D76: 5 | F76: 1 | G76: 1 | H76: 1 | J76: 1 | K76: 1 | L76: 1 | N76: 1 | O76: 1 | P76: 1 | R76: 1 | S76: 1 | T76: 1 | V76: 8 | W76: 8 | Y76: 12 | Z76: 12 | AB76: 12 | AC76: 12 | AE76: 12 | AF76: 12 | AH76: 50 | AI76: 0.074074074 | AJ76: 80000000
B77: 7 | C77: 2 | D77: 1 | F77: 1 | G77: 1 | H77: 1 | J77: 1 | K77: 1 | L77: 1 | N77: 1 | O77: 1 | P77: 1 | R77: 1 | S77: 1 | T77: 1 | V77: 10 | W77: 22 | Y77: 10 | Z77: 22 | AB77: 13 | AC77: 25 | AE77: 10 | AF77: 22
B78: 7 | C78: 7 | D78: 1 | F78: 1 | G78: 1 | H78: 1 | J78: 1 | K78: 1 | L78: 1 | N78: 1 | O78: 1 | P78: 1 | R78: 1 | S78: 1 | T78: 1 | V78: 9 | W78: 9 | Y78: 9 | Z78: 9 | AB78: 14 | AC78: 14 | AE78: 9 | AF78: 9
B79: 4 | C79: 7 | D79: 1 | F79: 1 | G79: 1 | H79: 1 | J79: 1 | K79: 1 | L79: 1 | N79: 1 | O79: 1 | P79: 1 | R79: 1 | S79: 1 | T79: 1 | V79: 8 | W79: 20 | Y79: 13 | Z79: 25 | AB79: 13 | AC79: 25 | AE79: 13 | AF79: 25 | AH79: Multiple per Re-spin
B80: 4 | C80: 1 | D80: 6 | F80: 1 | G80: 1 | H80: 1 | J80: 1 | K80: 1 | L80: 1 | N80: 1 | O80: 1 | P80: 1 | R80: 1 | S80: 1 | T80: 1 | V80: 16 | W80: 16 | Y80: 16 | Z80: 16 | AB80: 16 | AC80: 16 | AE80: 16 | AF80: 16 | AH80: {='Pay Combo Extra Bet (1)'!V2:V13} -> Re-spin multi(per spin) | AI80: {='Pay Combo Extra Bet (1)'!AH2:AR13} -> 2 | AJ80: 3 | AK80: 4 | AL80: 5 | AM80: 6 | AN80: 7 | AO80: 8 | AP80: 9 | AQ80: 10 | AR80: 20 | AS80: 50
B81: 6 | C81: 1 | D81: 6 | F81: 1 | G81: 1 | H81: 1 | J81: 1 | K81: 1 | L81: 1 | N81: 1 | O81: 1 | P81: 1 | R81: 1 | S81: 1 | T81: 1 | V81: 15 | W81: 27 | Y81: 15 | Z81: 27 | AB81: 15 | AC81: 27 | AE81: 15 | AF81: 27 | AH81: 1 | AI81: 0 | AJ81: 0 | AK81: 0 | AL81: 0 | AM81: 0 | AN81: 0 | AO81: 0 | AP81: 0 | AQ81: 0 | AR81: 0 | AS81: 0
B82: 6 | C82: 1 | D82: 3 | F82: 1 | G82: 1 | H82: 1 | J82: 1 | K82: 1 | L82: 1 | N82: 1 | O82: 1 | P82: 1 | R82: 1 | S82: 1 | T82: 1 | V82: 13 | W82: 13 | Y82: 13 | Z82: 13 | AB82: 17 | AC82: 13 | AE82: 13 | AF82: 13 | AH82: 2 | AI82: 0 | AJ82: 0 | AK82: 0 | AL82: 250000000 | AM82: 250000000 | AN82: 250000000 | AO82: 240000000 | AP82: 240000000 | AQ82: 240000000 | AR82: 240000000 | AS82: 240000000
B83: 3 | C83: 6 | D83: 3 | F83: 1 | G83: 1 | H83: 1 | J83: 1 | K83: 1 | L83: 1 | N83: 1 | O83: 1 | P83: 1 | R83: 1 | S83: 1 | T83: 1 | V83: 9 | W83: 21 | Y83: 9 | Z83: 21 | AB83: 13 | AC83: 25 | AE83: 9 | AF83: 21 | AH83: 3 | AI83: 0 | AJ83: 250000000 | AK83: 250000000 | AL83: 200000000 | AM83: 200000000 | AN83: 200000000 | AO83: 170000000 | AP83: 170000000 | AQ83: 170000000 | AR83: 170000000 | AS83: 170000000
B84: 3 | C84: 6 | D84: 3 | F84: 1 | G84: 1 | H84: 1 | J84: 1 | K84: 1 | L84: 1 | N84: 1 | O84: 1 | P84: 1 | R84: 1 | S84: 1 | T84: 1 | V84: 10 | W84: 10 | Y84: 10 | Z84: 10 | AB84: 12 | AC84: 12 | AE84: 10 | AF84: 10 | AH84: 5 | AI84: 150000000 | AJ84: 150000000 | AK84: 150000000 | AL84: 160000000 | AM84: 160000000 | AN84: 160000000 | AO84: 130000000 | AP84: 130000000 | AQ84: 130000000 | AR84: 130000000 | AS84: 130000000
B85: 5 | C85: 4 | D85: 7 | F85: 1 | G85: 1 | H85: 1 | J85: 1 | K85: 1 | L85: 1 | N85: 1 | O85: 1 | P85: 1 | R85: 1 | S85: 1 | T85: 1 | V85: 8 | W85: 20 | Y85: 14 | Z85: 26 | AB85: 14 | AC85: 26 | AE85: 14 | AF85: 26 | AH85: 10 | AI85: 100000000 | AJ85: 100000000 | AK85: 100000000 | AL85: 80000000 | AM85: 80000000 | AN85: 80000000 | AO85: 80000000 | AP85: 80000000 | AQ85: 80000000 | AR85: 80000000 | AS85: 80000000
B86: 5 | C86: 4 | D86: 7 | F86: 1 | G86: 1 | H86: 1 | J86: 1 | K86: 1 | L86: 1 | N86: 1 | O86: 1 | P86: 1 | R86: 1 | S86: 1 | T86: 1 | V86: 9 | W86: 9 | Y86: 9 | Z86: 9 | AB86: 16 | AC86: 16 | AE86: 9 | AF86: 9 | AH86: 15 | AI86: 80000000 | AJ86: 80000000 | AK86: 80000000 | AL86: 50000000 | AM86: 50000000 | AN86: 50000000 | AO86: 50000000 | AP86: 50000000 | AQ86: 50000000 | AR86: 50000000 | AS86: 50000000
B87: 7 | C87: 2 | D87: 7 | F87: 1 | G87: 1 | H87: 1 | J87: 1 | K87: 1 | L87: 1 | N87: 1 | O87: 1 | P87: 1 | R87: 1 | S87: 1 | T87: 1 | V87: 12 | W87: 24 | Y87: 12 | Z87: 24 | AB87: 12 | AC87: 24 | AE87: 12 | AF87: 24 | AH87: 20 | AI87: 20000000 | AJ87: 20000000 | AK87: 20000000 | AL87: 20000000 | AM87: 20000000 | AN87: 20000000 | AO87: 20000000 | AP87: 20000000 | AQ87: 20000000 | AR87: 20000000 | AS87: 20000000
B88: 7 | C88: 2 | D88: 2 | F88: 1 | G88: 1 | H88: 1 | J88: 1 | K88: 1 | L88: 1 | N88: 1 | O88: 1 | P88: 1 | R88: 1 | S88: 1 | T88: 1 | AH88: 25 | AI88: 15000000 | AJ88: 15000000 | AK88: 15000000 | AL88: 15000000 | AM88: 15000000 | AN88: 15000000 | AO88: 15000000 | AP88: 15000000 | AQ88: 15000000 | AR88: 15000000 | AS88: 15000000
B89: 1 | C89: 7 | D89: 2 | F89: 1 | G89: 1 | H89: 1 | J89: 1 | K89: 1 | L89: 1 | N89: 1 | O89: 1 | P89: 1 | R89: 1 | S89: 1 | T89: 1 | AH89: 50 | AI89: 15000000 | AJ89: 15000000 | AK89: 15000000 | AL89: 15000000 | AM89: 15000000 | AN89: 15000000 | AO89: 15000000 | AP89: 15000000 | AQ89: 15000000 | AR89: 15000000 | AS89: 15000000
B90: 1 | C90: 7 | D90: 2 | F90: 1 | G90: 1 | H90: 1 | J90: 1 | K90: 1 | L90: 1 | N90: 1 | O90: 1 | P90: 1 | R90: 1 | S90: 1 | T90: 1 | AH90: 100 | AI90: 10000000 | AJ90: 10000000 | AK90: 10000000 | AL90: 10000000 | AM90: 10000000 | AN90: 10000000 | AO90: 10000000 | AP90: 10000000 | AQ90: 10000000 | AR90: 10000000 | AS90: 10000000
B91: 4 | C91: 3 | D91: 1 | F91: 1 | G91: 1 | H91: 1 | J91: 1 | K91: 1 | L91: 1 | N91: 1 | O91: 1 | P91: 1 | R91: 1 | S91: 1 | T91: 1 | AH91: 500 | AI91: 10000000 | AJ91: 10000000 | AK91: 10000000 | AL91: 10000000 | AM91: 10000000 | AN91: 10000000 | AO91: 10000000 | AP91: 10000000 | AQ91: 10000000 | AR91: 10000000 | AS91: 10000000
B92: 4 | C92: 3 | D92: 1 | F92: 1 | G92: 1 | H92: 1 | J92: 1 | K92: 1 | L92: 1 | N92: 1 | O92: 1 | P92: 1 | R92: 1 | S92: 1 | T92: 1
B93: 6 | C93: 4 | D93: 1 | F93: 1 | G93: 1 | H93: 1 | J93: 1 | K93: 1 | L93: 1 | N93: 1 | O93: 1 | P93: 1 | R93: 1 | S93: 1 | T93: 1
B94: 6 | C94: 4 | D94: 4 | F94: 1 | G94: 1 | H94: 1 | J94: 1 | K94: 1 | L94: 1 | N94: 1 | O94: 1 | P94: 1 | R94: 1 | S94: 1 | T94: 1
B95: 3 | C95: 4 | D95: 4 | F95: 1 | G95: 1 | H95: 1 | J95: 1 | K95: 1 | L95: 1 | N95: 1 | O95: 1 | P95: 1 | R95: 1 | S95: 1 | T95: 1 | AH95: Reel 4 Multiple
B96: 3 | C96: 5 | D96: 4 | F96: 1 | G96: 1 | H96: 1 | J96: 1 | K96: 1 | L96: 1 | N96: 1 | O96: 1 | P96: 1 | R96: 1 | S96: 1 | T96: 1 | AH96: {='Pay Combo Extra Bet (2)'!L2:N14} -> R4 Multiplier | AI96: prob. | AJ96: weight
B97: 7 | C97: 5 | D97: 7 | F97: 1 | G97: 1 | H97: 1 | J97: 1 | K97: 1 | L97: 1 | N97: 1 | O97: 1 | P97: 1 | R97: 1 | S97: 1 | T97: 1 | AH97: 1 | AI97: 0 | AJ97: 0
B98: 7 | C98: 5 | D98: 7 | F98: 1 | G98: 1 | H98: 1 | J98: 1 | K98: 1 | L98: 1 | N98: 1 | O98: 1 | P98: 1 | R98: 1 | S98: 1 | T98: 1 | AH98: 2 | AI98: 0 | AJ98: 0
B99: 7 | C99: 6 | D99: 7 | F99: 1 | G99: 1 | H99: 1 | J99: 1 | K99: 1 | L99: 1 | N99: 1 | O99: 1 | P99: 1 | R99: 1 | S99: 1 | T99: 1 | AH99: 3 | AI99: 0 | AJ99: 0
B100: 3 | C100: 6 | D100: 2 | F100: 1 | G100: 1 | H100: 1 | J100: 1 | K100: 1 | L100: 1 | N100: 1 | O100: 1 | P100: 1 | R100: 1 | S100: 1 | T100: 1 | AH100: 5 | AI100: 0 | AJ100: 0
...

Sheet Parameter-卡片
C1: Normal Bet Weight | D1: Extra Bet 1 Weight | E1: Extra Bet 2 Weight | F1: Super Feature Buy Weight | G1: Normal Bet Weight | H1: Extra Bet 1 Weight | I1: Extra Bet 2 Weight | J1: Super Feature Buy Weight
A2: {='Multiplier Weight'!A3:B61} -> Lower | B2: Upper | C2: {='Multiplier Weight'!M3:M61} -> Fixed Weight | D2: {='Multiplier Weight'!M68:M126} -> Fixed Weight | E2: {='Multiplier Weight'!M133:M191} -> Fixed Weight | F2: {='Multiplier Weight'!M198:M256} -> Fixed Weight | G2: {='Multiplier Weight (new_player)'!M3:M61} -> Fixed Weight | H2: {='Multiplier Weight (new_player)'!M68:M126} -> Fixed Weight | I2: {='Multiplier Weight (new_player)'!M133:M191} -> Fixed Weight | J2: {='Multiplier Weight (new_player)'!#REF!} -> #REF! | L2: Scatter Combo Rate
A3: -1 | B3: 0 | C3: 885913313 | D3: 884641100 | E3: 110431432 | F3: 0 | G3: 195166480 | H3: 1048252570 | I3: 289747728 | M3: Normal | N3: EX1 | O3: EX2 | P3: Super Buy
A4: 0 | B4: 1 | C4: 11764624 | D4: 4036131 | E4: 0 | F4: 0 | G4: 1221030 | H4: 12210300 | I4: 0 | L4: 老手 | M4: 3736664782 | N4: 4093759000 | O4: 3100258235 | P4: 31318315000
A5: 1 | B5: 2 | C5: 16365756 | D5: 11713167 | E5: 0 | F5: 0 | G5: 1983581 | H5: 19835810 | I5: 0 | L5: 新手 | M5: 3731618775 | N5: 4085671071 | O5: 3139769444 | P5: --
A6: 2 | B6: 3 | C6: 11623926 | D6: 6004218 | E6: 0 | F6: 0 | G6: 1400402 | H6: 14004020 | I6: 0
A7: 3 | B7: 4 | C7: 12367038 | D7: 11078967 | E7: 0 | F7: 0 | G7: 1843384 | H7: 15287872 | I7: 0
A8: 4 | B8: 5 | C8: 10095520 | D8: 10345960 | E8: 0 | F8: 0 | G8: 1261039 | H8: 10458267 | I8: 0
A9: 5 | B9: 6 | C9: 8063906 | D9: 9145346 | E9: 0 | F9: 0 | G9: 1254493 | H9: 10403979 | I9: 0
A10: 6 | B10: 7 | C10: 1960044 | D10: 2087574 | E10: 0 | F10: 0 | G10: 316037 | H10: 2621012 | I10: 0
A11: 7 | B11: 8 | C11: 8419726 | D11: 9519892 | E11: 4346920 | F11: 0 | G11: 3291012 | H11: 10917438 | I11: 10867300
A12: 8 | B12: 9 | C12: 3082035 | D12: 3596097 | E12: 0 | F12: 0 | G12: 717711 | H12: 4761798 | I12: 0
A13: 9 | B13: 10 | C13: 6201756 | D13: 8367532 | E13: 3277630 | F13: 0 | G13: 892300 | H13: 5920141 | I13: 1638815
A14: 10 | B14: 15 | C14: 9885740 | D14: 14606129 | E14: 523644 | F14: 0 | G14: 4477577 | H14: 8955155 | I14: 1309110
A15: 15 | B15: 20 | C15: 5874476 | D15: 9202792 | E15: 1800254 | F15: 0 | G15: 1124732 | H15: 22494640 | I15: 4500635
A16: 20 | B16: 25 | C16: 2464217 | D16: 5141385 | E16: 1134864 | F16: 0 | G16: 1554967 | H16: 3109935 | I16: 2837160
A17: 25 | B17: 30 | C17: 2137165 | D17: 3428356 | E17: 900740 | F17: 0 | G17: 541256 | H17: 2165025 | I17: 2251850
... A60: 100000 | B60: 999999 | C60: 0 | D60: 0 | E60: 0 | F60: 0 | G60: 0 | H60: 0 | I60: 0

Sheet Regular Symbol
A1: Normal Bet Row 1 | H1: Normal Bet Row 2 | O1: Normal Bet Row 3 | V1: Symbol | AA1: Normal Row 1 | AE1: Normal Row 2 | AI1: Normal Row 3 | AM1: Extra Bet 1 Row 1 | AQ1: Extra Bet 1 Row 2 | AU1: Extra Bet 1 Row 3 | AY1: Extra Bet 2 Row 1 | BC1: Extra Bet 2 Row 2 | BG1: Extra Bet 2 Row 3 | BK1: Super Feature Buy Row 1 | BO1: Super Feature Buy Row 2 | BS1: Super Feature Buy Row 3 | BW1: ID | CA1: Description
A2: Symbol | B2: Symbol Name | C2: R1 | D2: R2 | E2: R3 | F2: ID | H2: Symbol | I2: Symbol Name | J2: R1 | K2: R2 | L2: R3 | M2: ID | O2: Symbol | P2: Symbol Name | Q2: R1 | R2: R2 | S2: R3 | T2: ID | V2: Line # | W2: R1 | X2: R2 | Y2: R3 | AA2: R1 | AB2: R2 | AC2: R3 | AE2: R1 | AF2: R2 | AG2: R3 | AI2: R1 | AJ2: R2 | AK2: R3 | AM2: R1 | AN2: R2 | AO2: R3 | AQ2: R1 | AR2: R2 | AS2: R3 | AU2: R1 | AV2: R2 | AW2: R3 | AY2: R1 | AZ2: R2 | BA2: R3 | BC2: R1 | BD2: R2 | BE2: R3 | BG2: R1 | BH2: R2 | BI2: R3 | BK2: R1 | BL2: R2 | BM2: R3 | BO2: R1 | BP2: R2 | BQ2: R3 | BS2: R1 | BT2: R2 | BU2: R3 | BW2: R1 | BX2: R2 | BY2: R3 | CA2: R1 | CB2: R2 | CC2: R3
A3: WW | B3: Wild | C3: =SUMIF(W$3:W$211, $A3, AA$3:AA$211) -> 9 | D3: =SUMIF(X$3:X$211, $A3, AB$3:AB$211) -> 21 | E3: =SUMIF(Y$3:Y$211, $A3, AC$3:AC$211) -> 21 | F3: 0 | H3: {=A3:B10} -> WW | I3: Wild | J3: =SUMIF(W$3:W$211, $H3, AE$3:AE$211) -> 9 | K3: =SUMIF(X$3:X$211, $H3, AF$3:AF$211) -> 21 | L3: =SUMIF(Y$3:Y$211, $H3, AG$3:AG$211) -> 21 | M3: 0 | O3: {=_xlfn.ANCHORARRAY(H3)} -> WW | P3: Wild | Q3: =SUMIF(W$3:W$211, $H3, AI$3:AI$211) -> 9 | R3: =SUMIF(X$3:X$211, $H3, AJ$3:AJ$211) -> 21 | S3: =SUMIF(Y$3:Y$211, $H3, AK$3:AK$211) -> 21 | T3: 0 | V3: 0 | W3: J | X3: WW | Y3: M1 | AA3: 1 | AB3: 1 | AC3: 1 | AE3: =OFFSET(AA$2,COUNTA(AA$3:AA$211),0) -> 1 | AF3: =OFFSET(AB$2,COUNTA(AB$3:AB$211),0) -> 1 | AG3: =OFFSET(AC$2,COUNTA(AC$3:AC$211),0) -> 1 | AI3: =OFFSET(AA$2,COUNTA(AA$3:AA$211)-1,0) -> 1 | AJ3: =OFFSET(AB$2,COUNTA(AB$3:AB$211)-1,0) -> 1 | AK3: =OFFSET(AC$2,COUNTA(AC$3:AC$211)-1,0) -> 1 | AM3: 1 | AN3: 1 | AO3: 1 | AQ3: =OFFSET(AM$2,COUNTA(AM$3:AM$211),0) -> 1 | AR3: =OFFSET(AN$2,COUNTA(AN$3:AN$211),0) -> 1 | AS3: =OFFSET(AO$2,COUNTA(AO$3:AO$211),0) -> 1 | AU3: =OFFSET(AM$2,COUNTA(AM$3:AM$211)-1,0) -> 1 | AV3: =OFFSET(AN$2,COUNTA(AN$3:AN$211)-1,0) -> 1 | AW3: =OFFSET(AO$2,COUNTA(AO$3:AO$211)-1,0) -> 1 | AY3: 1 | AZ3: 1 | BA3: 1 | BC3: =OFFSET(AY$2,COUNTA(AY$3:AY$211),0) -> 1 | BD3: =OFFSET(AZ$2,COUNTA(AZ$3:AZ$211),0) -> 1 | BE3: =OFFSET(BA$2,COUNTA(BA$3:BA$211),0) -> 1 | BG3: =OFFSET(AY$2,COUNTA(AY$3:AY$211)-1,0) -> 1 | BH3: =OFFSET(AZ$2,COUNTA(AZ$3:AZ$211)-1,0) -> 1 | BI3: =OFFSET(BA$2,COUNTA(BA$3:BA$211)-1,0) -> 1 | BK3: 1 | BL3: 1 | BM3: 1 | BO3: =OFFSET(BK$2,COUNTA(BK$3:BK$211),0) -> 1 | BP3: =OFFSET(BL$2,COUNTA(BL$3:BL$211),0) -> 1 | BQ3: =OFFSET(BM$2,COUNTA(BM$3:BM$211),0) -> 1 | BS3: =OFFSET(BK$2,COUNTA(BK$3:BK$211)-1,0) -> 1 | BT3: =OFFSET(BL$2,COUNTA(BL$3:BL$211)-1,0) -> 1 | BU3: =OFFSET(BM$2,COUNTA(BM$3:BM$211)-1,0) -> 1 | BW3: =IF(W3="","",VLOOKUP('Regular Symbol'!W3,'Regular Symbol'!$O$3:$T$13,6,0)) -> 7 | BX3: =IF(X3="","",VLOOKUP('Regular Symbol'!X3,'Regular Symbol'!$O$3:$T$13,6,0)) -> 0 | BY3: =IF(Y3="","",VLOOKUP('Regular Symbol'!Y3,'Regular Symbol'!$O$3:$T$13,6,0)) -> 1 | CA3: =IF(W3<>"", VLOOKUP(W3,$O$3:$P$13,2,0), "") -> J | CB3: =IF(X3<>"", VLOOKUP(X3,$O$3:$P$13,2,0), "") -> Wild | CC3: =IF(Y3<>"", VLOOKUP(Y3,$O$3:$P$13,2,0), "") -> M1
A4: M1 | B4: M1 | C4: =SUMIF(W$3:W$211, $A4, AA$3:AA$211) -> 14 | D4: =SUMIF(X$3:X$211, $A4, AB$3:AB$211) -> 24 | E4: =SUMIF(Y$3:Y$211, $A4, AC$3:AC$211) -> 23 | F4: 1 | H4: M1 | I4: M1 | J4: =SUMIF(W$3:W$211, $H4, AE$3:AE$211) -> 14 | K4: =SUMIF(X$3:X$211, $H4, AF$3:AF$211) -> 24 | L4: =SUMIF(Y$3:Y$211, $H4, AG$3:AG$211) -> 23 | M4: 1 | O4: M1 | P4: M1 | Q4: =SUMIF(W$3:W$211, $H4, AI$3:AI$211) -> 14 | R4: =SUMIF(X$3:X$211, $H4, AJ$3:AJ$211) -> 24 | S4: =SUMIF(Y$3:Y$211, $H4, AK$3:AK$211) -> 23 | T4: 1 | V4: 1 | W4: K | X4: WW | Y4: M1 | AA4: 1 | AB4: 1 | AC4: 1 | AE4: =IF(AA3="","",AA3) -> 1 | AF4: =IF(AB3="","",AB3) -> 1 | AG4: =IF(AC3="","",AC3) -> 1 | AI4: =OFFSET(AA$2,COUNTA(AA$3:AA$211),0) -> 1 | AJ4: =OFFSET(AB$2,COUNTA(AB$3:AB$211),0) -> 1 | AK4: =OFFSET(AC$2,COUNTA(AC$3:AC$211),0) -> 1 | AM4: 1 | AN4: 1 | AO4: 1 | AQ4: =IF(AM3="","",AM3) -> 1 | AR4: =IF(AN3="","",AN3) -> 1 | AS4: =IF(AO3="","",AO3) -> 1 | AU4: =OFFSET(AM$2,COUNTA(AM$3:AM$211),0) -> 1 | AV4: =OFFSET(AN$2,COUNTA(AN$3:AN$211),0) -> 1 | AW4: =OFFSET(AO$2,COUNTA(AO$3:AO$211),0) -> 1 | AY4: 1 | AZ4: 1 | BA4: 1 | BC4: =IF(AY3="","",AY3) -> 1 | BD4: =IF(AZ3="","",AZ3) -> 1 | BE4: =IF(BA3="","",BA3) -> 1 | BG4: =OFFSET(AY$2,COUNTA(AY$3:AY$211),0) -> 1 | BH4: =OFFSET(AZ$2,COUNTA(AZ$3:AZ$211),0) -> 1 | BI4: =OFFSET(BA$2,COUNTA(BA$3:BA$211),0) -> 1 | BK4: 1 | BL4: 1 | BM4: 1 | BO4: =IF(BK3="","",BK3) -> 1 | BP4: =IF(BL3="","",BL3) -> 1 | BQ4: =IF(BM3="","",BM3) -> 1 | BS4: =OFFSET(BK$2,COUNTA(BK$3:BK$211),0) -> 1 | BT4: =OFFSET(BL$2,COUNTA(BL$3:BL$211),0) -> 1 | BU4: =OFFSET(BM$2,COUNTA(BM$3:BM$211),0) -> 1 | BW4: =IF(W4="","",VLOOKUP('Regular Symbol'!W4,'Regular Symbol'!$O$3:$T$13,6,0)) -> 5 | BX4: =IF(X4="","",VLOOKUP('Regular Symbol'!X4,'Regular Symbol'!$O$3:$T$13,6,0)) -> 0 | BY4: =IF(Y4="","",VLOOKUP('Regular Symbol'!Y4,'Regular Symbol'!$O$3:$T$13,6,0)) -> 1 | CA4: =IF(W4<>"", VLOOKUP(W4,$O$3:$P$13,2,0), "") -> K | CB4: =IF(X4<>"", VLOOKUP(X4,$O$3:$P$13,2,0), "") -> Wild | CC4: =IF(Y4<>"", VLOOKUP(Y4,$O$3:$P$13,2,0), "") -> M1
A5: M2 | B5: M2 | C5: =SUMIF(W$3:W$211, $A5, AA$3:AA$211) -> 13 | D5: =SUMIF(X$3:X$211, $A5, AB$3:AB$211) -> 26 | E5: =SUMIF(Y$3:Y$211, $A5, AC$3:AC$211) -> 27 | F5: 2 | H5: M2 | I5: M2 | J5: =SUMIF(W$3:W$211, $H5, AE$3:AE$211) -> 13 | K5: =SUMIF(X$3:X$211, $H5, AF$3:AF$211) -> 26 | L5: =SUMIF(Y$3:Y$211, $H5, AG$3:AG$211) -> 27 | M5: 2 | O5: M2 | P5: M2 | Q5: =SUMIF(W$3:W$211, $H5, AI$3:AI$211) -> 13 | R5: =SUMIF(X$3:X$211, $H5, AJ$3:AJ$211) -> 26 | S5: =SUMIF(Y$3:Y$211, $H5, AK$3:AK$211) -> 27 | T5: 2 | V5: 2 | W5: K | X5: WW | Y5: M1 | AA5: 1 | AB5: 1 | AC5: 1 | AE5: =IF(AA4="","",AA4) -> 1 | AF5: =IF(AB4="","",AB4) -> 1 | AG5: =IF(AC4="","",AC4) -> 1 | AI5: =IF(AA3="","",AA3) -> 1 | AJ5: =IF(AB3="","",AB3) -> 1 | AK5: =IF(AC3="","",AC3) -> 1 | AM5: 1 | AN5: 1 | AO5: 1 | AQ5: =IF(AM4="","",AM4) -> 1 | AR5: =IF(AN4="","",AN4) -> 1 | AS5: =IF(AO4="","",AO4) -> 1 | AU5: =IF(AM3="","",AM3) -> 1 | AV5: =IF(AN3="","",AN3) -> 1 | AW5: =IF(AO3="","",AO3) -> 1 | AY5: 1 | AZ5: 1 | BA5: 1 | BC5: =IF(AY4="","",AY4) -> 1 | BD5: =IF(AZ4="","",AZ4) -> 1 | BE5: =IF(BA4="","",BA4) -> 1 | BG5: =IF(AY3="","",AY3) -> 1 | BH5: =IF(AZ3="","",AZ3) -> 1 | BI5: =IF(BA3="","",BA3) -> 1 | BK5: 1 | BL5: 1 | BM5: 1 | BO5: =IF(BK4="","",BK4) -> 1 | BP5: =IF(BL4="","",BL4) -> 1 | BQ5: =IF(BM4="","",BM4) -> 1 | BS5: =IF(BK3="","",BK3) -> 1 | BT5: =IF(BL3="","",BL3) -> 1 | BU5: =IF(BM3="","",BM3) -> 1 | BW5: =IF(W5="","",VLOOKUP('Regular Symbol'!W5,'Regular Symbol'!$O$3:$T$13,6,0)) -> 5 | BX5: =IF(X5="","",VLOOKUP('Regular Symbol'!X5,'Regular Symbol'!$O$3:$T$13,6,0)) -> 0 | BY5: =IF(Y5="","",VLOOKUP('Regular Symbol'!Y5,'Regular Symbol'!$O$3:$T$13,6,0)) -> 1 | CA5: =IF(W5<>"", VLOOKUP(W5,$O$3:$P$13,2,0), "") -> K | CB5: =IF(X5<>"", VLOOKUP(X5,$O$3:$P$13,2,0), "") -> Wild | CC5: =IF(Y5<>"", VLOOKUP(Y5,$O$3:$P$13,2,0), "") -> M1
A6: M3 | B6: M3 | C6: =SUMIF(W$3:W$211, $A6, AA$3:AA$211) -> 14 | D6: =SUMIF(X$3:X$211, $A6, AB$3:AB$211) -> 25 | E6: =SUMIF(Y$3:Y$211, $A6, AC$3:AC$211) -> 28 | F6: 3 | H6: M3 | I6: M3 | J6: =SUMIF(W$3:W$211, $H6, AE$3:AE$211) -> 14 | K6: =SUMIF(X$3:X$211, $H6, AF$3:AF$211) -> 25 | L6: =SUMIF(Y$3:Y$211, $H6, AG$3:AG$211) -> 28 | M6: 3 | O6: M3 | P6: M3 | Q6: =SUMIF(W$3:W$211, $H6, AI$3:AI$211) -> 14 | R6: =SUMIF(X$3:X$211, $H6, AJ$3:AJ$211) -> 25 | S6: =SUMIF(Y$3:Y$211, $H6, AK$3:AK$211) -> 28 | T6: 3 | V6: 3 | W6: WW | X6: J | Y6: WW | AA6: 1 | AB6: 1 | AC6: 1 | AE6: =IF(AA5="","",AA5) -> 1 | AF6: =IF(AB5="","",AB5) -> 1 | AG6: =IF(AC5="","",AC5) -> 1 | AI6: =IF(AA4="","",AA4) -> 1 | AJ6: =IF(AB4="","",AB4) -> 1 | AK6: =IF(AC4="","",AC4) -> 1 | AM6: 1 | AN6: 1 | AO6: 1 | AQ6: =IF(AM5="","",AM5) -> 1 | AR6: =IF(AN5="","",AN5) -> 1 | AS6: =IF(AO5="","",AO5) -> 1 | AU6: =IF(AM4="","",AM4) -> 1 | AV6: =IF(AN4="","",AN4) -> 1 | AW6: =IF(AO4="","",AO4) -> 1 | AY6: 1 | AZ6: 1 | BA6: 1 | BC6: =IF(AY5="","",AY5) -> 1 | BD6: =IF(AZ5="","",AZ5) -> 1 | BE6: =IF(BA5="","",BA5) -> 1 | BG6: =IF(AY4="","",AY4) -> 1 | BH6: =IF(AZ4="","",AZ4) -> 1 | BI6: =IF(BA4="","",BA4) -> 1 | BK6: 1 | BL6: 1 | BM6: 1 | BO6: =IF(BK5="","",BK5) -> 1 | BP6: =IF(BL5="","",BL5) -> 1 | BQ6: =IF(BM5="","",BM5) -> 1 | BS6: =IF(BK4="","",BK4) -> 1 | BT6: =IF(BL4="","",BL4) -> 1 | BU6: =IF(BM4="","",BM4) -> 1 | BW6: =IF(W6="","",VLOOKUP('Regular Symbol'!W6,'Regular Symbol'!$O$3:$T$13,6,0)) -> 0 | BX6: =IF(X6="","",VLOOKUP('Regular Symbol'!X6,'Regular Symbol'!$O$3:$T$13,6,0)) -> 7 | BY6: =IF(Y6="","",VLOOKUP('Regular Symbol'!Y6,'Regular Symbol'!$O$3:$T$13,6,0)) -> 0 | CA6: =IF(W6<>"", VLOOKUP(W6,$O$3:$P$13,2,0), "") -> Wild | CB6: =IF(X6<>"", VLOOKUP(X6,$O$3:$P$13,2,0), "") -> J | CC6: =IF(Y6<>"", VLOOKUP(Y6,$O$3:$P$13,2,0), "") -> Wild
A7: A | B7: A | C7: =SUMIF(W$3:W$211, $A7, AA$3:AA$211) -> 18 | D7: =SUMIF(X$3:X$211, $A7, AB$3:AB$211) -> 30 | E7: =SUMIF(Y$3:Y$211, $A7, AC$3:AC$211) -> 23 | F7: 4 | H7: A | I7: A | J7: =SUMIF(W$3:W$211, $H7, AE$3:AE$211) -> 18 | K7: =SUMIF(X$3:X$211, $H7, AF$3:AF$211) -> 30 | L7: =SUMIF(Y$3:Y$211, $H7, AG$3:AG$211) -> 23 | M7: 4 | O7: A | P7: A | Q7: =SUMIF(W$3:W$211, $H7, AI$3:AI$211) -> 18 | R7: =SUMIF(X$3:X$211, $H7, AJ$3:AJ$211) -> 30 | S7: =SUMIF(Y$3:Y$211, $H7, AK$3:AK$211) -> 23 | T7: 4 | V7: 4 | W7: WW | X7: J | Y7: WW | AA7: 1 | AB7: 1 | AC7: 1 | AE7: =IF(AA6="","",AA6) -> 1 | AF7: =IF(AB6="","",AB6) -> 1 | AG7: =IF(AC6="","",AC6) -> 1 | AI7: =IF(AA5="","",AA5) -> 1 | AJ7: =IF(AB5="","",AB5) -> 1 | AK7: =IF(AC5="","",AC5) -> 1 | AM7: 1 | AN7: 1 | AO7: 1 | AQ7: =IF(AM6="","",AM6) -> 1 | AR7: =IF(AN6="","",AN6) -> 1 | AS7: =IF(AO6="","",AO6) -> 1 | AU7: =IF(AM5="","",AM5) -> 1 | AV7: =IF(AN5="","",AN5) -> 1 | AW7: =IF(AO5="","",AO5) -> 1 | AY7: 1 | AZ7: 1 | BA7: 1 | BC7: =IF(AY6="","",AY6) -> 1 | BD7: =IF(AZ6="","",AZ6) -> 1 | BE7: =IF(BA6="","",BA6) -> 1 | BG7: =IF(AY5="","",AY5) -> 1 | BH7: =IF(AZ5="","",AZ5) -> 1 | BI7: =IF(BA5="","",BA5) -> 1 | BK7: 1 | BL7: 1 | BM7: 1 | BO7: =IF(BK6="","",BK6) -> 1 | BP7: =IF(BL6="","",BL6) -> 1 | BQ7: =IF(BM6="","",BM6) -> 1 | BS7: =IF(BK5="","",BK5) -> 1 | BT7: =IF(BL5="","",BL5) -> 1 | BU7: =IF(BM5="","",BM5) -> 1 | BW7: =IF(W7="","",VLOOKUP('Regular Symbol'!W7,'Regular Symbol'!$O$3:$T$13,6,0)) -> 0 | BX7: =IF(X7="","",VLOOKUP('Regular Symbol'!X7,'Regular Symbol'!$O$3:$T$13,6,0)) -> 7 | BY7: =IF(Y7="","",VLOOKUP('Regular Symbol'!Y7,'Regular Symbol'!$O$3:$T$13,6,0)) -> 0 | CA7: =IF(W7<>"", VLOOKUP(W7,$O$3:$P$13,2,0), "") -> Wild | CB7: =IF(X7<>"", VLOOKUP(X7,$O$3:$P$13,2,0), "") -> J | CC7: =IF(Y7<>"", VLOOKUP(Y7,$O$3:$P$13,2,0), "") -> Wild
A8: K | B8: K | C8: =SUMIF(W$3:W$211, $A8, AA$3:AA$211) -> 19 | D8: =SUMIF(X$3:X$211, $A8, AB$3:AB$211) -> 28 | E8: =SUMIF(Y$3:Y$211, $A8, AC$3:AC$211) -> 27 | F8: 5 | H8: K | I8: K | J8: =SUMIF(W$3:W$211, $H8, AE$3:AE$211) -> 19 | K8: =SUMIF(X$3:X$211, $H8, AF$3:AF$211) -> 28 | L8: =SUMIF(Y$3:Y$211, $H8, AG$3:AG$211) -> 27 | M8: 5 | O8: K | P8: K | Q8: =SUMIF(W$3:W$211, $H8, AI$3:AI$211) -> 19 | R8: =SUMIF(X$3:X$211, $H8, AJ$3:AJ$211) -> 28 | S8: =SUMIF(Y$3:Y$211, $H8, AK$3:AK$211) -> 27 | T8: 5 | V8: 5 | W8: WW | X8: A | Y8: WW | AA8: 1 | AB8: 1 | AC8: 1 | AE8: =IF(AA7="","",AA7) -> 1 | AF8: =IF(AB7="","",AB7) -> 1 | AG8: =IF(AC7="","",AC7) -> 1 | AI8: =IF(AA6="","",AA6) -> 1 | AJ8: =IF(AB6="","",AB6) -> 1 | AK8: =IF(AC6="","",AC6) -> 1 | AM8: 1 | AN8: 1 | AO8: 1 | AQ8: =IF(AM7="","",AM7) -> 1 | AR8: =IF(AN7="","",AN7) -> 1 | AS8: =IF(AO7="","",AO7) -> 1 | AU8: =IF(AM6="","",AM6) -> 1 | AV8: =IF(AN6="","",AN6) -> 1 | AW8: =IF(AO6="","",AO6) -> 1 | AY8: 1 | AZ8: 1 | BA8: 1 | BC8: =IF(AY7="","",AY7) -> 1 | BD8: =IF(AZ7="","",AZ7) -> 1 | BE8: =IF(BA7="","",BA7) -> 1 | BG8: =IF(AY6="","",AY6) -> 1 | BH8: =IF(AZ6="","",AZ6) -> 1 | BI8: =IF(BA6="","",BA6) -> 1 | BK8: 1 | BL8: 1 | BM8: 1 | BO8: =IF(BK7="","",BK7) -> 1 | BP8: =IF(BL7="","",BL7) -> 1 | BQ8: =IF(BM7="","",BM7) -> 1 | BS8: =IF(BK6="","",BK6) -> 1 | BT8: =IF(BL6="","",BL6) -> 1 | BU8: =IF(BM6="","",BM6) -> 1 | BW8: =IF(W8="","",VLOOKUP('Regular Symbol'!W8,'Regular Symbol'!$O$3:$T$13,6,0)) -> 0 | BX8: =IF(X8="","",VLOOKUP('Regular Symbol'!X8,'Regular Symbol'!$O$3:$T$13,6,0)) -> 4 | BY8: =IF(Y8="","",VLOOKUP('Regular Symbol'!Y8,'Regular Symbol'!$O$3:$T$13,6,0)) -> 0 | CA8: =IF(W8<>"", VLOOKUP(W8,$O$3:$P$13,2,0), "") -> Wild | CB8: =IF(X8<>"", VLOOKUP(X8,$O$3:$P$13,2,0), "") -> A | CC8: =IF(Y8<>"", VLOOKUP(Y8,$O$3:$P$13,2,0), "") -> Wild
A9: Q | B9: Q | C9: =SUMIF(W$3:W$211, $A9, AA$3:AA$211) -> 17 | D9: =SUMIF(X$3:X$211, $A9, AB$3:AB$211) -> 29 | E9: =SUMIF(Y$3:Y$211, $A9, AC$3:AC$211) -> 27 | F9: 6 | H9: Q | I9: Q | J9: =SUMIF(W$3:W$211, $H9, AE$3:AE$211) -> 17 | K9: =SUMIF(X$3:X$211, $H9, AF$3:AF$211) -> 29 | L9: =SUMIF(Y$3:Y$211, $H9, AG$3:AG$211) -> 27 | M9: 6 | O9: Q | P9: Q | Q9: =SUMIF(W$3:W$211, $H9, AI$3:AI$211) -> 17 | R9: =SUMIF(X$3:X$211, $H9, AJ$3:AJ$211) -> 29 | S9: =SUMIF(Y$3:Y$211, $H9, AK$3:AK$211) -> 27 | T9: 6 | V9: 6 | W9: A | X9: A | Y9: A | AA9: 1 | AB9: 1 | AC9: 1 | AE9: =IF(AA8="","",AA8) -> 1 | AF9: =IF(AB8="","",AB8) -> 1 | AG9: =IF(AC8="","",AC8) -> 1 | AI9: =IF(AA7="","",AA7) -> 1 | AJ9: =IF(AB7="","",AB7) -> 1 | AK9: =IF(AC7="","",AC7) -> 1 | AM9: 1 | AN9: 1 | AO9: 1 | AQ9: =IF(AM8="","",AM8) -> 1 | AR9: =IF(AN8="","",AN8) -> 1 | AS9: =IF(AO8="","",AO8) -> 1 | AU9: =IF(AM7="","",AM7) -> 1 | AV9: =IF(AN7="","",AN7) -> 1 | AW9: =IF(AO7="","",AO7) -> 1 | AY9: 1 | AZ9: 1 | BA9: 1 | BC9: =IF(AY8="","",AY8) -> 1 | BD9: =IF(AZ8="","",AZ8) -> 1 | BE9: =IF(BA8="","",BA8) -> 1 | BG9: =IF(AY7="","",AY7) -> 1 | BH9: =IF(AZ7="","",AZ7) -> 1 | BI9: =IF(BA7="","",BA7) -> 1 | BK9: 1 | BL9: 1 | BM9: 1 | BO9: =IF(BK8="","",BK8) -> 1 | BP9: =IF(BL8="","",BL8) -> 1 | BQ9: =IF(BM8="","",BM8) -> 1 | BS9: =IF(BK7="","",BK7) -> 1 | BT9: =IF(BL7="","",BL7) -> 1 | BU9: =IF(BM7="","",BM7) -> 1 | BW9: =IF(W9="","",VLOOKUP('Regular Symbol'!W9,'Regular Symbol'!$O$3:$T$13,6,0)) -> 4 | BX9: =IF(X9="","",VLOOKUP('Regular Symbol'!X9,'Regular Symbol'!$O$3:$T$13,6,0)) -> 4 | BY9: =IF(Y9="","",VLOOKUP('Regular Symbol'!Y9,'Regular Symbol'!$O$3:$T$13,6,0)) -> 4 | CA9: =IF(W9<>"", VLOOKUP(W9,$O$3:$P$13,2,0), "") -> A | CB9: =IF(X9<>"", VLOOKUP(X9,$O$3:$P$13,2,0), "") -> A | CC9: =IF(Y9<>"", VLOOKUP(Y9,$O$3:$P$13,2,0), "") -> A
A10: J | B10: J | C10: =SUMIF(W$3:W$211, $A10, AA$3:AA$211) -> 19 | D10: =SUMIF(X$3:X$211, $A10, AB$3:AB$211) -> 26 | E10: =SUMIF(Y$3:Y$211, $A10, AC$3:AC$211) -> 27 | F10: 7 | H10: J | I10: J | J10: =SUMIF(W$3:W$211, $H10, AE$3:AE$211) -> 19 | K10: =SUMIF(X$3:X$211, $H10, AF$3:AF$211) -> 26 | L10: =SUMIF(Y$3:Y$211, $H10, AG$3:AG$211) -> 27 | M10: 7 | O10: J | P10: J | Q10: =SUMIF(W$3:W$211, $H10, AI$3:AI$211) -> 19 | R10: =SUMIF(X$3:X$211, $H10, AJ$3:AJ$211) -> 26 | S10: =SUMIF(Y$3:Y$211, $H10, AK$3:AK$211) -> 27 | T10: 7 | V10: 7 | W10: A | X10: A | Y10: A | AA10: 1 | AB10: 1 | AC10: 1 | AE10: =IF(AA9="","",AA9) -> 1 | AF10: =IF(AB9="","",AB9) -> 1 | AG10: =IF(AC9="","",AC9) -> 1 | AI10: =IF(AA8="","",AA8) -> 1 | AJ10: =IF(AB8="","",AB8) -> 1 | AK10: =IF(AC8="","",AC8) -> 1 | AM10: 1 | AN10: 1 | AO10: 1 | AQ10: =IF(AM9="","",AM9) -> 1 | AR10: =IF(AN9="","",AN9) -> 1 | AS10: =IF(AO9="","",AO9) -> 1 | AU10: =IF(AM8="","",AM8) -> 1 | AV10: =IF(AN8="","",AN8) -> 1 | AW10: =IF(AO8="","",AO8) -> 1 | AY10: 1 | AZ10: 1 | BA10: 1 | BC10: =IF(AY9="","",AY9) -> 1 | BD10: =IF(AZ9="","",AZ9) -> 1 | BE10: =IF(BA9="","",BA9) -> 1 | BG10: =IF(AY8="","",AY8) -> 1 | BH10: =IF(AZ8="","",AZ8) -> 1 | BI10: =IF(BA8="","",BA8) -> 1 | BK10: 1 | BL10: 1 | BM10: 1 | BO10: =IF(BK9="","",BK9) -> 1 | BP10: =IF(BL9="","",BL9) -> 1 | BQ10: =IF(BM9="","",BM9) -> 1 | BS10: =IF(BK8="","",BK8) -> 1 | BT10: =IF(BL8="","",BL8) -> 1 | BU10: =IF(BM8="","",BM8) -> 1 | BW10: =IF(W10="","",VLOOKUP('Regular Symbol'!W10,'Regular Symbol'!$O$3:$T$13,6,0)) -> 4 | BX10: =IF(X10="","",VLOOKUP('Regular Symbol'!X10,'Regular Symbol'!$O$3:$T$13,6,0)) -> 4 | BY10: =IF(Y10="","",VLOOKUP('Regular Symbol'!Y10,'Regular Symbol'!$O$3:$T$13,6,0)) -> 4 | CA10: =IF(W10<>"", VLOOKUP(W10,$O$3:$P$13,2,0), "") -> A | CB10: =IF(X10<>"", VLOOKUP(X10,$O$3:$P$13,2,0), "") -> A | CC10: =IF(Y10<>"", VLOOKUP(Y10,$O$3:$P$13,2,0), "") -> A
V11: 8 | W11: A | X11: M2 | Y11: A | AA11: 1 | AB11: 1 | AC11: 1 | AE11: =IF(AA10="","",AA10) -> 1 | AF11: =IF(AB10="","",AB10) -> 1 | AG11: =IF(AC10="","",AC10) -> 1 | AI11: =IF(AA9="","",AA9) -> 1 | AJ11: =IF(AB9="","",AB9) -> 1 | AK11: =IF(AC9="","",AC9) -> 1 | AM11: 1 | AN11: 1 | AO11: 1 | AQ11: =IF(AM10="","",AM10) -> 1 | AR11: =IF(AN10="","",AN10) -> 1 | AS11: =IF(AO10="","",AO10) -> 1 | AU11: =IF(AM9="","",AM9) -> 1 | AV11: =IF(AN9="","",AN9) -> 1 | AW11: =IF(AO9="","",AO9) -> 1 | AY11: 1 | AZ11: 1 | BA11: 1 | BC11: =IF(AY10="","",AY10) -> 1 | BD11: =IF(AZ10="","",AZ10) -> 1 | BE11: =IF(BA10="","",BA10) -> 1 | BG11: =IF(AY9="","",AY9) -> 1 | BH11: =IF(AZ9="","",AZ9) -> 1 | BI11: =IF(BA9="","",BA9) -> 1 | BK11: 1 | BL11: 1 | BM11: 1 | BO11: =IF(BK10="","",BK10) -> 1 | BP11: =IF(BL10="","",BL10) -> 1 | BQ11: =IF(BM10="","",BM10) -> 1 | BS11: =IF(BK9="","",BK9) -> 1 | BT11: =IF(BL9="","",BL9) -> 1 | BU11: =IF(BM9="","",BM9) -> 1 | BW11: =IF(W11="","",VLOOKUP('Regular Symbol'!W11,'Regular Symbol'!$O$3:$T$13,6,0)) -> 4 | BX11: =IF(X11="","",VLOOKUP('Regular Symbol'!X11,'Regular Symbol'!$O$3:$T$13,6,0)) -> 2 | BY11: =IF(Y11="","",VLOOKUP('Regular Symbol'!Y11,'Regular Symbol'!$O$3:$T$13,6,0)) -> 4 | CA11: =IF(W11<>"", VLOOKUP(W11,$O$3:$P$13,2,0), "") -> A | CB11: =IF(X11<>"", VLOOKUP(X11,$O$3:$P$13,2,0), "") -> M2 | CC11: =IF(Y11<>"", VLOOKUP(Y11,$O$3:$P$13,2,0), "") -> A
V12: 9 | W12: M2 | X12: M2 | Y12: M2 | AA12: 1 | AB12: 1 | AC12: 1 | AE12: =IF(AA11="","",AA11) -> 1 | AF12: =IF(AB11="","",AB11) -> 1 | AG12: =IF(AC11="","",AC11) -> 1 | AI12: =IF(AA10="","",AA10) -> 1 | AJ12: =IF(AB10="","",AB10) -> 1 | AK12: =IF(AC10="","",AC10) -> 1 | AM12: 1 | AN12: 1 | AO12: 1 | AQ12: =IF(AM11="","",AM11) -> 1 | AR12: =IF(AN11="","",AN11) -> 1 | AS12: =IF(AO11="","",AO11) -> 1 | AU12: =IF(AM10="","",AM10) -> 1 | AV12: =IF(AN10="","",AN10) -> 1 | AW12: =IF(AO10="","",AO10) -> 1 | AY12: 1 | AZ12: 1 | BA12: 1 | BC12: =IF(AY11="","",AY11) -> 1 | BD12: =IF(AZ11="","",AZ11) -> 1 | BE12: =IF(BA11="","",BA11) -> 1 | BG12: =IF(AY10="","",AY10) -> 1 | BH12: =IF(AZ10="","",AZ10) -> 1 | BI12: =IF(BA10="","",BA10) -> 1 | BK12: 1 | BL12: 1 | BM12: 1 | BO12: =IF(BK11="","",BK11) -> 1 | BP12: =IF(BL11="","",BL11) -> 1 | BQ12: =IF(BM11="","",BM11) -> 1 | BS12: =IF(BK10="","",BK10) -> 1 | BT12: =IF(BL10="","",BL10) -> 1 | BU12: =IF(BM10="","",BM10) -> 1 | BW12: =IF(W12="","",VLOOKUP('Regular Symbol'!W12,'Regular Symbol'!$O$3:$T$13,6,0)) -> 2 | BX12: =IF(X12="","",VLOOKUP('Regular Symbol'!X12,'Regular Symbol'!$O$3:$T$13,6,0)) -> 2 | BY12: =IF(Y12="","",VLOOKUP('Regular Symbol'!Y12,'Regular Symbol'!$O$3:$T$13,6,0)) -> 2 | CA12: =IF(W12<>"", VLOOKUP(W12,$O$3:$P$13,2,0), "") -> M2 | CB12: =IF(X12<>"", VLOOKUP(X12,$O$3:$P$13,2,0), "") -> M2 | CC12: =IF(Y12<>"", VLOOKUP(Y12,$O$3:$P$13,2,0), "") -> M2
V13: 10 | W13: M2 | X13: M2 | Y13: M2 | AA13: 1 | AB13: 1 | AC13: 1 | AE13: =IF(AA12="","",AA12) -> 1 | AF13: =IF(AB12="","",AB12) -> 1 | AG13: =IF(AC12="","",AC12) -> 1 | AI13: =IF(AA11="","",AA11) -> 1 | AJ13: =IF(AB11="","",AB11) -> 1 | AK13: =IF(AC11="","",AC11) -> 1 | AM13: 1 | AN13: 1 | AO13: 1 | AQ13: =IF(AM12="","",AM12) -> 1 | AR13: =IF(AN12="","",AN12) -> 1 | AS13: =IF(AO12="","",AO12) -> 1 | AU13: =IF(AM11="","",AM11) -> 1 | AV13: =IF(AN11="","",AN11) -> 1 | AW13: =IF(AO11="","",AO11) -> 1 | AY13: 1 | AZ13: 1 | BA13: 1 | BC13: =IF(AY12="","",AY12) -> 1 | BD13: =IF(AZ12="","",AZ12) -> 1 | BE13: =IF(BA12="","",BA12) -> 1 | BG13: =IF(AY11="","",AY11) -> 1 | BH13: =IF(AZ11="","",AZ11) -> 1 | BI13: =IF(BA11="","",BA11) -> 1 | BK13: 1 | BL13: 1 | BM13: 1 | BO13: =IF(BK12="","",BK12) -> 1 | BP13: =IF(BL12="","",BL12) -> 1 | BQ13: =IF(BM12="","",BM12) -> 1 | BS13: =IF(BK11="","",BK11) -> 1 | BT13: =IF(BL11="","",BL11) -> 1 | BU13: =IF(BM11="","",BM11) -> 1 | BW13: =IF(W13="","",VLOOKUP('Regular Symbol'!W13,'Regular Symbol'!$O$3:$T$13,6,0)) -> 2 | BX13: =IF(X13="","",VLOOKUP('Regular Symbol'!X13,'Regular Symbol'!$O$3:$T$13,6,0)) -> 2 | BY13: =IF(Y13="","",VLOOKUP('Regular Symbol'!Y13,'Regular Symbol'!$O$3:$T$13,6,0)) -> 2 | CA13: =IF(W13<>"", VLOOKUP(W13,$O$3:$P$13,2,0), "") -> M2 | CB13: =IF(X13<>"", VLOOKUP(X13,$O$3:$P$13,2,0), "") -> M2 | CC13: =IF(Y13<>"", VLOOKUP(Y13,$O$3:$P$13,2,0), "") -> M2
A14: Total | C14: =SUM(C3:C13) -> 123 | D14: =SUM(D3:D13) -> 209 | E14: =SUM(E3:E13) -> 203 | H14: Total | J14: =SUM(J3:J13) -> 123 | K14: =SUM(K3:K13) -> 209 | L14: =SUM(L3:L13) -> 203 | O14: Total | Q14: =SUM(Q3:Q13) -> 123 | R14: =SUM(R3:R13) -> 209 | S14: =SUM(S3:S13) -> 203 | V14: 11 | W14: K | X14: K | Y14: M2 | AA14: 1 | AB14: 1 | AC14: 1 | AE14: =IF(AA13="","",AA13) -> 1 | AF14: =IF(AB13="","",AB13) -> 1 | AG14: =IF(AC13="","",AC13) -> 1 | AI14: =IF(AA12="","",AA12) -> 1 | AJ14: =IF(AB12="","",AB12) -> 1 | AK14: =IF(AC12="","",AC12) -> 1 | AM14: 1 | AN14: 1 | AO14: 1 | AQ14: =IF(AM13="","",AM13) -> 1 | AR14: =IF(AN13="","",AN13) -> 1 | AS14: =IF(AO13="","",AO13) -> 1 | AU14: =IF(AM12="","",AM12) -> 1 | AV14: =IF(AN12="","",AN12) -> 1 | AW14: =IF(AO12="","",AO12) -> 1 | AY14: 1 | AZ14: 1 | BA14: 1 | BC14: =IF(AY13="","",AY13) -> 1 | BD14: =IF(AZ13="","",AZ13) -> 1 | BE14: =IF(BA13="","",BA13) -> 1 | BG14: =IF(AY12="","",AY12) -> 1 | BH14: =IF(AZ12="","",AZ12) -> 1 | BI14: =IF(BA12="","",BA12) -> 1 | BK14: 1 | BL14: 1 | BM14: 1 | BO14: =IF(BK13="","",BK13) -> 1 | BP14: =IF(BL13="","",BL13) -> 1 | BQ14: =IF(BM13="","",BM13) -> 1 | BS14: =IF(BK12="","",BK12) -> 1 | BT14: =IF(BL12="","",BL12) -> 1 | BU14: =IF(BM12="","",BM12) -> 1 | BW14: =IF(W14="","",VLOOKUP('Regular Symbol'!W14,'Regular Symbol'!$O$3:$T$13,6,0)) -> 5 | BX14: =IF(X14="","",VLOOKUP('Regular Symbol'!X14,'Regular Symbol'!$O$3:$T$13,6,0)) -> 5 | BY14: =IF(Y14="","",VLOOKUP('Regular Symbol'!Y14,'Regular Symbol'!$O$3:$T$13,6,0)) -> 2 | CA14: =IF(W14<>"", VLOOKUP(W14,$O$3:$P$13,2,0), "") -> K | CB14: =IF(X14<>"", VLOOKUP(X14,$O$3:$P$13,2,0), "") -> K | CC14: =IF(Y14<>"", VLOOKUP(Y14,$O$3:$P$13,2,0), "") -> M2
V15: 12 | W15: K | X15: K | Y15: K | AA15: 1 | AB15: 1 | AC15: 1 | AE15: =IF(AA14="","",AA14) -> 1 | AF15: =IF(AB14="","",AB14) -> 1 | AG15: =IF(AC14="","",AC14) -> 1 | AI15: =IF(AA13="","",AA13) -> 1 | AJ15: =IF(AB13="","",AB13) -> 1 | AK15: =IF(AC13="","",AC13) -> 1 | AM15: 1 | AN15: 1 | AO15: 1 | AQ15: =IF(AM14="","",AM14) -> 1 | AR15: =IF(AN14="","",AN14) -> 1 | AS15: =IF(AO14="","",AO14) -> 1 | AU15: =IF(AM13="","",AM13) -> 1 | AV15: =IF(AN13="","",AN13) -> 1 | AW15: =IF(AO13="","",AO13) -> 1 | AY15: 1 | AZ15: 1 | BA15: 1 | BC15: =IF(AY14="","",AY14) -> 1 | BD15: =IF(AZ14="","",AZ14) -> 1 | BE15: =IF(BA14="","",BA14) -> 1 | BG15: =IF(AY13="","",AY13) -> 1 | BH15: =IF(AZ13="","",AZ13) -> 1 | BI15: =IF(BA13="","",BA13) -> 1 | BK15: 1 | BL15: 1 | BM15: 1 | BO15: =IF(BK14="","",BK14) -> 1 | BP15: =IF(BL14="","",BL14) -> 1 | BQ15: =IF(BM14="","",BM14) -> 1 | BS15: =IF(BK13="","",BK13) -> 1 | BT15: =IF(BL13="","",BL13) -> 1 | BU15: =IF(BM13="","",BM13) -> 1 | BW15: =IF(W15="","",VLOOKUP('Regular Symbol'!W15,'Regular Symbol'!$O$3:$T$13,6,0)) -> 5 | BX15: =IF(X15="","",VLOOKUP('Regular Symbol'!X15,'Regular Symbol'!$O$3:$T$13,6,0)) -> 5 | BY15: =IF(Y15="","",VLOOKUP('Regular Symbol'!Y15,'Regular Symbol'!$O$3:$T$13,6,0)) -> 5 | CA15: =IF(W15<>"", VLOOKUP(W15,$O$3:$P$13,2,0), "") -> K | CB15: =IF(X15<>"", VLOOKUP(X15,$O$3:$P$13,2,0), "") -> K | CC15: =IF(Y15<>"", VLOOKUP(Y15,$O$3:$P$13,2,0), "") -> K
A16: Special Include Symbols | H16: Special Include Symbols | O16: Special Include Symbols | V16: 13 | W16: M1 | X16: K | Y16: K | AA16: 1 | AB16: 1 | AC16: 1 | AE16: =IF(AA15="","",AA15) -> 1 | AF16: =IF(AB15="","",AB15) -> 1 | AG16: =IF(AC15="","",AC15) -> 1 | AI16: =IF(AA14="","",AA14) -> 1 | AJ16: =IF(AB14="","",AB14) -> 1 | AK16: =IF(AC14="","",AC14) -> 1 | AM16: 1 | AN16: 1 | AO16: 1 | AQ16: =IF(AM15="","",AM15) -> 1 | AR16: =IF(AN15="","",AN15) -> 1 | AS16: =IF(AO15="","",AO15) -> 1 | AU16: =IF(AM14="","",AM14) -> 1 | AV16: =IF(AN14="","",AN14) -> 1 | AW16: =IF(AO14="","",AO14) -> 1 | AY16: 1 | AZ16: 1 | BA16: 1 | BC16: =IF(AY15="","",AY15) -> 1 | BD16: =IF(AZ15="","",AZ15) -> 1 | BE16: =IF(BA15="","",BA15) -> 1 | BG16: =IF(AY14="","",AY14) -> 1 | BH16: =IF(AZ14="","",AZ14) -> 1 | BI16: =IF(BA14="","",BA14) -> 1 | BK16: 1 | BL16: 1 | BM16: 1 | BO16: =IF(BK15="","",BK15) -> 1 | BP16: =IF(BL15="","",BL15) -> 1 | BQ16: =IF(BM15="","",BM15) -> 1 | BS16: =IF(BK14="","",BK14) -> 1 | BT16: =IF(BL14="","",BL14) -> 1 | BU16: =IF(BM14="","",BM14) -> 1 | BW16: =IF(W16="","",VLOOKUP('Regular Symbol'!W16,'Regular Symbol'!$O$3:$T$13,6,0)) -> 1 | BX16: =IF(X16="","",VLOOKUP('Regular Symbol'!X16,'Regular Symbol'!$O$3:$T$13,6,0)) -> 5 | BY16: =IF(Y16="","",VLOOKUP('Regular Symbol'!Y16,'Regular Symbol'!$O$3:$T$13,6,0)) -> 5 | CA16: =IF(W16<>"", VLOOKUP(W16,$O$3:$P$13,2,0), "") -> M1 | CB16: =IF(X16<>"", VLOOKUP(X16,$O$3:$P$13,2,0), "") -> K | CC16: =IF(Y16<>"", VLOOKUP(Y16,$O$3:$P$13,2,0), "") -> K
A17: Symbol | B17: Is Any Of These | C17: R1 | D17: R2 | E17: R3 | H17: Symbol | I17: Is Any Of These | J17: R1 | K17: R2 | L17: R3 | O17: Symbol | P17: Is Any Of These | Q17: R1 | R17: R2 | S17: R3 | V17: 14 | W17: M1 | X17: A | Y17: K | AA17: 1 | AB17: 1 | AC17: 1 | AE17: =IF(AA16="","",AA16) -> 1 | AF17: =IF(AB16="","",AB16) -> 1 | AG17: =IF(AC16="","",AC16) -> 1 | AI17: =IF(AA15="","",AA15) -> 1 | AJ17: =IF(AB15="","",AB15) -> 1 | AK17: =IF(AC15="","",AC15) -> 1 | AM17: 1 | AN17: 1 | AO17: 1 | AQ17: =IF(AM16="","",AM16) -> 1 | AR17: =IF(AN16="","",AN16) -> 1 | AS17: =IF(AO16="","",AO16) -> 1 | AU17: =IF(AM15="","",AM15) -> 1 | AV17: =IF(AN15="","",AN15) -> 1 | AW17: =IF(AO15="","",AO15) -> 1 | AY17: 1 | AZ17: 1 | BA17: 1 | BC17: =IF(AY16="","",AY16) -> 1 | BD17: =IF(AZ16="","",AZ16) -> 1 | BE17: =IF(BA16="","",BA16) -> 1 | BG17: =IF(AY15="","",AY15) -> 1 | BH17: =IF(AZ15="","",AZ15) -> 1 | BI17: =IF(BA15="","",BA15) -> 1 | BK17: 1 | BL17: 1 | BM17: 1 | BO17: =IF(BK16="","",BK16) -> 1 | BP17: =IF(BL16="","",BL16) -> 1 | BQ17: =IF(BM16="","",BM16) -> 1 | BS17: =IF(BK15="","",BK15) -> 1 | BT17: =IF(BL15="","",BL15) -> 1 | BU17: =IF(BM15="","",BM15) -> 1 | BW17: =IF(W17="","",VLOOKUP('Regular Symbol'!W17,'Regular Symbol'!$O$3:$T$13,6,0)) -> 1 | BX17: =IF(X17="","",VLOOKUP('Regular Symbol'!X17,'Regular Symbol'!$O$3:$T$13,6,0)) -> 4 | BY17: =IF(Y17="","",VLOOKUP('Regular Symbol'!Y17,'Regular Symbol'!$O$3:$T$13,6,0)) -> 5 | CA17: =IF(W17<>"", VLOOKUP(W17,$O$3:$P$13,2,0), "") -> M1 | CB17: =IF(X17<>"", VLOOKUP(X17,$O$3:$P$13,2,0), "") -> A | CC17: =IF(Y17<>"", VLOOKUP(Y17,$O$3:$P$13,2,0), "") -> K
A18: -- | B18: WW,C1,M1,M2,M3,M4,A,K,Q,J,TE,NI | C18: =SUM(C3:C13) -> 123 | D18: =SUM(D3:D13) -> 209 | E18: =SUM(E3:E13) -> 203 | H18: {=A18:B25} -> -- | I18: WW,C1,M1,M2,M3,M4,A,K,Q,J,TE,NI | J18: =SUM(J3:J13) -> 123 | K18: =SUM(K3:K13) -> 209 | L18: =SUM(L3:L13) -> 203 | O18: {=_xlfn.ANCHORARRAY(H18)} -> -- | P18: WW,C1,M1,M2,M3,M4,A,K,Q,J,TE,NI | Q18: =SUM(Q3:Q13) -> 123 | R18: =SUM(R3:R13) -> 209 | S18: =SUM(S3:S13) -> 203 | V18: 15 | W18: M1 | X18: A | Y18: M1 | AA18: 1 | AB18: 1 | AC18: 1 | AE18: =IF(AA17="","",AA17) -> 1 | AF18: =IF(AB17="","",AB17) -> 1 | AG18: =IF(AC17="","",AC17) -> 1 | AI18: =IF(AA16="","",AA16) -> 1 | AJ18: =IF(AB16="","",AB16) -> 1 | AK18: =IF(AC16="","",AC16) -> 1 | AM18: 1 | AN18: 1 | AO18: 1 | AQ18: =IF(AM17="","",AM17) -> 1 | AR18: =IF(AN17="","",AN17) -> 1 | AS18: =IF(AO17="","",AO17) -> 1 | AU18: =IF(AM16="","",AM16) -> 1 | AV18: =IF(AN16="","",AN16) -> 1 | AW18: =IF(AO16="","",AO16) -> 1 | AY18: 1 | AZ18: 1 | BA18: 1 | BC18: =IF(AY17="","",AY17) -> 1 | BD18: =IF(AZ17="","",AZ17) -> 1 | BE18: =IF(BA17="","",BA17) -> 1 | BG18: =IF(AY16="","",AY16) -> 1 | BH18: =IF(AZ16="","",AZ16) -> 1 | BI18: =IF(BA16="","",BA16) -> 1 | BK18: 1 | BL18: 1 | BM18: 1 | BO18: =IF(BK17="","",BK17) -> 1 | BP18: =IF(BL17="","",BL17) -> 1 | BQ18: =IF(BM17="","",BM17) -> 1 | BS18: =IF(BK16="","",BK16) -> 1 | BT18: =IF(BL16="","",BL16) -> 1 | BU18: =IF(BM16="","",BM16) -> 1 | BW18: =IF(W18="","",VLOOKUP('Regular Symbol'!W18,'Regular Symbol'!$O$3:$T$13,6,0)) -> 1 | BX18: =IF(X18="","",VLOOKUP('Regular Symbol'!X18,'Regular Symbol'!$O$3:$T$13,6,0)) -> 4 | BY18: =IF(Y18="","",VLOOKUP('Regular Symbol'!Y18,'Regular Symbol'!$O$3:$T$13,6,0)) -> 1 | CA18: =IF(W18<>"", VLOOKUP(W18,$O$3:$P$13,2,0), "") -> M1 | CB18: =IF(X18<>"", VLOOKUP(X18,$O$3:$P$13,2,0), "") -> A | CC18: =IF(Y18<>"", VLOOKUP(Y18,$O$3:$P$13,2,0), "") -> M1
A19: W1 | B19: WW,M1 | C19: =C$3+C$4 -> 23 | D19: =D$3+D$4 -> 45 | E19: =E$3+E$4 -> 44 | H19: W1 | I19: WW,M1 | J19: =J$3+J$4 -> 23 | K19: =K$3+K$4 -> 45 | L19: =L$3+L$4 -> 44 | O19: W1 | P19: WW,M1 | Q19: =Q$3+Q$4 -> 23 | R19: =R$3+R$4 -> 45 | S19: =S$3+S$4 -> 44 | V19: 16 | W19: J | X19: A | Y19: M1 | AA19: 1 | AB19: 1 | AC19: 1 | AE19: =IF(AA18="","",AA18) -> 1 | AF19: =IF(AB18="","",AB18) -> 1 | AG19: =IF(AC18="","",AC18) -> 1 | AI19: =IF(AA17="","",AA17) -> 1 | AJ19: =IF(AB17="","",AB17) -> 1 | AK19: =IF(AC17="","",AC17) -> 1 | AM19: 1 | AN19: 1 | AO19: 1 | AQ19: =IF(AM18="","",AM18) -> 1 | AR19: =IF(AN18="","",AN18) -> 1 | AS19: =IF(AO18="","",AO18) -> 1 | AU19: =IF(AM17="","",AM17) -> 1 | AV19: =IF(AN17="","",AN17) -> 1 | AW19: =IF(AO17="","",AO17) -> 1 | AY19: 1 | AZ19: 1 | BA19: 1 | BC19: =IF(AY18="","",AY18) -> 1 | BD19: =IF(AZ18="","",AZ18) -> 1 | BE19: =IF(BA18="","",BA18) -> 1 | BG19: =IF(AY17="","",AY17) -> 1 | BH19: =IF(AZ17="","",AZ17) -> 1 | BI19: =IF(BA17="","",BA17) -> 1 | BK19: 1 | BL19: 1 | BM19: 1 | BO19: =IF(BK18="","",BK18) -> 1 | BP19: =IF(BL18="","",BL18) -> 1 | BQ19: =IF(BM18="","",BM18) -> 1 | BS19: =IF(BK17="","",BK17) -> 1 | BT19: =IF(BL17="","",BL17) -> 1 | BU19: =IF(BM17="","",BM17) -> 1 | BW19: =IF(W19="","",VLOOKUP('Regular Symbol'!W19,'Regular Symbol'!$O$3:$T$13,6,0)) -> 7 | BX19: =IF(X19="","",VLOOKUP('Regular Symbol'!X19,'Regular Symbol'!$O$3:$T$13,6,0)) -> 4 | BY19: =IF(Y19="","",VLOOKUP('Regular Symbol'!Y19,'Regular Symbol'!$O$3:$T$13,6,0)) -> 1 | CA19: =IF(W19<>"", VLOOKUP(W19,$O$3:$P$13,2,0), "") -> J | CB19: =IF(X19<>"", VLOOKUP(X19,$O$3:$P$13,2,0), "") -> A | CC19: =IF(Y19<>"", VLOOKUP(Y19,$O$3:$P$13,2,0), "") -> M1
A20: W2 | B20: WW,M2 | C20: =C$3+C$5 -> 22 | D20: =D$3+D$5 -> 47 | E20: =E$3+E$5 -> 48 | H20: W2 | I20: WW,M2 | J20: =J$3+J$5 -> 22 | K20: =K$3+K$5 -> 47 | L20: =L$3+L$5 -> 48 | O20: W2 | P20: WW,M2 | Q20: =Q$3+Q$5 -> 22 | R20: =R$3+R$5 -> 47 | S20: =S$3+S$5 -> 48 | V20: 17 | W20: J | X20: M2 | Y20: M1 | AA20: 1 | AB20: 1 | AC20: 1 | AE20: =IF(AA19="","",AA19) -> 1 | AF20: =IF(AB19="","",AB19) -> 1 | AG20: =IF(AC19="","",AC19) -> 1 | AI20: =IF(AA18="","",AA18) -> 1 | AJ20: =IF(AB18="","",AB18) -> 1 | AK20: =IF(AC18="","",AC18) -> 1 | AM20: 1 | AN20: 1 | AO20: 1 | AQ20: =IF(AM19="","",AM19) -> 1 | AR20: =IF(AN19="","",AN19) -> 1 | AS20: =IF(AO19="","",AO19) -> 1 | AU20: =IF(AM18="","",AM18) -> 1 | AV20: =IF(AN18="","",AN18) -> 1 | AW20: =IF(AO18="","",AO18) -> 1 | AY20: 1 | AZ20: 1 | BA20: 1 | BC20: =IF(AY19="","",AY19) -> 1 | BD20: =IF(AZ19="","",AZ19) -> 1 | BE20: =IF(BA19="","",BA19) -> 1 | BG20: =IF(AY18="","",AY18) -> 1 | BH20: =IF(AZ18="","",AZ18) -> 1 | BI20: =IF(BA18="","",BA18) -> 1 | BK20: 1 | BL20: 1 | BM20: 1 | BO20: =IF(BK19="","",BK19) -> 1 | BP20: =IF(BL19="","",BL19) -> 1 | BQ20: =IF(BM19="","",BM19) -> 1 | BS20: =IF(BK18="","",BK18) -> 1 | BT20: =IF(BL18="","",BL18) -> 1 | BU20: =IF(BM18="","",BM18) -> 1 | BW20: =IF(W20="","",VLOOKUP('Regular Symbol'!W20,'Regular Symbol'!$O$3:$T$13,6,0)) -> 7 | BX20: =IF(X20="","",VLOOKUP('Regular Symbol'!X20,'Regular Symbol'!$O$3:$T$13,6,0)) -> 2 | BY20: =IF(Y20="","",VLOOKUP('Regular Symbol'!Y20,'Regular Symbol'!$O$3:$T$13,6,0)) -> 1 | CA20: =IF(W20<>"", VLOOKUP(W20,$O$3:$P$13,2,0), "") -> J | CB20: =IF(X20<>"", VLOOKUP(X20,$O$3:$P$13,2,0), "") -> M2 | CC20: =IF(Y20<>"", VLOOKUP(Y20,$O$3:$P$13,2,0), "") -> M1
A21: W3 | B21: WW,M3 | C21: =C$3+C$6 -> 23 | D21: =D$3+D$6 -> 46 | E21: =E$3+E$6 -> 49 | H21: W3 | I21: WW,M3 | J21: =J$3+J$6 -> 23 | K21: =K$3+K$6 -> 46 | L21: =L$3+L$6 -> 49 | O21: W3 | P21: WW,M3 | Q21: =Q$3+Q$6 -> 23 | R21: =R$3+R$6 -> 46 | S21: =S$3+S$6 -> 49 | V21: 18 | W21: M2 | X21: M2 | Y21: M3 | AA21: 1 | AB21: 1 | AC21: 1 | AE21: =IF(AA20="","",AA20) -> 1 | AF21: =IF(AB20="","",AB20) -> 1 | AG21: =IF(AC20="","",AC20) -> 1 | AI21: =IF(AA19="","",AA19) -> 1 | AJ21: =IF(AB19="","",AB19) -> 1 | AK21: =IF(AC19="","",AC19) -> 1 | AM21: 1 | AN21: 1 | AO21: 1 | AQ21: =IF(AM20="","",AM20) -> 1 | AR21: =IF(AN20="","",AN20) -> 1 | AS21: =IF(AO20="","",AO20) -> 1 | AU21: =IF(AM19="","",AM19) -> 1 | AV21: =IF(AN19="","",AN19) -> 1 | AW21: =IF(AO19="","",AO19) -> 1 | AY21: 1 | AZ21: 1 | BA21: 1 | BC21: =IF(AY20="","",AY20) -> 1 | BD21: =IF(AZ20="","",AZ20) -> 1 | BE21: =IF(BA20="","",BA20) -> 1 | BG21: =IF(AY19="","",AY19) -> 1 | BH21: =IF(AZ19="","",AZ19) -> 1 | BI21: =IF(BA19="","",BA19) -> 1 | BK21: 1 | BL21: 1 | BM21: 1 | BO21: =IF(BK20="","",BK20) -> 1 | BP21: =IF(BL20="","",BL20) -> 1 | BQ21: =IF(BM20="","",BM20) -> 1 | BS21: =IF(BK19="","",BK19) -> 1 | BT21: =IF(BL19="","",BL19) -> 1 | BU21: =IF(BM19="","",BM19) -> 1 | BW21: =IF(W21="","",VLOOKUP('Regular Symbol'!W21,'Regular Symbol'!$O$3:$T$13,6,0)) -> 2 | BX21: =IF(X21="","",VLOOKUP('Regular Symbol'!X21,'Regular Symbol'!$O$3:$T$13,6,0)) -> 2 | BY21: =IF(Y21="","",VLOOKUP('Regular Symbol'!Y21,'Regular Symbol'!$O$3:$T$13,6,0)) -> 3 | CA21: =IF(W21<>"", VLOOKUP(W21,$O$3:$P$13,2,0), "") -> M2 | CB21: =IF(X21<>"", VLOOKUP(X21,$O$3:$P$13,2,0), "") -> M2 | CC21: =IF(Y21<>"", VLOOKUP(Y21,$O$3:$P$13,2,0), "") -> M3
A22: WA | B22: WW,A | C22: =C$3+C$7 -> 27 | D22: =D$3+D$7 -> 51 | E22: =E$3+E$7 -> 44 | H22: WA | I22: WW,A | J22: =J$3+J$7 -> 27 | K22: =K$3+K$7 -> 51 | L22: =L$3+L$7 -> 44 | O22: WA | P22: WW,A | Q22: =Q$3+Q$7 -> 27 | R22: =R$3+R$7 -> 51 | S22: =S$3+S$7 -> 44 | V22: 19 | W22: M2 | X22: M2 | Y22: M3 | AA22: 1 | AB22: 1 | AC22: 1 | AE22: =IF(AA21="","",AA21) -> 1 | AF22: =IF(AB21="","",AB21) -> 1 | AG22: =IF(AC21="","",AC21) -> 1 | AI22: =IF(AA20="","",AA20) -> 1 | AJ22: =IF(AB20="","",AB20) -> 1 | AK22: =IF(AC20="","",AC20) -> 1 | AM22: 1 | AN22: 1 | AO22: 1 | AQ22: =IF(AM21="","",AM21) -> 1 | AR22: =IF(AN21="","",AN21) -> 1 | AS22: =IF(AO21="","",AO21) -> 1 | AU22: =IF(AM20="","",AM20) -> 1 | AV22: =IF(AN20="","",AN20) -> 1 | AW22: =IF(AO20="","",AO20) -> 1 | AY22: 1 | AZ22: 1 | BA22: 1 | BC22: =IF(AY21="","",AY21) -> 1 | BD22: =IF(AZ21="","",AZ21) -> 1 | BE22: =IF(BA21="","",BA21) -> 1 | BG22: =IF(AY20="","",AY20) -> 1 | BH22: =IF(AZ20="","",AZ20) -> 1 | BI22: =IF(BA20="","",BA20) -> 1 | BK22: 1 | BL22: 1 | BM22: 1 | BO22: =IF(BK21="","",BK21) -> 1 | BP22: =IF(BL21="","",BL21) -> 1 | BQ22: =IF(BM21="","",BM21) -> 1 | BS22: =IF(BK20="","",BK20) -> 1 | BT22: =IF(BL20="","",BL20) -> 1 | BU22: =IF(BM20="","",BM20) -> 1 | BW22: =IF(W22="","",VLOOKUP('Regular Symbol'!W22,'Regular Symbol'!$O$3:$T$13,6,0)) -> 2 | BX22: =IF(X22="","",VLOOKUP('Regular Symbol'!X22,'Regular Symbol'!$O$3:$T$13,6,0)) -> 2 | BY22: =IF(Y22="","",VLOOKUP('Regular Symbol'!Y22,'Regular Symbol'!$O$3:$T$13,6,0)) -> 3 | CA22: =IF(W22<>"", VLOOKUP(W22,$O$3:$P$13,2,0), "") -> M2 | CB22: =IF(X22<>"", VLOOKUP(X22,$O$3:$P$13,2,0), "") -> M2 | CC22: =IF(Y22<>"", VLOOKUP(Y22,$O$3:$P$13,2,0), "") -> M3
A23: WK | B23: WW,K | C23: =C$3+C$8 -> 28 | D23: =D$3+D$8 -> 49 | E23: =E$3+E$8 -> 48 | H23: WK | I23: WW,K | J23: =J$3+J$8 -> 28 | K23: =K$3+K$8 -> 49 | L23: =L$3+L$8 -> 48 | O23: WK | P23: WW,K | Q23: =Q$3+Q$8 -> 28 | R23: =R$3+R$8 -> 49 | S23: =S$3+S$8 -> 48 | V23: 20 | W23: A | X23: A | Y23: Q | AA23: 1 | AB23: 1 | AC23: 1 | AE23: =IF(AA22="","",AA22) -> 1 | AF23: =IF(AB22="","",AB22) -> 1 | AG23: =IF(AC22="","",AC22) -> 1 | AI23: =IF(AA21="","",AA21) -> 1 | AJ23: =IF(AB21="","",AB21) -> 1 | AK23: =IF(AC21="","",AC21) -> 1 | AM23: 1 | AN23: 1 | AO23: 1 | AQ23: =IF(AM22="","",AM22) -> 1 | AR23: =IF(AN22="","",AN22) -> 1 | AS23: =IF(AO22="","",AO22) -> 1 | AU23: =IF(AM21="","",AM21) -> 1 | AV23: =IF(AN21="","",AN21) -> 1 | AW23: =IF(AO21="","",AO21) -> 1 | AY23: 1 | AZ23: 1 | BA23: 1 | BC23: =IF(AY22="","",AY22) -> 1 | BD23: =IF(AZ22="","",AZ22) -> 1 | BE23: =IF(BA22="","",BA22) -> 1 | BG23: =IF(AY21="","",AY21) -> 1 | BH23: =IF(AZ21="","",AZ21) -> 1 | BI23: =IF(BA21="","",BA21) -> 1 | BK23: 1 | BL23: 1 | BM23: 1 | BO23: =IF(BK22="","",BK22) -> 1 | BP23: =IF(BL22="","",BL22) -> 1 | BQ23: =IF(BM22="","",BM22) -> 1 | BS23: =IF(BK21="","",BK21) -> 1 | BT23: =IF(BL21="","",BL21) -> 1 | BU23: =IF(BM21="","",BM21) -> 1 | BW23: =IF(W23="","",VLOOKUP('Regular Symbol'!W23,'Regular Symbol'!$O$3:$T$13,6,0)) -> 4 | BX23: =IF(X23="","",VLOOKUP('Regular Symbol'!X23,'Regular Symbol'!$O$3:$T$13,6,0)) -> 4 | BY23: =IF(Y23="","",VLOOKUP('Regular Symbol'!Y23,'Regular Symbol'!$O$3:$T$13,6,0)) -> 6 | CA23: =IF(W23<>"", VLOOKUP(W23,$O$3:$P$13,2,0), "") -> A | CB23: =IF(X23<>"", VLOOKUP(X23,$O$3:$P$13,2,0), "") -> A | CC23: =IF(Y23<>"", VLOOKUP(Y23,$O$3:$P$13,2,0), "") -> Q
A24: WQ | B24: WW,Q | C24: =C$3+C$9 -> 26 | D24: =D$3+D$9 -> 50 | E24: =E$3+E$9 -> 48 | H24: WQ | I24: WW,Q | J24: =J$3+J$9 -> 26 | K24: =K$3+K$9 -> 50 | L24: =L$3+L$9 -> 48 | O24: WQ | P24: WW,Q | Q24: =Q$3+Q$9 -> 26 | R24: =R$3+R$9 -> 50 | S24: =S$3+S$9 -> 48 | V24: 21 | W24: A | X24: A | Y24: Q | AA24: 1 | AB24: 1 | AC24: 1 | AE24: =IF(AA23="","",AA23) -> 1 | AF24: =IF(AB23="","",AB23) -> 1 | AG24: =IF(AC23="","",AC23) -> 1 | AI24: =IF(AA22="","",AA22) -> 1 | AJ24: =IF(AB22="","",AB22) -> 1 | AK24: =IF(AC22="","",AC22) -> 1 | AM24: 1 | AN24: 1 | AO24: 1 | AQ24: =IF(AM23="","",AM23) -> 1 | AR24: =IF(AN23="","",AN23) -> 1 | AS24: =IF(AO23="","",AO23) -> 1 | AU24: =IF(AM22="","",AM22) -> 1 | AV24: =IF(AN22="","",AN22) -> 1 | AW24: =IF(AO22="","",AO22) -> 1 | AY24: 1 | AZ24: 1 | BA24: 1 | BC24: =IF(AY23="","",AY23) -> 1 | BD24: =IF(AZ23="","",AZ23) -> 1 | BE24: =IF(BA23="","",BA23) -> 1 | BG24: =IF(AY22="","",AY22) -> 1 | BH24: =IF(AZ22="","",AZ22) -> 1 | BI24: =IF(BA22="","",BA22) -> 1 | BK24: 1 | BL24: 1 | BM24: 1 | BO24: =IF(BK23="","",BK23) -> 1 | BP24: =IF(BL23="","",BL23) -> 1 | BQ24: =IF(BM23="","",BM23) -> 1 | BS24: =IF(BK22="","",BK22) -> 1 | BT24: =IF(BL22="","",BL22) -> 1 | BU24: =IF(BM22="","",BM22) -> 1 | BW24: =IF(W24="","",VLOOKUP('Regular Symbol'!W24,'Regular Symbol'!$O$3:$T$13,6,0)) -> 4 | BX24: =IF(X24="","",VLOOKUP('Regular Symbol'!X24,'Regular Symbol'!$O$3:$T$13,6,0)) -> 4 | BY24: =IF(Y24="","",VLOOKUP('Regular Symbol'!Y24,'Regular Symbol'!$O$3:$T$13,6,0)) -> 6 | CA24: =IF(W24<>"", VLOOKUP(W24,$O$3:$P$13,2,0), "") -> A | CB24: =IF(X24<>"", VLOOKUP(X24,$O$3:$P$13,2,0), "") -> A | CC24: =IF(Y24<>"", VLOOKUP(Y24,$O$3:$P$13,2,0), "") -> Q
A25: WJ | B25: WW,J | C25: =C$3+C$10 -> 28 | D25: =D$3+D$10 -> 47 | E25: =E$3+E$10 -> 48 | H25: WJ | I25: WW,J | J25: =J$3+J$10 -> 28 | K25: =K$3+K$10 -> 47 | L25: =L$3+L$10 -> 48 | O25: WJ | P25: WW,J | Q25: =Q$3+Q$10 -> 28 | R25: =R$3+R$10 -> 47 | S25: =S$3+S$10 -> 48 | V25: 22 | W25: A | X25: WW | Y25: Q | AA25: 1 | AB25: 1 | AC25: 1 | AE25: =IF(AA24="","",AA24) -> 1 | AF25: =IF(AB24="","",AB24) -> 1 | AG25: =IF(AC24="","",AC24) -> 1 | AI25: =IF(AA23="","",AA23) -> 1 | AJ25: =IF(AB23="","",AB23) -> 1 | AK25: =IF(AC23="","",AC23) -> 1 | AM25: 1 | AN25: 1 | AO25: 1 | AQ25: =IF(AM24="","",AM24) -> 1 | AR25: =IF(AN24="","",AN24) -> 1 | AS25: =IF(AO24="","",AO24) -> 1 | AU25: =IF(AM23="","",AM23) -> 1 | AV25: =IF(AN23="","",AN23) -> 1 | AW25: =IF(AO23="","",AO23) -> 1 | AY25: 1 | AZ25: 1 | BA25: 1 | BC25: =IF(AY24="","",AY24) -> 1 | BD25: =IF(AZ24="","",AZ24) -> 1 | BE25: =IF(BA24="","",BA24) -> 1 | BG25: =IF(AY23="","",AY23) -> 1 | BH25: =IF(AZ23="","",AZ23) -> 1 | BI25: =IF(BA23="","",BA23) -> 1 | BK25: 1 | BL25: 1 | BM25: 1 | BO25: =IF(BK24="","",BK24) -> 1 | BP25: =IF(BL24="","",BL24) -> 1 | BQ25: =IF(BM24="","",BM24) -> 1 | BS25: =IF(BK23="","",BK23) -> 1 | BT25: =IF(BL23="","",BL23) -> 1 | BU25: =IF(BM23="","",BM23) -> 1 | BW25: =IF(W25="","",VLOOKUP('Regular Symbol'!W25,'Regular Symbol'!$O$3:$T$13,6,0)) -> 4 | BX25: =IF(X25="","",VLOOKUP('Regular Symbol'!X25,'Regular Symbol'!$O$3:$T$13,6,0)) -> 0 | BY25: =IF(Y25="","",VLOOKUP('Regular Symbol'!Y25,'Regular Symbol'!$O$3:$T$13,6,0)) -> 6 | CA25: =IF(W25<>"", VLOOKUP(W25,$O$3:$P$13,2,0), "") -> A | CB25: =IF(X25<>"", VLOOKUP(X25,$O$3:$P$13,2,0), "") -> Wild | CC25: =IF(Y25<>"", VLOOKUP(Y25,$O$3:$P$13,2,0), "") -> Q
V26: 23 | W26: M3 | X26: WW | Y26: A | AA26: 1 | AB26: 1 | AC26: 1 | AE26: =IF(AA25="","",AA25) -> 1 | AF26: =IF(AB25="","",AB25) -> 1 | AG26: =IF(AC25="","",AC25) -> 1 | AI26: =IF(AA24="","",AA24) -> 1 | AJ26: =IF(AB24="","",AB24) -> 1 | AK26: =IF(AC24="","",AC24) -> 1 | AM26: 1 | AN26: 1 | AO26: 1 | AQ26: =IF(AM25="","",AM25) -> 1 | AR26: =IF(AN25="","",AN25) -> 1 | AS26: =IF(AO25="","",AO25) -> 1 | AU26: =IF(AM24="","",AM24) -> 1 | AV26: =IF(AN24="","",AN24) -> 1 | AW26: =IF(AO24="","",AO24) -> 1 | AY26: 1 | AZ26: 1 | BA26: 1 | BC26: =IF(AY25="","",AY25) -> 1 | BD26: =IF(AZ25="","",AZ25) -> 1 | BE26: =IF(BA25="","",BA25) -> 1 | BG26: =IF(AY24="","",AY24) -> 1 | BH26: =IF(AZ24="","",AZ24) -> 1 | BI26: =IF(BA24="","",BA24) -> 1 | BK26: 1 | BL26: 1 | BM26: 1 | BO26: =IF(BK25="","",BK25) -> 1 | BP26: =IF(BL25="","",BL25) -> 1 | BQ26: =IF(BM25="","",BM25) -> 1 | BS26: =IF(BK24="","",BK24) -> 1 | BT26: =IF(BL24="","",BL24) -> 1 | BU26: =IF(BM24="","",BM24) -> 1 | BW26: =IF(W26="","",VLOOKUP('Regular Symbol'!W26,'Regular Symbol'!$O$3:$T$13,6,0)) -> 3 | BX26: =IF(X26="","",VLOOKUP('Regular Symbol'!X26,'Regular Symbol'!$O$3:$T$13,6,0)) -> 0 | BY26: =IF(Y26="","",VLOOKUP('Regular Symbol'!Y26,'Regular Symbol'!$O$3:$T$13,6,0)) -> 4 | CA26: =IF(W26<>"", VLOOKUP(W26,$O$3:$P$13,2,0), "") -> M3 | CB26: =IF(X26<>"", VLOOKUP(X26,$O$3:$P$13,2,0), "") -> Wild | CC26: =IF(Y26<>"", VLOOKUP(Y26,$O$3:$P$13,2,0), "") -> A
A27: Extra Bet 1 Row 1 | H27: Extra Bet 1 Row 2 | O27: Extra Bet 1 Row 3 | V27: 24 | W27: M3 | X27: WW | Y27: A | AA27: 1 | AB27: 1 | AC27: 1 | AE27: =IF(AA26="","",AA26) -> 1 | AF27: =IF(AB26="","",AB26) -> 1 | AG27: =IF(AC26="","",AC26) -> 1 | AI27: =IF(AA25="","",AA25) -> 1 | AJ27: =IF(AB25="","",AB25) -> 1 | AK27: =IF(AC25="","",AC25) -> 1 | AM27: 1 | AN27: 1 | AO27: 1 | AQ27: =IF(AM26="","",AM26) -> 1 | AR27: =IF(AN26="","",AN26) -> 1 | AS27: =IF(AO26="","",AO26) -> 1 | AU27: =IF(AM25="","",AM25) -> 1 | AV27: =IF(AN25="","",AN25) -> 1 | AW27: =IF(AO25="","",AO25) -> 1 | AY27: 1 | AZ27: 1 | BA27: 1 | BC27: =IF(AY26="","",AY26) -> 1 | BD27: =IF(AZ26="","",AZ26) -> 1 | BE27: =IF(BA26="","",BA26) -> 1 | BG27: =IF(AY25="","",AY25) -> 1 | BH27: =IF(AZ25="","",AZ25) -> 1 | BI27: =IF(BA25="","",BA25) -> 1 | BK27: 1 | BL27: 1 | BM27: 1 | BO27: =IF(BK26="","",BK26) -> 1 | BP27: =IF(BL26="","",BL26) -> 1 | BQ27: =IF(BM26="","",BM26) -> 1 | BS27: =IF(BK25="","",BK25) -> 1 | BT27: =IF(BL25="","",BL25) -> 1 | BU27: =IF(BM25="","",BM25) -> 1 | BW27: =IF(W27="","",VLOOKUP('Regular Symbol'!W27,'Regular Symbol'!$O$3:$T$13,6,0)) -> 3 | BX27: =IF(X27="","",VLOOKUP('Regular Symbol'!X27,'Regular Symbol'!$O$3:$T$13,6,0)) -> 0 | BY27: =IF(Y27="","",VLOOKUP('Regular Symbol'!Y27,'Regular Symbol'!$O$3:$T$13,6,0)) -> 4 | CA27: =IF(W27<>"", VLOOKUP(W27,$O$3:$P$13,2,0), "") -> M3 | CB27: =IF(X27<>"", VLOOKUP(X27,$O$3:$P$13,2,0), "") -> Wild | CC27: =IF(Y27<>"", VLOOKUP(Y27,$O$3:$P$13,2,0), "") -> A
A28: Symbol | B28: Symbol Name | C28: R1 | D28: R2 | E28: R3 | F28: ID | H28: Symbol | I28: Symbol Name | J28: R1 | K28: R2 | L28: R3 | M28: ID | O28: Symbol | P28: Symbol Name | Q28: R1 | R28: R2 | S28: R3 | T28: ID | V28: 25 | W28: Q | X28: Q | Y28: A | AA28: 1 | AB28: 1 | AC28: 1 | AE28: =IF(AA27="","",AA27) -> 1 | AF28: =IF(AB27="","",AB27) -> 1 | AG28: =IF(AC27="","",AC27) -> 1 | AI28: =IF(AA26="","",AA26) -> 1 | AJ28: =IF(AB26="","",AB26) -> 1 | AK28: =IF(AC26="","",AC26) -> 1 | AM28: 1 | AN28: 1 | AO28: 1 | AQ28: =IF(AM27="","",AM27) -> 1 | AR28: =IF(AN27="","",AN27) -> 1 | AS28: =IF(AO27="","",AO27) -> 1 | AU28: =IF(AM26="","",AM26) -> 1 | AV28: =IF(AN26="","",AN26) -> 1 | AW28: =IF(AO26="","",AO26) -> 1 | AY28: 1 | AZ28: 1 | BA28: 1 | BC28: =IF(AY27="","",AY27) -> 1 | BD28: =IF(AZ27="","",AZ27) -> 1 | BE28: =IF(BA27="","",BA27) -> 1 | BG28: =IF(AY26="","",AY26) -> 1 | BH28: =IF(AZ26="","",AZ26) -> 1 | BI28: =IF(BA26="","",BA26) -> 1 | BK28: 1 | BL28: 1 | BM28: 1 | BO28: =IF(BK27="","",BK27) -> 1 | BP28: =IF(BL27="","",BL27) -> 1 | BQ28: =IF(BM27="","",BM27) -> 1 | BS28: =IF(BK26="","",BK26) -> 1 | BT28: =IF(BL26="","",BL26) -> 1 | BU28: =IF(BM26="","",BM26) -> 1 | BW28: =IF(W28="","",VLOOKUP('Regular Symbol'!W28,'Regular Symbol'!$O$3:$T$13,6,0)) -> 6 | BX28: =IF(X28="","",VLOOKUP('Regular Symbol'!X28,'Regular Symbol'!$O$3:$T$13,6,0)) -> 6 | BY28: =IF(Y28="","",VLOOKUP('Regular Symbol'!Y28,'Regular Symbol'!$O$3:$T$13,6,0)) -> 4 | CA28: =IF(W28<>"", VLOOKUP(W28,$O$3:$P$13,2,0), "") -> Q | CB28: =IF(X28<>"", VLOOKUP(X28,$O$3:$P$13,2,0), "") -> Q | CC28: =IF(Y28<>"", VLOOKUP(Y28,$O$3:$P$13,2,0), "") -> A
A29: WW | B29: Wild | C29: =SUMIF(W$3:W$211, $A29, AM$3:AM$211) -> 9 | D29: =SUMIF(X$3:X$211, $A29, AN$3:AN$211) -> 21 | E29: =SUMIF(Y$3:Y$211, $A29, AO$3:AO$211) -> 21 | F29: 0 | H29: {=A29:B36} -> WW | I29: Wild | J29: =SUMIF(W$3:W$211, $H29, AQ$3:AQ$211) -> 9 | K29: =SUMIF(X$3:X$211, $H29, AR$3:AR$211) -> 21 | L29: =SUMIF(Y$3:Y$211, $H29, AS$3:AS$211) -> 21 | M29: 0 | O29: {=_xlfn.ANCHORARRAY(H29)} -> WW | P29: Wild | Q29: =SUMIF(W$3:W$211, $H29, AU$3:AU$211) -> 9 | R29: =SUMIF(X$3:X$211, $H29, AV$3:AV$211) -> 21 | S29: =SUMIF(Y$3:Y$211, $H29, AW$3:AW$211) -> 21 | T29: 0 | V29: 26 | W29: Q | X29: Q | Y29: M2 | AA29: 1 | AB29: 1 | AC29: 1 | AE29: =IF(AA28="","",AA28) -> 1 | AF29: =IF(AB28="","",AB28) -> 1 | AG29: =IF(AC28="","",AC28) -> 1 | AI29: =IF(AA27="","",AA27) -> 1 | AJ29: =IF(AB27="","",AB27) -> 1 | AK29: =IF(AC27="","",AC27) -> 1 | AM29: 1 | AN29: 1 | AO29: 1 | AQ29: =IF(AM28="","",AM28) -> 1 | AR29: =IF(AN28="","",AN28) -> 1 | AS29: =IF(AO28="","",AO28) -> 1 | AU29: =IF(AM27="","",AM27) -> 1 | AV29: =IF(AN27="","",AN27) -> 1 | AW29: =IF(AO27="","",AO27) -> 1 | AY29: 1 | AZ29: 1 | BA29: 1 | BC29: =IF(AY28="","",AY28) -> 1 | BD29: =IF(AZ28="","",AZ28) -> 1 | BE29: =IF(BA28="","",BA28) -> 1 | BG29: =IF(AY27="","",AY27) -> 1 | BH29: =IF(AZ27="","",AZ27) -> 1 | BI29: =IF(BA27="","",BA27) -> 1 | BK29: 1 | BL29: 1 | BM29: 1 | BO29: =IF(BK28="","",BK28) -> 1 | BP29: =IF(BL28="","",BL28) -> 1 | BQ29: =IF(BM28="","",BM28) -> 1 | BS29: =IF(BK27="","",BK27) -> 1 | BT29: =IF(BL27="","",BL27) -> 1 | BU29: =IF(BM27="","",BM27) -> 1 | BW29: =IF(W29="","",VLOOKUP('Regular Symbol'!W29,'Regular Symbol'!$O$3:$T$13,6,0)) -> 6 | BX29: =IF(X29="","",VLOOKUP('Regular Symbol'!X29,'Regular Symbol'!$O$3:$T$13,6,0)) -> 6 | BY29: =IF(Y29="","",VLOOKUP('Regular Symbol'!Y29,'Regular Symbol'!$O$3:$T$13,6,0)) -> 2 | CA29: =IF(W29<>"", VLOOKUP(W29,$O$3:$P$13,2,0), "") -> Q | CB29: =IF(X29<>"", VLOOKUP(X29,$O$3:$P$13,2,0), "") -> Q | CC29: =IF(Y29<>"", VLOOKUP(Y29,$O$3:$P$13,2,0), "") -> M2
A30: M1 | B30: M1 | C30: =SUMIF(W$3:W$211, $A30, AM$3:AM$211) -> 14 | D30: =SUMIF(X$3:X$211, $A30, AN$3:AN$211) -> 24 | E30: =SUMIF(Y$3:Y$211, $A30, AO$3:AO$211) -> 23 | F30: 1 | H30: M1 | I30: M1 | J30: =SUMIF(W$3:W$211, $H30, AQ$3:AQ$211) -> 14 | K30: =SUMIF(X$3:X$211, $H30, AR$3:AR$211) -> 24 | L30: =SUMIF(Y$3:Y$211, $H30, AS$3:AS$211) -> 23 | M30: 1 | O30: M1 | P30: M1 | Q30: =SUMIF(W$3:W$211, $H30, AU$3:AU$211) -> 14 | R30: =SUMIF(X$3:X$211, $H30, AV$3:AV$211) -> 24 | S30: =SUMIF(Y$3:Y$211, $H30, AW$3:AW$211) -> 23 | T30: 1 | V30: 27 | W30: M1 | X30: M3 | Y30: M2 | AA30: 1 | AB30: 1 | AC30: 1 | AE30: =IF(AA29="","",AA29) -> 1 | AF30: =IF(AB29="","",AB29) -> 1 | AG30: =IF(AC29="","",AC29) -> 1 | AI30: =IF(AA28="","",AA28) -> 1 | AJ30: =IF(AB28="","",AB28) -> 1 | AK30: =IF(AC28="","",AC28) -> 1 | AM30: 1 | AN30: 1 | AO30: 1 | AQ30: =IF(AM29="","",AM29) -> 1 | AR30: =IF(AN29="","",AN29) -> 1 | AS30: =IF(AO29="","",AO29) -> 1 | AU30: =IF(AM28="","",AM28) -> 1 | AV30: =IF(AN28="","",AN28) -> 1 | AW30: =IF(AO28="","",AO28) -> 1 | AY30: 1 | AZ30: 1 | BA30: 1 | BC30: =IF(AY29="","",AY29) -> 1 | BD30: =IF(AZ29="","",AZ29) -> 1 | BE30: =IF(BA29="","",BA29) -> 1 | BG30: =IF(AY28="","",AY28) -> 1 | BH30: =IF(AZ28="","",AZ28) -> 1 | BI30: =IF(BA28="","",BA28) -> 1 | BK30: 1 | BL30: 1 | BM30: 1 | BO30: =IF(BK29="","",BK29) -> 1 | BP30: =IF(BL29="","",BL29) -> 1 | BQ30: =IF(BM29="","",BM29) -> 1 | BS30: =IF(BK28="","",BK28) -> 1 | BT30: =IF(BL28="","",BL28) -> 1 | BU30: =IF(BM28="","",BM28) -> 1 | BW30: =IF(W30="","",VLOOKUP('Regular Symbol'!W30,'Regular Symbol'!$O$3:$T$13,6,0)) -> 1 | BX30: =IF(X30="","",VLOOKUP('Regular Symbol'!X30,'Regular Symbol'!$O$3:$T$13,6,0)) -> 3 | BY30: =IF(Y30="","",VLOOKUP('Regular Symbol'!Y30,'Regular Symbol'!$O$3:$T$13,6,0)) -> 2 | CA30: =IF(W30<>"", VLOOKUP(W30,$O$3:$P$13,2,0), "") -> M1 | CB30: =IF(X30<>"", VLOOKUP(X30,$O$3:$P$13,2,0), "") -> M3 | CC30: =IF(Y30<>"", VLOOKUP(Y30,$O$3:$P$13,2,0), "") -> M2
A31: M2 | B31: M2 | C31: =SUMIF(W$3:W$211, $A31, AM$3:AM$211) -> 13 | D31: =SUMIF(X$3:X$211, $A31, AN$3:AN$211) -> 26 | E31: =SUMIF(Y$3:Y$211, $A31, AO$3:AO$211) -> 27 | F31: 2 | H31: M2 | I31: M2 | J31: =SUMIF(W$3:W$211, $H31, AQ$3:AQ$211) -> 13 | K31: =SUMIF(X$3:X$211, $H31, AR$3:AR$211) -> 26 | L31: =SUMIF(Y$3:Y$211, $H31, AS$3:AS$211) -> 27 | M31: 2 | O31: M2 | P31: M2 | Q31: =SUMIF(W$3:W$211, $H31, AU$3:AU$211) -> 13 | R31: =SUMIF(X$3:X$211, $H31, AV$3:AV$211) -> 26 | S31: =SUMIF(Y$3:Y$211, $H31, AW$3:AW$211) -> 27 | T31: 2 | V31: 28 | W31: M1 | X31: M3 | Y31: J | AA31: 1 | AB31: 1 | AC31: 1 | AE31: =IF(AA30="","",AA30) -> 1 | AF31: =IF(AB30="","",AB30) -> 1 | AG31: =IF(AC30="","",AC30) -> 1 | AI31: =IF(AA29="","",AA29) -> 1 | AJ31: =IF(AB29="","",AB29) -> 1 | AK31: =IF(AC29="","",AC29) -> 1 | AM31: 1 | AN31: 1 | AO31: 1 | AQ31: =IF(AM30="","",AM30) -> 1 | AR31: =IF(AN30="","",AN30) -> 1 | AS31: =IF(AO30="","",AO30) -> 1 | AU31: =IF(AM29="","",AM29) -> 1 | AV31: =IF(AN29="","",AN29) -> 1 | AW31: =IF(AO29="","",AO29) -> 1 | AY31: 1 | AZ31: 1 | BA31: 1 | BC31: =IF(AY30="","",AY30) -> 1 | BD31: =IF(AZ30="","",AZ30) -> 1 | BE31: =IF(BA30="","",BA30) -> 1 | BG31: =IF(AY29="","",AY29) -> 1 | BH31: =IF(AZ29="","",AZ29) -> 1 | BI31: =IF(BA29="","",BA29) -> 1 | BK31: 1 | BL31: 1 | BM31: 1 | BO31: =IF(BK30="","",BK30) -> 1 | BP31: =IF(BL30="","",BL30) -> 1 | BQ31: =IF(BM30="","",BM30) -> 1 | BS31: =IF(BK29="","",BK29) -> 1 | BT31: =IF(BL29="","",BL29) -> 1 | BU31: =IF(BM29="","",BM29) -> 1 | BW31: =IF(W31="","",VLOOKUP('Regular Symbol'!W31,'Regular Symbol'!$O$3:$T$13,6,0)) -> 1 | BX31: =IF(X31="","",VLOOKUP('Regular Symbol'!X31,'Regular Symbol'!$O$3:$T$13,6,0)) -> 3 | BY31: =IF(Y31="","",VLOOKUP('Regular Symbol'!Y31,'Regular Symbol'!$O$3:$T$13,6,0)) -> 7 | CA31: =IF(W31<>"", VLOOKUP(W31,$O$3:$P$13,2,0), "") -> M1 | CB31: =IF(X31<>"", VLOOKUP(X31,$O$3:$P$13,2,0), "") -> M3 | CC31: =IF(Y31<>"", VLOOKUP(Y31,$O$3:$P$13,2,0), "") -> J
A32: M3 | B32: M3 | C32: =SUMIF(W$3:W$211, $A32, AM$3:AM$211) -> 14 | D32: =SUMIF(X$3:X$211, $A32, AN$3:AN$211) -> 25 | E32: =SUMIF(Y$3:Y$211, $A32, AO$3:AO$211) -> 28 | F32: 3 | H32: M3 | I32: M3 | J32: =SUMIF(W$3:W$211, $H32, AQ$3:AQ$211) -> 14 | K32: =SUMIF(X$3:X$211, $H32, AR$3:AR$211) -> 25 | L32: =SUMIF(Y$3:Y$211, $H32, AS$3:AS$211) -> 28 | M32: 3 | O32: M3 | P32: M3 | Q32: =SUMIF(W$3:W$211, $H32, AU$3:AU$211) -> 14 | R32: =SUMIF(X$3:X$211, $H32, AV$3:AV$211) -> 25 | S32: =SUMIF(Y$3:Y$211, $H32, AW$3:AW$211) -> 28 | T32: 3 | V32: 29 | W32: J | X32: M3 | Y32: J | AA32: 1 | AB32: 1 | AC32: 1 | AE32: =IF(AA31="","",AA31) -> 1 | AF32: =IF(AB31="","",AB31) -> 1 | AG32: =IF(AC31="","",AC31) -> 1 | AI32: =IF(AA30="","",AA30) -> 1 | AJ32: =IF(AB30="","",AB30) -> 1 | AK32: =IF(AC30="","",AC30) -> 1 | AM32: 1 | AN32: 1 | AO32: 1 | AQ32: =IF(AM31="","",AM31) -> 1 | AR32: =IF(AN31="","",AN31) -> 1 | AS32: =IF(AO31="","",AO31) -> 1 | AU32: =IF(AM30="","",AM30) -> 1 | AV32: =IF(AN30="","",AN30) -> 1 | AW32: =IF(AO30="","",AO30) -> 1 | AY32: 1 | AZ32: 1 | BA32: 1 | BC32: =IF(AY31="","",AY31) -> 1 | BD32: =IF(AZ31="","",AZ31) -> 1 | BE32: =IF(BA31="","",BA31) -> 1 | BG32: =IF(AY30="","",AY30) -> 1 | BH32: =IF(AZ30="","",AZ30) -> 1 | BI32: =IF(BA30="","",BA30) -> 1 | BK32: 1 | BL32: 1 | BM32: 1 | BO32: =IF(BK31="","",BK31) -> 1 | BP32: =IF(BL31="","",BL31) -> 1 | BQ32: =IF(BM31="","",BM31) -> 1 | BS32: =IF(BK30="","",BK30) -> 1 | BT32: =IF(BL30="","",BL30) -> 1 | BU32: =IF(BM30="","",BM30) -> 1 | BW32: =IF(W32="","",VLOOKUP('Regular Symbol'!W32,'Regular Symbol'!$O$3:$T$13,6,0)) -> 7 | BX32: =IF(X32="","",VLOOKUP('Regular Symbol'!X32,'Regular Symbol'!$O$3:$T$13,6,0)) -> 3 | BY32: =IF(Y32="","",VLOOKUP('Regular Symbol'!Y32,'Regular Symbol'!$O$3:$T$13,6,0)) -> 7 | CA32: =IF(W32<>"", VLOOKUP(W32,$O$3:$P$13,2,0), "") -> J | CB32: =IF(X32<>"", VLOOKUP(X32,$O$3:$P$13,2,0), "") -> M3 | CC32: =IF(Y32<>"", VLOOKUP(Y32,$O$3:$P$13,2,0), "") -> J
A33: A | B33: A | C33: =SUMIF(W$3:W$211, $A33, AM$3:AM$211) -> 18 | D33: =SUMIF(X$3:X$211, $A33, AN$3:AN$211) -> 30 | E33: =SUMIF(Y$3:Y$211, $A33, AO$3:AO$211) -> 23 | F33: 4 | H33: A | I33: A | J33: =SUMIF(W$3:W$211, $H33, AQ$3:AQ$211) -> 18 | K33: =SUMIF(X$3:X$211, $H33, AR$3:AR$211) -> 30 | L33: =SUMIF(Y$3:Y$211, $H33, AS$3:AS$211) -> 23 | M33: 4 | O33: A | P33: A | Q33: =SUMIF(W$3:W$211, $H33, AU$3:AU$211) -> 18 | R33: =SUMIF(X$3:X$211, $H33, AV$3:AV$211) -> 30 | S33: =SUMIF(Y$3:Y$211, $H33, AW$3:AW$211) -> 23 | T33: 4 | V33: 30 | W33: J | X33: Q | Y33: J | AA33: 1 | AB33: 1 | AC33: 1 | AE33: =IF(AA32="","",AA32) -> 1 | AF33: =IF(AB32="","",AB32) -> 1 | AG33: =IF(AC32="","",AC32) -> 1 | AI33: =IF(AA31="","",AA31) -> 1 | AJ33: =IF(AB31="","",AB31) -> 1 | AK33: =IF(AC31="","",AC31) -> 1 | AM33: 1 | AN33: 1 | AO33: 1 | AQ33: =IF(AM32="","",AM32) -> 1 | AR33: =IF(AN32="","",AN32) -> 1 | AS33: =IF(AO32="","",AO32) -> 1 | AU33: =IF(AM31="","",AM31) -> 1 | AV33: =IF(AN31="","",AN31) -> 1 | AW33: =IF(AO31="","",AO31) -> 1 | AY33: 1 | AZ33: 1 | BA33: 1 | BC33: =IF(AY32="","",AY32) -> 1 | BD33: =IF(AZ32="","",AZ32) -> 1 | BE33: =IF(BA32="","",BA32) -> 1 | BG33: =IF(AY31="","",AY31) -> 1 | BH33: =IF(AZ31="","",AZ31) -> 1 | BI33: =IF(BA31="","",BA31) -> 1 | BK33: 1 | BL33: 1 | BM33: 1 | BO33: =IF(BK32="","",BK32) -> 1 | BP33: =IF(BL32="","",BL32) -> 1 | BQ33: =IF(BM32="","",BM32) -> 1 | BS33: =IF(BK31="","",BK31) -> 1 | BT33: =IF(BL31="","",BL31) -> 1 | BU33: =IF(BM31="","",BM31) -> 1 | BW33: =IF(W33="","",VLOOKUP('Regular Symbol'!W33,'Regular Symbol'!$O$3:$T$13,6,0)) -> 7 | BX33: =IF(X33="","",VLOOKUP('Regular Symbol'!X33,'Regular Symbol'!$O$3:$T$13,6,0)) -> 6 | BY33: =IF(Y33="","",VLOOKUP('Regular Symbol'!Y33,'Regular Symbol'!$O$3:$T$13,6,0)) -> 7 | CA33: =IF(W33<>"", VLOOKUP(W33,$O$3:$P$13,2,0), "") -> J | CB33: =IF(X33<>"", VLOOKUP(X33,$O$3:$P$13,2,0), "") -> Q | CC33: =IF(Y33<>"", VLOOKUP(Y33,$O$3:$P$13,2,0), "") -> J
A34: K | B34: K | C34: =SUMIF(W$3:W$211, $A34, AM$3:AM$211) -> 19 | D34: =SUMIF(X$3:X$211, $A34, AN$3:AN$211) -> 28 | E34: =SUMIF(Y$3:Y$211, $A34, AO$3:AO$211) -> 27 | F34: 5 | H34: K | I34: K | J34: =SUMIF(W$3:W$211, $H34, AQ$3:AQ$211) -> 19 | K34: =SUMIF(X$3:X$211, $H34, AR$3:AR$211) -> 28 | L34: =SUMIF(Y$3:Y$211, $H34, AS$3:AS$211) -> 27 | M34: 5 | O34: K | P34: K | Q34: =SUMIF(W$3:W$211, $H34, AU$3:AU$211) -> 19 | R34: =SUMIF(X$3:X$211, $H34, AV$3:AV$211) -> 28 | S34: =SUMIF(Y$3:Y$211, $H34, AW$3:AW$211) -> 27 | T34: 5 | V34: 31 | W34: M2 | X34: Q | Y34: WW | AA34: 1 | AB34: 1 | AC34: 1 | AE34: =IF(AA33="","",AA33) -> 1 | AF34: =IF(AB33="","",AB33) -> 1 | AG34: =IF(AC33="","",AC33) -> 1 | AI34: =IF(AA32="","",AA32) -> 1 | AJ34: =IF(AB32="","",AB32) -> 1 | AK34: =IF(AC32="","",AC32) -> 1 | AM34: 1 | AN34: 1 | AO34: 1 | AQ34: =IF(AM33="","",AM33) -> 1 | AR34: =IF(AN33="","",AN33) -> 1 | AS34: =IF(AO33="","",AO33) -> 1 | AU34: =IF(AM32="","",AM32) -> 1 | AV34: =IF(AN32="","",AN32) -> 1 | AW34: =IF(AO32="","",AO32) -> 1 | AY34: 1 | AZ34: 1 | BA34: 1 | BC34: =IF(AY33="","",AY33) -> 1 | BD34: =IF(AZ33="","",AZ33) -> 1 | BE34: =IF(BA33="","",BA33) -> 1 | BG34: =IF(AY32="","",AY32) -> 1 | BH34: =IF(AZ32="","",AZ32) -> 1 | BI34: =IF(BA32="","",BA32) -> 1 | BK34: 1 | BL34: 1 | BM34: 1 | BO34: =IF(BK33="","",BK33) -> 1 | BP34: =IF(BL33="","",BL33) -> 1 | BQ34: =IF(BM33="","",BM33) -> 1 | BS34: =IF(BK32="","",BK32) -> 1 | BT34: =IF(BL32="","",BL32) -> 1 | BU34: =IF(BM32="","",BM32) -> 1 | BW34: =IF(W34="","",VLOOKUP('Regular Symbol'!W34,'Regular Symbol'!$O$3:$T$13,6,0)) -> 2 | BX34: =IF(X34="","",VLOOKUP('Regular Symbol'!X34,'Regular Symbol'!$O$3:$T$13,6,0)) -> 6 | BY34: =IF(Y34="","",VLOOKUP('Regular Symbol'!Y34,'Regular Symbol'!$O$3:$T$13,6,0)) -> 0 | CA34: =IF(W34<>"", VLOOKUP(W34,$O$3:$P$13,2,0), "") -> M2 | CB34: =IF(X34<>"", VLOOKUP(X34,$O$3:$P$13,2,0), "") -> Q | CC34: =IF(Y34<>"", VLOOKUP(Y34,$O$3:$P$13,2,0), "") -> Wild
A35: Q | B35: Q | C35: =SUMIF(W$3:W$211, $A35, AM$3:AM$211) -> 17 | D35: =SUMIF(X$3:X$211, $A35, AN$3:AN$211) -> 29 | E35: =SUMIF(Y$3:Y$211, $A35, AO$3:AO$211) -> 27 | F35: 6 | H35: Q | I35: Q | J35: =SUMIF(W$3:W$211, $H35, AQ$3:AQ$211) -> 17 | K35: =SUMIF(X$3:X$211, $H35, AR$3:AR$211) -> 29 | L35: =SUMIF(Y$3:Y$211, $H35, AS$3:AS$211) -> 27 | M35: 6 | O35: Q | P35: Q | Q35: =SUMIF(W$3:W$211, $H35, AU$3:AU$211) -> 17 | R35: =SUMIF(X$3:X$211, $H35, AV$3:AV$211) -> 29 | S35: =SUMIF(Y$3:Y$211, $H35, AW$3:AW$211) -> 27 | T35: 6 | V35: 32 | W35: M2 | X35: Q | Y35: WW | AA35: 1 | AB35: 1 | AC35: 1 | AE35: =IF(AA34="","",AA34) -> 1 | AF35: =IF(AB34="","",AB34) -> 1 | AG35: =IF(AC34="","",AC34) -> 1 | AI35: =IF(AA33="","",AA33) -> 1 | AJ35: =IF(AB33="","",AB33) -> 1 | AK35: =IF(AC33="","",AC33) -> 1 | AM35: 1 | AN35: 1 | AO35: 1 | AQ35: =IF(AM34="","",AM34) -> 1 | AR35: =IF(AN34="","",AN34) -> 1 | AS35: =IF(AO34="","",AO34) -> 1 | AU35: =IF(AM33="","",AM33) -> 1 | AV35: =IF(AN33="","",AN33) -> 1 | AW35: =IF(AO33="","",AO33) -> 1 | AY35: 1 | AZ35: 1 | BA35: 1 | BC35: =IF(AY34="","",AY34) -> 1 | BD35: =IF(AZ34="","",AZ34) -> 1 | BE35: =IF(BA34="","",BA34) -> 1 | BG35: =IF(AY33="","",AY33) -> 1 | BH35: =IF(AZ33="","",AZ33) -> 1 | BI35: =IF(BA33="","",BA33) -> 1 | BK35: 1 | BL35: 1 | BM35: 1 | BO35: =IF(BK34="","",BK34) -> 1 | BP35: =IF(BL34="","",BL34) -> 1 | BQ35: =IF(BM34="","",BM34) -> 1 | BS35: =IF(BK33="","",BK33) -> 1 | BT35: =IF(BL33="","",BL33) -> 1 | BU35: =IF(BM33="","",BM33) -> 1 | BW35: =IF(W35="","",VLOOKUP('Regular Symbol'!W35,'Regular Symbol'!$O$3:$T$13,6,0)) -> 2 | BX35: =IF(X35="","",VLOOKUP('Regular Symbol'!X35,'Regular Symbol'!$O$3:$T$13,6,0)) -> 6 | BY35: =IF(Y35="","",VLOOKUP('Regular Symbol'!Y35,'Regular Symbol'!$O$3:$T$13,6,0)) -> 0 | CA35: =IF(W35<>"", VLOOKUP(W35,$O$3:$P$13,2,0), "") -> M2 | CB35: =IF(X35<>"", VLOOKUP(X35,$O$3:$P$13,2,0), "") -> Q | CC35: =IF(Y35<>"", VLOOKUP(Y35,$O$3:$P$13,2,0), "") -> Wild
A36: J | B36: J | C36: =SUMIF(W$3:W$211, $A36, AM$3:AM$211) -> 19 | D36: =SUMIF(X$3:X$211, $A36, AN$3:AN$211) -> 26 | E36: =SUMIF(Y$3:Y$211, $A36, AO$3:AO$211) -> 27 | F36: 7 | H36: J | I36: J | J36: =SUMIF(W$3:W$211, $H36, AQ$3:AQ$211) -> 19 | K36: =SUMIF(X$3:X$211, $H36, AR$3:AR$211) -> 26 | L36: =SUMIF(Y$3:Y$211, $H36, AS$3:AS$211) -> 27 | M36: 7 | O36: J | P36: J | Q36: =SUMIF(W$3:W$211, $H36, AU$3:AU$211) -> 19 | R36: =SUMIF(X$3:X$211, $H36, AV$3:AV$211) -> 26 | S36: =SUMIF(Y$3:Y$211, $H36, AW$3:AW$211) -> 27 | T36: 7 | V36: 33 | W36: K | X36: M2 | Y36: WW | AA36: 1 | AB36: 1 | AC36: 1 | AE36: =IF(AA35="","",AA35) -> 1 | AF36: =IF(AB35="","",AB35) -> 1 | AG36: =IF(AC35="","",AC35) -> 1 | AI36: =IF(AA34="","",AA34) -> 1 | AJ36: =IF(AB34="","",AB34) -> 1 | AK36: =IF(AC34="","",AC34) -> 1 | AM36: 1 | AN36: 1 | AO36: 1 | AQ36: =IF(AM35="","",AM35) -> 1 | AR36: =IF(AN35="","",AN35) -> 1 | AS36: =IF(AO35="","",AO35) -> 1 | AU36: =IF(AM34="","",AM34) -> 1 | AV36: =IF(AN34="","",AN34) -> 1 | AW36: =IF(AO34="","",AO34) -> 1 | AY36: 1 | AZ36: 1 | BA36: 1 | BC36: =IF(AY35="","",AY35) -> 1 | BD36: =IF(AZ35="","",AZ35) -> 1 | BE36: =IF(BA35="","",BA35) -> 1 | BG36: =IF(AY34="","",AY34) -> 1 | BH36: =IF(AZ34="","",AZ34) -> 1 | BI36: =IF(BA34="","",BA34) -> 1 | BK36: 1 | BL36: 1 | BM36: 1 | BO36: =IF(BK35="","",BK35) -> 1 | BP36: =IF(BL35="","",BL35) -> 1 | BQ36: =IF(BM35="","",BM35) -> 1 | BS36: =IF(BK34="","",BK34) -> 1 | BT36: =IF(BL34="","",BL34) -> 1 | BU36: =IF(BM34="","",BM34) -> 1 | BW36: =IF(W36="","",VLOOKUP('Regular Symbol'!W36,'Regular Symbol'!$O$3:$T$13,6,0)) -> 5 | BX36: =IF(X36="","",VLOOKUP('Regular Symbol'!X36,'Regular Symbol'!$O$3:$T$13,6,0)) -> 2 | BY36: =IF(Y36="","",VLOOKUP('Regular Symbol'!Y36,'Regular Symbol'!$O$3:$T$13,6,0)) -> 0 | CA36: =IF(W36<>"", VLOOKUP(W36,$O$3:$P$13,2,0), "") -> K | CB36: =IF(X36<>"", VLOOKUP(X36,$O$3:$P$13,2,0), "") -> M2 | CC36: =IF(Y36<>"", VLOOKUP(Y36,$O$3:$P$13,2,0), "") -> Wild
V37: 34 | W37: K | X37: M2 | Y37: Q | AA37: 1 | AB37: 1 | AC37: 1 | AE37: =IF(AA36="","",AA36) -> 1 | AF37: =IF(AB36="","",AB36) -> 1 | AG37: =IF(AC36="","",AC36) -> 1 | AI37: =IF(AA35="","",AA35) -> 1 | AJ37: =IF(AB35="","",AB35) -> 1 | AK37: =IF(AC35="","",AC35) -> 1 | AM37: 1 | AN37: 1 | AO37: 1 | AQ37: =IF(AM36="","",AM36) -> 1 | AR37: =IF(AN36="","",AN36) -> 1 | AS37: =IF(AO36="","",AO36) -> 1 | AU37: =IF(AM35="","",AM35) -> 1 | AV37: =IF(AN35="","",AN35) -> 1 | AW37: =IF(AO35="","",AO35) -> 1 | AY37: 1 | AZ37: 1 | BA37: 1 | BC37: =IF(AY36="","",AY36) -> 1 | BD37: =IF(AZ36="","",AZ36) -> 1 | BE37: =IF(BA36="","",BA36) -> 1 | BG37: =IF(AY35="","",AY35) -> 1 | BH37: =IF(AZ35="","",AZ35) -> 1 | BI37: =IF(BA35="","",BA35) -> 1 | BK37: 1 | BL37: 1 | BM37: 1 | BO37: =IF(BK36="","",BK36) -> 1 | BP37: =IF(BL36="","",BL36) -> 1 | BQ37: =IF(BM36="","",BM36) -> 1 | BS37: =IF(BK35="","",BK35) -> 1 | BT37: =IF(BL35="","",BL35) -> 1 | BU37: =IF(BM35="","",BM35) -> 1 | BW37: =IF(W37="","",VLOOKUP('Regular Symbol'!W37,'Regular Symbol'!$O$3:$T$13,6,0)) -> 5 | BX37: =IF(X37="","",VLOOKUP('Regular Symbol'!X37,'Regular Symbol'!$O$3:$T$13,6,0)) -> 2 | BY37: =IF(Y37="","",VLOOKUP('Regular Symbol'!Y37,'Regular Symbol'!$O$3:$T$13,6,0)) -> 6 | CA37: =IF(W37<>"", VLOOKUP(W37,$O$3:$P$13,2,0), "") -> K | CB37: =IF(X37<>"", VLOOKUP(X37,$O$3:$P$13,2,0), "") -> M2 | CC37: =IF(Y37<>"", VLOOKUP(Y37,$O$3:$P$13,2,0), "") -> Q
V38: 35 | W38: M1 | X38: M2 | Y38: Q | AA38: 1 | AB38: 1 | AC38: 1 | AE38: =IF(AA37="","",AA37) -> 1 | AF38: =IF(AB37="","",AB37) -> 1 | AG38: =IF(AC37="","",AC37) -> 1 | AI38: =IF(AA36="","",AA36) -> 1 | AJ38: =IF(AB36="","",AB36) -> 1 | AK38: =IF(AC36="","",AC36) -> 1 | AM38: 1 | AN38: 1 | AO38: 1 | AQ38: =IF(AM37="","",AM37) -> 1 | AR38: =IF(AN37="","",AN37) -> 1 | AS38: =IF(AO37="","",AO37) -> 1 | AU38: =IF(AM36="","",AM36) -> 1 | AV38: =IF(AN36="","",AN36) -> 1 | AW38: =IF(AO36="","",AO36) -> 1 | AY38: 1 | AZ38: 1 | BA38: 1 | BC38: =IF(AY37="","",AY37) -> 1 | BD38: =IF(AZ37="","",AZ37) -> 1 | BE38: =IF(BA37="","",BA37) -> 1 | BG38: =IF(AY36="","",AY36) -> 1 | BH38: =IF(AZ36="","",AZ36) -> 1 | BI38: =IF(BA36="","",BA36) -> 1 | BK38: 1 | BL38: 1 | BM38: 1 | BO38: =IF(BK37="","",BK37) -> 1 | BP38: =IF(BL37="","",BL37) -> 1 | BQ38: =IF(BM37="","",BM37) -> 1 | BS38: =IF(BK36="","",BK36) -> 1 | BT38: =IF(BL36="","",BL36) -> 1 | BU38: =IF(BM36="","",BM36) -> 1 | BW38: =IF(W38="","",VLOOKUP('Regular Symbol'!W38,'Regular Symbol'!$O$3:$T$13,6,0)) -> 1 | BX38: =IF(X38="","",VLOOKUP('Regular Symbol'!X38,'Regular Symbol'!$O$3:$T$13,6,0)) -> 2 | BY38: =IF(Y38="","",VLOOKUP('Regular Symbol'!Y38,'Regular Symbol'!$O$3:$T$13,6,0)) -> 6 | CA38: =IF(W38<>"", VLOOKUP(W38,$O$3:$P$13,2,0), "") -> M1 | CB38: =IF(X38<>"", VLOOKUP(X38,$O$3:$P$13,2,0), "") -> M2 | CC38: =IF(Y38<>"", VLOOKUP(Y38,$O$3:$P$13,2,0), "") -> Q
V39: 36 | W39: M1 | X39: K | Y39: Q | AA39: 1 | AB39: 1 | AC39: 1 | AE39: =IF(AA38="","",AA38) -> 1 | AF39: =IF(AB38="","",AB38) -> 1 | AG39: =IF(AC38="","",AC38) -> 1 | AI39: =IF(AA37="","",AA37) -> 1 | AJ39: =IF(AB37="","",AB37) -> 1 | AK39: =IF(AC37="","",AC37) -> 1 | AM39: 1 | AN39: 1 | AO39: 1 | AQ39: =IF(AM38="","",AM38) -> 1 | AR39: =IF(AN38="","",AN38) -> 1 | AS39: =IF(AO38="","",AO38) -> 1 | AU39: =IF(AM37="","",AM37) -> 1 | AV39: =IF(AN37="","",AN37) -> 1 | AW39: =IF(AO37="","",AO37) -> 1 | AY39: 1 | AZ39: 1 | BA39: 1 | BC39: =IF(AY38="","",AY38) -> 1 | BD39: =IF(AZ38="","",AZ38) -> 1 | BE39: =IF(BA38="","",BA38) -> 1 | BG39: =IF(AY37="","",AY37) -> 1 | BH39: =IF(AZ37="","",AZ37) -> 1 | BI39: =IF(BA37="","",BA37) -> 1 | BK39: 1 | BL39: 1 | BM39: 1 | BO39: =IF(BK38="","",BK38) -> 1 | BP39: =IF(BL38="","",BL38) -> 1 | BQ39: =IF(BM38="","",BM38) -> 1 | BS39: =IF(BK37="","",BK37) -> 1 | BT39: =IF(BL37="","",BL37) -> 1 | BU39: =IF(BM37="","",BM37) -> 1 | BW39: =IF(W39="","",VLOOKUP('Regular Symbol'!W39,'Regular Symbol'!$O$3:$T$13,6,0)) -> 1 | BX39: =IF(X39="","",VLOOKUP('Regular Symbol'!X39,'Regular Symbol'!$O$3:$T$13,6,0)) -> 5 | BY39: =IF(Y39="","",VLOOKUP('Regular Symbol'!Y39,'Regular Symbol'!$O$3:$T$13,6,0)) -> 6 | CA39: =IF(W39<>"", VLOOKUP(W39,$O$3:$P$13,2,0), "") -> M1 | CB39: =IF(X39<>"", VLOOKUP(X39,$O$3:$P$13,2,0), "") -> K | CC39: =IF(Y39<>"", VLOOKUP(Y39,$O$3:$P$13,2,0), "") -> Q
A40: Total | C40: =SUM(C29:C39) -> 123 | D40: =SUM(D29:D39) -> 209 | E40: =SUM(E29:E39) -> 203 | H40: Total | J40: =SUM(J29:J39) -> 123 | K40: =SUM(K29:K39) -> 209 | L40: =SUM(L29:L39) -> 203 | O40: Total | Q40: =SUM(Q29:Q39) -> 123 | R40: =SUM(R29:R39) -> 209 | S40: =SUM(S29:S39) -> 203 | V40: 37 | W40: J | X40: K | Y40: Q | AA40: 1 | AB40: 1 | AC40: 1 | AE40: =IF(AA39="","",AA39) -> 1 | AF40: =IF(AB39="","",AB39) -> 1 | AG40: =IF(AC39="","",AC39) -> 1 | AI40: =IF(AA38="","",AA38) -> 1 | AJ40: =IF(AB38="","",AB38) -> 1 | AK40: =IF(AC38="","",AC38) -> 1 | AM40: 1 | AN40: 1 | AO40: 1 | AQ40: =IF(AM39="","",AM39) -> 1 | AR40: =IF(AN39="","",AN39) -> 1 | AS40: =IF(AO39="","",AO39) -> 1 | AU40: =IF(AM38="","",AM38) -> 1 | AV40: =IF(AN38="","",AN38) -> 1 | AW40: =IF(AO38="","",AO38) -> 1 | AY40: 1 | AZ40: 1 | BA40: 1 | BC40: =IF(AY39="","",AY39) -> 1 | BD40: =IF(AZ39="","",AZ39) -> 1 | BE40: =IF(BA39="","",BA39) -> 1 | BG40: =IF(AY38="","",AY38) -> 1 | BH40: =IF(AZ38="","",AZ38) -> 1 | BI40: =IF(BA38="","",BA38) -> 1 | BK40: 1 | BL40: 1 | BM40: 1 | BO40: =IF(BK39="","",BK39) -> 1 | BP40: =IF(BL39="","",BL39) -> 1 | BQ40: =IF(BM39="","",BM39) -> 1 | BS40: =IF(BK38="","",BK38) -> 1 | BT40: =IF(BL38="","",BL38) -> 1 | BU40: =IF(BM38="","",BM38) -> 1 | BW40: =IF(W40="","",VLOOKUP('Regular Symbol'!W40,'Regular Symbol'!$O$3:$T$13,6,0)) -> 7 | BX40: =IF(X40="","",VLOOKUP('Regular Symbol'!X40,'Regular Symbol'!$O$3:$T$13,6,0)) -> 5 | BY40: =IF(Y40="","",VLOOKUP('Regular Symbol'!Y40,'Regular Symbol'!$O$3:$T$13,6,0)) -> 6 | CA40: =IF(W40<>"", VLOOKUP(W40,$O$3:$P$13,2,0), "") -> J | CB40: =IF(X40<>"", VLOOKUP(X40,$O$3:$P$13,2,0), "") -> K | CC40: =IF(Y40<>"", VLOOKUP(Y40,$O$3:$P$13,2,0), "") -> Q
V41: 38 | W41: J | X41: M1 | Y41: A | AA41: 1 | AB41: 1 | AC41: 1 | AE41: =IF(AA40="","",AA40) -> 1 | AF41: =IF(AB40="","",AB40) -> 1 | AG41: =IF(AC40="","",AC40) -> 1 | AI41: =IF(AA39="","",AA39) -> 1 | AJ41: =IF(AB39="","",AB39) -> 1 | AK41: =IF(AC39="","",AC39) -> 1 | AM41: 1 | AN41: 1 | AO41: 1 | AQ41: =IF(AM40="","",AM40) -> 1 | AR41: =IF(AN40="","",AN40) -> 1 | AS41: =IF(AO40="","",AO40) -> 1 | AU41: =IF(AM39="","",AM39) -> 1 | AV41: =IF(AN39="","",AN39) -> 1 | AW41: =IF(AO39="","",AO39) -> 1 | AY41: 1 | AZ41: 1 | BA41: 1 | BC41: =IF(AY40="","",AY40) -> 1 | BD41: =IF(AZ40="","",AZ40) -> 1 | BE41: =IF(BA40="","",BA40) -> 1 | BG41: =IF(AY39="","",AY39) -> 1 | BH41: =IF(AZ39="","",AZ39) -> 1 | BI41: =IF(BA39="","",BA39) -> 1 | BK41: 1 | BL41: 1 | BM41: 1 | BO41: =IF(BK40="","",BK40) -> 1 | BP41: =IF(BL40="","",BL40) -> 1 | BQ41: =IF(BM40="","",BM40) -> 1 | BS41: =IF(BK39="","",BK39) -> 1 | BT41: =IF(BL39="","",BL39) -> 1 | BU41: =IF(BM39="","",BM39) -> 1 | BW41: =IF(W41="","",VLOOKUP('Regular Symbol'!W41,'Regular Symbol'!$O$3:$T$13,6,0)) -> 7 | BX41: =IF(X41="","",VLOOKUP('Regular Symbol'!X41,'Regular Symbol'!$O$3:$T$13,6,0)) -> 1 | BY41: =IF(Y41="","",VLOOKUP('Regular Symbol'!Y41,'Regular Symbol'!$O$3:$T$13,6,0)) -> 4 | CA41: =IF(W41<>"", VLOOKUP(W41,$O$3:$P$13,2,0), "") -> J | CB41: =IF(X41<>"", VLOOKUP(X41,$O$3:$P$13,2,0), "") -> M1 | CC41: =IF(Y41<>"", VLOOKUP(Y41,$O$3:$P$13,2,0), "") -> A
A42: Special Include Symbols | H42: Special Include Symbols | O42: Special Include Symbols | V42: 39 | W42: M2 | X42: M1 | Y42: A | AA42: 1 | AB42: 1 | AC42: 1 | AE42: =IF(AA41="","",AA41) -> 1 | AF42: =IF(AB41="","",AB41) -> 1 | AG42: =IF(AC41="","",AC41) -> 1 | AI42: =IF(AA40="","",AA40) -> 1 | AJ42: =IF(AB40="","",AB40) -> 1 | AK42: =IF(AC40="","",AC40) -> 1 | AM42: 1 | AN42: 1 | AO42: 1 | AQ42: =IF(AM41="","",AM41) -> 1 | AR42: =IF(AN41="","",AN41) -> 1 | AS42: =IF(AO41="","",AO41) -> 1 | AU42: =IF(AM40="","",AM40) -> 1 | AV42: =IF(AN40="","",AN40) -> 1 | AW42: =IF(AO40="","",AO40) -> 1 | AY42: 1 | AZ42: 1 | BA42: 1 | BC42: =IF(AY41="","",AY41) -> 1 | BD42: =IF(AZ41="","",AZ41) -> 1 | BE42: =IF(BA41="","",BA41) -> 1 | BG42: =IF(AY40="","",AY40) -> 1 | BH42: =IF(AZ40="","",AZ40) -> 1 | BI42: =IF(BA40="","",BA40) -> 1 | BK42: 1 | BL42: 1 | BM42: 1 | BO42: =IF(BK41="","",BK41) -> 1 | BP42: =IF(BL41="","",BL41) -> 1 | BQ42: =IF(BM41="","",BM41) -> 1 | BS42: =IF(BK40="","",BK40) -> 1 | BT42: =IF(BL40="","",BL40) -> 1 | BU42: =IF(BM40="","",BM40) -> 1 | BW42: =IF(W42="","",VLOOKUP('Regular Symbol'!W42,'Regular Symbol'!$O$3:$T$13,6,0)) -> 2 | BX42: =IF(X42="","",VLOOKUP('Regular Symbol'!X42,'Regular Symbol'!$O$3:$T$13,6,0)) -> 1 | BY42: =IF(Y42="","",VLOOKUP('Regular Symbol'!Y42,'Regular Symbol'!$O$3:$T$13,6,0)) -> 4 | CA42: =IF(W42<>"", VLOOKUP(W42,$O$3:$P$13,2,0), "") -> M2 | CB42: =IF(X42<>"", VLOOKUP(X42,$O$3:$P$13,2,0), "") -> M1 | CC42: =IF(Y42<>"", VLOOKUP(Y42,$O$3:$P$13,2,0), "") -> A
A43: Symbol | B43: Is Any Of These | C43: R1 | D43: R2 | E43: R3 | H43: Symbol | I43: Is Any Of These | J43: R1 | K43: R2 | L43: R3 | O43: Symbol | P43: Is Any Of These | Q43: R1 | R43: R2 | S43: R3 | V43: 40 | W43: M2 | X43: M1 | Y43: J | AA43: 1 | AB43: 1 | AC43: 1 | AE43: =IF(AA42="","",AA42) -> 1 | AF43: =IF(AB42="","",AB42) -> 1 | AG43: =IF(AC42="","",AC42) -> 1 | AI43: =IF(AA41="","",AA41) -> 1 | AJ43: =IF(AB41="","",AB41) -> 1 | AK43: =IF(AC41="","",AC41) -> 1 | AM43: 1 | AN43: 1 | AO43: 1 | AQ43: =IF(AM42="","",AM42) -> 1 | AR43: =IF(AN42="","",AN42) -> 1 | AS43: =IF(AO42="","",AO42) -> 1 | AU43: =IF(AM41="","",AM41) -> 1 | AV43: =IF(AN41="","",AN41) -> 1 | AW43: =IF(AO41="","",AO41) -> 1 | AY43: 1 | AZ43: 1 | BA43: 1 | BC43: =IF(AY42="","",AY42) -> 1 | BD43: =IF(AZ42="","",AZ42) -> 1 | BE43: =IF(BA42="","",BA42) -> 1 | BG43: =IF(AY41="","",AY41) -> 1 | BH43: =IF(AZ41="","",AZ41) -> 1 | BI43: =IF(BA41="","",BA41) -> 1 | BK43: 1 | BL43: 1 | BM43: 1 | BO43: =IF(BK42="","",BK42) -> 1 | BP43: =IF(BL42="","",BL42) -> 1 | BQ43: =IF(BM42="","",BM42) -> 1 | BS43: =IF(BK41="","",BK41) -> 1 | BT43: =IF(BL41="","",BL41) -> 1 | BU43: =IF(BM41="","",BM41) -> 1 | BW43: =IF(W43="","",VLOOKUP('Regular Symbol'!W43,'Regular Symbol'!$O$3:$T$13,6,0)) -> 2 | BX43: =IF(X43="","",VLOOKUP('Regular Symbol'!X43,'Regular Symbol'!$O$3:$T$13,6,0)) -> 1 | BY43: =IF(Y43="","",VLOOKUP('Regular Symbol'!Y43,'Regular Symbol'!$O$3:$T$13,6,0)) -> 7 | CA43: =IF(W43<>"", VLOOKUP(W43,$O$3:$P$13,2,0), "") -> M2 | CB43: =IF(X43<>"", VLOOKUP(X43,$O$3:$P$13,2,0), "") -> M1 | CC43: =IF(Y43<>"", VLOOKUP(Y43,$O$3:$P$13,2,0), "") -> J
A44: -- | B44: WW,C1,M1,M2,M3,M4,A,K,Q,J,TE,NI | C44: =SUM(C29:C39) -> 123 | D44: =SUM(D29:D39) -> 209 | E44: =SUM(E29:E39) -> 203 | H44: {=A44:B51} -> -- | I44: WW,C1,M1,M2,M3,M4,A,K,Q,J,TE,NI | J44: =SUM(J29:J39) -> 123 | K44: =SUM(K29:K39) -> 209 | L44: =SUM(L29:L39) -> 203 | O44: {=_xlfn.ANCHORARRAY(H44)} -> -- | P44: WW,C1,M1,M2,M3,M4,A,K,Q,J,TE,NI | Q44: =SUM(Q29:Q39) -> 123 | R44: =SUM(R29:R39) -> 209 | S44: =SUM(S29:S39) -> 203 | V44: 41 | W44: Q | X44: J | Y44: J | AA44: 1 | AB44: 1 | AC44: 1 | AE44: =IF(AA43="","",AA43) -> 1 | AF44: =IF(AB43="","",AB43) -> 1 | AG44: =IF(AC43="","",AC43) -> 1 | AI44: =IF(AA42="","",AA42) -> 1 | AJ44: =IF(AB42="","",AB42) -> 1 | AK44: =IF(AC42="","",AC42) -> 1 | AM44: 1 | AN44: 1 | AO44: 1 | AQ44: =IF(AM43="","",AM43) -> 1 | AR44: =IF(AN43="","",AN43) -> 1 | AS44: =IF(AO43="","",AO43) -> 1 | AU44: =IF(AM42="","",AM42) -> 1 | AV44: =IF(AN42="","",AN42) -> 1 | AW44: =IF(AO42="","",AO42) -> 1 | AY44: 1 | AZ44: 1 | BA44: 1 | BC44: =IF(AY43="","",AY43) -> 1 | BD44: =IF(AZ43="","",AZ43) -> 1 | BE44: =IF(BA43="","",BA43) -> 1 | BG44: =IF(AY42="","",AY42) -> 1 | BH44: =IF(AZ42="","",AZ42) -> 1 | BI44: =IF(BA42="","",BA42) -> 1 | BK44: 1 | BL44: 1 | BM44: 1 | BO44: =IF(BK43="","",BK43) -> 1 | BP44: =IF(BL43="","",BL43) -> 1 | BQ44: =IF(BM43="","",BM43) -> 1 | BS44: =IF(BK42="","",BK42) -> 1 | BT44: =IF(BL42="","",BL42) -> 1 | BU44: =IF(BM42="","",BM42) -> 1 | BW44: =IF(W44="","",VLOOKUP('Regular Symbol'!W44,'Regular Symbol'!$O$3:$T$13,6,0)) -> 6 | BX44: =IF(X44="","",VLOOKUP('Regular Symbol'!X44,'Regular Symbol'!$O$3:$T$13,6,0)) -> 7 | BY44: =IF(Y44="","",VLOOKUP('Regular Symbol'!Y44,'Regular Symbol'!$O$3:$T$13,6,0)) -> 7 | CA44: =IF(W44<>"", VLOOKUP(W44,$O$3:$P$13,2,0), "") -> Q | CB44: =IF(X44<>"", VLOOKUP(X44,$O$3:$P$13,2,0), "") -> J | CC44: =IF(Y44<>"", VLOOKUP(Y44,$O$3:$P$13,2,0), "") -> J
A45: W1 | B45: WW,M1 | C45: =C$3+C$4 -> 23 | D45: =D$3+D$4 -> 45 | E45: =E$3+E$4 -> 44 | H45: W1 | I45: WW,M1 | J45: =J$3+J$4 -> 23 | K45: =K$3+K$4 -> 45 | L45: =L$3+L$4 -> 44 | O45: W1 | P45: WW,M1 | Q45: =Q$3+Q$4 -> 23 | R45: =R$3+R$4 -> 45 | S45: =S$3+S$4 -> 44 | V45: 42 | W45: Q | X45: J | Y45: J | AA45: 1 | AB45: 1 | AC45: 1 | AE45: =IF(AA44="","",AA44) -> 1 | AF45: =IF(AB44="","",AB44) -> 1 | AG45: =IF(AC44="","",AC44) -> 1 | AI45: =IF(AA43="","",AA43) -> 1 | AJ45: =IF(AB43="","",AB43) -> 1 | AK45: =IF(AC43="","",AC43) -> 1 | AM45: 1 | AN45: 1 | AO45: 1 | AQ45: =IF(AM44="","",AM44) -> 1 | AR45: =IF(AN44="","",AN44) -> 1 | AS45: =IF(AO44="","",AO44) -> 1 | AU45: =IF(AM43="","",AM43) -> 1 | AV45: =IF(AN43="","",AN43) -> 1 | AW45: =IF(AO43="","",AO43) -> 1 | AY45: 1 | AZ45: 1 | BA45: 1 | BC45: =IF(AY44="","",AY44) -> 1 | BD45: =IF(AZ44="","",AZ44) -> 1 | BE45: =IF(BA44="","",BA44) -> 1 | BG45: =IF(AY43="","",AY43) -> 1 | BH45: =IF(AZ43="","",AZ43) -> 1 | BI45: =IF(BA43="","",BA43) -> 1 | BK45: 1 | BL45: 1 | BM45: 1 | BO45: =IF(BK44="","",BK44) -> 1 | BP45: =IF(BL44="","",BL44) -> 1 | BQ45: =IF(BM44="","",BM44) -> 1 | BS45: =IF(BK43="","",BK43) -> 1 | BT45: =IF(BL43="","",BL43) -> 1 | BU45: =IF(BM43="","",BM43) -> 1 | BW45: =IF(W45="","",VLOOKUP('Regular Symbol'!W45,'Regular Symbol'!$O$3:$T$13,6,0)) -> 6 | BX45: =IF(X45="","",VLOOKUP('Regular Symbol'!X45,'Regular Symbol'!$O$3:$T$13,6,0)) -> 7 | BY45: =IF(Y45="","",VLOOKUP('Regular Symbol'!Y45,'Regular Symbol'!$O$3:$T$13,6,0)) -> 7 | CA45: =IF(W45<>"", VLOOKUP(W45,$O$3:$P$13,2,0), "") -> Q | CB45: =IF(X45<>"", VLOOKUP(X45,$O$3:$P$13,2,0), "") -> J | CC45: =IF(Y45<>"", VLOOKUP(Y45,$O$3:$P$13,2,0), "") -> J
A46: W2 | B46: WW,M2 | C46: =C$3+C$5 -> 22 | D46: =D$3+D$5 -> 47 | E46: =E$3+E$5 -> 48 | H46: W2 | I46: WW,M2 | J46: =J$3+J$5 -> 22 | K46: =K$3+K$5 -> 47 | L46: =L$3+L$5 -> 48 | O46: W2 | P46: WW,M2 | Q46: =Q$3+Q$5 -> 22 | R46: =R$3+R$5 -> 47 | S46: =S$3+S$5 -> 48 | V46: 43 | W46: Q | X46: J | Y46: M3 | AA46: 1 | AB46: 1 | AC46: 1 | AE46: =IF(AA45="","",AA45) -> 1 | AF46: =IF(AB45="","",AB45) -> 1 | AG46: =IF(AC45="","",AC45) -> 1 | AI46: =IF(AA44="","",AA44) -> 1 | AJ46: =IF(AB44="","",AB44) -> 1 | AK46: =IF(AC44="","",AC44) -> 1 | AM46: 1 | AN46: 1 | AO46: 1 | AQ46: =IF(AM45="","",AM45) -> 1 | AR46: =IF(AN45="","",AN45) -> 1 | AS46: =IF(AO45="","",AO45) -> 1 | AU46: =IF(AM44="","",AM44) -> 1 | AV46: =IF(AN44="","",AN44) -> 1 | AW46: =IF(AO44="","",AO44) -> 1 | AY46: 1 | AZ46: 1 | BA46: 1 | BC46: =IF(AY45="","",AY45) -> 1 | BD46: =IF(AZ45="","",AZ45) -> 1 | BE46: =IF(BA45="","",BA45) -> 1 | BG46: =IF(AY44="","",AY44) -> 1 | BH46: =IF(AZ44="","",AZ44) -> 1 | BI46: =IF(BA44="","",BA44) -> 1 | BK46: 1 | BL46: 1 | BM46: 1 | BO46: =IF(BK45="","",BK45) -> 1 | BP46: =IF(BL45="","",BL45) -> 1 | BQ46: =IF(BM45="","",BM45) -> 1 | BS46: =IF(BK44="","",BK44) -> 1 | BT46: =IF(BL44="","",BL44) -> 1 | BU46: =IF(BM44="","",BM44) -> 1 | BW46: =IF(W46="","",VLOOKUP('Regular Symbol'!W46,'Regular Symbol'!$O$3:$T$13,6,0)) -> 6 | BX46: =IF(X46="","",VLOOKUP('Regular Symbol'!X46,'Regular Symbol'!$O$3:$T$13,6,0)) -> 7 | BY46: =IF(Y46="","",VLOOKUP('Regular Symbol'!Y46,'Regular Symbol'!$O$3:$T$13,6,0)) -> 3 | CA46: =IF(W46<>"", VLOOKUP(W46,$O$3:$P$13,2,0), "") -> Q | CB46: =IF(X46<>"", VLOOKUP(X46,$O$3:$P$13,2,0), "") -> J | CC46: =IF(Y46<>"", VLOOKUP(Y46,$O$3:$P$13,2,0), "") -> M3
A47: W3 | B47: WW,M3 | C47: =C$3+C$6 -> 23 | D47: =D$3+D$6 -> 46 | E47: =E$3+E$6 -> 49 | H47: W3 | I47: WW,M3 | J47: =J$3+J$6 -> 23 | K47: =K$3+K$6 -> 46 | L47: =L$3+L$6 -> 49 | O47: W3 | P47: WW,M3 | Q47: =Q$3+Q$6 -> 23 | R47: =R$3+R$6 -> 46 | S47: =S$3+S$6 -> 49 | V47: 44 | W47: K | X47: M3 | Y47: M3 | AA47: 1 | AB47: 1 | AC47: 1 | AE47: =IF(AA46="","",AA46) -> 1 | AF47: =IF(AB46="","",AB46) -> 1 | AG47: =IF(AC46="","",AC46) -> 1 | AI47: =IF(AA45="","",AA45) -> 1 | AJ47: =IF(AB45="","",AB45) -> 1 | AK47: =IF(AC45="","",AC45) -> 1 | AM47: 1 | AN47: 1 | AO47: 1 | AQ47: =IF(AM46="","",AM46) -> 1 | AR47: =IF(AN46="","",AN46) -> 1 | AS47: =IF(AO46="","",AO46) -> 1 | AU47: =IF(AM45="","",AM45) -> 1 | AV47: =IF(AN45="","",AN45) -> 1 | AW47: =IF(AO45="","",AO45) -> 1 | AY47: 1 | AZ47: 1 | BA47: 1 | BC47: =IF(AY46="","",AY46) -> 1 | BD47: =IF(AZ46="","",AZ46) -> 1 | BE47: =IF(BA46="","",BA46) -> 1 | BG47: =IF(AY45="","",AY45) -> 1 | BH47: =IF(AZ45="","",AZ45) -> 1 | BI47: =IF(BA45="","",BA45) -> 1 | BK47: 1 | BL47: 1 | BM47: 1 | BO47: =IF(BK46="","",BK46) -> 1 | BP47: =IF(BL46="","",BL46) -> 1 | BQ47: =IF(BM46="","",BM46) -> 1 | BS47: =IF(BK45="","",BK45) -> 1 | BT47: =IF(BL45="","",BL45) -> 1 | BU47: =IF(BM45="","",BM45) -> 1 | BW47: =IF(W47="","",VLOOKUP('Regular Symbol'!W47,'Regular Symbol'!$O$3:$T$13,6,0)) -> 5 | BX47: =IF(X47="","",VLOOKUP('Regular Symbol'!X47,'Regular Symbol'!$O$3:$T$13,6,0)) -> 3 | BY47: =IF(Y47="","",VLOOKUP('Regular Symbol'!Y47,'Regular Symbol'!$O$3:$T$13,6,0)) -> 3 | CA47: =IF(W47<>"", VLOOKUP(W47,$O$3:$P$13,2,0), "") -> K | CB47: =IF(X47<>"", VLOOKUP(X47,$O$3:$P$13,2,0), "") -> M3 | CC47: =IF(Y47<>"", VLOOKUP(Y47,$O$3:$P$13,2,0), "") -> M3
A48: WA | B48: WW,A | C48: =C$3+C$7 -> 27 | D48: =D$3+D$7 -> 51 | E48: =E$3+E$7 -> 44 | H48: WA | I48: WW,A | J48: =J$3+J$7 -> 27 | K48: =K$3+K$7 -> 51 | L48: =L$3+L$7 -> 44 | O48: WA | P48: WW,A | Q48: =Q$3+Q$7 -> 27 | R48: =R$3+R$7 -> 51 | S48: =S$3+S$7 -> 44 | V48: 45 | W48: M1 | X48: M3 | Y48: Q | AA48: 1 | AB48: 1 | AC48: 1 | AE48: =IF(AA47="","",AA47) -> 1 | AF48: =IF(AB47="","",AB47) -> 1 | AG48: =IF(AC47="","",AC47) -> 1 | AI48: =IF(AA46="","",AA46) -> 1 | AJ48: =IF(AB46="","",AB46) -> 1 | AK48: =IF(AC46="","",AC46) -> 1 | AM48: 1 | AN48: 1 | AO48: 1 | AQ48: =IF(AM47="","",AM47) -> 1 | AR48: =IF(AN47="","",AN47) -> 1 | AS48: =IF(AO47="","",AO47) -> 1 | AU48: =IF(AM46="","",AM46) -> 1 | AV48: =IF(AN46="","",AN46) -> 1 | AW48: =IF(AO46="","",AO46) -> 1 | AY48: 1 | AZ48: 1 | BA48: 1 | BC48: =IF(AY47="","",AY47) -> 1 | BD48: =IF(AZ47="","",AZ47) -> 1 | BE48: =IF(BA47="","",BA47) -> 1 | BG48: =IF(AY46="","",AY46) -> 1 | BH48: =IF(AZ46="","",AZ46) -> 1 | BI48: =IF(BA46="","",BA46) -> 1 | BK48: 1 | BL48: 1 | BM48: 1 | BO48: =IF(BK47="","",BK47) -> 1 | BP48: =IF(BL47="","",BL47) -> 1 | BQ48: =IF(BM47="","",BM47) -> 1 | BS48: =IF(BK46="","",BK46) -> 1 | BT48: =IF(BL46="","",BL46) -> 1 | BU48: =IF(BM46="","",BM46) -> 1 | BW48: =IF(W48="","",VLOOKUP('Regular Symbol'!W48,'Regular Symbol'!$O$3:$T$13,6,0)) -> 1 | BX48: =IF(X48="","",VLOOKUP('Regular Symbol'!X48,'Regular Symbol'!$O$3:$T$13,6,0)) -> 3 | BY48: =IF(Y48="","",VLOOKUP('Regular Symbol'!Y48,'Regular Symbol'!$O$3:$T$13,6,0)) -> 6 | CA48: =IF(W48<>"", VLOOKUP(W48,$O$3:$P$13,2,0), "") -> M1 | CB48: =IF(X48<>"", VLOOKUP(X48,$O$3:$P$13,2,0), "") -> M3 | CC48: =IF(Y48<>"", VLOOKUP(Y48,$O$3:$P$13,2,0), "") -> Q
A49: WK | B49: WW,K | C49: =C$3+C$8 -> 28 | D49: =D$3+D$8 -> 49 | E49: =E$3+E$8 -> 48 | H49: WK | I49: WW,K | J49: =J$3+J$8 -> 28 | K49: =K$3+K$8 -> 49 | L49: =L$3+L$8 -> 48 | O49: WK | P49: WW,K | Q49: =Q$3+Q$8 -> 28 | R49: =R$3+R$8 -> 49 | S49: =S$3+S$8 -> 48 | V49: 46 | W49: M1 | X49: Q | Y49: Q | AA49: 1 | AB49: 1 | AC49: 1 | AE49: =IF(AA48="","",AA48) -> 1 | AF49: =IF(AB48="","",AB48) -> 1 | AG49: =IF(AC48="","",AC48) -> 1 | AI49: =IF(AA47="","",AA47) -> 1 | AJ49: =IF(AB47="","",AB47) -> 1 | AK49: =IF(AC47="","",AC47) -> 1 | AM49: 1 | AN49: 1 | AO49: 1 | AQ49: =IF(AM48="","",AM48) -> 1 | AR49: =IF(AN48="","",AN48) -> 1 | AS49: =IF(AO48="","",AO48) -> 1 | AU49: =IF(AM47="","",AM47) -> 1 | AV49: =IF(AN47="","",AN47) -> 1 | AW49: =IF(AO47="","",AO47) -> 1 | AY49: 1 | AZ49: 1 | BA49: 1 | BC49: =IF(AY48="","",AY48) -> 1 | BD49: =IF(AZ48="","",AZ48) -> 1 | BE49: =IF(BA48="","",BA48) -> 1 | BG49: =IF(AY47="","",AY47) -> 1 | BH49: =IF(AZ47="","",AZ47) -> 1 | BI49: =IF(BA47="","",BA47) -> 1 | BK49: 1 | BL49: 1 | BM49: 1 | BO49: =IF(BK48="","",BK48) -> 1 | BP49: =IF(BL48="","",BL48) -> 1 | BQ49: =IF(BM48="","",BM48) -> 1 | BS49: =IF(BK47="","",BK47) -> 1 | BT49: =IF(BL47="","",BL47) -> 1 | BU49: =IF(BM47="","",BM47) -> 1 | BW49: =IF(W49="","",VLOOKUP('Regular Symbol'!W49,'Regular Symbol'!$O$3:$T$13,6,0)) -> 1 | BX49: =IF(X49="","",VLOOKUP('Regular Symbol'!X49,'Regular Symbol'!$O$3:$T$13,6,0)) -> 6 | BY49: =IF(Y49="","",VLOOKUP('Regular Symbol'!Y49,'Regular Symbol'!$O$3:$T$13,6,0)) -> 6 | CA49: =IF(W49<>"", VLOOKUP(W49,$O$3:$P$13,2,0), "") -> M1 | CB49: =IF(X49<>"", VLOOKUP(X49,$O$3:$P$13,2,0), "") -> Q | CC49: =IF(Y49<>"", VLOOKUP(Y49,$O$3:$P$13,2,0), "") -> Q
A50: WQ | B50: WW,Q | C50: =C$3+C$9 -> 26 | D50: =D$3+D$9 -> 50 | E50: =E$3+E$9 -> 48 | H50: WQ | I50: WW,Q | J50: =J$3+J$9 -> 26 | K50: =K$3+K$9 -> 50 | L50: =L$3+L$9 -> 48 | O50: WQ | P50: WW,Q | Q50: =Q$3+Q$9 -> 26 | R50: =R$3+R$9 -> 50 | S50: =S$3+S$9 -> 48 | V50: 47 | W50: M1 | X50: Q | Y50: Q | AA50: 1 | AB50: 1 | AC50: 1 | AE50: =IF(AA49="","",AA49) -> 1 | AF50: =IF(AB49="","",AB49) -> 1 | AG50: =IF(AC49="","",AC49) -> 1 | AI50: =IF(AA48="","",AA48) -> 1 | AJ50: =IF(AB48="","",AB48) -> 1 | AK50: =IF(AC48="","",AC48) -> 1 | AM50: 1 | AN50: 1 | AO50: 1 | AQ50: =IF(AM49="","",AM49) -> 1 | AR50: =IF(AN49="","",AN49) -> 1 | AS50: =IF(AO49="","",AO49) -> 1 | AU50: =IF(AM48="","",AM48) -> 1 | AV50: =IF(AN48="","",AN48) -> 1 | AW50: =IF(AO48="","",AO48) -> 1 | AY50: 1 | AZ50: 1 | BA50: 1 | BC50: =IF(AY49="","",AY49) -> 1 | BD50: =IF(AZ49="","",AZ49) -> 1 | BE50: =IF(BA49="","",BA49) -> 1 | BG50: =IF(AY48="","",AY48) -> 1 | BH50: =IF(AZ48="","",AZ48) -> 1 | BI50: =IF(BA48="","",BA48) -> 1 | BK50: 1 | BL50: 1 | BM50: 1 | BO50: =IF(BK49="","",BK49) -> 1 | BP50: =IF(BL49="","",BL49) -> 1 | BQ50: =IF(BM49="","",BM49) -> 1 | BS50: =IF(BK48="","",BK48) -> 1 | BT50: =IF(BL48="","",BL48) -> 1 | BU50: =IF(BM48="","",BM48) -> 1 | BW50: =IF(W50="","",VLOOKUP('Regular Symbol'!W50,'Regular Symbol'!$O$3:$T$13,6,0)) -> 1 | BX50: =IF(X50="","",VLOOKUP('Regular Symbol'!X50,'Regular Symbol'!$O$3:$T$13,6,0)) -> 6 | BY50: =IF(Y50="","",VLOOKUP('Regular Symbol'!Y50,'Regular Symbol'!$O$3:$T$13,6,0)) -> 6 | CA50: =IF(W50<>"", VLOOKUP(W50,$O$3:$P$13,2,0), "") -> M1 | CB50: =IF(X50<>"", VLOOKUP(X50,$O$3:$P$13,2,0), "") -> Q | CC50: =IF(Y50<>"", VLOOKUP(Y50,$O$3:$P$13,2,0), "") -> Q
A51: WJ | B51: WW,J | C51: =C$3+C$10 -> 28 | D51: =D$3+D$10 -> 47 | E51: =E$3+E$10 -> 48 | H51: WJ | I51: WW,J | J51: =J$3+J$10 -> 28 | K51: =K$3+K$10 -> 47 | L51: =L$3+L$10 -> 48 | O51: WJ | P51: WW,J | Q51: =Q$3+Q$10 -> 28 | R51: =R$3+R$10 -> 47 | S51: =S$3+S$10 -> 48 | V51: 48 | W51: J | X51: K | Y51: M2 | AA51: 1 | AB51: 1 | AC51: 1 | AE51: =IF(AA50="","",AA50) -> 1 | AF51: =IF(AB50="","",AB50) -> 1 | AG51: =IF(AC50="","",AC50) -> 1 | AI51: =IF(AA49="","",AA49) -> 1 | AJ51: =IF(AB49="","",AB49) -> 1 | AK51: =IF(AC49="","",AC49) -> 1 | AM51: 1 | AN51: 1 | AO51: 1 | AQ51: =IF(AM50="","",AM50) -> 1 | AR51: =IF(AN50="","",AN50) -> 1 | AS51: =IF(AO50="","",AO50) -> 1 | AU51: =IF(AM49="","",AM49) -> 1 | AV51: =IF(AN49="","",AN49) -> 1 | AW51: =IF(AO49="","",AO49) -> 1 | AY51: 1 | AZ51: 1 | BA51: 1 | BC51: =IF(AY50="","",AY50) -> 1 | BD51: =IF(AZ50="","",AZ50) -> 1 | BE51: =IF(BA50="","",BA50) -> 1 | BG51: =IF(AY49="","",AY49) -> 1 | BH51: =IF(AZ49="","",AZ49) -> 1 | BI51: =IF(BA49="","",BA49) -> 1 | BK51: 1 | BL51: 1 | BM51: 1 | BO51: =IF(BK50="","",BK50) -> 1 | BP51: =IF(BL50="","",BL50) -> 1 | BQ51: =IF(BM50="","",BM50) -> 1 | BS51: =IF(BK49="","",BK49) -> 1 | BT51: =IF(BL49="","",BL49) -> 1 | BU51: =IF(BM49="","",BM49) -> 1 | BW51: =IF(W51="","",VLOOKUP('Regular Symbol'!W51,'Regular Symbol'!$O$3:$T$13,6,0)) -> 7 | BX51: =IF(X51="","",VLOOKUP('Regular Symbol'!X51,'Regular Symbol'!$O$3:$T$13,6,0)) -> 5 | BY51: =IF(Y51="","",VLOOKUP('Regular Symbol'!Y51,'Regular Symbol'!$O$3:$T$13,6,0)) -> 2 | CA51: =IF(W51<>"", VLOOKUP(W51,$O$3:$P$13,2,0), "") -> J | CB51: =IF(X51<>"", VLOOKUP(X51,$O$3:$P$13,2,0), "") -> K | CC51: =IF(Y51<>"", VLOOKUP(Y51,$O$3:$P$13,2,0), "") -> M2
V52: 49 | W52: J | X52: K | Y52: M2 | AA52: 1 | AB52: 1 | AC52: 1 | AE52: =IF(AA51="","",AA51) -> 1 | AF52: =IF(AB51="","",AB51) -> 1 | AG52: =IF(AC51="","",AC51) -> 1 | AI52: =IF(AA50="","",AA50) -> 1 | AJ52: =IF(AB50="","",AB50) -> 1 | AK52: =IF(AC50="","",AC50) -> 1 | AM52: 1 | AN52: 1 | AO52: 1 | AQ52: =IF(AM51="","",AM51) -> 1 | AR52: =IF(AN51="","",AN51) -> 1 | AS52: =IF(AO51="","",AO51) -> 1 | AU52: =IF(AM50="","",AM50) -> 1 | AV52: =IF(AN50="","",AN50) -> 1 | AW52: =IF(AO50="","",AO50) -> 1 | AY52: 1 | AZ52: 1 | BA52: 1 | BC52: =IF(AY51="","",AY51) -> 1 | BD52: =IF(AZ51="","",AZ51) -> 1 | BE52: =IF(BA51="","",BA51) -> 1 | BG52: =IF(AY50="","",AY50) -> 1 | BH52: =IF(AZ50="","",AZ50) -> 1 | BI52: =IF(BA50="","",BA50) -> 1 | BK52: 1 | BL52: 1 | BM52: 1 | BO52: =IF(BK51="","",BK51) -> 1 | BP52: =IF(BL51="","",BL51) -> 1 | BQ52: =IF(BM51="","",BM51) -> 1 | BS52: =IF(BK50="","",BK50) -> 1 | BT52: =IF(BL50="","",BL50) -> 1 | BU52: =IF(BM50="","",BM50) -> 1 | BW52: =IF(W52="","",VLOOKUP('Regular Symbol'!W52,'Regular Symbol'!$O$3:$T$13,6,0)) -> 7 | BX52: =IF(X52="","",VLOOKUP('Regular Symbol'!X52,'Regular Symbol'!$O$3:$T$13,6,0)) -> 5 | BY52: =IF(Y52="","",VLOOKUP('Regular Symbol'!Y52,'Regular Symbol'!$O$3:$T$13,6,0)) -> 2 | CA52: =IF(W52<>"", VLOOKUP(W52,$O$3:$P$13,2,0), "") -> J | CB52: =IF(X52<>"", VLOOKUP(X52,$O$3:$P$13,2,0), "") -> K | CC52: =IF(Y52<>"", VLOOKUP(Y52,$O$3:$P$13,2,0), "") -> M2
A53: Extra Bet 2 Row 1 | H53: Extra Bet 2 Row 2 | O53: Extra Bet 2 Row 3 | V53: 50 | W53: WW | X53: WW | Y53: M2 | AA53: 1 | AB53: 1 | AC53: 1 | AE53: =IF(AA52="","",AA52) -> 1 | AF53: =IF(AB52="","",AB52) -> 1 | AG53: =IF(AC52="","",AC52) -> 1 | AI53: =IF(AA51="","",AA51) -> 1 | AJ53: =IF(AB51="","",AB51) -> 1 | AK53: =IF(AC51="","",AC51) -> 1 | AM53: 1 | AN53: 1 | AO53: 1 | AQ53: =IF(AM52="","",AM52) -> 1 | AR53: =IF(AN52="","",AN52) -> 1 | AS53: =IF(AO52="","",AO52) -> 1 | AU53: =IF(AM51="","",AM51) -> 1 | AV53: =IF(AN51="","",AN51) -> 1 | AW53: =IF(AO51="","",AO51) -> 1 | AY53: 1 | AZ53: 1 | BA53: 1 | BC53: =IF(AY52="","",AY52) -> 1 | BD53: =IF(AZ52="","",AZ52) -> 1 | BE53: =IF(BA52="","",BA52) -> 1 | BG53: =IF(AY51="","",AY51) -> 1 | BH53: =IF(AZ51="","",AZ51) -> 1 | BI53: =IF(BA51="","",BA51) -> 1 | BK53: 1 | BL53: 1 | BM53: 1 | BO53: =IF(BK52="","",BK52) -> 1 | BP53: =IF(BL52="","",BL52) -> 1 | BQ53: =IF(BM52="","",BM52) -> 1 | BS53: =IF(BK51="","",BK51) -> 1 | BT53: =IF(BL51="","",BL51) -> 1 | BU53: =IF(BM51="","",BM51) -> 1 | BW53: =IF(W53="","",VLOOKUP('Regular Symbol'!W53,'Regular Symbol'!$O$3:$T$13,6,0)) -> 0 | BX53: =IF(X53="","",VLOOKUP('Regular Symbol'!X53,'Regular Symbol'!$O$3:$T$13,6,0)) -> 0 | BY53: =IF(Y53="","",VLOOKUP('Regular Symbol'!Y53,'Regular Symbol'!$O$3:$T$13,6,0)) -> 2 | CA53: =IF(W53<>"", VLOOKUP(W53,$O$3:$P$13,2,0), "") -> Wild | CB53: =IF(X53<>"", VLOOKUP(X53,$O$3:$P$13,2,0), "") -> Wild | CC53: =IF(Y53<>"", VLOOKUP(Y53,$O$3:$P$13,2,0), "") -> M2
A54: Symbol | B54: Symbol Name | C54: R1 | D54: R2 | E54: R3 | F54: ID | H54: Symbol | I54: Symbol Name | J54: R1 | K54: R2 | L54: R3 | M54: ID | O54: Symbol | P54: Symbol Name | Q54: R1 | R54: R2 | S54: R3 | T54: ID | V54: 51 | W54: WW | X54: WW | Y54: M2 | AA54: 1 | AB54: 1 | AC54: 1 | AE54: =IF(AA53="","",AA53) -> 1 | AF54: =IF(AB53="","",AB53) -> 1 | AG54: =IF(AC53="","",AC53) -> 1 | AI54: =IF(AA52="","",AA52) -> 1 | AJ54: =IF(AB52="","",AB52) -> 1 | AK54: =IF(AC52="","",AC52) -> 1 | AM54: 1 | AN54: 1 | AO54: 1 | AQ54: =IF(AM53="","",AM53) -> 1 | AR54: =IF(AN53="","",AN53) -> 1 | AS54: =IF(AO53="","",AO53) -> 1 | AU54: =IF(AM52="","",AM52) -> 1 | AV54: =IF(AN52="","",AN52) -> 1 | AW54: =IF(AO52="","",AO52) -> 1 | AY54: 1 | AZ54: 1 | BA54: 1 | BC54: =IF(AY53="","",AY53) -> 1 | BD54: =IF(AZ53="","",AZ53) -> 1 | BE54: =IF(BA53="","",BA53) -> 1 | BG54: =IF(AY52="","",AY52) -> 1 | BH54: =IF(AZ52="","",AZ52) -> 1 | BI54: =IF(BA52="","",BA52) -> 1 | BK54: 1 | BL54: 1 | BM54: 1 | BO54: =IF(BK53="","",BK53) -> 1 | BP54: =IF(BL53="","",BL53) -> 1 | BQ54: =IF(BM53="","",BM53) -> 1 | BS54: =IF(BK52="","",BK52) -> 1 | BT54: =IF(BL52="","",BL52) -> 1 | BU54: =IF(BM52="","",BM52) -> 1 | BW54: =IF(W54="","",VLOOKUP('Regular Symbol'!W54,'Regular Symbol'!$O$3:$T$13,6,0)) -> 0 | BX54: =IF(X54="","",VLOOKUP('Regular Symbol'!X54,'Regular Symbol'!$O$3:$T$13,6,0)) -> 0 | BY54: =IF(Y54="","",VLOOKUP('Regular Symbol'!Y54,'Regular Symbol'!$O$3:$T$13,6,0)) -> 2 | CA54: =IF(W54<>"", VLOOKUP(W54,$O$3:$P$13,2,0), "") -> Wild | CB54: =IF(X54<>"", VLOOKUP(X54,$O$3:$P$13,2,0), "") -> Wild | CC54: =IF(Y54<>"", VLOOKUP(Y54,$O$3:$P$13,2,0), "") -> M2
A55: WW | B55: Wild | C55: =SUMIF(W$3:W$211, $A55, AY$3:AY$211) -> 9 | D55: =SUMIF(X$3:X$211, $A55, AZ$3:AZ$211) -> 21 | E55: =SUMIF(Y$3:Y$211, $A55, BA$3:BA$211) -> 21 | F55: 0 | H55: {=A55:B62} -> WW | I55: Wild | J55: =SUMIF(W$3:W$211, $H55, BC$3:BC$211) -> 9 | K55: =SUMIF(X$3:X$211, $H55, BD$3:BD$211) -> 21 | L55: =SUMIF(Y$3:Y$211, $H55, BE$3:BE$211) -> 21 | M55: 0 | O55: {=_xlfn.ANCHORARRAY(H55)} -> WW | P55: Wild | Q55: =SUMIF(W$3:W$211, $H55, BG$3:BG$211) -> 9 | R55: =SUMIF(X$3:X$211, $H55, BH$3:BH$211) -> 21 | S55: =SUMIF(Y$3:Y$211, $H55, BI$3:BI$211) -> 21 | T55: 0 | V55: 52 | W55: WW | X55: WW | Y55: A | AA55: 1 | AB55: 1 | AC55: 1 | AE55: =IF(AA54="","",AA54) -> 1 | AF55: =IF(AB54="","",AB54) -> 1 | AG55: =IF(AC54="","",AC54) -> 1 | AI55: =IF(AA53="","",AA53) -> 1 | AJ55: =IF(AB53="","",AB53) -> 1 | AK55: =IF(AC53="","",AC53) -> 1 | AM55: 1 | AN55: 1 | AO55: 1 | AQ55: =IF(AM54="","",AM54) -> 1 | AR55: =IF(AN54="","",AN54) -> 1 | AS55: =IF(AO54="","",AO54) -> 1 | AU55: =IF(AM53="","",AM53) -> 1 | AV55: =IF(AN53="","",AN53) -> 1 | AW55: =IF(AO53="","",AO53) -> 1 | AY55: 1 | AZ55: 1 | BA55: 1 | BC55: =IF(AY54="","",AY54) -> 1 | BD55: =IF(AZ54="","",AZ54) -> 1 | BE55: =IF(BA54="","",BA54) -> 1 | BG55: =IF(AY53="","",AY53) -> 1 | BH55: =IF(AZ53="","",AZ53) -> 1 | BI55: =IF(BA53="","",BA53) -> 1 | BK55: 1 | BL55: 1 | BM55: 1 | BO55: =IF(BK54="","",BK54) -> 1 | BP55: =IF(BL54="","",BL54) -> 1 | BQ55: =IF(BM54="","",BM54) -> 1 | BS55: =IF(BK53="","",BK53) -> 1 | BT55: =IF(BL53="","",BL53) -> 1 | BU55: =IF(BM53="","",BM53) -> 1 | BW55: =IF(W55="","",VLOOKUP('Regular Symbol'!W55,'Regular Symbol'!$O$3:$T$13,6,0)) -> 0 | BX55: =IF(X55="","",VLOOKUP('Regular Symbol'!X55,'Regular Symbol'!$O$3:$T$13,6,0)) -> 0 | BY55: =IF(Y55="","",VLOOKUP('Regular Symbol'!Y55,'Regular Symbol'!$O$3:$T$13,6,0)) -> 4 | CA55: =IF(W55<>"", VLOOKUP(W55,$O$3:$P$13,2,0), "") -> Wild | CB55: =IF(X55<>"", VLOOKUP(X55,$O$3:$P$13,2,0), "") -> Wild | CC55: =IF(Y55<>"", VLOOKUP(Y55,$O$3:$P$13,2,0), "") -> A
A56: M1 | B56: M1 | C56: =SUMIF(W$3:W$211, $A56, AY$3:AY$211) -> 14 | D56: =SUMIF(X$3:X$211, $A56, AZ$3:AZ$211) -> 24 | E56: =SUMIF(Y$3:Y$211, $A56, BA$3:BA$211) -> 23 | F56: 1 | H56: M1 | I56: M1 | J56: =SUMIF(W$3:W$211, $H56, BC$3:BC$211) -> 14 | K56: =SUMIF(X$3:X$211, $H56, BD$3:BD$211) -> 24 | L56: =SUMIF(Y$3:Y$211, $H56, BE$3:BE$211) -> 23 | M56: 1 | O56: M1 | P56: M1 | Q56: =SUMIF(W$3:W$211, $H56, BG$3:BG$211) -> 14 | R56: =SUMIF(X$3:X$211, $H56, BH$3:BH$211) -> 24 | S56: =SUMIF(Y$3:Y$211, $H56, BI$3:BI$211) -> 23 | T56: 1 | V56: 53 | W56: A | X56: Q | Y56: A | AA56: 1 | AB56: 1 | AC56: 1 | AE56: =IF(AA55="","",AA55) -> 1 | AF56: =IF(AB55="","",AB55) -> 1 | AG56: =IF(AC55="","",AC55) -> 1 | AI56: =IF(AA54="","",AA54) -> 1 | AJ56: =IF(AB54="","",AB54) -> 1 | AK56: =IF(AC54="","",AC54) -> 1 | AM56: 1 | AN56: 1 | AO56: 1 | AQ56: =IF(AM55="","",AM55) -> 1 | AR56: =IF(AN55="","",AN55) -> 1 | AS56: =IF(AO55="","",AO55) -> 1 | AU56: =IF(AM54="","",AM54) -> 1 | AV56: =IF(AN54="","",AN54) -> 1 | AW56: =IF(AO54="","",AO54) -> 1 | AY56: 1 | AZ56: 1 | BA56: 1 | BC56: =IF(AY55="","",AY55) -> 1 | BD56: =IF(AZ55="","",AZ55) -> 1 | BE56: =IF(BA55="","",BA55) -> 1 | BG56: =IF(AY54="","",AY54) -> 1 | BH56: =IF(AZ54="","",AZ54) -> 1 | BI56: =IF(BA54="","",BA54) -> 1 | BK56: 1 | BL56: 1 | BM56: 1 | BO56: =IF(BK55="","",BK55) -> 1 | BP56: =IF(BL55="","",BL55) -> 1 | BQ56: =IF(BM55="","",BM55) -> 1 | BS56: =IF(BK54="","",BK54) -> 1 | BT56: =IF(BL54="","",BL54) -> 1 | BU56: =IF(BM54="","",BM54) -> 1 | BW56: =IF(W56="","",VLOOKUP('Regular Symbol'!W56,'Regular Symbol'!$O$3:$T$13,6,0)) -> 4 | BX56: =IF(X56="","",VLOOKUP('Regular Symbol'!X56,'Regular Symbol'!$O$3:$T$13,6,0)) -> 6 | BY56: =IF(Y56="","",VLOOKUP('Regular Symbol'!Y56,'Regular Symbol'!$O$3:$T$13,6,0)) -> 4 | CA56: =IF(W56<>"", VLOOKUP(W56,$O$3:$P$13,2,0), "") -> A | CB56: =IF(X56<>"", VLOOKUP(X56,$O$3:$P$13,2,0), "") -> Q | CC56: =IF(Y56<>"", VLOOKUP(Y56,$O$3:$P$13,2,0), "") -> A
A57: M2 | B57: M2 | C57: =SUMIF(W$3:W$211, $A57, AY$3:AY$211) -> 13 | D57: =SUMIF(X$3:X$211, $A57, AZ$3:AZ$211) -> 26 | E57: =SUMIF(Y$3:Y$211, $A57, BA$3:BA$211) -> 27 | F57: 2 | H57: M2 | I57: M2 | J57: =SUMIF(W$3:W$211, $H57, BC$3:BC$211) -> 13 | K57: =SUMIF(X$3:X$211, $H57, BD$3:BD$211) -> 26 | L57: =SUMIF(Y$3:Y$211, $H57, BE$3:BE$211) -> 27 | M57: 2 | O57: M2 | P57: M2 | Q57: =SUMIF(W$3:W$211, $H57, BG$3:BG$211) -> 13 | R57: =SUMIF(X$3:X$211, $H57, BH$3:BH$211) -> 26 | S57: =SUMIF(Y$3:Y$211, $H57, BI$3:BI$211) -> 27 | T57: 2 | V57: 54 | W57: A | X57: Q | Y57: A | AA57: 1 | AB57: 1 | AC57: 1 | AE57: =IF(AA56="","",AA56) -> 1 | AF57: =IF(AB56="","",AB56) -> 1 | AG57: =IF(AC56="","",AC56) -> 1 | AI57: =IF(AA55="","",AA55) -> 1 | AJ57: =IF(AB55="","",AB55) -> 1 | AK57: =IF(AC55="","",AC55) -> 1 | AM57: 1 | AN57: 1 | AO57: 1 | AQ57: =IF(AM56="","",AM56) -> 1 | AR57: =IF(AN56="","",AN56) -> 1 | AS57: =IF(AO56="","",AO56) -> 1 | AU57: =IF(AM55="","",AM55) -> 1 | AV57: =IF(AN55="","",AN55) -> 1 | AW57: =IF(AO55="","",AO55) -> 1 | AY57: 1 | AZ57: 1 | BA57: 1 | BC57: =IF(AY56="","",AY56) -> 1 | BD57: =IF(AZ56="","",AZ56) -> 1 | BE57: =IF(BA56="","",BA56) -> 1 | BG57: =IF(AY55="","",AY55) -> 1 | BH57: =IF(AZ55="","",AZ55) -> 1 | BI57: =IF(BA55="","",BA55) -> 1 | BK57: 1 | BL57: 1 | BM57: 1 | BO57: =IF(BK56="","",BK56) -> 1 | BP57: =IF(BL56="","",BL56) -> 1 | BQ57: =IF(BM56="","",BM56) -> 1 | BS57: =IF(BK55="","",BK55) -> 1 | BT57: =IF(BL55="","",BL55) -> 1 | BU57: =IF(BM55="","",BM55) -> 1 | BW57: =IF(W57="","",VLOOKUP('Regular Symbol'!W57,'Regular Symbol'!$O$3:$T$13,6,0)) -> 4 | BX57: =IF(X57="","",VLOOKUP('Regular Symbol'!X57,'Regular Symbol'!$O$3:$T$13,6,0)) -> 6 | BY57: =IF(Y57="","",VLOOKUP('Regular Symbol'!Y57,'Regular Symbol'!$O$3:$T$13,6,0)) -> 4 | CA57: =IF(W57<>"", VLOOKUP(W57,$O$3:$P$13,2,0), "") -> A | CB57: =IF(X57<>"", VLOOKUP(X57,$O$3:$P$13,2,0), "") -> Q | CC57: =IF(Y57<>"", VLOOKUP(Y57,$O$3:$P$13,2,0), "") -> A
A58: M3 | B58: M3 | C58: =SUMIF(W$3:W$211, $A58, AY$3:AY$211) -> 14 | D58: =SUMIF(X$3:X$211, $A58, AZ$3:AZ$211) -> 25 | E58: =SUMIF(Y$3:Y$211, $A58, BA$3:BA$211) -> 28 | F58: 3 | H58: M3 | I58: M3 | J58: =SUMIF(W$3:W$211, $H58, BC$3:BC$211) -> 14 | K58: =SUMIF(X$3:X$211, $H58, BD$3:BD$211) -> 25 | L58: =SUMIF(Y$3:Y$211, $H58, BE$3:BE$211) -> 28 | M58: 3 | O58: M3 | P58: M3 | Q58: =SUMIF(W$3:W$211, $H58, BG$3:BG$211) -> 14 | R58: =SUMIF(X$3:X$211, $H58, BH$3:BH$211) -> 25 | S58: =SUMIF(Y$3:Y$211, $H58, BI$3:BI$211) -> 28 | T58: 3 | V58: 55 | W58: M3 | X58: A | Y58: M3 | AA58: 1 | AB58: 1 | AC58: 1 | AE58: =IF(AA57="","",AA57) -> 1 | AF58: =IF(AB57="","",AB57) -> 1 | AG58: =IF(AC57="","",AC57) -> 1 | AI58: =IF(AA56="","",AA56) -> 1 | AJ58: =IF(AB56="","",AB56) -> 1 | AK58: =IF(AC56="","",AC56) -> 1 | AM58: 1 | AN58: 1 | AO58: 1 | AQ58: =IF(AM57="","",AM57) -> 1 | AR58: =IF(AN57="","",AN57) -> 1 | AS58: =IF(AO57="","",AO57) -> 1 | AU58: =IF(AM56="","",AM56) -> 1 | AV58: =IF(AN56="","",AN56) -> 1 | AW58: =IF(AO56="","",AO56) -> 1 | AY58: 1 | AZ58: 1 | BA58: 1 | BC58: =IF(AY57="","",AY57) -> 1 | BD58: =IF(AZ57="","",AZ57) -> 1 | BE58: =IF(BA57="","",BA57) -> 1 | BG58: =IF(AY56="","",AY56) -> 1 | BH58: =IF(AZ56="","",AZ56) -> 1 | BI58: =IF(BA56="","",BA56) -> 1 | BK58: 1 | BL58: 1 | BM58: 1 | BO58: =IF(BK57="","",BK57) -> 1 | BP58: =IF(BL57="","",BL57) -> 1 | BQ58: =IF(BM57="","",BM57) -> 1 | BS58: =IF(BK56="","",BK56) -> 1 | BT58: =IF(BL56="","",BL56) -> 1 | BU58: =IF(BM56="","",BM56) -> 1 | BW58: =IF(W58="","",VLOOKUP('Regular Symbol'!W58,'Regular Symbol'!$O$3:$T$13,6,0)) -> 3 | BX58: =IF(X58="","",VLOOKUP('Regular Symbol'!X58,'Regular Symbol'!$O$3:$T$13,6,0)) -> 4 | BY58: =IF(Y58="","",VLOOKUP('Regular Symbol'!Y58,'Regular Symbol'!$O$3:$T$13,6,0)) -> 3 | CA58: =IF(W58<>"", VLOOKUP(W58,$O$3:$P$13,2,0), "") -> M3 | CB58: =IF(X58<>"", VLOOKUP(X58,$O$3:$P$13,2,0), "") -> A | CC58: =IF(Y58<>"", VLOOKUP(Y58,$O$3:$P$13,2,0), "") -> M3
A59: A | B59: A | C59: =SUMIF(W$3:W$211, $A59, AY$3:AY$211) -> 18 | D59: =SUMIF(X$3:X$211, $A59, AZ$3:AZ$211) -> 30 | E59: =SUMIF(Y$3:Y$211, $A59, BA$3:BA$211) -> 23 | F59: 4 | H59: A | I59: A | J59: =SUMIF(W$3:W$211, $H59, BC$3:BC$211) -> 18 | K59: =SUMIF(X$3:X$211, $H59, BD$3:BD$211) -> 30 | L59: =SUMIF(Y$3:Y$211, $H59, BE$3:BE$211) -> 23 | M59: 4 | O59: A | P59: A | Q59: =SUMIF(W$3:W$211, $H59, BG$3:BG$211) -> 18 | R59: =SUMIF(X$3:X$211, $H59, BH$3:BH$211) -> 30 | S59: =SUMIF(Y$3:Y$211, $H59, BI$3:BI$211) -> 23 | T59: 4 | V59: 56 | W59: M3 | X59: A | Y59: M3 | AA59: 1 | AB59: 1 | AC59: 1 | AE59: =IF(AA58="","",AA58) -> 1 | AF59: =IF(AB58="","",AB58) -> 1 | AG59: =IF(AC58="","",AC58) -> 1 | AI59: =IF(AA57="","",AA57) -> 1 | AJ59: =IF(AB57="","",AB57) -> 1 | AK59: =IF(AC57="","",AC57) -> 1 | AM59: 1 | AN59: 1 | AO59: 1 | AQ59: =IF(AM58="","",AM58) -> 1 | AR59: =IF(AN58="","",AN58) -> 1 | AS59: =IF(AO58="","",AO58) -> 1 | AU59: =IF(AM57="","",AM57) -> 1 | AV59: =IF(AN57="","",AN57) -> 1 | AW59: =IF(AO57="","",AO57) -> 1 | AY59: 1 | AZ59: 1 | BA59: 1 | BC59: =IF(AY58="","",AY58) -> 1 | BD59: =IF(AZ58="","",AZ58) -> 1 | BE59: =IF(BA58="","",BA58) -> 1 | BG59: =IF(AY57="","",AY57) -> 1 | BH59: =IF(AZ57="","",AZ57) -> 1 | BI59: =IF(BA57="","",BA57) -> 1 | BK59: 1 | BL59: 1 | BM59: 1 | BO59: =IF(BK58="","",BK58) -> 1 | BP59: =IF(BL58="","",BL58) -> 1 | BQ59: =IF(BM58="","",BM58) -> 1 | BS59: =IF(BK57="","",BK57) -> 1 | BT59: =IF(BL57="","",BL57) -> 1 | BU59: =IF(BM57="","",BM57) -> 1 | BW59: =IF(W59="","",VLOOKUP('Regular Symbol'!W59,'Regular Symbol'!$O$3:$T$13,6,0)) -> 3 | BX59: =IF(X59="","",VLOOKUP('Regular Symbol'!X59,'Regular Symbol'!$O$3:$T$13,6,0)) -> 4 | BY59: =IF(Y59="","",VLOOKUP('Regular Symbol'!Y59,'Regular Symbol'!$O$3:$T$13,6,0)) -> 3 | CA59: =IF(W59<>"", VLOOKUP(W59,$O$3:$P$13,2,0), "") -> M3 | CB59: =IF(X59<>"", VLOOKUP(X59,$O$3:$P$13,2,0), "") -> A | CC59: =IF(Y59<>"", VLOOKUP(Y59,$O$3:$P$13,2,0), "") -> M3
A60: K | B60: K | C60: =SUMIF(W$3:W$211, $A60, AY$3:AY$211) -> 19 | D60: =SUMIF(X$3:X$211, $A60, AZ$3:AZ$211) -> 28 | E60: =SUMIF(Y$3:Y$211, $A60, BA$3:BA$211) -> 27 | F60: 5 | H60: K | I60: K | J60: =SUMIF(W$3:W$211, $H60, BC$3:BC$211) -> 19 | K60: =SUMIF(X$3:X$211, $H60, BD$3:BD$211) -> 28 | L60: =SUMIF(Y$3:Y$211, $H60, BE$3:BE$211) -> 27 | M60: 5 | O60: K | P60: K | Q60: =SUMIF(W$3:W$211, $H60, BG$3:BG$211) -> 19 | R60: =SUMIF(X$3:X$211, $H60, BH$3:BH$211) -> 28 | S60: =SUMIF(Y$3:Y$211, $H60, BI$3:BI$211) -> 27 | T60: 5 | V60: 57 | W60: K | X60: A | Y60: M3 | AA60: 1 | AB60: 1 | AC60: 1 | AE60: =IF(AA59="","",AA59) -> 1 | AF60: =IF(AB59="","",AB59) -> 1 | AG60: =IF(AC59="","",AC59) -> 1 | AI60: =IF(AA58="","",AA58) -> 1 | AJ60: =IF(AB58="","",AB58) -> 1 | AK60: =IF(AC58="","",AC58) -> 1 | AM60: 1 | AN60: 1 | AO60: 1 | AQ60: =IF(AM59="","",AM59) -> 1 | AR60: =IF(AN59="","",AN59) -> 1 | AS60: =IF(AO59="","",AO59) -> 1 | AU60: =IF(AM58="","",AM58) -> 1 | AV60: =IF(AN58="","",AN58) -> 1 | AW60: =IF(AO58="","",AO58) -> 1 | AY60: 1 | AZ60: 1 | BA60: 1 | BC60: =IF(AY59="","",AY59) -> 1 | BD60: =IF(AZ59="","",AZ59) -> 1 | BE60: =IF(BA59="","",BA59) -> 1 | BG60: =IF(AY58="","",AY58) -> 1 | BH60: =IF(AZ58="","",AZ58) -> 1 | BI60: =IF(BA58="","",BA58) -> 1 | BK60: 1 | BL60: 1 | BM60: 1 | BO60: =IF(BK59="","",BK59) -> 1 | BP60: =IF(BL59="","",BL59) -> 1 | BQ60: =IF(BM59="","",BM59) -> 1 | BS60: =IF(BK58="","",BK58) -> 1 | BT60: =IF(BL58="","",BL58) -> 1 | BU60: =IF(BM58="","",BM58) -> 1 | BW60: =IF(W60="","",VLOOKUP('Regular Symbol'!W60,'Regular Symbol'!$O$3:$T$13,6,0)) -> 5 | BX60: =IF(X60="","",VLOOKUP('Regular Symbol'!X60,'Regular Symbol'!$O$3:$T$13,6,0)) -> 4 | BY60: =IF(Y60="","",VLOOKUP('Regular Symbol'!Y60,'Regular Symbol'!$O$3:$T$13,6,0)) -> 3 | CA60: =IF(W60<>"", VLOOKUP(W60,$O$3:$P$13,2,0), "") -> K | CB60: =IF(X60<>"", VLOOKUP(X60,$O$3:$P$13,2,0), "") -> A | CC60: =IF(Y60<>"", VLOOKUP(Y60,$O$3:$P$13,2,0), "") -> M3
A61: Q | B61: Q | C61: =SUMIF(W$3:W$211, $A61, AY$3:AY$211) -> 17 | D61: =SUMIF(X$3:X$211, $A61, AZ$3:AZ$211) -> 29 | E61: =SUMIF(Y$3:Y$211, $A61, BA$3:BA$211) -> 27 | F61: 6 | H61: Q | I61: Q | J61: =SUMIF(W$3:W$211, $H61, BC$3:BC$211) -> 17 | K61: =SUMIF(X$3:X$211, $H61, BD$3:BD$211) -> 29 | L61: =SUMIF(Y$3:Y$211, $H61, BE$3:BE$211) -> 27 | M61: 6 | O61: Q | P61: Q | Q61: =SUMIF(W$3:W$211, $H61, BG$3:BG$211) -> 17 | R61: =SUMIF(X$3:X$211, $H61, BH$3:BH$211) -> 29 | S61: =SUMIF(Y$3:Y$211, $H61, BI$3:BI$211) -> 27 | T61: 6 | V61: 58 | W61: K | X61: M2 | Y61: Q | AA61: 1 | AB61: 1 | AC61: 1 | AE61: =IF(AA60="","",AA60) -> 1 | AF61: =IF(AB60="","",AB60) -> 1 | AG61: =IF(AC60="","",AC60) -> 1 | AI61: =IF(AA59="","",AA59) -> 1 | AJ61: =IF(AB59="","",AB59) -> 1 | AK61: =IF(AC59="","",AC59) -> 1 | AM61: 1 | AN61: 1 | AO61: 1 | AQ61: =IF(AM60="","",AM60) -> 1 | AR61: =IF(AN60="","",AN60) -> 1 | AS61: =IF(AO60="","",AO60) -> 1 | AU61: =IF(AM59="","",AM59) -> 1 | AV61: =IF(AN59="","",AN59) -> 1 | AW61: =IF(AO59="","",AO59) -> 1 | AY61: 1 | AZ61: 1 | BA61: 1 | BC61: =IF(AY60="","",AY60) -> 1 | BD61: =IF(AZ60="","",AZ60) -> 1 | BE61: =IF(BA60="","",BA60) -> 1 | BG61: =IF(AY59="","",AY59) -> 1 | BH61: =IF(AZ59="","",AZ59) -> 1 | BI61: =IF(BA59="","",BA59) -> 1 | BK61: 1 | BL61: 1 | BM61: 1 | BO61: =IF(BK60="","",BK60) -> 1 | BP61: =IF(BL60="","",BL60) -> 1 | BQ61: =IF(BM60="","",BM60) -> 1 | BS61: =IF(BK59="","",BK59) -> 1 | BT61: =IF(BL59="","",BL59) -> 1 | BU61: =IF(BM59="","",BM59) -> 1 | BW61: =IF(W61="","",VLOOKUP('Regular Symbol'!W61,'Regular Symbol'!$O$3:$T$13,6,0)) -> 5 | BX61: =IF(X61="","",VLOOKUP('Regular Symbol'!X61,'Regular Symbol'!$O$3:$T$13,6,0)) -> 2 | BY61: =IF(Y61="","",VLOOKUP('Regular Symbol'!Y61,'Regular Symbol'!$O$3:$T$13,6,0)) -> 6 | CA61: =IF(W61<>"", VLOOKUP(W61,$O$3:$P$13,2,0), "") -> K | CB61: =IF(X61<>"", VLOOKUP(X61,$O$3:$P$13,2,0), "") -> M2 | CC61: =IF(Y61<>"", VLOOKUP(Y61,$O$3:$P$13,2,0), "") -> Q
A62: J | B62: J | C62: =SUMIF(W$3:W$211, $A62, AY$3:AY$211) -> 19 | D62: =SUMIF(X$3:X$211, $A62, AZ$3:AZ$211) -> 26 | E62: =SUMIF(Y$3:Y$211, $A62, BA$3:BA$211) -> 27 | F62: 7 | H62: J | I62: J | J62: =SUMIF(W$3:W$211, $H62, BC$3:BC$211) -> 19 | K62: =SUMIF(X$3:X$211, $H62, BD$3:BD$211) -> 26 | L62: =SUMIF(Y$3:Y$211, $H62, BE$3:BE$211) -> 27 | M62: 7 | O62: J | P62: J | Q62: =SUMIF(W$3:W$211, $H62, BG$3:BG$211) -> 19 | R62: =SUMIF(X$3:X$211, $H62, BH$3:BH$211) -> 26 | S62: =SUMIF(Y$3:Y$211, $H62, BI$3:BI$211) -> 27 | T62: 7 | V62: 59 | W62: M3 | X62: M2 | Y62: Q | AA62: 1 | AB62: 1 | AC62: 1 | AE62: =IF(AA61="","",AA61) -> 1 | AF62: =IF(AB61="","",AB61) -> 1 | AG62: =IF(AC61="","",AC61) -> 1 | AI62: =IF(AA60="","",AA60) -> 1 | AJ62: =IF(AB60="","",AB60) -> 1 | AK62: =IF(AC60="","",AC60) -> 1 | AM62: 1 | AN62: 1 | AO62: 1 | AQ62: =IF(AM61="","",AM61) -> 1 | AR62: =IF(AN61="","",AN61) -> 1 | AS62: =IF(AO61="","",AO61) -> 1 | AU62: =IF(AM60="","",AM60) -> 1 | AV62: =IF(AN60="","",AN60) -> 1 | AW62: =IF(AO60="","",AO60) -> 1 | AY62: 1 | AZ62: 1 | BA62: 1 | BC62: =IF(AY61="","",AY61) -> 1 | BD62: =IF(AZ61="","",AZ61) -> 1 | BE62: =IF(BA61="","",BA61) -> 1 | BG62: =IF(AY60="","",AY60) -> 1 | BH62: =IF(AZ60="","",AZ60) -> 1 | BI62: =IF(BA60="","",BA60) -> 1 | BK62: 1 | BL62: 1 | BM62: 1 | BO62: =IF(BK61="","",BK61) -> 1 | BP62: =IF(BL61="","",BL61) -> 1 | BQ62: =IF(BM61="","",BM61) -> 1 | BS62: =IF(BK60="","",BK60) -> 1 | BT62: =IF(BL60="","",BL60) -> 1 | BU62: =IF(BM60="","",BM60) -> 1 | BW62: =IF(W62="","",VLOOKUP('Regular Symbol'!W62,'Regular Symbol'!$O$3:$T$13,6,0)) -> 3 | BX62: =IF(X62="","",VLOOKUP('Regular Symbol'!X62,'Regular Symbol'!$O$3:$T$13,6,0)) -> 2 | BY62: =IF(Y62="","",VLOOKUP('Regular Symbol'!Y62,'Regular Symbol'!$O$3:$T$13,6,0)) -> 6 | CA62: =IF(W62<>"", VLOOKUP(W62,$O$3:$P$13,2,0), "") -> M3 | CB62: =IF(X62<>"", VLOOKUP(X62,$O$3:$P$13,2,0), "") -> M2 | CC62: =IF(Y62<>"", VLOOKUP(Y62,$O$3:$P$13,2,0), "") -> Q
V63: 60 | W63: M3 | X63: M2 | Y63: Q | AA63: 1 | AB63: 1 | AC63: 1 | AE63: =IF(AA62="","",AA62) -> 1 | AF63: =IF(AB62="","",AB62) -> 1 | AG63: =IF(AC62="","",AC62) -> 1 | AI63: =IF(AA61="","",AA61) -> 1 | AJ63: =IF(AB61="","",AB61) -> 1 | AK63: =IF(AC61="","",AC61) -> 1 | AM63: 1 | AN63: 1 | AO63: 1 | AQ63: =IF(AM62="","",AM62) -> 1 | AR63: =IF(AN62="","",AN62) -> 1 | AS63: =IF(AO62="","",AO62) -> 1 | AU63: =IF(AM61="","",AM61) -> 1 | AV63: =IF(AN61="","",AN61) -> 1 | AW63: =IF(AO61="","",AO61) -> 1 | AY63: 1 | AZ63: 1 | BA63: 1 | BC63: =IF(AY62="","",AY62) -> 1 | BD63: =IF(AZ62="","",AZ62) -> 1 | BE63: =IF(BA62="","",BA62) -> 1 | BG63: =IF(AY61="","",AY61) -> 1 | BH63: =IF(AZ61="","",AZ61) -> 1 | BI63: =IF(BA61="","",BA61) -> 1 | BK63: 1 | BL63: 1 | BM63: 1 | BO63: =IF(BK62="","",BK62) -> 1 | BP63: =IF(BL62="","",BL62) -> 1 | BQ63: =IF(BM62="","",BM62) -> 1 | BS63: =IF(BK61="","",BK61) -> 1 | BT63: =IF(BL61="","",BL61) -> 1 | BU63: =IF(BM61="","",BM61) -> 1 | BW63: =IF(W63="","",VLOOKUP('Regular Symbol'!W63,'Regular Symbol'!$O$3:$T$13,6,0)) -> 3 | BX63: =IF(X63="","",VLOOKUP('Regular Symbol'!X63,'Regular Symbol'!$O$3:$T$13,6,0)) -> 2 | BY63: =IF(Y63="","",VLOOKUP('Regular Symbol'!Y63,'Regular Symbol'!$O$3:$T$13,6,0)) -> 6 | CA63: =IF(W63<>"", VLOOKUP(W63,$O$3:$P$13,2,0), "") -> M3 | CB63: =IF(X63<>"", VLOOKUP(X63,$O$3:$P$13,2,0), "") -> M2 | CC63: =IF(Y63<>"", VLOOKUP(Y63,$O$3:$P$13,2,0), "") -> Q
V64: 61 | W64: K | X64: K | Y64: M2 | AA64: 1 | AB64: 1 | AC64: 1 | AE64: =IF(AA63="","",AA63) -> 1 | AF64: =IF(AB63="","",AB63) -> 1 | AG64: =IF(AC63="","",AC63) -> 1 | AI64: =IF(AA62="","",AA62) -> 1 | AJ64: =IF(AB62="","",AB62) -> 1 | AK64: =IF(AC62="","",AC62) -> 1 | AM64: 1 | AN64: 1 | AO64: 1 | AQ64: =IF(AM63="","",AM63) -> 1 | AR64: =IF(AN63="","",AN63) -> 1 | AS64: =IF(AO63="","",AO63) -> 1 | AU64: =IF(AM62="","",AM62) -> 1 | AV64: =IF(AN62="","",AN62) -> 1 | AW64: =IF(AO62="","",AO62) -> 1 | AY64: 1 | AZ64: 1 | BA64: 1 | BC64: =IF(AY63="","",AY63) -> 1 | BD64: =IF(AZ63="","",AZ63) -> 1 | BE64: =IF(BA63="","",BA63) -> 1 | BG64: =IF(AY62="","",AY62) -> 1 | BH64: =IF(AZ62="","",AZ62) -> 1 | BI64: =IF(BA62="","",BA62) -> 1 | BK64: 1 | BL64: 1 | BM64: 1 | BO64: =IF(BK63="","",BK63) -> 1 | BP64: =IF(BL63="","",BL63) -> 1 | BQ64: =IF(BM63="","",BM63) -> 1 | BS64: =IF(BK62="","",BK62) -> 1 | BT64: =IF(BL62="","",BL62) -> 1 | BU64: =IF(BM62="","",BM62) -> 1 | BW64: =IF(W64="","",VLOOKUP('Regular Symbol'!W64,'Regular Symbol'!$O$3:$T$13,6,0)) -> 5 | BX64: =IF(X64="","",VLOOKUP('Regular Symbol'!X64,'Regular Symbol'!$O$3:$T$13,6,0)) -> 5 | BY64: =IF(Y64="","",VLOOKUP('Regular Symbol'!Y64,'Regular Symbol'!$O$3:$T$13,6,0)) -> 2 | CA64: =IF(W64<>"", VLOOKUP(W64,$O$3:$P$13,2,0), "") -> K | CB64: =IF(X64<>"", VLOOKUP(X64,$O$3:$P$13,2,0), "") -> K | CC64: =IF(Y64<>"", VLOOKUP(Y64,$O$3:$P$13,2,0), "") -> M2
V65: 62 | W65: K | X65: K | Y65: M2 | AA65: 1 | AB65: 1 | AC65: 1 | AE65: =IF(AA64="","",AA64) -> 1 | AF65: =IF(AB64="","",AB64) -> 1 | AG65: =IF(AC64="","",AC64) -> 1 | AI65: =IF(AA63="","",AA63) -> 1 | AJ65: =IF(AB63="","",AB63) -> 1 | AK65: =IF(AC63="","",AC63) -> 1 | AM65: 1 | AN65: 1 | AO65: 1 | AQ65: =IF(AM64="","",AM64) -> 1 | AR65: =IF(AN64="","",AN64) -> 1 | AS65: =IF(AO64="","",AO64) -> 1 | AU65: =IF(AM63="","",AM63) -> 1 | AV65: =IF(AN63="","",AN63) -> 1 | AW65: =IF(AO63="","",AO63) -> 1 | AY65: 1 | AZ65: 1 | BA65: 1 | BC65: =IF(AY64="","",AY64) -> 1 | BD65: =IF(AZ64="","",AZ64) -> 1 | BE65: =IF(BA64="","",BA64) -> 1 | BG65: =IF(AY63="","",AY63) -> 1 | BH65: =IF(AZ63="","",AZ63) -> 1 | BI65: =IF(BA63="","",BA63) -> 1 | BK65: 1 | BL65: 1 | BM65: 1 | BO65: =IF(BK64="","",BK64) -> 1 | BP65: =IF(BL64="","",BL64) -> 1 | BQ65: =IF(BM64="","",BM64) -> 1 | BS65: =IF(BK63="","",BK63) -> 1 | BT65: =IF(BL63="","",BL63) -> 1 | BU65: =IF(BM63="","",BM63) -> 1 | BW65: =IF(W65="","",VLOOKUP('Regular Symbol'!W65,'Regular Symbol'!$O$3:$T$13,6,0)) -> 5 | BX65: =IF(X65="","",VLOOKUP('Regular Symbol'!X65,'Regular Symbol'!$O$3:$T$13,6,0)) -> 5 | BY65: =IF(Y65="","",VLOOKUP('Regular Symbol'!Y65,'Regular Symbol'!$O$3:$T$13,6,0)) -> 2 | CA65: =IF(W65<>"", VLOOKUP(W65,$O$3:$P$13,2,0), "") -> K | CB65: =IF(X65<>"", VLOOKUP(X65,$O$3:$P$13,2,0), "") -> K | CC65: =IF(Y65<>"", VLOOKUP(Y65,$O$3:$P$13,2,0), "") -> M2
A66: Total | C66: =SUM(C55:C65) -> 123 | D66: =SUM(D55:D65) -> 209 | E66: =SUM(E55:E65) -> 203 | H66: Total | J66: =SUM(J55:J65) -> 123 | K66: =SUM(K55:K65) -> 209 | L66: =SUM(L55:L65) -> 203 | O66: Total | Q66: =SUM(Q55:Q65) -> 123 | R66: =SUM(R55:R65) -> 209 | S66: =SUM(S55:S65) -> 203 | V66: 63 | W66: K | X66: M2 | Y66: M2 | AA66: 1 | AB66: 1 | AC66: 1 | AE66: =IF(AA65="","",AA65) -> 1 | AF66: =IF(AB65="","",AB65) -> 1 | AG66: =IF(AC65="","",AC65) -> 1 | AI66: =IF(AA64="","",AA64) -> 1 | AJ66: =IF(AB64="","",AB64) -> 1 | AK66: =IF(AC64="","",AC64) -> 1 | AM66: 1 | AN66: 1 | AO66: 1 | AQ66: =IF(AM65="","",AM65) -> 1 | AR66: =IF(AN65="","",AN65) -> 1 | AS66: =IF(AO65="","",AO65) -> 1 | AU66: =IF(AM64="","",AM64) -> 1 | AV66: =IF(AN64="","",AN64) -> 1 | AW66: =IF(AO64="","",AO64) -> 1 | AY66: 1 | AZ66: 1 | BA66: 1 | BC66: =IF(AY65="","",AY65) -> 1 | BD66: =IF(AZ65="","",AZ65) -> 1 | BE66: =IF(BA65="","",BA65) -> 1 | BG66: =IF(AY64="","",AY64) -> 1 | BH66: =IF(AZ64="","",AZ64) -> 1 | BI66: =IF(BA64="","",BA64) -> 1 | BK66: 1 | BL66: 1 | BM66: 1 | BO66: =IF(BK65="","",BK65) -> 1 | BP66: =IF(BL65="","",BL65) -> 1 | BQ66: =IF(BM65="","",BM65) -> 1 | BS66: =IF(BK64="","",BK64) -> 1 | BT66: =IF(BL64="","",BL64) -> 1 | BU66: =IF(BM64="","",BM64) -> 1 | BW66: =IF(W66="","",VLOOKUP('Regular Symbol'!W66,'Regular Symbol'!$O$3:$T$13,6,0)) -> 5 | BX66: =IF(X66="","",VLOOKUP('Regular Symbol'!X66,'Regular Symbol'!$O$3:$T$13,6,0)) -> 2 | BY66: =IF(Y66="","",VLOOKUP('Regular Symbol'!Y66,'Regular Symbol'!$O$3:$T$13,6,0)) -> 2 | CA66: =IF(W66<>"", VLOOKUP(W66,$O$3:$P$13,2,0), "") -> K | CB66: =IF(X66<>"", VLOOKUP(X66,$O$3:$P$13,2,0), "") -> M2 | CC66: =IF(Y66<>"", VLOOKUP(Y66,$O$3:$P$13,2,0), "") -> M2
V67: 64 | W67: M1 | X67: M2 | Y67: Q | AA67: 1 | AB67: 1 | AC67: 1 | AE67: =IF(AA66="","",AA66) -> 1 | AF67: =IF(AB66="","",AB66) -> 1 | AG67: =IF(AC66="","",AC66) -> 1 | AI67: =IF(AA65="","",AA65) -> 1 | AJ67: =IF(AB65="","",AB65) -> 1 | AK67: =IF(AC65="","",AC65) -> 1 | AM67: 1 | AN67: 1 | AO67: 1 | AQ67: =IF(AM66="","",AM66) -> 1 | AR67: =IF(AN66="","",AN66) -> 1 | AS67: =IF(AO66="","",AO66) -> 1 | AU67: =IF(AM65="","",AM65) -> 1 | AV67: =IF(AN65="","",AN65) -> 1 | AW67: =IF(AO65="","",AO65) -> 1 | AY67: 1 | AZ67: 1 | BA67: 1 | BC67: =IF(AY66="","",AY66) -> 1 | BD67: =IF(AZ66="","",AZ66) -> 1 | BE67: =IF(BA66="","",BA66) -> 1 | BG67: =IF(AY65="","",AY65) -> 1 | BH67: =IF(AZ65="","",AZ65) -> 1 | BI67: =IF(BA65="","",BA65) -> 1 | BK67: 1 | BL67: 1 | BM67: 1 | BO67: =IF(BK66="","",BK66) -> 1 | BP67: =IF(BL66="","",BL66) -> 1 | BQ67: =IF(BM66="","",BM66) -> 1 | BS67: =IF(BK65="","",BK65) -> 1 | BT67: =IF(BL65="","",BL65) -> 1 | BU67: =IF(BM65="","",BM65) -> 1 | BW67: =IF(W67="","",VLOOKUP('Regular Symbol'!W67,'Regular Symbol'!$O$3:$T$13,6,0)) -> 1 | BX67: =IF(X67="","",VLOOKUP('Regular Symbol'!X67,'Regular Symbol'!$O$3:$T$13,6,0)) -> 2 | BY67: =IF(Y67="","",VLOOKUP('Regular Symbol'!Y67,'Regular Symbol'!$O$3:$T$13,6,0)) -> 6 | CA67: =IF(W67<>"", VLOOKUP(W67,$O$3:$P$13,2,0), "") -> M1 | CB67: =IF(X67<>"", VLOOKUP(X67,$O$3:$P$13,2,0), "") -> M2 | CC67: =IF(Y67<>"", VLOOKUP(Y67,$O$3:$P$13,2,0), "") -> Q
A68: Special Include Symbols | H68: Special Include Symbols | O68: Special Include Symbols | V68: 65 | W68: M1 | X68: J | Y68: Q | AA68: 1 | AB68: 1 | AC68: 1 | AE68: =IF(AA67="","",AA67) -> 1 | AF68: =IF(AB67="","",AB67) -> 1 | AG68: =IF(AC67="","",AC67) -> 1 | AI68: =IF(AA66="","",AA66) -> 1 | AJ68: =IF(AB66="","",AB66) -> 1 | AK68: =IF(AC66="","",AC66) -> 1 | AM68: 1 | AN68: 1 | AO68: 1 | AQ68: =IF(AM67="","",AM67) -> 1 | AR68: =IF(AN67="","",AN67) -> 1 | AS68: =IF(AO67="","",AO67) -> 1 | AU68: =IF(AM66="","",AM66) -> 1 | AV68: =IF(AN66="","",AN66) -> 1 | AW68: =IF(AO66="","",AO66) -> 1 | AY68: 1 | AZ68: 1 | BA68: 1 | BC68: =IF(AY67="","",AY67) -> 1 | BD68: =IF(AZ67="","",AZ67) -> 1 | BE68: =IF(BA67="","",BA67) -> 1 | BG68: =IF(AY66="","",AY66) -> 1 | BH68: =IF(AZ66="","",AZ66) -> 1 | BI68: =IF(BA66="","",BA66) -> 1 | BK68: 1 | BL68: 1 | BM68: 1 | BO68: =IF(BK67="","",BK67) -> 1 | BP68: =IF(BL67="","",BL67) -> 1 | BQ68: =IF(BM67="","",BM67) -> 1 | BS68: =IF(BK66="","",BK66) -> 1 | BT68: =IF(BL66="","",BL66) -> 1 | BU68: =IF(BM66="","",BM66) -> 1 | BW68: =IF(W68="","",VLOOKUP('Regular Symbol'!W68,'Regular Symbol'!$O$3:$T$13,6,0)) -> 1 | BX68: =IF(X68="","",VLOOKUP('Regular Symbol'!X68,'Regular Symbol'!$O$3:$T$13,6,0)) -> 7 | BY68: =IF(Y68="","",VLOOKUP('Regular Symbol'!Y68,'Regular Symbol'!$O$3:$T$13,6,0)) -> 6 | CA68: =IF(W68<>"", VLOOKUP(W68,$O$3:$P$13,2,0), "") -> M1 | CB68: =IF(X68<>"", VLOOKUP(X68,$O$3:$P$13,2,0), "") -> J | CC68: =IF(Y68<>"", VLOOKUP(Y68,$O$3:$P$13,2,0), "") -> Q
A69: Symbol | B69: Is Any Of These | C69: R1 | D69: R2 | E69: R3 | H69: Symbol | I69: Is Any Of These | J69: R1 | K69: R2 | L69: R3 | O69: Symbol | P69: Is Any Of These | Q69: R1 | R69: R2 | S69: R3 | V69: 66 | W69: Q | X69: J | Y69: Q | AA69: 1 | AB69: 1 | AC69: 1 | AE69: =IF(AA68="","",AA68) -> 1 | AF69: =IF(AB68="","",AB68) -> 1 | AG69: =IF(AC68="","",AC68) -> 1 | AI69: =IF(AA67="","",AA67) -> 1 | AJ69: =IF(AB67="","",AB67) -> 1 | AK69: =IF(AC67="","",AC67) -> 1 | AM69: 1 | AN69: 1 | AO69: 1 | AQ69: =IF(AM68="","",AM68) -> 1 | AR69: =IF(AN68="","",AN68) -> 1 | AS69: =IF(AO68="","",AO68) -> 1 | AU69: =IF(AM67="","",AM67) -> 1 | AV69: =IF(AN67="","",AN67) -> 1 | AW69: =IF(AO67="","",AO67) -> 1 | AY69: 1 | AZ69: 1 | BA69: 1 | BC69: =IF(AY68="","",AY68) -> 1 | BD69: =IF(AZ68="","",AZ68) -> 1 | BE69: =IF(BA68="","",BA68) -> 1 | BG69: =IF(AY67="","",AY67) -> 1 | BH69: =IF(AZ67="","",AZ67) -> 1 | BI69: =IF(BA67="","",BA67) -> 1 | BK69: 1 | BL69: 1 | BM69: 1 | BO69: =IF(BK68="","",BK68) -> 1 | BP69: =IF(BL68="","",BL68) -> 1 | BQ69: =IF(BM68="","",BM68) -> 1 | BS69: =IF(BK67="","",BK67) -> 1 | BT69: =IF(BL67="","",BL67) -> 1 | BU69: =IF(BM67="","",BM67) -> 1 | BW69: =IF(W69="","",VLOOKUP('Regular Symbol'!W69,'Regular Symbol'!$O$3:$T$13,6,0)) -> 6 | BX69: =IF(X69="","",VLOOKUP('Regular Symbol'!X69,'Regular Symbol'!$O$3:$T$13,6,0)) -> 7 | BY69: =IF(Y69="","",VLOOKUP('Regular Symbol'!Y69,'Regular Symbol'!$O$3:$T$13,6,0)) -> 6 | CA69: =IF(W69<>"", VLOOKUP(W69,$O$3:$P$13,2,0), "") -> Q | CB69: =IF(X69<>"", VLOOKUP(X69,$O$3:$P$13,2,0), "") -> J | CC69: =IF(Y69<>"", VLOOKUP(Y69,$O$3:$P$13,2,0), "") -> Q
A70: -- | B70: WW,C1,M1,M2,M3,M4,A,K,Q,J,TE,NI | C70: =SUM(C55:C65) -> 123 | D70: =SUM(D55:D65) -> 209 | E70: =SUM(E55:E65) -> 203 | H70: {=A70:B77} -> -- | I70: WW,C1,M1,M2,M3,M4,A,K,Q,J,TE,NI | J70: =SUM(J55:J65) -> 123 | K70: =SUM(K55:K65) -> 209 | L70: =SUM(L55:L65) -> 203 | O70: {=_xlfn.ANCHORARRAY(H70)} -> -- | P70: WW,C1,M1,M2,M3,M4,A,K,Q,J,TE,NI | Q70: =SUM(Q55:Q65) -> 123 | R70: =SUM(R55:R65) -> 209 | S70: =SUM(S55:S65) -> 203 | V70: 67 | W70: Q | X70: M3 | Y70: M2 | AA70: 1 | AB70: 1 | AC70: 1 | AE70: =IF(AA69="","",AA69) -> 1 | AF70: =IF(AB69="","",AB69) -> 1 | AG70: =IF(AC69="","",AC69) -> 1 | AI70: =IF(AA68="","",AA68) -> 1 | AJ70: =IF(AB68="","",AB68) -> 1 | AK70: =IF(AC68="","",AC68) -> 1 | AM70: 1 | AN70: 1 | AO70: 1 | AQ70: =IF(AM69="","",AM69) -> 1 | AR70: =IF(AN69="","",AN69) -> 1 | AS70: =IF(AO69="","",AO69) -> 1 | AU70: =IF(AM68="","",AM68) -> 1 | AV70: =IF(AN68="","",AN68) -> 1 | AW70: =IF(AO68="","",AO68) -> 1 | AY70: 1 | AZ70: 1 | BA70: 1 | BC70: =IF(AY69="","",AY69) -> 1 | BD70: =IF(AZ69="","",AZ69) -> 1 | BE70: =IF(BA69="","",BA69) -> 1 | BG70: =IF(AY68="","",AY68) -> 1 | BH70: =IF(AZ68="","",AZ68) -> 1 | BI70: =IF(BA68="","",BA68) -> 1 | BK70: 1 | BL70: 1 | BM70: 1 | BO70: =IF(BK69="","",BK69) -> 1 | BP70: =IF(BL69="","",BL69) -> 1 | BQ70: =IF(BM69="","",BM69) -> 1 | BS70: =IF(BK68="","",BK68) -> 1 | BT70: =IF(BL68="","",BL68) -> 1 | BU70: =IF(BM68="","",BM68) -> 1 | BW70: =IF(W70="","",VLOOKUP('Regular Symbol'!W70,'Regular Symbol'!$O$3:$T$13,6,0)) -> 6 | BX70: =IF(X70="","",VLOOKUP('Regular Symbol'!X70,'Regular Symbol'!$O$3:$T$13,6,0)) -> 3 | BY70: =IF(Y70="","",VLOOKUP('Regular Symbol'!Y70,'Regular Symbol'!$O$3:$T$13,6,0)) -> 2 | CA70: =IF(W70<>"", VLOOKUP(W70,$O$3:$P$13,2,0), "") -> Q | CB70: =IF(X70<>"", VLOOKUP(X70,$O$3:$P$13,2,0), "") -> M3 | CC70: =IF(Y70<>"", VLOOKUP(Y70,$O$3:$P$13,2,0), "") -> M2
A71: W1 | B71: WW,M1 | C71: =C$3+C$4 -> 23 | D71: =D$3+D$4 -> 45 | E71: =E$3+E$4 -> 44 | H71: W1 | I71: WW,M1 | J71: =J$3+J$4 -> 23 | K71: =K$3+K$4 -> 45 | L71: =L$3+L$4 -> 44 | O71: W1 | P71: WW,M1 | Q71: =Q$3+Q$4 -> 23 | R71: =R$3+R$4 -> 45 | S71: =S$3+S$4 -> 44 | V71: 68 | W71: K | X71: M3 | Y71: M2 | AA71: 1 | AB71: 1 | AC71: 1 | AE71: =IF(AA70="","",AA70) -> 1 | AF71: =IF(AB70="","",AB70) -> 1 | AG71: =IF(AC70="","",AC70) -> 1 | AI71: =IF(AA69="","",AA69) -> 1 | AJ71: =IF(AB69="","",AB69) -> 1 | AK71: =IF(AC69="","",AC69) -> 1 | AM71: 1 | AN71: 1 | AO71: 1 | AQ71: =IF(AM70="","",AM70) -> 1 | AR71: =IF(AN70="","",AN70) -> 1 | AS71: =IF(AO70="","",AO70) -> 1 | AU71: =IF(AM69="","",AM69) -> 1 | AV71: =IF(AN69="","",AN69) -> 1 | AW71: =IF(AO69="","",AO69) -> 1 | AY71: 1 | AZ71: 1 | BA71: 1 | BC71: =IF(AY70="","",AY70) -> 1 | BD71: =IF(AZ70="","",AZ70) -> 1 | BE71: =IF(BA70="","",BA70) -> 1 | BG71: =IF(AY69="","",AY69) -> 1 | BH71: =IF(AZ69="","",AZ69) -> 1 | BI71: =IF(BA69="","",BA69) -> 1 | BK71: 1 | BL71: 1 | BM71: 1 | BO71: =IF(BK70="","",BK70) -> 1 | BP71: =IF(BL70="","",BL70) -> 1 | BQ71: =IF(BM70="","",BM70) -> 1 | BS71: =IF(BK69="","",BK69) -> 1 | BT71: =IF(BL69="","",BL69) -> 1 | BU71: =IF(BM69="","",BM69) -> 1 | BW71: =IF(W71="","",VLOOKUP('Regular Symbol'!W71,'Regular Symbol'!$O$3:$T$13,6,0)) -> 5 | BX71: =IF(X71="","",VLOOKUP('Regular Symbol'!X71,'Regular Symbol'!$O$3:$T$13,6,0)) -> 3 | BY71: =IF(Y71="","",VLOOKUP('Regular Symbol'!Y71,'Regular Symbol'!$O$3:$T$13,6,0)) -> 2 | CA71: =IF(W71<>"", VLOOKUP(W71,$O$3:$P$13,2,0), "") -> K | CB71: =IF(X71<>"", VLOOKUP(X71,$O$3:$P$13,2,0), "") -> M3 | CC71: =IF(Y71<>"", VLOOKUP(Y71,$O$3:$P$13,2,0), "") -> M2
A72: W2 | B72: WW,M2 | C72: =C$3+C$5 -> 22 | D72: =D$3+D$5 -> 47 | E72: =E$3+E$5 -> 48 | H72: W2 | I72: WW,M2 | J72: =J$3+J$5 -> 22 | K72: =K$3+K$5 -> 47 | L72: =L$3+L$5 -> 48 | O72: W2 | P72: WW,M2 | Q72: =Q$3+Q$5 -> 22 | R72: =R$3+R$5 -> 47 | S72: =S$3+S$5 -> 48 | V72: 69 | W72: K | X72: M3 | Y72: M2 | AA72: 1 | AB72: 1 | AC72: 1 | AE72: =IF(AA71="","",AA71) -> 1 | AF72: =IF(AB71="","",AB71) -> 1 | AG72: =IF(AC71="","",AC71) -> 1 | AI72: =IF(AA70="","",AA70) -> 1 | AJ72: =IF(AB70="","",AB70) -> 1 | AK72: =IF(AC70="","",AC70) -> 1 | AM72: 1 | AN72: 1 | AO72: 1 | AQ72: =IF(AM71="","",AM71) -> 1 | AR72: =IF(AN71="","",AN71) -> 1 | AS72: =IF(AO71="","",AO71) -> 1 | AU72: =IF(AM70="","",AM70) -> 1 | AV72: =IF(AN70="","",AN70) -> 1 | AW72: =IF(AO70="","",AO70) -> 1 | AY72: 1 | AZ72: 1 | BA72: 1 | BC72: =IF(AY71="","",AY71) -> 1 | BD72: =IF(AZ71="","",AZ71) -> 1 | BE72: =IF(BA71="","",BA71) -> 1 | BG72: =IF(AY70="","",AY70) -> 1 | BH72: =IF(AZ70="","",AZ70) -> 1 | BI72: =IF(BA70="","",BA70) -> 1 | BK72: 1 | BL72: 1 | BM72: 1 | BO72: =IF(BK71="","",BK71) -> 1 | BP72: =IF(BL71="","",BL71) -> 1 | BQ72: =IF(BM71="","",BM71) -> 1 | BS72: =IF(BK70="","",BK70) -> 1 | BT72: =IF(BL70="","",BL70) -> 1 | BU72: =IF(BM70="","",BM70) -> 1 | BW72: =IF(W72="","",VLOOKUP('Regular Symbol'!W72,'Regular Symbol'!$O$3:$T$13,6,0)) -> 5 | BX72: =IF(X72="","",VLOOKUP('Regular Symbol'!X72,'Regular Symbol'!$O$3:$T$13,6,0)) -> 3 | BY72: =IF(Y72="","",VLOOKUP('Regular Symbol'!Y72,'Regular Symbol'!$O$3:$T$13,6,0)) -> 2 | CA72: =IF(W72<>"", VLOOKUP(W72,$O$3:$P$13,2,0), "") -> K | CB72: =IF(X72<>"", VLOOKUP(X72,$O$3:$P$13,2,0), "") -> M3 | CC72: =IF(Y72<>"", VLOOKUP(Y72,$O$3:$P$13,2,0), "") -> M2
A73: W3 | B73: WW,M3 | C73: =C$3+C$6 -> 23 | D73: =D$3+D$6 -> 46 | E73: =E$3+E$6 -> 49 | H73: W3 | I73: WW,M3 | J73: =J$3+J$6 -> 23 | K73: =K$3+K$6 -> 46 | L73: =L$3+L$6 -> 49 | O73: W3 | P73: WW,M3 | Q73: =Q$3+Q$6 -> 23 | R73: =R$3+R$6 -> 46 | S73: =S$3+S$6 -> 49 | V73: 70 | W73: A | X73: WW | Y73: M1 | AA73: 1 | AB73: 1 | AC73: 1 | AE73: =IF(AA72="","",AA72) -> 1 | AF73: =IF(AB72="","",AB72) -> 1 | AG73: =IF(AC72="","",AC72) -> 1 | AI73: =IF(AA71="","",AA71) -> 1 | AJ73: =IF(AB71="","",AB71) -> 1 | AK73: =IF(AC71="","",AC71) -> 1 | AM73: 1 | AN73: 1 | AO73: 1 | AQ73: =IF(AM72="","",AM72) -> 1 | AR73: =IF(AN72="","",AN72) -> 1 | AS73: =IF(AO72="","",AO72) -> 1 | AU73: =IF(AM71="","",AM71) -> 1 | AV73: =IF(AN71="","",AN71) -> 1 | AW73: =IF(AO71="","",AO71) -> 1 | AY73: 1 | AZ73: 1 | BA73: 1 | BC73: =IF(AY72="","",AY72) -> 1 | BD73: =IF(AZ72="","",AZ72) -> 1 | BE73: =IF(BA72="","",BA72) -> 1 | BG73: =IF(AY71="","",AY71) -> 1 | BH73: =IF(AZ71="","",AZ71) -> 1 | BI73: =IF(BA71="","",BA71) -> 1 | BK73: 1 | BL73: 1 | BM73: 1 | BO73: =IF(BK72="","",BK72) -> 1 | BP73: =IF(BL72="","",BL72) -> 1 | BQ73: =IF(BM72="","",BM72) -> 1 | BS73: =IF(BK71="","",BK71) -> 1 | BT73: =IF(BL71="","",BL71) -> 1 | BU73: =IF(BM71="","",BM71) -> 1 | BW73: =IF(W73="","",VLOOKUP('Regular Symbol'!W73,'Regular Symbol'!$O$3:$T$13,6,0)) -> 4 | BX73: =IF(X73="","",VLOOKUP('Regular Symbol'!X73,'Regular Symbol'!$O$3:$T$13,6,0)) -> 0 | BY73: =IF(Y73="","",VLOOKUP('Regular Symbol'!Y73,'Regular Symbol'!$O$3:$T$13,6,0)) -> 1 | CA73: =IF(W73<>"", VLOOKUP(W73,$O$3:$P$13,2,0), "") -> A | CB73: =IF(X73<>"", VLOOKUP(X73,$O$3:$P$13,2,0), "") -> Wild | CC73: =IF(Y73<>"", VLOOKUP(Y73,$O$3:$P$13,2,0), "") -> M1
A74: WA | B74: WW,A | C74: =C$3+C$7 -> 27 | D74: =D$3+D$7 -> 51 | E74: =E$3+E$7 -> 44 | H74: WA | I74: WW,A | J74: =J$3+J$7 -> 27 | K74: =K$3+K$7 -> 51 | L74: =L$3+L$7 -> 44 | O74: WA | P74: WW,A | Q74: =Q$3+Q$7 -> 27 | R74: =R$3+R$7 -> 51 | S74: =S$3+S$7 -> 44 | V74: 71 | W74: A | X74: WW | Y74: M1 | AA74: 1 | AB74: 1 | AC74: 1 | AE74: =IF(AA73="","",AA73) -> 1 | AF74: =IF(AB73="","",AB73) -> 1 | AG74: =IF(AC73="","",AC73) -> 1 | AI74: =IF(AA72="","",AA72) -> 1 | AJ74: =IF(AB72="","",AB72) -> 1 | AK74: =IF(AC72="","",AC72) -> 1 | AM74: 1 | AN74: 1 | AO74: 1 | AQ74: =IF(AM73="","",AM73) -> 1 | AR74: =IF(AN73="","",AN73) -> 1 | AS74: =IF(AO73="","",AO73) -> 1 | AU74: =IF(AM72="","",AM72) -> 1 | AV74: =IF(AN72="","",AN72) -> 1 | AW74: =IF(AO72="","",AO72) -> 1 | AY74: 1 | AZ74: 1 | BA74: 1 | BC74: =IF(AY73="","",AY73) -> 1 | BD74: =IF(AZ73="","",AZ73) -> 1 | BE74: =IF(BA73="","",BA73) -> 1 | BG74: =IF(AY72="","",AY72) -> 1 | BH74: =IF(AZ72="","",AZ72) -> 1 | BI74: =IF(BA72="","",BA72) -> 1 | BK74: 1 | BL74: 1 | BM74: 1 | BO74: =IF(BK73="","",BK73) -> 1 | BP74: =IF(BL73="","",BL73) -> 1 | BQ74: =IF(BM73="","",BM73) -> 1 | BS74: =IF(BK72="","",BK72) -> 1 | BT74: =IF(BL72="","",BL72) -> 1 | BU74: =IF(BM72="","",BM72) -> 1 | BW74: =IF(W74="","",VLOOKUP('Regular Symbol'!W74,'Regular Symbol'!$O$3:$T$13,6,0)) -> 4 | BX74: =IF(X74="","",VLOOKUP('Regular Symbol'!X74,'Regular Symbol'!$O$3:$T$13,6,0)) -> 0 | BY74: =IF(Y74="","",VLOOKUP('Regular Symbol'!Y74,'Regular Symbol'!$O$3:$T$13,6,0)) -> 1 | CA74: =IF(W74<>"", VLOOKUP(W74,$O$3:$P$13,2,0), "") -> A | CB74: =IF(X74<>"", VLOOKUP(X74,$O$3:$P$13,2,0), "") -> Wild | CC74: =IF(Y74<>"", VLOOKUP(Y74,$O$3:$P$13,2,0), "") -> M1
A75: WK | B75: WW,K | C75: =C$3+C$8 -> 28 | D75: =D$3+D$8 -> 49 | E75: =E$3+E$8 -> 48 | H75: WK | I75: WW,K | J75: =J$3+J$8 -> 28 | K75: =K$3+K$8 -> 49 | L75: =L$3+L$8 -> 48 | O75: WK | P75: WW,K | Q75: =Q$3+Q$8 -> 28 | R75: =R$3+R$8 -> 49 | S75: =S$3+S$8 -> 48 | V75: 72 | W75: M3 | X75: WW | Y75: K | AA75: 1 | AB75: 1 | AC75: 1 | AE75: =IF(AA74="","",AA74) -> 1 | AF75: =IF(AB74="","",AB74) -> 1 | AG75: =IF(AC74="","",AC74) -> 1 | AI75: =IF(AA73="","",AA73) -> 1 | AJ75: =IF(AB73="","",AB73) -> 1 | AK75: =IF(AC73="","",AC73) -> 1 | AM75: 1 | AN75: 1 | AO75: 1 | AQ75: =IF(AM74="","",AM74) -> 1 | AR75: =IF(AN74="","",AN74) -> 1 | AS75: =IF(AO74="","",AO74) -> 1 | AU75: =IF(AM73="","",AM73) -> 1 | AV75: =IF(AN73="","",AN73) -> 1 | AW75: =IF(AO73="","",AO73) -> 1 | AY75: 1 | AZ75: 1 | BA75: 1 | BC75: =IF(AY74="","",AY74) -> 1 | BD75: =IF(AZ74="","",AZ74) -> 1 | BE75: =IF(BA74="","",BA74) -> 1 | BG75: =IF(AY73="","",AY73) -> 1 | BH75: =IF(AZ73="","",AZ73) -> 1 | BI75: =IF(BA73="","",BA73) -> 1 | BK75: 1 | BL75: 1 | BM75: 1 | BO75: =IF(BK74="","",BK74) -> 1 | BP75: =IF(BL74="","",BL74) -> 1 | BQ75: =IF(BM74="","",BM74) -> 1 | BS75: =IF(BK73="","",BK73) -> 1 | BT75: =IF(BL73="","",BL73) -> 1 | BU75: =IF(BM73="","",BM73) -> 1 | BW75: =IF(W75="","",VLOOKUP('Regular Symbol'!W75,'Regular Symbol'!$O$3:$T$13,6,0)) -> 3 | BX75: =IF(X75="","",VLOOKUP('Regular Symbol'!X75,'Regular Symbol'!$O$3:$T$13,6,0)) -> 0 | BY75: =IF(Y75="","",VLOOKUP('Regular Symbol'!Y75,'Regular Symbol'!$O$3:$T$13,6,0)) -> 5 | CA75: =IF(W75<>"", VLOOKUP(W75,$O$3:$P$13,2,0), "") -> M3 | CB75: =IF(X75<>"", VLOOKUP(X75,$O$3:$P$13,2,0), "") -> Wild | CC75: =IF(Y75<>"", VLOOKUP(Y75,$O$3:$P$13,2,0), "") -> K
A76: WQ | B76: WW,Q | C76: =C$3+C$9 -> 26 | D76: =D$3+D$9 -> 50 | E76: =E$3+E$9 -> 48 | H76: WQ | I76: WW,Q | J76: =J$3+J$9 -> 26 | K76: =K$3+K$9 -> 50 | L76: =L$3+L$9 -> 48 | O76: WQ | P76: WW,Q | Q76: =Q$3+Q$9 -> 26 | R76: =R$3+R$9 -> 50 | S76: =S$3+S$9 -> 48 | V76: 73 | W76: M3 | X76: M2 | Y76: K | AA76: 1 | AB76: 1 | AC76: 1 | AE76: =IF(AA75="","",AA75) -> 1 | AF76: =IF(AB75="","",AB75) -> 1 | AG76: =IF(AC75="","",AC75) -> 1 | AI76: =IF(AA74="","",AA74) -> 1 | AJ76: =IF(AB74="","",AB74) -> 1 | AK76: =IF(AC74="","",AC74) -> 1 | AM76: 1 | AN76: 1 | AO76: 1 | AQ76: =IF(AM75="","",AM75) -> 1 | AR76: =IF(AN75="","",AN75) -> 1 | AS76: =IF(AO75="","",AO75) -> 1 | AU76: =IF(AM74="","",AM74) -> 1 | AV76: =IF(AN74="","",AN74) -> 1 | AW76: =IF(AO74="","",AO74) -> 1 | AY76: 1 | AZ76: 1 | BA76: 1 | BC76: =IF(AY75="","",AY75) -> 1 | BD76: =IF(AZ75="","",AZ75) -> 1 | BE76: =IF(BA75="","",BA75) -> 1 | BG76: =IF(AY74="","",AY74) -> 1 | BH76: =IF(AZ74="","",AZ74) -> 1 | BI76: =IF(BA74="","",BA74) -> 1 | BK76: 1 | BL76: 1 | BM76: 1 | BO76: =IF(BK75="","",BK75) -> 1 | BP76: =IF(BL75="","",BL75) -> 1 | BQ76: =IF(BM75="","",BM75) -> 1 | BS76: =IF(BK74="","",BK74) -> 1 | BT76: =IF(BL74="","",BL74) -> 1 | BU76: =IF(BM74="","",BM74) -> 1 | BW76: =IF(W76="","",VLOOKUP('Regular Symbol'!W76,'Regular Symbol'!$O$3:$T$13,6,0)) -> 3 | BX76: =IF(X76="","",VLOOKUP('Regular Symbol'!X76,'Regular Symbol'!$O$3:$T$13,6,0)) -> 2 | BY76: =IF(Y76="","",VLOOKUP('Regular Symbol'!Y76,'Regular Symbol'!$O$3:$T$13,6,0)) -> 5 | CA76: =IF(W76<>"", VLOOKUP(W76,$O$3:$P$13,2,0), "") -> M3 | CB76: =IF(X76<>"", VLOOKUP(X76,$O$3:$P$13,2,0), "") -> M2 | CC76: =IF(Y76<>"", VLOOKUP(Y76,$O$3:$P$13,2,0), "") -> K
A77: WJ | B77: WW,J | C77: =C$3+C$10 -> 28 | D77: =D$3+D$10 -> 47 | E77: =E$3+E$10 -> 48 | H77: WJ | I77: WW,J | J77: =J$3+J$10 -> 28 | K77: =K$3+K$10 -> 47 | L77: =L$3+L$10 -> 48 | O77: WJ | P77: WW,J | Q77: =Q$3+Q$10 -> 28 | R77: =R$3+R$10 -> 47 | S77: =S$3+S$10 -> 48 | V77: 74 | W77: J | X77: M2 | Y77: M1 | AA77: 1 | AB77: 1 | AC77: 1 | AE77: =IF(AA76="","",AA76) -> 1 | AF77: =IF(AB76="","",AB76) -> 1 | AG77: =IF(AC76="","",AC76) -> 1 | AI77: =IF(AA75="","",AA75) -> 1 | AJ77: =IF(AB75="","",AB75) -> 1 | AK77: =IF(AC75="","",AC75) -> 1 | AM77: 1 | AN77: 1 | AO77: 1 | AQ77: =IF(AM76="","",AM76) -> 1 | AR77: =IF(AN76="","",AN76) -> 1 | AS77: =IF(AO76="","",AO76) -> 1 | AU77: =IF(AM75="","",AM75) -> 1 | AV77: =IF(AN75="","",AN75) -> 1 | AW77: =IF(AO75="","",AO75) -> 1 | AY77: 1 | AZ77: 1 | BA77: 1 | BC77: =IF(AY76="","",AY76) -> 1 | BD77: =IF(AZ76="","",AZ76) -> 1 | BE77: =IF(BA76="","",BA76) -> 1 | BG77: =IF(AY75="","",AY75) -> 1 | BH77: =IF(AZ75="","",AZ75) -> 1 | BI77: =IF(BA75="","",BA75) -> 1 | BK77: 1 | BL77: 1 | BM77: 1 | BO77: =IF(BK76="","",BK76) -> 1 | BP77: =IF(BL76="","",BL76) -> 1 | BQ77: =IF(BM76="","",BM76) -> 1 | BS77: =IF(BK75="","",BK75) -> 1 | BT77: =IF(BL75="","",BL75) -> 1 | BU77: =IF(BM75="","",BM75) -> 1 | BW77: =IF(W77="","",VLOOKUP('Regular Symbol'!W77,'Regular Symbol'!$O$3:$T$13,6,0)) -> 7 | BX77: =IF(X77="","",VLOOKUP('Regular Symbol'!X77,'Regular Symbol'!$O$3:$T$13,6,0)) -> 2 | BY77: =IF(Y77="","",VLOOKUP('Regular Symbol'!Y77,'Regular Symbol'!$O$3:$T$13,6,0)) -> 1 | CA77: =IF(W77<>"", VLOOKUP(W77,$O$3:$P$13,2,0), "") -> J | CB77: =IF(X77<>"", VLOOKUP(X77,$O$3:$P$13,2,0), "") -> M2 | CC77: =IF(Y77<>"", VLOOKUP(Y77,$O$3:$P$13,2,0), "") -> M1
V78: 75 | W78: J | X78: J | Y78: M1 | AA78: 1 | AB78: 1 | AC78: 1 | AE78: =IF(AA77="","",AA77) -> 1 | AF78: =IF(AB77="","",AB77) -> 1 | AG78: =IF(AC77="","",AC77) -> 1 | AI78: =IF(AA76="","",AA76) -> 1 | AJ78: =IF(AB76="","",AB76) -> 1 | AK78: =IF(AC76="","",AC76) -> 1 | AM78: 1 | AN78: 1 | AO78: 1 | AQ78: =IF(AM77="","",AM77) -> 1 | AR78: =IF(AN77="","",AN77) -> 1 | AS78: =IF(AO77="","",AO77) -> 1 | AU78: =IF(AM76="","",AM76) -> 1 | AV78: =IF(AN76="","",AN76) -> 1 | AW78: =IF(AO76="","",AO76) -> 1 | AY78: 1 | AZ78: 1 | BA78: 1 | BC78: =IF(AY77="","",AY77) -> 1 | BD78: =IF(AZ77="","",AZ77) -> 1 | BE78: =IF(BA77="","",BA77) -> 1 | BG78: =IF(AY76="","",AY76) -> 1 | BH78: =IF(AZ76="","",AZ76) -> 1 | BI78: =IF(BA76="","",BA76) -> 1 | BK78: 1 | BL78: 1 | BM78: 1 | BO78: =IF(BK77="","",BK77) -> 1 | BP78: =IF(BL77="","",BL77) -> 1 | BQ78: =IF(BM77="","",BM77) -> 1 | BS78: =IF(BK76="","",BK76) -> 1 | BT78: =IF(BL76="","",BL76) -> 1 | BU78: =IF(BM76="","",BM76) -> 1 | BW78: =IF(W78="","",VLOOKUP('Regular Symbol'!W78,'Regular Symbol'!$O$3:$T$13,6,0)) -> 7 | BX78: =IF(X78="","",VLOOKUP('Regular Symbol'!X78,'Regular Symbol'!$O$3:$T$13,6,0)) -> 7 | BY78: =IF(Y78="","",VLOOKUP('Regular Symbol'!Y78,'Regular Symbol'!$O$3:$T$13,6,0)) -> 1 | CA78: =IF(W78<>"", VLOOKUP(W78,$O$3:$P$13,2,0), "") -> J | CB78: =IF(X78<>"", VLOOKUP(X78,$O$3:$P$13,2,0), "") -> J | CC78: =IF(Y78<>"", VLOOKUP(Y78,$O$3:$P$13,2,0), "") -> M1
A79: Super Feature Buy Row 1 | H79: Super Feature Buy Row 2 | O79: Super Feature Buy Row 3 | V79: 76 | W79: A | X79: J | Y79: M1 | AA79: 1 | AB79: 1 | AC79: 1 | AE79: =IF(AA78="","",AA78) -> 1 | AF79: =IF(AB78="","",AB78) -> 1 | AG79: =IF(AC78="","",AC78) -> 1 | AI79: =IF(AA77="","",AA77) -> 1 | AJ79: =IF(AB77="","",AB77) -> 1 | AK79: =IF(AC77="","",AC77) -> 1 | AM79: 1 | AN79: 1 | AO79: 1 | AQ79: =IF(AM78="","",AM78) -> 1 | AR79: =IF(AN78="","",AN78) -> 1 | AS79: =IF(AO78="","",AO78) -> 1 | AU79: =IF(AM77="","",AM77) -> 1 | AV79: =IF(AN77="","",AN77) -> 1 | AW79: =IF(AO77="","",AO77) -> 1 | AY79: 1 | AZ79: 1 | BA79: 1 | BC79: =IF(AY78="","",AY78) -> 1 | BD79: =IF(AZ78="","",AZ78) -> 1 | BE79: =IF(BA78="","",BA78) -> 1 | BG79: =IF(AY77="","",AY77) -> 1 | BH79: =IF(AZ77="","",AZ77) -> 1 | BI79: =IF(BA77="","",BA77) -> 1 | BK79: 1 | BL79: 1 | BM79: 1 | BO79: =IF(BK78="","",BK78) -> 1 | BP79: =IF(BL78="","",BL78) -> 1 | BQ79: =IF(BM78="","",BM78) -> 1 | BS79: =IF(BK77="","",BK77) -> 1 | BT79: =IF(BL77="","",BL77) -> 1 | BU79: =IF(BM77="","",BM77) -> 1 | BW79: =IF(W79="","",VLOOKUP('Regular Symbol'!W79,'Regular Symbol'!$O$3:$T$13,6,0)) -> 4 | BX79: =IF(X79="","",VLOOKUP('Regular Symbol'!X79,'Regular Symbol'!$O$3:$T$13,6,0)) -> 7 | BY79: =IF(Y79="","",VLOOKUP('Regular Symbol'!Y79,'Regular Symbol'!$O$3:$T$13,6,0)) -> 1 | CA79: =IF(W79<>"", VLOOKUP(W79,$O$3:$P$13,2,0), "") -> A | CB79: =IF(X79<>"", VLOOKUP(X79,$O$3:$P$13,2,0), "") -> J | CC79: =IF(Y79<>"", VLOOKUP(Y79,$O$3:$P$13,2,0), "") -> M1
A80: Symbol | B80: Symbol Name | C80: R1 | D80: R2 | E80: R3 | F80: ID | H80: Symbol | I80: Symbol Name | J80: R1 | K80: R2 | L80: R3 | M80: ID | O80: Symbol | P80: Symbol Name | Q80: R1 | R80: R2 | S80: R3 | T80: ID | V80: 77 | W80: A | X80: M1 | Y80: Q | AA80: 1 | AB80: 1 | AC80: 1 | AE80: =IF(AA79="","",AA79) -> 1 | AF80: =IF(AB79="","",AB79) -> 1 | AG80: =IF(AC79="","",AC79) -> 1 | AI80: =IF(AA78="","",AA78) -> 1 | AJ80: =IF(AB78="","",AB78) -> 1 | AK80: =IF(AC78="","",AC78) -> 1 | AM80: 1 | AN80: 1 | AO80: 1 | AQ80: =IF(AM79="","",AM79) -> 1 | AR80: =IF(AN79="","",AN79) -> 1 | AS80: =IF(AO79="","",AO79) -> 1 | AU80: =IF(AM78="","",AM78) -> 1 | AV80: =IF(AN78="","",AN78) -> 1 | AW80: =IF(AO78="","",AO78) -> 1 | AY80: 1 | AZ80: 1 | BA80: 1 | BC80: =IF(AY79="","",AY79) -> 1 | BD80: =IF(AZ79="","",AZ79) -> 1 | BE80: =IF(BA79="","",BA79) -> 1 | BG80: =IF(AY78="","",AY78) -> 1 | BH80: =IF(AZ78="","",AZ78) -> 1 | BI80: =IF(BA78="","",BA78) -> 1 | BK80: 1 | BL80: 1 | BM80: 1 | BO80: =IF(BK79="","",BK79) -> 1 | BP80: =IF(BL79="","",BL79) -> 1 | BQ80: =IF(BM79="","",BM79) -> 1 | BS80: =IF(BK78="","",BK78) -> 1 | BT80: =IF(BL78="","",BL78) -> 1 | BU80: =IF(BM78="","",BM78) -> 1 | BW80: =IF(W80="","",VLOOKUP('Regular Symbol'!W80,'Regular Symbol'!$O$3:$T$13,6,0)) -> 4 | BX80: =IF(X80="","",VLOOKUP('Regular Symbol'!X80,'Regular Symbol'!$O$3:$T$13,6,0)) -> 1 | BY80: =IF(Y80="","",VLOOKUP('Regular Symbol'!Y80,'Regular Symbol'!$O$3:$T$13,6,0)) -> 6 | CA80: =IF(W80<>"", VLOOKUP(W80,$O$3:$P$13,2,0), "") -> A | CB80: =IF(X80<>"", VLOOKUP(X80,$O$3:$P$13,2,0), "") -> M1 | CC80: =IF(Y80<>"", VLOOKUP(Y80,$O$3:$P$13,2,0), "") -> Q
A81: WW | B81: Wild | C81: =SUMIF(W$3:W$211, $A81, BK$3:BK$211) -> 9 | D81: =SUMIF(X$3:X$211, $A81, BL$3:BL$211) -> 21 | E81: =SUMIF(Y$3:Y$211, $A81, BM$3:BM$211) -> 21 | F81: 0 | H81: {=A81:B88} -> WW | I81: Wild | J81: =SUMIF(W$3:W$211, $H81, BO$3:BO$211) -> 9 | K81: =SUMIF(X$3:X$211, $H81, BP$3:BP$211) -> 21 | L81: =SUMIF(Y$3:Y$211, $H81, BQ$3:BQ$211) -> 21 | M81: 0 | O81: {=_xlfn.ANCHORARRAY(H81)} -> WW | P81: Wild | Q81: =SUMIF(W$3:W$211, $H81, BS$3:BS$211) -> 9 | R81: =SUMIF(X$3:X$211, $H81, BT$3:BT$211) -> 21 | S81: =SUMIF(Y$3:Y$211, $H81, BU$3:BU$211) -> 21 | T81: 0 | V81: 78 | W81: Q | X81: M1 | Y81: Q | AA81: 1 | AB81: 1 | AC81: 1 | AE81: =IF(AA80="","",AA80) -> 1 | AF81: =IF(AB80="","",AB80) -> 1 | AG81: =IF(AC80="","",AC80) -> 1 | AI81: =IF(AA79="","",AA79) -> 1 | AJ81: =IF(AB79="","",AB79) -> 1 | AK81: =IF(AC79="","",AC79) -> 1 | AM81: 1 | AN81: 1 | AO81: 1 | AQ81: =IF(AM80="","",AM80) -> 1 | AR81: =IF(AN80="","",AN80) -> 1 | AS81: =IF(AO80="","",AO80) -> 1 | AU81: =IF(AM79="","",AM79) -> 1 | AV81: =IF(AN79="","",AN79) -> 1 | AW81: =IF(AO79="","",AO79) -> 1 | AY81: 1 | AZ81: 1 | BA81: 1 | BC81: =IF(AY80="","",AY80) -> 1 | BD81: =IF(AZ80="","",AZ80) -> 1 | BE81: =IF(BA80="","",BA80) -> 1 | BG81: =IF(AY79="","",AY79) -> 1 | BH81: =IF(AZ79="","",AZ79) -> 1 | BI81: =IF(BA79="","",BA79) -> 1 | BK81: 1 | BL81: 1 | BM81: 1 | BO81: =IF(BK80="","",BK80) -> 1 | BP81: =IF(BL80="","",BL80) -> 1 | BQ81: =IF(BM80="","",BM80) -> 1 | BS81: =IF(BK79="","",BK79) -> 1 | BT81: =IF(BL79="","",BL79) -> 1 | BU81: =IF(BM79="","",BM79) -> 1 | BW81: =IF(W81="","",VLOOKUP('Regular Symbol'!W81,'Regular Symbol'!$O$3:$T$13,6,0)) -> 6 | BX81: =IF(X81="","",VLOOKUP('Regular Symbol'!X81,'Regular Symbol'!$O$3:$T$13,6,0)) -> 1 | BY81: =IF(Y81="","",VLOOKUP('Regular Symbol'!Y81,'Regular Symbol'!$O$3:$T$13,6,0)) -> 6 | CA81: =IF(W81<>"", VLOOKUP(W81,$O$3:$P$13,2,0), "") -> Q | CB81: =IF(X81<>"", VLOOKUP(X81,$O$3:$P$13,2,0), "") -> M1 | CC81: =IF(Y81<>"", VLOOKUP(Y81,$O$3:$P$13,2,0), "") -> Q
A82: M1 | B82: M1 | C82: =SUMIF(W$3:W$211, $A82, BK$3:BK$211) -> 14 | D82: =SUMIF(X$3:X$211, $A82, BL$3:BL$211) -> 24 | E82: =SUMIF(Y$3:Y$211, $A82, BM$3:BM$211) -> 23 | F82: 1 | H82: M1 | I82: M1 | J82: =SUMIF(W$3:W$211, $H82, BO$3:BO$211) -> 14 | K82: =SUMIF(X$3:X$211, $H82, BP$3:BP$211) -> 24 | L82: =SUMIF(Y$3:Y$211, $H82, BQ$3:BQ$211) -> 23 | M82: 1 | O82: M1 | P82: M1 | Q82: =SUMIF(W$3:W$211, $H82, BS$3:BS$211) -> 14 | R82: =SUMIF(X$3:X$211, $H82, BT$3:BT$211) -> 24 | S82: =SUMIF(Y$3:Y$211, $H82, BU$3:BU$211) -> 23 | T82: 1 | V82: 79 | W82: Q | X82: M1 | Y82: M3 | AA82: 1 | AB82: 1 | AC82: 1 | AE82: =IF(AA81="","",AA81) -> 1 | AF82: =IF(AB81="","",AB81) -> 1 | AG82: =IF(AC81="","",AC81) -> 1 | AI82: =IF(AA80="","",AA80) -> 1 | AJ82: =IF(AB80="","",AB80) -> 1 | AK82: =IF(AC80="","",AC80) -> 1 | AM82: 1 | AN82: 1 | AO82: 1 | AQ82: =IF(AM81="","",AM81) -> 1 | AR82: =IF(AN81="","",AN81) -> 1 | AS82: =IF(AO81="","",AO81) -> 1 | AU82: =IF(AM80="","",AM80) -> 1 | AV82: =IF(AN80="","",AN80) -> 1 | AW82: =IF(AO80="","",AO80) -> 1 | AY82: 1 | AZ82: 1 | BA82: 1 | BC82: =IF(AY81="","",AY81) -> 1 | BD82: =IF(AZ81="","",AZ81) -> 1 | BE82: =IF(BA81="","",BA81) -> 1 | BG82: =IF(AY80="","",AY80) -> 1 | BH82: =IF(AZ80="","",AZ80) -> 1 | BI82: =IF(BA80="","",BA80) -> 1 | BK82: 1 | BL82: 1 | BM82: 1 | BO82: =IF(BK81="","",BK81) -> 1 | BP82: =IF(BL81="","",BL81) -> 1 | BQ82: =IF(BM81="","",BM81) -> 1 | BS82: =IF(BK80="","",BK80) -> 1 | BT82: =IF(BL80="","",BL80) -> 1 | BU82: =IF(BM80="","",BM80) -> 1 | BW82: =IF(W82="","",VLOOKUP('Regular Symbol'!W82,'Regular Symbol'!$O$3:$T$13,6,0)) -> 6 | BX82: =IF(X82="","",VLOOKUP('Regular Symbol'!X82,'Regular Symbol'!$O$3:$T$13,6,0)) -> 1 | BY82: =IF(Y82="","",VLOOKUP('Regular Symbol'!Y82,'Regular Symbol'!$O$3:$T$13,6,0)) -> 3 | CA82: =IF(W82<>"", VLOOKUP(W82,$O$3:$P$13,2,0), "") -> Q | CB82: =IF(X82<>"", VLOOKUP(X82,$O$3:$P$13,2,0), "") -> M1 | CC82: =IF(Y82<>"", VLOOKUP(Y82,$O$3:$P$13,2,0), "") -> M3
A83: M2 | B83: M2 | C83: =SUMIF(W$3:W$211, $A83, BK$3:BK$211) -> 13 | D83: =SUMIF(X$3:X$211, $A83, BL$3:BL$211) -> 26 | E83: =SUMIF(Y$3:Y$211, $A83, BM$3:BM$211) -> 27 | F83: 2 | H83: M2 | I83: M2 | J83: =SUMIF(W$3:W$211, $H83, BO$3:BO$211) -> 13 | K83: =SUMIF(X$3:X$211, $H83, BP$3:BP$211) -> 26 | L83: =SUMIF(Y$3:Y$211, $H83, BQ$3:BQ$211) -> 27 | M83: 2 | O83: M2 | P83: M2 | Q83: =SUMIF(W$3:W$211, $H83, BS$3:BS$211) -> 13 | R83: =SUMIF(X$3:X$211, $H83, BT$3:BT$211) -> 26 | S83: =SUMIF(Y$3:Y$211, $H83, BU$3:BU$211) -> 27 | T83: 2 | V83: 80 | W83: M3 | X83: Q | Y83: M3 | AA83: 1 | AB83: 1 | AC83: 1 | AE83: =IF(AA82="","",AA82) -> 1 | AF83: =IF(AB82="","",AB82) -> 1 | AG83: =IF(AC82="","",AC82) -> 1 | AI83: =IF(AA81="","",AA81) -> 1 | AJ83: =IF(AB81="","",AB81) -> 1 | AK83: =IF(AC81="","",AC81) -> 1 | AM83: 1 | AN83: 1 | AO83: 1 | AQ83: =IF(AM82="","",AM82) -> 1 | AR83: =IF(AN82="","",AN82) -> 1 | AS83: =IF(AO82="","",AO82) -> 1 | AU83: =IF(AM81="","",AM81) -> 1 | AV83: =IF(AN81="","",AN81) -> 1 | AW83: =IF(AO81="","",AO81) -> 1 | AY83: 1 | AZ83: 1 | BA83: 1 | BC83: =IF(AY82="","",AY82) -> 1 | BD83: =IF(AZ82="","",AZ82) -> 1 | BE83: =IF(BA82="","",BA82) -> 1 | BG83: =IF(AY81="","",AY81) -> 1 | BH83: =IF(AZ81="","",AZ81) -> 1 | BI83: =IF(BA81="","",BA81) -> 1 | BK83: 1 | BL83: 1 | BM83: 1 | BO83: =IF(BK82="","",BK82) -> 1 | BP83: =IF(BL82="","",BL82) -> 1 | BQ83: =IF(BM82="","",BM82) -> 1 | BS83: =IF(BK81="","",BK81) -> 1 | BT83: =IF(BL81="","",BL81) -> 1 | BU83: =IF(BM81="","",BM81) -> 1 | BW83: =IF(W83="","",VLOOKUP('Regular Symbol'!W83,'Regular Symbol'!$O$3:$T$13,6,0)) -> 3 | BX83: =IF(X83="","",VLOOKUP('Regular Symbol'!X83,'Regular Symbol'!$O$3:$T$13,6,0)) -> 6 | BY83: =IF(Y83="","",VLOOKUP('Regular Symbol'!Y83,'Regular Symbol'!$O$3:$T$13,6,0)) -> 3 | CA83: =IF(W83<>"", VLOOKUP(W83,$O$3:$P$13,2,0), "") -> M3 | CB83: =IF(X83<>"", VLOOKUP(X83,$O$3:$P$13,2,0), "") -> Q | CC83: =IF(Y83<>"", VLOOKUP(Y83,$O$3:$P$13,2,0), "") -> M3
A84: M3 | B84: M3 | C84: =SUMIF(W$3:W$211, $A84, BK$3:BK$211) -> 14 | D84: =SUMIF(X$3:X$211, $A84, BL$3:BL$211) -> 25 | E84: =SUMIF(Y$3:Y$211, $A84, BM$3:BM$211) -> 28 | F84: 3 | H84: M3 | I84: M3 | J84: =SUMIF(W$3:W$211, $H84, BO$3:BO$211) -> 14 | K84: =SUMIF(X$3:X$211, $H84, BP$3:BP$211) -> 25 | L84: =SUMIF(Y$3:Y$211, $H84, BQ$3:BQ$211) -> 28 | M84: 3 | O84: M3 | P84: M3 | Q84: =SUMIF(W$3:W$211, $H84, BS$3:BS$211) -> 14 | R84: =SUMIF(X$3:X$211, $H84, BT$3:BT$211) -> 25 | S84: =SUMIF(Y$3:Y$211, $H84, BU$3:BU$211) -> 28 | T84: 3 | V84: 81 | W84: M3 | X84: Q | Y84: M3 | AA84: 1 | AB84: 1 | AC84: 1 | AE84: =IF(AA83="","",AA83) -> 1 | AF84: =IF(AB83="","",AB83) -> 1 | AG84: =IF(AC83="","",AC83) -> 1 | AI84: =IF(AA82="","",AA82) -> 1 | AJ84: =IF(AB82="","",AB82) -> 1 | AK84: =IF(AC82="","",AC82) -> 1 | AM84: 1 | AN84: 1 | AO84: 1 | AQ84: =IF(AM83="","",AM83) -> 1 | AR84: =IF(AN83="","",AN83) -> 1 | AS84: =IF(AO83="","",AO83) -> 1 | AU84: =IF(AM82="","",AM82) -> 1 | AV84: =IF(AN82="","",AN82) -> 1 | AW84: =IF(AO82="","",AO82) -> 1 | AY84: 1 | AZ84: 1 | BA84: 1 | BC84: =IF(AY83="","",AY83) -> 1 | BD84: =IF(AZ83="","",AZ83) -> 1 | BE84: =IF(BA83="","",BA83) -> 1 | BG84: =IF(AY82="","",AY82) -> 1 | BH84: =IF(AZ82="","",AZ82) -> 1 | BI84: =IF(BA82="","",BA82) -> 1 | BK84: 1 | BL84: 1 | BM84: 1 | BO84: =IF(BK83="","",BK83) -> 1 | BP84: =IF(BL83="","",BL83) -> 1 | BQ84: =IF(BM83="","",BM83) -> 1 | BS84: =IF(BK82="","",BK82) -> 1 | BT84: =IF(BL82="","",BL82) -> 1 | BU84: =IF(BM82="","",BM82) -> 1 | BW84: =IF(W84="","",VLOOKUP('Regular Symbol'!W84,'Regular Symbol'!$O$3:$T$13,6,0)) -> 3 | BX84: =IF(X84="","",VLOOKUP('Regular Symbol'!X84,'Regular Symbol'!$O$3:$T$13,6,0)) -> 6 | BY84: =IF(Y84="","",VLOOKUP('Regular Symbol'!Y84,'Regular Symbol'!$O$3:$T$13,6,0)) -> 3 | CA84: =IF(W84<>"", VLOOKUP(W84,$O$3:$P$13,2,0), "") -> M3 | CB84: =IF(X84<>"", VLOOKUP(X84,$O$3:$P$13,2,0), "") -> Q | CC84: =IF(Y84<>"", VLOOKUP(Y84,$O$3:$P$13,2,0), "") -> M3
A85: A | B85: A | C85: =SUMIF(W$3:W$211, $A85, BK$3:BK$211) -> 18 | D85: =SUMIF(X$3:X$211, $A85, BL$3:BL$211) -> 30 | E85: =SUMIF(Y$3:Y$211, $A85, BM$3:BM$211) -> 23 | F85: 4 | H85: A | I85: A | J85: =SUMIF(W$3:W$211, $H85, BO$3:BO$211) -> 18 | K85: =SUMIF(X$3:X$211, $H85, BP$3:BP$211) -> 30 | L85: =SUMIF(Y$3:Y$211, $H85, BQ$3:BQ$211) -> 23 | M85: 4 | O85: A | P85: A | Q85: =SUMIF(W$3:W$211, $H85, BS$3:BS$211) -> 18 | R85: =SUMIF(X$3:X$211, $H85, BT$3:BT$211) -> 30 | S85: =SUMIF(Y$3:Y$211, $H85, BU$3:BU$211) -> 23 | T85: 4 | V85: 82 | W85: K | X85: A | Y85: J | AA85: 1 | AB85: 1 | AC85: 1 | AE85: =IF(AA84="","",AA84) -> 1 | AF85: =IF(AB84="","",AB84) -> 1 | AG85: =IF(AC84="","",AC84) -> 1 | AI85: =IF(AA83="","",AA83) -> 1 | AJ85: =IF(AB83="","",AB83) -> 1 | AK85: =IF(AC83="","",AC83) -> 1 | AM85: 1 | AN85: 1 | AO85: 1 | AQ85: =IF(AM84="","",AM84) -> 1 | AR85: =IF(AN84="","",AN84) -> 1 | AS85: =IF(AO84="","",AO84) -> 1 | AU85: =IF(AM83="","",AM83) -> 1 | AV85: =IF(AN83="","",AN83) -> 1 | AW85: =IF(AO83="","",AO83) -> 1 | AY85: 1 | AZ85: 1 | BA85: 1 | BC85: =IF(AY84="","",AY84) -> 1 | BD85: =IF(AZ84="","",AZ84) -> 1 | BE85: =IF(BA84="","",BA84) -> 1 | BG85: =IF(AY83="","",AY83) -> 1 | BH85: =IF(AZ83="","",AZ83) -> 1 | BI85: =IF(BA83="","",BA83) -> 1 | BK85: 1 | BL85: 1 | BM85: 1 | BO85: =IF(BK84="","",BK84) -> 1 | BP85: =IF(BL84="","",BL84) -> 1 | BQ85: =IF(BM84="","",BM84) -> 1 | BS85: =IF(BK83="","",BK83) -> 1 | BT85: =IF(BL83="","",BL83) -> 1 | BU85: =IF(BM83="","",BM83) -> 1 | BW85: =IF(W85="","",VLOOKUP('Regular Symbol'!W85,'Regular Symbol'!$O$3:$T$13,6,0)) -> 5 | BX85: =IF(X85="","",VLOOKUP('Regular Symbol'!X85,'Regular Symbol'!$O$3:$T$13,6,0)) -> 4 | BY85: =IF(Y85="","",VLOOKUP('Regular Symbol'!Y85,'Regular Symbol'!$O$3:$T$13,6,0)) -> 7 | CA85: =IF(W85<>"", VLOOKUP(W85,$O$3:$P$13,2,0), "") -> K | CB85: =IF(X85<>"", VLOOKUP(X85,$O$3:$P$13,2,0), "") -> A | CC85: =IF(Y85<>"", VLOOKUP(Y85,$O$3:$P$13,2,0), "") -> J
A86: K | B86: K | C86: =SUMIF(W$3:W$211, $A86, BK$3:BK$211) -> 19 | D86: =SUMIF(X$3:X$211, $A86, BL$3:BL$211) -> 28 | E86: =SUMIF(Y$3:Y$211, $A86, BM$3:BM$211) -> 27 | F86: 5 | H86: K | I86: K | J86: =SUMIF(W$3:W$211, $H86, BO$3:BO$211) -> 19 | K86: =SUMIF(X$3:X$211, $H86, BP$3:BP$211) -> 28 | L86: =SUMIF(Y$3:Y$211, $H86, BQ$3:BQ$211) -> 27 | M86: 5 | O86: K | P86: K | Q86: =SUMIF(W$3:W$211, $H86, BS$3:BS$211) -> 19 | R86: =SUMIF(X$3:X$211, $H86, BT$3:BT$211) -> 28 | S86: =SUMIF(Y$3:Y$211, $H86, BU$3:BU$211) -> 27 | T86: 5 | V86: 83 | W86: K | X86: A | Y86: J | AA86: 1 | AB86: 1 | AC86: 1 | AE86: =IF(AA85="","",AA85) -> 1 | AF86: =IF(AB85="","",AB85) -> 1 | AG86: =IF(AC85="","",AC85) -> 1 | AI86: =IF(AA84="","",AA84) -> 1 | AJ86: =IF(AB84="","",AB84) -> 1 | AK86: =IF(AC84="","",AC84) -> 1 | AM86: 1 | AN86: 1 | AO86: 1 | AQ86: =IF(AM85="","",AM85) -> 1 | AR86: =IF(AN85="","",AN85) -> 1 | AS86: =IF(AO85="","",AO85) -> 1 | AU86: =IF(AM84="","",AM84) -> 1 | AV86: =IF(AN84="","",AN84) -> 1 | AW86: =IF(AO84="","",AO84) -> 1 | AY86: 1 | AZ86: 1 | BA86: 1 | BC86: =IF(AY85="","",AY85) -> 1 | BD86: =IF(AZ85="","",AZ85) -> 1 | BE86: =IF(BA85="","",BA85) -> 1 | BG86: =IF(AY84="","",AY84) -> 1 | BH86: =IF(AZ84="","",AZ84) -> 1 | BI86: =IF(BA84="","",BA84) -> 1 | BK86: 1 | BL86: 1 | BM86: 1 | BO86: =IF(BK85="","",BK85) -> 1 | BP86: =IF(BL85="","",BL85) -> 1 | BQ86: =IF(BM85="","",BM85) -> 1 | BS86: =IF(BK84="","",BK84) -> 1 | BT86: =IF(BL84="","",BL84) -> 1 | BU86: =IF(BM84="","",BM84) -> 1 | BW86: =IF(W86="","",VLOOKUP('Regular Symbol'!W86,'Regular Symbol'!$O$3:$T$13,6,0)) -> 5 | BX86: =IF(X86="","",VLOOKUP('Regular Symbol'!X86,'Regular Symbol'!$O$3:$T$13,6,0)) -> 4 | BY86: =IF(Y86="","",VLOOKUP('Regular Symbol'!Y86,'Regular Symbol'!$O$3:$T$13,6,0)) -> 7 | CA86: =IF(W86<>"", VLOOKUP(W86,$O$3:$P$13,2,0), "") -> K | CB86: =IF(X86<>"", VLOOKUP(X86,$O$3:$P$13,2,0), "") -> A | CC86: =IF(Y86<>"", VLOOKUP(Y86,$O$3:$P$13,2,0), "") -> J
A87: Q | B87: Q | C87: =SUMIF(W$3:W$211, $A87, BK$3:BK$211) -> 17 | D87: =SUMIF(X$3:X$211, $A87, BL$3:BL$211) -> 29 | E87: =SUMIF(Y$3:Y$211, $A87, BM$3:BM$211) -> 27 | F87: 6 | H87: Q | I87: Q | J87: =SUMIF(W$3:W$211, $H87, BO$3:BO$211) -> 17 | K87: =SUMIF(X$3:X$211, $H87, BP$3:BP$211) -> 29 | L87: =SUMIF(Y$3:Y$211, $H87, BQ$3:BQ$211) -> 27 | M87: 6 | O87: Q | P87: Q | Q87: =SUMIF(W$3:W$211, $H87, BS$3:BS$211) -> 17 | R87: =SUMIF(X$3:X$211, $H87, BT$3:BT$211) -> 29 | S87: =SUMIF(Y$3:Y$211, $H87, BU$3:BU$211) -> 27 | T87: 6 | V87: 84 | W87: J | X87: M2 | Y87: J | AA87: 1 | AB87: 1 | AC87: 1 | AE87: =IF(AA86="","",AA86) -> 1 | AF87: =IF(AB86="","",AB86) -> 1 | AG87: =IF(AC86="","",AC86) -> 1 | AI87: =IF(AA85="","",AA85) -> 1 | AJ87: =IF(AB85="","",AB85) -> 1 | AK87: =IF(AC85="","",AC85) -> 1 | AM87: 1 | AN87: 1 | AO87: 1 | AQ87: =IF(AM86="","",AM86) -> 1 | AR87: =IF(AN86="","",AN86) -> 1 | AS87: =IF(AO86="","",AO86) -> 1 | AU87: =IF(AM85="","",AM85) -> 1 | AV87: =IF(AN85="","",AN85) -> 1 | AW87: =IF(AO85="","",AO85) -> 1 | AY87: 1 | AZ87: 1 | BA87: 1 | BC87: =IF(AY86="","",AY86) -> 1 | BD87: =IF(AZ86="","",AZ86) -> 1 | BE87: =IF(BA86="","",BA86) -> 1 | BG87: =IF(AY85="","",AY85) -> 1 | BH87: =IF(AZ85="","",AZ85) -> 1 | BI87: =IF(BA85="","",BA85) -> 1 | BK87: 1 | BL87: 1 | BM87: 1 | BO87: =IF(BK86="","",BK86) -> 1 | BP87: =IF(BL86="","",BL86) -> 1 | BQ87: =IF(BM86="","",BM86) -> 1 | BS87: =IF(BK85="","",BK85) -> 1 | BT87: =IF(BL85="","",BL85) -> 1 | BU87: =IF(BM85="","",BM85) -> 1 | BW87: =IF(W87="","",VLOOKUP('Regular Symbol'!W87,'Regular Symbol'!$O$3:$T$13,6,0)) -> 7 | BX87: =IF(X87="","",VLOOKUP('Regular Symbol'!X87,'Regular Symbol'!$O$3:$T$13,6,0)) -> 2 | BY87: =IF(Y87="","",VLOOKUP('Regular Symbol'!Y87,'Regular Symbol'!$O$3:$T$13,6,0)) -> 7 | CA87: =IF(W87<>"", VLOOKUP(W87,$O$3:$P$13,2,0), "") -> J | CB87: =IF(X87<>"", VLOOKUP(X87,$O$3:$P$13,2,0), "") -> M2 | CC87: =IF(Y87<>"", VLOOKUP(Y87,$O$3:$P$13,2,0), "") -> J
A88: J | B88: J | C88: =SUMIF(W$3:W$211, $A88, BK$3:BK$211) -> 19 | D88: =SUMIF(X$3:X$211, $A88, BL$3:BL$211) -> 26 | E88: =SUMIF(Y$3:Y$211, $A88, BM$3:BM$211) -> 27 | F88: 7 | H88: J | I88: J | J88: =SUMIF(W$3:W$211, $H88, BO$3:BO$211) -> 19 | K88: =SUMIF(X$3:X$211, $H88, BP$3:BP$211) -> 26 | L88: =SUMIF(Y$3:Y$211, $H88, BQ$3:BQ$211) -> 27 | M88: 7 | O88: J | P88: J | Q88: =SUMIF(W$3:W$211, $H88, BS$3:BS$211) -> 19 | R88: =SUMIF(X$3:X$211, $H88, BT$3:BT$211) -> 26 | S88: =SUMIF(Y$3:Y$211, $H88, BU$3:BU$211) -> 27 | T88: 7 | V88: 85 | W88: J | X88: M2 | Y88: M2 | AA88: 1 | AB88: 1 | AC88: 1 | AE88: =IF(AA87="","",AA87) -> 1 | AF88: =IF(AB87="","",AB87) -> 1 | AG88: =IF(AC87="","",AC87) -> 1 | AI88: =IF(AA86="","",AA86) -> 1 | AJ88: =IF(AB86="","",AB86) -> 1 | AK88: =IF(AC86="","",AC86) -> 1 | AM88: 1 | AN88: 1 | AO88: 1 | AQ88: =IF(AM87="","",AM87) -> 1 | AR88: =IF(AN87="","",AN87) -> 1 | AS88: =IF(AO87="","",AO87) -> 1 | AU88: =IF(AM86="","",AM86) -> 1 | AV88: =IF(AN86="","",AN86) -> 1 | AW88: =IF(AO86="","",AO86) -> 1 | AY88: 1 | AZ88: 1 | BA88: 1 | BC88: =IF(AY87="","",AY87) -> 1 | BD88: =IF(AZ87="","",AZ87) -> 1 | BE88: =IF(BA87="","",BA87) -> 1 | BG88: =IF(AY86="","",AY86) -> 1 | BH88: =IF(AZ86="","",AZ86) -> 1 | BI88: =IF(BA86="","",BA86) -> 1 | BK88: 1 | BL88: 1 | BM88: 1 | BO88: =IF(BK87="","",BK87) -> 1 | BP88: =IF(BL87="","",BL87) -> 1 | BQ88: =IF(BM87="","",BM87) -> 1 | BS88: =IF(BK86="","",BK86) -> 1 | BT88: =IF(BL86="","",BL86) -> 1 | BU88: =IF(BM86="","",BM86) -> 1 | BW88: =IF(W88="","",VLOOKUP('Regular Symbol'!W88,'Regular Symbol'!$O$3:$T$13,6,0)) -> 7 | BX88: =IF(X88="","",VLOOKUP('Regular Symbol'!X88,'Regular Symbol'!$O$3:$T$13,6,0)) -> 2 | BY88: =IF(Y88="","",VLOOKUP('Regular Symbol'!Y88,'Regular Symbol'!$O$3:$T$13,6,0)) -> 2 | CA88: =IF(W88<>"", VLOOKUP(W88,$O$3:$P$13,2,0), "") -> J | CB88: =IF(X88<>"", VLOOKUP(X88,$O$3:$P$13,2,0), "") -> M2 | CC88: =IF(Y88<>"", VLOOKUP(Y88,$O$3:$P$13,2,0), "") -> M2
V89: 86 | W89: M1 | X89: J | Y89: M2 | AA89: 1 | AB89: 1 | AC89: 1 | AE89: =IF(AA88="","",AA88) -> 1 | AF89: =IF(AB88="","",AB88) -> 1 | AG89: =IF(AC88="","",AC88) -> 1 | AI89: =IF(AA87="","",AA87) -> 1 | AJ89: =IF(AB87="","",AB87) -> 1 | AK89: =IF(AC87="","",AC87) -> 1 | AM89: 1 | AN89: 1 | AO89: 1 | AQ89: =IF(AM88="","",AM88) -> 1 | AR89: =IF(AN88="","",AN88) -> 1 | AS89: =IF(AO88="","",AO88) -> 1 | AU89: =IF(AM87="","",AM87) -> 1 | AV89: =IF(AN87="","",AN87) -> 1 | AW89: =IF(AO87="","",AO87) -> 1 | AY89: 1 | AZ89: 1 | BA89: 1 | BC89: =IF(AY88="","",AY88) -> 1 | BD89: =IF(AZ88="","",AZ88) -> 1 | BE89: =IF(BA88="","",BA88) -> 1 | BG89: =IF(AY87="","",AY87) -> 1 | BH89: =IF(AZ87="","",AZ87) -> 1 | BI89: =IF(BA87="","",BA87) -> 1 | BK89: 1 | BL89: 1 | BM89: 1 | BO89: =IF(BK88="","",BK88) -> 1 | BP89: =IF(BL88="","",BL88) -> 1 | BQ89: =IF(BM88="","",BM88) -> 1 | BS89: =IF(BK87="","",BK87) -> 1 | BT89: =IF(BL87="","",BL87) -> 1 | BU89: =IF(BM87="","",BM87) -> 1 | BW89: =IF(W89="","",VLOOKUP('Regular Symbol'!W89,'Regular Symbol'!$O$3:$T$13,6,0)) -> 1 | BX89: =IF(X89="","",VLOOKUP('Regular Symbol'!X89,'Regular Symbol'!$O$3:$T$13,6,0)) -> 7 | BY89: =IF(Y89="","",VLOOKUP('Regular Symbol'!Y89,'Regular Symbol'!$O$3:$T$13,6,0)) -> 2 | CA89: =IF(W89<>"", VLOOKUP(W89,$O$3:$P$13,2,0), "") -> M1 | CB89: =IF(X89<>"", VLOOKUP(X89,$O$3:$P$13,2,0), "") -> J | CC89: =IF(Y89<>"", VLOOKUP(Y89,$O$3:$P$13,2,0), "") -> M2
V90: 87 | W90: M1 | X90: J | Y90: M2 | AA90: 1 | AB90: 1 | AC90: 1 | AE90: =IF(AA89="","",AA89) -> 1 | AF90: =IF(AB89="","",AB89) -> 1 | AG90: =IF(AC89="","",AC89) -> 1 | AI90: =IF(AA88="","",AA88) -> 1 | AJ90: =IF(AB88="","",AB88) -> 1 | AK90: =IF(AC88="","",AC88) -> 1 | AM90: 1 | AN90: 1 | AO90: 1 | AQ90: =IF(AM89="","",AM89) -> 1 | AR90: =IF(AN89="","",AN89) -> 1 | AS90: =IF(AO89="","",AO89) -> 1 | AU90: =IF(AM88="","",AM88) -> 1 | AV90: =IF(AN88="","",AN88) -> 1 | AW90: =IF(AO88="","",AO88) -> 1 | AY90: 1 | AZ90: 1 | BA90: 1 | BC90: =IF(AY89="","",AY89) -> 1 | BD90: =IF(AZ89="","",AZ89) -> 1 | BE90: =IF(BA89="","",BA89) -> 1 | BG90: =IF(AY88="","",AY88) -> 1 | BH90: =IF(AZ88="","",AZ88) -> 1 | BI90: =IF(BA88="","",BA88) -> 1 | BK90: 1 | BL90: 1 | BM90: 1 | BO90: =IF(BK89="","",BK89) -> 1 | BP90: =IF(BL89="","",BL89) -> 1 | BQ90: =IF(BM89="","",BM89) -> 1 | BS90: =IF(BK88="","",BK88) -> 1 | BT90: =IF(BL88="","",BL88) -> 1 | BU90: =IF(BM88="","",BM88) -> 1 | BW90: =IF(W90="","",VLOOKUP('Regular Symbol'!W90,'Regular Symbol'!$O$3:$T$13,6,0)) -> 1 | BX90: =IF(X90="","",VLOOKUP('Regular Symbol'!X90,'Regular Symbol'!$O$3:$T$13,6,0)) -> 7 | BY90: =IF(Y90="","",VLOOKUP('Regular Symbol'!Y90,'Regular Symbol'!$O$3:$T$13,6,0)) -> 2 | CA90: =IF(W90<>"", VLOOKUP(W90,$O$3:$P$13,2,0), "") -> M1 | CB90: =IF(X90<>"", VLOOKUP(X90,$O$3:$P$13,2,0), "") -> J | CC90: =IF(Y90<>"", VLOOKUP(Y90,$O$3:$P$13,2,0), "") -> M2
V91: 88 | W91: A | X91: M3 | Y91: M1 | AA91: 1 | AB91: 1 | AC91: 1 | AE91: =IF(AA90="","",AA90) -> 1 | AF91: =IF(AB90="","",AB90) -> 1 | AG91: =IF(AC90="","",AC90) -> 1 | AI91: =IF(AA89="","",AA89) -> 1 | AJ91: =IF(AB89="","",AB89) -> 1 | AK91: =IF(AC89="","",AC89) -> 1 | AM91: 1 | AN91: 1 | AO91: 1 | AQ91: =IF(AM90="","",AM90) -> 1 | AR91: =IF(AN90="","",AN90) -> 1 | AS91: =IF(AO90="","",AO90) -> 1 | AU91: =IF(AM89="","",AM89) -> 1 | AV91: =IF(AN89="","",AN89) -> 1 | AW91: =IF(AO89="","",AO89) -> 1 | AY91: 1 | AZ91: 1 | BA91: 1 | BC91: =IF(AY90="","",AY90) -> 1 | BD91: =IF(AZ90="","",AZ90) -> 1 | BE91: =IF(BA90="","",BA90) -> 1 | BG91: =IF(AY89="","",AY89) -> 1 | BH91: =IF(AZ89="","",AZ89) -> 1 | BI91: =IF(BA89="","",BA89) -> 1 | BK91: 1 | BL91: 1 | BM91: 1 | BO91: =IF(BK90="","",BK90) -> 1 | BP91: =IF(BL90="","",BL90) -> 1 | BQ91: =IF(BM90="","",BM90) -> 1 | BS91: =IF(BK89="","",BK89) -> 1 | BT91: =IF(BL89="","",BL89) -> 1 | BU91: =IF(BM89="","",BM89) -> 1 | BW91: =IF(W91="","",VLOOKUP('Regular Symbol'!W91,'Regular Symbol'!$O$3:$T$13,6,0)) -> 4 | BX91: =IF(X91="","",VLOOKUP('Regular Symbol'!X91,'Regular Symbol'!$O$3:$T$13,6,0)) -> 3 | BY91: =IF(Y91="","",VLOOKUP('Regular Symbol'!Y91,'Regular Symbol'!$O$3:$T$13,6,0)) -> 1 | CA91: =IF(W91<>"", VLOOKUP(W91,$O$3:$P$13,2,0), "") -> A | CB91: =IF(X91<>"", VLOOKUP(X91,$O$3:$P$13,2,0), "") -> M3 | CC91: =IF(Y91<>"", VLOOKUP(Y91,$O$3:$P$13,2,0), "") -> M1
A92: Total | C92: =SUM(C81:C91) -> 123 | D92: =SUM(D81:D91) -> 209 | E92: =SUM(E81:E91) -> 203 | H92: Total | J92: =SUM(J81:J91) -> 123 | K92: =SUM(K81:K91) -> 209 | L92: =SUM(L81:L91) -> 203 | O92: Total | Q92: =SUM(Q81:Q91) -> 123 | R92: =SUM(R81:R91) -> 209 | S92: =SUM(S81:S91) -> 203 | V92: 89 | W92: A | X92: M3 | Y92: M1 | AA92: 1 | AB92: 1 | AC92: 1 | AE92: =IF(AA91="","",AA91) -> 1 | AF92: =IF(AB91="","",AB91) -> 1 | AG92: =IF(AC91="","",AC91) -> 1 | AI92: =IF(AA90="","",AA90) -> 1 | AJ92: =IF(AB90="","",AB90) -> 1 | AK92: =IF(AC90="","",AC90) -> 1 | AM92: 1 | AN92: 1 | AO92: 1 | AQ92: =IF(AM91="","",AM91) -> 1 | AR92: =IF(AN91="","",AN91) -> 1 | AS92: =IF(AO91="","",AO91) -> 1 | AU92: =IF(AM90="","",AM90) -> 1 | AV92: =IF(AN90="","",AN90) -> 1 | AW92: =IF(AO90="","",AO90) -> 1 | AY92: 1 | AZ92: 1 | BA92: 1 | BC92: =IF(AY91="","",AY91) -> 1 | BD92: =IF(AZ91="","",AZ91) -> 1 | BE92: =IF(BA91="","",BA91) -> 1 | BG92: =IF(AY90="","",AY90) -> 1 | BH92: =IF(AZ90="","",AZ90) -> 1 | BI92: =IF(BA90="","",BA90) -> 1 | BK92: 1 | BL92: 1 | BM92: 1 | BO92: =IF(BK91="","",BK91) -> 1 | BP92: =IF(BL91="","",BL91) -> 1 | BQ92: =IF(BM91="","",BM91) -> 1 | BS92: =IF(BK90="","",BK90) -> 1 | BT92: =IF(BL90="","",BL90) -> 1 | BU92: =IF(BM90="","",BM90) -> 1 | BW92: =IF(W92="","",VLOOKUP('Regular Symbol'!W92,'Regular Symbol'!$O$3:$T$13,6,0)) -> 4 | BX92: =IF(X92="","",VLOOKUP('Regular Symbol'!X92,'Regular Symbol'!$O$3:$T$13,6,0)) -> 3 | BY92: =IF(Y92="","",VLOOKUP('Regular Symbol'!Y92,'Regular Symbol'!$O$3:$T$13,6,0)) -> 1 | CA92: =IF(W92<>"", VLOOKUP(W92,$O$3:$P$13,2,0), "") -> A | CB92: =IF(X92<>"", VLOOKUP(X92,$O$3:$P$13,2,0), "") -> M3 | CC92: =IF(Y92<>"", VLOOKUP(Y92,$O$3:$P$13,2,0), "") -> M1
V93: 90 | W93: Q | X93: A | Y93: M1 | AA93: 1 | AB93: 1 | AC93: 1 | AE93: =IF(AA92="","",AA92) -> 1 | AF93: =IF(AB92="","",AB92) -> 1 | AG93: =IF(AC92="","",AC92) -> 1 | AI93: =IF(AA91="","",AA91) -> 1 | AJ93: =IF(AB91="","",AB91) -> 1 | AK93: =IF(AC91="","",AC91) -> 1 | AM93: 1 | AN93: 1 | AO93: 1 | AQ93: =IF(AM92="","",AM92) -> 1 | AR93: =IF(AN92="","",AN92) -> 1 | AS93: =IF(AO92="","",AO92) -> 1 | AU93: =IF(AM91="","",AM91) -> 1 | AV93: =IF(AN91="","",AN91) -> 1 | AW93: =IF(AO91="","",AO91) -> 1 | AY93: 1 | AZ93: 1 | BA93: 1 | BC93: =IF(AY92="","",AY92) -> 1 | BD93: =IF(AZ92="","",AZ92) -> 1 | BE93: =IF(BA92="","",BA92) -> 1 | BG93: =IF(AY91="","",AY91) -> 1 | BH93: =IF(AZ91="","",AZ91) -> 1 | BI93: =IF(BA91="","",BA91) -> 1 | BK93: 1 | BL93: 1 | BM93: 1 | BO93: =IF(BK92="","",BK92) -> 1 | BP93: =IF(BL92="","",BL92) -> 1 | BQ93: =IF(BM92="","",BM92) -> 1 | BS93: =IF(BK91="","",BK91) -> 1 | BT93: =IF(BL91="","",BL91) -> 1 | BU93: =IF(BM91="","",BM91) -> 1 | BW93: =IF(W93="","",VLOOKUP('Regular Symbol'!W93,'Regular Symbol'!$O$3:$T$13,6,0)) -> 6 | BX93: =IF(X93="","",VLOOKUP('Regular Symbol'!X93,'Regular Symbol'!$O$3:$T$13,6,0)) -> 4 | BY93: =IF(Y93="","",VLOOKUP('Regular Symbol'!Y93,'Regular Symbol'!$O$3:$T$13,6,0)) -> 1 | CA93: =IF(W93<>"", VLOOKUP(W93,$O$3:$P$13,2,0), "") -> Q | CB93: =IF(X93<>"", VLOOKUP(X93,$O$3:$P$13,2,0), "") -> A | CC93: =IF(Y93<>"", VLOOKUP(Y93,$O$3:$P$13,2,0), "") -> M1
A94: Special Include Symbols | H94: Special Include Symbols | O94: Special Include Symbols | V94: 91 | W94: Q | X94: A | Y94: A | AA94: 1 | AB94: 1 | AC94: 1 | AE94: =IF(AA93="","",AA93) -> 1 | AF94: =IF(AB93="","",AB93) -> 1 | AG94: =IF(AC93="","",AC93) -> 1 | AI94: =IF(AA92="","",AA92) -> 1 | AJ94: =IF(AB92="","",AB92) -> 1 | AK94: =IF(AC92="","",AC92) -> 1 | AM94: 1 | AN94: 1 | AO94: 1 | AQ94: =IF(AM93="","",AM93) -> 1 | AR94: =IF(AN93="","",AN93) -> 1 | AS94: =IF(AO93="","",AO93) -> 1 | AU94: =IF(AM92="","",AM92) -> 1 | AV94: =IF(AN92="","",AN92) -> 1 | AW94: =IF(AO92="","",AO92) -> 1 | AY94: 1 | AZ94: 1 | BA94: 1 | BC94: =IF(AY93="","",AY93) -> 1 | BD94: =IF(AZ93="","",AZ93) -> 1 | BE94: =IF(BA93="","",BA93) -> 1 | BG94: =IF(AY92="","",AY92) -> 1 | BH94: =IF(AZ92="","",AZ92) -> 1 | BI94: =IF(BA92="","",BA92) -> 1 | BK94: 1 | BL94: 1 | BM94: 1 | BO94: =IF(BK93="","",BK93) -> 1 | BP94: =IF(BL93="","",BL93) -> 1 | BQ94: =IF(BM93="","",BM93) -> 1 | BS94: =IF(BK92="","",BK92) -> 1 | BT94: =IF(BL92="","",BL92) -> 1 | BU94: =IF(BM92="","",BM92) -> 1 | BW94: =IF(W94="","",VLOOKUP('Regular Symbol'!W94,'Regular Symbol'!$O$3:$T$13,6,0)) -> 6 | BX94: =IF(X94="","",VLOOKUP('Regular Symbol'!X94,'Regular Symbol'!$O$3:$T$13,6,0)) -> 4 | BY94: =IF(Y94="","",VLOOKUP('Regular Symbol'!Y94,'Regular Symbol'!$O$3:$T$13,6,0)) -> 4 | CA94: =IF(W94<>"", VLOOKUP(W94,$O$3:$P$13,2,0), "") -> Q | CB94: =IF(X94<>"", VLOOKUP(X94,$O$3:$P$13,2,0), "") -> A | CC94: =IF(Y94<>"", VLOOKUP(Y94,$O$3:$P$13,2,0), "") -> A
A95: Symbol | B95: Is Any Of These | C95: R1 | D95: R2 | E95: R3 | H95: Symbol | I95: Is Any Of These | J95: R1 | K95: R2 | L95: R3 | O95: Symbol | P95: Is Any Of These | Q95: R1 | R95: R2 | S95: R3 | V95: 92 | W95: M3 | X95: A | Y95: A | AA95: 1 | AB95: 1 | AC95: 1 | AE95: =IF(AA94="","",AA94) -> 1 | AF95: =IF(AB94="","",AB94) -> 1 | AG95: =IF(AC94="","",AC94) -> 1 | AI95: =IF(AA93="","",AA93) -> 1 | AJ95: =IF(AB93="","",AB93) -> 1 | AK95: =IF(AC93="","",AC93) -> 1 | AM95: 1 | AN95: 1 | AO95: 1 | AQ95: =IF(AM94="","",AM94) -> 1 | AR95: =IF(AN94="","",AN94) -> 1 | AS95: =IF(AO94="","",AO94) -> 1 | AU95: =IF(AM93="","",AM93) -> 1 | AV95: =IF(AN93="","",AN93) -> 1 | AW95: =IF(AO93="","",AO93) -> 1 | AY95: 1 | AZ95: 1 | BA95: 1 | BC95: =IF(AY94="","",AY94) -> 1 | BD95: =IF(AZ94="","",AZ94) -> 1 | BE95: =IF(BA94="","",BA94) -> 1 | BG95: =IF(AY93="","",AY93) -> 1 | BH95: =IF(AZ93="","",AZ93) -> 1 | BI95: =IF(BA93="","",BA93) -> 1 | BK95: 1 | BL95: 1 | BM95: 1 | BO95: =IF(BK94="","",BK94) -> 1 | BP95: =IF(BL94="","",BL94) -> 1 | BQ95: =IF(BM94="","",BM94) -> 1 | BS95: =IF(BK93="","",BK93) -> 1 | BT95: =IF(BL93="","",BL93) -> 1 | BU95: =IF(BM93="","",BM93) -> 1 | BW95: =IF(W95="","",VLOOKUP('Regular Symbol'!W95,'Regular Symbol'!$O$3:$T$13,6,0)) -> 3 | BX95: =IF(X95="","",VLOOKUP('Regular Symbol'!X95,'Regular Symbol'!$O$3:$T$13,6,0)) -> 4 | BY95: =IF(Y95="","",VLOOKUP('Regular Symbol'!Y95,'Regular Symbol'!$O$3:$T$13,6,0)) -> 4 | CA95: =IF(W95<>"", VLOOKUP(W95,$O$3:$P$13,2,0), "") -> M3 | CB95: =IF(X95<>"", VLOOKUP(X95,$O$3:$P$13,2,0), "") -> A | CC95: =IF(Y95<>"", VLOOKUP(Y95,$O$3:$P$13,2,0), "") -> A
A96: -- | B96: WW,C1,M1,M2,M3,M4,A,K,Q,J,TE,NI | C96: =SUM(C81:C91) -> 123 | D96: =SUM(D81:D91) -> 209 | E96: =SUM(E81:E91) -> 203 | H96: {=A96:B103} -> -- | I96: WW,C1,M1,M2,M3,M4,A,K,Q,J,TE,NI | J96: =SUM(J81:J91) -> 123 | K96: =SUM(K81:K91) -> 209 | L96: =SUM(L81:L91) -> 203 | O96: {=_xlfn.ANCHORARRAY(H96)} -> -- | P96: WW,C1,M1,M2,M3,M4,A,K,Q,J,TE,NI | Q96: =SUM(Q81:Q91) -> 123 | R96: =SUM(R81:R91) -> 209 | S96: =SUM(S81:S91) -> 203 | V96: 93 | W96: M3 | X96: K | Y96: A | AA96: 1 | AB96: 1 | AC96: 1 | AE96: =IF(AA95="","",AA95) -> 1 | AF96: =IF(AB95="","",AB95) -> 1 | AG96: =IF(AC95="","",AC95) -> 1 | AI96: =IF(AA94="","",AA94) -> 1 | AJ96: =IF(AB94="","",AB94) -> 1 | AK96: =IF(AC94="","",AC94) -> 1 | AM96: 1 | AN96: 1 | AO96: 1 | AQ96: =IF(AM95="","",AM95) -> 1 | AR96: =IF(AN95="","",AN95) -> 1 | AS96: =IF(AO95="","",AO95) -> 1 | AU96: =IF(AM94="","",AM94) -> 1 | AV96: =IF(AN94="","",AN94) -> 1 | AW96: =IF(AO94="","",AO94) -> 1 | AY96: 1 | AZ96: 1 | BA96: 1 | BC96: =IF(AY95="","",AY95) -> 1 | BD96: =IF(AZ95="","",AZ95) -> 1 | BE96: =IF(BA95="","",BA95) -> 1 | BG96: =IF(AY94="","",AY94) -> 1 | BH96: =IF(AZ94="","",AZ94) -> 1 | BI96: =IF(BA94="","",BA94) -> 1 | BK96: 1 | BL96: 1 | BM96: 1 | BO96: =IF(BK95="","",BK95) -> 1 | BP96: =IF(BL95="","",BL95) -> 1 | BQ96: =IF(BM95="","",BM95) -> 1 | BS96: =IF(BK94="","",BK94) -> 1 | BT96: =IF(BL94="","",BL94) -> 1 | BU96: =IF(BM94="","",BM94) -> 1 | BW96: =IF(W96="","",VLOOKUP('Regular Symbol'!W96,'Regular Symbol'!$O$3:$T$13,6,0)) -> 3 | BX96: =IF(X96="","",VLOOKUP('Regular Symbol'!X96,'Regular Symbol'!$O$3:$T$13,6,0)) -> 5 | BY96: =IF(Y96="","",VLOOKUP('Regular Symbol'!Y96,'Regular Symbol'!$O$3:$T$13,6,0)) -> 4 | CA96: =IF(W96<>"", VLOOKUP(W96,$O$3:$P$13,2,0), "") -> M3 | CB96: =IF(X96<>"", VLOOKUP(X96,$O$3:$P$13,2,0), "") -> K | CC96: =IF(Y96<>"", VLOOKUP(Y96,$O$3:$P$13,2,0), "") -> A
A97: W1 | B97: WW,M1 | C97: =C$3+C$4 -> 23 | D97: =D$3+D$4 -> 45 | E97: =E$3+E$4 -> 44 | H97: W1 | I97: WW,M1 | J97: =J$3+J$4 -> 23 | K97: =K$3+K$4 -> 45 | L97: =L$3+L$4 -> 44 | O97: W1 | P97: WW,M1 | Q97: =Q$3+Q$4 -> 23 | R97: =R$3+R$4 -> 45 | S97: =S$3+S$4 -> 44 | V97: 94 | W97: J | X97: K | Y97: J | AA97: 1 | AB97: 1 | AC97: 1 | AE97: =IF(AA96="","",AA96) -> 1 | AF97: =IF(AB96="","",AB96) -> 1 | AG97: =IF(AC96="","",AC96) -> 1 | AI97: =IF(AA95="","",AA95) -> 1 | AJ97: =IF(AB95="","",AB95) -> 1 | AK97: =IF(AC95="","",AC95) -> 1 | AM97: 1 | AN97: 1 | AO97: 1 | AQ97: =IF(AM96="","",AM96) -> 1 | AR97: =IF(AN96="","",AN96) -> 1 | AS97: =IF(AO96="","",AO96) -> 1 | AU97: =IF(AM95="","",AM95) -> 1 | AV97: =IF(AN95="","",AN95) -> 1 | AW97: =IF(AO95="","",AO95) -> 1 | AY97: 1 | AZ97: 1 | BA97: 1 | BC97: =IF(AY96="","",AY96) -> 1 | BD97: =IF(AZ96="","",AZ96) -> 1 | BE97: =IF(BA96="","",BA96) -> 1 | BG97: =IF(AY95="","",AY95) -> 1 | BH97: =IF(AZ95="","",AZ95) -> 1 | BI97: =IF(BA95="","",BA95) -> 1 | BK97: 1 | BL97: 1 | BM97: 1 | BO97: =IF(BK96="","",BK96) -> 1 | BP97: =IF(BL96="","",BL96) -> 1 | BQ97: =IF(BM96="","",BM96) -> 1 | BS97: =IF(BK95="","",BK95) -> 1 | BT97: =IF(BL95="","",BL95) -> 1 | BU97: =IF(BM95="","",BM95) -> 1 | BW97: =IF(W97="","",VLOOKUP('Regular Symbol'!W97,'Regular Symbol'!$O$3:$T$13,6,0)) -> 7 | BX97: =IF(X97="","",VLOOKUP('Regular Symbol'!X97,'Regular Symbol'!$O$3:$T$13,6,0)) -> 5 | BY97: =IF(Y97="","",VLOOKUP('Regular Symbol'!Y97,'Regular Symbol'!$O$3:$T$13,6,0)) -> 7 | CA97: =IF(W97<>"", VLOOKUP(W97,$O$3:$P$13,2,0), "") -> J | CB97: =IF(X97<>"", VLOOKUP(X97,$O$3:$P$13,2,0), "") -> K | CC97: =IF(Y97<>"", VLOOKUP(Y97,$O$3:$P$13,2,0), "") -> J
A98: W2 | B98: WW,M2 | C98: =C$3+C$5 -> 22 | D98: =D$3+D$5 -> 47 | E98: =E$3+E$5 -> 48 | H98: W2 | I98: WW,M2 | J98: =J$3+J$5 -> 22 | K98: =K$3+K$5 -> 47 | L98: =L$3+L$5 -> 48 | O98: W2 | P98: WW,M2 | Q98: =Q$3+Q$5 -> 22 | R98: =R$3+R$5 -> 47 | S98: =S$3+S$5 -> 48 | V98: 95 | W98: J | X98: K | Y98: J | AA98: 1 | AB98: 1 | AC98: 1 | AE98: =IF(AA97="","",AA97) -> 1 | AF98: =IF(AB97="","",AB97) -> 1 | AG98: =IF(AC97="","",AC97) -> 1 | AI98: =IF(AA96="","",AA96) -> 1 | AJ98: =IF(AB96="","",AB96) -> 1 | AK98: =IF(AC96="","",AC96) -> 1 | AM98: 1 | AN98: 1 | AO98: 1 | AQ98: =IF(AM97="","",AM97) -> 1 | AR98: =IF(AN97="","",AN97) -> 1 | AS98: =IF(AO97="","",AO97) -> 1 | AU98: =IF(AM96="","",AM96) -> 1 | AV98: =IF(AN96="","",AN96) -> 1 | AW98: =IF(AO96="","",AO96) -> 1 | AY98: 1 | AZ98: 1 | BA98: 1 | BC98: =IF(AY97="","",AY97) -> 1 | BD98: =IF(AZ97="","",AZ97) -> 1 | BE98: =IF(BA97="","",BA97) -> 1 | BG98: =IF(AY96="","",AY96) -> 1 | BH98: =IF(AZ96="","",AZ96) -> 1 | BI98: =IF(BA96="","",BA96) -> 1 | BK98: 1 | BL98: 1 | BM98: 1 | BO98: =IF(BK97="","",BK97) -> 1 | BP98: =IF(BL97="","",BL97) -> 1 | BQ98: =IF(BM97="","",BM97) -> 1 | BS98: =IF(BK96="","",BK96) -> 1 | BT98: =IF(BL96="","",BL96) -> 1 | BU98: =IF(BM96="","",BM96) -> 1 | BW98: =IF(W98="","",VLOOKUP('Regular Symbol'!W98,'Regular Symbol'!$O$3:$T$13,6,0)) -> 7 | BX98: =IF(X98="","",VLOOKUP('Regular Symbol'!X98,'Regular Symbol'!$O$3:$T$13,6,0)) -> 5 | BY98: =IF(Y98="","",VLOOKUP('Regular Symbol'!Y98,'Regular Symbol'!$O$3:$T$13,6,0)) -> 7 | CA98: =IF(W98<>"", VLOOKUP(W98,$O$3:$P$13,2,0), "") -> J | CB98: =IF(X98<>"", VLOOKUP(X98,$O$3:$P$13,2,0), "") -> K | CC98: =IF(Y98<>"", VLOOKUP(Y98,$O$3:$P$13,2,0), "") -> J
