Workbook

Sheet Overview
A2: Model: | B2: H026194B
A3: Version: | B3: 4.1.0.0
A6: Base Bet
A7: 100
A10: Coin in | B10: Price(x) | C10: Total RTP | D10: Bet Type
A11: {=B11:B13*A7} -> 100 | B11: 1 | C11: =SUM(B18:B19) -> 0.94 | D11: Normal Bet
A12: 200 | B12: 2 | C12: =B22+B23 -> 0.94 | D12: Extra Bet
A13: 7500 | B13: 75 | C13: =SUM(B26:B27) -> 0.925 | D13: Buy Feature
A16: Total Pay Back Percentage includes the following adjustments.
A17: Bet Type | B17: Pay Back | C17: Hit% | D17: Pulls/Hit | E17: Description
A18: =D11 -> Normal Bet | B18: =Multiplier_Weight_Oldhand!C7 -> 0.68 | C18: =1/D18 -> 0.0042016801 | D18: =Multiplier_Weight_Oldhand!G7 -> 238.00004 | E18: Base Game
B19: =Multiplier_Weight_Oldhand!D7 -> 0.26 | E19: Free Game
A21: Bet Type | B21: Pay Back | C21: Hit% | D21: Pulls/Hit | E21: Description
A22: =D12 -> Extra Bet | B22: =Multiplier_Weight_Oldhand!C8 -> 0.33653493 | C22: =1/D22 -> 0.021008403 | D22: =Multiplier_Weight_Oldhand!G8 -> 47.6 | E22: Base Game
B23: =Multiplier_Weight_Oldhand!D8 -> 0.60346507 | E23: Free Game
A25: Bet Type | B25: Pay Back | C25: Hit% | D25: Pulls/Hit | E25: Description
A26: =D13 -> Buy Feature | B26: =Multiplier_Weight_Oldhand!C9 -> 0 | C26: =1/D26 -> 1 | D26: 1 | E26: Base Game
B27: =Multiplier_Weight_Oldhand!D9 -> 0.925 | E27: Free Game
A30: Reel # | B30: 1 | C30: 2 | D30: 3 | E30: 4 | F30: 5
A31: Visible Window Size | B31: 3 | C31: 3 | D31: 3 | E31: 3 | F31: 3
A34: Free Spins Setting
A35: C1 Num. | B35: Base Game | C35: Free Game
A36: 3 | B36: 12 | C36: 12
A37: 4 | B37: 14 | C37: 14
A38: 5 | B38: 16 | C38: 16
A39: The maximum of free spins is 50.
A41: Pay Table： | B41: ="All wins show for "&A7&" credit bet." -> All wins show for 100 credit bet.
A42: Symbol | B42: Description | C42: 3 | D42: 4 | E42: 5 | F42: Id
A43: WW | B43: Wild | C43: 0 | D43: 0 | E43: 0 | F43: 0
A44: C1 | B44: Scatter | C44: 0 | D44: 0 | E44: 0 | F44: 1
A45: M1 | B45: M1 | C45: 250 | D45: 1250 | E45: 5000 | F45: 2
A46: M2 | B46: M2 | C46: 100 | D46: 500 | E46: 2000 | F46: 3
A47: M3 | B47: M3 | C47: 75 | D47: 250 | E47: 1000 | F47: 4
A48: M4 | B48: M4 | C48: 50 | D48: 200 | E48: 750 | F48: 5
A49: M5 | B49: M5 | C49: 25 | D49: 100 | E49: 500 | F49: 6
A50: A | B50: A | C50: 10 | D50: 50 | E50: 250 | F50: 7
A51: K | B51: K | C51: 10 | D51: 50 | E51: 250 | F51: 8
A52: Q | B52: Q | C52: 10 | D52: 50 | E52: 250 | F52: 9
A53: J | B53: J | C53: 10 | D53: 50 | E53: 250 | F53: 10
A54: G1 | B54: Golden M1 | C54: 250 | D54: 1250 | E54: 5000 | F54: 11
... A62: GJ | B62: Golden J | C62: 10 | D62: 50 | E62: 250 | F62: 19

Sheet Description
B3: 7. BG 流程對應
B5: 7.1 BG 開局流程
B7: BG 每局的主要參數流程如下：
B8: 1. 先用 Table Selection Weight - Base Game 選出 BG table。
B9: 2. 再用該 strip 的 Symbol Weight R1~R5 抽停輪位置。
B10: 3. 依 Symbol ID R1~R5 生成初始盤面。
B11: 4. 盤面上的彩虹框會先判定是否觸發 Used Special Pool Weight。
B12: 5. 若命中特殊池，該彩虹框用 Multiple Selection Weight - Special Pool 抽倍率。
B13: 6. 若沒命中特殊池：
B14: - 且是 BG_Symbol (2) 則第 3 輪彩虹框用 Multiple Selection Weight - Reel3 Before Eliminate
B15: - 其他輪彩虹框用 Multiple Selection Weight - Before Eliminate
B16: 7. 再用 Eliminate Table Weight 決定本局是掉落表 A 或 B。
... B83: 5. BG_Symbol (3): 觸發 FG 用的表。得分少、C1 多，盡量不要有倍數百搭參與 → 控制進 FG 時的得分

Sheet Parameter
B3: Line | I3: Table Selection Weight - Base Game (Weight/Total) | N3: Multiple Selection Weight - Special Pool (Weight/Total) | AC3: Used Special Pool Weight (Weight/10000)
B4: ID | C4: R1 | D4: R2 | E4: R3 | F4: R4 | G4: R5 | I4: Worksheet Name | J4: Weight | K4: RTP | N4: Worksheet Name \ Multiple | O4: 0 | P4: 2 | Q4: 3 | R4: 5 | S4: 8 | T4: 10 | U4: 15 | V4: 20 | W4: 25 | X4: 50 | Y4: 100 | Z4: 500 | AA4: 1000 | AC4: Worksheet Name \ Multiple | AD4: 1 | AE4: 2 | AF4: 3 | AG4: 4 | AH4: 5 | AI4: 6 | AJ4: 7 | AK4: 8 | AL4: 9
B5: 0 | C5: 1 | D5: 1 | E5: 1 | F5: 1 | G5: 1 | I5: BG_Symbol | J5: 7000 | L5: 0.7 | N5: BG_Symbol | O5: =10000-SUM(P5:AA5) -> 0 | P5: 0 | Q5: 0 | R5: 0 | S5: 0 | T5: =10000-SUM(U5:AA5) -> 2680 | U5: 3000 | V5: 2000 | W5: 500 | X5: 100 | Y5: 1200 | Z5: 20 | AA5: 500 | AB5: 75.93 | AC5: BG_Symbol | AD5: 300 | AE5: 600 | AF5: 1080 | AG5: 1440 | AH5: 2250 | AI5: 2700 | AJ5: 3150 | AK5: 3600 | AL5: 4050
B6: 1 | C6: 0 | D6: 0 | E6: 0 | F6: 0 | G6: 0 | I6: BG_Symbol (2) | J6: 1000 | L6: 0.1 | N6: BG_Symbol (2) | O6: =10000-SUM(P6:AA6) -> 0 | P6: 0 | Q6: 0 | R6: 0 | S6: 0 | T6: =10000-SUM(U6:AA6) -> 2680 | U6: 3000 | V6: 2000 | W6: 500 | X6: 100 | Y6: 1200 | Z6: 20 | AA6: 500 | AB6: 75.93 | AC6: BG_Symbol (2) | AD6: 0 | AE6: 0 | AF6: 525 | AG6: 700 | AH6: 1750 | AI6: 2100 | AJ6: 3675 | AK6: 4200 | AL6: 4725
B7: 2 | C7: 2 | D7: 2 | E7: 2 | F7: 2 | G7: 2 | I7: BG_Symbol (3) | J7: 2000 | L7: 0.2 | N7: BG_Symbol (3) | O7: =10000-SUM(P7:AA7) -> 10000 | P7: 0 | Q7: 0 | R7: 0 | S7: 0 | T7: 0 | U7: 0 | V7: 0 | W7: 0 | X7: 0 | Y7: 0 | Z7: 0 | AA7: 0 | AB7: 0 | AC7: BG_Symbol (3) | AD7: 0 | AE7: 0 | AF7: 0 | AG7: 0 | AH7: 0 | AI7: 0 | AJ7: 0 | AK7: 0 | AL7: 0
B8: 3 | C8: 0 | D8: 1 | E8: 2 | F8: 1 | G8: 0 | J8: 10000 | K8: 0 | N8: FG_Symbol | O8: =10000-SUM(P8:AA8) -> 0 | P8: 0 | Q8: 0 | R8: 0 | S8: 0 | T8: =10000-SUM(U8:AA8) -> 3855 | U8: 3000 | V8: 1500 | W8: 150 | X8: 25 | Y8: 800 | Z8: 70 | AA8: 600 | AB8: 126.225 | AC8: FG_Symbol | AD8: 0 | AE8: 0 | AF8: 450 | AG8: 500 | AH8: 1400 | AI8: 1800 | AJ8: 3200 | AK8: 4000 | AL8: 4200
B9: 4 | C9: 2 | D9: 1 | E9: 0 | F9: 1 | G9: 2 | N9: FG_Symbol (2) | O9: =10000-SUM(P9:AA9) -> 0 | P9: 0 | Q9: 0 | R9: 0 | S9: 0 | T9: =10000-SUM(U9:AA9) -> 4385 | U9: 3000 | V9: 1500 | W9: 150 | X9: 25 | Y9: 500 | Z9: 40 | AA9: 400 | AB9: 93.43 | AC9: FG_Symbol (2) | AD9: 0 | AE9: 0 | AF9: 450 | AG9: 500 | AH9: 1400 | AI9: 1800 | AJ9: 3200 | AK9: 4000 | AL9: 4200
B10: 5 | C10: 0 | D10: 0 | E10: 1 | F10: 0 | G10: 0 | N10: FG_Symbol (3) | O10: =10000-SUM(P10:AA10) -> 0 | P10: 0 | Q10: 0 | R10: 0 | S10: 0 | T10: =10000-SUM(U10:AA10) -> 5145 | U10: 3000 | V10: 1500 | W10: 150 | X10: 25 | Y10: 100 | Z10: 10 | AA10: 70 | AB10: 36.98 | AC10: FG_Symbol (3) | AD10: 0 | AE10: 0 | AF10: 450 | AG10: 500 | AH10: 1400 | AI10: 1800 | AJ10: 3200 | AK10: 4000 | AL10: 4200
B11: 6 | C11: 2 | D11: 2 | E11: 1 | F11: 2 | G11: 2 | N11: BF_Symbol | O11: =10000-SUM(P11:AA11) -> 10000 | P11: 0 | Q11: 0 | R11: 0 | S11: 0 | T11: 0 | U11: 0 | V11: 0 | W11: 0 | X11: 0 | Y11: 0 | Z11: 0 | AA11: 0 | AB11: 0 | AC11: BF_Symbol | AD11: 0 | AE11: 0 | AF11: 0 | AG11: 0 | AH11: 0 | AI11: 0 | AJ11: 0 | AK11: 0 | AL11: 0
B12: 7 | C12: 1 | D12: 2 | E12: 2 | F12: 2 | G12: 1
B13: 8 | C13: 1 | D13: 0 | E13: 0 | F13: 0 | G13: 1
B14: 9 | C14: 0 | D14: 1 | E14: 1 | F14: 1 | G14: 0 | N14: Multiple Selection Weight - Reel3 Before Eliminate (Weight/Total)
B15: 10 | C15: 2 | D15: 1 | E15: 1 | F15: 1 | G15: 2 | N15: Worksheet Name \ Multiple | O15: 0 | P15: 2 | Q15: 3 | R15: 5 | S15: 8 | T15: 10 | U15: 15 | V15: 20 | W15: 25 | X15: 50 | Y15: 100 | Z15: 500 | AA15: 1000
B16: 11 | C16: 1 | D16: 1 | E16: 0 | F16: 1 | G16: 1 | N16: BG_Symbol | O16: =10000-SUM(P16:AA16) -> 10000 | P16: 0 | Q16: 0 | R16: 0 | S16: 0 | T16: 0 | U16: 0 | V16: 0 | W16: 0 | X16: 0 | Y16: 0 | Z16: 0 | AA16: 0 | AB16: 0
B17: 12 | C17: 1 | D17: 1 | E17: 2 | F17: 1 | G17: 1 | N17: BG_Symbol (2) | O17: =10000-SUM(P17:AA17) -> 0 | P17: =10000-SUM(Q17:AA17) -> 3600 | Q17: 3400 | R17: 1500 | S17: 1500 | T17: 0 | U17: 0 | V17: 0 | W17: 0 | X17: 0 | Y17: 0 | Z17: 0 | AA17: 0 | AB17: 3.69
B18: 13 | C18: 1 | D18: 0 | E18: 1 | F18: 0 | G18: 1 | N18: BG_Symbol (3) | O18: =10000-SUM(P18:AA18) -> 10000 | P18: 0 | Q18: 0 | R18: 0 | S18: 0 | T18: 0 | U18: 0 | V18: 0 | W18: 0 | X18: 0 | Y18: 0 | Z18: 0 | AA18: 0 | AB18: 0
B19: 14 | C19: 1 | D19: 2 | E19: 1 | F19: 2 | G19: 1 | N19: FG_Symbol | O19: =10000-SUM(P19:AA19) -> 0 | P19: =10000-SUM(Q19:AA19) -> 6000 | Q19: 3300 | R19: 600 | S19: 100 | T19: 0 | U19: 0 | V19: 0 | W19: 0 | X19: 0 | Y19: 0 | Z19: 0 | AA19: 0 | AB19: 2.73
B20: 15 | C20: 0 | D20: 1 | E20: 0 | F20: 1 | G20: 0 | N20: FG_Symbol (2) | O20: =10000-SUM(P20:AA20) -> 0 | P20: =10000-SUM(Q20:AA20) -> 6000 | Q20: 3300 | R20: 600 | S20: 100 | T20: 0 | U20: 0 | V20: 0 | W20: 0 | X20: 0 | Y20: 0 | Z20: 0 | AA20: 0 | AB20: 2.73
B21: 16 | C21: 2 | D21: 1 | E21: 2 | F21: 1 | G21: 2 | N21: FG_Symbol (3) | O21: =10000-SUM(P21:AA21) -> 0 | P21: =10000-SUM(Q21:AA21) -> 6000 | Q21: 3300 | R21: 600 | S21: 100 | T21: 0 | U21: 0 | V21: 0 | W21: 0 | X21: 0 | Y21: 0 | Z21: 0 | AA21: 0 | AB21: 2.73
B22: 17 | C22: 0 | D22: 0 | E22: 1 | F22: 2 | G22: 2 | N22: BF_Symbol | O22: =10000-SUM(P22:AA22) -> 10000 | P22: 0 | Q22: 0 | R22: 0 | S22: 0 | T22: 0 | U22: 0 | V22: 0 | W22: 0 | X22: 0 | Y22: 0 | Z22: 0 | AA22: 0 | AB22: 0
B23: 18 | C23: 2 | D23: 2 | E23: 1 | F23: 0 | G23: 0
B24: 19 | C24: 0 | D24: 2 | E24: 0 | F24: 2 | G24: 0 | I24: Multiplier Range
I25: Multiplier | N25: Multiple Selection Weight - Reel3 After Eliminate (Weight/Total)
I26: 0 | N26: Worksheet Name \ Multiple | O26: 0 | P26: 2 | Q26: 3 | R26: 5 | S26: 8 | T26: 10 | U26: 15 | V26: 20 | W26: 25 | X26: 50 | Y26: 100 | Z26: 500 | AA26: 1000
I27: 2 | N27: BG_Symbol | O27: =10000-SUM(P27:AA27) -> 10000 | P27: 0 | Q27: 0 | R27: 0 | S27: 0 | T27: 0 | U27: 0 | V27: 0 | W27: 0 | X27: 0 | Y27: 0 | Z27: 0 | AA27: 0 | AB27: 0
I28: 3 | N28: BG_Symbol (2) | O28: =10000-SUM(P28:AA28) -> 0 | P28: =10000-SUM(Q28:AA28) -> 3500 | Q28: 3400 | R28: 1500 | S28: 1500 | T28: 20 | U28: 20 | V28: 5 | W28: 5 | X28: 5 | Y28: 20 | Z28: 5 | AA28: 20 | AB28: 6.2175
I29: 5 | N29: BG_Symbol (3) | O29: =10000-SUM(P29:AA29) -> 10000 | P29: 0 | Q29: 0 | R29: 0 | S29: 0 | T29: 0 | U29: 0 | V29: 0 | W29: 0 | X29: 0 | Y29: 0 | Z29: 0 | AA29: 0 | AB29: 0
I30: 8 | N30: FG_Symbol | O30: =10000-SUM(P30:AA30) -> 0 | P30: =10000-SUM(Q30:AA30) -> 6080 | Q30: 3000 | R30: 900 | S30: 20 | T30: 0 | U30: 0 | V30: 0 | W30: 0 | X30: 0 | Y30: 0 | Z30: 0 | AA30: 0 | AB30: 10.7375
I31: 10 | N31: FG_Symbol (2) | O31: =10000-SUM(P31:AA31) -> 0 | P31: =10000-SUM(Q31:AA31) -> 6080 | Q31: 3000 | R31: 900 | S31: 20 | T31: 0 | U31: 0 | V31: 0 | W31: 0 | X31: 0 | Y31: 0 | Z31: 0 | AA31: 0 | AB31: 6.3535
I32: 15 | N32: FG_Symbol (3) | O32: =10000-SUM(P32:AA32) -> 0 | P32: =10000-SUM(Q32:AA32) -> 6080 | Q32: 3000 | R32: 900 | S32: 20 | T32: 0 | U32: 0 | V32: 0 | W32: 0 | X32: 0 | Y32: 0 | Z32: 0 | AA32: 0 | AB32: 5.2575
I33: 20 | N33: BF_Symbol | O33: =10000-SUM(P33:AA33) -> 10000 | P33: 0 | Q33: 0 | R33: 0 | S33: 0 | T33: 0 | U33: 0 | V33: 0 | W33: 0 | X33: 0 | Y33: 0 | Z33: 0 | AA33: 0 | AB33: 0
I34: 25
I35: 50
I36: 100 | N36: Multiple Selection Weight - Before Eliminate (Weight/Total)
I37: 500 | N37: Worksheet Name \ Multiple | O37: 0 | P37: 2 | Q37: 3 | R37: 5 | S37: 8 | T37: 10 | U37: 15 | V37: 20 | W37: 25 | X37: 50 | Y37: 100 | Z37: 500 | AA37: 1000
I38: 1000 | N38: BG_Symbol | O38: =10000-SUM(P38:AA38) -> 8500 | P38: 500 | Q38: 400 | R38: 300 | S38: 300 | T38: 0 | U38: 0 | V38: 0 | W38: 0 | X38: 0 | Y38: 0 | Z38: 0 | AA38: 0 | AB38: 4.0666667
N39: BG_Symbol (2) | O39: =10000-SUM(P39:AA39) -> 8500 | P39: 500 | Q39: 400 | R39: 300 | S39: 300 | T39: 0 | U39: 0 | V39: 0 | W39: 0 | X39: 0 | Y39: 0 | Z39: 0 | AA39: 0 | AB39: 4.0666667
N40: BG_Symbol (3) | O40: =10000-SUM(P40:AA40) -> 8500 | P40: 500 | Q40: 400 | R40: 300 | S40: 300 | T40: 0 | U40: 0 | V40: 0 | W40: 0 | X40: 0 | Y40: 0 | Z40: 0 | AA40: 0 | AB40: 4.0666667
I41: Eliminate Table Weight | N41: FG_Symbol | O41: =10000-SUM(P41:AA41) -> 6710 | P41: 2100 | Q41: 860 | R41: 220 | S41: 110 | T41: 0 | U41: 0 | V41: 0 | W41: 0 | X41: 0 | Y41: 0 | Z41: 0 | AA41: 0 | AB41: 2.662614
J42: A | K42: B | N42: FG_Symbol (2) | O42: =10000-SUM(P42:AA42) -> 6710 | P42: 2100 | Q42: 860 | R42: 220 | S42: 110 | T42: 0 | U42: 0 | V42: 0 | W42: 0 | X42: 0 | Y42: 0 | Z42: 0 | AA42: 0 | AB42: 2.662614
I43: Base Game | J43: 10 | K43: 0 | N43: FG_Symbol (3) | O43: =10000-SUM(P43:AA43) -> 6710 | P43: 2100 | Q43: 860 | R43: 220 | S43: 110 | T43: 0 | U43: 0 | V43: 0 | W43: 0 | X43: 0 | Y43: 0 | Z43: 0 | AA43: 0 | AB43: 2.662614
I44: Free Game | J44: 10 | K44: 0 | N44: BF_Symbol | O44: =10000-SUM(P44:AA44) -> 10000 | P44: 0 | Q44: 0 | R44: 0 | S44: 0 | T44: 0 | U44: 0 | V44: 0 | W44: 0 | X44: 0 | Y44: 0 | Z44: 0 | AA44: 0 | AB44: #DIV/0!
N47: Multiple Selection Weight - After Eliminate (Weight/Total)
N48: Worksheet Name \ Multiple | O48: 0 | P48: 2 | Q48: 3 | R48: 5 | S48: 8 | T48: 10 | U48: 15 | V48: 20 | W48: 25 | X48: 50 | Y48: 100 | Z48: 500 | AA48: 1000
N49: BG_Symbol | O49: =10000-SUM(P49:AA49) -> 8400 | P49: 500 | Q49: 400 | R49: 300 | S49: 300 | T49: 20 | U49: 20 | V49: 5 | W49: 5 | X49: 5 | Y49: 20 | Z49: 5 | AA49: 20 | AB49: 19.734375
N50: BG_Symbol (2) | O50: =10000-SUM(P50:AA50) -> 8400 | P50: 500 | Q50: 400 | R50: 300 | S50: 300 | T50: 20 | U50: 20 | V50: 5 | W50: 5 | X50: 5 | Y50: 20 | Z50: 5 | AA50: 20 | AB50: 19.734375
N51: BG_Symbol (3) | O51: =10000-SUM(P51:AA51) -> 8500 | P51: 500 | Q51: 400 | R51: 300 | S51: 300 | T51: 0 | U51: 0 | V51: 0 | W51: 0 | X51: 0 | Y51: 0 | Z51: 0 | AA51: 0 | AB51: 4.0666667
N52: FG_Symbol | O52: =10000-SUM(P52:AA52) -> 6790 | P52: 2000 | Q52: 1000 | R52: 200 | S52: 10 | T52: 0 | U52: 0 | V52: 0 | W52: 0 | X52: 0 | Y52: 0 | Z52: 0 | AA52: 0 | AB52: 25.76087
N53: FG_Symbol (2) | O53: =10000-SUM(P53:AA53) -> 6790 | P53: 2000 | Q53: 1000 | R53: 200 | S53: 10 | T53: 0 | U53: 0 | V53: 0 | W53: 0 | X53: 0 | Y53: 0 | Z53: 0 | AA53: 0 | AB53: 13.316024
N54: FG_Symbol (3) | O54: =10000-SUM(P54:AA54) -> 6790 | P54: 2000 | Q54: 1000 | R54: 200 | S54: 10 | T54: 0 | U54: 0 | V54: 0 | W54: 0 | X54: 0 | Y54: 0 | Z54: 0 | AA54: 0 | AB54: 10.11194
N55: BF_Symbol | O55: =10000-SUM(P55:AA55) -> 10000 | P55: 0 | Q55: 0 | R55: 0 | S55: 0 | T55: 0 | U55: 0 | V55: 0 | W55: 0 | X55: 0 | Y55: 0 | Z55: 0 | AA55: 0 | AB55: #DIV/0!

Sheet Multiplier_Weight
C2: Newbie | D2: Newbie | E2: Newbie | F2: Newbie | G2: Oldhand | H2: Oldhand | I2: Oldhand | J2: Oldhand | K2: Oldhand
B3: Range | C3: Weight_NB_BG | D3: Weight_NB_FG | E3: Weight_EB_BG | F3: Weight_EB_FG | G3: Weight_NB_BG | H3: Weight_NB_FG | I3: Weight_EB_BG | J3: Weight_EB_FG | K3: Weight_BF_FG
B4: (-1, 0] | C4: {=_xlfn.ANCHORARRAY(Multiplier_Weight_Newbie!L16)} -> 712029383 | D4: {=_xlfn.ANCHORARRAY(Multiplier_Weight_Newbie!L88)} -> 0 | E4: {=_xlfn.ANCHORARRAY(Multiplier_Weight_Newbie!L158)} -> 712513756 | F4: {=_xlfn.ANCHORARRAY(Multiplier_Weight_Newbie!L229)} -> 0 | G4: {=_xlfn.ANCHORARRAY(Multiplier_Weight_Oldhand!L16)} -> 722093664 | H4: {=_xlfn.ANCHORARRAY(Multiplier_Weight_Oldhand!L88)} -> 0 | I4: {=_xlfn.ANCHORARRAY(Multiplier_Weight_Oldhand!L158)} -> 709906683 | J4: {=_xlfn.ANCHORARRAY(Multiplier_Weight_Oldhand!L229)} -> 0 | K4: {=_xlfn.ANCHORARRAY(Multiplier_Weight_Oldhand!L299)} -> 0
B5: (0, 1] | C5: 159497132 | D5: 0 | E5: 157960215 | F5: 0 | G5: 158390938 | H5: 0 | I5: 155717734 | J5: 0 | K5: 0
B6: (1, 2] | C6: 45104420 | D6: 0 | E6: 44328802 | F6: 0 | G6: 49579145 | H6: 0 | I6: 48742036 | J6: 0 | K6: 0
B7: (2, 3] | C7: 21385436 | D7: 0 | E7: 21020122 | F7: 0 | G7: 21366865 | H7: 0 | I7: 21006250 | J7: 0 | K7: 0
B8: (3, 4] | C8: 11515364 | D8: 0 | E8: 8553301 | F8: 0 | G8: 9389011 | H8: 0 | I8: 9230550 | J8: 0 | K8: 0
B9: (4, 5] | C9: 9070768 | D9: 0 | E9: 6709795 | F9: 0 | G9: 6230010 | H9: 0 | I9: 6124865 | J9: 0 | K9: 0
B10: (5, 6] | C10: 7911946 | D10: 0 | E10: 5619479 | F10: 0 | G10: 5352478 | H10: 0 | I10: 5262142 | J10: 0 | K10: 0
B11: (6, 7] | C11: 4828116 | D11: 0 | E11: 3431600 | F11: 0 | G11: 2500717 | H11: 0 | I11: 2458511 | J11: 0 | K11: 0
B12: (7, 8] | C12: 4076918 | D12: 0 | E12: 2903161 | F12: 0 | G12: 3071014 | H12: 0 | I12: 3019184 | J12: 0 | K12: 0
B13: (8, 9] | C13: 3697551 | D13: 0 | E13: 2627865 | F13: 0 | G13: 2676137 | H13: 0 | I13: 2630971 | J13: 0 | K13: 0
B14: (9, 10] | C14: 3289085 | D14: 0 | E14: 2338406 | F14: 0 | G14: 2237396 | H14: 0 | I14: 2199635 | J14: 0 | K14: 0
B15: (10, 15] | C15: 4336746 | D15: 0 | E15: 3126141 | F15: 0 | G15: 4957233 | H15: 82322499 | I15: 4873568 | J15: 87763498 | K15: 86501305
B16: (15, 20] | C16: 5766486 | D16: 0 | E16: 4064396 | F16: 0 | G16: 2324908 | H16: 80669075 | I16: 2285670 | J16: 85951368 | K16: 84853352
... B67: (100000, 9999999] | C67: 0 | D67: 0 | E67: 0 | F67: 0 | G67: 0 | H67: 0 | I67: 0 | J67: 0 | K67: 0
B68: Free Game | C68: 4195668 | E68: 20978340 | G68: 4201680 | I68: 21008403

Sheet Multiplier_Weight_Newbie
A2: Threshold | B2: 1000000000
A3: Coin in | B3: =Overview!A7 -> 100
C5: RTP
B6: Bet | C6: Base Game | D6: Free Game | E6: Total | F6: Hit Rate | G6: FG Period | H6: Avg Multi | I6: BG | J6: FG
A7: Normal Bet | B7: {=Overview!B11:B12} -> 1 | C7: =SUM(N16:N80) -> 0.67999998 | D7: =SUM(_xlfn.ANCHORARRAY(N88))*F7 -> 0.25000004 | E7: =SUM(C7:D7) -> 0.93000002 | F7: =M80 -> 0.0041954968 | G7: =1/F7 -> 238.3508 | H7: =D7*G7 -> 59.58771 | I7: {=LOOKUP(2,1/(L16:L79<>0),B16:B79)} -> 30 | J7: {=LOOKUP(2,1/(_xlfn.ANCHORARRAY(L88)<>0),B16:B79)} -> 100
A8: Extra Bet | B8: 2 | C8: =SUM(_xlfn.ANCHORARRAY(N158))/B8 -> 0.30522665 | D8: =SUM(_xlfn.ANCHORARRAY(N229))*F8/B8 -> 0.62477339 | E8: =SUM(C8:D8) -> 0.93000003 | F8: =M222 -> 0.020969862 | G8: =1/F8 -> 47.687487 | H8: =D8*G8 -> 29.793873 | I8: {=LOOKUP(2,1/(L158:L221<>0),B16:B79)} -> 45 | J8: {=LOOKUP(2,1/(_xlfn.ANCHORARRAY(L88)<>0),B16:B79)} -> 100
A12: Base Game (Normal Bet)
A14: Simulator | B14: =Multiplier_Weight_Oldhand!B14 -> 1000000000 | H14: Calculate
A15: Lower | B15: Upper | C15: Cnt | D15: Pay | E15: Hit Rate | F15: Avg. Multi. | H15: Range | I15: Fix Num | J15: Fix Rate | K15: Final Rate | L15: Weight | M15: Hit Rate | N15: Simulator RTP | P15: 目前 | Q15: 目前 | R15: 競品 | S15: 差異
A16: -1 | B16: 0 | C16: {=Multiplier_Weight_Oldhand!C16:D79} -> 738977283 | D16: 0 | E16: {=_xlfn.LET(_xlpm.x, C16:C79, _xlpm.x/SUM(_xlpm.x))} -> 0.74898554 | F16: {=_xlfn.LET(_xlpm.x, D16:D81/C16:C81/B3, IF(ISERR(_xlpm.x), 0, _xlpm.x))} -> 0 | G16: 1e-06 | H16: ="("&$A16&", "&$B16&"]" -> (-1, 0] | I16: 0.96 | J16: {=E16:E80*I16:I80} -> 0.71902612 | K16: {=J16:J79/SUM(_xlfn.ANCHORARRAY(J16))} -> 0.71202938 | L16: {=INT(K16:K80*$B$2)} -> 712029383 | M16: {=_xlfn.LET(_xlpm.x, L16:L80, _xlpm.x/SUM(_xlpm.x))} -> 0.71200032 | N16: {=M16:M80*F16:F80} -> 0 | P16: {=M16:M79} -> 0.71200032 | Q16: 0.72294875 | R16: 0.72554635 | S16: {=_xlfn.LET(_xlpm.x, Q16:Q79/M16:M79, IF(ISERR(_xlpm.x), 0, ROUND(_xlpm.x,2)))} -> 1.02
A17: 0 | B17: 1 | C17: 134671370 | D17: 5869389535 | E17: 0.13649528 | F17: 0.43583054 | G17: 458145 | H17: ="("&$A17&", "&$B17&"]" -> (0, 1] | I17: 1.18 | J17: 0.16106443 | K17: 0.15949713 | L17: 159497132 | M17: 0.15949062 | N17: 0.069510883 | P17: 0.15949062 | Q17: 0.16136085 | R17: 0.15905886 | S17: 1.01
A18: 1 | B18: 2 | C18: 34304589 | D18: 5136293060 | E18: 0.034769189 | F18: 1.4972612 | G18: =1+G17*G16 -> 1.458145 | H18: ="("&$A18&", "&$B18&"]" -> (1, 2] | I18: 1.31 | J18: 0.045547638 | K18: 0.045104421 | L18: 45104420 | M18: 0.045102579 | N18: 0.067530342 | P18: 0.045102579 | Q18: 0.045756935 | R18: 0.049788509 | S18: 1.01
A19: 2 | B19: 3 | C19: 16020309 | D19: 4033651395 | E19: 0.016237278 | F19: 2.5178362 | H19: ="("&$A19&", "&$B19&"]" -> (2, 3] | I19: 1.33 | J19: 0.02159558 | K19: 0.021385437 | L19: 21385436 | M19: 0.021384563 | N19: 0.053842827 | P19: 0.021384563 | Q19: 0.021758 | R19: 0.021457526 | S19: 1.02
A20: 3 | B20: 4 | C20: 7967455 | D20: 2842347285 | E20: 0.0080753613 | F20: 3.5674469 | H20: ="("&$A20&", "&$B20&"]" -> (3, 4] | I20: 1.44 | J20: 0.01162852 | K20: 0.011515365 | L20: 11515364 | M20: 0.011514894 | N20: 0.041078773 | P20: 0.011514894 | Q20: 0.0085068855 | R20: 0.0094289743 | S20: 0.74
A21: 4 | B21: 5 | C21: 5578706 | D21: 2564213210 | E21: 0.0056542606 | F21: 4.5964301 | H21: ="("&$A21&", "&$B21&"]" -> (4, 5] | I21: 1.62 | J21: 0.0091599021 | K21: 0.0090707685 | L21: 9070768 | M21: 0.0090703978 | N21: 0.041691449 | P21: 0.0090703978 | Q21: 0.0066698354 | R21: 0.0062566091 | S21: 0.74
A22: 5 | B22: 6 | C22: 4158567 | D22: 2322704910 | E22: 0.0042148881 | F22: 5.5853493 | G22: 1.3 | H22: ="("&$A22&", "&$B22&"]" -> (5, 6] | I22: {=G22:G30*G18} -> 1.8955885 | J22: 0.0079896934 | K22: 0.0079119469 | L22: 7911946 | M22: 0.0079116231 | N22: 0.044189178 | P22: 0.0079116231 | Q22: 0.0054541949 | R22: 0.0053753965 | S22: 0.69
A23: 6 | B23: 7 | C23: 2772263 | D23: 1818622450 | E23: 0.0028098088 | F23: 6.5600646 | G23: 1.19 | H23: ="("&$A23&", "&$B23&"]" -> (6, 7] | I23: 1.7351926 | J23: 0.0048755593 | K23: 0.004828116 | L23: 4828116 | M23: 0.0048279189 | N23: 0.03167146 | P23: 0.0048279189 | Q23: 0.0033318405 | R23: 0.0025114558 | S23: 0.69
A24: 7 | B24: 8 | C24: 2871865 | D24: 2188753410 | E24: 0.0029107598 | F24: 7.6213659 | G24: 0.97 | H24: ="("&$A24&", "&$B24&"]" -> (7, 8] | I24: 1.4144006 | J24: 0.0041169805 | K24: 0.0040769188 | L24: 4076918 | M24: 0.0040767516 | N24: 0.031070416 | P24: 0.0040767516 | Q24: 0.00281562 | R24: 0.0030842439 | S24: 0.69
A25: 8 | B25: 9 | C25: 2105410 | D25: 1810360075 | E25: 0.0021339244 | F25: 8.5986106 | G25: 1.2 | H25: ="("&$A25&", "&$B25&"]" -> (8, 9] | I25: 1.749774 | J25: 0.0037338854 | K25: 0.0036975515 | L25: 3697551 | M25: 0.0036974001 | N25: 0.031792504 | P25: 0.0036974001 | Q25: 0.0025445965 | R25: 0.0026876983 | S25: 0.69
A26: 9 | B26: 10 | C26: 1954254 | D26: 1885134195 | E26: 0.0019807212 | F26: 9.646311 | G26: 1.15 | H26: ="("&$A26&", "&$B26&"]" -> (9, 10] | I26: 1.6768667 | J26: 0.0033214055 | K26: 0.0032890855 | L26: 3289085 | M26: 0.0032889508 | N26: 0.031726242 | P26: 0.0032889508 | Q26: 0.0022718729 | R26: 0.002247092 | S26: 0.69
A27: 10 | B27: 15 | C27: 6734651 | D27: 8382998890 | E27: 0.006825861 | F27: 12.447562 | G27: 0.44 | H27: ="("&$A27&", "&$B27&"]" -> (10, 15] | I27: 0.6415838 | J27: 0.0043793618 | K27: 0.0043367469 | L27: 4336746 | M27: 0.004336569 | N27: 0.053979713 | P27: 0.004336569 | Q27: 0.0030238589 | R27: 0.0049788509 | S27: 0.7
A28: 15 | B28: 20 | C28: 4528931 | D28: 7919233365 | E28: 0.0045902681 | F28: 17.485878 | G28: 0.87 | H28: ="("&$A28&", "&$B28&"]" -> (15, 20] | I28: 1.2685861 | J28: 0.0058231505 | K28: 0.0057664863 | L28: 5766486 | M28: 0.0057662506 | N28: 0.10082795 | P28: 0.0057662506 | Q28: 0.0039646257 | R28: 0.0023352133 | S28: 0.69
A29: 20 | B29: 25 | C29: 3129796 | D29: 7054318865 | E29: 0.003172184 | F29: 22.539229 | G29: 0.52 | H29: ="("&$A29&", "&$B29&"]" -> (20, 25] | I29: 0.7582354 | J29: 0.0024052622 | K29: 0.002381857 | L29: 2381856 | M29: 0.0023817588 | N29: 0.053683007 | P29: 0.0023817588 | Q29: 0.0016558467 | R29: 0.0018064857 | S29: 0.7
A30: 25 | B30: 30 | C30: 2506990 | D30: 6905395465 | E30: 0.0025409431 | F30: 27.544567 | G30: 0.26 | H30: ="("&$A30&", "&$B30&"]" -> (25, 30] | I30: 0.3791177 | J30: 0.00096331652 | K30: 0.00095394263 | L30: 953942 | M30: 0.00095390306 | N30: 0.026274847 | P30: 0.00095390306 | Q30: 0.00067090937 | R30: 0.00088121255 | S30: 0.7
A31: 30 | B31: 35 | C31: 1878754 | D31: 6111962030 | E31: 0.0019041987 | F31: 32.531997 | H31: ="("&$A31&", "&$B31&"]" -> (30, 35] | I31: 0 | J31: 0 | K31: 0 | L31: 0 | M31: 0 | N31: 0 | P31: 0 | Q31: 0.00056786647 | R31: 0.0004846669 | S31: 0
A32: 35 | B32: 40 | C32: 1621830 | D32: 6089148510 | E32: 0.0016437951 | F32: 37.544925 | H32: ="("&$A32&", "&$B32&"]" -> (35, 40] | I32: 0 | J32: 0 | K32: 0 | L32: 0 | M32: 0 | N32: 0 | P32: 0 | Q32: 0.00097218159 | R32: 0.00070497004 | S32: 0
A33: 40 | B33: 45 | C33: 1336896 | D33: 5698648415 | E33: 0.0013550021 | F33: 42.625967 | H33: ="("&$A33&", "&$B33&"]" -> (40, 45] | I33: 0 | J33: 0 | K33: 0 | L33: 0 | M33: 0 | N33: 0 | P33: 0 | Q33: 0.00022260373 | R33: 0.00035248502 | S33: 0
A34: 45 | B34: 50 | C34: 1129963 | D34: 5386108480 | E34: 0.0011452665 | F34: 47.666238 | H34: ="("&$A34&", "&$B34&"]" -> (45, 50] | I34: 0 | J34: 0 | K34: 0 | L34: 0 | M34: 0 | N34: 0 | P34: 0 | Q34: 0.00021215213 | R34: 0.00013218188 | S34: 0
A35: 50 | B35: 60 | C35: 1876167 | D35: 10300394235 | E35: 0.0019015767 | F35: 54.901265 | H35: ="("&$A35&", "&$B35&"]" -> (50, 60] | I35: 0 | J35: 0 | K35: 0 | L35: 0 | M35: 0 | N35: 0 | P35: 0 | Q35: 0.00062280362 | R35: 0.00030842439 | S35: 0
A36: 60 | B36: 70 | C36: 1368900 | D36: 8898541035 | E36: 0.0013874395 | F36: 65.005048 | H36: ="("&$A36&", "&$B36&"]" -> (60, 70] | I36: 0 | J36: 0 | K36: 0 | L36: 0 | M36: 0 | N36: 0 | P36: 0 | Q36: 0.00015079862 | R36: 0.00017624251 | S36: 0
A37: 70 | B37: 80 | C37: 1107148 | D37: 8303629765 | E37: 0.0011221425 | F37: 75.000179 | H37: ="("&$A37&", "&$B37&"]" -> (70, 80] | I37: 0 | J37: 0 | K37: 0 | L37: 0 | M37: 0 | N37: 0 | P37: 0 | Q37: 0.00012982942 | R37: 0.00013218188 | S37: 0
A38: 80 | B38: 90 | C38: 880621 | D38: 7488356915 | E38: 0.00089254759 | F38: 85.034957 | H38: ="("&$A38&", "&$B38&"]" -> (80, 90] | I38: 0 | J38: 0 | K38: 0 | L38: 0 | M38: 0 | N38: 0 | P38: 0 | Q38: 0.00011201241 | R38: 0 | S38: 0
A39: 90 | B39: 100 | C39: 740089 | D39: 7048903000 | E39: 0.00075011231 | F39: 95.243991 | H39: ="("&$A39&", "&$B39&"]" -> (90, 100] | I39: 0 | J39: 0 | K39: 0 | L39: 0 | M39: 0 | N39: 0 | P39: 0 | Q39: 0.00010128479 | R39: 8.8121255e-05 | S39: 0
A40: 100 | B40: 120 | C40: 1141398 | D40: 12514373105 | E40: 0.0011568564 | F40: 109.64075 | H40: ="("&$A40&", "&$B40&"]" -> (100, 120] | I40: 0 | J40: 0 | K40: 0 | L40: 0 | M40: 0 | N40: 0 | P40: 0 | Q40: 0 | R40: 0 | S40: 0
A41: 120 | B41: 140 | C41: 816317 | D41: 10590153750 | E41: 0.0008273727 | F41: 129.7309 | H41: ="("&$A41&", "&$B41&"]" -> (120, 140] | I41: 0 | J41: 0 | K41: 0 | L41: 0 | M41: 0 | N41: 0 | P41: 0 | Q41: 0 | R41: 4.4060627e-05 | S41: 0
A42: 140 | B42: 160 | C42: 633041 | D42: 9490295895 | E42: 0.00064161452 | F42: 149.91598 | H42: ="("&$A42&", "&$B42&"]" -> (140, 160] | I42: 0 | J42: 0 | K42: 0 | L42: 0 | M42: 0 | N42: 0 | P42: 0 | Q42: 0 | R42: 8.8121255e-05 | S42: 0
... A79: 100000 | B79: 9999999 | C79: 156 | D79: 1792140330 | E79: 1.5811277e-07 | F79: 114880.79 | H79: ="("&$A79&", "&$B79&"]" -> (100000, 9999999] | I79: 0 | J79: 0 | K79: 0 | L79: 0 | M79: 0 | N79: 0 | P79: 0 | Q79: 0 | R79: 0 | S79: 0
A80: Free Game | C80: =E80*B14 -> 13362000 | D80: {=Multiplier_Weight_Oldhand!D80:D81} -> 360008300 | E80: =Multiplier_Weight_Oldhand!E80 -> 0.013362 | F80: 0.26942696 | H80: Free Game | I80: 0.314 | J80: 0.004195668 | K80: =J80 -> 0.004195668 | L80: 4195668 | M80: 0.0041954968 | N80: 0.0011303799
A81: Buy Feature | C81: 10000000 | D81: 0 | E81: 1 | F81: 0 | H81: Buy Feature | M81: =E81 -> 1 | N81: =F81/B9 -> #DIV/0!
A84: Free Game (Normal Bet)
A86: Simulator | B86: =B14 -> 1000000000 | H86: Calculate
A87: Lower | B87: Upper | C87: Cnt | D87: Pay | E87: Hit Rate | F87: Avg. Multi. | H87: Range | I87: Fix Num | J87: Fix Rate | K87: Final Rate | L87: Weight | M87: Hit Rate | N87: Simulator RTP | P87: 目前 | Q87: 目前 | R87: 競品 | S87: 差異 | U87: Range Hit Rate
A88: -1 | B88: 0 | C88: {=Multiplier_Weight_Oldhand!C88:D151} -> 0 | D88: 0 | E88: {=_xlfn.LET(_xlpm.x, C88:C151, _xlpm.x/SUM(_xlpm.x))} -> 0 | F88: {=_xlfn.LET(_xlpm.x, D88:D151/C88:C151/B3, IF(ISERR(_xlpm.x), 0, _xlpm.x))} -> 0 | G88: 0.0001 | H88: ="("&$A88&", "&$B88&"]" -> (-1, 0] | I88: 0 | J88: {=_xlfn.ANCHORARRAY(E88)*I88:I151} -> 0 | K88: {=J88:J151/SUM(_xlfn.ANCHORARRAY(J88))} -> 0 | L88: {=INT(_xlfn.ANCHORARRAY(K88)*$B$2)} -> 0 | M88: {=_xlfn.LET(_xlpm.x, L88:L151, _xlpm.x/SUM(_xlpm.x))} -> 0 | N88: {=M88:M151*_xlfn.ANCHORARRAY(F88)} -> 0 | P88: {=_xlfn.ANCHORARRAY(M88)} -> 0 | Q88: 0 | R88: 0 | S88: {=_xlfn.LET(_xlpm.x, Q88:Q151/M88:M151, IF(ISERR(_xlpm.x), 0, ROUND(_xlpm.x,2)))} -> 0 | U88: 0 | V88: =SUMPRODUCT(U88:U151,M88:M151) -> 0.36564718
A89: 0 | B89: 1 | C89: 7042 | D89: 397470 | E89: 0.00052724048 | F89: 0.56442772 | G89: 15145 | H89: ="("&$A89&", "&$B89&"]" -> (0, 1] | I89: 0 | J89: 0 | K89: 0 | L89: 0 | M89: 0 | N89: 0 | P89: 0 | Q89: 0 | R89: 0 | S89: 0 | U89: 0.10359619 | V89: =V88*12 -> 4.3877661
A90: 1 | B90: 2 | C90: 6961 | D90: 1078515 | E90: 0.00052117595 | F90: 1.5493679 | G90: =1+G89*G88 -> 2.5145 | H90: ="("&$A90&", "&$B90&"]" -> (1, 2] | I90: 0 | J90: 0 | K90: 0 | L90: 0 | M90: 0 | N90: 0 | P90: 0 | Q90: 0 | R90: 0 | S90: 0 | U90: 0.14849155
A91: 2 | B91: 3 | C91: 7196 | D91: 1845290 | E91: 0.00053877059 | F91: 2.5643274 | H91: ="("&$A91&", "&$B91&"]" -> (2, 3] | I91: 0 | J91: 0 | K91: 0 | L91: 0 | M91: 0 | N91: 0 | P91: 0 | Q91: 0 | R91: 0 | S91: 0 | U91: 0.17406206
A92: 3 | B92: 4 | C92: 7104 | D92: 2524955 | E92: 0.00053188248 | F92: 3.5542722 | H92: ="("&$A92&", "&$B92&"]" -> (3, 4] | I92: 0 | J92: 0 | K92: 0 | L92: 0 | M92: 0 | N92: 0 | P92: 0 | Q92: 0 | R92: 0.036144578 | S92: 0 | U92: 0.19293054
A93: 4 | B93: 5 | C93: 7483 | D93: 3409320 | E93: 0.00056025853 | F93: 4.5560871 | H93: ="("&$A93&", "&$B93&"]" -> (4, 5] | I93: 0 | J93: 0 | K93: 0 | L93: 0 | M93: 0 | N93: 0 | P93: 0 | Q93: 0 | R93: 0 | S93: 0 | U93: 0.20633149
A94: 5 | B94: 6 | C94: 8182 | D94: 4541655 | E94: 0.00061259325 | F94: 5.5507883 | H94: ="("&$A94&", "&$B94&"]" -> (5, 6] | I94: 0 | J94: 0 | K94: 0 | L94: 0 | M94: 0 | N94: 0 | P94: 0 | Q94: 0 | R94: 0 | S94: 0 | U94: 0.21336163
A95: 6 | B95: 7 | C95: 8390 | D95: 5496365 | E95: 0.00062816638 | F95: 6.5510906 | H95: ="("&$A95&", "&$B95&"]" -> (6, 7] | I95: 0 | J95: 0 | K95: 0 | L95: 0 | M95: 0 | N95: 0 | P95: 0 | Q95: 0 | R95: 0.012048193 | S95: 0 | U95: 0.22473548
A96: 7 | B96: 8 | C96: 8747 | D96: 6605700 | E96: 0.00065489527 | F96: 7.5519607 | H96: ="("&$A96&", "&$B96&"]" -> (7, 8] | I96: 0 | J96: 0 | K96: 0 | L96: 0 | M96: 0 | N96: 0 | P96: 0 | Q96: 0 | R96: 0.036144578 | S96: 0 | U96: 0.23448302
A97: 8 | B97: 9 | C97: 8856 | D97: 7570485 | E97: 0.00066305619 | F97: 8.5484248 | H97: ="("&$A97&", "&$B97&"]" -> (8, 9] | I97: 0 | J97: 0 | K97: 0 | L97: 0 | M97: 0 | N97: 0 | P97: 0 | Q97: 0 | R97: 0.024096386 | S97: 0 | U97: 0.24127153
A98: 9 | B98: 10 | C98: 9108 | D98: 8694310 | E98: 0.00068192365 | F98: 9.5457949 | H98: ="("&$A98&", "&$B98&"]" -> (9, 10] | I98: 0 | J98: 0 | K98: 0 | L98: 0 | M98: 0 | N98: 0 | P98: 0 | Q98: 0 | R98: 0.012048193 | S98: 0 | U98: 0.24651399
A99: 10 | B99: 15 | C99: 51671 | D99: 65170480 | E99: 0.0038686514 | F99: 12.612583 | H99: ="("&$A99&", "&$B99&"]" -> (10, 15] | I99: 0 | J99: 0 | K99: 0 | L99: 0 | M99: 0 | N99: 0 | P99: 0 | Q99: 0.13126626 | R99: 0.072289157 | S99: 0 | U99: 0.26219446
A100: 15 | B100: 20 | C100: 60539 | D100: 106561110 | E100: 0.004532606 | F100: 17.60206 | H100: ="("&$A100&", "&$B100&"]" -> (15, 20] | I100: 0 | J100: 0 | K100: 0 | L100: 0 | M100: 0 | N100: 0 | P100: 0 | Q100: 0.13125249 | R100: 0.072289157 | S100: 0 | U100: 0.28343221
A101: 20 | B101: 25 | C101: 68801 | D101: 155359970 | E101: 0.0051511889 | F101: 22.581063 | H101: ="("&$A101&", "&$B101&"]" -> (20, 25] | I101: 0 | J101: 0 | K101: 0 | L101: 0 | M101: 0 | N101: 0 | P101: 0 | Q101: 0.13127819 | R101: 0.072289157 | S101: 0 | U101: 0.29907072
A102: 25 | B102: 30 | C102: 76304 | D102: 210369015 | E102: 0.0057129449 | F102: 27.569854 | H102: ="("&$A102&", "&$B102&"]" -> (25, 30] | I102: 0 | J102: 0 | K102: 0 | L102: 0 | M102: 0 | N102: 0 | P102: 0 | Q102: 0.13224971 | R102: 0.084337349 | S102: 0 | U102: 0.31171105
... A106: 45 | B106: 50 | C106: 100624 | D106: 478490985 | E106: 0.0075338038 | F106: 47.552372 | H106: ="("&$A106&", "&$B106&"]" -> (45, 50] | I106: 17.5 | J106: 0.13184157 | K106: 0.10630319 | L106: 106303192 | M106: 0.10630319 | N106: 5.0549689 | P106: 0.10630319 | Q106: 0.027000173 | R106: 0.024096386 | S106: 0.25 | U106: 0.35173334
A107: 50 | B107: 60 | C107: 214959 | D107: 1184621845 | E107: 0.016094162 | F107: 55.1092 | G107: 1.9140844 | H107: ="("&$A107&", "&$B107&"]" -> (50, 60] | I107: {=G107:G111*G90} -> 4.8129652 | J107: 0.077460641 | K107: 0.062456125 | L107: 62456125 | M107: 0.062456125 | N107: 3.4419071 | P107: 0.062456125 | Q107: 0.022800441 | R107: 0.024096386 | S107: 0.37 | U107: 0.36271289
A108: 60 | B108: 70 | C108: 229908 | D108: 1496133495 | E108: 0.017213406 | F108: 65.075313 | G108: 5.3630478 | H108: ="("&$A108&", "&$B108&"]" -> (60, 70] | I108: 13.485384 | J108: 0.23212938 | K108: 0.18716476 | L108: 187164755 | M108: 0.18716476 | N108: 12.179805 | P108: 0.18716476 | Q108: 0.06725044 | R108: 0.060240964 | S108: 0.36 | U108: 0.37626828
A109: 70 | B109: 80 | C109: 241897 | D109: 1815887605 | E109: 0.018111033 | F109: 75.068629 | G109: 4.5775509 | H109: ="("&$A109&", "&$B109&"]" -> (70, 80] | I109: 11.510252 | J109: 0.20846254 | K109: 0.1680823 | L109: 168082300 | M109: 0.1680823 | N109: 12.617708 | P109: 0.1680823 | Q109: 0.060642211 | R109: 0.048192771 | S109: 0.36 | U109: 0.3878795
A110: 80 | B110: 90 | C110: 251871 | D110: 2142451880 | E110: 0.018857794 | F110: 85.061475 | G110: 2.2481463 | H110: ="("&$A110&", "&$B110&"]" -> (80, 90] | I110: 5.6529639 | J110: 0.10660243 | K110: 0.085953003 | L110: 85953003 | M110: 0.085953003 | N110: 7.3112893 | P110: 0.085953003 | Q110: 0.0308309 | R110: 0.024096386 | S110: 0.36 | U110: 0.39818381
A111: 90 | B111: 100 | C111: 258300 | D111: 2455049550 | E111: 0.019339139 | F111: 95.04644 | G111: 1.9231131 | H111: ="("&$A111&", "&$B111&"]" -> (90, 100] | I111: 4.8356679 | J111: 0.093517654 | K111: 0.075402814 | L111: 75402813 | M111: 0.075402813 | N111: 7.166769 | P111: 0.075402813 | Q111: 0.027035606 | R111: 0.012048193 | S111: 0.36 | U111: 0.40764952
A112: 100 | B112: 120 | C112: 527850 | D112: 5809282525 | E112: 0.039520575 | F112: 110.05556 | H112: ="("&$A112&", "&$B112&"]" -> (100, 120] | I112: 0 | J112: 0 | K112: 0 | L112: 0 | M112: 0 | N112: 0 | P112: 0 | Q112: 0.042740283 | R112: 0.060240964 | S112: 0 | U112: 0.41948421
A113: 120 | B113: 140 | C113: 535919 | D113: 6967737790 | E113: 0.040124708 | F113: 130.01476 | H113: ="("&$A113&", "&$B113&"]" -> (120, 140] | I113: 0 | J113: 0 | K113: 0 | L113: 0 | M113: 0 | N113: 0 | P113: 0 | Q113: 0.018780093 | R113: 0.072289157 | S113: 0 | U113: 0.43345839
A114: 140 | B114: 160 | C114: 529244 | D114: 7938511790 | E114: 0.039624945 | F114: 149.9972 | H114: ="("&$A114&", "&$B114&"]" -> (140, 160] | I114: 0 | J114: 0 | K114: 0 | L114: 0 | M114: 0 | N114: 0 | P114: 0 | Q114: 0.028816648 | R114: 0.024096386 | S114: 0 | U114: 0.44527617
A115: 160 | B115: 180 | C115: 519627 | D115: 8832072340 | E115: 0.038904912 | F115: 169.96947 | H115: ="("&$A115&", "&$B115&"]" -> (160, 180] | I115: 0 | J115: 0 | K115: 0 | L115: 0 | M115: 0 | N115: 0 | P115: 0 | Q115: 0.0085080992 | R115: 0.036144578 | S115: 0 | U115: 0.45612421
A116: 180 | B116: 200 | C116: 500559 | D116: 9508456100 | E116: 0.037477275 | F116: 189.95675 | H116: ="("&$A116&", "&$B116&"]" -> (180, 200] | I116: 0 | J116: 0 | K116: 0 | L116: 0 | M116: 0 | N116: 0 | P116: 0 | Q116: 0.0074870672 | R116: 0 | S116: 0 | U116: 0.46526183
A117: 200 | B117: 250 | C117: 1165700 | D117: 26176231540 | E117: 0.087276943 | F117: 224.55376 | H117: ="("&$A117&", "&$B117&"]" -> (200, 250] | I117: 0 | J117: 0 | K117: 0 | L117: 0 | M117: 0 | N117: 0 | P117: 0 | Q117: 0.020060522 | R117: 0.060240964 | S117: 0 | U117: 0.47911332
A118: 250 | B118: 300 | C118: 1026762 | D118: 28180089350 | E118: 0.076874538 | F118: 274.4559 | H118: ="("&$A118&", "&$B118&"]" -> (250, 300] | I118: 0 | J118: 0 | K118: 0 | L118: 0 | M118: 0 | N118: 0 | P118: 0 | Q118: 0.0056530021 | R118: 0.024096386 | S118: 0 | U118: 0.49589479
A119: 300 | B119: 350 | C119: 890637 | D119: 28893976955 | E119: 0.066682744 | F119: 324.41923 | H119: ="("&$A119&", "&$B119&"]" -> (300, 350] | I119: 0 | J119: 0 | K119: 0 | L119: 0 | M119: 0 | N119: 0 | P119: 0 | Q119: 0.0048534741 | R119: 0.012048193 | S119: 0 | U119: 0.50967718
A120: 350 | B120: 400 | C120: 765141 | D120: 28648734925 | E120: 0.057286752 | F120: 374.42426 | H120: ="("&$A120&", "&$B120&"]" -> (350, 400] | I120: 0 | J120: 0 | K120: 0 | L120: 0 | M120: 0 | N120: 0 | P120: 0 | Q120: 0.00068415602 | R120: 0 | S120: 0 | U120: 0.52141425
A121: 400 | B121: 450 | C121: 655533 | D121: 27818394850 | E121: 0.049080309 | F121: 424.363 | H121: ="("&$A121&", "&$B121&"]" -> (400, 450] | I121: 0 | J121: 0 | K121: 0 | L121: 0 | M121: 0 | N121: 0 | P121: 0 | Q121: 0.00061849301 | R121: 0 | S121: 0 | U121: 0.53116771
A122: 450 | B122: 500 | C122: 560281 | D122: 26577237665 | E122: 0.041948711 | F122: 474.3555 | H122: ="("&$A122&", "&$B122&"]" -> (450, 500] | I122: 0 | J122: 0 | K122: 0 | L122: 0 | M122: 0 | N122: 0 | P122: 0 | Q122: 0.00055034501 | R122: 0 | S122: 0 | U122: 0.53993865
A123: 500 | B123: 550 | C123: 478425 | D123: 25087256455 | E123: 0.035820084 | F123: 524.37177 | H123: ="("&$A123&", "&$B123&"]" -> (500, 550] | I123: 0 | J123: 0 | K123: 0 | L123: 0 | M123: 0 | N123: 0 | P123: 0 | Q123: 0.00049546201 | R123: 0 | S123: 0 | U123: 0.54798422
... A151: 100000 | B151: 9999999 | C151: 66 | D151: 817933950 | E151: 4.9414757e-06 | F151: 123929.39 | H151: ="("&$A151&", "&$B151&"]" -> (100000, 9999999] | I151: 0 | J151: 0 | K151: 0 | L151: 0 | M151: 0 | N151: 0 | P151: 0 | Q151: 0 | R151: 0 | S151: 0 | U151: 0.50990099
A154: Base Game (Extra Bet)
A156: Simulator | B156: 1000000000 | H156: Calculate
A157: Lower | B157: Upper | C157: Cnt | D157: Pay | E157: Hit Rate | F157: Avg. Multi. | H157: Range | I157: Fix Num | J157: Fix Rate | K157: Final Rate | L157: Weight | M157: Hit Rate | N157: Simulator RTP | P157: 目前 | Q157: 目前 | R157: 競品 | S157: 差異
A158: -1 | B158: 0 | C158: {=Multiplier_Weight_Oldhand!C158:D221} -> 738977283 | D158: 0 | E158: {=_xlfn.LET(_xlpm.x, C158:C221, _xlpm.x/SUM(_xlpm.x))} -> 0.74898554 | F158: {=_xlfn.LET(_xlpm.x, D158:D222/C158:C222/B3, IF(ISERR(_xlpm.x), 0, _xlpm.x))} -> 0 | G158: 1e-06 | H158: ="("&$A158&", "&$B158&"]" -> (-1, 0] | I158: 0.97 | J158: {=E158:E222*I158:I222} -> 0.72651597 | K158: {=J158:J221/SUM(_xlfn.ANCHORARRAY(J158))} -> 0.71251376 | L158: {=INT(K158:K222*$B$2)} -> 712513756 | M158: {=_xlfn.LET(_xlpm.x, L158:L222, _xlpm.x/SUM(_xlpm.x))} -> 0.7122258 | N158: {=M158:M222*F158:F222} -> 0 | P158: {=M158:M221} -> 0.7122258 | Q158: 0.72294875 | S158: {=_xlfn.LET(_xlpm.x, Q158:Q221/M158:M221, IF(ISERR(_xlpm.x), 0, ROUND(_xlpm.x,2)))} -> 1.02
A159: 0 | B159: 1 | C159: 134671370 | D159: 5869389535 | E159: 0.13649528 | F159: 0.43583054 | G159: 37745 | H159: ="("&$A159&", "&$B159&"]" -> (0, 1] | I159: 1.18 | J159: 0.16106443 | K159: 0.15796022 | L159: 157960215 | M159: 0.15789638 | N159: 0.068816062 | P159: 0.15789638 | Q159: 0.16136085 | S159: 1.02
A160: 1 | B160: 2 | C160: 34304589 | D160: 5136293060 | E160: 0.034769189 | F160: 1.4972612 | G160: =1+G159*G158 -> 1.037745 | H160: ="("&$A160&", "&$B160&"]" -> (1, 2] | I160: 1.3 | J160: 0.045199946 | K160: 0.044328803 | L160: 44328802 | M160: 0.044310887 | N160: 0.066344972 | P160: 0.044310887 | Q160: 0.045756935 | S160: 1.03
A161: 2 | B161: 3 | C161: 16020309 | D161: 4033651395 | E161: 0.016237278 | F161: 2.5178362 | H161: ="("&$A161&", "&$B161&"]" -> (2, 3] | I161: 1.32 | J161: 0.021433207 | K161: 0.021020123 | L161: 21020122 | M161: 0.021011627 | N161: 0.052903835 | P161: 0.021011627 | Q161: 0.021758 | S161: 1.04
A162: 3 | B162: 4 | C162: 7967455 | D162: 2842347285 | E162: 0.0080753613 | F162: 3.5674469 | H162: ="("&$A162&", "&$B162&"]" -> (3, 4] | I162: 1.08 | J162: 0.0087213902 | K162: 0.008553302 | L162: 8553301 | M162: 0.0085498442 | N162: 0.030501116 | P162: 0.0085498442 | Q162: 0.0085068855 | S162: 0.99
A163: 4 | B163: 5 | C163: 5578706 | D163: 2564213210 | E163: 0.0056542606 | F163: 4.5964301 | H163: ="("&$A163&", "&$B163&"]" -> (4, 5] | I163: 1.21 | J163: 0.0068416553 | K163: 0.0067097954 | L163: 6709795 | M163: 0.0067070833 | N163: 0.030828639 | P163: 0.0067070833 | Q163: 0.0066698354 | S163: 0.99
A164: 5 | B164: 6 | C164: 4158567 | D164: 2322704910 | E164: 0.0042148881 | F164: 5.5853493 | G164: 1.31 | H164: ="("&$A164&", "&$B164&"]" -> (5, 6] | I164: {=G164:G175*G160} -> 1.359446 | J164: 0.0057299125 | K164: 0.0056194793 | L164: 5619479 | M164: 0.0056172079 | N164: 0.031374068 | P164: 0.0056172079 | Q164: 0.0054541949 | S164: 0.97
A165: 6 | B165: 7 | C165: 2772263 | D165: 1818622450 | E165: 0.0028098088 | F165: 6.5600646 | G165: 1.2 | H165: ="("&$A165&", "&$B165&"]" -> (6, 7] | I165: 1.245294 | J165: 0.0034990381 | K165: 0.0034316008 | L165: 3431600 | M165: 0.0034302131 | N165: 0.02250242 | P165: 0.0034302131 | Q165: 0.0033318405 | S165: 0.97
A166: 7 | B166: 8 | C166: 2871865 | D166: 2188753410 | E166: 0.0029107598 | F166: 7.6213659 | G166: 0.98 | H166: ="("&$A166&", "&$B166&"]" -> (7, 8] | I166: 1.0169901 | J166: 0.0029602139 | K166: 0.0029031614 | L166: 2903161 | M166: 0.0029019877 | N166: 0.02211711 | P166: 0.0029019877 | Q166: 0.00281562 | S166: 0.97
A167: 8 | B167: 9 | C167: 2105410 | D167: 1810360075 | E167: 0.0021339244 | F167: 8.5986106 | G167: 1.21 | H167: ="("&$A167&", "&$B167&"]" -> (8, 9] | I167: 1.2556714 | J167: 0.0026795079 | K167: 0.0026278655 | L167: 2627865 | M167: 0.002626803 | N167: 0.022586856 | P167: 0.002626803 | Q167: 0.0025445965 | S167: 0.97
A168: 9 | B168: 10 | C168: 1954254 | D168: 1885134195 | E168: 0.0019807212 | F168: 9.646311 | G168: 1.16 | H168: ="("&$A168&", "&$B168&"]" -> (9, 10] | I168: 1.2037842 | J168: 0.0023843609 | K168: 0.0023384069 | L168: 2338406 | M168: 0.0023374609 | N168: 0.022547875 | P168: 0.0023374609 | Q168: 0.0022718729 | S168: 0.97
A169: 10 | B169: 15 | C169: 6734651 | D169: 8382998890 | E169: 0.006825861 | F169: 12.447562 | G169: 0.45 | H169: ="("&$A169&", "&$B169&"]" -> (10, 15] | I169: 0.46698525 | J169: 0.0031875764 | K169: 0.0031261419 | L169: 3126141 | M169: 0.0031248776 | N169: 0.038897109 | P169: 0.0031248776 | Q169: 0.0030238589 | S169: 0.97
A170: 15 | B170: 20 | C170: 4528931 | D170: 7919233365 | E170: 0.0045902681 | F170: 17.485878 | G170: 0.87 | H170: ="("&$A170&", "&$B170&"]" -> (15, 20] | I170: 0.90283815 | J170: 0.0041442691 | K170: 0.0040643962 | L170: 4064396 | M170: 0.0040627534 | N170: 0.071040809 | P170: 0.0040627534 | Q170: 0.0039646257 | S170: 0.98
A171: 20 | B171: 25 | C171: 3129796 | D171: 7054318865 | E171: 0.003172184 | F171: 22.539229 | G171: 0.53 | H171: ="("&$A171&", "&$B171&"]" -> (20, 25] | I171: 0.55000485 | J171: 0.0017447166 | K171: 0.0017110905 | L171: 1711090 | M171: 0.0017103985 | N171: 0.038551063 | P171: 0.0017103985 | Q171: 0.0016558467 | S171: 0.97
A172: 25 | B172: 30 | C172: 2506990 | D172: 6905395465 | E172: 0.0025409431 | F172: 27.544567 | G172: 0.27 | H172: ="("&$A172&", "&$B172&"]" -> (25, 30] | I172: 0.28019115 | J172: 0.00071194978 | K172: 0.0006982283 | L172: 698228 | M172: 0.00069794582 | N172: 0.019224615 | P172: 0.00069794582 | Q172: 0.00067090937 | S172: 0.96
A173: 30 | B173: 35 | C173: 1878754 | D173: 6111962030 | E173: 0.0019041987 | F173: 32.531997 | G173: 0.3 | H173: ="("&$A173&", "&$B173&"]" -> (30, 35] | I173: 0.3113235 | J173: 0.0005928218 | K173: 0.00058139629 | L173: 581396 | M173: 0.00058116103 | N173: 0.018906329 | P173: 0.00058116103 | Q173: 0.00056786647 | S173: 0.98
A174: 35 | B174: 40 | C174: 1621830 | D174: 6089148510 | E174: 0.0016437951 | F174: 37.544925 | G174: 0.6 | H174: ="("&$A174&", "&$B174&"]" -> (35, 40] | I174: 0.622647 | J174: 0.0010235041 | K174: 0.001003778 | L174: 1003777 | M174: 0.0010033713 | N174: 0.037671501 | P174: 0.0010033713 | Q174: 0.00097218159 | S174: 0.97
A175: 40 | B175: 45 | C175: 1336896 | D175: 5698648415 | E175: 0.0013550021 | F175: 42.625967 | G175: 0.17 | H175: ="("&$A175&", "&$B175&"]" -> (40, 45] | I175: 0.17641665 | J175: 0.00023904493 | K175: 0.00023443779 | L175: 234437 | M175: 0.00023434225 | N175: 0.0099890651 | P175: 0.00023434225 | Q175: 0.00022260373 | S175: 0.95
A176: 45 | B176: 50 | C176: 1129963 | D176: 5386108480 | E176: 0.0011452665 | F176: 47.666238 | H176: ="("&$A176&", "&$B176&"]" -> (45, 50] | I176: 0 | J176: 0 | K176: 0 | L176: 0 | M176: 0 | N176: 0 | P176: 0 | Q176: 0.00021215213 | S176: 0
A177: 50 | B177: 60 | C177: 1876167 | D177: 10300394235 | E177: 0.0019015767 | F177: 54.901265 | H177: ="("&$A177&", "&$B177&"]" -> (50, 60] | I177: 0 | J177: 0 | K177: 0 | L177: 0 | M177: 0 | N177: 0 | P177: 0 | Q177: 0.00062280362 | S177: 0
A178: 60 | B178: 70 | C178: 1368900 | D178: 8898541035 | E178: 0.0013874395 | F178: 65.005048 | H178: ="("&$A178&", "&$B178&"]" -> (60, 70] | I178: 0 | J178: 0 | K178: 0 | L178: 0 | M178: 0 | N178: 0 | P178: 0 | Q178: 0.00015079862 | S178: 0
...

Sheet Multiplier_Weight_Oldhand
A2: Threshold | B2: 1000000000
A3: Coin in | B3: =Overview!A7 -> 100
C5: RTP
B6: Bet | C6: Base Game | D6: Free Game | E6: Total | F6: Hit Rate | G6: FG Period | H6: Avg Multi | I6: BG | L6: FG
A7: Normal Bet | B7: {=Overview!B11:B13} -> 1 | C7: =SUM(N16:N80) -> 0.68 | D7: =SUM(_xlfn.ANCHORARRAY(N88))*F7 -> 0.26 | E7: =SUM(C7:D7) -> 0.94 | F7: =M80 -> 0.0042016801 | G7: =1/F7 -> 238.00004 | H7: =D7*G7 -> 61.88001 | I7: {=LOOKUP(2,1/(L16:L79<>0),B16:B79)} -> 80 | L7: {=LOOKUP(2,1/(_xlfn.ANCHORARRAY(L88)<>0),B16:B79)} -> 20000
A8: Extra Bet | B8: 2 | C8: =SUM(_xlfn.ANCHORARRAY(N158))/B8 -> 0.33653493 | D8: =SUM(_xlfn.ANCHORARRAY(N229))*F8/B8 -> 0.60346507 | E8: =SUM(C8:D8) -> 0.94 | F8: =M222 -> 0.021008403 | G8: =1/F8 -> 47.6 | H8: =D8*G8 -> 28.724937 | I8: {=LOOKUP(2,1/(L158:L221<>0),B16:B79)} -> 80 | L8: {=LOOKUP(2,1/(_xlfn.ANCHORARRAY(L229)<>0),B16:B79)} -> 20000
A9: Buy Feature | B9: 75 | C9: =N81 -> 0 | D9: =SUM(_xlfn.ANCHORARRAY(N299))/B9 -> 0.925 | E9: =SUM(C9:D9) -> 0.925 | F9: =E81 -> 1 | G9: =1/F9 -> 1 | H9: =D9*G9*B9 -> 69.375 | L9: {=LOOKUP(2,1/(_xlfn.ANCHORARRAY(L299)<>0),B16:B79)} -> 20000
A12: Base Game (Normal Bet)
A14: Simulator | B14: 1000000000 | C14: H026192_2606171759_betmode0 | H14: Calculate
A15: Lower | B15: Upper | C15: Cnt | D15: Pay | E15: Hit Rate | F15: Avg. Multi. | H15: Range | I15: Fix Num | J15: Fix Rate | K15: Final Rate | L15: Weight | M15: Hit Rate | N15: Simulator RTP | P15: 目前 | Q15: 目前 | R15: 競品 | S15: 差異
A16: -1 | B16: 0 | C16: 738977283 | D16: 0 | E16: {=_xlfn.LET(_xlpm.x, C16:C79, _xlpm.x/SUM(_xlpm.x))} -> 0.74898554 | F16: {=_xlfn.LET(_xlpm.x, D16:D81/C16:C81/B3, IF(ISERR(_xlpm.x), 0, _xlpm.x))} -> 0 | G16: 1e-06 | H16: ="("&$A16&", "&$B16&"]" -> (-1, 0] | I16: 0.96409594 | J16: {=E16:E80*I16:I80} -> 0.72209392 | K16: {=J16:J79/SUM(_xlfn.ANCHORARRAY(J16))} -> 0.72209366 | L16: {=INT(K16:K80*$B$2)} -> 722093664 | M16: {=_xlfn.LET(_xlpm.x, L16:L80, _xlpm.x/SUM(_xlpm.x))} -> 0.72209367 | N16: {=M16:M80*F16:F80} -> 0 | P16: {=M16:M79} -> 0.72209367 | Q16: 0.71705586 | R16: 0.72554635 | S16: {=_xlfn.LET(_xlpm.x, Q16:Q79/M16:M79, IF(ISERR(_xlpm.x), 0, ROUND(_xlpm.x,2)))} -> 0.99
A17: 0 | B17: 1 | C17: 134671370 | D17: 5869389535 | E17: 0.13649528 | F17: 0.43583054 | G17: -44364 | H17: ="("&$A17&", "&$B17&"]" -> (0, 1] | I17: 1.1604137 | J17: 0.15839099 | K17: 0.15839094 | L17: 158390938 | M17: 0.15839094 | N17: 0.069031608 | P17: 0.15839094 | Q17: 0.16062308 | R17: 0.15905886 | S17: 1.01
A18: 1 | B18: 2 | C18: 34304589 | D18: 5136293060 | E18: 0.034769189 | F18: 1.4972612 | G18: =1+G17*G16 -> 0.955636 | H18: ="("&$A18&", "&$B18&"]" -> (1, 2] | I18: 1.4259511 | J18: 0.049579162 | K18: 0.049579145 | L18: 49579145 | M18: 0.049579146 | N18: 0.074232932 | P18: 0.049579146 | Q18: 0.045422828 | R18: 0.049788509 | S18: 0.92
A19: 2 | B19: 3 | C19: 16020309 | D19: 4033651395 | E19: 0.016237278 | F19: 2.5178362 | H19: ="("&$A19&", "&$B19&"]" -> (2, 3] | I19: 1.3159147 | J19: 0.021366873 | K19: 0.021366866 | L19: 21366865 | M19: 0.021366865 | N19: 0.053798267 | P19: 0.021366865 | Q19: 0.021536404 | R19: 0.021457526 | S19: 1.01
A20: 3 | B20: 4 | C20: 7967455 | D20: 2842347285 | E20: 0.0080753613 | F20: 3.5674469 | H20: ="("&$A20&", "&$B20&"]" -> (3, 4] | I20: 1.1626743 | J20: 0.0093890151 | K20: 0.0093890119 | L20: 9389011 | M20: 0.0093890111 | N20: 0.033494799 | P20: 0.0093890111 | Q20: 0.011596655 | R20: 0.0094289743 | S20: 1.24
A21: 4 | B21: 5 | C21: 5578706 | D21: 2564213210 | E21: 0.0056542606 | F21: 4.5964301 | H21: ="("&$A21&", "&$B21&"]" -> (4, 5] | I21: 1.1018263 | J21: 0.0062300131 | K21: 0.0062300109 | L21: 6230010 | M21: 0.0062300101 | N21: 0.028635806 | P21: 0.0062300101 | Q21: 0.0091348015 | R21: 0.0062566091 | S21: 1.47
A22: 5 | B22: 6 | C22: 4158567 | D22: 2322704910 | E22: 0.0042148881 | F22: 5.5853493 | G22: 1.79 | H22: ="("&$A22&", "&$B22&"]" -> (5, 6] | I22: 1.2698985 | J22: 0.0053524801 | K22: 0.0053524782 | L22: 5352478 | M22: 0.0053524781 | N22: 0.029895459 | P22: 0.0053524781 | Q22: 0.0071901818 | R22: 0.0053753965 | S22: 1.34
A23: 6 | B23: 7 | C23: 2772263 | D23: 1818622450 | E23: 0.0028098088 | F23: 6.5600646 | G23: 1.24 | H23: ="("&$A23&", "&$B23&"]" -> (6, 7] | I23: 0.88999579 | J23: 0.002500718 | K23: 0.0025007172 | L23: 2500717 | M23: 0.002500717 | N23: 0.016404865 | P23: 0.002500717 | Q23: 0.003320467 | R23: 0.0025114558 | S23: 1.33
A24: 7 | B24: 8 | C24: 2871865 | D24: 2188753410 | E24: 0.0029107598 | F24: 7.6213659 | G24: 1.02 | H24: ="("&$A24&", "&$B24&"]" -> (7, 8] | I24: 1.0550565 | J24: 0.003071016 | K24: 0.003071015 | L24: 3071014 | M24: 0.003071014 | N24: 0.023405322 | P24: 0.003071014 | Q24: 0.0028294846 | R24: 0.0030842439 | S24: 0.92
A25: 8 | B25: 9 | C25: 2105410 | D25: 1810360075 | E25: 0.0021339244 | F25: 8.5986106 | G25: 1.26 | H25: ="("&$A25&", "&$B25&"]" -> (8, 9] | I25: 1.2540923 | J25: 0.002676138 | K25: 0.0026761371 | L25: 2676137 | M25: 0.002676137 | N25: 0.02301106 | P25: 0.002676137 | Q25: 0.0025624197 | R25: 0.0026876983 | S25: 0.96
A26: 9 | B26: 10 | C26: 1954254 | D26: 1885134195 | E26: 0.0019807212 | F26: 9.646311 | G26: 1.21 | H26: ="("&$A26&", "&$B26&"]" -> (9, 10] | I26: 1.129587 | J26: 0.002237397 | K26: 0.0022373962 | L26: 2237396 | M26: 0.002237396 | N26: 0.021582618 | P26: 0.002237396 | Q26: 0.0022840699 | R26: 0.002247092 | S26: 1.02
A27: 10 | B27: 15 | C27: 6734651 | D27: 8382998890 | E27: 0.006825861 | F27: 12.447562 | G27: 0.48 | H27: ="("&$A27&", "&$B27&"]" -> (10, 15] | I27: 0.72624325 | J27: 0.0049572355 | K27: 0.0049572338 | L27: 4957233 | M27: 0.0049572331 | N27: 0.061705468 | P27: 0.0049572331 | Q27: 0.0031224783 | R27: 0.0049788509 | S27: 0.63
A28: 15 | B28: 20 | C28: 4528931 | D28: 7919233365 | E28: 0.0045902681 | F28: 17.485878 | G28: 1.13 | H28: ="("&$A28&", "&$B28&"]" -> (15, 20] | I28: 0.50648655 | J28: 0.002324909 | K28: 0.0023249082 | L28: 2324908 | M28: 0.002324908 | N28: 0.040653057 | P28: 0.002324908 | Q28: 0.0049433035 | R28: 0.0023352133 | S28: 2.13
A29: 20 | B29: 25 | C29: 3129796 | D29: 7054318865 | E29: 0.003172184 | F29: 22.539229 | G29: 0.54 | H29: ="("&$A29&", "&$B29&"]" -> (20, 25] | I29: 0.56692802 | J29: 0.0017984 | K29: 0.0017983994 | L29: 1798399 | M29: 0.001798399 | N29: 0.040534527 | P29: 0.001798399 | Q29: 0.0016324983 | R29: 0.0018064857 | S29: 0.91
A30: 25 | B30: 30 | C30: 2506990 | D30: 6905395465 | E30: 0.0025409431 | F30: 27.544567 | G30: 0.2 | H30: ="("&$A30&", "&$B30&"]" -> (25, 30] | I30: 0.34523126 | J30: 0.00087721301 | K30: 0.00087721271 | L30: 877212 | M30: 0.00087721201 | N30: 0.024162425 | P30: 0.00087721201 | Q30: 0.00048431246 | R30: 0.00088121255 | S30: 0.55
A31: 30 | B31: 35 | C31: 1878754 | D31: 6111962030 | E31: 0.0019041987 | F31: 32.531997 | G31: 0.22 | H31: ="("&$A31&", "&$B31&"]" -> (30, 35] | I31: 0.25335382 | J31: 0.00048243601 | K31: 0.00048243584 | L31: 482435 | M31: 0.00048243501 | N31: 0.015694574 | P31: 0.00048243501 | Q31: 0.00039924143 | R31: 0.0004846669 | S31: 0.83
A32: 35 | B32: 40 | C32: 1621830 | D32: 6089148510 | E32: 0.0016437951 | F32: 37.544925 | G32: 0.33 | H32: ="("&$A32&", "&$B32&"]" -> (35, 40] | I32: 0.42686708 | J32: 0.00070168201 | K32: 0.00070168176 | L32: 701681 | M32: 0.00070168101 | N32: 0.026344561 | P32: 0.00070168101 | Q32: 0.00051696609 | R32: 0.00070497004 | S32: 0.74
A33: 40 | B33: 45 | C33: 1336896 | D33: 5698648415 | E33: 0.0013550021 | F33: 42.625967 | G33: 0.16 | H33: ="("&$A33&", "&$B33&"]" -> (40, 45] | I33: 0.25890588 | J33: 0.000350818 | K33: 0.00035081788 | L33: 350817 | M33: 0.000350817 | N33: 0.014953914 | P33: 0.000350817 | Q33: 0.00020661364 | R33: 0.00035248502 | S33: 0.59
... A79: 100000 | B79: 9999999 | C79: 156 | D79: 1792140330 | E79: 1.5811277e-07 | F79: 114880.79 | G79: 0 | H79: ="("&$A79&", "&$B79&"]" -> (100000, 9999999] | I79: 0 | J79: 0 | K79: 0 | L79: 0 | M79: 0 | N79: 0 | P79: 0 | Q79: 0 | R79: 0 | S79: 0
A80: Free Game | C80: =E80*B14 -> 13362000 | D80: 360008300 | E80: 0.013362 | F80: 0.26942696 | H80: Free Game | I80: 0.31444994 | J80: 0.0042016801 | K80: =J80 -> 0.0042016801 | L80: 4201680 | M80: 0.0042016801 | N80: 0.0011320459
A81: Buy Feature | C81: 10000000 | D81: 0 | E81: 1 | F81: 0 | H81: Buy Feature | M81: =E81 -> 1 | N81: =F81/B9 -> 0
A84: Free Game (Normal Bet)
A86: Simulator | B86: =B14 -> 1000000000 | H86: Calculate
A87: Lower | B87: Upper | C87: Cnt | D87: Pay | E87: Hit Rate | F87: Avg. Multi. | H87: Range | I87: Fix Num | J87: Fix Rate | K87: Final Rate | L87: Weight | M87: Hit Rate | N87: Simulator RTP | P87: 目前 | Q87: 目前 | R87: 競品 | S87: 差異 | U87: Range Hit Rate
A88: -1 | B88: 0 | C88: 0 | D88: 0 | E88: {=_xlfn.LET(_xlpm.x, C88:C151, _xlpm.x/SUM(_xlpm.x))} -> 0 | F88: {=_xlfn.LET(_xlpm.x, D88:D151/C88:C151/B3, IF(ISERR(_xlpm.x), 0, _xlpm.x))} -> 0 | G88: 1e-05 | H88: ="("&$A88&", "&$B88&"]" -> (-1, 0] | I88: 0 | J88: {=_xlfn.ANCHORARRAY(E88)*I88:I151} -> 0 | K88: {=J88:J151/SUM(_xlfn.ANCHORARRAY(J88))} -> 0 | L88: {=INT(_xlfn.ANCHORARRAY(K88)*$B$2)} -> 0 | M88: {=_xlfn.LET(_xlpm.x, L88:L151, _xlpm.x/SUM(_xlpm.x))} -> 0 | N88: {=M88:M151*_xlfn.ANCHORARRAY(F88)} -> 0 | P88: {=_xlfn.ANCHORARRAY(M88)} -> 0 | Q88: 0 | R88: 0 | S88: {=_xlfn.LET(_xlpm.x, Q88:Q151/M88:M151, IF(ISERR(_xlpm.x), 0, ROUND(_xlpm.x,2)))} -> 0 | U88: 0 | V88: =SUMPRODUCT(U88:U151,M88:M151) -> 0.34693425
A89: 0 | B89: 1 | C89: 7042 | D89: 397470 | E89: 0.00052724048 | F89: 0.56442772 | G89: -25756 | H89: ="("&$A89&", "&$B89&"]" -> (0, 1] | I89: 0 | J89: 0 | K89: 0 | L89: 0 | M89: 0 | N89: 0 | P89: 0 | Q89: 0 | R89: 0 | S89: 0 | U89: 0.10359619 | V89: =V88*12 -> 4.163211
A90: 1 | B90: 2 | C90: 6961 | D90: 1078515 | E90: 0.00052117595 | F90: 1.5493679 | G90: =1+G89*G88 -> 0.74244 | H90: ="("&$A90&", "&$B90&"]" -> (1, 2] | I90: 0 | J90: 0 | K90: 0 | L90: 0 | M90: 0 | N90: 0 | P90: 0 | Q90: 0 | R90: 0 | S90: 0 | U90: 0.14849155
A91: 2 | B91: 3 | C91: 7196 | D91: 1845290 | E91: 0.00053877059 | F91: 2.5643274 | H91: ="("&$A91&", "&$B91&"]" -> (2, 3] | I91: 0 | J91: 0 | K91: 0 | L91: 0 | M91: 0 | N91: 0 | P91: 0 | Q91: 0 | R91: 0 | S91: 0 | U91: 0.17406206
A92: 3 | B92: 4 | C92: 7104 | D92: 2524955 | E92: 0.00053188248 | F92: 3.5542722 | H92: ="("&$A92&", "&$B92&"]" -> (3, 4] | I92: 0 | J92: 0 | K92: 0 | L92: 0 | M92: 0 | N92: 0 | P92: 0 | Q92: 0 | R92: 0.036144578 | S92: 0 | U92: 0.19293054
A93: 4 | B93: 5 | C93: 7483 | D93: 3409320 | E93: 0.00056025853 | F93: 4.5560871 | H93: ="("&$A93&", "&$B93&"]" -> (4, 5] | I93: 0 | J93: 0 | K93: 0 | L93: 0 | M93: 0 | N93: 0 | P93: 0 | Q93: 0 | R93: 0 | S93: 0 | U93: 0.20633149
A94: 5 | B94: 6 | C94: 8182 | D94: 4541655 | E94: 0.00061259325 | F94: 5.5507883 | H94: ="("&$A94&", "&$B94&"]" -> (5, 6] | I94: 0 | J94: 0 | K94: 0 | L94: 0 | M94: 0 | N94: 0 | P94: 0 | Q94: 0 | R94: 0 | S94: 0 | U94: 0.21336163
A95: 6 | B95: 7 | C95: 8390 | D95: 5496365 | E95: 0.00062816638 | F95: 6.5510906 | H95: ="("&$A95&", "&$B95&"]" -> (6, 7] | I95: 0 | J95: 0 | K95: 0 | L95: 0 | M95: 0 | N95: 0 | P95: 0 | Q95: 0 | R95: 0.012048193 | S95: 0 | U95: 0.22473548
A96: 7 | B96: 8 | C96: 8747 | D96: 6605700 | E96: 0.00065489527 | F96: 7.5519607 | H96: ="("&$A96&", "&$B96&"]" -> (7, 8] | I96: 0 | J96: 0 | K96: 0 | L96: 0 | M96: 0 | N96: 0 | P96: 0 | Q96: 0 | R96: 0.036144578 | S96: 0 | U96: 0.23448302
A97: 8 | B97: 9 | C97: 8856 | D97: 7570485 | E97: 0.00066305619 | F97: 8.5484248 | H97: ="("&$A97&", "&$B97&"]" -> (8, 9] | I97: 0 | J97: 0 | K97: 0 | L97: 0 | M97: 0 | N97: 0 | P97: 0 | Q97: 0 | R97: 0.024096386 | S97: 0 | U97: 0.24127153
A98: 9 | B98: 10 | C98: 9108 | D98: 8694310 | E98: 0.00068192365 | F98: 9.5457949 | H98: ="("&$A98&", "&$B98&"]" -> (9, 10] | I98: 0 | J98: 0 | K98: 0 | L98: 0 | M98: 0 | N98: 0 | P98: 0 | Q98: 0 | R98: 0.012048193 | S98: 0 | U98: 0.24651399
A99: 10 | B99: 15 | C99: 51671 | D99: 65170480 | E99: 0.0038686514 | F99: 12.612583 | H99: ="("&$A99&", "&$B99&"]" -> (10, 15] | I99: 21.279437 | J99: 0.082322723 | K99: 0.082322499 | L99: 82322499 | M99: 0.082322501 | N99: 1.0382994 | O99: 0.7 | P99: 0.082322501 | Q99: 0.14065752 | R99: 0.072289157 | S99: 1.71 | U99: 0.26219446
A100: 15 | B100: 20 | C100: 60539 | D100: 106561110 | E100: 0.004532606 | F100: 17.60206 | H100: ="("&$A100&", "&$B100&"]" -> (15, 20] | I100: 17.797553 | J100: 0.080669295 | K100: 0.080669075 | L100: 80669075 | M100: 0.080669077 | N100: 1.4199419 | O100: {=I100:I106*O99} -> 12.458287 | P100: 0.080669077 | Q100: 0.1394833 | R100: 0.072289157 | S100: 1.73 | U100: 0.28343221
A101: 20 | B101: 25 | C101: 68801 | D101: 155359970 | E101: 0.0051511889 | F101: 22.581063 | H101: ="("&$A101&", "&$B101&"]" -> (20, 25] | I101: 15.339967 | J101: 0.079019068 | K101: 0.079018853 | L101: 79018853 | M101: 0.079018855 | N101: 1.7843297 | O101: 10.737977 | P101: 0.079018855 | Q101: 0.14021271 | R101: 0.072289157 | S101: 1.77 | U101: 0.29907072
A102: 25 | B102: 30 | C102: 76304 | D102: 210369015 | E102: 0.0057129449 | F102: 27.569854 | H102: ="("&$A102&", "&$B102&"]" -> (25, 30] | I102: 15.12671 | J102: 0.086418063 | K102: 0.086417828 | L102: 86417827 | M102: 0.086417829 | N102: 2.3825269 | O102: 10.588697 | P102: 0.086417829 | Q102: 0.1397444 | R102: 0.084337349 | S102: 1.62 | U102: 0.31171105
A103: 30 | B103: 35 | C103: 83241 | D103: 271107480 | E103: 0.0062323239 | F103: 32.568984 | H103: ="("&$A103&", "&$B103&"]" -> (30, 35] | I103: 7.7902402 | J103: 0.048551301 | K103: 0.048551169 | L103: 48551168 | M103: 0.048551169 | N103: 1.5812622 | O103: 5.4531682 | P103: 0.048551169 | Q103: 0.036792876 | R103: 0.036144578 | S103: 0.76 | U103: 0.324259
A104: 35 | B104: 40 | C104: 89448 | D104: 335898775 | E104: 0.0066970473 | F104: 37.552408 | H104: ="("&$A104&", "&$B104&"]" -> (35, 40] | I104: 5.6513177 | J104: 0.037847142 | K104: 0.037847039 | L104: 37847038 | M104: 0.037847039 | N104: 1.4212474 | O104: 3.9559224 | P104: 0.037847039 | Q104: 0.029973237 | R104: 0.024096386 | S104: 0.79 | U104: 0.33402139
A105: 40 | B105: 45 | C105: 95401 | D105: 405939470 | E105: 0.0071427534 | F105: 42.550861 | H105: ="("&$A105&", "&$B105&"]" -> (40, 45] | I105: 6.3341029 | J105: 0.045242935 | K105: 0.045242812 | L105: 45242811 | M105: 0.045242812 | N105: 1.9251206 | O105: 4.433872 | P105: 0.045242812 | Q105: 0.029617721 | R105: 0.036144578 | S105: 0.65 | U105: 0.34309852
A106: 45 | B106: 50 | C106: 100624 | D106: 478490985 | E106: 0.0075338038 | F106: 47.552372 | H106: ="("&$A106&", "&$B106&"]" -> (45, 50] | I106: 4.5837113 | J106: 0.034532782 | K106: 0.034532688 | L106: 34532687 | M106: 0.034532688 | N106: 1.6421112 | O106: 3.2085979 | P106: 0.034532688 | Q106: 0.027089907 | R106: 0.024096386 | S106: 0.78 | U106: 0.35173334
A107: 50 | B107: 60 | C107: 214959 | D107: 1184621845 | E107: 0.016094162 | F107: 55.1092 | G107: 10 | H107: ="("&$A107&", "&$B107&"]" -> (50, 60] | I107: 15.141474 | J107: 0.24368933 | K107: 0.24368867 | L107: 243688670 | M107: 0.24368867 | N107: 13.429488 | O107: {=G107:G151*O99} -> 7 | P107: 0.24368867 | Q107: 0.020696066 | R107: 0.024096386 | S107: 0.08 | U107: 0.36271289
A108: 60 | B108: 70 | C108: 229908 | D108: 1496133495 | E108: 0.017213406 | F108: 65.075313 | G108: 13.365 | H108: ="("&$A108&", "&$B108&"]" -> (60, 70] | I108: 4.1720051 | J108: 0.071814417 | K108: 0.071814222 | L108: 71814222 | M108: 0.071814223 | N108: 4.673333 | O108: 9.3555 | P108: 0.071814223 | Q108: 0.06087819 | R108: 0.060240964 | S108: 0.85 | U108: 0.37626828
A109: 70 | B109: 80 | C109: 241897 | D109: 1815887605 | E109: 0.018111033 | F109: 75.068629 | G109: 11.4075 | H109: ="("&$A109&", "&$B109&"]" -> (70, 80] | I109: 3.0877633 | J109: 0.055922582 | K109: 0.05592243 | L109: 55922430 | M109: 0.055922431 | N109: 4.1980202 | O109: 7.98525 | P109: 0.055922431 | Q109: 0.05466885 | R109: 0.048192771 | S109: 0.98 | U109: 0.3878795
A110: 80 | B110: 90 | C110: 251871 | D110: 2142451880 | E110: 0.018857794 | F110: 85.061475 | G110: 5 | H110: ="("&$A110&", "&$B110&"]" -> (80, 90] | I110: 1.5060476 | J110: 0.028400736 | K110: 0.028400659 | L110: 28400658 | M110: 0.028400659 | N110: 2.4158019 | O110: 3.5 | P110: 0.028400659 | Q110: 0.027836152 | R110: 0.024096386 | S110: 0.98 | U110: 0.39818381
A111: 90 | B111: 100 | C111: 258300 | D111: 2455049550 | E111: 0.019339139 | F111: 95.04644 | G111: 5 | H111: ="("&$A111&", "&$B111&"]" -> (90, 100] | I111: 0.64713973 | J111: 0.012515125 | K111: 0.012515091 | L111: 12515091 | M111: 0.012515091 | N111: 1.1895149 | O111: 3.5 | P111: 0.012515091 | Q111: 0.024594055 | R111: 0.012048193 | S111: 1.97 | U111: 0.40764952
A112: 100 | B112: 120 | C112: 527850 | D112: 5809282525 | E112: 0.039520575 | F112: 110.05556 | G112: 5 | H112: ="("&$A112&", "&$B112&"]" -> (100, 120] | I112: 0.76261183 | J112: 0.030138858 | K112: 0.030138776 | L112: 30138776 | M112: 0.030138777 | N112: 3.3169398 | O112: 3.5 | P112: 0.030138777 | Q112: 0.038380481 | R112: 0.060240964 | S112: 1.27 | U112: 0.41948421
A113: 120 | B113: 140 | C113: 535919 | D113: 6967737790 | E113: 0.040124708 | F113: 130.01476 | G113: 3 | H113: ="("&$A113&", "&$B113&"]" -> (120, 140] | I113: 0.78269946 | J113: 0.031405587 | K113: 0.031405502 | L113: 31405501 | M113: 0.031405502 | N113: 4.0831786 | O113: 2.1 | P113: 0.031405502 | Q113: 0.016844639 | R113: 0.072289157 | S113: 0.54 | U113: 0.43345839
A114: 140 | B114: 160 | C114: 529244 | D114: 7938511790 | E114: 0.039624945 | F114: 149.9972 | G114: 1.2 | H114: ="("&$A114&", "&$B114&"]" -> (140, 160] | I114: 0.099518322 | J114: 0.003943408 | K114: 0.0039433973 | L114: 3943397 | M114: 0.0039433971 | N114: 0.59149852 | O114: 0.84 | P114: 0.0039433971 | Q114: 0.02573944 | R114: 0.024096386 | S114: 6.53 | U114: 0.44527617
A115: 160 | B115: 180 | C115: 519627 | D115: 8832072340 | E115: 0.038904912 | F115: 169.96947 | G115: 0.225 | H115: ="("&$A115&", "&$B115&"]" -> (160, 180] | I115: 0.089449836 | J115: 0.003480038 | K115: 0.0034800285 | L115: 3480028 | M115: 0.0034800281 | N115: 0.59149851 | O115: 0.1575 | P115: 0.0034800281 | Q115: 0.0075390382 | R115: 0.036144578 | S115: 2.17 | U115: 0.45612421
A116: 180 | B116: 200 | C116: 500559 | D116: 9508456100 | E116: 0.037477275 | F116: 189.95675 | G116: 0.195 | H116: ="("&$A116&", "&$B116&"]" -> (180, 200] | I116: 0.083086797 | J116: 0.0031138667 | K116: 0.0031138583 | L116: 3113858 | M116: 0.0031138581 | N116: 0.59149836 | O116: 0.1365 | P116: 0.0031138581 | Q116: 0.0064951012 | R116: 0 | S116: 2.09 | U116: 0.46526183
A117: 200 | B117: 250 | C117: 1165700 | D117: 26176231540 | E117: 0.087276943 | F117: 224.55376 | G117: 0.3 | H117: ="("&$A117&", "&$B117&"]" -> (200, 250] | I117: 0.030184151 | J117: 0.0026343804 | K117: 0.0026343732 | L117: 2634373 | M117: 0.0026343731 | N117: 0.59155837 | O117: 0.21 | P117: 0.0026343731 | Q117: 0.018141927 | R117: 0.060240964 | S117: 6.89 | U117: 0.47911332
A118: 250 | B118: 300 | C118: 1026762 | D118: 28180089350 | E118: 0.076874538 | F118: 274.4559 | G118: 0.054 | H118: ="("&$A118&", "&$B118&"]" -> (250, 300] | I118: 0.028034947 | J118: 0.0021551736 | K118: 0.0021551678 | L118: 2155167 | M118: 0.002155167 | N118: 0.59149832 | O118: 0.0378 | P118: 0.002155167 | Q118: 0.0050921931 | R118: 0.024096386 | S118: 2.36 | U118: 0.49589479
A119: 300 | B119: 350 | C119: 890637 | D119: 28893976955 | E119: 0.066682744 | F119: 324.41923 | G119: 0.048 | H119: ="("&$A119&", "&$B119&"]" -> (300, 350] | I119: 0.027342275 | J119: 0.0018232579 | K119: 0.001823253 | L119: 1823252 | M119: 0.001823252 | N119: 0.59149802 | O119: 0.0336 | P119: 0.001823252 | Q119: 0.0041641551 | R119: 0.012048193 | S119: 2.28 | U119: 0.50967718
... A151: 100000 | B151: 9999999 | C151: 66 | D151: 817933950 | E151: 4.9414757e-06 | F151: 123929.39 | G151: 0 | H151: ="("&$A151&", "&$B151&"]" -> (100000, 9999999] | I151: 0 | J151: 0 | K151: 0 | L151: 0 | M151: 0 | N151: 0 | O151: 0 | P151: 0 | Q151: 0 | R151: 0 | S151: 0 | U151: 0.50990099
K152: =1/K80 -> 238.00003
A154: Base Game (Extra Bet)
A156: Simulator | B156: 1000000000 | H156: Calculate
A157: Lower | B157: Upper | C157: Cnt | D157: Pay | E157: Hit Rate | F157: Avg. Multi. | H157: Range | I157: Fix Num | J157: Fix Rate | K157: Final Rate | L157: Weight | M157: Hit Rate | N157: Simulator RTP | P157: 目前 | Q157: 目前 | R157: 競品 | S157: 差異
A158: -1 | B158: 0 | C158: {=C16:D79} -> 738977283 | D158: 0 | E158: {=_xlfn.LET(_xlpm.x, C158:C221, _xlpm.x/SUM(_xlpm.x))} -> 0.74898554 | F158: {=_xlfn.LET(_xlpm.x, D158:D222/C158:C222/B3, IF(ISERR(_xlpm.x), 0, _xlpm.x))} -> 0 | G158: 1e-06 | H158: ="("&$A158&", "&$B158&"]" -> (-1, 0] | I158: 0.94782428 | J158: {=E158:E222*I158:I222} -> 0.70990668 | K158: {=J158:J221/SUM(_xlfn.ANCHORARRAY(J158))} -> 0.70990668 | L158: {=INT(K158:K222*$B$2)} -> 709906683 | M158: {=_xlfn.LET(_xlpm.x, L158:L222, _xlpm.x/SUM(_xlpm.x))} -> 0.70990669 | N158: {=M158:M222*F158:F222} -> 0 | P158: {=M158:M221} -> 0.70990669 | Q158: 0.71373493 | S158: {=_xlfn.LET(_xlpm.x, Q158:Q221/M158:M221, IF(ISERR(_xlpm.x), 0, ROUND(_xlpm.x,2)))} -> 1.01
A159: 0 | B159: 1 | C159: 134671370 | D159: 5869389535 | E159: 0.13649528 | F159: 0.43583054 | G159: -99505 | H159: ="("&$A159&", "&$B159&"]" -> (0, 1] | I159: 1.1408287 | J159: 0.15571773 | K159: 0.15571773 | L159: 155717734 | M159: 0.15571774 | N159: 0.067866544 | P159: 0.15571774 | Q159: 0.15823094 | S159: 1.02
A160: 1 | B160: 2 | C160: 34304589 | D160: 5136293060 | E160: 0.034769189 | F160: 1.4972612 | G160: =1+G159*G158 -> 0.900495 | H160: ="("&$A160&", "&$B160&"]" -> (1, 2] | I160: 1.4018744 | J160: 0.048742036 | K160: 0.048742036 | L160: 48742036 | M160: 0.048742037 | N160: 0.072979561 | P160: 0.048742037 | Q160: 0.044404778 | S160: 0.91
A161: 2 | B161: 3 | C161: 16020309 | D161: 4033651395 | E161: 0.016237278 | F161: 2.5178362 | H161: ="("&$A161&", "&$B161&"]" -> (2, 3] | I161: 1.2937052 | J161: 0.021006251 | K161: 0.021006251 | L161: 21006250 | M161: 0.02100625 | N161: 0.052890297 | P161: 0.02100625 | Q161: 0.021056148 | S161: 1
A162: 3 | B162: 4 | C162: 7967455 | D162: 2842347285 | E162: 0.0080753613 | F162: 3.5674469 | H162: ="("&$A162&", "&$B162&"]" -> (3, 4] | I162: 1.1430511 | J162: 0.0092305506 | K162: 0.0092305507 | L162: 9230550 | M162: 0.0092305501 | N162: 0.032929498 | P162: 0.0092305501 | Q162: 0.0085679609 | S162: 0.93
A163: 4 | B163: 5 | C163: 5578706 | D163: 2564213210 | E163: 0.0056542606 | F163: 4.5964301 | H163: ="("&$A163&", "&$B163&"]" -> (4, 5] | I163: 1.0832301 | J163: 0.0061248651 | K163: 0.0061248652 | L163: 6124865 | M163: 0.0061248651 | N163: 0.028152514 | P163: 0.0061248651 | Q163: 0.0067212946 | S163: 1.1
A164: 5 | B164: 6 | C164: 4158567 | D164: 2322704910 | E164: 0.0042148881 | F164: 5.5853493 | G164: 1.34 | H164: ="("&$A164&", "&$B164&"]" -> (5, 6] | I164: 1.2484656 | J164: 0.0052621428 | K164: 0.0052621428 | L164: 5262142 | M164: 0.0052621421 | N164: 0.029390901 | P164: 0.0052621421 | Q164: 0.0049964773 | S164: 0.95
A165: 6 | B165: 7 | C165: 2772263 | D165: 1818622450 | E165: 0.0028098088 | F165: 6.5600646 | G165: 1.23 | H165: ="("&$A165&", "&$B165&"]" -> (6, 7] | I165: 0.87497476 | J165: 0.0024585118 | K165: 0.0024585118 | L165: 2458511 | M165: 0.002458511 | N165: 0.016127991 | P165: 0.002458511 | Q165: 0.0030574185 | S165: 1.24
A166: 7 | B166: 8 | C166: 2871865 | D166: 2188753410 | E166: 0.0029107598 | F166: 7.6213659 | G166: 1.01 | H166: ="("&$A166&", "&$B166&"]" -> (7, 8] | I166: 1.0372496 | J166: 0.0030191845 | K166: 0.0030191845 | L166: 3019184 | M166: 0.003019184 | N166: 0.023010306 | P166: 0.003019184 | Q166: 0.0026007626 | S166: 0.86
A167: 8 | B167: 9 | C167: 2105410 | D167: 1810360075 | E167: 0.0021339244 | F167: 8.5986106 | G167: 1.24 | H167: ="("&$A167&", "&$B167&"]" -> (8, 9] | I167: 1.2329261 | J167: 0.0026309711 | K167: 0.0026309711 | L167: 2630971 | M167: 0.002630971 | N167: 0.022622695 | P167: 0.002630971 | Q167: 0.0023408506 | S167: 0.89
A168: 9 | B168: 10 | C168: 1954254 | D168: 1885134195 | E168: 0.0019807212 | F168: 9.646311 | G168: 1.2 | H168: ="("&$A168&", "&$B168&"]" -> (9, 10] | I168: 1.1105223 | J168: 0.002199635 | K168: 0.002199635 | L168: 2199635 | M168: 0.002199635 | N168: 0.021218364 | P168: 0.002199635 | Q168: 0.0021027017 | S168: 0.96
A169: 10 | B169: 15 | C169: 6734651 | D169: 8382998890 | E169: 0.006825861 | F169: 12.447562 | G169: 0.46 | H169: ="("&$A169&", "&$B169&"]" -> (10, 15] | I169: 0.71398592 | J169: 0.0048735686 | K169: 0.0048735686 | L169: 4873568 | M169: 0.0048735681 | N169: 0.060664043 | P169: 0.0048735681 | Q169: 0.0027777186 | S169: 0.57
A170: 15 | B170: 20 | C170: 4528931 | D170: 7919233365 | E170: 0.0045902681 | F170: 17.485878 | G170: 0.89 | H170: ="("&$A170&", "&$B170&"]" -> (15, 20] | I170: 0.49793825 | J170: 0.00228567 | K170: 0.0022856701 | L170: 2285670 | M170: 0.00228567 | N170: 0.039966947 | P170: 0.00228567 | Q170: 0.0036141072 | S170: 1.58
A171: 20 | B171: 25 | C171: 3129796 | D171: 7054318865 | E171: 0.003172184 | F171: 22.539229 | G171: 0.54 | H171: ="("&$A171&", "&$B171&"]" -> (20, 25] | I171: 0.55735961 | J171: 0.0017680473 | K171: 0.0017680473 | L171: 1768047 | M171: 0.001768047 | N171: 0.039850417 | P171: 0.001768047 | Q171: 0.001515392 | S171: 0.86
A172: 25 | B172: 30 | C172: 2506990 | D172: 6905395465 | E172: 0.0025409431 | F172: 27.544567 | G172: 0.27 | H172: ="("&$A172&", "&$B172&"]" -> (25, 30] | I172: 0.33940457 | J172: 0.00086240772 | K172: 0.00086240773 | L172: 862407 | M172: 0.00086240701 | N172: 0.023754628 | P172: 0.00086240701 | Q172: 0.00060691954 | S172: 0.7
A173: 30 | B173: 35 | C173: 1878754 | D173: 6111962030 | E173: 0.0019041987 | F173: 32.531997 | G173: 0.3 | H173: ="("&$A173&", "&$B173&"]" -> (30, 35] | I173: 0.2490778 | J173: 0.00047429362 | K173: 0.00047429363 | L173: 474293 | M173: 0.00047429301 | N173: 0.015429699 | P173: 0.00047429301 | Q173: 0.00050536626 | S173: 1.07
A174: 35 | B174: 40 | C174: 1621830 | D174: 6089148510 | E174: 0.0016437951 | F174: 37.544925 | G174: 0.6 | H174: ="("&$A174&", "&$B174&"]" -> (35, 40] | I174: 0.41966257 | J174: 0.00068983927 | K174: 0.00068983927 | L174: 689839 | M174: 0.00068983901 | N174: 0.025899954 | P174: 0.00068983901 | Q174: 0.00087251251 | S174: 1.26
A175: 40 | B175: 45 | C175: 1336896 | D175: 5698648415 | E175: 0.0013550021 | F175: 42.625967 | G175: 0.16 | H175: ="("&$A175&", "&$B175&"]" -> (40, 45] | I175: 0.25453615 | J175: 0.00034489702 | K175: 0.00034489702 | L175: 344897 | M175: 0.000344897 | N175: 0.014701568 | P175: 0.000344897 | Q175: 0.00019179265 | S175: 0.56
... A221: 100000 | B221: 9999999 | C221: 156 | D221: 1792140330 | E221: 1.5811277e-07 | F221: 114880.79 | G221: 0 | H221: ="("&$A221&", "&$B221&"]" -> (100000, 9999999] | I221: 0 | J221: 0 | K221: 0 | L221: 0 | M221: 0 | N221: 0 | P221: 0 | Q221: 0 | S221: 0
A222: Free Game | C222: =E222*B156 -> 13362000 | D222: {=D80:E80} -> 360008300 | E222: 0.013362 | F222: 0.26942696 | H222: Free Game | I222: 1.5722499 | J222: 0.021008403 | K222: =J222 -> 0.021008403 | L222: 21008403 | M222: 0.021008403 | N222: 0.0056602302
A225: Free Game (Extra Bet)
A227: Simulator | B227: =B86 -> 1000000000 | E227: Simulator | F227: =F86 -> 0
A228: Lower | B228: Upper | C228: Cnt | D228: Pay | E228: Hit Rate | F228: Avg. Multi. | H228: Range | I228: Fix Num | J228: Fix Rate | K228: Final Rate | L228: Weight | M228: Hit Rate | N228: Simulator RTP | P228: 目前 | Q228: 目前 | R228: 競品 | S228: 差異 | U228: Range Hit Rate
A229: -1 | B229: 0 | C229: {=C88:D151} -> 0 | D229: 0 | E229: {=_xlfn.LET(_xlpm.x, C229:C292, _xlpm.x/SUM(_xlpm.x))} -> 0 | F229: {=_xlfn.LET(_xlpm.x, D229:D292/C229:C292/B3, IF(ISERR(_xlpm.x), 0, _xlpm.x))} -> 0 | G229: 1e-06 | H229: ="("&$A229&", "&$B229&"]" -> (-1, 0] | I229: 0 | J229: {=_xlfn.ANCHORARRAY(E229)*I229:I292} -> 0 | K229: {=J229:J292/SUM(_xlfn.ANCHORARRAY(J229))} -> 0 | L229: {=INT(_xlfn.ANCHORARRAY(K229)*$B$2)} -> 0 | M229: {=_xlfn.LET(_xlpm.x, L229:L292, _xlpm.x/SUM(_xlpm.x))} -> 0 | N229: {=M229:M292*_xlfn.ANCHORARRAY(F229)} -> 0 | P229: {=_xlfn.ANCHORARRAY(M229)} -> 0 | Q229: 0 | R229: 0 | S229: {=_xlfn.LET(_xlpm.x, Q229:Q292/M229:M292, IF(ISERR(_xlpm.x), 0, ROUND(_xlpm.x,2)))} -> 0 | U229: 0 | V229: =SUMPRODUCT(U229:U292,M229:M292) -> 0.34714144
A230: 0 | B230: 1 | C230: 7042 | D230: 397470 | E230: 0.00052724048 | F230: 0.56442772 | G230: -395804 | H230: ="("&$A230&", "&$B230&"]" -> (0, 1] | I230: 0 | J230: 0 | K230: 0 | L230: 0 | M230: 0 | N230: 0 | P230: 0 | Q230: 0 | R230: 0 | S230: 0 | U230: 0.10588915 | V230: =V229*12 -> 4.1656973
A231: 1 | B231: 2 | C231: 6961 | D231: 1078515 | E231: 0.00052117595 | F231: 1.5493679 | G231: =1+G230*G229 -> 0.604196 | H231: ="("&$A231&", "&$B231&"]" -> (1, 2] | I231: 0 | J231: 0 | K231: 0 | L231: 0 | M231: 0 | N231: 0 | P231: 0 | Q231: 0 | R231: 0 | S231: 0 | U231: 0.15170442
A232: 2 | B232: 3 | C232: 7196 | D232: 1845290 | E232: 0.00053877059 | F232: 2.5643274 | H232: ="("&$A232&", "&$B232&"]" -> (2, 3] | I232: 0 | J232: 0 | K232: 0 | L232: 0 | M232: 0 | N232: 0 | P232: 0 | Q232: 0 | R232: 0 | S232: 0 | U232: 0.17677621
A233: 3 | B233: 4 | C233: 7104 | D233: 2524955 | E233: 0.00053188248 | F233: 3.5542722 | H233: ="("&$A233&", "&$B233&"]" -> (3, 4] | I233: 0 | J233: 0 | K233: 0 | L233: 0 | M233: 0 | N233: 0 | P233: 0 | Q233: 0 | R233: 0.036144578 | S233: 0 | U233: 0.19556279
A234: 4 | B234: 5 | C234: 7483 | D234: 3409320 | E234: 0.00056025853 | F234: 4.5560871 | H234: ="("&$A234&", "&$B234&"]" -> (4, 5] | I234: 0 | J234: 0 | K234: 0 | L234: 0 | M234: 0 | N234: 0 | P234: 0 | Q234: 0 | R234: 0 | S234: 0 | U234: 0.20785785
...

Sheet OP Jackpot
B2: Threshold | C2: 10000000000
B4: Status | C4: Bet Type | D4: Screen | E4: Spin | F4: C1 cnt | G4: SCR
B5: Newbie | C5: Normal Bet | D5: BG | E5: 100000000 | F5: 32827126 | G5: =SUM(F5:F6)/E5*$C$2 -> 3368441800 | H5: H026192A_4003_2607230400_betmode0_108_9299_newbie_card
D6: FG | F6: 857292
B7: Newbie | C7: Extra Bet | D7: BG | E7: 100000000 | F7: 34010643 | G7: =SUM(F7:F8)/E7*$C$2 -> 3830983800 | H7: H026192A_4003_2607230427_betmode1_108_9303_newbie_card
D8: FG | F8: 4299195
B9: Oldhand | C9: Normal Bet | D9: BG | E9: 100000000 | F9: 32853826 | G9: =SUM(F9:F10)/E9*$C$2 -> 3371218200 | H9: H026194A_4003_2607230717_betmode0_108_9395_oldhand_card
D10: FG | F10: 858356
B11: Oldhand | C11: Extra Bet | D11: BG | E11: 100000000 | F11: 34015523 | G11: =SUM(F11:F12)/E11*$C$2 -> 3830025700 | H11: H026194A_4003_2607230746_betmode1_108_9398_oldhand_card
D12: FG | F12: 4284734
B13: Oldhand | C13: Buy Feature | D13: BG | E13: =F13 -> 100000000 | F13: 100000000 | G13: =SUM(F13:F14)/E13*$C$2 -> 30000858400 | H13: H026192A_4006_2607241819_betmode2_108_9246_card
D14: FG | F14: 200008584

Sheet BG_Symbol
J2: Symbol | Q2: Symbol ID | W2: Symbol Weight | AC2: Eliminate Wheel Weight A | AJ2: Eliminate Wheel Weight B
A3: Symbol | B3: Description | C3: R1 | D3: R2 | E3: R3 | F3: R4 | G3: R5 | H3: ID | K3: R1 | L3: R2 | M3: R3 | N3: R4 | O3: R5 | Q3: R1 | R3: R2 | S3: R3 | T3: R4 | U3: R5 | W3: R1 | X3: R2 | Y3: R3 | Z3: R4 | AA3: R5
A4: WW | B4: Wild | C4: =COUNTIF(K:K, $A4) -> 0 | D4: =COUNTIF(L:L, $A4) -> 0 | E4: =COUNTIF(M:M, $A4) -> 0 | F4: =COUNTIF(N:N, $A4) -> 0 | G4: =COUNTIF(O:O, $A4) -> 0 | H4: 0 | J4: 0 | K4: M4 | L4: G5 | M4: M5 | N4: J | O4: A | Q4: {=_xlfn.LET(_xlpm.x, K4:O304, IF(_xlpm.x="", "", _xlfn.XLOOKUP(_xlpm.x, $A$4:$A$23, $H$4:$H$23, , 0)))} -> 5 | R4: 15 | S4: 6 | T4: 10 | U4: 7 | W4: 2 | X4: 1 | Y4: 1 | Z4: 2 | AA4: 1 | AC4: 1 Combo | AJ4: 1 Combo
A5: C1 | B5: Scatter | C5: =COUNTIF(K:K, $A5) -> 0 | D5: =COUNTIF(L:L, $A5) -> 6 | E5: =COUNTIF(M:M, $A5) -> 0 | F5: =COUNTIF(N:N, $A5) -> 9 | G5: =COUNTIF(O:O, $A5) -> 0 | H5: 1 | J5: 1 | K5: M5 | L5: GK | M5: M4 | N5: J | O5: M3 | Q5: 6 | R5: 17 | S5: 5 | T5: 10 | U5: 4 | W5: 1 | X5: 1 | Y5: 1 | Z5: 2 | AA5: 2 | AC5: Symbol | AD5: R1 | AE5: R2 | AF5: R3 | AG5: R4 | AH5: R5 | AJ5: Symbol | AK5: R1 | AL5: R2 | AM5: R3 | AN5: R4 | AO5: R5
A6: M1 | B6: M1 | C6: =COUNTIF(K:K, $A6) -> 4 | D6: =COUNTIF(L:L, $A6) -> 22 | E6: =COUNTIF(M:M, $A6) -> 5 | F6: =COUNTIF(N:N, $A6) -> 21 | G6: =COUNTIF(O:O, $A6) -> 23 | H6: 2 | J6: 2 | K6: J | L6: C1 | M6: K | N6: GJ | O6: M1 | Q6: 10 | R6: 1 | S6: 8 | T6: 19 | U6: 2 | W6: 1 | X6: 2 | Y6: 1 | Z6: 2 | AA6: 1 | AC6: WW | AD6: 0 | AE6: 0 | AF6: 0 | AG6: 0 | AH6: 0 | AJ6: WW | AK6: 0 | AL6: 0 | AM6: 0 | AN6: 0 | AO6: 0
A7: M2 | B7: M2 | C7: =COUNTIF(K:K, $A7) -> 4 | D7: =COUNTIF(L:L, $A7) -> 10 | E7: =COUNTIF(M:M, $A7) -> 5 | F7: =COUNTIF(N:N, $A7) -> 21 | G7: =COUNTIF(O:O, $A7) -> 23 | H7: 3 | J7: 3 | K7: A | L7: J | M7: M4 | N7: M1 | O7: M4 | Q7: 7 | R7: 10 | S7: 5 | T7: 2 | U7: 5 | W7: 1 | X7: 1 | Y7: 2 | Z7: 2 | AA7: 1 | AC7: C1 | AD7: 0 | AE7: 6 | AF7: 0 | AG7: 9 | AH7: 0 | AJ7: C1 | AK7: 0 | AL7: 6 | AM7: 0 | AN7: 9 | AO7: 0
A8: M3 | B8: M3 | C8: =COUNTIF(K:K, $A8) -> 4 | D8: =COUNTIF(L:L, $A8) -> 9 | E8: =COUNTIF(M:M, $A8) -> 5 | F8: =COUNTIF(N:N, $A8) -> 21 | G8: =COUNTIF(O:O, $A8) -> 22 | H8: 4 | J8: 4 | K8: M5 | L8: G1 | M8: M3 | N8: G2 | O8: A | Q8: 6 | R8: 11 | S8: 4 | T8: 12 | U8: 7 | W8: 1 | X8: 1 | Y8: 1 | Z8: 2 | AA8: 1 | AC8: M1 | AD8: 4 | AE8: 22 | AF8: 5 | AG8: 21 | AH8: 23 | AJ8: M1 | AK8: 4 | AL8: 22 | AM8: 5 | AN8: 21 | AO8: 23
A9: M4 | B9: M4 | C9: =COUNTIF(K:K, $A9) -> 43 | D9: =COUNTIF(L:L, $A9) -> 13 | E9: =COUNTIF(M:M, $A9) -> 41 | F9: =COUNTIF(N:N, $A9) -> 14 | G9: =COUNTIF(O:O, $A9) -> 22 | H9: 5 | J9: 5 | K9: K | L9: K | M9: M4 | N9: M1 | O9: K | Q9: 8 | R9: 8 | S9: 5 | T9: 2 | U9: 8 | W9: 1 | X9: 1 | Y9: 1 | Z9: 2 | AA9: 1 | AC9: M2 | AD9: 4 | AE9: 10 | AF9: 5 | AG9: 21 | AH9: 23 | AJ9: M2 | AK9: 4 | AL9: 10 | AM9: 5 | AN9: 21 | AO9: 23
A10: M5 | B10: M5 | C10: =COUNTIF(K:K, $A10) -> 43 | D10: =COUNTIF(L:L, $A10) -> 14 | E10: =COUNTIF(M:M, $A10) -> 41 | F10: =COUNTIF(N:N, $A10) -> 14 | G10: =COUNTIF(O:O, $A10) -> 22 | H10: 6 | J10: 6 | K10: M5 | L10: G1 | M10: A | N10: M4 | O10: A | Q10: 6 | R10: 11 | S10: 7 | T10: 5 | U10: 7 | W10: 1 | X10: 2 | Y10: 1 | Z10: 2 | AA10: 1 | AC10: M3 | AD10: 4 | AE10: 9 | AF10: 5 | AG10: 21 | AH10: 22 | AJ10: M3 | AK10: 4 | AL10: 9 | AM10: 5 | AN10: 21 | AO10: 22
A11: A | B11: A | C11: =COUNTIF(K:K, $A11) -> 47 | D11: =COUNTIF(L:L, $A11) -> 14 | E11: =COUNTIF(M:M, $A11) -> 41 | F11: =COUNTIF(N:N, $A11) -> 14 | G11: =COUNTIF(O:O, $A11) -> 22 | H11: 7 | J11: 7 | K11: K | L11: G1 | M11: M4 | N11: C1 | O11: A | Q11: 8 | R11: 11 | S11: 5 | T11: 1 | U11: 7 | W11: 1 | X11: 2 | Y11: 2 | Z11: 2 | AA11: 1 | AC11: M4 | AD11: 43 | AE11: 13 | AF11: 41 | AG11: 14 | AH11: 22 | AJ11: M4 | AK11: 43 | AL11: 13 | AM11: 41 | AN11: 14 | AO11: 22
A12: K | B12: K | C12: =COUNTIF(K:K, $A12) -> 47 | D12: =COUNTIF(L:L, $A12) -> 18 | E12: =COUNTIF(M:M, $A12) -> 41 | F12: =COUNTIF(N:N, $A12) -> 14 | G12: =COUNTIF(O:O, $A12) -> 22 | H12: 8 | J12: 8 | K12: M5 | L12: J | M12: M5 | N12: Q | O12: M3 | Q12: 6 | R12: 10 | S12: 6 | T12: 9 | U12: 4 | W12: 1 | X12: 2 | Y12: 2 | Z12: 2 | AA12: 2 | AC12: M5 | AD12: 43 | AE12: 14 | AF12: 41 | AG12: 14 | AH12: 22 | AJ12: M5 | AK12: 43 | AL12: 14 | AM12: 41 | AN12: 14 | AO12: 22
A13: Q | B13: Q | C13: =COUNTIF(K:K, $A13) -> 4 | D13: =COUNTIF(L:L, $A13) -> 5 | E13: =COUNTIF(M:M, $A13) -> 5 | F13: =COUNTIF(N:N, $A13) -> 20 | G13: =COUNTIF(O:O, $A13) -> 22 | H13: 9 | J13: 9 | K13: K | L13: M3 | M13: Q | N13: Q | O13: M5 | Q13: 8 | R13: 4 | S13: 9 | T13: 9 | U13: 6 | W13: 1 | X13: 2 | Y13: 1 | Z13: 2 | AA13: 1 | AC13: A | AD13: 47 | AE13: 14 | AF13: 41 | AG13: 14 | AH13: 22 | AJ13: A | AK13: 47 | AL13: 14 | AM13: 41 | AN13: 14 | AO13: 22
A14: J | B14: J | C14: =COUNTIF(K:K, $A14) -> 4 | D14: =COUNTIF(L:L, $A14) -> 9 | E14: =COUNTIF(M:M, $A14) -> 4 | F14: =COUNTIF(N:N, $A14) -> 20 | G14: =COUNTIF(O:O, $A14) -> 22 | H14: 10 | J14: 10 | K14: M5 | L14: M1 | M14: M5 | N14: J | O14: Q | Q14: 6 | R14: 2 | S14: 6 | T14: 10 | U14: 9 | W14: 2 | X14: 2 | Y14: 1 | Z14: 1 | AA14: 1 | AC14: K | AD14: 47 | AE14: 18 | AF14: 41 | AG14: 14 | AH14: 22 | AJ14: K | AK14: 47 | AL14: 18 | AM14: 41 | AN14: 14 | AO14: 22
A15: G1 | B15: Golden M1 | C15: =COUNTIF(K:K, $A15) -> 0 | D15: =COUNTIF(L:L, $A15) -> 16 | E15: =COUNTIF(M:M, $A15) -> 0 | F15: =COUNTIF(N:N, $A15) -> 4 | G15: =COUNTIF(O:O, $A15) -> 0 | H15: 11 | J15: 11 | K15: M5 | L15: GQ | M15: K | N15: M2 | O15: K | Q15: 6 | R15: 18 | S15: 8 | T15: 3 | U15: 8 | W15: 1 | X15: 1 | Y15: 1 | Z15: 1 | AA15: 1 | AC15: Q | AD15: 4 | AE15: 5 | AF15: 5 | AG15: 20 | AH15: 22 | AJ15: Q | AK15: 4 | AL15: 5 | AM15: 5 | AN15: 20 | AO15: 22
A16: G2 | B16: Golden M2 | C16: =COUNTIF(K:K, $A16) -> 0 | D16: =COUNTIF(L:L, $A16) -> 5 | E16: =COUNTIF(M:M, $A16) -> 0 | F16: =COUNTIF(N:N, $A16) -> 4 | G16: =COUNTIF(O:O, $A16) -> 0 | H16: 12 | J16: 12 | K16: M5 | L16: M4 | M16: M5 | N16: A | O16: K | Q16: 6 | R16: 5 | S16: 6 | T16: 7 | U16: 8 | W16: 1 | X16: 1 | Y16: 1 | Z16: 1 | AA16: 1 | AC16: J | AD16: 4 | AE16: 9 | AF16: 4 | AG16: 20 | AH16: 22 | AJ16: J | AK16: 4 | AL16: 9 | AM16: 4 | AN16: 20 | AO16: 22
A17: G3 | B17: Golden M3 | C17: =COUNTIF(K:K, $A17) -> 0 | D17: =COUNTIF(L:L, $A17) -> 7 | E17: =COUNTIF(M:M, $A17) -> 0 | F17: =COUNTIF(N:N, $A17) -> 4 | G17: =COUNTIF(O:O, $A17) -> 0 | H17: 13 | J17: 13 | K17: K | L17: GA | M17: K | N17: M4 | O17: M3 | Q17: 8 | R17: 16 | S17: 8 | T17: 5 | U17: 4 | W17: 1 | X17: 1 | Y17: 1 | Z17: 2 | AA17: 1 | AC17: G1 | AD17: 0 | AE17: 48 | AF17: 0 | AG17: 12 | AH17: 0 | AJ17: G1 | AK17: 0 | AL17: 48 | AM17: 0 | AN17: 12 | AO17: 0
... A23: GJ | B23: Golden J | C23: =COUNTIF(K:K, $A23) -> 0 | D23: =COUNTIF(L:L, $A23) -> 6 | E23: =COUNTIF(M:M, $A23) -> 0 | F23: =COUNTIF(N:N, $A23) -> 4 | G23: =COUNTIF(O:O, $A23) -> 0 | H23: 19 | J23: 19 | K23: K | L23: GA | M23: A | N23: Q | O23: M2 | Q23: 8 | R23: 16 | S23: 7 | T23: 9 | U23: 3 | W23: 1 | X23: 1 | Y23: 1 | Z23: 1 | AA23: 1 | AC23: GK | AD23: 0 | AE23: 24 | AF23: 9 | AG23: 9 | AH23: 0 | AJ23: GK | AK23: 0 | AL23: 24 | AM23: 9 | AN23: 9 | AO23: 0
C24: =SUM(C4:C23) -> 200 | D24: =SUM(D4:D23) -> 200 | E24: =SUM(E4:E23) -> 200 | F24: =SUM(F4:F23) -> 200 | G24: =SUM(G4:G23) -> 200 | J24: 20 | K24: A | L24: A | M24: M4 | N24: GK | O24: A | Q24: 7 | R24: 7 | S24: 5 | T24: 17 | U24: 7 | W24: 1 | X24: 1 | Y24: 2 | Z24: 1 | AA24: 1 | AC24: GQ | AD24: 0 | AE24: 18 | AF24: 0 | AG24: 12 | AH24: 0 | AJ24: GQ | AK24: 0 | AL24: 18 | AM24: 0 | AN24: 12 | AO24: 0
J25: 21 | K25: M4 | L25: K | M25: M4 | N25: M1 | O25: M2 | Q25: 5 | R25: 8 | S25: 5 | T25: 2 | U25: 3 | W25: 1 | X25: 1 | Y25: 2 | Z25: 1 | AA25: 2 | AC25: GJ | AD25: 0 | AE25: 18 | AF25: 0 | AG25: 12 | AH25: 0 | AJ25: GJ | AK25: 0 | AL25: 18 | AM25: 0 | AN25: 12 | AO25: 0
B26: Normal Symbol | C26: 1 | D26: =SUM(D6:D14)/D24 -> 0.57 | E26: =SUM(E6:E14)/E24 -> 0.94 | F26: =SUM(F6:F14)/F24 -> 0.795 | G26: 1 | J26: 22 | K26: Q | L26: G4 | M26: M4 | N26: M1 | O26: M1 | Q26: 9 | R26: 14 | S26: 5 | T26: 2 | U26: 2 | W26: 1 | X26: 2 | Y26: 1 | Z26: 1 | AA26: 2 | AD26: 200 | AE26: 360 | AF26: 224 | AG26: 264 | AH26: 200 | AK26: 200 | AL26: 360 | AM26: 224 | AN26: 264 | AO26: 200
B27: Golden Symbol | C27: 0 | D27: =SUM(D15:D23)/D24 -> 0.4 | E27: =SUM(E15:E23)/E24 -> 0.06 | F27: =SUM(F15:F23)/F24 -> 0.16 | G27: 0 | J27: 23 | K27: A | L27: M5 | M27: M5 | N27: A | O27: M1 | Q27: 7 | R27: 6 | S27: 6 | T27: 7 | U27: 2 | W27: 1 | X27: 2 | Y27: 1 | Z27: 1 | AA27: 1
J28: 24 | K28: K | L28: M4 | M28: A | N28: M4 | O28: J | Q28: 8 | R28: 5 | S28: 7 | T28: 5 | U28: 10 | W28: 1 | X28: 2 | Y28: 1 | Z28: 2 | AA28: 1 | AC28: 2 Combo | AJ28: 2 Combo
J29: 25 | K29: M4 | L29: GQ | M29: K | N29: Q | O29: K | Q29: 5 | R29: 18 | S29: 8 | T29: 9 | U29: 8 | W29: 1 | X29: 1 | Y29: 1 | Z29: 1 | AA29: 1 | AC29: Symbol | AD29: R1 | AE29: R2 | AF29: R3 | AG29: R4 | AH29: R5 | AJ29: Symbol | AK29: R1 | AL29: R2 | AM29: R3 | AN29: R4 | AO29: R5
B30: M1 | C30: {=C6:G14+C15:G23} -> 4 | D30: 38 | E30: 5 | F30: 25 | G30: 23 | J30: 26 | K30: A | L30: G4 | M30: A | N30: M2 | O30: M2 | Q30: 7 | R30: 14 | S30: 7 | T30: 3 | U30: 3 | W30: 1 | X30: 1 | Y30: 1 | Z30: 1 | AA30: 2 | AC30: WW | AD30: 0 | AE30: 0 | AF30: 0 | AG30: 0 | AH30: 0 | AJ30: WW | AK30: 0 | AL30: 0 | AM30: 0 | AN30: 0 | AO30: 0
B31: M2 | C31: 4 | D31: 15 | E31: 5 | F31: 25 | G31: 23 | J31: 27 | K31: K | L31: K | M31: A | N31: A | O31: M3 | Q31: 8 | R31: 8 | S31: 7 | T31: 7 | U31: 4 | W31: 1 | X31: 1 | Y31: 1 | Z31: 1 | AA31: 2 | AC31: C1 | AD31: 0 | AE31: 6 | AF31: 0 | AG31: 9 | AH31: 0 | AJ31: C1 | AK31: 0 | AL31: 6 | AM31: 0 | AN31: 9 | AO31: 0
B32: M3 | C32: 4 | D32: 16 | E32: 5 | F32: 25 | G32: 22 | J32: 28 | K32: M4 | L32: M2 | M32: M5 | N32: M2 | O32: M5 | Q32: 5 | R32: 3 | S32: 6 | T32: 3 | U32: 6 | W32: 2 | X32: 2 | Y32: 1 | Z32: 2 | AA32: 2 | AC32: M1 | AD32: 4 | AE32: 22 | AF32: 5 | AG32: 21 | AH32: 23 | AJ32: M1 | AK32: 4 | AL32: 22 | AM32: 5 | AN32: 21 | AO32: 23
B33: M4 | C33: 43 | D33: 23 | E33: 44 | F33: 17 | G33: 22 | J33: 29 | K33: Q | L33: M1 | M33: GK | N33: M2 | O33: Q | Q33: 9 | R33: 2 | S33: 17 | T33: 3 | U33: 9 | W33: 2 | X33: 2 | Y33: 1 | Z33: 2 | AA33: 2 | AC33: M2 | AD33: 4 | AE33: 10 | AF33: 5 | AG33: 21 | AH33: 23 | AJ33: M2 | AK33: 4 | AL33: 10 | AM33: 5 | AN33: 21 | AO33: 23
B34: M5 | C34: 43 | D34: 25 | E34: 44 | F34: 17 | G34: 22 | J34: 30 | K34: M4 | L34: G5 | M34: M4 | N34: M3 | O34: M1 | Q34: 5 | R34: 15 | S34: 5 | T34: 4 | U34: 2 | W34: 2 | X34: 2 | Y34: 1 | Z34: 2 | AA34: 2 | AC34: M3 | AD34: 4 | AE34: 9 | AF34: 5 | AG34: 21 | AH34: 22 | AJ34: M3 | AK34: 4 | AL34: 9 | AM34: 5 | AN34: 21 | AO34: 22
B35: A | C35: 47 | D35: 25 | E35: 44 | F35: 17 | G35: 22 | J35: 31 | K35: M4 | L35: G3 | M35: J | N35: J | O35: M1 | Q35: 5 | R35: 13 | S35: 10 | T35: 10 | U35: 2 | W35: 2 | X35: 2 | Y35: 1 | Z35: 1 | AA35: 2 | AC35: M4 | AD35: 43 | AE35: 13 | AF35: 41 | AG35: 14 | AH35: 22 | AJ35: M4 | AK35: 43 | AL35: 13 | AM35: 41 | AN35: 14 | AO35: 22
B36: K | C36: 47 | D36: 26 | E36: 44 | F36: 17 | G36: 22 | J36: 32 | K36: M4 | L36: M3 | M36: K | N36: J | O36: M3 | Q36: 5 | R36: 4 | S36: 8 | T36: 10 | U36: 4 | W36: 1 | X36: 2 | Y36: 1 | Z36: 1 | AA36: 2 | AC36: M5 | AD36: 43 | AE36: 14 | AF36: 41 | AG36: 14 | AH36: 22 | AJ36: M5 | AK36: 43 | AL36: 14 | AM36: 41 | AN36: 14 | AO36: 22
B37: Q | C37: 4 | D37: 11 | E37: 5 | F37: 24 | G37: 22 | J37: 33 | K37: M5 | L37: M1 | M37: G5 | N37: A | O37: M3 | Q37: 6 | R37: 2 | S37: 15 | T37: 7 | U37: 4 | W37: 1 | X37: 2 | Y37: 2 | Z37: 1 | AA37: 2 | AC37: A | AD37: 47 | AE37: 14 | AF37: 41 | AG37: 14 | AH37: 22 | AJ37: A | AK37: 47 | AL37: 14 | AM37: 41 | AN37: 14 | AO37: 22
B38: J | C38: 4 | D38: 15 | E38: 4 | F38: 24 | G38: 22 | J38: 34 | K38: K | L38: Q | M38: M4 | N38: A | O38: M2 | Q38: 8 | R38: 9 | S38: 5 | T38: 7 | U38: 3 | W38: 1 | X38: 2 | Y38: 2 | Z38: 1 | AA38: 1 | AC38: K | AD38: 47 | AE38: 18 | AF38: 41 | AG38: 14 | AH38: 22 | AJ38: K | AK38: 47 | AL38: 18 | AM38: 41 | AN38: 14 | AO38: 22
J39: 35 | K39: A | L39: G5 | M39: M4 | N39: M5 | O39: Q | Q39: 7 | R39: 15 | S39: 5 | T39: 6 | U39: 9 | W39: 1 | X39: 2 | Y39: 2 | Z39: 2 | AA39: 1 | AC39: Q | AD39: 4 | AE39: 5 | AF39: 5 | AG39: 20 | AH39: 22 | AJ39: Q | AK39: 4 | AL39: 5 | AM39: 5 | AN39: 20 | AO39: 22
J40: 36 | K40: M5 | L40: M5 | M40: J | N40: G3 | O40: K | Q40: 6 | R40: 6 | S40: 10 | T40: 13 | U40: 8 | W40: 1 | X40: 2 | Y40: 2 | Z40: 2 | AA40: 1 | AC40: J | AD40: 4 | AE40: 9 | AF40: 4 | AG40: 20 | AH40: 22 | AJ40: J | AK40: 4 | AL40: 9 | AM40: 4 | AN40: 20 | AO40: 22
J41: 37 | K41: A | L41: M4 | M41: M5 | N41: M3 | O41: K | Q41: 7 | R41: 5 | S41: 6 | T41: 4 | U41: 8 | W41: 1 | X41: 2 | Y41: 2 | Z41: 2 | AA41: 1 | AC41: G1 | AD41: 0 | AE41: 48 | AF41: 0 | AG41: 12 | AH41: 0 | AJ41: G1 | AK41: 0 | AL41: 48 | AM41: 0 | AN41: 12 | AO41: 0
J42: 38 | K42: M5 | L42: M3 | M42: M3 | N42: M5 | O42: M4 | Q42: 6 | R42: 4 | S42: 4 | T42: 6 | U42: 5 | W42: 1 | X42: 1 | Y42: 1 | Z42: 2 | AA42: 2 | AC42: G2 | AD42: 0 | AE42: 15 | AF42: 0 | AG42: 12 | AH42: 0 | AJ42: G2 | AK42: 0 | AL42: 15 | AM42: 0 | AN42: 12 | AO42: 0
J43: 39 | K43: M4 | L43: G3 | M43: M5 | N43: M5 | O43: M4 | Q43: 5 | R43: 13 | S43: 6 | T43: 6 | U43: 5 | W43: 1 | X43: 1 | Y43: 1 | Z43: 2 | AA43: 2 | AC43: G3 | AD43: 0 | AE43: 21 | AF43: 0 | AG43: 12 | AH43: 0 | AJ43: G3 | AK43: 0 | AL43: 21 | AM43: 0 | AN43: 12 | AO43: 0
J44: 40 | K44: A | L44: K | M44: K | N44: M2 | O44: M5 | Q44: 7 | R44: 8 | S44: 8 | T44: 3 | U44: 6 | W44: 1 | X44: 1 | Y44: 1 | Z44: 2 | AA44: 2 | AC44: G4 | AD44: 0 | AE44: 30 | AF44: 9 | AG44: 9 | AH44: 0 | AJ44: G4 | AK44: 0 | AL44: 30 | AM44: 9 | AN44: 9 | AO44: 0
J45: 41 | K45: M5 | L45: M1 | M45: K | N45: M3 | O45: M5 | Q45: 6 | R45: 2 | S45: 8 | T45: 4 | U45: 6 | W45: 1 | X45: 2 | Y45: 1 | Z45: 2 | AA45: 1 | AC45: G5 | AD45: 0 | AE45: 33 | AF45: 9 | AG45: 9 | AH45: 0 | AJ45: G5 | AK45: 0 | AL45: 33 | AM45: 9 | AN45: 9 | AO45: 0
J46: 42 | K46: M5 | L46: G5 | M46: A | N46: C1 | O46: M3 | Q46: 6 | R46: 15 | S46: 7 | T46: 1 | U46: 4 | W46: 1 | X46: 1 | Y46: 1 | Z46: 1 | AA46: 1 | AC46: GA | AD46: 0 | AE46: 33 | AF46: 9 | AG46: 9 | AH46: 0 | AJ46: GA | AK46: 0 | AL46: 33 | AM46: 9 | AN46: 9 | AO46: 0
J47: 43 | K47: A | L47: M2 | M47: M5 | N47: M4 | O47: K | Q47: 7 | R47: 3 | S47: 6 | T47: 5 | U47: 8 | W47: 1 | X47: 1 | Y47: 1 | Z47: 1 | AA47: 1 | AC47: GK | AD47: 0 | AE47: 24 | AF47: 9 | AG47: 9 | AH47: 0 | AJ47: GK | AK47: 0 | AL47: 24 | AM47: 9 | AN47: 9 | AO47: 0
J48: 44 | K48: M4 | L48: A | M48: A | N48: K | O48: K | Q48: 5 | R48: 7 | S48: 7 | T48: 8 | U48: 8 | W48: 2 | X48: 1 | Y48: 1 | Z48: 1 | AA48: 1 | AC48: GQ | AD48: 0 | AE48: 18 | AF48: 0 | AG48: 12 | AH48: 0 | AJ48: GQ | AK48: 0 | AL48: 18 | AM48: 0 | AN48: 12 | AO48: 0
J49: 45 | K49: M4 | L49: GK | M49: M5 | N49: M3 | O49: M5 | Q49: 5 | R49: 17 | S49: 6 | T49: 4 | U49: 6 | W49: 2 | X49: 1 | Y49: 1 | Z49: 2 | AA49: 2 | AC49: GJ | AD49: 0 | AE49: 18 | AF49: 0 | AG49: 12 | AH49: 0 | AJ49: GJ | AK49: 0 | AL49: 18 | AM49: 0 | AN49: 12 | AO49: 0
J50: 46 | K50: M3 | L50: GK | M50: K | N50: Q | O50: M1 | Q50: 4 | R50: 17 | S50: 8 | T50: 9 | U50: 2 | W50: 1 | X50: 1 | Y50: 1 | Z50: 2 | AA50: 2 | AD50: 200 | AE50: 360 | AF50: 224 | AG50: 264 | AH50: 200 | AK50: 200 | AL50: 360 | AM50: 224 | AN50: 264 | AO50: 200
J51: 47 | K51: M1 | L51: K | M51: M4 | N51: G1 | O51: M5 | Q51: 2 | R51: 8 | S51: 5 | T51: 11 | U51: 6 | W51: 1 | X51: 1 | Y51: 1 | Z51: 1 | AA51: 2
J52: 48 | K52: A | L52: M4 | M52: A | N52: Q | O52: M5 | Q52: 7 | R52: 5 | S52: 7 | T52: 9 | U52: 6 | W52: 1 | X52: 1 | Y52: 1 | Z52: 1 | AA52: 2 | AC52: 3+ Combo | AJ52: 3+ Combo
J53: 49 | K53: M4 | L53: GQ | M53: M4 | N53: K | O53: M4 | Q53: 5 | R53: 18 | S53: 5 | T53: 8 | U53: 5 | W53: 1 | X53: 1 | Y53: 1 | Z53: 1 | AA53: 2 | AC53: Symbol | AD53: R1 | AE53: R2 | AF53: R3 | AG53: R4 | AH53: R5 | AJ53: Symbol | AK53: R1 | AL53: R2 | AM53: R3 | AN53: R4 | AO53: R5
J54: 50 | K54: A | L54: GA | M54: M5 | N54: M4 | O54: M4 | Q54: 7 | R54: 16 | S54: 6 | T54: 5 | U54: 5 | W54: 1 | X54: 1 | Y54: 1 | Z54: 2 | AA54: 2 | AC54: WW | AD54: 0 | AE54: 0 | AF54: 0 | AG54: 0 | AH54: 0 | AJ54: WW | AK54: 0 | AL54: 0 | AM54: 0 | AN54: 0 | AO54: 0
J55: 51 | K55: M5 | L55: GA | M55: K | N55: M2 | O55: J | Q55: 6 | R55: 16 | S55: 8 | T55: 3 | U55: 10 | W55: 1 | X55: 1 | Y55: 1 | Z55: 2 | AA55: 1 | AC55: C1 | AD55: 0 | AE55: 6 | AF55: 0 | AG55: 9 | AH55: 0 | AJ55: C1 | AK55: 0 | AL55: 6 | AM55: 0 | AN55: 9 | AO55: 0
J56: 52 | K56: K | L56: M4 | M56: M3 | N56: M4 | O56: J | Q56: 8 | R56: 5 | S56: 4 | T56: 5 | U56: 10 | W56: 1 | X56: 2 | Y56: 1 | Z56: 2 | AA56: 1 | AC56: M1 | AD56: 4 | AE56: 22 | AF56: 5 | AG56: 21 | AH56: 23 | AJ56: M1 | AK56: 4 | AL56: 22 | AM56: 5 | AN56: 21 | AO56: 23
J57: 53 | K57: M5 | L57: G3 | M57: A | N57: Q | O57: A | Q57: 6 | R57: 13 | S57: 7 | T57: 9 | U57: 7 | W57: 1 | X57: 1 | Y57: 1 | Z57: 2 | AA57: 1 | AC57: M2 | AD57: 4 | AE57: 10 | AF57: 5 | AG57: 21 | AH57: 23 | AJ57: M2 | AK57: 4 | AL57: 10 | AM57: 5 | AN57: 21 | AO57: 23
J58: 54 | K58: K | L58: M1 | M58: M4 | N58: M1 | O58: M4 | Q58: 8 | R58: 2 | S58: 5 | T58: 2 | U58: 5 | W58: 1 | X58: 1 | Y58: 1 | Z58: 2 | AA58: 2 | AC58: M3 | AD58: 4 | AE58: 9 | AF58: 5 | AG58: 21 | AH58: 22 | AJ58: M3 | AK58: 4 | AL58: 9 | AM58: 5 | AN58: 21 | AO58: 22
J59: 55 | K59: K | L59: K | M59: K | N59: GQ | O59: M3 | Q59: 8 | R59: 8 | S59: 8 | T59: 18 | U59: 4 | W59: 1 | X59: 1 | Y59: 1 | Z59: 2 | AA59: 2 | AC59: M4 | AD59: 43 | AE59: 13 | AF59: 41 | AG59: 14 | AH59: 22 | AJ59: M4 | AK59: 43 | AL59: 13 | AM59: 41 | AN59: 14 | AO59: 22
J60: 56 | K60: M4 | L60: GA | M60: A | N60: J | O60: Q | Q60: 5 | R60: 16 | S60: 7 | T60: 10 | U60: 9 | W60: 1 | X60: 1 | Y60: 1 | Z60: 1 | AA60: 2 | AC60: M5 | AD60: 43 | AE60: 14 | AF60: 41 | AG60: 14 | AH60: 22 | AJ60: M5 | AK60: 43 | AL60: 14 | AM60: 41 | AN60: 14 | AO60: 22
J61: 57 | K61: K | L61: C1 | M61: K | N61: M4 | O61: M2 | Q61: 8 | R61: 1 | S61: 8 | T61: 5 | U61: 3 | W61: 1 | X61: 1 | Y61: 1 | Z61: 1 | AA61: 1 | AC61: A | AD61: 47 | AE61: 14 | AF61: 41 | AG61: 14 | AH61: 22 | AJ61: A | AK61: 47 | AL61: 14 | AM61: 41 | AN61: 14 | AO61: 22
J62: 58 | K62: M5 | L62: K | M62: A | N62: GA | O62: M3 | Q62: 6 | R62: 8 | S62: 7 | T62: 16 | U62: 4 | W62: 1 | X62: 1 | Y62: 1 | Z62: 1 | AA62: 1 | AC62: K | AD62: 47 | AE62: 18 | AF62: 41 | AG62: 14 | AH62: 22 | AJ62: K | AK62: 47 | AL62: 18 | AM62: 41 | AN62: 14 | AO62: 22
J63: 59 | K63: A | L63: M5 | M63: M2 | N63: GQ | O63: A | Q63: 7 | R63: 6 | S63: 3 | T63: 18 | U63: 7 | W63: 1 | X63: 2 | Y63: 1 | Z63: 1 | AA63: 1 | AC63: Q | AD63: 4 | AE63: 5 | AF63: 5 | AG63: 20 | AH63: 22 | AJ63: Q | AK63: 4 | AL63: 5 | AM63: 5 | AN63: 20 | AO63: 22
J64: 60 | K64: M4 | L64: G3 | M64: K | N64: K | O64: M3 | Q64: 5 | R64: 13 | S64: 8 | T64: 8 | U64: 4 | W64: 1 | X64: 2 | Y64: 1 | Z64: 1 | AA64: 2 | AC64: J | AD64: 4 | AE64: 9 | AF64: 4 | AG64: 20 | AH64: 22 | AJ64: J | AK64: 4 | AL64: 9 | AM64: 4 | AN64: 20 | AO64: 22
J65: 61 | K65: K | L65: M5 | M65: M4 | N65: M2 | O65: M5 | Q65: 8 | R65: 6 | S65: 5 | T65: 3 | U65: 6 | W65: 1 | X65: 2 | Y65: 1 | Z65: 2 | AA65: 1 | AC65: G1 | AD65: 0 | AE65: 48 | AF65: 0 | AG65: 12 | AH65: 0 | AJ65: G1 | AK65: 0 | AL65: 48 | AM65: 0 | AN65: 12 | AO65: 0
... J73: 69 | K73: M4 | L73: M3 | M73: M5 | N73: M3 | O73: M3 | Q73: 5 | R73: 4 | S73: 6 | T73: 4 | U73: 4 | W73: 1 | X73: 1 | Y73: 1 | Z73: 2 | AA73: 2 | AC73: GJ | AD73: 0 | AE73: 18 | AF73: 0 | AG73: 12 | AH73: 0 | AJ73: GJ | AK73: 0 | AL73: 18 | AM73: 0 | AN73: 12 | AO73: 0
J74: 70 | K74: K | L74: K | M74: K | N74: Q | O74: M5 | Q74: 8 | R74: 8 | S74: 8 | T74: 9 | U74: 6 | W74: 1 | X74: 1 | Y74: 1 | Z74: 2 | AA74: 1 | AD74: 200 | AE74: 360 | AF74: 224 | AG74: 264 | AH74: 200 | AK74: 200 | AL74: 360 | AM74: 224 | AN74: 264 | AO74: 200
J75: 71 | K75: M3 | L75: G1 | M75: M5 | N75: M5 | O75: M1 | Q75: 4 | R75: 11 | S75: 6 | T75: 6 | U75: 2 | W75: 2 | X75: 2 | Y75: 1 | Z75: 2 | AA75: 1
J76: 72 | K76: M2 | L76: J | M76: M4 | N76: C1 | O76: A | Q76: 3 | R76: 10 | S76: 5 | T76: 1 | U76: 7 | W76: 1 | X76: 2 | Y76: 1 | Z76: 2 | AA76: 1
J77: 73 | K77: M4 | L77: GJ | M77: K | N77: Q | O77: M5 | Q77: 5 | R77: 19 | S77: 8 | T77: 9 | U77: 6 | W77: 1 | X77: 2 | Y77: 1 | Z77: 2 | AA77: 2
J78: 74 | K78: K | L78: M1 | M78: M5 | N78: M2 | O78: M2 | Q78: 8 | R78: 2 | S78: 6 | T78: 3 | U78: 3 | W78: 1 | X78: 2 | Y78: 2 | Z78: 2 | AA78: 2
J79: 75 | K79: M5 | L79: M1 | M79: M5 | N79: M5 | O79: M2 | Q79: 6 | R79: 2 | S79: 6 | T79: 6 | U79: 3 | W79: 1 | X79: 2 | Y79: 1 | Z79: 2 | AA79: 1
J80: 76 | K80: A | L80: G1 | M80: G5 | N80: M4 | O80: M4 | Q80: 7 | R80: 11 | S80: 15 | T80: 5 | U80: 5 | W80: 1 | X80: 2 | Y80: 1 | Z80: 2 | AA80: 1
J81: 77 | K81: A | L81: Q | M81: K | N81: M1 | O81: A | Q81: 7 | R81: 9 | S81: 8 | T81: 2 | U81: 7 | W81: 1 | X81: 1 | Y81: 1 | Z81: 2 | AA81: 1
J82: 78 | K82: M5 | L82: M1 | M82: M5 | N82: M3 | O82: M1 | Q82: 6 | R82: 2 | S82: 6 | T82: 4 | U82: 2 | W82: 1 | X82: 1 | Y82: 1 | Z82: 2 | AA82: 1
J83: 79 | K83: A | L83: GK | M83: K | N83: M3 | O83: A | Q83: 7 | R83: 17 | S83: 8 | T83: 4 | U83: 7 | W83: 1 | X83: 1 | Y83: 1 | Z83: 1 | AA83: 1
J84: 80 | K84: M4 | L84: M4 | M84: A | N84: M3 | O84: M1 | Q84: 5 | R84: 5 | S84: 7 | T84: 4 | U84: 2 | W84: 1 | X84: 2 | Y84: 1 | Z84: 1 | AA84: 2
J85: 81 | K85: M4 | L85: G3 | M85: A | N85: A | O85: J | Q85: 5 | R85: 13 | S85: 7 | T85: 7 | U85: 10 | W85: 1 | X85: 2 | Y85: 1 | Z85: 1 | AA85: 1
J86: 82 | K86: K | L86: G5 | M86: K | N86: K | O86: M2 | Q86: 8 | R86: 15 | S86: 8 | T86: 8 | U86: 3 | W86: 1 | X86: 2 | Y86: 1 | Z86: 1 | AA86: 1
... J203: 199 | K203: M5 | L203: J | M203: M4 | N203: J | O203: Q | Q203: 6 | R203: 10 | S203: 5 | T203: 10 | U203: 9 | W203: 2 | X203: 1 | Y203: 2 | Z203: 2 | AA203: 1

Sheet BG_Symbol (2)
J2: Symbol | Q2: Symbol ID | W2: Symbol Weight | AC2: Eliminate Wheel Weight A | AJ2: Eliminate Wheel Weight B
A3: Symbol | B3: Description | C3: R1 | D3: R2 | E3: R3 | F3: R4 | G3: R5 | H3: ID | K3: R1 | L3: R2 | M3: R3 | N3: R4 | O3: R5 | Q3: R1 | R3: R2 | S3: R3 | T3: R4 | U3: R5 | W3: R1 | X3: R2 | Y3: R3 | Z3: R4 | AA3: R5
A4: WW | B4: Wild | C4: =COUNTIF(K:K, $A4) -> 0 | D4: =COUNTIF(L:L, $A4) -> 0 | E4: =COUNTIF(M:M, $A4) -> 0 | F4: =COUNTIF(N:N, $A4) -> 0 | G4: =COUNTIF(O:O, $A4) -> 0 | H4: 0 | J4: 0 | K4: K | L4: A | M4: GA | N4: J | O4: M1 | Q4: {=_xlfn.LET(_xlpm.x, K4:O304, IF(_xlpm.x="", "", _xlfn.XLOOKUP(_xlpm.x, $A$4:$A$23, $H$4:$H$23, , 0)))} -> 8 | R4: 7 | S4: 16 | T4: 10 | U4: 2 | W4: {=_xlfn.LET(_xlpm.x, K4:K6, IF(SUM((_xlpm.x="K")*1, (_xlpm.x="A")*1, (_xlpm.x="GK")*1, (_xlpm.x="GA")*1)>0, 3, 1))} -> 3 | X4: {=_xlfn.LET(_xlpm.x, L4:L6, IF(SUM((_xlpm.x="K")*1, (_xlpm.x="A")*1, (_xlpm.x="GK")*1, (_xlpm.x="GA")*1)>0, 3, 1))} -> 3 | Y4: {=_xlfn.LET(_xlpm.x, M4:M6, IF(SUM((_xlpm.x="K")*1, (_xlpm.x="A")*1, (_xlpm.x="GK")*1, (_xlpm.x="GA")*1)>0, 3, 1))} -> 3 | Z4: 1 | AA4: 1 | AC4: 1 Combo | AJ4: 1 Combo
A5: C1 | B5: Scatter | C5: =COUNTIF(K:K, $A5) -> 0 | D5: =COUNTIF(L:L, $A5) -> 6 | E5: =COUNTIF(M:M, $A5) -> 0 | F5: =COUNTIF(N:N, $A5) -> 9 | G5: =COUNTIF(O:O, $A5) -> 0 | H5: 1 | J5: 1 | K5: A | L5: A | M5: GQ | N5: M1 | O5: M3 | Q5: 7 | R5: 7 | S5: 18 | T5: 2 | U5: 4 | W5: {=_xlfn.LET(_xlpm.x, K5:K7, IF(SUM((_xlpm.x="K")*1, (_xlpm.x="A")*1, (_xlpm.x="GK")*1, (_xlpm.x="GA")*1)>0, 3, 1))} -> 3 | X5: {=_xlfn.LET(_xlpm.x, L5:L7, IF(SUM((_xlpm.x="K")*1, (_xlpm.x="A")*1, (_xlpm.x="GK")*1, (_xlpm.x="GA")*1)>0, 3, 1))} -> 3 | Y5: {=_xlfn.LET(_xlpm.x, M5:M7, IF(SUM((_xlpm.x="K")*1, (_xlpm.x="A")*1, (_xlpm.x="GK")*1, (_xlpm.x="GA")*1)>0, 3, 1))} -> 1 | Z5: 1 | AA5: 1 | AC5: Symbol | AD5: R1 | AE5: R2 | AF5: R3 | AG5: R4 | AH5: R5 | AJ5: Symbol | AK5: R1 | AL5: R2 | AM5: R3 | AN5: R4 | AO5: R5
A6: M1 | B6: M1 | C6: =COUNTIF(K:K, $A6) -> 4 | D6: =COUNTIF(L:L, $A6) -> 6 | E6: =COUNTIF(M:M, $A6) -> 0 | F6: =COUNTIF(N:N, $A6) -> 22 | G6: =COUNTIF(O:O, $A6) -> 28 | H6: 2 | J6: 2 | K6: M1 | L6: GA | M6: G4 | N6: M3 | O6: M2 | Q6: 2 | R6: 16 | S6: 14 | T6: 4 | U6: 3 | W6: {=_xlfn.LET(_xlpm.x, K6:K8, IF(SUM((_xlpm.x="K")*1, (_xlpm.x="A")*1, (_xlpm.x="GK")*1, (_xlpm.x="GA")*1)>0, 3, 1))} -> 3 | X6: {=_xlfn.LET(_xlpm.x, L6:L8, IF(SUM((_xlpm.x="K")*1, (_xlpm.x="A")*1, (_xlpm.x="GK")*1, (_xlpm.x="GA")*1)>0, 3, 1))} -> 3 | Y6: {=_xlfn.LET(_xlpm.x, M6:M8, IF(SUM((_xlpm.x="K")*1, (_xlpm.x="A")*1, (_xlpm.x="GK")*1, (_xlpm.x="GA")*1)>0, 3, 1))} -> 1 | Z6: 1 | AA6: 1 | AC6: WW | AD6: 0 | AE6: 0 | AF6: 0 | AG6: 0 | AH6: 0 | AJ6: WW | AK6: 0 | AL6: 0 | AM6: 0 | AN6: 0 | AO6: 0
A7: M2 | B7: M2 | C7: =COUNTIF(K:K, $A7) -> 4 | D7: =COUNTIF(L:L, $A7) -> 6 | E7: =COUNTIF(M:M, $A7) -> 0 | F7: =COUNTIF(N:N, $A7) -> 22 | G7: =COUNTIF(O:O, $A7) -> 27 | H7: 3 | J7: 3 | K7: M4 | L7: Q | M7: G5 | N7: M3 | O7: M2 | Q7: 5 | R7: 9 | S7: 15 | T7: 4 | U7: 3 | W7: {=_xlfn.LET(_xlpm.x, K7:K9, IF(SUM((_xlpm.x="K")*1, (_xlpm.x="A")*1, (_xlpm.x="GK")*1, (_xlpm.x="GA")*1)>0, 3, 1))} -> 3 | X7: {=_xlfn.LET(_xlpm.x, L7:L9, IF(SUM((_xlpm.x="K")*1, (_xlpm.x="A")*1, (_xlpm.x="GK")*1, (_xlpm.x="GA")*1)>0, 3, 1))} -> 3 | Y7: {=_xlfn.LET(_xlpm.x, M7:M9, IF(SUM((_xlpm.x="K")*1, (_xlpm.x="A")*1, (_xlpm.x="GK")*1, (_xlpm.x="GA")*1)>0, 3, 1))} -> 3 | Z7: 1 | AA7: 1 | AC7: C1 | AD7: 0 | AE7: 6 | AF7: 0 | AG7: 9 | AH7: 0 | AJ7: C1 | AK7: 0 | AL7: 6 | AM7: 0 | AN7: 9 | AO7: 0
A8: M3 | B8: M3 | C8: =COUNTIF(K:K, $A8) -> 4 | D8: =COUNTIF(L:L, $A8) -> 6 | E8: =COUNTIF(M:M, $A8) -> 0 | F8: =COUNTIF(N:N, $A8) -> 22 | G8: =COUNTIF(O:O, $A8) -> 27 | H8: 4 | J8: 4 | K8: K | L8: GA | M8: G4 | N8: M2 | O8: K | Q8: 8 | R8: 16 | S8: 14 | T8: 3 | U8: 8 | W8: {=_xlfn.LET(_xlpm.x, K8:K10, IF(SUM((_xlpm.x="K")*1, (_xlpm.x="A")*1, (_xlpm.x="GK")*1, (_xlpm.x="GA")*1)>0, 3, 1))} -> 3 | X8: {=_xlfn.LET(_xlpm.x, L8:L10, IF(SUM((_xlpm.x="K")*1, (_xlpm.x="A")*1, (_xlpm.x="GK")*1, (_xlpm.x="GA")*1)>0, 3, 1))} -> 3 | Y8: {=_xlfn.LET(_xlpm.x, M8:M10, IF(SUM((_xlpm.x="K")*1, (_xlpm.x="A")*1, (_xlpm.x="GK")*1, (_xlpm.x="GA")*1)>0, 3, 1))} -> 3 | Z8: 1 | AA8: 1 | AC8: M1 | AD8: 4 | AE8: 11 | AF8: 0 | AG8: 22 | AH8: 28 | AJ8: M1 | AK8: 4 | AL8: 11 | AM8: 0 | AN8: 22 | AO8: 28
A9: M4 | B9: M4 | C9: =COUNTIF(K:K, $A9) -> 43 | D9: =COUNTIF(L:L, $A9) -> 19 | E9: =COUNTIF(M:M, $A9) -> 0 | F9: =COUNTIF(N:N, $A9) -> 12 | G9: =COUNTIF(O:O, $A9) -> 16 | H9: 5 | J9: 5 | K9: M5 | L9: M3 | M9: GK | N9: M2 | O9: M2 | Q9: 6 | R9: 4 | S9: 17 | T9: 3 | U9: 3 | W9: {=_xlfn.LET(_xlpm.x, K9:K11, IF(SUM((_xlpm.x="K")*1, (_xlpm.x="A")*1, (_xlpm.x="GK")*1, (_xlpm.x="GA")*1)>0, 3, 1))} -> 3 | X9: {=_xlfn.LET(_xlpm.x, L9:L11, IF(SUM((_xlpm.x="K")*1, (_xlpm.x="A")*1, (_xlpm.x="GK")*1, (_xlpm.x="GA")*1)>0, 3, 1))} -> 1 | Y9: {=_xlfn.LET(_xlpm.x, M9:M11, IF(SUM((_xlpm.x="K")*1, (_xlpm.x="A")*1, (_xlpm.x="GK")*1, (_xlpm.x="GA")*1)>0, 3, 1))} -> 3 | Z9: 1 | AA9: 1 | AC9: M2 | AD9: 4 | AE9: 11 | AF9: 0 | AG9: 22 | AH9: 27 | AJ9: M2 | AK9: 4 | AL9: 11 | AM9: 0 | AN9: 22 | AO9: 27
A10: M5 | B10: M5 | C10: =COUNTIF(K:K, $A10) -> 43 | D10: =COUNTIF(L:L, $A10) -> 19 | E10: =COUNTIF(M:M, $A10) -> 0 | F10: =COUNTIF(N:N, $A10) -> 12 | G10: =COUNTIF(O:O, $A10) -> 16 | H10: 6 | J10: 6 | K10: K | L10: M4 | M10: GA | N10: J | O10: A | Q10: 8 | R10: 5 | S10: 16 | T10: 10 | U10: 7 | W10: {=_xlfn.LET(_xlpm.x, K10:K12, IF(SUM((_xlpm.x="K")*1, (_xlpm.x="A")*1, (_xlpm.x="GK")*1, (_xlpm.x="GA")*1)>0, 3, 1))} -> 3 | X10: {=_xlfn.LET(_xlpm.x, L10:L12, IF(SUM((_xlpm.x="K")*1, (_xlpm.x="A")*1, (_xlpm.x="GK")*1, (_xlpm.x="GA")*1)>0, 3, 1))} -> 3 | Y10: {=_xlfn.LET(_xlpm.x, M10:M12, IF(SUM((_xlpm.x="K")*1, (_xlpm.x="A")*1, (_xlpm.x="GK")*1, (_xlpm.x="GA")*1)>0, 3, 1))} -> 3 | Z10: 1 | AA10: 1 | AC10: M3 | AD10: 4 | AE10: 11 | AF10: 0 | AG10: 22 | AH10: 27 | AJ10: M3 | AK10: 4 | AL10: 11 | AM10: 0 | AN10: 22 | AO10: 27
A11: A | B11: A | C11: =COUNTIF(K:K, $A11) -> 47 | D11: =COUNTIF(L:L, $A11) -> 22 | E11: =COUNTIF(M:M, $A11) -> 0 | F11: =COUNTIF(N:N, $A11) -> 12 | G11: =COUNTIF(O:O, $A11) -> 16 | H11: 7 | J11: 7 | K11: M5 | L11: G3 | M11: G5 | N11: J | O11: M5 | Q11: 6 | R11: 13 | S11: 15 | T11: 10 | U11: 6 | W11: {=_xlfn.LET(_xlpm.x, K11:K13, IF(SUM((_xlpm.x="K")*1, (_xlpm.x="A")*1, (_xlpm.x="GK")*1, (_xlpm.x="GA")*1)>0, 3, 1))} -> 3 | X11: {=_xlfn.LET(_xlpm.x, L11:L13, IF(SUM((_xlpm.x="K")*1, (_xlpm.x="A")*1, (_xlpm.x="GK")*1, (_xlpm.x="GA")*1)>0, 3, 1))} -> 3 | Y11: {=_xlfn.LET(_xlpm.x, M11:M13, IF(SUM((_xlpm.x="K")*1, (_xlpm.x="A")*1, (_xlpm.x="GK")*1, (_xlpm.x="GA")*1)>0, 3, 1))} -> 3 | Z11: 1 | AA11: 1 | AC11: M4 | AD11: 43 | AE11: 19 | AF11: 0 | AG11: 12 | AH11: 16 | AJ11: M4 | AK11: 43 | AL11: 19 | AM11: 0 | AN11: 12 | AO11: 16
A12: K | B12: K | C12: =COUNTIF(K:K, $A12) -> 47 | D12: =COUNTIF(L:L, $A12) -> 24 | E12: =COUNTIF(M:M, $A12) -> 0 | F12: =COUNTIF(N:N, $A12) -> 12 | G12: =COUNTIF(O:O, $A12) -> 16 | H12: 8 | J12: 8 | K12: M4 | L12: A | M12: GK | N12: M5 | O12: M5 | Q12: 5 | R12: 7 | S12: 17 | T12: 6 | U12: 6 | W12: {=_xlfn.LET(_xlpm.x, K12:K14, IF(SUM((_xlpm.x="K")*1, (_xlpm.x="A")*1, (_xlpm.x="GK")*1, (_xlpm.x="GA")*1)>0, 3, 1))} -> 3 | X12: {=_xlfn.LET(_xlpm.x, L12:L14, IF(SUM((_xlpm.x="K")*1, (_xlpm.x="A")*1, (_xlpm.x="GK")*1, (_xlpm.x="GA")*1)>0, 3, 1))} -> 3 | Y12: {=_xlfn.LET(_xlpm.x, M12:M14, IF(SUM((_xlpm.x="K")*1, (_xlpm.x="A")*1, (_xlpm.x="GK")*1, (_xlpm.x="GA")*1)>0, 3, 1))} -> 3 | Z12: 1 | AA12: 1 | AC12: M5 | AD12: 43 | AE12: 20 | AF12: 0 | AG12: 12 | AH12: 16 | AJ12: M5 | AK12: 43 | AL12: 20 | AM12: 0 | AN12: 12 | AO12: 16
A13: Q | B13: Q | C13: =COUNTIF(K:K, $A13) -> 4 | D13: =COUNTIF(L:L, $A13) -> 5 | E13: =COUNTIF(M:M, $A13) -> 0 | F13: =COUNTIF(N:N, $A13) -> 21 | G13: =COUNTIF(O:O, $A13) -> 27 | H13: 9 | J13: 9 | K13: K | L13: GJ | M13: G5 | N13: GJ | O13: M1 | Q13: 8 | R13: 19 | S13: 15 | T13: 19 | U13: 2 | W13: {=_xlfn.LET(_xlpm.x, K13:K15, IF(SUM((_xlpm.x="K")*1, (_xlpm.x="A")*1, (_xlpm.x="GK")*1, (_xlpm.x="GA")*1)>0, 3, 1))} -> 3 | X13: {=_xlfn.LET(_xlpm.x, L13:L15, IF(SUM((_xlpm.x="K")*1, (_xlpm.x="A")*1, (_xlpm.x="GK")*1, (_xlpm.x="GA")*1)>0, 3, 1))} -> 1 | Y13: {=_xlfn.LET(_xlpm.x, M13:M15, IF(SUM((_xlpm.x="K")*1, (_xlpm.x="A")*1, (_xlpm.x="GK")*1, (_xlpm.x="GA")*1)>0, 3, 1))} -> 3 | Z13: 1 | AA13: 1 | AC13: A | AD13: 47 | AE13: 20 | AF13: 0 | AG13: 12 | AH13: 16 | AJ13: A | AK13: 47 | AL13: 20 | AM13: 0 | AN13: 12 | AO13: 16
A14: J | B14: J | C14: =COUNTIF(K:K, $A14) -> 4 | D14: =COUNTIF(L:L, $A14) -> 7 | E14: =COUNTIF(M:M, $A14) -> 0 | F14: =COUNTIF(N:N, $A14) -> 21 | G14: =COUNTIF(O:O, $A14) -> 27 | H14: 10 | J14: 10 | K14: Q | L14: G5 | M14: GA | N14: M1 | O14: K | Q14: 9 | R14: 15 | S14: 16 | T14: 2 | U14: 8 | W14: {=_xlfn.LET(_xlpm.x, K14:K16, IF(SUM((_xlpm.x="K")*1, (_xlpm.x="A")*1, (_xlpm.x="GK")*1, (_xlpm.x="GA")*1)>0, 3, 1))} -> 3 | X14: {=_xlfn.LET(_xlpm.x, L14:L16, IF(SUM((_xlpm.x="K")*1, (_xlpm.x="A")*1, (_xlpm.x="GK")*1, (_xlpm.x="GA")*1)>0, 3, 1))} -> 1 | Y14: {=_xlfn.LET(_xlpm.x, M14:M16, IF(SUM((_xlpm.x="K")*1, (_xlpm.x="A")*1, (_xlpm.x="GK")*1, (_xlpm.x="GA")*1)>0, 3, 1))} -> 3 | Z14: 1 | AA14: 1 | AC14: K | AD14: 47 | AE14: 20 | AF14: 0 | AG14: 12 | AH14: 16 | AJ14: K | AK14: 47 | AL14: 20 | AM14: 0 | AN14: 12 | AO14: 16
A15: G1 | B15: Golden M1 | C15: =COUNTIF(K:K, $A15) -> 0 | D15: =COUNTIF(L:L, $A15) -> 4 | E15: =COUNTIF(M:M, $A15) -> 5 | F15: =COUNTIF(N:N, $A15) -> 5 | G15: =COUNTIF(O:O, $A15) -> 0 | H15: 11 | J15: 11 | K15: A | L15: M4 | M15: G4 | N15: A | O15: K | Q15: 7 | R15: 5 | S15: 14 | T15: 7 | U15: 8 | W15: {=_xlfn.LET(_xlpm.x, K15:K17, IF(SUM((_xlpm.x="K")*1, (_xlpm.x="A")*1, (_xlpm.x="GK")*1, (_xlpm.x="GA")*1)>0, 3, 1))} -> 3 | X15: {=_xlfn.LET(_xlpm.x, L15:L17, IF(SUM((_xlpm.x="K")*1, (_xlpm.x="A")*1, (_xlpm.x="GK")*1, (_xlpm.x="GA")*1)>0, 3, 1))} -> 1 | Y15: {=_xlfn.LET(_xlpm.x, M15:M17, IF(SUM((_xlpm.x="K")*1, (_xlpm.x="A")*1, (_xlpm.x="GK")*1, (_xlpm.x="GA")*1)>0, 3, 1))} -> 3 | Z15: 1 | AA15: 1 | AC15: Q | AD15: 4 | AE15: 11 | AF15: 0 | AG15: 21 | AH15: 27 | AJ15: Q | AK15: 4 | AL15: 11 | AM15: 0 | AN15: 21 | AO15: 27
A16: G2 | B16: Golden M2 | C16: =COUNTIF(K:K, $A16) -> 0 | D16: =COUNTIF(L:L, $A16) -> 4 | E16: =COUNTIF(M:M, $A16) -> 5 | F16: =COUNTIF(N:N, $A16) -> 5 | G16: =COUNTIF(O:O, $A16) -> 0 | H16: 12 | J16: 12 | K16: Q | L16: M4 | M16: GK | N16: GA | O16: Q | Q16: 9 | R16: 5 | S16: 17 | T16: 16 | U16: 9 | W16: {=_xlfn.LET(_xlpm.x, K16:K18, IF(SUM((_xlpm.x="K")*1, (_xlpm.x="A")*1, (_xlpm.x="GK")*1, (_xlpm.x="GA")*1)>0, 3, 1))} -> 3 | X16: {=_xlfn.LET(_xlpm.x, L16:L18, IF(SUM((_xlpm.x="K")*1, (_xlpm.x="A")*1, (_xlpm.x="GK")*1, (_xlpm.x="GA")*1)>0, 3, 1))} -> 3 | Y16: {=_xlfn.LET(_xlpm.x, M16:M18, IF(SUM((_xlpm.x="K")*1, (_xlpm.x="A")*1, (_xlpm.x="GK")*1, (_xlpm.x="GA")*1)>0, 3, 1))} -> 3 | Z16: 1 | AA16: 1 | AC16: J | AD16: 4 | AE16: 11 | AF16: 0 | AG16: 21 | AH16: 27 | AJ16: J | AK16: 4 | AL16: 11 | AM16: 0 | AN16: 21 | AO16: 27
A17: G3 | B17: Golden M3 | C17: =COUNTIF(K:K, $A17) -> 0 | D17: =COUNTIF(L:L, $A17) -> 4 | E17: =COUNTIF(M:M, $A17) -> 5 | F17: =COUNTIF(N:N, $A17) -> 5 | G17: =COUNTIF(O:O, $A17) -> 0 | H17: 13 | J17: 13 | K17: K | L17: Q | M17: G5 | N17: K | O17: M2 | Q17: 8 | R17: 9 | S17: 15 | T17: 8 | U17: 3 | W17: {=_xlfn.LET(_xlpm.x, K17:K19, IF(SUM((_xlpm.x="K")*1, (_xlpm.x="A")*1, (_xlpm.x="GK")*1, (_xlpm.x="GA")*1)>0, 3, 1))} -> 3 | X17: {=_xlfn.LET(_xlpm.x, L17:L19, IF(SUM((_xlpm.x="K")*1, (_xlpm.x="A")*1, (_xlpm.x="GK")*1, (_xlpm.x="GA")*1)>0, 3, 1))} -> 3 | Y17: {=_xlfn.LET(_xlpm.x, M17:M19, IF(SUM((_xlpm.x="K")*1, (_xlpm.x="A")*1, (_xlpm.x="GK")*1, (_xlpm.x="GA")*1)>0, 3, 1))} -> 3 | Z17: 1 | AA17: 1 | AC17: G1 | AD17: 0 | AE17: 7 | AF17: 7 | AG17: 9 | AH17: 0 | AJ17: G1 | AK17: 0 | AL17: 7 | AM17: 7 | AN17: 9 | AO17: 0
... A23: GJ | B23: Golden J | C23: =COUNTIF(K:K, $A23) -> 0 | D23: =COUNTIF(L:L, $A23) -> 3 | E23: =COUNTIF(M:M, $A23) -> 4 | F23: =COUNTIF(N:N, $A23) -> 4 | G23: =COUNTIF(O:O, $A23) -> 0 | H23: 19 | J23: 19 | K23: M4 | L23: A | M23: GK | N23: Q | O23: M1 | Q23: 5 | R23: 7 | S23: 17 | T23: 9 | U23: 2 | W23: {=_xlfn.LET(_xlpm.x, K23:K25, IF(SUM((_xlpm.x="K")*1, (_xlpm.x="A")*1, (_xlpm.x="GK")*1, (_xlpm.x="GA")*1)>0, 3, 1))} -> 1 | X23: {=_xlfn.LET(_xlpm.x, L23:L25, IF(SUM((_xlpm.x="K")*1, (_xlpm.x="A")*1, (_xlpm.x="GK")*1, (_xlpm.x="GA")*1)>0, 3, 1))} -> 3 | Y23: {=_xlfn.LET(_xlpm.x, M23:M25, IF(SUM((_xlpm.x="K")*1, (_xlpm.x="A")*1, (_xlpm.x="GK")*1, (_xlpm.x="GA")*1)>0, 3, 1))} -> 3 | Z23: 1 | AA23: 1 | AC23: GK | AD23: 0 | AE23: 15 | AF23: 66 | AG23: 6 | AH23: 0 | AJ23: GK | AK23: 0 | AL23: 15 | AM23: 66 | AN23: 6 | AO23: 0
C24: =SUM(C4:C23) -> 200 | D24: =SUM(D4:D23) -> 200 | E24: =SUM(E4:E23) -> 200 | F24: =SUM(F4:F23) -> 200 | G24: =SUM(G4:G23) -> 200 | J24: 20 | K24: M5 | L24: GK | M24: G4 | N24: M3 | O24: Q | Q24: 6 | R24: 17 | S24: 14 | T24: 4 | U24: 9 | W24: {=_xlfn.LET(_xlpm.x, K24:K26, IF(SUM((_xlpm.x="K")*1, (_xlpm.x="A")*1, (_xlpm.x="GK")*1, (_xlpm.x="GA")*1)>0, 3, 1))} -> 3 | X24: {=_xlfn.LET(_xlpm.x, L24:L26, IF(SUM((_xlpm.x="K")*1, (_xlpm.x="A")*1, (_xlpm.x="GK")*1, (_xlpm.x="GA")*1)>0, 3, 1))} -> 3 | Y24: {=_xlfn.LET(_xlpm.x, M24:M26, IF(SUM((_xlpm.x="K")*1, (_xlpm.x="A")*1, (_xlpm.x="GK")*1, (_xlpm.x="GA")*1)>0, 3, 1))} -> 3 | Z24: 1 | AA24: 1 | AC24: GQ | AD24: 0 | AE24: 9 | AF24: 7 | AG24: 7 | AH24: 0 | AJ24: GQ | AK24: 0 | AL24: 9 | AM24: 7 | AN24: 7 | AO24: 0
J25: 21 | K25: M3 | L25: GK | M25: GK | N25: C1 | O25: J | Q25: 4 | R25: 17 | S25: 17 | T25: 1 | U25: 10 | W25: {=_xlfn.LET(_xlpm.x, K25:K27, IF(SUM((_xlpm.x="K")*1, (_xlpm.x="A")*1, (_xlpm.x="GK")*1, (_xlpm.x="GA")*1)>0, 3, 1))} -> 3 | X25: {=_xlfn.LET(_xlpm.x, L25:L27, IF(SUM((_xlpm.x="K")*1, (_xlpm.x="A")*1, (_xlpm.x="GK")*1, (_xlpm.x="GA")*1)>0, 3, 1))} -> 3 | Y25: {=_xlfn.LET(_xlpm.x, M25:M27, IF(SUM((_xlpm.x="K")*1, (_xlpm.x="A")*1, (_xlpm.x="GK")*1, (_xlpm.x="GA")*1)>0, 3, 1))} -> 3 | Z25: 1 | AA25: 1 | AC25: GJ | AD25: 0 | AE25: 9 | AF25: 6 | AG25: 7 | AH25: 0 | AJ25: GJ | AK25: 0 | AL25: 9 | AM25: 6 | AN25: 7 | AO25: 0
B26: Normal Symbol | C26: 1 | D26: =SUM(D6:D14)/D24 -> 0.57 | E26: =SUM(E6:E14)/E24 -> 0 | F26: =SUM(F6:F14)/F24 -> 0.78 | G26: 1 | J26: 22 | K26: K | L26: M5 | M26: GJ | N26: G5 | O26: M3 | Q26: 8 | R26: 6 | S26: 19 | T26: 15 | U26: 4 | W26: {=_xlfn.LET(_xlpm.x, K26:K28, IF(SUM((_xlpm.x="K")*1, (_xlpm.x="A")*1, (_xlpm.x="GK")*1, (_xlpm.x="GA")*1)>0, 3, 1))} -> 3 | X26: {=_xlfn.LET(_xlpm.x, L26:L28, IF(SUM((_xlpm.x="K")*1, (_xlpm.x="A")*1, (_xlpm.x="GK")*1, (_xlpm.x="GA")*1)>0, 3, 1))} -> 3 | Y26: {=_xlfn.LET(_xlpm.x, M26:M28, IF(SUM((_xlpm.x="K")*1, (_xlpm.x="A")*1, (_xlpm.x="GK")*1, (_xlpm.x="GA")*1)>0, 3, 1))} -> 1 | Z26: 1 | AA26: 1 | AD26: 200 | AE26: 243 | AF26: 298 | AG26: 230 | AH26: 200 | AK26: 200 | AL26: 243 | AM26: 298 | AN26: 230 | AO26: 200
B27: Golden Symbol | C27: 0 | D27: =SUM(D15:D23)/D24 -> 0.4 | E27: =SUM(E15:E23)/E24 -> 1 | F27: =SUM(F15:F23)/F24 -> 0.175 | G27: 0 | J27: 23 | K27: M4 | L27: K | M27: G4 | N27: J | O27: M2 | Q27: 5 | R27: 8 | S27: 14 | T27: 10 | U27: 3 | W27: {=_xlfn.LET(_xlpm.x, K27:K29, IF(SUM((_xlpm.x="K")*1, (_xlpm.x="A")*1, (_xlpm.x="GK")*1, (_xlpm.x="GA")*1)>0, 3, 1))} -> 1 | X27: {=_xlfn.LET(_xlpm.x, L27:L29, IF(SUM((_xlpm.x="K")*1, (_xlpm.x="A")*1, (_xlpm.x="GK")*1, (_xlpm.x="GA")*1)>0, 3, 1))} -> 3 | Y27: {=_xlfn.LET(_xlpm.x, M27:M29, IF(SUM((_xlpm.x="K")*1, (_xlpm.x="A")*1, (_xlpm.x="GK")*1, (_xlpm.x="GA")*1)>0, 3, 1))} -> 3 | Z27: 1 | AA27: 1
J28: 24 | K28: M5 | L28: G5 | M28: G5 | N28: K | O28: M1 | Q28: 6 | R28: 15 | S28: 15 | T28: 8 | U28: 2 | W28: {=_xlfn.LET(_xlpm.x, K28:K30, IF(SUM((_xlpm.x="K")*1, (_xlpm.x="A")*1, (_xlpm.x="GK")*1, (_xlpm.x="GA")*1)>0, 3, 1))} -> 1 | X28: {=_xlfn.LET(_xlpm.x, L28:L30, IF(SUM((_xlpm.x="K")*1, (_xlpm.x="A")*1, (_xlpm.x="GK")*1, (_xlpm.x="GA")*1)>0, 3, 1))} -> 3 | Y28: {=_xlfn.LET(_xlpm.x, M28:M30, IF(SUM((_xlpm.x="K")*1, (_xlpm.x="A")*1, (_xlpm.x="GK")*1, (_xlpm.x="GA")*1)>0, 3, 1))} -> 3 | Z28: 1 | AA28: 1 | AC28: 2 Combo | AJ28: 2 Combo
J29: 25 | K29: J | L29: M2 | M29: GK | N29: Q | O29: M3 | Q29: 10 | R29: 3 | S29: 17 | T29: 9 | U29: 4 | W29: {=_xlfn.LET(_xlpm.x, K29:K31, IF(SUM((_xlpm.x="K")*1, (_xlpm.x="A")*1, (_xlpm.x="GK")*1, (_xlpm.x="GA")*1)>0, 3, 1))} -> 1 | X29: {=_xlfn.LET(_xlpm.x, L29:L31, IF(SUM((_xlpm.x="K")*1, (_xlpm.x="A")*1, (_xlpm.x="GK")*1, (_xlpm.x="GA")*1)>0, 3, 1))} -> 3 | Y29: {=_xlfn.LET(_xlpm.x, M29:M31, IF(SUM((_xlpm.x="K")*1, (_xlpm.x="A")*1, (_xlpm.x="GK")*1, (_xlpm.x="GA")*1)>0, 3, 1))} -> 3 | Z29: 1 | AA29: 1 | AC29: Symbol | AD29: R1 | AE29: R2 | AF29: R3 | AG29: R4 | AH29: R5 | AJ29: Symbol | AK29: R1 | AL29: R2 | AM29: R3 | AN29: R4 | AO29: R5
B30: M1 | C30: {=C6:G14+C15:G23} -> 4 | D30: 10 | E30: 5 | F30: 27 | G30: 28 | J30: 26 | K30: M5 | L30: K | M30: G4 | N30: M5 | O30: M1 | Q30: 6 | R30: 8 | S30: 14 | T30: 6 | U30: 2 | W30: {=_xlfn.LET(_xlpm.x, K30:K32, IF(SUM((_xlpm.x="K")*1, (_xlpm.x="A")*1, (_xlpm.x="GK")*1, (_xlpm.x="GA")*1)>0, 3, 1))} -> 1 | X30: {=_xlfn.LET(_xlpm.x, L30:L32, IF(SUM((_xlpm.x="K")*1, (_xlpm.x="A")*1, (_xlpm.x="GK")*1, (_xlpm.x="GA")*1)>0, 3, 1))} -> 3 | Y30: {=_xlfn.LET(_xlpm.x, M30:M32, IF(SUM((_xlpm.x="K")*1, (_xlpm.x="A")*1, (_xlpm.x="GK")*1, (_xlpm.x="GA")*1)>0, 3, 1))} -> 3 | Z30: 1 | AA30: 1 | AC30: WW | AD30: 0 | AE30: 0 | AF30: 0 | AG30: 0 | AH30: 0 | AJ30: WW | AK30: 0 | AL30: 0 | AM30: 0 | AN30: 0 | AO30: 0
B31: M2 | C31: 4 | D31: 10 | E31: 5 | F31: 27 | G31: 27 | J31: 27 | K31: M1 | L31: K | M31: GJ | N31: M1 | O31: M3 | Q31: 2 | R31: 8 | S31: 19 | T31: 2 | U31: 4 | W31: {=_xlfn.LET(_xlpm.x, K31:K33, IF(SUM((_xlpm.x="K")*1, (_xlpm.x="A")*1, (_xlpm.x="GK")*1, (_xlpm.x="GA")*1)>0, 3, 1))} -> 1 | X31: {=_xlfn.LET(_xlpm.x, L31:L33, IF(SUM((_xlpm.x="K")*1, (_xlpm.x="A")*1, (_xlpm.x="GK")*1, (_xlpm.x="GA")*1)>0, 3, 1))} -> 3 | Y31: {=_xlfn.LET(_xlpm.x, M31:M33, IF(SUM((_xlpm.x="K")*1, (_xlpm.x="A")*1, (_xlpm.x="GK")*1, (_xlpm.x="GA")*1)>0, 3, 1))} -> 3 | Z31: 1 | AA31: 1 | AC31: C1 | AD31: 0 | AE31: 6 | AF31: 0 | AG31: 9 | AH31: 0 | AJ31: C1 | AK31: 0 | AL31: 6 | AM31: 0 | AN31: 9 | AO31: 0
B32: M3 | C32: 4 | D32: 10 | E32: 5 | F32: 27 | G32: 27 | J32: 28 | K32: M5 | L32: GA | M32: GA | N32: C1 | O32: M1 | Q32: 6 | R32: 16 | S32: 16 | T32: 1 | U32: 2 | W32: {=_xlfn.LET(_xlpm.x, K32:K34, IF(SUM((_xlpm.x="K")*1, (_xlpm.x="A")*1, (_xlpm.x="GK")*1, (_xlpm.x="GA")*1)>0, 3, 1))} -> 1 | X32: {=_xlfn.LET(_xlpm.x, L32:L34, IF(SUM((_xlpm.x="K")*1, (_xlpm.x="A")*1, (_xlpm.x="GK")*1, (_xlpm.x="GA")*1)>0, 3, 1))} -> 3 | Y32: {=_xlfn.LET(_xlpm.x, M32:M34, IF(SUM((_xlpm.x="K")*1, (_xlpm.x="A")*1, (_xlpm.x="GK")*1, (_xlpm.x="GA")*1)>0, 3, 1))} -> 3 | Z32: 1 | AA32: 1 | AC32: M1 | AD32: 4 | AE32: 11 | AF32: 0 | AG32: 22 | AH32: 28 | AJ32: M1 | AK32: 4 | AL32: 11 | AM32: 0 | AN32: 22 | AO32: 28
B33: M4 | C33: 43 | D33: 34 | E33: 44 | F33: 15 | G33: 16 | J33: 29 | K33: M5 | L33: GA | M33: G4 | N33: M3 | O33: M2 | Q33: 6 | R33: 16 | S33: 14 | T33: 4 | U33: 3 | W33: {=_xlfn.LET(_xlpm.x, K33:K35, IF(SUM((_xlpm.x="K")*1, (_xlpm.x="A")*1, (_xlpm.x="GK")*1, (_xlpm.x="GA")*1)>0, 3, 1))} -> 3 | X33: {=_xlfn.LET(_xlpm.x, L33:L35, IF(SUM((_xlpm.x="K")*1, (_xlpm.x="A")*1, (_xlpm.x="GK")*1, (_xlpm.x="GA")*1)>0, 3, 1))} -> 3 | Y33: {=_xlfn.LET(_xlpm.x, M33:M35, IF(SUM((_xlpm.x="K")*1, (_xlpm.x="A")*1, (_xlpm.x="GK")*1, (_xlpm.x="GA")*1)>0, 3, 1))} -> 1 | Z33: 1 | AA33: 1 | AC33: M2 | AD33: 4 | AE33: 11 | AF33: 0 | AG33: 22 | AH33: 27 | AJ33: M2 | AK33: 4 | AL33: 11 | AM33: 0 | AN33: 22 | AO33: 27
B34: M5 | C34: 43 | D34: 35 | E34: 44 | F34: 15 | G34: 16 | J34: 30 | K34: M5 | L34: M2 | M34: G3 | N34: G1 | O34: M1 | Q34: 6 | R34: 3 | S34: 13 | T34: 11 | U34: 2 | W34: {=_xlfn.LET(_xlpm.x, K34:K36, IF(SUM((_xlpm.x="K")*1, (_xlpm.x="A")*1, (_xlpm.x="GK")*1, (_xlpm.x="GA")*1)>0, 3, 1))} -> 3 | X34: {=_xlfn.LET(_xlpm.x, L34:L36, IF(SUM((_xlpm.x="K")*1, (_xlpm.x="A")*1, (_xlpm.x="GK")*1, (_xlpm.x="GA")*1)>0, 3, 1))} -> 3 | Y34: {=_xlfn.LET(_xlpm.x, M34:M36, IF(SUM((_xlpm.x="K")*1, (_xlpm.x="A")*1, (_xlpm.x="GK")*1, (_xlpm.x="GA")*1)>0, 3, 1))} -> 1 | Z34: 1 | AA34: 1 | AC34: M3 | AD34: 4 | AE34: 11 | AF34: 0 | AG34: 22 | AH34: 27 | AJ34: M3 | AK34: 4 | AL34: 11 | AM34: 0 | AN34: 22 | AO34: 27
B35: A | C35: 47 | D35: 37 | E35: 44 | F35: 15 | G35: 16 | J35: 31 | K35: K | L35: K | M35: G4 | N35: A | O35: M1 | Q35: 8 | R35: 8 | S35: 14 | T35: 7 | U35: 2 | W35: {=_xlfn.LET(_xlpm.x, K35:K37, IF(SUM((_xlpm.x="K")*1, (_xlpm.x="A")*1, (_xlpm.x="GK")*1, (_xlpm.x="GA")*1)>0, 3, 1))} -> 3 | X35: {=_xlfn.LET(_xlpm.x, L35:L37, IF(SUM((_xlpm.x="K")*1, (_xlpm.x="A")*1, (_xlpm.x="GK")*1, (_xlpm.x="GA")*1)>0, 3, 1))} -> 3 | Y35: {=_xlfn.LET(_xlpm.x, M35:M37, IF(SUM((_xlpm.x="K")*1, (_xlpm.x="A")*1, (_xlpm.x="GK")*1, (_xlpm.x="GA")*1)>0, 3, 1))} -> 3 | Z35: 1 | AA35: 1 | AC35: M4 | AD35: 43 | AE35: 19 | AF35: 0 | AG35: 12 | AH35: 16 | AJ35: M4 | AK35: 43 | AL35: 19 | AM35: 0 | AN35: 12 | AO35: 16
B36: K | C36: 47 | D36: 38 | E36: 44 | F36: 15 | G36: 16 | J36: 32 | K36: A | L36: GJ | M36: G5 | N36: M3 | O36: Q | Q36: 7 | R36: 19 | S36: 15 | T36: 4 | U36: 9 | W36: {=_xlfn.LET(_xlpm.x, K36:K38, IF(SUM((_xlpm.x="K")*1, (_xlpm.x="A")*1, (_xlpm.x="GK")*1, (_xlpm.x="GA")*1)>0, 3, 1))} -> 3 | X36: {=_xlfn.LET(_xlpm.x, L36:L38, IF(SUM((_xlpm.x="K")*1, (_xlpm.x="A")*1, (_xlpm.x="GK")*1, (_xlpm.x="GA")*1)>0, 3, 1))} -> 3 | Y36: {=_xlfn.LET(_xlpm.x, M36:M38, IF(SUM((_xlpm.x="K")*1, (_xlpm.x="A")*1, (_xlpm.x="GK")*1, (_xlpm.x="GA")*1)>0, 3, 1))} -> 3 | Z36: 1 | AA36: 1 | AC36: M5 | AD36: 43 | AE36: 20 | AF36: 0 | AG36: 12 | AH36: 16 | AJ36: M5 | AK36: 43 | AL36: 20 | AM36: 0 | AN36: 12 | AO36: 16
B37: Q | C37: 4 | D37: 10 | E37: 5 | F37: 25 | G37: 27 | J37: 33 | K37: M5 | L37: K | M37: GK | N37: GK | O37: J | Q37: 6 | R37: 8 | S37: 17 | T37: 17 | U37: 10 | W37: {=_xlfn.LET(_xlpm.x, K37:K39, IF(SUM((_xlpm.x="K")*1, (_xlpm.x="A")*1, (_xlpm.x="GK")*1, (_xlpm.x="GA")*1)>0, 3, 1))} -> 3 | X37: {=_xlfn.LET(_xlpm.x, L37:L39, IF(SUM((_xlpm.x="K")*1, (_xlpm.x="A")*1, (_xlpm.x="GK")*1, (_xlpm.x="GA")*1)>0, 3, 1))} -> 3 | Y37: {=_xlfn.LET(_xlpm.x, M37:M39, IF(SUM((_xlpm.x="K")*1, (_xlpm.x="A")*1, (_xlpm.x="GK")*1, (_xlpm.x="GA")*1)>0, 3, 1))} -> 3 | Z37: 1 | AA37: 1 | AC37: A | AD37: 47 | AE37: 20 | AF37: 0 | AG37: 12 | AH37: 16 | AJ37: A | AK37: 47 | AL37: 20 | AM37: 0 | AN37: 12 | AO37: 16
B38: J | C38: 4 | D38: 10 | E38: 4 | F38: 25 | G38: 27 | J38: 34 | K38: M4 | L38: G4 | M38: GA | N38: M1 | O38: K | Q38: 5 | R38: 14 | S38: 16 | T38: 2 | U38: 8 | W38: {=_xlfn.LET(_xlpm.x, K38:K40, IF(SUM((_xlpm.x="K")*1, (_xlpm.x="A")*1, (_xlpm.x="GK")*1, (_xlpm.x="GA")*1)>0, 3, 1))} -> 3 | X38: {=_xlfn.LET(_xlpm.x, L38:L40, IF(SUM((_xlpm.x="K")*1, (_xlpm.x="A")*1, (_xlpm.x="GK")*1, (_xlpm.x="GA")*1)>0, 3, 1))} -> 1 | Y38: {=_xlfn.LET(_xlpm.x, M38:M40, IF(SUM((_xlpm.x="K")*1, (_xlpm.x="A")*1, (_xlpm.x="GK")*1, (_xlpm.x="GA")*1)>0, 3, 1))} -> 3 | Z38: 1 | AA38: 1 | AC38: K | AD38: 47 | AE38: 20 | AF38: 0 | AG38: 12 | AH38: 16 | AJ38: K | AK38: 47 | AL38: 20 | AM38: 0 | AN38: 12 | AO38: 16
J39: 35 | K39: K | L39: M3 | M39: G5 | N39: M4 | O39: M4 | Q39: 8 | R39: 4 | S39: 15 | T39: 5 | U39: 5 | W39: {=_xlfn.LET(_xlpm.x, K39:K41, IF(SUM((_xlpm.x="K")*1, (_xlpm.x="A")*1, (_xlpm.x="GK")*1, (_xlpm.x="GA")*1)>0, 3, 1))} -> 3 | X39: {=_xlfn.LET(_xlpm.x, L39:L41, IF(SUM((_xlpm.x="K")*1, (_xlpm.x="A")*1, (_xlpm.x="GK")*1, (_xlpm.x="GA")*1)>0, 3, 1))} -> 1 | Y39: {=_xlfn.LET(_xlpm.x, M39:M41, IF(SUM((_xlpm.x="K")*1, (_xlpm.x="A")*1, (_xlpm.x="GK")*1, (_xlpm.x="GA")*1)>0, 3, 1))} -> 3 | Z39: 1 | AA39: 1 | AC39: Q | AD39: 4 | AE39: 11 | AF39: 0 | AG39: 21 | AH39: 27 | AJ39: Q | AK39: 4 | AL39: 11 | AM39: 0 | AN39: 21 | AO39: 27
J40: 36 | K40: M4 | L40: M3 | M40: G4 | N40: M4 | O40: M3 | Q40: 5 | R40: 4 | S40: 14 | T40: 5 | U40: 4 | W40: {=_xlfn.LET(_xlpm.x, K40:K42, IF(SUM((_xlpm.x="K")*1, (_xlpm.x="A")*1, (_xlpm.x="GK")*1, (_xlpm.x="GA")*1)>0, 3, 1))} -> 1 | X40: {=_xlfn.LET(_xlpm.x, L40:L42, IF(SUM((_xlpm.x="K")*1, (_xlpm.x="A")*1, (_xlpm.x="GK")*1, (_xlpm.x="GA")*1)>0, 3, 1))} -> 3 | Y40: {=_xlfn.LET(_xlpm.x, M40:M42, IF(SUM((_xlpm.x="K")*1, (_xlpm.x="A")*1, (_xlpm.x="GK")*1, (_xlpm.x="GA")*1)>0, 3, 1))} -> 3 | Z40: 1 | AA40: 1 | AC40: J | AD40: 4 | AE40: 11 | AF40: 0 | AG40: 21 | AH40: 27 | AJ40: J | AK40: 4 | AL40: 11 | AM40: 0 | AN40: 21 | AO40: 27
J41: 37 | K41: M5 | L41: G5 | M41: GK | N41: G1 | O41: M4 | Q41: 6 | R41: 15 | S41: 17 | T41: 11 | U41: 5 | W41: {=_xlfn.LET(_xlpm.x, K41:K43, IF(SUM((_xlpm.x="K")*1, (_xlpm.x="A")*1, (_xlpm.x="GK")*1, (_xlpm.x="GA")*1)>0, 3, 1))} -> 1 | X41: {=_xlfn.LET(_xlpm.x, L41:L43, IF(SUM((_xlpm.x="K")*1, (_xlpm.x="A")*1, (_xlpm.x="GK")*1, (_xlpm.x="GA")*1)>0, 3, 1))} -> 3 | Y41: {=_xlfn.LET(_xlpm.x, M41:M43, IF(SUM((_xlpm.x="K")*1, (_xlpm.x="A")*1, (_xlpm.x="GK")*1, (_xlpm.x="GA")*1)>0, 3, 1))} -> 3 | Z41: 1 | AA41: 1 | AC41: G1 | AD41: 0 | AE41: 7 | AF41: 7 | AG41: 9 | AH41: 0 | AJ41: G1 | AK41: 0 | AL41: 7 | AM41: 7 | AN41: 9 | AO41: 0
J42: 38 | K42: M4 | L42: GA | M42: GA | N42: Q | O42: M2 | Q42: 5 | R42: 16 | S42: 16 | T42: 9 | U42: 3 | W42: {=_xlfn.LET(_xlpm.x, K42:K44, IF(SUM((_xlpm.x="K")*1, (_xlpm.x="A")*1, (_xlpm.x="GK")*1, (_xlpm.x="GA")*1)>0, 3, 1))} -> 1 | X42: {=_xlfn.LET(_xlpm.x, L42:L44, IF(SUM((_xlpm.x="K")*1, (_xlpm.x="A")*1, (_xlpm.x="GK")*1, (_xlpm.x="GA")*1)>0, 3, 1))} -> 3 | Y42: {=_xlfn.LET(_xlpm.x, M42:M44, IF(SUM((_xlpm.x="K")*1, (_xlpm.x="A")*1, (_xlpm.x="GK")*1, (_xlpm.x="GA")*1)>0, 3, 1))} -> 3 | Z42: 1 | AA42: 1 | AC42: G2 | AD42: 0 | AE42: 9 | AF42: 7 | AG42: 9 | AH42: 0 | AJ42: G2 | AK42: 0 | AL42: 9 | AM42: 7 | AN42: 9 | AO42: 0
J43: 39 | K43: M4 | L43: M4 | M43: G1 | N43: M2 | O43: M2 | Q43: 5 | R43: 5 | S43: 11 | T43: 3 | U43: 3 | W43: {=_xlfn.LET(_xlpm.x, K43:K45, IF(SUM((_xlpm.x="K")*1, (_xlpm.x="A")*1, (_xlpm.x="GK")*1, (_xlpm.x="GA")*1)>0, 3, 1))} -> 1 | X43: {=_xlfn.LET(_xlpm.x, L43:L45, IF(SUM((_xlpm.x="K")*1, (_xlpm.x="A")*1, (_xlpm.x="GK")*1, (_xlpm.x="GA")*1)>0, 3, 1))} -> 3 | Y43: {=_xlfn.LET(_xlpm.x, M43:M45, IF(SUM((_xlpm.x="K")*1, (_xlpm.x="A")*1, (_xlpm.x="GK")*1, (_xlpm.x="GA")*1)>0, 3, 1))} -> 3 | Z43: 1 | AA43: 1 | AC43: G3 | AD43: 0 | AE43: 9 | AF43: 7 | AG43: 9 | AH43: 0 | AJ43: G3 | AK43: 0 | AL43: 9 | AM43: 7 | AN43: 9 | AO43: 0
J44: 40 | K44: M4 | L44: G1 | M44: GA | N44: G4 | O44: Q | Q44: 5 | R44: 11 | S44: 16 | T44: 14 | U44: 9 | W44: {=_xlfn.LET(_xlpm.x, K44:K46, IF(SUM((_xlpm.x="K")*1, (_xlpm.x="A")*1, (_xlpm.x="GK")*1, (_xlpm.x="GA")*1)>0, 3, 1))} -> 3 | X44: {=_xlfn.LET(_xlpm.x, L44:L46, IF(SUM((_xlpm.x="K")*1, (_xlpm.x="A")*1, (_xlpm.x="GK")*1, (_xlpm.x="GA")*1)>0, 3, 1))} -> 3 | Y44: {=_xlfn.LET(_xlpm.x, M44:M46, IF(SUM((_xlpm.x="K")*1, (_xlpm.x="A")*1, (_xlpm.x="GK")*1, (_xlpm.x="GA")*1)>0, 3, 1))} -> 3 | Z44: 1 | AA44: 1 | AC44: G4 | AD44: 0 | AE44: 15 | AF44: 66 | AG44: 6 | AH44: 0 | AJ44: G4 | AK44: 0 | AL44: 15 | AM44: 66 | AN44: 6 | AO44: 0
J45: 41 | K45: M5 | L45: A | M45: GK | N45: GQ | O45: K | Q45: 6 | R45: 7 | S45: 17 | T45: 18 | U45: 8 | W45: {=_xlfn.LET(_xlpm.x, K45:K47, IF(SUM((_xlpm.x="K")*1, (_xlpm.x="A")*1, (_xlpm.x="GK")*1, (_xlpm.x="GA")*1)>0, 3, 1))} -> 3 | X45: {=_xlfn.LET(_xlpm.x, L45:L47, IF(SUM((_xlpm.x="K")*1, (_xlpm.x="A")*1, (_xlpm.x="GK")*1, (_xlpm.x="GA")*1)>0, 3, 1))} -> 3 | Y45: {=_xlfn.LET(_xlpm.x, M45:M47, IF(SUM((_xlpm.x="K")*1, (_xlpm.x="A")*1, (_xlpm.x="GK")*1, (_xlpm.x="GA")*1)>0, 3, 1))} -> 3 | Z45: 1 | AA45: 1 | AC45: G5 | AD45: 0 | AE45: 15 | AF45: 66 | AG45: 6 | AH45: 0 | AJ45: G5 | AK45: 0 | AL45: 15 | AM45: 66 | AN45: 6 | AO45: 0
J46: 42 | K46: A | L46: M4 | M46: G4 | N46: K | O46: K | Q46: 7 | R46: 5 | S46: 14 | T46: 8 | U46: 8 | W46: {=_xlfn.LET(_xlpm.x, K46:K48, IF(SUM((_xlpm.x="K")*1, (_xlpm.x="A")*1, (_xlpm.x="GK")*1, (_xlpm.x="GA")*1)>0, 3, 1))} -> 3 | X46: {=_xlfn.LET(_xlpm.x, L46:L48, IF(SUM((_xlpm.x="K")*1, (_xlpm.x="A")*1, (_xlpm.x="GK")*1, (_xlpm.x="GA")*1)>0, 3, 1))} -> 3 | Y46: {=_xlfn.LET(_xlpm.x, M46:M48, IF(SUM((_xlpm.x="K")*1, (_xlpm.x="A")*1, (_xlpm.x="GK")*1, (_xlpm.x="GA")*1)>0, 3, 1))} -> 3 | Z46: 1 | AA46: 1 | AC46: GA | AD46: 0 | AE46: 15 | AF46: 66 | AG46: 6 | AH46: 0 | AJ46: GA | AK46: 0 | AL46: 15 | AM46: 66 | AN46: 6 | AO46: 0
J47: 43 | K47: M4 | L47: GK | M47: GA | N47: J | O47: M4 | Q47: 5 | R47: 17 | S47: 16 | T47: 10 | U47: 5 | W47: {=_xlfn.LET(_xlpm.x, K47:K49, IF(SUM((_xlpm.x="K")*1, (_xlpm.x="A")*1, (_xlpm.x="GK")*1, (_xlpm.x="GA")*1)>0, 3, 1))} -> 1 | X47: {=_xlfn.LET(_xlpm.x, L47:L49, IF(SUM((_xlpm.x="K")*1, (_xlpm.x="A")*1, (_xlpm.x="GK")*1, (_xlpm.x="GA")*1)>0, 3, 1))} -> 3 | Y47: {=_xlfn.LET(_xlpm.x, M47:M49, IF(SUM((_xlpm.x="K")*1, (_xlpm.x="A")*1, (_xlpm.x="GK")*1, (_xlpm.x="GA")*1)>0, 3, 1))} -> 3 | Z47: 1 | AA47: 1 | AC47: GK | AD47: 0 | AE47: 15 | AF47: 66 | AG47: 6 | AH47: 0 | AJ47: GK | AK47: 0 | AL47: 15 | AM47: 66 | AN47: 6 | AO47: 0
J48: 44 | K48: M5 | L48: C1 | M48: G5 | N48: M5 | O48: M1 | Q48: 6 | R48: 1 | S48: 15 | T48: 6 | U48: 2 | W48: {=_xlfn.LET(_xlpm.x, K48:K50, IF(SUM((_xlpm.x="K")*1, (_xlpm.x="A")*1, (_xlpm.x="GK")*1, (_xlpm.x="GA")*1)>0, 3, 1))} -> 1 | X48: {=_xlfn.LET(_xlpm.x, L48:L50, IF(SUM((_xlpm.x="K")*1, (_xlpm.x="A")*1, (_xlpm.x="GK")*1, (_xlpm.x="GA")*1)>0, 3, 1))} -> 1 | Y48: {=_xlfn.LET(_xlpm.x, M48:M50, IF(SUM((_xlpm.x="K")*1, (_xlpm.x="A")*1, (_xlpm.x="GK")*1, (_xlpm.x="GA")*1)>0, 3, 1))} -> 3 | Z48: 1 | AA48: 1 | AC48: GQ | AD48: 0 | AE48: 9 | AF48: 7 | AG48: 7 | AH48: 0 | AJ48: GQ | AK48: 0 | AL48: 9 | AM48: 7 | AN48: 7 | AO48: 0
J49: 45 | K49: M4 | L49: G5 | M49: GK | N49: M5 | O49: M2 | Q49: 5 | R49: 15 | S49: 17 | T49: 6 | U49: 3 | W49: {=_xlfn.LET(_xlpm.x, K49:K51, IF(SUM((_xlpm.x="K")*1, (_xlpm.x="A")*1, (_xlpm.x="GK")*1, (_xlpm.x="GA")*1)>0, 3, 1))} -> 1 | X49: {=_xlfn.LET(_xlpm.x, L49:L51, IF(SUM((_xlpm.x="K")*1, (_xlpm.x="A")*1, (_xlpm.x="GK")*1, (_xlpm.x="GA")*1)>0, 3, 1))} -> 3 | Y49: {=_xlfn.LET(_xlpm.x, M49:M51, IF(SUM((_xlpm.x="K")*1, (_xlpm.x="A")*1, (_xlpm.x="GK")*1, (_xlpm.x="GA")*1)>0, 3, 1))} -> 3 | Z49: 1 | AA49: 1 | AC49: GJ | AD49: 0 | AE49: 9 | AF49: 6 | AG49: 7 | AH49: 0 | AJ49: GJ | AK49: 0 | AL49: 9 | AM49: 6 | AN49: 7 | AO49: 0
J50: 46 | K50: M3 | L50: M5 | M50: G4 | N50: M2 | O50: A | Q50: 4 | R50: 6 | S50: 14 | T50: 3 | U50: 7 | W50: {=_xlfn.LET(_xlpm.x, K50:K52, IF(SUM((_xlpm.x="K")*1, (_xlpm.x="A")*1, (_xlpm.x="GK")*1, (_xlpm.x="GA")*1)>0, 3, 1))} -> 1 | X50: {=_xlfn.LET(_xlpm.x, L50:L52, IF(SUM((_xlpm.x="K")*1, (_xlpm.x="A")*1, (_xlpm.x="GK")*1, (_xlpm.x="GA")*1)>0, 3, 1))} -> 3 | Y50: {=_xlfn.LET(_xlpm.x, M50:M52, IF(SUM((_xlpm.x="K")*1, (_xlpm.x="A")*1, (_xlpm.x="GK")*1, (_xlpm.x="GA")*1)>0, 3, 1))} -> 3 | Z50: 1 | AA50: 1 | AD50: 200 | AE50: 243 | AF50: 298 | AG50: 230 | AH50: 200 | AK50: 200 | AL50: 243 | AM50: 298 | AN50: 230 | AO50: 200
J51: 47 | K51: M4 | L51: A | M51: GK | N51: Q | O51: A | Q51: 5 | R51: 7 | S51: 17 | T51: 9 | U51: 7 | W51: {=_xlfn.LET(_xlpm.x, K51:K53, IF(SUM((_xlpm.x="K")*1, (_xlpm.x="A")*1, (_xlpm.x="GK")*1, (_xlpm.x="GA")*1)>0, 3, 1))} -> 3 | X51: {=_xlfn.LET(_xlpm.x, L51:L53, IF(SUM((_xlpm.x="K")*1, (_xlpm.x="A")*1, (_xlpm.x="GK")*1, (_xlpm.x="GA")*1)>0, 3, 1))} -> 3 | Y51: {=_xlfn.LET(_xlpm.x, M51:M53, IF(SUM((_xlpm.x="K")*1, (_xlpm.x="A")*1, (_xlpm.x="GK")*1, (_xlpm.x="GA")*1)>0, 3, 1))} -> 3 | Z51: 1 | AA51: 1
J52: 48 | K52: M5 | L52: A | M52: GA | N52: M2 | O52: M4 | Q52: 6 | R52: 7 | S52: 16 | T52: 3 | U52: 5 | W52: {=_xlfn.LET(_xlpm.x, K52:K54, IF(SUM((_xlpm.x="K")*1, (_xlpm.x="A")*1, (_xlpm.x="GK")*1, (_xlpm.x="GA")*1)>0, 3, 1))} -> 3 | X52: {=_xlfn.LET(_xlpm.x, L52:L54, IF(SUM((_xlpm.x="K")*1, (_xlpm.x="A")*1, (_xlpm.x="GK")*1, (_xlpm.x="GA")*1)>0, 3, 1))} -> 3 | Y52: {=_xlfn.LET(_xlpm.x, M52:M54, IF(SUM((_xlpm.x="K")*1, (_xlpm.x="A")*1, (_xlpm.x="GK")*1, (_xlpm.x="GA")*1)>0, 3, 1))} -> 3 | Z52: 1 | AA52: 1 | AC52: 3+ Combo | AJ52: 3+ Combo
J53: 49 | K53: K | L53: G5 | M53: G5 | N53: M5 | O53: A | Q53: 8 | R53: 15 | S53: 15 | T53: 6 | U53: 7 | W53: {=_xlfn.LET(_xlpm.x, K53:K55, IF(SUM((_xlpm.x="K")*1, (_xlpm.x="A")*1, (_xlpm.x="GK")*1, (_xlpm.x="GA")*1)>0, 3, 1))} -> 3 | X53: {=_xlfn.LET(_xlpm.x, L53:L55, IF(SUM((_xlpm.x="K")*1, (_xlpm.x="A")*1, (_xlpm.x="GK")*1, (_xlpm.x="GA")*1)>0, 3, 1))} -> 3 | Y53: {=_xlfn.LET(_xlpm.x, M53:M55, IF(SUM((_xlpm.x="K")*1, (_xlpm.x="A")*1, (_xlpm.x="GK")*1, (_xlpm.x="GA")*1)>0, 3, 1))} -> 1 | Z53: 1 | AA53: 1 | AC53: Symbol | AD53: R1 | AE53: R2 | AF53: R3 | AG53: R4 | AH53: R5 | AJ53: Symbol | AK53: R1 | AL53: R2 | AM53: R3 | AN53: R4 | AO53: R5
J54: 50 | K54: A | L54: G5 | M54: G3 | N54: M5 | O54: M2 | Q54: 7 | R54: 15 | S54: 13 | T54: 6 | U54: 3 | W54: {=_xlfn.LET(_xlpm.x, K54:K56, IF(SUM((_xlpm.x="K")*1, (_xlpm.x="A")*1, (_xlpm.x="GK")*1, (_xlpm.x="GA")*1)>0, 3, 1))} -> 3 | X54: {=_xlfn.LET(_xlpm.x, L54:L56, IF(SUM((_xlpm.x="K")*1, (_xlpm.x="A")*1, (_xlpm.x="GK")*1, (_xlpm.x="GA")*1)>0, 3, 1))} -> 3 | Y54: {=_xlfn.LET(_xlpm.x, M54:M56, IF(SUM((_xlpm.x="K")*1, (_xlpm.x="A")*1, (_xlpm.x="GK")*1, (_xlpm.x="GA")*1)>0, 3, 1))} -> 1 | Z54: 1 | AA54: 1 | AC54: WW | AD54: 0 | AE54: 0 | AF54: 0 | AG54: 0 | AH54: 0 | AJ54: WW | AK54: 0 | AL54: 0 | AM54: 0 | AN54: 0 | AO54: 0
J55: 51 | K55: K | L55: K | M55: G5 | N55: G3 | O55: M4 | Q55: 8 | R55: 8 | S55: 15 | T55: 13 | U55: 5 | W55: {=_xlfn.LET(_xlpm.x, K55:K57, IF(SUM((_xlpm.x="K")*1, (_xlpm.x="A")*1, (_xlpm.x="GK")*1, (_xlpm.x="GA")*1)>0, 3, 1))} -> 3 | X55: {=_xlfn.LET(_xlpm.x, L55:L57, IF(SUM((_xlpm.x="K")*1, (_xlpm.x="A")*1, (_xlpm.x="GK")*1, (_xlpm.x="GA")*1)>0, 3, 1))} -> 3 | Y55: {=_xlfn.LET(_xlpm.x, M55:M57, IF(SUM((_xlpm.x="K")*1, (_xlpm.x="A")*1, (_xlpm.x="GK")*1, (_xlpm.x="GA")*1)>0, 3, 1))} -> 1 | Z55: 1 | AA55: 1 | AC55: C1 | AD55: 0 | AE55: 6 | AF55: 0 | AG55: 9 | AH55: 0 | AJ55: C1 | AK55: 0 | AL55: 6 | AM55: 0 | AN55: 9 | AO55: 0
J56: 52 | K56: K | L56: A | M56: G4 | N56: J | O56: J | Q56: 8 | R56: 7 | S56: 14 | T56: 10 | U56: 10 | W56: {=_xlfn.LET(_xlpm.x, K56:K58, IF(SUM((_xlpm.x="K")*1, (_xlpm.x="A")*1, (_xlpm.x="GK")*1, (_xlpm.x="GA")*1)>0, 3, 1))} -> 3 | X56: {=_xlfn.LET(_xlpm.x, L56:L58, IF(SUM((_xlpm.x="K")*1, (_xlpm.x="A")*1, (_xlpm.x="GK")*1, (_xlpm.x="GA")*1)>0, 3, 1))} -> 3 | Y56: {=_xlfn.LET(_xlpm.x, M56:M58, IF(SUM((_xlpm.x="K")*1, (_xlpm.x="A")*1, (_xlpm.x="GK")*1, (_xlpm.x="GA")*1)>0, 3, 1))} -> 3 | Z56: 1 | AA56: 1 | AC56: M1 | AD56: 4 | AE56: 11 | AF56: 0 | AG56: 22 | AH56: 28 | AJ56: M1 | AK56: 4 | AL56: 11 | AM56: 0 | AN56: 22 | AO56: 28
J57: 53 | K57: M4 | L57: G4 | M57: G5 | N57: G2 | O57: M3 | Q57: 5 | R57: 14 | S57: 15 | T57: 12 | U57: 4 | W57: {=_xlfn.LET(_xlpm.x, K57:K59, IF(SUM((_xlpm.x="K")*1, (_xlpm.x="A")*1, (_xlpm.x="GK")*1, (_xlpm.x="GA")*1)>0, 3, 1))} -> 3 | X57: {=_xlfn.LET(_xlpm.x, L57:L59, IF(SUM((_xlpm.x="K")*1, (_xlpm.x="A")*1, (_xlpm.x="GK")*1, (_xlpm.x="GA")*1)>0, 3, 1))} -> 3 | Y57: {=_xlfn.LET(_xlpm.x, M57:M59, IF(SUM((_xlpm.x="K")*1, (_xlpm.x="A")*1, (_xlpm.x="GK")*1, (_xlpm.x="GA")*1)>0, 3, 1))} -> 3 | Z57: 1 | AA57: 1 | AC57: M2 | AD57: 4 | AE57: 11 | AF57: 0 | AG57: 22 | AH57: 27 | AJ57: M2 | AK57: 4 | AL57: 11 | AM57: 0 | AN57: 22 | AO57: 27
J58: 54 | K58: K | L58: GA | M58: GA | N58: A | O58: M4 | Q58: 8 | R58: 16 | S58: 16 | T58: 7 | U58: 5 | W58: {=_xlfn.LET(_xlpm.x, K58:K60, IF(SUM((_xlpm.x="K")*1, (_xlpm.x="A")*1, (_xlpm.x="GK")*1, (_xlpm.x="GA")*1)>0, 3, 1))} -> 3 | X58: {=_xlfn.LET(_xlpm.x, L58:L60, IF(SUM((_xlpm.x="K")*1, (_xlpm.x="A")*1, (_xlpm.x="GK")*1, (_xlpm.x="GA")*1)>0, 3, 1))} -> 3 | Y58: {=_xlfn.LET(_xlpm.x, M58:M60, IF(SUM((_xlpm.x="K")*1, (_xlpm.x="A")*1, (_xlpm.x="GK")*1, (_xlpm.x="GA")*1)>0, 3, 1))} -> 3 | Z58: 1 | AA58: 1 | AC58: M3 | AD58: 4 | AE58: 11 | AF58: 0 | AG58: 22 | AH58: 27 | AJ58: M3 | AK58: 4 | AL58: 11 | AM58: 0 | AN58: 22 | AO58: 27
J59: 55 | K59: A | L59: A | M59: G5 | N59: G3 | O59: M2 | Q59: 7 | R59: 7 | S59: 15 | T59: 13 | U59: 3 | W59: {=_xlfn.LET(_xlpm.x, K59:K61, IF(SUM((_xlpm.x="K")*1, (_xlpm.x="A")*1, (_xlpm.x="GK")*1, (_xlpm.x="GA")*1)>0, 3, 1))} -> 3 | X59: {=_xlfn.LET(_xlpm.x, L59:L61, IF(SUM((_xlpm.x="K")*1, (_xlpm.x="A")*1, (_xlpm.x="GK")*1, (_xlpm.x="GA")*1)>0, 3, 1))} -> 3 | Y59: {=_xlfn.LET(_xlpm.x, M59:M61, IF(SUM((_xlpm.x="K")*1, (_xlpm.x="A")*1, (_xlpm.x="GK")*1, (_xlpm.x="GA")*1)>0, 3, 1))} -> 3 | Z59: 1 | AA59: 1 | AC59: M4 | AD59: 43 | AE59: 19 | AF59: 0 | AG59: 12 | AH59: 16 | AJ59: M4 | AK59: 43 | AL59: 19 | AM59: 0 | AN59: 12 | AO59: 16
J60: 56 | K60: M4 | L60: M4 | M60: G1 | N60: M2 | O60: M5 | Q60: 5 | R60: 5 | S60: 11 | T60: 3 | U60: 6 | W60: {=_xlfn.LET(_xlpm.x, K60:K62, IF(SUM((_xlpm.x="K")*1, (_xlpm.x="A")*1, (_xlpm.x="GK")*1, (_xlpm.x="GA")*1)>0, 3, 1))} -> 1 | X60: {=_xlfn.LET(_xlpm.x, L60:L62, IF(SUM((_xlpm.x="K")*1, (_xlpm.x="A")*1, (_xlpm.x="GK")*1, (_xlpm.x="GA")*1)>0, 3, 1))} -> 1 | Y60: {=_xlfn.LET(_xlpm.x, M60:M62, IF(SUM((_xlpm.x="K")*1, (_xlpm.x="A")*1, (_xlpm.x="GK")*1, (_xlpm.x="GA")*1)>0, 3, 1))} -> 3 | Z60: 1 | AA60: 1 | AC60: M5 | AD60: 43 | AE60: 20 | AF60: 0 | AG60: 12 | AH60: 16 | AJ60: M5 | AK60: 43 | AL60: 20 | AM60: 0 | AN60: 12 | AO60: 16
J61: 57 | K61: M4 | L61: G5 | M61: GK | N61: M2 | O61: M5 | Q61: 5 | R61: 15 | S61: 17 | T61: 3 | U61: 6 | W61: {=_xlfn.LET(_xlpm.x, K61:K63, IF(SUM((_xlpm.x="K")*1, (_xlpm.x="A")*1, (_xlpm.x="GK")*1, (_xlpm.x="GA")*1)>0, 3, 1))} -> 3 | X61: {=_xlfn.LET(_xlpm.x, L61:L63, IF(SUM((_xlpm.x="K")*1, (_xlpm.x="A")*1, (_xlpm.x="GK")*1, (_xlpm.x="GA")*1)>0, 3, 1))} -> 1 | Y61: {=_xlfn.LET(_xlpm.x, M61:M63, IF(SUM((_xlpm.x="K")*1, (_xlpm.x="A")*1, (_xlpm.x="GK")*1, (_xlpm.x="GA")*1)>0, 3, 1))} -> 3 | Z61: 1 | AA61: 1 | AC61: A | AD61: 47 | AE61: 20 | AF61: 0 | AG61: 12 | AH61: 16 | AJ61: A | AK61: 47 | AL61: 20 | AM61: 0 | AN61: 12 | AO61: 16
J62: 58 | K62: M4 | L62: M5 | M62: G2 | N62: M2 | O62: M1 | Q62: 5 | R62: 6 | S62: 12 | T62: 3 | U62: 2 | W62: {=_xlfn.LET(_xlpm.x, K62:K64, IF(SUM((_xlpm.x="K")*1, (_xlpm.x="A")*1, (_xlpm.x="GK")*1, (_xlpm.x="GA")*1)>0, 3, 1))} -> 3 | X62: {=_xlfn.LET(_xlpm.x, L62:L64, IF(SUM((_xlpm.x="K")*1, (_xlpm.x="A")*1, (_xlpm.x="GK")*1, (_xlpm.x="GA")*1)>0, 3, 1))} -> 1 | Y62: {=_xlfn.LET(_xlpm.x, M62:M64, IF(SUM((_xlpm.x="K")*1, (_xlpm.x="A")*1, (_xlpm.x="GK")*1, (_xlpm.x="GA")*1)>0, 3, 1))} -> 1 | Z62: 1 | AA62: 1 | AC62: K | AD62: 47 | AE62: 20 | AF62: 0 | AG62: 12 | AH62: 16 | AJ62: K | AK62: 47 | AL62: 20 | AM62: 0 | AN62: 12 | AO62: 16
J63: 59 | K63: A | L63: M4 | M63: G1 | N63: G4 | O63: A | Q63: 7 | R63: 5 | S63: 11 | T63: 14 | U63: 7 | W63: {=_xlfn.LET(_xlpm.x, K63:K65, IF(SUM((_xlpm.x="K")*1, (_xlpm.x="A")*1, (_xlpm.x="GK")*1, (_xlpm.x="GA")*1)>0, 3, 1))} -> 3 | X63: {=_xlfn.LET(_xlpm.x, L63:L65, IF(SUM((_xlpm.x="K")*1, (_xlpm.x="A")*1, (_xlpm.x="GK")*1, (_xlpm.x="GA")*1)>0, 3, 1))} -> 3 | Y63: {=_xlfn.LET(_xlpm.x, M63:M65, IF(SUM((_xlpm.x="K")*1, (_xlpm.x="A")*1, (_xlpm.x="GK")*1, (_xlpm.x="GA")*1)>0, 3, 1))} -> 3 | Z63: 1 | AA63: 1 | AC63: Q | AD63: 4 | AE63: 11 | AF63: 0 | AG63: 21 | AH63: 27 | AJ63: Q | AK63: 4 | AL63: 11 | AM63: 0 | AN63: 21 | AO63: 27
J64: 60 | K64: M4 | L64: G4 | M64: G3 | N64: M1 | O64: Q | Q64: 5 | R64: 14 | S64: 13 | T64: 2 | U64: 9 | W64: {=_xlfn.LET(_xlpm.x, K64:K66, IF(SUM((_xlpm.x="K")*1, (_xlpm.x="A")*1, (_xlpm.x="GK")*1, (_xlpm.x="GA")*1)>0, 3, 1))} -> 3 | X64: {=_xlfn.LET(_xlpm.x, L64:L66, IF(SUM((_xlpm.x="K")*1, (_xlpm.x="A")*1, (_xlpm.x="GK")*1, (_xlpm.x="GA")*1)>0, 3, 1))} -> 3 | Y64: {=_xlfn.LET(_xlpm.x, M64:M66, IF(SUM((_xlpm.x="K")*1, (_xlpm.x="A")*1, (_xlpm.x="GK")*1, (_xlpm.x="GA")*1)>0, 3, 1))} -> 3 | Z64: 1 | AA64: 1 | AC64: J | AD64: 4 | AE64: 11 | AF64: 0 | AG64: 21 | AH64: 27 | AJ64: J | AK64: 4 | AL64: 11 | AM64: 0 | AN64: 21 | AO64: 27
J65: 61 | K65: A | L65: A | M65: GK | N65: M5 | O65: M1 | Q65: 7 | R65: 7 | S65: 17 | T65: 6 | U65: 2 | W65: {=_xlfn.LET(_xlpm.x, K65:K67, IF(SUM((_xlpm.x="K")*1, (_xlpm.x="A")*1, (_xlpm.x="GK")*1, (_xlpm.x="GA")*1)>0, 3, 1))} -> 3 | X65: {=_xlfn.LET(_xlpm.x, L65:L67, IF(SUM((_xlpm.x="K")*1, (_xlpm.x="A")*1, (_xlpm.x="GK")*1, (_xlpm.x="GA")*1)>0, 3, 1))} -> 3 | Y65: {=_xlfn.LET(_xlpm.x, M65:M67, IF(SUM((_xlpm.x="K")*1, (_xlpm.x="A")*1, (_xlpm.x="GK")*1, (_xlpm.x="GA")*1)>0, 3, 1))} -> 3 | Z65: 1 | AA65: 1 | AC65: G1 | AD65: 0 | AE65: 7 | AF65: 7 | AG65: 9 | AH65: 0 | AJ65: G1 | AK65: 0 | AL65: 7 | AM65: 7 | AN65: 9 | AO65: 0
... J73: 69 | K73: M1 | L73: M4 | M73: GA | N73: M1 | O73: A | Q73: 2 | R73: 5 | S73: 16 | T73: 2 | U73: 7 | W73: {=_xlfn.LET(_xlpm.x, K73:K75, IF(SUM((_xlpm.x="K")*1, (_xlpm.x="A")*1, (_xlpm.x="GK")*1, (_xlpm.x="GA")*1)>0, 3, 1))} -> 1 | X73: {=_xlfn.LET(_xlpm.x, L73:L75, IF(SUM((_xlpm.x="K")*1, (_xlpm.x="A")*1, (_xlpm.x="GK")*1, (_xlpm.x="GA")*1)>0, 3, 1))} -> 3 | Y73: {=_xlfn.LET(_xlpm.x, M73:M75, IF(SUM((_xlpm.x="K")*1, (_xlpm.x="A")*1, (_xlpm.x="GK")*1, (_xlpm.x="GA")*1)>0, 3, 1))} -> 3 | Z73: 1 | AA73: 1 | AC73: GJ | AD73: 0 | AE73: 9 | AF73: 6 | AG73: 7 | AH73: 0 | AJ73: GJ | AK73: 0 | AL73: 9 | AM73: 6 | AN73: 7 | AO73: 0
J74: 70 | K74: M4 | L74: M4 | M74: G4 | N74: A | O74: A | Q74: 5 | R74: 5 | S74: 14 | T74: 7 | U74: 7 | W74: {=_xlfn.LET(_xlpm.x, K74:K76, IF(SUM((_xlpm.x="K")*1, (_xlpm.x="A")*1, (_xlpm.x="GK")*1, (_xlpm.x="GA")*1)>0, 3, 1))} -> 3 | X74: {=_xlfn.LET(_xlpm.x, L74:L76, IF(SUM((_xlpm.x="K")*1, (_xlpm.x="A")*1, (_xlpm.x="GK")*1, (_xlpm.x="GA")*1)>0, 3, 1))} -> 3 | Y74: {=_xlfn.LET(_xlpm.x, M74:M76, IF(SUM((_xlpm.x="K")*1, (_xlpm.x="A")*1, (_xlpm.x="GK")*1, (_xlpm.x="GA")*1)>0, 3, 1))} -> 3 | Z74: 1 | AA74: 1 | AD74: 200 | AE74: 243 | AF74: 298 | AG74: 230 | AH74: 200 | AK74: 200 | AL74: 243 | AM74: 298 | AN74: 230 | AO74: 200
J75: 71 | K75: M5 | L75: GK | M75: GA | N75: M3 | O75: M2 | Q75: 6 | R75: 17 | S75: 16 | T75: 4 | U75: 3 | W75: {=_xlfn.LET(_xlpm.x, K75:K77, IF(SUM((_xlpm.x="K")*1, (_xlpm.x="A")*1, (_xlpm.x="GK")*1, (_xlpm.x="GA")*1)>0, 3, 1))} -> 3 | X75: {=_xlfn.LET(_xlpm.x, L75:L77, IF(SUM((_xlpm.x="K")*1, (_xlpm.x="A")*1, (_xlpm.x="GK")*1, (_xlpm.x="GA")*1)>0, 3, 1))} -> 3 | Y75: {=_xlfn.LET(_xlpm.x, M75:M77, IF(SUM((_xlpm.x="K")*1, (_xlpm.x="A")*1, (_xlpm.x="GK")*1, (_xlpm.x="GA")*1)>0, 3, 1))} -> 3 | Z75: 1 | AA75: 1
J76: 72 | K76: K | L76: A | M76: G2 | N76: M1 | O76: M3 | Q76: 8 | R76: 7 | S76: 12 | T76: 2 | U76: 4 | W76: {=_xlfn.LET(_xlpm.x, K76:K78, IF(SUM((_xlpm.x="K")*1, (_xlpm.x="A")*1, (_xlpm.x="GK")*1, (_xlpm.x="GA")*1)>0, 3, 1))} -> 3 | X76: {=_xlfn.LET(_xlpm.x, L76:L78, IF(SUM((_xlpm.x="K")*1, (_xlpm.x="A")*1, (_xlpm.x="GK")*1, (_xlpm.x="GA")*1)>0, 3, 1))} -> 3 | Y76: {=_xlfn.LET(_xlpm.x, M76:M78, IF(SUM((_xlpm.x="K")*1, (_xlpm.x="A")*1, (_xlpm.x="GK")*1, (_xlpm.x="GA")*1)>0, 3, 1))} -> 3 | Z76: 1 | AA76: 1
J77: 73 | K77: K | L77: G3 | M77: GK | N77: M1 | O77: M5 | Q77: 8 | R77: 13 | S77: 17 | T77: 2 | U77: 6 | W77: {=_xlfn.LET(_xlpm.x, K77:K79, IF(SUM((_xlpm.x="K")*1, (_xlpm.x="A")*1, (_xlpm.x="GK")*1, (_xlpm.x="GA")*1)>0, 3, 1))} -> 3 | X77: {=_xlfn.LET(_xlpm.x, L77:L79, IF(SUM((_xlpm.x="K")*1, (_xlpm.x="A")*1, (_xlpm.x="GK")*1, (_xlpm.x="GA")*1)>0, 3, 1))} -> 1 | Y77: {=_xlfn.LET(_xlpm.x, M77:M79, IF(SUM((_xlpm.x="K")*1, (_xlpm.x="A")*1, (_xlpm.x="GK")*1, (_xlpm.x="GA")*1)>0, 3, 1))} -> 3 | Z77: 1 | AA77: 1
J78: 74 | K78: M5 | L78: M4 | M78: G4 | N78: C1 | O78: M3 | Q78: 6 | R78: 5 | S78: 14 | T78: 1 | U78: 4 | W78: {=_xlfn.LET(_xlpm.x, K78:K80, IF(SUM((_xlpm.x="K")*1, (_xlpm.x="A")*1, (_xlpm.x="GK")*1, (_xlpm.x="GA")*1)>0, 3, 1))} -> 3 | X78: {=_xlfn.LET(_xlpm.x, L78:L80, IF(SUM((_xlpm.x="K")*1, (_xlpm.x="A")*1, (_xlpm.x="GK")*1, (_xlpm.x="GA")*1)>0, 3, 1))} -> 1 | Y78: {=_xlfn.LET(_xlpm.x, M78:M80, IF(SUM((_xlpm.x="K")*1, (_xlpm.x="A")*1, (_xlpm.x="GK")*1, (_xlpm.x="GA")*1)>0, 3, 1))} -> 3 | Z78: 1 | AA78: 1
J79: 75 | K79: M5 | L79: M4 | M79: G5 | N79: GJ | O79: J | Q79: 6 | R79: 5 | S79: 15 | T79: 19 | U79: 10 | W79: {=_xlfn.LET(_xlpm.x, K79:K81, IF(SUM((_xlpm.x="K")*1, (_xlpm.x="A")*1, (_xlpm.x="GK")*1, (_xlpm.x="GA")*1)>0, 3, 1))} -> 3 | X79: {=_xlfn.LET(_xlpm.x, L79:L81, IF(SUM((_xlpm.x="K")*1, (_xlpm.x="A")*1, (_xlpm.x="GK")*1, (_xlpm.x="GA")*1)>0, 3, 1))} -> 1 | Y79: {=_xlfn.LET(_xlpm.x, M79:M81, IF(SUM((_xlpm.x="K")*1, (_xlpm.x="A")*1, (_xlpm.x="GK")*1, (_xlpm.x="GA")*1)>0, 3, 1))} -> 3 | Z79: 1 | AA79: 1
J80: 76 | K80: A | L80: G4 | M80: GA | N80: Q | O80: Q | Q80: 7 | R80: 14 | S80: 16 | T80: 9 | U80: 9 | W80: {=_xlfn.LET(_xlpm.x, K80:K82, IF(SUM((_xlpm.x="K")*1, (_xlpm.x="A")*1, (_xlpm.x="GK")*1, (_xlpm.x="GA")*1)>0, 3, 1))} -> 3 | X80: {=_xlfn.LET(_xlpm.x, L80:L82, IF(SUM((_xlpm.x="K")*1, (_xlpm.x="A")*1, (_xlpm.x="GK")*1, (_xlpm.x="GA")*1)>0, 3, 1))} -> 1 | Y80: {=_xlfn.LET(_xlpm.x, M80:M82, IF(SUM((_xlpm.x="K")*1, (_xlpm.x="A")*1, (_xlpm.x="GK")*1, (_xlpm.x="GA")*1)>0, 3, 1))} -> 3 | Z80: 1 | AA80: 1
J81: 77 | K81: K | L81: M5 | M81: G4 | N81: M2 | O81: Q | Q81: 8 | R81: 6 | S81: 14 | T81: 3 | U81: 9 | W81: {=_xlfn.LET(_xlpm.x, K81:K83, IF(SUM((_xlpm.x="K")*1, (_xlpm.x="A")*1, (_xlpm.x="GK")*1, (_xlpm.x="GA")*1)>0, 3, 1))} -> 3 | X81: {=_xlfn.LET(_xlpm.x, L81:L83, IF(SUM((_xlpm.x="K")*1, (_xlpm.x="A")*1, (_xlpm.x="GK")*1, (_xlpm.x="GA")*1)>0, 3, 1))} -> 1 | Y81: {=_xlfn.LET(_xlpm.x, M81:M83, IF(SUM((_xlpm.x="K")*1, (_xlpm.x="A")*1, (_xlpm.x="GK")*1, (_xlpm.x="GA")*1)>0, 3, 1))} -> 3 | Z81: 1 | AA81: 1
J82: 78 | K82: A | L82: M5 | M82: GK | N82: M4 | O82: M2 | Q82: 7 | R82: 6 | S82: 17 | T82: 5 | U82: 3 | W82: {=_xlfn.LET(_xlpm.x, K82:K84, IF(SUM((_xlpm.x="K")*1, (_xlpm.x="A")*1, (_xlpm.x="GK")*1, (_xlpm.x="GA")*1)>0, 3, 1))} -> 3 | X82: {=_xlfn.LET(_xlpm.x, L82:L84, IF(SUM((_xlpm.x="K")*1, (_xlpm.x="A")*1, (_xlpm.x="GK")*1, (_xlpm.x="GA")*1)>0, 3, 1))} -> 1 | Y82: {=_xlfn.LET(_xlpm.x, M82:M84, IF(SUM((_xlpm.x="K")*1, (_xlpm.x="A")*1, (_xlpm.x="GK")*1, (_xlpm.x="GA")*1)>0, 3, 1))} -> 3 | Z82: 1 | AA82: 1
J83: 79 | K83: J | L83: G4 | M83: GA | N83: Q | O83: Q | Q83: 10 | R83: 14 | S83: 16 | T83: 9 | U83: 9 | W83: {=_xlfn.LET(_xlpm.x, K83:K85, IF(SUM((_xlpm.x="K")*1, (_xlpm.x="A")*1, (_xlpm.x="GK")*1, (_xlpm.x="GA")*1)>0, 3, 1))} -> 3 | X83: {=_xlfn.LET(_xlpm.x, L83:L85, IF(SUM((_xlpm.x="K")*1, (_xlpm.x="A")*1, (_xlpm.x="GK")*1, (_xlpm.x="GA")*1)>0, 3, 1))} -> 1 | Y83: {=_xlfn.LET(_xlpm.x, M83:M85, IF(SUM((_xlpm.x="K")*1, (_xlpm.x="A")*1, (_xlpm.x="GK")*1, (_xlpm.x="GA")*1)>0, 3, 1))} -> 3 | Z83: 1 | AA83: 1
J84: 80 | K84: K | L84: M5 | M84: G5 | N84: Q | O84: M3 | Q84: 8 | R84: 6 | S84: 15 | T84: 9 | U84: 4 | W84: {=_xlfn.LET(_xlpm.x, K84:K86, IF(SUM((_xlpm.x="K")*1, (_xlpm.x="A")*1, (_xlpm.x="GK")*1, (_xlpm.x="GA")*1)>0, 3, 1))} -> 3 | X84: {=_xlfn.LET(_xlpm.x, L84:L86, IF(SUM((_xlpm.x="K")*1, (_xlpm.x="A")*1, (_xlpm.x="GK")*1, (_xlpm.x="GA")*1)>0, 3, 1))} -> 1 | Y84: {=_xlfn.LET(_xlpm.x, M84:M86, IF(SUM((_xlpm.x="K")*1, (_xlpm.x="A")*1, (_xlpm.x="GK")*1, (_xlpm.x="GA")*1)>0, 3, 1))} -> 3 | Z84: 1 | AA84: 1
J85: 81 | K85: M5 | L85: M1 | M85: GA | N85: Q | O85: J | Q85: 6 | R85: 2 | S85: 16 | T85: 9 | U85: 10 | W85: {=_xlfn.LET(_xlpm.x, K85:K87, IF(SUM((_xlpm.x="K")*1, (_xlpm.x="A")*1, (_xlpm.x="GK")*1, (_xlpm.x="GA")*1)>0, 3, 1))} -> 1 | X85: {=_xlfn.LET(_xlpm.x, L85:L87, IF(SUM((_xlpm.x="K")*1, (_xlpm.x="A")*1, (_xlpm.x="GK")*1, (_xlpm.x="GA")*1)>0, 3, 1))} -> 3 | Y85: {=_xlfn.LET(_xlpm.x, M85:M87, IF(SUM((_xlpm.x="K")*1, (_xlpm.x="A")*1, (_xlpm.x="GK")*1, (_xlpm.x="GA")*1)>0, 3, 1))} -> 3 | Z85: 1 | AA85: 1
J86: 82 | K86: M5 | L86: G5 | M86: GQ | N86: M1 | O86: M5 | Q86: 6 | R86: 15 | S86: 18 | T86: 2 | U86: 6 | W86: {=_xlfn.LET(_xlpm.x, K86:K88, IF(SUM((_xlpm.x="K")*1, (_xlpm.x="A")*1, (_xlpm.x="GK")*1, (_xlpm.x="GA")*1)>0, 3, 1))} -> 3 | X86: {=_xlfn.LET(_xlpm.x, L86:L88, IF(SUM((_xlpm.x="K")*1, (_xlpm.x="A")*1, (_xlpm.x="GK")*1, (_xlpm.x="GA")*1)>0, 3, 1))} -> 3 | Y86: {=_xlfn.LET(_xlpm.x, M86:M88, IF(SUM((_xlpm.x="K")*1, (_xlpm.x="A")*1, (_xlpm.x="GK")*1, (_xlpm.x="GA")*1)>0, 3, 1))} -> 3 | Z86: 1 | AA86: 1
... J203: 199 | K203: A | L203: M5 | M203: GA | N203: K | O203: J | Q203: 7 | R203: 6 | S203: 16 | T203: 8 | U203: 10 | W203: {=_xlfn.LET(_xlpm.x, K203:K205, IF(SUM((_xlpm.x="K")*1, (_xlpm.x="A")*1, (_xlpm.x="GK")*1, (_xlpm.x="GA")*1)>0, 3, 1))} -> 3 | X203: {=_xlfn.LET(_xlpm.x, L203:L205, IF(SUM((_xlpm.x="K")*1, (_xlpm.x="A")*1, (_xlpm.x="GK")*1, (_xlpm.x="GA")*1)>0, 3, 1))} -> 1 | Y203: {=_xlfn.LET(_xlpm.x, M203:M205, IF(SUM((_xlpm.x="K")*1, (_xlpm.x="A")*1, (_xlpm.x="GK")*1, (_xlpm.x="GA")*1)>0, 3, 1))} -> 3 | Z203: 1 | AA203: 1

Sheet BG_Symbol (3)
J2: Symbol | Q2: Symbol ID | W2: Symbol Weight | AC2: Eliminate Wheel Weight A | AJ2: Eliminate Wheel Weight B
A3: Symbol | B3: Description | C3: R1 | D3: R2 | E3: R3 | F3: R4 | G3: R5 | H3: ID | K3: R1 | L3: R2 | M3: R3 | N3: R4 | O3: R5 | Q3: R1 | R3: R2 | S3: R3 | T3: R4 | U3: R5 | W3: R1 | X3: R2 | Y3: R3 | Z3: R4 | AA3: R5
A4: WW | B4: Wild | C4: =COUNTIF(K:K, $A4) -> 0 | D4: =COUNTIF(L:L, $A4) -> 0 | E4: =COUNTIF(M:M, $A4) -> 0 | F4: =COUNTIF(N:N, $A4) -> 0 | G4: =COUNTIF(O:O, $A4) -> 0 | H4: 0 | J4: 0 | K4: M2 | L4: M3 | M4: M3 | N4: M5 | O4: K | Q4: {=_xlfn.LET(_xlpm.x, K4:O304, IF(_xlpm.x="", "", _xlfn.XLOOKUP(_xlpm.x, $A$4:$A$23, $H$4:$H$23, , 0)))} -> 3 | R4: 4 | S4: 4 | T4: 6 | U4: 8 | W4: {=_xlfn.LET(_xlpm.x, K4:K6, IF(SUM((_xlpm.x="C1")*1)=1, 3, 1))} -> 1 | X4: {=_xlfn.LET(_xlpm.x, L4:L6, IF(SUM((_xlpm.x="C1")*1)=1, 3, 1))} -> 1 | Y4: {=_xlfn.LET(_xlpm.x, M4:M6, IF(SUM((_xlpm.x="C1")*1)=1, 3, 1))} -> 3 | Z4: {=_xlfn.LET(_xlpm.x, N4:N6, IF(SUM((_xlpm.x="C1")*1)=1, 3, 1))} -> 1 | AA4: {=_xlfn.LET(_xlpm.x, O4:O6, IF(SUM((_xlpm.x="C1")*1)=1, 3, 1))} -> 3 | AC4: 1 Combo | AJ4: 1 Combo
A5: C1 | B5: Scatter | C5: =COUNTIF(K:K, $A5) -> 6 | D5: =COUNTIF(L:L, $A5) -> 6 | E5: =COUNTIF(M:M, $A5) -> 6 | F5: =COUNTIF(N:N, $A5) -> 9 | G5: =COUNTIF(O:O, $A5) -> 9 | H5: 1 | J5: 1 | K5: K | L5: GJ | M5: M2 | N5: A | O5: J | Q5: 8 | R5: 19 | S5: 3 | T5: 7 | U5: 10 | W5: {=_xlfn.LET(_xlpm.x, K5:K7, IF(SUM((_xlpm.x="C1")*1)=1, 3, 1))} -> 1 | X5: {=_xlfn.LET(_xlpm.x, L5:L7, IF(SUM((_xlpm.x="C1")*1)=1, 3, 1))} -> 1 | Y5: {=_xlfn.LET(_xlpm.x, M5:M7, IF(SUM((_xlpm.x="C1")*1)=1, 3, 1))} -> 3 | Z5: {=_xlfn.LET(_xlpm.x, N5:N7, IF(SUM((_xlpm.x="C1")*1)=1, 3, 1))} -> 1 | AA5: {=_xlfn.LET(_xlpm.x, O5:O7, IF(SUM((_xlpm.x="C1")*1)=1, 3, 1))} -> 3 | AC5: Symbol | AD5: R1 | AE5: R2 | AF5: R3 | AG5: R4 | AH5: R5 | AJ5: Symbol | AK5: R1 | AL5: R2 | AM5: R3 | AN5: R4 | AO5: R5
A6: M1 | B6: M1 | C6: =COUNTIF(K:K, $A6) -> 4 | D6: =COUNTIF(L:L, $A6) -> 14 | E6: =COUNTIF(M:M, $A6) -> 4 | F6: =COUNTIF(N:N, $A6) -> 21 | G6: =COUNTIF(O:O, $A6) -> 22 | H6: 2 | J6: 2 | K6: K | L6: G2 | M6: C1 | N6: J | O6: C1 | Q6: 8 | R6: 12 | S6: 1 | T6: 10 | U6: 1 | W6: {=_xlfn.LET(_xlpm.x, K6:K8, IF(SUM((_xlpm.x="C1")*1)=1, 3, 1))} -> 1 | X6: {=_xlfn.LET(_xlpm.x, L6:L8, IF(SUM((_xlpm.x="C1")*1)=1, 3, 1))} -> 1 | Y6: {=_xlfn.LET(_xlpm.x, M6:M8, IF(SUM((_xlpm.x="C1")*1)=1, 3, 1))} -> 3 | Z6: {=_xlfn.LET(_xlpm.x, N6:N8, IF(SUM((_xlpm.x="C1")*1)=1, 3, 1))} -> 1 | AA6: {=_xlfn.LET(_xlpm.x, O6:O8, IF(SUM((_xlpm.x="C1")*1)=1, 3, 1))} -> 3 | AC6: WW | AD6: 0 | AE6: 0 | AF6: 0 | AG6: 0 | AH6: 0 | AJ6: WW | AK6: 0 | AL6: 0 | AM6: 0 | AN6: 0 | AO6: 0
A7: M2 | B7: M2 | C7: =COUNTIF(K:K, $A7) -> 4 | D7: =COUNTIF(L:L, $A7) -> 13 | E7: =COUNTIF(M:M, $A7) -> 4 | F7: =COUNTIF(N:N, $A7) -> 20 | G7: =COUNTIF(O:O, $A7) -> 22 | H7: 3 | J7: 3 | K7: M5 | L7: M5 | M7: K | N7: M2 | O7: M2 | Q7: 6 | R7: 6 | S7: 8 | T7: 3 | U7: 3 | W7: {=_xlfn.LET(_xlpm.x, K7:K9, IF(SUM((_xlpm.x="C1")*1)=1, 3, 1))} -> 1 | X7: {=_xlfn.LET(_xlpm.x, L7:L9, IF(SUM((_xlpm.x="C1")*1)=1, 3, 1))} -> 1 | Y7: {=_xlfn.LET(_xlpm.x, M7:M9, IF(SUM((_xlpm.x="C1")*1)=1, 3, 1))} -> 1 | Z7: {=_xlfn.LET(_xlpm.x, N7:N9, IF(SUM((_xlpm.x="C1")*1)=1, 3, 1))} -> 1 | AA7: {=_xlfn.LET(_xlpm.x, O7:O9, IF(SUM((_xlpm.x="C1")*1)=1, 3, 1))} -> 1 | AC7: C1 | AD7: 0 | AE7: 6 | AF7: 0 | AG7: 9 | AH7: 0 | AJ7: C1 | AK7: 0 | AL7: 6 | AM7: 0 | AN7: 9 | AO7: 0
A8: M3 | B8: M3 | C8: =COUNTIF(K:K, $A8) -> 4 | D8: =COUNTIF(L:L, $A8) -> 13 | E8: =COUNTIF(M:M, $A8) -> 4 | F8: =COUNTIF(N:N, $A8) -> 20 | G8: =COUNTIF(O:O, $A8) -> 21 | H8: 4 | J8: 4 | K8: K | L8: M5 | M8: M4 | N8: G3 | O8: M2 | Q8: 8 | R8: 6 | S8: 5 | T8: 13 | U8: 3 | W8: {=_xlfn.LET(_xlpm.x, K8:K10, IF(SUM((_xlpm.x="C1")*1)=1, 3, 1))} -> 1 | X8: {=_xlfn.LET(_xlpm.x, L8:L10, IF(SUM((_xlpm.x="C1")*1)=1, 3, 1))} -> 1 | Y8: {=_xlfn.LET(_xlpm.x, M8:M10, IF(SUM((_xlpm.x="C1")*1)=1, 3, 1))} -> 1 | Z8: {=_xlfn.LET(_xlpm.x, N8:N10, IF(SUM((_xlpm.x="C1")*1)=1, 3, 1))} -> 1 | AA8: {=_xlfn.LET(_xlpm.x, O8:O10, IF(SUM((_xlpm.x="C1")*1)=1, 3, 1))} -> 1 | AC8: M1 | AD8: 4 | AE8: 14 | AF8: 4 | AG8: 21 | AH8: 22 | AJ8: M1 | AK8: 4 | AL8: 14 | AM8: 4 | AN8: 21 | AO8: 22
A9: M4 | B9: M4 | C9: =COUNTIF(K:K, $A9) -> 40 | D9: =COUNTIF(L:L, $A9) -> 9 | E9: =COUNTIF(M:M, $A9) -> 41 | F9: =COUNTIF(N:N, $A9) -> 14 | G9: =COUNTIF(O:O, $A9) -> 21 | H9: 5 | J9: 5 | K9: A | L9: GK | M9: A | N9: J | O9: J | Q9: 7 | R9: 17 | S9: 7 | T9: 10 | U9: 10 | W9: {=_xlfn.LET(_xlpm.x, K9:K11, IF(SUM((_xlpm.x="C1")*1)=1, 3, 1))} -> 1 | X9: {=_xlfn.LET(_xlpm.x, L9:L11, IF(SUM((_xlpm.x="C1")*1)=1, 3, 1))} -> 1 | Y9: {=_xlfn.LET(_xlpm.x, M9:M11, IF(SUM((_xlpm.x="C1")*1)=1, 3, 1))} -> 1 | Z9: {=_xlfn.LET(_xlpm.x, N9:N11, IF(SUM((_xlpm.x="C1")*1)=1, 3, 1))} -> 1 | AA9: {=_xlfn.LET(_xlpm.x, O9:O11, IF(SUM((_xlpm.x="C1")*1)=1, 3, 1))} -> 1 | AC9: M2 | AD9: 4 | AE9: 13 | AF9: 4 | AG9: 20 | AH9: 22 | AJ9: M2 | AK9: 4 | AL9: 13 | AM9: 4 | AN9: 20 | AO9: 22
A10: M5 | B10: M5 | C10: =COUNTIF(K:K, $A10) -> 40 | D10: =COUNTIF(L:L, $A10) -> 13 | E10: =COUNTIF(M:M, $A10) -> 41 | F10: =COUNTIF(N:N, $A10) -> 14 | G10: =COUNTIF(O:O, $A10) -> 21 | H10: 6 | J10: 6 | K10: M5 | L10: M5 | M10: M4 | N10: J | O10: M4 | Q10: 6 | R10: 6 | S10: 5 | T10: 10 | U10: 5 | W10: {=_xlfn.LET(_xlpm.x, K10:K12, IF(SUM((_xlpm.x="C1")*1)=1, 3, 1))} -> 1 | X10: {=_xlfn.LET(_xlpm.x, L10:L12, IF(SUM((_xlpm.x="C1")*1)=1, 3, 1))} -> 1 | Y10: {=_xlfn.LET(_xlpm.x, M10:M12, IF(SUM((_xlpm.x="C1")*1)=1, 3, 1))} -> 1 | Z10: {=_xlfn.LET(_xlpm.x, N10:N12, IF(SUM((_xlpm.x="C1")*1)=1, 3, 1))} -> 1 | AA10: {=_xlfn.LET(_xlpm.x, O10:O12, IF(SUM((_xlpm.x="C1")*1)=1, 3, 1))} -> 1 | AC10: M3 | AD10: 4 | AE10: 13 | AF10: 4 | AG10: 20 | AH10: 21 | AJ10: M3 | AK10: 4 | AL10: 13 | AM10: 4 | AN10: 20 | AO10: 21
A11: A | B11: A | C11: =COUNTIF(K:K, $A11) -> 47 | D11: =COUNTIF(L:L, $A11) -> 10 | E11: =COUNTIF(M:M, $A11) -> 41 | F11: =COUNTIF(N:N, $A11) -> 14 | G11: =COUNTIF(O:O, $A11) -> 21 | H11: 7 | J11: 7 | K11: M5 | L11: M5 | M11: A | N11: A | O11: M5 | Q11: 6 | R11: 6 | S11: 7 | T11: 7 | U11: 6 | W11: {=_xlfn.LET(_xlpm.x, K11:K13, IF(SUM((_xlpm.x="C1")*1)=1, 3, 1))} -> 1 | X11: {=_xlfn.LET(_xlpm.x, L11:L13, IF(SUM((_xlpm.x="C1")*1)=1, 3, 1))} -> 3 | Y11: {=_xlfn.LET(_xlpm.x, M11:M13, IF(SUM((_xlpm.x="C1")*1)=1, 3, 1))} -> 1 | Z11: {=_xlfn.LET(_xlpm.x, N11:N13, IF(SUM((_xlpm.x="C1")*1)=1, 3, 1))} -> 1 | AA11: {=_xlfn.LET(_xlpm.x, O11:O13, IF(SUM((_xlpm.x="C1")*1)=1, 3, 1))} -> 1 | AC11: M4 | AD11: 40 | AE11: 9 | AF11: 41 | AG11: 14 | AH11: 21 | AJ11: M4 | AK11: 40 | AL11: 9 | AM11: 41 | AN11: 14 | AO11: 21
A12: K | B12: K | C12: =COUNTIF(K:K, $A12) -> 47 | D12: =COUNTIF(L:L, $A12) -> 10 | E12: =COUNTIF(M:M, $A12) -> 41 | F12: =COUNTIF(N:N, $A12) -> 14 | G12: =COUNTIF(O:O, $A12) -> 21 | H12: 8 | J12: 8 | K12: A | L12: G2 | M12: G5 | N12: M3 | O12: Q | Q12: 7 | R12: 12 | S12: 15 | T12: 4 | U12: 9 | W12: {=_xlfn.LET(_xlpm.x, K12:K14, IF(SUM((_xlpm.x="C1")*1)=1, 3, 1))} -> 1 | X12: {=_xlfn.LET(_xlpm.x, L12:L14, IF(SUM((_xlpm.x="C1")*1)=1, 3, 1))} -> 3 | Y12: {=_xlfn.LET(_xlpm.x, M12:M14, IF(SUM((_xlpm.x="C1")*1)=1, 3, 1))} -> 1 | Z12: {=_xlfn.LET(_xlpm.x, N12:N14, IF(SUM((_xlpm.x="C1")*1)=1, 3, 1))} -> 1 | AA12: {=_xlfn.LET(_xlpm.x, O12:O14, IF(SUM((_xlpm.x="C1")*1)=1, 3, 1))} -> 1 | AC12: M5 | AD12: 40 | AE12: 13 | AF12: 41 | AG12: 14 | AH12: 21 | AJ12: M5 | AK12: 40 | AL12: 13 | AM12: 41 | AN12: 14 | AO12: 21
A13: Q | B13: Q | C13: =COUNTIF(K:K, $A13) -> 4 | D13: =COUNTIF(L:L, $A13) -> 15 | E13: =COUNTIF(M:M, $A13) -> 3 | F13: =COUNTIF(N:N, $A13) -> 21 | G13: =COUNTIF(O:O, $A13) -> 21 | H13: 9 | J13: 9 | K13: M5 | L13: C1 | M13: A | N13: M5 | O13: Q | Q13: 6 | R13: 1 | S13: 7 | T13: 6 | U13: 9 | W13: {=_xlfn.LET(_xlpm.x, K13:K15, IF(SUM((_xlpm.x="C1")*1)=1, 3, 1))} -> 1 | X13: {=_xlfn.LET(_xlpm.x, L13:L15, IF(SUM((_xlpm.x="C1")*1)=1, 3, 1))} -> 3 | Y13: {=_xlfn.LET(_xlpm.x, M13:M15, IF(SUM((_xlpm.x="C1")*1)=1, 3, 1))} -> 1 | Z13: {=_xlfn.LET(_xlpm.x, N13:N15, IF(SUM((_xlpm.x="C1")*1)=1, 3, 1))} -> 1 | AA13: {=_xlfn.LET(_xlpm.x, O13:O15, IF(SUM((_xlpm.x="C1")*1)=1, 3, 1))} -> 1 | AC13: A | AD13: 47 | AE13: 10 | AF13: 41 | AG13: 14 | AH13: 21 | AJ13: A | AK13: 47 | AL13: 10 | AM13: 41 | AN13: 14 | AO13: 21
A14: J | B14: J | C14: =COUNTIF(K:K, $A14) -> 4 | D14: =COUNTIF(L:L, $A14) -> 17 | E14: =COUNTIF(M:M, $A14) -> 3 | F14: =COUNTIF(N:N, $A14) -> 21 | G14: =COUNTIF(O:O, $A14) -> 21 | H14: 10 | J14: 10 | K14: K | L14: A | M14: K | N14: M2 | O14: M1 | Q14: 8 | R14: 7 | S14: 8 | T14: 3 | U14: 2 | W14: {=_xlfn.LET(_xlpm.x, K14:K16, IF(SUM((_xlpm.x="C1")*1)=1, 3, 1))} -> 1 | X14: {=_xlfn.LET(_xlpm.x, L14:L16, IF(SUM((_xlpm.x="C1")*1)=1, 3, 1))} -> 1 | Y14: {=_xlfn.LET(_xlpm.x, M14:M16, IF(SUM((_xlpm.x="C1")*1)=1, 3, 1))} -> 1 | Z14: {=_xlfn.LET(_xlpm.x, N14:N16, IF(SUM((_xlpm.x="C1")*1)=1, 3, 1))} -> 1 | AA14: {=_xlfn.LET(_xlpm.x, O14:O16, IF(SUM((_xlpm.x="C1")*1)=1, 3, 1))} -> 1 | AC14: K | AD14: 47 | AE14: 10 | AF14: 41 | AG14: 14 | AH14: 21 | AJ14: K | AK14: 47 | AL14: 10 | AM14: 41 | AN14: 14 | AO14: 21
A15: G1 | B15: Golden M1 | C15: =COUNTIF(K:K, $A15) -> 0 | D15: =COUNTIF(L:L, $A15) -> 10 | E15: =COUNTIF(M:M, $A15) -> 0 | F15: =COUNTIF(N:N, $A15) -> 4 | G15: =COUNTIF(O:O, $A15) -> 0 | H15: 11 | J15: 11 | K15: M5 | L15: GJ | M15: M5 | N15: M3 | O15: M3 | Q15: 6 | R15: 19 | S15: 6 | T15: 4 | U15: 4 | W15: {=_xlfn.LET(_xlpm.x, K15:K17, IF(SUM((_xlpm.x="C1")*1)=1, 3, 1))} -> 1 | X15: {=_xlfn.LET(_xlpm.x, L15:L17, IF(SUM((_xlpm.x="C1")*1)=1, 3, 1))} -> 1 | Y15: {=_xlfn.LET(_xlpm.x, M15:M17, IF(SUM((_xlpm.x="C1")*1)=1, 3, 1))} -> 1 | Z15: {=_xlfn.LET(_xlpm.x, N15:N17, IF(SUM((_xlpm.x="C1")*1)=1, 3, 1))} -> 1 | AA15: {=_xlfn.LET(_xlpm.x, O15:O17, IF(SUM((_xlpm.x="C1")*1)=1, 3, 1))} -> 1 | AC15: Q | AD15: 4 | AE15: 15 | AF15: 3 | AG15: 21 | AH15: 21 | AJ15: Q | AK15: 4 | AL15: 15 | AM15: 3 | AN15: 21 | AO15: 21
A16: G2 | B16: Golden M2 | C16: =COUNTIF(K:K, $A16) -> 0 | D16: =COUNTIF(L:L, $A16) -> 12 | E16: =COUNTIF(M:M, $A16) -> 0 | F16: =COUNTIF(N:N, $A16) -> 4 | G16: =COUNTIF(O:O, $A16) -> 0 | H16: 12 | J16: 12 | K16: M4 | L16: GQ | M16: M5 | N16: J | O16: M3 | Q16: 5 | R16: 18 | S16: 6 | T16: 10 | U16: 4 | W16: {=_xlfn.LET(_xlpm.x, K16:K18, IF(SUM((_xlpm.x="C1")*1)=1, 3, 1))} -> 1 | X16: {=_xlfn.LET(_xlpm.x, L16:L18, IF(SUM((_xlpm.x="C1")*1)=1, 3, 1))} -> 1 | Y16: {=_xlfn.LET(_xlpm.x, M16:M18, IF(SUM((_xlpm.x="C1")*1)=1, 3, 1))} -> 1 | Z16: {=_xlfn.LET(_xlpm.x, N16:N18, IF(SUM((_xlpm.x="C1")*1)=1, 3, 1))} -> 1 | AA16: {=_xlfn.LET(_xlpm.x, O16:O18, IF(SUM((_xlpm.x="C1")*1)=1, 3, 1))} -> 1 | AC16: J | AD16: 4 | AE16: 17 | AF16: 3 | AG16: 21 | AH16: 21 | AJ16: J | AK16: 4 | AL16: 17 | AM16: 3 | AN16: 21 | AO16: 21
A17: G3 | B17: Golden M3 | C17: =COUNTIF(K:K, $A17) -> 0 | D17: =COUNTIF(L:L, $A17) -> 12 | E17: =COUNTIF(M:M, $A17) -> 0 | F17: =COUNTIF(N:N, $A17) -> 4 | G17: =COUNTIF(O:O, $A17) -> 0 | H17: 13 | J17: 13 | K17: M4 | L17: M5 | M17: M1 | N17: J | O17: M2 | Q17: 5 | R17: 6 | S17: 2 | T17: 10 | U17: 3 | W17: {=_xlfn.LET(_xlpm.x, K17:K19, IF(SUM((_xlpm.x="C1")*1)=1, 3, 1))} -> 1 | X17: {=_xlfn.LET(_xlpm.x, L17:L19, IF(SUM((_xlpm.x="C1")*1)=1, 3, 1))} -> 1 | Y17: {=_xlfn.LET(_xlpm.x, M17:M19, IF(SUM((_xlpm.x="C1")*1)=1, 3, 1))} -> 1 | Z17: {=_xlfn.LET(_xlpm.x, N17:N19, IF(SUM((_xlpm.x="C1")*1)=1, 3, 1))} -> 1 | AA17: {=_xlfn.LET(_xlpm.x, O17:O19, IF(SUM((_xlpm.x="C1")*1)=1, 3, 1))} -> 1 | AC17: G1 | AD17: 0 | AE17: 15 | AF17: 0 | AG17: 6 | AH17: 0 | AJ17: G1 | AK17: 0 | AL17: 15 | AM17: 0 | AN17: 6 | AO17: 0
... A23: GJ | B23: Golden J | C23: =COUNTIF(K:K, $A23) -> 0 | D23: =COUNTIF(L:L, $A23) -> 8 | E23: =COUNTIF(M:M, $A23) -> 0 | F23: =COUNTIF(N:N, $A23) -> 4 | G23: =COUNTIF(O:O, $A23) -> 0 | H23: 19 | J23: 19 | K23: M5 | L23: M4 | M23: M5 | N23: GA | O23: M1 | Q23: 6 | R23: 5 | S23: 6 | T23: 16 | U23: 2 | W23: {=_xlfn.LET(_xlpm.x, K23:K25, IF(SUM((_xlpm.x="C1")*1)=1, 3, 1))} -> 1 | X23: {=_xlfn.LET(_xlpm.x, L23:L25, IF(SUM((_xlpm.x="C1")*1)=1, 3, 1))} -> 1 | Y23: {=_xlfn.LET(_xlpm.x, M23:M25, IF(SUM((_xlpm.x="C1")*1)=1, 3, 1))} -> 1 | Z23: {=_xlfn.LET(_xlpm.x, N23:N25, IF(SUM((_xlpm.x="C1")*1)=1, 3, 1))} -> 1 | AA23: {=_xlfn.LET(_xlpm.x, O23:O25, IF(SUM((_xlpm.x="C1")*1)=1, 3, 1))} -> 1 | AC23: GK | AD23: 0 | AE23: 10 | AF23: 4 | AG23: 4 | AH23: 0 | AJ23: GK | AK23: 0 | AL23: 10 | AM23: 4 | AN23: 4 | AO23: 0
C24: =SUM(C4:C23) -> 200 | D24: =SUM(D4:D23) -> 200 | E24: =SUM(E4:E23) -> 200 | F24: =SUM(F4:F23) -> 200 | G24: =SUM(G4:G23) -> 200 | J24: 20 | K24: A | L24: GK | M24: A | N24: Q | O24: M4 | Q24: 7 | R24: 17 | S24: 7 | T24: 9 | U24: 5 | W24: {=_xlfn.LET(_xlpm.x, K24:K26, IF(SUM((_xlpm.x="C1")*1)=1, 3, 1))} -> 1 | X24: {=_xlfn.LET(_xlpm.x, L24:L26, IF(SUM((_xlpm.x="C1")*1)=1, 3, 1))} -> 1 | Y24: {=_xlfn.LET(_xlpm.x, M24:M26, IF(SUM((_xlpm.x="C1")*1)=1, 3, 1))} -> 1 | Z24: {=_xlfn.LET(_xlpm.x, N24:N26, IF(SUM((_xlpm.x="C1")*1)=1, 3, 1))} -> 1 | AA24: {=_xlfn.LET(_xlpm.x, O24:O26, IF(SUM((_xlpm.x="C1")*1)=1, 3, 1))} -> 1 | AC24: GQ | AD24: 0 | AE24: 15 | AF24: 0 | AG24: 6 | AH24: 0 | AJ24: GQ | AK24: 0 | AL24: 15 | AM24: 0 | AN24: 6 | AO24: 0
J25: 21 | K25: K | L25: GK | M25: M3 | N25: M1 | O25: M1 | Q25: 8 | R25: 17 | S25: 4 | T25: 2 | U25: 2 | W25: {=_xlfn.LET(_xlpm.x, K25:K27, IF(SUM((_xlpm.x="C1")*1)=1, 3, 1))} -> 1 | X25: {=_xlfn.LET(_xlpm.x, L25:L27, IF(SUM((_xlpm.x="C1")*1)=1, 3, 1))} -> 1 | Y25: {=_xlfn.LET(_xlpm.x, M25:M27, IF(SUM((_xlpm.x="C1")*1)=1, 3, 1))} -> 1 | Z25: {=_xlfn.LET(_xlpm.x, N25:N27, IF(SUM((_xlpm.x="C1")*1)=1, 3, 1))} -> 3 | AA25: {=_xlfn.LET(_xlpm.x, O25:O27, IF(SUM((_xlpm.x="C1")*1)=1, 3, 1))} -> 1 | AC25: GJ | AD25: 0 | AE25: 12 | AF25: 0 | AG25: 6 | AH25: 0 | AJ25: GJ | AK25: 0 | AL25: 12 | AM25: 0 | AN25: 6 | AO25: 0
B26: Normal Symbol | C26: 1 | D26: =SUM(D6:D14)/D24 -> 0.57 | E26: =SUM(E6:E14)/E24 -> 0.91 | F26: =SUM(F6:F14)/F24 -> 0.795 | G26: 1 | J26: 22 | K26: K | L26: M2 | M26: K | N26: A | O26: M4 | Q26: 8 | R26: 3 | S26: 8 | T26: 7 | U26: 5 | W26: {=_xlfn.LET(_xlpm.x, K26:K28, IF(SUM((_xlpm.x="C1")*1)=1, 3, 1))} -> 1 | X26: {=_xlfn.LET(_xlpm.x, L26:L28, IF(SUM((_xlpm.x="C1")*1)=1, 3, 1))} -> 1 | Y26: {=_xlfn.LET(_xlpm.x, M26:M28, IF(SUM((_xlpm.x="C1")*1)=1, 3, 1))} -> 1 | Z26: {=_xlfn.LET(_xlpm.x, N26:N28, IF(SUM((_xlpm.x="C1")*1)=1, 3, 1))} -> 3 | AA26: {=_xlfn.LET(_xlpm.x, O26:O28, IF(SUM((_xlpm.x="C1")*1)=1, 3, 1))} -> 1 | AD26: 194 | AE26: 238 | AF26: 198 | AG26: 214 | AH26: 191 | AK26: 194 | AL26: 238 | AM26: 198 | AN26: 214 | AO26: 191
B27: Golden Symbol | C27: 0 | D27: =SUM(D15:D23)/D24 -> 0.4 | E27: =SUM(E15:E23)/E24 -> 0.06 | F27: =SUM(F15:F23)/F24 -> 0.16 | G27: 0 | J27: 23 | K27: K | L27: M3 | M27: M5 | N27: C1 | O27: M5 | Q27: 8 | R27: 4 | S27: 6 | T27: 1 | U27: 6 | W27: {=_xlfn.LET(_xlpm.x, K27:K29, IF(SUM((_xlpm.x="C1")*1)=1, 3, 1))} -> 1 | X27: {=_xlfn.LET(_xlpm.x, L27:L29, IF(SUM((_xlpm.x="C1")*1)=1, 3, 1))} -> 1 | Y27: {=_xlfn.LET(_xlpm.x, M27:M29, IF(SUM((_xlpm.x="C1")*1)=1, 3, 1))} -> 1 | Z27: {=_xlfn.LET(_xlpm.x, N27:N29, IF(SUM((_xlpm.x="C1")*1)=1, 3, 1))} -> 3 | AA27: {=_xlfn.LET(_xlpm.x, O27:O29, IF(SUM((_xlpm.x="C1")*1)=1, 3, 1))} -> 1
J28: 24 | K28: M4 | L28: G3 | M28: Q | N28: GJ | O28: K | Q28: 5 | R28: 13 | S28: 9 | T28: 19 | U28: 8 | W28: {=_xlfn.LET(_xlpm.x, K28:K30, IF(SUM((_xlpm.x="C1")*1)=1, 3, 1))} -> 1 | X28: {=_xlfn.LET(_xlpm.x, L28:L30, IF(SUM((_xlpm.x="C1")*1)=1, 3, 1))} -> 1 | Y28: {=_xlfn.LET(_xlpm.x, M28:M30, IF(SUM((_xlpm.x="C1")*1)=1, 3, 1))} -> 1 | Z28: {=_xlfn.LET(_xlpm.x, N28:N30, IF(SUM((_xlpm.x="C1")*1)=1, 3, 1))} -> 1 | AA28: {=_xlfn.LET(_xlpm.x, O28:O30, IF(SUM((_xlpm.x="C1")*1)=1, 3, 1))} -> 1 | AC28: 2 Combo | AJ28: 2 Combo
J29: 25 | K29: K | L29: K | M29: K | N29: M3 | O29: M3 | Q29: 8 | R29: 8 | S29: 8 | T29: 4 | U29: 4 | W29: {=_xlfn.LET(_xlpm.x, K29:K31, IF(SUM((_xlpm.x="C1")*1)=1, 3, 1))} -> 1 | X29: {=_xlfn.LET(_xlpm.x, L29:L31, IF(SUM((_xlpm.x="C1")*1)=1, 3, 1))} -> 1 | Y29: {=_xlfn.LET(_xlpm.x, M29:M31, IF(SUM((_xlpm.x="C1")*1)=1, 3, 1))} -> 1 | Z29: {=_xlfn.LET(_xlpm.x, N29:N31, IF(SUM((_xlpm.x="C1")*1)=1, 3, 1))} -> 1 | AA29: {=_xlfn.LET(_xlpm.x, O29:O31, IF(SUM((_xlpm.x="C1")*1)=1, 3, 1))} -> 1 | AC29: Symbol | AD29: R1 | AE29: R2 | AF29: R3 | AG29: R4 | AH29: R5 | AJ29: Symbol | AK29: R1 | AL29: R2 | AM29: R3 | AN29: R4 | AO29: R5
B30: M1 | C30: {=C6:G14+C15:G23} -> 4 | D30: 24 | E30: 4 | F30: 25 | G30: 22 | J30: 26 | K30: A | L30: K | M30: M5 | N30: J | O30: M5 | Q30: 7 | R30: 8 | S30: 6 | T30: 10 | U30: 6 | W30: {=_xlfn.LET(_xlpm.x, K30:K32, IF(SUM((_xlpm.x="C1")*1)=1, 3, 1))} -> 1 | X30: {=_xlfn.LET(_xlpm.x, L30:L32, IF(SUM((_xlpm.x="C1")*1)=1, 3, 1))} -> 1 | Y30: {=_xlfn.LET(_xlpm.x, M30:M32, IF(SUM((_xlpm.x="C1")*1)=1, 3, 1))} -> 1 | Z30: {=_xlfn.LET(_xlpm.x, N30:N32, IF(SUM((_xlpm.x="C1")*1)=1, 3, 1))} -> 1 | AA30: {=_xlfn.LET(_xlpm.x, O30:O32, IF(SUM((_xlpm.x="C1")*1)=1, 3, 1))} -> 1 | AC30: WW | AD30: 0 | AE30: 0 | AF30: 0 | AG30: 0 | AH30: 0 | AJ30: WW | AK30: 0 | AL30: 0 | AM30: 0 | AN30: 0 | AO30: 0
B31: M2 | C31: 4 | D31: 25 | E31: 4 | F31: 24 | G31: 22 | J31: 27 | K31: M4 | L31: GQ | M31: A | N31: GJ | O31: Q | Q31: 5 | R31: 18 | S31: 7 | T31: 19 | U31: 9 | W31: {=_xlfn.LET(_xlpm.x, K31:K33, IF(SUM((_xlpm.x="C1")*1)=1, 3, 1))} -> 1 | X31: {=_xlfn.LET(_xlpm.x, L31:L33, IF(SUM((_xlpm.x="C1")*1)=1, 3, 1))} -> 1 | Y31: {=_xlfn.LET(_xlpm.x, M31:M33, IF(SUM((_xlpm.x="C1")*1)=1, 3, 1))} -> 1 | Z31: {=_xlfn.LET(_xlpm.x, N31:N33, IF(SUM((_xlpm.x="C1")*1)=1, 3, 1))} -> 1 | AA31: {=_xlfn.LET(_xlpm.x, O31:O33, IF(SUM((_xlpm.x="C1")*1)=1, 3, 1))} -> 1 | AC31: C1 | AD31: 0 | AE31: 6 | AF31: 0 | AG31: 9 | AH31: 0 | AJ31: C1 | AK31: 0 | AL31: 6 | AM31: 0 | AN31: 9 | AO31: 0
B32: M3 | C32: 4 | D32: 25 | E32: 4 | F32: 24 | G32: 21 | J32: 28 | K32: K | L32: G4 | M32: M5 | N32: G1 | O32: Q | Q32: 8 | R32: 14 | S32: 6 | T32: 11 | U32: 9 | W32: {=_xlfn.LET(_xlpm.x, K32:K34, IF(SUM((_xlpm.x="C1")*1)=1, 3, 1))} -> 1 | X32: {=_xlfn.LET(_xlpm.x, L32:L34, IF(SUM((_xlpm.x="C1")*1)=1, 3, 1))} -> 1 | Y32: {=_xlfn.LET(_xlpm.x, M32:M34, IF(SUM((_xlpm.x="C1")*1)=1, 3, 1))} -> 1 | Z32: {=_xlfn.LET(_xlpm.x, N32:N34, IF(SUM((_xlpm.x="C1")*1)=1, 3, 1))} -> 1 | AA32: {=_xlfn.LET(_xlpm.x, O32:O34, IF(SUM((_xlpm.x="C1")*1)=1, 3, 1))} -> 1 | AC32: M1 | AD32: 4 | AE32: 14 | AF32: 4 | AG32: 21 | AH32: 22 | AJ32: M1 | AK32: 4 | AL32: 14 | AM32: 4 | AN32: 21 | AO32: 22
B33: M4 | C33: 40 | D33: 18 | E33: 44 | F33: 17 | G33: 21 | J33: 29 | K33: M1 | L33: G3 | M33: M4 | N33: M2 | O33: M1 | Q33: 2 | R33: 13 | S33: 5 | T33: 3 | U33: 2 | W33: {=_xlfn.LET(_xlpm.x, K33:K35, IF(SUM((_xlpm.x="C1")*1)=1, 3, 1))} -> 1 | X33: {=_xlfn.LET(_xlpm.x, L33:L35, IF(SUM((_xlpm.x="C1")*1)=1, 3, 1))} -> 1 | Y33: {=_xlfn.LET(_xlpm.x, M33:M35, IF(SUM((_xlpm.x="C1")*1)=1, 3, 1))} -> 1 | Z33: {=_xlfn.LET(_xlpm.x, N33:N35, IF(SUM((_xlpm.x="C1")*1)=1, 3, 1))} -> 1 | AA33: {=_xlfn.LET(_xlpm.x, O33:O35, IF(SUM((_xlpm.x="C1")*1)=1, 3, 1))} -> 3 | AC33: M2 | AD33: 4 | AE33: 13 | AF33: 4 | AG33: 20 | AH33: 22 | AJ33: M2 | AK33: 4 | AL33: 13 | AM33: 4 | AN33: 20 | AO33: 22
B34: M5 | C34: 40 | D34: 18 | E34: 44 | F34: 17 | G34: 21 | J34: 30 | K34: K | L34: J | M34: K | N34: M1 | O34: M1 | Q34: 8 | R34: 10 | S34: 8 | T34: 2 | U34: 2 | W34: {=_xlfn.LET(_xlpm.x, K34:K36, IF(SUM((_xlpm.x="C1")*1)=1, 3, 1))} -> 1 | X34: {=_xlfn.LET(_xlpm.x, L34:L36, IF(SUM((_xlpm.x="C1")*1)=1, 3, 1))} -> 1 | Y34: {=_xlfn.LET(_xlpm.x, M34:M36, IF(SUM((_xlpm.x="C1")*1)=1, 3, 1))} -> 1 | Z34: {=_xlfn.LET(_xlpm.x, N34:N36, IF(SUM((_xlpm.x="C1")*1)=1, 3, 1))} -> 1 | AA34: {=_xlfn.LET(_xlpm.x, O34:O36, IF(SUM((_xlpm.x="C1")*1)=1, 3, 1))} -> 3 | AC34: M3 | AD34: 4 | AE34: 13 | AF34: 4 | AG34: 20 | AH34: 21 | AJ34: M3 | AK34: 4 | AL34: 13 | AM34: 4 | AN34: 20 | AO34: 21
B35: A | C35: 47 | D35: 17 | E35: 44 | F35: 17 | G35: 21 | J35: 31 | K35: M4 | L35: J | M35: A | N35: M5 | O35: C1 | Q35: 5 | R35: 10 | S35: 7 | T35: 6 | U35: 1 | W35: {=_xlfn.LET(_xlpm.x, K35:K37, IF(SUM((_xlpm.x="C1")*1)=1, 3, 1))} -> 1 | X35: {=_xlfn.LET(_xlpm.x, L35:L37, IF(SUM((_xlpm.x="C1")*1)=1, 3, 1))} -> 1 | Y35: {=_xlfn.LET(_xlpm.x, M35:M37, IF(SUM((_xlpm.x="C1")*1)=1, 3, 1))} -> 1 | Z35: {=_xlfn.LET(_xlpm.x, N35:N37, IF(SUM((_xlpm.x="C1")*1)=1, 3, 1))} -> 1 | AA35: {=_xlfn.LET(_xlpm.x, O35:O37, IF(SUM((_xlpm.x="C1")*1)=1, 3, 1))} -> 3 | AC35: M4 | AD35: 40 | AE35: 9 | AF35: 41 | AG35: 14 | AH35: 21 | AJ35: M4 | AK35: 40 | AL35: 9 | AM35: 41 | AN35: 14 | AO35: 21
B36: K | C36: 47 | D36: 17 | E36: 44 | F36: 17 | G36: 21 | J36: 32 | K36: A | L36: M4 | M36: M3 | N36: M5 | O36: Q | Q36: 7 | R36: 5 | S36: 4 | T36: 6 | U36: 9 | W36: {=_xlfn.LET(_xlpm.x, K36:K38, IF(SUM((_xlpm.x="C1")*1)=1, 3, 1))} -> 1 | X36: {=_xlfn.LET(_xlpm.x, L36:L38, IF(SUM((_xlpm.x="C1")*1)=1, 3, 1))} -> 1 | Y36: {=_xlfn.LET(_xlpm.x, M36:M38, IF(SUM((_xlpm.x="C1")*1)=1, 3, 1))} -> 1 | Z36: {=_xlfn.LET(_xlpm.x, N36:N38, IF(SUM((_xlpm.x="C1")*1)=1, 3, 1))} -> 1 | AA36: {=_xlfn.LET(_xlpm.x, O36:O38, IF(SUM((_xlpm.x="C1")*1)=1, 3, 1))} -> 1 | AC36: M5 | AD36: 40 | AE36: 13 | AF36: 41 | AG36: 14 | AH36: 21 | AJ36: M5 | AK36: 40 | AL36: 13 | AM36: 41 | AN36: 14 | AO36: 21
B37: Q | C37: 4 | D37: 25 | E37: 3 | F37: 25 | G37: 21 | J37: 33 | K37: M4 | L37: GK | M37: K | N37: GA | O37: K | Q37: 5 | R37: 17 | S37: 8 | T37: 16 | U37: 8 | W37: {=_xlfn.LET(_xlpm.x, K37:K39, IF(SUM((_xlpm.x="C1")*1)=1, 3, 1))} -> 1 | X37: {=_xlfn.LET(_xlpm.x, L37:L39, IF(SUM((_xlpm.x="C1")*1)=1, 3, 1))} -> 1 | Y37: {=_xlfn.LET(_xlpm.x, M37:M39, IF(SUM((_xlpm.x="C1")*1)=1, 3, 1))} -> 1 | Z37: {=_xlfn.LET(_xlpm.x, N37:N39, IF(SUM((_xlpm.x="C1")*1)=1, 3, 1))} -> 1 | AA37: {=_xlfn.LET(_xlpm.x, O37:O39, IF(SUM((_xlpm.x="C1")*1)=1, 3, 1))} -> 1 | AC37: A | AD37: 47 | AE37: 10 | AF37: 41 | AG37: 14 | AH37: 21 | AJ37: A | AK37: 47 | AL37: 10 | AM37: 41 | AN37: 14 | AO37: 21
B38: J | C38: 4 | D38: 25 | E38: 3 | F38: 25 | G38: 21 | J38: 34 | K38: M5 | L38: G2 | M38: M4 | N38: K | O38: M2 | Q38: 6 | R38: 12 | S38: 5 | T38: 8 | U38: 3 | W38: {=_xlfn.LET(_xlpm.x, K38:K40, IF(SUM((_xlpm.x="C1")*1)=1, 3, 1))} -> 1 | X38: {=_xlfn.LET(_xlpm.x, L38:L40, IF(SUM((_xlpm.x="C1")*1)=1, 3, 1))} -> 1 | Y38: {=_xlfn.LET(_xlpm.x, M38:M40, IF(SUM((_xlpm.x="C1")*1)=1, 3, 1))} -> 1 | Z38: {=_xlfn.LET(_xlpm.x, N38:N40, IF(SUM((_xlpm.x="C1")*1)=1, 3, 1))} -> 1 | AA38: {=_xlfn.LET(_xlpm.x, O38:O40, IF(SUM((_xlpm.x="C1")*1)=1, 3, 1))} -> 1 | AC38: K | AD38: 47 | AE38: 10 | AF38: 41 | AG38: 14 | AH38: 21 | AJ38: K | AK38: 47 | AL38: 10 | AM38: 41 | AN38: 14 | AO38: 21
J39: 35 | K39: M5 | L39: A | M39: M5 | N39: M1 | O39: J | Q39: 6 | R39: 7 | S39: 6 | T39: 2 | U39: 10 | W39: {=_xlfn.LET(_xlpm.x, K39:K41, IF(SUM((_xlpm.x="C1")*1)=1, 3, 1))} -> 1 | X39: {=_xlfn.LET(_xlpm.x, L39:L41, IF(SUM((_xlpm.x="C1")*1)=1, 3, 1))} -> 1 | Y39: {=_xlfn.LET(_xlpm.x, M39:M41, IF(SUM((_xlpm.x="C1")*1)=1, 3, 1))} -> 1 | Z39: {=_xlfn.LET(_xlpm.x, N39:N41, IF(SUM((_xlpm.x="C1")*1)=1, 3, 1))} -> 3 | AA39: {=_xlfn.LET(_xlpm.x, O39:O41, IF(SUM((_xlpm.x="C1")*1)=1, 3, 1))} -> 1 | AC39: Q | AD39: 4 | AE39: 15 | AF39: 3 | AG39: 21 | AH39: 21 | AJ39: Q | AK39: 4 | AL39: 15 | AM39: 3 | AN39: 21 | AO39: 21
J40: 36 | K40: A | L40: GA | M40: K | N40: G4 | O40: M1 | Q40: 7 | R40: 16 | S40: 8 | T40: 14 | U40: 2 | W40: {=_xlfn.LET(_xlpm.x, K40:K42, IF(SUM((_xlpm.x="C1")*1)=1, 3, 1))} -> 1 | X40: {=_xlfn.LET(_xlpm.x, L40:L42, IF(SUM((_xlpm.x="C1")*1)=1, 3, 1))} -> 1 | Y40: {=_xlfn.LET(_xlpm.x, M40:M42, IF(SUM((_xlpm.x="C1")*1)=1, 3, 1))} -> 1 | Z40: {=_xlfn.LET(_xlpm.x, N40:N42, IF(SUM((_xlpm.x="C1")*1)=1, 3, 1))} -> 3 | AA40: {=_xlfn.LET(_xlpm.x, O40:O42, IF(SUM((_xlpm.x="C1")*1)=1, 3, 1))} -> 1 | AC40: J | AD40: 4 | AE40: 17 | AF40: 3 | AG40: 21 | AH40: 21 | AJ40: J | AK40: 4 | AL40: 17 | AM40: 3 | AN40: 21 | AO40: 21
J41: 37 | K41: M4 | L41: GA | M41: A | N41: C1 | O41: Q | Q41: 5 | R41: 16 | S41: 7 | T41: 1 | U41: 9 | W41: {=_xlfn.LET(_xlpm.x, K41:K43, IF(SUM((_xlpm.x="C1")*1)=1, 3, 1))} -> 1 | X41: {=_xlfn.LET(_xlpm.x, L41:L43, IF(SUM((_xlpm.x="C1")*1)=1, 3, 1))} -> 1 | Y41: {=_xlfn.LET(_xlpm.x, M41:M43, IF(SUM((_xlpm.x="C1")*1)=1, 3, 1))} -> 1 | Z41: {=_xlfn.LET(_xlpm.x, N41:N43, IF(SUM((_xlpm.x="C1")*1)=1, 3, 1))} -> 3 | AA41: {=_xlfn.LET(_xlpm.x, O41:O43, IF(SUM((_xlpm.x="C1")*1)=1, 3, 1))} -> 1 | AC41: G1 | AD41: 0 | AE41: 15 | AF41: 0 | AG41: 6 | AH41: 0 | AJ41: G1 | AK41: 0 | AL41: 15 | AM41: 0 | AN41: 6 | AO41: 0
J42: 38 | K42: M4 | L42: J | M42: J | N42: M5 | O42: M4 | Q42: 5 | R42: 10 | S42: 10 | T42: 6 | U42: 5 | W42: {=_xlfn.LET(_xlpm.x, K42:K44, IF(SUM((_xlpm.x="C1")*1)=1, 3, 1))} -> 1 | X42: {=_xlfn.LET(_xlpm.x, L42:L44, IF(SUM((_xlpm.x="C1")*1)=1, 3, 1))} -> 1 | Y42: {=_xlfn.LET(_xlpm.x, M42:M44, IF(SUM((_xlpm.x="C1")*1)=1, 3, 1))} -> 1 | Z42: {=_xlfn.LET(_xlpm.x, N42:N44, IF(SUM((_xlpm.x="C1")*1)=1, 3, 1))} -> 1 | AA42: {=_xlfn.LET(_xlpm.x, O42:O44, IF(SUM((_xlpm.x="C1")*1)=1, 3, 1))} -> 1 | AC42: G2 | AD42: 0 | AE42: 18 | AF42: 0 | AG42: 6 | AH42: 0 | AJ42: G2 | AK42: 0 | AL42: 18 | AM42: 0 | AN42: 6 | AO42: 0
J43: 39 | K43: M4 | L43: M4 | M43: A | N43: M5 | O43: M4 | Q43: 5 | R43: 5 | S43: 7 | T43: 6 | U43: 5 | W43: {=_xlfn.LET(_xlpm.x, K43:K45, IF(SUM((_xlpm.x="C1")*1)=1, 3, 1))} -> 1 | X43: {=_xlfn.LET(_xlpm.x, L43:L45, IF(SUM((_xlpm.x="C1")*1)=1, 3, 1))} -> 1 | Y43: {=_xlfn.LET(_xlpm.x, M43:M45, IF(SUM((_xlpm.x="C1")*1)=1, 3, 1))} -> 1 | Z43: {=_xlfn.LET(_xlpm.x, N43:N45, IF(SUM((_xlpm.x="C1")*1)=1, 3, 1))} -> 1 | AA43: {=_xlfn.LET(_xlpm.x, O43:O45, IF(SUM((_xlpm.x="C1")*1)=1, 3, 1))} -> 1 | AC43: G3 | AD43: 0 | AE43: 18 | AF43: 0 | AG43: 6 | AH43: 0 | AJ43: G3 | AK43: 0 | AL43: 18 | AM43: 0 | AN43: 6 | AO43: 0
J44: 40 | K44: K | L44: G2 | M44: M4 | N44: GK | O44: A | Q44: 8 | R44: 12 | S44: 5 | T44: 17 | U44: 7 | W44: {=_xlfn.LET(_xlpm.x, K44:K46, IF(SUM((_xlpm.x="C1")*1)=1, 3, 1))} -> 1 | X44: {=_xlfn.LET(_xlpm.x, L44:L46, IF(SUM((_xlpm.x="C1")*1)=1, 3, 1))} -> 1 | Y44: {=_xlfn.LET(_xlpm.x, M44:M46, IF(SUM((_xlpm.x="C1")*1)=1, 3, 1))} -> 1 | Z44: {=_xlfn.LET(_xlpm.x, N44:N46, IF(SUM((_xlpm.x="C1")*1)=1, 3, 1))} -> 1 | AA44: {=_xlfn.LET(_xlpm.x, O44:O46, IF(SUM((_xlpm.x="C1")*1)=1, 3, 1))} -> 1 | AC44: G4 | AD44: 0 | AE44: 13 | AF44: 4 | AG44: 4 | AH44: 0 | AJ44: G4 | AK44: 0 | AL44: 13 | AM44: 4 | AN44: 4 | AO44: 0
J45: 41 | K45: M5 | L45: J | M45: M5 | N45: M1 | O45: M4 | Q45: 6 | R45: 10 | S45: 6 | T45: 2 | U45: 5 | W45: {=_xlfn.LET(_xlpm.x, K45:K47, IF(SUM((_xlpm.x="C1")*1)=1, 3, 1))} -> 1 | X45: {=_xlfn.LET(_xlpm.x, L45:L47, IF(SUM((_xlpm.x="C1")*1)=1, 3, 1))} -> 1 | Y45: {=_xlfn.LET(_xlpm.x, M45:M47, IF(SUM((_xlpm.x="C1")*1)=1, 3, 1))} -> 1 | Z45: {=_xlfn.LET(_xlpm.x, N45:N47, IF(SUM((_xlpm.x="C1")*1)=1, 3, 1))} -> 1 | AA45: {=_xlfn.LET(_xlpm.x, O45:O47, IF(SUM((_xlpm.x="C1")*1)=1, 3, 1))} -> 3 | AC45: G5 | AD45: 0 | AE45: 7 | AF45: 4 | AG45: 4 | AH45: 0 | AJ45: G5 | AK45: 0 | AL45: 7 | AM45: 4 | AN45: 4 | AO45: 0
J46: 42 | K46: M5 | L46: M5 | M46: A | N46: M2 | O46: J | Q46: 6 | R46: 6 | S46: 7 | T46: 3 | U46: 10 | W46: {=_xlfn.LET(_xlpm.x, K46:K48, IF(SUM((_xlpm.x="C1")*1)=1, 3, 1))} -> 1 | X46: {=_xlfn.LET(_xlpm.x, L46:L48, IF(SUM((_xlpm.x="C1")*1)=1, 3, 1))} -> 3 | Y46: {=_xlfn.LET(_xlpm.x, M46:M48, IF(SUM((_xlpm.x="C1")*1)=1, 3, 1))} -> 1 | Z46: {=_xlfn.LET(_xlpm.x, N46:N48, IF(SUM((_xlpm.x="C1")*1)=1, 3, 1))} -> 1 | AA46: {=_xlfn.LET(_xlpm.x, O46:O48, IF(SUM((_xlpm.x="C1")*1)=1, 3, 1))} -> 3 | AC46: GA | AD46: 0 | AE46: 10 | AF46: 4 | AG46: 4 | AH46: 0 | AJ46: GA | AK46: 0 | AL46: 10 | AM46: 4 | AN46: 4 | AO46: 0
J47: 43 | K47: M5 | L47: GQ | M47: K | N47: M2 | O47: C1 | Q47: 6 | R47: 18 | S47: 8 | T47: 3 | U47: 1 | W47: {=_xlfn.LET(_xlpm.x, K47:K49, IF(SUM((_xlpm.x="C1")*1)=1, 3, 1))} -> 1 | X47: {=_xlfn.LET(_xlpm.x, L47:L49, IF(SUM((_xlpm.x="C1")*1)=1, 3, 1))} -> 3 | Y47: {=_xlfn.LET(_xlpm.x, M47:M49, IF(SUM((_xlpm.x="C1")*1)=1, 3, 1))} -> 1 | Z47: {=_xlfn.LET(_xlpm.x, N47:N49, IF(SUM((_xlpm.x="C1")*1)=1, 3, 1))} -> 1 | AA47: {=_xlfn.LET(_xlpm.x, O47:O49, IF(SUM((_xlpm.x="C1")*1)=1, 3, 1))} -> 3 | AC47: GK | AD47: 0 | AE47: 10 | AF47: 4 | AG47: 4 | AH47: 0 | AJ47: GK | AK47: 0 | AL47: 10 | AM47: 4 | AN47: 4 | AO47: 0
J48: 44 | K48: M4 | L48: C1 | M48: A | N48: M1 | O48: M4 | Q48: 5 | R48: 1 | S48: 7 | T48: 2 | U48: 5 | W48: {=_xlfn.LET(_xlpm.x, K48:K50, IF(SUM((_xlpm.x="C1")*1)=1, 3, 1))} -> 1 | X48: {=_xlfn.LET(_xlpm.x, L48:L50, IF(SUM((_xlpm.x="C1")*1)=1, 3, 1))} -> 3 | Y48: {=_xlfn.LET(_xlpm.x, M48:M50, IF(SUM((_xlpm.x="C1")*1)=1, 3, 1))} -> 1 | Z48: {=_xlfn.LET(_xlpm.x, N48:N50, IF(SUM((_xlpm.x="C1")*1)=1, 3, 1))} -> 1 | AA48: {=_xlfn.LET(_xlpm.x, O48:O50, IF(SUM((_xlpm.x="C1")*1)=1, 3, 1))} -> 1 | AC48: GQ | AD48: 0 | AE48: 15 | AF48: 0 | AG48: 6 | AH48: 0 | AJ48: GQ | AK48: 0 | AL48: 15 | AM48: 0 | AN48: 6 | AO48: 0
J49: 45 | K49: K | L49: M3 | M49: M5 | N49: J | O49: M3 | Q49: 8 | R49: 4 | S49: 6 | T49: 10 | U49: 4 | W49: {=_xlfn.LET(_xlpm.x, K49:K51, IF(SUM((_xlpm.x="C1")*1)=1, 3, 1))} -> 3 | X49: {=_xlfn.LET(_xlpm.x, L49:L51, IF(SUM((_xlpm.x="C1")*1)=1, 3, 1))} -> 1 | Y49: {=_xlfn.LET(_xlpm.x, M49:M51, IF(SUM((_xlpm.x="C1")*1)=1, 3, 1))} -> 1 | Z49: {=_xlfn.LET(_xlpm.x, N49:N51, IF(SUM((_xlpm.x="C1")*1)=1, 3, 1))} -> 1 | AA49: {=_xlfn.LET(_xlpm.x, O49:O51, IF(SUM((_xlpm.x="C1")*1)=1, 3, 1))} -> 1 | AC49: GJ | AD49: 0 | AE49: 12 | AF49: 0 | AG49: 6 | AH49: 0 | AJ49: GJ | AK49: 0 | AL49: 12 | AM49: 0 | AN49: 6 | AO49: 0
J50: 46 | K50: A | L50: M1 | M50: A | N50: M2 | O50: J | Q50: 7 | R50: 2 | S50: 7 | T50: 3 | U50: 10 | W50: {=_xlfn.LET(_xlpm.x, K50:K52, IF(SUM((_xlpm.x="C1")*1)=1, 3, 1))} -> 3 | X50: {=_xlfn.LET(_xlpm.x, L50:L52, IF(SUM((_xlpm.x="C1")*1)=1, 3, 1))} -> 1 | Y50: {=_xlfn.LET(_xlpm.x, M50:M52, IF(SUM((_xlpm.x="C1")*1)=1, 3, 1))} -> 1 | Z50: {=_xlfn.LET(_xlpm.x, N50:N52, IF(SUM((_xlpm.x="C1")*1)=1, 3, 1))} -> 1 | AA50: {=_xlfn.LET(_xlpm.x, O50:O52, IF(SUM((_xlpm.x="C1")*1)=1, 3, 1))} -> 1 | AD50: 194 | AE50: 238 | AF50: 198 | AG50: 214 | AH50: 191 | AK50: 194 | AL50: 238 | AM50: 198 | AN50: 214 | AO50: 191
J51: 47 | K51: C1 | L51: G1 | M51: M2 | N51: M1 | O51: Q | Q51: 1 | R51: 11 | S51: 3 | T51: 2 | U51: 9 | W51: {=_xlfn.LET(_xlpm.x, K51:K53, IF(SUM((_xlpm.x="C1")*1)=1, 3, 1))} -> 3 | X51: {=_xlfn.LET(_xlpm.x, L51:L53, IF(SUM((_xlpm.x="C1")*1)=1, 3, 1))} -> 1 | Y51: {=_xlfn.LET(_xlpm.x, M51:M53, IF(SUM((_xlpm.x="C1")*1)=1, 3, 1))} -> 1 | Z51: {=_xlfn.LET(_xlpm.x, N51:N53, IF(SUM((_xlpm.x="C1")*1)=1, 3, 1))} -> 1 | AA51: {=_xlfn.LET(_xlpm.x, O51:O53, IF(SUM((_xlpm.x="C1")*1)=1, 3, 1))} -> 1
J52: 48 | K52: K | L52: G4 | M52: A | N52: A | O52: M1 | Q52: 8 | R52: 14 | S52: 7 | T52: 7 | U52: 2 | W52: {=_xlfn.LET(_xlpm.x, K52:K54, IF(SUM((_xlpm.x="C1")*1)=1, 3, 1))} -> 1 | X52: {=_xlfn.LET(_xlpm.x, L52:L54, IF(SUM((_xlpm.x="C1")*1)=1, 3, 1))} -> 1 | Y52: {=_xlfn.LET(_xlpm.x, M52:M54, IF(SUM((_xlpm.x="C1")*1)=1, 3, 1))} -> 1 | Z52: {=_xlfn.LET(_xlpm.x, N52:N54, IF(SUM((_xlpm.x="C1")*1)=1, 3, 1))} -> 1 | AA52: {=_xlfn.LET(_xlpm.x, O52:O54, IF(SUM((_xlpm.x="C1")*1)=1, 3, 1))} -> 1 | AC52: 3+ Combo | AJ52: 3+ Combo
J53: 49 | K53: A | L53: K | M53: A | N53: Q | O53: A | Q53: 7 | R53: 8 | S53: 7 | T53: 9 | U53: 7 | W53: {=_xlfn.LET(_xlpm.x, K53:K55, IF(SUM((_xlpm.x="C1")*1)=1, 3, 1))} -> 1 | X53: {=_xlfn.LET(_xlpm.x, L53:L55, IF(SUM((_xlpm.x="C1")*1)=1, 3, 1))} -> 1 | Y53: {=_xlfn.LET(_xlpm.x, M53:M55, IF(SUM((_xlpm.x="C1")*1)=1, 3, 1))} -> 1 | Z53: {=_xlfn.LET(_xlpm.x, N53:N55, IF(SUM((_xlpm.x="C1")*1)=1, 3, 1))} -> 1 | AA53: {=_xlfn.LET(_xlpm.x, O53:O55, IF(SUM((_xlpm.x="C1")*1)=1, 3, 1))} -> 1 | AC53: Symbol | AD53: R1 | AE53: R2 | AF53: R3 | AG53: R4 | AH53: R5 | AJ53: Symbol | AK53: R1 | AL53: R2 | AM53: R3 | AN53: R4 | AO53: R5
J54: 50 | K54: A | L54: K | M54: A | N54: Q | O54: M3 | Q54: 7 | R54: 8 | S54: 7 | T54: 9 | U54: 4 | W54: {=_xlfn.LET(_xlpm.x, K54:K56, IF(SUM((_xlpm.x="C1")*1)=1, 3, 1))} -> 1 | X54: {=_xlfn.LET(_xlpm.x, L54:L56, IF(SUM((_xlpm.x="C1")*1)=1, 3, 1))} -> 1 | Y54: {=_xlfn.LET(_xlpm.x, M54:M56, IF(SUM((_xlpm.x="C1")*1)=1, 3, 1))} -> 1 | Z54: {=_xlfn.LET(_xlpm.x, N54:N56, IF(SUM((_xlpm.x="C1")*1)=1, 3, 1))} -> 1 | AA54: {=_xlfn.LET(_xlpm.x, O54:O56, IF(SUM((_xlpm.x="C1")*1)=1, 3, 1))} -> 1 | AC54: WW | AD54: 0 | AE54: 0 | AF54: 0 | AG54: 0 | AH54: 0 | AJ54: WW | AK54: 0 | AL54: 0 | AM54: 0 | AN54: 0 | AO54: 0
J55: 51 | K55: M5 | L55: GK | M55: K | N55: G4 | O55: M1 | Q55: 6 | R55: 17 | S55: 8 | T55: 14 | U55: 2 | W55: {=_xlfn.LET(_xlpm.x, K55:K57, IF(SUM((_xlpm.x="C1")*1)=1, 3, 1))} -> 1 | X55: {=_xlfn.LET(_xlpm.x, L55:L57, IF(SUM((_xlpm.x="C1")*1)=1, 3, 1))} -> 1 | Y55: {=_xlfn.LET(_xlpm.x, M55:M57, IF(SUM((_xlpm.x="C1")*1)=1, 3, 1))} -> 1 | Z55: {=_xlfn.LET(_xlpm.x, N55:N57, IF(SUM((_xlpm.x="C1")*1)=1, 3, 1))} -> 1 | AA55: {=_xlfn.LET(_xlpm.x, O55:O57, IF(SUM((_xlpm.x="C1")*1)=1, 3, 1))} -> 1 | AC55: C1 | AD55: 0 | AE55: 6 | AF55: 0 | AG55: 9 | AH55: 0 | AJ55: C1 | AK55: 0 | AL55: 6 | AM55: 0 | AN55: 9 | AO55: 0
J56: 52 | K56: K | L56: Q | M56: A | N56: M3 | O56: M4 | Q56: 8 | R56: 9 | S56: 7 | T56: 4 | U56: 5 | W56: {=_xlfn.LET(_xlpm.x, K56:K58, IF(SUM((_xlpm.x="C1")*1)=1, 3, 1))} -> 1 | X56: {=_xlfn.LET(_xlpm.x, L56:L58, IF(SUM((_xlpm.x="C1")*1)=1, 3, 1))} -> 1 | Y56: {=_xlfn.LET(_xlpm.x, M56:M58, IF(SUM((_xlpm.x="C1")*1)=1, 3, 1))} -> 1 | Z56: {=_xlfn.LET(_xlpm.x, N56:N58, IF(SUM((_xlpm.x="C1")*1)=1, 3, 1))} -> 1 | AA56: {=_xlfn.LET(_xlpm.x, O56:O58, IF(SUM((_xlpm.x="C1")*1)=1, 3, 1))} -> 1 | AC56: M1 | AD56: 4 | AE56: 14 | AF56: 4 | AG56: 21 | AH56: 22 | AJ56: M1 | AK56: 4 | AL56: 14 | AM56: 4 | AN56: 21 | AO56: 22
J57: 53 | K57: A | L57: Q | M57: M5 | N57: M3 | O57: M2 | Q57: 7 | R57: 9 | S57: 6 | T57: 4 | U57: 3 | W57: {=_xlfn.LET(_xlpm.x, K57:K59, IF(SUM((_xlpm.x="C1")*1)=1, 3, 1))} -> 1 | X57: {=_xlfn.LET(_xlpm.x, L57:L59, IF(SUM((_xlpm.x="C1")*1)=1, 3, 1))} -> 1 | Y57: {=_xlfn.LET(_xlpm.x, M57:M59, IF(SUM((_xlpm.x="C1")*1)=1, 3, 1))} -> 1 | Z57: {=_xlfn.LET(_xlpm.x, N57:N59, IF(SUM((_xlpm.x="C1")*1)=1, 3, 1))} -> 1 | AA57: {=_xlfn.LET(_xlpm.x, O57:O59, IF(SUM((_xlpm.x="C1")*1)=1, 3, 1))} -> 1 | AC57: M2 | AD57: 4 | AE57: 13 | AF57: 4 | AG57: 20 | AH57: 22 | AJ57: M2 | AK57: 4 | AL57: 13 | AM57: 4 | AN57: 20 | AO57: 22
J58: 54 | K58: A | L58: G3 | M58: K | N58: G1 | O58: M1 | Q58: 7 | R58: 13 | S58: 8 | T58: 11 | U58: 2 | W58: {=_xlfn.LET(_xlpm.x, K58:K60, IF(SUM((_xlpm.x="C1")*1)=1, 3, 1))} -> 1 | X58: {=_xlfn.LET(_xlpm.x, L58:L60, IF(SUM((_xlpm.x="C1")*1)=1, 3, 1))} -> 1 | Y58: {=_xlfn.LET(_xlpm.x, M58:M60, IF(SUM((_xlpm.x="C1")*1)=1, 3, 1))} -> 1 | Z58: {=_xlfn.LET(_xlpm.x, N58:N60, IF(SUM((_xlpm.x="C1")*1)=1, 3, 1))} -> 1 | AA58: {=_xlfn.LET(_xlpm.x, O58:O60, IF(SUM((_xlpm.x="C1")*1)=1, 3, 1))} -> 1 | AC58: M3 | AD58: 4 | AE58: 13 | AF58: 4 | AG58: 20 | AH58: 21 | AJ58: M3 | AK58: 4 | AL58: 13 | AM58: 4 | AN58: 20 | AO58: 21
J59: 55 | K59: A | L59: M3 | M59: K | N59: M3 | O59: K | Q59: 7 | R59: 4 | S59: 8 | T59: 4 | U59: 8 | W59: {=_xlfn.LET(_xlpm.x, K59:K61, IF(SUM((_xlpm.x="C1")*1)=1, 3, 1))} -> 1 | X59: {=_xlfn.LET(_xlpm.x, L59:L61, IF(SUM((_xlpm.x="C1")*1)=1, 3, 1))} -> 1 | Y59: {=_xlfn.LET(_xlpm.x, M59:M61, IF(SUM((_xlpm.x="C1")*1)=1, 3, 1))} -> 1 | Z59: {=_xlfn.LET(_xlpm.x, N59:N61, IF(SUM((_xlpm.x="C1")*1)=1, 3, 1))} -> 1 | AA59: {=_xlfn.LET(_xlpm.x, O59:O61, IF(SUM((_xlpm.x="C1")*1)=1, 3, 1))} -> 1 | AC59: M4 | AD59: 40 | AE59: 9 | AF59: 41 | AG59: 14 | AH59: 21 | AJ59: M4 | AK59: 40 | AL59: 9 | AM59: 41 | AN59: 14 | AO59: 21
J60: 56 | K60: M4 | L60: G4 | M60: K | N60: K | O60: J | Q60: 5 | R60: 14 | S60: 8 | T60: 8 | U60: 10 | W60: {=_xlfn.LET(_xlpm.x, K60:K62, IF(SUM((_xlpm.x="C1")*1)=1, 3, 1))} -> 1 | X60: {=_xlfn.LET(_xlpm.x, L60:L62, IF(SUM((_xlpm.x="C1")*1)=1, 3, 1))} -> 1 | Y60: {=_xlfn.LET(_xlpm.x, M60:M62, IF(SUM((_xlpm.x="C1")*1)=1, 3, 1))} -> 1 | Z60: {=_xlfn.LET(_xlpm.x, N60:N62, IF(SUM((_xlpm.x="C1")*1)=1, 3, 1))} -> 1 | AA60: {=_xlfn.LET(_xlpm.x, O60:O62, IF(SUM((_xlpm.x="C1")*1)=1, 3, 1))} -> 1 | AC60: M5 | AD60: 40 | AE60: 13 | AF60: 41 | AG60: 14 | AH60: 21 | AJ60: M5 | AK60: 40 | AL60: 13 | AM60: 41 | AN60: 14 | AO60: 21
J61: 57 | K61: M5 | L61: G4 | M61: M5 | N61: M3 | O61: J | Q61: 6 | R61: 14 | S61: 6 | T61: 4 | U61: 10 | W61: {=_xlfn.LET(_xlpm.x, K61:K63, IF(SUM((_xlpm.x="C1")*1)=1, 3, 1))} -> 1 | X61: {=_xlfn.LET(_xlpm.x, L61:L63, IF(SUM((_xlpm.x="C1")*1)=1, 3, 1))} -> 1 | Y61: {=_xlfn.LET(_xlpm.x, M61:M63, IF(SUM((_xlpm.x="C1")*1)=1, 3, 1))} -> 3 | Z61: {=_xlfn.LET(_xlpm.x, N61:N63, IF(SUM((_xlpm.x="C1")*1)=1, 3, 1))} -> 1 | AA61: {=_xlfn.LET(_xlpm.x, O61:O63, IF(SUM((_xlpm.x="C1")*1)=1, 3, 1))} -> 1 | AC61: A | AD61: 47 | AE61: 10 | AF61: 41 | AG61: 14 | AH61: 21 | AJ61: A | AK61: 47 | AL61: 10 | AM61: 41 | AN61: 14 | AO61: 21
J62: 58 | K62: J | L62: Q | M62: M5 | N62: GK | O62: M2 | Q62: 10 | R62: 9 | S62: 6 | T62: 17 | U62: 3 | W62: {=_xlfn.LET(_xlpm.x, K62:K64, IF(SUM((_xlpm.x="C1")*1)=1, 3, 1))} -> 1 | X62: {=_xlfn.LET(_xlpm.x, L62:L64, IF(SUM((_xlpm.x="C1")*1)=1, 3, 1))} -> 1 | Y62: {=_xlfn.LET(_xlpm.x, M62:M64, IF(SUM((_xlpm.x="C1")*1)=1, 3, 1))} -> 3 | Z62: {=_xlfn.LET(_xlpm.x, N62:N64, IF(SUM((_xlpm.x="C1")*1)=1, 3, 1))} -> 1 | AA62: {=_xlfn.LET(_xlpm.x, O62:O64, IF(SUM((_xlpm.x="C1")*1)=1, 3, 1))} -> 1 | AC62: K | AD62: 47 | AE62: 10 | AF62: 41 | AG62: 14 | AH62: 21 | AJ62: K | AK62: 47 | AL62: 10 | AM62: 41 | AN62: 14 | AO62: 21
J63: 59 | K63: K | L63: G3 | M63: C1 | N63: GQ | O63: M4 | Q63: 8 | R63: 13 | S63: 1 | T63: 18 | U63: 5 | W63: {=_xlfn.LET(_xlpm.x, K63:K65, IF(SUM((_xlpm.x="C1")*1)=1, 3, 1))} -> 1 | X63: {=_xlfn.LET(_xlpm.x, L63:L65, IF(SUM((_xlpm.x="C1")*1)=1, 3, 1))} -> 1 | Y63: {=_xlfn.LET(_xlpm.x, M63:M65, IF(SUM((_xlpm.x="C1")*1)=1, 3, 1))} -> 3 | Z63: {=_xlfn.LET(_xlpm.x, N63:N65, IF(SUM((_xlpm.x="C1")*1)=1, 3, 1))} -> 1 | AA63: {=_xlfn.LET(_xlpm.x, O63:O65, IF(SUM((_xlpm.x="C1")*1)=1, 3, 1))} -> 1 | AC63: Q | AD63: 4 | AE63: 15 | AF63: 3 | AG63: 21 | AH63: 21 | AJ63: Q | AK63: 4 | AL63: 15 | AM63: 3 | AN63: 21 | AO63: 21
J64: 60 | K64: M5 | L64: Q | M64: M4 | N64: M3 | O64: Q | Q64: 6 | R64: 9 | S64: 5 | T64: 4 | U64: 9 | W64: {=_xlfn.LET(_xlpm.x, K64:K66, IF(SUM((_xlpm.x="C1")*1)=1, 3, 1))} -> 1 | X64: {=_xlfn.LET(_xlpm.x, L64:L66, IF(SUM((_xlpm.x="C1")*1)=1, 3, 1))} -> 1 | Y64: {=_xlfn.LET(_xlpm.x, M64:M66, IF(SUM((_xlpm.x="C1")*1)=1, 3, 1))} -> 1 | Z64: {=_xlfn.LET(_xlpm.x, N64:N66, IF(SUM((_xlpm.x="C1")*1)=1, 3, 1))} -> 1 | AA64: {=_xlfn.LET(_xlpm.x, O64:O66, IF(SUM((_xlpm.x="C1")*1)=1, 3, 1))} -> 1 | AC64: J | AD64: 4 | AE64: 17 | AF64: 3 | AG64: 21 | AH64: 21 | AJ64: J | AK64: 4 | AL64: 17 | AM64: 3 | AN64: 21 | AO64: 21
J65: 61 | K65: A | L65: J | M65: G4 | N65: M2 | O65: K | Q65: 7 | R65: 10 | S65: 14 | T65: 3 | U65: 8 | W65: {=_xlfn.LET(_xlpm.x, K65:K67, IF(SUM((_xlpm.x="C1")*1)=1, 3, 1))} -> 1 | X65: {=_xlfn.LET(_xlpm.x, L65:L67, IF(SUM((_xlpm.x="C1")*1)=1, 3, 1))} -> 1 | Y65: {=_xlfn.LET(_xlpm.x, M65:M67, IF(SUM((_xlpm.x="C1")*1)=1, 3, 1))} -> 1 | Z65: {=_xlfn.LET(_xlpm.x, N65:N67, IF(SUM((_xlpm.x="C1")*1)=1, 3, 1))} -> 1 | AA65: {=_xlfn.LET(_xlpm.x, O65:O67, IF(SUM((_xlpm.x="C1")*1)=1, 3, 1))} -> 1 | AC65: G1 | AD65: 0 | AE65: 15 | AF65: 0 | AG65: 6 | AH65: 0 | AJ65: G1 | AK65: 0 | AL65: 15 | AM65: 0 | AN65: 6 | AO65: 0
... J73: 69 | K73: J | L73: GJ | M73: M5 | N73: M5 | O73: A | Q73: 10 | R73: 19 | S73: 6 | T73: 6 | U73: 7 | W73: {=_xlfn.LET(_xlpm.x, K73:K75, IF(SUM((_xlpm.x="C1")*1)=1, 3, 1))} -> 1 | X73: {=_xlfn.LET(_xlpm.x, L73:L75, IF(SUM((_xlpm.x="C1")*1)=1, 3, 1))} -> 1 | Y73: {=_xlfn.LET(_xlpm.x, M73:M75, IF(SUM((_xlpm.x="C1")*1)=1, 3, 1))} -> 1 | Z73: {=_xlfn.LET(_xlpm.x, N73:N75, IF(SUM((_xlpm.x="C1")*1)=1, 3, 1))} -> 3 | AA73: {=_xlfn.LET(_xlpm.x, O73:O75, IF(SUM((_xlpm.x="C1")*1)=1, 3, 1))} -> 1 | AC73: GJ | AD73: 0 | AE73: 12 | AF73: 0 | AG73: 6 | AH73: 0 | AJ73: GJ | AK73: 0 | AL73: 12 | AM73: 0 | AN73: 6 | AO73: 0
J74: 70 | K74: K | L74: Q | M74: A | N74: M2 | O74: M3 | Q74: 8 | R74: 9 | S74: 7 | T74: 3 | U74: 4 | W74: {=_xlfn.LET(_xlpm.x, K74:K76, IF(SUM((_xlpm.x="C1")*1)=1, 3, 1))} -> 1 | X74: {=_xlfn.LET(_xlpm.x, L74:L76, IF(SUM((_xlpm.x="C1")*1)=1, 3, 1))} -> 1 | Y74: {=_xlfn.LET(_xlpm.x, M74:M76, IF(SUM((_xlpm.x="C1")*1)=1, 3, 1))} -> 1 | Z74: {=_xlfn.LET(_xlpm.x, N74:N76, IF(SUM((_xlpm.x="C1")*1)=1, 3, 1))} -> 3 | AA74: {=_xlfn.LET(_xlpm.x, O74:O76, IF(SUM((_xlpm.x="C1")*1)=1, 3, 1))} -> 1 | AD74: 194 | AE74: 238 | AF74: 198 | AG74: 214 | AH74: 191 | AK74: 194 | AL74: 238 | AM74: 198 | AN74: 214 | AO74: 191
J75: 71 | K75: M4 | L75: M2 | M75: M5 | N75: C1 | O75: J | Q75: 5 | R75: 3 | S75: 6 | T75: 1 | U75: 10 | W75: {=_xlfn.LET(_xlpm.x, K75:K77, IF(SUM((_xlpm.x="C1")*1)=1, 3, 1))} -> 1 | X75: {=_xlfn.LET(_xlpm.x, L75:L77, IF(SUM((_xlpm.x="C1")*1)=1, 3, 1))} -> 1 | Y75: {=_xlfn.LET(_xlpm.x, M75:M77, IF(SUM((_xlpm.x="C1")*1)=1, 3, 1))} -> 1 | Z75: {=_xlfn.LET(_xlpm.x, N75:N77, IF(SUM((_xlpm.x="C1")*1)=1, 3, 1))} -> 3 | AA75: {=_xlfn.LET(_xlpm.x, O75:O77, IF(SUM((_xlpm.x="C1")*1)=1, 3, 1))} -> 1
J76: 72 | K76: Q | L76: G2 | M76: G4 | N76: G1 | O76: A | Q76: 9 | R76: 12 | S76: 14 | T76: 11 | U76: 7 | W76: {=_xlfn.LET(_xlpm.x, K76:K78, IF(SUM((_xlpm.x="C1")*1)=1, 3, 1))} -> 1 | X76: {=_xlfn.LET(_xlpm.x, L76:L78, IF(SUM((_xlpm.x="C1")*1)=1, 3, 1))} -> 1 | Y76: {=_xlfn.LET(_xlpm.x, M76:M78, IF(SUM((_xlpm.x="C1")*1)=1, 3, 1))} -> 1 | Z76: {=_xlfn.LET(_xlpm.x, N76:N78, IF(SUM((_xlpm.x="C1")*1)=1, 3, 1))} -> 1 | AA76: {=_xlfn.LET(_xlpm.x, O76:O78, IF(SUM((_xlpm.x="C1")*1)=1, 3, 1))} -> 1
J77: 73 | K77: M4 | L77: G4 | M77: M4 | N77: M1 | O77: M3 | Q77: 5 | R77: 14 | S77: 5 | T77: 2 | U77: 4 | W77: {=_xlfn.LET(_xlpm.x, K77:K79, IF(SUM((_xlpm.x="C1")*1)=1, 3, 1))} -> 1 | X77: {=_xlfn.LET(_xlpm.x, L77:L79, IF(SUM((_xlpm.x="C1")*1)=1, 3, 1))} -> 1 | Y77: {=_xlfn.LET(_xlpm.x, M77:M79, IF(SUM((_xlpm.x="C1")*1)=1, 3, 1))} -> 1 | Z77: {=_xlfn.LET(_xlpm.x, N77:N79, IF(SUM((_xlpm.x="C1")*1)=1, 3, 1))} -> 1 | AA77: {=_xlfn.LET(_xlpm.x, O77:O79, IF(SUM((_xlpm.x="C1")*1)=1, 3, 1))} -> 1
J78: 74 | K78: A | L78: M1 | M78: M5 | N78: Q | O78: J | Q78: 7 | R78: 2 | S78: 6 | T78: 9 | U78: 10 | W78: {=_xlfn.LET(_xlpm.x, K78:K80, IF(SUM((_xlpm.x="C1")*1)=1, 3, 1))} -> 1 | X78: {=_xlfn.LET(_xlpm.x, L78:L80, IF(SUM((_xlpm.x="C1")*1)=1, 3, 1))} -> 1 | Y78: {=_xlfn.LET(_xlpm.x, M78:M80, IF(SUM((_xlpm.x="C1")*1)=1, 3, 1))} -> 1 | Z78: {=_xlfn.LET(_xlpm.x, N78:N80, IF(SUM((_xlpm.x="C1")*1)=1, 3, 1))} -> 1 | AA78: {=_xlfn.LET(_xlpm.x, O78:O80, IF(SUM((_xlpm.x="C1")*1)=1, 3, 1))} -> 1
J79: 75 | K79: A | L79: J | M79: A | N79: G3 | O79: A | Q79: 7 | R79: 10 | S79: 7 | T79: 13 | U79: 7 | W79: {=_xlfn.LET(_xlpm.x, K79:K81, IF(SUM((_xlpm.x="C1")*1)=1, 3, 1))} -> 1 | X79: {=_xlfn.LET(_xlpm.x, L79:L81, IF(SUM((_xlpm.x="C1")*1)=1, 3, 1))} -> 1 | Y79: {=_xlfn.LET(_xlpm.x, M79:M81, IF(SUM((_xlpm.x="C1")*1)=1, 3, 1))} -> 1 | Z79: {=_xlfn.LET(_xlpm.x, N79:N81, IF(SUM((_xlpm.x="C1")*1)=1, 3, 1))} -> 1 | AA79: {=_xlfn.LET(_xlpm.x, O79:O81, IF(SUM((_xlpm.x="C1")*1)=1, 3, 1))} -> 1
J80: 76 | K80: K | L80: G1 | M80: J | N80: A | O80: M4 | Q80: 8 | R80: 11 | S80: 10 | T80: 7 | U80: 5 | W80: {=_xlfn.LET(_xlpm.x, K80:K82, IF(SUM((_xlpm.x="C1")*1)=1, 3, 1))} -> 1 | X80: {=_xlfn.LET(_xlpm.x, L80:L82, IF(SUM((_xlpm.x="C1")*1)=1, 3, 1))} -> 1 | Y80: {=_xlfn.LET(_xlpm.x, M80:M82, IF(SUM((_xlpm.x="C1")*1)=1, 3, 1))} -> 1 | Z80: {=_xlfn.LET(_xlpm.x, N80:N82, IF(SUM((_xlpm.x="C1")*1)=1, 3, 1))} -> 1 | AA80: {=_xlfn.LET(_xlpm.x, O80:O82, IF(SUM((_xlpm.x="C1")*1)=1, 3, 1))} -> 1
J81: 77 | K81: A | L81: M5 | M81: M4 | N81: K | O81: A | Q81: 7 | R81: 6 | S81: 5 | T81: 8 | U81: 7 | W81: {=_xlfn.LET(_xlpm.x, K81:K83, IF(SUM((_xlpm.x="C1")*1)=1, 3, 1))} -> 1 | X81: {=_xlfn.LET(_xlpm.x, L81:L83, IF(SUM((_xlpm.x="C1")*1)=1, 3, 1))} -> 1 | Y81: {=_xlfn.LET(_xlpm.x, M81:M83, IF(SUM((_xlpm.x="C1")*1)=1, 3, 1))} -> 1 | Z81: {=_xlfn.LET(_xlpm.x, N81:N83, IF(SUM((_xlpm.x="C1")*1)=1, 3, 1))} -> 1 | AA81: {=_xlfn.LET(_xlpm.x, O81:O83, IF(SUM((_xlpm.x="C1")*1)=1, 3, 1))} -> 1
J82: 78 | K82: M4 | L82: G2 | M82: K | N82: M3 | O82: M4 | Q82: 5 | R82: 12 | S82: 8 | T82: 4 | U82: 5 | W82: {=_xlfn.LET(_xlpm.x, K82:K84, IF(SUM((_xlpm.x="C1")*1)=1, 3, 1))} -> 1 | X82: {=_xlfn.LET(_xlpm.x, L82:L84, IF(SUM((_xlpm.x="C1")*1)=1, 3, 1))} -> 1 | Y82: {=_xlfn.LET(_xlpm.x, M82:M84, IF(SUM((_xlpm.x="C1")*1)=1, 3, 1))} -> 1 | Z82: {=_xlfn.LET(_xlpm.x, N82:N84, IF(SUM((_xlpm.x="C1")*1)=1, 3, 1))} -> 3 | AA82: {=_xlfn.LET(_xlpm.x, O82:O84, IF(SUM((_xlpm.x="C1")*1)=1, 3, 1))} -> 1
J83: 79 | K83: M5 | L83: J | M83: M5 | N83: M2 | O83: M1 | Q83: 6 | R83: 10 | S83: 6 | T83: 3 | U83: 2 | W83: {=_xlfn.LET(_xlpm.x, K83:K85, IF(SUM((_xlpm.x="C1")*1)=1, 3, 1))} -> 1 | X83: {=_xlfn.LET(_xlpm.x, L83:L85, IF(SUM((_xlpm.x="C1")*1)=1, 3, 1))} -> 1 | Y83: {=_xlfn.LET(_xlpm.x, M83:M85, IF(SUM((_xlpm.x="C1")*1)=1, 3, 1))} -> 1 | Z83: {=_xlfn.LET(_xlpm.x, N83:N85, IF(SUM((_xlpm.x="C1")*1)=1, 3, 1))} -> 3 | AA83: {=_xlfn.LET(_xlpm.x, O83:O85, IF(SUM((_xlpm.x="C1")*1)=1, 3, 1))} -> 1
J84: 80 | K84: K | L84: J | M84: GK | N84: C1 | O84: J | Q84: 8 | R84: 10 | S84: 17 | T84: 1 | U84: 10 | W84: {=_xlfn.LET(_xlpm.x, K84:K86, IF(SUM((_xlpm.x="C1")*1)=1, 3, 1))} -> 1 | X84: {=_xlfn.LET(_xlpm.x, L84:L86, IF(SUM((_xlpm.x="C1")*1)=1, 3, 1))} -> 1 | Y84: {=_xlfn.LET(_xlpm.x, M84:M86, IF(SUM((_xlpm.x="C1")*1)=1, 3, 1))} -> 1 | Z84: {=_xlfn.LET(_xlpm.x, N84:N86, IF(SUM((_xlpm.x="C1")*1)=1, 3, 1))} -> 3 | AA84: {=_xlfn.LET(_xlpm.x, O84:O86, IF(SUM((_xlpm.x="C1")*1)=1, 3, 1))} -> 1
J85: 81 | K85: A | L85: GA | M85: A | N85: A | O85: K | Q85: 7 | R85: 16 | S85: 7 | T85: 7 | U85: 8 | W85: {=_xlfn.LET(_xlpm.x, K85:K87, IF(SUM((_xlpm.x="C1")*1)=1, 3, 1))} -> 1 | X85: {=_xlfn.LET(_xlpm.x, L85:L87, IF(SUM((_xlpm.x="C1")*1)=1, 3, 1))} -> 1 | Y85: {=_xlfn.LET(_xlpm.x, M85:M87, IF(SUM((_xlpm.x="C1")*1)=1, 3, 1))} -> 1 | Z85: {=_xlfn.LET(_xlpm.x, N85:N87, IF(SUM((_xlpm.x="C1")*1)=1, 3, 1))} -> 1 | AA85: {=_xlfn.LET(_xlpm.x, O85:O87, IF(SUM((_xlpm.x="C1")*1)=1, 3, 1))} -> 1
J86: 82 | K86: M3 | L86: G4 | M86: M3 | N86: A | O86: M1 | Q86: 4 | R86: 14 | S86: 4 | T86: 7 | U86: 2 | W86: {=_xlfn.LET(_xlpm.x, K86:K88, IF(SUM((_xlpm.x="C1")*1)=1, 3, 1))} -> 1 | X86: {=_xlfn.LET(_xlpm.x, L86:L88, IF(SUM((_xlpm.x="C1")*1)=1, 3, 1))} -> 1 | Y86: {=_xlfn.LET(_xlpm.x, M86:M88, IF(SUM((_xlpm.x="C1")*1)=1, 3, 1))} -> 1 | Z86: {=_xlfn.LET(_xlpm.x, N86:N88, IF(SUM((_xlpm.x="C1")*1)=1, 3, 1))} -> 1 | AA86: {=_xlfn.LET(_xlpm.x, O86:O88, IF(SUM((_xlpm.x="C1")*1)=1, 3, 1))} -> 1
... J203: 199 | K203: A | L203: G2 | M203: K | N203: G2 | O203: M3 | Q203: 7 | R203: 12 | S203: 8 | T203: 12 | U203: 4 | W203: {=_xlfn.LET(_xlpm.x, K203:K205, IF(SUM((_xlpm.x="C1")*1)=1, 3, 1))} -> 1 | X203: {=_xlfn.LET(_xlpm.x, L203:L205, IF(SUM((_xlpm.x="C1")*1)=1, 3, 1))} -> 1 | Y203: {=_xlfn.LET(_xlpm.x, M203:M205, IF(SUM((_xlpm.x="C1")*1)=1, 3, 1))} -> 1 | Z203: {=_xlfn.LET(_xlpm.x, N203:N205, IF(SUM((_xlpm.x="C1")*1)=1, 3, 1))} -> 1 | AA203: {=_xlfn.LET(_xlpm.x, O203:O205, IF(SUM((_xlpm.x="C1")*1)=1, 3, 1))} -> 1

Sheet FG_Symbol
J2: Symbol | Q2: Symbol ID | W2: Symbol Weight | AC2: Eliminate Wheel Weight A | AJ2: Eliminate Wheel Weight B
A3: Symbol | B3: Description | C3: R1 | D3: R2 | E3: R3 | F3: R4 | G3: R5 | H3: ID | K3: R1 | L3: R2 | M3: R3 | N3: R4 | O3: R5 | Q3: R1 | R3: R2 | S3: R3 | T3: R4 | U3: R5 | W3: R1 | X3: R2 | Y3: R3 | Z3: R4 | AA3: R5
A4: WW | B4: Wild | C4: =COUNTIF(K:K, $A4) -> 0 | D4: =COUNTIF(L:L, $A4) -> 0 | E4: =COUNTIF(M:M, $A4) -> 0 | F4: =COUNTIF(N:N, $A4) -> 0 | G4: =COUNTIF(O:O, $A4) -> 0 | H4: 0 | J4: 0 | K4: A | L4: M5 | M4: GK | N4: GQ | O4: K | Q4: {=_xlfn.LET(_xlpm.x, K4:O304, IF(_xlpm.x="", "", _xlfn.XLOOKUP(_xlpm.x, $A$4:$A$23, $H$4:$H$23, , 0)))} -> 7 | R4: 6 | S4: 17 | T4: 18 | U4: 8 | W4: {=_xlfn.LET(_xlpm.x, K4:K6, IF(SUM( (_xlpm.x="A")*1, (_xlpm.x="K")*1, (_xlpm.x="GA")*1, (_xlpm.x="GK")*1 )>0, 3, 1))} -> 3 | X4: {=_xlfn.LET(_xlpm.x, L4:L6, IF(SUM( (_xlpm.x="A")*1, (_xlpm.x="K")*1, (_xlpm.x="GA")*1, (_xlpm.x="GK")*1 )>0, 3, 1))} -> 3 | Y4: {=_xlfn.LET(_xlpm.x, M4:M6, IF(SUM( (_xlpm.x="A")*1, (_xlpm.x="K")*1, (_xlpm.x="GA")*1, (_xlpm.x="GK")*1 )>0, 3, 1))} -> 3 | Z4: {=_xlfn.LET(_xlpm.x, N4:N6, IF(SUM( (_xlpm.x="M4")*1, (_xlpm.x="M5")*1, (_xlpm.x="A")*1, (_xlpm.x="K")*1, (_xlpm.x="G4")*1, (_xlpm.x="G5")*1, (_xlpm.x="GA")*1, (_xlpm.x="GK")*1 )>0, 2, 1))} -> 2 | AA4: {=_xlfn.LET(_xlpm.x, O4:O6, IF(SUM( (_xlpm.x="M4")*1, (_xlpm.x="M5")*1, (_xlpm.x="A")*1, (_xlpm.x="K")*1, (_xlpm.x="G4")*1, (_xlpm.x="G5")*1, (_xlpm.x="GA")*1, (_xlpm.x="GK")*1 )>0, 2, 1))} -> 2 | AC4: 1 Combo | AJ4: 1 Combo
A5: C1 | B5: Scatter | C5: =COUNTIF(K:K, $A5) -> 2 | D5: =COUNTIF(L:L, $A5) -> 3 | E5: =COUNTIF(M:M, $A5) -> 0 | F5: =COUNTIF(N:N, $A5) -> 3 | G5: =COUNTIF(O:O, $A5) -> 3 | H5: 1 | J5: 1 | K5: M3 | L5: GJ | M5: G4 | N5: K | O5: A | Q5: 4 | R5: 19 | S5: 14 | T5: 8 | U5: 7 | W5: {=_xlfn.LET(_xlpm.x, K5:K7, IF(SUM( (_xlpm.x="A")*1, (_xlpm.x="K")*1, (_xlpm.x="GA")*1, (_xlpm.x="GK")*1 )>0, 3, 1))} -> 3 | X5: {=_xlfn.LET(_xlpm.x, L5:L7, IF(SUM( (_xlpm.x="A")*1, (_xlpm.x="K")*1, (_xlpm.x="GA")*1, (_xlpm.x="GK")*1 )>0, 3, 1))} -> 3 | Y5: {=_xlfn.LET(_xlpm.x, M5:M7, IF(SUM( (_xlpm.x="A")*1, (_xlpm.x="K")*1, (_xlpm.x="GA")*1, (_xlpm.x="GK")*1 )>0, 3, 1))} -> 3 | Z5: {=_xlfn.LET(_xlpm.x, N5:N7, IF(SUM( (_xlpm.x="M4")*1, (_xlpm.x="M5")*1, (_xlpm.x="A")*1, (_xlpm.x="K")*1, (_xlpm.x="G4")*1, (_xlpm.x="G5")*1, (_xlpm.x="GA")*1, (_xlpm.x="GK")*1 )>0, 2, 1))} -> 2 | AA5: {=_xlfn.LET(_xlpm.x, O5:O7, IF(SUM( (_xlpm.x="M4")*1, (_xlpm.x="M5")*1, (_xlpm.x="A")*1, (_xlpm.x="K")*1, (_xlpm.x="G4")*1, (_xlpm.x="G5")*1, (_xlpm.x="GA")*1, (_xlpm.x="GK")*1 )>0, 2, 1))} -> 2 | AC5: Symbol | AD5: R1 | AE5: R2 | AF5: R3 | AG5: R4 | AH5: R5 | AJ5: Symbol | AK5: R1 | AL5: R2 | AM5: R3 | AN5: R4 | AO5: R5
A6: M1 | B6: M1 | C6: =COUNTIF(K:K, $A6) -> 4 | D6: =COUNTIF(L:L, $A6) -> 6 | E6: =COUNTIF(M:M, $A6) -> 0 | F6: =COUNTIF(N:N, $A6) -> 9 | G6: =COUNTIF(O:O, $A6) -> 20 | H6: 2 | J6: 2 | K6: M5 | L6: GA | M6: GA | N6: J | O6: K | Q6: 6 | R6: 16 | S6: 16 | T6: 10 | U6: 8 | W6: {=_xlfn.LET(_xlpm.x, K6:K8, IF(SUM( (_xlpm.x="A")*1, (_xlpm.x="K")*1, (_xlpm.x="GA")*1, (_xlpm.x="GK")*1 )>0, 3, 1))} -> 3 | X6: {=_xlfn.LET(_xlpm.x, L6:L8, IF(SUM( (_xlpm.x="A")*1, (_xlpm.x="K")*1, (_xlpm.x="GA")*1, (_xlpm.x="GK")*1 )>0, 3, 1))} -> 3 | Y6: {=_xlfn.LET(_xlpm.x, M6:M8, IF(SUM( (_xlpm.x="A")*1, (_xlpm.x="K")*1, (_xlpm.x="GA")*1, (_xlpm.x="GK")*1 )>0, 3, 1))} -> 3 | Z6: {=_xlfn.LET(_xlpm.x, N6:N8, IF(SUM( (_xlpm.x="M4")*1, (_xlpm.x="M5")*1, (_xlpm.x="A")*1, (_xlpm.x="K")*1, (_xlpm.x="G4")*1, (_xlpm.x="G5")*1, (_xlpm.x="GA")*1, (_xlpm.x="GK")*1 )>0, 2, 1))} -> 2 | AA6: {=_xlfn.LET(_xlpm.x, O6:O8, IF(SUM( (_xlpm.x="M4")*1, (_xlpm.x="M5")*1, (_xlpm.x="A")*1, (_xlpm.x="K")*1, (_xlpm.x="G4")*1, (_xlpm.x="G5")*1, (_xlpm.x="GA")*1, (_xlpm.x="GK")*1 )>0, 2, 1))} -> 2 | AC6: WW | AD6: 0 | AE6: 0 | AF6: 0 | AG6: 0 | AH6: 0 | AJ6: WW | AK6: 0 | AL6: 0 | AM6: 0 | AN6: 0 | AO6: 0
A7: M2 | B7: M2 | C7: =COUNTIF(K:K, $A7) -> 4 | D7: =COUNTIF(L:L, $A7) -> 6 | E7: =COUNTIF(M:M, $A7) -> 0 | F7: =COUNTIF(N:N, $A7) -> 10 | G7: =COUNTIF(O:O, $A7) -> 21 | H7: 3 | J7: 3 | K7: A | L7: M5 | M7: GK | N7: M4 | O7: M5 | Q7: 7 | R7: 6 | S7: 17 | T7: 5 | U7: 6 | W7: {=_xlfn.LET(_xlpm.x, K7:K9, IF(SUM( (_xlpm.x="A")*1, (_xlpm.x="K")*1, (_xlpm.x="GA")*1, (_xlpm.x="GK")*1 )>0, 3, 1))} -> 3 | X7: {=_xlfn.LET(_xlpm.x, L7:L9, IF(SUM( (_xlpm.x="A")*1, (_xlpm.x="K")*1, (_xlpm.x="GA")*1, (_xlpm.x="GK")*1 )>0, 3, 1))} -> 3 | Y7: {=_xlfn.LET(_xlpm.x, M7:M9, IF(SUM( (_xlpm.x="A")*1, (_xlpm.x="K")*1, (_xlpm.x="GA")*1, (_xlpm.x="GK")*1 )>0, 3, 1))} -> 3 | Z7: {=_xlfn.LET(_xlpm.x, N7:N9, IF(SUM( (_xlpm.x="M4")*1, (_xlpm.x="M5")*1, (_xlpm.x="A")*1, (_xlpm.x="K")*1, (_xlpm.x="G4")*1, (_xlpm.x="G5")*1, (_xlpm.x="GA")*1, (_xlpm.x="GK")*1 )>0, 2, 1))} -> 2 | AA7: {=_xlfn.LET(_xlpm.x, O7:O9, IF(SUM( (_xlpm.x="M4")*1, (_xlpm.x="M5")*1, (_xlpm.x="A")*1, (_xlpm.x="K")*1, (_xlpm.x="G4")*1, (_xlpm.x="G5")*1, (_xlpm.x="GA")*1, (_xlpm.x="GK")*1 )>0, 2, 1))} -> 2 | AC7: C1 | AD7: 1 | AE7: 1 | AF7: 0 | AG7: 1 | AH7: 1 | AJ7: C1 | AK7: 1 | AL7: 1 | AM7: 0 | AN7: 1 | AO7: 1
A8: M3 | B8: M3 | C8: =COUNTIF(K:K, $A8) -> 4 | D8: =COUNTIF(L:L, $A8) -> 13 | E8: =COUNTIF(M:M, $A8) -> 0 | F8: =COUNTIF(N:N, $A8) -> 14 | G8: =COUNTIF(O:O, $A8) -> 20 | H8: 4 | J8: 4 | K8: Q | L8: M5 | M8: G4 | N8: J | O8: M2 | Q8: 9 | R8: 6 | S8: 14 | T8: 10 | U8: 3 | W8: {=_xlfn.LET(_xlpm.x, K8:K10, IF(SUM( (_xlpm.x="A")*1, (_xlpm.x="K")*1, (_xlpm.x="GA")*1, (_xlpm.x="GK")*1 )>0, 3, 1))} -> 3 | X8: {=_xlfn.LET(_xlpm.x, L8:L10, IF(SUM( (_xlpm.x="A")*1, (_xlpm.x="K")*1, (_xlpm.x="GA")*1, (_xlpm.x="GK")*1 )>0, 3, 1))} -> 3 | Y8: {=_xlfn.LET(_xlpm.x, M8:M10, IF(SUM( (_xlpm.x="A")*1, (_xlpm.x="K")*1, (_xlpm.x="GA")*1, (_xlpm.x="GK")*1 )>0, 3, 1))} -> 3 | Z8: {=_xlfn.LET(_xlpm.x, N8:N10, IF(SUM( (_xlpm.x="M4")*1, (_xlpm.x="M5")*1, (_xlpm.x="A")*1, (_xlpm.x="K")*1, (_xlpm.x="G4")*1, (_xlpm.x="G5")*1, (_xlpm.x="GA")*1, (_xlpm.x="GK")*1 )>0, 2, 1))} -> 1 | AA8: {=_xlfn.LET(_xlpm.x, O8:O10, IF(SUM( (_xlpm.x="M4")*1, (_xlpm.x="M5")*1, (_xlpm.x="A")*1, (_xlpm.x="K")*1, (_xlpm.x="G4")*1, (_xlpm.x="G5")*1, (_xlpm.x="GA")*1, (_xlpm.x="GK")*1 )>0, 2, 1))} -> 1 | AC8: M1 | AD8: 3 | AE8: 10 | AF8: 0 | AG8: 3 | AH8: 9 | AJ8: M1 | AK8: 3 | AL8: 10 | AM8: 0 | AN8: 3 | AO8: 9
A9: M4 | B9: M4 | C9: =COUNTIF(K:K, $A9) -> 38 | D9: =COUNTIF(L:L, $A9) -> 21 | E9: =COUNTIF(M:M, $A9) -> 0 | F9: =COUNTIF(N:N, $A9) -> 23 | G9: =COUNTIF(O:O, $A9) -> 19 | H9: 5 | J9: 5 | K9: M2 | L9: K | M9: G5 | N9: M2 | O9: Q | Q9: 3 | R9: 8 | S9: 15 | T9: 3 | U9: 9 | W9: {=_xlfn.LET(_xlpm.x, K9:K11, IF(SUM( (_xlpm.x="A")*1, (_xlpm.x="K")*1, (_xlpm.x="GA")*1, (_xlpm.x="GK")*1 )>0, 3, 1))} -> 3 | X9: {=_xlfn.LET(_xlpm.x, L9:L11, IF(SUM( (_xlpm.x="A")*1, (_xlpm.x="K")*1, (_xlpm.x="GA")*1, (_xlpm.x="GK")*1 )>0, 3, 1))} -> 3 | Y9: {=_xlfn.LET(_xlpm.x, M9:M11, IF(SUM( (_xlpm.x="A")*1, (_xlpm.x="K")*1, (_xlpm.x="GA")*1, (_xlpm.x="GK")*1 )>0, 3, 1))} -> 3 | Z9: {=_xlfn.LET(_xlpm.x, N9:N11, IF(SUM( (_xlpm.x="M4")*1, (_xlpm.x="M5")*1, (_xlpm.x="A")*1, (_xlpm.x="K")*1, (_xlpm.x="G4")*1, (_xlpm.x="G5")*1, (_xlpm.x="GA")*1, (_xlpm.x="GK")*1 )>0, 2, 1))} -> 1 | AA9: {=_xlfn.LET(_xlpm.x, O9:O11, IF(SUM( (_xlpm.x="M4")*1, (_xlpm.x="M5")*1, (_xlpm.x="A")*1, (_xlpm.x="K")*1, (_xlpm.x="G4")*1, (_xlpm.x="G5")*1, (_xlpm.x="GA")*1, (_xlpm.x="GK")*1 )>0, 2, 1))} -> 1 | AC9: M2 | AD9: 3 | AE9: 12 | AF9: 0 | AG9: 3 | AH9: 8 | AJ9: M2 | AK9: 3 | AL9: 12 | AM9: 0 | AN9: 3 | AO9: 8
A10: M5 | B10: M5 | C10: =COUNTIF(K:K, $A10) -> 42 | D10: =COUNTIF(L:L, $A10) -> 26 | E10: =COUNTIF(M:M, $A10) -> 0 | F10: =COUNTIF(N:N, $A10) -> 19 | G10: =COUNTIF(O:O, $A10) -> 19 | H10: 6 | J10: 6 | K10: A | L10: M1 | M10: GK | N10: G3 | O10: M2 | Q10: 7 | R10: 2 | S10: 17 | T10: 13 | U10: 3 | W10: {=_xlfn.LET(_xlpm.x, K10:K12, IF(SUM( (_xlpm.x="A")*1, (_xlpm.x="K")*1, (_xlpm.x="GA")*1, (_xlpm.x="GK")*1 )>0, 3, 1))} -> 3 | X10: {=_xlfn.LET(_xlpm.x, L10:L12, IF(SUM( (_xlpm.x="A")*1, (_xlpm.x="K")*1, (_xlpm.x="GA")*1, (_xlpm.x="GK")*1 )>0, 3, 1))} -> 3 | Y10: {=_xlfn.LET(_xlpm.x, M10:M12, IF(SUM( (_xlpm.x="A")*1, (_xlpm.x="K")*1, (_xlpm.x="GA")*1, (_xlpm.x="GK")*1 )>0, 3, 1))} -> 3 | Z10: {=_xlfn.LET(_xlpm.x, N10:N12, IF(SUM( (_xlpm.x="M4")*1, (_xlpm.x="M5")*1, (_xlpm.x="A")*1, (_xlpm.x="K")*1, (_xlpm.x="G4")*1, (_xlpm.x="G5")*1, (_xlpm.x="GA")*1, (_xlpm.x="GK")*1 )>0, 2, 1))} -> 2 | AA10: {=_xlfn.LET(_xlpm.x, O10:O12, IF(SUM( (_xlpm.x="M4")*1, (_xlpm.x="M5")*1, (_xlpm.x="A")*1, (_xlpm.x="K")*1, (_xlpm.x="G4")*1, (_xlpm.x="G5")*1, (_xlpm.x="GA")*1, (_xlpm.x="GK")*1 )>0, 2, 1))} -> 2 | AC10: M3 | AD10: 7 | AE10: 13 | AF10: 0 | AG10: 7 | AH10: 14 | AJ10: M3 | AK10: 7 | AL10: 13 | AM10: 0 | AN10: 7 | AO10: 14
